n,seed,sampler_seed,reference_samples,host,timestamp,index,reference_potential,reference_gradient_x,reference_gradient_y,reference_gradient_z
3162,24025,24026,3162,m12-2-9,2026-07-25T08:52:39Z,1,0.065568652461531,-0.08073892141929921,0.017386730594110014,-0.052151273587568506
3162,24025,24026,3162,m12-2-9,2026-07-25T08:52:39Z,2,0.07556176522918757,0.0031396893820293845,-0.0269334623931516,0.07549434542254255
3162,24025,24026,3162,m12-2-9,2026-07-25T08:52:39Z,3,0.07266371756827071,0.04106546991225317,-0.1358244486585386,0.27490814883432185
3162,24025,24026,3162,m12-2-9,2026-07-25T08:52:39Z,4,0.08869915453055317,0.006662730534891389,-0.04032841913880714,0.010677861069273742
3162,24025,24026,3162,m12-2-9,2026-07-25T08:52:39Z,5,0.08475176907352001,0.008697181878777641,0.011957045500874453,-0.05834438856283933
3162,24025,24026,3162,m12-2-9,2026-07-25T08:52:39Z,6,0.07026467476114966,0.09194460727763665,0.010960027207963725,-0.01837995230537734
3162,24025,24026,3162,m12-2-9,2026-07-25T08:52:39Z,7,0.07180328410198313,-0.06073964686969874,0.046322512741137745,-0.002005420210773638
3162,24025,24026,3162,m12-2-9,2026-07-25T08:52:39Z,8,0.07598279164765535,0.008252532762113105,0.05348314844093859,0.08954232822614475
3162,24025,24026,3162,m12-2-9,2026-07-25T08:52:39Z,9,0.07531208727606736,-0.052734164080705526,0.039216522994368314,-0.018020393869489167
3162,24025,24026,3162,m12-2-9,2026-07-25T08:52:39Z,10,0.07700267560104034,-0.026725977026521637,-0.018576428360863574,0.10400581276068474
3162,24025,24026,3162,m12-2-9,2026-07-25T08:52:39Z,11,0.060871576001248665,-0.012064172355988913,-0.06132629620981254,-0.052373132449646004
3162,24025,24026,3162,m12-2-9,2026-07-25T08:52:39Z,12,0.07468017008493807,0.048429068706377566,0.045264149450207264,-0.01091721837475308
3162,24025,24026,3162,m12-2-9,2026-07-25T08:52:39Z,13,0.07663328880716919,-0.005845911643037719,-0.07814097342318366,0.009212340530620738
3162,24025,24026,3162,m12-2-9,2026-07-25T08:52:39Z,14,0.08452648080175953,-0.006474651425570086,0.058541205899123545,-0.020543303279774806
3162,24025,24026,3162,m12-2-9,2026-07-25T08:52:39Z,15,0.06920311659064014,-0.010094468624261409,-0.09129096440044057,0.00559910248738676
3162,24025,24026,3162,m12-2-9,2026-07-25T08:52:39Z,16,0.08904620432429541,0.03179903930100476,-0.014423204912722006,0.00148736156297506
3162,24025,24026,3162,m12-2-9,2026-07-25T08:52:39Z,17,0.06982852023214585,0.04101492968051983,-0.02576475394594976,0.0014141609723096109
3162,24025,24026,3162,m12-2-9,2026-07-25T08:52:39Z,18,0.06384188461502255,-0.0674985561656222,-0.1512209711037347,0.10989865753695535
3162,24025,24026,3162,m12-2-9,2026-07-25T08:52:39Z,19,0.06468333870579007,0.08309698686983122,-0.030575047498712527,-0.03361052661084868
3162,24025,24026,3162,m12-2-9,2026-07-25T08:52:39Z,20,0.0781304860138294,-0.0038038568560170836,0.05671592290836552,0.02213180905875606
3162,24025,24026,3162,m12-2-9,2026-07-25T08:52:39Z,21,0.0764045178226059,-0.020329977349409556,0.04718346498815726,0.030503504012625943
3162,24025,24026,3162,m12-2-9,2026-07-25T08:52:39Z,22,0.07842408527680401,0.06240899036680824,-0.011388536913080815,0.020053486263498472
3162,24025,24026,3162,m12-2-9,2026-07-25T08:52:39Z,23,0.06621387818365151,-0.04843408294842425,0.01393054222938478,0.07133896679346392
3162,24025,24026,3162,m12-2-9,2026-07-25T08:52:39Z,24,0.08539299784631696,0.020787123374334682,-0.0064393966741415195,-0.02716723388189194
3162,24025,24026,3162,m12-2-9,2026-07-25T08:52:39Z,25,0.08850046883807874,0.0001792662711323112,0.03199481895498768,0.013396693609901303
3162,24025,24026,3162,m12-2-9,2026-07-25T08:52:39Z,26,0.09197833863046392,-0.019122295416387377,0.009452214504961958,-0.013594118652191737
3162,24025,24026,3162,m12-2-9,2026-07-25T08:52:39Z,27,0.0639058752278517,-0.06155277135192143,0.06762482225276846,0.016113418008141273
3162,24025,24026,3162,m12-2-9,2026-07-25T08:52:39Z,28,0.09081932339769043,-0.004987772997602885,-0.01967184368759598,-0.016185876454992778
3162,24025,24026,3162,m12-2-9,2026-07-25T08:52:39Z,29,0.09087267801524668,0.014862904854978723,-0.02821513080131352,-0.006716178112003453
3162,24025,24026,3162,m12-2-9,2026-07-25T08:52:39Z,30,0.07015487580733898,-0.018185265116783825,-0.0450161253410572,0.06220203017650573
3162,24025,24026,3162,m12-2-9,2026-07-25T08:52:39Z,31,0.06822502531418237,-0.06284469960087992,0.041970581014732264,0.007767063070791728
3162,24025,24026,3162,m12-2-9,2026-07-25T08:52:39Z,32,0.09015548969753168,0.012425935680420068,-0.012499075296676964,0.0187114772363244
3162,24025,24026,3162,m12-2-9,2026-07-25T08:52:39Z,33,0.06910764663247729,0.02177142463136048,-0.08507643677264404,-0.00022191052040105137
3162,24025,24026,3162,m12-2-9,2026-07-25T08:52:39Z,34,0.06450283747887517,-0.037677442956255774,0.06061645670663489,-0.03090344559279256
3162,24025,24026,3162,m12-2-9,2026-07-25T08:52:39Z,35,0.07228450954892744,0.02555475534164437,0.1011421297187851,0.013447034405186117
3162,24025,24026,3162,m12-2-9,2026-07-25T08:52:39Z,36,0.08379293026504574,-0.03782469404723734,0.018529863479576983,0.02428488828751723
3162,24025,24026,3162,m12-2-9,2026-07-25T08:52:39Z,37,0.07390521817466288,-0.024589915367652083,-0.01291539384732664,-0.09431787092507052
3162,24025,24026,3162,m12-2-9,2026-07-25T08:52:39Z,38,0.06104037192480283,-0.0843994547327301,-0.05809257032624292,3.759191609782551e-5
3162,24025,24026,3162,m12-2-9,2026-07-25T08:52:39Z,39,0.05841589868423294,0.03333284265199818,0.0687090898398222,0.041403168282117125
3162,24025,24026,3162,m12-2-9,2026-07-25T08:52:39Z,40,0.060071473196264095,0.052087926772896725,-0.0314769657278368,0.048566718075655546
3162,24025,24026,3162,m12-2-9,2026-07-25T08:52:39Z,41,0.08670430785470032,-0.020498984621033903,-0.016810840511888935,0.018274418191813777
3162,24025,24026,3162,m12-2-9,2026-07-25T08:52:39Z,42,0.08071434366701573,0.00903528336355338,-0.0006056377724443024,0.07797417467148197
3162,24025,24026,3162,m12-2-9,2026-07-25T08:52:39Z,43,0.08675151103655239,-0.014792523384401115,0.02053521749554557,0.03159927596087202
3162,24025,24026,3162,m12-2-9,2026-07-25T08:52:39Z,44,0.07364360860411491,0.04365191369920087,0.03736531271269144,-0.04715601589372981
3162,24025,24026,3162,m12-2-9,2026-07-25T08:52:39Z,45,0.06896843344794054,-0.02201809870163524,-0.03007100893739122,-0.08371003718629526
3162,24025,24026,3162,m12-2-9,2026-07-25T08:52:39Z,46,0.06162376313479146,-0.035071220204645495,0.0899844382790939,-0.0478822185642362
3162,24025,24026,3162,m12-2-9,2026-07-25T08:52:39Z,47,0.07490190510628301,-0.010137783979910572,-0.08047871171724583,-0.012237333734894865
3162,24025,24026,3162,m12-2-9,2026-07-25T08:52:39Z,48,0.0906801678586701,-0.029523755597339295,0.001654884765390085,0.0068666459629771436
3162,24025,24026,3162,m12-2-9,2026-07-25T08:52:39Z,49,0.07609873878876348,0.022270034182138597,0.05227805731404438,-0.03216937456899443
3162,24025,24026,3162,m12-2-9,2026-07-25T08:52:39Z,50,0.06767886707872874,0.04386776649094864,-0.007707116326617774,0.07697967285289285
3162,24025,24026,3162,m12-2-9,2026-07-25T08:52:39Z,51,0.07868539689005656,-0.014251726616261144,-0.06408162475626454,-0.038067786539903184
3162,24025,24026,3162,m12-2-9,2026-07-25T08:52:39Z,52,0.07226638704241597,0.017914145493416828,0.0896248583520537,-0.0037286534801774037
3162,24025,24026,3162,m12-2-9,2026-07-25T08:52:39Z,53,0.06643387962126145,0.08371913992036478,-0.04009824420263706,-0.022527731722913738
3162,24025,24026,3162,m12-2-9,2026-07-25T08:52:39Z,54,0.08012365043758402,0.0057629151633113475,0.054853992841549556,0.02118322832624885
3162,24025,24026,3162,m12-2-9,2026-07-25T08:52:39Z,55,0.08734626882811351,-0.02838362289944013,-0.022121257615207127,0.0031846477046048134
3162,24025,24026,3162,m12-2-9,2026-07-25T08:52:39Z,56,0.06841815140084938,0.07777682427755966,0.009524638614624215,0.0053225427395741706
3162,24025,24026,3162,m12-2-9,2026-07-25T08:52:39Z,57,0.060453419454117495,0.025142469499478064,0.08112657454997793,0.012979946942432985
3162,24025,24026,3162,m12-2-9,2026-07-25T08:52:39Z,58,0.08651311662577792,0.005186026866151691,-0.008913890354027555,-0.06371575687341355
3162,24025,24026,3162,m12-2-9,2026-07-25T08:52:39Z,59,0.07689181469179382,-0.017351879206851724,0.057734667961244976,0.0020123541822652294
3162,24025,24026,3162,m12-2-9,2026-07-25T08:52:39Z,60,0.06834990590723712,0.08335094351940943,-0.02292481354711091,0.025006645172206292
3162,24025,24026,3162,m12-2-9,2026-07-25T08:52:39Z,61,0.06909035052009008,0.08419478892437719,-0.024991512007075257,0.0031387624455453205
3162,24025,24026,3162,m12-2-9,2026-07-25T08:52:39Z,62,0.06027803275648868,-0.0751058689350901,-0.006711628134394221,0.05332150266517969
3162,24025,24026,3162,m12-2-9,2026-07-25T08:52:39Z,63,0.06019959472086006,-0.04290523954095402,-0.04624263797204525,-0.0070848355729701135
3162,24025,24026,3162,m12-2-9,2026-07-25T08:52:39Z,64,0.07701786984415754,0.06907474330359324,0.05688836591661158,-0.0035157925835529254
3162,24025,24026,3162,m12-2-9,2026-07-25T08:52:39Z,65,0.07339116757109808,-0.018185424214427235,-0.004933406161997127,-0.09359031551068818
3162,24025,24026,3162,m12-2-9,2026-07-25T08:52:39Z,66,0.06318155336194556,0.09449044869323477,-0.023424313112185905,-0.03753344717030658
3162,24025,24026,3162,m12-2-9,2026-07-25T08:52:39Z,67,0.08723747486249893,0.050878888829240895,0.053894911433394185,-0.00228601615846194
3162,24025,24026,3162,m12-2-9,2026-07-25T08:52:39Z,68,0.07523488122838505,0.07147647912706422,-0.02586658314729372,0.009699098268592674
3162,24025,24026,3162,m12-2-9,2026-07-25T08:52:39Z,69,0.08549365723562036,0.052901655508942436,-0.0060920796982325285,0.013638273811392371
3162,24025,24026,3162,m12-2-9,2026-07-25T08:52:39Z,70,0.08911934416406572,0.0010638453121814384,0.037639772443094216,-0.004505485129100499
3162,24025,24026,3162,m12-2-9,2026-07-25T08:52:39Z,71,0.060889259154033086,-0.05918033702473057,-0.004393375684852304,0.0698832594688543
3162,24025,24026,3162,m12-2-9,2026-07-25T08:52:39Z,72,0.07622168490624874,-0.021843144185673655,0.05278923172429269,-0.01747257366019698
3162,24025,24026,3162,m12-2-9,2026-07-25T08:52:39Z,73,0.06585764173763838,0.0614092817247076,-0.21256565667436111,-0.09616387508320509
3162,24025,24026,3162,m12-2-9,2026-07-25T08:52:39Z,74,0.062472725821855306,-0.06923283159319925,0.016959681682293528,-0.06524780755214284
3162,24025,24026,3162,m12-2-9,2026-07-25T08:52:39Z,75,0.07673194061175394,-0.03415364549181025,0.039531425321713554,0.03059508272252319
3162,24025,24026,3162,m12-2-9,2026-07-25T08:52:39Z,76,0.08945136305524193,-2.5667692242322544,-1.6107275404088741,-0.5851131191454972
3162,24025,24026,3162,m12-2-9,2026-07-25T08:52:39Z,77,0.07697108180613177,-0.029613950130657932,0.07204451663843965,0.013683478924387715
3162,24025,24026,3162,m12-2-9,2026-07-25T08:52:39Z,78,0.077797293415167,0.17213553270114113,-0.1283871916285851,0.05476571420623227
3162,24025,24026,3162,m12-2-9,2026-07-25T08:52:39Z,79,0.09079960217909373,0.013536574284929142,-0.022265648396027946,0.0021794290498681557
3162,24025,24026,3162,m12-2-9,2026-07-25T08:52:39Z,80,0.06186744857418915,0.03827293796170701,-0.042983395051300444,-0.042362898367658455
3162,24025,24026,3162,m12-2-9,2026-07-25T08:52:39Z,81,0.06900567550741478,-0.07560674043652464,0.02502392596491906,0.00973761210321698
3162,24025,24026,3162,m12-2-9,2026-07-25T08:52:39Z,82,0.0616021224121587,0.05882051630135852,-0.04672913282121709,-0.013727337952928872
3162,24025,24026,3162,m12-2-9,2026-07-25T08:52:39Z,83,0.07371546858506249,0.005104310520704528,0.014011091114535195,0.08294975850811877
3162,24025,24026,3162,m12-2-9,2026-07-25T08:52:39Z,84,0.06789284972404731,-0.04295602326753384,-0.031340565954047814,-0.056047061080519
3162,24025,24026,3162,m12-2-9,2026-07-25T08:52:39Z,85,0.08986583905207088,-0.03892919382517209,0.013022453977838343,0.009415393139989835
3162,24025,24026,3162,m12-2-9,2026-07-25T08:52:39Z,86,0.06983900557609138,0.0039030621597911145,-0.04858602991674558,-0.00019527173277239003
3162,24025,24026,3162,m12-2-9,2026-07-25T08:52:39Z,87,0.0887397169914261,-0.004198852301062541,-0.00946504298724305,0.034662448415140275
3162,24025,24026,3162,m12-2-9,2026-07-25T08:52:39Z,88,0.06223625174641936,-0.052017652910241255,-0.035845914015852146,-0.05458205802124973
3162,24025,24026,3162,m12-2-9,2026-07-25T08:52:39Z,89,0.07362885508194242,-0.008091451827026138,-0.01715802941629604,0.08760199456745676
3162,24025,24026,3162,m12-2-9,2026-07-25T08:52:39Z,90,0.08464202551417396,0.024740585724434334,0.0013498396046421057,0.03701413237226811
3162,24025,24026,3162,m12-2-9,2026-07-25T08:52:39Z,91,0.0702100128330953,0.007928648585848715,-0.012896849299882083,0.08684935792263984
3162,24025,24026,3162,m12-2-9,2026-07-25T08:52:39Z,92,0.06882979001097679,0.0300799614521472,0.0930207701688513,0.0015880584158089429
3162,24025,24026,3162,m12-2-9,2026-07-25T08:52:39Z,93,0.06105735515846646,0.04548735305313211,0.06419641365703754,-0.013601913454901901
3162,24025,24026,3162,m12-2-9,2026-07-25T08:52:39Z,94,0.08680466674942514,-0.03055173283146059,-0.017127590963389273,0.0036157983451988065
3162,24025,24026,3162,m12-2-9,2026-07-25T08:52:39Z,95,0.07597275452201262,0.01057444530337499,-0.06414720687386112,-0.007050733835155287
3162,24025,24026,3162,m12-2-9,2026-07-25T08:52:39Z,96,0.08614765583718251,0.038386452256195726,0.017699190210151934,-0.01686528506519101
3162,24025,24026,3162,m12-2-9,2026-07-25T08:52:39Z,97,0.06949597486853881,0.055568108229295296,-0.020373901605603626,0.04608438898381267
3162,24025,24026,3162,m12-2-9,2026-07-25T08:52:39Z,98,0.07996394883974502,-0.06267609250297104,-0.026224048224524437,0.02588000531028074
3162,24025,24026,3162,m12-2-9,2026-07-25T08:52:39Z,99,0.08416678393396952,-0.05039991479759882,0.04199510831171699,0.01546287166455454
3162,24025,24026,3162,m12-2-9,2026-07-25T08:52:39Z,100,0.0689831528207926,0.027368223405461405,0.079858490588068,-0.015359329662740473
3162,24025,24026,3162,m12-2-9,2026-07-25T08:52:39Z,101,0.05824168291152795,-0.05934663700366207,0.00961146294367935,0.05573564691752142
3162,24025,24026,3162,m12-2-9,2026-07-25T08:52:39Z,102,0.07960072513175087,-0.07600929353423805,-0.3182650263626331,0.007780053329467774
3162,24025,24026,3162,m12-2-9,2026-07-25T08:52:39Z,103,0.07417248668622135,0.006555315815083241,0.10202980591756276,0.015582075096352944
3162,24025,24026,3162,m12-2-9,2026-07-25T08:52:39Z,104,0.07557272436113861,-0.054675902470469356,-0.02210399455225035,-0.046489635896137464
3162,24025,24026,3162,m12-2-9,2026-07-25T08:52:39Z,105,0.07671316310421596,0.05911184480304632,-0.015849843892414072,-0.043821954319033476
3162,24025,24026,3162,m12-2-9,2026-07-25T08:52:39Z,106,0.0855889540621036,0.07151647455378313,0.06979717994085806,0.010187800583312482
3162,24025,24026,3162,m12-2-9,2026-07-25T08:52:39Z,107,0.0730732825268363,-0.026502874759572574,0.06312084362368597,0.005348638460489581
3162,24025,24026,3162,m12-2-9,2026-07-25T08:52:39Z,108,0.08936843109331992,0.01589903833303802,-0.022876950009288216,-0.02284084688490543
3162,24025,24026,3162,m12-2-9,2026-07-25T08:52:39Z,109,0.08570479907395641,-0.032725345849258035,0.0212033381401001,-0.029991687057097358
3162,24025,24026,3162,m12-2-9,2026-07-25T08:52:39Z,110,0.08452173809034554,-0.008228509887256538,-0.014552650222848991,-0.05374626384341308
3162,24025,24026,3162,m12-2-9,2026-07-25T08:52:39Z,111,0.06613942522110342,0.02581173737754827,0.03847239905165232,0.04915123321100204
3162,24025,24026,3162,m12-2-9,2026-07-25T08:52:39Z,112,0.07653065581224432,-0.019302235545700916,-0.04663659284812331,0.06591393018282762
3162,24025,24026,3162,m12-2-9,2026-07-25T08:52:39Z,113,0.0755978678781011,0.011330252079543697,-0.05180280390591573,0.032866238066234316
3162,24025,24026,3162,m12-2-9,2026-07-25T08:52:39Z,114,0.06852185043798552,-0.05683221364142238,0.03690275050341469,-0.015142524402158354
3162,24025,24026,3162,m12-2-9,2026-07-25T08:52:39Z,115,0.07028995352801769,0.0007285377447878985,-0.02134539284848817,0.08301682295145606
3162,24025,24026,3162,m12-2-9,2026-07-25T08:52:39Z,116,0.07467184828685622,-0.05145056423126055,0.04339364819375375,-0.022366189162808223
3162,24025,24026,3162,m12-2-9,2026-07-25T08:52:39Z,117,0.05582413221515947,0.05782492796091175,-0.0247360546431397,0.05533222117156769
3162,24025,24026,3162,m12-2-9,2026-07-25T08:52:39Z,118,0.07093779017824801,0.038072936937305346,0.07324596321445587,-0.0067841442316463885
3162,24025,24026,3162,m12-2-9,2026-07-25T08:52:39Z,119,0.05758936330001655,0.06666003914352599,0.04689109610522923,0.029599555874939853
3162,24025,24026,3162,m12-2-9,2026-07-25T08:52:39Z,120,0.06461948940217838,0.01068581845026456,0.057165847390057666,0.03764630258634502
3162,24025,24026,3162,m12-2-9,2026-07-25T08:52:39Z,121,0.08501078278504268,0.015077179952788277,0.08785418802967612,0.12099778434004943
3162,24025,24026,3162,m12-2-9,2026-07-25T08:52:39Z,122,0.07892747660211362,0.023768891988823482,0.008099904256749115,-0.06632496462438005
3162,24025,24026,3162,m12-2-9,2026-07-25T08:52:39Z,123,0.07124695379732197,0.020793286242644298,-0.10215668598756171,0.0018220384995254108
3162,24025,24026,3162,m12-2-9,2026-07-25T08:52:39Z,124,0.06069990103203604,0.041230391822929445,-0.09547168109816594,-0.04344270646374218
3162,24025,24026,3162,m12-2-9,2026-07-25T08:52:39Z,125,0.06276957295772262,0.04049133722735116,0.04648253747416379,0.03969533121820735
3162,24025,24026,3162,m12-2-9,2026-07-25T08:52:39Z,126,0.07794237735127094,-0.015713618030961937,-0.0596032048510227,-0.0032193014838226273
3162,24025,24026,3162,m12-2-9,2026-07-25T08:52:39Z,127,0.08599460774664329,-0.03495459088772748,-0.029215258439955254,-0.004462863269897899
3162,24025,24026,3162,m12-2-9,2026-07-25T08:52:39Z,128,0.07139474686119472,0.02958034086160763,0.014989255570192227,-0.06398154052668532
3162,24025,24026,3162,m12-2-9,2026-07-25T08:52:39Z,129,0.08752982892407413,0.24867802580457063,-0.054109903512187835,-0.05717331674757624
3162,24025,24026,3162,m12-2-9,2026-07-25T08:52:39Z,130,0.06530678656839184,-0.0059716635632616,-0.07746963688224383,-0.031433077455183436
3162,24025,24026,3162,m12-2-9,2026-07-25T08:52:39Z,131,0.0666578805232162,-0.048267284691595566,-0.03837479448021396,-0.055374022451419036
3162,24025,24026,3162,m12-2-9,2026-07-25T08:52:39Z,132,0.07098146201634073,0.06494157427992592,0.06137566974198675,-0.05453032864206445
3162,24025,24026,3162,m12-2-9,2026-07-25T08:52:39Z,133,0.08045551747839136,0.03771300963959655,0.08320812066625365,-0.019692270995997595
3162,24025,24026,3162,m12-2-9,2026-07-25T08:52:39Z,134,0.0799957061468034,-0.004402289875067156,-0.030918444936474936,0.04729649565457044
3162,24025,24026,3162,m12-2-9,2026-07-25T08:52:39Z,135,0.08751866426718194,-0.013202181722000625,0.008596177445349906,0.03266882561518168
3162,24025,24026,3162,m12-2-9,2026-07-25T08:52:39Z,136,0.09014503424290207,-0.000888583377796084,0.053602709483221475,-0.021210672057950956
3162,24025,24026,3162,m12-2-9,2026-07-25T08:52:39Z,137,0.0684545770730393,0.018263036148879436,0.08943885097087909,0.030235855376637
3162,24025,24026,3162,m12-2-9,2026-07-25T08:52:39Z,138,0.0739370379849521,0.005105406363556838,0.06530095096545975,-0.006632974020898958
3162,24025,24026,3162,m12-2-9,2026-07-25T08:52:39Z,139,0.08252463839602281,0.049294652959115115,0.06993150196510492,0.0615687735827193
3162,24025,24026,3162,m12-2-9,2026-07-25T08:52:39Z,140,0.07485112272294069,0.0595857525830861,-0.007418268255211491,-0.038773378254914545
3162,24025,24026,3162,m12-2-9,2026-07-25T08:52:39Z,141,0.05626583467132864,0.011444489740725977,-0.05537461997925829,0.050541009507764814
3162,24025,24026,3162,m12-2-9,2026-07-25T08:52:39Z,142,0.081963084184028,-0.016320581292070643,-0.047161537112688716,-0.031037342356557703
3162,24025,24026,3162,m12-2-9,2026-07-25T08:52:39Z,143,0.0733395318026476,0.004528624587399929,-0.060138269058168346,0.009364000783259748
3162,24025,24026,3162,m12-2-9,2026-07-25T08:52:39Z,144,0.06798122545660558,-0.08009125118023085,-0.03148244400826554,-0.014333957756664911
3162,24025,24026,3162,m12-2-9,2026-07-25T08:52:39Z,145,0.09218068537998583,0.0026318657635377896,-0.01961074806291969,-0.0063770656554144965
3162,24025,24026,3162,m12-2-9,2026-07-25T08:52:39Z,146,0.06302075525301347,0.06851391747652671,0.024133052158108067,-0.07731993066465043
3162,24025,24026,3162,m12-2-9,2026-07-25T08:52:39Z,147,0.09205584263758654,0.04547937160418657,-0.01864965146667438,-0.06266052229197264
3162,24025,24026,3162,m12-2-9,2026-07-25T08:52:39Z,148,0.07929821454306196,-0.045791513626621747,0.04490898887741182,0.013448510894189558
3162,24025,24026,3162,m12-2-9,2026-07-25T08:52:39Z,149,0.06802374930897623,0.015963960068567554,0.048873517254671824,-0.015735757446346067
3162,24025,24026,3162,m12-2-9,2026-07-25T08:52:39Z,150,0.0666178629382397,-0.08256698137171563,0.02496894189655759,-0.027187846697199796
3162,24025,24026,3162,m12-2-9,2026-07-25T08:52:39Z,151,0.07744960327877451,-0.06775004353319641,0.01296079865664491,0.02003831339419438
3162,24025,24026,3162,m12-2-9,2026-07-25T08:52:39Z,152,0.06825303858914755,-0.05309033935774355,0.022985058347653527,0.07383965445828425
3162,24025,24026,3162,m12-2-9,2026-07-25T08:52:39Z,153,0.08173467579022331,0.03878163512849737,-0.017252917993298953,0.04907407150989681
3162,24025,24026,3162,m12-2-9,2026-07-25T08:52:39Z,154,0.07106792344308391,-0.026688229244266434,0.02364905800042159,0.07660837616667363
3162,24025,24026,3162,m12-2-9,2026-07-25T08:52:39Z,155,0.08169639645453726,-0.022147116388282487,-0.05725025270319077,0.0017606893991153447
3162,24025,24026,3162,m12-2-9,2026-07-25T08:52:39Z,156,0.06569205218541763,-0.04778425993590685,0.0568137208926602,-0.02033517566394234
3162,24025,24026,3162,m12-2-9,2026-07-25T08:52:39Z,157,0.07344293929693395,0.010801567139483225,0.053921150824199224,0.07223010442216478
3162,24025,24026,3162,m12-2-9,2026-07-25T08:52:39Z,158,0.08533492431419705,-0.02038500436772015,0.049123297737202004,-0.006630689322265583
3162,24025,24026,3162,m12-2-9,2026-07-25T08:52:39Z,159,0.07550917300779912,0.01874930381279875,0.07334766622908892,-0.004910880023849186
3162,24025,24026,3162,m12-2-9,2026-07-25T08:52:39Z,160,0.08391875799409096,-0.020321208179026357,0.062106406026587714,-0.012805113352588222
3162,24025,24026,3162,m12-2-9,2026-07-25T08:52:39Z,161,0.08711080492008322,0.019406478537379607,-0.040674797514943004,0.009785971033890698
3162,24025,24026,3162,m12-2-9,2026-07-25T08:52:39Z,162,0.08766189846335426,0.013445680382101496,-0.03584711780058057,-0.03835541354208442
3162,24025,24026,3162,m12-2-9,2026-07-25T08:52:39Z,163,0.08855275250647272,-0.034047024702703314,0.015907156532152453,0.0106013224227916
3162,24025,24026,3162,m12-2-9,2026-07-25T08:52:39Z,164,0.0724345340646866,-0.07323154388565416,0.015700145796948988,0.019557548082129027
3162,24025,24026,3162,m12-2-9,2026-07-25T08:52:39Z,165,0.06484286459640061,-0.10860115618201022,0.05230794045616912,-0.12350580544172464
3162,24025,24026,3162,m12-2-9,2026-07-25T08:52:39Z,166,0.07298303495011055,-0.004634556989158732,0.07280281718725472,0.07316392106766903
3162,24025,24026,3162,m12-2-9,2026-07-25T08:52:39Z,167,0.06388206503210274,0.01389938230897223,0.09620623844019192,0.056252702642910865
3162,24025,24026,3162,m12-2-9,2026-07-25T08:52:39Z,168,0.07854915504121388,0.05744491073730592,0.023728042145231436,-0.021853297335800107
3162,24025,24026,3162,m12-2-9,2026-07-25T08:52:39Z,169,0.09100185905622317,0.008440943820695684,0.005034803957231275,-0.017023532947653994
3162,24025,24026,3162,m12-2-9,2026-07-25T08:52:39Z,170,0.07016890262660785,-0.005521266848015051,0.08987737885703351,0.01746144023054597
3162,24025,24026,3162,m12-2-9,2026-07-25T08:52:39Z,171,0.0705969653770263,0.050002645048998234,0.012638520118050127,0.06851762877309454
3162,24025,24026,3162,m12-2-9,2026-07-25T08:52:39Z,172,0.0719178478441456,-0.02012562114182775,-0.06401106350789985,0.03801610351417768
3162,24025,24026,3162,m12-2-9,2026-07-25T08:52:39Z,173,0.08524181365815457,0.03918366022101859,-0.016990299253377802,-0.0370265425261452
3162,24025,24026,3162,m12-2-9,2026-07-25T08:52:39Z,174,0.06202597199370967,0.03809776410768531,0.05049524148210447,-0.017409001092653368
3162,24025,24026,3162,m12-2-9,2026-07-25T08:52:39Z,175,0.0731603308337639,-0.08402824291441234,0.026241118049574005,-0.028090093857393788
3162,24025,24026,3162,m12-2-9,2026-07-25T08:52:39Z,176,0.06842666403074237,0.05757046823665909,-0.042115530572028076,0.0064083976341775045
3162,24025,24026,3162,m12-2-9,2026-07-25T08:52:39Z,177,0.06164837638055728,0.10614036079887348,-0.05378709621330389,0.022419783537909466
3162,24025,24026,3162,m12-2-9,2026-07-25T08:52:39Z,178,0.08736048674998202,-0.012965398979342567,0.042372169918204625,-0.039392129988496824
3162,24025,24026,3162,m12-2-9,2026-07-25T08:52:39Z,179,0.07207549874029925,-0.02337291472507077,-0.07266520169918732,-0.018679438957283637
3162,24025,24026,3162,m12-2-9,2026-07-25T08:52:39Z,180,0.0679928825370669,0.0687569743192567,-0.040326028209200684,-0.005314604845632675
3162,24025,24026,3162,m12-2-9,2026-07-25T08:52:39Z,181,0.06957183980870808,0.056938606743748774,0.008910637026064074,0.05281501421891566
3162,24025,24026,3162,m12-2-9,2026-07-25T08:52:39Z,182,0.07624796319959636,-0.03601458354343524,0.04475698577417024,-0.012524345280678455
3162,24025,24026,3162,m12-2-9,2026-07-25T08:52:39Z,183,0.07340254687522586,-0.0025543980759021633,-0.07814489764671849,-0.02467944364763848
3162,24025,24026,3162,m12-2-9,2026-07-25T08:52:39Z,184,0.05544914760212045,0.036031849324663356,-0.03879532820172843,0.08033548784460252
3162,24025,24026,3162,m12-2-9,2026-07-25T08:52:39Z,185,0.06718394576741964,0.05246029667772011,0.026794120454469775,-0.06693970780446432
3162,24025,24026,3162,m12-2-9,2026-07-25T08:52:39Z,186,0.08121276581124225,-0.004889552534544539,0.029610812753604093,-0.050179720565026516
3162,24025,24026,3162,m12-2-9,2026-07-25T08:52:39Z,187,0.07762649455026639,-0.02241336559629823,-0.05136901123819765,0.030420451317605176
3162,24025,24026,3162,m12-2-9,2026-07-25T08:52:39Z,188,0.059768369841282185,0.05883595104485315,-0.04208519616652076,0.03840855085989238
3162,24025,24026,3162,m12-2-9,2026-07-25T08:52:39Z,189,0.06552568049874644,-0.035502529331483075,0.021175483936135026,0.08585276359759274
3162,24025,24026,3162,m12-2-9,2026-07-25T08:52:39Z,190,0.08442489092592811,0.014168567978560453,-0.030376786463663506,-0.0002490369979212118
3162,24025,24026,3162,m12-2-9,2026-07-25T08:52:39Z,191,0.06262723173457166,-0.009557219025718247,0.07821011117326612,-0.04687227478089775
3162,24025,24026,3162,m12-2-9,2026-07-25T08:52:39Z,192,0.07910648086990188,-0.013316572270108714,0.05614412500282272,-0.06736771550216603
3162,24025,24026,3162,m12-2-9,2026-07-25T08:52:39Z,193,0.08506690241100265,0.03001248137907816,0.027343331453138785,-0.032010435865878414
3162,24025,24026,3162,m12-2-9,2026-07-25T08:52:39Z,194,0.08419867573793682,-0.05177801304580441,-0.020972479913054298,-0.0032957789033807422
3162,24025,24026,3162,m12-2-9,2026-07-25T08:52:39Z,195,0.0645834878054104,-0.0021648901470859485,0.07119324068254643,-0.05672537225608781
3162,24025,24026,3162,m12-2-9,2026-07-25T08:52:39Z,196,0.07999781099539913,0.0016513343926561478,0.05946545145254381,0.006626267923852948
3162,24025,24026,3162,m12-2-9,2026-07-25T08:52:39Z,197,0.05650194720446395,0.06922179397300521,-0.0483376070426692,-0.01023870119063607
3162,24025,24026,3162,m12-2-9,2026-07-25T08:52:39Z,198,0.07876989630299634,0.07634527928294121,0.00959602551455076,0.005492192048669047
3162,24025,24026,3162,m12-2-9,2026-07-25T08:52:39Z,199,0.07409629768874977,0.02380322332071835,0.04575227239771542,0.05937111191254328
3162,24025,24026,3162,m12-2-9,2026-07-25T08:52:39Z,200,0.07539324474030601,-0.011612609949800528,0.07120727215074782,-0.024120285782144736
3162,24025,24026,3162,m12-2-9,2026-07-25T08:52:39Z,201,0.06903953772537831,-0.07279524972166984,0.042183656102170924,0.014329062036858459
3162,24025,24026,3162,m12-2-9,2026-07-25T08:52:39Z,202,0.08145931023711175,-0.030542983744672403,0.0024911996176837097,-0.03858869661133277
3162,24025,24026,3162,m12-2-9,2026-07-25T08:52:39Z,203,0.07254900514823225,0.08399468067499224,-0.0346686508505453,-0.014915039687067045
3162,24025,24026,3162,m12-2-9,2026-07-25T08:52:39Z,204,0.06766151797009118,0.030380173193255436,0.10926644958223675,0.03535121056638218
3162,24025,24026,3162,m12-2-9,2026-07-25T08:52:39Z,205,0.0861848044103796,0.0540264260504276,-0.018167419441233727,0.006992085417949171
3162,24025,24026,3162,m12-2-9,2026-07-25T08:52:39Z,206,0.08492153215320576,-0.026641959799140094,0.022477258358335885,-0.036533285744550933
3162,24025,24026,3162,m12-2-9,2026-07-25T08:52:39Z,207,0.06529452595321002,-0.026305345318017873,0.035306940442730105,-0.07493455451595941
3162,24025,24026,3162,m12-2-9,2026-07-25T08:52:39Z,208,0.08249942789450461,-0.02492428759344359,-0.07043801986867176,-0.037726452407485074
3162,24025,24026,3162,m12-2-9,2026-07-25T08:52:39Z,209,0.07576303953908714,0.029149653156800685,0.0076988142332591915,-0.07114972735532661
3162,24025,24026,3162,m12-2-9,2026-07-25T08:52:39Z,210,0.08515469054540534,-0.01732207793566586,0.0628548643844107,-0.023133471472933362
3162,24025,24026,3162,m12-2-9,2026-07-25T08:52:39Z,211,0.06986672954718968,0.04717127681820477,0.03877392049597324,-0.014135436628249953
3162,24025,24026,3162,m12-2-9,2026-07-25T08:52:39Z,212,0.08328704791821863,-0.056023942522761515,-0.0019193445183952051,-0.02172109202477176
3162,24025,24026,3162,m12-2-9,2026-07-25T08:52:39Z,213,0.06898090614426022,0.018559533490242856,-0.07923366208514064,0.00851801608226492
3162,24025,24026,3162,m12-2-9,2026-07-25T08:52:39Z,214,0.08057318021757805,-0.040732149306831535,0.026253853048801377,0.0758114840850339
3162,24025,24026,3162,m12-2-9,2026-07-25T08:52:39Z,215,0.08497797167998535,0.020766756467548435,-0.027230082466416575,-0.0018580838131302226
3162,24025,24026,3162,m12-2-9,2026-07-25T08:52:39Z,216,0.08106270840138195,0.06567670815374725,0.01416460905161812,0.017585424099761025
3162,24025,24026,3162,m12-2-9,2026-07-25T08:52:39Z,217,0.08397796377513665,0.01965446444819815,-0.003347423113890293,-0.06598761180079893
3162,24025,24026,3162,m12-2-9,2026-07-25T08:52:39Z,218,0.07124554800476382,-0.05556169054386191,0.014547784143050834,-0.09422841719375898
3162,24025,24026,3162,m12-2-9,2026-07-25T08:52:39Z,219,0.08862729487256787,-0.165528552374827,-0.011685872396842968,0.2350049928744865
3162,24025,24026,3162,m12-2-9,2026-07-25T08:52:39Z,220,0.06929108861405082,0.006937880369901473,-0.09406091350831919,0.01346189483223356
3162,24025,24026,3162,m12-2-9,2026-07-25T08:52:39Z,221,0.07434455884491088,-0.00044738123881347887,0.07680306363829098,0.026902181596358054
3162,24025,24026,3162,m12-2-9,2026-07-25T08:52:39Z,222,0.07897052208836394,-0.035726010659407496,-0.09208589024124988,-0.020406438951657505
3162,24025,24026,3162,m12-2-9,2026-07-25T08:52:39Z,223,0.07402034483752273,-0.029471907821896893,-0.0591817214183826,-0.03553407982942403
3162,24025,24026,3162,m12-2-9,2026-07-25T08:52:39Z,224,0.06363092883321021,-0.01411005099499015,-0.07472268846846866,-0.03510727930139032
3162,24025,24026,3162,m12-2-9,2026-07-25T08:52:39Z,225,0.07212919693256306,-0.041767668796707395,0.002848691405076185,0.0808529672667666
3162,24025,24026,3162,m12-2-9,2026-07-25T08:52:39Z,226,0.07666428943750897,-0.020690999060080397,0.049600573470864114,0.04603489758789727
3162,24025,24026,3162,m12-2-9,2026-07-25T08:52:39Z,227,0.08086550539042775,-0.009213288359831616,-0.025651880638837894,-0.05747029512190734
3162,24025,24026,3162,m12-2-9,2026-07-25T08:52:39Z,228,0.07111518111510105,0.08096386408030963,0.0020972962964241064,0.026560486464512145
3162,24025,24026,3162,m12-2-9,2026-07-25T08:52:39Z,229,0.05890422734254596,0.0396024554856425,-0.05144653978959242,0.03499419177893472
3162,24025,24026,3162,m12-2-9,2026-07-25T08:52:39Z,230,0.07532349924776181,-0.04416130004616359,-0.016897284617664807,0.09046157252015173
3162,24025,24026,3162,m12-2-9,2026-07-25T08:52:39Z,231,0.07387807301888331,0.0632155328112358,-0.037133554099522056,-0.011595358898582741
3162,24025,24026,3162,m12-2-9,2026-07-25T08:52:39Z,232,0.06599346855302007,0.08588575868044382,-0.03556373973999354,0.019613521065668472
3162,24025,24026,3162,m12-2-9,2026-07-25T08:52:39Z,233,0.08542197145425792,-0.03223612634643816,0.0234054605982427,0.0037984088065870147
3162,24025,24026,3162,m12-2-9,2026-07-25T08:52:39Z,234,0.08206392558699556,0.040011620623916375,0.04627347557060877,0.05063450655062532
3162,24025,24026,3162,m12-2-9,2026-07-25T08:52:39Z,235,0.09060816899060009,-0.02055559853303912,0.016033227675575454,-0.027658494101748227
3162,24025,24026,3162,m12-2-9,2026-07-25T08:52:39Z,236,0.08590137525413147,0.04013740914206847,0.004076290802199579,-0.03373727881262018
3162,24025,24026,3162,m12-2-9,2026-07-25T08:52:39Z,237,0.07388443985692539,-0.004355515398155796,0.08296545419733291,-0.02502339951854825
3162,24025,24026,3162,m12-2-9,2026-07-25T08:52:39Z,238,0.07899392292601914,0.016616477176169587,-0.06037775897409786,0.02158037735897669
3162,24025,24026,3162,m12-2-9,2026-07-25T08:52:39Z,239,0.08490615360006534,-0.021121287470200097,0.049284387181866944,0.003891688693952389
3162,24025,24026,3162,m12-2-9,2026-07-25T08:52:39Z,240,0.0771460983987476,-0.07202411601107954,0.038311098161599624,0.005030890110663481
3162,24025,24026,3162,m12-2-9,2026-07-25T08:52:39Z,241,0.06719863675627354,-0.06759192547441469,0.05094271168947179,-0.0323546807892541
3162,24025,24026,3162,m12-2-9,2026-07-25T08:52:39Z,242,0.061390251350218535,0.06974421155089114,-0.045887816618343624,-0.017956168873092267
3162,24025,24026,3162,m12-2-9,2026-07-25T08:52:39Z,243,0.08894019837687037,-0.013071421059796971,-0.036844300472877144,0.02078537736705403
3162,24025,24026,3162,m12-2-9,2026-07-25T08:52:39Z,244,0.07027256212445417,0.0799369128035815,0.006621612460547684,0.006446690551769634
3162,24025,24026,3162,m12-2-9,2026-07-25T08:52:39Z,245,0.06871790119891974,0.0747807928155881,-0.03733261030702454,-0.005293139563543854
3162,24025,24026,3162,m12-2-9,2026-07-25T08:52:39Z,246,0.07671783742062988,0.01295054978758891,-0.05156805975873352,0.0603919152688855
3162,24025,24026,3162,m12-2-9,2026-07-25T08:52:39Z,247,0.0807224055352183,0.015792034862059157,0.05426873430142432,0.028583852110441364
3162,24025,24026,3162,m12-2-9,2026-07-25T08:52:39Z,248,0.07569807683201797,0.04582403210657292,-0.006390826855769191,0.113523415329118
3162,24025,24026,3162,m12-2-9,2026-07-25T08:52:39Z,249,0.06811225589315216,0.08540927162282473,-0.028456190869768076,0.010170857984692562
3162,24025,24026,3162,m12-2-9,2026-07-25T08:52:39Z,250,0.08761772010936951,0.02359345669006151,-0.007865884596092243,0.015839309070621692
3162,24025,24026,3162,m12-2-9,2026-07-25T08:52:39Z,251,0.061550291734437435,0.050187793210951785,-0.009133006820877875,0.07832894134991085
3162,24025,24026,3162,m12-2-9,2026-07-25T08:52:39Z,252,0.060615492434792397,-0.06254711631538006,0.05079034864324899,0.04730693959682684
3162,24025,24026,3162,m12-2-9,2026-07-25T08:52:39Z,253,0.06517877913572359,0.03497042938567601,-0.037288120785735485,-0.036620681856091436
3162,24025,24026,3162,m12-2-9,2026-07-25T08:52:39Z,254,0.09008408840701297,-0.0018141336366667082,0.02916104970054154,0.018639549602452586
3162,24025,24026,3162,m12-2-9,2026-07-25T08:52:39Z,255,0.08742975606297622,-0.0072943062178796,-0.03938728940795958,0.06370403790950738
3162,24025,24026,3162,m12-2-9,2026-07-25T08:52:39Z,256,0.07274905381957199,0.007199999990261637,0.030263959512094252,-0.043268973891088684
3162,24025,24026,3162,m12-2-9,2026-07-25T08:52:39Z,257,0.0776211747121344,0.017957767951318544,0.030392606350520147,0.06660016714132286
3162,24025,24026,3162,m12-2-9,2026-07-25T08:52:39Z,258,0.08168591750287409,0.07413633185834105,0.004254821611307267,0.0005560326981812091
3162,24025,24026,3162,m12-2-9,2026-07-25T08:52:39Z,259,0.0696021534928329,0.043132335510543816,-0.05878448600097902,0.008722365719711085
3162,24025,24026,3162,m12-2-9,2026-07-25T08:52:39Z,260,0.0829323973526714,0.012700279409071629,-0.03516039470072506,0.013099592707111548
3162,24025,24026,3162,m12-2-9,2026-07-25T08:52:39Z,261,0.07952801266010509,-0.02145165175952674,-0.04814217222739687,0.04102744673960654
3162,24025,24026,3162,m12-2-9,2026-07-25T08:52:39Z,262,0.08746365361436344,-0.04476626058931044,-0.0027349610240332977,-0.02282825070884094
3162,24025,24026,3162,m12-2-9,2026-07-25T08:52:39Z,263,0.07905404805037705,-0.05496012786247955,-0.035651859217853035,-0.01639059884436788
3162,24025,24026,3162,m12-2-9,2026-07-25T08:52:39Z,264,0.0832680622820919,-0.0034342359504083877,-0.0011000162356064897,0.05467282126597257
3162,24025,24026,3162,m12-2-9,2026-07-25T08:52:39Z,265,0.07460865871811544,0.0038892259932989015,-0.0881109317401403,-0.03562006053690224
3162,24025,24026,3162,m12-2-9,2026-07-25T08:52:39Z,266,0.08180712627275889,0.02602955491837545,0.045372269429960414,0.0162549933242883
3162,24025,24026,3162,m12-2-9,2026-07-25T08:52:39Z,267,0.07444104416135193,-0.032817408811158605,-0.020824092272323746,-0.032367494832109205
3162,24025,24026,3162,m12-2-9,2026-07-25T08:52:39Z,268,0.09214440968466389,0.00964708334082647,0.0017609611464051024,0.0026008128937563724
3162,24025,24026,3162,m12-2-9,2026-07-25T08:52:39Z,269,0.0724646895390284,0.08405182347013573,0.006295232130041429,0.004725457125405225
3162,24025,24026,3162,m12-2-9,2026-07-25T08:52:39Z,270,0.07499300944961099,-0.06358116029098143,0.03550821149871838,-0.04666186548566114
3162,24025,24026,3162,m12-2-9,2026-07-25T08:52:39Z,271,0.07328287475350492,-0.06268853688167007,-0.045776139965654876,0.001123386528645595
3162,24025,24026,3162,m12-2-9,2026-07-25T08:52:39Z,272,0.06607621377372871,-0.010742653788650568,-0.0940316708419493,0.0406369494202943
3162,24025,24026,3162,m12-2-9,2026-07-25T08:52:39Z,273,0.05981952200398615,-0.04562854161451543,-0.037957675895518114,-0.045161698745721394
3162,24025,24026,3162,m12-2-9,2026-07-25T08:52:39Z,274,0.07377168294700563,0.021214598834223514,-0.07792543249314851,-0.008012674455725661
3162,24025,24026,3162,m12-2-9,2026-07-25T08:52:39Z,275,0.07195415982457674,-0.02764229263329995,-0.021708983852138822,0.027588347067725186
3162,24025,24026,3162,m12-2-9,2026-07-25T08:52:39Z,276,0.0922478651489941,-0.023352600745761284,0.03628247081615278,0.0035238170628019024
3162,24025,24026,3162,m12-2-9,2026-07-25T08:52:39Z,277,0.08906461378492492,-0.028898421043102255,0.015481380732631816,-0.011425457246800356
3162,24025,24026,3162,m12-2-9,2026-07-25T08:52:39Z,278,0.08935141843298001,-0.02072273283302981,0.0033295898876779437,0.01029352341550685
3162,24025,24026,3162,m12-2-9,2026-07-25T08:52:39Z,279,0.0779244091887223,0.07509896474989103,0.011183948548248895,-0.01240102093836907
3162,24025,24026,3162,m12-2-9,2026-07-25T08:52:39Z,280,0.07681275609731333,-0.011235967511094394,0.06823854708094335,0.0257508879302396
3162,24025,24026,3162,m12-2-9,2026-07-25T08:52:39Z,281,0.06973110683768885,0.04165926184284531,0.046444634151576805,-0.052903587211072786
3162,24025,24026,3162,m12-2-9,2026-07-25T08:52:39Z,282,0.07522797137524265,-0.0062223167215368315,0.009939468723253814,-0.09920695249947062
3162,24025,24026,3162,m12-2-9,2026-07-25T08:52:39Z,283,0.07962341597958209,-0.0217438166705381,0.05014802061399022,-0.019214775769163743
3162,24025,24026,3162,m12-2-9,2026-07-25T08:52:39Z,284,0.08567608646650174,0.00980282710220179,0.024843161193881094,0.02444792306228625
3162,24025,24026,3162,m12-2-9,2026-07-25T08:52:39Z,285,0.06936062088758967,-0.017260838356126736,0.08165473461788134,-0.0030062925090315845
3162,24025,24026,3162,m12-2-9,2026-07-25T08:52:39Z,286,0.09040848091881014,-0.02519001877322048,-0.009715449463006506,0.0024462725705693125
3162,24025,24026,3162,m12-2-9,2026-07-25T08:52:39Z,287,0.0762708707183936,-0.029827823737365387,-0.08751898971402099,-0.03895738813038076
3162,24025,24026,3162,m12-2-9,2026-07-25T08:52:39Z,288,0.0658717439429361,-0.02713614307324994,-0.06419805818237687,0.06268655206222537
3162,24025,24026,3162,m12-2-9,2026-07-25T08:52:39Z,289,0.07553841598017433,-0.008728466386435997,0.09777821416955534,-0.0029892987067006954
3162,24025,24026,3162,m12-2-9,2026-07-25T08:52:39Z,290,0.07545427611087241,0.07329497983824258,0.05570797948627811,-0.023265887895072643
3162,24025,24026,3162,m12-2-9,2026-07-25T08:52:39Z,291,0.08106981905878824,-0.0644123296794657,-0.12411536288520787,0.07856706317019724
3162,24025,24026,3162,m12-2-9,2026-07-25T08:52:39Z,292,0.0613490924452622,0.038889848984512906,-0.02194602372170931,0.07385498371987777
3162,24025,24026,3162,m12-2-9,2026-07-25T08:52:39Z,293,0.07594056880408452,-0.071516892507109,0.01405141151980037,0.01860815506690988
3162,24025,24026,3162,m12-2-9,2026-07-25T08:52:39Z,294,0.06600683502631981,0.03320358023590387,-0.043894184856944476,0.04896542351546051
3162,24025,24026,3162,m12-2-9,2026-07-25T08:52:39Z,295,0.07792881999926604,0.06861973153686822,0.0026308409783759347,-0.021002663198797136
3162,24025,24026,3162,m12-2-9,2026-07-25T08:52:39Z,296,0.09177697314299649,-0.010775896641468474,0.008316183447544031,0.05421998983357408
3162,24025,24026,3162,m12-2-9,2026-07-25T08:52:39Z,297,0.06748954415155445,0.04402000397696721,0.023384410302900196,0.03034825830539206
3162,24025,24026,3162,m12-2-9,2026-07-25T08:52:39Z,298,0.08481664543561408,0.0043389573517537685,0.040675034977613045,-0.03583422099373611
3162,24025,24026,3162,m12-2-9,2026-07-25T08:52:39Z,299,0.0628813120802116,-0.05841474269788044,-0.029552518397600144,0.053885857356588414
3162,24025,24026,3162,m12-2-9,2026-07-25T08:52:39Z,300,0.08845261251217404,0.016574416666566127,-0.002837534943684216,0.03620568604139776
3162,24025,24026,3162,m12-2-9,2026-07-25T08:52:39Z,301,0.07014637534192698,0.012481827417698285,0.04335939079851702,-0.08658684604518128
3162,24025,24026,3162,m12-2-9,2026-07-25T08:52:39Z,302,0.07282263137008195,-0.005118215329539908,-0.0839482583366773,-0.001904880886297934
3162,24025,24026,3162,m12-2-9,2026-07-25T08:52:39Z,303,0.07191662105580891,0.009097421337745755,-0.023787208964828516,-0.11770732520825512
3162,24025,24026,3162,m12-2-9,2026-07-25T08:52:39Z,304,0.06186346253226281,0.07888416063574329,0.05097024463657775,-0.01835438247731788
3162,24025,24026,3162,m12-2-9,2026-07-25T08:52:39Z,305,0.05695821587048435,-0.048851233562778124,-0.02411390017433679,-0.06218202135131055
3162,24025,24026,3162,m12-2-9,2026-07-25T08:52:39Z,306,0.06778632625740462,0.05699381045822919,-0.05090047981082697,0.028109321810365743
3162,24025,24026,3162,m12-2-9,2026-07-25T08:52:39Z,307,0.07201357800413465,-0.004747943116003707,0.0940863470271937,0.0104702128772409
3162,24025,24026,3162,m12-2-9,2026-07-25T08:52:39Z,308,0.07518483956050524,-0.014119148134001796,-0.03114229945583525,-0.10030349885896216
3162,24025,24026,3162,m12-2-9,2026-07-25T08:52:39Z,309,0.0729632193079729,-0.00922912867908627,-0.050402752625686026,-0.05823078201265963
3162,24025,24026,3162,m12-2-9,2026-07-25T08:52:39Z,310,0.06861560495317579,0.03455080819018186,0.046203331166643595,-0.040048799048976846
3162,24025,24026,3162,m12-2-9,2026-07-25T08:52:39Z,311,0.07681466118765741,0.06272757487434463,-0.11124332299191195,-0.09949263427408564
3162,24025,24026,3162,m12-2-9,2026-07-25T08:52:39Z,312,0.06288204550864399,0.07142747350807872,0.024194047183255744,-0.0436853464645811
3162,24025,24026,3162,m12-2-9,2026-07-25T08:52:39Z,313,0.0720948710141916,0.03876267860078546,0.04022197283650795,0.011839992019634222
3162,24025,24026,3162,m12-2-9,2026-07-25T08:52:39Z,314,0.07357642438189645,-0.018257615941335008,0.00836033272934406,-0.09957062210086738
3162,24025,24026,3162,m12-2-9,2026-07-25T08:52:39Z,315,0.06850442633848697,-0.08047885869496275,-0.05483401750542016,-0.01211518349489087
3162,24025,24026,3162,m12-2-9,2026-07-25T08:52:39Z,316,0.07625170939549154,0.01868440963938152,-0.08429323516790675,0.060337919977146146
3162,24025,24026,3162,m12-2-9,2026-07-25T08:52:39Z,317,0.06952616515023055,-0.013180941204764231,0.08878390023294574,0.01764458914255306
3162,24025,24026,3162,m12-2-9,2026-07-25T08:52:39Z,318,0.06880449744260438,-0.09776016156770577,-0.12540751807004802,0.010698756554774442
3162,24025,24026,3162,m12-2-9,2026-07-25T08:52:39Z,319,0.08488111827564718,0.0012593017117897816,-0.033157720508713746,0.05655127438248854
3162,24025,24026,3162,m12-2-9,2026-07-25T08:52:39Z,320,0.06713734969848448,0.05906958773768013,0.04096976082834264,-0.025122888869363022
3162,24025,24026,3162,m12-2-9,2026-07-25T08:52:39Z,321,0.08520245192987284,-0.027958138324294068,-0.031226553742119172,-0.032869005461443446
3162,24025,24026,3162,m12-2-9,2026-07-25T08:52:39Z,322,0.06869136764110424,-0.01019089488710021,0.043882631791330125,-0.08659063591000966
3162,24025,24026,3162,m12-2-9,2026-07-25T08:52:39Z,323,0.060531211444673404,-0.0671376508985176,-0.020413232868596858,0.06334081676579247
3162,24025,24026,3162,m12-2-9,2026-07-25T08:52:39Z,324,0.07652827249084106,0.08050603622374893,0.008334484635495439,-0.00904190675824305
3162,24025,24026,3162,m12-2-9,2026-07-25T08:52:39Z,325,0.06235673717173457,0.036068234730805906,-0.03213728915627794,0.0702461156309182
3162,24025,24026,3162,m12-2-9,2026-07-25T08:52:39Z,326,0.08948300838135964,0.0046044705846284405,0.037774066369285014,0.0028639624322816222
3162,24025,24026,3162,m12-2-9,2026-07-25T08:52:39Z,327,0.065471089015968,0.04232137503294425,-0.021363616753391258,0.048695091767503244
3162,24025,24026,3162,m12-2-9,2026-07-25T08:52:39Z,328,0.06663847704346139,0.06615348495601323,0.023033231734246724,0.0028849401795093856
3162,24025,24026,3162,m12-2-9,2026-07-25T08:52:39Z,329,0.0591496965124478,-0.020108376669456092,-0.0507074158585438,-0.06318717207506484
3162,24025,24026,3162,m12-2-9,2026-07-25T08:52:39Z,330,0.0777683402652483,-0.02153000706659305,0.04952424290641855,-0.038276260397948896
3162,24025,24026,3162,m12-2-9,2026-07-25T08:52:39Z,331,0.08023668483103907,0.010745522480448928,-0.05343029784384793,-0.05598158705713478
3162,24025,24026,3162,m12-2-9,2026-07-25T08:52:39Z,332,0.059822964126690685,0.07322672131052142,0.06269051912436663,0.018767147296120525
3162,24025,24026,3162,m12-2-9,2026-07-25T08:52:39Z,333,0.08117836696069522,0.02318156869151646,0.04557848559970638,-0.011723193861230757
3162,24025,24026,3162,m12-2-9,2026-07-25T08:52:39Z,334,0.07209230862054732,-0.0672081352239227,-0.02654995552714676,-0.024275374739420458
3162,24025,24026,3162,m12-2-9,2026-07-25T08:52:39Z,335,0.08357111367879835,0.01763630727462918,0.040748629832107336,-0.008747069423665725
3162,24025,24026,3162,m12-2-9,2026-07-25T08:52:39Z,336,0.07623864796159109,0.06136842094085622,-0.04199456652219855,-0.004299979947317106
3162,24025,24026,3162,m12-2-9,2026-07-25T08:52:39Z,337,0.0761653267251117,-0.0795724994978788,-0.013565517803581801,-0.03219812079439061
3162,24025,24026,3162,m12-2-9,2026-07-25T08:52:39Z,338,0.0675660057968678,0.028658362389454323,-0.04203617492555678,-0.05814867437922719
3162,24025,24026,3162,m12-2-9,2026-07-25T08:52:39Z,339,0.06970950445670848,0.0345822524444832,0.05675838712834605,-0.01943204892142049
3162,24025,24026,3162,m12-2-9,2026-07-25T08:52:39Z,340,0.06426584409634546,-0.07421115083669258,0.027691850224817984,-0.045108179339129285
3162,24025,24026,3162,m12-2-9,2026-07-25T08:52:39Z,341,0.0898590504168515,0.006879394569748936,-0.019877351481747973,-0.0034182263003282045
3162,24025,24026,3162,m12-2-9,2026-07-25T08:52:39Z,342,0.07102063719183016,0.09283392410207073,-0.00016628159419526,0.006231100646761547
3162,24025,24026,3162,m12-2-9,2026-07-25T08:52:39Z,343,0.06629650711219655,-0.022556087811986165,0.033079313061406025,0.08947522003311213
3162,24025,24026,3162,m12-2-9,2026-07-25T08:52:39Z,344,0.07788107234022179,-0.01962087000475839,0.011430465744947473,0.08721699367411805
3162,24025,24026,3162,m12-2-9,2026-07-25T08:52:39Z,345,0.06491864879795721,0.0038447883393662903,-0.09557680429572578,0.04724202505778067
3162,24025,24026,3162,m12-2-9,2026-07-25T08:52:39Z,346,0.07008585419270431,-0.05491166865023801,-0.049571601323523874,-0.017068440536826806
3162,24025,24026,3162,m12-2-9,2026-07-25T08:52:39Z,347,0.07442391430692247,-0.022240215936970516,-0.08073932588346687,-0.03168239205617121
3162,24025,24026,3162,m12-2-9,2026-07-25T08:52:39Z,348,0.07438634761781125,0.05223825741319868,0.03945153271082145,0.05545255577328786
3162,24025,24026,3162,m12-2-9,2026-07-25T08:52:39Z,349,0.06889107573245071,0.08849024643191533,0.014097833357308028,-0.020117663724444557
3162,24025,24026,3162,m12-2-9,2026-07-25T08:52:39Z,350,0.0873853652456513,-0.03679372073055243,0.017199936618018545,0.005308757843678874
3162,24025,24026,3162,m12-2-9,2026-07-25T08:52:39Z,351,0.059999043077008964,0.04380804232898778,0.013067976890858786,0.0628428654874668
3162,24025,24026,3162,m12-2-9,2026-07-25T08:52:39Z,352,0.062273225510652876,-0.015379229605162229,-0.04584045847100891,0.050985397550147964
3162,24025,24026,3162,m12-2-9,2026-07-25T08:52:39Z,353,0.08550075162652258,0.0517141716189451,-0.010388291124311699,0.0083183512631637
3162,24025,24026,3162,m12-2-9,2026-07-25T08:52:39Z,354,0.0804958566379414,-0.002426864524108159,0.06319395462095097,0.01008621646517829
3162,24025,24026,3162,m12-2-9,2026-07-25T08:52:39Z,355,0.05458898353276691,-0.04530558645467862,0.033234259013186676,0.05984283123975777
3162,24025,24026,3162,m12-2-9,2026-07-25T08:52:39Z,356,0.06134337542896749,0.08122544390976168,-0.049952760563930915,-0.0882269150285252
3162,24025,24026,3162,m12-2-9,2026-07-25T08:52:39Z,357,0.06654244701311941,-0.046598955535098956,-0.0061754982411790305,-0.08430178362232121
3162,24025,24026,3162,m12-2-9,2026-07-25T08:52:39Z,358,0.0729070766337175,0.0022965513353395512,-0.07431333749925373,0.031669949759166774
3162,24025,24026,3162,m12-2-9,2026-07-25T08:52:39Z,359,0.06948914064866066,-0.06687941241631916,0.036827005246559325,-0.0003271960519057584
3162,24025,24026,3162,m12-2-9,2026-07-25T08:52:39Z,360,0.08824767867566828,-0.010404403795985557,0.02679492748525788,0.014960187336061545
3162,24025,24026,3162,m12-2-9,2026-07-25T08:52:39Z,361,0.08430609190684839,0.00603979112080893,-0.06877101856975368,0.033787453933291266
3162,24025,24026,3162,m12-2-9,2026-07-25T08:52:39Z,362,0.09236585500090073,-0.08548552341918779,-0.01064659459365947,0.05869152927816172
3162,24025,24026,3162,m12-2-9,2026-07-25T08:52:39Z,363,0.07036564256666593,-0.03345345590133456,0.06690713727774304,-0.010977113140272231
3162,24025,24026,3162,m12-2-9,2026-07-25T08:52:39Z,364,0.08690148723009615,-0.043723923119552734,-0.023792586284356945,0.001820060273518646
3162,24025,24026,3162,m12-2-9,2026-07-25T08:52:39Z,365,0.07198019151818906,0.01601836425284528,0.046531475074713155,-0.05778506524676027
3162,24025,24026,3162,m12-2-9,2026-07-25T08:52:39Z,366,0.08760741487913185,-0.007567725269579785,0.0026255786674482078,0.005122289409518036
3162,24025,24026,3162,m12-2-9,2026-07-25T08:52:39Z,367,0.08332208290777486,0.043553849426774795,0.007815221154955813,-0.017837769519810778
3162,24025,24026,3162,m12-2-9,2026-07-25T08:52:39Z,368,0.060071954118020764,-0.00029526686203062746,0.06914429169571952,0.0550258621534579
3162,24025,24026,3162,m12-2-9,2026-07-25T08:52:39Z,369,0.07623458954007782,0.030562075055054327,0.03135656482056128,-0.060079919947650044
3162,24025,24026,3162,m12-2-9,2026-07-25T08:52:39Z,370,0.07296487899655399,0.0773832677459487,-0.06632600751839875,-0.01179155109813252
3162,24025,24026,3162,m12-2-9,2026-07-25T08:52:39Z,371,0.07966686714337759,-0.05100073281160325,0.0014733588971589727,0.013483084591496919
3162,24025,24026,3162,m12-2-9,2026-07-25T08:52:39Z,372,0.08695679583329703,0.03358030901201435,0.020393799491412016,0.021199111784829642
3162,24025,24026,3162,m12-2-9,2026-07-25T08:52:39Z,373,0.08158470616264299,-0.004453570061565221,0.047010764949632064,0.0361030392354534
3162,24025,24026,3162,m12-2-9,2026-07-25T08:52:39Z,374,0.07960445558683835,-0.013026632414020052,-0.015110708067117062,0.08275074562530535
3162,24025,24026,3162,m12-2-9,2026-07-25T08:52:39Z,375,0.07093740891471051,-0.022891345296737507,-0.05165860611629404,-0.045608033802996245
3162,24025,24026,3162,m12-2-9,2026-07-25T08:52:39Z,376,0.08540068285914122,0.015457253162581671,-0.01082097518919293,0.051524201711538084
3162,24025,24026,3162,m12-2-9,2026-07-25T08:52:39Z,377,0.06091573936485903,0.024512677753909144,0.07251000276659565,0.0483372791701177
3162,24025,24026,3162,m12-2-9,2026-07-25T08:52:39Z,378,0.061751804978965215,-0.04333953860447319,0.04627077649556867,0.06524259441304336
3162,24025,24026,3162,m12-2-9,2026-07-25T08:52:39Z,379,0.06686855331515278,-0.033896784756197285,-0.03988894453064937,-0.08383509932294685
3162,24025,24026,3162,m12-2-9,2026-07-25T08:52:39Z,380,0.08873122863489574,-0.016654134893931805,0.040158910812302266,-0.0056942063891713066
3162,24025,24026,3162,m12-2-9,2026-07-25T08:52:39Z,381,0.08132091395471053,-0.140839871684264,0.08081842043906864,0.07348955422322301
3162,24025,24026,3162,m12-2-9,2026-07-25T08:52:39Z,382,0.07631084002148371,0.014838678331206405,0.008571579702426394,-0.0807269604493064
3162,24025,24026,3162,m12-2-9,2026-07-25T08:52:39Z,383,0.08709272324102856,-0.03041493278373792,0.01994729764854715,-0.023577934995714762
3162,24025,24026,3162,m12-2-9,2026-07-25T08:52:39Z,384,0.06767035095666854,-0.025659257250082355,-0.034994617097292534,0.08186116690701832
3162,24025,24026,3162,m12-2-9,2026-07-25T08:52:39Z,385,0.07187718880644983,-0.09044666203454778,0.01185978616883474,-0.004630536235274742
3162,24025,24026,3162,m12-2-9,2026-07-25T08:52:39Z,386,0.06147731840710029,-0.0786204422046928,0.01189077045170771,0.058497684765008405
3162,24025,24026,3162,m12-2-9,2026-07-25T08:52:39Z,387,0.08490191062290628,0.06409123627934692,-0.007923145626009685,0.017574692754311613
3162,24025,24026,3162,m12-2-9,2026-07-25T08:52:39Z,388,0.07814036247396404,-0.09259005437039214,-0.02737720769026416,-0.04156921337036001
3162,24025,24026,3162,m12-2-9,2026-07-25T08:52:39Z,389,0.08727195003373071,0.04053547929330591,0.06206211275643232,-0.023779395085261563
3162,24025,24026,3162,m12-2-9,2026-07-25T08:52:39Z,390,0.06319047321971853,0.10370402582284834,-0.28499015418956214,-0.11989277341076762
3162,24025,24026,3162,m12-2-9,2026-07-25T08:52:39Z,391,0.0863517114016338,0.007552032807065861,0.02696770088749403,0.03108458337195537
3162,24025,24026,3162,m12-2-9,2026-07-25T08:52:39Z,392,0.07722231185211233,0.08144282816127082,-0.0019177785447917577,0.03147605419952582
3162,24025,24026,3162,m12-2-9,2026-07-25T08:52:39Z,393,0.0557714373450478,0.021496343909776863,-0.05455683182178333,-0.05658728196278613
3162,24025,24026,3162,m12-2-9,2026-07-25T08:52:39Z,394,0.07218160537524364,0.03827272358591951,-0.030709165520994123,-0.0579171898012676
3162,24025,24026,3162,m12-2-9,2026-07-25T08:52:39Z,395,0.06561300208903037,-0.047926713917246996,0.004817918053042996,-0.007066873618005771
3162,24025,24026,3162,m12-2-9,2026-07-25T08:52:39Z,396,0.05712913053589998,-0.06478649463707842,-0.03173997665153555,-0.041644747768849015
3162,24025,24026,3162,m12-2-9,2026-07-25T08:52:39Z,397,0.07113545912103192,0.0016044310565215237,0.09658085475496309,0.013576935189768205
3162,24025,24026,3162,m12-2-9,2026-07-25T08:52:39Z,398,0.073354268962513,0.02170789783525678,-0.06217417470190287,0.006132527559423835
3162,24025,24026,3162,m12-2-9,2026-07-25T08:52:39Z,399,0.07228462246103627,0.015995296434825643,-0.0738352140709728,-0.0112176005855539
3162,24025,24026,3162,m12-2-9,2026-07-25T08:52:39Z,400,0.06888744669990825,-0.06093587382742869,0.036510506583580446,0.045169663695132437
3162,24025,24026,3162,m12-2-9,2026-07-25T08:52:39Z,401,0.07503654314350078,-0.03575647956919753,-0.05609354091855019,-0.03488625666028233
3162,24025,24026,3162,m12-2-9,2026-07-25T08:52:39Z,402,0.06843783350993125,0.10688115794526448,0.030614514228644096,0.0015237638295240335
3162,24025,24026,3162,m12-2-9,2026-07-25T08:52:39Z,403,0.0769905200968689,-0.02395467729190208,-0.03489173619356465,-0.07496109904162766
3162,24025,24026,3162,m12-2-9,2026-07-25T08:52:39Z,404,0.07388279081155671,-0.0069712280797387055,-0.05177703429528439,-0.04776498676402593
3162,24025,24026,3162,m12-2-9,2026-07-25T08:52:39Z,405,0.059798652717257726,0.022659429136327604,-0.04709649278139452,-0.05547765580509302
3162,24025,24026,3162,m12-2-9,2026-07-25T08:52:39Z,406,0.08292943470381384,-0.01842092212910461,0.042126041255753414,-0.026510872812163303
3162,24025,24026,3162,m12-2-9,2026-07-25T08:52:39Z,407,0.0679711762044506,-0.06060357742849569,0.010997875551716963,0.06140057313025136
3162,24025,24026,3162,m12-2-9,2026-07-25T08:52:39Z,408,0.07662501942808218,-0.008976216876965292,0.020865756633489548,-0.09407662684691413
3162,24025,24026,3162,m12-2-9,2026-07-25T08:52:39Z,409,0.08448242996885255,0.05126596815356473,0.039628386426713465,0.05807380867485483
3162,24025,24026,3162,m12-2-9,2026-07-25T08:52:39Z,410,0.08119119373947242,-0.005270017332107306,0.004798640138238299,0.06770315985042975
3162,24025,24026,3162,m12-2-9,2026-07-25T08:52:39Z,411,0.08544656879310793,-0.02277912106956714,-0.06163962172611843,0.013366361492169805
3162,24025,24026,3162,m12-2-9,2026-07-25T08:52:39Z,412,0.07670233921035902,-0.03835516270914647,0.00688620343202403,-0.03804598776374075
3162,24025,24026,3162,m12-2-9,2026-07-25T08:52:39Z,413,0.06574262113272525,-0.07532761080841571,0.053752394601536066,-0.03691103505472763
3162,24025,24026,3162,m12-2-9,2026-07-25T08:52:39Z,414,0.07151550417429556,0.023218394617172976,-0.03427988868676942,0.06915153103771027
3162,24025,24026,3162,m12-2-9,2026-07-25T08:52:39Z,415,0.06908374132211764,0.03662652128283303,-0.0389004341003868,0.04261775136813445
3162,24025,24026,3162,m12-2-9,2026-07-25T08:52:39Z,416,0.0776045620504528,-0.04991977178949188,0.04003020289065072,-0.008874701484918528
3162,24025,24026,3162,m12-2-9,2026-07-25T08:52:39Z,417,0.08125125091329115,-0.06260054041302972,0.011231044615771365,-0.03569987081084767
3162,24025,24026,3162,m12-2-9,2026-07-25T08:52:39Z,418,0.06465315092405725,-0.0803466781808521,0.026218582558455075,-0.024506151040115904
3162,24025,24026,3162,m12-2-9,2026-07-25T08:52:39Z,419,0.08348946118127512,0.020172602211511115,-0.027112231901239004,0.01808710622885867
3162,24025,24026,3162,m12-2-9,2026-07-25T08:52:39Z,420,0.07056017671963134,-0.012828570411504338,-0.034033464128061894,0.08034260694339622
3162,24025,24026,3162,m12-2-9,2026-07-25T08:52:39Z,421,0.07779517315824137,-0.004842109388309183,0.04543524198131969,-0.05889567572184899
3162,24025,24026,3162,m12-2-9,2026-07-25T08:52:39Z,422,0.076661185087983,-0.04304204047334227,0.006732097092917921,0.04011761916932914
3162,24025,24026,3162,m12-2-9,2026-07-25T08:52:39Z,423,0.07630226141260887,-0.02051282500753478,0.05634805402435876,-0.017390054711171457
3162,24025,24026,3162,m12-2-9,2026-07-25T08:52:39Z,424,0.07601375404580234,0.031206071142336773,-0.04008629311205181,-0.03793401269909909
3162,24025,24026,3162,m12-2-9,2026-07-25T08:52:39Z,425,0.06411888448396609,-0.07345788336630017,-0.018902528003716366,0.054756445411649354
3162,24025,24026,3162,m12-2-9,2026-07-25T08:52:39Z,426,0.08937641407979013,0.003530318279264456,-0.040326630149860924,-0.007891979072673192
3162,24025,24026,3162,m12-2-9,2026-07-25T08:52:39Z,427,0.07071139698595541,-0.06467063488780408,0.017559245846353783,0.02222130261535287
3162,24025,24026,3162,m12-2-9,2026-07-25T08:52:39Z,428,0.07696219623907216,0.0555499934408652,-0.008245913855210358,0.0767950650286283
3162,24025,24026,3162,m12-2-9,2026-07-25T08:52:39Z,429,0.07614406176594837,-0.014697540715436122,0.0641238443031418,-0.013052138657792681
3162,24025,24026,3162,m12-2-9,2026-07-25T08:52:39Z,430,0.07370410898636248,-0.016886486568067908,0.10538975498861518,0.027417618823870775
3162,24025,24026,3162,m12-2-9,2026-07-25T08:52:39Z,431,0.07465440392327514,-0.0653631683299077,-0.0006790680087294508,-0.0010881395674662419
3162,24025,24026,3162,m12-2-9,2026-07-25T08:52:39Z,432,0.09047347908763992,0.255113450547949,0.22478108795762425,0.36107058566778416
3162,24025,24026,3162,m12-2-9,2026-07-25T08:52:39Z,433,0.09136157772907148,0.02550363490027356,0.011038063163884422,-0.005580831600617854
3162,24025,24026,3162,m12-2-9,2026-07-25T08:52:39Z,434,0.07282728406360894,0.03615364794007212,0.04095582016777972,0.05099587838760917
3162,24025,24026,3162,m12-2-9,2026-07-25T08:52:39Z,435,0.07589404058606657,-0.08212830693342069,0.0006934062071676652,0.001895295735686532
3162,24025,24026,3162,m12-2-9,2026-07-25T08:52:39Z,436,0.07160158485627079,0.014432943429450111,-0.02096078699241881,0.08810068666909847
3162,24025,24026,3162,m12-2-9,2026-07-25T08:52:39Z,437,0.06822749773460952,-0.07076883288391432,0.022585734340729784,-0.04879019442157582
3162,24025,24026,3162,m12-2-9,2026-07-25T08:52:39Z,438,0.07341615811954177,0.041971986834584654,-0.040808491204189154,0.03946274479114291
3162,24025,24026,3162,m12-2-9,2026-07-25T08:52:39Z,439,0.0817468652263898,0.019969202195882257,0.025909504121819932,0.07100455118931608
3162,24025,24026,3162,m12-2-9,2026-07-25T08:52:39Z,440,0.08283575016353613,-0.022182178579777872,-0.0573722376935966,-0.0005528111927328466
3162,24025,24026,3162,m12-2-9,2026-07-25T08:52:39Z,441,0.0722084625192875,0.04991926127140817,-0.00741205486434089,-0.0364828102996693
3162,24025,24026,3162,m12-2-9,2026-07-25T08:52:39Z,442,0.07690501097587692,-0.017534093514217496,-0.052819998722127906,-0.04525884274376528
3162,24025,24026,3162,m12-2-9,2026-07-25T08:52:39Z,443,0.0863210454484957,-0.0023189641811418708,-0.07267230759708784,-0.018475719358774977
3162,24025,24026,3162,m12-2-9,2026-07-25T08:52:39Z,444,0.08443892929425353,-0.011267846293606965,0.031746154403527474,-0.03115674789598237
3162,24025,24026,3162,m12-2-9,2026-07-25T08:52:39Z,445,0.07970672518421139,0.048623211593218904,0.039951735888323764,0.03369693591367609
3162,24025,24026,3162,m12-2-9,2026-07-25T08:52:39Z,446,0.06999467950365901,-0.054780446203206365,0.0446801292987177,-0.024676372623322333
3162,24025,24026,3162,m12-2-9,2026-07-25T08:52:39Z,447,0.08442105966550022,-0.06806304966278443,0.02742093430671938,0.010366691711795176
3162,24025,24026,3162,m12-2-9,2026-07-25T08:52:39Z,448,0.060827269929253365,0.06597659874271837,0.04593539844024414,-0.039498556105275695
3162,24025,24026,3162,m12-2-9,2026-07-25T08:52:39Z,449,0.0569969261983985,0.039728976686638405,-0.07011923817746321,-0.04257765682694066
3162,24025,24026,3162,m12-2-9,2026-07-25T08:52:39Z,450,0.07775578547333724,0.019503404695716958,-0.06004092132984384,0.007514384538975688
3162,24025,24026,3162,m12-2-9,2026-07-25T08:52:39Z,451,0.07207990249694896,-0.02171010486890924,0.06038430709272695,-0.029792922650755536
3162,24025,24026,3162,m12-2-9,2026-07-25T08:52:39Z,452,0.08247693801707831,-0.020136688863867668,-0.06228407935266002,-0.013044172576547514
3162,24025,24026,3162,m12-2-9,2026-07-25T08:52:39Z,453,0.06822399669148367,-0.017245293045829925,0.01735747626846477,0.08750341376140519
3162,24025,24026,3162,m12-2-9,2026-07-25T08:52:39Z,454,0.06752632967543298,0.03270279280586388,-0.08295556518686947,0.011400471938056597
3162,24025,24026,3162,m12-2-9,2026-07-25T08:52:39Z,455,0.08050153377853732,0.00035354066617852956,0.06098130373832323,0.027612666252506593
3162,24025,24026,3162,m12-2-9,2026-07-25T08:52:39Z,456,0.06996421709134028,0.01592591151708221,-0.08243015520944914,-0.0007813466284100548
3162,24025,24026,3162,m12-2-9,2026-07-25T08:52:39Z,457,0.0705631814843624,-0.06008877363670451,0.03875022966719509,-0.00012730300245202935
3162,24025,24026,3162,m12-2-9,2026-07-25T08:52:39Z,458,0.06626451549153672,-0.03398002437881177,0.12584614791114426,0.04811911475428518
3162,24025,24026,3162,m12-2-9,2026-07-25T08:52:39Z,459,0.06478289061827323,0.0882644791812117,-0.00939131158175594,-0.02296482446903713
3162,24025,24026,3162,m12-2-9,2026-07-25T08:52:39Z,460,0.07102251496741535,0.03345608744834726,-0.036335575031489487,-0.09423002621338826
3162,24025,24026,3162,m12-2-9,2026-07-25T08:52:39Z,461,0.06097501253459883,0.09657361964172456,0.0037461582902427767,-0.10048211729942748
3162,24025,24026,3162,m12-2-9,2026-07-25T08:52:39Z,462,0.08489561064017137,-0.01613713337950023,0.04569513324649581,0.026484379958360893
3162,24025,24026,3162,m12-2-9,2026-07-25T08:52:39Z,463,0.07759524355040302,-0.02278563233177156,0.07227823393212932,6.330113615347034e-5
3162,24025,24026,3162,m12-2-9,2026-07-25T08:52:39Z,464,0.08378757757302438,-0.018844985282526948,-0.007915233431257879,-0.04873004299060004
3162,24025,24026,3162,m12-2-9,2026-07-25T08:52:39Z,465,0.07885914631103538,0.02737069479568693,-0.005861650038520378,0.057816054569726015
3162,24025,24026,3162,m12-2-9,2026-07-25T08:52:39Z,466,0.06578510602568313,-0.03628777326708175,-0.04794984699072642,0.061892195119950914
3162,24025,24026,3162,m12-2-9,2026-07-25T08:52:39Z,467,0.0676307762314598,0.013978365145448762,-0.09140142363704899,-0.03761242128463058
3162,24025,24026,3162,m12-2-9,2026-07-25T08:52:39Z,468,0.0838659015369085,-0.012908735019472529,-0.19646491693948434,0.1076227604819979
3162,24025,24026,3162,m12-2-9,2026-07-25T08:52:39Z,469,0.07133274672001683,-0.10033916294559674,-0.015592978133465867,-0.014503709115704321
3162,24025,24026,3162,m12-2-9,2026-07-25T08:52:39Z,470,0.07002191887390652,-0.011189605315386916,0.03335987091448739,0.07939001154560117
3162,24025,24026,3162,m12-2-9,2026-07-25T08:52:39Z,471,0.06611458020948387,0.0752744373647649,0.023419381706976702,-0.03850537668430766
3162,24025,24026,3162,m12-2-9,2026-07-25T08:52:39Z,472,0.07533269521133429,-0.0026622783707744412,0.04611150474221607,0.08398606619070295
3162,24025,24026,3162,m12-2-9,2026-07-25T08:52:39Z,473,0.08364095785983922,0.05297450933325156,-0.0033081760149560866,0.026839895608112296
3162,24025,24026,3162,m12-2-9,2026-07-25T08:52:39Z,474,0.08564901211947695,0.01589791629832753,0.05096892256410566,-0.007599713724861055
3162,24025,24026,3162,m12-2-9,2026-07-25T08:52:39Z,475,0.07340304737929634,0.024789363188359573,0.043536491626509286,-0.025806957918584516
3162,24025,24026,3162,m12-2-9,2026-07-25T08:52:39Z,476,0.07502644828909726,-0.023960944100556648,-0.04914841857767696,-0.022790580471993064
3162,24025,24026,3162,m12-2-9,2026-07-25T08:52:39Z,477,0.08301407760350137,-0.007626321251646263,0.011589476454088816,0.03631294541726663
3162,24025,24026,3162,m12-2-9,2026-07-25T08:52:39Z,478,0.06695306093573344,0.05097959516566471,-0.020792493407451814,-0.04069121076619546
3162,24025,24026,3162,m12-2-9,2026-07-25T08:52:39Z,479,0.06347166527814439,0.09552773998432335,-0.009321205613285321,0.031096037238716914
3162,24025,24026,3162,m12-2-9,2026-07-25T08:52:39Z,480,0.06833497201707797,-0.01605533578174564,0.05301460989976889,-0.04327332963919498
3162,24025,24026,3162,m12-2-9,2026-07-25T08:52:39Z,481,0.06892520115227621,0.03548273747850457,0.029856575461394683,-0.08884166623806504
3162,24025,24026,3162,m12-2-9,2026-07-25T08:52:39Z,482,0.07154161608284842,0.07801879570677503,0.011184585841553202,-0.04632697159632086
3162,24025,24026,3162,m12-2-9,2026-07-25T08:52:39Z,483,0.08952172882288872,-0.012308997997845059,0.013425506850305215,-0.023415332390550585
3162,24025,24026,3162,m12-2-9,2026-07-25T08:52:39Z,484,0.06003415481885482,-0.07638376576143321,0.04571318716113773,0.021023635924866828
3162,24025,24026,3162,m12-2-9,2026-07-25T08:52:39Z,485,0.08817087468338855,-0.05908908614278692,-0.03521650301799504,-0.0118383672517074
3162,24025,24026,3162,m12-2-9,2026-07-25T08:52:39Z,486,0.0799795277583611,0.049559987888690135,0.019099505610998213,0.009074701234927108
3162,24025,24026,3162,m12-2-9,2026-07-25T08:52:39Z,487,0.07416233641125385,0.014659653269162643,0.041706324116863445,0.03463809847799719
3162,24025,24026,3162,m12-2-9,2026-07-25T08:52:39Z,488,0.059900507652827124,0.07444882747514463,-0.06504868600867922,-0.0034300720013590237
3162,24025,24026,3162,m12-2-9,2026-07-25T08:52:39Z,489,0.07564361170369296,0.005509435863323762,-0.06386556902314616,0.01847057865635021
3162,24025,24026,3162,m12-2-9,2026-07-25T08:52:39Z,490,0.07323632686757832,0.027326606797055036,0.02264432855404644,0.08249852859757391
3162,24025,24026,3162,m12-2-9,2026-07-25T08:52:39Z,491,0.0699111499525861,-0.07576569056874208,-0.041888179955542726,-0.03502269833803293
3162,24025,24026,3162,m12-2-9,2026-07-25T08:52:39Z,492,0.07073253985894924,-0.0005713852359111242,-0.111827438102639,-0.007000213631732205
3162,24025,24026,3162,m12-2-9,2026-07-25T08:52:39Z,493,0.08391902692843022,0.025521215782123352,0.027544484360397255,0.003987503438356932
3162,24025,24026,3162,m12-2-9,2026-07-25T08:52:39Z,494,0.09033191602142719,0.0334944374826732,0.005253877125141008,0.0032602721436696593
3162,24025,24026,3162,m12-2-9,2026-07-25T08:52:39Z,495,0.08675286864991164,-0.022581413451769623,-0.025915820130605807,-0.025034308263925387
3162,24025,24026,3162,m12-2-9,2026-07-25T08:52:39Z,496,0.06480816917557425,0.04104173899093433,0.17592146595393446,-0.038893248512373434
3162,24025,24026,3162,m12-2-9,2026-07-25T08:52:39Z,497,0.08433658551658396,-0.02700160513173599,-0.00690204601148743,0.039517963683580556
3162,24025,24026,3162,m12-2-9,2026-07-25T08:52:39Z,498,0.06920160668319235,0.02966371873451179,0.056443637035949436,-0.036153786108916966
3162,24025,24026,3162,m12-2-9,2026-07-25T08:52:39Z,499,0.08759479642991995,0.047932762780691515,-0.01685663231241937,-0.031173583140585222
3162,24025,24026,3162,m12-2-9,2026-07-25T08:52:39Z,500,0.06295129594814136,-0.04339045640607052,-0.07863264203426731,0.05387511157909796
3162,24025,24026,3162,m12-2-9,2026-07-25T08:52:39Z,501,0.07546526057012792,-0.009689100979859129,0.006523650403352437,0.08759506995184033
3162,24025,24026,3162,m12-2-9,2026-07-25T08:52:39Z,502,0.08107893300448082,-0.03499911726154117,-0.04936515936639494,-0.018982253848293464
3162,24025,24026,3162,m12-2-9,2026-07-25T08:52:39Z,503,0.05762716443267588,0.0635710679208596,0.045350220769689996,-0.024845587863525618
3162,24025,24026,3162,m12-2-9,2026-07-25T08:52:39Z,504,0.0832280796648656,0.01792303376404743,0.012202110194018512,-0.03940641553490338
3162,24025,24026,3162,m12-2-9,2026-07-25T08:52:39Z,505,0.08335793468185408,0.04139562104577438,-0.017029885979681206,0.06464352734134866
3162,24025,24026,3162,m12-2-9,2026-07-25T08:52:39Z,506,0.07142388428938586,-0.013311118152952725,0.02643131516077478,-0.09831404114385128
3162,24025,24026,3162,m12-2-9,2026-07-25T08:52:39Z,507,0.07141145112219209,-0.10704401824080108,0.021546703448096848,-0.006613612023536603
3162,24025,24026,3162,m12-2-9,2026-07-25T08:52:39Z,508,0.07323661588663033,0.009057397180393213,-0.061974326468657324,0.04585366205065379
3162,24025,24026,3162,m12-2-9,2026-07-25T08:52:39Z,509,0.0730397500644114,0.018851107615590137,0.027596443913589525,-0.0792324283890147
3162,24025,24026,3162,m12-2-9,2026-07-25T08:52:39Z,510,0.08052283587953342,0.04637459547255962,0.04726899979749717,-0.005791250677388614
3162,24025,24026,3162,m12-2-9,2026-07-25T08:52:39Z,511,0.08400207634078641,-0.046161205227431425,0.0033167976259503434,0.02810636267200086
3162,24025,24026,3162,m12-2-9,2026-07-25T08:52:39Z,512,0.07602800418828629,0.017824963018486992,0.004242972039054704,0.07332299298163017
3162,24025,24026,3162,m12-2-9,2026-07-25T08:52:39Z,513,0.06467416215122475,0.12257512019072286,-0.038134957955826256,0.003724500994050328
3162,24025,24026,3162,m12-2-9,2026-07-25T08:52:39Z,514,0.08187203180799847,0.06126922878197739,-0.020139948905040197,0.035004755757857234
3162,24025,24026,3162,m12-2-9,2026-07-25T08:52:39Z,515,0.08461907769917726,-0.004459991268462825,0.008923083601746814,3.001282495147769e-5
3162,24025,24026,3162,m12-2-9,2026-07-25T08:52:39Z,516,0.08294419798973585,0.01592174857826156,0.053489477659585685,0.058015505798971925
3162,24025,24026,3162,m12-2-9,2026-07-25T08:52:39Z,517,0.06523757260476325,-0.04709262754752429,-0.0016295534980300971,0.08857761955656164
3162,24025,24026,3162,m12-2-9,2026-07-25T08:52:39Z,518,0.08019373789066166,0.01628102016493864,0.019980263986522553,-0.019621789990046237
3162,24025,24026,3162,m12-2-9,2026-07-25T08:52:39Z,519,0.07192452614609375,0.002654058976451218,-0.04002798626252422,0.07460255335593113
3162,24025,24026,3162,m12-2-9,2026-07-25T08:52:39Z,520,0.07654402296677816,0.06236778321439932,-0.04392409125254064,-0.009814251480279416
3162,24025,24026,3162,m12-2-9,2026-07-25T08:52:39Z,521,0.07455466682050266,-0.035099163877856734,-0.03221275501780568,-0.072328730611571
3162,24025,24026,3162,m12-2-9,2026-07-25T08:52:39Z,522,0.06807148632519319,-0.07620710224335192,-0.031735690604164646,-0.006146161497754402
3162,24025,24026,3162,m12-2-9,2026-07-25T08:52:39Z,523,0.06423356105694748,0.029987551494862145,0.014014661295641,0.07607719499861511
3162,24025,24026,3162,m12-2-9,2026-07-25T08:52:39Z,524,0.08076982955378048,0.011432839694615584,0.01308098552058283,0.057394274545820835
3162,24025,24026,3162,m12-2-9,2026-07-25T08:52:39Z,525,0.08843390322692564,-0.023663663018195363,-0.005743248903840526,0.012311105713665896
3162,24025,24026,3162,m12-2-9,2026-07-25T08:52:39Z,526,0.0692545495123698,-0.04849309728676096,-0.05679672212999072,-0.024221605380066877
3162,24025,24026,3162,m12-2-9,2026-07-25T08:52:39Z,527,0.08001508852245348,-0.07438221907678653,-0.01769902456261365,0.005798899469995814
3162,24025,24026,3162,m12-2-9,2026-07-25T08:52:39Z,528,0.059142676087570616,-0.02280828420165826,-0.05987897095984786,-0.07181042044749793
3162,24025,24026,3162,m12-2-9,2026-07-25T08:52:39Z,529,0.06861787247839858,-0.007718137642114215,-0.022561793588633458,-0.09574375635710411
3162,24025,24026,3162,m12-2-9,2026-07-25T08:52:39Z,530,0.07009865931572441,-0.014123661047841504,-0.07616382879966217,-0.0187846313731164
3162,24025,24026,3162,m12-2-9,2026-07-25T08:52:39Z,531,0.06908276776458626,-0.06553932832651843,0.025641486061922247,0.005195427645655216
3162,24025,24026,3162,m12-2-9,2026-07-25T08:52:39Z,532,0.06704666393554097,0.06183917058015678,0.028652994456197813,-0.051646455096859493
3162,24025,24026,3162,m12-2-9,2026-07-25T08:52:39Z,533,0.07950219679498446,-0.04050987655042025,0.041487846342593754,-0.024929298784998014
3162,24025,24026,3162,m12-2-9,2026-07-25T08:52:39Z,534,0.08735262540822074,0.01757487089112798,0.002997415960877435,0.0030161065755928904
3162,24025,24026,3162,m12-2-9,2026-07-25T08:52:39Z,535,0.07879254339616215,-0.07719114470845923,-0.013007560488830672,0.002441104236778892
3162,24025,24026,3162,m12-2-9,2026-07-25T08:52:39Z,536,0.05912349191362979,0.06501287804166195,-0.023163056260589097,0.04541290569462546
3162,24025,24026,3162,m12-2-9,2026-07-25T08:52:39Z,537,0.07416350849018533,-0.0012631186408246233,0.09055156186597169,-0.00491536846761246
3162,24025,24026,3162,m12-2-9,2026-07-25T08:52:39Z,538,0.07558714329486792,0.061250563932951155,0.013721765932980638,-0.013376549873624414
3162,24025,24026,3162,m12-2-9,2026-07-25T08:52:39Z,539,0.07046734854435606,-0.006066933520356444,0.08894106507750245,-0.020206187263966675
3162,24025,24026,3162,m12-2-9,2026-07-25T08:52:39Z,540,0.07714034279480904,-0.023373361929473133,-0.07013464442419813,-0.008484857791794937
3162,24025,24026,3162,m12-2-9,2026-07-25T08:52:39Z,541,0.07950780090385413,-0.02129015472577329,0.012942425405601359,-0.0679480384855934
3162,24025,24026,3162,m12-2-9,2026-07-25T08:52:39Z,542,0.06346125514880774,-0.01872322193259052,-0.05409404401639831,-0.004031716019290286
3162,24025,24026,3162,m12-2-9,2026-07-25T08:52:39Z,543,0.09012301326805237,-0.01980205557458521,0.022073113746581583,0.023577175169812604
3162,24025,24026,3162,m12-2-9,2026-07-25T08:52:39Z,544,0.05978819345861235,-0.06834895337592471,0.04022214474340984,-0.03974191618849951
3162,24025,24026,3162,m12-2-9,2026-07-25T08:52:39Z,545,0.06473784969083266,0.040932532835180106,-0.02899290760024305,-0.04302020976759009
3162,24025,24026,3162,m12-2-9,2026-07-25T08:52:39Z,546,0.07592005152731136,0.008772337153374693,0.0904300208979341,0.016064729511790544
3162,24025,24026,3162,m12-2-9,2026-07-25T08:52:39Z,547,0.06849674380791407,0.0638907482870554,0.03229935569315543,0.05763502684408437
3162,24025,24026,3162,m12-2-9,2026-07-25T08:52:39Z,548,0.08224363934989587,-0.024574950974943686,-0.0595192001130831,-0.002058108669352799
3162,24025,24026,3162,m12-2-9,2026-07-25T08:52:39Z,549,0.09154476853528332,0.007841277322758163,0.021029556396130775,-0.008613498575250265
3162,24025,24026,3162,m12-2-9,2026-07-25T08:52:39Z,550,0.07502966947860397,-0.020565045276253233,0.04540229988842005,-0.052623161125893464
3162,24025,24026,3162,m12-2-9,2026-07-25T08:52:39Z,551,0.07088068248998287,0.06897206517631067,-0.001737617136584031,-0.021701572694115608
3162,24025,24026,3162,m12-2-9,2026-07-25T08:52:39Z,552,0.08424061989525909,0.01828755108286054,0.03589355138179659,0.021724331107411923
3162,24025,24026,3162,m12-2-9,2026-07-25T08:52:39Z,553,0.07364625150170684,-0.0525429104470738,-0.04905947012670331,-0.0017110402557278836
3162,24025,24026,3162,m12-2-9,2026-07-25T08:52:39Z,554,0.07219198753887551,0.0175719705513334,-0.027395802409595892,0.07899205785389253
3162,24025,24026,3162,m12-2-9,2026-07-25T08:52:39Z,555,0.06555547391796263,0.03903936253365894,-0.01844943709259432,0.07677085775230462
3162,24025,24026,3162,m12-2-9,2026-07-25T08:52:39Z,556,0.05352819367025676,-0.03411762468160684,0.054781903508392744,0.04503455084680835
3162,24025,24026,3162,m12-2-9,2026-07-25T08:52:39Z,557,0.08126749545209558,-0.006213396607281972,0.06216458869778876,0.01651661131008916
3162,24025,24026,3162,m12-2-9,2026-07-25T08:52:39Z,558,0.0792748192020341,0.042433977882489704,0.040931273192249484,-0.013133330553873572
3162,24025,24026,3162,m12-2-9,2026-07-25T08:52:39Z,559,0.06486221292527347,-0.03323324143234608,-0.056171299196373176,-0.0688241931490649
3162,24025,24026,3162,m12-2-9,2026-07-25T08:52:39Z,560,0.0708873017382856,-0.02378138337302843,-0.01419109737127684,-0.07533820082428543
3162,24025,24026,3162,m12-2-9,2026-07-25T08:52:39Z,561,0.07649512010218802,-0.07058433902106925,-0.028614900478021923,-0.027369678034018685
3162,24025,24026,3162,m12-2-9,2026-07-25T08:52:39Z,562,0.08489010188746715,0.013553636638010689,-0.04736819178443467,0.005996072770817558
3162,24025,24026,3162,m12-2-9,2026-07-25T08:52:39Z,563,0.0741688454447671,0.014816248831769881,0.0893861031435686,0.005573464888683125
3162,24025,24026,3162,m12-2-9,2026-07-25T08:52:39Z,564,0.06832447550140325,0.03492488882500276,-0.022042721878047122,0.06184797320791843
3162,24025,24026,3162,m12-2-9,2026-07-25T08:52:39Z,565,0.0676145056389021,0.07101984223019259,-0.013249074909417747,0.059145983192043526
3162,24025,24026,3162,m12-2-9,2026-07-25T08:52:39Z,566,0.07307584946752249,-0.01159930084228602,0.02539116677145168,-0.09299958964385495
3162,24025,24026,3162,m12-2-9,2026-07-25T08:52:39Z,567,0.0664188565987849,-0.058601574615064815,0.02796818183769108,-0.059229352189129336
3162,24025,24026,3162,m12-2-9,2026-07-25T08:52:39Z,568,0.08353159523109986,-0.0018002919513491265,0.012339281409271588,0.04342441909815727
3162,24025,24026,3162,m12-2-9,2026-07-25T08:52:39Z,569,0.07603203208500488,0.017369021916805193,0.04409707661857855,0.007347087085372928
3162,24025,24026,3162,m12-2-9,2026-07-25T08:52:39Z,570,0.06156633149703399,0.04311449902716186,-0.04189265149272706,-0.05236895406093328
3162,24025,24026,3162,m12-2-9,2026-07-25T08:52:39Z,571,0.07302755784694932,-0.08400113731393423,-0.014307447784864803,0.011490478707993471
3162,24025,24026,3162,m12-2-9,2026-07-25T08:52:39Z,572,0.08016177271203663,-0.007681214996097552,-0.059991899920435604,0.008195876546953806
3162,24025,24026,3162,m12-2-9,2026-07-25T08:52:39Z,573,0.08442181584537373,-0.006191843821149034,-0.049553286950937844,0.022430412354086684
3162,24025,24026,3162,m12-2-9,2026-07-25T08:52:39Z,574,0.08452269223427498,-0.03555985081445312,-0.05141172134483871,0.004482903225019836
3162,24025,24026,3162,m12-2-9,2026-07-25T08:52:39Z,575,0.08402712417934026,0.04770539747997011,-0.02041611527805742,0.008277293313140378
3162,24025,24026,3162,m12-2-9,2026-07-25T08:52:39Z,576,0.08200832589227382,-0.0650538545869317,0.019223962634540515,-0.010614842357778115
3162,24025,24026,3162,m12-2-9,2026-07-25T08:52:39Z,577,0.06661505528170003,0.03774969196599467,0.01176573399764127,-0.0825327009412909
3162,24025,24026,3162,m12-2-9,2026-07-25T08:52:39Z,578,0.0637773017664847,0.06659595220872884,0.07259399907363344,-0.00747092617012818
3162,24025,24026,3162,m12-2-9,2026-07-25T08:52:39Z,579,0.06759682707105667,-0.04493128457540701,0.03811507333950365,-0.06307593686990022
3162,24025,24026,3162,m12-2-9,2026-07-25T08:52:39Z,580,0.07396215241230172,0.050747767542166346,-0.07278262528013586,0.04870156446049591
3162,24025,24026,3162,m12-2-9,2026-07-25T08:52:39Z,581,0.06868561646061011,0.07896352253483606,0.006346668461605589,-0.03747926362432968
3162,24025,24026,3162,m12-2-9,2026-07-25T08:52:39Z,582,0.08148584955923971,0.0006959767768098163,0.050849242340142514,-0.04661993727763799
3162,24025,24026,3162,m12-2-9,2026-07-25T08:52:39Z,583,0.0827521623301209,0.017562184531176545,-0.05443336545973782,-0.002885632018577431
3162,24025,24026,3162,m12-2-9,2026-07-25T08:52:39Z,584,0.06142018663749775,0.016405128323042688,0.010894765771853108,0.042387860745194815
3162,24025,24026,3162,m12-2-9,2026-07-25T08:52:39Z,585,0.06277295594037671,0.0499325802709382,0.07782297438762366,-0.01286186139002564
3162,24025,24026,3162,m12-2-9,2026-07-25T08:52:39Z,586,0.07625742436995976,-0.05097369070291622,-0.019691391427961658,0.039345542988653955
3162,24025,24026,3162,m12-2-9,2026-07-25T08:52:39Z,587,0.07525931201341382,-0.0096104254162101,-0.06475115294214114,-0.042412773544158816
3162,24025,24026,3162,m12-2-9,2026-07-25T08:52:39Z,588,0.07343848593971812,-0.02142817717845194,0.048183845363309705,0.009424496062815294
3162,24025,24026,3162,m12-2-9,2026-07-25T08:52:39Z,589,0.06684724166572345,0.018626613008087142,0.06808783230647712,0.10243894879993581
3162,24025,24026,3162,m12-2-9,2026-07-25T08:52:39Z,590,0.06888090400404487,-0.07824211921072222,-0.013570478463405266,0.06005312596165381
3162,24025,24026,3162,m12-2-9,2026-07-25T08:52:39Z,591,0.08768112215455023,-0.026537637343673738,0.006291148371920758,0.030473679073847754
3162,24025,24026,3162,m12-2-9,2026-07-25T08:52:39Z,592,0.07856128427823982,-0.05118962034295626,0.02365093129710485,0.012967942590414352
3162,24025,24026,3162,m12-2-9,2026-07-25T08:52:39Z,593,0.07490582017518976,-0.01692092543959468,-0.06860197819900793,-0.0055086833024759144
3162,24025,24026,3162,m12-2-9,2026-07-25T08:52:39Z,594,0.09175073702802804,-0.015976858801560086,0.008815608180048534,-0.009059714358755194
3162,24025,24026,3162,m12-2-9,2026-07-25T08:52:39Z,595,0.08865919610768205,0.01427314001486773,0.059696149410714675,-0.013023517367469324
3162,24025,24026,3162,m12-2-9,2026-07-25T08:52:39Z,596,0.07974362103816225,-0.051792267814691664,0.029932580810984877,0.011256890449207054
3162,24025,24026,3162,m12-2-9,2026-07-25T08:52:39Z,597,0.07881816404708605,0.07989186695480709,-9.204334987200998e-5,0.016514511154894627
3162,24025,24026,3162,m12-2-9,2026-07-25T08:52:39Z,598,0.07172048004995944,-0.005276271459303005,0.01685384685689352,-0.09945793437870425
3162,24025,24026,3162,m12-2-9,2026-07-25T08:52:39Z,599,0.08810425813957401,-0.03222989470466531,0.013220794160790564,-0.017502511615825393
3162,24025,24026,3162,m12-2-9,2026-07-25T08:52:39Z,600,0.07540766981689512,-0.07208348880025198,0.03256732255579312,0.0036771924325446274
3162,24025,24026,3162,m12-2-9,2026-07-25T08:52:39Z,601,0.07626186833196734,0.018099759682949888,-0.06205608234288411,0.01217627647183932
3162,24025,24026,3162,m12-2-9,2026-07-25T08:52:39Z,602,0.07719792083718785,0.07988119143665391,0.0023074736991926773,0.03223719347639214
3162,24025,24026,3162,m12-2-9,2026-07-25T08:52:39Z,603,0.06461455095970353,0.020852321135859792,-0.030750941587266985,0.0810989963278105
3162,24025,24026,3162,m12-2-9,2026-07-25T08:52:39Z,604,0.06823014320407425,0.0441548626195492,-0.0710970535245316,0.004328775852332181
3162,24025,24026,3162,m12-2-9,2026-07-25T08:52:39Z,605,0.058128217621105795,0.05546976212420217,-0.06165868364490266,-0.010876399067100669
3162,24025,24026,3162,m12-2-9,2026-07-25T08:52:39Z,606,0.06802906489602013,0.08372137373663495,0.009822946792049965,0.01830294551606537
3162,24025,24026,3162,m12-2-9,2026-07-25T08:52:39Z,607,0.06690137817864522,-0.06497801423199315,0.04608070853489764,0.026419738142594292
3162,24025,24026,3162,m12-2-9,2026-07-25T08:52:39Z,608,0.08965993293916548,-0.02868107058737351,0.04562093590732224,-0.008558582847518302
3162,24025,24026,3162,m12-2-9,2026-07-25T08:52:39Z,609,0.08221229640252645,-0.08177971219653392,-0.03942456080621086,0.030619526726154596
3162,24025,24026,3162,m12-2-9,2026-07-25T08:52:39Z,610,0.07009289102491469,-0.06666942884232657,0.01810649287114104,0.03277127733304744
3162,24025,24026,3162,m12-2-9,2026-07-25T08:52:39Z,611,0.08961006931288573,-0.05298472396038753,0.03441569511992617,0.019679480282384903
3162,24025,24026,3162,m12-2-9,2026-07-25T08:52:39Z,612,0.07648578342295478,0.035406684218795434,-0.01052721001553097,0.22580788784391576
3162,24025,24026,3162,m12-2-9,2026-07-25T08:52:39Z,613,0.08172847118247209,0.012779746814649455,0.0766865522410406,-0.005336105409342999
3162,24025,24026,3162,m12-2-9,2026-07-25T08:52:39Z,614,0.058462593883980216,0.05434299141180629,-0.0748977088915849,-0.10293181999940546
3162,24025,24026,3162,m12-2-9,2026-07-25T08:52:39Z,615,0.072188576268844,0.05415832156086867,-0.03997540823095374,-0.03943173598301878
3162,24025,24026,3162,m12-2-9,2026-07-25T08:52:39Z,616,0.07805526908737707,-0.0492084776740561,-0.036619225817882094,-0.04290337043657062
3162,24025,24026,3162,m12-2-9,2026-07-25T08:52:39Z,617,0.08670679769451614,0.016090022384924116,0.05110082572914161,-0.031077157988204266
3162,24025,24026,3162,m12-2-9,2026-07-25T08:52:39Z,618,0.06377466419695695,-0.043709505880247836,0.030139849407298826,0.08381819123497004
3162,24025,24026,3162,m12-2-9,2026-07-25T08:52:39Z,619,0.0629074082273851,-0.0003146275235023299,-0.06259272462336721,-0.06044313030183567
3162,24025,24026,3162,m12-2-9,2026-07-25T08:52:39Z,620,0.07144284249055859,0.07250555850529364,-0.021063627411653314,0.08489741988975634
3162,24025,24026,3162,m12-2-9,2026-07-25T08:52:39Z,621,0.07122358674017201,-0.01373314850538365,-0.0036197462889813988,0.10725999558018127
3162,24025,24026,3162,m12-2-9,2026-07-25T08:52:39Z,622,0.06775103632809854,-0.037151601443794445,0.04319251374836976,-0.0734768644388399
3162,24025,24026,3162,m12-2-9,2026-07-25T08:52:39Z,623,0.06712779234865664,0.02055582632947427,0.06191531482072896,-0.08693353589374249
3162,24025,24026,3162,m12-2-9,2026-07-25T08:52:39Z,624,0.06667727510989364,-0.015432580842325443,-0.04427587733925815,-0.06489384733057373
3162,24025,24026,3162,m12-2-9,2026-07-25T08:52:39Z,625,0.07427360314601877,0.0379017425013442,-0.05742926658411584,-0.038933272449871145
3162,24025,24026,3162,m12-2-9,2026-07-25T08:52:39Z,626,0.08964571514106418,0.020960461138787002,0.01660144286764894,-0.013239830827304828
3162,24025,24026,3162,m12-2-9,2026-07-25T08:52:39Z,627,0.09073058999027662,-0.03446663698145049,-0.019208089958641893,0.011847219628140433
3162,24025,24026,3162,m12-2-9,2026-07-25T08:52:39Z,628,0.05265921702637424,0.037425321278786096,-0.06268063214995147,0.049969341353823644
3162,24025,24026,3162,m12-2-9,2026-07-25T08:52:39Z,629,0.0704296513097319,-0.055931644447963794,-0.0426428661534512,0.02486528334976638
3162,24025,24026,3162,m12-2-9,2026-07-25T08:52:39Z,630,0.06652842253502397,0.03991729805653244,0.09005250545442098,0.03435707072379781
3162,24025,24026,3162,m12-2-9,2026-07-25T08:52:39Z,631,0.08795425829785926,0.02426682992020369,0.039957433565264024,-0.0011459189565344449
3162,24025,24026,3162,m12-2-9,2026-07-25T08:52:39Z,632,0.08861864238535194,-0.0009585094310192704,-0.011905779599370938,-0.037585828699441874
3162,24025,24026,3162,m12-2-9,2026-07-25T08:52:39Z,633,0.06945855507628897,0.021274544481148728,-0.007001498472220316,-0.08818927727078732
3162,24025,24026,3162,m12-2-9,2026-07-25T08:52:39Z,634,0.07618420868865837,0.03904350965347507,0.01601238114540251,-0.03480001918792563
3162,24025,24026,3162,m12-2-9,2026-07-25T08:52:39Z,635,0.0650477623453047,-0.08078109235836657,0.022382167239446926,-0.044900332314632654
3162,24025,24026,3162,m12-2-9,2026-07-25T08:52:39Z,636,0.08343286318084117,-0.05785188035181278,0.004607464759584282,0.01037240564603668
3162,24025,24026,3162,m12-2-9,2026-07-25T08:52:39Z,637,0.08253365085734829,0.057732279581583903,-0.014874845036667575,0.008753991137529026
3162,24025,24026,3162,m12-2-9,2026-07-25T08:52:39Z,638,0.07055845565745626,0.052809368745955855,-0.0039249371832154375,-0.03585581007018029
3162,24025,24026,3162,m12-2-9,2026-07-25T08:52:39Z,639,0.0921880427873317,-0.0018079452155546287,-0.011884807716948375,0.01301022944197031
3162,24025,24026,3162,m12-2-9,2026-07-25T08:52:39Z,640,0.07411376241417604,0.052226999921755383,-0.05053791412303301,-0.0017294102845003142
3162,24025,24026,3162,m12-2-9,2026-07-25T08:52:39Z,641,0.07384250685433512,0.029266866413586362,0.021282846276929834,0.08281566853862161
3162,24025,24026,3162,m12-2-9,2026-07-25T08:52:39Z,642,0.0863283129147954,0.006515058380550288,-0.03432223264223312,0.009974050707309477
3162,24025,24026,3162,m12-2-9,2026-07-25T08:52:39Z,643,0.07937795019777034,0.01782387263404236,0.06958687771488296,0.007761637675427248
3162,24025,24026,3162,m12-2-9,2026-07-25T08:52:39Z,644,0.07119886556413661,0.04275568482737033,0.040019319271319416,-0.0389884481376277
3162,24025,24026,3162,m12-2-9,2026-07-25T08:52:39Z,645,0.08307231892943143,0.022910850218424268,-0.0037182942616863284,0.0666342078631968
3162,24025,24026,3162,m12-2-9,2026-07-25T08:52:39Z,646,0.06180389101506661,-0.05013243756594455,0.0797080195605944,-0.0013420135452381836
3162,24025,24026,3162,m12-2-9,2026-07-25T08:52:39Z,647,0.07922028499219073,0.028207132909362904,0.06362570693576683,0.038974770132807944
3162,24025,24026,3162,m12-2-9,2026-07-25T08:52:39Z,648,0.08896065619917529,-0.02189331058994788,-0.010671735300042692,-0.00047066716630408777
3162,24025,24026,3162,m12-2-9,2026-07-25T08:52:39Z,649,0.08162168696932189,0.2247752767061511,0.18451542101921728,0.11802514841552131
3162,24025,24026,3162,m12-2-9,2026-07-25T08:52:39Z,650,0.06794552336732043,-0.0057428307538242955,-0.08610612827659633,-0.020697652810754467
3162,24025,24026,3162,m12-2-9,2026-07-25T08:52:39Z,651,0.0796090407211883,0.06590985071861145,0.016016877296073158,-0.00997291801785332
3162,24025,24026,3162,m12-2-9,2026-07-25T08:52:39Z,652,0.08583378752706208,-0.028641155133403498,0.010646148933663788,0.026237404098835636
3162,24025,24026,3162,m12-2-9,2026-07-25T08:52:39Z,653,0.06566984675272135,0.02601755758104744,-0.06605216941811626,0.07853630437475474
3162,24025,24026,3162,m12-2-9,2026-07-25T08:52:39Z,654,0.0751850812992394,0.0426891003598444,-0.025087752438187838,0.04225882997395505
3162,24025,24026,3162,m12-2-9,2026-07-25T08:52:39Z,655,0.06557441344661266,-0.06115928156022924,0.05386126357896077,0.015182005679029558
3162,24025,24026,3162,m12-2-9,2026-07-25T08:52:39Z,656,0.07324640659317673,0.02366809212904874,0.05030572682634894,-0.06665597902820737
3162,24025,24026,3162,m12-2-9,2026-07-25T08:52:39Z,657,0.058024762814158165,-0.04039903644920031,-0.06422554785640548,-0.03635786337174206
3162,24025,24026,3162,m12-2-9,2026-07-25T08:52:39Z,658,0.09048839590668584,-0.008828400858054197,-0.016299410942997368,-0.01743178365881499
3162,24025,24026,3162,m12-2-9,2026-07-25T08:52:39Z,659,0.07604308902995068,0.04346040023205014,-0.01835123288220565,-0.042651498060807105
3162,24025,24026,3162,m12-2-9,2026-07-25T08:52:39Z,660,0.06558261380822293,0.0043805423137706564,-0.09274475289993929,0.031219912231046223
3162,24025,24026,3162,m12-2-9,2026-07-25T08:52:39Z,661,0.09009230232298385,-0.0232926611922834,-0.008887404391157934,-0.03951264793949216
3162,24025,24026,3162,m12-2-9,2026-07-25T08:52:39Z,662,0.08240487771569638,0.02792194912392646,-0.037216618614834954,-0.00718350674595984
3162,24025,24026,3162,m12-2-9,2026-07-25T08:52:39Z,663,0.08847042889965252,-0.0058098589433528925,-0.10095699866823953,0.01966201501814967
3162,24025,24026,3162,m12-2-9,2026-07-25T08:52:39Z,664,0.09269392824347737,-0.0025255872710047925,0.0005951725488569926,0.00522059980974229
3162,24025,24026,3162,m12-2-9,2026-07-25T08:52:39Z,665,0.06258747009574406,-0.008260137941230301,-0.04358971254433216,0.07618648419973723
3162,24025,24026,3162,m12-2-9,2026-07-25T08:52:39Z,666,0.07251757470790658,-0.0704724153970746,0.027009027237906873,0.018332005259339645
3162,24025,24026,3162,m12-2-9,2026-07-25T08:52:39Z,667,0.06077188661814444,-0.03468323564521827,0.05300079720661716,0.009975333281321056
3162,24025,24026,3162,m12-2-9,2026-07-25T08:52:39Z,668,0.06622068736925746,0.0035504526545976924,-0.029323172209595356,0.08973284383374311
3162,24025,24026,3162,m12-2-9,2026-07-25T08:52:39Z,669,0.08414159763105811,0.04748180804644807,0.009693366125238708,-0.037661271533975596
3162,24025,24026,3162,m12-2-9,2026-07-25T08:52:39Z,670,0.06278856900416745,-0.06925114300678378,0.0738049614081543,0.006656098551824916
3162,24025,24026,3162,m12-2-9,2026-07-25T08:52:39Z,671,0.06012565338164725,-0.02347689055450249,-0.0680324982166358,-0.0278270345314398
3162,24025,24026,3162,m12-2-9,2026-07-25T08:52:39Z,672,0.06836153686676058,0.056577197654339474,0.0034519580463101608,0.06645275080325845
3162,24025,24026,3162,m12-2-9,2026-07-25T08:52:39Z,673,0.06351425718726893,0.019132762636133383,0.03282861712958092,0.07674751201593513
3162,24025,24026,3162,m12-2-9,2026-07-25T08:52:39Z,674,0.07738358609343313,-0.07608394150660944,-0.013724112164948154,0.0023249229152109054
3162,24025,24026,3162,m12-2-9,2026-07-25T08:52:39Z,675,0.08403568150711331,0.020291877862505033,-0.0637492093421386,-0.03148286400468975
3162,24025,24026,3162,m12-2-9,2026-07-25T08:52:39Z,676,0.09230283379476556,-0.004901166173550068,0.0018821676264196858,0.008655928499380877
3162,24025,24026,3162,m12-2-9,2026-07-25T08:52:39Z,677,0.08164487374433291,-0.056972513412202365,-0.029448247261238052,-0.025058001930485175
3162,24025,24026,3162,m12-2-9,2026-07-25T08:52:39Z,678,0.07299239617169644,0.07868504317434775,-0.0096026323461018,0.03404301089972389
3162,24025,24026,3162,m12-2-9,2026-07-25T08:52:39Z,679,0.07816707387167786,-0.01580304458320043,-0.04274927899644677,0.026222579283165518
3162,24025,24026,3162,m12-2-9,2026-07-25T08:52:39Z,680,0.08778250679394006,-0.16522630586563647,-0.05728766391679867,-0.0624801916253485
3162,24025,24026,3162,m12-2-9,2026-07-25T08:52:39Z,681,0.07657233676173944,0.0030976242822021182,-0.04817045742085545,0.04234188699679922
3162,24025,24026,3162,m12-2-9,2026-07-25T08:52:39Z,682,0.06392045178896742,-0.027631479337971946,-0.039029243792289926,-0.038328521675102624
3162,24025,24026,3162,m12-2-9,2026-07-25T08:52:39Z,683,0.07002133476471473,0.0690827963193957,0.03147978948147629,0.00783301693818115
3162,24025,24026,3162,m12-2-9,2026-07-25T08:52:39Z,684,0.07053486549803271,0.01937162936958339,0.07040471304417396,-0.04204645393392774
3162,24025,24026,3162,m12-2-9,2026-07-25T08:52:39Z,685,0.0679146411559349,-0.09385851881920175,-0.025117646008080193,0.06261013870943814
3162,24025,24026,3162,m12-2-9,2026-07-25T08:52:39Z,686,0.07106841578632511,-0.05789700796706748,0.03948529604911918,-0.004444884672605362
3162,24025,24026,3162,m12-2-9,2026-07-25T08:52:39Z,687,0.07081817376309134,-0.003501926037418614,0.06004595184505808,-0.051446199683158986
3162,24025,24026,3162,m12-2-9,2026-07-25T08:52:39Z,688,0.05747224848059051,-0.06476158649936033,-0.06327217511064033,0.00927690259210567
3162,24025,24026,3162,m12-2-9,2026-07-25T08:52:39Z,689,0.08836291344474877,0.014994404020549785,0.00010642715519726464,0.030842674026910367
3162,24025,24026,3162,m12-2-9,2026-07-25T08:52:39Z,690,0.06712996355464658,-0.023372361032209688,0.07315262861451625,-0.014625625684547353
3162,24025,24026,3162,m12-2-9,2026-07-25T08:52:39Z,691,0.06816929522233561,0.03980990075758149,0.03425549755506548,-0.008816034489350786
3162,24025,24026,3162,m12-2-9,2026-07-25T08:52:39Z,692,0.08705328121979258,0.028139270446646377,0.01578116544187936,-0.0345174599404618
3162,24025,24026,3162,m12-2-9,2026-07-25T08:52:39Z,693,0.0744786005782252,-0.09260922518159971,-0.0004110346971382543,-0.005937742189741005
3162,24025,24026,3162,m12-2-9,2026-07-25T08:52:39Z,694,0.07226526720863985,0.0005072471446677816,-0.09211850702763619,0.0033542069698691964
3162,24025,24026,3162,m12-2-9,2026-07-25T08:52:39Z,695,0.06593457241670518,0.015586307199894945,-0.06027646806678942,0.061427525123436987
3162,24025,24026,3162,m12-2-9,2026-07-25T08:52:39Z,696,0.07111853549455457,-0.01338234072313515,0.012228998204605046,0.10435332609926422
3162,24025,24026,3162,m12-2-9,2026-07-25T08:52:39Z,697,0.07869520277975597,-0.005571268525032472,0.04858881920811715,0.035575290565087486
3162,24025,24026,3162,m12-2-9,2026-07-25T08:52:39Z,698,0.06684816359130959,0.022866455587957756,-0.07763006878603289,0.026082629853462307
3162,24025,24026,3162,m12-2-9,2026-07-25T08:52:39Z,699,0.0625565272263433,-0.03575209254437437,0.04651586585388867,0.04867815074208619
3162,24025,24026,3162,m12-2-9,2026-07-25T08:52:39Z,700,0.06633225279610089,-0.025658555657145116,0.04019574423582358,-0.08104794896178082
3162,24025,24026,3162,m12-2-9,2026-07-25T08:52:39Z,701,0.08769414380219306,-0.021895316799601862,0.011680690808093978,-0.026420418665655303
3162,24025,24026,3162,m12-2-9,2026-07-25T08:52:39Z,702,0.06475994486388795,0.08441646112065333,0.029114057565732036,0.025078417292572538
3162,24025,24026,3162,m12-2-9,2026-07-25T08:52:39Z,703,0.07099952817317044,0.03222010811925466,0.0023218687122809516,0.08384234399467418
3162,24025,24026,3162,m12-2-9,2026-07-25T08:52:39Z,704,0.07422183008936595,0.03762200757308934,0.011905118738730252,0.05381925307336775
3162,24025,24026,3162,m12-2-9,2026-07-25T08:52:39Z,705,0.07298759807221614,-0.08510400484198245,0.018078358448724623,-0.13507537083468935
3162,24025,24026,3162,m12-2-9,2026-07-25T08:52:39Z,706,0.08138087559516258,0.03542552745994275,-0.007832971108240758,-0.038369537706059456
3162,24025,24026,3162,m12-2-9,2026-07-25T08:52:39Z,707,0.08881385781101311,-0.017877283815157248,-0.032776680878815224,0.05604594024594318
3162,24025,24026,3162,m12-2-9,2026-07-25T08:52:39Z,708,0.08551944510683321,0.009521423289500678,-0.02127038565372092,0.036660120317178954
3162,24025,24026,3162,m12-2-9,2026-07-25T08:52:39Z,709,0.08228238232712383,0.033440424407004836,-0.0013369763567705664,0.04821388234688866
3162,24025,24026,3162,m12-2-9,2026-07-25T08:52:39Z,710,0.08163944392833115,-0.01315041819801327,0.008710670127482325,-0.07064289000353818
3162,24025,24026,3162,m12-2-9,2026-07-25T08:52:39Z,711,0.06311501797084569,-0.03266018376890095,0.08119860513520644,0.04649135680898749
3162,24025,24026,3162,m12-2-9,2026-07-25T08:52:39Z,712,0.09001692060372635,0.017357442484520744,-0.046386956279987325,0.020035427346031663
3162,24025,24026,3162,m12-2-9,2026-07-25T08:52:39Z,713,0.07294863572118797,-0.05406977232040636,0.030986125333629672,0.04486130375573932
3162,24025,24026,3162,m12-2-9,2026-07-25T08:52:39Z,714,0.085187652160847,-0.04151976687528321,0.03928912930741669,0.00787457995857244
3162,24025,24026,3162,m12-2-9,2026-07-25T08:52:39Z,715,0.081948897931921,0.03278150500588669,0.005228813384011016,-0.06821314248245032
3162,24025,24026,3162,m12-2-9,2026-07-25T08:52:39Z,716,0.0822642423160418,-0.05090715215195586,0.008769031095336258,-0.01653203458057208
3162,24025,24026,3162,m12-2-9,2026-07-25T08:52:39Z,717,0.060539268545375974,-0.07908686875722862,-0.044537347428165425,0.0393763060971217
3162,24025,24026,3162,m12-2-9,2026-07-25T08:52:39Z,718,0.06651989922222276,-0.07830109294180969,0.04472568051646655,0.000797835015464862
3162,24025,24026,3162,m12-2-9,2026-07-25T08:52:39Z,719,0.0518075804066119,0.04367769407224982,0.057597594154206365,-0.04838367360327981
3162,24025,24026,3162,m12-2-9,2026-07-25T08:52:39Z,720,0.08678899959094336,-0.026468336206249526,0.028777426510146496,-0.01078049486194142
3162,24025,24026,3162,m12-2-9,2026-07-25T08:52:39Z,721,0.0734945757566138,0.031029479053484472,-0.00673439175100298,-0.08654377577050165
3162,24025,24026,3162,m12-2-9,2026-07-25T08:52:39Z,722,0.08042922060278199,0.010235056976268878,0.037535065700463506,0.020942194904574666
3162,24025,24026,3162,m12-2-9,2026-07-25T08:52:39Z,723,0.06683893740133383,-0.016483244815051815,-0.07773121102617563,-0.03190533383597391
3162,24025,24026,3162,m12-2-9,2026-07-25T08:52:39Z,724,0.07144306157823269,-0.03674363034380358,0.04393248032076916,-0.06968807408255198
3162,24025,24026,3162,m12-2-9,2026-07-25T08:52:39Z,725,0.07461401942965012,-0.013673185950582843,0.019534012409023176,0.0546708238997935
3162,24025,24026,3162,m12-2-9,2026-07-25T08:52:39Z,726,0.0797079699856192,-0.0509218324627087,0.04096253876236896,0.003495642669896187
3162,24025,24026,3162,m12-2-9,2026-07-25T08:52:39Z,727,0.09016831739935835,0.00995796998709934,0.020551557163830402,-0.019713430778124878
3162,24025,24026,3162,m12-2-9,2026-07-25T08:52:39Z,728,0.07732268147661121,0.057365685261571146,0.009597015635748113,0.061691165709965745
3162,24025,24026,3162,m12-2-9,2026-07-25T08:52:39Z,729,0.08763575846095922,-0.04773472126258813,0.0024593183158271854,-0.03927555522710009
3162,24025,24026,3162,m12-2-9,2026-07-25T08:52:39Z,730,0.07970413330378298,0.019620559894901336,-0.061610185496429555,0.00027305639984333426
3162,24025,24026,3162,m12-2-9,2026-07-25T08:52:39Z,731,0.081276848221086,-0.028210993423851277,-0.04376252928915534,-0.01008327328222254
3162,24025,24026,3162,m12-2-9,2026-07-25T08:52:39Z,732,0.06815677271731668,-0.07238988100442294,-0.02310716290330341,0.05741112481383685
3162,24025,24026,3162,m12-2-9,2026-07-25T08:52:39Z,733,0.062171042161273865,-0.04268898859453786,0.03932895541887486,-0.06459939614318494
3162,24025,24026,3162,m12-2-9,2026-07-25T08:52:39Z,734,0.07787566594267813,-0.06413264779725004,-0.044358484578645406,0.00789576309030192
3162,24025,24026,3162,m12-2-9,2026-07-25T08:52:39Z,735,0.0787202622263827,0.030779373018926172,0.04299436424872856,0.0467017144504662
3162,24025,24026,3162,m12-2-9,2026-07-25T08:52:39Z,736,0.07504440997164075,-0.010574695095345244,-0.08590179149078214,-0.028319825544795094
3162,24025,24026,3162,m12-2-9,2026-07-25T08:52:39Z,737,0.08570148393013792,-0.0314147937309523,-0.004318605443397154,0.02644891117081395
3162,24025,24026,3162,m12-2-9,2026-07-25T08:52:39Z,738,0.08478704824264256,-0.051854670553013904,-0.004851546129553381,-0.021581067791111096
3162,24025,24026,3162,m12-2-9,2026-07-25T08:52:39Z,739,0.08613836784390602,0.03461573645565035,0.023966361409990544,-0.00011060397291969023
3162,24025,24026,3162,m12-2-9,2026-07-25T08:52:39Z,740,0.07620794674572413,-0.06685595888332915,0.004921660713335143,0.04232220963930402
3162,24025,24026,3162,m12-2-9,2026-07-25T08:52:39Z,741,0.06430081516037948,0.029386621664801837,0.04641704911940143,-0.06914684010836479
3162,24025,24026,3162,m12-2-9,2026-07-25T08:52:39Z,742,0.07607605317520733,-0.07564522843708879,-0.04451005429234018,0.017999142160412995
3162,24025,24026,3162,m12-2-9,2026-07-25T08:52:39Z,743,0.057172144757573436,0.006398439643184048,0.0052618292029349084,-0.03445857120765727
3162,24025,24026,3162,m12-2-9,2026-07-25T08:52:39Z,744,0.061716117449367676,-0.06780371147011571,0.010161187382951147,0.05673722743925527
3162,24025,24026,3162,m12-2-9,2026-07-25T08:52:39Z,745,0.07889134814627696,0.02397300636603961,0.05662573626223542,-0.003825675952769961
3162,24025,24026,3162,m12-2-9,2026-07-25T08:52:39Z,746,0.06863028829021375,0.06355080361380903,0.0013297127101245779,0.030288969958983867
3162,24025,24026,3162,m12-2-9,2026-07-25T08:52:39Z,747,0.056133781387955696,-0.01673362998418634,-0.059643671430658185,-0.047664094019002
3162,24025,24026,3162,m12-2-9,2026-07-25T08:52:39Z,748,0.08982625784899445,0.03299555257405113,-0.007103026081191835,-0.014219732469569325
3162,24025,24026,3162,m12-2-9,2026-07-25T08:52:39Z,749,0.07066084981542169,0.01650090285123906,-0.02157774338302313,-0.05979392864498821
3162,24025,24026,3162,m12-2-9,2026-07-25T08:52:39Z,750,0.06784401992305403,-0.013158938954081757,-0.03428484663827779,0.06463577508853013
3162,24025,24026,3162,m12-2-9,2026-07-25T08:52:39Z,751,0.06496202598209556,0.013680870077520004,-0.09072478341320708,0.053982833936018104
3162,24025,24026,3162,m12-2-9,2026-07-25T08:52:39Z,752,0.07657942247321764,-0.002124551518923804,0.003998852997819708,-0.1010091669749056
3162,24025,24026,3162,m12-2-9,2026-07-25T08:52:39Z,753,0.07569704199458485,0.02813271610561138,-0.04816282089734395,0.004511084325699187
3162,24025,24026,3162,m12-2-9,2026-07-25T08:52:39Z,754,0.07601629551023881,0.020987615011165396,0.012395698119971295,0.06222204915542862
3162,24025,24026,3162,m12-2-9,2026-07-25T08:52:39Z,755,0.07019344163747741,0.08717521833889237,0.03511783603843025,0.012541481271300482
3162,24025,24026,3162,m12-2-9,2026-07-25T08:52:39Z,756,0.08532404960820257,0.01686245264384984,0.008500569282136975,0.04421198787776414
3162,24025,24026,3162,m12-2-9,2026-07-25T08:52:39Z,757,0.08150676544839308,0.010107461383714702,0.0010670128883861452,0.05437201062401254
3162,24025,24026,3162,m12-2-9,2026-07-25T08:52:39Z,758,0.08793034041902122,0.030668688095798806,-0.022136161788127762,-0.012661467054061938
3162,24025,24026,3162,m12-2-9,2026-07-25T08:52:39Z,759,0.07774720486144863,-0.024111677043938597,0.039636173182194784,-0.020215048834311983
3162,24025,24026,3162,m12-2-9,2026-07-25T08:52:39Z,760,0.075399110539537,0.022963302386798945,-0.03189200594326794,-0.015836485779570426
3162,24025,24026,3162,m12-2-9,2026-07-25T08:52:39Z,761,0.07262468541542917,0.08901860442333091,0.021150506159861884,-0.008627386625964212
3162,24025,24026,3162,m12-2-9,2026-07-25T08:52:39Z,762,0.06605236154621442,0.03274396174530367,-0.0002873900790450775,-0.08330866310899024
3162,24025,24026,3162,m12-2-9,2026-07-25T08:52:39Z,763,0.07276855118843939,-0.08014582462845055,-0.01895894863056514,-0.04886658527935034
3162,24025,24026,3162,m12-2-9,2026-07-25T08:52:39Z,764,0.0634972865350878,0.0627371138794554,-0.0004521817478585047,0.0701042485041818
3162,24025,24026,3162,m12-2-9,2026-07-25T08:52:39Z,765,0.06719151021758824,-0.06232858226065763,-0.061071602450498495,0.03159900572528364
3162,24025,24026,3162,m12-2-9,2026-07-25T08:52:39Z,766,0.07875595253461641,-0.01624343613102582,-0.0569509148978335,0.010784654428447478
3162,24025,24026,3162,m12-2-9,2026-07-25T08:52:39Z,767,0.06930060327146206,0.033779247096880426,-0.028059185320152467,-0.03513141953640803
3162,24025,24026,3162,m12-2-9,2026-07-25T08:52:39Z,768,0.06752828756070008,-0.10056927340905682,0.021216185542709067,-0.008922365195621972
3162,24025,24026,3162,m12-2-9,2026-07-25T08:52:39Z,769,0.06607927256302928,0.08671109043593,-0.016332233423214257,0.05495048072235198
3162,24025,24026,3162,m12-2-9,2026-07-25T08:52:39Z,770,0.07673920700730304,-0.038586573000773394,0.020351600638978905,-0.03801288459854882
3162,24025,24026,3162,m12-2-9,2026-07-25T08:52:39Z,771,0.05785317095526039,-0.05260199676876758,-0.06538895770296392,-0.01749584846570692
3162,24025,24026,3162,m12-2-9,2026-07-25T08:52:39Z,772,0.07645888812458053,0.011543301124289244,-0.012517779483884555,0.09912554939310715
3162,24025,24026,3162,m12-2-9,2026-07-25T08:52:39Z,773,0.06815253175361025,-0.029091741255595716,0.06822162813343127,-0.025813733664859354
3162,24025,24026,3162,m12-2-9,2026-07-25T08:52:39Z,774,0.07913420101577164,0.03206468593686797,-0.039412102456287276,-0.05236180479614156
3162,24025,24026,3162,m12-2-9,2026-07-25T08:52:39Z,775,0.08572859519025373,-0.006018620272917747,0.05583007349881613,-0.010213724947076567
3162,24025,24026,3162,m12-2-9,2026-07-25T08:52:39Z,776,0.06783065817376165,-0.026738372783684326,-0.04685208119960191,-0.04716243656380405
3162,24025,24026,3162,m12-2-9,2026-07-25T08:52:39Z,777,0.07241032919390618,0.08517198540789316,0.013605657893974709,-0.016191466233347676
3162,24025,24026,3162,m12-2-9,2026-07-25T08:52:39Z,778,0.07425136866760221,-0.041499158442107116,-0.032080717360926214,-0.05848752012524511
3162,24025,24026,3162,m12-2-9,2026-07-25T08:52:39Z,779,0.08261119479999465,0.03181325819832289,-0.01943899026608682,-0.07176454013138597
3162,24025,24026,3162,m12-2-9,2026-07-25T08:52:39Z,780,0.09150933462755573,-0.012964555045704708,0.03436621525598734,-0.006940392543972329
3162,24025,24026,3162,m12-2-9,2026-07-25T08:52:39Z,781,0.08043398672061518,-0.019214218067367783,0.03546850060139471,-0.04127836498367033
3162,24025,24026,3162,m12-2-9,2026-07-25T08:52:39Z,782,0.08103421757535513,-0.022848429001626896,-0.05472376395416691,0.03450182542719557
3162,24025,24026,3162,m12-2-9,2026-07-25T08:52:39Z,783,0.061988315709581264,0.06902316949218203,0.03848119055089036,0.03131113381088207
3162,24025,24026,3162,m12-2-9,2026-07-25T08:52:39Z,784,0.07796252652930284,0.06347861686571549,-0.007020808454484568,-0.020950371003099766
3162,24025,24026,3162,m12-2-9,2026-07-25T08:52:39Z,785,0.08031085738880997,0.005787043557042391,-0.048103826053716464,0.0709715286442028
3162,24025,24026,3162,m12-2-9,2026-07-25T08:52:39Z,786,0.06320648078501821,-0.050586013294363116,-0.0821376768379094,0.03899440824070964
3162,24025,24026,3162,m12-2-9,2026-07-25T08:52:39Z,787,0.08530516368160686,0.02383791518527637,0.018383820561183352,-0.03538199664499988
3162,24025,24026,3162,m12-2-9,2026-07-25T08:52:39Z,788,0.0828728356313555,0.017997466151349017,-0.048918752681037944,-0.013910180741130429
3162,24025,24026,3162,m12-2-9,2026-07-25T08:52:39Z,789,0.07234839719655518,-0.04112388405835086,0.03391399233048341,-0.062308774104290095
3162,24025,24026,3162,m12-2-9,2026-07-25T08:52:39Z,790,0.06581063835816985,0.07235701278127776,0.29536435413650386,0.04353886319232527
3162,24025,24026,3162,m12-2-9,2026-07-25T08:52:39Z,791,0.0765184919983349,-0.026029979590870167,0.04281809085083644,-0.005471183225748467
3162,24025,24026,3162,m12-2-9,2026-07-25T08:52:39Z,792,0.06277572185725237,0.05708789432924752,-0.02611209908637179,0.05213953842223223
3162,24025,24026,3162,m12-2-9,2026-07-25T08:52:39Z,793,0.07832755763620661,0.06466223492664809,0.02418798788715324,-0.03147036636326601
3162,24025,24026,3162,m12-2-9,2026-07-25T08:52:39Z,794,0.088694302893213,-0.028194783363005595,-0.018279371447141878,-0.007645819782417842
3162,24025,24026,3162,m12-2-9,2026-07-25T08:52:39Z,795,0.0724355935845117,-0.008307411314233206,0.10238729778630426,-0.03071837873718789
3162,24025,24026,3162,m12-2-9,2026-07-25T08:52:39Z,796,0.06843049569669368,-0.07195940441950571,0.014062209457144535,0.027076490698045
3162,24025,24026,3162,m12-2-9,2026-07-25T08:52:39Z,797,0.062025933730598316,-0.02083411601247903,-0.055134337228757914,-0.06639486970470729
3162,24025,24026,3162,m12-2-9,2026-07-25T08:52:39Z,798,0.06803736212108245,0.057469679399597635,-0.07360034717531637,-0.019548365759135395
3162,24025,24026,3162,m12-2-9,2026-07-25T08:52:39Z,799,0.07019450371835907,-0.07643526592726481,0.011258851122788077,0.028097365104215795
3162,24025,24026,3162,m12-2-9,2026-07-25T08:52:39Z,800,0.07865599280737881,-0.09266954768614818,0.014305495742615594,0.018022720414143684
3162,24025,24026,3162,m12-2-9,2026-07-25T08:52:39Z,801,0.0757656391895527,0.005335010855643739,-0.07485735105650992,0.007071978835860611
3162,24025,24026,3162,m12-2-9,2026-07-25T08:52:39Z,802,0.07573783047935487,-0.04461322543099256,0.040247997336690926,0.009776100391584275
3162,24025,24026,3162,m12-2-9,2026-07-25T08:52:39Z,803,0.07730343465904002,0.01502030912403457,-0.061909748512660186,0.006361947509141833
3162,24025,24026,3162,m12-2-9,2026-07-25T08:52:39Z,804,0.07747152950549907,-0.07389922440916272,-0.030750447741606214,0.015087339485377682
3162,24025,24026,3162,m12-2-9,2026-07-25T08:52:39Z,805,0.08912331776599516,-0.021967186324677444,-0.02070292017934459,-0.00563232775016601
3162,24025,24026,3162,m12-2-9,2026-07-25T08:52:39Z,806,0.06824146461037414,0.07667601412320672,-0.013167334152323204,-0.037530990618128604
3162,24025,24026,3162,m12-2-9,2026-07-25T08:52:39Z,807,0.07578659496654365,-0.00574515947356784,0.06449907142077993,-0.011923367627860105
3162,24025,24026,3162,m12-2-9,2026-07-25T08:52:39Z,808,0.08291143819313253,-0.0024039592217375027,0.016628538050249195,0.03355148553436356
3162,24025,24026,3162,m12-2-9,2026-07-25T08:52:39Z,809,0.07255180282620584,-0.025384482608062225,-0.095371985532667,-0.0013555673049880895
3162,24025,24026,3162,m12-2-9,2026-07-25T08:52:39Z,810,0.08208306843190045,0.004720338627026139,0.031126572722759135,0.018418074308551073
3162,24025,24026,3162,m12-2-9,2026-07-25T08:52:39Z,811,0.08313368711027097,-0.011728856464248675,-0.018296259464021587,-0.050198518932289334
3162,24025,24026,3162,m12-2-9,2026-07-25T08:52:39Z,812,0.06146521356639586,-0.025842245438765486,-0.05522969088140037,-0.06155041368572265
3162,24025,24026,3162,m12-2-9,2026-07-25T08:52:39Z,813,0.07294390727963439,-0.0028985182375962136,-0.029914249933813683,-0.11098003420025987
3162,24025,24026,3162,m12-2-9,2026-07-25T08:52:39Z,814,0.06883318192346205,-0.03455763107355354,0.07752026890514953,-0.01680764821428824
3162,24025,24026,3162,m12-2-9,2026-07-25T08:52:39Z,815,0.07231866796138567,0.029495745386622065,-0.05864042161354329,0.0153573061669691
3162,24025,24026,3162,m12-2-9,2026-07-25T08:52:39Z,816,0.06295720370356558,0.05223923274476863,-0.008491810135234892,-0.08114098753808412
3162,24025,24026,3162,m12-2-9,2026-07-25T08:52:39Z,817,0.08119724564166449,0.009243276949354257,-0.06254334247158762,0.03205659244598117
3162,24025,24026,3162,m12-2-9,2026-07-25T08:52:39Z,818,0.09028298907333726,-0.00914273684624432,-0.03310904837733626,-0.009417060520858393
3162,24025,24026,3162,m12-2-9,2026-07-25T08:52:39Z,819,0.06870730647101235,-0.07232470032282713,0.03961743847702013,-0.0033655610377634395
3162,24025,24026,3162,m12-2-9,2026-07-25T08:52:39Z,820,0.06574579452621011,-0.037516478271608325,0.07644496234948506,-0.004477364669780917
3162,24025,24026,3162,m12-2-9,2026-07-25T08:52:39Z,821,0.0658521639993111,-0.07409989272909866,-0.04031159928298048,-0.019932697189686616
3162,24025,24026,3162,m12-2-9,2026-07-25T08:52:39Z,822,0.08532450260001304,0.01400042192850182,0.01009371378488981,0.05390845187760295
3162,24025,24026,3162,m12-2-9,2026-07-25T08:52:39Z,823,0.08212525490878027,-0.05472436479296386,-0.024539626351037156,-0.042664452929394796
3162,24025,24026,3162,m12-2-9,2026-07-25T08:52:39Z,824,0.061813631535935325,0.06434587021496664,-0.05779738200406432,0.008158652464624836
3162,24025,24026,3162,m12-2-9,2026-07-25T08:52:39Z,825,0.06135000677896199,-0.0524384721166848,-0.07256068277711619,0.05150614996031898
3162,24025,24026,3162,m12-2-9,2026-07-25T08:52:39Z,826,0.07179884861438529,0.04354717829795243,0.0395468140888043,-0.04997376801419352
3162,24025,24026,3162,m12-2-9,2026-07-25T08:52:39Z,827,0.07477410553985384,0.05852404018111795,-0.024561905070284308,0.04022952614937576
3162,24025,24026,3162,m12-2-9,2026-07-25T08:52:39Z,828,0.07546168648751535,-0.0030187091967237498,-0.06442442512200196,0.007680677059398756
3162,24025,24026,3162,m12-2-9,2026-07-25T08:52:39Z,829,0.07274408898683414,-0.034419844742483004,0.02156425279037764,0.07978171465892848
3162,24025,24026,3162,m12-2-9,2026-07-25T08:52:39Z,830,0.07970543866633896,-0.042622508370835276,-0.017564396729389538,-0.013106432520889673
3162,24025,24026,3162,m12-2-9,2026-07-25T08:52:39Z,831,0.07636964363790039,0.06751502435118481,-0.02606144631034464,-0.01259222483141559
3162,24025,24026,3162,m12-2-9,2026-07-25T08:52:39Z,832,0.09146245857715828,0.0012944080772673621,-0.015571215714977911,-0.019261062192132347
3162,24025,24026,3162,m12-2-9,2026-07-25T08:52:39Z,833,0.08446707394954757,-0.0276018106511591,-0.07847608174274016,-0.01948816996174713
3162,24025,24026,3162,m12-2-9,2026-07-25T08:52:39Z,834,0.07283658686017289,0.041981237943619826,0.059942411994081644,0.05702665816923548
3162,24025,24026,3162,m12-2-9,2026-07-25T08:52:39Z,835,0.06434477086984407,0.08988595773137231,0.04450611743926568,0.03330023259057622
3162,24025,24026,3162,m12-2-9,2026-07-25T08:52:39Z,836,0.08017403298093592,-0.04374546359116119,-0.05459420584180392,-0.06702948518149057
3162,24025,24026,3162,m12-2-9,2026-07-25T08:52:39Z,837,0.07037380111707889,0.009936858226362444,0.08089273420681153,0.05514229096542991
3162,24025,24026,3162,m12-2-9,2026-07-25T08:52:39Z,838,0.08491651314645833,0.05004161851967512,-0.00014758579426509913,0.036326967253895816
3162,24025,24026,3162,m12-2-9,2026-07-25T08:52:39Z,839,0.07618000036315768,0.0783234903297054,0.015072319311168116,-0.01634882701977517
3162,24025,24026,3162,m12-2-9,2026-07-25T08:52:39Z,840,0.0845584248267558,-0.03734518757986622,-0.01731142770561945,0.022593657103279624
3162,24025,24026,3162,m12-2-9,2026-07-25T08:52:39Z,841,0.07952260578578663,0.018157227396164134,-0.016854421842379317,0.004248055980056828
3162,24025,24026,3162,m12-2-9,2026-07-25T08:52:39Z,842,0.06692030163238068,-0.0015495078310106426,0.10257532459909988,-0.02870407181038114
3162,24025,24026,3162,m12-2-9,2026-07-25T08:52:39Z,843,0.06701121452236225,-0.034101885145155615,-0.02693519163778041,-0.07056502088520715
3162,24025,24026,3162,m12-2-9,2026-07-25T08:52:39Z,844,0.07581240277050703,-0.02007471174609395,-0.06246047868381225,-0.047405280315553446
3162,24025,24026,3162,m12-2-9,2026-07-25T08:52:39Z,845,0.08096853004558843,-0.02144561142009827,-0.043881677599399274,0.026299810383425326
3162,24025,24026,3162,m12-2-9,2026-07-25T08:52:39Z,846,0.09057537517117457,-0.0036554781323126866,0.005742036200972516,-0.020095412881138502
3162,24025,24026,3162,m12-2-9,2026-07-25T08:52:39Z,847,0.07889993351575031,-0.03483494359472617,0.028988577459144158,0.0607324388593604
3162,24025,24026,3162,m12-2-9,2026-07-25T08:52:39Z,848,0.08261643032842822,-0.03361736380762617,0.021478901180090007,0.03147492498117952
3162,24025,24026,3162,m12-2-9,2026-07-25T08:52:39Z,849,0.09416688632462285,0.6012739520789149,-0.6428131100221923,-0.3423475273271569
3162,24025,24026,3162,m12-2-9,2026-07-25T08:52:39Z,850,0.08189352529792046,-0.01984095927276011,-0.006827546086521188,-0.05419514745827563
3162,24025,24026,3162,m12-2-9,2026-07-25T08:52:39Z,851,0.07982941873258691,-0.030202385277038855,0.1010125574100696,-0.034584177294659096
3162,24025,24026,3162,m12-2-9,2026-07-25T08:52:39Z,852,0.07610005096765475,0.028176805104682366,-0.04930825671502266,-0.029160524298179055
3162,24025,24026,3162,m12-2-9,2026-07-25T08:52:39Z,853,0.08403919438952613,0.013120130444216402,0.02416433047341092,-0.05961710944025878
3162,24025,24026,3162,m12-2-9,2026-07-25T08:52:39Z,854,0.08121072704135651,-0.027360033483597484,-0.02653958518780277,-0.050000468232241684
3162,24025,24026,3162,m12-2-9,2026-07-25T08:52:39Z,855,0.08454597179855017,-0.023973174630408208,0.017508244162793,0.023535256204060568
3162,24025,24026,3162,m12-2-9,2026-07-25T08:52:39Z,856,0.08448645683338736,-0.03153496295263949,-0.03815274652974466,-0.013813628630069488
3162,24025,24026,3162,m12-2-9,2026-07-25T08:52:39Z,857,0.0679016309254264,0.06885360622130722,0.027122697675672016,0.026553925651220684
3162,24025,24026,3162,m12-2-9,2026-07-25T08:52:39Z,858,0.08734917119737746,0.013871385786917162,-0.016461426621301442,0.008610991497977808
3162,24025,24026,3162,m12-2-9,2026-07-25T08:52:39Z,859,0.08543343034575265,-0.023192676551462003,0.031108722140225743,-0.01966781005496974
3162,24025,24026,3162,m12-2-9,2026-07-25T08:52:39Z,860,0.07707790048662412,-0.04369209835880067,-0.0029784073137394335,-0.0641560909396034
3162,24025,24026,3162,m12-2-9,2026-07-25T08:52:39Z,861,0.07062774821104371,-0.017532622628831488,-0.07538729822146638,0.020364428258073913
3162,24025,24026,3162,m12-2-9,2026-07-25T08:52:39Z,862,0.07534748121599195,0.0905046962648609,-0.018038046795025884,-0.024225488160926407
3162,24025,24026,3162,m12-2-9,2026-07-25T08:52:39Z,863,0.08736738840877349,-0.004403252056595873,-0.02274045680192888,0.05265613519824671
3162,24025,24026,3162,m12-2-9,2026-07-25T08:52:39Z,864,0.08891474480282363,-0.02982943592606732,0.013135395140291935,0.02712184411358437
3162,24025,24026,3162,m12-2-9,2026-07-25T08:52:39Z,865,0.07919748856499288,0.011838586433738042,0.07158698457021326,-0.00081594453003993
3162,24025,24026,3162,m12-2-9,2026-07-25T08:52:39Z,866,0.059124152957193685,0.07491785221680257,-0.029192197862042933,0.04152496209057835
3162,24025,24026,3162,m12-2-9,2026-07-25T08:52:39Z,867,0.07659476560807242,0.07998413505850491,0.008888740311418971,-0.00656442153457312
3162,24025,24026,3162,m12-2-9,2026-07-25T08:52:39Z,868,0.07172823956283889,-0.10423658195452462,-0.006913489008773742,-0.011228608928789303
3162,24025,24026,3162,m12-2-9,2026-07-25T08:52:39Z,869,0.08949100899230542,0.03533239160651295,-0.00830447077060988,0.01302227689280048
3162,24025,24026,3162,m12-2-9,2026-07-25T08:52:39Z,870,0.06753125571818744,-0.022741297120772726,-0.0751243570779422,-0.028095245785599104
3162,24025,24026,3162,m12-2-9,2026-07-25T08:52:39Z,871,0.0732563826480782,0.0566585721568573,-0.06325772012250917,0.08972171626224418
3162,24025,24026,3162,m12-2-9,2026-07-25T08:52:39Z,872,0.06722838241622,0.06970259941966386,-0.04625674181367619,-0.009209678817264012
3162,24025,24026,3162,m12-2-9,2026-07-25T08:52:39Z,873,0.083237409353262,0.0535644591183184,0.01221479164298574,0.004587410148372541
3162,24025,24026,3162,m12-2-9,2026-07-25T08:52:39Z,874,0.05932320050739146,-0.07167408743372214,0.05340433498573567,-0.007120734032410978
3162,24025,24026,3162,m12-2-9,2026-07-25T08:52:39Z,875,0.07784871151754558,0.07907810090530093,0.0016355477209323828,-0.0014871770399845442
3162,24025,24026,3162,m12-2-9,2026-07-25T08:52:39Z,876,0.07448309423210041,-0.000902998780218447,0.06474981007212213,0.024115658791511608
3162,24025,24026,3162,m12-2-9,2026-07-25T08:52:39Z,877,0.08362071133136748,-0.015420911680834362,-0.055258296491450226,0.013677869236774293
3162,24025,24026,3162,m12-2-9,2026-07-25T08:52:39Z,878,0.06766753519051455,-0.07001900348225858,0.029423743638601375,0.03662431076678488
3162,24025,24026,3162,m12-2-9,2026-07-25T08:52:39Z,879,0.07384950401336178,-0.017241311235864403,-0.015215373440108593,0.051730201116798324
3162,24025,24026,3162,m12-2-9,2026-07-25T08:52:39Z,880,0.058118799006341065,0.05739561919061364,0.055294942319953605,-0.020578234631411892
3162,24025,24026,3162,m12-2-9,2026-07-25T08:52:39Z,881,0.08977236234766042,0.0044143903708042794,-0.014815262081240598,0.021287295902144964
3162,24025,24026,3162,m12-2-9,2026-07-25T08:52:39Z,882,0.07400296746572797,0.019510265774634196,0.004241156265875807,-0.08887543222933998
3162,24025,24026,3162,m12-2-9,2026-07-25T08:52:39Z,883,0.08581879537569972,0.018161845685584942,0.035354782571223056,0.0016434033538348534
3162,24025,24026,3162,m12-2-9,2026-07-25T08:52:39Z,884,0.08193672929578025,0.0622922023462297,-0.017072667448261906,0.039867422045731314
3162,24025,24026,3162,m12-2-9,2026-07-25T08:52:39Z,885,0.061688456472696024,0.06841241157230112,-0.052994765966537,0.0372328301440214
3162,24025,24026,3162,m12-2-9,2026-07-25T08:52:39Z,886,0.08064495085378837,-0.024439627904769345,0.046998916594488675,0.0010140092719001512
3162,24025,24026,3162,m12-2-9,2026-07-25T08:52:39Z,887,0.06781396387046458,0.024501301379637998,-0.08608392229698696,-0.00029020669778576807
3162,24025,24026,3162,m12-2-9,2026-07-25T08:52:39Z,888,0.09215586642645751,-0.020155665301865362,-0.018342873716574403,0.011965222530776464
3162,24025,24026,3162,m12-2-9,2026-07-25T08:52:39Z,889,0.06924429037655253,-0.012319706355941522,-0.06519448185751117,-0.047777381509914583
3162,24025,24026,3162,m12-2-9,2026-07-25T08:52:39Z,890,0.06669139633237148,0.0014379018257455096,-0.04646650991645126,-0.07945783278859161
3162,24025,24026,3162,m12-2-9,2026-07-25T08:52:39Z,891,0.07734172653378311,0.07552860573473141,-0.00797744420063912,0.018437577633286437
3162,24025,24026,3162,m12-2-9,2026-07-25T08:52:39Z,892,0.0871539866237193,-0.008865340255522127,0.010374636169178062,-0.04781329943400534
3162,24025,24026,3162,m12-2-9,2026-07-25T08:52:39Z,893,0.0653577430958946,-0.052131863918249144,0.07011790240483248,-0.004822559378034429
3162,24025,24026,3162,m12-2-9,2026-07-25T08:52:39Z,894,0.07220035811885588,0.03873719959987136,0.048111930658274765,0.06954028480999812
3162,24025,24026,3162,m12-2-9,2026-07-25T08:52:39Z,895,0.08435701741201097,0.018698453528850176,-0.030810701441789778,0.004380615946684387
3162,24025,24026,3162,m12-2-9,2026-07-25T08:52:39Z,896,0.06866266188353018,-0.0240945881467516,0.07961805202452228,-0.012326110875913825
3162,24025,24026,3162,m12-2-9,2026-07-25T08:52:39Z,897,0.05562120657430654,-0.047772129362094684,0.04712229963409041,0.05494215254993705
3162,24025,24026,3162,m12-2-9,2026-07-25T08:52:39Z,898,0.07650702039304638,0.06758175990060442,0.00017291253413445054,-0.02248146359592069
3162,24025,24026,3162,m12-2-9,2026-07-25T08:52:39Z,899,0.07958284517523762,-0.019070041115801233,-0.02947519362647034,0.07102314063305142
3162,24025,24026,3162,m12-2-9,2026-07-25T08:52:39Z,900,0.06471171999134571,0.08152746257101919,0.026987250636322648,-0.01939471330356436
3162,24025,24026,3162,m12-2-9,2026-07-25T08:52:39Z,901,0.07785482058994998,-0.01748020255581616,0.06815762550331857,0.02832205614740321
3162,24025,24026,3162,m12-2-9,2026-07-25T08:52:39Z,902,0.07592397163913481,-0.0317476427172217,-0.00766082167629118,-0.07393144173382064
3162,24025,24026,3162,m12-2-9,2026-07-25T08:52:39Z,903,0.05702362211360893,0.039921349640242534,-0.03871078541298003,-0.05694911315403309
3162,24025,24026,3162,m12-2-9,2026-07-25T08:52:39Z,904,0.08131659445466628,-0.037468816643914354,0.025540225521026496,-0.061953788128112315
3162,24025,24026,3162,m12-2-9,2026-07-25T08:52:39Z,905,0.06670204087829025,-0.00986756791153318,-0.08316320203721907,-0.021522994443354607
3162,24025,24026,3162,m12-2-9,2026-07-25T08:52:39Z,906,0.06983646842760938,0.08351727637086717,-0.011468641429849982,0.031001909087987375
3162,24025,24026,3162,m12-2-9,2026-07-25T08:52:39Z,907,0.06956443012965928,-0.02742207373654813,-0.056375839253679894,0.06572504830101944
3162,24025,24026,3162,m12-2-9,2026-07-25T08:52:39Z,908,0.0720066238332865,0.08330423786562531,-0.007116356716004489,-0.018700939907485444
3162,24025,24026,3162,m12-2-9,2026-07-25T08:52:39Z,909,0.058518403182826,-0.044162275724759274,-0.07197787914680953,0.03819564567666337
3162,24025,24026,3162,m12-2-9,2026-07-25T08:52:39Z,910,0.06432349617793745,0.12410024475604806,-0.13419612692390484,0.10898083050188975
3162,24025,24026,3162,m12-2-9,2026-07-25T08:52:39Z,911,0.08453339694200607,-0.056964408247978944,-0.03586384510558916,0.01648688577168
3162,24025,24026,3162,m12-2-9,2026-07-25T08:52:39Z,912,0.07374649794816526,0.08120328815456904,-0.020852076792168772,0.015363982453204071
3162,24025,24026,3162,m12-2-9,2026-07-25T08:52:39Z,913,0.06944613326502791,0.05052067437354736,-0.016153656557606203,0.0884593778469471
3162,24025,24026,3162,m12-2-9,2026-07-25T08:52:39Z,914,0.07434719239945681,-0.06875909308560009,0.017276386041942968,0.021059295892817964
3162,24025,24026,3162,m12-2-9,2026-07-25T08:52:39Z,915,0.08161773731236951,-0.04250105043259821,-0.005242553784008236,0.03822294847537467
3162,24025,24026,3162,m12-2-9,2026-07-25T08:52:39Z,916,0.07932889138958728,0.02839250610833342,0.031699059414550444,0.03853375454370177
3162,24025,24026,3162,m12-2-9,2026-07-25T08:52:39Z,917,0.07190212904977827,-0.10118048512040718,-0.013114792027312134,-0.014088957761227509
3162,24025,24026,3162,m12-2-9,2026-07-25T08:52:39Z,918,0.08088160904331664,-0.039008541832900236,-0.013216628430154798,0.04983136830491785
3162,24025,24026,3162,m12-2-9,2026-07-25T08:52:39Z,919,0.08900677954196597,-0.019804618304863277,-0.03538011050943702,-0.005819861226130936
3162,24025,24026,3162,m12-2-9,2026-07-25T08:52:39Z,920,0.09021184501456665,0.01545759229340469,-0.05684871410853849,0.0055313243683470245
3162,24025,24026,3162,m12-2-9,2026-07-25T08:52:39Z,921,0.08267307410091136,0.0368980210571063,-0.005303244170745075,-0.05586651642427498
3162,24025,24026,3162,m12-2-9,2026-07-25T08:52:39Z,922,0.06096308150922434,-0.03601125112798858,0.07463717619687932,0.03908712902991639
3162,24025,24026,3162,m12-2-9,2026-07-25T08:52:39Z,923,0.08142512627086582,-0.025120983293817744,0.036915912292195284,-0.018089313103994784
3162,24025,24026,3162,m12-2-9,2026-07-25T08:52:39Z,924,0.0802082692532384,-0.022244835878728487,-0.03793112236750382,0.05026960583466008
3162,24025,24026,3162,m12-2-9,2026-07-25T08:52:39Z,925,0.07164817582104341,-0.017892017646973818,0.06289014378800954,-0.002802730036665176
3162,24025,24026,3162,m12-2-9,2026-07-25T08:52:39Z,926,0.07903057242912044,0.013406497163009701,-0.008271662728688711,-0.06200808892944322
3162,24025,24026,3162,m12-2-9,2026-07-25T08:52:39Z,927,0.06877579567342135,-0.0028570378920343806,0.053885694770054844,-0.06678479873036629
3162,24025,24026,3162,m12-2-9,2026-07-25T08:52:39Z,928,0.09222246485500991,-0.33862886879986276,0.31087546889122786,0.22478768964800788
3162,24025,24026,3162,m12-2-9,2026-07-25T08:52:39Z,929,0.09235562756285151,0.02162306942946359,0.007035772802931467,0.02263622962898279
3162,24025,24026,3162,m12-2-9,2026-07-25T08:52:39Z,930,0.08057996565749295,0.06316432420544806,-0.018120034950490065,0.005131970809963391
3162,24025,24026,3162,m12-2-9,2026-07-25T08:52:39Z,931,0.05489274194214817,-0.05772883602304971,-0.06491360010042661,-0.01908074802978796
3162,24025,24026,3162,m12-2-9,2026-07-25T08:52:39Z,932,0.06441968552134401,-0.05968481641623119,2.7862581697886615e-5,-0.036760313715623466
3162,24025,24026,3162,m12-2-9,2026-07-25T08:52:39Z,933,0.06306554316097633,0.024147557357151427,-0.058394776776787595,0.06004595714494353
3162,24025,24026,3162,m12-2-9,2026-07-25T08:52:39Z,934,0.06853252761806726,0.05683688567408814,0.1116655581987036,-0.034103208664775536
3162,24025,24026,3162,m12-2-9,2026-07-25T08:52:39Z,935,0.0728178766621292,0.07078957540755754,0.13698296561372292,-0.15995743913751956
3162,24025,24026,3162,m12-2-9,2026-07-25T08:52:39Z,936,0.07672705897881038,0.007383338546828947,0.045001810248273225,-0.0696182624283556
3162,24025,24026,3162,m12-2-9,2026-07-25T08:52:39Z,937,0.08478267238962311,-0.009544463317910262,0.013040185521089072,0.02133284422289611
3162,24025,24026,3162,m12-2-9,2026-07-25T08:52:39Z,938,0.08092833602215888,0.008093140935024458,-0.029128975686933224,0.06009535533867224
3162,24025,24026,3162,m12-2-9,2026-07-25T08:52:39Z,939,0.08259543476994594,0.06086927456264197,-0.0018446679887883389,0.02282203424386028
3162,24025,24026,3162,m12-2-9,2026-07-25T08:52:39Z,940,0.08692843799179527,0.030149070877856284,-0.004150060153187173,0.05292056090287942
3162,24025,24026,3162,m12-2-9,2026-07-25T08:52:39Z,941,0.06940562617811981,-0.02249060067322556,0.0835283753017786,0.021470292142426645
3162,24025,24026,3162,m12-2-9,2026-07-25T08:52:39Z,942,0.06395381734002645,-0.0836082749898045,-0.04858973840822409,-0.010362186627271787
3162,24025,24026,3162,m12-2-9,2026-07-25T08:52:39Z,943,0.08306324470941735,0.023143680538100116,-0.0498965370720041,-0.0008927125046343413
3162,24025,24026,3162,m12-2-9,2026-07-25T08:52:39Z,944,0.08136043504053721,0.02695513158383491,0.04164655331927616,0.06788226540016071
3162,24025,24026,3162,m12-2-9,2026-07-25T08:52:39Z,945,0.06580286762463311,0.08100704032404216,0.029044118794377276,0.009674878900111995
3162,24025,24026,3162,m12-2-9,2026-07-25T08:52:39Z,946,0.06124028467231396,-0.011798159610534209,0.05644766734485349,0.07071730158532241
3162,24025,24026,3162,m12-2-9,2026-07-25T08:52:39Z,947,0.07531206571075152,0.05754597815291551,0.038733250826644604,0.02541325240218032
3162,24025,24026,3162,m12-2-9,2026-07-25T08:52:39Z,948,0.07204391707308584,-0.08019273915775103,0.013991381382973447,0.022121766091745168
3162,24025,24026,3162,m12-2-9,2026-07-25T08:52:39Z,949,0.07643703466486708,0.015999965858517703,-0.01977891431877841,-0.08934834705984927
3162,24025,24026,3162,m12-2-9,2026-07-25T08:52:39Z,950,0.06902801437976594,0.03781965546600298,0.017363323852157452,-0.09521442069982253
3162,24025,24026,3162,m12-2-9,2026-07-25T08:52:39Z,951,0.08017242767581044,0.06666728956480461,0.016981631638509877,-0.009616134514366938
3162,24025,24026,3162,m12-2-9,2026-07-25T08:52:39Z,952,0.07650309691672436,0.056970974588570325,-0.01214098098917283,0.028282542821731104
3162,24025,24026,3162,m12-2-9,2026-07-25T08:52:39Z,953,0.0827438965448105,-0.08110851337642394,0.00546592546896087,0.037348687190043736
3162,24025,24026,3162,m12-2-9,2026-07-25T08:52:39Z,954,0.08720383084668583,0.010935642470994662,0.024163713336532135,0.046358179426936
3162,24025,24026,3162,m12-2-9,2026-07-25T08:52:39Z,955,0.07612596171628384,-0.035003228607777,0.06341534027031341,0.011302439862910324
3162,24025,24026,3162,m12-2-9,2026-07-25T08:52:39Z,956,0.08117309472698667,-0.005700992285984543,-0.05016540218930191,0.025004296029542964
3162,24025,24026,3162,m12-2-9,2026-07-25T08:52:39Z,957,0.08331475014465527,0.04948483970240454,0.024415337093256523,0.03569804304641038
3162,24025,24026,3162,m12-2-9,2026-07-25T08:52:39Z,958,0.06124074085943112,0.07831616453148887,0.06253723088755825,0.006010430386360427
3162,24025,24026,3162,m12-2-9,2026-07-25T08:52:39Z,959,0.07872404444462017,0.017188368478882613,-0.006429596251732716,0.07466533049017379
3162,24025,24026,3162,m12-2-9,2026-07-25T08:52:39Z,960,0.07033349360920808,0.07195731043264472,-0.03121078781340803,0.02282119656538043
3162,24025,24026,3162,m12-2-9,2026-07-25T08:52:39Z,961,0.08355036759977186,-0.03264043384814913,-0.06213863026732306,-0.008686185000782934
3162,24025,24026,3162,m12-2-9,2026-07-25T08:52:39Z,962,0.07696466801596552,-0.0387230262643774,0.02718690419536489,-0.0002896460359200012
3162,24025,24026,3162,m12-2-9,2026-07-25T08:52:39Z,963,0.07241655703316917,-0.022839594855733707,-0.07873443158809647,-0.019736338812266604
3162,24025,24026,3162,m12-2-9,2026-07-25T08:52:39Z,964,0.07114975992627215,0.01345328398676282,-0.07385250159829149,0.011398945221921404
3162,24025,24026,3162,m12-2-9,2026-07-25T08:52:39Z,965,0.07967948510497169,-0.047533823136885804,0.0018122429760634893,0.025577885852033893
3162,24025,24026,3162,m12-2-9,2026-07-25T08:52:39Z,966,0.08854315252402477,-0.025238407431966745,0.03769190498977243,0.0062648249254742975
3162,24025,24026,3162,m12-2-9,2026-07-25T08:52:39Z,967,0.08415579241213034,-0.00324338400210863,0.016284625672983825,0.05284135666999526
3162,24025,24026,3162,m12-2-9,2026-07-25T08:52:39Z,968,0.08375321893648421,0.007589123637757896,0.04293950603207218,0.01692684075779912
3162,24025,24026,3162,m12-2-9,2026-07-25T08:52:39Z,969,0.07543046824692022,0.008448659749770713,-0.08326959342618284,-0.18904469383562014
3162,24025,24026,3162,m12-2-9,2026-07-25T08:52:39Z,970,0.08194184352492252,0.0032910679776798966,0.005104244666127154,0.037796408654489085
3162,24025,24026,3162,m12-2-9,2026-07-25T08:52:39Z,971,0.08760895253006447,0.019306755289743252,0.006119291214259046,0.016586237568737547
3162,24025,24026,3162,m12-2-9,2026-07-25T08:52:39Z,972,0.05590788060343665,0.06297728806839965,-0.036280700465246826,-0.049377831445682537
3162,24025,24026,3162,m12-2-9,2026-07-25T08:52:39Z,973,0.07268719520620712,0.001151520588262971,-0.08033969347398003,-0.024949298298805087
3162,24025,24026,3162,m12-2-9,2026-07-25T08:52:39Z,974,0.08432083459602849,-0.04840140710992509,0.035821664604356596,-0.015272981053700467
3162,24025,24026,3162,m12-2-9,2026-07-25T08:52:39Z,975,0.08147321885375877,-0.0134422680897802,0.0006773473150660841,-0.08359825607048724
3162,24025,24026,3162,m12-2-9,2026-07-25T08:52:39Z,976,0.05602378233350612,0.049671237176084904,-0.034074259896849896,0.06471085877592292
3162,24025,24026,3162,m12-2-9,2026-07-25T08:52:39Z,977,0.07589157925503545,0.062354166240718614,0.006145675287918653,0.10087508132988826
3162,24025,24026,3162,m12-2-9,2026-07-25T08:52:39Z,978,0.08695312332344715,-0.012311890211076414,0.048945975240681734,-0.014150532323236062
3162,24025,24026,3162,m12-2-9,2026-07-25T08:52:39Z,979,0.07229442089335232,-0.048510250794588115,0.047785667073928104,0.019633764222801532
3162,24025,24026,3162,m12-2-9,2026-07-25T08:52:39Z,980,0.06032822789874741,0.023194737773261795,-0.03179482883956299,-0.03556958315200206
3162,24025,24026,3162,m12-2-9,2026-07-25T08:52:39Z,981,0.06049558545619879,-0.06375049009744234,-0.03484763303926312,-0.03285236641082221
3162,24025,24026,3162,m12-2-9,2026-07-25T08:52:39Z,982,0.0707053952693876,-0.022546658942891463,0.04226233769598071,0.1029760662533149
3162,24025,24026,3162,m12-2-9,2026-07-25T08:52:39Z,983,0.07698857124269226,0.11457740082266439,0.005277925990232843,0.046764383944374634
3162,24025,24026,3162,m12-2-9,2026-07-25T08:52:39Z,984,0.06872381796948926,0.04344252764921487,0.07498457832209902,0.01208484156204917
3162,24025,24026,3162,m12-2-9,2026-07-25T08:52:39Z,985,0.06197671613798332,0.07497665837347747,-0.039162996794738586,-0.0027632057223662557
3162,24025,24026,3162,m12-2-9,2026-07-25T08:52:39Z,986,0.07222373121020266,-0.06377223894391643,0.0067349276476753855,0.05134052391714481
3162,24025,24026,3162,m12-2-9,2026-07-25T08:52:39Z,987,0.08429848238955784,-0.041764110941119065,0.05161615443049897,0.029374235201176522
3162,24025,24026,3162,m12-2-9,2026-07-25T08:52:39Z,988,0.08797762849171611,0.025326968918619533,0.004547082348981579,0.00727800988359466
3162,24025,24026,3162,m12-2-9,2026-07-25T08:52:39Z,989,0.06570428998624016,0.04794380571437237,-0.039041461701437595,-0.04120541978029906
3162,24025,24026,3162,m12-2-9,2026-07-25T08:52:39Z,990,0.07245034516994535,-0.06977871925091989,-0.016457220345630456,0.04904031933460132
3162,24025,24026,3162,m12-2-9,2026-07-25T08:52:39Z,991,0.07289756497528246,-0.03905157728100707,-0.07439338023223373,0.0009353956397494257
3162,24025,24026,3162,m12-2-9,2026-07-25T08:52:39Z,992,0.07852216369181292,-0.010813259913216142,-0.05742496433845189,-0.05640186445126574
3162,24025,24026,3162,m12-2-9,2026-07-25T08:52:39Z,993,0.08895999521957616,-0.06727869563338282,0.06267518224681608,0.054639401129829776
3162,24025,24026,3162,m12-2-9,2026-07-25T08:52:39Z,994,0.07644899880235935,0.07195715429830295,0.03455018666033131,0.028145892441314463
3162,24025,24026,3162,m12-2-9,2026-07-25T08:52:39Z,995,0.08115674086273801,-0.006995857357371314,0.0006212433437378557,-0.013763180094185163
3162,24025,24026,3162,m12-2-9,2026-07-25T08:52:39Z,996,0.08633381448111037,-0.02018795527407308,-0.008921334426991934,0.02427414745187478
3162,24025,24026,3162,m12-2-9,2026-07-25T08:52:39Z,997,0.06675772379943189,0.03741924429626103,-0.03257327965096226,0.07545511356219523
3162,24025,24026,3162,m12-2-9,2026-07-25T08:52:39Z,998,0.09045242210347894,-0.02356602954477071,-0.0020106454486894655,-0.011591393787776598
3162,24025,24026,3162,m12-2-9,2026-07-25T08:52:39Z,999,0.0689962369200983,-0.012817048447282842,0.08219703675272717,0.03917664909917469
3162,24025,24026,3162,m12-2-9,2026-07-25T08:52:39Z,1000,0.07561451811444869,0.055428652620420606,0.022148189273396922,0.07992004531278118
3162,24025,24026,3162,m12-2-9,2026-07-25T08:52:39Z,1001,0.09132482405218094,-0.024338898433572762,-0.04346477461520486,0.017014897167744167
3162,24025,24026,3162,m12-2-9,2026-07-25T08:52:39Z,1002,0.084539065902321,0.03475727582202532,0.039915843668072624,-0.009396285762795196
3162,24025,24026,3162,m12-2-9,2026-07-25T08:52:39Z,1003,0.07069191715884053,-0.01695735358049674,0.07038326770026025,-0.05514275541921444
3162,24025,24026,3162,m12-2-9,2026-07-25T08:52:39Z,1004,0.0838920830965241,0.02334670798006152,0.03983893768170152,0.007281075140021774
3162,24025,24026,3162,m12-2-9,2026-07-25T08:52:39Z,1005,0.07675084809580915,-0.02058078383822694,0.04037871374414203,-0.07253609405613433
3162,24025,24026,3162,m12-2-9,2026-07-25T08:52:39Z,1006,0.09191595839588143,-0.018413635891176394,-0.017856405540907856,-0.0035477699022894056
3162,24025,24026,3162,m12-2-9,2026-07-25T08:52:39Z,1007,0.07778132624355687,0.0527620399412342,0.0368565769102452,0.035340998144330414
3162,24025,24026,3162,m12-2-9,2026-07-25T08:52:39Z,1008,0.06394256905726933,0.045639339647967056,-0.054024685664698986,-0.0026966104167149806
3162,24025,24026,3162,m12-2-9,2026-07-25T08:52:39Z,1009,0.06214906360171857,0.06503857232667119,0.01975659165217733,-0.05826909114611943
3162,24025,24026,3162,m12-2-9,2026-07-25T08:52:39Z,1010,0.08066562206061,-0.022151556289023308,-0.0383600776939859,0.06368675060119028
3162,24025,24026,3162,m12-2-9,2026-07-25T08:52:39Z,1011,0.0703120331614479,0.02224978515618841,0.041409182904622185,0.10323223375754359
3162,24025,24026,3162,m12-2-9,2026-07-25T08:52:39Z,1012,0.0881386783689286,-0.022375388361679908,-0.027196985821740967,-0.020650381358902105
3162,24025,24026,3162,m12-2-9,2026-07-25T08:52:39Z,1013,0.07943797464252639,-0.06242704560719286,-0.006962136792467088,-0.021657957578143826
3162,24025,24026,3162,m12-2-9,2026-07-25T08:52:39Z,1014,0.07302028025817309,-0.008023452301822553,0.056004822158204674,0.07195197080929627
3162,24025,24026,3162,m12-2-9,2026-07-25T08:52:39Z,1015,0.07724463525928481,-0.00365067392775152,0.07954790008152786,-0.050026226210926145
3162,24025,24026,3162,m12-2-9,2026-07-25T08:52:39Z,1016,0.06985281855034235,-0.013295813340887001,0.05461802670181112,-0.0006901874926747254
3162,24025,24026,3162,m12-2-9,2026-07-25T08:52:39Z,1017,0.07735038545748381,-0.08017087960400822,-0.014676288746560804,-0.004081054677764191
3162,24025,24026,3162,m12-2-9,2026-07-25T08:52:39Z,1018,0.07438365041058073,0.052734834347942044,0.00972194074210733,-0.018347251679801148
3162,24025,24026,3162,m12-2-9,2026-07-25T08:52:39Z,1019,0.07077958494280767,0.09290439634087112,0.005063370259828858,0.02153570447513693
3162,24025,24026,3162,m12-2-9,2026-07-25T08:52:39Z,1020,0.06696611145399202,0.01928950533834902,-0.04319456219272416,0.06883210940253306
3162,24025,24026,3162,m12-2-9,2026-07-25T08:52:39Z,1021,0.07225062825072112,0.0010737813832129206,0.06008194081215891,0.07955716697530883
3162,24025,24026,3162,m12-2-9,2026-07-25T08:52:39Z,1022,0.07782601959232799,0.057860027844428515,-0.03180116086566325,0.02388397322376491
3162,24025,24026,3162,m12-2-9,2026-07-25T08:52:39Z,1023,0.08297280423184317,-0.0052629106847822205,-0.07253573181192527,-0.03654428189090204
3162,24025,24026,3162,m12-2-9,2026-07-25T08:52:39Z,1024,0.08556523207546027,0.012278918369950207,-0.050411877731398415,-8.390763151101138e-5
3162,24025,24026,3162,m12-2-9,2026-07-25T08:52:39Z,1025,0.07362317710600717,0.06112759194270861,0.046413282045830034,0.01553852815391422
3162,24025,24026,3162,m12-2-9,2026-07-25T08:52:39Z,1026,0.08313281437032984,0.03888386899558279,0.01124338599854737,-0.00433994902849559
3162,24025,24026,3162,m12-2-9,2026-07-25T08:52:39Z,1027,0.0630090306970531,-0.07574918379567956,0.03438070431594963,-0.033080949457276354
3162,24025,24026,3162,m12-2-9,2026-07-25T08:52:39Z,1028,0.06762505436792911,0.010246911425111162,-0.07552368112586132,-0.029731226134858957
3162,24025,24026,3162,m12-2-9,2026-07-25T08:52:39Z,1029,0.09203182334293093,0.013607273983629486,-0.012976465875894646,-0.006350259147274509
3162,24025,24026,3162,m12-2-9,2026-07-25T08:52:39Z,1030,0.07081005715876633,-0.0011658001285869322,-0.037533868319384295,-0.09225176779863123
3162,24025,24026,3162,m12-2-9,2026-07-25T08:52:39Z,1031,0.08617736317613477,0.03758776333782143,-0.004971265719115421,-0.046150347147950764
3162,24025,24026,3162,m12-2-9,2026-07-25T08:52:39Z,1032,0.06280459308049406,-0.025640696988574706,-0.03969695442121058,0.07360341401295437
3162,24025,24026,3162,m12-2-9,2026-07-25T08:52:39Z,1033,0.06301549845547796,-0.026062034024670267,-0.0714535961510852,-0.019474522013579257
3162,24025,24026,3162,m12-2-9,2026-07-25T08:52:39Z,1034,0.07440454284277365,-0.017360773874435017,-0.06503215280501855,-0.04404182560454693
3162,24025,24026,3162,m12-2-9,2026-07-25T08:52:39Z,1035,0.0738845896811956,-0.05591402688047361,-0.0038955210951120145,0.048892654373775976
3162,24025,24026,3162,m12-2-9,2026-07-25T08:52:39Z,1036,0.08565481160319158,0.09718621595977006,0.047707277281610054,0.0052047466116237695
3162,24025,24026,3162,m12-2-9,2026-07-25T08:52:39Z,1037,0.06772203174736344,0.01780844364550696,-0.04066450335421674,-0.08389211168623845
3162,24025,24026,3162,m12-2-9,2026-07-25T08:52:39Z,1038,0.06970385996038476,0.009923801958796094,0.057242207632177,-0.04821542944593392
3162,24025,24026,3162,m12-2-9,2026-07-25T08:52:39Z,1039,0.0711752390551477,0.03565716937228734,-0.03161911214139026,-0.05927728236737005
3162,24025,24026,3162,m12-2-9,2026-07-25T08:52:39Z,1040,0.06129927592845495,0.03895151409248842,-0.07196351206231057,-0.03227032715614508
3162,24025,24026,3162,m12-2-9,2026-07-25T08:52:39Z,1041,0.06294984547422165,0.05872975489856289,0.00886420495340034,0.06655908236482332
3162,24025,24026,3162,m12-2-9,2026-07-25T08:52:39Z,1042,0.058958955305954006,0.04727778517838778,0.06511304854399183,-0.021754217052112307
3162,24025,24026,3162,m12-2-9,2026-07-25T08:52:39Z,1043,0.06693388305065708,0.06358275585010925,-0.024310553321379744,0.047796299603767765
3162,24025,24026,3162,m12-2-9,2026-07-25T08:52:39Z,1044,0.08837992910142109,-0.02531530689153489,-0.023239725119842576,-0.008087416925031269
3162,24025,24026,3162,m12-2-9,2026-07-25T08:52:39Z,1045,0.06229703601633362,0.04988404903682222,-0.07070788448800269,-0.032302870890548424
3162,24025,24026,3162,m12-2-9,2026-07-25T08:52:39Z,1046,0.07362434225820542,-0.026324373795507356,0.06387910149865096,-0.011515203118938007
3162,24025,24026,3162,m12-2-9,2026-07-25T08:52:39Z,1047,0.07883442225998853,0.05128603034263482,0.0398445819589928,-0.010686915531643516
3162,24025,24026,3162,m12-2-9,2026-07-25T08:52:39Z,1048,0.06774761097618213,-0.020683763217372544,0.03306965655238903,-0.05882996592267044
3162,24025,24026,3162,m12-2-9,2026-07-25T08:52:39Z,1049,0.07589935825499051,-0.02248160274572655,0.02160257757164955,0.0692231930083467
3162,24025,24026,3162,m12-2-9,2026-07-25T08:52:39Z,1050,0.08512217698034394,-0.032084624427487565,-0.010807353555234442,0.03417248064802506
3162,24025,24026,3162,m12-2-9,2026-07-25T08:52:39Z,1051,0.06214788616624251,-0.028573641677050524,0.0843559293231942,0.026504706241425945
3162,24025,24026,3162,m12-2-9,2026-07-25T08:52:39Z,1052,0.0671384204485325,0.011067561163923238,0.051369927773159296,-0.02334537535416743
3162,24025,24026,3162,m12-2-9,2026-07-25T08:52:39Z,1053,0.0742785285261265,-0.03951378012748711,0.07017962471709739,0.07319196748126017
3162,24025,24026,3162,m12-2-9,2026-07-25T08:52:39Z,1054,0.0859874676441446,-0.031100973462768047,-0.029781407078077592,-0.0153787245260136
3162,24025,24026,3162,m12-2-9,2026-07-25T08:52:39Z,1055,0.07606047184637427,-0.05848182557762184,0.0034436957232819574,-0.011106995458855146
3162,24025,24026,3162,m12-2-9,2026-07-25T08:52:39Z,1056,0.08491211966586917,-0.03149505504700784,-0.0454106081992921,-0.006226691471451526
3162,24025,24026,3162,m12-2-9,2026-07-25T08:52:39Z,1057,0.08327455847917703,0.06187734360010622,-0.03826619912193413,-0.025546327892122293
3162,24025,24026,3162,m12-2-9,2026-07-25T08:52:39Z,1058,0.07121161711755615,-0.0030015949315616384,0.09206970619128474,0.04612093503517826
3162,24025,24026,3162,m12-2-9,2026-07-25T08:52:39Z,1059,0.07032174911861669,-0.006170504315267789,-0.02859926319822487,0.07587829886249378
3162,24025,24026,3162,m12-2-9,2026-07-25T08:52:39Z,1060,0.07220110598059852,0.013290043758899058,0.03607220740409367,0.088219791484755
3162,24025,24026,3162,m12-2-9,2026-07-25T08:52:39Z,1061,0.07523201542584082,0.018217820778546057,-0.014197927335388072,-0.0889355483859043
3162,24025,24026,3162,m12-2-9,2026-07-25T08:52:39Z,1062,0.0855264504645789,-0.013770857456096809,0.0017460447207478878,-0.04798527368858451
3162,24025,24026,3162,m12-2-9,2026-07-25T08:52:39Z,1063,0.08790400246070106,0.029214639899300388,0.006106896809658261,-0.018453287213004575
3162,24025,24026,3162,m12-2-9,2026-07-25T08:52:39Z,1064,0.06849497331377971,-0.01624379127317558,-0.027679715348497575,-0.03719149166757657
3162,24025,24026,3162,m12-2-9,2026-07-25T08:52:39Z,1065,0.08165316851186326,-0.019321514284421373,0.028058835208367855,-0.036901399100179685
3162,24025,24026,3162,m12-2-9,2026-07-25T08:52:39Z,1066,0.07035217720487136,0.041557087641033566,-0.054043534171636376,-0.02088462557468626
3162,24025,24026,3162,m12-2-9,2026-07-25T08:52:39Z,1067,0.06116031172834362,-0.04821290295300923,-0.07361119848353406,0.02656882855441829
3162,24025,24026,3162,m12-2-9,2026-07-25T08:52:39Z,1068,0.09174721828869366,0.011598965272707608,-0.013191189591833876,-0.014330095958917644
3162,24025,24026,3162,m12-2-9,2026-07-25T08:52:39Z,1069,0.0777049900679746,-0.010909112836200576,-0.06471509406890244,-0.03633235925362096
3162,24025,24026,3162,m12-2-9,2026-07-25T08:52:39Z,1070,0.07583348374526179,0.012009716188796734,0.04589740540888444,-0.029814022100832217
3162,24025,24026,3162,m12-2-9,2026-07-25T08:52:39Z,1071,0.07778420927849893,-0.01781968245084597,0.0319862064168085,0.047123284900290316
3162,24025,24026,3162,m12-2-9,2026-07-25T08:52:39Z,1072,0.06365686448050503,-0.0736358448770284,-0.03471642065847665,-0.05557035809232637
3162,24025,24026,3162,m12-2-9,2026-07-25T08:52:39Z,1073,0.0897500993399063,0.02889272955825648,0.019924158322318693,0.00923030579515394
3162,24025,24026,3162,m12-2-9,2026-07-25T08:52:39Z,1074,0.06621203031231275,0.030919175100773605,0.035833017646674084,0.05143861015953952
3162,24025,24026,3162,m12-2-9,2026-07-25T08:52:39Z,1075,0.0700911990497992,-0.03824176995117238,-0.012636193766733276,-0.09778576277414
3162,24025,24026,3162,m12-2-9,2026-07-25T08:52:39Z,1076,0.06753633779500169,0.03089742040789005,-0.0747819076972776,-0.02960597244138004
3162,24025,24026,3162,m12-2-9,2026-07-25T08:52:39Z,1077,0.06654773819261069,-0.06924839456639909,0.002204089148679636,0.07080099490064565
3162,24025,24026,3162,m12-2-9,2026-07-25T08:52:39Z,1078,0.06714397752689084,0.03970022261053157,0.0732349915299661,-0.02756484792770899
3162,24025,24026,3162,m12-2-9,2026-07-25T08:52:39Z,1079,0.07068014315875651,0.038165559207241496,0.06128934882099548,-0.007127865248671489
3162,24025,24026,3162,m12-2-9,2026-07-25T08:52:39Z,1080,0.06933292598693139,-0.032265781526843854,-0.09662266381782433,-0.032014260198008085
3162,24025,24026,3162,m12-2-9,2026-07-25T08:52:39Z,1081,0.07812699460190535,0.019953981237689954,-0.006611369052163257,-0.0901828111586334
3162,24025,24026,3162,m12-2-9,2026-07-25T08:52:39Z,1082,0.07527056343202276,-0.026177142657412354,-0.05108878133666001,-0.011827612845944387
3162,24025,24026,3162,m12-2-9,2026-07-25T08:52:39Z,1083,0.08051174218170708,0.04616348157670358,0.023226925641438516,0.030334987795413333
3162,24025,24026,3162,m12-2-9,2026-07-25T08:52:39Z,1084,0.058158957743835,0.06401612189563397,0.04707015064147309,-0.020668439168134708
3162,24025,24026,3162,m12-2-9,2026-07-25T08:52:39Z,1085,0.06534342088348168,0.016023875637470843,0.04447063228985343,-0.08732660469294641
3162,24025,24026,3162,m12-2-9,2026-07-25T08:52:39Z,1086,0.06310056455208633,0.0006464401042613912,0.04878978436856886,-0.025291019857857328
3162,24025,24026,3162,m12-2-9,2026-07-25T08:52:39Z,1087,0.07226130298807354,-0.04378004868480646,0.047319241843996225,-0.01897215324246594
3162,24025,24026,3162,m12-2-9,2026-07-25T08:52:39Z,1088,0.08615103021276006,0.005604123693608833,0.05182394882833217,-0.0004800019870669393
3162,24025,24026,3162,m12-2-9,2026-07-25T08:52:39Z,1089,0.07001534520059607,0.03707939041827124,0.08278747788045948,-0.015296961478559662
3162,24025,24026,3162,m12-2-9,2026-07-25T08:52:39Z,1090,0.06552000482891425,0.04744518161434924,-0.04789296483704528,-0.03505751474608575
3162,24025,24026,3162,m12-2-9,2026-07-25T08:52:39Z,1091,0.06831603525415354,-0.020475907623721756,-0.05679774739706991,0.06759186249301716
3162,24025,24026,3162,m12-2-9,2026-07-25T08:52:39Z,1092,0.0698757445109963,0.04126171666169401,0.06309924562500754,-0.02033380862194686
3162,24025,24026,3162,m12-2-9,2026-07-25T08:52:39Z,1093,0.06925442698266343,-0.04733204044070971,-0.014098507854830331,0.08139083259361606
3162,24025,24026,3162,m12-2-9,2026-07-25T08:52:39Z,1094,0.08097045378594728,-0.02858631988037753,-0.047684484349702544,-0.042877800812513786
3162,24025,24026,3162,m12-2-9,2026-07-25T08:52:39Z,1095,0.08734684804089503,0.00026548882890601525,-0.0028175745221215966,-0.05812626602437742
3162,24025,24026,3162,m12-2-9,2026-07-25T08:52:39Z,1096,0.07267746334747362,0.03220726158290349,-0.055960574876115346,0.0036378168650614984
3162,24025,24026,3162,m12-2-9,2026-07-25T08:52:39Z,1097,0.07629457625595061,-0.07024549636307287,0.026383247194094156,0.02075472918951812
3162,24025,24026,3162,m12-2-9,2026-07-25T08:52:39Z,1098,0.07593947541490882,-0.02432702261049242,-0.06721258241463615,-0.04939482947351255
3162,24025,24026,3162,m12-2-9,2026-07-25T08:52:39Z,1099,0.06721218882181298,0.06534107383030377,-0.030715298645845525,0.03463425879015404
3162,24025,24026,3162,m12-2-9,2026-07-25T08:52:39Z,1100,0.07382283515715003,0.062014970732234144,0.0304577379859294,0.03498282706570131
3162,24025,24026,3162,m12-2-9,2026-07-25T08:52:39Z,1101,0.06817485383544833,-0.013028277682457828,0.05699676567127775,0.09278495402709416
3162,24025,24026,3162,m12-2-9,2026-07-25T08:52:39Z,1102,0.06252371190347922,-0.017669748630196547,-0.05345451085317956,0.07217668906815397
3162,24025,24026,3162,m12-2-9,2026-07-25T08:52:39Z,1103,0.07302091085427785,0.0573042887802091,-0.015777295230849853,-0.039004105954506596
3162,24025,24026,3162,m12-2-9,2026-07-25T08:52:39Z,1104,0.08923157074870043,-0.019747720805497665,-0.015112362196275033,-0.02586226887405868
3162,24025,24026,3162,m12-2-9,2026-07-25T08:52:39Z,1105,0.06898277757693848,-0.051834703468233934,-0.05016903206994405,-0.039138314543575595
3162,24025,24026,3162,m12-2-9,2026-07-25T08:52:39Z,1106,0.06401147235131807,0.04848048514873925,0.016957393396166597,-0.07835772330448189
3162,24025,24026,3162,m12-2-9,2026-07-25T08:52:39Z,1107,0.07836968314597302,0.026135222834850168,0.019291723590885664,-0.05775387609166774
3162,24025,24026,3162,m12-2-9,2026-07-25T08:52:39Z,1108,0.08301514764547424,-0.03133511484517814,0.06714110196793181,0.0034767842910233024
3162,24025,24026,3162,m12-2-9,2026-07-25T08:52:39Z,1109,0.07722801778335164,0.0630396295719748,-0.021245758763004982,0.020976066451939335
3162,24025,24026,3162,m12-2-9,2026-07-25T08:52:39Z,1110,0.07613541651828189,-0.020395866431567933,0.08813870649800627,0.00929268520842519
3162,24025,24026,3162,m12-2-9,2026-07-25T08:52:39Z,1111,0.0794133446010075,-0.015498464483470175,0.05690291702845606,0.015408373730171144
3162,24025,24026,3162,m12-2-9,2026-07-25T08:52:39Z,1112,0.08590719323375982,0.021277596242448522,-0.018970607291272076,0.029265901633987342
3162,24025,24026,3162,m12-2-9,2026-07-25T08:52:39Z,1113,0.07273990775285037,-0.00816386573542923,-0.06914085530077528,-0.03127176840642796
3162,24025,24026,3162,m12-2-9,2026-07-25T08:52:39Z,1114,0.08569445092978169,-0.02470932893186613,-0.06067415916590455,-0.01039407098992167
3162,24025,24026,3162,m12-2-9,2026-07-25T08:52:39Z,1115,0.06678562923895594,-0.1141123413597899,0.017722223158544898,-0.0032303007508521714
3162,24025,24026,3162,m12-2-9,2026-07-25T08:52:39Z,1116,0.074285842630723,-0.09866642186399346,0.0035490144501277646,0.010392943373648723
3162,24025,24026,3162,m12-2-9,2026-07-25T08:52:39Z,1117,0.05959221231438651,0.0546009001932792,-0.07234283854686706,0.0037503176079165565
3162,24025,24026,3162,m12-2-9,2026-07-25T08:52:39Z,1118,0.08131644053104395,-0.019899794611421783,0.06387985304453021,-0.008679993441257918
3162,24025,24026,3162,m12-2-9,2026-07-25T08:52:39Z,1119,0.07926639254863026,-0.009585877842501728,-0.0074379786358110215,-0.07448255662994883
3162,24025,24026,3162,m12-2-9,2026-07-25T08:52:39Z,1120,0.06940370453883829,0.001407276408930025,0.08992724812258253,0.016159494004862836
3162,24025,24026,3162,m12-2-9,2026-07-25T08:52:39Z,1121,0.06344906717118179,0.03788771291977372,0.0344975333358507,0.05702768655146086
3162,24025,24026,3162,m12-2-9,2026-07-25T08:52:39Z,1122,0.06912469149111129,-0.05662207655968643,-0.0027613864577580435,0.06311382753462061
3162,24025,24026,3162,m12-2-9,2026-07-25T08:52:39Z,1123,0.07427582473843453,-0.016758243975998625,0.08768603748846061,0.041768488441005926
3162,24025,24026,3162,m12-2-9,2026-07-25T08:52:39Z,1124,0.06642213937957667,0.016502929795627008,-0.08502208597533419,0.09496369281005795
3162,24025,24026,3162,m12-2-9,2026-07-25T08:52:39Z,1125,0.06358167642245231,0.06159927893006924,0.054710230536266856,-0.022189210810027532
3162,24025,24026,3162,m12-2-9,2026-07-25T08:52:39Z,1126,0.0706127631210651,-0.027190117240475733,0.04254293828010937,-0.08538966106276198
3162,24025,24026,3162,m12-2-9,2026-07-25T08:52:39Z,1127,0.07619289796478883,0.004797247444436646,0.008662084642524388,0.07518479842213843
3162,24025,24026,3162,m12-2-9,2026-07-25T08:52:39Z,1128,0.06157736375040568,0.050521773839701675,-0.02935464844990643,-0.0709654906151784
3162,24025,24026,3162,m12-2-9,2026-07-25T08:52:39Z,1129,0.0829787173115056,0.05879825926805502,-0.005311675024576326,0.004823239784546089
3162,24025,24026,3162,m12-2-9,2026-07-25T08:52:39Z,1130,0.06594038022247817,0.1045873419697405,-0.11176474227166691,0.06319240200478292
3162,24025,24026,3162,m12-2-9,2026-07-25T08:52:39Z,1131,0.07218569877139755,0.002955290066444561,-0.08924798910357729,0.03774521349019891
3162,24025,24026,3162,m12-2-9,2026-07-25T08:52:39Z,1132,0.06896850268112749,0.11848033472030908,-0.01478363936878574,-0.05512570326914762
3162,24025,24026,3162,m12-2-9,2026-07-25T08:52:39Z,1133,0.07742935276158423,-0.0016567936073016236,0.08155450587121539,-0.020382687908817348
3162,24025,24026,3162,m12-2-9,2026-07-25T08:52:39Z,1134,0.0565435054654551,0.05275675045777085,-0.053569022509644806,-0.026663439435871166
3162,24025,24026,3162,m12-2-9,2026-07-25T08:52:39Z,1135,0.07633041142827457,-0.0037721557745227664,-0.008657404049290994,0.09354578038481584
3162,24025,24026,3162,m12-2-9,2026-07-25T08:52:39Z,1136,0.0835895835927855,-0.0025351326523354333,0.03905982673696338,0.036013823949348614
3162,24025,24026,3162,m12-2-9,2026-07-25T08:52:39Z,1137,0.0816026725921531,0.006737842336685571,0.053183291082119076,-0.0008266480103842551
3162,24025,24026,3162,m12-2-9,2026-07-25T08:52:39Z,1138,0.08823338241371464,0.02626754874884448,-0.03467331737181206,-0.006789381788072942
3162,24025,24026,3162,m12-2-9,2026-07-25T08:52:39Z,1139,0.07547669017691849,-0.0016367297054107955,0.04235851067943981,0.03800968542533341
3162,24025,24026,3162,m12-2-9,2026-07-25T08:52:39Z,1140,0.08174666151686516,0.02584785434457175,0.023880088131258023,-0.03769208431572822
3162,24025,24026,3162,m12-2-9,2026-07-25T08:52:39Z,1141,0.07254386062125139,-0.0038862097388923864,0.028966851294192315,-0.09173935045797384
3162,24025,24026,3162,m12-2-9,2026-07-25T08:52:39Z,1142,0.060171389483983366,0.08052306496303713,0.031907558778966345,-0.0383881492971693
3162,24025,24026,3162,m12-2-9,2026-07-25T08:52:39Z,1143,0.07584527397989713,-0.016860934880872938,0.04724877666163292,-0.053806930235653985
3162,24025,24026,3162,m12-2-9,2026-07-25T08:52:39Z,1144,0.07101661463947967,-0.05550297276373082,0.04579794129562248,0.0026133927970185917
3162,24025,24026,3162,m12-2-9,2026-07-25T08:52:39Z,1145,0.09062401622341984,0.00234945563795002,0.011790796871237935,0.027722316369598307
3162,24025,24026,3162,m12-2-9,2026-07-25T08:52:39Z,1146,0.06543091198543963,0.02266575510218408,-0.03213859816438158,-0.08339384445034242
3162,24025,24026,3162,m12-2-9,2026-07-25T08:52:39Z,1147,0.07033081728813641,-0.00492315487446219,0.07507728350632432,0.03468348874771828
3162,24025,24026,3162,m12-2-9,2026-07-25T08:52:39Z,1148,0.07787658470658547,-0.07082318560424004,0.01619584238569958,0.020263089124750056
3162,24025,24026,3162,m12-2-9,2026-07-25T08:52:39Z,1149,0.07659399782974974,0.021784684144146454,-0.0001022718639260125,0.06537270701008516
3162,24025,24026,3162,m12-2-9,2026-07-25T08:52:39Z,1150,0.07322418165327128,-0.008604130123483395,-0.07230689569023224,-0.05608150480600464
3162,24025,24026,3162,m12-2-9,2026-07-25T08:52:39Z,1151,0.06393113297687789,0.046577594881081597,-0.04234626162371093,-0.0670077538845868
3162,24025,24026,3162,m12-2-9,2026-07-25T08:52:39Z,1152,0.05908217014765771,0.047375342506435006,-0.07842077162139095,0.02894595826672397
3162,24025,24026,3162,m12-2-9,2026-07-25T08:52:39Z,1153,0.07281421167929841,0.03689787392454994,-0.06385586998936468,0.006977506811910625
3162,24025,24026,3162,m12-2-9,2026-07-25T08:52:39Z,1154,0.07806371976599086,-0.04893857882715014,-0.011506963429820794,-0.04847746756310698
3162,24025,24026,3162,m12-2-9,2026-07-25T08:52:39Z,1155,0.07812393449293217,-0.07168342216712294,0.015918916970436243,0.007234062866755784
3162,24025,24026,3162,m12-2-9,2026-07-25T08:52:39Z,1156,0.06925966731480732,-0.012371712466714875,-0.08486485046230877,0.027409675163676532
3162,24025,24026,3162,m12-2-9,2026-07-25T08:52:39Z,1157,0.07503113303882589,-0.07872243969988969,0.05468559865557381,-0.043985062201302626
3162,24025,24026,3162,m12-2-9,2026-07-25T08:52:39Z,1158,0.07294456360020245,0.08771469354505328,0.006071923405945375,-0.013800011932224887
3162,24025,24026,3162,m12-2-9,2026-07-25T08:52:39Z,1159,0.08674185986603106,-0.01355982040866229,0.0320019562203907,-0.029335680036111787
3162,24025,24026,3162,m12-2-9,2026-07-25T08:52:39Z,1160,0.07287852114667395,0.0198431982066305,-0.013325414231667764,-0.11015503781937179
3162,24025,24026,3162,m12-2-9,2026-07-25T08:52:39Z,1161,0.07340191060569377,0.042193592059647185,0.0011062275073173424,-0.0847351352999274
3162,24025,24026,3162,m12-2-9,2026-07-25T08:52:39Z,1162,0.0830474480695947,-0.00995051568925957,-0.024469475835949158,0.05317985428662769
3162,24025,24026,3162,m12-2-9,2026-07-25T08:52:39Z,1163,0.08093949799476116,-0.005793049712034785,-0.06563224206978098,-0.0253843511315854
3162,24025,24026,3162,m12-2-9,2026-07-25T08:52:39Z,1164,0.07745329166399242,0.05607132367669602,-0.03277287054153113,0.045609503560701446
3162,24025,24026,3162,m12-2-9,2026-07-25T08:52:39Z,1165,0.05755916818353017,-0.054120674308014365,0.03566348357437032,-0.06238550489097895
3162,24025,24026,3162,m12-2-9,2026-07-25T08:52:39Z,1166,0.08022588332197414,0.014477328027054422,0.02965647171545419,-0.048477972039087346
3162,24025,24026,3162,m12-2-9,2026-07-25T08:52:39Z,1167,0.07917700878420025,0.008664332741821412,-0.051448415647073094,-0.04018995839325449
3162,24025,24026,3162,m12-2-9,2026-07-25T08:52:39Z,1168,0.06345391726215699,0.08481912710520877,-0.018134610906590336,-0.030344913178095928
3162,24025,24026,3162,m12-2-9,2026-07-25T08:52:39Z,1169,0.06332133417384349,0.0006554416218470943,0.06344408374379615,-0.06772070673200202
3162,24025,24026,3162,m12-2-9,2026-07-25T08:52:39Z,1170,0.05286725743903336,-0.04367850710096482,-0.037701393538618413,0.052273023877320246
3162,24025,24026,3162,m12-2-9,2026-07-25T08:52:39Z,1171,0.07316936910889818,-0.11447512351654039,0.04173401529426239,2.8968542802971663e-5
3162,24025,24026,3162,m12-2-9,2026-07-25T08:52:39Z,1172,0.07418384086318663,-0.059325506322575376,0.035860595881366024,-0.006868185377456569
3162,24025,24026,3162,m12-2-9,2026-07-25T08:52:39Z,1173,0.07075826517427752,-0.0795597358136823,0.02896238819439277,-0.025640704558576144
3162,24025,24026,3162,m12-2-9,2026-07-25T08:52:39Z,1174,0.09244112548631524,-0.004431784309673821,-0.00450845775004195,-0.0013492040297198144
3162,24025,24026,3162,m12-2-9,2026-07-25T08:52:39Z,1175,0.0755258562405774,-0.01675448995443046,0.06234168127879364,0.030724341866288456
3162,24025,24026,3162,m12-2-9,2026-07-25T08:52:39Z,1176,0.06945562190201997,-0.06062431698286966,-0.002342272079238617,0.04444412416395508
3162,24025,24026,3162,m12-2-9,2026-07-25T08:52:39Z,1177,0.0764365015338827,-0.002614601614796487,-0.05803649921822241,0.015276899965016898
3162,24025,24026,3162,m12-2-9,2026-07-25T08:52:39Z,1178,0.06404039188126287,0.029831760807695954,-0.01955158765121508,-0.06162159955559819
3162,24025,24026,3162,m12-2-9,2026-07-25T08:52:39Z,1179,0.07818868910054633,-0.01766550414418333,-0.11045934769874625,-0.006260506417147372
3162,24025,24026,3162,m12-2-9,2026-07-25T08:52:39Z,1180,0.07922484579114693,-0.0427189506748071,0.036741682104255366,0.015920763601497565
3162,24025,24026,3162,m12-2-9,2026-07-25T08:52:39Z,1181,0.07051206962749228,0.03056191556319788,-0.02501162707073384,0.027385120005508936
3162,24025,24026,3162,m12-2-9,2026-07-25T08:52:39Z,1182,0.062300413901832725,0.029955749312179012,0.09073913003716001,-0.10779800006188303
3162,24025,24026,3162,m12-2-9,2026-07-25T08:52:39Z,1183,0.08397111135001852,-0.01928329705379068,-0.014689353687103225,-0.04046062597871465
3162,24025,24026,3162,m12-2-9,2026-07-25T08:52:39Z,1184,0.060129363064765295,-0.02716771883710998,-0.05178114664566675,0.06906093620097548
3162,24025,24026,3162,m12-2-9,2026-07-25T08:52:39Z,1185,0.06275712072777877,-0.051687241178197646,-0.035159290392203314,-0.019424970009662135
3162,24025,24026,3162,m12-2-9,2026-07-25T08:52:39Z,1186,0.07770911471122224,0.001960034630382576,0.051495519039600375,0.044331654872566593
3162,24025,24026,3162,m12-2-9,2026-07-25T08:52:39Z,1187,0.08603668236256852,-0.044721294308923444,0.012846750895827137,0.006662043388818313
3162,24025,24026,3162,m12-2-9,2026-07-25T08:52:39Z,1188,0.07139728210552833,-0.015433919960017075,0.08074679970572585,0.021514857481797444
3162,24025,24026,3162,m12-2-9,2026-07-25T08:52:39Z,1189,0.06657163090897526,-0.010746037848668098,0.07623451431349369,0.06047443760194911
3162,24025,24026,3162,m12-2-9,2026-07-25T08:52:39Z,1190,0.06224864425939699,-0.08061788765630047,0.01963087875334921,-0.05070991076402076
3162,24025,24026,3162,m12-2-9,2026-07-25T08:52:39Z,1191,0.07357083431296593,-0.07704529791442813,-0.029628978894857372,0.0533083721389968
3162,24025,24026,3162,m12-2-9,2026-07-25T08:52:39Z,1192,0.07910901683259215,-0.059062210578131234,0.006455813587181852,-0.03621709655313298
3162,24025,24026,3162,m12-2-9,2026-07-25T08:52:39Z,1193,0.07458650712455614,0.02925192512894364,0.02685451640455814,-0.05973650962963077
3162,24025,24026,3162,m12-2-9,2026-07-25T08:52:39Z,1194,0.07249407657881621,-0.031500336238059846,0.05433717997436912,0.06654700293642939
3162,24025,24026,3162,m12-2-9,2026-07-25T08:52:39Z,1195,0.08546848563975261,-0.006116263003275161,0.005507739837538162,0.043433125818333224
3162,24025,24026,3162,m12-2-9,2026-07-25T08:52:39Z,1196,0.07520245490936267,0.005613371701676461,0.08019718898672602,0.018657347105254796
3162,24025,24026,3162,m12-2-9,2026-07-25T08:52:39Z,1197,0.08170561022429108,-0.013770745393242481,-0.009854209017511394,0.05627461178322047
3162,24025,24026,3162,m12-2-9,2026-07-25T08:52:39Z,1198,0.07269282533989005,0.05741477259780622,-0.07204843092652645,0.067975410852537
3162,24025,24026,3162,m12-2-9,2026-07-25T08:52:39Z,1199,0.08125573919242562,-0.04818064969730391,0.0050252776686774,-0.03383540120174973
3162,24025,24026,3162,m12-2-9,2026-07-25T08:52:39Z,1200,0.07777749799160456,0.00800922829672562,-0.07004718929138248,0.0030367554728694146
3162,24025,24026,3162,m12-2-9,2026-07-25T08:52:39Z,1201,0.08739413225596467,0.048673244365025715,-0.03430300945781259,-0.046375149441445704
3162,24025,24026,3162,m12-2-9,2026-07-25T08:52:39Z,1202,0.07190030583840133,0.02388607820171516,-0.03075143664018931,-0.06666698739010474
3162,24025,24026,3162,m12-2-9,2026-07-25T08:52:39Z,1203,0.08329914487511063,0.036775222064115,0.030626956437026665,-0.0012547176719496745
3162,24025,24026,3162,m12-2-9,2026-07-25T08:52:39Z,1204,0.08876335111460501,0.017393085421949044,0.008235297654542634,-0.03020258788091188
3162,24025,24026,3162,m12-2-9,2026-07-25T08:52:39Z,1205,0.08962981947173064,-0.03375524809453873,0.0007136433486452936,0.008383675487576145
3162,24025,24026,3162,m12-2-9,2026-07-25T08:52:39Z,1206,0.0634584632014386,-0.06103611601269016,-0.01224850658661815,-0.06596393602219364
3162,24025,24026,3162,m12-2-9,2026-07-25T08:52:39Z,1207,0.06006830933115076,0.03991755847312319,0.04188154899748518,0.04960570572234173
3162,24025,24026,3162,m12-2-9,2026-07-25T08:52:39Z,1208,0.062229558766417684,-0.02182363339499315,0.07357347265296323,0.06161770844493136
3162,24025,24026,3162,m12-2-9,2026-07-25T08:52:39Z,1209,0.07686692638848927,-0.06720907137697961,0.02120374070348119,0.018623545392821676
3162,24025,24026,3162,m12-2-9,2026-07-25T08:52:39Z,1210,0.08748419955900934,0.022883094531949845,-0.0248665613476411,0.01687260554758593
3162,24025,24026,3162,m12-2-9,2026-07-25T08:52:39Z,1211,0.07435389130548639,0.021633338861606368,-0.046327753210292776,-0.041772517986539665
3162,24025,24026,3162,m12-2-9,2026-07-25T08:52:39Z,1212,0.08560370572780576,-0.0036771413756798857,0.03206301167439797,0.028800649699404494
3162,24025,24026,3162,m12-2-9,2026-07-25T08:52:39Z,1213,0.06464545622008071,-0.09311776867126266,0.04373726182479094,0.018681820146465092
3162,24025,24026,3162,m12-2-9,2026-07-25T08:52:39Z,1214,0.09177120885357208,0.004055742014175864,-3.356146538744496e-5,-0.00943246156170453
3162,24025,24026,3162,m12-2-9,2026-07-25T08:52:39Z,1215,0.07705279043778633,0.007070080792685527,-0.04486472481388451,0.05261184099185432
3162,24025,24026,3162,m12-2-9,2026-07-25T08:52:39Z,1216,0.07999527357708858,-0.01856395334090688,-0.06456245286443545,-0.00406739741556163
3162,24025,24026,3162,m12-2-9,2026-07-25T08:52:39Z,1217,0.09124326265649446,-0.033553722878038275,-0.0063012694402176765,0.0010673802165945497
3162,24025,24026,3162,m12-2-9,2026-07-25T08:52:39Z,1218,0.0748670469940143,0.06977449052223778,-0.009126297108052614,-0.01644626502097145
3162,24025,24026,3162,m12-2-9,2026-07-25T08:52:39Z,1219,0.08283147600818534,-0.0028516322499864515,-0.05223132353816016,0.019190579282190603
3162,24025,24026,3162,m12-2-9,2026-07-25T08:52:39Z,1220,0.07931193388562661,-0.0027554383256357764,0.01675193739651477,-0.06565811404376644
3162,24025,24026,3162,m12-2-9,2026-07-25T08:52:39Z,1221,0.08944966530222735,0.027757662352147564,0.03068292399697718,-0.005835399335633738
3162,24025,24026,3162,m12-2-9,2026-07-25T08:52:39Z,1222,0.07006242686722287,0.046522180473286,0.040856504151830966,0.039621519159790744
3162,24025,24026,3162,m12-2-9,2026-07-25T08:52:39Z,1223,0.07244973236326932,0.09836044617841079,0.002054862634077593,-0.019147019265295915
3162,24025,24026,3162,m12-2-9,2026-07-25T08:52:39Z,1224,0.0690083768483387,0.007166685945982654,0.029414477799598913,-0.09675783127029638
3162,24025,24026,3162,m12-2-9,2026-07-25T08:52:39Z,1225,0.0602898914279045,-0.06582257581289892,-0.01721488624102594,-0.058741814088225305
3162,24025,24026,3162,m12-2-9,2026-07-25T08:52:39Z,1226,0.0888325761607145,-0.037828217422307686,0.04147035352576845,0.015862128814094587
3162,24025,24026,3162,m12-2-9,2026-07-25T08:52:39Z,1227,0.07000945326842044,0.0712500134279131,-0.0160849227734063,0.038336847882443
3162,24025,24026,3162,m12-2-9,2026-07-25T08:52:39Z,1228,0.08687843600249115,0.01539415848585779,-0.028369341016341493,0.025850902875281023
3162,24025,24026,3162,m12-2-9,2026-07-25T08:52:39Z,1229,0.07990703005611158,0.057327685745932624,-0.03228478493287831,-0.007589862434237569
3162,24025,24026,3162,m12-2-9,2026-07-25T08:52:39Z,1230,0.05936215930841957,-0.05750771271995124,-0.07573789956409238,0.02609374577306133
3162,24025,24026,3162,m12-2-9,2026-07-25T08:52:39Z,1231,0.08631379470536944,0.012820986052104319,-0.05385073926337112,-0.02883926959315279
3162,24025,24026,3162,m12-2-9,2026-07-25T08:52:39Z,1232,0.04899126304260068,-0.038092607236577,-0.03967272570377884,-0.04137255349337167
3162,24025,24026,3162,m12-2-9,2026-07-25T08:52:39Z,1233,0.05613224320795091,-0.03281722796227501,-0.10595531855965293,-0.04440441338886119
3162,24025,24026,3162,m12-2-9,2026-07-25T08:52:39Z,1234,0.0921486545342783,0.00720197703551032,-0.0009982089962275106,0.006618618993190884
3162,24025,24026,3162,m12-2-9,2026-07-25T08:52:39Z,1235,0.07580342351197847,0.0031701111253814762,0.07029999385579723,0.02849903375226945
3162,24025,24026,3162,m12-2-9,2026-07-25T08:52:39Z,1236,0.06715019017090168,-0.08925519734749321,0.01758258916823773,-0.038500329566717686
3162,24025,24026,3162,m12-2-9,2026-07-25T08:52:39Z,1237,0.06550168631805084,-0.04895551471723636,0.03459506026694504,-0.03127435681806345
3162,24025,24026,3162,m12-2-9,2026-07-25T08:52:39Z,1238,0.07307777985605729,-0.0836486828178191,-0.027950615988485267,-0.017353177317874197
3162,24025,24026,3162,m12-2-9,2026-07-25T08:52:39Z,1239,0.0631923953426229,-0.08307915305284323,-0.007201698541506771,0.020489616440209264
3162,24025,24026,3162,m12-2-9,2026-07-25T08:52:39Z,1240,0.07360311933633822,0.0850689954346183,0.00807720551467279,0.008758812647469536
3162,24025,24026,3162,m12-2-9,2026-07-25T08:52:39Z,1241,0.06997659023703767,-0.031927069047538004,0.01547418475664044,-0.06436540035814717
3162,24025,24026,3162,m12-2-9,2026-07-25T08:52:39Z,1242,0.08215355150498017,0.06377267291384274,-0.0012751060182176858,-0.018133185500181885
3162,24025,24026,3162,m12-2-9,2026-07-25T08:52:39Z,1243,0.08209387527951122,0.013074920176221756,-0.08236022359336809,-0.07671866611862385
3162,24025,24026,3162,m12-2-9,2026-07-25T08:52:39Z,1244,0.07314353648507953,0.018060889862991703,-0.08087976402738171,-0.0017040660452915374
3162,24025,24026,3162,m12-2-9,2026-07-25T08:52:39Z,1245,0.06637785989697538,0.0496747795719929,-0.008979252906664239,-0.05816054663079152
3162,24025,24026,3162,m12-2-9,2026-07-25T08:52:39Z,1246,0.06220531488574262,-0.04577296742274954,-0.07603049639083583,-0.006973416771033236
3162,24025,24026,3162,m12-2-9,2026-07-25T08:52:39Z,1247,0.07429514325474444,0.06302857167766264,-0.02477303106878125,0.021998464105098054
3162,24025,24026,3162,m12-2-9,2026-07-25T08:52:39Z,1248,0.06633174642991152,-0.07206402045803297,-0.04345766439945352,-0.0028807277588439126
3162,24025,24026,3162,m12-2-9,2026-07-25T08:52:39Z,1249,0.07042439346396724,-0.009639041826214983,-0.042584779933548776,0.06320165131732813
3162,24025,24026,3162,m12-2-9,2026-07-25T08:52:39Z,1250,0.07003966498199152,0.06815242852167816,0.0066325951030790364,-0.0335696074043654
3162,24025,24026,3162,m12-2-9,2026-07-25T08:52:39Z,1251,0.08500307983568313,-0.038122729773452595,-0.0304131254899309,0.0026307416259117207
3162,24025,24026,3162,m12-2-9,2026-07-25T08:52:39Z,1252,0.07408250572953332,0.07773080802321275,0.007519414322543134,-0.03182552181345091
3162,24025,24026,3162,m12-2-9,2026-07-25T08:52:39Z,1253,0.08768557863824224,-0.011899050381376659,-0.028124893496307642,-0.03437435346499351
3162,24025,24026,3162,m12-2-9,2026-07-25T08:52:39Z,1254,0.06918609247517621,-0.025865434712733334,-0.07910291977654359,0.04287022039517374
3162,24025,24026,3162,m12-2-9,2026-07-25T08:52:39Z,1255,0.0852683059212241,0.0051216865022765965,0.0540616217016987,-0.007568861037658099
3162,24025,24026,3162,m12-2-9,2026-07-25T08:52:39Z,1256,0.05851275109040767,-0.07139520880723255,-0.037452573439920304,-0.02844502161901909
3162,24025,24026,3162,m12-2-9,2026-07-25T08:52:39Z,1257,0.06494177539367674,0.038087322609912315,0.08217862295587369,-0.019342377957921993
3162,24025,24026,3162,m12-2-9,2026-07-25T08:52:39Z,1258,0.0832960162077511,0.05552496318164133,0.01376866619812826,-0.020660481133561986
3162,24025,24026,3162,m12-2-9,2026-07-25T08:52:39Z,1259,0.07668883226447902,0.0158916964463421,-0.008604264472593813,-0.09066575326455453
3162,24025,24026,3162,m12-2-9,2026-07-25T08:52:39Z,1260,0.0705072702658349,0.08525204049558356,0.018116396325880094,0.02381457740715688
3162,24025,24026,3162,m12-2-9,2026-07-25T08:52:39Z,1261,0.07649102319387041,-0.06376668879460162,0.028004483264119206,0.003804198632854999
3162,24025,24026,3162,m12-2-9,2026-07-25T08:52:39Z,1262,0.08794780875295098,0.027862665018459645,0.009362682627114741,0.030353648941018083
3162,24025,24026,3162,m12-2-9,2026-07-25T08:52:39Z,1263,0.08928235864552492,-0.02663394538090209,0.04450195141482492,-0.023903189193722814
3162,24025,24026,3162,m12-2-9,2026-07-25T08:52:39Z,1264,0.07630336370690306,0.009740661596772735,-0.06285887967528887,-0.0017408007426827324
3162,24025,24026,3162,m12-2-9,2026-07-25T08:52:39Z,1265,0.069141843084467,-0.018883747248675597,-0.044933510035270866,0.06801232832411414
3162,24025,24026,3162,m12-2-9,2026-07-25T08:52:39Z,1266,0.08260360105688719,-0.00026946043047152953,-0.02209746452153564,0.05768456314737261
3162,24025,24026,3162,m12-2-9,2026-07-25T08:52:39Z,1267,0.0882911660695151,-0.00260261329918151,-0.027114788610532518,-0.012110714361137581
3162,24025,24026,3162,m12-2-9,2026-07-25T08:52:39Z,1268,0.0770986806555717,-0.040949732140876195,-0.02149299949999023,-0.05407222196528355
3162,24025,24026,3162,m12-2-9,2026-07-25T08:52:39Z,1269,0.06979366068561728,0.007156405097125437,0.0530988647531514,-0.055160621024097106
3162,24025,24026,3162,m12-2-9,2026-07-25T08:52:39Z,1270,0.06620629031267422,0.03342653720407243,-0.009988860573801838,0.08938436830229658
3162,24025,24026,3162,m12-2-9,2026-07-25T08:52:39Z,1271,0.07032800270575437,0.011992481685122808,0.09681345351241524,0.009632095262263258
3162,24025,24026,3162,m12-2-9,2026-07-25T08:52:39Z,1272,0.07589562925367879,0.04632207646537134,0.06832083990996013,0.0029498105608455334
3162,24025,24026,3162,m12-2-9,2026-07-25T08:52:39Z,1273,0.05903208652907833,-0.06371084493782864,0.009502757240232385,0.06131776419551667
3162,24025,24026,3162,m12-2-9,2026-07-25T08:52:39Z,1274,0.07276577725433973,-0.015270720898753256,0.007648143493589619,0.0925690838760668
3162,24025,24026,3162,m12-2-9,2026-07-25T08:52:39Z,1275,0.08087863486231801,0.02019667647891703,-0.005814101880526138,-0.07316768467571501
3162,24025,24026,3162,m12-2-9,2026-07-25T08:52:39Z,1276,0.08842966007895793,0.03814213050911178,-0.004636786775139106,-0.0276803662361061
3162,24025,24026,3162,m12-2-9,2026-07-25T08:52:39Z,1277,0.08638320947869145,-0.021311889115728806,0.0058614575337522816,-0.055700458408335506
3162,24025,24026,3162,m12-2-9,2026-07-25T08:52:39Z,1278,0.08946984660547176,-0.11383651305340127,-0.12250899189443823,-0.15833281873842953
3162,24025,24026,3162,m12-2-9,2026-07-25T08:52:39Z,1279,0.07769232972779617,-0.02816787157332435,-0.038603660923967505,0.05482048139146295
3162,24025,24026,3162,m12-2-9,2026-07-25T08:52:39Z,1280,0.0896575831730117,-0.006110808133914446,0.01567812476508031,0.007903362173357336
3162,24025,24026,3162,m12-2-9,2026-07-25T08:52:39Z,1281,0.07000741070777365,0.01033435887557276,-0.06119754315612011,0.04529701985623603
3162,24025,24026,3162,m12-2-9,2026-07-25T08:52:39Z,1282,0.07515619143622232,0.08306312667285112,0.02725119059379709,-0.009924466596945559
3162,24025,24026,3162,m12-2-9,2026-07-25T08:52:39Z,1283,0.06964255370345657,-0.024835265446605415,0.08550473416405206,-0.015599013730817218
3162,24025,24026,3162,m12-2-9,2026-07-25T08:52:39Z,1284,0.07970203018990327,0.013491473469852163,0.08013708942526211,-0.007760976595321869
3162,24025,24026,3162,m12-2-9,2026-07-25T08:52:39Z,1285,0.07124316632839685,-0.03959609000138098,-0.07166581955661853,0.02911147977222267
3162,24025,24026,3162,m12-2-9,2026-07-25T08:52:39Z,1286,0.08525775251435842,-0.021009338777450204,-0.0384076264672696,0.014416142257029668
3162,24025,24026,3162,m12-2-9,2026-07-25T08:52:39Z,1287,0.07736790734196186,-0.12061041369602887,-0.023337719433666828,-0.015620618588188721
3162,24025,24026,3162,m12-2-9,2026-07-25T08:52:39Z,1288,0.08663386816244882,0.05402078713139156,-0.025639632280122875,-0.012126977599317617
3162,24025,24026,3162,m12-2-9,2026-07-25T08:52:39Z,1289,0.08398440604336183,0.004572552348955169,-0.016198101812267166,0.05171498863325795
3162,24025,24026,3162,m12-2-9,2026-07-25T08:52:39Z,1290,0.07134962261909823,-0.06616370203360296,0.031465983467404035,0.012764207124411899
3162,24025,24026,3162,m12-2-9,2026-07-25T08:52:39Z,1291,0.08115429176906148,-0.07147733538497392,0.042042183973617336,0.007531109068600127
3162,24025,24026,3162,m12-2-9,2026-07-25T08:52:39Z,1292,0.08902181449323701,-0.018561187494481844,-0.02473935675768924,-0.020124801352789427
3162,24025,24026,3162,m12-2-9,2026-07-25T08:52:39Z,1293,0.062468856227174116,-0.04126464578708138,-0.04026404784257523,-0.05202011145009484
3162,24025,24026,3162,m12-2-9,2026-07-25T08:52:39Z,1294,0.08090483441366181,-0.035113122126223834,0.011396683404550911,-0.00522838660013427
3162,24025,24026,3162,m12-2-9,2026-07-25T08:52:39Z,1295,0.07762215626259014,-0.06594677456065495,-0.013655891196765389,0.0456427049903531
3162,24025,24026,3162,m12-2-9,2026-07-25T08:52:39Z,1296,0.07579880123664731,0.014720336925384447,-0.061562406269140564,0.002195462788291006
3162,24025,24026,3162,m12-2-9,2026-07-25T08:52:39Z,1297,0.06749725049504957,-0.054273992294590775,-0.06196978930396301,0.03443375315642381
3162,24025,24026,3162,m12-2-9,2026-07-25T08:52:39Z,1298,0.09060729142342565,0.018623626274989792,0.03640696422903926,-0.002685263556906761
3162,24025,24026,3162,m12-2-9,2026-07-25T08:52:39Z,1299,0.07151396452348448,0.06106848648216499,0.028225607868659082,0.0329533196071982
3162,24025,24026,3162,m12-2-9,2026-07-25T08:52:39Z,1300,0.07442809060266606,-0.018793779615462584,-0.04235856014201795,0.012359897761645419
3162,24025,24026,3162,m12-2-9,2026-07-25T08:52:39Z,1301,0.08398961983883427,0.04179543279137882,-0.01334529343697847,0.0014601901733538075
3162,24025,24026,3162,m12-2-9,2026-07-25T08:52:39Z,1302,0.06358464785754886,-0.007389285259058061,0.0807751722619719,-0.03719219048541572
3162,24025,24026,3162,m12-2-9,2026-07-25T08:52:39Z,1303,0.0757413030455129,0.07767048947970637,0.005727804896807382,-0.019347665869972677
3162,24025,24026,3162,m12-2-9,2026-07-25T08:52:39Z,1304,0.06679614199599374,0.06486759494217689,-0.037368901065706665,0.011449938518764208
3162,24025,24026,3162,m12-2-9,2026-07-25T08:52:39Z,1305,0.07027370602554915,-0.008537413308231533,-0.08070669396191668,-0.02700668346656644
3162,24025,24026,3162,m12-2-9,2026-07-25T08:52:39Z,1306,0.0776750752786248,0.03598502451156406,-0.024415847177291533,-0.05095016990399866
3162,24025,24026,3162,m12-2-9,2026-07-25T08:52:39Z,1307,0.07413608042929601,-0.04051287758801804,0.049350746585245346,-0.015720435305681884
3162,24025,24026,3162,m12-2-9,2026-07-25T08:52:39Z,1308,0.08694976679341197,0.03236312307326813,-0.012289025463049994,-0.04195420683365505
3162,24025,24026,3162,m12-2-9,2026-07-25T08:52:39Z,1309,0.07518883241738304,0.005555972262469267,-0.02141263735472594,0.07252871706654276
3162,24025,24026,3162,m12-2-9,2026-07-25T08:52:39Z,1310,0.0740956927694266,0.021545062611070746,0.022007093892394258,0.07285052780252009
3162,24025,24026,3162,m12-2-9,2026-07-25T08:52:39Z,1311,0.06590040741168421,0.052989301904121676,-0.08964432231413152,0.04098011044360632
3162,24025,24026,3162,m12-2-9,2026-07-25T08:52:39Z,1312,0.07797710721622925,-0.041150356160896406,-0.010435481098166008,0.0484477337005654
3162,24025,24026,3162,m12-2-9,2026-07-25T08:52:39Z,1313,0.06718446452028543,0.04243613603092159,0.08181300571111756,-0.015463768294591467
3162,24025,24026,3162,m12-2-9,2026-07-25T08:52:39Z,1314,0.07407239760156002,0.06582675872095867,0.12651009812430522,0.08324927991182086
3162,24025,24026,3162,m12-2-9,2026-07-25T08:52:39Z,1315,0.07698631658157404,-0.013027881646692982,0.07137722000581496,-0.024386313243936055
3162,24025,24026,3162,m12-2-9,2026-07-25T08:52:39Z,1316,0.053032746046233106,0.0481051147229644,-0.03462459797043997,-0.04977836682210528
3162,24025,24026,3162,m12-2-9,2026-07-25T08:52:39Z,1317,0.08789679627850691,-0.019338566719565655,0.016180032135037815,0.006034869636609864
3162,24025,24026,3162,m12-2-9,2026-07-25T08:52:39Z,1318,0.08111435913828857,0.05001477307179649,-0.0038182824086899075,-0.03221094079402368
3162,24025,24026,3162,m12-2-9,2026-07-25T08:52:39Z,1319,0.08291792340629356,-0.013785275988672343,0.05445209834315954,0.0026057420997264965
3162,24025,24026,3162,m12-2-9,2026-07-25T08:52:39Z,1320,0.08460463422751702,-0.01953536318277711,-0.027869490938275624,0.04060865518447592
3162,24025,24026,3162,m12-2-9,2026-07-25T08:52:39Z,1321,0.080077718773963,-0.04567128101263173,-0.023034318928910603,0.06748153609564941
3162,24025,24026,3162,m12-2-9,2026-07-25T08:52:39Z,1322,0.07489660054209034,0.06321527467050278,0.012813312421115781,-0.005721189535982577
3162,24025,24026,3162,m12-2-9,2026-07-25T08:52:39Z,1323,0.06918325042537854,-0.05210937470211327,0.020862414480423124,0.06177530723870889
3162,24025,24026,3162,m12-2-9,2026-07-25T08:52:39Z,1324,0.0625049070142023,0.03360039816848489,-0.023393644229107433,-0.07949325254376201
3162,24025,24026,3162,m12-2-9,2026-07-25T08:52:39Z,1325,0.08817684966014977,-0.019867404232596697,-0.01779354685447182,-0.03075306992840195
3162,24025,24026,3162,m12-2-9,2026-07-25T08:52:39Z,1326,0.0793158603858427,0.06504288283519691,-0.0035538042450070084,0.02173579262886749
3162,24025,24026,3162,m12-2-9,2026-07-25T08:52:39Z,1327,0.07033008124621741,-0.036249404265345904,-0.04283789602374564,0.07232643248399094
3162,24025,24026,3162,m12-2-9,2026-07-25T08:52:39Z,1328,0.06497573799802994,0.07433886859155264,-0.0366717623910926,-0.033980648950145895
3162,24025,24026,3162,m12-2-9,2026-07-25T08:52:39Z,1329,0.07926702981965675,-0.04253822651725237,0.009264609118371027,-0.04935507737374831
3162,24025,24026,3162,m12-2-9,2026-07-25T08:52:39Z,1330,0.07252815639909845,0.04805306877104394,-0.016411505012964817,0.018262919435664826
3162,24025,24026,3162,m12-2-9,2026-07-25T08:52:39Z,1331,0.06361364271850137,-0.04798784202560041,0.03501610890989118,-0.05920795278783809
3162,24025,24026,3162,m12-2-9,2026-07-25T08:52:39Z,1332,0.07076327314857,-0.0022854290248156633,0.02566571461899873,-0.0930364074229659
3162,24025,24026,3162,m12-2-9,2026-07-25T08:52:39Z,1333,0.07711063635157905,0.05101535345484476,0.02937077056746604,0.05253886727653472
3162,24025,24026,3162,m12-2-9,2026-07-25T08:52:39Z,1334,0.07004043460868759,0.010376271641829733,-0.0796951666290314,0.002672638408209699
3162,24025,24026,3162,m12-2-9,2026-07-25T08:52:39Z,1335,0.058795123505521324,-0.04285692927608971,-0.047742383734155534,0.0691499976481419
3162,24025,24026,3162,m12-2-9,2026-07-25T08:52:39Z,1336,0.07376166849371009,-0.08965815200392041,-0.009177902132264057,0.0011690026231223768
3162,24025,24026,3162,m12-2-9,2026-07-25T08:52:39Z,1337,0.08972275903911643,0.0035718420689916475,-0.006803080786699402,-0.031133142537726553
3162,24025,24026,3162,m12-2-9,2026-07-25T08:52:39Z,1338,0.0842383640616714,-0.006370535923140736,-0.002993775060438687,0.04288086371749331
3162,24025,24026,3162,m12-2-9,2026-07-25T08:52:39Z,1339,0.08350344553787808,-0.056993494732404414,-0.02064917633060663,0.0046128482370564
3162,24025,24026,3162,m12-2-9,2026-07-25T08:52:39Z,1340,0.06894581637397176,0.027834541625839666,0.05078592494163798,-0.08052626670422315
3162,24025,24026,3162,m12-2-9,2026-07-25T08:52:39Z,1341,0.07752063049071929,0.0330290634142622,-0.05341714761083645,-0.028657044937928863
3162,24025,24026,3162,m12-2-9,2026-07-25T08:52:39Z,1342,0.08868325150767989,0.02401131269709712,-0.02326446304123121,0.0018227113374347853
3162,24025,24026,3162,m12-2-9,2026-07-25T08:52:39Z,1343,0.0808515706120111,0.02799004878742854,-0.051532302744882845,-0.001368466592950356
3162,24025,24026,3162,m12-2-9,2026-07-25T08:52:39Z,1344,0.0726882847347784,0.06305335909464674,0.033697182894784364,-0.019701890981214068
3162,24025,24026,3162,m12-2-9,2026-07-25T08:52:39Z,1345,0.0751314751383635,-0.041705814499507075,0.0003813969872087477,-0.0656830400695564
3162,24025,24026,3162,m12-2-9,2026-07-25T08:52:39Z,1346,0.0666815488180135,0.026186580014151917,0.028743868917289302,0.06091362604452017
3162,24025,24026,3162,m12-2-9,2026-07-25T08:52:39Z,1347,0.05664427694477965,0.044564148276954714,0.04468369219234734,0.05186685380740081
3162,24025,24026,3162,m12-2-9,2026-07-25T08:52:39Z,1348,0.06292198564183875,-0.07111009669249219,-0.008511862245880316,0.062086255488874295
3162,24025,24026,3162,m12-2-9,2026-07-25T08:52:39Z,1349,0.0759613400442372,0.011645553884661347,0.03376898785755304,0.07468093313067346
3162,24025,24026,3162,m12-2-9,2026-07-25T08:52:39Z,1350,0.0670864283837311,-0.08550666201214575,-0.02526319774227559,-0.022613141949425604
3162,24025,24026,3162,m12-2-9,2026-07-25T08:52:39Z,1351,0.06588256941381876,0.05734472452996052,-0.011302593031030301,-0.024759655875386373
3162,24025,24026,3162,m12-2-9,2026-07-25T08:52:39Z,1352,0.07400234621099579,0.02574383129473502,-0.002544372505279319,0.05113603873167301
3162,24025,24026,3162,m12-2-9,2026-07-25T08:52:39Z,1353,0.08262937510761939,0.053134902875942226,-0.01605427758758177,-0.007280878562236728
3162,24025,24026,3162,m12-2-9,2026-07-25T08:52:39Z,1354,0.06328993624963486,-0.044419565318427064,-0.02480125417969767,-0.08759999826174497
3162,24025,24026,3162,m12-2-9,2026-07-25T08:52:39Z,1355,0.09319289748442147,0.03168857206419288,0.08836857504527117,-0.007591160259391399
3162,24025,24026,3162,m12-2-9,2026-07-25T08:52:39Z,1356,0.07674105114782606,-0.06825516100997704,0.02515260754137488,-0.027110194490321947
3162,24025,24026,3162,m12-2-9,2026-07-25T08:52:39Z,1357,0.08659757914875499,0.005272759684113006,-0.036570974817552934,0.041844018517033184
3162,24025,24026,3162,m12-2-9,2026-07-25T08:52:39Z,1358,0.08900218578328045,0.01762820340393623,-0.04710253966490724,0.020084933386624496
3162,24025,24026,3162,m12-2-9,2026-07-25T08:52:39Z,1359,0.06774495137730371,0.0066382944925646005,0.07881060566634147,0.06253667481085251
3162,24025,24026,3162,m12-2-9,2026-07-25T08:52:39Z,1360,0.0768180070150058,-0.013749392629059148,0.051675055507627035,-0.0010812284129986833
3162,24025,24026,3162,m12-2-9,2026-07-25T08:52:39Z,1361,0.07891480668963013,-0.08516665232855776,-0.005483398175506376,0.0089875023583807
3162,24025,24026,3162,m12-2-9,2026-07-25T08:52:39Z,1362,0.08039128503765733,-0.023787057828491633,0.0007047881079002033,0.06275751370530856
3162,24025,24026,3162,m12-2-9,2026-07-25T08:52:39Z,1363,0.062478438573299135,-0.04383861992757234,-0.029828180606914,0.07135243110850895
3162,24025,24026,3162,m12-2-9,2026-07-25T08:52:39Z,1364,0.0769521572333006,-0.03837386654529424,0.018004281864425067,0.04802033661667698
3162,24025,24026,3162,m12-2-9,2026-07-25T08:52:39Z,1365,0.08166066722012294,0.02293321518434377,0.04926649280991333,-0.0001706708333224329
3162,24025,24026,3162,m12-2-9,2026-07-25T08:52:39Z,1366,0.07501328646939812,-0.0111209099815572,0.06662744180931009,0.03044548763219136
3162,24025,24026,3162,m12-2-9,2026-07-25T08:52:39Z,1367,0.08555086551394377,-0.04024138805557389,-0.03427381728630065,-0.01841508884352652
3162,24025,24026,3162,m12-2-9,2026-07-25T08:52:39Z,1368,0.08328018049456629,-0.035483811454957756,0.018938086246481693,-0.026828822535904216
3162,24025,24026,3162,m12-2-9,2026-07-25T08:52:39Z,1369,0.08696703258974786,-0.049684958336602955,0.017729834544341974,-0.026236610701483608
3162,24025,24026,3162,m12-2-9,2026-07-25T08:52:39Z,1370,0.06246956298024127,0.0761827311216615,0.01962421525941857,0.025686827946869946
3162,24025,24026,3162,m12-2-9,2026-07-25T08:52:39Z,1371,0.06898262121604273,-0.0025184997501737994,-0.043605669432021744,0.07867423466577776
3162,24025,24026,3162,m12-2-9,2026-07-25T08:52:39Z,1372,0.0838762299680063,0.0035205464757122077,0.03604053948847987,0.025028037768744436
3162,24025,24026,3162,m12-2-9,2026-07-25T08:52:39Z,1373,0.07442775383231481,0.05673948229047851,0.0013301567438252753,0.06447518570318662
3162,24025,24026,3162,m12-2-9,2026-07-25T08:52:39Z,1374,0.06235927310846016,-0.05333335676119962,-0.07318677987226303,-0.024821377512605918
3162,24025,24026,3162,m12-2-9,2026-07-25T08:52:39Z,1375,0.06797437681832487,-0.002553174823062688,-0.07957460340911135,-0.030276785911249233
3162,24025,24026,3162,m12-2-9,2026-07-25T08:52:39Z,1376,0.0646031990186562,0.08721968382765026,0.05259696454786934,0.0009486092391729952
3162,24025,24026,3162,m12-2-9,2026-07-25T08:52:39Z,1377,0.08536420819013484,0.0006045468533136682,0.009612496243245802,-0.053542028238156986
3162,24025,24026,3162,m12-2-9,2026-07-25T08:52:39Z,1378,0.07545567779078619,0.05896314688738697,-0.01674984492687522,0.04446899364409347
3162,24025,24026,3162,m12-2-9,2026-07-25T08:52:39Z,1379,0.07714182596903135,-0.03192063802296534,-0.06203724582489934,-0.025456210497184557
3162,24025,24026,3162,m12-2-9,2026-07-25T08:52:39Z,1380,0.05808103956222321,-0.029185807325504753,-0.068288490270858,0.05496555390993465
3162,24025,24026,3162,m12-2-9,2026-07-25T08:52:39Z,1381,0.0833199938398074,0.06559062040365403,0.04214612757297269,-0.037210186801058275
3162,24025,24026,3162,m12-2-9,2026-07-25T08:52:39Z,1382,0.08560615706513743,0.023701520586756994,-0.006434855305588485,0.03327357834224657
3162,24025,24026,3162,m12-2-9,2026-07-25T08:52:39Z,1383,0.07439308786689931,-0.05152322947395829,-0.027149635788825264,-0.030989015369094312
3162,24025,24026,3162,m12-2-9,2026-07-25T08:52:39Z,1384,0.09154862336236165,0.03129207649480394,-0.02148220972552212,0.03039275697966688
3162,24025,24026,3162,m12-2-9,2026-07-25T08:52:39Z,1385,0.0763648493932402,-0.02010558171284962,0.1593541897645339,-0.05864074835608836
3162,24025,24026,3162,m12-2-9,2026-07-25T08:52:39Z,1386,0.06810810792015864,-0.008642686060260406,-0.09155584730771914,0.015949855404601615
3162,24025,24026,3162,m12-2-9,2026-07-25T08:52:39Z,1387,0.07059833709517899,0.061091751279046945,0.046228369389566926,-0.014652722822735888
3162,24025,24026,3162,m12-2-9,2026-07-25T08:52:39Z,1388,0.07700429929474625,-0.06148058316271077,0.02472299160285514,-0.005216337120371187
3162,24025,24026,3162,m12-2-9,2026-07-25T08:52:39Z,1389,0.08443888315160522,-0.0019903618693760086,0.019358591061171965,0.04974076010923174
3162,24025,24026,3162,m12-2-9,2026-07-25T08:52:39Z,1390,0.07783894222439128,-0.018545004951115735,0.058542662829821714,-0.008998085048375126
3162,24025,24026,3162,m12-2-9,2026-07-25T08:52:39Z,1391,0.07238024430872658,-0.003709264829860231,-0.07224637654589201,-0.03896513503420096
3162,24025,24026,3162,m12-2-9,2026-07-25T08:52:39Z,1392,0.0853505884014658,-0.030112817221320923,0.02900476008218017,0.01253927321288913
3162,24025,24026,3162,m12-2-9,2026-07-25T08:52:39Z,1393,0.0780314169516488,0.0018235562713214393,-0.04231118691593725,0.02529030577694893
3162,24025,24026,3162,m12-2-9,2026-07-25T08:52:39Z,1394,0.0722390784626481,-0.059856056626998354,-0.05356547099647713,0.043699141780238225
3162,24025,24026,3162,m12-2-9,2026-07-25T08:52:39Z,1395,0.07899615036401063,0.056783647423591245,0.015982283327764704,-0.010228975153854496
3162,24025,24026,3162,m12-2-9,2026-07-25T08:52:39Z,1396,0.07511784512287903,-0.0451617371812227,-0.04573919136718403,0.008384207737109189
3162,24025,24026,3162,m12-2-9,2026-07-25T08:52:39Z,1397,0.06760065406149064,-0.03552363168599529,0.06997533805752272,0.06722351191801415
3162,24025,24026,3162,m12-2-9,2026-07-25T08:52:39Z,1398,0.08895022263934227,-0.032720045748833575,0.020827264187887436,0.025742445645471707
3162,24025,24026,3162,m12-2-9,2026-07-25T08:52:39Z,1399,0.07487601242036598,0.006633920152569486,-0.064469331007839,-0.024381723514630613
3162,24025,24026,3162,m12-2-9,2026-07-25T08:52:39Z,1400,0.06846138196990786,0.004288836036266993,0.08855331409324052,-0.05370435138038778
3162,24025,24026,3162,m12-2-9,2026-07-25T08:52:39Z,1401,0.0685057427891273,0.006261520063924277,0.08478254700436326,-0.047357893434272574
3162,24025,24026,3162,m12-2-9,2026-07-25T08:52:39Z,1402,0.07456673581873831,0.00251867080416609,-0.03167771964725481,0.06494112407905242
3162,24025,24026,3162,m12-2-9,2026-07-25T08:52:39Z,1403,0.07772853800677908,0.055387042548881965,-0.008252774016895253,-0.050865317146406894
3162,24025,24026,3162,m12-2-9,2026-07-25T08:52:39Z,1404,0.06777280780726552,0.02826109917666951,0.01683332897756092,0.0832085573919549
3162,24025,24026,3162,m12-2-9,2026-07-25T08:52:39Z,1405,0.07147655239164881,0.011560637931859739,0.060095909313727436,0.10108993762891888
3162,24025,24026,3162,m12-2-9,2026-07-25T08:52:39Z,1406,0.0736921941324391,0.0021010171226901616,-0.012121671904218917,0.05887073495680877
3162,24025,24026,3162,m12-2-9,2026-07-25T08:52:39Z,1407,0.057864489533321774,0.05579422570603579,-0.03746399144897721,0.014593610252677214
3162,24025,24026,3162,m12-2-9,2026-07-25T08:52:39Z,1408,0.06515504411410059,0.003909760546234741,0.04909754782881295,0.0571742634424822
3162,24025,24026,3162,m12-2-9,2026-07-25T08:52:39Z,1409,0.07325549881825043,-0.026669511501381582,0.021612486786234553,0.08701026552200491
3162,24025,24026,3162,m12-2-9,2026-07-25T08:52:39Z,1410,0.06659659646394717,0.05488717467496317,0.06873640820625958,-0.031929965357761325
3162,24025,24026,3162,m12-2-9,2026-07-25T08:52:39Z,1411,0.06430030030473961,-0.02411834293379544,-0.051857800119404975,-0.04142512003919117
3162,24025,24026,3162,m12-2-9,2026-07-25T08:52:39Z,1412,0.08989481334638841,0.000693917852919732,-0.0010137043766056135,0.039458646209009934
3162,24025,24026,3162,m12-2-9,2026-07-25T08:52:39Z,1413,0.077478668642576,-0.005201862563286753,0.09048081935010063,0.0005784631536801669
3162,24025,24026,3162,m12-2-9,2026-07-25T08:52:39Z,1414,0.0686297904623329,0.023589338410381,-0.03443231352781831,0.08034900784046942
3162,24025,24026,3162,m12-2-9,2026-07-25T08:52:39Z,1415,0.08882087118727153,0.005469749725547762,0.021883066989047573,-0.03300985274670463
3162,24025,24026,3162,m12-2-9,2026-07-25T08:52:39Z,1416,0.05804946691762348,-0.05285544553021989,-0.02863985149934535,0.06711058265775571
3162,24025,24026,3162,m12-2-9,2026-07-25T08:52:39Z,1417,0.07619266329833786,0.027695115088429725,-0.04240874554426458,-0.008837237267725616
3162,24025,24026,3162,m12-2-9,2026-07-25T08:52:39Z,1418,0.08519871701838472,-0.01784984204468028,0.046064538858508225,0.0007131774475490127
3162,24025,24026,3162,m12-2-9,2026-07-25T08:52:39Z,1419,0.07086889755119448,-0.006068136515757656,-0.08810749836597347,-0.016984333064952954
3162,24025,24026,3162,m12-2-9,2026-07-25T08:52:39Z,1420,0.05476186952443277,-0.04998597056860002,-0.05304363815732222,0.02525139334060949
3162,24025,24026,3162,m12-2-9,2026-07-25T08:52:39Z,1421,0.09141227601086334,-0.009885123109325827,0.020532165838812965,-0.0004989143164507121
3162,24025,24026,3162,m12-2-9,2026-07-25T08:52:39Z,1422,0.06272237611166123,-0.0760684378090602,-0.09150431381111596,-0.07975969867217407
3162,24025,24026,3162,m12-2-9,2026-07-25T08:52:39Z,1423,0.08371955527965823,0.031201086098244644,-0.03833589479763238,-0.004236890723571785
3162,24025,24026,3162,m12-2-9,2026-07-25T08:52:39Z,1424,0.06850765467674308,-0.06190606759067585,-0.011896501104042,0.011400682802822899
3162,24025,24026,3162,m12-2-9,2026-07-25T08:52:39Z,1425,0.07629292187663354,-0.018841980097878724,0.0651999684340097,-0.002377938619493432
3162,24025,24026,3162,m12-2-9,2026-07-25T08:52:39Z,1426,0.08312431761510501,0.03483061417730898,-0.0003590200029676506,0.041236739880366136
3162,24025,24026,3162,m12-2-9,2026-07-25T08:52:39Z,1427,0.06008964328069966,0.0672757749654823,-0.05018102694789625,0.01971878974115061
3162,24025,24026,3162,m12-2-9,2026-07-25T08:52:39Z,1428,0.0717115183579401,-0.02658503012976664,0.0855264054451317,0.018581259905613812
3162,24025,24026,3162,m12-2-9,2026-07-25T08:52:39Z,1429,0.08055851077514439,-0.05470171666918217,-0.020202514129761116,-0.005934171028111629
3162,24025,24026,3162,m12-2-9,2026-07-25T08:52:39Z,1430,0.08097456219769632,0.004222833910818876,-0.012496339334993153,0.05641550816487884
3162,24025,24026,3162,m12-2-9,2026-07-25T08:52:39Z,1431,0.07314096287677775,-0.060348017454809576,0.028813610733322354,0.005175816073536017
3162,24025,24026,3162,m12-2-9,2026-07-25T08:52:39Z,1432,0.06749740542413665,0.06544022155346907,-0.005336984079577228,-0.014230730414551442
3162,24025,24026,3162,m12-2-9,2026-07-25T08:52:39Z,1433,0.08537212890402662,0.0019452904563866298,0.054175282287195335,-0.004369275236806412
3162,24025,24026,3162,m12-2-9,2026-07-25T08:52:39Z,1434,0.07107222997628157,-0.07181971796627168,-0.10311849058743201,-0.07199183936261659
3162,24025,24026,3162,m12-2-9,2026-07-25T08:52:39Z,1435,0.07923495085184801,0.006153887121164365,0.058398531090604236,-0.02742412094344267
3162,24025,24026,3162,m12-2-9,2026-07-25T08:52:39Z,1436,0.08145408752256363,-0.023543447064890366,-0.06474798992115709,-0.0045396050100107175
3162,24025,24026,3162,m12-2-9,2026-07-25T08:52:39Z,1437,0.08792859616499896,-0.01905441761034637,-0.002789629103994598,-0.025651619980453868
3162,24025,24026,3162,m12-2-9,2026-07-25T08:52:39Z,1438,0.07099347437784445,-0.09590824151474323,0.024214603131387756,0.025323382330056505
3162,24025,24026,3162,m12-2-9,2026-07-25T08:52:39Z,1439,0.07563481092733386,0.08147994441253978,-0.0013718048422708326,0.0037649671275747387
3162,24025,24026,3162,m12-2-9,2026-07-25T08:52:39Z,1440,0.07716516367901606,0.005916681483142205,0.010488022488869325,-0.09720376353658804
3162,24025,24026,3162,m12-2-9,2026-07-25T08:52:39Z,1441,0.06868854933177126,0.02389888210643826,-0.09356402595152269,-0.0004601241269889728
3162,24025,24026,3162,m12-2-9,2026-07-25T08:52:39Z,1442,0.06869937206471781,0.09872659036981644,-0.016536397334192706,0.014026402817191214
3162,24025,24026,3162,m12-2-9,2026-07-25T08:52:39Z,1443,0.0842267561514878,-0.006800974895449015,0.019015802214192558,-0.04552119242635116
3162,24025,24026,3162,m12-2-9,2026-07-25T08:52:39Z,1444,0.0796264729787343,0.05875341183341541,-0.016725053361438483,0.012116232003708703
3162,24025,24026,3162,m12-2-9,2026-07-25T08:52:39Z,1445,0.0747895327049055,0.008765764346991486,0.07189233278259204,0.03041650017211592
3162,24025,24026,3162,m12-2-9,2026-07-25T08:52:39Z,1446,0.061375165406320216,0.01737083217274695,0.047929469034721735,0.03854429904044356
3162,24025,24026,3162,m12-2-9,2026-07-25T08:52:39Z,1447,0.07701555060994118,0.017144958666863643,0.033675916521621996,0.0490139223595659
3162,24025,24026,3162,m12-2-9,2026-07-25T08:52:39Z,1448,0.055857026175915356,-0.027271981653105657,-0.05507664774818966,0.05729898157203415
3162,24025,24026,3162,m12-2-9,2026-07-25T08:52:39Z,1449,0.06771988833422728,0.06607402686566714,0.0599453523260203,-0.009463163626983358
3162,24025,24026,3162,m12-2-9,2026-07-25T08:52:39Z,1450,0.06093234237897514,-0.026513586223652186,0.04814751367489332,0.07292991221141915
3162,24025,24026,3162,m12-2-9,2026-07-25T08:52:39Z,1451,0.06525308198934977,0.019679670247190646,0.08127081751336426,-0.007621802225996513
3162,24025,24026,3162,m12-2-9,2026-07-25T08:52:39Z,1452,0.08003753405203967,-0.03155652262666851,-0.016075427968810747,-0.08411019159799936
3162,24025,24026,3162,m12-2-9,2026-07-25T08:52:39Z,1453,0.06631332643872495,0.028130432965750834,-0.08334431325872169,-0.0008482232744166586
3162,24025,24026,3162,m12-2-9,2026-07-25T08:52:39Z,1454,0.06017168207063638,-0.058121799667801684,-0.007227244435678148,-0.07023586325538872
3162,24025,24026,3162,m12-2-9,2026-07-25T08:52:39Z,1455,0.06903399211895435,0.05097841088976179,-0.05925730669624338,0.0067302260707633385
3162,24025,24026,3162,m12-2-9,2026-07-25T08:52:39Z,1456,0.07913997957466488,0.05414409403378798,-0.09757309096663526,0.07188394161962049
3162,24025,24026,3162,m12-2-9,2026-07-25T08:52:39Z,1457,0.05778701686797077,0.061853723842593106,0.01220393150711047,-0.062053241144171926
3162,24025,24026,3162,m12-2-9,2026-07-25T08:52:39Z,1458,0.07641879326308113,0.06218039561848423,-0.03395752482836328,0.0008168266948498488
3162,24025,24026,3162,m12-2-9,2026-07-25T08:52:39Z,1459,0.08223789253928833,0.02215819400826706,0.03494224761562632,-0.0035680909002220452
3162,24025,24026,3162,m12-2-9,2026-07-25T08:52:39Z,1460,0.08909119005081163,0.004710374243262041,-0.03969792102753564,0.03107106221800192
3162,24025,24026,3162,m12-2-9,2026-07-25T08:52:39Z,1461,0.062078907643742645,-0.06305444421544501,-0.06224707862927768,0.0309129824887184
3162,24025,24026,3162,m12-2-9,2026-07-25T08:52:39Z,1462,0.07139791479662463,-0.044556804660667075,0.028034425554919886,0.06264178907798132
3162,24025,24026,3162,m12-2-9,2026-07-25T08:52:39Z,1463,0.0846192309454232,0.026939684279074845,-0.04769123921530334,0.006609835482584012
3162,24025,24026,3162,m12-2-9,2026-07-25T08:52:39Z,1464,0.06715924847210498,0.035119449405156364,-0.039699140831120146,-0.05654499615088427
3162,24025,24026,3162,m12-2-9,2026-07-25T08:52:39Z,1465,0.06852085250469536,0.026792041162677332,0.031522301307337776,0.0822584232423118
3162,24025,24026,3162,m12-2-9,2026-07-25T08:52:39Z,1466,0.07474310837013438,-0.0021756019378242368,-0.02010304577323679,0.09354301130168811
3162,24025,24026,3162,m12-2-9,2026-07-25T08:52:39Z,1467,0.07818506029123415,-0.05368811025568053,0.03515262084960944,0.03112521902125793
3162,24025,24026,3162,m12-2-9,2026-07-25T08:52:39Z,1468,0.08478567163670063,-0.018895139481284247,0.045621757317937786,-0.02610891918994363
3162,24025,24026,3162,m12-2-9,2026-07-25T08:52:39Z,1469,0.0844672347927966,0.04437150117928111,-0.0015357143908122063,-0.016423228280626187
3162,24025,24026,3162,m12-2-9,2026-07-25T08:52:39Z,1470,0.07133887312034677,0.04754463552587365,0.04457748872012004,-0.02103809579726545
3162,24025,24026,3162,m12-2-9,2026-07-25T08:52:39Z,1471,0.06999086867331969,-0.09134987371308331,-0.026138890343126154,-0.015292601717132022
3162,24025,24026,3162,m12-2-9,2026-07-25T08:52:39Z,1472,0.06679285226548139,-0.07522225062291066,0.03386393507428778,-0.03575687069107647
3162,24025,24026,3162,m12-2-9,2026-07-25T08:52:39Z,1473,0.07784978186950747,-0.03635901166060947,-0.02251284358186309,-0.040103149735238354
3162,24025,24026,3162,m12-2-9,2026-07-25T08:52:39Z,1474,0.08166650244310938,-0.003418134682612343,-0.015338055916139987,0.0508832880960317
3162,24025,24026,3162,m12-2-9,2026-07-25T08:52:39Z,1475,0.06881106045495712,-0.018744699632979717,-0.04265748106947869,-0.06208343744808687
3162,24025,24026,3162,m12-2-9,2026-07-25T08:52:39Z,1476,0.08680998365022985,0.02257903215807189,-0.013631597064804718,0.04864937787689085
3162,24025,24026,3162,m12-2-9,2026-07-25T08:52:39Z,1477,0.07132363661593051,0.023398134650902385,-0.03843942833383186,0.06618535726654237
3162,24025,24026,3162,m12-2-9,2026-07-25T08:52:39Z,1478,0.08774031381943657,0.019128541551412304,-0.031247868259672767,0.00036405501335789065
3162,24025,24026,3162,m12-2-9,2026-07-25T08:52:39Z,1479,0.07755053503762467,0.033215890496634794,0.010158054762991,0.060121555914606196
3162,24025,24026,3162,m12-2-9,2026-07-25T08:52:39Z,1480,0.07745338219588825,-0.01173899626408753,-0.03555049228931838,-0.0679133277776663
3162,24025,24026,3162,m12-2-9,2026-07-25T08:52:39Z,1481,0.07845030942456006,0.02494020515831046,0.019644358196390963,0.07197187305067776
3162,24025,24026,3162,m12-2-9,2026-07-25T08:52:39Z,1482,0.06759242258765638,-0.019444779700319437,-0.06366582032681464,-0.050238031272932145
3162,24025,24026,3162,m12-2-9,2026-07-25T08:52:39Z,1483,0.062133413539033615,0.029413617008494132,0.05570030657963875,0.04088897661363755
3162,24025,24026,3162,m12-2-9,2026-07-25T08:52:39Z,1484,0.06642502713936911,-0.08620033006354755,-0.03488830024185587,-0.004386160204321691
3162,24025,24026,3162,m12-2-9,2026-07-25T08:52:39Z,1485,0.08675967766041177,0.02370994649178591,-0.06159320737453885,-0.032704102055473735
3162,24025,24026,3162,m12-2-9,2026-07-25T08:52:39Z,1486,0.08578219057046285,0.02656294446105651,-0.046059476885079595,-0.003990153992961682
3162,24025,24026,3162,m12-2-9,2026-07-25T08:52:39Z,1487,0.07365805043867568,-0.07048641055945744,0.00989116783520847,-0.04309040799013953
3162,24025,24026,3162,m12-2-9,2026-07-25T08:52:39Z,1488,0.07831572345351472,-0.008499258832758875,0.06992621599039983,-0.016896037029690503
3162,24025,24026,3162,m12-2-9,2026-07-25T08:52:39Z,1489,0.08709190348996496,-0.00884237737980372,0.018031019939013824,-0.03808612824609054
3162,24025,24026,3162,m12-2-9,2026-07-25T08:52:39Z,1490,0.08116152148888996,-0.017803543820114474,0.06713299881866246,0.06452436936233083
3162,24025,24026,3162,m12-2-9,2026-07-25T08:52:39Z,1491,0.07183043511122805,-0.027699855259054173,-0.0591937602261287,-0.07986760705026194
3162,24025,24026,3162,m12-2-9,2026-07-25T08:52:39Z,1492,0.08358510800081904,-0.06800653694655477,-0.0017111458465290826,-0.011771934261363767
3162,24025,24026,3162,m12-2-9,2026-07-25T08:52:39Z,1493,0.07614523080028934,-0.01897410879290323,0.08712168741493072,0.021779459355495658
3162,24025,24026,3162,m12-2-9,2026-07-25T08:52:39Z,1494,0.06823794170112714,0.04594719338678878,-0.009528089113309025,-0.06482878227107429
3162,24025,24026,3162,m12-2-9,2026-07-25T08:52:39Z,1495,0.0743162668764048,0.08922252557209674,-0.00852071958247116,0.01435913641760295
3162,24025,24026,3162,m12-2-9,2026-07-25T08:52:39Z,1496,0.0718317344993411,0.03381761112697889,0.04674877393640203,-0.05140739585162834
3162,24025,24026,3162,m12-2-9,2026-07-25T08:52:39Z,1497,0.08942836985956983,0.05675372101209291,0.01757918560513696,-0.02884056944258298
3162,24025,24026,3162,m12-2-9,2026-07-25T08:52:39Z,1498,0.08040236486309009,-0.02645182114410484,-0.05627581874530202,0.004954970397717597
3162,24025,24026,3162,m12-2-9,2026-07-25T08:52:39Z,1499,0.08128621069707864,0.0342348921021107,-0.022692602418887004,-0.002022325057511339
3162,24025,24026,3162,m12-2-9,2026-07-25T08:52:39Z,1500,0.0732925845217062,-0.026283601670406578,-0.056845495290858784,0.010089494305719399
3162,24025,24026,3162,m12-2-9,2026-07-25T08:52:39Z,1501,0.07321577226272595,-0.018503404887282134,-0.01931276171951255,-0.07779233979392583
3162,24025,24026,3162,m12-2-9,2026-07-25T08:52:39Z,1502,0.08029979320830637,-0.013856175405226104,-0.011814753133510962,0.08308985087089904
3162,24025,24026,3162,m12-2-9,2026-07-25T08:52:39Z,1503,0.06956681265439153,0.08844887481837074,-0.020596531313555433,-0.006548778216984018
3162,24025,24026,3162,m12-2-9,2026-07-25T08:52:39Z,1504,0.06594261416148416,-0.05370806573306378,-0.0012638270080006756,0.0786463838177544
3162,24025,24026,3162,m12-2-9,2026-07-25T08:52:39Z,1505,0.06758074979544448,-0.018551812458544006,-0.08711317906184432,0.015793060945672427
3162,24025,24026,3162,m12-2-9,2026-07-25T08:52:39Z,1506,0.08353991213529048,-0.03805323317286758,-0.03503390789629468,-0.02452123762228969
3162,24025,24026,3162,m12-2-9,2026-07-25T08:52:39Z,1507,0.05554212291529681,0.07633863875666619,0.04540648308961079,0.0392145485781953
3162,24025,24026,3162,m12-2-9,2026-07-25T08:52:39Z,1508,0.07456352041216044,0.014619988430755279,-0.0378736316387741,0.06642467045152274
3162,24025,24026,3162,m12-2-9,2026-07-25T08:52:39Z,1509,0.06693616180939273,-0.048736010675589844,0.09138903708877617,0.013407626434301706
3162,24025,24026,3162,m12-2-9,2026-07-25T08:52:39Z,1510,0.07783015705533723,0.025964950249675912,0.06637178173249786,-0.04710632837057324
3162,24025,24026,3162,m12-2-9,2026-07-25T08:52:39Z,1511,0.0735762172412377,0.006683835561667957,-0.03734216015863923,0.06185375965830424
3162,24025,24026,3162,m12-2-9,2026-07-25T08:52:39Z,1512,0.06865679440455111,0.03105982204702258,-0.02318623795993507,-0.08536134405683236
3162,24025,24026,3162,m12-2-9,2026-07-25T08:52:39Z,1513,0.08425228148470772,-0.030673215227653754,0.007229470746883153,-0.04794606734702599
3162,24025,24026,3162,m12-2-9,2026-07-25T08:52:39Z,1514,0.07181943076938319,0.02486607633647,0.01654354136697526,0.10861520847600896
3162,24025,24026,3162,m12-2-9,2026-07-25T08:52:39Z,1515,0.0652594156756885,-0.004543412012339166,-0.006760634333964216,-0.049115304800189816
3162,24025,24026,3162,m12-2-9,2026-07-25T08:52:39Z,1516,0.06928068019380826,-0.004041348531862425,-0.020635525943756318,0.08280887443286104
3162,24025,24026,3162,m12-2-9,2026-07-25T08:52:39Z,1517,0.08378234848827981,0.026374931664852365,-0.05761538719112509,0.05482258772332004
3162,24025,24026,3162,m12-2-9,2026-07-25T08:52:39Z,1518,0.06681638394482772,-0.013461112608248293,0.04367167312187862,0.08607726890185646
3162,24025,24026,3162,m12-2-9,2026-07-25T08:52:39Z,1519,0.07656452586701404,-0.05866250508291567,0.03635891784115468,0.01205884393566797
3162,24025,24026,3162,m12-2-9,2026-07-25T08:52:39Z,1520,0.06068667548359975,0.0618182524155739,-0.03447452301515828,-0.03965037089125155
3162,24025,24026,3162,m12-2-9,2026-07-25T08:52:39Z,1521,0.08048907175338947,0.020311643943898682,-0.039202575710793865,-0.005825053854613716
3162,24025,24026,3162,m12-2-9,2026-07-25T08:52:39Z,1522,0.07145751815660185,-0.03200984866740558,-0.05268331289887836,-0.04656814102208232
3162,24025,24026,3162,m12-2-9,2026-07-25T08:52:39Z,1523,0.06309012132736326,-0.0636750279686771,0.02509232650281109,0.05269677010013317
3162,24025,24026,3162,m12-2-9,2026-07-25T08:52:39Z,1524,0.06562928847337048,0.01541719334904174,-0.06216104487179199,0.05688686399717196
3162,24025,24026,3162,m12-2-9,2026-07-25T08:52:39Z,1525,0.06573834612684859,0.058659552067534794,-0.01669393737039495,0.04880805223613657
3162,24025,24026,3162,m12-2-9,2026-07-25T08:52:39Z,1526,0.058090762154808316,0.056862405984956135,-0.04861870194119365,-0.030700659809687884
3162,24025,24026,3162,m12-2-9,2026-07-25T08:52:39Z,1527,0.0683243944558173,-0.03631590983426702,0.0060038408275617594,-0.08196453049699219
3162,24025,24026,3162,m12-2-9,2026-07-25T08:52:39Z,1528,0.0751846882859305,-0.05472801669971082,0.015024486905480592,0.09544844722367682
3162,24025,24026,3162,m12-2-9,2026-07-25T08:52:39Z,1529,0.06811013621556887,-0.05810385340977388,0.06536392734047458,0.013258437444127047
3162,24025,24026,3162,m12-2-9,2026-07-25T08:52:39Z,1530,0.06651136697788965,0.08157218029570983,-0.02167071466994503,0.02372935816719588
3162,24025,24026,3162,m12-2-9,2026-07-25T08:52:39Z,1531,0.05401931315200183,0.05393128209886892,-0.051363144717371995,0.04355102549119591
3162,24025,24026,3162,m12-2-9,2026-07-25T08:52:39Z,1532,0.08160847125467954,0.050489931918496156,0.02887270253919427,-0.01731010076069773
3162,24025,24026,3162,m12-2-9,2026-07-25T08:52:39Z,1533,0.07120448513771582,0.006616433492359594,0.08793697876303912,0.048609179638748196
3162,24025,24026,3162,m12-2-9,2026-07-25T08:52:39Z,1534,0.0726803265285015,0.055540088941147106,0.032589196015646395,-0.0034781479360995985
3162,24025,24026,3162,m12-2-9,2026-07-25T08:52:39Z,1535,0.05855067882622768,-0.005469908086364611,-0.06566329495767737,-0.04824511862384406
3162,24025,24026,3162,m12-2-9,2026-07-25T08:52:39Z,1536,0.061716167588641,-0.0353253815598611,-0.07530101118258967,0.05709301176153954
3162,24025,24026,3162,m12-2-9,2026-07-25T08:52:39Z,1537,0.09046567601419883,0.003460111141630945,0.025921107729078005,0.011237233711976054
3162,24025,24026,3162,m12-2-9,2026-07-25T08:52:39Z,1538,0.06868928221115632,0.023946607382114238,-0.012252055621476765,0.07551417313654975
3162,24025,24026,3162,m12-2-9,2026-07-25T08:52:39Z,1539,0.09231841887288583,-0.018344251128456897,0.0072732197619126086,0.0005245888715023886
3162,24025,24026,3162,m12-2-9,2026-07-25T08:52:39Z,1540,0.07786285615046619,0.07568620361414177,-0.012148366691673183,0.005105879423022247
3162,24025,24026,3162,m12-2-9,2026-07-25T08:52:39Z,1541,0.07073654052748345,-0.038880768320534144,-0.02965822146677306,-0.06478009305539625
3162,24025,24026,3162,m12-2-9,2026-07-25T08:52:39Z,1542,0.07265665355364485,0.012768359273099971,0.013367996947455782,-0.10700872340701195
3162,24025,24026,3162,m12-2-9,2026-07-25T08:52:39Z,1543,0.07555707943455456,-0.09986846055373366,-0.002173563851595696,0.01778407234938513
3162,24025,24026,3162,m12-2-9,2026-07-25T08:52:39Z,1544,0.07774110995477852,-0.010262068869327696,0.06115937758962163,-0.010382229510189255
3162,24025,24026,3162,m12-2-9,2026-07-25T08:52:39Z,1545,0.0796549596656286,-0.045179528223882916,-0.041989346557358254,0.037552916525228124
3162,24025,24026,3162,m12-2-9,2026-07-25T08:52:39Z,1546,0.05834838292217033,-0.06326366953957699,-0.054512800784550286,-0.014440256010285363
3162,24025,24026,3162,m12-2-9,2026-07-25T08:52:39Z,1547,0.07878403650336378,-0.06405207193937609,0.012273536619287668,-0.011896972273740128
3162,24025,24026,3162,m12-2-9,2026-07-25T08:52:39Z,1548,0.0695019175520338,-0.02265569867566871,0.012791908884624927,0.0908282707192912
3162,24025,24026,3162,m12-2-9,2026-07-25T08:52:39Z,1549,0.06994745522374458,0.07679913245300099,0.022203997989618304,-0.03449672595924427
3162,24025,24026,3162,m12-2-9,2026-07-25T08:52:39Z,1550,0.08224274050683306,-0.02114870207807672,-0.03084013487624127,-0.041239601795743305
3162,24025,24026,3162,m12-2-9,2026-07-25T08:52:39Z,1551,0.081497754679769,0.04291646149940154,0.0043011067272011845,0.06242366424726019
3162,24025,24026,3162,m12-2-9,2026-07-25T08:52:39Z,1552,0.0830497424583994,-0.05593682575162955,-0.0010238896862087626,0.03603834685125819
3162,24025,24026,3162,m12-2-9,2026-07-25T08:52:39Z,1553,0.0674818250532951,0.07000305035017117,-0.05292642422822042,0.005629236364955827
3162,24025,24026,3162,m12-2-9,2026-07-25T08:52:39Z,1554,0.06809158435149831,-0.06724179989951823,0.03378766240131432,-0.035793884979679884
3162,24025,24026,3162,m12-2-9,2026-07-25T08:52:39Z,1555,0.08376361028640929,0.0133000266011961,-0.009684858650524226,0.04306731869099702
3162,24025,24026,3162,m12-2-9,2026-07-25T08:52:39Z,1556,0.0750567416950509,-0.047723157991175,0.061935318922662824,0.03282783307198803
3162,24025,24026,3162,m12-2-9,2026-07-25T08:52:39Z,1557,0.08958559304083329,0.029623975011465204,0.0360035440192088,-0.02279665155861548
3162,24025,24026,3162,m12-2-9,2026-07-25T08:52:39Z,1558,0.08718819336480091,0.018480924895883776,-0.01694417398401251,0.036454627273487854
3162,24025,24026,3162,m12-2-9,2026-07-25T08:52:39Z,1559,0.07996836152603146,-0.04296358032989955,-0.03998190755516238,-0.015004800443933786
3162,24025,24026,3162,m12-2-9,2026-07-25T08:52:39Z,1560,0.06481480667005181,0.021424126943798,-0.08301062703219848,-0.03292463637812402
3162,24025,24026,3162,m12-2-9,2026-07-25T08:52:39Z,1561,0.08114179371714675,0.03892166747038646,-0.024698869488786745,0.048646653940038434
3162,24025,24026,3162,m12-2-9,2026-07-25T08:52:39Z,1562,0.07734171659224041,-0.016681261458082273,0.048697592605460006,-0.061326955634347896
3162,24025,24026,3162,m12-2-9,2026-07-25T08:52:39Z,1563,0.07968562914798304,0.021334168862353446,-0.04021632970078511,-0.0372642584240158
3162,24025,24026,3162,m12-2-9,2026-07-25T08:52:39Z,1564,0.07435132049472205,-0.06143657932263226,0.04294264806300536,0.0014720706106822576
3162,24025,24026,3162,m12-2-9,2026-07-25T08:52:39Z,1565,0.07531211909160222,0.051754046902605516,-0.006157534069145641,0.017799353167370482
3162,24025,24026,3162,m12-2-9,2026-07-25T08:52:39Z,1566,0.0874854203926542,-0.006950156735940026,0.014605499149525452,-0.042181337299278934
3162,24025,24026,3162,m12-2-9,2026-07-25T08:52:39Z,1567,0.07005363966753321,-0.008972113310005818,-0.08435259118335377,0.0288731396397963
3162,24025,24026,3162,m12-2-9,2026-07-25T08:52:39Z,1568,0.08591254560265804,0.008880310307218734,0.018666822556097567,-0.06388859764712707
3162,24025,24026,3162,m12-2-9,2026-07-25T08:52:39Z,1569,0.08183878546860054,0.05036095442527354,0.03344569502216114,-0.014057936403857649
3162,24025,24026,3162,m12-2-9,2026-07-25T08:52:39Z,1570,0.09155279328833557,-0.005458693731930213,0.02167310978959124,0.011137541167252215
3162,24025,24026,3162,m12-2-9,2026-07-25T08:52:39Z,1571,0.07138976452220724,-0.004570147903556452,-0.06295255536607283,-0.0038583956411007503
3162,24025,24026,3162,m12-2-9,2026-07-25T08:52:39Z,1572,0.08186413966094973,-0.05848311193135569,0.01667738070114859,0.004539756892430084
3162,24025,24026,3162,m12-2-9,2026-07-25T08:52:39Z,1573,0.06590826539756964,-0.0671977619024297,-0.018696275321646142,-0.05284996467915957
3162,24025,24026,3162,m12-2-9,2026-07-25T08:52:39Z,1574,0.07860466544829212,0.03549962211218051,-0.04055387276521313,0.1169009458565141
3162,24025,24026,3162,m12-2-9,2026-07-25T08:52:39Z,1575,0.07893117124878195,0.0020549282519784187,0.08514060065513136,-0.00797737332123796
3162,24025,24026,3162,m12-2-9,2026-07-25T08:52:39Z,1576,0.07208013147428456,-0.006635524062051472,-0.08094159188351417,-0.0023002927710300738
3162,24025,24026,3162,m12-2-9,2026-07-25T08:52:39Z,1577,0.08825045438900356,-0.05054490971210952,-0.002801589594305343,0.010780089187174142
3162,24025,24026,3162,m12-2-9,2026-07-25T08:52:39Z,1578,0.07519283507534776,-0.012503396442059743,0.05607371836452766,-0.014601794901461298
3162,24025,24026,3162,m12-2-9,2026-07-25T08:52:39Z,1579,0.08473143843745536,0.07490137899984908,-0.005301481390147067,-0.026070756630908035
3162,24025,24026,3162,m12-2-9,2026-07-25T08:52:39Z,1580,0.06167417757887642,0.007264355820227328,-0.03011627748934612,-0.07518561002998823
3162,24025,24026,3162,m12-2-9,2026-07-25T08:52:39Z,1581,0.0760156996257813,-0.08923029862688817,-0.022074885627176678,0.005710433489803068
3162,24025,24026,3162,m12-2-9,2026-07-25T08:52:39Z,1582,0.0628079991044402,0.11089690317708543,0.028507061798220833,0.07320253323732039
3162,24025,24026,3162,m12-2-9,2026-07-25T08:52:39Z,1583,0.07372888291991646,-0.10510456084406711,-0.09789084016698983,0.016492767819364918
3162,24025,24026,3162,m12-2-9,2026-07-25T08:52:39Z,1584,0.06464340502608194,-0.061632355219249216,-0.047546124793998015,-0.01927163629749818
3162,24025,24026,3162,m12-2-9,2026-07-25T08:52:39Z,1585,0.0634949182691168,0.03545288737018925,-0.02637411403633458,-0.08961824555981257
3162,24025,24026,3162,m12-2-9,2026-07-25T08:52:39Z,1586,0.0757859628020723,-0.009989784594147667,0.014543259672695867,-0.09457551559597219
3162,24025,24026,3162,m12-2-9,2026-07-25T08:52:39Z,1587,0.06018534554388666,-0.057097906787646466,0.016919076540959394,-0.0658525637856626
3162,24025,24026,3162,m12-2-9,2026-07-25T08:52:39Z,1588,0.08695108790468041,0.05280566047873795,0.022986332035981702,-0.05150322475014788
3162,24025,24026,3162,m12-2-9,2026-07-25T08:52:39Z,1589,0.06501445149687898,0.03637277100345207,-0.028137691691802722,-0.0648775067939973
3162,24025,24026,3162,m12-2-9,2026-07-25T08:52:39Z,1590,0.06987573558957784,-0.09054549832839194,0.016170308818672433,-0.0014929348763784564
3162,24025,24026,3162,m12-2-9,2026-07-25T08:52:39Z,1591,0.07043865331411289,0.08159533249882267,0.010282554377635672,-0.019266622878340984
3162,24025,24026,3162,m12-2-9,2026-07-25T08:52:39Z,1592,0.082826994803082,-0.03089031042752202,-0.027523832205011485,-0.013824328344278962
3162,24025,24026,3162,m12-2-9,2026-07-25T08:52:39Z,1593,0.06826485678850806,0.02634203801788807,-0.07843647930183788,0.036216921298099995
3162,24025,24026,3162,m12-2-9,2026-07-25T08:52:39Z,1594,0.05729564943166048,0.05780987519845375,0.05041483707937665,-0.028393179896973195
3162,24025,24026,3162,m12-2-9,2026-07-25T08:52:39Z,1595,0.08781721096385922,-0.03863596242564919,-0.011027438528999275,0.019076065932110024
3162,24025,24026,3162,m12-2-9,2026-07-25T08:52:39Z,1596,0.06855924885071994,-0.06486030459695717,0.034243708282907986,-0.01012524326073225
3162,24025,24026,3162,m12-2-9,2026-07-25T08:52:39Z,1597,0.08556922746402632,0.0395756780868331,-0.0009937648985222283,0.02235212384280299
3162,24025,24026,3162,m12-2-9,2026-07-25T08:52:39Z,1598,0.08328518788996432,0.023883413844329612,-0.033092964092643715,-0.0270514912916002
3162,24025,24026,3162,m12-2-9,2026-07-25T08:52:39Z,1599,0.0702730392960007,-0.0899949834575567,-0.017321875927179473,0.048243500015520246
3162,24025,24026,3162,m12-2-9,2026-07-25T08:52:39Z,1600,0.0791147644710222,-0.06487745970387757,-0.041433335245364515,0.005405825268951597
3162,24025,24026,3162,m12-2-9,2026-07-25T08:52:39Z,1601,0.0834412660292069,0.02422527425093355,-0.017570552418038423,-0.03232496967034492
3162,24025,24026,3162,m12-2-9,2026-07-25T08:52:39Z,1602,0.0910876925318084,-0.009517617210354701,-0.010323760444844706,0.015425699244253547
3162,24025,24026,3162,m12-2-9,2026-07-25T08:52:39Z,1603,0.07203854879579867,0.013514601848856857,0.09311615435481102,-0.004290188332528014
3162,24025,24026,3162,m12-2-9,2026-07-25T08:52:39Z,1604,0.07087249090118607,-0.07552454459256103,0.08464636381308832,-0.0994165271582844
3162,24025,24026,3162,m12-2-9,2026-07-25T08:52:39Z,1605,0.0908664458058726,0.025820220412012814,0.010864053091595565,0.02207751428315923
3162,24025,24026,3162,m12-2-9,2026-07-25T08:52:39Z,1606,0.08011652646099338,-0.06375121788135955,0.0059076973503779506,0.0059036828969103545
3162,24025,24026,3162,m12-2-9,2026-07-25T08:52:39Z,1607,0.07853157746942858,-0.02383324621304432,-0.05380097529933572,0.011348813112460414
3162,24025,24026,3162,m12-2-9,2026-07-25T08:52:39Z,1608,0.06484586710709386,0.028276374608926458,0.03496652580529803,0.02561637973088091
3162,24025,24026,3162,m12-2-9,2026-07-25T08:52:39Z,1609,0.08613782934797953,0.020812575227888073,-0.03120086919755201,-0.009563836848210473
3162,24025,24026,3162,m12-2-9,2026-07-25T08:52:39Z,1610,0.0831501770141831,-0.007877531320345072,-0.033796115119981304,-0.024749849549434894
3162,24025,24026,3162,m12-2-9,2026-07-25T08:52:39Z,1611,0.06981003436868453,0.054303699791739095,0.045508401079269754,-0.05281087978669579
3162,24025,24026,3162,m12-2-9,2026-07-25T08:52:39Z,1612,0.07205923677862282,-0.0806168035248068,-0.0007722066660074775,0.04836349203826764
3162,24025,24026,3162,m12-2-9,2026-07-25T08:52:39Z,1613,0.07510685822072354,-0.06548384256654298,-0.029642477628544814,-0.04334721160135723
3162,24025,24026,3162,m12-2-9,2026-07-25T08:52:39Z,1614,0.06844950689239558,-0.039146067508439825,0.08425583807037203,0.021608506094451474
3162,24025,24026,3162,m12-2-9,2026-07-25T08:52:39Z,1615,0.059905317270272096,-0.06545230172168554,0.025493218851673386,0.05856377342881419
3162,24025,24026,3162,m12-2-9,2026-07-25T08:52:39Z,1616,0.058383654900253046,0.05977660590220621,0.031121549763249573,-0.04653931927566403
3162,24025,24026,3162,m12-2-9,2026-07-25T08:52:39Z,1617,0.08342438569228927,-0.025754449781117614,0.026959741702582387,-0.020597852864812572
3162,24025,24026,3162,m12-2-9,2026-07-25T08:52:39Z,1618,0.0854841979964937,0.035363612615612085,-0.02922686290281197,0.00749947711686962
3162,24025,24026,3162,m12-2-9,2026-07-25T08:52:39Z,1619,0.07186821360681686,-0.07447300549627173,0.023773052039478475,0.007531008581656853
3162,24025,24026,3162,m12-2-9,2026-07-25T08:52:39Z,1620,0.07478802111983789,0.027723194101215987,0.009053777468644409,0.09335783805683143
3162,24025,24026,3162,m12-2-9,2026-07-25T08:52:39Z,1621,0.06500768631516869,0.05380008735009933,0.07406216799509423,-0.023404169936445618
3162,24025,24026,3162,m12-2-9,2026-07-25T08:52:39Z,1622,0.06867024140740559,0.04498223141163578,-0.10490636289523773,0.0009058868245846347
3162,24025,24026,3162,m12-2-9,2026-07-25T08:52:39Z,1623,0.06516778620616791,-0.039102006479495154,-0.009413989972479843,-0.08700940571749934
3162,24025,24026,3162,m12-2-9,2026-07-25T08:52:39Z,1624,0.08583085109798548,-0.017672534106251834,-0.023217015934591165,0.06626411410752951
3162,24025,24026,3162,m12-2-9,2026-07-25T08:52:39Z,1625,0.07596389946613379,-0.06084404759794803,-0.031465754655024304,0.03865185509084901
3162,24025,24026,3162,m12-2-9,2026-07-25T08:52:39Z,1626,0.09070957992887567,0.025905136813722446,-0.022194611879339333,0.011220910864150599
3162,24025,24026,3162,m12-2-9,2026-07-25T08:52:39Z,1627,0.07874694267205469,0.03015613554258917,0.04671101786709302,-0.0157847794339603
3162,24025,24026,3162,m12-2-9,2026-07-25T08:52:39Z,1628,0.07161607411729175,-0.12351956377219334,-0.14605782416597557,0.028745431208490786
3162,24025,24026,3162,m12-2-9,2026-07-25T08:52:39Z,1629,0.07721831106642456,-0.0011082563454266866,0.03423847779187714,0.06343690816382683
3162,24025,24026,3162,m12-2-9,2026-07-25T08:52:39Z,1630,0.07325332934891067,0.04907411229419716,0.04560173834856441,0.02724634155922377
3162,24025,24026,3162,m12-2-9,2026-07-25T08:52:39Z,1631,0.0629849540638504,-0.029909181365444442,-0.0682787746878317,0.056828949830474984
3162,24025,24026,3162,m12-2-9,2026-07-25T08:52:39Z,1632,0.07161532843568003,0.015165808277181267,-0.09536167087274695,-0.016542282498304115
3162,24025,24026,3162,m12-2-9,2026-07-25T08:52:39Z,1633,0.06219511057796931,0.00108147764944104,0.08040897940294081,-0.06588361477252473
3162,24025,24026,3162,m12-2-9,2026-07-25T08:52:39Z,1634,0.06468792684164791,-0.05749852004852471,0.016512489892375797,0.06001720329558359
3162,24025,24026,3162,m12-2-9,2026-07-25T08:52:39Z,1635,0.06530217405821591,0.03150520533439109,0.026251188702318823,-0.06390162332709387
3162,24025,24026,3162,m12-2-9,2026-07-25T08:52:39Z,1636,0.07234446462108396,-0.0152715194161317,0.05821804014891763,-0.0667927452542872
3162,24025,24026,3162,m12-2-9,2026-07-25T08:52:39Z,1637,0.07266673691280592,0.09022752161888298,-0.011626116266020281,0.0017425805172897994
3162,24025,24026,3162,m12-2-9,2026-07-25T08:52:39Z,1638,0.059778368546521736,-0.033780393150023326,-0.07060556919424217,-0.0190454226681311
3162,24025,24026,3162,m12-2-9,2026-07-25T08:52:39Z,1639,0.08687976064410306,-0.0290415412437672,-0.03736005756958682,-0.023489972286771615
3162,24025,24026,3162,m12-2-9,2026-07-25T08:52:39Z,1640,0.06568458380080237,0.06940319200903868,0.018763610940338408,-0.05117125651853292
3162,24025,24026,3162,m12-2-9,2026-07-25T08:52:39Z,1641,0.06495582803665512,-0.07673416846167631,-0.039289664502418824,-0.0023461998681478424
3162,24025,24026,3162,m12-2-9,2026-07-25T08:52:39Z,1642,0.06506210390894099,-0.07270871938993531,-0.03568265917028903,0.050358220669750806
3162,24025,24026,3162,m12-2-9,2026-07-25T08:52:39Z,1643,0.06405351417640134,0.04423955732029577,-0.06893095245952043,0.0375444760752126
3162,24025,24026,3162,m12-2-9,2026-07-25T08:52:39Z,1644,0.07230590568525708,-0.05527175096848301,0.037026646553506265,-0.0044891250361343785
3162,24025,24026,3162,m12-2-9,2026-07-25T08:52:39Z,1645,0.07202670274289211,0.04942320104923661,-0.05639962158751681,-0.00404297842794531
3162,24025,24026,3162,m12-2-9,2026-07-25T08:52:39Z,1646,0.07178371707049151,0.010670399217468108,-0.03421955472046714,-0.060319632986951796
3162,24025,24026,3162,m12-2-9,2026-07-25T08:52:39Z,1647,0.06960643108945183,-0.023712032236151388,0.0730928814198222,0.0672735990475064
3162,24025,24026,3162,m12-2-9,2026-07-25T08:52:39Z,1648,0.06815450944273105,-0.060690409231315974,0.01792491738955531,-0.06071824376817604
3162,24025,24026,3162,m12-2-9,2026-07-25T08:52:39Z,1649,0.08039674859004474,0.0003219716452161123,-0.003912287079027299,-0.08667922886813946
3162,24025,24026,3162,m12-2-9,2026-07-25T08:52:39Z,1650,0.07107872057152516,-0.058740491258401195,0.043995677750456895,0.021245177401217077
3162,24025,24026,3162,m12-2-9,2026-07-25T08:52:39Z,1651,0.09182702194352341,-0.01874622909993558,0.019261978387440502,0.010587417309323827
3162,24025,24026,3162,m12-2-9,2026-07-25T08:52:39Z,1652,0.0743581068811888,-0.03925296603674033,-0.02102084235658328,-0.06975179844462272
3162,24025,24026,3162,m12-2-9,2026-07-25T08:52:39Z,1653,0.06322312449647448,-0.08296329697603187,0.00718058284988349,0.04144588365033573
3162,24025,24026,3162,m12-2-9,2026-07-25T08:52:39Z,1654,0.0877242040242317,-0.02232206138599161,-0.020246786039055328,-0.04315244267087713
3162,24025,24026,3162,m12-2-9,2026-07-25T08:52:39Z,1655,0.06928786833390237,-0.015213857159562092,-0.06831878817473654,0.015930997141833415
3162,24025,24026,3162,m12-2-9,2026-07-25T08:52:39Z,1656,0.08282584864726732,0.0246224473967191,-0.04755772844589418,-0.0005477812084623176
3162,24025,24026,3162,m12-2-9,2026-07-25T08:52:39Z,1657,0.07002993582710283,-0.02677300223185436,-0.059046584388866036,-0.0360074270906566
3162,24025,24026,3162,m12-2-9,2026-07-25T08:52:39Z,1658,0.08595582957553001,-0.05136983306163936,0.0068337309016405,2.562668784382678e-6
3162,24025,24026,3162,m12-2-9,2026-07-25T08:52:39Z,1659,0.07225328668316522,0.02576399112884197,0.060754441169103605,-0.03673531562644434
3162,24025,24026,3162,m12-2-9,2026-07-25T08:52:39Z,1660,0.06531557714809354,0.038075822233891714,0.03862381916484783,0.08448492552980637
3162,24025,24026,3162,m12-2-9,2026-07-25T08:52:39Z,1661,0.08502724727387997,-0.036828743444001576,0.01597141017324196,0.007003278791479289
3162,24025,24026,3162,m12-2-9,2026-07-25T08:52:39Z,1662,0.07491579879632942,-0.00694998050106933,-0.03139195014434202,0.07528137779828864
3162,24025,24026,3162,m12-2-9,2026-07-25T08:52:39Z,1663,0.0825475972552963,-0.006318821244679047,0.019896634633872822,0.056542150304797326
3162,24025,24026,3162,m12-2-9,2026-07-25T08:52:39Z,1664,0.07934256522819838,-0.009775128470784393,-0.028733975893250673,0.07766806751247504
3162,24025,24026,3162,m12-2-9,2026-07-25T08:52:39Z,1665,0.05017595665279249,-0.03321158298876699,0.04413718675053166,-0.06534185380191423
3162,24025,24026,3162,m12-2-9,2026-07-25T08:52:39Z,1666,0.07851947964993092,-0.017919346148314932,-0.06118778361473596,-0.006485956893118729
3162,24025,24026,3162,m12-2-9,2026-07-25T08:52:39Z,1667,0.07966123094099563,-0.031231765257222082,0.028993668402448474,0.02743948425986203
3162,24025,24026,3162,m12-2-9,2026-07-25T08:52:39Z,1668,0.07797830272889379,-0.07434163676543572,-0.02644947697136095,-0.0335906693265115
3162,24025,24026,3162,m12-2-9,2026-07-25T08:52:39Z,1669,0.06498861441015821,-0.027617251637741775,-0.07817191427509962,-0.027979515366868723
3162,24025,24026,3162,m12-2-9,2026-07-25T08:52:39Z,1670,0.07746220902126677,-0.0368884065597662,0.0034495208070013258,-0.03855676911554458
3162,24025,24026,3162,m12-2-9,2026-07-25T08:52:39Z,1671,0.06677301785782884,0.027943494104666674,-0.06519391013946345,-0.033704557017173904
3162,24025,24026,3162,m12-2-9,2026-07-25T08:52:39Z,1672,0.08344579739752558,0.006424744554979054,0.01336064583117947,0.06281410603832548
3162,24025,24026,3162,m12-2-9,2026-07-25T08:52:39Z,1673,0.07960710155401794,0.008254958957340833,-0.024734027887909866,0.07440295754515348
3162,24025,24026,3162,m12-2-9,2026-07-25T08:52:39Z,1674,0.09028316911911383,-0.011622535564946588,0.025646264123076547,0.022124541933078674
3162,24025,24026,3162,m12-2-9,2026-07-25T08:52:39Z,1675,0.08061805119871006,-0.04069121959107863,0.05375053933253923,0.03779846948086335
3162,24025,24026,3162,m12-2-9,2026-07-25T08:52:39Z,1676,0.07059236798589298,-0.04913831455393068,-0.03871809828218562,-0.014775415498084418
3162,24025,24026,3162,m12-2-9,2026-07-25T08:52:39Z,1677,0.0860009475088544,0.03947960635463745,-0.07483104674508578,0.03702644138137876
3162,24025,24026,3162,m12-2-9,2026-07-25T08:52:39Z,1678,0.08315740587544317,-0.003936805243290505,-0.006572704519932942,0.046134330858176614
3162,24025,24026,3162,m12-2-9,2026-07-25T08:52:39Z,1679,0.07853915450901225,0.006525545392287136,-0.06446508759629604,-0.01150979772154922
3162,24025,24026,3162,m12-2-9,2026-07-25T08:52:39Z,1680,0.06890278823091266,0.08288370673012706,-0.025976671267232666,-0.01607519734528329
3162,24025,24026,3162,m12-2-9,2026-07-25T08:52:39Z,1681,0.07245610335563812,-0.10010458311126787,0.002917952772738132,-0.0054695562397953324
3162,24025,24026,3162,m12-2-9,2026-07-25T08:52:39Z,1682,0.07104153834311694,-0.09080960263529331,-0.012400727561754485,0.008767774348126325
3162,24025,24026,3162,m12-2-9,2026-07-25T08:52:39Z,1683,0.08205380219531283,0.0264726249444024,-0.0166916223520554,0.04862895294653044
3162,24025,24026,3162,m12-2-9,2026-07-25T08:52:39Z,1684,0.08323846261426897,0.008176287636458212,0.003520675467925444,0.05784116302347762
3162,24025,24026,3162,m12-2-9,2026-07-25T08:52:39Z,1685,0.0828071367224458,-0.030697427425547902,-0.05160805078443695,-0.00778174575476505
3162,24025,24026,3162,m12-2-9,2026-07-25T08:52:39Z,1686,0.08496960053973787,-0.008045744549274852,0.0070235308797635355,0.023305846180164878
3162,24025,24026,3162,m12-2-9,2026-07-25T08:52:39Z,1687,0.07853634616850645,0.07262140874980953,0.0015327229408236976,0.004167106613273376
3162,24025,24026,3162,m12-2-9,2026-07-25T08:52:39Z,1688,0.06866032267916221,0.08130221986441966,-0.01864910936226937,0.034096057583488215
3162,24025,24026,3162,m12-2-9,2026-07-25T08:52:39Z,1689,0.0639908461633722,0.06301384498245519,0.04085405871384055,0.02271349328314534
3162,24025,24026,3162,m12-2-9,2026-07-25T08:52:39Z,1690,0.0854074389611686,0.034760175126349706,0.03496196258571787,-0.008619714340789262
3162,24025,24026,3162,m12-2-9,2026-07-25T08:52:39Z,1691,0.07012431103813858,-0.05009114064432465,-0.05221284256755155,0.021622224580135747
3162,24025,24026,3162,m12-2-9,2026-07-25T08:52:39Z,1692,0.07573948694019979,0.09119924275157254,-0.03576188290654214,-0.060038824419903256
3162,24025,24026,3162,m12-2-9,2026-07-25T08:52:39Z,1693,0.06686400614302353,0.06906856437043149,0.038748684512549786,0.009536503160969377
3162,24025,24026,3162,m12-2-9,2026-07-25T08:52:39Z,1694,0.07942645105630085,-0.03729060469633246,-0.011810498745385868,0.04978668977816207
3162,24025,24026,3162,m12-2-9,2026-07-25T08:52:39Z,1695,0.07186869277326875,-0.09930238156966248,0.0007371345350337756,-0.004564072685260629
3162,24025,24026,3162,m12-2-9,2026-07-25T08:52:39Z,1696,0.0822540983589956,0.05054131263128727,-0.0168622050551332,-0.01034314812114518
3162,24025,24026,3162,m12-2-9,2026-07-25T08:52:39Z,1697,0.09047235124626167,-0.029524252514996706,0.02791419990934502,0.011242481313242757
3162,24025,24026,3162,m12-2-9,2026-07-25T08:52:39Z,1698,0.07746488200371275,0.025468484977430927,-0.056941087995958165,0.06960379159784694
3162,24025,24026,3162,m12-2-9,2026-07-25T08:52:39Z,1699,0.06899480374005564,0.08316588488424294,-0.02443718194321731,0.005124991230884984
3162,24025,24026,3162,m12-2-9,2026-07-25T08:52:39Z,1700,0.07116925320780856,-0.08029795526100558,0.005429385110101337,0.031079130258855937
3162,24025,24026,3162,m12-2-9,2026-07-25T08:52:39Z,1701,0.0864820832222735,-0.010374749760523343,-0.02639133261966889,-0.009890911618745675
3162,24025,24026,3162,m12-2-9,2026-07-25T08:52:39Z,1702,0.06060165821136332,0.06791567497177922,-0.04367086425488147,-0.015629239089858894
3162,24025,24026,3162,m12-2-9,2026-07-25T08:52:39Z,1703,0.06451492125947696,0.022990732466966233,-0.058631107210065404,-0.037041825360674956
3162,24025,24026,3162,m12-2-9,2026-07-25T08:52:39Z,1704,0.08157378048508869,0.06770424397473597,-0.003066329050719625,0.00011423969520563842
3162,24025,24026,3162,m12-2-9,2026-07-25T08:52:39Z,1705,0.0666574104363472,-0.060462734827484814,-0.02729579779129187,0.029582080456701073
3162,24025,24026,3162,m12-2-9,2026-07-25T08:52:39Z,1706,0.06634161081518938,0.030228683641137385,-0.04018774816215118,0.044778938700970786
3162,24025,24026,3162,m12-2-9,2026-07-25T08:52:39Z,1707,0.06919674141728016,0.02785800772417138,-0.005091033217361799,0.0864108994351451
3162,24025,24026,3162,m12-2-9,2026-07-25T08:52:39Z,1708,0.07189806907372304,0.009559032590516638,-0.05789511345666972,-0.06270357313092473
3162,24025,24026,3162,m12-2-9,2026-07-25T08:52:39Z,1709,0.07279145615054254,0.04194532827962917,0.02306550916929469,0.07580757580073093
3162,24025,24026,3162,m12-2-9,2026-07-25T08:52:39Z,1710,0.06940943111942291,0.038024568300140026,0.08347674839755238,-0.018774761883676935
3162,24025,24026,3162,m12-2-9,2026-07-25T08:52:39Z,1711,0.08622615686314493,-0.011208645264301376,0.04351274204955594,0.010343570330141827
3162,24025,24026,3162,m12-2-9,2026-07-25T08:52:39Z,1712,0.07505015435101269,-0.07768551202501765,0.024436070054361166,-0.001504608141197842
3162,24025,24026,3162,m12-2-9,2026-07-25T08:52:39Z,1713,0.06750924311165853,0.021870706350845884,-0.023564714184904967,0.08372261262335269
3162,24025,24026,3162,m12-2-9,2026-07-25T08:52:39Z,1714,0.07909073169095404,0.021971307029255198,0.010369086664128287,-0.055248103760334934
3162,24025,24026,3162,m12-2-9,2026-07-25T08:52:39Z,1715,0.08777764567425005,-0.02163063640204601,-0.009597119759035674,-0.03212268144728323
3162,24025,24026,3162,m12-2-9,2026-07-25T08:52:39Z,1716,0.07538467806932445,-0.009539747985121347,0.07385411090057675,0.008527367499013424
3162,24025,24026,3162,m12-2-9,2026-07-25T08:52:39Z,1717,0.0703626844359415,0.03742516593618272,-0.04871998140658179,-0.044456155574013556
3162,24025,24026,3162,m12-2-9,2026-07-25T08:52:39Z,1718,0.0899780913894167,0.020835284128548452,-0.020602576680270674,-0.0053359246566255306
3162,24025,24026,3162,m12-2-9,2026-07-25T08:52:39Z,1719,0.06949839518265181,0.027572539495061107,-0.08017424404237604,0.0239031058650406
3162,24025,24026,3162,m12-2-9,2026-07-25T08:52:39Z,1720,0.05588855859271901,-0.03444735413949509,-0.04422454340582861,-0.07196154232396879
3162,24025,24026,3162,m12-2-9,2026-07-25T08:52:39Z,1721,0.06792551407130479,-0.017594950806794567,-0.07905698788493457,-0.017493823260863923
3162,24025,24026,3162,m12-2-9,2026-07-25T08:52:39Z,1722,0.0740771366175435,-0.023267438079252734,-0.07054903161026431,0.016576875023072833
3162,24025,24026,3162,m12-2-9,2026-07-25T08:52:39Z,1723,0.07125413810807227,-0.0027434299320079495,0.05586855967000145,-0.057507207316379226
3162,24025,24026,3162,m12-2-9,2026-07-25T08:52:39Z,1724,0.07293244867343972,-0.008386167773794168,0.04283235051872677,0.10288491757401177
3162,24025,24026,3162,m12-2-9,2026-07-25T08:52:39Z,1725,0.06524682231574508,0.07178851203131821,0.045444557735930736,0.022046605135308938
3162,24025,24026,3162,m12-2-9,2026-07-25T08:52:39Z,1726,0.08387485381039468,-0.05694429838222782,-5.6258728904517855e-5,0.027054361867240802
3162,24025,24026,3162,m12-2-9,2026-07-25T08:52:39Z,1727,0.07567287064252089,0.030534948644292407,-0.010888556264501541,-0.08061129576716453
3162,24025,24026,3162,m12-2-9,2026-07-25T08:52:39Z,1728,0.06716595465884609,0.07700465284351626,0.026182119689566456,-0.0017355368107247282
3162,24025,24026,3162,m12-2-9,2026-07-25T08:52:39Z,1729,0.0673308591952196,-0.09962220060714333,-0.023478914298422058,0.0225497776919559
3162,24025,24026,3162,m12-2-9,2026-07-25T08:52:39Z,1730,0.08061012248391813,0.026819706276077757,0.01607087322195881,-0.00881058072851312
3162,24025,24026,3162,m12-2-9,2026-07-25T08:52:39Z,1731,0.07586446573808718,-0.09026147532808576,-0.013490483690348326,0.020393855852982576
3162,24025,24026,3162,m12-2-9,2026-07-25T08:52:39Z,1732,0.06621226079632159,-0.09601777066905343,-0.05604943856665691,0.025634886037435845
3162,24025,24026,3162,m12-2-9,2026-07-25T08:52:39Z,1733,0.07706310411045827,0.006726407172821785,0.05004772527740632,0.008267095175283385
3162,24025,24026,3162,m12-2-9,2026-07-25T08:52:39Z,1734,0.07271499283144421,-0.010592205718406853,-0.07591286114463305,0.01800598389264875
3162,24025,24026,3162,m12-2-9,2026-07-25T08:52:39Z,1735,0.0687991045080351,-0.027155822930774856,0.027245950066710028,-0.05059310281183244
3162,24025,24026,3162,m12-2-9,2026-07-25T08:52:39Z,1736,0.09113317225544444,0.031126849663735114,-0.00880859183399072,-0.011491925648186919
3162,24025,24026,3162,m12-2-9,2026-07-25T08:52:39Z,1737,0.07209112377957541,0.007549891290811889,-0.047030261593764056,-0.07675958613108176
3162,24025,24026,3162,m12-2-9,2026-07-25T08:52:39Z,1738,0.068543939236966,0.04752099127678627,-0.08222746452423968,-0.019141172104897193
3162,24025,24026,3162,m12-2-9,2026-07-25T08:52:39Z,1739,0.08654775408101667,0.0199737452434822,-0.005257341918497115,0.03495555018885921
3162,24025,24026,3162,m12-2-9,2026-07-25T08:52:39Z,1740,0.06392537461886678,-0.009142741435673707,0.08961942802766892,0.04755437687013151
3162,24025,24026,3162,m12-2-9,2026-07-25T08:52:39Z,1741,0.061672271481304705,-0.07393710072410374,0.026760658309066376,0.04991482368734422
3162,24025,24026,3162,m12-2-9,2026-07-25T08:52:39Z,1742,0.07992373600290402,0.0011986467279674242,0.059209416318301934,-0.030187520717919962
3162,24025,24026,3162,m12-2-9,2026-07-25T08:52:39Z,1743,0.08161229383295494,0.02905403144548681,-0.035268107485946665,-0.04599931370006656
3162,24025,24026,3162,m12-2-9,2026-07-25T08:52:39Z,1744,0.07824185731324841,-0.0014735916417457165,0.02238104543929179,-0.07707490826271207
3162,24025,24026,3162,m12-2-9,2026-07-25T08:52:39Z,1745,0.06769201607989717,-0.09599437299952987,-0.005098062862373905,-0.04834300568284622
3162,24025,24026,3162,m12-2-9,2026-07-25T08:52:39Z,1746,0.07860379009950992,0.030141387859904605,0.046539920043603474,-0.026218346598823293
3162,24025,24026,3162,m12-2-9,2026-07-25T08:52:39Z,1747,0.07209668904704265,-0.06535736981456694,0.006847681220983494,0.06206527314254119
3162,24025,24026,3162,m12-2-9,2026-07-25T08:52:39Z,1748,0.0709914064277955,0.040709658732752924,0.04546461256900812,0.03655010096617575
3162,24025,24026,3162,m12-2-9,2026-07-25T08:52:39Z,1749,0.06801516231791009,-0.06101788113031732,-0.047800387822477905,0.038627796271567594
3162,24025,24026,3162,m12-2-9,2026-07-25T08:52:39Z,1750,0.07489324915234821,0.019486186359856293,0.02401384096199723,-0.08390384536797485
3162,24025,24026,3162,m12-2-9,2026-07-25T08:52:39Z,1751,0.08962483784216545,0.02530658238459848,-0.01841806118377669,-0.0039527101563221175
3162,24025,24026,3162,m12-2-9,2026-07-25T08:52:39Z,1752,0.07617854087717194,0.012764440153309126,0.07753547866301763,-0.010504362298651959
3162,24025,24026,3162,m12-2-9,2026-07-25T08:52:39Z,1753,0.08416946554560606,-0.04668505220714137,0.018311445507514696,0.021357017710185017
3162,24025,24026,3162,m12-2-9,2026-07-25T08:52:39Z,1754,0.0654216360003611,0.021143675805382234,0.08352769558128695,0.06972295236910424
3162,24025,24026,3162,m12-2-9,2026-07-25T08:52:39Z,1755,0.05857799543047017,0.021902846478241717,-0.06365299119472602,0.04537501252193562
3162,24025,24026,3162,m12-2-9,2026-07-25T08:52:39Z,1756,0.07187616696509597,0.07529672800591686,-0.0248820446551347,-0.026512646723942934
3162,24025,24026,3162,m12-2-9,2026-07-25T08:52:39Z,1757,0.08868531583802033,0.014042365220389142,0.02421510620154901,0.01854881837415794
3162,24025,24026,3162,m12-2-9,2026-07-25T08:52:39Z,1758,0.09138596040760434,-0.02659637853880624,-0.01460218558138552,0.002458512393310228
3162,24025,24026,3162,m12-2-9,2026-07-25T08:52:39Z,1759,0.07751802842525674,-0.09840404956542904,0.029736188269149703,0.03273892343243546
3162,24025,24026,3162,m12-2-9,2026-07-25T08:52:39Z,1760,0.07680431850780739,0.04797637704576947,-0.02155647048368755,0.07121532115025946
3162,24025,24026,3162,m12-2-9,2026-07-25T08:52:39Z,1761,0.0696009524005588,-0.016586246611212063,-0.06386905653379156,-0.034965599160489774
3162,24025,24026,3162,m12-2-9,2026-07-25T08:52:39Z,1762,0.09210398529045916,0.013620993108795647,0.025135040912948752,0.007912036477339643
3162,24025,24026,3162,m12-2-9,2026-07-25T08:52:39Z,1763,0.06508704894337061,0.016931474080741478,0.08283174290526209,0.03913443628304807
3162,24025,24026,3162,m12-2-9,2026-07-25T08:52:39Z,1764,0.07335333202308628,0.01900724005362873,0.04229464448488467,0.07679463097768462
3162,24025,24026,3162,m12-2-9,2026-07-25T08:52:39Z,1765,0.06687807944605852,-0.08204007424032181,0.025183385980003265,0.0176370024009371
3162,24025,24026,3162,m12-2-9,2026-07-25T08:52:39Z,1766,0.07568854830066914,-0.02872396322057561,0.006451359463553628,-0.07037287236464053
3162,24025,24026,3162,m12-2-9,2026-07-25T08:52:39Z,1767,0.0656925224728101,0.03231128296787893,-0.06035789938052915,0.042403098956591966
3162,24025,24026,3162,m12-2-9,2026-07-25T08:52:39Z,1768,0.057426653821355235,0.07132787879727456,-0.03444859282553497,-0.01148099581162141
3162,24025,24026,3162,m12-2-9,2026-07-25T08:52:39Z,1769,0.0677433154189841,-0.0481140545411557,0.048892386916899365,0.06986165614692866
3162,24025,24026,3162,m12-2-9,2026-07-25T08:52:39Z,1770,0.06231935554508112,-0.0803359453200527,-0.0019832695518876434,-0.0699017360379184
3162,24025,24026,3162,m12-2-9,2026-07-25T08:52:39Z,1771,0.07954720279271324,0.0357274346676729,-0.04337267322644402,0.004397958081635151
3162,24025,24026,3162,m12-2-9,2026-07-25T08:52:39Z,1772,0.08405193869268959,-0.050530230888796664,0.015255055839820302,0.024284637984986774
3162,24025,24026,3162,m12-2-9,2026-07-25T08:52:39Z,1773,0.0807165758322117,0.018482177955482265,0.07114730240130251,-0.03987171386324844
3162,24025,24026,3162,m12-2-9,2026-07-25T08:52:39Z,1774,0.07572846231350477,0.04022143400666764,0.02579118586885255,-0.04023722946334025
3162,24025,24026,3162,m12-2-9,2026-07-25T08:52:39Z,1775,0.0753330279967079,-0.06195511250983567,-0.0005618790936964337,-0.06696207789611183
3162,24025,24026,3162,m12-2-9,2026-07-25T08:52:39Z,1776,0.07001473933114266,0.01705346333944036,0.06976881233825294,0.007099155070456939
3162,24025,24026,3162,m12-2-9,2026-07-25T08:52:39Z,1777,0.06911511009707601,0.023418051076027152,-0.0135270395807364,0.0912041199436659
3162,24025,24026,3162,m12-2-9,2026-07-25T08:52:39Z,1778,0.07108138043550728,0.030676537661960622,0.0634355693445157,0.05223887129885798
3162,24025,24026,3162,m12-2-9,2026-07-25T08:52:39Z,1779,0.05758478029178752,0.022619408345553694,-0.04830130911475746,0.06124931685702591
3162,24025,24026,3162,m12-2-9,2026-07-25T08:52:39Z,1780,0.07572160942639439,-0.050946665694540844,-0.022212073709256756,0.04838943074176875
3162,24025,24026,3162,m12-2-9,2026-07-25T08:52:39Z,1781,0.07381287301252559,-0.026377628760473663,-0.02135487887824942,-0.07813038722672926
3162,24025,24026,3162,m12-2-9,2026-07-25T08:52:39Z,1782,0.06733508100599066,0.0041847307171360764,-0.08520709435732922,-0.021224804174072787
3162,24025,24026,3162,m12-2-9,2026-07-25T08:52:39Z,1783,0.0673433548981605,-0.03886474003405283,0.07495558410698869,0.035083562939378476
3162,24025,24026,3162,m12-2-9,2026-07-25T08:52:39Z,1784,0.08302242595368596,-0.06540380100004804,-0.021780207195463207,-0.019632861611229468
3162,24025,24026,3162,m12-2-9,2026-07-25T08:52:39Z,1785,0.0719160572149953,-0.024661030745562636,0.11261820508848502,-0.05420324503032062
3162,24025,24026,3162,m12-2-9,2026-07-25T08:52:39Z,1786,0.0671927567181731,0.07794796223788093,-0.02013557749849701,0.03450626413925188
3162,24025,24026,3162,m12-2-9,2026-07-25T08:52:39Z,1787,0.07037296380570941,-0.04006369288306015,-0.043070741991112736,-0.05145107398457599
3162,24025,24026,3162,m12-2-9,2026-07-25T08:52:39Z,1788,0.08784177099969558,-0.030939427364248435,-0.009816115106317951,0.03524486570916532
3162,24025,24026,3162,m12-2-9,2026-07-25T08:52:39Z,1789,0.0784348231376445,-0.011641100212273353,0.052850778654666704,0.03110796121127097
3162,24025,24026,3162,m12-2-9,2026-07-25T08:52:39Z,1790,0.07668669868212905,0.035881375630463876,0.08020360797847544,0.05044494545322078
3162,24025,24026,3162,m12-2-9,2026-07-25T08:52:39Z,1791,0.061763578688801626,-0.0633367012782352,0.025528210333518684,0.0413351480703616
3162,24025,24026,3162,m12-2-9,2026-07-25T08:52:39Z,1792,0.08038008150563208,0.028803484856815467,-0.018615544095101754,-0.0662168401889686
3162,24025,24026,3162,m12-2-9,2026-07-25T08:52:39Z,1793,0.06503737901029406,-0.059624988276096295,-0.003397296115697145,-0.07587954193383119
3162,24025,24026,3162,m12-2-9,2026-07-25T08:52:39Z,1794,0.06839487121487148,0.07169612561132913,-0.007383300983244251,0.008682229625603133
3162,24025,24026,3162,m12-2-9,2026-07-25T08:52:39Z,1795,0.09129395366858784,0.006289240458205593,-0.05026367998521529,0.014606172479251039
3162,24025,24026,3162,m12-2-9,2026-07-25T08:52:39Z,1796,0.07252215546954643,0.08840693704201778,0.01671111449334414,0.003933812376336471
3162,24025,24026,3162,m12-2-9,2026-07-25T08:52:39Z,1797,0.07695389857532936,-0.016964751958846953,0.024182933386776993,0.06746378773747129
3162,24025,24026,3162,m12-2-9,2026-07-25T08:52:39Z,1798,0.07370883083652359,0.04207917830534928,-0.030627733730537936,-0.042185815577175975
3162,24025,24026,3162,m12-2-9,2026-07-25T08:52:39Z,1799,0.07611662866944859,-0.07333944683833081,-0.002417764529170809,0.007296909974508363
3162,24025,24026,3162,m12-2-9,2026-07-25T08:52:39Z,1800,0.08281405442371835,0.041581337301267764,0.011643329664309745,0.04238751996947144
3162,24025,24026,3162,m12-2-9,2026-07-25T08:52:39Z,1801,0.07758558428040539,0.025179856344713182,0.00482668079904371,0.07046945064982284
3162,24025,24026,3162,m12-2-9,2026-07-25T08:52:39Z,1802,0.0787310859791969,0.03624613782938722,0.04483299935925727,0.012812779508668926
3162,24025,24026,3162,m12-2-9,2026-07-25T08:52:39Z,1803,0.07001402909242876,0.07650887203475788,-0.027427870992697213,-0.03895788370318033
3162,24025,24026,3162,m12-2-9,2026-07-25T08:52:39Z,1804,0.0779897979925388,0.03453103334749469,-0.03630904993792596,-0.04888477304165528
3162,24025,24026,3162,m12-2-9,2026-07-25T08:52:39Z,1805,0.07574550937870086,-0.03664889694693423,0.013257687564097502,-0.07757230619287149
3162,24025,24026,3162,m12-2-9,2026-07-25T08:52:39Z,1806,0.08457335298040657,-0.05943611786600661,-0.0624318252365481,-0.10840956806811884
3162,24025,24026,3162,m12-2-9,2026-07-25T08:52:39Z,1807,0.07057687371817642,0.019618988296899873,-0.03737850809756022,0.055439696977816116
3162,24025,24026,3162,m12-2-9,2026-07-25T08:52:39Z,1808,0.0773103478865582,-0.018827557015552943,-0.018824333596286533,-0.07255683419890005
3162,24025,24026,3162,m12-2-9,2026-07-25T08:52:39Z,1809,0.07752050135032386,0.015499462019711386,0.011448348422422839,-0.006714915171967898
3162,24025,24026,3162,m12-2-9,2026-07-25T08:52:39Z,1810,0.056963407885721976,0.0305228472443098,-0.0526626195634221,0.05683125880302734
3162,24025,24026,3162,m12-2-9,2026-07-25T08:52:39Z,1811,0.06988889163025215,0.07278121649700066,0.03094246071806227,-0.03925110686044253
3162,24025,24026,3162,m12-2-9,2026-07-25T08:52:39Z,1812,0.07375875042202538,-0.003950726682486794,-0.07596899760800312,0.021677640087844546
3162,24025,24026,3162,m12-2-9,2026-07-25T08:52:39Z,1813,0.06958095196744316,0.004978022775693361,-0.05479310408185553,-0.0699641043165396
3162,24025,24026,3162,m12-2-9,2026-07-25T08:52:39Z,1814,0.06938810885433874,0.056573928974080694,-0.027140902073581778,0.039225402359437285
3162,24025,24026,3162,m12-2-9,2026-07-25T08:52:39Z,1815,0.07824806871062592,-0.0277005575732605,0.0096995973355627,-0.07691288667213121
3162,24025,24026,3162,m12-2-9,2026-07-25T08:52:39Z,1816,0.08184968961459586,-0.029542192833756316,0.049020842746896116,0.0030294159960348992
3162,24025,24026,3162,m12-2-9,2026-07-25T08:52:39Z,1817,0.06997171666801386,-0.002566386862724448,-0.07397734752566325,0.00622055301694063
3162,24025,24026,3162,m12-2-9,2026-07-25T08:52:39Z,1818,0.06038313489089402,-0.011027176513430818,0.055482936498112125,0.06589913322979613
3162,24025,24026,3162,m12-2-9,2026-07-25T08:52:39Z,1819,0.08097741396097397,-0.01795791504549706,0.0009774594303845578,-0.10364834779442893
3162,24025,24026,3162,m12-2-9,2026-07-25T08:52:39Z,1820,0.08349870208214712,0.02977781697571252,-0.03464133223589525,-0.012002617785319388
3162,24025,24026,3162,m12-2-9,2026-07-25T08:52:39Z,1821,0.08883086703054477,-0.039913610692443396,0.02468309560254251,0.004868667859073468
3162,24025,24026,3162,m12-2-9,2026-07-25T08:52:39Z,1822,0.07068162225012858,0.09362330942248764,-0.013337841237173591,-0.0030012878057552
3162,24025,24026,3162,m12-2-9,2026-07-25T08:52:39Z,1823,0.07956742492240522,0.05592084924195493,-0.027167804339051634,0.00497235313519909
3162,24025,24026,3162,m12-2-9,2026-07-25T08:52:39Z,1824,0.09229507087018991,0.006746502541850843,-0.010235258720298212,-0.005726011963994648
3162,24025,24026,3162,m12-2-9,2026-07-25T08:52:39Z,1825,0.05689473804007133,-0.039368205748196265,-0.0479493257768127,-0.03158998050801871
3162,24025,24026,3162,m12-2-9,2026-07-25T08:52:39Z,1826,0.0908990671930306,-0.022467772618902367,0.015172212332610593,-0.013888746521577884
3162,24025,24026,3162,m12-2-9,2026-07-25T08:52:39Z,1827,0.07283449562806624,-0.04459298227429466,0.04799651748203465,0.0229522486629783
3162,24025,24026,3162,m12-2-9,2026-07-25T08:52:39Z,1828,0.0838419804776943,0.011184419025967502,-0.01090089949203811,-0.05733603744989738
3162,24025,24026,3162,m12-2-9,2026-07-25T08:52:39Z,1829,0.07679235553573417,0.0011398578850552803,-0.004833869565929291,-0.09205238585989438
3162,24025,24026,3162,m12-2-9,2026-07-25T08:52:39Z,1830,0.08687154287970926,0.026689360601177006,0.02536929087103576,0.02391221792438965
3162,24025,24026,3162,m12-2-9,2026-07-25T08:52:39Z,1831,0.06666939478979415,-0.0140865129331422,0.08056749120397526,0.04626474801466603
3162,24025,24026,3162,m12-2-9,2026-07-25T08:52:39Z,1832,0.08506309866690569,0.018732590221429556,0.03771735823927589,0.016424335596458433
3162,24025,24026,3162,m12-2-9,2026-07-25T08:52:39Z,1833,0.06965668683417424,0.07530688867012189,-0.039030191938028064,-0.01725687229979745
3162,24025,24026,3162,m12-2-9,2026-07-25T08:52:39Z,1834,0.06820715828009029,0.03621309217569649,-0.07452124607673653,-0.003978444019589049
3162,24025,24026,3162,m12-2-9,2026-07-25T08:52:39Z,1835,0.07032300272238318,-0.010284842615129491,-0.09216460898959773,-0.0011794441292562398
3162,24025,24026,3162,m12-2-9,2026-07-25T08:52:39Z,1836,0.060965264303875354,0.07461137028674918,-0.035404888805792935,-0.016169825402523326
3162,24025,24026,3162,m12-2-9,2026-07-25T08:52:39Z,1837,0.0847842268738681,0.02124125444925635,-0.04170301843599876,-0.0008102320654945424
3162,24025,24026,3162,m12-2-9,2026-07-25T08:52:39Z,1838,0.0867289020353345,0.03755933297283703,0.007307454478534046,-0.04022434710584857
3162,24025,24026,3162,m12-2-9,2026-07-25T08:52:39Z,1839,0.06953699647223144,-0.012386728959222989,-0.06525643688530038,0.03274279913035714
3162,24025,24026,3162,m12-2-9,2026-07-25T08:52:39Z,1840,0.0631372586153973,0.07903424513702306,-0.048559100454779056,0.0047384942597936954
3162,24025,24026,3162,m12-2-9,2026-07-25T08:52:39Z,1841,0.07911853910425372,0.0008941665486726548,-0.03530189829701695,-0.05548297861852416
3162,24025,24026,3162,m12-2-9,2026-07-25T08:52:39Z,1842,0.07583630693139988,0.020572187209053752,0.031153757886413218,0.08340157238638611
3162,24025,24026,3162,m12-2-9,2026-07-25T08:52:39Z,1843,0.08603336997610324,0.0192960887546739,0.03099179056444441,0.004860555069297851
3162,24025,24026,3162,m12-2-9,2026-07-25T08:52:39Z,1844,0.06222114945460416,-0.037733208242553856,0.087575013942644,0.04223901183699016
3162,24025,24026,3162,m12-2-9,2026-07-25T08:52:39Z,1845,0.0774313739006164,0.025149272271162298,0.02789221977746771,0.07169853112643416
3162,24025,24026,3162,m12-2-9,2026-07-25T08:52:39Z,1846,0.08133356132034555,-0.03300245025161239,-0.0242334249175686,0.04175063241784497
3162,24025,24026,3162,m12-2-9,2026-07-25T08:52:39Z,1847,0.05651497286551258,-0.01699799323870011,0.061619099790073406,0.054201917076158845
3162,24025,24026,3162,m12-2-9,2026-07-25T08:52:39Z,1848,0.07631228489629178,0.012813018455111874,0.07418976293272776,-0.005631427197174979
3162,24025,24026,3162,m12-2-9,2026-07-25T08:52:39Z,1849,0.06999261315192613,-0.016387233680092584,0.08743672339493372,0.013902844901868
3162,24025,24026,3162,m12-2-9,2026-07-25T08:52:39Z,1850,0.06753611795983931,-0.06140645775339939,0.05094659837162311,0.027095151546606428
3162,24025,24026,3162,m12-2-9,2026-07-25T08:52:39Z,1851,0.05690897535472217,0.0025884959733677246,-0.06067011865003447,0.059381484637015605
3162,24025,24026,3162,m12-2-9,2026-07-25T08:52:39Z,1852,0.06714528280611409,0.07692119321585063,0.028885179050907168,0.026648899682941932
3162,24025,24026,3162,m12-2-9,2026-07-25T08:52:39Z,1853,0.07652930569880047,-0.034094750877157534,0.09298111946640542,-0.07849875408047305
3162,24025,24026,3162,m12-2-9,2026-07-25T08:52:39Z,1854,0.07096639187660232,0.03197356210949876,-0.0070232317988372815,-0.08038553289283121
3162,24025,24026,3162,m12-2-9,2026-07-25T08:52:39Z,1855,0.07091986235016123,0.05008384647942709,-0.0022348099865936487,-0.05504944020293427
3162,24025,24026,3162,m12-2-9,2026-07-25T08:52:39Z,1856,0.08289619943648151,0.023807735766338628,-0.021666182727095543,-0.04625345458195978
3162,24025,24026,3162,m12-2-9,2026-07-25T08:52:39Z,1857,0.08824388214856027,-0.027443069722470247,0.03290607229697261,0.004525016266185495
3162,24025,24026,3162,m12-2-9,2026-07-25T08:52:39Z,1858,0.07240742950308743,0.005599837869524819,0.07734372726355263,0.03236693895107443
3162,24025,24026,3162,m12-2-9,2026-07-25T08:52:39Z,1859,0.0819802943440556,-0.02559868716773374,0.048360993480847735,-0.0014192624728109665
3162,24025,24026,3162,m12-2-9,2026-07-25T08:52:39Z,1860,0.07476065080931799,0.0317165302890067,0.03929634087804654,0.0009366765536119677
3162,24025,24026,3162,m12-2-9,2026-07-25T08:52:39Z,1861,0.08225702065400237,0.01541392743032102,0.048376369124882614,0.000873920803027955
3162,24025,24026,3162,m12-2-9,2026-07-25T08:52:39Z,1862,0.07405489800803257,0.0010059219892813384,0.047301627788575586,0.06410187436240572
3162,24025,24026,3162,m12-2-9,2026-07-25T08:52:39Z,1863,0.08050381307449635,0.07004609182274253,0.02271636898765693,-0.016620080696690884
3162,24025,24026,3162,m12-2-9,2026-07-25T08:52:39Z,1864,0.08147306244025986,0.050952523996922544,-0.012640091130660393,-0.030996229706497208
3162,24025,24026,3162,m12-2-9,2026-07-25T08:52:39Z,1865,0.07783385974371808,-0.01843714696022332,0.06680866110059841,-0.016368176483143072
3162,24025,24026,3162,m12-2-9,2026-07-25T08:52:39Z,1866,0.07555753313719138,0.048027740711885404,0.04393142186840295,-0.01738238653865972
3162,24025,24026,3162,m12-2-9,2026-07-25T08:52:39Z,1867,0.06451322510670662,-0.0013487077338568416,0.06122038601088243,-0.08272041710802672
3162,24025,24026,3162,m12-2-9,2026-07-25T08:52:39Z,1868,0.07221016113702695,0.10432445696793381,0.0035401542103149575,-0.004724053919742899
3162,24025,24026,3162,m12-2-9,2026-07-25T08:52:39Z,1869,0.0552527665689977,0.05790754531768231,-0.03696418357639094,-0.03755531568925862
3162,24025,24026,3162,m12-2-9,2026-07-25T08:52:39Z,1870,0.0632678234852242,0.06915872159911401,-0.030912420719110503,-0.04630529809784192
3162,24025,24026,3162,m12-2-9,2026-07-25T08:52:39Z,1871,0.06573374155060051,0.02719805471993987,-0.040467954092313435,-0.06895782429394914
3162,24025,24026,3162,m12-2-9,2026-07-25T08:52:39Z,1872,0.07079148155754023,-0.07428620416098777,0.03801426416769722,0.0074194719545559295
3162,24025,24026,3162,m12-2-9,2026-07-25T08:52:39Z,1873,0.07521781523276616,-0.01341125109557031,-0.0735250486498136,-0.004982580241066825
3162,24025,24026,3162,m12-2-9,2026-07-25T08:52:39Z,1874,0.07597679677921958,-0.01575986066026888,0.08888115590506344,-0.00030542092800370214
3162,24025,24026,3162,m12-2-9,2026-07-25T08:52:39Z,1875,0.07373072359741117,0.04734267101259679,0.0403932963356528,-0.023200389331525077
3162,24025,24026,3162,m12-2-9,2026-07-25T08:52:39Z,1876,0.07280663048614071,0.06824809566312788,0.034809603363257176,0.0016863215309017962
3162,24025,24026,3162,m12-2-9,2026-07-25T08:52:39Z,1877,0.07110859580705214,-0.0007969292324650392,0.005420918327494413,0.010801757817630889
3162,24025,24026,3162,m12-2-9,2026-07-25T08:52:39Z,1878,0.08459149255868251,-0.04860456534523992,0.017132539313823643,-0.01968226553839275
3162,24025,24026,3162,m12-2-9,2026-07-25T08:52:39Z,1879,0.08285266467585073,0.011627576965286854,-0.03901514759104259,-0.05324740294130094
3162,24025,24026,3162,m12-2-9,2026-07-25T08:52:39Z,1880,0.060614429407485494,0.004777221955686574,0.06787457746259468,-0.06466725626834527
3162,24025,24026,3162,m12-2-9,2026-07-25T08:52:39Z,1881,0.08331508893667362,0.03376903931796897,-0.0022916564381956464,-0.062253827860420725
3162,24025,24026,3162,m12-2-9,2026-07-25T08:52:39Z,1882,0.06866062498050056,-0.03354110540210949,-0.031187893066955505,-0.09099887967264453
3162,24025,24026,3162,m12-2-9,2026-07-25T08:52:39Z,1883,0.07143829526003764,0.0059180977467029805,0.10091648232429752,-0.01109877051776224
3162,24025,24026,3162,m12-2-9,2026-07-25T08:52:39Z,1884,0.08950438319691736,0.020675332990410106,-0.0017574083392413087,-0.020063031999756405
3162,24025,24026,3162,m12-2-9,2026-07-25T08:52:39Z,1885,0.08171508879034378,0.05553427543016669,-0.010176426831782114,0.02773282885674244
3162,24025,24026,3162,m12-2-9,2026-07-25T08:52:39Z,1886,0.07845519300654984,-0.053460231956158635,0.0029397669826380307,0.02769217970690877
3162,24025,24026,3162,m12-2-9,2026-07-25T08:52:39Z,1887,0.06735036440455675,0.026723268668340766,-0.09402965779987933,0.007993529577893293
3162,24025,24026,3162,m12-2-9,2026-07-25T08:52:39Z,1888,0.07148380965044042,-0.06257774250901789,-0.01970544997170773,0.05776783794552487
3162,24025,24026,3162,m12-2-9,2026-07-25T08:52:39Z,1889,0.09206761041992166,-0.0012777005795162478,0.01942987477828531,0.01164481435617277
3162,24025,24026,3162,m12-2-9,2026-07-25T08:52:39Z,1890,0.08234311691864434,0.0015688941019763466,0.03995433904658027,-0.016941415753938146
3162,24025,24026,3162,m12-2-9,2026-07-25T08:52:39Z,1891,0.07326810121338392,0.021436535939244602,0.02242375555995824,-0.009286589653581746
3162,24025,24026,3162,m12-2-9,2026-07-25T08:52:39Z,1892,0.08005919098611002,-0.04487714493461388,0.02121073847544559,-0.03741299992518413
3162,24025,24026,3162,m12-2-9,2026-07-25T08:52:39Z,1893,0.08327680410341776,0.018185512863651707,-0.0169609463512425,-0.06305752490767039
3162,24025,24026,3162,m12-2-9,2026-07-25T08:52:39Z,1894,0.0888273003215275,0.03598508813011537,0.011340172686804685,-0.00956624862175296
3162,24025,24026,3162,m12-2-9,2026-07-25T08:52:39Z,1895,0.08121392887238131,0.056454558727174524,0.005545807495155243,0.0855767822942236
3162,24025,24026,3162,m12-2-9,2026-07-25T08:52:39Z,1896,0.06935018723357449,-0.029182689453156267,0.06482348646865395,0.047794048158492475
3162,24025,24026,3162,m12-2-9,2026-07-25T08:52:39Z,1897,0.06151879740124699,-0.035673471761272973,0.03885993168230952,0.07579319679614378
3162,24025,24026,3162,m12-2-9,2026-07-25T08:52:39Z,1898,0.08576707027932559,0.022396975159297644,-0.03800864037569534,-0.00514433880602568
3162,24025,24026,3162,m12-2-9,2026-07-25T08:52:39Z,1899,0.08288796198039332,0.02161755065478387,-0.00613549009186777,0.05569980025693587
3162,24025,24026,3162,m12-2-9,2026-07-25T08:52:39Z,1900,0.08660609304019026,-0.04991028061826881,0.003405857164604793,0.013421480163983038
3162,24025,24026,3162,m12-2-9,2026-07-25T08:52:39Z,1901,0.089484632324749,0.03259515556201896,-0.0009447006117311174,-0.02213476877700797
3162,24025,24026,3162,m12-2-9,2026-07-25T08:52:39Z,1902,0.07454823750538629,0.05422923817764617,0.04063854762464174,-0.001966471416262247
3162,24025,24026,3162,m12-2-9,2026-07-25T08:52:39Z,1903,0.07660099646692316,-0.019064704915112505,-0.06254971878506875,-0.011210026603595052
3162,24025,24026,3162,m12-2-9,2026-07-25T08:52:39Z,1904,0.06542033003600445,-0.08075679911701526,0.04197956962510539,0.013730492816896265
3162,24025,24026,3162,m12-2-9,2026-07-25T08:52:39Z,1905,0.08240002604238668,-0.016943259177368605,0.04193282234124692,0.026569390203533032
3162,24025,24026,3162,m12-2-9,2026-07-25T08:52:39Z,1906,0.08888268167920352,-0.019606759440447076,-0.03034595107678975,-0.007790112851567401
3162,24025,24026,3162,m12-2-9,2026-07-25T08:52:39Z,1907,0.07735124395549618,0.01448173112704192,-0.07073238724347408,0.021909839923520847
3162,24025,24026,3162,m12-2-9,2026-07-25T08:52:39Z,1908,0.06490331211708844,-0.04764103750957443,-0.0574848026958176,0.05792835922921496
3162,24025,24026,3162,m12-2-9,2026-07-25T08:52:39Z,1909,0.08148822492486704,-0.06932827120279106,0.011651448241907284,-0.000768153247936673
3162,24025,24026,3162,m12-2-9,2026-07-25T08:52:39Z,1910,0.06723554322835726,-0.07500117026739378,-0.08011446538922458,-0.026110273718427147
3162,24025,24026,3162,m12-2-9,2026-07-25T08:52:39Z,1911,0.09064614383269912,0.030582288828664886,-0.01280707247694956,-0.019718341437929676
3162,24025,24026,3162,m12-2-9,2026-07-25T08:52:39Z,1912,0.060597757736764964,0.05478600716297529,0.01067912704116593,0.071535797144848
3162,24025,24026,3162,m12-2-9,2026-07-25T08:52:39Z,1913,0.06416188031007763,0.06692570153426762,-0.029001285255276905,0.007778919557716917
3162,24025,24026,3162,m12-2-9,2026-07-25T08:52:39Z,1914,0.08199987682072843,0.005990321338222639,-0.04248232452697379,0.03307709350528238
3162,24025,24026,3162,m12-2-9,2026-07-25T08:52:39Z,1915,0.06647088304376624,-0.029634524806445912,0.04520896647304483,0.03268349861167921
3162,24025,24026,3162,m12-2-9,2026-07-25T08:52:39Z,1916,0.06456501231285527,0.061101802810830975,-0.054704307161471497,-0.0203279320654933
3162,24025,24026,3162,m12-2-9,2026-07-25T08:52:39Z,1917,0.07584566919974302,-0.000985658399369725,-0.061549457110059214,0.034384723583812185
3162,24025,24026,3162,m12-2-9,2026-07-25T08:52:39Z,1918,0.07775087676420417,0.02190661705490625,-0.007493372102620187,-0.06929138098871009
3162,24025,24026,3162,m12-2-9,2026-07-25T08:52:39Z,1919,0.0798021947672937,-0.010019168703551429,0.058943017435906554,-0.00041589037194199807
3162,24025,24026,3162,m12-2-9,2026-07-25T08:52:39Z,1920,0.0808331130273306,-0.002269361694769693,-0.04742594318487101,0.039730230788009295
3162,24025,24026,3162,m12-2-9,2026-07-25T08:52:39Z,1921,0.07127039801834992,-0.0012078864987172667,-0.08598917459399988,0.005295338453280559
3162,24025,24026,3162,m12-2-9,2026-07-25T08:52:39Z,1922,0.07070559249611735,0.0337582735880879,-0.007855462389655312,-0.06585987992025347
3162,24025,24026,3162,m12-2-9,2026-07-25T08:52:39Z,1923,0.0581773525619846,0.014643257266176825,0.06268433043491155,-0.06221547690570267
3162,24025,24026,3162,m12-2-9,2026-07-25T08:52:39Z,1924,0.07793047220327359,-0.03067559578215486,-0.05649600266938988,0.1430486631191587
3162,24025,24026,3162,m12-2-9,2026-07-25T08:52:39Z,1925,0.06716686968585932,-0.004002674415504201,0.0843006344275588,-0.03237891617469838
3162,24025,24026,3162,m12-2-9,2026-07-25T08:52:39Z,1926,0.07411894080974059,-0.03898235518569611,0.04119642409743957,0.0016907170902565026
3162,24025,24026,3162,m12-2-9,2026-07-25T08:52:39Z,1927,0.07609191782337817,-0.041709196112702615,-0.03251711328355269,-0.04393341783432285
3162,24025,24026,3162,m12-2-9,2026-07-25T08:52:39Z,1928,0.07150521982818772,0.07803260365975215,-0.02608787918099155,0.001746977298477754
3162,24025,24026,3162,m12-2-9,2026-07-25T08:52:39Z,1929,0.08506324626969816,-0.012708578444873064,-0.07818833070827297,0.013999713123651284
3162,24025,24026,3162,m12-2-9,2026-07-25T08:52:39Z,1930,0.07689107773388891,-0.061019368980921286,-0.04480570049620113,-0.011857788422153036
3162,24025,24026,3162,m12-2-9,2026-07-25T08:52:39Z,1931,0.08005822486273906,0.003726843542999992,0.06951785492866223,0.028021764662238983
3162,24025,24026,3162,m12-2-9,2026-07-25T08:52:39Z,1932,0.07475273790632245,0.0027149482519024594,0.0736501279561812,0.02076176992717602
3162,24025,24026,3162,m12-2-9,2026-07-25T08:52:39Z,1933,0.0873477992953115,-0.03784723214905761,-0.0404853951417496,-0.005124590816965194
3162,24025,24026,3162,m12-2-9,2026-07-25T08:52:39Z,1934,0.06782315381307676,-0.06660120060747737,-0.05819528973956881,-0.016716319789038918
3162,24025,24026,3162,m12-2-9,2026-07-25T08:52:39Z,1935,0.07385743863413081,0.021136772495066597,-0.008515232259442602,-0.06975730376923757
3162,24025,24026,3162,m12-2-9,2026-07-25T08:52:39Z,1936,0.07472697689330252,0.03230615788246887,0.0489697526149254,-0.021966328948386845
3162,24025,24026,3162,m12-2-9,2026-07-25T08:52:39Z,1937,0.06078345234670645,0.07957595582857806,0.03479646799959771,-0.054202299889934184
3162,24025,24026,3162,m12-2-9,2026-07-25T08:52:39Z,1938,0.07339222526712388,0.06637774275123119,-0.026772721875903866,-0.040020960498278434
3162,24025,24026,3162,m12-2-9,2026-07-25T08:52:39Z,1939,0.07318847032437839,-0.037630264657826505,-0.030764491042337024,0.06663396730845696
3162,24025,24026,3162,m12-2-9,2026-07-25T08:52:39Z,1940,0.06299725201527562,-0.00553652266945759,-0.00702171813632113,0.09422241754158149
3162,24025,24026,3162,m12-2-9,2026-07-25T08:52:39Z,1941,0.08115867365650642,0.02180522748252966,-0.016929831967880043,0.07613594034973564
3162,24025,24026,3162,m12-2-9,2026-07-25T08:52:39Z,1942,0.06442264157808128,-0.0942911559954969,0.02434064455232455,-0.009725647302679209
3162,24025,24026,3162,m12-2-9,2026-07-25T08:52:39Z,1943,0.06961916315218188,0.08997602622368744,0.012990608399297193,0.009178279922467624
3162,24025,24026,3162,m12-2-9,2026-07-25T08:52:39Z,1944,0.08447589643489523,0.009583566115005542,0.0006787102767237077,0.06144977963294109
3162,24025,24026,3162,m12-2-9,2026-07-25T08:52:39Z,1945,0.08080390175156957,-0.011255755587944147,0.03390056586357529,-0.03260207444989127
3162,24025,24026,3162,m12-2-9,2026-07-25T08:52:39Z,1946,0.08138832150775667,-0.05307185527791402,0.001674818068827422,0.008156191530816237
3162,24025,24026,3162,m12-2-9,2026-07-25T08:52:39Z,1947,0.06295034140335731,0.031677584549439315,0.06395692562139965,-0.0571976326431459
3162,24025,24026,3162,m12-2-9,2026-07-25T08:52:39Z,1948,0.08009090828378268,0.06457357204828501,0.03766614334085307,0.02943113375201331
3162,24025,24026,3162,m12-2-9,2026-07-25T08:52:39Z,1949,0.07309627070731935,-0.019588845476015592,-0.022392322862964487,0.039854847556793215
3162,24025,24026,3162,m12-2-9,2026-07-25T08:52:39Z,1950,0.07837580243654016,0.06323225624455933,-0.018994325801499505,-0.00031507279696551865
3162,24025,24026,3162,m12-2-9,2026-07-25T08:52:39Z,1951,0.07774500459704851,-0.015026528895106304,0.06694607834940153,-0.004753977270371938
3162,24025,24026,3162,m12-2-9,2026-07-25T08:52:39Z,1952,0.06647422480833283,0.013825591508535332,-0.08740755977370702,-0.022086615769411407
3162,24025,24026,3162,m12-2-9,2026-07-25T08:52:39Z,1953,0.06698504481819574,-0.0650904931195304,-0.05046108203113232,0.005902904287377939
3162,24025,24026,3162,m12-2-9,2026-07-25T08:52:39Z,1954,0.07851457819598204,0.009507711378078033,0.027148967404225822,0.07564397273088797
3162,24025,24026,3162,m12-2-9,2026-07-25T08:52:39Z,1955,0.07324686302455435,0.005122740050239535,-0.026866302901701646,-0.08517518337423245
3162,24025,24026,3162,m12-2-9,2026-07-25T08:52:39Z,1956,0.05741397884698481,-0.0687229279922903,0.029949216746122106,0.08085000760495406
3162,24025,24026,3162,m12-2-9,2026-07-25T08:52:39Z,1957,0.07995248698226635,-0.04239326346049184,-0.010563181112197636,0.07102041152047836
3162,24025,24026,3162,m12-2-9,2026-07-25T08:52:39Z,1958,0.07780131856358068,-0.005281708982322438,0.027994397567217617,0.04036647442557685
3162,24025,24026,3162,m12-2-9,2026-07-25T08:52:39Z,1959,0.07083133854528746,-0.025940492397752396,0.03516100738833483,-0.06355686035837421
3162,24025,24026,3162,m12-2-9,2026-07-25T08:52:39Z,1960,0.09269805591160937,0.0028783929554791784,-0.006122604364159944,0.006550030297792231
3162,24025,24026,3162,m12-2-9,2026-07-25T08:52:39Z,1961,0.08843230621397583,0.027951875993049758,-0.0030728510575792605,0.024589316315744736
3162,24025,24026,3162,m12-2-9,2026-07-25T08:52:39Z,1962,0.0831385469893399,-0.01118088888265944,0.038996753620316266,0.017513816006237845
3162,24025,24026,3162,m12-2-9,2026-07-25T08:52:39Z,1963,0.08557458147415335,0.03479091975160087,0.04910037553872069,-0.024345169556579692
3162,24025,24026,3162,m12-2-9,2026-07-25T08:52:39Z,1964,0.08327184933078373,-0.05292609111369003,-0.009015816810416369,0.015291760751278562
3162,24025,24026,3162,m12-2-9,2026-07-25T08:52:39Z,1965,0.08296231870879026,0.03687562628423366,0.022481061798830724,-0.03170457578918175
3162,24025,24026,3162,m12-2-9,2026-07-25T08:52:39Z,1966,0.06350966473218413,-0.011124408425574887,-0.04303546071377597,-0.05158843589413025
3162,24025,24026,3162,m12-2-9,2026-07-25T08:52:39Z,1967,0.06181137362342656,-0.07193376013697374,-0.05051156595922763,-0.01482312644827311
3162,24025,24026,3162,m12-2-9,2026-07-25T08:52:39Z,1968,0.09129438406793115,-0.005785486182820554,0.0014725195928701688,-0.017138288631839253
3162,24025,24026,3162,m12-2-9,2026-07-25T08:52:39Z,1969,0.08196417113823956,0.028539350715846262,-0.05539847601449043,-0.0012255555966179232
3162,24025,24026,3162,m12-2-9,2026-07-25T08:52:39Z,1970,0.08247638173119415,0.053775411664416954,-0.001147572612583073,-0.016765776813247136
3162,24025,24026,3162,m12-2-9,2026-07-25T08:52:39Z,1971,0.06237834374938192,0.0003744277429952302,0.08399486202109996,-0.05120368748108923
3162,24025,24026,3162,m12-2-9,2026-07-25T08:52:39Z,1972,0.07772262378545818,-0.019007575052186372,-0.07077267212723798,-0.007925565963906889
3162,24025,24026,3162,m12-2-9,2026-07-25T08:52:39Z,1973,0.06529825997623694,-0.08209696065587586,0.021719698984499363,0.023329032291567214
3162,24025,24026,3162,m12-2-9,2026-07-25T08:52:39Z,1974,0.061613315761970086,-0.03498995425984496,0.07438009711708335,-0.06951370911978279
3162,24025,24026,3162,m12-2-9,2026-07-25T08:52:39Z,1975,0.08975372240054959,-0.012606742666059854,0.019766921315298076,0.028226217972177236
3162,24025,24026,3162,m12-2-9,2026-07-25T08:52:39Z,1976,0.07859801862166342,-0.02403819278636672,0.031382931764142745,-0.03870537697156265
3162,24025,24026,3162,m12-2-9,2026-07-25T08:52:39Z,1977,0.09085666219389436,-0.02246667686917286,-0.0054947005992317674,0.005106996198196026
3162,24025,24026,3162,m12-2-9,2026-07-25T08:52:39Z,1978,0.0837185874964597,0.054540919612004905,-0.014636208419484573,-0.008419538030690695
3162,24025,24026,3162,m12-2-9,2026-07-25T08:52:39Z,1979,0.07664939149823842,0.5349009454407283,-0.4620406544455721,-0.9078258357728531
3162,24025,24026,3162,m12-2-9,2026-07-25T08:52:39Z,1980,0.08349588286374404,-0.0378100114830086,0.11970772050132462,-0.005282287178158177
3162,24025,24026,3162,m12-2-9,2026-07-25T08:52:39Z,1981,0.06693358559723661,0.07457755442442135,0.032378912349023646,-0.013469769571697019
3162,24025,24026,3162,m12-2-9,2026-07-25T08:52:39Z,1982,0.07873955121807276,-0.0026609117196819336,-0.01726802281027459,0.08343033506701744
3162,24025,24026,3162,m12-2-9,2026-07-25T08:52:39Z,1983,0.08219719995039652,0.006962999923598147,0.0070034670570385225,-0.07428770459400587
3162,24025,24026,3162,m12-2-9,2026-07-25T08:52:39Z,1984,0.06795616568822023,-0.045308413176404334,0.031779695456307,-0.07473443236495508
3162,24025,24026,3162,m12-2-9,2026-07-25T08:52:39Z,1985,0.06549114742625303,0.03685019821901134,0.03396869403698946,0.022590904893768866
3162,24025,24026,3162,m12-2-9,2026-07-25T08:52:39Z,1986,0.06316048720462435,0.0725179880025269,-0.013415316262375208,0.04576588207864345
3162,24025,24026,3162,m12-2-9,2026-07-25T08:52:39Z,1987,0.06420143202409141,-0.07898685587410295,-0.007143055393707988,0.04532205108444448
3162,24025,24026,3162,m12-2-9,2026-07-25T08:52:39Z,1988,0.08683668486154525,-0.05087586177242954,0.041907736726868226,0.026888883010685188
3162,24025,24026,3162,m12-2-9,2026-07-25T08:52:39Z,1989,0.07474656665277975,0.00014500356281695398,0.06941756251440824,-0.03626123592099677
3162,24025,24026,3162,m12-2-9,2026-07-25T08:52:39Z,1990,0.07072534060524446,-0.09900163178355299,0.012230379787949148,-0.008016146502255747
3162,24025,24026,3162,m12-2-9,2026-07-25T08:52:39Z,1991,0.06856810076806741,-0.0940356901248497,-0.013925770635414423,0.03290436041383164
3162,24025,24026,3162,m12-2-9,2026-07-25T08:52:39Z,1992,0.08303022909646703,-0.016156081883185857,0.03110736486063372,-0.03753000147579058
3162,24025,24026,3162,m12-2-9,2026-07-25T08:52:39Z,1993,0.08841239179491352,0.05890075148710039,0.044638501130238775,0.060188331376240974
3162,24025,24026,3162,m12-2-9,2026-07-25T08:52:39Z,1994,0.06656365037960464,0.000814692544732165,-0.053066641819820154,-0.056747154973384874
3162,24025,24026,3162,m12-2-9,2026-07-25T08:52:39Z,1995,0.0751107276149909,-0.03432602906284116,-0.03211912279547545,-0.05192805994186323
3162,24025,24026,3162,m12-2-9,2026-07-25T08:52:39Z,1996,0.07497577612049518,-0.05910423615456983,-0.04164579548043103,0.0060416229602114945
3162,24025,24026,3162,m12-2-9,2026-07-25T08:52:39Z,1997,0.06709118816916872,0.09397173170901015,-0.05792990666640241,-0.055750828803252606
3162,24025,24026,3162,m12-2-9,2026-07-25T08:52:39Z,1998,0.07061452658859733,0.09380007858454878,0.003718523986283115,-0.0019978587186247993
3162,24025,24026,3162,m12-2-9,2026-07-25T08:52:39Z,1999,0.08362835436833625,-0.008896874750634493,-0.04988472322623485,0.016141688374982248
3162,24025,24026,3162,m12-2-9,2026-07-25T08:52:39Z,2000,0.07486185459801689,0.04209113529085489,0.05023202344561436,0.06752616426923333
3162,24025,24026,3162,m12-2-9,2026-07-25T08:52:39Z,2001,0.06947660397352919,-0.08894297451302524,-0.027093224128086124,-0.00622142813695356
3162,24025,24026,3162,m12-2-9,2026-07-25T08:52:39Z,2002,0.08242043168775827,-0.03071242710667515,0.02867551102019848,0.023945526773980225
3162,24025,24026,3162,m12-2-9,2026-07-25T08:52:39Z,2003,0.06500325192963076,-0.04039953512247439,-0.09169042631251645,0.02517399467940541
3162,24025,24026,3162,m12-2-9,2026-07-25T08:52:39Z,2004,0.0774268188877861,0.014096483858643935,-0.04513941488326902,-0.018151694149804193
3162,24025,24026,3162,m12-2-9,2026-07-25T08:52:39Z,2005,0.08503469940750119,0.019875701524846967,0.0365255950546156,0.007667317541466573
3162,24025,24026,3162,m12-2-9,2026-07-25T08:52:39Z,2006,0.07959719713863846,0.05552123328689179,-0.004276359785137665,-0.01452234480248363
3162,24025,24026,3162,m12-2-9,2026-07-25T08:52:39Z,2007,0.07957208351716433,0.0221602247226054,0.037897262320080304,0.0010571288861743618
3162,24025,24026,3162,m12-2-9,2026-07-25T08:52:39Z,2008,0.07219531764474983,-0.07075299936403287,0.03217143174896167,0.014428786132439536
3162,24025,24026,3162,m12-2-9,2026-07-25T08:52:39Z,2009,0.08636394627181307,0.017325135568070592,-0.03467625568573661,-0.05653956684258044
3162,24025,24026,3162,m12-2-9,2026-07-25T08:52:39Z,2010,0.07660467139897942,0.03428488755443633,0.13916659957888863,-0.02941480658556096
3162,24025,24026,3162,m12-2-9,2026-07-25T08:52:39Z,2011,0.08493495691149801,-0.05307319440360902,0.009547375385561975,0.021241572060842172
3162,24025,24026,3162,m12-2-9,2026-07-25T08:52:39Z,2012,0.08165493867822907,0.008557202993859021,0.057549420391991485,0.005243023643523256
3162,24025,24026,3162,m12-2-9,2026-07-25T08:52:39Z,2013,0.07821124265366917,0.03979460540668981,0.04131230653562462,0.04703985682546267
3162,24025,24026,3162,m12-2-9,2026-07-25T08:52:39Z,2014,0.06841093660558134,-0.05135200814320212,0.06692964084291415,0.017683931932287955
3162,24025,24026,3162,m12-2-9,2026-07-25T08:52:39Z,2015,0.06720847443443732,-0.05639896186877113,0.04930488792674973,-0.00036399948927469194
3162,24025,24026,3162,m12-2-9,2026-07-25T08:52:39Z,2016,0.07309350232340486,-0.09725474466247025,0.0038396937079491636,0.022596425161114334
3162,24025,24026,3162,m12-2-9,2026-07-25T08:52:39Z,2017,0.0788822874061294,0.0800343073961841,0.005318851612780225,-0.019023409436477377
3162,24025,24026,3162,m12-2-9,2026-07-25T08:52:39Z,2018,0.09042645578398921,-0.01097358430318213,-0.009183768360983254,0.014188237183898767
3162,24025,24026,3162,m12-2-9,2026-07-25T08:52:39Z,2019,0.07296749003238243,0.015889555793093587,0.03270844295831904,0.1118881654085914
3162,24025,24026,3162,m12-2-9,2026-07-25T08:52:39Z,2020,0.08015125761710233,0.022238899943451636,0.046830190340772244,-0.0017029606891822936
3162,24025,24026,3162,m12-2-9,2026-07-25T08:52:39Z,2021,0.08256904358945513,-0.04352482754412046,0.01584624334914424,0.024682011440546037
3162,24025,24026,3162,m12-2-9,2026-07-25T08:52:39Z,2022,0.0716703196647602,0.0017640154281859538,0.06939693120436449,-0.04055106996535454
3162,24025,24026,3162,m12-2-9,2026-07-25T08:52:39Z,2023,0.08927514503561353,-0.013065744394852863,-0.017567428403924605,-0.04657401446084968
3162,24025,24026,3162,m12-2-9,2026-07-25T08:52:39Z,2024,0.07632818518106647,0.0770695252038775,-0.021024745168935818,0.014942891465400112
3162,24025,24026,3162,m12-2-9,2026-07-25T08:52:39Z,2025,0.07770619288057076,-0.014261613424787847,-0.07534962745685972,0.0013305352254467406
3162,24025,24026,3162,m12-2-9,2026-07-25T08:52:39Z,2026,0.08662176749671226,0.017722595374321106,-0.03205242356502591,-0.00850200660374423
3162,24025,24026,3162,m12-2-9,2026-07-25T08:52:39Z,2027,0.07266200019668397,0.019559963552443854,0.03889308076158117,-0.07113791795406464
3162,24025,24026,3162,m12-2-9,2026-07-25T08:52:39Z,2028,0.069220118170678,0.0098240344106258,-0.028370596741795363,0.07889403981127328
3162,24025,24026,3162,m12-2-9,2026-07-25T08:52:39Z,2029,0.09252415084656498,0.01022418223901012,0.028334341455849094,0.01164359707672479
3162,24025,24026,3162,m12-2-9,2026-07-25T08:52:39Z,2030,0.08457176497585189,0.009524939709986892,0.02340674357715934,0.03004834095476398
3162,24025,24026,3162,m12-2-9,2026-07-25T08:52:39Z,2031,0.08485701367958343,-0.014718229498312183,0.018448971805490485,-0.032982518383403665
3162,24025,24026,3162,m12-2-9,2026-07-25T08:52:39Z,2032,0.07173817323263948,-0.05228414810235674,-0.016352541617377658,0.06540499718947289
3162,24025,24026,3162,m12-2-9,2026-07-25T08:52:39Z,2033,0.06314126921244674,-0.06109924096337612,0.030674896500779484,-0.06629365800387194
3162,24025,24026,3162,m12-2-9,2026-07-25T08:52:39Z,2034,0.06328198335160476,0.01676907064573786,0.031208898714813155,0.07920369941429567
3162,24025,24026,3162,m12-2-9,2026-07-25T08:52:39Z,2035,0.08738649443132776,0.014417192375871142,0.0143361983569243,0.03476337202146714
3162,24025,24026,3162,m12-2-9,2026-07-25T08:52:39Z,2036,0.06715344972761171,-0.07862448696980849,0.006213984876124525,-0.05499328602355186
3162,24025,24026,3162,m12-2-9,2026-07-25T08:52:39Z,2037,0.06385544630172918,-0.06473470707144713,0.06050252034981539,-0.007505062804463468
3162,24025,24026,3162,m12-2-9,2026-07-25T08:52:39Z,2038,0.06455595782318266,-0.008220449845141616,-0.06889283427676482,0.08247800274226874
3162,24025,24026,3162,m12-2-9,2026-07-25T08:52:39Z,2039,0.08973069870739706,-0.007026088952365235,-0.0068642928927952086,0.027548817949743332
3162,24025,24026,3162,m12-2-9,2026-07-25T08:52:39Z,2040,0.06814075820601034,0.06004017582724226,-0.02722629866785319,0.03709346598895324
3162,24025,24026,3162,m12-2-9,2026-07-25T08:52:39Z,2041,0.08596207197368837,0.03821106652210013,-0.018126034096967954,-0.042440192486406056
3162,24025,24026,3162,m12-2-9,2026-07-25T08:52:39Z,2042,0.06854137675029787,-0.047787146620770896,0.0113168875812379,0.06551728467329468
3162,24025,24026,3162,m12-2-9,2026-07-25T08:52:39Z,2043,0.07223566440624911,0.02576135308319532,0.08991833935497447,0.001502924611138996
3162,24025,24026,3162,m12-2-9,2026-07-25T08:52:39Z,2044,0.08295943754682321,-0.012003901367003264,0.022795833641558794,0.03424521525726161
3162,24025,24026,3162,m12-2-9,2026-07-25T08:52:39Z,2045,0.07337412910306687,-0.0661810478534185,-0.029707339162128497,0.05316634309909608
3162,24025,24026,3162,m12-2-9,2026-07-25T08:52:39Z,2046,0.08404006649088186,-0.018972725590243884,0.0495324722174647,0.0370438314748239
3162,24025,24026,3162,m12-2-9,2026-07-25T08:52:39Z,2047,0.0920818337456021,-0.013634140539609558,-0.011767756635307994,0.010327075452618616
3162,24025,24026,3162,m12-2-9,2026-07-25T08:52:39Z,2048,0.07042568591196574,-0.0557856477029461,-0.039093919747954585,0.06788975740619098
3162,24025,24026,3162,m12-2-9,2026-07-25T08:52:39Z,2049,0.06007785806570424,-0.06176585721766195,-0.06749653363984745,0.006814922247453458
3162,24025,24026,3162,m12-2-9,2026-07-25T08:52:39Z,2050,0.06388608555165241,-0.08067994470449474,0.04170414337991397,-0.0062945348087689035
3162,24025,24026,3162,m12-2-9,2026-07-25T08:52:39Z,2051,0.07758669135657668,-0.033038977969827306,-0.05707121237372434,-0.023923696782138754
3162,24025,24026,3162,m12-2-9,2026-07-25T08:52:39Z,2052,0.06913144764858596,-0.07828435607790502,0.03145583216473551,-0.01629667211084022
3162,24025,24026,3162,m12-2-9,2026-07-25T08:52:39Z,2053,0.05827962940298215,0.03332644844174295,-0.013946767674485721,0.06656541709103442
3162,24025,24026,3162,m12-2-9,2026-07-25T08:52:39Z,2054,0.07331586200400562,0.04464160716252727,0.014148741485742957,0.06303360085620716
3162,24025,24026,3162,m12-2-9,2026-07-25T08:52:39Z,2055,0.08583916831517677,-0.04639048156545623,0.018396342426191575,0.01621493049532604
3162,24025,24026,3162,m12-2-9,2026-07-25T08:52:39Z,2056,0.07859032699338166,-0.00656958397138997,-0.013357397376268695,0.08172029290908368
3162,24025,24026,3162,m12-2-9,2026-07-25T08:52:39Z,2057,0.06139818778526082,0.06512660022531844,-0.02606963492036612,0.05200363203129026
3162,24025,24026,3162,m12-2-9,2026-07-25T08:52:39Z,2058,0.06654784550474417,-0.04892388341036258,0.010108430620013114,-0.06035341124224339
3162,24025,24026,3162,m12-2-9,2026-07-25T08:52:39Z,2059,0.07006219378879058,0.03530029232512617,0.0036201090306991015,-0.06306451423683922
3162,24025,24026,3162,m12-2-9,2026-07-25T08:52:39Z,2060,0.07802960941585711,0.05445761399362098,0.049691598093163064,-0.006253535752885189
3162,24025,24026,3162,m12-2-9,2026-07-25T08:52:39Z,2061,0.062023399840517725,0.08008504567650082,0.049823420056574544,0.0004971123824506543
3162,24025,24026,3162,m12-2-9,2026-07-25T08:52:39Z,2062,0.07051618478384696,0.04302992297636827,-0.06539411160705154,-0.034171442869623675
3162,24025,24026,3162,m12-2-9,2026-07-25T08:52:39Z,2063,0.08103108448044953,-0.1044170372209898,-0.040283339418037106,-0.10948889650296492
3162,24025,24026,3162,m12-2-9,2026-07-25T08:52:39Z,2064,0.07452877942105607,-0.03093564987657024,0.011737084499574607,0.10334919559860434
3162,24025,24026,3162,m12-2-9,2026-07-25T08:52:39Z,2065,0.07456477254770531,-0.006280418305080725,-0.07615885331843128,-0.042200249214780196
3162,24025,24026,3162,m12-2-9,2026-07-25T08:52:39Z,2066,0.07188400527099992,-0.06087487864575246,0.0366553034630365,-0.02504598517479165
3162,24025,24026,3162,m12-2-9,2026-07-25T08:52:39Z,2067,0.08294990554099449,-0.015848607652848568,-0.025186767895510682,-0.049051679514084075
3162,24025,24026,3162,m12-2-9,2026-07-25T08:52:39Z,2068,0.06192155446144439,0.14786089981321002,0.2802128117782589,0.39624872258851873
3162,24025,24026,3162,m12-2-9,2026-07-25T08:52:39Z,2069,0.058638955370987914,0.040344958063546495,-0.06616565550881147,0.03804594376944967
3162,24025,24026,3162,m12-2-9,2026-07-25T08:52:39Z,2070,0.06273787761867712,-0.03658673813697557,-0.06519310461680655,-0.016420360170770587
3162,24025,24026,3162,m12-2-9,2026-07-25T08:52:39Z,2071,0.07803880725223675,0.06336487665500747,-0.019702857798880702,-0.0025584237630727753
3162,24025,24026,3162,m12-2-9,2026-07-25T08:52:39Z,2072,0.07105231038275256,-0.08900689320702032,0.01322766768303669,-0.0003785058928206057
3162,24025,24026,3162,m12-2-9,2026-07-25T08:52:39Z,2073,0.06371231153686863,-0.07221733262321964,0.006192006856125239,0.05091166049900078
3162,24025,24026,3162,m12-2-9,2026-07-25T08:52:39Z,2074,0.07297291154910099,0.05144177647781927,-0.047675452310959134,0.006461099333290153
3162,24025,24026,3162,m12-2-9,2026-07-25T08:52:39Z,2075,0.08058290759412162,-0.04912579631975506,-0.027294338992332585,-0.031487020974252114
3162,24025,24026,3162,m12-2-9,2026-07-25T08:52:39Z,2076,0.06254567204059212,-0.026792611622627183,-0.047139219895369414,0.07714466262728632
3162,24025,24026,3162,m12-2-9,2026-07-25T08:52:39Z,2077,0.07545053422188533,0.012500854681803692,-0.07140290376540402,0.002171702474736337
3162,24025,24026,3162,m12-2-9,2026-07-25T08:52:39Z,2078,0.0848011092359748,-0.01349784971687222,-0.04789676162126223,-0.04179620237188969
3162,24025,24026,3162,m12-2-9,2026-07-25T08:52:39Z,2079,0.0713183559241846,-0.003977865032503383,0.08542621902937009,-0.03316383869861228
3162,24025,24026,3162,m12-2-9,2026-07-25T08:52:39Z,2080,0.0774991368311558,-0.01561642975022269,-0.016365064123608362,-0.07140543147665064
3162,24025,24026,3162,m12-2-9,2026-07-25T08:52:39Z,2081,0.08872910785145072,-0.014161131331693637,-0.035539000463627964,-0.003771320739439189
3162,24025,24026,3162,m12-2-9,2026-07-25T08:52:39Z,2082,0.07955508995750654,0.04859018653531953,0.03140008550535069,0.029862616065152586
3162,24025,24026,3162,m12-2-9,2026-07-25T08:52:39Z,2083,0.0871705175561977,-0.024471760348100696,-0.011617876033453484,-0.04758841319960851
3162,24025,24026,3162,m12-2-9,2026-07-25T08:52:39Z,2084,0.08670078433560624,-0.045354303414643894,0.007468831177517029,-0.0017491584180874418
3162,24025,24026,3162,m12-2-9,2026-07-25T08:52:39Z,2085,0.059574728383917294,-0.022345042993694206,-0.06787364481419741,-0.03606061124291564
3162,24025,24026,3162,m12-2-9,2026-07-25T08:52:39Z,2086,0.069798512893577,0.0010088249392687812,0.07836195742409931,-0.020391844397473095
3162,24025,24026,3162,m12-2-9,2026-07-25T08:52:39Z,2087,0.08133962754148645,0.00011420692574837281,-0.018912418181246324,0.06729539322219934
3162,24025,24026,3162,m12-2-9,2026-07-25T08:52:39Z,2088,0.08169298194524678,-0.01129406673158969,-0.03335737869558654,0.08600827844955924
3162,24025,24026,3162,m12-2-9,2026-07-25T08:52:39Z,2089,0.09191707133684428,-0.004115324526141529,0.02738921422545603,0.018132668238086822
3162,24025,24026,3162,m12-2-9,2026-07-25T08:52:39Z,2090,0.07973889344032817,0.04179232587036232,-0.008304999380829473,-0.021428842151831065
3162,24025,24026,3162,m12-2-9,2026-07-25T08:52:39Z,2091,0.06783565510418396,-0.0715119259612871,0.014337924556177991,0.052744537208506276
3162,24025,24026,3162,m12-2-9,2026-07-25T08:52:39Z,2092,0.08146551224326279,0.02533596130892496,0.01670141359521009,0.0041771022553284175
3162,24025,24026,3162,m12-2-9,2026-07-25T08:52:39Z,2093,0.0836936368020193,0.12514572503735244,-0.026199282311962238,-0.1846948201395643
3162,24025,24026,3162,m12-2-9,2026-07-25T08:52:39Z,2094,0.07534228064990568,0.056107948735953345,-0.04307554794797167,-0.013094724254396702
3162,24025,24026,3162,m12-2-9,2026-07-25T08:52:39Z,2095,0.06998133889456082,0.02628321736086233,0.046364003654487604,-0.07325168151464496
3162,24025,24026,3162,m12-2-9,2026-07-25T08:52:39Z,2096,0.08825107552480123,0.022532399033708662,-0.06902185861699754,-0.017398375475236573
3162,24025,24026,3162,m12-2-9,2026-07-25T08:52:39Z,2097,0.07645194026561958,0.020480100626406414,0.05804909926894988,-0.05994475611269363
3162,24025,24026,3162,m12-2-9,2026-07-25T08:52:39Z,2098,0.058266830886088965,-0.022299732060678482,-0.05988306606874448,-0.05362188687795329
3162,24025,24026,3162,m12-2-9,2026-07-25T08:52:39Z,2099,0.08087973360897975,0.033109241430331754,-0.0742968742133869,0.062372625357427415
3162,24025,24026,3162,m12-2-9,2026-07-25T08:52:39Z,2100,0.0882531256008135,-0.02103507078662667,0.0023859755191108904,-0.032783689859638865
3162,24025,24026,3162,m12-2-9,2026-07-25T08:52:39Z,2101,0.09274285150419267,0.0015567281369012736,0.0007588436108315895,-0.006046237267645956
3162,24025,24026,3162,m12-2-9,2026-07-25T08:52:39Z,2102,0.05836448651012555,0.059285259082470496,0.051369189767443105,0.036569019372040906
3162,24025,24026,3162,m12-2-9,2026-07-25T08:52:39Z,2103,0.0764257399881126,0.0014090293184738794,-0.07403951504043377,-0.028057706691315104
3162,24025,24026,3162,m12-2-9,2026-07-25T08:52:39Z,2104,0.07196755662221514,0.031183854711490457,-0.061429332717505655,-0.03518427738948021
3162,24025,24026,3162,m12-2-9,2026-07-25T08:52:39Z,2105,0.08226204511271962,-0.01831153413457113,0.034231570428083086,0.07283476292375708
3162,24025,24026,3162,m12-2-9,2026-07-25T08:52:39Z,2106,0.07745373008778993,-0.0029647417407621776,-0.06728941097985913,0.010862671887308224
3162,24025,24026,3162,m12-2-9,2026-07-25T08:52:39Z,2107,0.08070080079527281,0.11813071957826686,0.002201566427497544,0.005529470631253716
3162,24025,24026,3162,m12-2-9,2026-07-25T08:52:39Z,2108,0.0864811803747479,-0.03918297659347725,0.017623695234673935,0.02159190818258354
3162,24025,24026,3162,m12-2-9,2026-07-25T08:52:39Z,2109,0.0648945777204919,0.07762755939974396,0.014028749144600748,0.0396667342244639
3162,24025,24026,3162,m12-2-9,2026-07-25T08:52:39Z,2110,0.07842277092395532,-0.030890175462509124,-0.015780827192766383,0.09492207482677892
3162,24025,24026,3162,m12-2-9,2026-07-25T08:52:39Z,2111,0.07886020687801076,0.02045573892942117,0.029666760155099472,-0.05027488096814732
3162,24025,24026,3162,m12-2-9,2026-07-25T08:52:39Z,2112,0.07784395711496016,0.003851477313595561,-0.028119772916003788,0.062268141534598295
3162,24025,24026,3162,m12-2-9,2026-07-25T08:52:39Z,2113,0.07690152498957137,-0.0594140642939215,0.028582683136032464,0.012458367631979522
3162,24025,24026,3162,m12-2-9,2026-07-25T08:52:39Z,2114,0.07768163954953608,-0.04308000811944541,-0.05221752515169634,0.06648785092514148
3162,24025,24026,3162,m12-2-9,2026-07-25T08:52:39Z,2115,0.06967194534004241,0.06638808610521646,-0.006096817604302314,-0.04175770348640455
3162,24025,24026,3162,m12-2-9,2026-07-25T08:52:39Z,2116,0.08382041591261963,0.030689421465589152,-0.006238771832492924,0.05169893582579261
3162,24025,24026,3162,m12-2-9,2026-07-25T08:52:39Z,2117,0.0722040207405046,0.004239112286828187,-0.01947980644994893,0.07813199741283916
3162,24025,24026,3162,m12-2-9,2026-07-25T08:52:39Z,2118,0.0753021873630991,-0.019350401121228277,-0.05614134832478978,0.000842122527007403
3162,24025,24026,3162,m12-2-9,2026-07-25T08:52:39Z,2119,0.05852839402457148,0.04145838736030881,0.04373597202403851,0.07037813197102692
3162,24025,24026,3162,m12-2-9,2026-07-25T08:52:39Z,2120,0.08733269932393928,-0.028252997592209474,-0.04336059458658126,-0.02566497215387788
3162,24025,24026,3162,m12-2-9,2026-07-25T08:52:39Z,2121,0.08499346948009243,0.02192408463167181,-0.000981789700488661,0.04888289989738899
3162,24025,24026,3162,m12-2-9,2026-07-25T08:52:39Z,2122,0.07671629036735321,0.02646511545574632,-0.01629739667472084,-0.06897961655211296
3162,24025,24026,3162,m12-2-9,2026-07-25T08:52:39Z,2123,0.06427232236865041,0.08584189528922631,0.07186983118458229,0.02711191271796389
3162,24025,24026,3162,m12-2-9,2026-07-25T08:52:39Z,2124,0.06885553652767609,0.02188542544561272,0.05370792849845201,0.00743449338095995
3162,24025,24026,3162,m12-2-9,2026-07-25T08:52:39Z,2125,0.08951095532415458,0.021879519193394727,-0.01698209755446692,0.02168261804665359
3162,24025,24026,3162,m12-2-9,2026-07-25T08:52:39Z,2126,0.08365126653688984,0.01439404689809128,-0.05017020521306509,0.006098052417721484
3162,24025,24026,3162,m12-2-9,2026-07-25T08:52:39Z,2127,0.07414055095478773,0.021629935240626653,-0.06765670291372684,-0.027678077601779413
3162,24025,24026,3162,m12-2-9,2026-07-25T08:52:39Z,2128,0.08739803153232492,0.027214649233868068,-0.029179051808445742,-0.04110470778231608
3162,24025,24026,3162,m12-2-9,2026-07-25T08:52:39Z,2129,0.0710522439396863,-0.010383459184063092,0.0923007395348155,0.013629825188109306
3162,24025,24026,3162,m12-2-9,2026-07-25T08:52:39Z,2130,0.07664385196672989,0.06329799918714452,0.03231581209088561,-0.011888259565457594
3162,24025,24026,3162,m12-2-9,2026-07-25T08:52:39Z,2131,0.059190826319548966,0.069736006047406,0.019884084232622536,-0.04811574954289049
3162,24025,24026,3162,m12-2-9,2026-07-25T08:52:39Z,2132,0.06284766318506588,0.003009275453902182,0.04250891312617589,0.07925498469074066
3162,24025,24026,3162,m12-2-9,2026-07-25T08:52:39Z,2133,0.05929626182747462,0.02593131714557346,-0.07125498898780024,-0.03685302897901616
3162,24025,24026,3162,m12-2-9,2026-07-25T08:52:39Z,2134,0.06871017600727214,-0.044608806834784784,0.04324975712668514,0.08118205636371663
3162,24025,24026,3162,m12-2-9,2026-07-25T08:52:39Z,2135,0.08158613260859211,-0.009488785001216915,0.04935846359084175,0.029585090167983018
3162,24025,24026,3162,m12-2-9,2026-07-25T08:52:39Z,2136,0.06966268720896393,0.05285370407288822,0.05474755574185006,0.005731336183809462
3162,24025,24026,3162,m12-2-9,2026-07-25T08:52:39Z,2137,0.07717071101185188,0.03551603227418395,-0.003956303449265989,-0.057270318866081006
3162,24025,24026,3162,m12-2-9,2026-07-25T08:52:39Z,2138,0.07560572857335918,0.04974696740406137,-0.056447447665722565,0.010482176643368963
3162,24025,24026,3162,m12-2-9,2026-07-25T08:52:39Z,2139,0.07226420698069376,-0.055670118099645505,0.025239416469452585,-0.058451754669752824
3162,24025,24026,3162,m12-2-9,2026-07-25T08:52:39Z,2140,0.06664849640649104,0.04092049009115652,0.012967659786078745,-0.0033849674446286815
3162,24025,24026,3162,m12-2-9,2026-07-25T08:52:39Z,2141,0.06353650978701217,0.08882541279978362,-0.04818130748832155,-0.0726415318201235
3162,24025,24026,3162,m12-2-9,2026-07-25T08:52:39Z,2142,0.0746942202695784,0.02308989276237494,-0.009222781615335442,0.08077597641134199
3162,24025,24026,3162,m12-2-9,2026-07-25T08:52:39Z,2143,0.06522916599557294,-0.0689571682495979,0.02666816187215164,-0.059479728548508304
3162,24025,24026,3162,m12-2-9,2026-07-25T08:52:39Z,2144,0.07231356115099458,0.07405340769248404,0.03053920826361931,-0.006792270836183354
3162,24025,24026,3162,m12-2-9,2026-07-25T08:52:39Z,2145,0.05961185257775339,-0.07031483007511921,-0.03688386859816333,-0.019081320381304556
3162,24025,24026,3162,m12-2-9,2026-07-25T08:52:39Z,2146,0.08599991085540841,-0.0239394724902417,-0.054615552169011775,-0.0040408484024126645
3162,24025,24026,3162,m12-2-9,2026-07-25T08:52:39Z,2147,0.06330642033640801,0.029664018089207142,-0.09761491445599611,0.02961612564879098
3162,24025,24026,3162,m12-2-9,2026-07-25T08:52:39Z,2148,0.06994493424423312,-0.013948734918913026,0.08411077673401779,-0.005886169639895492
3162,24025,24026,3162,m12-2-9,2026-07-25T08:52:39Z,2149,0.09038578549347821,0.02210836099351227,-0.009273349329616754,-0.009485871348747078
3162,24025,24026,3162,m12-2-9,2026-07-25T08:52:39Z,2150,0.06427862091261384,-0.07408417672590191,0.019758067458229018,-0.05042732939258154
3162,24025,24026,3162,m12-2-9,2026-07-25T08:52:39Z,2151,0.07604834649931665,-0.05041524642525223,0.035659374421336563,0.01005110013932051
3162,24025,24026,3162,m12-2-9,2026-07-25T08:52:39Z,2152,0.08617396048017312,-0.01555307841614481,0.04792861053377961,-0.0018395117952764817
3162,24025,24026,3162,m12-2-9,2026-07-25T08:52:39Z,2153,0.07083781703527124,-0.08967324555907868,0.027148674381368455,-0.008865734801895132
3162,24025,24026,3162,m12-2-9,2026-07-25T08:52:39Z,2154,0.06836475855947996,-0.006853035510223306,0.041505765637954856,-0.08818151430694134
3162,24025,24026,3162,m12-2-9,2026-07-25T08:52:39Z,2155,0.08693114570503148,0.03610368266361268,0.005790938396077328,-0.013318073811415152
3162,24025,24026,3162,m12-2-9,2026-07-25T08:52:39Z,2156,0.06690190697191183,0.02191882067149241,0.07582855951628392,-0.05068720299832188
3162,24025,24026,3162,m12-2-9,2026-07-25T08:52:39Z,2157,0.08282992594222287,-0.04535649509010664,-0.029566324712805552,-0.021795613059108508
3162,24025,24026,3162,m12-2-9,2026-07-25T08:52:39Z,2158,0.0784596448983202,-0.059450951284103395,0.01028881745380513,-0.028747037263683994
3162,24025,24026,3162,m12-2-9,2026-07-25T08:52:39Z,2159,0.07736911700519761,-0.05264052992507932,0.03954296921644434,-0.005640490815697378
3162,24025,24026,3162,m12-2-9,2026-07-25T08:52:39Z,2160,0.054509010289175534,0.04347659610717163,0.05912253991138688,0.04120361130261386
3162,24025,24026,3162,m12-2-9,2026-07-25T08:52:39Z,2161,0.06557257836738795,-0.04837352739524093,0.055988820069178824,0.05106039359653667
3162,24025,24026,3162,m12-2-9,2026-07-25T08:52:39Z,2162,0.07214822367146266,-0.017582570743096663,-0.046411397052451626,0.06713559209736021
3162,24025,24026,3162,m12-2-9,2026-07-25T08:52:39Z,2163,0.07450646901205851,-0.040632456017518824,0.034928652432795367,-0.058501347651895574
3162,24025,24026,3162,m12-2-9,2026-07-25T08:52:39Z,2164,0.06909909065570712,-0.06677748013188838,-0.04586448270885554,-0.10954962311074568
3162,24025,24026,3162,m12-2-9,2026-07-25T08:52:39Z,2165,0.07303416374637589,0.08071139671166659,0.008295655737539431,-0.021467945773461772
3162,24025,24026,3162,m12-2-9,2026-07-25T08:52:39Z,2166,0.07466082149381824,-0.044882698675281295,0.05189258132828901,0.013071205137089136
3162,24025,24026,3162,m12-2-9,2026-07-25T08:52:39Z,2167,0.06848318624798796,-0.020294538545355262,0.034660518084700165,-0.09877449829005644
3162,24025,24026,3162,m12-2-9,2026-07-25T08:52:39Z,2168,0.062013392089134645,-0.07679274585377678,-0.036055704292391265,0.03688392529439469
3162,24025,24026,3162,m12-2-9,2026-07-25T08:52:39Z,2169,0.07349691335505455,0.05952577888186011,-0.05249758260665546,-0.008291563619276318
3162,24025,24026,3162,m12-2-9,2026-07-25T08:52:39Z,2170,0.06814955453408511,0.0638420119423131,0.03791320242305161,-0.028501272926068855
3162,24025,24026,3162,m12-2-9,2026-07-25T08:52:39Z,2171,0.06437765372841504,0.08641706784332845,0.018322737185129438,-0.030273228468422238
3162,24025,24026,3162,m12-2-9,2026-07-25T08:52:39Z,2172,0.06549508828634554,-0.029782118736375145,-0.02833893102133488,0.08319868543421018
3162,24025,24026,3162,m12-2-9,2026-07-25T08:52:39Z,2173,0.07272142112068052,-0.009527240782618537,-0.0739327911799348,-0.03674219955180942
3162,24025,24026,3162,m12-2-9,2026-07-25T08:52:39Z,2174,0.05686336531942172,0.0421387183803691,0.038369666832673004,0.0705012665334806
3162,24025,24026,3162,m12-2-9,2026-07-25T08:52:39Z,2175,0.07716263040760571,-0.01066381440547937,0.050207169371500805,-0.05902509143178991
3162,24025,24026,3162,m12-2-9,2026-07-25T08:52:39Z,2176,0.06859694814822254,0.013583695128272122,-0.040095262796646186,0.057339806211816245
3162,24025,24026,3162,m12-2-9,2026-07-25T08:52:39Z,2177,0.0774692008820906,-0.0012451507470609404,0.0758537078956375,0.0038624935983417375
3162,24025,24026,3162,m12-2-9,2026-07-25T08:52:39Z,2178,0.07734310170280796,0.08148970242005829,0.020693248111806072,0.016250532962930744
3162,24025,24026,3162,m12-2-9,2026-07-25T08:52:39Z,2179,0.08032345621805204,-0.07670262054170623,0.02031013182016591,0.011972461839856468
3162,24025,24026,3162,m12-2-9,2026-07-25T08:52:39Z,2180,0.08922494357830825,0.015860705253037677,0.034772395231023955,0.013901367682362994
3162,24025,24026,3162,m12-2-9,2026-07-25T08:52:39Z,2181,0.07603101690216216,0.05234969398914487,-0.00729567910121868,-0.04399127941393318
3162,24025,24026,3162,m12-2-9,2026-07-25T08:52:39Z,2182,0.07349056051406765,-0.055990566419723845,0.019915489674367678,0.04840072739285009
3162,24025,24026,3162,m12-2-9,2026-07-25T08:52:39Z,2183,0.07978569008899154,0.04533344465041911,-0.03103138411510563,-0.01726373940411806
3162,24025,24026,3162,m12-2-9,2026-07-25T08:52:39Z,2184,0.09234604472010295,-0.007872745845811617,0.015233377732810829,0.000943472603272859
3162,24025,24026,3162,m12-2-9,2026-07-25T08:52:39Z,2185,0.07620784767908849,-0.017318518499751266,0.08914791550679506,0.033127286145703205
3162,24025,24026,3162,m12-2-9,2026-07-25T08:52:39Z,2186,0.06780982737359725,-0.0025615986542250543,0.051582945679988,-0.045057204479295544
3162,24025,24026,3162,m12-2-9,2026-07-25T08:52:39Z,2187,0.06038033106644145,0.07282580427593331,0.07985685021010257,-0.06663012224798644
3162,24025,24026,3162,m12-2-9,2026-07-25T08:52:39Z,2188,0.05300933876149993,-0.045330876377790194,-0.03890830486716074,0.04663655512197482
3162,24025,24026,3162,m12-2-9,2026-07-25T08:52:39Z,2189,0.0592590983380184,0.06478695988679004,0.007304423532647541,0.06057862113512755
3162,24025,24026,3162,m12-2-9,2026-07-25T08:52:39Z,2190,0.07886246454587857,-0.00497177241886598,0.035412896065486164,-0.07124838464636356
3162,24025,24026,3162,m12-2-9,2026-07-25T08:52:39Z,2191,0.08342625361038288,-0.055670009776615154,0.02679254702257818,0.01235862215419689
3162,24025,24026,3162,m12-2-9,2026-07-25T08:52:39Z,2192,0.07772523499507808,-0.00861060315486618,-0.08306840252377558,-0.009376689414729267
3162,24025,24026,3162,m12-2-9,2026-07-25T08:52:39Z,2193,0.07640239776680342,-0.07422709619413698,-0.10833403289533712,0.07969668698042551
3162,24025,24026,3162,m12-2-9,2026-07-25T08:52:39Z,2194,0.07946102084838201,-0.06298472546196707,0.010330851494146576,-0.0061147027690099725
3162,24025,24026,3162,m12-2-9,2026-07-25T08:52:39Z,2195,0.06782354059367314,-0.002087844556846415,-0.041070128334835816,-0.08679349912922042
3162,24025,24026,3162,m12-2-9,2026-07-25T08:52:39Z,2196,0.07446077563663235,0.04988409362457721,-0.037228583065806675,-0.010798289148219632
3162,24025,24026,3162,m12-2-9,2026-07-25T08:52:39Z,2197,0.07617395608960725,0.055140028994362794,0.010136489903992341,-0.1045994513223697
3162,24025,24026,3162,m12-2-9,2026-07-25T08:52:39Z,2198,0.06444520461458403,0.08121986874730139,0.016333427640809646,-0.03932252945596799
3162,24025,24026,3162,m12-2-9,2026-07-25T08:52:39Z,2199,0.06735363523874259,-0.04245793742747314,0.03135061515507646,-0.08340670243381182
3162,24025,24026,3162,m12-2-9,2026-07-25T08:52:39Z,2200,0.05750224869471272,-0.04176079846301357,0.06739315139822465,-0.04628299155909049
3162,24025,24026,3162,m12-2-9,2026-07-25T08:52:39Z,2201,0.07228193724676157,0.037318166964222986,0.11591571647155204,-0.018823755706921547
3162,24025,24026,3162,m12-2-9,2026-07-25T08:52:39Z,2202,0.059452569948796344,0.061937840808941075,0.057894251427098004,-0.016385520568373106
3162,24025,24026,3162,m12-2-9,2026-07-25T08:52:39Z,2203,0.0804940547713003,0.0576378776072468,-0.029266838323172485,0.05530821237227016
3162,24025,24026,3162,m12-2-9,2026-07-25T08:52:39Z,2204,0.06405595641114714,0.07576458369238454,0.04019930989199747,-0.0034220052876701972
3162,24025,24026,3162,m12-2-9,2026-07-25T08:52:39Z,2205,0.06522898435792354,-0.03163463442236739,-0.040852067022652115,-0.05047179478476918
3162,24025,24026,3162,m12-2-9,2026-07-25T08:52:39Z,2206,0.08222832121102933,0.12007915271227787,-0.012017213591366035,0.02960048565946806
3162,24025,24026,3162,m12-2-9,2026-07-25T08:52:39Z,2207,0.05849144198255388,-0.03359295979634628,0.06673443039202742,0.04945154046703931
3162,24025,24026,3162,m12-2-9,2026-07-25T08:52:39Z,2208,0.07265352157940802,-0.09202122171575651,0.001396508557898575,-0.0016089822166893842
3162,24025,24026,3162,m12-2-9,2026-07-25T08:52:39Z,2209,0.05685278959426789,0.0479215934067184,-0.03369136516147759,0.054210352007814246
3162,24025,24026,3162,m12-2-9,2026-07-25T08:52:39Z,2210,0.0920936330513068,0.005014368720410419,0.015030231304981982,-0.016519335199839013
3162,24025,24026,3162,m12-2-9,2026-07-25T08:52:39Z,2211,0.07849205096867301,-0.04561706052470214,0.0020389070086535145,-0.051576502729847575
3162,24025,24026,3162,m12-2-9,2026-07-25T08:52:39Z,2212,0.07920816982930581,0.034556326566809834,-0.022467727178235725,-0.05363694648489183
3162,24025,24026,3162,m12-2-9,2026-07-25T08:52:39Z,2213,0.07007958460239455,-0.011318180297256425,0.0864241567897373,-0.02537089103300534
3162,24025,24026,3162,m12-2-9,2026-07-25T08:52:39Z,2214,0.06122244332591702,-0.07001221892773103,-0.028058647615057015,0.04851812482293924
3162,24025,24026,3162,m12-2-9,2026-07-25T08:52:39Z,2215,0.06901249208694095,0.020911601647599302,-0.07230546339734571,0.03175329575629969
3162,24025,24026,3162,m12-2-9,2026-07-25T08:52:39Z,2216,0.08650452062028315,0.018239837708484752,0.028175786462689808,-0.03330096098863315
3162,24025,24026,3162,m12-2-9,2026-07-25T08:52:39Z,2217,0.07821847925128499,0.021936834170124746,0.01641075320776131,0.07618426504064474
3162,24025,24026,3162,m12-2-9,2026-07-25T08:52:39Z,2218,0.08076709536653227,0.046240812095188585,-0.022840196229501716,-0.031078628459226473
3162,24025,24026,3162,m12-2-9,2026-07-25T08:52:39Z,2219,0.0735977519639257,-0.01904193445571961,0.05106771421815732,-0.05333992737798476
3162,24025,24026,3162,m12-2-9,2026-07-25T08:52:39Z,2220,0.060452950586521864,-0.007706255506775861,-0.23288014579911667,-0.37459897227551686
3162,24025,24026,3162,m12-2-9,2026-07-25T08:52:39Z,2221,0.07638618464774886,-0.06306073874902285,0.014314931990185457,0.013133020958155802
3162,24025,24026,3162,m12-2-9,2026-07-25T08:52:39Z,2222,0.07916776836055214,0.023263463185873655,0.0504582320111795,0.01874641440865318
3162,24025,24026,3162,m12-2-9,2026-07-25T08:52:39Z,2223,0.06454126516519133,-0.04349591981271661,0.05429042695217625,0.06497646228393304
3162,24025,24026,3162,m12-2-9,2026-07-25T08:52:39Z,2224,0.0612250485621387,0.046026025306616605,-0.04966805160379944,-0.05377941838150046
3162,24025,24026,3162,m12-2-9,2026-07-25T08:52:39Z,2225,0.0824721582099546,0.011867694746909286,0.03353535463105315,0.09280428270504704
3162,24025,24026,3162,m12-2-9,2026-07-25T08:52:39Z,2226,0.0663915227030094,0.011093512259873975,0.05668995983396512,0.05735710917960533
3162,24025,24026,3162,m12-2-9,2026-07-25T08:52:39Z,2227,0.07279190800055883,0.03759659825441933,-0.046361248302304515,-0.04755372746173089
3162,24025,24026,3162,m12-2-9,2026-07-25T08:52:39Z,2228,0.0655894891024727,-0.13164004510683433,-0.0868924948971244,-0.07266988650091998
3162,24025,24026,3162,m12-2-9,2026-07-25T08:52:39Z,2229,0.07438719221200565,-0.06243819715137516,-0.053089119306881136,-0.007778030185594319
3162,24025,24026,3162,m12-2-9,2026-07-25T08:52:39Z,2230,0.07790051305347169,0.07743464019192138,0.0077330045595985,-0.007850470802898479
3162,24025,24026,3162,m12-2-9,2026-07-25T08:52:39Z,2231,0.06885876127978816,-0.04726973622461749,-0.046636378468485055,-0.017455165112484967
3162,24025,24026,3162,m12-2-9,2026-07-25T08:52:39Z,2232,0.07066910607960061,0.0053070105736564375,-0.07068475277195693,0.018886607730634743
3162,24025,24026,3162,m12-2-9,2026-07-25T08:52:39Z,2233,0.08885923039096905,-0.03498236086332848,0.007965461760039122,0.0007701140569110118
3162,24025,24026,3162,m12-2-9,2026-07-25T08:52:39Z,2234,0.056793029917128764,0.04209088428083826,0.05813000425330922,0.06143252813102143
3162,24025,24026,3162,m12-2-9,2026-07-25T08:52:39Z,2235,0.07544882630208125,-0.11109138808342549,0.0679315466724204,0.0015444063947662428
3162,24025,24026,3162,m12-2-9,2026-07-25T08:52:39Z,2236,0.07199533056936808,0.07180255199774804,-0.007862374390254043,0.03222338965975018
3162,24025,24026,3162,m12-2-9,2026-07-25T08:52:39Z,2237,0.07126793181423587,0.03301425629157991,-0.052877292837633386,-0.05039929870950124
3162,24025,24026,3162,m12-2-9,2026-07-25T08:52:39Z,2238,0.054917457938099656,0.05098095829692977,0.04310757275168115,-0.04368774918301197
3162,24025,24026,3162,m12-2-9,2026-07-25T08:52:39Z,2239,0.06254762794974457,-0.06934260172876364,-0.02966064339260836,-0.05344348309630269
3162,24025,24026,3162,m12-2-9,2026-07-25T08:52:39Z,2240,0.08027136804549265,0.02262029419611377,-0.05483605585007667,-0.0007728344456136105
3162,24025,24026,3162,m12-2-9,2026-07-25T08:52:39Z,2241,0.07266056888208514,0.033095898593926136,-0.018585629613048358,-0.0600872797729848
3162,24025,24026,3162,m12-2-9,2026-07-25T08:52:39Z,2242,0.08719429274293883,-0.027624081467452283,0.004982858833690324,-0.01738045788380612
3162,24025,24026,3162,m12-2-9,2026-07-25T08:52:39Z,2243,0.08218452925295924,0.023547487239737316,0.022332681053720452,-0.042297236094156816
3162,24025,24026,3162,m12-2-9,2026-07-25T08:52:39Z,2244,0.06944354871460238,-0.038823732805566495,-0.01898106658658583,-0.06637890018221364
3162,24025,24026,3162,m12-2-9,2026-07-25T08:52:39Z,2245,0.06334386556945817,-0.014126996661816948,-0.07458052261370443,-0.024817855700647776
3162,24025,24026,3162,m12-2-9,2026-07-25T08:52:39Z,2246,0.06728391234334116,-0.17970352107267368,0.04626206620800625,0.08609370326395929
3162,24025,24026,3162,m12-2-9,2026-07-25T08:52:39Z,2247,0.0678028745422261,-0.05945526942078575,0.01581062899284094,0.07346642767126013
3162,24025,24026,3162,m12-2-9,2026-07-25T08:52:39Z,2248,0.058079870875806676,0.031162692868172925,0.05167966805768861,-0.06420416465485439
3162,24025,24026,3162,m12-2-9,2026-07-25T08:52:39Z,2249,0.0674469890489527,-0.05039219023956151,-0.0036250846187894396,0.06996787379758239
3162,24025,24026,3162,m12-2-9,2026-07-25T08:52:39Z,2250,0.07456273398365706,0.029145140707887113,0.05388956685737976,0.014642930439133986
3162,24025,24026,3162,m12-2-9,2026-07-25T08:52:39Z,2251,0.06913776530293203,0.09304953583075574,-0.01655766236826406,0.0038512468629439307
3162,24025,24026,3162,m12-2-9,2026-07-25T08:52:39Z,2252,0.0819864190434271,0.02311619290918769,-0.03363751411527321,-0.07554420532203121
3162,24025,24026,3162,m12-2-9,2026-07-25T08:52:39Z,2253,0.08707634198288543,0.010880399775992668,0.054749038968017444,0.021408296108324492
3162,24025,24026,3162,m12-2-9,2026-07-25T08:52:39Z,2254,0.07549479368093019,-0.02429358437531453,-0.034666054377302497,0.05857662286163703
3162,24025,24026,3162,m12-2-9,2026-07-25T08:52:39Z,2255,0.08032299744862552,-0.017912780711437263,0.042163368388450514,-0.028885785727731008
3162,24025,24026,3162,m12-2-9,2026-07-25T08:52:39Z,2256,0.09066609550736889,0.0008950631375856935,-0.005403835575474116,-0.016574029207625605
3162,24025,24026,3162,m12-2-9,2026-07-25T08:52:39Z,2257,0.07109435103684274,0.011600684206179504,-0.00796587415154503,0.09666885254899954
3162,24025,24026,3162,m12-2-9,2026-07-25T08:52:39Z,2258,0.07046371654022736,-0.15824473542187523,0.06763084983367311,-0.017051891093255715
3162,24025,24026,3162,m12-2-9,2026-07-25T08:52:39Z,2259,0.06437074497719371,0.07634474075206017,-0.004568205370698042,0.06402872445226286
3162,24025,24026,3162,m12-2-9,2026-07-25T08:52:39Z,2260,0.09045244695019067,-0.026251527731633747,0.012451613774097208,0.01669819453384585
3162,24025,24026,3162,m12-2-9,2026-07-25T08:52:39Z,2261,0.09038346090148863,-0.02284626111535008,-0.01540395680763466,-0.002093756788497189
3162,24025,24026,3162,m12-2-9,2026-07-25T08:52:39Z,2262,0.07945799504676909,0.05306470367816338,-0.03309662348161094,-0.020783684269628476
3162,24025,24026,3162,m12-2-9,2026-07-25T08:52:39Z,2263,0.08732329938239669,-0.01668937607268017,0.020493500661029736,-0.03574919738188351
3162,24025,24026,3162,m12-2-9,2026-07-25T08:52:39Z,2264,0.08374558563714314,0.04518103831218438,0.03955590404130542,-0.004609252288063074
3162,24025,24026,3162,m12-2-9,2026-07-25T08:52:39Z,2265,0.07464270811166766,0.07182059436957774,-0.01593757480403303,0.03523569884275268
3162,24025,24026,3162,m12-2-9,2026-07-25T08:52:39Z,2266,0.07481725225026198,-0.055596025157443364,0.03755471859756694,-0.19197419085420667
3162,24025,24026,3162,m12-2-9,2026-07-25T08:52:39Z,2267,0.06375349539865721,0.07763942436627576,-0.04406129048195433,-0.00804871469575664
3162,24025,24026,3162,m12-2-9,2026-07-25T08:52:39Z,2268,0.07993502494970219,-0.004637124858034943,0.013713045299206573,0.08840081508650195
3162,24025,24026,3162,m12-2-9,2026-07-25T08:52:39Z,2269,0.07965969278527389,0.004040847204160863,0.06437954184711808,-0.02957215173936199
3162,24025,24026,3162,m12-2-9,2026-07-25T08:52:39Z,2270,0.06085440434314665,-0.06001006418315277,0.011643590970603935,-0.07508160146079561
3162,24025,24026,3162,m12-2-9,2026-07-25T08:52:39Z,2271,0.07528169531821513,-0.016353397589273885,0.06283305369735577,0.06217721957915906
3162,24025,24026,3162,m12-2-9,2026-07-25T08:52:39Z,2272,0.07129830538084077,-0.06453605094025915,-0.01842334912179968,-0.07625248402496791
3162,24025,24026,3162,m12-2-9,2026-07-25T08:52:39Z,2273,0.06465151265382327,-0.04910617968538447,0.037926999959397995,0.05130560103254212
3162,24025,24026,3162,m12-2-9,2026-07-25T08:52:39Z,2274,0.06848119509991096,-0.0906086212129556,-0.03862536068170474,0.00988491109239976
3162,24025,24026,3162,m12-2-9,2026-07-25T08:52:39Z,2275,0.09107089721503771,0.030262131171235822,-0.010801409360022869,0.038812813838482035
3162,24025,24026,3162,m12-2-9,2026-07-25T08:52:39Z,2276,0.07480965228332319,-0.009669411165817703,-0.07014346877477028,0.05054443588830617
3162,24025,24026,3162,m12-2-9,2026-07-25T08:52:39Z,2277,0.08316944597782339,0.026756994782288403,0.027631695220876173,0.050218245734562655
3162,24025,24026,3162,m12-2-9,2026-07-25T08:52:39Z,2278,0.0810649224185561,0.017589341576279192,-0.0585401315376562,0.004763488342358814
3162,24025,24026,3162,m12-2-9,2026-07-25T08:52:39Z,2279,0.06059366878769036,0.027942600719928413,-0.09027307160923934,0.06932435707036491
3162,24025,24026,3162,m12-2-9,2026-07-25T08:52:39Z,2280,0.08255770915475567,-0.013744591000418728,0.03138467527621119,-0.06429224520223245
3162,24025,24026,3162,m12-2-9,2026-07-25T08:52:39Z,2281,0.09102745179616173,0.006360233469824515,-0.02165878244259396,0.008075557426384793
3162,24025,24026,3162,m12-2-9,2026-07-25T08:52:39Z,2282,0.05983738289422659,-0.013654117702926044,-0.06364041773839788,-0.05013691136901484
3162,24025,24026,3162,m12-2-9,2026-07-25T08:52:39Z,2283,0.05436121338330222,-0.04778037072149102,0.05250771451675195,-0.03316108741727624
3162,24025,24026,3162,m12-2-9,2026-07-25T08:52:39Z,2284,0.06981692103630514,0.17118490641826276,0.034878660378374005,-0.005142616804387513
3162,24025,24026,3162,m12-2-9,2026-07-25T08:52:39Z,2285,0.07447672165301335,-0.02396920802480565,-0.04573937401441172,-0.04613163582402907
3162,24025,24026,3162,m12-2-9,2026-07-25T08:52:39Z,2286,0.07115433116449735,-0.08879788557744808,0.015067062086072796,0.015996752110203464
3162,24025,24026,3162,m12-2-9,2026-07-25T08:52:39Z,2287,0.06758440787564597,-0.05624271008482629,-0.08245331948794522,-0.033097429181324835
3162,24025,24026,3162,m12-2-9,2026-07-25T08:52:39Z,2288,0.06895634411917384,-0.0666912826708076,-0.03378729292927001,0.05620862067853958
3162,24025,24026,3162,m12-2-9,2026-07-25T08:52:39Z,2289,0.0630717542956145,0.04466882342120322,-0.0728766387021623,-0.010331249502627574
3162,24025,24026,3162,m12-2-9,2026-07-25T08:52:39Z,2290,0.08303876096113867,0.013311949750369935,-0.026801742241588353,0.044149451545585236
3162,24025,24026,3162,m12-2-9,2026-07-25T08:52:39Z,2291,0.06279692949866364,0.09836740790095129,0.04494793356963239,0.019574707680165393
3162,24025,24026,3162,m12-2-9,2026-07-25T08:52:39Z,2292,0.06489001195270104,0.051884226866663025,0.04858839227386063,0.00988766164090622
3162,24025,24026,3162,m12-2-9,2026-07-25T08:52:39Z,2293,0.0819399495192684,-0.04659574093738216,-0.003449353056603343,0.042804788709555
3162,24025,24026,3162,m12-2-9,2026-07-25T08:52:39Z,2294,0.06853636577287672,0.08116469109255914,0.06969840161799384,-0.019944143355195662
3162,24025,24026,3162,m12-2-9,2026-07-25T08:52:39Z,2295,0.09169969649176068,-0.0008845002949618361,-0.016713366483560383,0.02816220608691467
3162,24025,24026,3162,m12-2-9,2026-07-25T08:52:39Z,2296,0.08908663463466968,0.010193270472455093,-0.03928011313875251,0.02868863824840867
3162,24025,24026,3162,m12-2-9,2026-07-25T08:52:39Z,2297,0.07777085609815734,-0.061133004296130236,0.03087577153926754,0.010755445058665863
3162,24025,24026,3162,m12-2-9,2026-07-25T08:52:39Z,2298,0.06712327057473431,0.037585185476359605,0.08128689902843479,-0.034901920364276626
3162,24025,24026,3162,m12-2-9,2026-07-25T08:52:39Z,2299,0.05114559056252092,-0.053039086756992836,0.02852742069929909,-0.014822821306578995
3162,24025,24026,3162,m12-2-9,2026-07-25T08:52:39Z,2300,0.06285816082554677,-0.05119545942440856,0.07961399480198447,-0.02830735399085614
3162,24025,24026,3162,m12-2-9,2026-07-25T08:52:39Z,2301,0.0740742378047484,-0.08554160855781223,-0.009124022754172364,-0.03562178183690555
3162,24025,24026,3162,m12-2-9,2026-07-25T08:52:39Z,2302,0.0706346108288742,-0.005892323749138809,-0.06718780461499126,-0.05408303618242888
3162,24025,24026,3162,m12-2-9,2026-07-25T08:52:39Z,2303,0.08080682700153563,-0.046383349902569135,0.02089412751383434,0.01980929801822916
3162,24025,24026,3162,m12-2-9,2026-07-25T08:52:39Z,2304,0.07662696948601239,0.03239758060760093,0.028182156749943454,0.0731851786088046
3162,24025,24026,3162,m12-2-9,2026-07-25T08:52:39Z,2305,0.07617301040497186,0.05348294026428099,-0.016683907626256746,0.04597492320368807
3162,24025,24026,3162,m12-2-9,2026-07-25T08:52:39Z,2306,0.0733090223052239,0.07748397072862973,0.001133555949602585,-0.025656300158410635
3162,24025,24026,3162,m12-2-9,2026-07-25T08:52:39Z,2307,0.07129009162512119,-0.09455906324815701,-0.017003895963924823,-0.010906391246478207
3162,24025,24026,3162,m12-2-9,2026-07-25T08:52:39Z,2308,0.06458579398132475,0.030118192487901,-0.04211961340924406,0.05407604516645263
3162,24025,24026,3162,m12-2-9,2026-07-25T08:52:39Z,2309,0.08358676571581357,-0.03947547358264035,-0.0039169476463956085,0.028003683069956715
3162,24025,24026,3162,m12-2-9,2026-07-25T08:52:39Z,2310,0.08000751626380384,0.009364381710194493,0.055211276589645496,0.024180738598608798
3162,24025,24026,3162,m12-2-9,2026-07-25T08:52:39Z,2311,0.08195847797636735,-0.03680622559907061,0.04136920436888776,0.0012919252300769787
3162,24025,24026,3162,m12-2-9,2026-07-25T08:52:39Z,2312,0.07488197166667723,0.050490775735062554,-0.030054627920790392,0.04333856986519097
3162,24025,24026,3162,m12-2-9,2026-07-25T08:52:39Z,2313,0.06486533925147912,-0.01131841970240221,0.0046549206563592195,-0.11689396081770514
3162,24025,24026,3162,m12-2-9,2026-07-25T08:52:39Z,2314,0.07611767881686232,-0.04329864323415379,0.03669359078361876,-0.013432640409389168
3162,24025,24026,3162,m12-2-9,2026-07-25T08:52:39Z,2315,0.08051738247511307,-0.025351251737375173,0.042316167572757385,-0.02212286285465406
3162,24025,24026,3162,m12-2-9,2026-07-25T08:52:39Z,2316,0.07331566815410014,0.0028127937041889026,-0.07177763905191359,0.09887410725498268
3162,24025,24026,3162,m12-2-9,2026-07-25T08:52:39Z,2317,0.07833116653126967,0.030759542090681352,-0.023803870901507082,-0.0078030310288690315
3162,24025,24026,3162,m12-2-9,2026-07-25T08:52:39Z,2318,0.08780024871682801,0.022260975164733618,0.04059168882345566,-0.0031235832083923347
3162,24025,24026,3162,m12-2-9,2026-07-25T08:52:39Z,2319,0.08340320374554115,0.03990816145154997,-0.00028859238148262327,-0.03238603034925192
3162,24025,24026,3162,m12-2-9,2026-07-25T08:52:39Z,2320,0.06365349954893335,-0.03492445166236915,0.03751839136422433,-0.07256888522833163
3162,24025,24026,3162,m12-2-9,2026-07-25T08:52:39Z,2321,0.060795561087258726,0.07521834707945539,-0.03643187840041539,0.026162297960587975
3162,24025,24026,3162,m12-2-9,2026-07-25T08:52:39Z,2322,0.05926317423924824,-0.01675670475665788,-0.05603629330335121,0.06570996024888799
3162,24025,24026,3162,m12-2-9,2026-07-25T08:52:39Z,2323,0.06281722497845939,0.03629273754267617,-0.03731630906756177,0.04185822692576145
3162,24025,24026,3162,m12-2-9,2026-07-25T08:52:39Z,2324,0.08837804396671829,-0.020051062007889097,0.029958686226758558,-0.019112649432828414
3162,24025,24026,3162,m12-2-9,2026-07-25T08:52:39Z,2325,0.06166579396155756,-0.030783617151025133,-0.05556073597224868,-0.03312307357130696
3162,24025,24026,3162,m12-2-9,2026-07-25T08:52:39Z,2326,0.08058579761762358,-0.03734032770552119,-0.01682484870685772,0.06251470255757756
3162,24025,24026,3162,m12-2-9,2026-07-25T08:52:39Z,2327,0.07108272411591607,-0.026944288216198452,-0.051941883176275,0.08012286022462486
3162,24025,24026,3162,m12-2-9,2026-07-25T08:52:39Z,2328,0.06326004307469717,0.015202214145427552,-0.08257451911968089,-0.02493152165125284
3162,24025,24026,3162,m12-2-9,2026-07-25T08:52:39Z,2329,0.08848250449193247,0.006668266265360839,0.026406250196627432,-0.03357482849227634
3162,24025,24026,3162,m12-2-9,2026-07-25T08:52:39Z,2330,0.07680072376722373,-0.060946720101855874,0.013895457184504866,0.02099833718048077
3162,24025,24026,3162,m12-2-9,2026-07-25T08:52:39Z,2331,0.0689435127442943,-0.010127987552326606,0.05213165603742401,-0.07923617161004182
3162,24025,24026,3162,m12-2-9,2026-07-25T08:52:39Z,2332,0.087568540633211,0.029364984304951974,0.025612634781227266,-0.02058445426546003
3162,24025,24026,3162,m12-2-9,2026-07-25T08:52:39Z,2333,0.07502412989985709,0.08292595129333502,0.005282153247803885,0.02811039882825569
3162,24025,24026,3162,m12-2-9,2026-07-25T08:52:39Z,2334,0.07512032361647356,0.000926846942898204,-0.04802963873753345,-0.07386651427518473
3162,24025,24026,3162,m12-2-9,2026-07-25T08:52:39Z,2335,0.07832395402454084,-0.06694270364949721,-0.029854810459654504,-0.01703789549902182
3162,24025,24026,3162,m12-2-9,2026-07-25T08:52:39Z,2336,0.06770201150170374,-0.025235628164340124,-0.08836540752392358,0.0077016022209709465
3162,24025,24026,3162,m12-2-9,2026-07-25T08:52:39Z,2337,0.08032479939621863,0.016882820726480667,-0.010353880574999133,0.07697182254062092
3162,24025,24026,3162,m12-2-9,2026-07-25T08:52:39Z,2338,0.06293509178823471,0.04718893311455906,-0.06182641863773047,-0.018628361677595913
3162,24025,24026,3162,m12-2-9,2026-07-25T08:52:39Z,2339,0.08615545992434173,0.038688350093796696,-0.03682352515317591,-0.01588278355776956
3162,24025,24026,3162,m12-2-9,2026-07-25T08:52:39Z,2340,0.06977594866092729,0.028932850233288752,0.07189346640798974,-0.0358930276917239
3162,24025,24026,3162,m12-2-9,2026-07-25T08:52:39Z,2341,0.07825190678987251,-0.07112127824885811,-0.0556582836346768,0.002433732239139262
3162,24025,24026,3162,m12-2-9,2026-07-25T08:52:39Z,2342,0.07174333378126753,0.07189909508004261,-0.034450828260894586,0.0028728404247735503
3162,24025,24026,3162,m12-2-9,2026-07-25T08:52:39Z,2343,0.0703989022835701,-0.0285439714505879,0.07977098848720482,0.012662281083294556
3162,24025,24026,3162,m12-2-9,2026-07-25T08:52:39Z,2344,0.0766516129777229,0.03982909704363538,0.03381647996313261,0.04195770296728834
3162,24025,24026,3162,m12-2-9,2026-07-25T08:52:39Z,2345,0.06329374385458145,-0.06446045707688491,0.0610382733023946,-0.02992613899551627
3162,24025,24026,3162,m12-2-9,2026-07-25T08:52:39Z,2346,0.08560627173552335,-0.018195995394737836,-0.05029632335252252,0.005810972613237699
3162,24025,24026,3162,m12-2-9,2026-07-25T08:52:39Z,2347,0.07854376730702478,0.0027481637710722894,0.07579635010482765,0.0005745926569886521
3162,24025,24026,3162,m12-2-9,2026-07-25T08:52:39Z,2348,0.06801542842888544,-0.026184835081038676,-0.019585060940161974,0.09517585320816181
3162,24025,24026,3162,m12-2-9,2026-07-25T08:52:39Z,2349,0.06684112475067325,-0.025914340945660037,-0.07359532153100071,0.04455595086921951
3162,24025,24026,3162,m12-2-9,2026-07-25T08:52:39Z,2350,0.0637309500667327,0.03832680841761065,0.002765149193835028,0.0799703877523523
3162,24025,24026,3162,m12-2-9,2026-07-25T08:52:39Z,2351,0.08562211150112031,0.029074757874720112,-0.018651078209664468,-0.012165543342216647
3162,24025,24026,3162,m12-2-9,2026-07-25T08:52:39Z,2352,0.058561945825213194,0.06591334498023377,-0.005814087735396482,0.05180148056257593
3162,24025,24026,3162,m12-2-9,2026-07-25T08:52:39Z,2353,0.0797845264684874,0.01078521428409887,0.05886143825759958,-0.04729524413621088
3162,24025,24026,3162,m12-2-9,2026-07-25T08:52:39Z,2354,0.066817410261021,0.05195689451533813,-0.05186757182140105,-0.019603025577133327
3162,24025,24026,3162,m12-2-9,2026-07-25T08:52:39Z,2355,0.06710456237148162,-0.007461817199983845,0.07020581058934641,-0.061503933939453796
3162,24025,24026,3162,m12-2-9,2026-07-25T08:52:39Z,2356,0.0811358334169886,0.019138316092346223,-0.012849943113882477,0.009433246266011299
3162,24025,24026,3162,m12-2-9,2026-07-25T08:52:39Z,2357,0.07236698640011438,-0.0043024133967414805,-0.08833183431881547,-0.018103826111521275
3162,24025,24026,3162,m12-2-9,2026-07-25T08:52:39Z,2358,0.06234605060243862,0.06922141255508318,0.027266061853433277,0.02798015391894176
3162,24025,24026,3162,m12-2-9,2026-07-25T08:52:39Z,2359,0.0683227496980899,-0.08057336105427866,0.012060619996190056,0.028331994349850387
3162,24025,24026,3162,m12-2-9,2026-07-25T08:52:39Z,2360,0.08089172791416831,-0.003251097683233421,-0.00885201020209486,-0.09777198883592692
3162,24025,24026,3162,m12-2-9,2026-07-25T08:52:39Z,2361,0.0761193871925082,0.02791485533911351,-0.0807918339670811,-0.047023586860009875
3162,24025,24026,3162,m12-2-9,2026-07-25T08:52:39Z,2362,0.07276970281735914,0.003083646535170456,0.1075849859086831,-0.0010890857725231865
3162,24025,24026,3162,m12-2-9,2026-07-25T08:52:39Z,2363,0.07106341008879868,0.02606021721804909,0.023639495644773124,0.0911331437108827
3162,24025,24026,3162,m12-2-9,2026-07-25T08:52:39Z,2364,0.06787656382081839,0.0066243042573706735,0.03112384724773895,0.21118709059332566
3162,24025,24026,3162,m12-2-9,2026-07-25T08:52:39Z,2365,0.07951341103197798,-0.005949118749851485,-0.03652866673610899,-0.036181242955233686
3162,24025,24026,3162,m12-2-9,2026-07-25T08:52:39Z,2366,0.08051164976207291,0.07556021531473761,0.009213509655654352,0.08021855991156625
3162,24025,24026,3162,m12-2-9,2026-07-25T08:52:39Z,2367,0.06977489706081391,0.006967721090200694,-0.04702531396028749,0.020854127546638446
3162,24025,24026,3162,m12-2-9,2026-07-25T08:52:39Z,2368,0.06654032490788692,-0.08011885950742952,-0.08760476135725245,-0.1797808598593985
3162,24025,24026,3162,m12-2-9,2026-07-25T08:52:39Z,2369,0.08442532324593133,-0.010297948401824488,0.003934375171173086,-0.0358708075123813
3162,24025,24026,3162,m12-2-9,2026-07-25T08:52:39Z,2370,0.0856994526088066,0.012765796966327882,0.03191871974511172,0.02240373937676428
3162,24025,24026,3162,m12-2-9,2026-07-25T08:52:39Z,2371,0.07086020640672626,-0.02330295131412007,-0.01641616126370417,0.08810695709649762
3162,24025,24026,3162,m12-2-9,2026-07-25T08:52:39Z,2372,0.0738245080627818,0.03995750985622866,-0.035720292430530085,-0.04662820052977002
3162,24025,24026,3162,m12-2-9,2026-07-25T08:52:39Z,2373,0.08049853748983762,0.036732447503831735,-0.03419574728538606,-0.008104668651379375
3162,24025,24026,3162,m12-2-9,2026-07-25T08:52:39Z,2374,0.07311701640858222,-0.047228158541944745,-0.008074958065407522,0.07516405504973743
3162,24025,24026,3162,m12-2-9,2026-07-25T08:52:39Z,2375,0.06772527311111144,0.053033473781931025,0.04763693174007723,-0.04351584960590716
3162,24025,24026,3162,m12-2-9,2026-07-25T08:52:39Z,2376,0.06986122566319887,0.06178070307371337,0.0011420071236528779,0.04455839028255247
3162,24025,24026,3162,m12-2-9,2026-07-25T08:52:39Z,2377,0.08743511763441425,0.03725437646707773,0.008392954455854583,-0.021507268921395817
3162,24025,24026,3162,m12-2-9,2026-07-25T08:52:39Z,2378,0.06831949610135205,-0.04382645148554608,-0.10568984150722659,0.001619429435594293
3162,24025,24026,3162,m12-2-9,2026-07-25T08:52:39Z,2379,0.0864804235336892,0.020815825101724944,0.036366255975495525,-0.026635396183301373
3162,24025,24026,3162,m12-2-9,2026-07-25T08:52:39Z,2380,0.06592538419122677,-0.05741312721560873,0.05877428511254832,-0.028226236200607976
3162,24025,24026,3162,m12-2-9,2026-07-25T08:52:39Z,2381,0.06057606391665261,0.019658935833044185,0.07019344619283852,-0.0548640093658139
3162,24025,24026,3162,m12-2-9,2026-07-25T08:52:39Z,2382,0.07803844069861218,-0.04363313677741779,0.0400072494929815,0.007966888738139574
3162,24025,24026,3162,m12-2-9,2026-07-25T08:52:39Z,2383,0.06580887739398082,0.028562583646582526,-0.008263812869503607,-0.07510950330006295
3162,24025,24026,3162,m12-2-9,2026-07-25T08:52:39Z,2384,0.08224513018145305,0.043546140480427514,-0.016224565745369804,-0.04223615116684876
3162,24025,24026,3162,m12-2-9,2026-07-25T08:52:39Z,2385,0.07682751074510856,0.012837782942473498,0.06021274183030663,0.09905874610789546
3162,24025,24026,3162,m12-2-9,2026-07-25T08:52:39Z,2386,0.06899550433204171,0.02582038889955426,-0.004976082689994199,-0.08192964591603179
3162,24025,24026,3162,m12-2-9,2026-07-25T08:52:39Z,2387,0.06989098162762912,-0.053643868391679846,0.04075502074295195,-0.04143710242072599
3162,24025,24026,3162,m12-2-9,2026-07-25T08:52:39Z,2388,0.07239173216211109,0.015592772676554305,0.019957251022577328,0.12206741343331813
3162,24025,24026,3162,m12-2-9,2026-07-25T08:52:39Z,2389,0.0752927744769314,-0.07055483865466848,-0.018279596120596153,0.03266498317093934
3162,24025,24026,3162,m12-2-9,2026-07-25T08:52:39Z,2390,0.08683507623289244,0.010634134760567633,-0.03949074360123714,0.007109613118751053
3162,24025,24026,3162,m12-2-9,2026-07-25T08:52:39Z,2391,0.06484654092752085,0.043935128279020456,0.0010906366024203888,0.09393286672748065
3162,24025,24026,3162,m12-2-9,2026-07-25T08:52:39Z,2392,0.06044784358416517,0.06611997225224402,-0.017566848624448073,-0.08002510945646879
3162,24025,24026,3162,m12-2-9,2026-07-25T08:52:39Z,2393,0.06865857535181666,-0.048463749304170974,0.0645185497989837,0.020464081591158638
3162,24025,24026,3162,m12-2-9,2026-07-25T08:52:39Z,2394,0.07830386337032026,-0.0670201512295724,0.04388185283243087,0.0011624989162011504
3162,24025,24026,3162,m12-2-9,2026-07-25T08:52:39Z,2395,0.08574841688219721,-0.03182626917740269,-0.03519008334968965,-0.017731824324137658
3162,24025,24026,3162,m12-2-9,2026-07-25T08:52:39Z,2396,0.07559574177383098,-0.026627323629059528,-0.061748484195326615,0.022217802609788326
3162,24025,24026,3162,m12-2-9,2026-07-25T08:52:39Z,2397,0.08856597015418408,0.0035761251603830214,-0.004384911508528269,0.035985036698151465
3162,24025,24026,3162,m12-2-9,2026-07-25T08:52:39Z,2398,0.08718932424285089,-0.054078701016333545,-0.004271252796270199,0.015070763157819071
3162,24025,24026,3162,m12-2-9,2026-07-25T08:52:39Z,2399,0.060528951072809804,-0.07346311096883282,-0.025878552740145822,-0.09262829418501956
3162,24025,24026,3162,m12-2-9,2026-07-25T08:52:39Z,2400,0.06655168688782634,-0.01992900652605544,-0.020112815076783218,0.0982840032129929
3162,24025,24026,3162,m12-2-9,2026-07-25T08:52:39Z,2401,0.0812991891558889,-0.0324265379063498,-0.05364706959401931,-0.051110223850389054
3162,24025,24026,3162,m12-2-9,2026-07-25T08:52:39Z,2402,0.06715938479054702,-0.005002535883247663,0.053939619565080796,-0.06466425430288038
3162,24025,24026,3162,m12-2-9,2026-07-25T08:52:39Z,2403,0.07520009128096387,0.07047650333917337,0.005334585013315371,0.033518696895227115
3162,24025,24026,3162,m12-2-9,2026-07-25T08:52:39Z,2404,0.08955673722277477,-0.019098752657061215,-0.01379065585542342,0.01525680991263496
3162,24025,24026,3162,m12-2-9,2026-07-25T08:52:39Z,2405,0.06545669288537942,-0.0008473108944401095,0.04305610566713989,-0.06478297744544485
3162,24025,24026,3162,m12-2-9,2026-07-25T08:52:39Z,2406,0.08439889968351962,0.05551030027682726,0.029236763679053965,0.01645224423005257
3162,24025,24026,3162,m12-2-9,2026-07-25T08:52:39Z,2407,0.07625071107632451,-0.09497396695895076,-0.01273497305548542,-0.003602691037962317
3162,24025,24026,3162,m12-2-9,2026-07-25T08:52:39Z,2408,0.07529253976443892,-0.03987194774379117,-0.04337632475491675,0.033053432892560096
3162,24025,24026,3162,m12-2-9,2026-07-25T08:52:39Z,2409,0.06744628282146643,-0.08290715277698196,-0.01271784543852211,-0.04174391875777961
3162,24025,24026,3162,m12-2-9,2026-07-25T08:52:39Z,2410,0.07115236058916992,-0.08688734316203145,-0.02964080725857942,0.011474019143698343
3162,24025,24026,3162,m12-2-9,2026-07-25T08:52:39Z,2411,0.07060282807588944,0.0646359128065176,-0.011665784578092095,-0.038824182500387744
3162,24025,24026,3162,m12-2-9,2026-07-25T08:52:39Z,2412,0.07567033557961382,-0.004824721621403308,0.04328346914322409,0.06346333176465048
3162,24025,24026,3162,m12-2-9,2026-07-25T08:52:39Z,2413,0.06305817229045092,-0.06839606523894812,0.0384978384060182,0.011830682610488842
3162,24025,24026,3162,m12-2-9,2026-07-25T08:52:39Z,2414,0.06491816488708878,-0.0727433050950888,-0.036100068293393246,-0.021304070517836282
3162,24025,24026,3162,m12-2-9,2026-07-25T08:52:39Z,2415,0.07300609183856883,-0.03333988460229171,-0.06888562142068543,0.007082927273531272
3162,24025,24026,3162,m12-2-9,2026-07-25T08:52:39Z,2416,0.06574435792439855,0.04705765362399345,0.04572779551498138,0.03792515364889811
3162,24025,24026,3162,m12-2-9,2026-07-25T08:52:39Z,2417,0.08189367225645199,0.010134375168590247,0.04895224869684142,-0.037920162350128184
3162,24025,24026,3162,m12-2-9,2026-07-25T08:52:39Z,2418,0.07096371124674045,0.033062447666354564,0.004596502351249609,0.08532096448838508
3162,24025,24026,3162,m12-2-9,2026-07-25T08:52:39Z,2419,0.060217760888851536,0.030830301067262464,0.027402329338170855,0.07099117521482438
3162,24025,24026,3162,m12-2-9,2026-07-25T08:52:39Z,2420,0.062332346411519024,0.07482826317814815,0.0788336185193721,-0.0015135012302408385
3162,24025,24026,3162,m12-2-9,2026-07-25T08:52:39Z,2421,0.07621811183631028,0.04128118165780562,-0.03871187530229323,-0.035155765109866274
3162,24025,24026,3162,m12-2-9,2026-07-25T08:52:39Z,2422,0.06889053478894097,0.008286464700842372,-0.12184016113343811,-0.034392067670029836
3162,24025,24026,3162,m12-2-9,2026-07-25T08:52:39Z,2423,0.06563922572992396,-0.04193330782380083,0.013986606985130306,0.08736839024103939
3162,24025,24026,3162,m12-2-9,2026-07-25T08:52:39Z,2424,0.08447393412576217,-0.02925770039994943,-0.01530266522312686,0.034467227788461105
3162,24025,24026,3162,m12-2-9,2026-07-25T08:52:39Z,2425,0.07918328219812774,0.0014492174973861167,0.019283009941186226,-0.07029956686102048
3162,24025,24026,3162,m12-2-9,2026-07-25T08:52:39Z,2426,0.07735637848790658,0.04399467894566852,0.0623421683071684,-0.010687168835762274
3162,24025,24026,3162,m12-2-9,2026-07-25T08:52:39Z,2427,0.07449872113310807,-0.10352368170422334,0.10189287905549861,0.06798479375546106
3162,24025,24026,3162,m12-2-9,2026-07-25T08:52:39Z,2428,0.06225595790946006,-0.075832993916607,0.025585107901964728,0.024463813734618447
3162,24025,24026,3162,m12-2-9,2026-07-25T08:52:39Z,2429,0.07021474106669494,0.009766444106484697,0.027059727462331658,-0.07739383965843986
3162,24025,24026,3162,m12-2-9,2026-07-25T08:52:39Z,2430,0.07737322238444341,-0.008068412542123008,0.050910449277835335,0.038321248209143635
3162,24025,24026,3162,m12-2-9,2026-07-25T08:52:39Z,2431,0.06621662369630436,-0.0243742045817131,-0.044319819073698384,-0.0883559896391139
3162,24025,24026,3162,m12-2-9,2026-07-25T08:52:39Z,2432,0.08748013901893961,-0.22310802546058078,-0.08401413780557264,-0.02538341478670339
3162,24025,24026,3162,m12-2-9,2026-07-25T08:52:39Z,2433,0.081877333272281,0.0244976243568057,0.010850567354961968,0.05968870207213699
3162,24025,24026,3162,m12-2-9,2026-07-25T08:52:39Z,2434,0.08221475232392189,0.0505119862536839,0.02572799357961333,-1.7488806684595214e-6
3162,24025,24026,3162,m12-2-9,2026-07-25T08:52:39Z,2435,0.08457661564561232,-0.0206684108370077,-0.01459699111250018,-0.040480467378872266
3162,24025,24026,3162,m12-2-9,2026-07-25T08:52:39Z,2436,0.06791897221942865,-0.07987688509776388,-0.04826740661965076,0.043440257408767426
3162,24025,24026,3162,m12-2-9,2026-07-25T08:52:39Z,2437,0.08431741733858995,0.01229683834793095,-0.03287391260453644,0.013540974711810348
3162,24025,24026,3162,m12-2-9,2026-07-25T08:52:39Z,2438,0.06725409596461962,0.0207251919871063,-0.08170247890933865,0.004584215644387891
3162,24025,24026,3162,m12-2-9,2026-07-25T08:52:39Z,2439,0.07931413592899932,-0.0023648687683762125,-0.03649033071063715,0.00441571257584172
3162,24025,24026,3162,m12-2-9,2026-07-25T08:52:39Z,2440,0.06933381340900698,0.03829036492639265,0.012713991859136324,0.04326119636138846
3162,24025,24026,3162,m12-2-9,2026-07-25T08:52:39Z,2441,0.06844502886824716,-0.02822415580817198,0.021946717936607484,-0.10171003120677695
3162,24025,24026,3162,m12-2-9,2026-07-25T08:52:39Z,2442,0.08681938340798372,0.031706119373741584,0.03668623666918199,-0.029579688059061197
3162,24025,24026,3162,m12-2-9,2026-07-25T08:52:39Z,2443,0.08304459055032566,-0.05804528906869706,0.019323332063125573,0.017797470216721747
3162,24025,24026,3162,m12-2-9,2026-07-25T08:52:39Z,2444,0.06567424859524194,-0.05074512373998687,-0.08249833938129644,0.015494558136269522
3162,24025,24026,3162,m12-2-9,2026-07-25T08:52:39Z,2445,0.06640281117878209,-0.026811147367344284,0.038163753664135255,0.08269726462018757
3162,24025,24026,3162,m12-2-9,2026-07-25T08:52:39Z,2446,0.07096414107669627,-0.06695400328134808,-0.03968188072129633,0.02911055846137382
3162,24025,24026,3162,m12-2-9,2026-07-25T08:52:39Z,2447,0.07158225564257159,0.01380064119596859,-0.10302056021595618,-0.04324155182125232
3162,24025,24026,3162,m12-2-9,2026-07-25T08:52:39Z,2448,0.07123886881536662,-0.01200356620557006,-0.060521903519156726,0.01746184777185109
3162,24025,24026,3162,m12-2-9,2026-07-25T08:52:39Z,2449,0.08466377105590207,-0.02339108517835346,0.03310450435788522,-0.030915853938639007
3162,24025,24026,3162,m12-2-9,2026-07-25T08:52:39Z,2450,0.06441630144849149,-0.008476771545551681,-0.07262321514914774,-0.039464641277881234
3162,24025,24026,3162,m12-2-9,2026-07-25T08:52:39Z,2451,0.0594879942355051,0.016448953688925374,0.03817951010677534,0.08754683933405051
3162,24025,24026,3162,m12-2-9,2026-07-25T08:52:39Z,2452,0.07941242577806067,-0.3375489299554206,0.3507621768422354,0.006720890171985286
3162,24025,24026,3162,m12-2-9,2026-07-25T08:52:39Z,2453,0.07280254959104204,-0.09334962953303585,-0.011692967903300084,-0.009135310498322061
3162,24025,24026,3162,m12-2-9,2026-07-25T08:52:39Z,2454,0.08916930026462867,-0.02794422989313247,-0.009436310383711755,0.02022222875173467
3162,24025,24026,3162,m12-2-9,2026-07-25T08:52:39Z,2455,0.059860719082157635,-0.018034482722974993,-0.05960364444382362,-0.056496369061122875
3162,24025,24026,3162,m12-2-9,2026-07-25T08:52:39Z,2456,0.08599858643784425,0.00374466127040014,0.03422932324924631,0.012503286175299163
3162,24025,24026,3162,m12-2-9,2026-07-25T08:52:39Z,2457,0.07037252274812013,0.06280621983516829,-0.017925170966013558,0.04331325196400978
3162,24025,24026,3162,m12-2-9,2026-07-25T08:52:39Z,2458,0.06490096171607779,-0.054581568411845784,0.036318348504172454,0.060573816021528434
3162,24025,24026,3162,m12-2-9,2026-07-25T08:52:39Z,2459,0.07328255840377557,-0.023124550231072027,-0.04169214789737287,0.080684356940637
3162,24025,24026,3162,m12-2-9,2026-07-25T08:52:39Z,2460,0.07291860144324594,-0.06857335559056749,0.019995938269951753,0.07863027570190134
3162,24025,24026,3162,m12-2-9,2026-07-25T08:52:39Z,2461,0.07709341347860077,-0.044822942568947484,-0.0005505787309008253,0.058000984691964165
3162,24025,24026,3162,m12-2-9,2026-07-25T08:52:39Z,2462,0.08127162620778144,0.019148852177231765,-0.048180905750432844,0.0044718629020694374
3162,24025,24026,3162,m12-2-9,2026-07-25T08:52:39Z,2463,0.06841444432222209,-0.22823274561507303,-0.09804401040942444,-0.40256942315808664
3162,24025,24026,3162,m12-2-9,2026-07-25T08:52:39Z,2464,0.07081355883113856,0.08734277069499773,0.009128172335268208,0.022770321922933445
3162,24025,24026,3162,m12-2-9,2026-07-25T08:52:39Z,2465,0.05932470022236775,-0.0501399534077489,-0.02010599843330054,0.06695256490627383
3162,24025,24026,3162,m12-2-9,2026-07-25T08:52:39Z,2466,0.08860947481107008,-0.0022023516542575804,0.015347703530239154,0.03335771349427105
3162,24025,24026,3162,m12-2-9,2026-07-25T08:52:39Z,2467,0.07126075094067598,0.07018711953201215,-0.034587531886151116,-0.017396350883313066
3162,24025,24026,3162,m12-2-9,2026-07-25T08:52:39Z,2468,0.06250188738781645,0.08083240499542059,0.02258106173569979,0.028196952222010536
3162,24025,24026,3162,m12-2-9,2026-07-25T08:52:39Z,2469,0.06503569639109573,0.055177508073459336,-0.02441150799056934,0.04626298390124797
3162,24025,24026,3162,m12-2-9,2026-07-25T08:52:39Z,2470,0.06673996687608931,-0.03382837332311973,-0.0033984860314440865,0.0860483328789553
3162,24025,24026,3162,m12-2-9,2026-07-25T08:52:39Z,2471,0.08480013420224115,-0.046465084353034855,0.0015251003839240524,-0.04510101264620827
3162,24025,24026,3162,m12-2-9,2026-07-25T08:52:39Z,2472,0.07848239839518316,0.0672458157270188,0.009476321478466474,-0.022204003881321557
3162,24025,24026,3162,m12-2-9,2026-07-25T08:52:39Z,2473,0.08032330969066229,-0.036496754606756984,0.039658771581000174,-0.019647125341778413
3162,24025,24026,3162,m12-2-9,2026-07-25T08:52:39Z,2474,0.07681918921505096,-0.006218635578766224,0.0277072966674867,0.06748097613743037
3162,24025,24026,3162,m12-2-9,2026-07-25T08:52:39Z,2475,0.08070257397066659,0.011004327403848596,-0.040926967483168035,0.0037697359470430015
3162,24025,24026,3162,m12-2-9,2026-07-25T08:52:39Z,2476,0.06317287907953466,0.05049379832860629,-0.010126114328610733,0.09123017450701826
3162,24025,24026,3162,m12-2-9,2026-07-25T08:52:39Z,2477,0.06889560063373469,0.04553838018680167,-0.04363455702322494,-0.04384758528552819
3162,24025,24026,3162,m12-2-9,2026-07-25T08:52:39Z,2478,0.06919793686053276,0.03697362500788754,0.08967028017567139,-0.015757515921450076
3162,24025,24026,3162,m12-2-9,2026-07-25T08:52:39Z,2479,0.07998934895414259,0.03890046995988718,-0.07738780412482023,0.02287630391903267
3162,24025,24026,3162,m12-2-9,2026-07-25T08:52:39Z,2480,0.06332842712005918,-0.06864009650125281,-0.038135650362945216,-0.019803661465572848
3162,24025,24026,3162,m12-2-9,2026-07-25T08:52:39Z,2481,0.06538205636100362,-0.07343640083707359,0.02296844493165274,0.021206202536308935
3162,24025,24026,3162,m12-2-9,2026-07-25T08:52:39Z,2482,0.08051231771610792,-0.06883201268165294,0.011793353937240713,-0.09882873959695107
3162,24025,24026,3162,m12-2-9,2026-07-25T08:52:39Z,2483,0.09177102715995257,-0.001838675303853967,-0.008724189037652838,0.02274640699986854
3162,24025,24026,3162,m12-2-9,2026-07-25T08:52:39Z,2484,0.07071398180243577,-0.04287644399471378,0.08588666173025106,0.01947752228371095
3162,24025,24026,3162,m12-2-9,2026-07-25T08:52:39Z,2485,0.06417693548907635,-0.03494259719987562,0.08291286086463406,-0.01977148361121736
3162,24025,24026,3162,m12-2-9,2026-07-25T08:52:39Z,2486,0.06507718115851194,-0.05198520918328525,-0.024406304131021697,0.0695719922769763
3162,24025,24026,3162,m12-2-9,2026-07-25T08:52:39Z,2487,0.0735351849252523,-0.03829013576359529,-0.031030485668816523,-0.0336205393776219
3162,24025,24026,3162,m12-2-9,2026-07-25T08:52:39Z,2488,0.08740347486053283,0.008148712168097956,-0.030324545124357654,-0.010383671162128984
3162,24025,24026,3162,m12-2-9,2026-07-25T08:52:39Z,2489,0.07475596305371796,0.022260183567841593,-0.04481157124980476,-0.06865620192316896
3162,24025,24026,3162,m12-2-9,2026-07-25T08:52:39Z,2490,0.060430452437483004,0.056330551203935826,-0.06821929925325051,-0.016516555097083982
3162,24025,24026,3162,m12-2-9,2026-07-25T08:52:39Z,2491,0.06938629693191611,0.0012940409248592777,0.057935581704912545,-0.06956264751500348
3162,24025,24026,3162,m12-2-9,2026-07-25T08:52:39Z,2492,0.0788646033408246,-0.07876975568052079,0.008926042245703904,0.009709628169734435
3162,24025,24026,3162,m12-2-9,2026-07-25T08:52:39Z,2493,0.061295432505785154,-0.052484246818655905,-0.06608083282802475,0.034416927253078856
3162,24025,24026,3162,m12-2-9,2026-07-25T08:52:39Z,2494,0.06997298853331042,0.02618183555358861,-0.03556295827707817,-0.06641883208822913
3162,24025,24026,3162,m12-2-9,2026-07-25T08:52:39Z,2495,0.07862739087459847,-0.01915922811764327,0.015689120415172175,0.07630253396906807
3162,24025,24026,3162,m12-2-9,2026-07-25T08:52:39Z,2496,0.07398333459202593,0.04315969445364579,0.04661942035016068,0.042066156510970495
3162,24025,24026,3162,m12-2-9,2026-07-25T08:52:39Z,2497,0.06797870206364365,0.03375778754667539,-0.02802230731772299,-0.063284469706128
3162,24025,24026,3162,m12-2-9,2026-07-25T08:52:39Z,2498,0.0811648257772391,0.06166162958942735,-0.011742648958101887,0.001760528332372319
3162,24025,24026,3162,m12-2-9,2026-07-25T08:52:39Z,2499,0.075653212531061,-0.026357615734644846,-0.05741876082913471,0.012892402755697679
3162,24025,24026,3162,m12-2-9,2026-07-25T08:52:39Z,2500,0.08632317623907017,0.03506184306954529,0.0006050293804809858,0.003729967006757238
3162,24025,24026,3162,m12-2-9,2026-07-25T08:52:39Z,2501,0.07229879303885252,0.018720889016677872,-0.014825108987609418,0.07610204769136031
3162,24025,24026,3162,m12-2-9,2026-07-25T08:52:39Z,2502,0.07552242180490476,-0.06137265007034658,-0.07029741004245905,-0.02704932780004333
3162,24025,24026,3162,m12-2-9,2026-07-25T08:52:39Z,2503,0.06597573442025062,-0.07941172954605702,0.03275477812934945,0.010600228239257358
3162,24025,24026,3162,m12-2-9,2026-07-25T08:52:39Z,2504,0.08313019665914706,0.035705766529015366,-0.009300118000420141,0.04625608954572171
3162,24025,24026,3162,m12-2-9,2026-07-25T08:52:39Z,2505,0.0793183681072703,0.037477736586643676,-0.015457890563787149,-0.04632442786123999
3162,24025,24026,3162,m12-2-9,2026-07-25T08:52:39Z,2506,0.07965401972194121,-0.047495776394927,0.021175173659372656,-0.028087607882305948
3162,24025,24026,3162,m12-2-9,2026-07-25T08:52:39Z,2507,0.06963080353502125,0.00445812874572705,-0.08399956331606799,-0.012787730160013713
3162,24025,24026,3162,m12-2-9,2026-07-25T08:52:39Z,2508,0.06374445291078115,0.0650782246646636,0.05799302522615969,-0.051567350968229606
3162,24025,24026,3162,m12-2-9,2026-07-25T08:52:39Z,2509,0.07199439178276228,-0.003710429077547863,-0.031042021331172825,-0.09362596547256721
3162,24025,24026,3162,m12-2-9,2026-07-25T08:52:39Z,2510,0.0893419192455134,-0.01590678426282348,-0.03632282713380277,-0.03294041782047183
3162,24025,24026,3162,m12-2-9,2026-07-25T08:52:39Z,2511,0.0675413942924649,0.06580973018264562,0.04190243811740238,-0.03595924445558998
3162,24025,24026,3162,m12-2-9,2026-07-25T08:52:39Z,2512,0.07492256077729002,0.07827680358269776,-0.023269641129799856,-0.002820528650505119
3162,24025,24026,3162,m12-2-9,2026-07-25T08:52:39Z,2513,0.0651143135099547,0.019564042041462375,0.07126145707228039,-0.045337132493502304
3162,24025,24026,3162,m12-2-9,2026-07-25T08:52:39Z,2514,0.08213296455224901,-0.03194053565244148,0.032403591838244004,0.030711747776901683
3162,24025,24026,3162,m12-2-9,2026-07-25T08:52:39Z,2515,0.07070822787991417,0.05911524836911918,-0.016403312621615575,0.04074085211949622
3162,24025,24026,3162,m12-2-9,2026-07-25T08:52:39Z,2516,0.08092212804289838,-0.03743514988133149,0.052787814255181364,-0.0057718143695976365
3162,24025,24026,3162,m12-2-9,2026-07-25T08:52:39Z,2517,0.07159190419369056,-0.01945532002137166,0.05935844825080613,-0.021959020743208806
3162,24025,24026,3162,m12-2-9,2026-07-25T08:52:39Z,2518,0.06680350526609359,-0.03827810707230397,-0.034646623910444846,-0.06254493128751734
3162,24025,24026,3162,m12-2-9,2026-07-25T08:52:39Z,2519,0.06632033899653429,-0.032224469624556974,-0.08113692490715248,-0.011382676818894386
3162,24025,24026,3162,m12-2-9,2026-07-25T08:52:39Z,2520,0.07880261873804716,0.06716005045055429,-0.012964008003024718,0.006112245930335428
3162,24025,24026,3162,m12-2-9,2026-07-25T08:52:39Z,2521,0.0701113917705912,-0.04003631744422794,0.06332519743089235,-0.02347603391080223
3162,24025,24026,3162,m12-2-9,2026-07-25T08:52:39Z,2522,0.06688666990845603,-0.015205465818667833,-0.041877620926098966,-0.08327583927793568
3162,24025,24026,3162,m12-2-9,2026-07-25T08:52:39Z,2523,0.07359064201478274,0.011179372778909801,0.0016180784321829676,0.057018017395310566
3162,24025,24026,3162,m12-2-9,2026-07-25T08:52:39Z,2524,0.08811367854715434,0.012972360880238976,0.018673746490626763,0.006398257253581441
3162,24025,24026,3162,m12-2-9,2026-07-25T08:52:39Z,2525,0.07117441224659404,-0.04485290151301906,0.061357853157443326,-0.010140378860565206
3162,24025,24026,3162,m12-2-9,2026-07-25T08:52:39Z,2526,0.08234349332391441,0.030789501785184366,-0.06277177732366541,0.0013025429868561177
3162,24025,24026,3162,m12-2-9,2026-07-25T08:52:39Z,2527,0.0726061814821874,0.04873442298234902,-0.059601204819490765,-0.06272271186968612
3162,24025,24026,3162,m12-2-9,2026-07-25T08:52:39Z,2528,0.06536290967296132,0.07995412430462351,-0.03603802875266341,-0.014391140952514125
3162,24025,24026,3162,m12-2-9,2026-07-25T08:52:39Z,2529,0.078710544802229,-0.03638445820741274,-0.0502706997256321,-0.01800375823325252
3162,24025,24026,3162,m12-2-9,2026-07-25T08:52:39Z,2530,0.06557243046771925,-0.0739118833446466,-0.03986176672033251,0.035408325298191885
3162,24025,24026,3162,m12-2-9,2026-07-25T08:52:39Z,2531,0.07435402383309764,-0.013904676440691198,-0.06545809049608725,-0.016215549052570416
3162,24025,24026,3162,m12-2-9,2026-07-25T08:52:39Z,2532,0.05482339139590155,0.042019292388729534,-0.06957687120519646,0.028670210272377893
3162,24025,24026,3162,m12-2-9,2026-07-25T08:52:39Z,2533,0.08495007353216834,0.004111555563625098,-0.032941299543621474,0.041943465658813024
3162,24025,24026,3162,m12-2-9,2026-07-25T08:52:39Z,2534,0.07100785910046487,-0.0029664250241680777,0.09434391676381951,-0.005888006527984804
3162,24025,24026,3162,m12-2-9,2026-07-25T08:52:39Z,2535,0.07436897853676729,0.0695623680442968,-0.022389187320627852,0.006075465746374086
3162,24025,24026,3162,m12-2-9,2026-07-25T08:52:39Z,2536,0.07455975401352097,-0.010113428004225858,0.07091775890747282,0.028239735649284486
3162,24025,24026,3162,m12-2-9,2026-07-25T08:52:39Z,2537,0.07547787424088924,0.022465534126727128,-0.06305663624787529,0.0076075895490630005
3162,24025,24026,3162,m12-2-9,2026-07-25T08:52:39Z,2538,0.06813564674714012,-0.07373363935690379,0.054378531920041315,0.03590940129869584
3162,24025,24026,3162,m12-2-9,2026-07-25T08:52:39Z,2539,0.07607335508230985,-0.07318036346173984,0.027370495132675577,-0.005851234545117031
3162,24025,24026,3162,m12-2-9,2026-07-25T08:52:39Z,2540,0.07242201775045826,-0.0055947233130428445,-0.002979943364529571,0.10060017607615024
3162,24025,24026,3162,m12-2-9,2026-07-25T08:52:39Z,2541,0.07837648393705285,-0.02159457100300445,-0.02072960890120837,0.041319820366212186
3162,24025,24026,3162,m12-2-9,2026-07-25T08:52:39Z,2542,0.07289060229490381,-0.006427098473844796,-0.02228780455665949,0.06754642168721654
3162,24025,24026,3162,m12-2-9,2026-07-25T08:52:39Z,2543,0.08647966362756099,0.03618105144489327,0.018523807979222883,0.0037701902484547065
3162,24025,24026,3162,m12-2-9,2026-07-25T08:52:39Z,2544,0.08316433250159587,0.04759388987847752,-0.07407710004604733,-0.00912490912953501
3162,24025,24026,3162,m12-2-9,2026-07-25T08:52:39Z,2545,0.07746649756905423,-0.05127173188916667,0.027223443300210835,0.00595707001513572
3162,24025,24026,3162,m12-2-9,2026-07-25T08:52:39Z,2546,0.08462901710744188,-0.038490421883602896,-0.023377903535951195,-0.05087217847286746
3162,24025,24026,3162,m12-2-9,2026-07-25T08:52:39Z,2547,0.07417882368891061,0.06443680275358477,0.04636405503104901,0.009363803614395141
3162,24025,24026,3162,m12-2-9,2026-07-25T08:52:39Z,2548,0.07654974758012809,0.00034843960195456814,0.03881320289615741,0.0382989951741678
3162,24025,24026,3162,m12-2-9,2026-07-25T08:52:39Z,2549,0.08690940242884142,0.04035745616552956,-0.004414310567880084,0.0010450864316031846
3162,24025,24026,3162,m12-2-9,2026-07-25T08:52:39Z,2550,0.08286309315250119,0.06395729966752901,-0.002071318855302105,0.005026478076377535
3162,24025,24026,3162,m12-2-9,2026-07-25T08:52:39Z,2551,0.07938177132636129,0.0335994870352034,-0.014498375467153872,-0.05863906398764827
3162,24025,24026,3162,m12-2-9,2026-07-25T08:52:39Z,2552,0.06833221955448095,0.050993857861871814,-0.05890957387121219,0.004443161321068588
3162,24025,24026,3162,m12-2-9,2026-07-25T08:52:39Z,2553,0.06231776910514775,0.06796513955038865,-0.013621858992221956,-0.04760199437796143
3162,24025,24026,3162,m12-2-9,2026-07-25T08:52:39Z,2554,0.060350538547587394,0.0389310402890073,0.05843532453468138,0.014513191321852043
3162,24025,24026,3162,m12-2-9,2026-07-25T08:52:39Z,2555,0.0843267952110238,-0.01883259706998073,-0.052734060371166104,0.029517422385277332
3162,24025,24026,3162,m12-2-9,2026-07-25T08:52:39Z,2556,0.0670331081025533,0.002138275661483473,-0.07349601784141555,0.03919905297488976
3162,24025,24026,3162,m12-2-9,2026-07-25T08:52:39Z,2557,0.07016815761570291,-0.01065420590303472,-0.050591011140946655,0.04933691794048304
3162,24025,24026,3162,m12-2-9,2026-07-25T08:52:39Z,2558,0.0909222823635012,0.002769942324536101,-0.0015706003876996253,0.014980215716246824
3162,24025,24026,3162,m12-2-9,2026-07-25T08:52:39Z,2559,0.06904117787234712,0.013104415537460671,-0.041678708375600775,-0.054030528032159124
3162,24025,24026,3162,m12-2-9,2026-07-25T08:52:39Z,2560,0.05943543560895879,-0.07188840823960901,0.059010063213072075,0.019333231157298476
3162,24025,24026,3162,m12-2-9,2026-07-25T08:52:39Z,2561,0.061582154537805064,0.026971171198698313,-0.032471141447122175,0.06500652364701616
3162,24025,24026,3162,m12-2-9,2026-07-25T08:52:39Z,2562,0.07597651850422325,0.08056122632512455,-0.010582825009210277,-0.0030589680811381643
3162,24025,24026,3162,m12-2-9,2026-07-25T08:52:39Z,2563,0.060597415447940214,-0.016749357593746777,-0.05753487551502911,0.07373150525475018
3162,24025,24026,3162,m12-2-9,2026-07-25T08:52:39Z,2564,0.06650606762214437,-0.022250882061646278,0.016351732223286092,0.005214053485024495
3162,24025,24026,3162,m12-2-9,2026-07-25T08:52:39Z,2565,0.07057329448236555,0.026413894941894542,-0.012620039621609494,-0.08476005992569315
3162,24025,24026,3162,m12-2-9,2026-07-25T08:52:39Z,2566,0.06831084031247447,-0.02801911732675103,0.05046914393484711,0.0857370895508533
3162,24025,24026,3162,m12-2-9,2026-07-25T08:52:39Z,2567,0.08008235683078439,-0.05177227070125718,0.006494980979155034,0.03399668409946932
3162,24025,24026,3162,m12-2-9,2026-07-25T08:52:39Z,2568,0.08672409318772141,-0.0417874511788479,-0.0316371373522218,-0.02038593662632319
3162,24025,24026,3162,m12-2-9,2026-07-25T08:52:39Z,2569,0.0838850931105438,0.0345095287002342,0.02511816806627185,0.013046635653610654
3162,24025,24026,3162,m12-2-9,2026-07-25T08:52:39Z,2570,0.07565579415877609,-0.024986199911990838,0.07812424629263148,-0.05496254469594717
3162,24025,24026,3162,m12-2-9,2026-07-25T08:52:39Z,2571,0.07132105525116914,-0.07729903156658675,0.03378095595905841,-0.014586326812978086
3162,24025,24026,3162,m12-2-9,2026-07-25T08:52:39Z,2572,0.08145506232801773,-0.03235411490428604,-0.045802048295986456,-0.010707932088053243
3162,24025,24026,3162,m12-2-9,2026-07-25T08:52:39Z,2573,0.06401620867119477,-0.06585386256924655,-0.05063948098142895,0.04736242927697963
3162,24025,24026,3162,m12-2-9,2026-07-25T08:52:39Z,2574,0.07116794377567669,-0.0229637025287841,-0.030816391877164843,0.09556210325015527
3162,24025,24026,3162,m12-2-9,2026-07-25T08:52:39Z,2575,0.07096416322296752,0.06499656980158992,-0.019178420884869735,0.04002618309098869
3162,24025,24026,3162,m12-2-9,2026-07-25T08:52:39Z,2576,0.07245697455898248,0.17980051523256088,-0.0224698454330504,0.056723866928659675
3162,24025,24026,3162,m12-2-9,2026-07-25T08:52:39Z,2577,0.07441901444662621,0.020183457918586063,0.1850023935906417,-0.08016652945443925
3162,24025,24026,3162,m12-2-9,2026-07-25T08:52:39Z,2578,0.08659772984680147,-0.04359207769603126,-0.002685325394475979,-0.0073886586753875326
3162,24025,24026,3162,m12-2-9,2026-07-25T08:52:39Z,2579,0.09059974981249688,0.015125116840862882,-0.0333691585553955,0.009140955589675955
3162,24025,24026,3162,m12-2-9,2026-07-25T08:52:39Z,2580,0.07468245861839425,0.01115836312454232,-0.052120458296563345,-0.08746622037200469
3162,24025,24026,3162,m12-2-9,2026-07-25T08:52:39Z,2581,0.07396819576504728,0.08255685432448878,0.016569459994849996,0.008832376397234557
3162,24025,24026,3162,m12-2-9,2026-07-25T08:52:39Z,2582,0.07447688526213182,-0.011579212911005828,-0.08077346278247471,-0.019421892960133313
3162,24025,24026,3162,m12-2-9,2026-07-25T08:52:39Z,2583,0.0730688865224989,0.004334158743774473,-0.04262658361463262,0.051556567858875094
3162,24025,24026,3162,m12-2-9,2026-07-25T08:52:39Z,2584,0.07144752084509368,0.06237514442129483,-0.03855528164897859,-0.019257344544096437
3162,24025,24026,3162,m12-2-9,2026-07-25T08:52:39Z,2585,0.07750211641858139,0.03491307225425208,-0.05440848040000493,-0.004835411961190704
3162,24025,24026,3162,m12-2-9,2026-07-25T08:52:39Z,2586,0.059304791401767566,-0.01978555904632671,0.05558831990688507,0.06187946419766408
3162,24025,24026,3162,m12-2-9,2026-07-25T08:52:39Z,2587,0.07634685342840047,-0.04441911701837902,0.0004172168166110289,0.0014525461698510767
3162,24025,24026,3162,m12-2-9,2026-07-25T08:52:39Z,2588,0.07977335927380326,-0.03295766400914234,-0.054656162262998485,-0.041708959923576205
3162,24025,24026,3162,m12-2-9,2026-07-25T08:52:39Z,2589,0.08082307021345035,0.03176794235498069,-0.04134067850428058,-0.03395876556797122
3162,24025,24026,3162,m12-2-9,2026-07-25T08:52:39Z,2590,0.06222320700923249,0.059195946233002734,-0.027674990575961785,0.04348322572231465
3162,24025,24026,3162,m12-2-9,2026-07-25T08:52:39Z,2591,0.07090704249056758,-0.018254320558938327,0.07005111621262436,-0.015991280818878035
3162,24025,24026,3162,m12-2-9,2026-07-25T08:52:39Z,2592,0.07815582337010762,-0.026573305227906865,-0.048531495096873135,-0.007054301287657182
3162,24025,24026,3162,m12-2-9,2026-07-25T08:52:39Z,2593,0.0825688920909117,0.05805001395979068,-0.00443923447859034,-0.011274340174370673
3162,24025,24026,3162,m12-2-9,2026-07-25T08:52:39Z,2594,0.0814856908518177,0.056482445263752165,-0.03274552716266448,0.057268951544946954
3162,24025,24026,3162,m12-2-9,2026-07-25T08:52:39Z,2595,0.060876851529391734,-0.060913053422317856,-0.07136426815916691,-0.014259815746674856
3162,24025,24026,3162,m12-2-9,2026-07-25T08:52:39Z,2596,0.08357458595133706,-0.00671356304854688,0.052711398186583436,-0.026997947666421204
3162,24025,24026,3162,m12-2-9,2026-07-25T08:52:39Z,2597,0.06697878986610128,0.024076938529237632,-0.04010009677390495,0.07472634335950268
3162,24025,24026,3162,m12-2-9,2026-07-25T08:52:39Z,2598,0.07842947553014432,0.0668805319900652,-0.008887988801487903,0.03059739668260809
3162,24025,24026,3162,m12-2-9,2026-07-25T08:52:39Z,2599,0.08914345159898242,0.0011541499799645337,0.0074555369100953815,-0.0325980082469952
3162,24025,24026,3162,m12-2-9,2026-07-25T08:52:39Z,2600,0.07239056386608383,0.030346663064675407,-0.04750123838795612,-0.006807471757019001
3162,24025,24026,3162,m12-2-9,2026-07-25T08:52:39Z,2601,0.06905407160174326,0.07116979462882407,-0.012422279806426274,0.042028071196311155
3162,24025,24026,3162,m12-2-9,2026-07-25T08:52:39Z,2602,0.0903795363760687,-0.003586287549085042,0.01626176104625156,-0.019039210779963858
3162,24025,24026,3162,m12-2-9,2026-07-25T08:52:39Z,2603,0.08311083924213368,0.017032461330101188,0.015178094296318858,0.057750021462263955
3162,24025,24026,3162,m12-2-9,2026-07-25T08:52:39Z,2604,0.07734415182811381,0.030543837891171894,-0.025748244338563656,-0.06332636490120434
3162,24025,24026,3162,m12-2-9,2026-07-25T08:52:39Z,2605,0.06972510625569686,-0.0321745679090797,-0.050311155731189224,-0.04264373242806536
3162,24025,24026,3162,m12-2-9,2026-07-25T08:52:39Z,2606,0.08175604816671188,-0.004282626826110805,0.04778064099485787,0.03754086883984505
3162,24025,24026,3162,m12-2-9,2026-07-25T08:52:39Z,2607,0.09086617100136724,-0.014026866357456053,0.005267838941998323,0.031327995352233504
3162,24025,24026,3162,m12-2-9,2026-07-25T08:52:39Z,2608,0.0819492247826567,0.00032915860125183935,-0.05789404892161308,0.014929570590239716
3162,24025,24026,3162,m12-2-9,2026-07-25T08:52:39Z,2609,0.08729150834021816,0.0006473218915086105,0.03572845903206497,-0.030212107607676075
3162,24025,24026,3162,m12-2-9,2026-07-25T08:52:39Z,2610,0.0821924743126005,-0.009880707566513817,0.03956833870519336,-0.015386873495296308
3162,24025,24026,3162,m12-2-9,2026-07-25T08:52:39Z,2611,0.08360885224812382,0.022086258144617815,0.015523994446705219,0.05371659855961032
3162,24025,24026,3162,m12-2-9,2026-07-25T08:52:39Z,2612,0.05261626148926289,-0.04762958045263855,-0.03776737840500492,-0.04389463199067936
3162,24025,24026,3162,m12-2-9,2026-07-25T08:52:39Z,2613,0.06853478274787357,0.08843880293275831,0.012923374847629548,-0.029947795187457226
3162,24025,24026,3162,m12-2-9,2026-07-25T08:52:39Z,2614,0.07659719493265446,0.016038213952043964,0.07876421656538729,-0.003353633400322173
3162,24025,24026,3162,m12-2-9,2026-07-25T08:52:39Z,2615,0.07107365790945272,-0.07094220269472905,-0.01528459498016083,0.04903947893071299
3162,24025,24026,3162,m12-2-9,2026-07-25T08:52:39Z,2616,0.07149532749741049,-0.005612760394464372,-0.05864588076796143,0.09891974536788074
3162,24025,24026,3162,m12-2-9,2026-07-25T08:52:39Z,2617,0.07045581875354073,-0.0790664486565672,0.015308469205483859,0.014769433136847504
3162,24025,24026,3162,m12-2-9,2026-07-25T08:52:39Z,2618,0.0735400885888644,0.033816082032192725,0.06289051554188672,-0.018124295666007987
3162,24025,24026,3162,m12-2-9,2026-07-25T08:52:39Z,2619,0.07042300619233505,0.09538287872256646,0.022584833257380442,-0.002183158485114126
3162,24025,24026,3162,m12-2-9,2026-07-25T08:52:39Z,2620,0.05409499493443631,0.05746104464494746,-0.031970965787564684,-0.06626675738255834
3162,24025,24026,3162,m12-2-9,2026-07-25T08:52:39Z,2621,0.07229853562378816,-0.05138241161507501,0.012226946622027975,-0.0633075910169006
3162,24025,24026,3162,m12-2-9,2026-07-25T08:52:39Z,2622,0.09019828681558104,-0.005384175533796534,-0.028641925831758487,-0.02169048508037139
3162,24025,24026,3162,m12-2-9,2026-07-25T08:52:39Z,2623,0.07857897412729671,0.014064407897444517,-0.016130750245720943,0.07426858736178228
3162,24025,24026,3162,m12-2-9,2026-07-25T08:52:39Z,2624,0.07264567981678456,0.08656691814418649,0.005979025249522807,-0.018347681504984822
3162,24025,24026,3162,m12-2-9,2026-07-25T08:52:39Z,2625,0.06101522154465748,0.05771884569667563,0.000252386102018035,0.06763593490155242
3162,24025,24026,3162,m12-2-9,2026-07-25T08:52:39Z,2626,0.08073787301521225,0.0750676302793563,-0.0006340380931770726,0.02540519223949471
3162,24025,24026,3162,m12-2-9,2026-07-25T08:52:39Z,2627,0.07219813295155024,-0.037808044690102814,-0.06920169242379165,0.015145795005480234
3162,24025,24026,3162,m12-2-9,2026-07-25T08:52:39Z,2628,0.0858586445596964,-0.03133305779350983,-0.0322029913510927,-0.005584555069307976
3162,24025,24026,3162,m12-2-9,2026-07-25T08:52:39Z,2629,0.06793850190217712,-0.012806009500975326,-0.09668698990677649,0.03250950165216704
3162,24025,24026,3162,m12-2-9,2026-07-25T08:52:39Z,2630,0.0747414386816246,0.07264728039260702,0.006947399888250666,-0.0233233179356316
3162,24025,24026,3162,m12-2-9,2026-07-25T08:52:39Z,2631,0.07479162098512665,-0.03222822936181009,-0.04741301473221499,-0.03255211611611253
3162,24025,24026,3162,m12-2-9,2026-07-25T08:52:39Z,2632,0.07609159607187353,-0.09079281073967907,-0.02281765276491835,-0.01169200221216337
3162,24025,24026,3162,m12-2-9,2026-07-25T08:52:39Z,2633,0.0681933600370478,-0.03617697917976886,0.004797790972827897,0.08777597511148683
3162,24025,24026,3162,m12-2-9,2026-07-25T08:52:39Z,2634,0.08162225648197839,0.01593254098752129,0.055807737512470805,-0.003354117008713139
3162,24025,24026,3162,m12-2-9,2026-07-25T08:52:39Z,2635,0.06364588299656034,-0.05023745297724125,0.07537890663543081,0.021982181399365527
3162,24025,24026,3162,m12-2-9,2026-07-25T08:52:39Z,2636,0.0718854874170246,0.08172255274681219,0.00817503857364884,-0.023609490566264667
3162,24025,24026,3162,m12-2-9,2026-07-25T08:52:39Z,2637,0.08809056387242656,-0.008621410630487634,-0.037638878351754154,0.036664074309863945
3162,24025,24026,3162,m12-2-9,2026-07-25T08:52:39Z,2638,0.07357224059804167,-0.007348847522471604,0.12592774561787368,-0.027118611815855547
3162,24025,24026,3162,m12-2-9,2026-07-25T08:52:39Z,2639,0.05499873897952913,-0.06384547561383684,-0.0364865667197289,-0.05474065115705178
3162,24025,24026,3162,m12-2-9,2026-07-25T08:52:39Z,2640,0.075244599898669,-0.03337588402449227,-0.13023288758420856,-0.055016291070006246
3162,24025,24026,3162,m12-2-9,2026-07-25T08:52:39Z,2641,0.07339045043221205,0.06722235124046225,-0.04330972489721344,-0.021942678295303622
3162,24025,24026,3162,m12-2-9,2026-07-25T08:52:39Z,2642,0.08354287990215735,6.433883934466771e-5,-0.04861359560027352,-0.026122968634103367
3162,24025,24026,3162,m12-2-9,2026-07-25T08:52:39Z,2643,0.0845740061274129,-0.05021441972930039,-0.01994297022153464,-0.010992058481956505
3162,24025,24026,3162,m12-2-9,2026-07-25T08:52:39Z,2644,0.05385423239021538,0.030350976865607365,-0.050945441542678375,-0.05331696606066889
3162,24025,24026,3162,m12-2-9,2026-07-25T08:52:39Z,2645,0.06706836395721842,0.06714047925408277,0.01031946634769065,-0.046193107529678694
3162,24025,24026,3162,m12-2-9,2026-07-25T08:52:39Z,2646,0.062300138134906535,0.054649805250154865,0.07411229890785823,0.036369122366661316
3162,24025,24026,3162,m12-2-9,2026-07-25T08:52:39Z,2647,0.06556741487962701,0.015803533262808034,-0.02910323905651921,0.0855274585237957
3162,24025,24026,3162,m12-2-9,2026-07-25T08:52:39Z,2648,0.07207388303821763,0.028051299059588614,-0.009829657829893835,0.07020606234674125
3162,24025,24026,3162,m12-2-9,2026-07-25T08:52:39Z,2649,0.07529576777220737,-0.005040281775141259,-0.047297801142746745,-0.07665186184867677
3162,24025,24026,3162,m12-2-9,2026-07-25T08:52:39Z,2650,0.08351051229918896,-0.02133851125682508,-0.028459763306450656,-0.07365773777354152
3162,24025,24026,3162,m12-2-9,2026-07-25T08:52:39Z,2651,0.0635476517196676,-0.08264729578936846,-0.04374385255845653,0.01725160137364107
3162,24025,24026,3162,m12-2-9,2026-07-25T08:52:39Z,2652,0.08230764891599839,-0.015414311471617379,0.005735590001986565,-0.04636683111138835
3162,24025,24026,3162,m12-2-9,2026-07-25T08:52:39Z,2653,0.07573211531678867,-0.02970400389241636,-0.009297712849818793,0.07664297934977396
3162,24025,24026,3162,m12-2-9,2026-07-25T08:52:39Z,2654,0.057557482017981214,-0.03494512940298538,-0.06722792415580993,0.05297650994612442
3162,24025,24026,3162,m12-2-9,2026-07-25T08:52:39Z,2655,0.06464105527635357,0.035023160247332076,0.03370007278463031,-0.08554275423419874
3162,24025,24026,3162,m12-2-9,2026-07-25T08:52:39Z,2656,0.08069968952564964,0.07149588585588398,0.014884009601601312,0.0015535072971913308
3162,24025,24026,3162,m12-2-9,2026-07-25T08:52:39Z,2657,0.07995728562799184,-0.026141524496711328,-0.016148869744192905,-0.05335638471435671
3162,24025,24026,3162,m12-2-9,2026-07-25T08:52:39Z,2658,0.08431130421638065,0.10641083776298864,-0.060116246583797314,-0.03891607970004849
3162,24025,24026,3162,m12-2-9,2026-07-25T08:52:39Z,2659,0.08069739527343563,0.03548199713908457,0.03663095150067103,0.06074569769747661
3162,24025,24026,3162,m12-2-9,2026-07-25T08:52:39Z,2660,0.07684801152188522,-0.06054503492134574,0.014809440768664793,0.02094502390403973
3162,24025,24026,3162,m12-2-9,2026-07-25T08:52:39Z,2661,0.062321870873022926,0.021271114482594503,-0.040676687226815125,0.06576966871139087
3162,24025,24026,3162,m12-2-9,2026-07-25T08:52:39Z,2662,0.06006150921833469,-0.03624371967811982,-0.03686410891736903,-0.07157931248296928
3162,24025,24026,3162,m12-2-9,2026-07-25T08:52:39Z,2663,0.07369410077316124,0.04858934118176189,0.015338913570364522,-0.0691981326897861
3162,24025,24026,3162,m12-2-9,2026-07-25T08:52:39Z,2664,0.08323671477778118,0.11418043333418411,-0.03209404783618776,0.005678371932855628
3162,24025,24026,3162,m12-2-9,2026-07-25T08:52:39Z,2665,0.08438568167346909,0.04503381634944569,-0.02590142070137503,0.00010243790882215778
3162,24025,24026,3162,m12-2-9,2026-07-25T08:52:39Z,2666,0.08807355247746643,0.03290556936910874,-0.006992220353215896,0.017540386049923994
3162,24025,24026,3162,m12-2-9,2026-07-25T08:52:39Z,2667,0.06327882423410017,0.006309964322810091,-0.016761067298757926,-0.02686137891603704
3162,24025,24026,3162,m12-2-9,2026-07-25T08:52:39Z,2668,0.06515586735541896,-0.02231029455632475,-0.05561375809131593,-0.057546093976643654
3162,24025,24026,3162,m12-2-9,2026-07-25T08:52:39Z,2669,0.0621242556018812,0.03548631898691964,-0.06549445549349339,-0.02699512509778485
3162,24025,24026,3162,m12-2-9,2026-07-25T08:52:39Z,2670,0.0842982491169341,-0.000423651217403907,-0.08677875486856801,0.02579199999536057
3162,24025,24026,3162,m12-2-9,2026-07-25T08:52:39Z,2671,0.06221249871984644,-0.05604962928197867,0.01994327664763198,0.0742302530132852
3162,24025,24026,3162,m12-2-9,2026-07-25T08:52:39Z,2672,0.06903705952740531,-0.05431705387311902,0.0005845339089577697,-0.06768210154379753
3162,24025,24026,3162,m12-2-9,2026-07-25T08:52:39Z,2673,0.06902472868457785,0.07732732842090015,0.0013835611227778094,0.02745342031819208
3162,24025,24026,3162,m12-2-9,2026-07-25T08:52:39Z,2674,0.0712818069880248,0.048296593653107296,-0.021043942422365684,0.07460078936182507
3162,24025,24026,3162,m12-2-9,2026-07-25T08:52:39Z,2675,0.06738982004277783,0.06166993512715719,-0.04447669014643656,-0.019858984487407364
3162,24025,24026,3162,m12-2-9,2026-07-25T08:52:39Z,2676,0.06154242384053551,0.055414815736508576,0.07311493638494006,0.04369600172228036
3162,24025,24026,3162,m12-2-9,2026-07-25T08:52:39Z,2677,0.061901381617647314,0.019365000244476547,0.04570722720467761,-0.013336159613813512
3162,24025,24026,3162,m12-2-9,2026-07-25T08:52:39Z,2678,0.07084926349907385,0.04058630830747794,0.04900500268991224,0.02359686043811454
3162,24025,24026,3162,m12-2-9,2026-07-25T08:52:39Z,2679,0.06249440137368699,-0.0617884398335257,-0.04338315225919682,-0.022569762028252408
3162,24025,24026,3162,m12-2-9,2026-07-25T08:52:39Z,2680,0.07782654776948654,0.0300869615401715,-0.08211077158296033,-0.04816917148136116
3162,24025,24026,3162,m12-2-9,2026-07-25T08:52:39Z,2681,0.07809107266785201,0.02145086874026916,0.008287291534317068,0.031974277082025
3162,24025,24026,3162,m12-2-9,2026-07-25T08:52:39Z,2682,0.07760064727347116,0.007812724733811442,-0.07609433383713454,0.004238447606506584
3162,24025,24026,3162,m12-2-9,2026-07-25T08:52:39Z,2683,0.08562213849653484,-0.01961536801313909,-0.04844386813696954,-0.0016300508270867464
3162,24025,24026,3162,m12-2-9,2026-07-25T08:52:39Z,2684,0.07888899208608657,-0.0035050120457613726,-0.07117514857377402,0.0013064742536368031
3162,24025,24026,3162,m12-2-9,2026-07-25T08:52:39Z,2685,0.08117171109589531,0.0035809120848080446,-0.019217526315593758,0.02381368889885274
3162,24025,24026,3162,m12-2-9,2026-07-25T08:52:39Z,2686,0.0757580880555605,0.009448340233634068,0.09572489548474351,-0.0028501587249614674
3162,24025,24026,3162,m12-2-9,2026-07-25T08:52:39Z,2687,0.06736625791608052,0.05553345441943578,-0.05743573603629902,-0.014269689635700362
3162,24025,24026,3162,m12-2-9,2026-07-25T08:52:39Z,2688,0.08059045701428265,0.007004221416010066,0.012887651019925823,-0.07280096067922098
3162,24025,24026,3162,m12-2-9,2026-07-25T08:52:39Z,2689,0.06769195632896469,0.0649314551880143,0.0010712538219655656,-0.03367916069185098
3162,24025,24026,3162,m12-2-9,2026-07-25T08:52:39Z,2690,0.07246504528510381,0.01287475391979868,-0.05524361981323633,0.0041660494921901305
3162,24025,24026,3162,m12-2-9,2026-07-25T08:52:39Z,2691,0.06379737372367077,0.04638013606218213,0.03297740097084441,0.03752668081340144
3162,24025,24026,3162,m12-2-9,2026-07-25T08:52:39Z,2692,0.08216835679171454,0.037979690358640725,-0.017703988543599353,-0.04090952038909392
3162,24025,24026,3162,m12-2-9,2026-07-25T08:52:39Z,2693,0.07358712935189189,-0.06412220571011552,0.03815553327566929,-0.0009889829937079109
3162,24025,24026,3162,m12-2-9,2026-07-25T08:52:39Z,2694,0.06822160374865352,-0.0009151656042618066,0.03626719182766229,0.08725462384553703
3162,24025,24026,3162,m12-2-9,2026-07-25T08:52:39Z,2695,0.07318224155410924,0.030210606537804108,-0.011422713381126522,-0.07471727921438172
3162,24025,24026,3162,m12-2-9,2026-07-25T08:52:39Z,2696,0.0875863174799573,0.020064764614157293,-0.012143919566128501,0.006070785744110737
3162,24025,24026,3162,m12-2-9,2026-07-25T08:52:39Z,2697,0.07121243450005393,0.016317323424787533,-0.017596587220527458,0.08200544333146298
3162,24025,24026,3162,m12-2-9,2026-07-25T08:52:39Z,2698,0.07792531231888894,-0.08211294734270407,0.0245374741832839,0.14785480243879937
3162,24025,24026,3162,m12-2-9,2026-07-25T08:52:39Z,2699,0.0779893693933634,-0.06423253353597198,-0.04225680215890432,0.0301833689254974
3162,24025,24026,3162,m12-2-9,2026-07-25T08:52:39Z,2700,0.06674747423139123,0.02303449643004817,0.024099121553310954,0.08396847276343937
3162,24025,24026,3162,m12-2-9,2026-07-25T08:52:39Z,2701,0.08760078478495056,0.020738285348559985,0.009778584193570807,0.06295387974009518
3162,24025,24026,3162,m12-2-9,2026-07-25T08:52:39Z,2702,0.0697065768391357,0.02910613346022377,0.067242514128298,0.02628110774436062
3162,24025,24026,3162,m12-2-9,2026-07-25T08:52:39Z,2703,0.06932345210486326,0.02571271787396962,-0.036842828693734,-0.07870281933867443
3162,24025,24026,3162,m12-2-9,2026-07-25T08:52:39Z,2704,0.09267777647804097,-0.0064447216456415156,0.0069302987917755484,-0.00011427579046118032
3162,24025,24026,3162,m12-2-9,2026-07-25T08:52:39Z,2705,0.06865140184038872,-0.013866597092270807,-0.08381649381667013,-0.01460778595099563
3162,24025,24026,3162,m12-2-9,2026-07-25T08:52:39Z,2706,0.07467490426998136,0.006790533396928565,0.04904989918538611,-0.03782776430423287
3162,24025,24026,3162,m12-2-9,2026-07-25T08:52:39Z,2707,0.07478134905844039,-0.004997511823677286,0.07013782913495277,0.054826010201475754
3162,24025,24026,3162,m12-2-9,2026-07-25T08:52:39Z,2708,0.06399154868016385,-0.05677931098570075,-0.01624547214477761,0.08113965039129058
3162,24025,24026,3162,m12-2-9,2026-07-25T08:52:39Z,2709,0.06503567654398563,0.004071932815247818,0.08314618719798607,-0.04865588495112318
3162,24025,24026,3162,m12-2-9,2026-07-25T08:52:39Z,2710,0.08420676723506561,0.030372000848823147,0.022944154028452988,-0.030503238314325706
3162,24025,24026,3162,m12-2-9,2026-07-25T08:52:39Z,2711,0.06828675348166843,0.025314403327504446,0.0807155135223808,0.042945644143377835
3162,24025,24026,3162,m12-2-9,2026-07-25T08:52:39Z,2712,0.06829486524521816,0.03763565338773757,-0.049231810445023914,-0.04577014283434118
3162,24025,24026,3162,m12-2-9,2026-07-25T08:52:39Z,2713,0.08678713620728176,0.036450913477345984,-0.00471771362108912,-0.016803067362360372
3162,24025,24026,3162,m12-2-9,2026-07-25T08:52:39Z,2714,0.08960177970380938,0.003957954924368844,-0.0018575251556355928,0.026367875643916197
3162,24025,24026,3162,m12-2-9,2026-07-25T08:52:39Z,2715,0.0812458077413049,-0.06749494201643097,0.5701548760390115,0.030821183958016193
3162,24025,24026,3162,m12-2-9,2026-07-25T08:52:39Z,2716,0.0802142986209935,-0.07080819208793956,0.007230976900669798,-0.0016727931339105087
3162,24025,24026,3162,m12-2-9,2026-07-25T08:52:39Z,2717,0.07409437319724954,-0.0207115119786265,0.07077054854334994,-0.01507735123255753
3162,24025,24026,3162,m12-2-9,2026-07-25T08:52:39Z,2718,0.07653978934419918,0.06496389736148789,-0.0195960696957305,0.005639920155565884
3162,24025,24026,3162,m12-2-9,2026-07-25T08:52:39Z,2719,0.06094652755003633,0.07557533847895928,0.022509143248862683,-0.04148289286686905
3162,24025,24026,3162,m12-2-9,2026-07-25T08:52:39Z,2720,0.0748672407533593,0.005214575817552997,-0.05827736107353728,-0.05410628174509176
3162,24025,24026,3162,m12-2-9,2026-07-25T08:52:39Z,2721,0.07325334713058942,0.029767350853324437,-0.027007332967642912,0.1034248793774875
3162,24025,24026,3162,m12-2-9,2026-07-25T08:52:39Z,2722,0.08452321754972048,-0.02516365074877513,0.051340745835047885,-0.0006827695289638903
3162,24025,24026,3162,m12-2-9,2026-07-25T08:52:39Z,2723,0.07299106106719012,0.02252847167996355,0.05416357912339179,0.0908871642552014
3162,24025,24026,3162,m12-2-9,2026-07-25T08:52:39Z,2724,0.06209198531549994,0.057754275883878735,-0.05848376503423696,0.0020873207998738383
3162,24025,24026,3162,m12-2-9,2026-07-25T08:52:39Z,2725,0.06939261400678906,-0.08852106383530013,0.036089599985909285,-0.025697879287540047
3162,24025,24026,3162,m12-2-9,2026-07-25T08:52:39Z,2726,0.06352149198633528,0.016849812765690073,-0.06178671572906893,0.07039740053178721
3162,24025,24026,3162,m12-2-9,2026-07-25T08:52:39Z,2727,0.09165678177992921,0.026791085853032075,-0.008717763994143132,-0.00236810334493781
3162,24025,24026,3162,m12-2-9,2026-07-25T08:52:39Z,2728,0.0845885517258999,-0.050855920541873934,-0.00246963399183922,0.006896116022785955
3162,24025,24026,3162,m12-2-9,2026-07-25T08:52:39Z,2729,0.08504440699071487,-0.03777104063162919,0.030131056662413017,0.016006477326621242
3162,24025,24026,3162,m12-2-9,2026-07-25T08:52:39Z,2730,0.07790733923624717,-0.026341611164324125,0.07176594236568987,-0.03318015455200037
3162,24025,24026,3162,m12-2-9,2026-07-25T08:52:39Z,2731,0.06707620888013606,0.07368585147358533,0.08953977887184622,0.03878909190773562
3162,24025,24026,3162,m12-2-9,2026-07-25T08:52:39Z,2732,0.06191856325944115,0.021379258642836074,0.05725194626181225,0.0745947010899552
3162,24025,24026,3162,m12-2-9,2026-07-25T08:52:39Z,2733,0.0925367548473151,0.0014337639097108386,-0.005185500170665967,-0.015132311763455508
3162,24025,24026,3162,m12-2-9,2026-07-25T08:52:39Z,2734,0.08177173851678153,0.035138226189057715,0.038563533316182334,-0.015204135866720979
3162,24025,24026,3162,m12-2-9,2026-07-25T08:52:39Z,2735,0.06677660641151756,0.02194288377845888,0.03187563497401908,0.10712708956097454
3162,24025,24026,3162,m12-2-9,2026-07-25T08:52:39Z,2736,0.05783641924080118,0.07109721561024243,0.017373748306243376,0.05020075005970864
3162,24025,24026,3162,m12-2-9,2026-07-25T08:52:39Z,2737,0.08640120332568883,0.008577586423241405,-0.027100284638533624,0.002689332015778921
3162,24025,24026,3162,m12-2-9,2026-07-25T08:52:39Z,2738,0.07841754315623277,-0.03607895415206952,0.021597070226731917,-0.045163673950816365
3162,24025,24026,3162,m12-2-9,2026-07-25T08:52:39Z,2739,0.07236664480398022,-0.0026851303443066773,0.06492937727478232,-0.03103204186393503
3162,24025,24026,3162,m12-2-9,2026-07-25T08:52:39Z,2740,0.07943874105465916,-0.004396397244673031,0.05789780321951612,-0.003997372863602258
3162,24025,24026,3162,m12-2-9,2026-07-25T08:52:39Z,2741,0.07128685974092117,-0.056517217003099876,0.03392681295248668,0.01217873589267683
3162,24025,24026,3162,m12-2-9,2026-07-25T08:52:39Z,2742,0.0714045294215608,-0.0884976060761304,0.024823649734856693,-0.01895626401793485
3162,24025,24026,3162,m12-2-9,2026-07-25T08:52:39Z,2743,0.07110720963616424,0.058038274568677106,-0.03660524501006765,-0.10646370117315052
3162,24025,24026,3162,m12-2-9,2026-07-25T08:52:39Z,2744,0.06574029719671723,0.06954843332417829,0.03770601743871122,-0.024732077654004807
3162,24025,24026,3162,m12-2-9,2026-07-25T08:52:39Z,2745,0.06901881952328025,-0.024321137052224374,0.027662330451559844,-0.08517117067042118
3162,24025,24026,3162,m12-2-9,2026-07-25T08:52:39Z,2746,0.07949152685190664,-0.054700251132529444,0.029730028717568444,0.002095715415112227
3162,24025,24026,3162,m12-2-9,2026-07-25T08:52:39Z,2747,0.07877326614985024,0.023136331579994743,0.03990718730145792,0.02829112946367981
3162,24025,24026,3162,m12-2-9,2026-07-25T08:52:39Z,2748,0.07994124184475342,0.05233007091356836,-0.03323885356033338,-0.008066778768031696
3162,24025,24026,3162,m12-2-9,2026-07-25T08:52:39Z,2749,0.06104816109518306,-0.076050989512049,-0.05322954745890712,0.011848860361107482
3162,24025,24026,3162,m12-2-9,2026-07-25T08:52:39Z,2750,0.06885683279536046,-0.011225863645166452,0.1101601139473943,0.03395695203970135
3162,24025,24026,3162,m12-2-9,2026-07-25T08:52:39Z,2751,0.07871067293709047,0.0125282861439627,0.002698220521814313,-0.09953223428657507
3162,24025,24026,3162,m12-2-9,2026-07-25T08:52:39Z,2752,0.07209906235189766,0.03561398473315226,0.04492410025339734,-0.02613596782036566
3162,24025,24026,3162,m12-2-9,2026-07-25T08:52:39Z,2753,0.08027902692326262,0.029795315329345342,-0.02344041685559438,-0.0545333627319243
3162,24025,24026,3162,m12-2-9,2026-07-25T08:52:39Z,2754,0.06465303194215724,0.021808446498742022,-0.05565195042161224,-0.029886997132500228
3162,24025,24026,3162,m12-2-9,2026-07-25T08:52:39Z,2755,0.054625785850703164,-0.059443355879354114,-0.043995898920247634,-0.035838758730680986
3162,24025,24026,3162,m12-2-9,2026-07-25T08:52:39Z,2756,0.07335257517640681,0.07795990955897429,-0.029400380336033927,0.013257844597108465
3162,24025,24026,3162,m12-2-9,2026-07-25T08:52:39Z,2757,0.06703904418848645,0.04887655736856407,0.04219684330286879,-0.007863823011526536
3162,24025,24026,3162,m12-2-9,2026-07-25T08:52:39Z,2758,0.06921073782856056,-0.011335503399277799,-0.095855670574544,0.01374094834819688
3162,24025,24026,3162,m12-2-9,2026-07-25T08:52:39Z,2759,0.08690838418394216,-0.03341265243160579,-0.0031554441507297484,0.014491570102741333
3162,24025,24026,3162,m12-2-9,2026-07-25T08:52:39Z,2760,0.07906404850062626,0.003703933916474924,-0.05827871702066373,-0.02484107086793645
3162,24025,24026,3162,m12-2-9,2026-07-25T08:52:39Z,2761,0.08404391526695916,-0.053251263915898656,0.023056197067787595,0.0075932126492002415
3162,24025,24026,3162,m12-2-9,2026-07-25T08:52:39Z,2762,0.06694680461982933,-0.10281319866873996,0.015334380105547373,0.05285765787774992
3162,24025,24026,3162,m12-2-9,2026-07-25T08:52:39Z,2763,0.06743138711498421,0.0901895292866024,-0.05219580259671091,0.0018956648834583668
3162,24025,24026,3162,m12-2-9,2026-07-25T08:52:39Z,2764,0.07905371846810923,-0.014476477232422864,-0.07362811242859867,-0.002860410744514613
3162,24025,24026,3162,m12-2-9,2026-07-25T08:52:39Z,2765,0.08744874045411066,0.05115013945232999,-0.012192300278620288,0.05979602717064785
3162,24025,24026,3162,m12-2-9,2026-07-25T08:52:39Z,2766,0.06845042384882793,0.01701435870406487,0.08400260163978002,-0.006163947914297767
3162,24025,24026,3162,m12-2-9,2026-07-25T08:52:39Z,2767,0.0877396887194487,0.07018354921218542,0.028745776189219235,-0.021659011907919547
3162,24025,24026,3162,m12-2-9,2026-07-25T08:52:39Z,2768,0.07221482404287435,0.0786143167129624,0.009610135551394795,0.01935168866742144
3162,24025,24026,3162,m12-2-9,2026-07-25T08:52:39Z,2769,0.07152788224170974,-0.05827275698038079,0.013326091646473914,-0.0539769583877073
3162,24025,24026,3162,m12-2-9,2026-07-25T08:52:39Z,2770,0.08507334431817237,0.050655822242079256,0.008333546212860176,0.011727006663404722
3162,24025,24026,3162,m12-2-9,2026-07-25T08:52:39Z,2771,0.07064699681089319,0.08454676935833082,0.03155732357577671,0.006517422159313488
3162,24025,24026,3162,m12-2-9,2026-07-25T08:52:39Z,2772,0.07595751228946021,-0.04708995568318296,0.036871868212135485,-0.014665651251942916
3162,24025,24026,3162,m12-2-9,2026-07-25T08:52:39Z,2773,0.09060106917875944,0.03712353027752561,0.0012843398435519106,-0.0034771514828432293
3162,24025,24026,3162,m12-2-9,2026-07-25T08:52:39Z,2774,0.06983788955496822,0.046486124723311144,0.076582753903454,-0.026674916786217827
3162,24025,24026,3162,m12-2-9,2026-07-25T08:52:39Z,2775,0.08672941286687454,0.036972351597543585,-0.011395910928353355,0.008089742562613014
3162,24025,24026,3162,m12-2-9,2026-07-25T08:52:39Z,2776,0.07496429508752278,-0.09922853149956827,-0.019362989594884424,-0.025793250901836325
3162,24025,24026,3162,m12-2-9,2026-07-25T08:52:39Z,2777,0.08331572518633804,-0.0011905386761939354,-0.012092689009555811,-0.042603478741869316
3162,24025,24026,3162,m12-2-9,2026-07-25T08:52:39Z,2778,0.08600849485781453,0.03442954715929365,-0.009011128662396143,0.032827579231861595
3162,24025,24026,3162,m12-2-9,2026-07-25T08:52:39Z,2779,0.06375057903946064,-0.04394759964478669,0.08215567950634492,0.013193839192303656
3162,24025,24026,3162,m12-2-9,2026-07-25T08:52:39Z,2780,0.05762641244019818,0.056060242721420954,-0.055304056698468725,-0.014505136541993343
3162,24025,24026,3162,m12-2-9,2026-07-25T08:52:39Z,2781,0.06669596415319169,-0.026674005608000494,-0.06961899986783159,-0.03380415252314692
3162,24025,24026,3162,m12-2-9,2026-07-25T08:52:39Z,2782,0.0749342857101693,-0.07836105447627681,0.01540102725212005,-0.006884270851240592
3162,24025,24026,3162,m12-2-9,2026-07-25T08:52:39Z,2783,0.07373276358257158,0.07666282263337314,0.030676289185649568,0.049921802274491854
3162,24025,24026,3162,m12-2-9,2026-07-25T08:52:39Z,2784,0.059818386711638985,-0.06826535179663534,0.008697221149037504,-0.06643620648780078
3162,24025,24026,3162,m12-2-9,2026-07-25T08:52:39Z,2785,0.06406911652323054,0.0075471725116812004,0.05307242688961201,0.05459957104110257
3162,24025,24026,3162,m12-2-9,2026-07-25T08:52:39Z,2786,0.08097563131557062,0.02432093098699741,0.056191597237676694,-0.012225291042838043
3162,24025,24026,3162,m12-2-9,2026-07-25T08:52:39Z,2787,0.06921982184941466,0.03036146534344784,-0.05712798361028134,0.007088330383362912
3162,24025,24026,3162,m12-2-9,2026-07-25T08:52:39Z,2788,0.08383440807758558,0.032066030138347835,0.04761556173288933,-0.0138282166587536
3162,24025,24026,3162,m12-2-9,2026-07-25T08:52:39Z,2789,0.07213124488549164,0.04721223061343268,-0.05168188069390258,-0.016518772129244876
3162,24025,24026,3162,m12-2-9,2026-07-25T08:52:39Z,2790,0.05798537573979176,-0.04917027417359415,0.0493007911669545,-0.05091211754397521
3162,24025,24026,3162,m12-2-9,2026-07-25T08:52:39Z,2791,0.08181447967154484,0.03108801265807642,-0.04215375906301575,0.0005920905947699813
3162,24025,24026,3162,m12-2-9,2026-07-25T08:52:39Z,2792,0.07471843956899789,0.03086411468280595,-0.0064348339970635915,0.06532153998687884
3162,24025,24026,3162,m12-2-9,2026-07-25T08:52:39Z,2793,0.07189671358747686,0.01408966071836537,0.02040909851705492,-0.10783309400932908
3162,24025,24026,3162,m12-2-9,2026-07-25T08:52:39Z,2794,0.0858563207916858,0.0023921386071580333,-0.03790888871299775,0.030621943679781622
3162,24025,24026,3162,m12-2-9,2026-07-25T08:52:39Z,2795,0.08210013470452998,-0.02049365216573991,-0.01861184552236084,0.06037110280346497
3162,24025,24026,3162,m12-2-9,2026-07-25T08:52:39Z,2796,0.0699036042047769,0.010121285392731057,-0.07108007998824109,-0.031513066471305265
3162,24025,24026,3162,m12-2-9,2026-07-25T08:52:39Z,2797,0.07232242669777926,0.03520235683697621,-0.032939986961132074,-0.05233346148733217
3162,24025,24026,3162,m12-2-9,2026-07-25T08:52:39Z,2798,0.09216511792664862,0.01997023160552482,0.00030023217508278567,-0.007870200347282912
3162,24025,24026,3162,m12-2-9,2026-07-25T08:52:39Z,2799,0.0741845644397675,-0.04200938437720912,-0.04545321860579628,0.025644959466305704
3162,24025,24026,3162,m12-2-9,2026-07-25T08:52:39Z,2800,0.07169285968549857,0.0842588196276557,0.03166189064736242,-0.031776606477373466
3162,24025,24026,3162,m12-2-9,2026-07-25T08:52:39Z,2801,0.06852905851997167,0.01273347082903132,-0.027391375959883998,-0.09136448941715142
3162,24025,24026,3162,m12-2-9,2026-07-25T08:52:39Z,2802,0.06094983031050264,0.061513362412532094,0.03183180813996478,0.041377129531037254
3162,24025,24026,3162,m12-2-9,2026-07-25T08:52:39Z,2803,0.09267040048161906,-0.023983434838436006,-0.07314351492560202,-0.03341941861605654
3162,24025,24026,3162,m12-2-9,2026-07-25T08:52:39Z,2804,0.07724175339587319,0.025846011472143215,0.0650425180192539,-0.014231937968109388
3162,24025,24026,3162,m12-2-9,2026-07-25T08:52:39Z,2805,0.08316973103360287,0.02706019128365477,-0.0025271416444130777,-0.03656011039736658
3162,24025,24026,3162,m12-2-9,2026-07-25T08:52:39Z,2806,0.0671141412663967,-0.044430319029404274,-0.05081786818271722,-0.04705805311978391
3162,24025,24026,3162,m12-2-9,2026-07-25T08:52:39Z,2807,0.08179136441767197,-0.05129263040545681,-0.013613522329834822,0.043050230486481905
3162,24025,24026,3162,m12-2-9,2026-07-25T08:52:39Z,2808,0.08083253031191548,-0.021285561684285248,0.021065461842162292,0.04365511742274634
3162,24025,24026,3162,m12-2-9,2026-07-25T08:52:39Z,2809,0.07048618309199982,0.03196245573902522,-0.062220842540530105,0.02220329073594675
3162,24025,24026,3162,m12-2-9,2026-07-25T08:52:39Z,2810,0.08098581743221295,0.03140542524780023,-0.007649140500312079,0.0740491141972138
3162,24025,24026,3162,m12-2-9,2026-07-25T08:52:39Z,2811,0.08941706138673222,-0.017439365127358983,0.0018314796029391754,-0.026797223464868777
3162,24025,24026,3162,m12-2-9,2026-07-25T08:52:39Z,2812,0.08074546742130222,0.057521052836116776,-0.017173182706958008,0.015158738756261603
3162,24025,24026,3162,m12-2-9,2026-07-25T08:52:39Z,2813,0.06891208148675927,0.022316597373460288,0.07225414802635542,0.03316045263055112
3162,24025,24026,3162,m12-2-9,2026-07-25T08:52:39Z,2814,0.07412290074315708,-0.04721234964329783,-0.05500126875439236,0.002062144191944044
3162,24025,24026,3162,m12-2-9,2026-07-25T08:52:39Z,2815,0.07376388442927552,-0.059070723876680484,0.02401703667452365,0.044123968842492645
3162,24025,24026,3162,m12-2-9,2026-07-25T08:52:39Z,2816,0.062402939978117335,-0.07832337126733835,0.012164250923781494,-0.050632125544699945
3162,24025,24026,3162,m12-2-9,2026-07-25T08:52:39Z,2817,0.08161335493178487,0.05097067162697748,-0.036764312577981524,0.00254228072335646
3162,24025,24026,3162,m12-2-9,2026-07-25T08:52:39Z,2818,0.08407369351154635,-0.027012609048699503,-0.04648392334635544,0.02515364731857991
3162,24025,24026,3162,m12-2-9,2026-07-25T08:52:39Z,2819,0.07408904920232272,-0.10483729001570584,-0.028268725079306504,-0.023078643715584605
3162,24025,24026,3162,m12-2-9,2026-07-25T08:52:39Z,2820,0.06251789314085668,-0.06393457892964101,-0.05352362494652764,0.04032830023810998
3162,24025,24026,3162,m12-2-9,2026-07-25T08:52:39Z,2821,0.07572829338313981,-0.06706188416007017,-0.029888822426289836,0.08959384646083426
3162,24025,24026,3162,m12-2-9,2026-07-25T08:52:39Z,2822,0.0615641787071324,0.0701145306141886,-0.028318090230803356,-0.03871889255663285
3162,24025,24026,3162,m12-2-9,2026-07-25T08:52:39Z,2823,0.07603261066196937,0.06868242177579865,0.005280971289302663,-0.04305724091775817
3162,24025,24026,3162,m12-2-9,2026-07-25T08:52:39Z,2824,0.06367174696260672,0.07923815501966466,0.010162369795658857,-0.02862324684419793
3162,24025,24026,3162,m12-2-9,2026-07-25T08:52:39Z,2825,0.09066376265794492,-0.010200221918964941,-0.018539782572270878,-0.013194474213185682
3162,24025,24026,3162,m12-2-9,2026-07-25T08:52:39Z,2826,0.06114554447636987,-0.06689708927036711,-0.05571927064331536,-0.013436000458675938
3162,24025,24026,3162,m12-2-9,2026-07-25T08:52:39Z,2827,0.06948940336582529,-0.02071569702080196,-0.06477600746635541,0.04786579836969076
3162,24025,24026,3162,m12-2-9,2026-07-25T08:52:39Z,2828,0.0751035406631626,-0.005820942073275953,-0.08936973325935267,0.011823510517595693
3162,24025,24026,3162,m12-2-9,2026-07-25T08:52:39Z,2829,0.07865709652476881,-0.00867617494444567,0.037682996413587584,0.04328190013714818
3162,24025,24026,3162,m12-2-9,2026-07-25T08:52:39Z,2830,0.057136504033735144,0.027465425990911483,0.06556046590471631,0.0485511584881476
3162,24025,24026,3162,m12-2-9,2026-07-25T08:52:39Z,2831,0.06617887135382515,-0.022632566088614553,0.06670530340839603,0.027159529004252798
3162,24025,24026,3162,m12-2-9,2026-07-25T08:52:39Z,2832,0.07033499634442265,0.0029624609658715695,-0.07606167768402698,-0.006075254347028809
3162,24025,24026,3162,m12-2-9,2026-07-25T08:52:39Z,2833,0.09210022391101634,0.01331879350009644,0.013955622737459577,-0.01701284036819849
3162,24025,24026,3162,m12-2-9,2026-07-25T08:52:39Z,2834,0.08131957146484674,-0.0635200515721206,0.03490556546170286,-0.003638092135578225
3162,24025,24026,3162,m12-2-9,2026-07-25T08:52:39Z,2835,0.08407713168228137,-0.0059773249566789635,0.04566570950030787,0.01440124148223583
3162,24025,24026,3162,m12-2-9,2026-07-25T08:52:39Z,2836,0.08300089624888805,0.009878001590173541,0.05671138841423923,-0.019042034787493417
3162,24025,24026,3162,m12-2-9,2026-07-25T08:52:39Z,2837,0.07755509522237818,-0.009135858212938266,-0.07132437760385701,-0.017504569485991623
3162,24025,24026,3162,m12-2-9,2026-07-25T08:52:39Z,2838,0.0685544276632258,-0.004875205884237085,0.0908834524728016,0.0338613441899199
3162,24025,24026,3162,m12-2-9,2026-07-25T08:52:39Z,2839,0.07297512338627472,0.006951954465382915,-0.08490236370206154,-0.016757216386273047
3162,24025,24026,3162,m12-2-9,2026-07-25T08:52:39Z,2840,0.07678099092182851,0.024050833388203786,-0.054463574319149166,-0.0034664329782584805
3162,24025,24026,3162,m12-2-9,2026-07-25T08:52:39Z,2841,0.08193414935919557,-0.035049584882576465,0.005283236947124246,-0.05674748886697212
3162,24025,24026,3162,m12-2-9,2026-07-25T08:52:39Z,2842,0.05882349797343276,0.04309660792705002,0.0386692068589144,-0.0631801365236451
3162,24025,24026,3162,m12-2-9,2026-07-25T08:52:39Z,2843,0.08359149516888839,0.052743153545981455,-0.010883304014724069,0.010208061537835104
3162,24025,24026,3162,m12-2-9,2026-07-25T08:52:39Z,2844,0.07760191793076086,0.03155525591564241,-0.03364026160120923,-0.05399304816386139
3162,24025,24026,3162,m12-2-9,2026-07-25T08:52:39Z,2845,0.08393790598116271,-0.05091546848084771,0.005042211866106912,-0.016038020776701016
3162,24025,24026,3162,m12-2-9,2026-07-25T08:52:39Z,2846,0.08046454513481043,0.03883820759937778,0.028181374862667873,-0.029671836961627774
3162,24025,24026,3162,m12-2-9,2026-07-25T08:52:39Z,2847,0.08248822735648055,-0.06390662299664078,0.03856894596026838,0.005755118464204869
3162,24025,24026,3162,m12-2-9,2026-07-25T08:52:39Z,2848,0.07619129374453913,-0.0568890815097028,-0.03457786394522132,-0.021206505975122556
3162,24025,24026,3162,m12-2-9,2026-07-25T08:52:39Z,2849,0.06729232384845484,0.03481565691566388,0.008667032190562106,-0.04450713861961061
3162,24025,24026,3162,m12-2-9,2026-07-25T08:52:39Z,2850,0.0856533831002559,0.05827640449646866,-0.013541823311862945,0.00804478313987256
3162,24025,24026,3162,m12-2-9,2026-07-25T08:52:39Z,2851,0.08896485363776534,0.011520534629939868,0.008563058132163657,0.005528942481151782
3162,24025,24026,3162,m12-2-9,2026-07-25T08:52:39Z,2852,0.07283388676813643,0.006190232776857525,-0.08385522306788656,-0.005613451540717458
3162,24025,24026,3162,m12-2-9,2026-07-25T08:52:39Z,2853,0.06688311123536486,-0.010801293709585505,-0.031424835572440496,0.07932661701013632
3162,24025,24026,3162,m12-2-9,2026-07-25T08:52:39Z,2854,0.06862885761658556,-0.013980201292363739,0.09391642101024014,-0.017915621257298266
3162,24025,24026,3162,m12-2-9,2026-07-25T08:52:39Z,2855,0.09154812749126551,0.013805026730871016,0.005516008273457474,-0.014901352649352982
3162,24025,24026,3162,m12-2-9,2026-07-25T08:52:39Z,2856,0.07951109202532158,-0.0015838420335688751,0.062131353744663484,0.0008865299066359992
3162,24025,24026,3162,m12-2-9,2026-07-25T08:52:39Z,2857,0.07428128364007928,-0.00017784687922250085,-0.05999666297860925,0.002069510536470304
3162,24025,24026,3162,m12-2-9,2026-07-25T08:52:39Z,2858,0.0746590759768081,-0.04016912356027881,-0.06422499626415272,0.02491798561078885
3162,24025,24026,3162,m12-2-9,2026-07-25T08:52:39Z,2859,0.07444091756289564,0.02304714254825203,-0.03666325612330001,0.13326271600149375
3162,24025,24026,3162,m12-2-9,2026-07-25T08:52:39Z,2860,0.0870032995232558,-0.051300737338568686,0.008114511556512348,-0.00641886560514922
3162,24025,24026,3162,m12-2-9,2026-07-25T08:52:39Z,2861,0.07594345600037405,0.0888355638275784,-0.004755313403650611,0.0002172933734281868
3162,24025,24026,3162,m12-2-9,2026-07-25T08:52:39Z,2862,0.07564735868864365,0.00701817330743985,0.002906521725448073,-0.09985897879842814
3162,24025,24026,3162,m12-2-9,2026-07-25T08:52:39Z,2863,0.09088392353032787,0.03421403141542849,0.01683296933944267,-0.010716802495014364
3162,24025,24026,3162,m12-2-9,2026-07-25T08:52:39Z,2864,0.08226803670807396,0.039548583446765845,-0.04179395978305434,0.04175621273178089
3162,24025,24026,3162,m12-2-9,2026-07-25T08:52:39Z,2865,0.07542330163123712,0.026438701827010677,-0.03711889303232928,-0.051594528042706436
3162,24025,24026,3162,m12-2-9,2026-07-25T08:52:39Z,2866,0.09029493457269057,-0.008283735103337455,0.02047092316382705,-0.021684751076501065
3162,24025,24026,3162,m12-2-9,2026-07-25T08:52:39Z,2867,0.07756441898134081,0.042886916994394515,0.0471905091783846,-0.0347170508057484
3162,24025,24026,3162,m12-2-9,2026-07-25T08:52:39Z,2868,0.07336000254428533,0.03817601520915987,-0.010188158004441766,-0.04640429191462505
3162,24025,24026,3162,m12-2-9,2026-07-25T08:52:39Z,2869,0.07697440085560209,0.011694670204282442,0.0684801727794227,0.012608651034493401
3162,24025,24026,3162,m12-2-9,2026-07-25T08:52:39Z,2870,0.07403773057221472,-0.0319837136954953,0.031612991833394014,-0.07194404447838981
3162,24025,24026,3162,m12-2-9,2026-07-25T08:52:39Z,2871,0.06633576708190984,0.08766082116376364,0.020063728480222424,0.017036437814969614
3162,24025,24026,3162,m12-2-9,2026-07-25T08:52:39Z,2872,0.08548191171822739,-0.018101476569893037,-0.007204958538944342,-0.06677065003493725
3162,24025,24026,3162,m12-2-9,2026-07-25T08:52:39Z,2873,0.06836553944689172,-0.07630986551290661,-0.04147488068479473,0.07379853781016703
3162,24025,24026,3162,m12-2-9,2026-07-25T08:52:39Z,2874,0.06998788510892236,0.05956967113971901,-0.03477227369687,-0.0053632020197138894
3162,24025,24026,3162,m12-2-9,2026-07-25T08:52:39Z,2875,0.06663625106617721,0.02259151668156015,-0.011259691244742737,0.12454418323023957
3162,24025,24026,3162,m12-2-9,2026-07-25T08:52:39Z,2876,0.08026575796550688,-0.000990790746661965,0.0031511008792119086,0.07583429752443614
3162,24025,24026,3162,m12-2-9,2026-07-25T08:52:39Z,2877,0.0651419641526946,-0.08004567830030176,0.038862234568318985,0.006308497352656592
3162,24025,24026,3162,m12-2-9,2026-07-25T08:52:39Z,2878,0.07458664883748685,-0.07934325922160583,0.019762933458776225,0.008906158685065533
3162,24025,24026,3162,m12-2-9,2026-07-25T08:52:39Z,2879,0.061580462339035365,0.03600320821890934,-0.12795458317052358,-0.00417858724965977
3162,24025,24026,3162,m12-2-9,2026-07-25T08:52:39Z,2880,0.0683089907468948,-0.01662525937160851,-0.07447993156970996,0.07099032010291827
3162,24025,24026,3162,m12-2-9,2026-07-25T08:52:39Z,2881,0.06724503576554625,-0.07592105536591656,-0.015662829663543106,-0.04499932388666175
3162,24025,24026,3162,m12-2-9,2026-07-25T08:52:39Z,2882,0.06010688455422554,0.07291846813632759,-0.02550018817423328,0.04258765093485409
3162,24025,24026,3162,m12-2-9,2026-07-25T08:52:39Z,2883,0.07130901948682837,0.01975313450095851,-0.017597159268525474,-0.09234716866466501
3162,24025,24026,3162,m12-2-9,2026-07-25T08:52:39Z,2884,0.07089779158309435,-0.7972171274466436,2.761563966838277,1.6340221197460993
3162,24025,24026,3162,m12-2-9,2026-07-25T08:52:39Z,2885,0.0732703240359904,0.05820112057171861,-0.005065804194222427,0.03614377628999626
3162,24025,24026,3162,m12-2-9,2026-07-25T08:52:39Z,2886,0.07333350687338,-0.00178797023798269,0.0010096186742865178,-0.10091331292681699
3162,24025,24026,3162,m12-2-9,2026-07-25T08:52:39Z,2887,0.05733002435459054,0.017705032058898656,-0.06714217566043232,-0.09499578282704062
3162,24025,24026,3162,m12-2-9,2026-07-25T08:52:39Z,2888,0.05947738609256667,0.061063882695176,0.07767959083341473,0.058821613627990994
3162,24025,24026,3162,m12-2-9,2026-07-25T08:52:39Z,2889,0.0885587687976303,-0.009125154106049936,0.02834191856370091,-0.032488604576162684
3162,24025,24026,3162,m12-2-9,2026-07-25T08:52:39Z,2890,0.0750683758211935,0.08338707496582004,0.002272269815802033,0.004711327293150452
3162,24025,24026,3162,m12-2-9,2026-07-25T08:52:39Z,2891,0.06006979728883323,0.053018598325495825,0.04240711855994861,-0.02441194580120192
3162,24025,24026,3162,m12-2-9,2026-07-25T08:52:39Z,2892,0.06693190711020358,0.05004532326047099,0.06677581874175438,-0.01473464942400374
3162,24025,24026,3162,m12-2-9,2026-07-25T08:52:39Z,2893,0.07139109285796964,-0.03334585532995921,0.0717630094120458,0.019118367943907026
3162,24025,24026,3162,m12-2-9,2026-07-25T08:52:39Z,2894,0.06394002875812432,-0.01770160160348484,0.03093072434620203,-0.05530710606133047
3162,24025,24026,3162,m12-2-9,2026-07-25T08:52:39Z,2895,0.07873154703075207,-0.007465989663736245,0.05761972450491151,0.029815797419460843
3162,24025,24026,3162,m12-2-9,2026-07-25T08:52:39Z,2896,0.08422994125895597,0.020396385574306848,0.03503078228709201,0.04573074622763466
3162,24025,24026,3162,m12-2-9,2026-07-25T08:52:39Z,2897,0.07703336097087489,0.011200964440119998,-0.019965023625020364,-0.08245443352731557
3162,24025,24026,3162,m12-2-9,2026-07-25T08:52:39Z,2898,0.0671113851589041,0.019030090487209658,0.055458797823379695,-0.08344111100082777
3162,24025,24026,3162,m12-2-9,2026-07-25T08:52:39Z,2899,0.06611161203698634,-0.021264534454587515,0.08123657458858283,0.02153997168075467
3162,24025,24026,3162,m12-2-9,2026-07-25T08:52:39Z,2900,0.07074192453182532,0.028604756257788456,-0.017508433331019844,0.07993585462185049
3162,24025,24026,3162,m12-2-9,2026-07-25T08:52:39Z,2901,0.06603051395924975,0.04104071809861473,-0.057847072000354126,-0.03070550010790331
3162,24025,24026,3162,m12-2-9,2026-07-25T08:52:39Z,2902,0.07730128115530696,-0.041240424638609614,-0.003780756481925202,0.06876950319109182
3162,24025,24026,3162,m12-2-9,2026-07-25T08:52:39Z,2903,0.07977013533293463,0.02981673028325285,-0.04925127123319454,-0.04069479622255054
3162,24025,24026,3162,m12-2-9,2026-07-25T08:52:39Z,2904,0.0854593356757111,0.04167532658688059,-0.0011805953444208258,-0.03741052357804835
3162,24025,24026,3162,m12-2-9,2026-07-25T08:52:39Z,2905,0.07988950607094684,0.002006409482537707,0.01912460947003345,0.05382601892223242
3162,24025,24026,3162,m12-2-9,2026-07-25T08:52:39Z,2906,0.07932186316912586,-0.07015268371105023,-0.03056922918638654,-0.0015234789225257788
3162,24025,24026,3162,m12-2-9,2026-07-25T08:52:39Z,2907,0.09018160293000696,-0.013868862833158349,0.0025166680418286444,0.03474210029644635
3162,24025,24026,3162,m12-2-9,2026-07-25T08:52:39Z,2908,0.07301895106590951,0.04457370690865423,0.028611306296045507,-0.023921324639723414
3162,24025,24026,3162,m12-2-9,2026-07-25T08:52:39Z,2909,0.06943281968784677,0.052811563950622926,-0.036890865013690655,-0.03663911603257047
3162,24025,24026,3162,m12-2-9,2026-07-25T08:52:39Z,2910,0.0790600767823646,0.0038254265197729346,-0.07827257376382322,-0.0043430249551482175
3162,24025,24026,3162,m12-2-9,2026-07-25T08:52:39Z,2911,0.06225251288336422,-0.01266005440226512,0.06785972189892782,0.0617817265242276
3162,24025,24026,3162,m12-2-9,2026-07-25T08:52:39Z,2912,0.08049259260735198,-0.00516615441261846,0.049208185374174436,0.028059780295228445
3162,24025,24026,3162,m12-2-9,2026-07-25T08:52:39Z,2913,0.07560761007091575,0.013047348953599037,0.004098723594724975,-0.09331962729512286
3162,24025,24026,3162,m12-2-9,2026-07-25T08:52:39Z,2914,0.07609736571259354,-0.01723618847146841,0.00964427093525131,-0.08850089073329957
3162,24025,24026,3162,m12-2-9,2026-07-25T08:52:39Z,2915,0.06068812487298329,-0.0038727755576906785,0.03669240205517794,-0.09021354139353412
3162,24025,24026,3162,m12-2-9,2026-07-25T08:52:39Z,2916,0.08398484876345266,0.008779298733212256,-0.021222736031498175,0.05381901897563808
3162,24025,24026,3162,m12-2-9,2026-07-25T08:52:39Z,2917,0.07227981180086002,-0.006770652951983803,0.08538863696966391,-0.006631646392555172
3162,24025,24026,3162,m12-2-9,2026-07-25T08:52:39Z,2918,0.0789065174541765,0.046468235104827144,-0.04752680982466561,-0.0005271756904957608
3162,24025,24026,3162,m12-2-9,2026-07-25T08:52:39Z,2919,0.06902619503472728,0.03710963774854387,0.06426949670693453,-0.008685715355544436
3162,24025,24026,3162,m12-2-9,2026-07-25T08:52:39Z,2920,0.08725759840013521,0.02297352082902901,0.0026397570359707355,0.027099037418754374
3162,24025,24026,3162,m12-2-9,2026-07-25T08:52:39Z,2921,0.06271405581554698,-0.04088616983122106,-0.044136536550983506,0.05366174582805617
3162,24025,24026,3162,m12-2-9,2026-07-25T08:52:39Z,2922,0.06964689556120071,0.07835466604365757,0.06272152769103918,-0.05639366637314687
3162,24025,24026,3162,m12-2-9,2026-07-25T08:52:39Z,2923,0.08268726458235322,0.07217312025008883,-0.02033068017730283,-0.0073964035509949235
3162,24025,24026,3162,m12-2-9,2026-07-25T08:52:39Z,2924,0.07974345143228719,0.04054373227821647,-0.013962888810334514,-0.0358310969823153
3162,24025,24026,3162,m12-2-9,2026-07-25T08:52:39Z,2925,0.08513264592929065,-0.01395648062901439,0.018795411189237228,0.017271099346544118
3162,24025,24026,3162,m12-2-9,2026-07-25T08:52:39Z,2926,0.0813663510962967,-0.008917048895960941,0.08341278101823511,0.009174485537508714
3162,24025,24026,3162,m12-2-9,2026-07-25T08:52:39Z,2927,0.058627242003802774,0.010305076965287775,0.08338007421140776,-0.07275268778215088
3162,24025,24026,3162,m12-2-9,2026-07-25T08:52:39Z,2928,0.06140941322116566,0.05828055326563988,0.03120112262147189,-0.05262091794156388
3162,24025,24026,3162,m12-2-9,2026-07-25T08:52:39Z,2929,0.06580719118597686,0.018360860596471372,-0.03257582613248797,0.06310631314941689
3162,24025,24026,3162,m12-2-9,2026-07-25T08:52:39Z,2930,0.06248601999999234,-0.0239190258680051,-0.05046325409349846,-0.043920585808907765
3162,24025,24026,3162,m12-2-9,2026-07-25T08:52:39Z,2931,0.0685197413878937,-0.03277552542614261,0.02570226988521749,-0.09984040750218195
3162,24025,24026,3162,m12-2-9,2026-07-25T08:52:39Z,2932,0.07263687620867061,-0.036262640050307195,-0.003850266271822818,0.04438446643731076
3162,24025,24026,3162,m12-2-9,2026-07-25T08:52:39Z,2933,0.08524449154810473,0.032107719234151705,-0.00933353098041225,0.018076288863913655
3162,24025,24026,3162,m12-2-9,2026-07-25T08:52:39Z,2934,0.07364650539961698,-0.01824939355620125,0.020025664801950355,0.08049593399719558
3162,24025,24026,3162,m12-2-9,2026-07-25T08:52:39Z,2935,0.07384702771337681,-0.03006045095823517,0.052983553588992094,-0.0073213586407658345
3162,24025,24026,3162,m12-2-9,2026-07-25T08:52:39Z,2936,0.08969883834381463,0.008406344688395835,-0.00513174304441562,-0.02307144665429897
3162,24025,24026,3162,m12-2-9,2026-07-25T08:52:39Z,2937,0.07429648084630103,-0.04179415264516459,-0.0010060441315316736,0.07138211123419252
3162,24025,24026,3162,m12-2-9,2026-07-25T08:52:39Z,2938,0.0793390924613921,-0.05808608748176503,0.011481179574917639,0.021272193077058372
3162,24025,24026,3162,m12-2-9,2026-07-25T08:52:39Z,2939,0.06362110776063282,-0.08096647086506685,0.04682181729338427,-0.024319533774023787
3162,24025,24026,3162,m12-2-9,2026-07-25T08:52:39Z,2940,0.08195685105288576,-0.035192572647423676,0.013921280415256376,-0.044425106596329395
3162,24025,24026,3162,m12-2-9,2026-07-25T08:52:39Z,2941,0.07580539939233064,-0.003803652771490495,-0.04664760948218366,0.04448618425687708
3162,24025,24026,3162,m12-2-9,2026-07-25T08:52:39Z,2942,0.061855156911706004,0.05067532903888234,-0.025098857323952648,0.05672153368957924
3162,24025,24026,3162,m12-2-9,2026-07-25T08:52:39Z,2943,0.09176778121174357,0.0128179137991548,0.007136454652976589,0.003014409491793034
3162,24025,24026,3162,m12-2-9,2026-07-25T08:52:39Z,2944,0.07951468276737923,-0.0604564056862818,0.028195664106609147,-0.02119685974143643
3162,24025,24026,3162,m12-2-9,2026-07-25T08:52:39Z,2945,0.07206890152841315,-0.0736275202152591,0.03387046449981089,0.030061089322119917
3162,24025,24026,3162,m12-2-9,2026-07-25T08:52:39Z,2946,0.07525926488505418,0.04024622642506693,-0.039438793116047706,-0.01231253428101441
3162,24025,24026,3162,m12-2-9,2026-07-25T08:52:39Z,2947,0.07703900361038032,-0.0768640589309906,-0.009990516117967186,-0.0011198489654713247
3162,24025,24026,3162,m12-2-9,2026-07-25T08:52:39Z,2948,0.057757456480958036,-0.062156632005063064,-0.03455698733818537,0.04934108840967388
3162,24025,24026,3162,m12-2-9,2026-07-25T08:52:39Z,2949,0.06381542179744876,-0.011625195266647308,0.050906525600305945,0.07909969716595881
3162,24025,24026,3162,m12-2-9,2026-07-25T08:52:39Z,2950,0.06030399915924126,0.04317273308546107,-0.04606001302239716,-0.07041886640667415
3162,24025,24026,3162,m12-2-9,2026-07-25T08:52:39Z,2951,0.07514808487960963,0.06063610016386724,-0.02113403958148482,0.09874517494017263
3162,24025,24026,3162,m12-2-9,2026-07-25T08:52:39Z,2952,0.0659833919655281,-0.06872964219147953,-0.05401276731528277,-0.027935619035739965
3162,24025,24026,3162,m12-2-9,2026-07-25T08:52:39Z,2953,0.05931574658785709,0.04761481268087563,0.011127638913121596,-0.0443676335158378
3162,24025,24026,3162,m12-2-9,2026-07-25T08:52:39Z,2954,0.07368547332754814,0.09133723960766907,-0.023702395601002606,-0.0056667664119574085
3162,24025,24026,3162,m12-2-9,2026-07-25T08:52:39Z,2955,0.0768473628961569,-0.022006834348776882,-0.06391604905076728,-0.039398573577363157
3162,24025,24026,3162,m12-2-9,2026-07-25T08:52:39Z,2956,0.06807569952566975,0.03978870675236429,0.0497342195304804,-0.05610190018640443
3162,24025,24026,3162,m12-2-9,2026-07-25T08:52:39Z,2957,0.06288570779009207,0.0535306365158553,-0.10602486705897773,0.007038381302998996
3162,24025,24026,3162,m12-2-9,2026-07-25T08:52:39Z,2958,0.06228378928495285,-0.011362667162853035,0.07343859275853085,-0.04821110578297651
3162,24025,24026,3162,m12-2-9,2026-07-25T08:52:39Z,2959,0.07520712029554312,0.018231781853661165,0.06488229281824168,-0.006264313886935143
3162,24025,24026,3162,m12-2-9,2026-07-25T08:52:39Z,2960,0.08183118183764959,-0.0070081505537242066,-0.013331153656851355,0.06390616757687838
3162,24025,24026,3162,m12-2-9,2026-07-25T08:52:39Z,2961,0.05233940619610074,-0.04631119062614969,-0.04930359552599029,0.036526566649095434
3162,24025,24026,3162,m12-2-9,2026-07-25T08:52:39Z,2962,0.0705667580814772,0.03671432692651402,0.08243855968332521,0.010157140861865008
3162,24025,24026,3162,m12-2-9,2026-07-25T08:52:39Z,2963,0.06797159274446396,-0.04631380332474888,-0.002159912642761303,0.07562451270122383
3162,24025,24026,3162,m12-2-9,2026-07-25T08:52:39Z,2964,0.08982970283638711,0.03156009173331684,-0.02746947641276256,-0.013778402835107508
3162,24025,24026,3162,m12-2-9,2026-07-25T08:52:39Z,2965,0.07822880210370378,-0.01994139675388199,-0.0035476370017529547,-0.09018108308076273
3162,24025,24026,3162,m12-2-9,2026-07-25T08:52:39Z,2966,0.08840021579661216,-0.017381261067686466,-0.028687958265880092,0.015266816204651465
3162,24025,24026,3162,m12-2-9,2026-07-25T08:52:39Z,2967,0.06036051384896893,0.0458797343583074,0.07028871178458139,0.03375086703709294
3162,24025,24026,3162,m12-2-9,2026-07-25T08:52:39Z,2968,0.08363800277214882,-0.04694851109059323,0.001038946504816707,-0.028777968429093657
3162,24025,24026,3162,m12-2-9,2026-07-25T08:52:39Z,2969,0.07797733670164514,0.03166144166520249,0.028710631839679698,-0.04687439108738788
3162,24025,24026,3162,m12-2-9,2026-07-25T08:52:39Z,2970,0.06718016675648149,0.004874904222106312,-0.1013600105181407,0.012482730161651861
3162,24025,24026,3162,m12-2-9,2026-07-25T08:52:39Z,2971,0.07993820681061004,0.06295703079422182,0.03631423436378307,-0.00453293532027347
3162,24025,24026,3162,m12-2-9,2026-07-25T08:52:39Z,2972,0.07875577871509135,0.04727677855616244,-0.02277145329876787,-0.06348200329102112
3162,24025,24026,3162,m12-2-9,2026-07-25T08:52:39Z,2973,0.06730365989368711,-0.015805974862363823,0.08434680515609334,0.02993727022350566
3162,24025,24026,3162,m12-2-9,2026-07-25T08:52:39Z,2974,0.07835815672034058,-0.020137541493831547,-0.038450692649162045,-0.02563078686258375
3162,24025,24026,3162,m12-2-9,2026-07-25T08:52:39Z,2975,0.09191390708105644,0.030422318201051915,0.03206892915220312,-0.0007040580050898715
3162,24025,24026,3162,m12-2-9,2026-07-25T08:52:39Z,2976,0.09000121969862905,-0.020178760805898456,-0.02357574739518591,-0.010621024619390927
3162,24025,24026,3162,m12-2-9,2026-07-25T08:52:39Z,2977,0.07323461336053619,0.023587050760968942,0.07365111940747512,0.00075730864802484
3162,24025,24026,3162,m12-2-9,2026-07-25T08:52:39Z,2978,0.06339089782826127,0.05239933834688479,-0.04216543320691595,-0.02931357903499375
3162,24025,24026,3162,m12-2-9,2026-07-25T08:52:39Z,2979,0.07998517543986773,0.06577489073563914,-0.01148634155764786,0.0012244340790467016
3162,24025,24026,3162,m12-2-9,2026-07-25T08:52:39Z,2980,0.07201666143908415,0.06038154543047901,-0.02998420466960812,0.03427393042999411
3162,24025,24026,3162,m12-2-9,2026-07-25T08:52:39Z,2981,0.08340570623035784,-0.016882400824325284,0.06197418534110564,0.0009780585023973474
3162,24025,24026,3162,m12-2-9,2026-07-25T08:52:39Z,2982,0.07257541200884834,0.09073357725877729,0.00429319240427166,-0.01334155959272507
3162,24025,24026,3162,m12-2-9,2026-07-25T08:52:39Z,2983,0.0642449523125471,-0.0119672363250886,-0.07035546717948096,-0.04452401071131422
3162,24025,24026,3162,m12-2-9,2026-07-25T08:52:39Z,2984,0.07470814097074069,-0.001936317240500471,0.04506687542056536,-0.03873746549127347
3162,24025,24026,3162,m12-2-9,2026-07-25T08:52:39Z,2985,0.0837126254063389,-0.038140668446699125,0.037876022874474224,-0.036894372614387994
3162,24025,24026,3162,m12-2-9,2026-07-25T08:52:39Z,2986,0.075535893396695,-0.013227914703109947,0.03381062569579723,-0.08341956278397744
3162,24025,24026,3162,m12-2-9,2026-07-25T08:52:39Z,2987,0.07370711914073694,0.09563676794559442,-0.02642792918393069,0.027311853207944933
3162,24025,24026,3162,m12-2-9,2026-07-25T08:52:39Z,2988,0.09120949049336372,0.02274016883967617,0.040520099242745036,0.015402614526663238
3162,24025,24026,3162,m12-2-9,2026-07-25T08:52:39Z,2989,0.08804117836908117,-0.02301472129769806,-0.018358482991819892,-0.0061342499154097745
3162,24025,24026,3162,m12-2-9,2026-07-25T08:52:39Z,2990,0.062483951164392655,-0.03782126426270722,0.0306558646462198,-0.07510899718832331
3162,24025,24026,3162,m12-2-9,2026-07-25T08:52:39Z,2991,0.06900746022999736,0.012225057757413277,0.06586662916208551,0.05750791966957604
3162,24025,24026,3162,m12-2-9,2026-07-25T08:52:39Z,2992,0.05964806256614384,-0.044695579774970136,0.03870608149947199,0.06899156524453344
3162,24025,24026,3162,m12-2-9,2026-07-25T08:52:39Z,2993,0.07852821436656128,0.02755868041013183,0.056629064486958564,-0.02171328868367581
3162,24025,24026,3162,m12-2-9,2026-07-25T08:52:39Z,2994,0.08505161414729798,0.041697264847198476,-0.008087785093306956,0.028719680929206275
3162,24025,24026,3162,m12-2-9,2026-07-25T08:52:39Z,2995,0.06249872027150953,0.019172171200925587,-0.027957544191631992,-0.0798831294324921
3162,24025,24026,3162,m12-2-9,2026-07-25T08:52:39Z,2996,0.08890887782721812,0.01854363670178906,-0.016674956125951136,0.02154373755087808
3162,24025,24026,3162,m12-2-9,2026-07-25T08:52:39Z,2997,0.0726473804778604,0.00016207811342517462,-0.06889981655296983,0.0020861343153480497
3162,24025,24026,3162,m12-2-9,2026-07-25T08:52:39Z,2998,0.08174032244446902,-0.06483645909293176,0.013182757108737113,-0.0007652045779493487
3162,24025,24026,3162,m12-2-9,2026-07-25T08:52:39Z,2999,0.07331752174782906,-0.028189687667222595,-0.05830022366492197,0.05094884900916755
3162,24025,24026,3162,m12-2-9,2026-07-25T08:52:39Z,3000,0.06637713755120583,0.03305584178031349,0.04880825260954298,0.04270378251753776
3162,24025,24026,3162,m12-2-9,2026-07-25T08:52:39Z,3001,0.08505400541392252,-0.03255421406599181,0.03648077329851246,0.0058946847918680415
3162,24025,24026,3162,m12-2-9,2026-07-25T08:52:39Z,3002,0.061975160820648474,0.048272270873623915,-0.024616635613824427,0.07339444890215929
3162,24025,24026,3162,m12-2-9,2026-07-25T08:52:39Z,3003,0.07583220413356957,-0.05154265793750486,-0.01370525623173523,0.04750040583908288
3162,24025,24026,3162,m12-2-9,2026-07-25T08:52:39Z,3004,0.06504140412685488,-0.015066177872272667,0.08496527006884594,-0.020868429173877094
3162,24025,24026,3162,m12-2-9,2026-07-25T08:52:39Z,3005,0.05925203127341933,-0.10609224065973852,0.05078368234982025,0.062237422262877644
3162,24025,24026,3162,m12-2-9,2026-07-25T08:52:39Z,3006,0.08440534815111105,0.0016468545605475599,0.04670000426820395,0.028833454336336852
3162,24025,24026,3162,m12-2-9,2026-07-25T08:52:39Z,3007,0.07822890554916977,-0.0485418243437947,-0.04734062675689086,-0.013790308647584697
3162,24025,24026,3162,m12-2-9,2026-07-25T08:52:39Z,3008,0.06456325345110552,-0.06828513248815468,0.06135711987944057,-0.07954907523732631
3162,24025,24026,3162,m12-2-9,2026-07-25T08:52:39Z,3009,0.08252515497424676,0.014349454105924328,0.02331926124183251,-0.053059308531150005
3162,24025,24026,3162,m12-2-9,2026-07-25T08:52:39Z,3010,0.08669193597748116,0.007899821767291202,-0.05241945341640772,0.022691481597112553
3162,24025,24026,3162,m12-2-9,2026-07-25T08:52:39Z,3011,0.06824033286914234,-0.039199514275293335,0.04499322327946629,0.0274445648928291
3162,24025,24026,3162,m12-2-9,2026-07-25T08:52:39Z,3012,0.07141657784322278,0.010581994149113759,0.07822876725958487,0.07095208171142844
3162,24025,24026,3162,m12-2-9,2026-07-25T08:52:39Z,3013,0.06478676973439385,0.07036289099817228,0.01091799329406745,0.020131165071883853
3162,24025,24026,3162,m12-2-9,2026-07-25T08:52:39Z,3014,0.07260704500478676,0.061132489236208315,0.02602241356356993,-0.04716659493343135
3162,24025,24026,3162,m12-2-9,2026-07-25T08:52:39Z,3015,0.05884426533617851,-0.07186314686172118,0.052746310921860544,0.009311412337415515
3162,24025,24026,3162,m12-2-9,2026-07-25T08:52:39Z,3016,0.08526322068189365,0.02364902126426,-0.05844641489253371,-0.012057259859814201
3162,24025,24026,3162,m12-2-9,2026-07-25T08:52:39Z,3017,0.07273791684200032,0.005100446575393414,-0.05273296055589046,-0.032215126106624636
3162,24025,24026,3162,m12-2-9,2026-07-25T08:52:39Z,3018,0.06585677801019894,0.07872176639701914,0.022201996903222682,0.026704298817474645
3162,24025,24026,3162,m12-2-9,2026-07-25T08:52:39Z,3019,0.084012600359089,0.02865456978215708,-0.014944659964664798,0.029839141547164556
3162,24025,24026,3162,m12-2-9,2026-07-25T08:52:39Z,3020,0.069638656941893,-0.07336832193681754,-0.00651081185396217,0.050505397316018955
3162,24025,24026,3162,m12-2-9,2026-07-25T08:52:39Z,3021,0.07257694401116367,0.014352251971893694,0.09048352236166389,0.0046847928808203
3162,24025,24026,3162,m12-2-9,2026-07-25T08:52:39Z,3022,0.08634415109011258,-0.04174861770819954,-0.06398148417029965,0.02205240140373596
3162,24025,24026,3162,m12-2-9,2026-07-25T08:52:39Z,3023,0.07338287289334311,-0.008648900207836652,-0.08401192302544801,-0.004789033320992866
3162,24025,24026,3162,m12-2-9,2026-07-25T08:52:39Z,3024,0.08129161527970771,-0.021346821555969456,-0.009940452671445015,-0.05280397823882518
3162,24025,24026,3162,m12-2-9,2026-07-25T08:52:39Z,3025,0.0901773391738476,-0.05394660791907727,0.04279180034850014,-0.07227315410322478
3162,24025,24026,3162,m12-2-9,2026-07-25T08:52:39Z,3026,0.08764225888132672,0.02449189647705553,-0.01697727682770106,0.03956108601874101
3162,24025,24026,3162,m12-2-9,2026-07-25T08:52:39Z,3027,0.06136302501074016,0.06017694905115215,0.06293627371974972,0.0374494990226054
3162,24025,24026,3162,m12-2-9,2026-07-25T08:52:39Z,3028,0.06980982798758721,0.014308190311278947,0.0452407955185311,-0.10262518044047568
3162,24025,24026,3162,m12-2-9,2026-07-25T08:52:39Z,3029,0.07081529069885394,0.020382595130144652,-0.09329866746674352,-0.0805235814439512
3162,24025,24026,3162,m12-2-9,2026-07-25T08:52:39Z,3030,0.07833168682355297,0.004267819120711488,-0.02688208380028298,0.04339116576260882
3162,24025,24026,3162,m12-2-9,2026-07-25T08:52:39Z,3031,0.0842748005434923,-0.029424542908416496,-0.03076203927755586,-0.04133131223061119
3162,24025,24026,3162,m12-2-9,2026-07-25T08:52:39Z,3032,0.06393730575071278,-0.04047422053396712,-0.0317324970473811,-0.08638044526115615
3162,24025,24026,3162,m12-2-9,2026-07-25T08:52:39Z,3033,0.07359117776722554,0.03648106437524376,0.025846639198057422,0.07573453598926107
3162,24025,24026,3162,m12-2-9,2026-07-25T08:52:39Z,3034,0.07737993528516465,-0.02592072896532138,0.020694573311184128,0.06636374355775508
3162,24025,24026,3162,m12-2-9,2026-07-25T08:52:39Z,3035,0.07897401481533939,-0.03236712383776499,0.04932919104872361,0.007414144917627124
3162,24025,24026,3162,m12-2-9,2026-07-25T08:52:39Z,3036,0.08121086934594943,0.020727288532446767,0.0490253222649199,-0.0061725784264026005
3162,24025,24026,3162,m12-2-9,2026-07-25T08:52:39Z,3037,0.07267795569603713,-0.045199557298740124,0.002413903985508238,0.09795518347278605
3162,24025,24026,3162,m12-2-9,2026-07-25T08:52:39Z,3038,0.0713416689393626,-0.24366951930051614,-0.012044830766025433,0.07868996374205035
3162,24025,24026,3162,m12-2-9,2026-07-25T08:52:39Z,3039,0.0704918133725856,-0.039707914627655924,-0.05705780232037992,-0.030365988318960268
3162,24025,24026,3162,m12-2-9,2026-07-25T08:52:39Z,3040,0.0869153488232368,0.02052953143218258,-0.06896768069348548,-0.019507419003454027
3162,24025,24026,3162,m12-2-9,2026-07-25T08:52:39Z,3041,0.0807772167402719,-0.056997831458533606,-0.025703869148547897,0.01772207239947441
3162,24025,24026,3162,m12-2-9,2026-07-25T08:52:39Z,3042,0.06933769567023088,-0.0035850772971814607,-0.0905080237055124,0.00984036155021775
3162,24025,24026,3162,m12-2-9,2026-07-25T08:52:39Z,3043,0.08436606834867502,-0.005447747044589105,0.04894434558655342,0.014944278992961512
3162,24025,24026,3162,m12-2-9,2026-07-25T08:52:39Z,3044,0.07553254004254863,-0.029909040664525374,-0.05163990850147935,0.012436690557006424
3162,24025,24026,3162,m12-2-9,2026-07-25T08:52:39Z,3045,0.08089775519337576,0.02313081277299017,0.01896978447127364,0.05997371416781027
3162,24025,24026,3162,m12-2-9,2026-07-25T08:52:39Z,3046,0.08176358114927104,0.017345469970851242,0.05620086920614938,-0.02966333037520167
3162,24025,24026,3162,m12-2-9,2026-07-25T08:52:39Z,3047,0.08744733948938462,-0.014351485738621455,0.04014254676799934,0.018563172710658778
3162,24025,24026,3162,m12-2-9,2026-07-25T08:52:39Z,3048,0.0651691452828431,0.0878907737885902,0.025698941008135058,-0.019730876015265332
3162,24025,24026,3162,m12-2-9,2026-07-25T08:52:39Z,3049,0.07239666569438163,0.056843922952070504,-0.11250897195111927,0.08835311770218775
3162,24025,24026,3162,m12-2-9,2026-07-25T08:52:39Z,3050,0.057936970337559554,0.052852338294692235,0.026929779580311425,-0.06186162589339733
3162,24025,24026,3162,m12-2-9,2026-07-25T08:52:39Z,3051,0.0738970173720114,-0.0580304324180876,0.0043667201575356964,0.054517368073341274
3162,24025,24026,3162,m12-2-9,2026-07-25T08:52:39Z,3052,0.08101893457085874,0.023763168704781158,-0.012062797183365543,0.061377501739297124
3162,24025,24026,3162,m12-2-9,2026-07-25T08:52:39Z,3053,0.06620460465330068,0.018038222270607442,0.06363699929062437,-0.07724530971911123
3162,24025,24026,3162,m12-2-9,2026-07-25T08:52:39Z,3054,0.05695828209307138,0.04478661464886458,0.0342252184389247,-0.0555772611673624
3162,24025,24026,3162,m12-2-9,2026-07-25T08:52:39Z,3055,0.08298419380986317,0.02634079201146324,-0.0446506479517243,-0.012801501748602522
3162,24025,24026,3162,m12-2-9,2026-07-25T08:52:39Z,3056,0.07382363437973745,-0.0853729657457028,0.054687694021752664,-0.05301215910076689
3162,24025,24026,3162,m12-2-9,2026-07-25T08:52:39Z,3057,0.07579532329930616,-0.015319636234734632,0.030565773389097654,-0.06777076635550447
3162,24025,24026,3162,m12-2-9,2026-07-25T08:52:39Z,3058,0.06873553979453598,-0.011740545090656473,-0.012162339190354473,-0.09654498225998974
3162,24025,24026,3162,m12-2-9,2026-07-25T08:52:39Z,3059,0.07101055649072088,0.05138024962698212,-0.04975234533055831,0.05090464003412586
3162,24025,24026,3162,m12-2-9,2026-07-25T08:52:39Z,3060,0.07923103990453914,0.010748492762109527,-0.06355439173672477,0.005732946746775265
3162,24025,24026,3162,m12-2-9,2026-07-25T08:52:39Z,3061,0.0790822697518404,-0.04392184467403528,0.018415033764876982,0.03407850420926042
3162,24025,24026,3162,m12-2-9,2026-07-25T08:52:39Z,3062,0.08643153084609302,0.041900377484556973,-0.005208209698285518,0.002167992789102564
3162,24025,24026,3162,m12-2-9,2026-07-25T08:52:39Z,3063,0.06357523363662307,-0.0571252020957556,-0.008292994313654638,-0.12493373348374166
3162,24025,24026,3162,m12-2-9,2026-07-25T08:52:39Z,3064,0.07889429656946761,-0.005407275801676495,0.06048360751444805,0.015894222005110828
3162,24025,24026,3162,m12-2-9,2026-07-25T08:52:39Z,3065,0.0831560580103535,-0.03643702071169233,-0.04008758532475274,0.01835011315480259
3162,24025,24026,3162,m12-2-9,2026-07-25T08:52:39Z,3066,0.08200819166963468,-0.04036587822938309,-0.052886110331620474,0.0030656193484789717
3162,24025,24026,3162,m12-2-9,2026-07-25T08:52:39Z,3067,0.06352896868757023,0.07640506973844123,-0.030675393037188702,-0.0329530478203901
3162,24025,24026,3162,m12-2-9,2026-07-25T08:52:39Z,3068,0.07970002468723773,0.0452772614152402,0.035363222325735064,-0.024412845313030708
3162,24025,24026,3162,m12-2-9,2026-07-25T08:52:39Z,3069,0.07768726874452993,0.05098446120031832,-0.0027840189361846863,-0.0029249058192831454
3162,24025,24026,3162,m12-2-9,2026-07-25T08:52:39Z,3070,0.08038471888869139,-0.06038489939515326,-0.04526766750361911,-0.03341128002032556
3162,24025,24026,3162,m12-2-9,2026-07-25T08:52:39Z,3071,0.07750081826053827,0.08020604269927556,0.0191288565878473,0.08682784008385348
3162,24025,24026,3162,m12-2-9,2026-07-25T08:52:39Z,3072,0.06845973284138387,-0.037324257073130404,0.05443255633869115,-0.03982836831404292
3162,24025,24026,3162,m12-2-9,2026-07-25T08:52:39Z,3073,0.08060919706663533,0.06485086299754854,-0.005840177728555113,-0.028298340901429294
3162,24025,24026,3162,m12-2-9,2026-07-25T08:52:39Z,3074,0.06959811515356308,-0.00045335482607927584,0.09693787292703031,-0.029223403752959884
3162,24025,24026,3162,m12-2-9,2026-07-25T08:52:39Z,3075,0.07393295407890112,0.00015373424357886074,0.04721988743158553,-0.07963928618719415
3162,24025,24026,3162,m12-2-9,2026-07-25T08:52:39Z,3076,0.06670987422128093,-0.001021642589543585,-0.09152763489721977,-0.05629400679400129
3162,24025,24026,3162,m12-2-9,2026-07-25T08:52:39Z,3077,0.06469613776431497,0.08120414700769173,-0.027985709718516685,0.02481469954330302
3162,24025,24026,3162,m12-2-9,2026-07-25T08:52:39Z,3078,0.08125582541210824,0.03087991623497963,0.028264508397145314,0.0019654627406174787
3162,24025,24026,3162,m12-2-9,2026-07-25T08:52:39Z,3079,0.08400448957009068,-0.05582133702058257,-0.053427748779551185,-0.025874710980917842
3162,24025,24026,3162,m12-2-9,2026-07-25T08:52:39Z,3080,0.0704933507754022,0.029744190086263854,-0.0041755549660090225,-0.10088982975661609
3162,24025,24026,3162,m12-2-9,2026-07-25T08:52:39Z,3081,0.06369668253654141,-0.010578422773907898,0.07962150309152836,0.043264320217788
3162,24025,24026,3162,m12-2-9,2026-07-25T08:52:39Z,3082,0.0764187352582698,0.06354234615093195,-0.013155305283681602,-0.026555527538783607
3162,24025,24026,3162,m12-2-9,2026-07-25T08:52:39Z,3083,0.057764850630770914,0.05760499116309037,-0.0034955386684771116,0.06135224190649822
3162,24025,24026,3162,m12-2-9,2026-07-25T08:52:39Z,3084,0.07947591534173763,0.008210865852296691,-0.01916382651040694,0.07438406566810588
3162,24025,24026,3162,m12-2-9,2026-07-25T08:52:39Z,3085,0.07839284247590564,-1.0081121132550854,0.8186123624759739,1.5406888647952244
3162,24025,24026,3162,m12-2-9,2026-07-25T08:52:39Z,3086,0.0733705050385834,-0.08888599489900485,-0.014495855978469264,-0.008152463497667342
3162,24025,24026,3162,m12-2-9,2026-07-25T08:52:39Z,3087,0.07620557911537247,-0.016976477471253505,0.0305638537182759,-0.04594505247069522
3162,24025,24026,3162,m12-2-9,2026-07-25T08:52:39Z,3088,0.06754466558247824,0.025920479513237026,0.04870880868327026,0.041048834673995616
3162,24025,24026,3162,m12-2-9,2026-07-25T08:52:39Z,3089,0.06628122450876012,0.005781190181038065,0.046639568309784406,-0.08966712368319962
3162,24025,24026,3162,m12-2-9,2026-07-25T08:52:39Z,3090,0.0809556216289598,-0.08324938455742108,0.0050838649411313035,-0.038459676281478714
3162,24025,24026,3162,m12-2-9,2026-07-25T08:52:39Z,3091,0.07364620357516187,0.059712005637416014,0.044571568118604216,-0.014828118015981209
3162,24025,24026,3162,m12-2-9,2026-07-25T08:52:39Z,3092,0.07149874037059625,-0.05885368202537179,0.03318192723664502,-0.016081518565122684
3162,24025,24026,3162,m12-2-9,2026-07-25T08:52:39Z,3093,0.07640386166842242,0.010235265121877559,0.05392026475693908,0.03267105094403393
3162,24025,24026,3162,m12-2-9,2026-07-25T08:52:39Z,3094,0.092168400444824,0.024574039555923174,-0.0036111869206126622,0.0004097551910292805
3162,24025,24026,3162,m12-2-9,2026-07-25T08:52:39Z,3095,0.06948619565575212,0.012760366466907752,-0.07247484542771959,0.019714736989704686
3162,24025,24026,3162,m12-2-9,2026-07-25T08:52:39Z,3096,0.06852361584549573,0.18432429088848837,0.17476410423874483,-0.1423032195238883
3162,24025,24026,3162,m12-2-9,2026-07-25T08:52:39Z,3097,0.07115586828630398,-0.025573548042661404,0.06816811815362706,-0.013643960694549878
3162,24025,24026,3162,m12-2-9,2026-07-25T08:52:39Z,3098,0.08082860237447313,0.042962783266484623,-0.03222542165163837,0.05599408792228318
3162,24025,24026,3162,m12-2-9,2026-07-25T08:52:39Z,3099,0.07553188573794892,0.005321915220125233,-0.08279755317192691,-0.012252415128370532
3162,24025,24026,3162,m12-2-9,2026-07-25T08:52:39Z,3100,0.06495495457698361,-0.04970111528436948,-0.03872224291425473,0.04571584313351037
3162,24025,24026,3162,m12-2-9,2026-07-25T08:52:39Z,3101,0.08024978556602963,0.025708847024933944,-0.037795707524471776,-0.03789719707147974
3162,24025,24026,3162,m12-2-9,2026-07-25T08:52:39Z,3102,0.07413718922708824,0.058186072980663556,0.01746560445277964,0.058142500363419045
3162,24025,24026,3162,m12-2-9,2026-07-25T08:52:39Z,3103,0.06640584689692038,0.048844646093035314,0.018575899832025882,-0.08704511885508645
3162,24025,24026,3162,m12-2-9,2026-07-25T08:52:39Z,3104,0.058320374819010395,0.0547060604926662,0.06288337196632995,-0.019788941663870255
3162,24025,24026,3162,m12-2-9,2026-07-25T08:52:39Z,3105,0.07933023131865322,-0.00894320779936168,-0.024801560806289168,0.08122490879782182
3162,24025,24026,3162,m12-2-9,2026-07-25T08:52:39Z,3106,0.08106460357230075,-0.05191560574478324,0.025740644716678668,-0.022025952894075253
3162,24025,24026,3162,m12-2-9,2026-07-25T08:52:39Z,3107,0.07142353187457684,0.05271141738384795,0.02842680901509296,0.03986270570449988
3162,24025,24026,3162,m12-2-9,2026-07-25T08:52:39Z,3108,0.07138329880200436,0.021618032941733735,-0.0400201322296436,-0.07812839970184379
3162,24025,24026,3162,m12-2-9,2026-07-25T08:52:39Z,3109,0.06583977572994662,0.040210023955122604,-0.00902397082108669,0.05127519973693404
3162,24025,24026,3162,m12-2-9,2026-07-25T08:52:39Z,3110,0.05558706540332862,0.057011996305327245,-0.03703001348182956,-0.05267488101379422
3162,24025,24026,3162,m12-2-9,2026-07-25T08:52:39Z,3111,0.06362277647555868,0.03717572786545608,0.09979515386829721,0.021223743434597275
3162,24025,24026,3162,m12-2-9,2026-07-25T08:52:39Z,3112,0.08150720196887593,-0.11350307284267608,-0.0036979546924397816,0.06927272372111806
3162,24025,24026,3162,m12-2-9,2026-07-25T08:52:39Z,3113,0.08682886984585847,0.022359184596045915,-0.015341837231552373,-0.06198390786908823
3162,24025,24026,3162,m12-2-9,2026-07-25T08:52:39Z,3114,0.06853350479725526,0.011815162055440186,0.0921835763872116,-0.005720704572494145
3162,24025,24026,3162,m12-2-9,2026-07-25T08:52:39Z,3115,0.06240039056032428,0.06203335640512051,-0.027617278227223655,-0.0773642839704215
3162,24025,24026,3162,m12-2-9,2026-07-25T08:52:39Z,3116,0.0783896600805423,0.0548098619296635,0.04349530377938487,-0.019596808904340006
3162,24025,24026,3162,m12-2-9,2026-07-25T08:52:39Z,3117,0.07946719445105602,-0.006207380041119108,-0.048506864799141576,0.016106958806986257
3162,24025,24026,3162,m12-2-9,2026-07-25T08:52:39Z,3118,0.08134629295081021,-0.0618361276001172,0.025950230084033903,0.006906543511705975
3162,24025,24026,3162,m12-2-9,2026-07-25T08:52:39Z,3119,0.06920172746869009,-0.018615917042771223,-0.07162853169289485,0.07706905555061651
3162,24025,24026,3162,m12-2-9,2026-07-25T08:52:39Z,3120,0.08036171273903119,0.005347101411606796,0.037899127079711874,-0.0025636705924003004
3162,24025,24026,3162,m12-2-9,2026-07-25T08:52:39Z,3121,0.06519368974880956,-0.1464411525694736,0.00974576297950422,0.05328820775683504
3162,24025,24026,3162,m12-2-9,2026-07-25T08:52:39Z,3122,0.08499543938906023,0.003772884425419173,0.006404686950992428,0.05381946494764141
3162,24025,24026,3162,m12-2-9,2026-07-25T08:52:39Z,3123,0.0909707901859342,0.010870935603108598,0.02577102346194795,0.031060587564171575
3162,24025,24026,3162,m12-2-9,2026-07-25T08:52:39Z,3124,0.05702082437869708,-0.0760992993936321,-0.04569561195300384,0.03906192888273786
3162,24025,24026,3162,m12-2-9,2026-07-25T08:52:39Z,3125,0.07138240272195198,-0.03524366181015396,-0.042875945015104576,-0.04279712264994656
3162,24025,24026,3162,m12-2-9,2026-07-25T08:52:39Z,3126,0.07267891330099444,-0.0017230579683835759,-0.07059793855765994,0.030477234166646487
3162,24025,24026,3162,m12-2-9,2026-07-25T08:52:39Z,3127,0.07900524463033368,0.10079810653954899,-0.02420488995563329,-0.03922524487484276
3162,24025,24026,3162,m12-2-9,2026-07-25T08:52:39Z,3128,0.06638275909779448,0.08467612284370606,-0.032056330312220695,-0.00953699619225084
3162,24025,24026,3162,m12-2-9,2026-07-25T08:52:39Z,3129,0.06143003514922296,0.05106943636873995,0.02738054554113399,0.09011789851626964
3162,24025,24026,3162,m12-2-9,2026-07-25T08:52:39Z,3130,0.07390765021991137,-0.010513965403414729,-0.04949723752263321,-0.06794292909460316
3162,24025,24026,3162,m12-2-9,2026-07-25T08:52:39Z,3131,0.08564969757196424,-0.045915977708108936,0.0026518599316302967,-0.0139539490903165
3162,24025,24026,3162,m12-2-9,2026-07-25T08:52:39Z,3132,0.07509347604163655,0.010481189340445472,0.0013468526678524178,-0.10228141039239172
3162,24025,24026,3162,m12-2-9,2026-07-25T08:52:39Z,3133,0.0821796564865453,-0.042791307069412955,0.004476936993264973,0.0353746640277617
3162,24025,24026,3162,m12-2-9,2026-07-25T08:52:39Z,3134,0.05587311737181124,0.059366663270958235,-0.05252969209887396,0.03327111908587359
3162,24025,24026,3162,m12-2-9,2026-07-25T08:52:39Z,3135,0.06217869006942663,0.04529511436044401,0.04515725544664156,-0.06897679414014099
3162,24025,24026,3162,m12-2-9,2026-07-25T08:52:39Z,3136,0.07004991445140643,-0.02652874533470814,-0.06008409067861465,-0.03867041216194992
3162,24025,24026,3162,m12-2-9,2026-07-25T08:52:39Z,3137,0.0634619484127211,-0.047905361353532176,0.05280379591653277,-0.056966625848193064
3162,24025,24026,3162,m12-2-9,2026-07-25T08:52:39Z,3138,0.0799595390430846,0.052893812859299456,0.031030295278476373,-0.013342837274879876
3162,24025,24026,3162,m12-2-9,2026-07-25T08:52:39Z,3139,0.06933161152371024,-0.00371470527576435,0.06408579053017871,-0.05095461057920887
3162,24025,24026,3162,m12-2-9,2026-07-25T08:52:39Z,3140,0.0828857146549204,-0.04877015529576825,0.030116357211712675,-0.015862259937688278
3162,24025,24026,3162,m12-2-9,2026-07-25T08:52:39Z,3141,0.06321193726061722,0.01115301135621318,-0.07560016348452253,0.05068904683705394
3162,24025,24026,3162,m12-2-9,2026-07-25T08:52:39Z,3142,0.08257601519451292,-0.004541177172004056,0.03618956354037619,0.04516093264717739
3162,24025,24026,3162,m12-2-9,2026-07-25T08:52:39Z,3143,0.06707541108105648,0.040260260129461864,0.05039675254793676,-0.044813122720534955
3162,24025,24026,3162,m12-2-9,2026-07-25T08:52:39Z,3144,0.06784394303255438,-0.027837311754219368,-0.0818876754664905,0.013001956301215133
3162,24025,24026,3162,m12-2-9,2026-07-25T08:52:39Z,3145,0.07200946158292988,0.1033437481534657,0.032397117201253184,-0.009477579243513065
3162,24025,24026,3162,m12-2-9,2026-07-25T08:52:39Z,3146,0.07731380852168114,-0.0206749220791291,-0.04585339519679718,-0.04374233608585632
3162,24025,24026,3162,m12-2-9,2026-07-25T08:52:39Z,3147,0.06989606464859238,-0.1017848504289105,-0.006273180862226572,0.013434945828642809
3162,24025,24026,3162,m12-2-9,2026-07-25T08:52:39Z,3148,0.07944540838240118,0.03228323644430054,-0.04916693622804408,-0.008082237856002088
3162,24025,24026,3162,m12-2-9,2026-07-25T08:52:39Z,3149,0.065883365253239,-0.03825830479654802,0.06756889087624987,0.013348014851344731
3162,24025,24026,3162,m12-2-9,2026-07-25T08:52:39Z,3150,0.06697800728844734,0.04427253335067934,-0.03364017660166263,0.051181033220588416
3162,24025,24026,3162,m12-2-9,2026-07-25T08:52:39Z,3151,0.0667192955431667,-0.016759056622344996,0.08183228167764406,0.05737182613380521
3162,24025,24026,3162,m12-2-9,2026-07-25T08:52:39Z,3152,0.06398091297887963,-0.09422789910788557,-0.07835644408189402,0.014054484984420348
3162,24025,24026,3162,m12-2-9,2026-07-25T08:52:39Z,3153,0.06622671499306236,-0.02740381831068653,0.07709483143880716,-0.014849637607337256
3162,24025,24026,3162,m12-2-9,2026-07-25T08:52:39Z,3154,0.0667003491451503,0.07178265613498523,-0.025922853634006413,-0.00988324733506351
3162,24025,24026,3162,m12-2-9,2026-07-25T08:52:39Z,3155,0.06983420400466087,-0.07670128758849884,0.013485685753380657,0.01365589276455176
3162,24025,24026,3162,m12-2-9,2026-07-25T08:52:39Z,3156,0.06924905508616777,0.05255636034688127,0.048247612033988196,-0.022665869767555153
3162,24025,24026,3162,m12-2-9,2026-07-25T08:52:39Z,3157,0.07679277621886235,0.051614180671382216,-0.04689418503915506,0.007264522005822115
3162,24025,24026,3162,m12-2-9,2026-07-25T08:52:39Z,3158,0.06560394911717149,0.0866878041736712,0.011039856823648638,-0.023492943880850044
3162,24025,24026,3162,m12-2-9,2026-07-25T08:52:39Z,3159,0.08292595615921769,0.0033864036587732925,-0.0314865199827334,0.04866323213448519
3162,24025,24026,3162,m12-2-9,2026-07-25T08:52:39Z,3160,0.0832231126500338,0.0369493751648609,-0.08342494237600814,-0.0006236735452272088
3162,24025,24026,3162,m12-2-9,2026-07-25T08:52:39Z,3161,0.0723184744024726,-0.015119757340068934,0.07536522890486218,-0.028700451848953625
3162,24025,24026,3162,m12-2-9,2026-07-25T08:52:39Z,3162,0.06340376724237214,0.07165668948036454,-0.023006659983422106,0.035939915074665624
