case,n_target,n_actual,seed,sampler_seed,samples,host,timestamp,index,ux,uy,uz,j11,j21,j31,j12,j22,j32,j13,j23,j33
ring,100000,111825,33025,33026,512,m12-1-29,2026-08-05T00:29:46,324,0.006968421094832673,0.36742405437776315,-0.7018739489330251,0.34567458772414844,-0.022534585252127586,-0.23242906440239328,-0.02253458525213896,-0.8420794796168684,-12.255291124881175,0.26643850239353856,14.048507324618338,0.49640489189271764
ring,100000,111825,33025,33026,512,m12-1-29,2026-08-05T00:29:46,406,0.024524215945261957,1.2930887399624411,0.59367625220819,1.3276150189803693,-0.0036530087947882557,-0.27184639883240375,-0.003653008794870443,1.1350720453426426,-14.33364956963829,0.09682628693813765,5.105361233628799,-2.462687064322996
ring,100000,111825,33025,33026,512,m12-1-29,2026-08-05T00:29:46,936,0.013087657091566493,0.2298037083175706,-0.3681716096948016,0.2204122311781293,-0.02612012269926045,-0.8164557015394021,-0.026120122699277392,-0.23673850940934266,-14.335992040292926,0.8400764589973052,14.750744476049787,0.016326278231214807
ring,100000,111825,33025,33026,512,m12-1-29,2026-08-05T00:29:46,969,-0.02868526956016005,-0.5036792508310196,-0.4260926469568845,-0.480639954198377,0.06637504332695583,-0.7969789877467668,0.06637504332694961,0.6810467868168294,-13.994004087515359,0.8321761804242799,14.612024971090507,-0.20040683261844505
ring,100000,111825,33025,33026,512,m12-1-29,2026-08-05T00:29:46,1006,-0.035930870243431716,-0.63090338990761,-0.5511888586351676,-0.5950705295415878,0.11008340410174436,-0.7371231796321603,0.11008340410177303,1.3315938391869266,-12.94300721520509,0.7911346853198225,13.89138508085486,-0.7365233096453162
ring,100000,111825,33025,33026,512,m12-1-29,2026-08-05T00:29:46,1545,0.026833450503332853,0.32580714007824396,-0.9509124373788237,0.2811418399587934,-0.2285138626403639,-0.3206299166825534,-0.22851386264037624,-2.4746137870949254,-3.893033293087511,0.975243868650088,11.841243290134424,2.1934719471361417
ring,100000,111825,33025,33026,512,m12-1-29,2026-08-05T00:29:46,2111,0.08580403493219185,0.7109931899823949,1.0635433259765805,0.7414104407857943,-0.10870675432712175,-2.048014960009527,-0.1087067543271504,-0.1462413341868694,-16.970352160007245,1.880694392650411,15.583893072967987,-0.5951691065989052
ring,100000,111825,33025,33026,512,m12-1-29,2026-08-05T00:29:46,2143,-0.06956969853241911,-0.5764715135455922,1.1751120349836548,-0.6061653869855117,0.07961192600143173,-2.0545144312787555,0.07961192600146812,0.04391075466364722,-17.02420836635654,1.9219660194974058,15.925879853087359,0.5622546323218368
ring,100000,111825,33025,33026,512,m12-1-29,2026-08-05T00:29:46,2397,-0.028311250352831333,-0.21202391995801917,-0.8916342285719098,-0.17807755402189157,0.15151987052381755,-1.1598128729204096,0.15151987052382762,0.9364276953571877,-8.685878181631049,1.7730346846065541,13.278317254335454,-0.758350141335285
ring,100000,111825,33025,33026,512,m12-1-29,2026-08-05T00:29:46,2421,0.03225885208761298,0.24158764405393549,1.682436453017817,0.29098832156829424,0.1685823443229482,-0.904688068619847,0.1685823443229427,1.5309966917642335,-6.775239816593197,1.9969113373942289,14.95493714641299,-1.8219850133324553
ring,100000,111825,33025,33026,512,m12-1-29,2026-08-05T00:29:46,2902,-0.09069372421384297,-0.5691245864128042,-0.8566702978856171,-0.41842781710008314,0.7171816048551983,-0.8361111604917266,0.7171816048551859,3.9677689301929626,-5.246795437443894,1.6845031977434024,10.570656283408322,-3.549341113092836
ring,100000,111825,33025,33026,512,m12-1-29,2026-08-05T00:29:46,3154,0.03740496691571576,0.20175982810896753,0.11055687560833935,0.18945925388669788,-0.07880843936677141,-2.819262558413394,-0.07880843936677188,-0.22101749232902804,-15.20690903059126,2.7853906756285505,15.024206416155247,0.031558238442326206
ring,100000,111825,33025,33026,512,m12-1-29,2026-08-05T00:29:46,3330,0.22928698115552165,1.2367582628746572,0.7458039661577576,1.3309211957420404,0.14248564553927304,-2.5492427945994107,0.14248564553926352,2.073063086044006,-13.750440929552228,1.0587322739859866,5.710729328919082,-3.40398428178606
ring,100000,111825,33025,33026,512,m12-1-29,2026-08-05T00:29:46,3464,0.1921932004204255,0.9682194239165902,0.623966572065497,0.9470337238165423,-0.3325303726757742,-3.230403018284882,-0.33253037267580693,-0.6621600792161091,-16.273931348977374,2.8461123145968816,14.337974598544982,-0.2848736446004436
ring,100000,111825,33025,33026,512,m12-1-29,2026-08-05T00:29:46,3546,0.04745528401118003,0.23906739492653756,1.6824364530178177,0.3171921914197067,0.2454106394790234,-1.3308666136439018,0.24541063947901148,1.5047928219128035,-6.704560323432151,2.937612113531449,14.798926819638044,-1.8219850133324598
ring,100000,111825,33025,33026,512,m12-1-29,2026-08-05T00:29:46,3783,0.27174342321032513,1.2837716462376596,0.28731777843793566,1.2208769277242242,-0.46417868942627694,-2.9665145188277924,-0.46417868942634655,-0.8737429633720916,-14.01442280527925,0.912792963279472,4.312221106585728,-0.34713396435213156
ring,100000,111825,33025,33026,512,m12-1-29,2026-08-05T00:29:46,4005,0.27601697442342416,1.2271748654312205,0.7458039661577556,1.3427858561919546,0.17019591813915566,-3.068793002071089,0.17019591813910057,2.061198425594075,-13.643891457108781,1.2745079442248188,5.666478006333752,-3.4039842817860557
ring,100000,111825,33025,33026,512,m12-1-29,2026-08-05T00:29:46,4468,0.1406381140103899,0.5588819798123003,-0.8566702978856193,0.2578939460037914,-1.092113306304065,-1.2965516383177824,-1.0921133063041013,-3.807235059096709,-5.152368201541475,2.6121471450055043,10.38041485577524,3.5493411130928325
ring,100000,111825,33025,33026,512,m12-1-29,2026-08-05T00:29:46,4585,0.14880664222410897,0.5612628012913677,1.1751120349836004,0.571816437609261,-0.16579397129758447,-4.394519458454911,-0.16579397129758705,-0.009561805287393258,-16.57506859046851,4.111004012716342,15.505716638791935,-0.5622546323218568
ring,100000,111825,33025,33026,512,m12-1-29,2026-08-05T00:29:46,4737,0.09628450552108118,0.34547054534885574,0.4438006239253899,0.3005936923511857,-0.228021142893148,-4.423029552898049,-0.2280211428931493,-0.45399956475660075,-15.869909945159568,4.239709183984535,15.212153149511513,0.15340587240541
ring,100000,111825,33025,33026,512,m12-1-29,2026-08-05T00:29:46,4804,-0.11240199218085346,-0.40330037867324087,1.0040525219679015,-0.37562002960760854,0.22901756872619147,-4.7852400040467105,0.22901756872620463,0.3822707121338129,-17.169527587813405,4.3936604507860295,15.764533076179877,-0.0066506825262162015
ring,100000,111825,33025,33026,512,m12-1-29,2026-08-05T00:29:46,5190,0.10108419967190894,0.3301752954251024,-0.03749425586548352,0.2796803447067932,-0.19754018959107095,-4.435706284958953,-0.19754018959106315,-0.30507539561175717,-14.488521824468007,4.451301435088086,14.539460876443842,0.025395050904964588
ring,100000,111825,33025,33026,512,m12-1-29,2026-08-05T00:29:46,5339,-0.24985556854198007,-0.8161130663814534,1.2051111588221688,-0.9499933166275712,-0.13631757976634334,-4.382252368301185,-0.13631757976635359,-1.3535187330996612,-14.313923194994212,4.051867552497762,13.234774282346676,2.303512049727207
ring,100000,111825,33025,33026,512,m12-1-29,2026-08-05T00:29:46,5649,-0.0766444240307588,-0.22945425777365072,0.5690759447767477,-0.18536591017430631,0.18607088779253372,-5.3452093805183996,0.18607088779253178,0.3095307312107415,-16.002221512674854,5.0335587016749574,15.06921723867871,-0.12416482103644523
ring,100000,111825,33025,33026,512,m12-1-29,2026-08-05T00:29:46,5761,0.35001953698293836,1.0478710497252106,-0.17492208724984662,0.711215072490092,-1.0951403184551285,-4.367214705462512,-1.0951403184551471,-2.2015525929874826,-13.074349784113576,3.390815772738918,10.151255309437412,1.4903375204974316
ring,100000,111825,33025,33026,512,m12-1-29,2026-08-05T00:29:46,5945,0.2780737022599698,0.7987356510691901,-0.3245008896575979,0.5595282128888998,-0.7401213178555479,-4.577964969195775,-0.7401213178555608,-1.3087200359797424,-13.149693050887981,4.538513227058986,13.03637232805302,0.7491918230908396
ring,100000,111825,33025,33026,512,m12-1-29,2026-08-05T00:29:46,6257,0.44677051397780143,1.2328775935355127,0.4401416044444035,1.1883120726769236,-0.39704852263831614,-4.923771654325391,-0.39704852263830653,0.23652646285584286,-13.587306141256905,1.5793539608604252,4.358278018999158,-1.4248385355327846
ring,100000,111825,33025,33026,512,m12-1-29,2026-08-05T00:29:46,6396,0.26320243352062533,0.6986143399503701,-0.4465698567446548,0.4414211403540824,-0.7274032909387159,-4.7321612236623025,-0.7274032909386856,-1.215266044163806,-12.5605057885928,4.882455935847834,12.959430827952177,0.7738449038097277
ring,100000,111825,33025,33026,512,m12-1-29,2026-08-05T00:29:46,6867,-0.2693475303352308,-0.663570310151287,1.0635433259765816,-0.6252559224149277,0.3184808482489706,-6.428925772594602,0.3184808482489427,0.030086815816002973,-15.83843840539717,5.903689615249628,14.544455425867302,0.5951691065989332
ring,100000,111825,33025,33026,512,m12-1-29,2026-08-05T00:29:46,6967,-0.4266450333192349,-1.0510917873715253,1.0368180234706115,-1.5369259477621569,-0.8318752072765596,-4.764680876534099,-0.8318752072766108,-3.2486878298360313,-11.738369247635818,2.9301218856131426,7.21871065978437,4.785613777598118
ring,100000,111825,33025,33026,512,m12-1-29,2026-08-05T00:29:46,7059,0.16591160588803572,0.3943624315993602,1.2624576556012497,0.38807298391779427,-0.16151211184002137,-6.6581762440215675,-0.1615121118400146,0.07211740857089928,-15.82610547077245,6.3329474429803865,15.053055146063745,-0.46019039248868887
ring,100000,111825,33025,33026,512,m12-1-29,2026-08-05T00:29:46,7485,0.29400559338747306,0.6521941628212401,-0.18843386347373803,0.42071877988116685,-0.6145743077688806,-6.049447452034408,-0.6145743077688831,-0.6655478909078806,-13.419521278668256,6.11124433734188,13.556605636192764,0.24482911102670107
ring,100000,111825,33025,33026,512,m12-1-29,2026-08-05T00:29:46,7544,-0.1758287487493887,-0.3900418433175302,1.262457655601247,-0.37970702691224506,0.16929100328551636,-7.056159764550407,0.16929100328553423,-0.08048336557645001,-15.652716526073089,6.711490849809915,14.88813564953351,0.46019039248868965
ring,100000,111825,33025,33026,512,m12-1-29,2026-08-05T00:29:46,7749,0.15524955629302442,0.33308643007297745,-0.7018739489330188,0.13396892159250687,-0.4551294150977573,-5.178290552048451,-0.4551294150977708,-0.6303738134852179,-11.109972582510682,5.935987322386636,12.73560371689819,0.49640489189273035
ring,100000,111825,33025,33026,512,m12-1-29,2026-08-05T00:29:46,7985,-0.4284552803348509,-0.889696557089706,-0.03684664942774686,-0.5077251896706629,0.9647124366770419,-6.492125473630975,0.9647124366770528,1.0309398026770649,-13.481037455227128,6.001624005480665,12.462500661563125,-0.5232146130063919
ring,100000,111825,33025,33026,512,m12-1-29,2026-08-05T00:29:46,8243,0.15741710724234695,0.31657856762245984,-0.8570109036110065,-0.04263154706663807,-0.7465877506970262,-4.041802229721539,-0.7465877506970374,-1.1728430346139604,-8.128392033837661,5.875147688866844,11.815398418219104,1.2154745816805583
ring,100000,111825,33025,33026,512,m12-1-29,2026-08-05T00:29:46,8453,0.4402740042115844,0.8580438546993382,1.0746084275329766,1.0614769930345618,0.0842621192684948,-6.9914177284021255,0.08426211926851003,1.1824582172526252,-13.625476317263173,5.977835540056746,11.650120153548793,-2.243935210287174
ring,100000,111825,33025,33026,512,m12-1-29,2026-08-05T00:29:46,8717,-0.19841881310355955,-0.3749484952474611,1.4881634225143023,-0.5828819038722927,-0.23396563836643533,-6.504780285816947,-0.2339656383664217,-0.9011904382014048,-12.291967389249825,7.377142869403303,13.94045541772659,1.484072342073683
ring,100000,111825,33025,33026,512,m12-1-29,2026-08-05T00:29:46,9403,0.5682250933281587,0.9818045494130141,1.0368180234706104,1.7982138645915555,1.0348950097838157,-6.345816836737161,1.0348950097837963,2.987399913006687,-10.964584129078474,3.902468450088975,6.742858284903554,-4.785613777598153
ring,100000,111825,33025,33026,512,m12-1-29,2026-08-05T00:29:46,9418,0.2886784470117895,0.4987914400851167,-0.8566702978856178,-0.6251905360300325,-2.0006812872786854,-2.6613448001196383,-2.000681287278749,-2.9241505770628553,-4.598389727932947,5.361779674681726,9.264321022359553,3.549341113092828
ring,100000,111825,33025,33026,512,m12-1-29,2026-08-05T00:29:46,9980,-0.13821552509133514,-0.2191990433157101,1.0766778596102453,-0.11818652508765945,0.2457597606632108,-9.593750502981322,0.24575976066320845,0.11660595532248583,-15.214940077631757,8.788627894266295,13.93807841201542,0.0015805697651745528
ring,100000,111825,33025,33026,512,m12-1-29,2026-08-05T00:29:46,10122,-0.2949471755956601,-0.46776321745706945,1.5804212629770027,-1.3573161113300205,-1.192688345860765,-4.276041399184446,-1.1926883458607958,-2.4967795219600033,-6.7814681690805525,7.294321298260826,11.568224692266755,3.8540956332901586
ring,100000,111825,33025,33026,512,m12-1-29,2026-08-05T00:29:46,10217,0.5578106947297746,0.860341508546085,0.12312243802092963,0.31560276492885314,-1.0864234752328996,-8.407237906702742,-1.0864234752328914,-0.6556536218122376,-12.966936295229019,7.57832808719345,11.688463990371668,0.3400508568833771
ring,100000,111825,33025,33026,512,m12-1-29,2026-08-05T00:29:46,10441,0.576027447825876,0.8643018013080044,0.28929832137703415,0.3616950873743321,-1.02398339872788,-8.81703295879847,-1.0239833987278841,-0.4922935777233116,-13.22953879584103,7.816456936997177,11.728222042181601,0.13059849034898036
ring,100000,111825,33025,33026,512,m12-1-29,2026-08-05T00:29:46,10711,0.6242688702391976,0.9115019422756119,-0.17492208724984618,-0.08660095310671068,-1.6990216681270736,-7.789040045510475,-1.6990216681270003,-1.4037365673907294,-11.372864271166998,6.047607370385987,8.830178993411483,1.49033752049742
ring,100000,111825,33025,33026,512,m12-1-29,2026-08-05T00:29:46,10742,-0.2397055002091268,-0.3499966752002873,1.488163422514309,-0.6397678527985198,-0.2638393294745611,-7.858285148336722,-0.26383932947457944,-0.8443044892752464,-11.473969818356776,8.912167621432483,13.012755375273368,1.4840723420736963
ring,100000,111825,33025,33026,512,m12-1-29,2026-08-05T00:29:46,11229,-0.4713139476941722,-0.6521693132878255,-0.7108319063267665,1.230631951382225,2.743712643087172,-4.266522896409752,2.743712643087097,3.0443341374547854,-5.903698206028622,5.3220910252114555,7.364315157971481,-4.274966088836972
ring,100000,111825,33025,33026,512,m12-1-29,2026-08-05T00:29:46,11444,0.2703404172235812,0.3642862150903723,-0.9103925711216394,-0.9217684542356673,-1.8047725455134407,-2.695993299713011,-1.8047725455134354,-2.0143765427188773,-3.632875931567459,6.771271998070511,9.12435170758953,2.9361449969545346
ring,100000,111825,33025,33026,512,m12-1-29,2026-08-05T00:29:46,11485,0.051748605915679334,0.06792035348446966,0.6378658214949844,0.005751287435161778,-0.10759783435554629,-10.361873193081776,-0.10759783435554368,-0.053492580673521785,-13.60002028232631,9.654863485375003,12.672065829936534,0.04774129323836061
ring,100000,111825,33025,33026,512,m12-1-29,2026-08-05T00:29:46,11508,0.34599593219278557,0.45412172179118215,-0.04160718955286746,0.11190910152785097,-0.5910428870237197,-9.194193856441188,-0.5910428870237241,-0.21352186141982488,-12.06743419816475,9.253880647153359,12.145773466474902,0.1016127598919789
ring,100000,111825,33025,33026,512,m12-1-29,2026-08-05T00:29:46,11770,-0.38216810989610106,-0.48865748538257475,-0.3180571361523383,-0.056811743977444276,0.694479973725522,-8.833767883696838,0.6944799737255104,0.28804457800575,-11.295256429623178,9.080846663315956,11.611182567920528,-0.2312328340283151
ring,100000,111825,33025,33026,512,m12-1-29,2026-08-05T00:29:46,11906,-0.6173773188237369,-0.7894066520376581,-0.516841339534592,1.3682993182547554,2.965205037459964,-5.866923440550971,2.9652050374600334,2.840724358330352,-7.501714510326981,4.505082268103782,5.76040259657366,-4.209023676585001
ring,100000,111825,33025,33026,512,m12-1-29,2026-08-05T00:29:46,12182,0.39447528231822054,0.47893072346254506,0.11675407679673826,0.06174162634788643,-0.6744033116224564,-9.911123986716627,-0.6744033116224608,-0.2015705903744012,-12.033052497966827,9.841131180635625,11.94807453672024,0.1398289640265116
ring,100000,111825,33025,33026,512,m12-1-29,2026-08-05T00:29:46,12302,-0.5401260807791322,-0.6557647239855583,-0.5535951700326347,0.7045805869299749,1.8350890054165743,-7.32463783419612,1.8350890054165463,1.4210678069237106,-8.892810916864638,7.467094686368911,9.0657671610998,-2.125648393853774
ring,100000,111825,33025,33026,512,m12-1-29,2026-08-05T00:29:46,12666,-0.050324065960427045,-0.05804336228059177,-0.595127029563312,0.003961120972005689,0.08868610213588154,-8.845158012374915,0.08868610213588154,0.0293593691223424,-10.201932239439719,9.483763538623602,10.9384945820689,-0.033320490094349016
ring,100000,111825,33025,33026,512,m12-1-29,2026-08-05T00:29:46,12944,-0.2843337472027569,-0.3196915836035495,1.2624576556012488,-0.25645508852909954,0.2243842680491517,-11.410559200279476,0.22438426804916428,-0.2037353039595907,-12.829499756630687,10.85319298588329,12.202823220761836,0.460190392488684
ring,100000,111825,33025,33026,512,m12-1-29,2026-08-05T00:29:46,13484,-0.8328211131987108,-0.890015900801383,-0.148061169154313,1.129335625703379,2.4766403940545016,-8.612434490473147,2.4766403940545345,1.458576771888051,-9.203901677865598,3.4898297193776147,3.7294971178211758,-2.5879123975913694
ring,100000,111825,33025,33026,512,m12-1-29,2026-08-05T00:29:46,14010,0.5082563953718738,0.503459980062766,-0.1884338634737367,-0.13019111439272157,-0.820143234391647,-10.457863473061847,-0.8201432343916355,-0.11463799663397323,-10.359172621515594,10.564693624861583,10.464994617234796,0.24482911102670316
ring,100000,111825,33025,33026,512,m12-1-29,2026-08-05T00:29:46,14027,-0.4796391101980097,-0.4751127561925216,0.7695301005621717,0.035751274879819966,0.7277071575316787,-12.273408208955495,0.7277071575316878,0.021951106030805207,-12.157584062786562,11.382313860520256,11.274898971202518,-0.05770238091063309
ring,100000,111825,33025,33026,512,m12-1-29,2026-08-05T00:29:46,14028,-0.39734306919998597,-0.3935933428857673,0.8999066073661338,0.018818255176049126,0.5965971445635075,-12.492841860463162,0.5965971445635176,0.007504444057652271,-12.374946919052157,11.515804528421619,11.407129887747875,-0.02632269923369676
ring,100000,111825,33025,33026,512,m12-1-29,2026-08-05T00:29:46,14475,-0.5945041860934781,-0.5598344248003956,0.45612950281224374,0.1254142396557216,0.8992434411590418,-12.007293920626676,0.899243441159037,0.017284082146447166,-11.30706333564208,11.358982703288302,10.69655974972997,-0.14269832180215702
ring,100000,111825,33025,33026,512,m12-1-29,2026-08-05T00:29:46,14730,-0.3717281466529383,-0.34128708982014977,-0.6367074460603895,0.3886525903145772,0.7951397068925459,-9.25916416040514,0.7951397068925731,0.2526157077150706,-8.500925256601002,10.302062567377698,9.458420042773843,-0.6412682980296469
ring,100000,111825,33025,33026,512,m12-1-29,2026-08-05T00:29:46,14835,-0.9319370716377587,-0.855620145901136,-0.00849115100599532,1.03309443398829,2.092125522778842,-9.855054486924141,2.0921255227788365,0.675162071085717,-9.048017741313005,3.434559198844203,3.1533009387177486,-1.7082565050740002
ring,100000,111825,33025,33026,512,m12-1-29,2026-08-05T00:29:46,15081,-0.06342017341823357,-0.0553378874271697,-0.010410806574736845,0.011690482614379745,0.08267583949580562,-11.43360908395583,0.08267583949580354,-0.010920837793091616,-9.976506500568572,11.369351741962133,9.92043813358143,-0.0007696448212883133
ring,100000,111825,33025,33026,512,m12-1-29,2026-08-05T00:29:46,15327,0.19246355567213663,0.16369679407528204,0.8244345547260793,-0.10165234119944014,-0.3096833786812464,-13.42211774628027,-0.3096833786812453,-0.000943926198370619,-11.41596723127084,12.354504458217049,10.507925851915482,0.10259626739781473
ring,100000,111825,33025,33026,512,m12-1-29,2026-08-05T00:29:46,15410,-0.7522082053145341,-0.6397786389069331,-0.036846649427747756,0.4596396553841096,1.2179186195904839,-11.397759055227734,1.2179186195904537,0.06357495762227253,-9.69418137614403,10.536620808143846,8.961754035232815,-0.5232146130063945
ring,100000,111825,33025,33026,512,m12-1-29,2026-08-05T00:29:46,15515,-0.9581397979116124,-0.8149304560352868,0.7458039661577599,-1.765785312506418,-0.3923343430996601,-10.652724213715453,-0.3923343430997679,-1.638198969279682,-9.060503926903966,4.424209006229342,3.762940095902964,3.403984281786067
ring,100000,111825,33025,33026,512,m12-1-29,2026-08-05T00:29:46,16249,-0.06862133240785197,-0.05262629115803173,0.8724052824817372,0.046048939347654555,0.10440107232464886,-14.097737248199119,0.10440107232464851,-0.01001732863674384,-10.811676180864454,12.901666400745734,9.894399140984143,-0.03603161071090979
ring,100000,111825,33025,33026,512,m12-1-29,2026-08-05T00:29:46,16251,0.20562838980498388,0.1576981841144847,1.0766778596102053,-0.0698401294157142,-0.26304197716633143,-14.27298030966634,-0.26304197716633065,0.07142069918088803,-10.946071594835537,13.07516938707799,10.02746007633953,-0.0015805697651753202
ring,100000,111825,33025,33026,512,m12-1-29,2026-08-05T00:29:46,16323,0.20499222729549801,0.15721030560391697,1.53838409058381,0.5192519618314698,0.1831886557805562,-10.850444314310018,0.18318865578055316,0.4208745789368224,-8.32129924678555,12.822126832592108,9.833399560746262,-0.9401265407682818
ring,100000,111825,33025,33026,512,m12-1-29,2026-08-05T00:29:46,16582,-0.9557795322090987,-0.7139889379265104,0.12885845777295754,0.6710830772122588,1.3878770960034366,-12.002854157707382,1.387877096003447,-0.15001958150556038,-8.966403656228717,8.389637138188057,6.26724878282169,-0.5210634957067068
ring,100000,111825,33025,33026,512,m12-1-29,2026-08-05T00:29:46,16812,-0.8537206659879295,-0.6210892561410528,0.9309416025118104,-0.9815650069740338,0.0897756247642116,-12.604038996771967,0.08977562476420468,-1.0396538903699475,-9.169548678804672,10.009478386004808,7.281983127267163,2.021218897343912
ring,100000,111825,33025,33026,512,m12-1-29,2026-08-05T00:29:46,16877,0.07102335704437954,0.05030943574737791,0.4125855288930883,-0.05807737525546522,-0.10362538848760389,-13.333797943276254,-0.10362538848760086,0.014810626660639637,-9.445003430021027,12.73318043820932,9.019555675403826,0.04326674859482236
ring,100000,111825,33025,33026,512,m12-1-29,2026-08-05T00:29:46,17009,0.9735249246153884,0.6895969393956486,0.1288584577729568,-0.7407117592174127,-1.365350645195512,-12.2257040408091,-1.3653506451954474,0.2196482635107034,-8.660084477888287,8.5454025612236,6.053140811419511,0.5210634957067134
ring,100000,111825,33025,33026,512,m12-1-29,2026-08-05T00:29:46,17463,0.7878446836393094,0.528675047823152,-0.4399099142529187,-1.7534830503859795,-1.7861771418855643,-10.206415208066291,-1.786177141885521,-0.29027326699062594,-6.848909639526597,9.418997169263847,6.320520887320454,2.0437563173765927
ring,100000,111825,33025,33026,512,m12-1-29,2026-08-05T00:29:46,17603,0.46831454347973034,0.30574290273143057,0.8999066073661295,-0.25318595812144373,-0.5462127248554921,-14.724252129090562,-0.5462127248554706,0.22686325888774223,-9.612846000996685,13.572701170773687,8.861046729458309,0.026322699233694947
ring,100000,111825,33025,33026,512,m12-1-29,2026-08-05T00:29:46,17737,0.9703894567579847,0.6335265334376791,-0.2801078673685895,-2.774824851427997,-2.5420191597921034,-9.777014604942089,-2.5420191597921593,-0.5407240116802597,-6.383002336744713,4.793073147878578,3.1291962157478417,3.315548863108269
ring,100000,111825,33025,33026,512,m12-1-29,2026-08-05T00:29:46,18239,0.3535617065001753,0.21215412977730766,0.1146651136963157,-0.25064621752149796,-0.39651020242601237,-13.31999021344903,-0.39651020242602275,0.17222553058672102,-7.992638570362595,13.231286378890317,7.939411977994605,0.07842068693478266
ring,100000,111825,33025,33026,512,m12-1-29,2026-08-05T00:29:46,18273,-0.21665256715252243,-0.1300020222869938,0.8244345547260802,0.19892570470998752,0.27684913133656364,-15.109022880720302,0.27684913133654876,-0.09632943731217966,-9.06614472696839,13.907230890660827,8.345011388327045,-0.10259626739780792
ring,100000,111825,33025,33026,512,m12-1-29,2026-08-05T00:29:46,18724,-0.07525375091312826,-0.04260618213339029,0.8724052824817325,0.07363569062896554,0.09269233445178895,-15.460317806264536,0.09269233445178975,-0.037604079918056095,-8.753120054496971,14.148643805331972,8.010493664379966,-0.036031610710908615
ring,100000,111825,33025,33026,512,m12-1-29,2026-08-05T00:29:46,19052,-0.7445326997041345,-0.4091877508344086,-0.5535951700326376,2.0650747362899033,1.5784118595128036,-10.096591472092435,1.5784118595128382,0.06057365756374107,-5.548986038089791,10.29296003956937,5.656908245525983,-2.125648393853775
ring,100000,111825,33025,33026,512,m12-1-29,2026-08-05T00:29:46,19107,-0.9519417731328269,-0.5231777102984747,-0.4033890067179091,3.5233905830866106,2.507574854038147,-9.319203171312214,2.5075748540382135,0.33890076212346587,-5.1217411763831535,5.673034209465972,3.117843057129,-3.862291345210071
ring,100000,111825,33025,33026,512,m12-1-29,2026-08-05T00:29:46,19339,-1.141209132262434,-0.6085405845350594,0.5936762522082075,-1.1776613394966762,0.0799985364757491,-12.650092203258552,0.07999853647579551,-1.285025724826337,-6.745559850657572,4.5057115441937965,2.4026344158446737,2.4626870643230045
ring,100000,111825,33025,33026,512,m12-1-29,2026-08-05T00:29:46,19428,-0.4967908967200379,-0.25689694264697427,0.8999066073661324,0.3580259356807261,0.48685580078791035,-15.619575604872024,0.4868558007879162,-0.33170323644702876,-8.077082822627334,14.39800339199523,7.445392168103499,-0.026322699233694402
ring,100000,111825,33025,33026,512,m12-1-29,2026-08-05T00:29:46,19589,0.36862221734481865,0.18475095660014912,0.11466511369631441,-0.30814056834507647,-0.3600027827839464,-13.887375915498117,-0.36000278278395365,0.2297198814103007,-6.960258672238546,13.794893603129356,6.913907164177822,0.07842068693478273
ring,100000,111825,33025,33026,512,m12-1-29,2026-08-05T00:29:46,19649,-0.7495149964283244,-0.3756518355668221,0.2871910631567672,0.6524275869170404,0.7494041456924979,-14.347756399597614,0.7494041456925028,-0.4672161217612277,-7.190998250146061,13.763252214821648,6.898048714841348,-0.18521146515581371
ring,100000,111825,33025,33026,512,m12-1-29,2026-08-05T00:29:46,19795,-0.738612508514665,-0.37018758252780387,1.4054426912240696,-3.4890126464823785,-1.3004103888233003,-8.778505407598091,-1.3004103888232752,-1.5461406742430086,-4.399727404537304,10.261286292470487,5.142887132894997,5.0351533207254136
ring,100000,111825,33025,33026,512,m12-1-29,2026-08-05T00:29:46,20046,-0.3731752211441508,-0.17537248760538096,0.11466511369631484,0.3259939708780696,0.3459488697974309,-14.058904576361966,0.3459488697974295,-0.24757328394326902,-6.606936711939129,13.965279977121321,6.562938134489331,-0.07842068693478374
ring,100000,111825,33025,33026,512,m12-1-29,2026-08-05T00:29:46,20147,0.07851508333641936,0.03689790934412777,1.5638367446373036,0.20347711847278432,0.05130834202146062,-12.263972401055907,0.05130834202146007,0.11841025613582631,-5.763414144440271,14.806147878080287,6.95810128354981,-0.3218873746086083
ring,100000,111825,33025,33026,512,m12-1-29,2026-08-05T00:29:46,20247,-0.5004779414968197,-0.23519798909159692,1.5804212629769983,-2.770611060896728,-1.0175955774966674,-7.255754841175032,-1.017595577496666,-1.0834845723933457,-3.409818508448374,12.377290613471303,5.816667671674591,3.8540956332901373
ring,100000,111825,33025,33026,512,m12-1-29,2026-08-05T00:29:46,20839,0.7820419158723743,0.3319246875126047,-0.5535951700326385,-2.3617422278699167,-1.3448799540462746,-10.605253122869597,-1.3448799540462886,0.23609383401619613,-4.501223345392984,10.811514648774047,4.588767620376252,2.12564839385378
ring,100000,111825,33025,33026,512,m12-1-29,2026-08-05T00:29:46,21063,0.8779923768199901,0.359619156852873,-0.43990991425291537,-2.3974776759097907,-1.3540311916533483,-11.37426568133564,-1.354031191653353,0.353721358533246,-4.6588147484348355,10.496748767411365,4.299390337653048,2.0437563173765834
ring,100000,111825,33025,33026,512,m12-1-29,2026-08-05T00:29:46,21092,-0.3925597065444997,-0.16078954032979031,1.4881634225143077,-0.9436983596472651,-0.19850028306719777,-12.869317179132944,-0.19850028306718662,-0.5403739824264554,-5.271176738452298,14.595234164808558,5.978099517707683,1.4840723420736923
ring,100000,111825,33025,33026,512,m12-1-29,2026-08-05T00:29:46,21709,-0.8704361743443699,-0.3185448043696701,-0.18707214247040965,1.275428495660928,0.7974953593425044,-13.565357740326421,0.7974953593424782,-0.611907473994671,-4.964378038230728,12.953675842737088,4.740526943633474,-0.6635210216662673
ring,100000,111825,33025,33026,512,m12-1-29,2026-08-05T00:29:46,21713,-0.9636382762363259,-0.352653043651392,0.4576979873051421,0.7212147787805799,0.6454186648842012,-15.289236158720241,0.6454186648841554,-0.8062196413109873,-5.5952485485906385,13.452843105269157,4.923202184711067,0.08500486253040543
ring,100000,111825,33025,33026,512,m12-1-29,2026-08-05T00:29:46,22016,0.7590748168020705,0.2669589350111563,-0.7108319063267717,-4.391032041810216,-1.8088269373084975,-6.871449703150777,-1.8088269373084267,0.11606595297303499,-2.4166193557364024,8.571495262830132,3.0145081830779064,4.27496608883697
ring,100000,111825,33025,33026,512,m12-1-29,2026-08-05T00:29:46,22421,-0.06812048648682041,-0.022038515503509843,-0.9090095165784592,0.28700462368661633,0.11429958793596257,-8.184498578644437,0.11429958793596251,-0.029313975149532073,-2.647870091896648,12.844147659764603,4.155371782082729,-0.2576906485370817
ring,100000,111825,33025,33026,512,m12-1-29,2026-08-05T00:29:46,22931,-0.9609922990908537,-0.284273490088947,-0.5168413395345965,4.668072426319697,1.6621091722122303,-9.132289240018446,1.6621091722123402,-0.45904874973467596,-2.7014448890149856,7.012485289655642,2.07438048085687,-4.20902367658499
ring,100000,111825,33025,33026,512,m12-1-29,2026-08-05T00:29:46,23004,0.6497574369955194,0.18330597425455294,0.7695301005621717,-0.6492913360426703,-0.3803410890653684,-16.62653876944781,-0.3803410890654099,0.5915889551320276,-4.690587154657897,15.419391212774352,4.350033362818015,0.05770238091063427
ring,100000,111825,33025,33026,512,m12-1-29,2026-08-05T00:29:46,23160,-1.2176185463272224,-0.3435078095250133,-0.008491151005995545,2.6442998523421357,1.0974077366306143,-12.876080889513544,1.0974077366307378,-0.9360433472681803,-3.6325287217126867,4.4874091891441745,1.265963060151243,-1.7082565050740086
ring,100000,111825,33025,33026,512,m12-1-29,2026-08-05T00:29:46,23467,-0.22100912500419923,-0.05635849015831519,-0.566386908080989,0.2820547952694491,0.12724926285777885,-13.169212525427293,0.12724926285777505,-0.18450238992836498,-3.358218510176742,14.054071797492023,3.5838622820128454,-0.09755240534109248
ring,100000,111825,33025,33026,512,m12-1-29,2026-08-05T00:29:46,24095,-0.3375894018910263,-0.07257504297774672,-0.037494255865481434,0.33437824736064375,0.1450119257688649,-14.813862468752546,0.14501192576885308,-0.30898319645568756,-3.184687372630171,14.865945360258262,3.1958841639638917,-0.02539505090496551
ring,100000,111825,33025,33026,512,m12-1-29,2026-08-05T00:29:46,24215,0.7220998597776165,0.15523718476950446,-0.6530230332241075,-2.617128654893643,-0.7123865804820194,-10.541749498141497,-0.7123865804819914,0.543453183767175,-2.2662675978650006,11.887981703062218,2.555680889819242,2.0736754711264926
ring,100000,111825,33025,33026,512,m12-1-29,2026-08-05T00:29:46,24320,-0.3384799100047215,-0.06830147623263497,-0.037494255865483155,0.33794158288831344,0.13683292208102935,-14.852939124150254,0.1368329220810167,-0.31254653198334176,-2.9971577000206917,14.905159402188913,3.0076951705584647,-0.02539505090496566
ring,100000,111825,33025,33026,512,m12-1-29,2026-08-05T00:29:46,24570,-0.5830935155810495,-0.1100091312004057,0.45179198141987637,0.7428020879114242,0.25384701668340737,-16.234270320434412,0.25384701668337595,-0.5547992584815272,-3.062832849108121,15.591331318851463,2.9415329905280214,-0.18800282942989258
ring,100000,111825,33025,33026,512,m12-1-29,2026-08-05T00:29:46,24751,-1.600308167060831e-17,-4.208807453233112e-18,0.19712733924027528,-2.9322511002515473e-16,-1.4353965907959183e-17,-15.428187563275364,2.59010235637175e-16,8.232271855333917e-17,-2.709234288266955,15.071160884436452,2.6465393724728727,1.6798874894138497e-16
ring,100000,111825,33025,33026,512,m12-1-29,2026-08-05T00:29:46,25053,-0.5520329480307069,-0.0897600049787635,0.8999066073661319,0.5790502914183374,0.18902343513074416,-17.356437940136946,0.18902343513074804,-0.5527275921846472,-2.822139441998693,15.999029593166288,2.6014262030209605,-0.026322699233688383
ring,100000,111825,33025,33026,512,m12-1-29,2026-08-05T00:29:46,25549,0.42030113096129473,0.057474853583253924,1.4881634225143139,1.014614088938597,0.0759689368441966,-13.778766579743618,0.07596893684418335,0.4694582531350976,-1.8842028569309974,15.62665073323987,2.1368951847344393,-1.4840723420736943
ring,100000,111825,33025,33026,512,m12-1-29,2026-08-05T00:29:46,25721,-0.7099717356560649,-0.08795822605493808,-0.18843386347372895,0.917797904095846,0.20015176387952027,-14.60835033033071,0.20015176387953415,-0.6729687930691421,-1.8098249776910122,14.757578926339816,1.828312872240082,-0.24482911102669938
ring,100000,111825,33025,33026,512,m12-1-29,2026-08-05T00:29:46,25923,-0.2511192287354362,-0.027892536847778236,0.8244345547260822,0.35740132861030494,0.06884893106990236,-17.51267581372115,0.06884893106991054,-0.25480506121248975,-1.9451834011167615,16.119694038288863,1.7904608986019221,-0.10259626739781137
ring,100000,111825,33025,33026,512,m12-1-29,2026-08-05T00:29:46,25928,0.5558643954835978,0.0617414612631252,0.8999066073661313,-0.5952433981641821,-0.13092227557135816,-17.47690227143168,-0.13092227557136082,0.5689206989304884,-1.9412099306202923,16.110072677464363,1.7893922263116497,0.026322699233697292
ring,100000,111825,33025,33026,512,m12-1-29,2026-08-05T00:29:46,26330,0.08386260327229157,0.007173838142500446,-0.010410806574738425,-0.08261772778768905,-0.014172567241990631,-15.119041322308936,-0.014172567241992902,0.08184808296639913,-1.293324450754949,15.034071703203574,1.2860559154280133,0.0007696448212883812
ring,100000,111825,33025,33026,512,m12-1-29,2026-08-05T00:29:46,26508,1.3074423298007323,0.11184221916162267,0.28731777843793244,-0.9553546688516118,-0.1945658849917722,-14.27282621254833,-0.1945658849917491,1.3024886332037124,-1.2209368787706971,4.391731525410813,0.37568081480034154,-0.34713396435212157
ring,100000,111825,33025,33026,512,m12-1-29,2026-08-05T00:29:46,27089,0.9860013869144135,0.04677974070158484,0.6239665720654902,-0.7242573975140147,-0.08242421987593375,-16.572812406233883,-0.08242421987594362,1.0091310421144877,-0.7862786780511184,14.601300583829568,0.69274248929301,-0.2848736446004444
ring,100000,111825,33025,33026,512,m12-1-29,2026-08-05T00:29:46,27171,0.2434580190614744,0.011550595318184857,1.6824364530178337,1.5506212449552088,0.060829873510629656,-6.827693820491485,0.06082987351062552,0.2713637683773304,-0.32393235014807387,15.070718484433709,0.7150135002290637,-1.8219850133324706
ring,100000,111825,33025,33026,512,m12-1-29,2026-08-05T00:29:46,27659,-1.2186025680832115,-0.026964631090135638,-0.1480611691543135,3.7736322518686714,0.1097918319556353,-12.601907686068758,0.10979183195563727,-1.18571985427728,-0.27884874091581124,5.106397269244085,0.11299181716104231,-2.587912397591409
ring,100000,111825,33025,33026,512,m12-1-29,2026-08-05T00:29:46,27946,-0.5154364619756776,0.0016290712214479355,0.6049834900561639,0.7114090816286749,-0.00391857992472041,-16.965202562074136,-0.003918579924733487,-0.5284131985995427,0.05361965110883448,16.02036817452049,-0.05063343918293306,-0.18299588302912206
ring,100000,111825,33025,33026,512,m12-1-29,2026-08-05T00:29:46,28025,0.5808028517631181,-0.0018356660441046025,1.4145110692301524,1.2858329140925675,-0.0020860413949298426,-14.224608633497088,-0.002086041394930158,0.625818151449506,0.044957821711661294,15.22889873350266,-0.04813194737136315,-1.911651065542124
ring,100000,111825,33025,33026,512,m12-1-29,2026-08-05T00:29:46,28086,1.2188947736775482,-0.0038523980049072442,-0.14806116915431333,-3.7760120829747232,0.01568956214916228,-12.604929465294767,0.015689562149177882,1.1880996853832573,0.03983871797036625,5.107621719190151,-0.016142978168215184,2.5879123975913996
ring,100000,111825,33025,33026,512,m12-1-29,2026-08-05T00:29:46,28379,0.5152305248581652,-0.014659688312341915,0.6049834900561619,-0.7104185542245307,0.035248433566861484,-16.958424297105932,0.035248433566866355,0.5274226711953961,0.48251258896674665,16.013967408011204,-0.45564026104638183,0.18299588302912403
ring,100000,111825,33025,33026,512,m12-1-29,2026-08-05T00:29:46,28525,0.825854187557504,-0.02349776342224251,1.4054426912240758,4.138143516875022,-0.09229365125249483,-9.815384071872831,-0.09229365125245942,0.8970098038503459,0.27927396421088413,11.473304549640602,-0.32644624201294054,-5.0351533207254215
ring,100000,111825,33025,33026,512,m12-1-29,2026-08-05T00:29:46,28652,-0.6745493314117594,0.027730968615001843,0.7695301005621717,0.7541353596208069,-0.05973434728741063,-17.26093457657497,-0.05973434728743798,-0.6964329787101486,0.709603305078964,16.00772756284028,-0.6580835084567624,-0.0577023809106301
ring,100000,111825,33025,33026,512,m12-1-29,2026-08-05T00:29:46,29092,-0.22757962299447923,0.015127060049342632,-0.5663869080809892,0.31216629475075064,-0.03517010174519131,-13.560727058731072,-0.03517010174518653,-0.21461388940964218,0.9013721432131415,14.471892783385252,-0.9619366983801942,-0.09755240534110408
ring,100000,111825,33025,33026,512,m12-1-29,2026-08-05T00:29:46,29390,0.7362934483030332,-0.058298790828008734,-0.6530230332241095,-2.748678270894342,0.2727929826190777,-10.748958034036974,0.27279298261904356,0.6750027997679131,0.8510890019321151,12.121651767398147,-0.9597771683371882,2.073675471126485
ring,100000,111825,33025,33026,512,m12-1-29,2026-08-05T00:29:46,29534,0.7823091668783231,-0.07190489258069617,-0.04105539185348077,-0.9990871839089631,0.16293122068657429,-15.080009134622324,0.16293122068653065,0.7585924928772386,1.3860587129097892,14.96135545825354,-1.3751528201824321,0.2404946910317375
ring,100000,111825,33025,33026,512,m12-1-29,2026-08-05T00:29:46,29618,0.35207236318269813,-0.032360256695317585,-0.8570109036110083,-1.52839191878149,0.17068341216240793,-9.03972184131397,0.17068341216237423,0.3129173371008523,0.8308738481908192,13.140103811476019,-1.2077549299767945,1.2154745816805643
ring,100000,111825,33025,33026,512,m12-1-29,2026-08-05T00:29:46,29768,-0.3701847599218364,0.03875027115214883,-0.5095819665697839,0.5006996638079101,-0.08961534424371519,-13.68926868924327,-0.08961534424368471,-0.3460228559041192,1.43296788796712,14.477603919661346,-1.5154893941034284,-0.15467680790377092
ring,100000,111825,33025,33026,512,m12-1-29,2026-08-05T00:29:46,29820,-0.2606408203465,0.027283409678663793,1.3225029768657133,-0.023701430524863655,-0.026859808328690508,-17.080953444713106,-0.02685980832866742,-0.27748391363622177,1.7880033139656246,16.450221589392033,-1.7219794440929366,0.3011853441610939
ring,100000,111825,33025,33026,512,m12-1-29,2026-08-05T00:29:46,30042,-0.711260826894327,0.08355647633543044,1.0635433259765792,0.14691961035247414,-0.10589912811477874,-16.976740255857173,-0.10589912811474991,-0.7420887169513762,1.9943690722222742,15.589759268420435,-1.8314313148309849,0.5951691065989119
ring,100000,111825,33025,33026,512,m12-1-29,2026-08-05T00:29:46,30255,-0.5004062561489223,0.06520944332653322,-0.6367074460603915,1.092026451253223,-0.20451791579545323,-12.464333718862209,-0.20451791579545792,-0.45075815322362195,1.624264791368385,13.868243786140424,-1.8072125320147945,-0.6412682980296339
ring,100000,111825,33025,33026,512,m12-1-29,2026-08-05T00:29:46,30333,1.3012154842629189,-0.1695653008610699,0.2873177784379356,-0.933741244301074,0.29357872766568455,-14.204850224477845,0.29357872766567317,1.2808752086531463,1.8510767287436904,4.3708153953230555,-0.5695740916701245,-0.34713396435211696
ring,100000,111825,33025,33026,512,m12-1-29,2026-08-05T00:29:46,30382,-0.20312598462291154,0.029085978744049088,0.11055687560833986,0.22679368630979094,-0.06169612943929371,-15.309878080593686,-0.0616961294392964,-0.19523544786745733,2.192249254829639,15.125938349883583,-2.1659105906378393,-0.03155823844233017
ring,100000,111825,33025,33026,512,m12-1-29,2026-08-05T00:29:46,30547,0.39763551289164906,-0.05693815144978125,1.6412058752239433,2.438541927634321,-0.28598288835083596,-7.250520028530921,-0.2859828883508047,0.482290994924308,1.0382151344381565,14.359166789113587,-2.056115177906652,-2.9208329225586307
ring,100000,111825,33025,33026,512,m12-1-29,2026-08-05T00:29:46,30852,0.2491270171889224,-0.04212588229385775,0.8244345547260877,-0.34760533465145427,0.10315708365448716,-17.37374198877147,0.10315708365449763,0.24500906725364863,2.9377954197068266,15.991811196536135,-2.704119222926275,0.10259626739781134
ring,100000,111825,33025,33026,512,m12-1-29,2026-08-05T00:29:46,31499,-0.23921618572419365,0.046699462364255775,1.6824364530178364,-1.5063322166765636,0.2416522833355766,-6.708733108594797,0.24165228333556063,-0.3156527966560049,1.3096698635513238,14.808137377717953,-2.8908246825437067,1.8219850133324793
ring,100000,111825,33025,33026,512,m12-1-29,2026-08-05T00:29:46,31657,-1.1679324822997998,0.24336892665305357,0.12885845777295746,1.5874016699623608,-0.5780756329856869,-14.667109703314694,-0.5780756329856837,-1.0663381742556521,3.056271488030995,10.251872318034323,-2.136242633915976,-0.5210634957067112
ring,100000,111825,33025,33026,512,m12-1-29,2026-08-05T00:29:46,31667,-0.4152923833357406,0.08653690441128034,1.4881634225143174,-1.0014520907577853,0.11301938456851603,-13.61456439396414,0.1130193845685161,-0.4826202513159462,2.836946461908027,15.4404272282576,-3.2174121865386014,1.4840723420736885
ring,100000,111825,33025,33026,512,m12-1-29,2026-08-05T00:29:46,31730,0.0821753394832851,-0.018210265294828727,-0.010410806574737518,-0.07601810759791056,0.03525221355830572,-14.814855547573895,0.035252213558304914,0.07524846277661973,3.28300986065009,14.731595464732266,-3.2645592134540413,0.0007696448212884816
ring,100000,111825,33025,33026,512,m12-1-29,2026-08-05T00:29:46,32025,-0.7949701168211407,0.18674132867589394,0.4561295028122409,0.8779962897752279,-0.4011012449337638,-16.05613564054081,-0.40110124493371,-0.7352979679730673,3.7716437882023057,15.189214841260974,-3.5680009864304276,-0.14269832180215405
ring,100000,111825,33025,33026,512,m12-1-29,2026-08-05T00:29:46,32209,0.47045421849588315,-0.11680618418817794,-0.18020091934866692,-0.4794156348660978,0.23649692723551896,-14.380960924004093,0.23649692723549665,0.4143924230556111,3.5705603318061914,14.62608462005011,-3.6314205865632023,0.06502321181048802
ring,100000,111825,33025,33026,512,m12-1-29,2026-08-05T00:29:46,32420,-0.3340487412976753,0.0874367175150257,-0.037494255865482606,0.3203032842934463,-0.17287464415126716,-14.658493672265994,-0.17287464415125892,-0.2949082333884793,3.836837000010048,14.71003031486545,-3.850326632819726,-0.025395050904963697
ring,100000,111825,33025,33026,512,m12-1-29,2026-08-05T00:29:46,32833,-1.1173155636661698,0.30759957338402366,-0.2801078673685932,4.0431659006543486,-1.42111596586437,-11.257346736628541,-1.4211159658643353,-0.7276170375461404,3.0991737394768784,5.518789583521422,-1.5193356082119416,-3.3155488631082712
ring,100000,111825,33025,33026,512,m12-1-29,2026-08-05T00:29:46,33006,-1.1126275513763764,0.32149478970924333,-0.026882238622026197,1.929756312518019,-0.8870975440912098,-13.868722973029989,-0.8870975440912972,-0.8839787272181275,4.007380700068393,10.109978131369136,-2.9212878013750316,-1.04577758529987
ring,100000,111825,33025,33026,512,m12-1-29,2026-08-05T00:29:46,33132,0.8024271480870461,-0.242894428607616,0.28719106315677406,-0.8709928794964565,0.5187682832332674,-15.36063895190803,0.518768283233322,0.6857814143406483,4.649660259085633,14.734871584650994,-4.460240686886956,0.1852114651558159
ring,100000,111825,33025,33026,512,m12-1-29,2026-08-05T00:29:46,33286,-1.2409555483074353,0.37563682828052886,0.1371738690256688,1.7278905915699283,-0.9134542153487542,-13.362505163556309,-0.91345421534886,-1.0132986580678311,4.044825831486398,4.231653582523551,-1.2809201202162883,-0.7145919335020824
ring,100000,111825,33025,33026,512,m12-1-29,2026-08-05T00:29:46,33620,0.8030300745048788,-0.2654172632256413,-0.3245008896576061,-1.331641575611206,0.7102330898285043,-13.22039272472157,0.7102330898285474,0.5824497525203474,4.369600301616626,13.106462730011259,-4.331944193389273,0.7491918230908463
ring,100000,111825,33025,33026,512,m12-1-29,2026-08-05T00:29:46,33761,0.2287172375579589,-0.07881655529973423,0.5690759447767424,-0.3059579270564799,0.1907295968921735,-15.950821460807555,0.1907295968921814,0.18179310602003554,5.496694587452396,15.020814049968104,-5.176211613330392,0.1241648210364426
ring,100000,111825,33025,33026,512,m12-1-29,2026-08-05T00:29:46,34305,-0.47279433563095985,0.1764205455359844,-0.6367074460603908,0.9236051130527567,-0.5227807172813335,-11.776564156180976,-0.5227807172813242,-0.2823368150231209,4.394358638413734,13.10300785944894,-4.889313641292503,-0.6412682980296449
ring,100000,111825,33025,33026,512,m12-1-29,2026-08-05T00:29:46,34603,1.0577024436170879,-0.40998228096142997,1.0368180234705973,3.274547895494932,-0.8044136639956093,-11.812195648823298,-0.8044136639955464,1.5110658821032574,4.578594806594606,7.264111466146942,-2.81568507855999,-4.785613777598144
ring,100000,111825,33025,33026,512,m12-1-29,2026-08-05T00:29:46,35000,0.5360661800688193,-0.2235360661558184,1.4145110692301557,1.1880717358337898,-0.2344587905333522,-13.128950021483329,-0.2344587905333234,0.7235793297083383,5.474685681872121,14.05588410239624,-5.8612110881315544,-1.9116510655421297
ring,100000,111825,33025,33026,512,m12-1-29,2026-08-05T00:29:46,35047,0.370749007943489,-0.15459989428211499,1.641205875223926,2.177587614987061,-0.7240035750264875,-6.760269192517093,-0.724003575026463,0.7432453075715381,2.818987725089581,13.388258013588368,-5.582815406583632,-2.9208329225586196
ring,100000,111825,33025,33026,512,m12-1-29,2026-08-05T00:29:46,35193,0.9065447746076498,-0.39154879973720497,-0.036846649427749414,-1.107529281456088,0.8983087372614478,-13.736328373915295,0.8983087372614718,0.5843146684496907,5.932903744252825,12.69850351027595,-5.484653320139963,0.5232146130064023
ring,100000,111825,33025,33026,512,m12-1-29,2026-08-05T00:29:46,35202,-0.06876374798257259,0.029699981448419153,-0.7678937256229391,0.13852177043490477,-0.09015880171823809,-10.95284805351284,-0.09015880171824096,-0.03128023291949327,4.73068140612574,12.96904046414722,-5.601501844934268,-0.10724153751541261
ring,100000,111825,33025,33026,512,m12-1-29,2026-08-05T00:29:46,35281,1.1873084431026613,-0.5128143792080289,0.5936762522082141,1.16529613766618,0.07013761706780863,-13.16109453942087,0.07013761706782155,1.2973909266567836,5.684452565918202,4.6877204250906335,-2.024689080296301,-2.462687064323042
ring,100000,111825,33025,33026,512,m12-1-29,2026-08-05T00:29:46,35310,-1.1614420022290752,0.5016423178149046,-0.008491151005993987,2.293644346960603,-1.528663308600397,-12.282024788706916,-1.5286633086003685,-0.5853878418866669,5.304770596071406,4.280376255093843,-1.8487516910910253,-1.7082565050739893
ring,100000,111825,33025,33026,512,m12-1-29,2026-08-05T00:29:46,35341,0.2086800370964833,-0.09327938112340506,-0.1514470296660735,-0.1458613722048759,0.165112348803329,-13.593914210654209,0.16511234880333064,0.14971509337241073,6.07644086256424,13.704540798602515,-6.125890631709246,-0.003853721167530726
ring,100000,111825,33025,33026,512,m12-1-29,2026-08-05T00:29:46,35388,0.33980470958848935,-0.15189173556921293,-0.5095819665697862,-0.36594944078785285,0.32244276342827594,-12.565827865008302,0.3224427634282694,0.21127263288407314,5.616889199656657,13.289466580138363,-5.940353640450685,0.15467680790377852
ring,100000,111825,33025,33026,512,m12-1-29,2026-08-05T00:29:46,35416,0.9482436654424931,-0.4238622126838417,0.2892983213770319,-0.8052269198752129,0.8266638960975323,-14.514404969302749,0.8266638960974937,0.6746284295262611,6.487897605102522,12.867278815769069,-5.751636914470723,0.13059849034897528
ring,100000,111825,33025,33026,512,m12-1-29,2026-08-05T00:29:46,35445,-0.23925074139586575,0.10694439871315439,1.3225029768657013,-0.06408921448207969,-0.09664361494949902,-15.679166333052246,-0.09664361494949276,-0.23709612967901456,7.008542611106526,15.100196915265075,-6.749744933418088,0.30118534416109155
ring,100000,111825,33025,33026,512,m12-1-29,2026-08-05T00:29:46,35571,-0.37427630753913804,0.1730101173335138,0.11466511369631649,0.33034450005771304,-0.3422957381145561,-14.100386613968908,-0.3422957381145585,-0.25192381312293644,6.517937399165028,14.006485767092906,-6.474531508360497,-0.07842068693478346
ring,100000,111825,33025,33026,512,m12-1-29,2026-08-05T00:29:46,35687,0.9389788740835251,-0.4340452278345146,-0.31318940568928944,-2.1541607666080553,1.457563028714095,-11.852917895157473,1.4575630287140073,0.3252530021950465,5.4790396145269895,9.97149969182148,-4.609349555188659,1.8289077644129932
ring,100000,111825,33025,33026,512,m12-1-29,2026-08-05T00:29:46,35726,0.8569084331935201,-0.39610797046081425,1.294664980454715,3.648101666167416,-1.217262976155502,-9.8141251590664,-1.2172629761555853,1.577454617719184,4.536602801443391,9.28970862717117,-4.29419000670531,-5.2255562838865
ring,100000,111825,33025,33026,512,m12-1-29,2026-08-05T00:29:46,35980,-0.8192116716713853,0.3913267571827182,-0.6195694633272829,4.076025473489787,-2.3553132177510716,-7.571961029254992,-2.3553132177510294,0.2704656798069851,3.617027268479728,7.397739547039171,-3.5338039331382767,-4.34649115329661
ring,100000,111825,33025,33026,512,m12-1-29,2026-08-05T00:29:46,35997,-0.4989812399418454,0.23835684631185605,1.5804212629769894,-2.757679321690424,1.0281784909340195,-7.2340561834463255,1.0281784909340341,-1.0964163115996695,3.4556145199565376,12.340275775110657,-5.894789184292228,3.854095633290136
ring,100000,111825,33025,33026,512,m12-1-29,2026-08-05T00:29:46,36346,-0.07865385081415692,0.04004483094523115,1.3530841983731101,-0.027549528563025675,-0.034120460580745665,-15.304054695234313,-0.03412046058074023,-0.07719539594228834,7.791713650426103,14.837434934935938,-7.554144742821182,0.10474492450531783
ring,100000,111825,33025,33026,512,m12-1-29,2026-08-05T00:29:46,36734,0.6908582972702898,-0.3740224047456217,-0.04105539185348132,-0.6088690853292601,0.74843492676584,-13.31717673095622,0.7484349267657996,0.3683743942975152,7.209759924741631,13.212393506763023,-7.15303154260541,0.2404946910317377
ring,100000,111825,33025,33026,512,m12-1-29,2026-08-05T00:29:46,36884,-1.0718947960165133,0.5803109998454264,-0.14806116915431236,2.6508478313229458,-2.07838703617151,-11.084761859500103,-2.0783870361713457,-0.06293543373151031,6.001157260619311,4.491637226651328,-2.4317185787519415,-2.5879123975914298
ring,100000,111825,33025,33026,512,m12-1-29,2026-08-05T00:29:46,36957,0.7321650531363142,-0.4084377142253298,0.28719106315677806,-0.5840044876127303,0.7959487079750119,-14.015631277235327,0.7959487079749741,0.3987930224569013,7.818609175318531,13.444657328022853,-7.500091794982327,0.18521146515581674
ring,100000,111825,33025,33026,512,m12-1-29,2026-08-05T00:29:46,36980,-0.2263053934394525,0.12624429043332994,1.0766778596102091,0.14228707339300767,-0.23175117415971255,-15.708202683470748,-0.23175117415970314,-0.14386764315818218,8.762808838173967,14.389945645328085,-8.027420158922013,0.0015805697651737045
ring,100000,111825,33025,33026,512,m12-1-29,2026-08-05T00:29:46,37005,-0.4407024685675013,0.24584553461562536,-0.6367074460603896,0.7398666193517848,-0.6790565496696225,-10.97720616290031,-0.6790565496696033,-0.09859832132214816,6.123626052007933,12.213614830245675,-6.813355680287414,-0.6412682980296546
ring,100000,111825,33025,33026,512,m12-1-29,2026-08-05T00:29:46,37081,1.1294646764774288,-0.6300710048678075,0.5936762522082165,1.1807332948820715,0.08197650596414806,-12.519907082620232,0.08197650596408922,1.2819537694409924,6.984220578726484,4.45934219039626,-2.487640626102038,-2.4626870643230285
ring,100000,111825,33025,33026,512,m12-1-29,2026-08-05T00:29:46,37147,-0.3623095997821116,0.2081629137229081,0.2836378421011231,0.31039175630235377,-0.41968991663478794,-13.871513086042507,-0.41968991663478455,-0.17895222616117482,7.969798712130561,13.558151694369167,-7.789758712146294,-0.13143953014117354
ring,100000,111825,33025,33026,512,m12-1-29,2026-08-05T00:29:46,37406,0.7028631721225601,-0.4157320913137545,0.4561295028122423,-0.5052454619537753,0.7894908480413585,-14.195837289415147,0.7894908480413577,0.36254714015162465,8.396605994387702,13.429359795396191,-7.943247070244352,0.14269832180216008
ring,100000,111825,33025,33026,512,m12-1-29,2026-08-05T00:29:46,37677,-0.06398299781656434,0.038945062909857144,-0.7678937256229427,0.11050536941517253,-0.11000423546891709,-10.191359163125915,-0.11000423546891988,-0.003263831899759336,6.203259260886631,12.067377245213342,-7.345150774572474,-0.10724153751541153
ring,100000,111825,33025,33026,512,m12-1-29,2026-08-05T00:29:46,37992,0.587967306291437,-0.36814963595514855,-0.7900256639617312,-3.157523587568313,2.3806397273682944,-5.292689182350539,2.3806397273682958,-0.8460457270388305,3.3139624854247507,8.419784315855372,-5.2719606983836815,4.003569314607117
ring,100000,111825,33025,33026,512,m12-1-29,2026-08-05T00:29:46,38192,-0.3566725948407372,0.22965421740376663,1.488163422514323,-0.8591407659250132,0.257597582575955,-11.692827041558994,0.2575975825759712,-0.624931576148709,7.528773116605172,13.260963759357265,-8.538464401883092,1.48407234207369
ring,100000,111825,33025,33026,512,m12-1-29,2026-08-05T00:29:46,38773,-0.6782637615462478,0.47403852093638454,0.11934965063607852,0.4303739813547576,-0.8761040665199438,-12.780685281066441,-0.8761040665199605,-0.2108640707913555,8.932420528229931,12.459176375490994,-8.707717964555775,-0.21950991056339547
ring,100000,111825,33025,33026,512,m12-1-29,2026-08-05T00:29:46,38785,0.4759363210757214,-0.3326318793566614,1.1751120349836093,0.16611973459117532,0.31426272834762914,-14.055228937985577,0.3142627283476403,0.3961348977306652,9.823199048694605,13.148446174822155,-9.189448604942985,-0.562254632321841
ring,100000,111825,33025,33026,512,m12-1-29,2026-08-05T00:29:46,39400,-0.06808356834675193,0.051533681731899976,0.6378658214949914,0.05417212231208563,-0.10740844243333218,-13.632701582165407,-0.1074084424333403,-0.006430829073725478,10.318837886158244,12.70251722444748,-9.614764556768156,-0.04774129323836207
ring,100000,111825,33025,33026,512,m12-1-29,2026-08-05T00:29:46,39652,0.330604009807929,-0.25687816564105664,1.004052521967898,-0.11273372796855864,0.42904364091323793,-14.07465741964523,0.42904364091327585,0.10608304544234795,10.935959857490012,12.922918309376337,-10.041062575043934,0.006650682526215405
ring,100000,111825,33025,33026,512,m12-1-29,2026-08-05T00:29:46,39694,0.7319217688369076,-0.56870066845473,-0.18707214247040885,-0.6370545007043449,1.1972066210600951,-11.406672797903285,1.1972066210602557,-0.026466520961921227,8.862945086768436,10.892329173816004,-8.46330187995608,0.6635210216662701
ring,100000,111825,33025,33026,512,m12-1-29,2026-08-05T00:29:46,39840,0.2699682801443941,-0.21529251925750847,-0.03749425586547856,-0.09121524244414343,0.34400859521378335,-11.846559609343771,0.34400859521380855,0.06582019153917879,9.447316038260704,11.888209994592662,-9.480531112133354,0.02539505090496624
ring,100000,111825,33025,33026,512,m12-1-29,2026-08-05T00:29:46,40551,0.19632911177736068,-0.1691349515490704,1.076677859610202,-0.03951904960743479,0.26936015801988683,-13.627503231777283,0.26936015801987667,0.04109961937261521,11.739915074108556,12.483861759254472,-10.75468296414081,-0.0015805697651781851
ring,100000,111825,33025,33026,512,m12-1-29,2026-08-05T00:29:46,40713,-0.9935017039128489,0.8558886709871801,0.44014160444439815,-0.6206922474769525,-0.6129499529682617,-10.949190636365731,-0.6129499529681397,-0.8041462880557954,9.432583945488894,3.5120734294347633,-3.025605137957549,1.4248385355327724
ring,100000,111825,33025,33026,512,m12-1-29,2026-08-05T00:29:46,40806,-0.06573612335466758,0.058094651016476304,1.113983720501664,0.010534121861551584,-0.09120939649473833,-13.539871203492785,-0.09120939649473295,-0.012065698137778209,11.965933678976272,12.390882180168642,-10.950508477042316,0.0015315762762265607
ring,100000,111825,33025,33026,512,m12-1-29,2026-08-05T00:29:46,41106,-0.8580517400351954,0.7778471439264307,-0.026882238622021857,0.6855834698807315,-1.655218630028467,-10.695476545007475,-1.6552186300284342,0.3601941154191501,9.695739190651338,7.796754912825892,-7.067969514970219,-1.0457775852998612
ring,100000,111825,33025,33026,512,m12-1-29,2026-08-05T00:29:46,41617,-0.8209150615970959,0.7828910470677991,1.036818023470598,-2.4493696600009307,1.192203505541585,-9.16780459113849,1.1922035055416296,-2.336244117597243,8.74316049422376,5.637898019113442,-5.376755878809263,4.785613777598124
ring,100000,111825,33025,33026,512,m12-1-29,2026-08-05T00:29:46,41677,0.29930175596906106,-0.29275221973203996,1.004052521967903,-0.013120421928891682,0.44266544622813125,-12.742040493732347,0.4426654462281044,0.0064697394026734245,12.463210001484692,11.69935036325887,-11.443336766192404,0.0066506825262131405
ring,100000,111825,33025,33026,512,m12-1-29,2026-08-05T00:29:46,43489,0.14611672685117172,-0.175131992743613,-0.5663869080809952,-0.0011634067795585651,0.26142742459471363,-8.706618920763185,0.2614274245947156,-0.09638899856154312,10.435543927873503,9.291629791040693,-11.136723879657705,0.09755240534110238
ring,100000,111825,33025,33026,512,m12-1-29,2026-08-05T00:29:46,43778,0.6084198738337874,-0.7482684762142019,1.0746084275329704,1.1008079746411548,-0.10154550179080025,-9.66152316862502,-0.10154550179080214,1.1431272356460471,11.882276582685035,8.260841908196443,-10.159641150349861,-2.2439352102871943
ring,100000,111825,33025,33026,512,m12-1-29,2026-08-05T00:29:46,44087,-0.814907478274637,1.0285134562045544,0.2873177784379381,-0.4355338084165458,-1.1152100069992308,-8.896019772048026,-1.115210006999201,0.08839984406443284,11.227870999030841,2.7372946255894495,-3.4548024543546023,0.3471339643521212
ring,100000,111825,33025,33026,512,m12-1-29,2026-08-05T00:29:46,44161,0.37907163676517924,-0.4910634342344568,-0.31805713615233633,0.065577502416037,0.6922446591850899,-8.762193296000712,0.692244659185061,-0.2968103364443436,11.350869635296913,9.007270148240938,-11.668351264203352,0.2312328340283105
ring,100000,111825,33025,33026,512,m12-1-29,2026-08-05T00:29:46,44184,0.2614357236085587,-0.338673516600546,1.2624576556012546,0.2873040132021964,0.2185641666227758,-10.491641708559637,0.21856416662275627,0.17288637928649378,13.591261145592144,9.979161424354093,-12.927375209712283,-0.46019039248868154
ring,100000,111825,33025,33026,512,m12-1-29,2026-08-05T00:29:46,45115,-0.5255921567524485,0.7571127162058413,0.7834921509365939,-0.47947321061130715,-0.6850562864762542,-9.595830247776737,-0.6850562864763073,0.03177658522953563,13.822742614795656,8.530030279734868,-12.287463409485241,0.44769662538177357
ring,100000,111825,33025,33026,512,m12-1-29,2026-08-05T00:29:46,45428,-0.3883643922016585,0.5748154543776284,-0.790025663961726,1.0142362875450945,-2.455183537709654,-3.4959291025563086,-2.4551835377097615,2.9893330270620324,5.174300517526154,5.561439187701035,-8.231447727606783,-4.003569314607132
ring,100000,111825,33025,33026,512,m12-1-29,2026-08-05T00:29:46,45575,0.3190443609752496,-0.48533083357220874,1.4145110692301526,0.8249718041842877,-0.3029629102883214,-7.813806626156241,-0.3029629102882654,1.086679261357794,11.88637615048977,8.365479353342977,-12.725581656978477,-1.9116510655421246
ring,100000,111825,33025,33026,512,m12-1-29,2026-08-05T00:29:46,45941,-0.2559474094292432,0.4116573574851127,-0.18020091934866694,-0.19117917815007748,-0.4534494909270331,-7.823863723382539,-0.4534494909270469,0.25620238996056005,12.583643932452377,7.957221598657188,-12.79813233324451,-0.06502321181049064
ring,100000,111825,33025,33026,512,m12-1-29,2026-08-05T00:29:46,46040,0.38998848162516914,-0.6272445896344306,-0.6530230332241128,-0.26995212614715697,1.5545740547942497,-5.6933411976000095,1.5545740547942384,-1.803723344979325,9.1569818889415,6.420408301135773,-10.326372597850275,2.073675471126468
ring,100000,111825,33025,33026,512,m12-1-29,2026-08-05T00:29:46,46149,-0.12512741947974454,0.20704287729792148,0.569075944776749,-0.08186319323431697,-0.27410346560700644,-8.726430719797447,-0.27410346560699383,0.2060280142707565,14.439243870607253,8.217639040351202,-13.597368495123899,-0.12416482103643782
ring,100000,111825,33025,33026,512,m12-1-29,2026-08-05T00:29:46,46285,-0.6078507140410605,1.0057840345938442,0.6171972778027209,-0.8767578540581772,-0.5452574451975841,-8.163936476208972,-0.5452574451975821,-0.3040732878435791,13.508509207170762,5.795892942160287,-9.590210972502478,1.1808311419017303
ring,100000,111825,33025,33026,512,m12-1-29,2026-08-05T00:29:46,46507,-0.6041126477193449,1.0287578075216814,0.12885845777295657,-0.44456662630951194,-1.2639586664136864,-7.586557109715626,-1.2639586664136093,0.9656301220162086,12.919328685293172,5.302777193021482,-9.030225504239281,-0.5210634957067033
ring,100000,111825,33025,33026,512,m12-1-29,2026-08-05T00:29:46,46630,0.37742464316400387,-0.6617444354316555,0.6192826082840793,0.3738014186415643,0.7149330787889379,-8.376441451332862,0.7149330787888927,-0.4719410694638296,14.686543710210096,7.835199764531626,-13.737576331021492,0.09813965082228168
ring,100000,111825,33025,33026,512,m12-1-29,2026-08-05T00:29:46,46650,-0.4045734527002661,0.7093448610122449,0.4561295028122433,-0.38727859250877966,-0.7753853126094997,-8.171233227095877,-0.7753853126094713,0.5299769143109394,14.326748972496915,7.730042880992311,-13.553203148745775,-0.14269832180215403
ring,100000,111825,33025,33026,512,m12-1-29,2026-08-05T00:29:46,47074,-0.040930985370964894,0.07617787224017648,0.8724052824817341,-0.04164973281797793,-0.09014135598290197,-8.408963464016503,-0.09014135598289642,0.07768134352888571,15.650171590751592,7.695535778456708,-14.322390141304217,-0.03603161071090809
ring,100000,111825,33025,33026,512,m12-1-29,2026-08-05T00:29:46,47145,-0.12403845343909012,0.23085164877693665,1.3225029768657137,-0.22218238647780045,-0.10815613380441404,-8.12879212753667,-0.10815613380439756,-0.07900295768329693,15.128736397284072,7.828628078924509,-14.570092173622703,0.30118534416109405
ring,100000,111825,33025,33026,512,m12-1-29,2026-08-05T00:29:46,47156,0.5562339640958552,-1.0352235468682165,0.6171972778027208,0.9303467937636238,0.5135604622588613,-7.470680948285507,0.513560462258789,0.2504843481381122,13.903906140244349,5.303724141837867,-9.870918484182338,-1.180831141901718
ring,100000,111825,33025,33026,512,m12-1-29,2026-08-05T00:29:46,47297,-0.18451033694069968,0.3540615047296601,0.7326857850058859,-0.2034337473063153,-0.4011137910190704,-8.015326131188466,-0.40111379101905953,0.3572430837494646,15.380809974997348,7.4584159523054545,-14.312141090619104,-0.15380933644314065
ring,100000,111825,33025,33026,512,m12-1-29,2026-08-05T00:29:46,47786,0.31479903604736875,-0.6432536167917248,1.0635433259765865,0.5779458644192861,0.36082698356211845,-7.51378575297871,0.3608269835620943,0.017223242179608172,15.353509089762433,6.899917729672033,-14.099144301410739,-0.5951691065989072
ring,100000,111825,33025,33026,512,m12-1-29,2026-08-05T00:29:46,48001,-0.3261919572504539,0.6884430739845914,0.6192826082840817,-0.4769891447829971,-0.6428151803368914,-7.239399655779375,-0.6428151803368894,0.5751287956052862,15.279084729244191,6.7716276425815245,-14.291830459076392,-0.09813965082229664
ring,100000,111825,33025,33026,512,m12-1-29,2026-08-05T00:29:46,48063,0.40625155267239876,-0.8574125189667315,-0.4399099142529146,0.20056384949308514,1.4937570205303563,-5.26293076744836,1.4937570205304194,-2.244320166869642,11.107656565940902,4.856899213883907,-10.250708365173162,2.0437563173765927
ring,100000,111825,33025,33026,512,m12-1-29,2026-08-05T00:29:46,48068,0.1513857779325788,-0.3195066217939601,-0.8570109036110111,-0.01472913077610946,0.7246234147708069,-3.886943328554685,0.7246234147708291,-1.2007454509045234,8.203572019586593,5.650045404395582,-11.924679747293927,1.215474581680572
ring,100000,111825,33025,33026,512,m12-1-29,2026-08-05T00:29:46,48254,-0.15314099209027432,0.3340611189132283,-0.7018739489330248,-0.13969207629981045,-0.4502616775444678,-5.107960186215526,-0.45026167754450286,0.6360969681925396,11.142482962141306,5.855366091158597,-12.772871073643262,-0.49640489189271425
ring,100000,111825,33025,33026,512,m12-1-29,2026-08-05T00:29:46,48298,-0.1473345137421992,0.3213948913576305,-0.8570109036110145,-0.003401074148093355,-0.7093995136565483,-3.7829240836028943,-0.7093995136565906,1.2188756558286669,8.252054756097792,5.498843442537566,-11.995154060774466,-1.21547458168057
ring,100000,111825,33025,33026,512,m12-1-29,2026-08-05T00:29:46,48545,0.03310475934158231,-0.07469309663109755,1.7032672733202232,0.16217618871584213,-0.16259568633099905,-2.6671420802129786,-0.16259568633099578,0.4569709763171941,6.017778261749286,6.235007281761054,-14.067826217579308,-0.6191471650330395
ring,100000,111825,33025,33026,512,m12-1-29,2026-08-05T00:29:46,48668,-0.1465031346122921,0.34216249289120426,-0.5095819665697828,-0.22131778396185664,-0.3131615360985768,-5.417621119647085,-0.3131615360985764,0.3759945918656379,12.653017648695018,5.729610144819069,-13.381677433962327,-0.15467680790378266
ring,100000,111825,33025,33026,512,m12-1-29,2026-08-05T00:29:46,49029,-0.3073387453669731,0.7436427543395039,-0.7108319063267642,0.09093355325866995,-2.040091457021169,-2.7821535952356027,-2.0400914570211555,4.184032535578408,6.731752484009733,3.4704781948839556,-8.397235957468078,-4.274966088836984
ring,100000,111825,33025,33026,512,m12-1-29,2026-08-05T00:29:46,49040,-0.4804334391027598,1.1624660128829123,0.7458039661577481,-1.4204826745530115,0.28062114296843643,-5.341522125439103,0.2806211429684793,-1.9835016072330678,12.924449928966634,2.2184006475935263,-5.367684981713627,3.403984281786071
ring,100000,111825,33025,33026,512,m12-1-29,2026-08-05T00:29:46,49085,0.13644929568383612,-0.34235339347465366,-0.2910374500258097,0.25428322103906104,0.2579840539187078,-5.38486712246757,0.2579840539187072,-0.2901799375353519,13.510714903640435,5.516412891332961,-13.840765272479814,0.03589671649629572
ring,100000,111825,33025,33026,512,m12-1-29,2026-08-05T00:29:46,49648,-0.12255534979450733,0.33163582642287576,-0.8570109036110136,-0.10359021348701877,-0.6088932194764033,-3.1467004745624005,-0.6088932194763735,1.3190647951676167,8.514998440594672,4.574031328087919,-12.377367957563656,-1.2154745816805703
ring,100000,111825,33025,33026,512,m12-1-29,2026-08-05T00:29:46,50086,0.356636210370994,-1.0456376172337116,-0.17492208724984468,0.6972540497891684,1.1134642439033855,-4.449771335217154,1.1134642439034201,-2.1875915702866147,13.046483113285133,3.4549148246967736,-10.129618922551963,1.4903375204974278
ring,100000,111825,33025,33026,512,m12-1-29,2026-08-05T00:29:46,50253,-0.1738362519633426,0.5315808421196084,0.8999066073661315,-0.46818406936943324,-0.3525148806827355,-5.465576157566335,-0.3525148806827524,0.4945067686031354,16.713404388865833,5.0381256217551655,-15.406286263476238,-0.026322699233699006
ring,100000,111825,33025,33026,512,m12-1-29,2026-08-05T00:29:46,50358,0.4078633126099689,-1.2472215705192615,0.2873177784379374,1.0977883825304597,0.6768565438027391,-4.452481036194947,0.6768565438028029,-0.7506544181783437,13.615420213047834,1.3700230803454623,-4.189448486998897,-0.34713396435212374
ring,100000,111825,33025,33026,512,m12-1-29,2026-08-05T00:29:46,51431,0.29398569023525484,-1.1378297011156717,0.6171972778027238,1.1292050899965107,0.2983344411983377,-3.9484703144281155,0.2983344411981819,0.05162605190526711,15.281991426639365,2.8031711533294352,-10.849274306571317,-1.180831141901732
ring,100000,111825,33025,33026,512,m12-1-29,2026-08-05T00:29:46,51574,-0.020572994386742677,0.0839950336891513,0.8724052824817359,-0.07784745022874359,-0.04995674862078322,-4.226567148961229,-0.04995674862077489,0.113879060939652,17.256148686611308,3.867979549924902,-15.792113996504566,-0.0360316107109083
ring,100000,111825,33025,33026,512,m12-1-29,2026-08-05T00:29:46,51683,-0.2874081961851491,1.1734247658506802,0.289930397122837,-1.0798910160117425,-0.5494929190391225,-3.6631851681928,-0.5494929190388922,1.0289804215351008,14.955983355064394,2.5134099971799095,-10.26170295967325,0.05091059447662385
ring,100000,111825,33025,33026,512,m12-1-29,2026-08-05T00:29:46,51907,-0.2691464727650952,1.1622628333855292,0.12885845777295502,-1.0394692492570567,-0.6362017252109745,-3.37999062628383,-0.6362017252107758,1.5605327449637507,14.59590921538833,2.3625126584404086,-10.202105300130457,-0.5210634957067111
ring,100000,111825,33025,33026,512,m12-1-29,2026-08-05T00:29:46,52431,-0.015865736013274807,0.08266001815907124,-0.010410806574738448,-0.07713052033014403,-0.030894724934148247,-2.8603299806314437,-0.030894724934149156,0.07790016515143247,14.902235102242681,2.844254811327424,-14.818483942796489,-0.0007696448212896038
ring,100000,111825,33025,33026,512,m12-1-29,2026-08-05T00:29:46,52664,0.07259816559583535,-0.40588762168486897,0.11466511369631426,0.3822903330835975,0.15576472364434055,-2.7350440884083724,0.1557647236443665,-0.4607110200183823,15.291302901888008,2.7168301937700527,-15.189471205237544,0.07842068693478493
ring,100000,111825,33025,33026,512,m12-1-29,2026-08-05T00:29:46,52773,0.045484632986285245,-0.2542991183660442,1.5383840905838235,0.29214568080497266,-0.06574908585924254,-2.4075472708683483,-0.06574908585922044,0.6479808599632998,13.46030754147292,2.8450333984778617,-15.906239920040887,-0.9401265407682808
ring,100000,111825,33025,33026,512,m12-1-29,2026-08-05T00:29:46,53152,0.0632718374054336,-0.41386239002298486,1.0040525219679126,0.41922353076767627,0.1322916914817296,-2.693643783420251,0.13229169148175904,-0.42587421329388986,17.619179397833683,2.4732210191570028,-16.17738956250867,0.0066506825262154234
ring,100000,111825,33025,33026,512,m12-1-29,2026-08-05T00:29:46,53509,0.17972514393347117,-1.2840453933852285,0.1371738690256705,1.2265043875737511,0.4522219220266213,-1.9352652616021897,0.4522219220267388,-1.9410963210758376,13.826492997877974,0.6128620402503062,-4.378589786275922,0.7145919335020816
ring,100000,111825,33025,33026,512,m12-1-29,2026-08-05T00:29:46,53596,-0.06498951727823295,0.5113254959915476,0.6049834900561463,-0.508714970915044,-0.1550794527297541,-2.139080966081523,-0.15507945272980236,0.6917108539441607,16.829893215933506,2.0199502190644365,-15.892594542894104,-0.18299588302911887
ring,100000,111825,33025,33026,512,m12-1-29,2026-08-05T00:29:46,53604,0.08512289854145921,-0.6697312141988699,0.7695301005621606,0.675750021105253,0.18205068238070748,-2.1781961885832595,0.1820506823807776,-0.7334524020158757,17.13764454851963,2.020051174551051,-15.893388841981022,0.05770238091062805
ring,100000,111825,33025,33026,512,m12-1-29,2026-08-05T00:29:46,53869,0.10523445421229759,-0.9208993623870291,-0.18707214247040546,0.8719068661055462,0.2787345681025373,-1.6400318140190948,0.2787345681026322,-1.5354278877718044,14.351803913742058,1.5660803715794827,-13.704660003509193,0.6635210216662678
ring,100000,111825,33025,33026,512,m12-1-29,2026-08-05T00:29:46,53931,-0.13148957591105603,1.1506560995009127,-0.026882238622022808,-1.0974288255844442,-0.37521871919143013,-1.6389963558747391,-0.37521871919159316,2.14320641088432,14.342742691806258,1.1947904177991162,-10.455527537755131,-1.0457775852998816
ring,100000,111825,33025,33026,512,m12-1-29,2026-08-05T00:29:46,53936,-0.12786775078875465,1.118961760695552,0.777369076227998,-1.1589051491107814,-0.07656843793157773,-1.7883640714973439,-0.07656843793170387,-0.4976098424761451,15.649849143849341,1.3325101832090642,-11.66070359063081,1.6565149915869062
ring,100000,111825,33025,33026,512,m12-1-29,2026-08-05T00:29:46,54191,0.08124185852330633,-0.8005382007806131,-0.7108319063267551,0.6932968476330673,0.5805369717198221,-0.7354338890932594,0.5805369717199039,-4.96826293647018,7.246792885699795,0.9173854672320094,-9.039701020004733,4.274966088836953
ring,100000,111825,33025,33026,512,m12-1-29,2026-08-05T00:29:46,54425,-0.028892364121542804,0.3256310149346223,-0.9509124373788201,-0.2781428847195234,-0.2459145775715947,-0.3452316465935823,-0.2459145775715923,2.4716148318556406,3.890928793328071,1.0500737114238048,-11.83484213921198,-2.1934719471361905
ring,100000,111825,33025,33026,512,m12-1-29,2026-08-05T00:29:46,54514,0.017284182167265003,-0.22742596552472757,-0.5663869080809861,0.21389962974018403,0.0401582336527747,-1.0299080107419598,0.04015823365275149,-0.3114520350812977,13.551571111549038,1.0991090849079466,-14.462121634288597,0.09755240534110524
ring,100000,111825,33025,33026,512,m12-1-29,2026-08-05T00:29:46,54649,-0.0149511952767585,0.19672842999800644,-0.9780310479114745,-0.17078818515153601,-0.12970238954886978,-0.2638590928139673,-0.12970238954883573,1.5259838110972685,3.471868577004267,0.9275123084999671,-12.204244334810516,-1.3551956259457216
ring,100000,111825,33025,33026,512,m12-1-29,2026-08-05T00:29:46,54818,0.02233381665317513,-0.3528503022021317,-0.8570109036110045,0.3211328456670807,0.11805947925353975,-0.5734374841991303,0.1180594792534614,-1.536607427347688,9.059696008788118,0.8335464524288764,-13.169138182086565,1.215474581680571
ring,100000,111825,33025,33026,512,m12-1-29,2026-08-05T00:29:46,54860,0.07991800335835302,-1.262618569602051,-0.00849115100598973,1.2288804414911125,0.26475059540862556,-0.8451174457504895,0.26475059540837254,-2.9371369465650217,13.351947441861999,0.29452966508277556,-4.653252193559838,1.7082565050739578
ring,100000,111825,33025,33026,512,m12-1-29,2026-08-05T00:29:46,54865,0.0573498428170848,-0.9060658858044519,-0.6195694633272791,0.8304723202287707,0.3817728192481022,-0.530083725441492,0.38177281924790984,-5.176963473525446,8.374753210304183,0.5178871528512811,-8.18206047035834,4.346491153296624
ring,100000,111825,33025,33026,512,m12-1-29,2026-08-05T00:29:46,55152,0.009580389715460203,-0.25248183456515993,0.8244345547260856,0.2615501255831493,0.023776204672449404,-0.6681219120529007,0.02377620467243791,-0.3641463929809535,17.607701886705705,0.6149785970531373,-16.20716160969004,0.10259626739781366
ring,100000,111825,33025,33026,512,m12-1-29,2026-08-05T00:29:46,55153,0.015138738711685544,-0.39896670557782715,0.7326857850058893,0.4110570383879193,0.03708467943944621,-0.6576429808808528,0.03708467943943322,-0.5648663748310699,17.3315398677089,0.611949510131287,-16.12733297580393,0.15380933644314695
ring,100000,111825,33025,33026,512,m12-1-29,2026-08-05T00:29:46,55289,-0.032362789887317195,0.8528897889415106,1.2051111588221708,-0.9089594345715761,0.018452336726376042,-0.5676155766955168,0.018452336726438933,-1.3945526151556173,14.958955364889926,0.5248221563278301,-13.831176474612208,2.303512049727179
ring,100000,111825,33025,33026,512,m12-1-29,2026-08-05T00:29:46,56079,-0.008534779584365857,-0.67506515586709,0.7695301005621626,0.6986560686164396,-0.018398540317020155,0.2183951049553515,-0.018398540317002627,-0.7563584495270826,17.27413392577226,-0.20253882115557012,-16.019968590984504,0.057702380910638965
ring,100000,111825,33025,33026,512,m12-1-29,2026-08-05T00:29:46,57018,-0.06237870526685405,-0.9855165082703146,-0.03684664942774882,0.9624587773162974,-0.15557891113921293,0.9451870476624162,-0.1555789111392203,-1.485673390322695,14.932939612799938,-0.873775052247649,-13.80470682777029,0.523214613006391
ring,100000,111825,33025,33026,512,m12-1-29,2026-08-05T00:29:46,57069,-0.013512219398535759,-0.21347854566169155,-0.8916342285719022,0.19370107875112227,-0.07281261095486048,0.5535483528575671,-0.07281261095487061,-0.9520512200864142,8.745469107336238,-0.8462230866190389,-13.369415379412816,0.7583501413352899
ring,100000,111825,33025,33026,512,m12-1-29,2026-08-05T00:29:46,57163,-0.031665063011923726,-0.4166501752409752,0.28363784210112425,0.41450303527367216,-0.07341710596142609,1.2123397674375846,-0.07341710596142102,-0.5459425654148431,15.952015518310512,-1.1849526702731523,-15.59165499009604,0.1314395301411719
ring,100000,111825,33025,33026,512,m12-1-29,2026-08-05T00:29:46,57462,-0.07342047975907999,-0.8274845644461872,0.9315603732191751,0.8592325064418158,-0.10402223664128557,1.50168161816638,-0.10402223664130347,-0.3039191485940478,16.924683192247844,-1.354539635053957,-15.266321380842156,-0.5553133578477689
ring,100000,111825,33025,33026,512,m12-1-29,2026-08-05T00:29:46,57646,0.05204153901027657,0.5128051076427546,0.604983490056153,-0.5157865530003025,0.12454203960118235,1.7129080227798037,0.12454203960117946,0.6987824360294213,16.878593517964585,-1.6175119084854106,-15.938582603802368,-0.18299588302912426
ring,100000,111825,33025,33026,512,m12-1-29,2026-08-05T00:29:46,57705,0.050950925547759006,0.5020584586258499,-0.6367074460603837,-0.46113894545338124,0.16032620060254854,1.2691075131625975,0.16032620060252992,1.1024072434830214,12.505487487006777,-1.4120524033087414,-13.91403287541065,-0.6412682980296424
ring,100000,111825,33025,33026,512,m12-1-29,2026-08-05T00:29:46,58240,-0.11447061227323051,-0.9006335952070268,-0.619569463327284,0.7583645762575933,-0.7574520452908506,1.0580501292900928,-0.757452045290854,-5.104855729554339,8.324542630883242,-1.0337057010671686,-8.133005174428085,4.346491153296638
ring,100000,111825,33025,33026,512,m12-1-29,2026-08-05T00:29:46,58703,0.10483789627001286,0.685746836104418,-0.7900256639617224,-0.52368765089291,0.7906754119019853,0.9437164167995998,0.7906754119020022,4.527256965500144,6.172868495313499,-1.5012951660342015,-9.820002563913173,-4.003569314607087
ring,100000,111825,33025,33026,512,m12-1-29,2026-08-05T00:29:46,58748,0.05867664185633837,0.3538045440741839,0.4438006239253915,-0.3405429924823139,0.142310303633322,2.69543390798811,0.142310303633329,0.49394886488771583,16.252749556334933,-2.583716829798921,-15.579125288422631,-0.1534058724054075
ring,100000,111825,33025,33026,512,m12-1-29,2026-08-05T00:29:46,58790,-0.012568770196802576,-0.07578634135096741,-0.5951270295633095,0.06813407707648872,-0.02892084715081545,2.209137045869256,-0.02892084715081915,-0.101454567170839,13.320508818906626,-2.368633023641402,-14.282227143474174,0.03332049009434951
ring,100000,111825,33025,33026,512,m12-1-29,2026-08-05T00:29:46,59108,0.21271008855115756,1.189236549461301,0.28993039712283464,-1.140759156459599,0.41215828841045965,2.711114198718303,0.41215828841042274,1.0898485619829585,15.157513763640065,-1.860168464788968,-10.399978400414696,0.050910594476631925
ring,100000,111825,33025,33026,512,m12-1-29,2026-08-05T00:29:46,59255,0.04884693913665761,0.25449111674825653,1.0766778596102262,-0.25379499958794427,0.10083824429444432,3.3905405821937507,0.10083824429446309,0.2522144298227589,17.66461674760884,-3.106001091861878,-16.182174368752996,0.0015805697651867648
ring,100000,111825,33025,33026,512,m12-1-29,2026-08-05T00:29:46,59701,0.1624691118069232,0.744284116988203,0.6192826082840862,-0.706003056661056,0.3461420791415128,3.6057873468250303,0.346142079141628,0.8041427074833521,16.51840292367874,-3.3728002917394715,-15.451070415761006,-0.0981396508222846
ring,100000,111825,33025,33026,512,m12-1-29,2026-08-05T00:29:46,59833,0.24715181004018696,1.1322223938566387,-0.28010786736859383,-0.8662755610839837,1.1570802409314729,2.490141292831128,1.1570802409318375,4.181824424192234,11.407538286496326,-1.2207641951417594,-5.592419327753062,-3.315548863108291
ring,100000,111825,33025,33026,512,m12-1-29,2026-08-05T00:29:46,59873,0.08090894638471807,0.3493913938579379,0.4438006239253902,-0.31926979597244287,0.19378334009448572,3.716721179765489,0.19378334009452194,0.4726756683778632,16.050022297964603,-3.56267502437025,-15.384800423784672,-0.15340587240541856
ring,100000,111825,33025,33026,512,m12-1-29,2026-08-05T00:29:46,60362,-0.12620407361813332,-0.48845487428178014,-0.42609264695689786,0.41124918103156916,-0.28319764849418416,3.5063988027288446,-0.28319764849417056,-0.6116560136499972,13.571016665840872,-3.6612528153959625,-14.170357044648249,0.20040683261842365
ring,100000,111825,33025,33026,512,m12-1-29,2026-08-05T00:29:46,60458,0.3022195323944956,1.1696976133109358,0.2899303971228338,-1.0656618370815238,0.5759752664539632,3.8519642908599256,0.5759752664538177,1.0147512426049152,14.908478621085848,-2.6429364372545967,-10.229108682340021,0.05091059447660817
ring,100000,111825,33025,33026,512,m12-1-29,2026-08-05T00:29:46,60888,-0.2604960436320763,-0.9123257987044082,-0.43990991425291964,0.617319543833709,-1.0191689711706908,3.3746889921065306,-1.0191689711705556,-2.661075861210308,11.819050251877469,-3.114334015990075,-10.907218508790613,2.043756317376603
ring,100000,111825,33025,33026,512,m12-1-29,2026-08-05T00:29:46,60913,0.2647845973115579,0.9273454439411424,1.0746084275329812,-1.033879097237594,-0.05476891154506925,4.204699142223844,-0.05476891154518822,-1.210056113049656,14.72596454731211,-3.595122040201116,-12.591064881580113,2.243935210287195
ring,100000,111825,33025,33026,512,m12-1-29,2026-08-05T00:29:46,61179,0.23068599116974703,0.7708732865805037,-0.7108319063267673,-0.27719370809948646,1.587348151360123,2.088262119171119,1.5873481513601242,4.552159796936664,6.978254183897958,-2.6049130293151577,-8.704723932225713,-4.274966088836971
ring,100000,111825,33025,33026,512,m12-1-29,2026-08-05T00:29:46,61181,0.287309335180138,0.9600890385780099,-0.5168413395345944,-0.4484912262736545,1.6782804119557007,2.7302944599084724,1.678280411955735,4.657514902858729,9.123705574706461,-2.096533435738754,-7.0058940806883525,-4.209023676585085
ring,100000,111825,33025,33026,512,m12-1-29,2026-08-05T00:29:46,61316,0.24820661870154165,0.7927892189462985,0.9315603732191768,-0.7629807441661187,0.3369148565524498,5.076612384370226,0.33691485655246434,0.20766738631836454,16.215053362205605,-4.579181501090494,-14.626224492539615,0.5553133578477584
ring,100000,111825,33025,33026,512,m12-1-29,2026-08-05T00:29:46,61350,0.18456116246231785,0.5895012010629008,-0.73721323438728,-0.30658126709399086,0.8704667641488026,3.020676640528828,0.8704667641488408,2.2012242536115227,9.648251473155627,-3.7517259476294837,-11.983273851767454,-1.8946429865175016
ring,100000,111825,33025,33026,512,m12-1-29,2026-08-05T00:29:46,62248,0.12255534979450765,0.33163582642286604,-0.8570109036110073,-0.10359021348697706,0.6088932194765199,3.1467004745619263,0.6088932194763637,1.3190647951676102,8.514998440594567,-4.5740313280878295,-12.377367957563616,-1.2154745816806076
ring,100000,111825,33025,33026,512,m12-1-29,2026-08-05T00:29:46,62585,-0.136449295683837,-0.34235339347465427,-0.29103745002580383,0.2542832210390668,-0.25798405391870494,5.3848671224676385,-0.25798405391871304,-0.29017993753538146,13.510714903640764,-5.51641289133306,-13.840765272479933,0.03589671649631567
ring,100000,111825,33025,33026,512,m12-1-29,2026-08-05T00:29:46,62678,-0.35706138852406266,-0.8958725468486618,1.0746084275329775,1.0466780715803592,0.0713491768192009,5.670026615187717,0.07134917681910427,1.1972571387068944,14.226184481735332,-4.848013368682618,-12.163740531315298,-2.243935210287203
ring,100000,111825,33025,33026,512,m12-1-29,2026-08-05T00:29:46,62703,0.3512782842683524,0.8813626488177471,-0.43990991425291204,-0.37914943701870174,1.3277033463155967,4.550759936918336,1.3277033463157484,2.4229057543953063,11.417927073089134,-4.199671881853013,-10.537041712284651,-2.043756317376599
ring,100000,111825,33025,33026,512,m12-1-29,2026-08-05T00:29:46,62806,-0.24013208368379219,-0.5810282198643003,0.28500621926502184,0.4226016649065367,-0.5067253065927072,6.130185398647257,-0.5067253065927309,-0.5940570881078661,14.832714791682848,-5.9900633833339985,-14.493672861623157,0.17145542320132426
ring,100000,111825,33025,33026,512,m12-1-29,2026-08-05T00:29:46,63002,-0.03425811534091523,-0.08001086241480788,0.41258552889308614,0.05417742064852567,-0.07949282807084648,6.431557263447704,-0.07949282807085109,-0.0974441692433484,15.02109611686918,-6.141849417738669,-14.344474698765426,0.04326674859482184
ring,100000,111825,33025,33026,512,m12-1-29,2026-08-05T00:29:46,63169,0.03414649801950604,0.07975017679163257,1.5638367446372963,-0.11494832406584399,-0.04822929906724278,5.33364662570054,-0.048229299067224174,-0.20693905054276593,12.456892683424183,-6.439248074526908,-15.039058238281557,0.32188737460861067
ring,100000,111825,33025,33026,512,m12-1-29,2026-08-05T00:29:46,63647,-0.02748548378373557,-0.05995671923852416,-0.9916212970158749,-0.04021548066832669,-0.21931951071918712,1.3609843019463927,-0.2193195107191782,-0.418097237310907,2.9688454575479337,-5.176579927551095,-11.292169778565873,0.4583127179792395
ring,100000,111825,33025,33026,512,m12-1-29,2026-08-05T00:29:46,63832,0.5108269248079544,1.078123634173057,0.12885845777295707,-0.656094844501872,1.120067372007956,6.415057941373144,1.120067372007735,1.1771583402085362,13.539273764365868,-4.483934207766027,-9.46354862811334,-0.5210634957066976
ring,100000,111825,33025,33026,512,m12-1-29,2026-08-05T00:29:46,64204,0.1887745985566664,0.37369714238132035,1.0040525219679055,-0.2594149837604482,0.3563932694315391,8.036616996144947,0.35639326943155714,0.2660656662866439,15.909242180012434,-7.378974978102631,-14.607377709202432,-0.0066506825261897305
ring,100000,111825,33025,33026,512,m12-1-29,2026-08-05T00:29:46,64936,-0.5351686714439022,-0.9665101687136549,-0.17492208724984962,0.22185678641218692,-1.5444247399837852,6.677331534058546,-1.5444247399839208,-1.7121943069095773,12.059205203711578,-5.184448810628174,-9.363071424058125,1.490337520497419
ring,100000,111825,33025,33026,512,m12-1-29,2026-08-05T00:29:46,65192,0.21016820424050156,0.36849114698739766,1.4881634225143374,-0.5979791432505231,-0.2435519932955841,6.889961542788361,-0.24355199329564106,-0.8860931988231695,12.080275609605605,-7.813981169612863,-13.700373441995872,1.4840723420736803
ring,100000,111825,33025,33026,512,m12-1-29,2026-08-05T00:29:46,65405,0.559432685263526,0.9526712359364874,-0.17492208724984837,-0.1425540328954381,1.5913310239864686,6.980075086261093,1.5913310239861613,1.6328915533928468,11.886536011433817,-5.419506549058162,-9.229006703148059,-1.49033752049744
ring,100000,111825,33025,33026,512,m12-1-29,2026-08-05T00:29:46,65526,-0.13403417815742746,-0.2217805019663774,1.0766778596102293,0.12742071732254875,-0.24113164610975735,9.303516831880854,-0.24113164610972684,-0.1258401475573691,15.394123061684496,-8.522751088642055,-14.102224078648444,-0.0015805697651792411
ring,100000,111825,33025,33026,512,m12-1-29,2026-08-05T00:29:46,65528,-0.2892799502153952,-0.47865890215124607,0.899906607366131,0.2642320592020582,-0.5282168590888666,9.095235204982789,-0.5282168590888161,-0.29055475843574813,15.049488548317624,-8.383917120737305,-13.872501574170943,0.026322699233687002
ring,100000,111825,33025,33026,512,m12-1-29,2026-08-05T00:29:46,65801,-0.03954996875380915,-0.06361086311488014,-0.7678937256229453,0.0011676818770326328,-0.11106311399427937,6.299610056034634,-0.11106311399427515,-0.10840921939244877,10.132084691291672,-7.459237754956466,-11.997191571135515,0.1072415375154146
ring,100000,111825,33025,33026,512,m12-1-29,2026-08-05T00:29:46,66205,-0.41847262292536536,-0.6365812775712201,0.6192826082840899,0.28028375658930776,-0.7625454833757324,9.287447145831617,-0.7625454833757578,-0.37842340741158903,14.128080657077996,-8.687341052033435,-13.215198229554096,0.098139650822291
ring,100000,111825,33025,33026,512,m12-1-29,2026-08-05T00:29:46,66401,-0.048413159090657625,-0.07165598236951994,0.8724052824817262,0.022323957297050973,-0.10029029889825203,9.946119847379522,-0.10029029889825032,-0.058355568007961545,14.721183286023507,-9.10227776227853,-13.472218444471741,0.036031610710911884
ring,100000,111825,33025,33026,512,m12-1-29,2026-08-05T00:29:46,66656,-0.4656822578079414,-0.6708128242939232,0.45612950281224895,0.2435929298254964,-0.8440220842472916,9.405457310340138,-0.8440220842472104,-0.3862912516276738,13.548511407379815,-8.897627359746048,-12.816985055006477,0.14269832180216704
ring,100000,111825,33025,33026,512,m12-1-29,2026-08-05T00:29:46,66666,0.0438085100561771,0.06310592655435154,-0.5951270295633079,-0.014660552274957953,0.08393747744266969,7.69995798905281,0.08393747744266233,0.047981042369300335,11.091748674074044,-8.255882000451018,-11.892554266140982,-0.03332049009434349
ring,100000,111825,33025,33026,512,m12-1-29,2026-08-05T00:29:46,66835,-0.049576458499814624,-0.06952170448347522,0.637865821494981,0.012488978945615,-0.10551175557212102,9.926933629365461,-0.10551175557211952,-0.06023027218397577,13.92066652381798,-9.249600649802531,-12.970833787333879,0.04774129323836032
ring,100000,111825,33025,33026,512,m12-1-29,2026-08-05T00:29:46,67287,-0.21554142057945075,-0.28664001765571473,0.4438006239253914,0.04567394472984446,-0.4235212940781747,9.901344644572832,-0.4235212940781842,-0.1990798171352496,13.167406970343984,-9.49096571056952,-12.62166024300043,0.15340587240540599
ring,100000,111825,33025,33026,512,m12-1-29,2026-08-05T00:29:46,67512,-0.21914786703673292,-0.2838922613956342,0.44380062392539277,0.03492746770031651,-0.4264798241990788,10.067014283474752,-0.4264798241990899,-0.18833334010572578,13.041183056364059,-9.649768875042872,-12.50066790484411,0.15340587240540762
ring,100000,111825,33025,33026,512,m12-1-29,2026-08-05T00:29:46,67590,-0.6270302747368197,-0.8122782350818992,0.45769798730513744,0.29569862602819125,-0.9673266856953148,9.948560767595984,-0.9673266856955455,-0.2106937634977758,12.887733985890364,-8.75363724782103,-11.33978581367809,-0.08500486253042411
ring,100000,111825,33025,33026,512,m12-1-29,2026-08-05T00:29:46,67946,0.431737473197631,0.5449057869387469,1.5013112946159477,-1.9360392190654663,-1.4878801172345844,5.506681971697577,-1.4878801172343703,-2.635055959754396,6.950109868818412,-7.8539986779208135,-9.912712228825324,4.571095178819914
ring,100000,111825,33025,33026,512,m12-1-29,2026-08-05T00:29:46,68649,0.15962640015624563,0.18177743676985933,0.5690759447767394,0.022075574979230152,0.30700569995947763,11.132401897248725,0.30700569995947563,0.10208924605720113,12.67722306581479,-10.483330857846644,-11.938081735128932,-0.12416482103643706
ring,100000,111825,33025,33026,512,m12-1-29,2026-08-05T00:29:46,68693,0.24559759132140865,0.27967867836120697,-0.5095819665697825,0.021419284994281685,0.4291138758019994,9.082090299286426,0.429113875801957,0.13325752290951168,10.342393823958204,-9.60510813985163,-10.937989805260708,-0.15467680790378932
ring,100000,111825,33025,33026,512,m12-1-29,2026-08-05T00:29:46,68710,-0.3831393134339916,-0.4363067904408146,1.1751120349835984,0.32437039512985816,-0.33184008553569333,11.314771592312706,-0.3318400855355938,0.23788423719202004,12.884899839084984,-10.584791319895091,-12.053621662776543,-0.5622546323218813
ring,100000,111825,33025,33026,512,m12-1-29,2026-08-05T00:29:46,68796,-0.16082421112656048,-0.18314146557528013,1.6824364530178348,0.82796646401689,0.6371278306575167,4.51025797682616,0.6371278306575772,0.9940185493156563,5.1361374647030615,-9.955459346597143,-11.33695854895913,-1.821985013332523
ring,100000,111825,33025,33026,512,m12-1-29,2026-08-05T00:29:46,69024,-0.4652963971914964,-0.5165450853149534,1.5013112946159437,2.1264290041910425,1.5200738863754202,5.934715981296221,1.520073886375385,2.444666174628814,6.588377626351904,-8.464489453085907,-9.396785474984451,-4.571095178819896
ring,100000,111825,33025,33026,512,m12-1-29,2026-08-05T00:29:46,69226,0.5012321962855736,0.5424878583274779,-0.6530230332241171,0.9000143588137932,1.728031652876621,7.317359478885794,1.7280316528768085,1.173661112312677,7.91964024204723,-8.25182154205599,-8.931016460682903,-2.0736754711265113
ring,100000,111825,33025,33026,512,m12-1-29,2026-08-05T00:29:46,69649,-0.29566723631611547,-0.30419941625676483,1.488163422514333,0.7339882752066752,0.2828519613960881,9.692883350467932,0.28285196139603125,0.7500840668670243,9.97259450791772,-10.992805621547873,-11.31002912180494,-1.4840723420736706
ring,100000,111825,33025,33026,512,m12-1-29,2026-08-05T00:29:46,69656,-0.8190861896309322,-0.8427228659292567,0.6171972778027354,0.6079316730829727,-0.615622263083829,11.001003151301829,-0.6156222630840219,0.5728994688187544,11.318463210738843,-7.810035845712877,-8.035412969024945,-1.180831141901701
ring,100000,111825,33025,33026,512,m12-1-29,2026-08-05T00:29:46,69670,-0.04990142614396689,-0.051341450248294014,-0.9090095165784681,-0.12329537737028215,-0.19505885748709462,5.995526051133389,-0.19505885748710888,-0.13439527116680594,6.16854118715036,-9.408935826521796,-9.680453004150543,0.25769064853708684
ring,100000,111825,33025,33026,512,m12-1-29,2026-08-05T00:29:46,69960,0.893177973768123,0.896005383209355,-0.008491151005994882,0.8474918349438416,2.0997557132027933,9.445184515019134,2.0997557132025837,0.8607646701301274,9.47508382361865,-3.291716489633062,-3.3021366192757173,-1.7082565050739935
ring,100000,111825,33025,33026,512,m12-1-29,2026-08-05T00:29:46,69965,0.8880155053998188,0.8908265727320357,0.74580396615775,-1.7007358635017862,-0.3974848768029288,9.873073112239041,-0.397484876803109,-1.7032484182842833,9.90432692833316,-4.100410196115941,-4.11339029509054,3.403984281786078
ring,100000,111825,33025,33026,512,m12-1-29,2026-08-05T00:29:46,70128,0.678273830507248,0.6634313548353058,-0.43990991425291787,1.0645782254071676,1.9297282720769717,8.786940475302327,1.9297282720766253,0.9791780919693921,8.594658325572889,-8.10903395326871,-7.931586241502585,-2.0437563173765456
ring,100000,111825,33025,33026,512,m12-1-29,2026-08-05T00:29:46,70553,-0.7062687404684359,-0.6567076378487783,1.0746084275329781,1.129501145905291,0.10345271702827812,11.215333510252618,0.1034527170283403,1.114434064381923,10.42831822390837,-9.589388283698087,-8.916470696445097,-2.2439352102872157
ring,100000,111825,33025,33026,512,m12-1-29,2026-08-05T00:29:46,70673,0.265708809156965,0.2408722326119439,0.4438006239253917,0.11982686875406819,0.43873307826710767,12.20588825799484,0.43873307826712155,0.03357900365133108,11.064968320181814,-11.699993393035914,-10.60636092219507,-0.15340587240540213
ring,100000,111825,33025,33026,512,m12-1-29,2026-08-05T00:29:46,70721,0.5300286473514978,0.48048532542413175,-0.18843386347372368,0.20264502817449787,0.8162465749042572,10.905848467991799,0.8162465749043363,0.042184082852226745,9.886447037067919,-11.017254918300383,-9.98744000187881,-0.24482911102672922
ring,100000,111825,33025,33026,512,m12-1-29,2026-08-05T00:29:46,70726,0.56441372812166,0.5116563325124066,0.619282608284086,0.1303227012735251,0.826648272457688,12.526417216178245,0.8266482724577487,-0.03218305045126503,11.355536502770113,-11.717025874633837,-10.621801328113683,-0.09813965082226067
ring,100000,111825,33025,33026,512,m12-1-29,2026-08-05T00:29:46,70940,-0.05756360425741581,-0.05087214350232431,-0.5951270295633031,-0.027675402284400265,-0.08891095981582199,10.117608060904146,-0.08891095981583724,-0.005645087809950256,8.941490301282867,-10.848082339720555,-9.58705085670861,0.03332049009435021
ring,100000,111825,33025,33026,512,m12-1-29,2026-08-05T00:29:46,71022,0.1602830614895065,0.1416510138702,-0.8916342285718972,0.45017671382512475,0.5731034161090212,6.56623623859255,0.5731034161090988,0.3081734275101611,5.802946436537192,-10.037968081031755,-8.871108042617383,-0.7583501413352897
ring,100000,111825,33025,33026,512,m12-1-29,2026-08-05T00:29:46,71078,0.5198115186685415,0.4593862130941972,-0.7900256639617121,2.327153064918042,2.6262736692468716,4.679173097346732,2.626273669247148,1.676416249689162,4.135244280672989,-7.443782715899517,-6.578482834916921,-4.003569314607069
ring,100000,111825,33025,33026,512,m12-1-29,2026-08-05T00:29:46,71079,0.6029373624184239,0.5328491226278776,-0.7108319063267607,2.4927704613587998,2.8677707063397224,5.458030840047392,2.867770706340004,1.7821956274782145,4.8235639813883475,-6.808386513895242,-6.01694803899552,-4.274966088836971
ring,100000,111825,33025,33026,512,m12-1-29,2026-08-05T00:29:46,71113,-0.3165761573307096,-0.27272620217647453,0.28363784210112125,-0.13761873582529607,-0.4804524403337223,12.120546382935954,-0.4804524403337494,0.0061792056841239625,10.44169153859766,-11.846739822768582,-10.205810782715838,0.13143953014117454
ring,100000,111825,33025,33026,512,m12-1-29,2026-08-05T00:29:46,71276,-0.7152239589697569,-0.616156048137496,1.2946649804547152,2.849283756142669,1.5804078737412979,8.191420667821616,1.5804078737410117,2.376272527743934,7.056801333371402,-7.753713144401408,-6.6797220500385075,-5.225556283886559
ring,100000,111825,33025,33026,512,m12-1-29,2026-08-05T00:29:46,71281,-0.9798564380042372,-0.8441334536002364,0.593676252208204,1.217085056832661,-0.09527979601587763,10.861527424107393,-0.09527979601626306,1.2456020074903271,9.357063239345612,-3.8686603003392652,-3.3328000444462926,-2.4626870643229926
ring,100000,111825,33025,33026,512,m12-1-29,2026-08-05T00:29:46,71706,0.8962729719111554,0.733480557147572,-0.026882238622022804,0.8518719980584158,1.630333806848131,11.171898035666546,1.6303338068479634,0.19390558724148008,9.142716842307149,-8.14405515533888,-6.664829019713914,-1.0457775852999003
ring,100000,111825,33025,33026,512,m12-1-29,2026-08-05T00:29:46,71708,0.9349403249444511,0.7651246572545034,0.289930397122838,0.20973585757915092,1.1655308978294348,11.916359995786427,1.1655308978292451,-0.2606464520557753,9.751960220604454,-8.176135512740188,-6.691082537512021,0.05091059447662005
ring,100000,111825,33025,33026,512,m12-1-29,2026-08-05T00:29:46,72029,-0.4070169982407881,-0.31625079185689825,0.6049834900561493,-0.24467961633468222,-0.6007000511116224,13.396657649896637,-0.600700051111619,0.06168373330556885,10.409156394763567,-12.650564417021812,-9.829444548045617,0.18299588302911635
ring,100000,111825,33025,33026,512,m12-1-29,2026-08-05T00:29:46,72085,-0.4585142567159612,-0.3562639825629965,1.175112034983601,0.1984371118827389,-0.3242686176049917,13.54072501738657,-0.32426861760496695,0.363817520439139,10.521096238176511,-12.667135828574674,-9.84232047718017,-0.5622546323218748
ring,100000,111825,33025,33026,512,m12-1-29,2026-08-05T00:29:46,72141,-0.4877810296728138,-0.3790041633483351,-0.737213234387267,-1.3244985037912151,-1.4790950012199913,7.983417217186891,-1.479095001219904,-0.570144482726312,6.203087408073784,-9.915524595585335,-7.704328120407662,1.8946429865175047
ring,100000,111825,33025,33026,512,m12-1-29,2026-08-05T00:29:46,72261,-0.18352963666546793,-0.13891689454524195,-0.3681716096948077,-0.0706290250953604,-0.22142035544075575,11.449246966711678,-0.22142035544076205,0.054302746864133014,8.66614167823058,-11.780483413668438,-8.916860523466921,0.016326278231226437
ring,100000,111825,33025,33026,512,m12-1-29,2026-08-05T00:29:46,72502,-0.3369926678933935,-0.2484378092607681,1.0040525219679033,-0.13428088486201026,-0.42296487618983863,14.346638917922933,-0.42296487618987455,0.12763020233581604,10.576632320533363,-13.172643370463787,-9.711139063021662,0.006650682526203505
ring,100000,111825,33025,33026,512,m12-1-29,2026-08-05T00:29:46,72768,-0.8021842512070833,-0.5758769990713748,-0.03684664942774966,-0.6562349140141873,-1.1691071920651521,12.155016056137805,-1.1691071920652834,0.1330203010078197,8.725918215845915,-11.23666454781571,-8.066646346684767,0.5232146130063876
ring,100000,111825,33025,33026,512,m12-1-29,2026-08-05T00:29:46,72821,0.05816147468986368,0.04175331970873783,-0.90900951657847,0.1912538810154702,0.18488897165463383,6.987949315704562,0.18488897165465001,0.06643676752161283,5.016552338861201,-10.966371609380426,-7.872606777817583,-0.25769064853708684
ring,100000,111825,33025,33026,512,m12-1-29,2026-08-05T00:29:46,73133,0.1720349176663469,0.11702612160945813,0.28574051134141726,0.12747381037727304,0.22903588629625035,13.186769221368985,0.2290358862962547,-0.053420879440355624,8.97025138541203,-12.810810244675762,-8.714506670771806,-0.07405293093691996
ring,100000,111825,33025,33026,512,m12-1-29,2026-08-05T00:29:46,73527,-0.8732104547472821,-0.5779874415362701,1.1710483287367415,3.136602527776826,1.336967955401,9.824588131503068,1.3369679554010798,2.00169489225501,6.503001112049606,-7.490988759237545,-4.9583664556350255,-5.13829742003184
ring,100000,111825,33025,33026,512,m12-1-29,2026-08-05T00:29:46,74076,-0.22135577245261623,-0.13473445724350303,1.0766778596102313,-0.12431340772775094,-0.24192726855562494,15.364641938029456,-0.24192726855564045,0.12589397749291195,9.35212427181833,-14.075217057189192,-8.567279315884273,-0.001580569765161917
ring,100000,111825,33025,33026,512,m12-1-29,2026-08-05T00:29:46,74143,0.49599783545754594,0.3019031237083699,1.175112034983604,-0.12741351857623226,0.29725388925815843,14.647680417296362,0.2972538892582149,-0.434841113745599,8.915725345826287,-13.702675239413352,-8.340521192242994,0.5622546323218323
ring,100000,111825,33025,33026,512,m12-1-29,2026-08-05T00:29:46,74299,0.07443231346792792,0.04402549822876217,0.8724052824817328,0.07008102368993782,0.09473464806365409,15.291559653924702,0.09473464806365123,-0.03404941297902624,9.044707884149501,-13.994203319914977,-8.277342793319406,-0.036031610710912855
ring,100000,111825,33025,33026,512,m12-1-29,2026-08-05T00:29:46,74425,-0.7111084984471009,-0.42060906722091246,1.4054426912240647,3.2993759524071984,1.4225135927106676,8.45161668269097,1.4225135927106705,1.7357773683182378,4.998993286085387,-9.879182661349976,-5.8433752559132905,-5.035153320725359
ring,100000,111825,33025,33026,512,m12-1-29,2026-08-05T00:29:46,74665,-0.7872010540484105,-0.4522818749351618,-0.619569463327292,-3.6982235336290405,-2.6158199326904024,7.276087377126561,-2.615819932690199,-0.6482676196677318,4.180434495348904,-7.108673582644938,-4.084247854758319,4.346491153296708
ring,100000,111825,33025,33026,512,m12-1-29,2026-08-05T00:29:46,74671,-0.17107060784774025,-0.09828764184926539,-0.9780310479115009,-1.1098477839143726,-0.7414455302241175,3.019058647708254,-0.741445530224075,-0.2453478420313685,1.7345829235145098,-10.612535751439609,-6.097371875701642,1.3551956259457278
ring,100000,111825,33025,33026,512,m12-1-29,2026-08-05T00:29:46,75133,1.019116081884629,0.5517372363732205,-0.28010786736859017,3.1756725796981984,2.325005002393046,10.26795246725609,2.3250050023927273,0.139876283410136,5.55894644211606,-5.033749998657131,-2.725211938287531,-3.3155488631082943
ring,100000,111825,33025,33026,512,m12-1-29,2026-08-05T00:29:46,75477,0.06675029681553375,0.033984405389609146,-0.7678937256229563,0.1264764648564762,0.10014408199701463,10.632140917227323,0.10014408199701859,-0.01923492734105898,5.413114313019927,-12.589297788333308,-6.409556511659693,-0.10724153751541396
ring,100000,111825,33025,33026,512,m12-1-29,2026-08-05T00:29:46,75601,2.7613801459829482e-17,1.3679014652256739e-17,0.19712733924027506,-4.462028960165675e-16,-2.414992849545283e-16,14.047931905979219,1.0869434335258687e-17,-1.0945996673491735e-16,6.929973382437389,-13.722845990840467,-6.769605525161556,5.674276426808967e-16
ring,100000,111825,33025,33026,512,m12-1-29,2026-08-05T00:29:46,75787,-1.039303745743429,-0.5126980499673219,-0.2801078673685904,-3.347498216786771,-2.2032922136906095,10.471350271109833,-2.2032922136908,0.0319493536784895,5.1656129274146565,-5.133463519745107,-2.532384538140079,3.315548863108282
ring,100000,111825,33025,33026,512,m12-1-29,2026-08-05T00:29:46,75893,0.3358560067551649,0.16043404476365591,-0.5095819665697827,0.3492818735070164,0.3366190957701182,12.419806580742463,0.3366190957701384,-0.19460506560325147,5.932780015404785,-13.135036247486546,-6.274435921694389,-0.15467680790376478
ring,100000,111825,33025,33026,512,m12-1-29,2026-08-05T00:29:46,76358,-0.23925074139586966,-0.10694439871315414,1.3225029768657126,0.06408921448206475,-0.09664361494950857,15.679166333052159,-0.09664361494946505,0.23709612967902677,7.008542611106571,-15.100196915265208,-6.749744933418109,-0.30118534416108994
ring,100000,111825,33025,33026,512,m12-1-29,2026-08-05T00:29:46,76463,-0.9916729959133435,-0.44327499948076515,-0.4033890067179042,-3.9121996733167643,-2.2132782359711443,9.70815903792792,-2.213278235970946,0.04990832810664594,4.339519388176259,-5.909809811061716,-2.6416681221788276,3.86229134521009
ring,100000,111825,33025,33026,512,m12-1-29,2026-08-05T00:29:46,76606,0.5801271154820687,0.2505646517683812,-0.5511888586351614,1.0329818989056492,0.705885437161701,11.901330000018353,0.7058854371615783,-0.2964585892603345,5.140343430693241,-12.77338065688206,-5.516993760129653,-0.7365233096453262
ring,100000,111825,33025,33026,512,m12-1-29,2026-08-05T00:29:46,77016,0.07127203979486893,0.028667749529812072,-0.5951270295633019,0.08129841491722237,0.062035469371837376,12.527057220408825,0.06203546937184004,-0.04797792482286931,5.038757691991306,-13.431489674571363,-5.4025475194914545,-0.03332049009435333
ring,100000,111825,33025,33026,512,m12-1-29,2026-08-05T00:29:46,77144,-0.4208688794639723,-0.16928607145371305,-0.9103925711216381,-2.8285325006120607,-1.3056801416828945,4.197151468306756,-1.3056801416829307,-0.1076124963424246,1.6882200562576766,-10.541589332595906,-4.240143028076412,2.9361449969545084
ring,100000,111825,33025,33026,512,m12-1-29,2026-08-05T00:29:46,77511,0.9606488442524888,0.3584607098673526,0.12312243802093016,1.0691595766049877,0.7795566004723574,14.47875319483123,0.7795566004724891,-0.7291087197216168,5.402665270733641,-13.051223626781416,-4.8699906463052915,-0.3400508568833681
ring,100000,111825,33025,33026,512,m12-1-29,2026-08-05T00:29:46,77523,-0.24203379224100866,-0.09031354745043138,1.538384090583839,0.6133763787198704,0.12425362752103528,12.811091520590544,0.1242536275209971,0.3267501620483976,4.780386702302288,-15.139051967145532,-5.649052041575552,-0.940126540768267
ring,100000,111825,33025,33026,512,m12-1-29,2026-08-05T00:29:46,77636,-0.22770257033888483,-0.08170167444139013,0.5690759447767486,-0.3010579972615527,-0.19683423390796176,15.880058208214772,-0.19683423390796426,0.1768931762251083,5.697903822108722,-14.954176625596121,-5.3656894095887235,0.12416482103644395
ring,100000,111825,33025,33026,512,m12-1-29,2026-08-05T00:29:46,77852,-0.08228768237966148,-0.028356549501958744,0.41258552889308775,-0.10816081427905253,-0.06767117905918021,15.448542222318217,-0.06767117905918293,0.06489406568423196,5.323607854686046,-14.752666604136369,-5.08380730564227,0.043266748594821554
ring,100000,111825,33025,33026,512,m12-1-29,2026-08-05T00:29:46,77897,0.3774699398320892,0.13007712363272791,0.732685785005884,0.4623844367735716,0.30147512103567964,16.397697400805615,0.30147512103567337,-0.30857510033042806,5.6506891993718265,-15.258374503235856,-5.258075563778002,-0.153809336443142
ring,100000,111825,33025,33026,512,m12-1-29,2026-08-05T00:29:46,77963,0.9701520926903544,0.3343169359646808,0.4576979873051349,0.7451382806965776,0.6159962165155006,15.392585393092,0.6159962165153394,-0.8301431432269747,5.304324985706783,-13.543779043508586,-4.66722150611647,0.08500486253040432
ring,100000,111825,33025,33026,512,m12-1-29,2026-08-05T00:29:46,78935,-1.2154228836770544,-0.35119759879413115,-0.008491151005994488,-2.630283491598662,-1.1199511881858863,12.852862181179603,-1.119951188186436,0.9220269865246681,3.7138467576040624,-4.47931729798325,-1.2943029956203023,1.7082565050739689
ring,100000,111825,33025,33026,512,m12-1-29,2026-08-05T00:29:46,79075,-0.21529596364141657,-0.05927147953627528,-0.7457939140170504,-0.47169571546324024,-0.18758122045533995,11.609414094696206,-0.18758122045537395,0.15802719777619115,3.196098702008038,-13.594743623981891,-3.742664538996228,0.3136685176870477
ring,100000,111825,33025,33026,512,m12-1-29,2026-08-05T00:29:46,79350,0.597585319316396,0.15641699038653625,-0.7372132343872796,2.278003211587127,0.7478440241216593,9.780562663883664,0.7478440241215369,-0.38336022506968387,2.5600464514788004,-12.147606346267574,-3.1796163052620128,-1.8946429865174588
ring,100000,111825,33025,33026,512,m12-1-29,2026-08-05T00:29:46,79533,0.8208344589894503,0.20379993894255322,-0.32450088965761353,1.4279838036867636,0.5574418298662124,13.513508714497052,0.5574418298659914,-0.6787919805959279,3.3551859583293697,-13.397052720456843,-3.326271815879408,-0.7491918230908323
ring,100000,111825,33025,33026,512,m12-1-29,2026-08-05T00:29:46,79696,0.501780862956303,0.11787012249880385,0.6049834900561494,0.6465847564678167,0.2760141387161741,16.515738815209303,0.27601413871617114,-0.4635888734387141,3.8796062206072173,-15.595936183240942,-3.6635412868708443,-0.182995883029104
ring,100000,111825,33025,33026,512,m12-1-29,2026-08-05T00:29:46,79782,-1.170533282694443,-0.27496246191463936,0.4536795127312299,-0.49486924403922744,-0.40318196529523886,15.252292874355437,-0.4031819652949372,1.126794008454329,3.582818242401685,-10.523920051511947,-2.472106525408438,-0.6319247644151136
ring,100000,111825,33025,33026,512,m12-1-29,2026-08-05T00:29:46,79928,-0.5460361757256366,-0.12100301237648187,0.8999066073661283,-0.5539305581754559,-0.2520492343901912,17.167893747756057,-0.2520492343902228,0.5276078589418166,3.8044491408966272,-15.825231022058075,-3.5069116486248224,0.02632269923364841
ring,100000,111825,33025,33026,512,m12-1-29,2026-08-05T00:29:46,80554,-0.2018770407042352,-0.03676710792308359,0.11055687560833706,-0.22151154569629802,-0.07750953881966868,15.215743501209822,-0.07750953881967729,0.18995330725397724,2.771186270055064,-15.0329347454879,-2.737891997326227,0.031558238442323305
ring,100000,111825,33025,33026,512,m12-1-29,2026-08-05T00:29:46,80556,0.08280673392221352,0.015081279734710878,-0.010410806574739187,0.07847205993063845,0.029419308718492423,14.928685529477502,0.029419308718496885,-0.07770241510935104,2.7189054787870823,-14.844785717568653,-2.703625120860261,-0.0007696448212863077
ring,100000,111825,33025,33026,512,m12-1-29,2026-08-05T00:29:46,80630,0.2549428207187903,0.04643177931915543,1.0766778596102353,0.25408105480744936,0.0960225878642033,17.695970209468996,0.09602258786425794,-0.255661624572597,3.222900653910725,-16.21089659885502,-2.952429769630314,0.0015805697651484465
ring,100000,111825,33025,33026,512,m12-1-29,2026-08-05T00:29:46,80840,-0.07574623859628599,-0.012808233997718941,-0.5951270295633214,-0.10127006244018404,-0.02945626020138409,13.313460199223003,-0.029456260201385538,0.06794957234584885,2.251226156057903,-14.27466962530859,-2.413760896769444,0.033320490094336436
ring,100000,111825,33025,33026,512,m12-1-29,2026-08-05T00:29:46,81006,0.08316154722615848,0.012982959764725474,-0.01041080657474061,0.07985930632443586,0.025434598396956998,14.992652503965667,0.025434598396944383,-0.07908966150315062,2.340613068395043,-14.908393195092374,-2.3274587289990394,-0.0007696448212846669
ring,100000,111825,33025,33026,512,m12-1-29,2026-08-05T00:29:46,81298,0.8191435849469808,0.11729465801395594,0.11934965063607922,1.0051944252609832,0.2618072780809115,15.435317280323874,0.261807278080616,-0.7856845146975967,2.210211121716484,-15.047028870361835,-2.154611398915444,-0.21950991056339775
ring,100000,111825,33025,33026,512,m12-1-29,2026-08-05T00:29:46,81302,0.6683024682229289,0.09569544448689622,0.7695301005621558,0.7273476583436234,0.20422537216412026,17.10108459705481,0.2042253721638719,-0.6696452774329366,2.4487353698912173,-15.859483276777294,-2.2709482213036565,-0.057702380910674
ring,100000,111825,33025,33026,512,m12-1-29,2026-08-05T00:29:46,81410,-1.2523711673501199,-0.17932930255490795,-0.008491151005996025,-2.8695177276878048,-0.5892566169485018,13.243583142795396,-0.5892566169476846,1.1612612226138432,1.8963727289816796,-4.6154864358282355,-0.6608998874032234,1.7082565050739806
ring,100000,111825,33025,33026,512,m12-1-29,2026-08-05T00:29:46,81766,-1.031571282919257,-0.12118544734976645,0.28929832137703204,-1.1445378760635765,-0.25711891897695494,15.78986910290206,-0.2571189189765794,1.0139393857146133,1.8549395301257325,-13.998000513368815,-1.644436969410685,0.13059849034896098
ring,100000,111825,33025,33026,512,m12-1-29,2026-08-05T00:29:46,81947,0.39708421828137713,0.041566057802842976,0.7326857850058822,0.5556652465369126,0.10134204072107036,17.24976260867271,0.10134204072103437,-0.4018559100938027,1.805673951940583,-16.05123765499581,-1.6802145274430091,-0.15380933644310557
ring,100000,111825,33025,33026,512,m12-1-29,2026-08-05T00:29:46,82025,-0.5776495706113709,-0.060467312314098014,1.4145110692301526,1.2786856240814937,0.06834167640936595,14.147380723615672,0.06834167640939866,0.6329654414606798,1.4809222271832843,-15.146218355483606,-1.5854787439886926,-1.9116510655421752
ring,100000,111825,33025,33026,512,m12-1-29,2026-08-05T00:29:46,82597,0.4169316796485864,0.02771316021852247,0.2836378421011251,0.547248371797926,0.06429782516900022,15.962793295317024,0.06429782516902399,-0.4158088416567445,1.0610358236657185,-15.602189294081281,-1.0370667252511054,-0.13143953014117696
ring,100000,111825,33025,33026,512,m12-1-29,2026-08-05T00:29:46,82910,0.9860636539456523,0.05303170100474568,-0.03684664942775141,1.4884034232076215,0.13233995310312044,14.941230182527205,0.13233995310305166,-0.9651888102012415,0.8035575071774854,-13.812371017641132,-0.7428460901516277,-0.5232146130063576
ring,100000,111825,33025,33026,512,m12-1-29,2026-08-05T00:29:46,83454,0.8043245108326083,0.022885186459070006,-0.7108319063267584,5.022503230279269,0.16430611660373287,7.281068082962173,0.1643061166033117,-0.74753714144223,0.20716588697227112,-9.082456145001457,-0.2584202017784108,-4.274966088836955
ring,100000,111825,33025,33026,512,m12-1-29,2026-08-05T00:29:46,83648,-0.5529194376304113,-0.008738391620349511,1.5804212629769832,3.2481666945561503,0.04176861046479456,8.016033382746134,0.04176861046481462,0.6059289387339458,0.12668615746337164,-13.674218178169411,-0.2161086505749107,-3.854095633290107
ring,100000,111825,33025,33026,512,m12-1-29,2026-08-05T00:29:46,83703,-0.20806415740549566,-0.0006576006085109086,0.28574051134141704,-0.2832697121958441,-0.0015565518681368068,15.948471764703731,-0.0015565518681419344,0.20921678125893273,0.05040620579758253,-15.493775771786002,-0.04896910886867239,0.07405293093691821
ring,100000,111825,33025,33026,512,m12-1-29,2026-08-05T00:29:46,83742,0.5709084580370813,0.0018043941546238243,-0.0416071895528705,0.6638259607553391,0.0038750170264356485,15.170822975312179,0.0038750170265083343,-0.562213200863335,0.04794839507469954,-15.269308796907643,-0.04825966606453274,-0.1016127598919933
ring,100000,111825,33025,33026,512,m12-1-29,2026-08-05T00:29:46,84263,1.0258886833107088,-0.022700354167588924,0.45769798730514305,0.9564334901358459,-0.044229569697628084,16.276910889174044,-0.044229569697462924,-1.0414383526662228,-0.36016738263073794,-14.321888036612016,0.3169076100249676,0.08500486253038066
ring,100000,111825,33025,33026,512,m12-1-29,2026-08-05T00:29:46,84461,-0.7157192164262817,0.02489280719689697,1.0635433259765963,-0.1582561180414585,0.03174679812008049,17.083155396663173,0.031746798120135686,0.7534252246403024,-0.5941543608779235,-15.68748040938581,0.5456126037607382,-0.5951691065988538
ring,100000,111825,33025,33026,512,m12-1-29,2026-08-05T00:29:46,84691,-1.0374981089289093,0.04922294548282457,0.2892983213770317,-1.1697599940946657,0.10503625561601594,15.880588773406362,0.10503625561632475,1.0391615037456723,-0.7534368966084268,-14.07842511891903,0.667935243590937,0.1305984903489797
ring,100000,111825,33025,33026,512,m12-1-29,2026-08-05T00:29:46,84696,-0.7457116137326784,0.03537945929035641,-0.44656985674467414,-1.484363040065759,0.1043686253713974,13.407275667395455,0.10436862537164132,0.7105181362560411,-0.636093303274042,-13.833094345666748,0.6562957975301486,0.7738449038097207
ring,100000,111825,33025,33026,512,m12-1-29,2026-08-05T00:29:46,84886,-0.6192354273891805,0.03723019887285405,-0.31805713615234105,-0.8260273028924167,0.0857337613453332,14.313549166636012,0.08573376134544046,0.5947944688640967,-0.8605713731479432,-14.713896369173318,0.8846413880557921,0.23123283402833036
ring,100000,111825,33025,33026,512,m12-1-29,2026-08-05T00:29:46,84947,-0.08659657661031095,0.005206433008045545,1.5638367446373016,0.22710922768557637,-0.007984985535968624,13.526293043901086,-0.007984985535947012,0.09477814692303856,-0.8132392911696948,-16.33013256235066,0.9818141146732121,-0.3218873746086133
ring,100000,111825,33025,33026,512,m12-1-29,2026-08-05T00:29:46,85021,-0.1969401268400216,0.011840601754994792,-0.9780310479114764,-1.5296587493389222,0.10282836372894089,3.4756046085154995,0.10282836372902332,0.17446312339321635,-0.2089632554191821,-12.21737715951159,0.7345435374572298,1.3551956259457272
ring,100000,111825,33025,33026,512,m12-1-29,2026-08-05T00:29:46,85480,0.9045754521364743,-0.07737987646575059,-0.6195694633272818,5.157136424622467,-0.5142636453348527,8.360977154565827,-0.5142636453344686,-0.810645271325763,-0.7152210220005133,-8.168601384667712,0.698764668608513,-4.346491153296647
ring,100000,111825,33025,33026,512,m12-1-29,2026-08-05T00:29:46,85558,-0.8235301642066685,0.08094639090251288,0.11934965063608252,-1.0248289659149266,0.18164374560234522,15.51797463599712,0.18164374560228877,0.8053190553515422,-1.5252920846084461,-15.127606910616725,1.486922077208885,0.21950991056339256
ring,100000,111825,33025,33026,512,m12-1-29,2026-08-05T00:29:46,85681,-1.287118597857691,0.1265134049588215,0.5936762522082081,1.1368465066375268,0.018757820094328612,14.26747164838201,0.01875782009392305,1.325840557685492,-1.4023776996109427,-5.081789972725435,0.49949907786677494,-2.462687064323005
ring,100000,111825,33025,33026,512,m12-1-29,2026-08-05T00:29:46,86178,-0.20614668343467596,0.028189908554332035,0.28574051134141587,-0.2742341525527904,0.06611106261939183,15.801494121535894,0.0661110626194057,0.20018122161587087,-2.1608044664422343,-15.350988507883768,2.0991992451479953,0.07405293093691848
ring,100000,111825,33025,33026,512,m12-1-29,2026-08-05T00:29:46,86287,1.029087865161399,-0.14072451872583647,0.28929832137703304,1.1340124359850308,-0.29785613421006474,15.751856372251336,-0.297856134210452,-1.0034139456360682,-2.154016660837706,-13.964301549831156,1.909574178716259,-0.13059849034896853
ring,100000,111825,33025,33026,512,m12-1-29,2026-08-05T00:29:46,86303,-0.9555142539927609,0.13066355952775563,1.0746084275329908,1.221886155688453,-0.02784783930530721,15.173276712234344,-0.0278478393049113,1.0220490545987586,-2.0748977177848285,-12.97352787561756,1.7740890047189315,-2.243935210287209
ring,100000,111825,33025,33026,512,m12-1-29,2026-08-05T00:29:46,86410,-0.08444754351960504,0.012637445357977523,0.6378658214949793,-0.1305824718162957,0.032670159139832226,16.909339332603512,0.03267015913983943,0.08284117857793995,-2.5304566947606335,-15.75558394144055,2.3577989701589877,0.0477412932383554
ring,100000,111825,33025,33026,512,m12-1-29,2026-08-05T00:29:46,86506,0.6249665086573822,-0.0935252794166833,-0.5511888586351615,1.2953866953505588,-0.28384223173597334,12.8212118689021,-0.28384223173611833,-0.5588633857051767,-1.9186746903854013,-13.760665378051817,2.059262467050562,-0.7365233096453846
ring,100000,111825,33025,33026,512,m12-1-29,2026-08-05T00:29:46,86624,0.24104772077625922,-0.036072421683501145,1.6824364530178277,-1.5253598005428075,0.1880904691132236,6.76009785971366,0.18809046911316107,-0.2966252127897275,-1.0116382757410582,-14.921514416069089,2.23298174502339,1.82198501333254
ring,100000,111825,33025,33026,512,m12-1-29,2026-08-05T00:29:46,86719,-0.9148775500613401,0.14875817420212598,-0.18707214247040319,-1.503632229032719,0.3914393820834812,14.257956666981555,0.3914393820833811,0.8401112073664195,-2.318329487362601,-13.61504446689437,2.213792606934274,0.6635210216662996
ring,100000,111825,33025,33026,512,m12-1-29,2026-08-05T00:29:46,86752,-0.8424398238489751,0.1369798724020843,1.2051111588221772,1.3827090762674163,-0.07714506488021725,14.77567194021901,-0.07714506488030433,0.920802973459838,-2.402509472758538,-13.661711072138793,2.2213805502518476,-2.303512049727246
ring,100000,111825,33025,33026,512,m12-1-29,2026-08-05T00:29:46,86827,0.5688351017738641,-0.09249201836495824,-0.8566702978856187,3.963191761074838,-0.731030004967915,5.2441266603095995,-0.7310300049678029,-0.4138506479819457,-0.8526897476282301,-10.565279529898245,1.7179038798114723,-3.549341113092869
ring,100000,111825,33025,33026,512,m12-1-29,2026-08-05T00:29:46,86988,-0.9344881641584081,0.16409882015850688,-0.43990991425291,-2.8365989960279414,0.65761902517785,12.10616052692736,0.6576190251774374,0.7928426786513875,-2.1258767476286247,-11.172178420065682,1.9618667925924653,2.0437563173765825
ring,100000,111825,33025,33026,512,m12-1-29,2026-08-05T00:29:46,86992,-0.4813960460907592,0.08453453582647234,-0.8054009437279324,-1.9829140035539417,0.42827514770967245,9.389710532585113,0.42827514770945085,0.3807640681176594,-1.6488602842982534,-12.7152112006941,2.232827804704463,1.6021499354362785
ring,100000,111825,33025,33026,512,m12-1-29,2026-08-05T00:29:46,87019,0.0854455354150751,-0.015004482760949112,1.563836744637296,-0.22360204201452927,0.022706151434395687,13.346501635028284,0.02270615143442146,-0.09828533259408305,-2.3436842279578283,-16.113072534822233,2.829502067020862,0.32188737460861117
ring,100000,111825,33025,33026,512,m12-1-29,2026-08-05T00:29:46,87458,1.1842399244335726,-0.23896642802614593,0.28993039712283636,1.0705257916663642,-0.46108850111723815,15.093828862042013,-0.4610885011172546,-1.1214363861429841,-3.045766566369838,-10.356282474329511,2.089782466761546,0.050910594476606945
ring,100000,111825,33025,33026,512,m12-1-29,2026-08-05T00:29:46,87478,-1.1119677729841015,0.22438271274909793,1.0368180234706108,3.4929551274420736,-0.46284165620925044,12.418219291199971,-0.46284165620924905,1.2926586501561166,-2.505858352886347,-7.6367960558895795,1.541020394083526,-4.785613777598181
ring,100000,111825,33025,33026,512,m12-1-29,2026-08-05T00:29:46,87487,-1.1359865461743288,0.2292294336849645,-0.28010786736859405,-4.217127958721368,1.0767416460169459,11.445463443173548,1.0767416460169366,0.9015790956131123,-2.3095670562088277,-5.611011715863581,1.1322396751604982,3.3155488631083068
ring,100000,111825,33025,33026,512,m12-1-29,2026-08-05T00:29:46,87509,1.1948178316814242,-0.24110093190399318,-0.1480611691543176,3.5818339394325065,-0.9625294896502326,12.35594311950413,-0.9625294896502249,-0.993921541841095,-2.493291714999714,-5.006730391631142,1.0103024337321618,-2.58791239759141
ring,100000,111825,33025,33026,512,m12-1-29,2026-08-05T00:29:46,87657,-1.1755367154000762,0.25271713852443534,0.45367951273122387,-0.5095738351201138,0.3721472519599929,15.317488646343985,0.3721472519604764,1.1414985995351892,-3.2929570377282213,-10.56890444158113,2.2721053735063754,-0.6319247644150726
ring,100000,111825,33025,33026,512,m12-1-29,2026-08-05T00:29:46,87716,-0.7866766211120811,0.1691199109539136,-0.7108319063267636,-4.771874275861324,1.1875692874414139,7.121312306723771,1.1875692874418282,0.4969081870242479,-1.5309412671819536,-8.883175652762763,1.9097070321721656,4.274966088836997
ring,100000,111825,33025,33026,512,m12-1-29,2026-08-05T00:29:46,87968,1.0209157142496066,-0.23301734967982826,1.1710483287367317,-3.8777225278901732,0.6301759375243079,11.486436465518588,0.6301759375238019,-1.2605748921415445,-2.6217041672521306,-8.758104186677453,1.9989801286381474,5.138297420031758
ring,100000,111825,33025,33026,512,m12-1-29,2026-08-05T00:29:46,88194,0.917632500123537,-0.2216848706109533,1.2946649804546924,-4.034542745604064,0.7295268087659316,10.509594558051736,0.7295268087657246,-1.1910135382825138,-2.538944631387663,-9.948015707117282,2.403276447348051,5.225556283886581
ring,100000,111825,33025,33026,512,m12-1-29,2026-08-05T00:29:46,88228,-0.38687318835477447,0.09865469933874742,0.7326857850058786,-0.5065144910133441,0.23434440622122335,16.806184561208568,0.23434440622119942,0.3527051545702341,-4.28566552251511,-15.638479704645565,3.9878946378732567,0.15380933644311304
ring,100000,111825,33025,33026,512,m12-1-29,2026-08-05T00:29:46,88243,0.6012314271642715,-0.15331717851045398,0.11675407679673828,0.6731394428125704,-0.32904833119899424,15.10583675691208,-0.32904833119895666,-0.5333104787860429,-3.852067882633352,-14.999158654182715,3.8248644049367804,-0.13982896402651626
ring,100000,111825,33025,33026,512,m12-1-29,2026-08-05T00:29:46,88793,-0.3402746343053494,0.09599639773862824,-0.8570109036110097,-1.4060234156414275,0.4893639076259207,8.73680630870497,0.4893639076257945,0.19054883396082561,-2.464779471699628,-12.699786994823594,3.582793663241159,1.2154745816805865
ring,100000,111825,33025,33026,512,m12-1-29,2026-08-05T00:29:46,89399,0.7976770601681882,-0.25806654009600455,0.2871910631567706,0.8507626800387795,-0.5479097783336628,15.269709344547573,-0.547909778333628,-0.6655512148829592,-4.940095755026698,-14.647646301126267,4.738844314621073,-0.18521146515581252
ring,100000,111825,33025,33026,512,m12-1-29,2026-08-05T00:29:46,89440,0.8769150775024144,-0.28370182785669146,0.7834921509365989,0.36878570786486065,-0.428288596342963,16.009995806296704,-0.42828859634294664,-0.8164823332466351,-5.179595140684397,-14.231780417101549,4.604302311104578,0.447696625381777
ring,100000,111825,33025,33026,512,m12-1-29,2026-08-05T00:29:46,89493,0.2457917664422667,-0.07951918629384487,1.5383840905838417,-0.6237971176248761,0.11110137346383082,13.010004866444252,0.11110137346382487,-0.3163294231434148,-4.2090303334128585,-15.37411074219205,4.97387196449378,0.9401265407682822
ring,100000,111825,33025,33026,512,m12-1-29,2026-08-05T00:29:46,89498,-0.5261389152013255,0.17021781900966557,1.5804212629769845,2.9983504694350396,-0.7742159469543346,7.6277786982680755,-0.7742159469543081,0.8557451638550463,-2.467758640150711,-13.011910648902584,4.209646897069625,-3.8540956332901053
ring,100000,111825,33025,33026,512,m12-1-29,2026-08-05T00:29:46,89869,-0.8743936236658539,0.307515392932926,-0.18707214247040685,-1.2952889481350098,0.7733828704286873,13.627032814694125,0.7733828704286123,0.6317679264687198,-4.792489603197267,-13.012569897448376,4.576389210507544,0.663521021666279
ring,100000,111825,33025,33026,512,m12-1-29,2026-08-05T00:29:46,89929,0.9758543202268822,-0.343198093636305,-0.3131894056892817,2.406685992232847,-1.1977505882750406,12.31840401795381,-1.1977505882749415,-0.5777782278198216,-4.332258092192164,-10.36309902382258,3.644597103708397,-1.8289077644130347
ring,100000,111825,33025,33026,512,m12-1-29,2026-08-05T00:29:46,90503,-0.5201899790567944,0.20542546067651116,0.8999066073661273,-0.4488036818309671,0.40764679793288044,16.355264881903448,0.40764679793286057,0.42248098259723943,-6.458770753222466,-15.076156049539186,5.953644680589842,0.02632269923373397
ring,100000,111825,33025,33026,512,m12-1-29,2026-08-05T00:29:46,90721,0.47697913214610216,-0.19536711008820218,0.6049834900561492,0.5332999414437125,-0.43487488978418515,15.699408543438233,-0.4348748897842166,-0.3503040584145666,-6.430361142688542,-14.825069377617615,6.072238313929313,-0.18299588302914024
ring,100000,111825,33025,33026,512,m12-1-29,2026-08-05T00:29:46,90884,1.1279515793230088,-0.4620005897957452,-0.1480611691543185,3.0628827152062694,-1.7411911308317767,11.66446062832617,-1.7411911308320158,-0.47497031761477176,-4.777676443496182,-4.72653596451392,1.9359540279263505,-2.5879123975914227
ring,100000,111825,33025,33026,512,m12-1-29,2026-08-05T00:29:46,91091,-0.7406952868203113,0.3143757983172011,-0.7108319063267639,-4.144979947714144,2.0785317308222613,6.705070825810404,2.0785317308226388,-0.12998614112291682,-2.845855821070624,-8.363953067140622,3.549940804750637,4.274966088837034
ring,100000,111825,33025,33026,512,m12-1-29,2026-08-05T00:29:46,91336,1.1870103278100592,-0.5216130570720192,0.13717386902566978,1.4712307360140027,-1.2132920336618944,12.781627558045708,-1.2132920336623807,-0.7566388025119232,-5.616685608126402,-4.047700590904131,1.7786984913846164,-0.7145919335020892
ring,100000,111825,33025,33026,512,m12-1-29,2026-08-05T00:29:46,91513,0.8779446285257212,-0.3991161292339088,1.0746084275329904,-1.190163998086224,0.07815670723982315,13.941494573184588,0.07815670723977074,-1.0537712122010499,-6.337843149776732,-11.920323599393805,5.419013067139455,2.2439352102872507
ring,100000,111825,33025,33026,512,m12-1-29,2026-08-05T00:29:46,91529,-1.096768814966886,0.4985942277807612,0.8942890668292158,2.646446418087827,-0.629442869979305,12.21483095343726,-0.6294428699792618,1.5479934557773878,-5.552896949285997,-6.113556240501008,2.7792400833523843,-4.194439873865247
ring,100000,111825,33025,33026,512,m12-1-29,2026-08-05T00:29:46,92013,1.1796649692610364,-0.5726967898463599,0.44014160444439,-0.32906631119312496,-0.48699281491788227,13.000860073627543,-0.4869928149174412,-1.0957722243396573,-6.311580850003733,-4.170168986987454,2.024509037901374,1.4248385355327744
ring,100000,111825,33025,33026,512,m12-1-29,2026-08-05T00:29:46,92152,-0.7630322656476974,0.3824265992717455,1.205111158822195,1.2974820953685333,-0.19507584515582202,13.382931478122535,-0.1950758451559401,1.0060299543586357,-6.707434539639919,-12.37397147771466,6.201750626746007,-2.3035120497271753
ring,100000,111825,33025,33026,512,m12-1-29,2026-08-05T00:29:46,92443,-0.5119116554622037,0.26471608087397347,-0.8566702978856441,-3.108401265064934,1.8828681122129691,4.719345820539377,1.8828681122130104,-0.44093984802796743,-2.4404342362045583,-9.50800982166034,4.9167137923997855,3.5493411130929142
ring,100000,111825,33025,33026,512,m12-1-29,2026-08-05T00:29:46,92480,-0.07426947578453742,0.03960360018976839,-0.010410806574738037,-0.04688149161427484,0.0692904909922483,13.389558987654498,0.06929049099224639,0.04611184679298595,-7.1398745616943735,-13.314309128690455,7.099748180065023,0.0007696448212889697
ring,100000,111825,33025,33026,512,m12-1-29,2026-08-05T00:29:46,92495,0.304690140589368,-0.16247356511136302,-0.037494255865482114,0.2093126533283214,-0.2930007456524882,13.370200050689885,-0.293000745652498,-0.18391760242335728,-7.129551564372128,-13.417207283281483,7.154617792804713,-0.025395050904963485
ring,100000,111825,33025,33026,512,m12-1-29,2026-08-05T00:29:46,92775,0.7156494104184286,-0.39331378292915553,0.4561295028122534,0.5542502763039395,-0.7605053004094754,14.454082941757115,-0.7605053004095548,-0.4115519545017984,-7.943819917731076,-13.673661960192527,7.5149083248925,-0.14269832180215014
ring,100000,111825,33025,33026,512,m12-1-29,2026-08-05T00:29:46,92961,-0.20030122677334097,0.11340392267354499,-0.36817160969480694,-0.1265365679519793,0.19727314074721455,12.495519823010621,0.197273140747214,0.11021028972075016,-7.074549600127813,-12.857025833064029,7.279222333642828,0.016326278231228248
ring,100000,111825,33025,33026,512,m12-1-29,2026-08-05T00:29:46,93219,0.4358389859918717,-0.25408662046045066,-0.4260926469568951,0.3882376859252394,-0.5087444613616021,12.109159830201087,-0.5087444613615295,-0.18783085330677207,-7.059431571660031,-12.643939841041325,7.371199105110225,-0.20040683261845935
ring,100000,111825,33025,33026,512,m12-1-29,2026-08-05T00:29:46,93261,0.8858098331043416,-0.5164118724989751,0.12312243802093008,0.756329096416984,-1.0355668586105053,13.350791007355483,-1.0355668586102926,-0.4162782395336049,-7.783281157863216,-12.034472629426363,7.01589022027452,-0.3400508568833745
ring,100000,111825,33025,33026,512,m12-1-29,2026-08-05T00:29:46,93566,-0.6899669699297435,0.4140135636562751,-0.710831906326768,-3.4971581671089593,2.5498277458516503,6.2458577544193545,2.549827745851375,-0.7778079217281282,-3.747816837175362,-7.79112741373426,4.675053395365678,4.274966088837064
ring,100000,111825,33025,33026,512,m12-1-29,2026-08-05T00:29:46,93770,-0.06951914228765405,0.04291937360907516,1.7032672733202212,0.40790698993876073,-0.19619859810256568,5.600929699036342,-0.19619859810255946,0.2112401750942758,-3.457873420193241,-13.09335476246308,8.08350860430732,-0.6191471650330391
ring,100000,111825,33025,33026,512,m12-1-29,2026-08-05T00:29:46,94310,-0.3060276054773683,0.20535666778075015,-0.2910374500258137,-0.16010541189318134,0.3470694122743913,12.077145455707779,0.34706941227443777,0.12420869539687455,-8.104243874400938,-12.372175462677161,8.302220717150472,0.03589671649630358
ring,100000,111825,33025,33026,512,m12-1-29,2026-08-05T00:29:46,94482,0.9019781548410751,-0.6052631363117108,-0.40338900671790273,3.0570114155992854,-2.748745501553452,8.83007545029417,-2.748745501553685,0.805279929610795,-5.925331042918196,-5.375279321722106,3.6070257393209264,-3.8622913452100485
ring,100000,111825,33025,33026,512,m12-1-29,2026-08-05T00:29:46,94731,0.06868330721229886,-0.04865186010505613,-0.010410806574733075,0.028069478864417203,-0.07871894426384478,12.382465120047723,-0.07871894426385263,-0.027299834043128284,-8.77112627838672,-12.312875169044434,8.721832196631503,-0.0007696448212886332
ring,100000,111825,33025,33026,512,m12-1-29,2026-08-05T00:29:46,95372,-0.05284062115778243,0.039473139681722454,-0.9916212970158677,-0.31127127664182597,0.27759114463881096,2.616481356730297,0.27759114463883683,-0.14704144133740313,-1.954570779181608,-9.95193320943361,7.434319299656668,0.4583127179792324
ring,100000,111825,33025,33026,512,m12-1-29,2026-08-05T00:29:46,95498,-0.400436496971366,0.3070982002311892,-0.6367074460603739,-0.5275890678368297,0.7707420602311299,9.974244066960644,0.7707420602312853,-0.11367923019284606,-7.649333726563594,-11.097684916262088,8.510910194982987,0.641268298029662
ring,100000,111825,33025,33026,512,m12-1-29,2026-08-05T00:29:46,95521,0.07003636479549541,-0.05371149168995338,1.3530841983730917,-0.04143022987041688,-0.04075109100004286,13.627309361091218,-0.04075109100006239,-0.06331469463490513,-10.450900980397249,-13.211813471001564,10.132253601810996,0.1047449245053221
ring,100000,111825,33025,33026,512,m12-1-29,2026-08-05T00:29:46,95712,-0.652756127794817,0.5138391858072372,0.9315603732191685,0.1389189712591105,0.5742847005979298,13.350932620863608,0.5742847005980166,0.4163943865887372,-10.509640669092889,-12.042744068463886,9.479855559425088,-0.5553133578478437
ring,100000,111825,33025,33026,512,m12-1-29,2026-08-05T00:29:46,95887,-0.060865282055375745,0.0491710547190534,-0.40770102211947473,-0.018514454482805396,0.075736571070259,11.097223133295104,0.07573657107024849,0.014049274530149723,-8.965080707592124,-11.441407656690592,9.243136036702902,0.0044651799526547785
ring,100000,111825,33025,33026,512,m12-1-29,2026-08-05T00:29:46,96497,-0.05024161002802459,0.0427321965555827,-0.9916212970158702,-0.27561565837642726,0.28572930683327113,2.4877874841377587,0.2857293068332268,-0.1826970596028034,-2.1159477911128213,-9.462438865741328,8.048125792157112,0.4583127179792344
ring,100000,111825,33025,33026,512,m12-1-29,2026-08-05T00:29:46,96700,-0.6225223944481589,0.54318795310893,1.4054426912240743,2.737496469072272,-1.6082258337138022,7.398759353539639,-1.6082258337141857,2.2976568516531146,-6.455859234360419,-8.648486776581287,7.546321018419296,-5.0351533207254215
ring,100000,111825,33025,33026,512,m12-1-29,2026-08-05T00:29:46,96978,-0.1532659335746451,0.14071488777279548,0.28574051134141265,-0.05801456119165017,0.24535211278991234,11.748094648240754,0.24535211278992503,-0.016038369745270717,-10.786035627194542,-11.413152740340012,10.478522327393316,0.07405293093692153
ring,100000,111825,33025,33026,512,m12-1-29,2026-08-05T00:29:46,97067,-0.755297150465461,0.6934453813971351,0.12312243802092764,-0.27145270591426945,1.1856910293654146,11.383723715254293,1.1856910293656693,-0.06859815096910944,-10.451503264085432,-10.261347915393404,9.421039539807106,0.34005085688337294
ring,100000,111825,33025,33026,512,m12-1-29,2026-08-05T00:29:46,97182,0.8001479132500364,-0.7346232863924649,-0.4033890067179138,2.184315817431103,-2.95957435813437,7.83319020252566,-2.959574358134759,1.6779755277790391,-7.191725222581551,-4.768428713409122,4.377939021479607,-3.8622913452101324
ring,100000,111825,33025,33026,512,m12-1-29,2026-08-05T00:29:46,97433,0.14965942530856352,-0.14454474204110307,0.28574051134141604,0.0455858332516075,-0.2460993633386901,11.471649651812662,-0.24609936333872556,0.028467097685310163,-11.079600474800724,-11.144589278518437,10.763717548000804,-0.07405293093692063
ring,100000,111825,33025,33026,512,m12-1-29,2026-08-05T00:29:46,97455,-0.42681304012653143,0.412226497981472,0.45179198141986526,-0.1182178324276016,0.696271632721248,11.883168110343046,0.6962716327213939,-0.06978499700229411,-11.477055090911993,-11.412549345859041,11.022519950396838,0.18800282942989635
ring,100000,111825,33025,33026,512,m12-1-29,2026-08-05T00:29:46,98208,0.5856287431507939,-0.610198819544168,-0.32450088965760876,0.32564227090628084,-1.1907858691061413,9.641285203561212,-1.1907858691059545,0.4235495521845652,-10.045785694277184,-9.558199050591732,9.959213658571084,-0.7491918230908494
ring,100000,111825,33025,33026,512,m12-1-29,2026-08-05T00:29:46,98299,0.1366139045187944,-0.1423455461256653,-0.9780310479114656,0.6423448968639,-0.8575189464811144,2.410965828809695,-0.8575189464810296,0.7128507290817974,-2.5121179926830064,-8.474979799801805,8.830547902543842,-1.3551956259457107
ring,100000,111825,33025,33026,512,m12-1-29,2026-08-05T00:29:46,98539,0.8836692958014849,-0.9443561310454353,0.5936762522081986,-1.2377331367439697,-0.09612864609926333,9.79531073933523,-0.09612864609893863,-1.2249539275790118,-10.468013086045136,-3.4888950979992672,3.728498310424602,2.462687064322982
ring,100000,111825,33025,33026,512,m12-1-29,2026-08-05T00:29:46,99467,-0.05077393119638819,0.06164440889177887,-0.21222780665477,0.017040187155940547,0.07375089491840314,9.383287403006827,0.07375089491839547,-0.011754914071382318,-11.39220839888758,-9.47187338233412,11.499760250852498,-0.0052852730845581244
ring,100000,111825,33025,33026,512,m12-1-29,2026-08-05T00:29:46,99513,-0.23663700674906266,0.2872999600236461,-0.5095819665697672,0.005575744427927471,0.42472451102952613,8.750731845066207,0.42472451102947656,-0.16025255233173616,-10.62422544894347,-9.254667472454932,11.236051500972506,0.15467680790380514
ring,100000,111825,33025,33026,512,m12-1-29,2026-08-05T00:29:46,99603,0.6032069628889324,-0.7323509484201257,-0.4399099142529024,0.6520482595932691,-1.8944393221969693,7.814459940506825,-1.8944393221967777,1.3917080577833325,-9.487501804376732,-7.211579634815599,8.75554744903847,-2.0437563173765705
ring,100000,111825,33025,33026,512,m12-1-29,2026-08-05T00:29:46,99626,-0.6001830136326024,0.7286795847885719,1.2946649804546841,2.3065972837202975,-1.5683995775912072,6.873863047635397,-1.568399577591407,2.9189590001662857,-8.345527210322587,-6.506559048375308,7.899585023368853,-5.225556283886585
ring,100000,111825,33025,33026,512,m12-1-29,2026-08-05T00:29:46,99813,-0.5939004614231538,0.7399180992859478,-0.4399099142529034,-0.6042717212541258,1.8844838452915191,7.693895544926276,1.8844838452910915,-1.4394845961224418,-9.585533161676759,-7.100316700912146,8.846015753343478,2.043756317376563
ring,100000,111825,33025,33026,512,m12-1-29,2026-08-05T00:29:46,100038,-0.584499040589421,0.74736699370497,-0.4399099142529088,-0.5567621458681603,1.8733236758151097,7.57210148250842,1.8733236758146437,-1.4869941715083894,-9.68203252362014,-6.9879189681371585,8.93507025469883,2.043756317376547
ring,100000,111825,33025,33026,512,m12-1-29,2026-08-05T00:29:46,100065,0.44654383106138756,-0.5709712033766673,1.3193518957980046,-1.018703184712009,0.3095250841021399,8.98961917056982,0.30952508410245944,-1.1724033432532,-11.494534956440235,-8.97553140629493,11.47652170183646,2.1911065279651933
ring,100000,111825,33025,33026,512,m12-1-29,2026-08-05T00:29:46,100182,-0.5080952231103941,0.6668780066009735,0.2871910631567659,0.15567992699944924,0.9018654630404895,9.726325055170646,0.9018654630402752,-0.34089139215525655,-12.765859565926512,-9.330090442670608,12.245799277005261,0.18521146515581485
ring,100000,111825,33025,33026,512,m12-1-29,2026-08-05T00:29:46,100290,0.4392899933696332,-0.5765707327550474,1.3193518957980126,-1.0109024116466405,0.30748324437464936,8.843588179123719,0.30748324437487384,-1.1802041163185384,-11.607262158440562,-8.829729262161075,11.58907224738247,2.1911065279651645
ring,100000,111825,33025,33026,512,m12-1-29,2026-08-05T00:29:46,100515,0.43196594672667427,-0.5820781124667961,1.3193518957980126,-1.0031557532680682,0.30524484006476504,8.696143772711777,0.3052448400648384,-1.1879507746971154,-11.718134244880046,-8.682515918044878,11.699770584546293,2.191106527965165
ring,100000,111825,33025,33026,512,m12-1-29,2026-08-05T00:29:46,100667,-0.6005856061838015,0.8310458544070042,0.12312243802093,0.20342992656190909,1.1299034505445806,9.051934862910256,1.1299034505446497,-0.5434807834452869,-12.525396654080888,-8.159461285179736,11.2904578555082,0.34005085688336845
ring,100000,111825,33025,33026,512,m12-1-29,2026-08-05T00:29:46,101009,0.70141010932478,-0.9968666755418361,-0.14806116915431575,0.4556829962662499,-2.336267453111581,7.253476793249877,-2.336267453111745,2.1322294013251466,-10.30887522275314,-2.9391688157279927,4.177241541345208,-2.5879123975914373
ring,100000,111825,33025,33026,512,m12-1-29,2026-08-05T00:29:46,101124,-0.20765387000520072,0.30319773234609426,-0.7018739489330359,-0.03341190327969187,0.5541324403378465,6.926216723702632,0.5541324403377841,-0.46299298861306953,-10.113046312653372,-7.939673189589291,11.592805405419334,0.49640489189275716
ring,100000,111825,33025,33026,512,m12-1-29,2026-08-05T00:29:46,101126,-0.04232497965691826,0.061799175008156265,-0.7678937256229613,-0.008862484710267413,0.11547071326614446,6.74162017997797,0.11547071326612925,-0.09837905280515309,-9.8435148396553,-7.98261278535757,11.655501988268917,0.10724153751542163
ring,100000,111825,33025,33026,512,m12-1-29,2026-08-05T00:29:46,101139,0.5577763677702118,-0.8144154975774477,0.623966572065509,-0.457086454262385,-0.8117562637810873,9.37516237843651,-0.8117562637808955,0.1722128096618795,-13.688779185512677,-8.259887371818143,12.060353705455439,0.2848736446004761
ring,100000,111825,33025,33026,512,m12-1-29,2026-08-05T00:29:46,101625,0.3360507350367095,-0.5183091666422132,-0.7372132343872896,0.3244109630533311,-1.3935447575401343,5.500077003281047,-1.393544757539806,1.5702320234641733,-8.483065295862383,-6.831178594329735,10.536095045363782,-1.894642986517505
ring,100000,111825,33025,33026,512,m12-1-29,2026-08-05T00:29:46,101686,0.7053563184096816,-1.0879090787907553,0.13717386902566633,-0.3148572897721672,-1.5037081594735235,7.595217620608182,-1.5037081594727864,1.02944922327429,-11.714513628347305,-2.4052622963207075,3.709765718041752,-0.7145919335021054
ring,100000,111825,33025,33026,512,m12-1-29,2026-08-05T00:29:46,101831,-0.6268133007064147,0.99407700952275,0.6171972778027368,0.855877093910185,0.5557227406421179,8.418619656444667,0.5557227406417613,0.32495404799153743,-13.351274203907677,-5.976702341047473,9.478583787708661,-1.180831141901708
ring,100000,111825,33025,33026,512,m12-1-29,2026-08-05T00:29:46,101858,0.6443688551185939,-1.0219187496563702,0.28993039712283686,-0.5379649183390007,-1.0728984301316156,8.212857059216159,-1.0728984301312234,0.48705432386241226,-13.024950772203427,-5.635062408878206,8.936769499911053,0.050910594476597744
ring,100000,111825,33025,33026,512,m12-1-29,2026-08-05T00:29:46,101998,0.4324784232348141,-0.7054903705896695,0.11934965063607646,-0.3135228117564424,-0.8313788710233444,8.149293728468267,-0.8313788710233339,0.5330327223198355,-13.293722746994936,-7.944291379201867,12.959307951745815,-0.219509910563398
ring,100000,111825,33025,33026,512,m12-1-29,2026-08-05T00:29:46,102057,-0.6284114016155539,1.0251105460764685,0.45367951273122714,0.7268141452644922,0.8069723985702191,8.188331664488638,0.8069723985702467,-0.09488938084943382,-13.357404277611153,-5.649861860260602,9.216467049990865,-0.631924764415065
ring,100000,111825,33025,33026,512,m12-1-29,2026-08-05T00:29:46,102584,0.610562185714586,-1.0549564577006583,-0.14806116915431905,0.05743543092108807,-2.152176564588006,6.313993177514916,-2.1521765645884474,2.5304769666703706,-10.90959779748109,-2.558482280847799,4.420659299321252,-2.5879123975914853
ring,100000,111825,33025,33026,512,m12-1-29,2026-08-05T00:29:46,103803,0.24266370621568448,-0.5038963781284094,0.8999066073661302,-0.3588276069920198,-0.46645939763590116,7.629576408946138,-0.4664593976360029,0.38515030622569413,-15.842978659960243,-7.0328842341420215,14.603934591812042,-0.026322699233667528
ring,100000,111825,33025,33026,512,m12-1-29,2026-08-05T00:29:46,103949,0.10575129406864063,-0.2195948248487464,1.6824364530178801,-0.5103911161903931,0.5023382548694235,2.9657575454066065,0.5023382548693263,-1.3115938971421655,-6.158459000083902,-6.546294874232921,13.593521374616563,1.8219850133325635
ring,100000,111825,33025,33026,512,m12-1-29,2026-08-05T00:29:46,103995,0.25067887529612287,-0.5378291163003363,0.45179198141986154,-0.35401136842382747,-0.5335402211300387,6.979306948945289,-0.5335402211300748,0.5420141978537124,-14.974035942621255,-6.7028997835523985,14.381007027333862,-0.18800282942988406
ring,100000,111825,33025,33026,512,m12-1-29,2026-08-05T00:29:46,104111,0.4757920557557759,-1.020807280180918,0.7773690762279933,-1.0465092296262573,-0.25991686557528726,6.654448934690322,-0.2599168655754173,-0.6100057619607075,-14.277056197026761,-4.95823032370316,10.637835478799994,1.6565149915869626
ring,100000,111825,33025,33026,512,m12-1-29,2026-08-05T00:29:46,104181,0.03459063012377655,-0.0767325777550914,-0.010410806574736748,-0.05487365732906959,-0.06252689665922939,6.236118911167434,-0.06252689665923125,0.05564330215036102,-13.833615563777718,-6.2010716725706345,13.75587008903174,-0.0007696448212910554
ring,100000,111825,33025,33026,512,m12-1-29,2026-08-05T00:29:46,104272,-0.2597006055170666,0.5760952267875818,-0.5511888586351602,0.2738204281962983,0.7265382659962255,5.32776787186493,0.7265382659961098,-1.0103437378416709,-11.818615648980513,-5.718151423306021,12.68460554589954,0.7365233096453841
ring,100000,111825,33025,33026,512,m12-1-29,2026-08-05T00:29:46,104320,-0.029423906654618533,0.0652712077564068,-0.9090095165784643,0.00037732115998093005,0.14621992922719065,3.5352055543445116,0.14621992922717106,-0.2580679696970757,-7.842165179076453,-5.547890528822893,12.306914903149531,0.2576906485370937
ring,100000,111825,33025,33026,512,m12-1-29,2026-08-05T00:29:46,104500,-0.08919036430979413,0.2047206368712998,-0.7457939140170516,0.09273399798649633,0.268402936487405,4.809416094087651,0.2684029364873262,-0.40640251567357205,-11.039160265574367,-5.6318758420418495,12.92697050948434,0.31366851768707177
ring,100000,111825,33025,33026,512,m12-1-29,2026-08-05T00:29:46,104686,-0.24056537926120442,0.5718101962564938,-0.31805713615234904,0.3847367812096347,0.5115472428192713,5.5606385415696025,0.5115472428191795,-0.6159696152378944,-13.217320902664104,-5.716168526377966,13.587006812623619,0.23123283402826225
ring,100000,111825,33025,33026,512,m12-1-29,2026-08-05T00:29:46,104897,0.150160908150909,-0.36993961025105504,0.7326857850058857,-0.2740177203296696,-0.34107972349563465,6.5231502523990255,-0.34107972349566984,0.42782705677284755,-16.07057183988532,-6.069917443841363,14.953977843381598,-0.15380933644318143
ring,100000,111825,33025,33026,512,m12-1-29,2026-08-05T00:29:46,104976,-0.2726194070715167,0.6716309753371743,1.319351895798021,0.866856398800302,-0.22228237948212315,5.488251046384848,-0.2222823794820732,1.3242501291648734,-13.520972122912159,-5.479650327538657,13.499783208852904,-2.191106527965159
ring,100000,111825,33025,33026,512,m12-1-29,2026-08-05T00:29:46,105472,-0.14161956599704312,0.3758987266936744,1.6412058752239054,0.6946772445828114,-0.6724277599674853,2.5823033064274097,-0.6724277599672126,2.2261556779757834,-6.854169605657312,-5.1140778497507435,13.574221460146124,-2.920832922558593
ring,100000,111825,33025,33026,512,m12-1-29,2026-08-05T00:29:46,105507,0.38296126083990856,-1.0164884301773112,-0.4033890067179041,-0.3008164898264352,-1.9599796960763325,3.7490673245322026,-1.959979696077165,4.16310783503653,-9.951094141961653,-2.282232374880595,6.057695754798606,-3.862291345210107
ring,100000,111825,33025,33026,512,m12-1-29,2026-08-05T00:29:46,105580,-0.25954866636703205,0.7162328873204086,0.619282608284087,0.5887286181980194,0.53213019226772,5.760339837296201,0.532130192267989,-0.6868682690202651,-15.895842931356922,-5.388136907424246,14.868736982931907,0.0981396508222557
ring,100000,111825,33025,33026,512,m12-1-29,2026-08-05T00:29:46,105598,0.2819286958941841,-0.7779912981452933,0.11934965063608186,-0.6065913476330032,-0.5976645125428859,5.312449430750648,-0.597664512543193,0.8261012581964001,-14.659874958284412,-5.178810289746378,14.291093453219172,-0.21950991056340435
ring,100000,111825,33025,33026,512,m12-1-29,2026-08-05T00:29:46,105616,-0.35387302661398384,0.9765239912199309,0.28929832137703626,0.7865843435086117,0.7107464472167189,5.416599765621743,0.7107464472172226,-0.9171828338575896,-14.947281154988342,-4.801912277154362,13.251031273117942,0.13059849034896415
ring,100000,111825,33025,33026,512,m12-1-29,2026-08-05T00:29:46,105634,0.31579215569656477,-0.8714386039180886,-0.187072142470405,-0.6169296451419019,-0.7915144355711641,4.9214792421047715,-0.7915144355716038,1.2804506668082,-13.58098015605022,-4.69956251720994,12.96859382079878,-0.6635210216662877
ring,100000,111825,33025,33026,512,m12-1-29,2026-08-05T00:29:46,105717,-0.23634838635800173,0.6522109689260712,-0.7900256639617075,0.030209326233469974,1.6953402128546928,2.1275307901614915,1.6953402128551511,-4.033778640840624,-5.87098959909534,-3.384546071254469,9.339763670584842,4.003569314607144
ring,100000,111825,33025,33026,512,m12-1-29,2026-08-05T00:29:46,105923,-0.18181545367753332,0.5222445833148145,1.5804212629769705,0.8910398889026933,-0.8208454666064532,2.635897107224262,-0.8208454666062956,2.963055744387379,-7.571320031270534,-4.496467319731532,12.915600155456026,-3.854095633290066
ring,100000,111825,33025,33026,512,m12-1-29,2026-08-05T00:29:46,106199,0.07721955152738558,-0.23117604581671167,1.6824364530178502,-0.3974638921047335,0.38615224767299805,2.1655949424756895,0.38615224767302114,-1.4245211212278064,-6.483250235720668,-4.78010183049088,14.310430686485162,1.8219850133325437
ring,100000,111825,33025,33026,512,m12-1-29,2026-08-05T00:29:46,106378,-0.34576582930739896,1.080400815077075,1.036818023470619,1.421038583565121,-0.6929754011897261,3.8614391496439393,-0.6929754011901912,3.364575194033037,-12.06568622759001,-2.374657958323694,7.419999827169948,-4.785613777598144
ring,100000,111825,33025,33026,512,m12-1-29,2026-08-05T00:29:46,106554,-0.309059022214568,1.00949163464414,0.9309416025118038,1.0887941546894777,0.05282418139767842,4.562841364264091,0.05282418139721964,0.9324247426545179,-14.903788132205747,-3.6235735248092436,11.835820661703105,-2.0212188973439775
ring,100000,111825,33025,33026,512,m12-1-29,2026-08-05T00:29:46,106663,-0.11726156947943824,0.40106080470061495,0.2836378421011229,0.3435658838594589,0.2617045414167221,4.489517795007592,0.26170454141671157,-0.4750054140006398,-15.355155381057923,-4.388098322203131,15.008278091628288,0.13143953014117796
ring,100000,111825,33025,33026,512,m12-1-29,2026-08-05T00:29:46,106935,-0.19206569170275495,0.689135171814611,-0.18843386347372587,0.5795317896230627,0.4242248558677069,3.951936070016219,0.42422485586776004,-0.8243609006497229,-14.179618017494699,-3.9923062595249146,14.324466986806403,0.24482911102666358
ring,100000,111825,33025,33026,512,m12-1-29,2026-08-05T00:29:46,107006,-0.31550858567139645,1.1320505055746137,0.6171972778027304,1.117505510231755,0.31854949465859744,4.237540553330237,0.318549494658796,0.0633256316699343,-15.204372063544104,-3.0083932495970074,10.794169331165383,-1.1808311419017
ring,100000,111825,33025,33026,512,m12-1-29,2026-08-05T00:29:46,107197,-0.16194619382464637,0.6108220241110126,-0.5511888586351591,0.4739800299739999,0.48037089595584964,3.3223323708159613,0.4803708959560314,-1.210503339619311,-12.531037226528008,-3.5657708878793706,13.449228659297557,0.7365233096453133
ring,100000,111825,33025,33026,512,m12-1-29,2026-08-05T00:29:46,107242,-0.12525702719606752,0.4724393274032313,-0.8054009437279347,0.29085395566065364,0.6227795236354696,2.4431593011499206,0.6227795236356835,-1.8930038910969018,-9.215008233967282,-3.3084392115443926,12.478635577146955,1.6021499354362536
ring,100000,111825,33025,33026,512,m12-1-29,2026-08-05T00:29:46,107812,-0.017170099917671714,0.07633847555906409,-0.40770102211947595,0.0677737814457786,0.033169794536551896,3.1305273478239375,0.03316979453654834,-0.07223896139842868,-13.918363118136586,-3.2276218236442324,14.350046352646823,0.004465179952650037
ring,100000,111825,33025,33026,512,m12-1-29,2026-08-05T00:29:46,108623,-0.1008027883390226,0.543723332091525,1.5804212629769803,0.693110730864858,-0.473813227685302,1.4614037080382514,-0.4738132276853084,3.160984902425227,-7.88271144834841,-2.4929478453911798,13.446789831524397,-3.854095633290092
ring,100000,111825,33025,33026,512,m12-1-29,2026-08-05T00:29:46,108829,0.17569291739287404,-1.0194158055273783,-0.3131894056892775,-0.8886211022533993,-0.6405339509516177,2.217806792140029,-0.6405339509515497,2.7175288666664206,-12.868289348613617,-1.865773469449138,10.82570084505434,-1.8289077644130391
ring,100000,111825,33025,33026,512,m12-1-29,2026-08-05T00:29:46,109149,0.035047407827003475,-0.23936437360240057,0.5690759447767513,-0.2345229064011918,-0.08875997224307794,2.4442186819040437,-0.0887599722430214,0.3586877274376381,-16.693356513814926,-2.301709313752109,15.720055840380583,-0.12416482103644684
ring,100000,111825,33025,33026,512,m12-1-29,2026-08-05T00:29:46,109304,-0.17454142706882775,1.1920710246025492,0.8942890668292174,1.2969133210879735,-0.23949399743006272,1.9438864388957384,-0.23949399743083938,2.89752655277729,-13.276221799258893,-0.9729204697662684,6.644785256589622,-4.1944398738652335
ring,100000,111825,33025,33026,512,m12-1-29,2026-08-05T00:29:46,109639,-0.027327076455544778,0.2264388297983381,-0.5663869080810149,0.20932254358066493,0.06321640488299385,1.6283313077448218,0.06321640488295863,-0.306874948921724,-13.492750914998508,-1.7377413467180656,14.399349219926789,0.09755240534106073
ring,100000,111825,33025,33026,512,m12-1-29,2026-08-05T00:29:46,110273,0.029437655975368508,-0.3574269549401026,0.4438006239253911,-0.3582040367259723,-0.07212705749187037,1.352280116540566,-0.0721270574919745,0.5116099091313935,-16.419152553639723,-1.2962324490145378,15.738631415948282,-0.15340587240541873
ring,100000,111825,33025,33026,512,m12-1-29,2026-08-05T00:29:46,110370,0.021510813848826457,-0.2611806014277339,1.3225029768657044,-0.2785478150689394,-0.021220694376332,1.4096994071038664,-0.02122069437647539,-0.022637529092151217,-17.116327702308787,-1.3576447998856849,16.48428961597477,0.3011853441610869
ring,100000,111825,33025,33026,512,m12-1-29,2026-08-05T00:29:46,110705,-0.004785785694035665,0.0840327105155597,-0.010410806574734905,0.08252088918002211,0.009473931318293443,0.8627980630760068,0.009473931318305805,-0.08329053400131584,-15.149708846804874,-0.8579491033289725,15.064566874980883,0.0007696448212939589
ring,100000,111825,33025,33026,512,m12-1-29,2026-08-05T00:29:46,110744,0.03574716498390694,-0.6276777438213004,0.2850062192650215,-0.6273842682942539,-0.08148984901220231,0.9125675564284321,-0.08148984901235613,0.7988396914955765,-16.023602016030853,-0.8917083496017478,15.657339128196945,-0.17145542320132245
ring,100000,111825,33025,33026,512,m12-1-29,2026-08-05T00:29:46,111187,-0.002472584555519867,0.07820653110501992,-0.4077010221194792,0.07507963965343983,0.004893511925098164,0.45081237779495154,0.004893511925095376,-0.07954481960608815,-14.258955135766575,-0.4647944921967682,14.701201959009937,0.004465179952648685
ring,100000,111825,33025,33026,512,m12-1-29,2026-08-05T00:29:46,111463,-0.01747679970397556,0.9214995071905323,0.7834921509365904,0.9545175403900805,0.027725146906209457,0.3190770658944568,0.027725146906142834,-0.5068209150082892,-16.823981733378467,-0.28363747204467754,14.9553576820178,-0.4476966253817869
ring,100000,111825,33025,33026,512,m12-1-29,2026-08-05T00:29:46,111465,-0.019457867564916256,1.025955305076246,0.45769798730513517,1.041697973963781,0.03791434230305052,0.30872158120059134,0.03791434230303576,-0.956693111433367,-16.277967920564393,-0.27164097355729944,14.322818107761485,-0.08500486253040969
