case,n_target,n_actual,seed,sampler_seed,samples,host,timestamp,index,ux,uy,uz,j11,j21,j31,j12,j22,j32,j13,j23,j33
cube,316228,316228,33025,33026,512,m12-2-1,2026-08-04T21:23:52,500,0.0002154176465466007,0.0010257087420460953,-0.0014977663525928418,-0.009119112694683225,-0.0007220711719218479,0.016323603329029806,-0.010211761558103358,0.03227833965873132,0.026167851474667766,-0.01951799083663609,0.018160641931791257,-0.023159226964047798
cube,316228,316228,33025,33026,512,m12-2-1,2026-08-04T21:23:52,1960,0.0017241925832502444,2.948909711876855e-5,-0.0007702680076818368,0.022645281426018904,-0.002052849365835246,0.00926615658007659,-0.016087810618817647,-0.01643085465239683,0.0015463356770799921,-0.014024874064488334,0.014968640463418963,-0.006214426773622919
cube,316228,316228,33025,33026,512,m12-2-1,2026-08-04T21:23:52,2304,-0.0006465751420038798,0.00041177323326602026,-0.00025230299780224907,0.008936560258693096,-0.01309916310830835,0.010802083115442717,-0.00201232278594726,0.008541725418480672,-0.004551185879094052,0.015240444082835154,0.018190378247449762,-0.017478285677173314
cube,316228,316228,33025,33026,512,m12-2-1,2026-08-04T21:23:52,2482,-0.00025538399187363995,9.871018682781195e-5,-0.0011279747842047401,0.02404513336960182,-0.010141886361551647,-0.0030313784449561396,-0.011247418049549087,-0.020119976369764717,0.008260982522180325,-0.01565199007933401,-0.029930663448879912,-0.003925156999837437
cube,316228,316228,33025,33026,512,m12-2-1,2026-08-04T21:23:52,2860,4.514407707120087e-5,-0.0009560445848490982,-0.001389096802873907,0.0027504165904813326,-0.009886289705846206,0.020265173288355073,0.018364658253729096,0.011040728051181876,-0.006449651910876112,-0.006414631901031044,0.0033121940802253278,-0.013791144641663875
cube,316228,316228,33025,33026,512,m12-2-1,2026-08-04T21:23:52,3963,0.0005648705565000167,-0.00015925686308055384,0.0013248910838629228,0.007451042798798242,-0.015853287598345353,0.019325862790782956,-0.018656823544610054,-0.013398777009969436,-0.008792762738059252,0.0006322909607185258,-0.0043601388755169805,0.0059477342111711904
cube,316228,316228,33025,33026,512,m12-2-1,2026-08-04T21:23:52,5202,0.0007334797021244281,-6.968150418775707e-5,-0.0006574238317572067,-0.011633789034740528,-0.02055021893454086,-0.02281086037472568,0.010385619492308772,0.009324154946921473,-0.009222847745490727,0.008624336114319876,-0.008949979215872692,0.0023096340878196076
cube,316228,316228,33025,33026,512,m12-2-1,2026-08-04T21:23:52,6288,-0.0005725114535651066,0.00016248094117845974,-0.0014211280359135569,-0.007306111922582282,0.003857780366423904,0.020009018247370194,0.0034501139038132993,0.0018500326492637954,0.015516670624375117,0.0036795080991160944,-0.01234044093449444,0.0054560792733185665
cube,316228,316228,33025,33026,512,m12-2-1,2026-08-04T21:23:52,7342,0.0008033240868210448,-0.0003170490528775229,-0.0006934403580080653,0.008715448915862362,-0.009880739438379806,0.010473401594362207,-0.015017756606450595,-0.008147411359265342,-0.015917115376094346,0.010475724066383274,-0.02181846056356692,-0.000568037556596729
cube,316228,316228,33025,33026,512,m12-2-1,2026-08-04T21:23:52,7355,0.0015084288058751507,0.0013269938228914271,0.0007814743376243998,0.0015477632981257914,-0.010166577856924236,6.67199888177335e-5,-0.005803218031719591,0.004592098524850652,-0.029504599760240998,0.004001195846613702,0.02737928354020646,-0.006139861822976591
cube,316228,316228,33025,33026,512,m12-2-1,2026-08-04T21:23:52,8238,0.00031280331159444844,0.0011778254489530527,-0.000883696686535423,0.010429286952402377,0.004229558605463909,-0.002856642030502055,-0.023667778648430907,0.003605429756914321,-0.019406102759780646,-0.004428271754313695,0.013893748796983036,-0.014034716709316752
cube,316228,316228,33025,33026,512,m12-2-1,2026-08-04T21:23:52,8525,-0.0006759361674179714,-0.00038939823127249774,0.0016224983887231765,0.006446896084911485,0.013646616705641887,0.006451163360227806,0.00720574890392871,0.012201695279344742,-0.004159327169898018,0.006273208729896887,-0.017495405259449922,-0.018648591364256617
cube,316228,316228,33025,33026,512,m12-2-1,2026-08-04T21:23:52,9047,0.0005173551775056615,9.192992909392241e-5,-0.0009430017664653177,-0.005156803419924425,-0.0011770192346049224,0.0022915605036385907,0.017659367857396788,0.00910439470931717,0.017267332142681346,0.011470368225516848,0.013491824398524312,-0.003947591289392639
cube,316228,316228,33025,33026,512,m12-2-1,2026-08-04T21:23:52,9605,0.0012222392353105577,-0.0007220240628631162,-0.0005412446225292213,-0.015256043805558785,-0.007675335277670878,-0.01489589929800019,0.004405870089879936,0.016216415882572322,-0.002446449670191285,0.012726888461403033,-0.029989151554334164,-0.0009603720770132303
cube,316228,316228,33025,33026,512,m12-2-1,2026-08-04T21:23:52,10335,-0.0006601621208081041,-0.00021022367911732352,-2.3950108147418148e-5,0.008122849192150424,-0.012698969715137292,-0.016107153582669263,0.005989722240307466,-0.023342697710779528,-0.03085893569372126,-0.009588424519310797,-0.011845419656229574,0.015219848518628594
cube,316228,316228,33025,33026,512,m12-2-1,2026-08-04T21:23:52,10445,-0.0012345950919248618,0.0002076475602182402,0.00026832351326141525,-0.004523684803063076,0.015150435182286153,-0.0010559830265680688,-0.001457644150677064,0.0006643950272547111,0.023144821895552423,0.0014592207154511358,-0.008493380238276754,0.0038592897758081223
cube,316228,316228,33025,33026,512,m12-2-1,2026-08-04T21:23:52,10492,-0.0014733714075422,-0.0007741522479322164,-0.0011118159754894194,-0.0101230139168403,0.003342909108983535,0.024276599277136567,-0.016404782990948788,-0.0012766049112665657,-0.0016382417632788675,0.005359502778044235,0.008313328515001155,0.01139961882810665
cube,316228,316228,33025,33026,512,m12-2-1,2026-08-04T21:23:52,11420,-0.001505630155773332,-0.0007802463010144491,-0.0013807388645360578,0.004962147238434762,-0.009058209632213142,-0.008089605969357205,0.007606943054361511,0.009509364624764592,-0.003150251311971747,0.005622293782298043,-0.0028931855104418324,-0.014471511863198953
cube,316228,316228,33025,33026,512,m12-2-1,2026-08-04T21:23:52,11488,-0.0003780371056773352,0.0004209502749549309,5.0326662073072506e-5,-0.0042609344402784795,0.0007498879650741309,0.012946169336373577,0.02165281375559076,0.001893267502412995,0.02480646853503854,-0.016497595210499028,-0.04369761814963334,0.0023676669378653896
cube,316228,316228,33025,33026,512,m12-2-1,2026-08-04T21:23:52,14256,-0.000663230720300178,0.001278043411571249,0.0001540586791605397,0.0030114966729321243,-0.019159146545811242,0.018230472381048152,0.0001330826221821488,-0.010281856862983909,-0.014434019416469573,-0.02007748514066599,0.03373003274420638,0.007270360190051552
cube,316228,316228,33025,33026,512,m12-2-1,2026-08-04T21:23:52,14453,0.0005168777130056584,0.001072518409748734,-0.0005451653817915379,-0.012566071495483454,0.018322276755777696,0.02189123444935597,-0.008405005388788698,0.0034160000714439894,-0.005910366463525225,-0.015220447362766476,0.0062826814690432045,0.00915007142403976
cube,316228,316228,33025,33026,512,m12-2-1,2026-08-04T21:23:52,16015,-0.0008125280352875649,0.0006240200611977687,-0.00037767209775480356,-0.011204994869969388,-0.0028827160194540985,0.0014908232171593912,0.012494782060514005,0.010310746592063868,0.011154723405190043,0.004263930618801388,-0.0044282385706744575,0.0008942482779058654
cube,316228,316228,33025,33026,512,m12-2-1,2026-08-04T21:23:52,16092,0.001455833939111911,0.001117176873323743,0.0007757416910780017,-0.0048942383553594575,0.010152241766461196,0.006755725280233172,0.0058631430747320065,-0.005621993736920501,-0.012903793339626268,-0.01551968246321838,-0.011967603526959492,0.010516232092279967
cube,316228,316228,33025,33026,512,m12-2-1,2026-08-04T21:23:52,16270,0.0005454844362491047,0.0010041494645096677,0.001395297040876565,0.004431944752157338,-0.01428424396604701,0.02061247979935978,-0.0001735693949893491,-0.028074470550191556,0.004474405566236214,-0.01118524480424277,0.011357400468479105,0.023642525798033484
cube,316228,316228,33025,33026,512,m12-2-1,2026-08-04T21:23:52,16304,0.0006135936432414906,-0.0010055505417441205,-0.0009533064742718261,0.01734878087723386,0.02468426476748272,0.01725680674352281,-0.010076213109844558,-0.004765944460529807,-0.020902953789565262,-0.014758035857086698,-5.159017636139542e-5,-0.012582836416703972
cube,316228,316228,33025,33026,512,m12-2-1,2026-08-04T21:23:52,16336,-7.100774296489061e-5,-0.0008385600572053136,-0.000712406720086888,-0.006210567285055953,0.012434871480486264,-0.03659760462738915,0.004870429496142977,-0.006574086515949159,0.004062220994070381,-0.006346046772924464,0.005601666276233473,0.012784653801005139
cube,316228,316228,33025,33026,512,m12-2-1,2026-08-04T21:23:52,16968,-0.00011627623079218457,5.268689821503781e-5,-6.126922743150311e-5,-0.0019874162507663813,0.014178518564130733,-0.0310545391338445,-0.006211141465638072,-0.003361767811659365,0.04523400356054019,0.03247409685579782,-0.032136998621731284,0.005349184062426169
cube,316228,316228,33025,33026,512,m12-2-1,2026-08-04T21:23:52,17134,0.00034969320162047584,0.0003282119036026714,-0.00048267156798585014,-0.006883209128547291,-0.01407748841566808,-0.006045828020719451,0.015201630070033821,-0.0010291990799833324,-0.01743753979488318,-0.0004778954456444531,-0.00472817644496468,0.007912408208530503
cube,316228,316228,33025,33026,512,m12-2-1,2026-08-04T21:23:52,17776,0.00012377763664050707,6.418347366368071e-5,-0.0011862563108774435,0.008564662938801797,0.04148515243764764,-0.003556935977159788,-0.019629582226637465,0.018099305916006034,0.010713778982444374,-0.006971449013148171,-0.004941223471109616,-0.026663968854809084
cube,316228,316228,33025,33026,512,m12-2-1,2026-08-04T21:23:52,18832,-0.0002337455277382286,0.00023239861903247904,-0.0008488948476154368,-0.024540857831457562,-0.018848133064596782,-0.012126723005804255,-0.004609286579731637,0.014542755230613548,-0.030492208334715568,-0.0007433152716383357,0.012471096585499749,0.00999810260084446
cube,316228,316228,33025,33026,512,m12-2-1,2026-08-04T21:23:52,21386,0.0007798767515316775,0.00019196193539172893,0.00022212941041593754,0.0020760340057750805,-0.011753822267392747,0.0031313029754086075,0.012646642109014238,-0.002693179106449842,-0.010881851673260789,0.001987887319910103,-0.0023366243342659333,0.0006171451006744619
cube,316228,316228,33025,33026,512,m12-2-1,2026-08-04T21:23:52,21495,0.000614138746716554,0.0007212781953854709,-0.0012428432894257685,0.014463813254528035,-0.002881180318573741,-0.014643611646376689,0.0030705275131976155,-0.011401742066119191,0.012210850942672368,0.0012510581531061946,-0.011677216293531866,-0.003062071188409314
cube,316228,316228,33025,33026,512,m12-2-1,2026-08-04T21:23:52,22080,0.0002818982536569734,0.0005851228703057783,0.00010183787067402609,-0.008801303767583063,-0.007894712703131234,-0.0042497224990173926,0.02253551796608203,0.0006957947265405647,-0.011178876831626357,0.02265125753368803,0.033294398428593684,0.008105509041042588
cube,316228,316228,33025,33026,512,m12-2-1,2026-08-04T21:23:52,23549,7.253122287394856e-6,0.0012942975781715996,-0.0009586447772143725,0.0040490272555305075,0.023772956539670223,-0.00085411887822923,-0.003069326509308908,0.009096900096604184,0.026774626773052344,-0.023960261936186743,-0.016439417426791753,-0.013145927352134884
cube,316228,316228,33025,33026,512,m12-2-1,2026-08-04T21:23:52,23895,-0.0005858318651152854,0.0016806286601979705,-0.0014991258241244113,-0.0018546769063735053,-0.01824812091009996,-0.01082506812164036,0.02288236467482094,0.002271563671060385,0.013441035591518397,0.0077377994068107995,0.008500482834736778,-0.0004168867646867922
cube,316228,316228,33025,33026,512,m12-2-1,2026-08-04T21:23:52,24348,-0.0005115707613905675,0.0015584059520321867,0.00027835687753469503,0.004135967276111913,0.018912266116721633,-0.027039522248940996,-0.008408368730529836,0.01395515467586634,0.008981182029168288,0.02128136632327045,-0.003926242490092177,-0.018091121951979032
cube,316228,316228,33025,33026,512,m12-2-1,2026-08-04T21:23:52,25934,-0.00011837203063537184,0.0006009656687533782,-0.0009696516927480296,-0.002252043680858461,-0.013801903539891157,-0.011369090631135769,-0.016857679821183334,0.009968065791625751,0.01470497962473904,0.010076369487361793,-0.011910327380711742,-0.0077160221107671085
cube,316228,316228,33025,33026,512,m12-2-1,2026-08-04T21:23:52,26337,0.0013455162629477128,3.076917531100356e-5,-0.0006397470938838178,0.005865823171391055,0.03196523892976986,0.006518353967801598,0.0016691406808923839,-0.01198337881569789,-0.0014996887776366498,-8.156768356554306e-5,-0.004315725678314479,0.0061175556443065285
cube,316228,316228,33025,33026,512,m12-2-1,2026-08-04T21:23:52,26485,0.00036613147933433574,0.0003616814173767501,0.0011368309911011017,0.02066099430765008,-0.004949204836874999,0.006923772348585605,0.011713228353137659,0.0063925847281141495,0.02421014159112637,-0.008199930989676854,0.015321036421361003,-0.02705357903576489
cube,316228,316228,33025,33026,512,m12-2-1,2026-08-04T21:23:52,26851,-0.0014604280692513468,-0.0029300376808360433,0.0010266163508605482,-0.003233580721213075,0.004276366627389648,0.007200135374608241,0.011299233312134586,-0.0033447249769236872,0.00585687199729244,-0.0003077500512118035,-0.006859381087724544,0.00657830569813685
cube,316228,316228,33025,33026,512,m12-2-1,2026-08-04T21:23:52,26964,-0.0011422581569695,0.00025999941435079983,-0.00027668754117979235,0.004681280756863825,-0.01697564803001803,-0.0032078694961950377,-0.024431885890836967,0.0020411791124084313,0.013135141590925365,0.004856784718369527,0.028095865071717376,-0.006722459869272646
cube,316228,316228,33025,33026,512,m12-2-1,2026-08-04T21:23:52,28465,8.647975518417393e-5,0.00023481240752590144,-0.0011156706374364181,0.02724944605545658,-0.009300064076422903,0.010255080822778472,0.007521974388175104,-0.03796212911925031,-0.002773435519484489,0.016376095342304192,0.02604649240966704,0.01071268306379539
cube,316228,316228,33025,33026,512,m12-2-1,2026-08-04T21:23:52,28842,0.0013129481726378643,0.00037242302445574655,-0.0003994982722577102,0.013267734670099516,0.020344558274409518,-0.01840915958675514,0.01014788847552407,-0.009145611810720163,-0.007769491846314185,2.2996939638340936e-5,0.0006498304074059009,-0.004122122859379228
cube,316228,316228,33025,33026,512,m12-2-1,2026-08-04T21:23:52,29097,0.0001448715372985482,4.748549090406063e-5,0.0005519543903319495,0.0013332831030542604,-0.03812388836890106,0.0003481112184146931,-0.006054534784442456,0.0021794606872910897,0.021138448872078858,0.020147349781230284,-0.0056823696275004115,-0.0035127437903457745
cube,316228,316228,33025,33026,512,m12-2-1,2026-08-04T21:23:52,30320,-0.0001554064954241683,-0.001162298038261326,-0.0015974890431844143,0.007026709397060146,-0.0257511276296612,-0.004624550682399045,0.0022109967139237394,-0.0212932558806151,-0.017767949890196318,-0.033714342740110544,-0.01060770664633675,0.014266546483555215
cube,316228,316228,33025,33026,512,m12-2-1,2026-08-04T21:23:52,31248,0.001334670672434968,-0.00033952907010339133,-0.0009407036846275271,0.00012753554012720679,0.017965957133113435,-0.00024912217195152307,-0.009781045407232264,-0.014021015449621524,0.0018457557548614085,-0.004146904900468943,-0.011427077983973655,0.013893479909494565
cube,316228,316228,33025,33026,512,m12-2-1,2026-08-04T21:23:52,32606,-0.0024006371973736736,9.24548106089366e-5,-0.0007504532185484901,0.0006159603387570066,0.010425828992196597,0.0009220403795306758,-0.02026225247379937,0.012993137446364938,0.026246097130848394,0.006440916020506847,-0.0035919100923963347,-0.013609097785122135
cube,316228,316228,33025,33026,512,m12-2-1,2026-08-04T21:23:52,33034,0.0012929068440997902,-0.0007787265110070041,-0.00041512541627524536,0.007284556741037095,-0.020534967924631376,-0.00644617971116501,-0.006829582683954173,0.0072997932751626615,0.03077433211129378,-0.022550962419598294,4.637378963930508e-5,-0.014584350016199787
cube,316228,316228,33025,33026,512,m12-2-1,2026-08-04T21:23:52,34137,-0.0009267510651853007,-0.00025800463981837465,0.0007119776911205656,0.011193215421956977,0.0015385988708261637,0.012801851477813085,0.010462324497169594,-0.005680134406926556,0.026240943507587704,0.008660729656433858,-0.028535198364961052,-0.005513081015030359
cube,316228,316228,33025,33026,512,m12-2-1,2026-08-04T21:23:52,34489,-0.0008871343827263273,0.0013223149824284615,0.0008263752911000858,-0.00443963021027286,0.004525083870478424,0.026509812920665468,-0.023429150012099994,0.010851011250718223,-0.015865196952067905,0.023674702460111732,0.006603126079424779,-0.0064113810404451506
cube,316228,316228,33025,33026,512,m12-2-1,2026-08-04T21:23:52,36020,-0.000817037148083184,0.0010314900337975723,-0.0012682198434204098,-0.0007917360916502524,0.001671824398718732,0.009593806325252736,-0.0024041055265887285,-0.0010741012894595,0.024494013278361888,0.019082011610106128,-0.00917745595527387,0.001865837381109871
cube,316228,316228,33025,33026,512,m12-2-1,2026-08-04T21:23:52,36449,-0.002408882842787549,0.0010925497562307054,0.0002927926754047326,-0.008378673704367092,0.020277964496798653,-0.0027333944294052263,0.004488593684603104,0.007539948786114042,-0.0013326597124228776,0.0022475573691232483,0.0025265673358760934,0.0008387249182531251
cube,316228,316228,33025,33026,512,m12-2-1,2026-08-04T21:23:52,36717,0.00043439106398389404,0.0008695212760367213,-0.00032467631617422475,0.004502602063682411,0.005544433514790918,-0.011874934694754475,-0.0011514163588523375,-0.0030221635346645557,-0.01050119380817642,0.005162552514031677,-0.012554870869444264,-0.0014804385290178236
cube,316228,316228,33025,33026,512,m12-2-1,2026-08-04T21:23:52,36850,0.0007259945534532552,-0.0009577658287434823,6.456725803076255e-5,-0.008844868560803054,-0.0020980826769783317,0.037305034658136005,-0.02442211319359113,0.0031814549438480685,-0.0015842941689227195,0.009166771166902767,-0.013480066559327143,0.005663413616954772
cube,316228,316228,33025,33026,512,m12-2-1,2026-08-04T21:23:52,37777,0.00021632256957521983,-0.0007238009748108684,-0.0008205150509617766,-0.012620719324586803,0.01267287600215724,0.004527822818885522,0.010151019414760879,0.007040763771072592,-0.021852075019488087,-0.012296242306159569,0.0016130719138929067,0.005579955553514315
cube,316228,316228,33025,33026,512,m12-2-1,2026-08-04T21:23:52,40100,-0.0004982254983314096,-0.0005431171099219326,0.0002637670099477844,0.0014514978169145277,0.01737379156146108,-0.0013543974626823393,-0.0003224366787641849,-0.008126007478511627,-0.011169628353014788,-0.023478606672268032,-0.017341708318475053,0.0066745096615971845
cube,316228,316228,33025,33026,512,m12-2-1,2026-08-04T21:23:52,40221,0.00028237403944833366,-0.0009481145610977038,0.0002672716136187285,-0.02000270665797732,-0.01312659593132519,-0.0003563258177682174,-0.01095938260113792,0.011220716143091553,-0.015264097011163982,0.009785408621363087,0.00850119405567433,0.008781990514885955
cube,316228,316228,33025,33026,512,m12-2-1,2026-08-04T21:23:52,40936,0.0005308939280570248,0.0008515856509627362,-0.00045636824956441353,0.00930876665705289,0.003821682743033793,-0.004173494040078387,-0.004879169124458744,-1.523951793966879e-6,0.015132983436649088,-0.007279573281239632,0.009162402987981613,-0.009307242705259022
cube,316228,316228,33025,33026,512,m12-2-1,2026-08-04T21:23:52,41231,-0.00034416337192573314,0.0003757981354687545,-0.0012217963532972045,0.00554066449110206,0.012569593391169314,0.00888770844813418,0.0016165942818435852,0.004397682474895278,-0.020298065879550447,0.03138091060619678,0.020142846705610618,-0.009938346965997115
cube,316228,316228,33025,33026,512,m12-2-1,2026-08-04T21:23:52,41382,0.0014280927610031745,-0.0012762952468964915,-0.0014827382592918505,-0.026879291976189386,0.022503679021588147,0.022622727363937757,-0.024523612735926188,0.013805551640604253,0.011928003610154852,-0.037623505337022085,-0.004085688657735553,0.01307374033558451
cube,316228,316228,33025,33026,512,m12-2-1,2026-08-04T21:23:52,42324,0.00016459140224340654,-0.0005237100144762639,-0.0002704452228774258,0.01031412656155605,-0.03478767010869731,0.037750507165997885,0.006116069200059034,-0.004700655298262843,-0.01934539981024121,-0.014475922878606936,-0.01634615077741554,-0.005613471263293314
cube,316228,316228,33025,33026,512,m12-2-1,2026-08-04T21:23:52,42546,0.0014417530972914638,0.0002475865752954424,0.0007901101210020813,-0.007507354038283512,-0.0026204569610670304,0.032125482957737726,0.008751375707447351,0.020410427173128406,-0.015446377107802153,-0.01784883810355365,0.011243799875276303,-0.012903073134844987
cube,316228,316228,33025,33026,512,m12-2-1,2026-08-04T21:23:52,42770,-1.3186601456995588e-5,-0.00014497227818305897,-0.00237342971921732,-0.003012591439890964,-0.004270156139215376,0.016041760190491753,-0.015103143795319476,0.011257729353360035,-0.015215114246494972,0.018726498561501093,0.020277858181846225,-0.008245137913469223
cube,316228,316228,33025,33026,512,m12-2-1,2026-08-04T21:23:52,42819,0.0008411661609370987,-0.0014813047797216112,-0.0011014154564827064,0.0016649780732526176,0.00040890661369251044,-0.00282406896647393,0.026170351193415535,-0.000982051570668872,0.0029388083503788624,-0.008863114339326758,0.0049639849656371955,-0.0006829265025836781
cube,316228,316228,33025,33026,512,m12-2-1,2026-08-04T21:23:52,43370,-0.001084633943350695,-0.00031608070693619204,-0.0004650572073902097,0.007423300949362646,-0.011309491558949565,-0.006708252252654857,-0.021975901240014653,-0.00938985163745943,-0.027359495853018594,0.012775805115511534,-0.010952957944916866,0.0019665506880967966
cube,316228,316228,33025,33026,512,m12-2-1,2026-08-04T21:23:52,44855,0.0013944075986114949,0.0005960964033073512,-0.00019606890547870325,0.016626755592763314,-0.005916107623416536,0.004002150074686164,-0.008087771211914037,-0.008932860870649524,-0.015106474021127483,-0.020493173239770936,0.010771592065845909,-0.0076938947221140775
cube,316228,316228,33025,33026,512,m12-2-1,2026-08-04T21:23:52,44924,0.0006910000694392876,-0.0010153120619671799,-0.0010989103661323222,0.00012352182596748101,-0.02670560297089237,0.01161861705700947,0.026516098209225826,0.01020435850876727,-0.012053766475211994,-0.002100100847001191,0.019815063440380858,-0.010327880334734618
cube,316228,316228,33025,33026,512,m12-2-1,2026-08-04T21:23:52,45447,-0.0013036855291402437,-0.00048187395839695995,-0.0009156884146860507,-0.01664061320546622,-0.0012565888992593325,0.0062306412938743306,0.00527631860274193,0.010126442355061474,0.018110623584719557,-0.007014330501866375,0.001176806108847843,0.006514170850404731
cube,316228,316228,33025,33026,512,m12-2-1,2026-08-04T21:23:52,46376,0.0003779731724390982,2.8536779465118002e-5,0.00039453974285898083,0.011713589967941588,0.007556104441090943,-0.003786672952004353,-0.001909910829560488,-0.0013382172668046247,0.0033461421322211484,-0.0007199904463261064,0.0037388337550346667,-0.010375372701136896
cube,316228,316228,33025,33026,512,m12-2-1,2026-08-04T21:23:52,46597,-0.00028840615583056623,-0.0010962589172930828,-0.0020733375969358516,-0.013750726031572976,-0.02386439782372024,-0.012184371637534847,0.015468753684553858,0.013044780910406676,0.016072129486901707,0.01112817625283219,-0.01326169421594162,0.0007059451211663352
cube,316228,316228,33025,33026,512,m12-2-1,2026-08-04T21:23:52,47441,-0.0011220017164386544,0.0007051864122013489,-0.000545918252659576,-0.015046836824241813,-0.01049788732320643,0.029137884498152786,-0.00486259121877939,0.016098187378576524,-0.027188104955232537,-0.03115987490936005,-0.006263395022607142,-0.00105135055433466
cube,316228,316228,33025,33026,512,m12-2-1,2026-08-04T21:23:52,47565,0.00037788270485695504,0.00043916466429906657,-0.00010434229514559173,0.007272474654530422,0.006161795499626584,0.0007809074275725805,-0.014848072816235538,-0.0020632069007399333,-0.00515759324242596,-0.019047997576836867,-0.006489029589559453,-0.005209267753790693
cube,316228,316228,33025,33026,512,m12-2-1,2026-08-04T21:23:52,47777,-0.0008535228970939913,0.0003481503768027339,9.595637136015653e-5,-0.017736729532130204,-0.006650852046143464,-0.017624853541052865,-0.01899711167954178,-0.00275870640392702,-0.0072363894132232,-0.000816193214214699,0.0020458731892281693,0.02049543593605821
cube,316228,316228,33025,33026,512,m12-2-1,2026-08-04T21:23:52,47778,-0.000862270290602008,0.0003164604320482228,-6.908889734953886e-5,0.023333942796446044,-0.014512617020071016,0.013680608793678828,0.0009566498200776855,-0.014005405377886708,-0.0032345448343836904,-0.0323544927861594,0.022707113635493503,-0.00932853741856046
cube,316228,316228,33025,33026,512,m12-2-1,2026-08-04T21:23:52,47804,0.0007962048548092606,0.0006971796254443539,-0.0001499028969564696,0.005818337567762558,0.007965872095478797,0.014855089891893743,0.007604704582998207,-0.004717368147934948,-0.007565281968491816,-0.002684182710014488,-0.014592328656309942,-0.001100969419827919
cube,316228,316228,33025,33026,512,m12-2-1,2026-08-04T21:23:52,48698,0.0009187263209222727,0.0006313234211491155,-0.00015135464854975622,-0.01228011413262646,-0.014297214265649076,0.008325235490869432,-0.008783324406812067,0.006125098900367053,-0.019096572016877936,0.000320470486462383,-0.028948678964670953,0.006155015232259275
cube,316228,316228,33025,33026,512,m12-2-1,2026-08-04T21:23:52,49467,-0.00016521278148967858,-5.640510158584815e-5,-0.0007850997085210765,-0.0012274378763384962,0.0031190385285365216,0.012189492311854363,0.015784371039444738,-0.011720812904235,0.005919454960927283,-0.005388575690881378,0.011584537356237847,0.01294825078057328
cube,316228,316228,33025,33026,512,m12-2-1,2026-08-04T21:23:52,49970,0.0007143929768821694,-5.480744557487252e-5,-0.0005820663793114854,0.0008698881618790523,0.003926963837094104,0.013752035134485046,-0.023017108267819563,-0.017411103209428014,-0.00785835492475537,-0.004491664713781754,-0.018106323834617483,0.016541215047548935
cube,316228,316228,33025,33026,512,m12-2-1,2026-08-04T21:23:52,50320,-0.0006525656229564095,-0.00101718142904483,-0.0017097181277923477,6.328154681518561e-5,-0.010691993565350241,0.004036873430798081,0.008558862168820921,0.009999274539259426,-0.019278296961964588,0.012024026053537374,-0.0010060079140261976,-0.010062556086074474
cube,316228,316228,33025,33026,512,m12-2-1,2026-08-04T21:23:52,50655,-0.0002964637020364222,-0.0007694036347303299,-0.0008215409317366598,-0.0014643166132288013,-0.007645318982535878,-0.01547039996010519,0.007172418002776018,0.0018125903603444162,0.020843550030608293,-0.004170613158409314,0.01957521392603153,-0.00034827374711581476
cube,316228,316228,33025,33026,512,m12-2-1,2026-08-04T21:23:52,51996,0.001039271571642195,0.0014609498592556731,-0.00016561281163919532,0.0008926311208839373,0.019642176671945188,0.0058796216953679835,-0.03152954220515034,-0.0027100641733124983,0.0037685360952497554,0.005235392303824481,0.022377403021846456,0.0018174330524286257
cube,316228,316228,33025,33026,512,m12-2-1,2026-08-04T21:23:52,52671,-0.00023509870510361226,0.0010951745618730752,0.0006251644480006211,0.006050683282218573,0.010267394350644615,0.01570345318202001,0.016208732309524035,-0.002915917247236204,0.0048439586598274225,0.008974376258038352,-0.0010680420213397951,-0.003134766034982477
cube,316228,316228,33025,33026,512,m12-2-1,2026-08-04T21:23:52,54301,-0.0015028114016365755,-0.000345816375419112,-0.0008409011369100697,-0.010399348154850333,0.01786416152612126,-0.0034902266153958245,-0.011387477443318335,0.010909880446494716,0.012487584696082748,0.0212820984752962,-0.0013070729914327756,-0.0005105322916444611
cube,316228,316228,33025,33026,512,m12-2-1,2026-08-04T21:23:52,55062,-0.00023894437755102402,0.0014225870397927502,-0.0008690603492311077,-0.010271405269188584,0.0038757134451574637,-0.012336704004182599,0.005213127345786356,0.00258097272024682,-0.010076102144328945,0.015540475873440015,0.01316516872563967,0.007690432548942212
cube,316228,316228,33025,33026,512,m12-2-1,2026-08-04T21:23:52,55478,0.0002913189056164253,-0.0011601082393285472,-0.00010344808836568654,-0.004634292848257972,-0.02927608983793016,0.0034646211791484393,0.011930218785999678,0.014051472851692323,0.013803737700342354,0.005394314991711187,-0.004427700719297919,-0.009417180003434736
cube,316228,316228,33025,33026,512,m12-2-1,2026-08-04T21:23:52,55655,-0.0009033742498487057,0.00042524498129329876,-0.0007006347172232878,0.00011990264155990014,0.007523328472225997,-0.006287521271905298,-0.006039874508653392,0.004200757549456313,-0.005445831644480194,0.013742274988851775,0.01895170023321842,-0.0043206601910161
cube,316228,316228,33025,33026,512,m12-2-1,2026-08-04T21:23:52,56205,-0.000485213315157421,-0.0007107977934321478,3.4687982474122235e-5,-0.0001974615326001741,-0.009264663232559497,0.0010803254459080289,-0.01193200331800644,0.0032119521123170915,-0.00012803355332315409,0.0011141531569642603,-0.00417922424027627,-0.0030144905797169362
cube,316228,316228,33025,33026,512,m12-2-1,2026-08-04T21:23:52,56759,0.0013753877267015054,0.0005143696961313115,9.111525249911711e-5,-0.00017039964451921258,-0.01702656072947728,-0.0035837933543786276,0.005458410342403456,-0.012484439500683842,0.014545000013036304,-0.001292612820920606,0.016359204596423562,0.01265483914520296
cube,316228,316228,33025,33026,512,m12-2-1,2026-08-04T21:23:52,57243,0.0008340943124756425,0.001185765133414944,0.0017262742793193078,0.005665495658592266,-0.012976882946045099,-0.003269607076157452,-0.009069491553746301,-0.01944214701047483,-0.006837703351928724,-0.008991199616163818,0.004523801928632857,0.013776651351882944
cube,316228,316228,33025,33026,512,m12-2-1,2026-08-04T21:23:52,58068,-0.0006224646195623224,0.0015321505241212754,-0.0005151493965474003,0.0035083771391486206,0.010995607513585854,-0.0024998761280803196,-0.0056668689767627465,-0.004295013255667303,-0.014731161058373014,0.007654957128783528,-0.006151280099878488,0.0007866361165186227
cube,316228,316228,33025,33026,512,m12-2-1,2026-08-04T21:23:52,58870,0.001429287720890046,-0.0010880515207374313,-0.0002989905789692285,-0.007857103977403322,0.0018794060211873274,-0.0038049694635040082,0.0066182167395170835,0.02030388150461614,0.006831074635210292,0.00011671716561204541,-0.023002529220487233,-0.012446777527213427
cube,316228,316228,33025,33026,512,m12-2-1,2026-08-04T21:23:52,60559,6.260445628377164e-5,-0.000490719828983128,-0.0007878100836089702,-0.018784217750584708,0.01733575505748441,0.0054623623565100265,0.0037387219188522443,0.021768436849513257,-0.0014594787101614493,-0.010159649833026665,0.0031555201640476437,-0.0029842190989284364
cube,316228,316228,33025,33026,512,m12-2-1,2026-08-04T21:23:52,60660,-0.00037080065808024445,0.000860219715031421,0.0003201826028740928,-0.0008701270229502052,-0.010915932156474734,7.113508953868849e-5,0.008911482912709743,0.007836681213544139,0.010030730602930098,0.0015200560126041663,-0.00513722386574545,-0.006966554190593616
cube,316228,316228,33025,33026,512,m12-2-1,2026-08-04T21:23:52,62702,0.0004975260830666651,-2.7023400321215988e-5,-0.00025176884156351325,-0.01319794514079632,-0.015562365803929763,-0.0015415775150977125,0.02580049257305372,0.011514090344362153,-0.01511228076953179,0.008120111200474064,0.01122948353061888,0.001683854796434545
cube,316228,316228,33025,33026,512,m12-2-1,2026-08-04T21:23:52,63043,0.00031627286347809424,7.784126494744621e-5,-0.0005151230994473117,-0.016445900896749174,-0.005070028057357223,-0.0005254031467658563,0.0045648908980547975,0.009164973549194492,0.021506167573966846,0.0029928407336902263,-0.007973076368123456,0.007280927347554678
cube,316228,316228,33025,33026,512,m12-2-1,2026-08-04T21:23:52,63549,-0.0003648708133461741,7.695352573363754e-5,-0.0003077234502045809,0.0012454534086126928,0.010628527003745272,-0.01204408142527,-0.0018826551142206809,0.0037283307741069155,-0.015871385025790927,-0.0047004587188259,0.0006462259365462062,-0.004973784182719408
cube,316228,316228,33025,33026,512,m12-2-1,2026-08-04T21:23:52,63636,0.0017872954734885413,0.0005276698366733309,-0.0015147389197825139,0.0012648185473678687,-0.010314225720323165,0.009419045211081377,0.01781241162850154,-0.010958810436556556,-0.008289931971537944,-0.002737465387600425,0.005973944793165921,0.009693991889188307
cube,316228,316228,33025,33026,512,m12-2-1,2026-08-04T21:23:52,63673,0.00022166616231366536,-0.001140855611690613,-0.00023842130623872128,-0.007664780851701371,0.00964053210254934,0.018222193222604384,0.020086997494413193,0.01058614433379948,-0.020032149743728394,-0.0011867991743595896,-0.01469875366719823,-0.002921363482098757
cube,316228,316228,33025,33026,512,m12-2-1,2026-08-04T21:23:52,64173,0.00044777251716476607,0.0003868858411020045,-0.0009273171547854457,0.005631344503261461,0.027914595743772586,0.01535325368774124,-0.007009377536774415,0.0058551264467794975,0.005756702683458468,-0.016738124347096126,-0.0003628933840502579,-0.011486470950040972
cube,316228,316228,33025,33026,512,m12-2-1,2026-08-04T21:23:52,65202,-0.0015594567522222004,8.227108456048134e-5,0.0006688619304094605,-0.0007643834538404625,-0.02057734913277239,0.028519409291256258,0.020664075006859243,-0.004243573759049335,0.0216419767518083,-0.025129072419027662,0.005439041943835718,0.005007957212889893
cube,316228,316228,33025,33026,512,m12-2-1,2026-08-04T21:23:52,65469,-0.000860653001545877,-0.0005004162320560326,0.00016751830685937937,0.012302758058650122,0.02073552878629333,0.00020025503600490415,-0.020097369713733233,-0.0075372362724140775,-0.021459044164758207,-0.009560818572325241,0.008828788322543184,-0.004765521786236039
cube,316228,316228,33025,33026,512,m12-2-1,2026-08-04T21:23:52,66741,0.0006558490275699688,2.411022014510175e-5,0.0007940679104840353,2.094909598173464e-5,-0.0020584347820365514,-0.023376990244490584,0.018044688670737885,-0.0022018392651488483,-0.0031576939284038044,0.0035938319792253102,0.015725411717555777,0.002180890169167085
cube,316228,316228,33025,33026,512,m12-2-1,2026-08-04T21:23:52,67429,0.00037326343020446334,0.00068323410562207,0.0007853149423246522,-0.008599216561049635,-0.018488110760822782,-0.006177308365409556,-0.001191655759925085,0.006014599301830737,-0.00820785166560412,0.00411578654533992,-0.0006124479131389981,0.0025846172592191687
cube,316228,316228,33025,33026,512,m12-2-1,2026-08-04T21:23:52,67683,0.0015719868305141367,-3.6282000884894706e-5,9.262532101308194e-5,0.013176520578614844,-0.00880433518166841,0.007862823367714796,0.0054697277324568,0.0028453875815136805,0.00876286209948147,0.004511734617595791,0.003730371552131715,-0.01602190816012845
cube,316228,316228,33025,33026,512,m12-2-1,2026-08-04T21:23:52,68496,-0.0009812458657275879,-0.0013115108854603538,0.0001889493445733631,0.0019583016443705244,-0.015284943596932712,-0.003654405039121409,-0.018797023745267826,-0.009198558732156178,-0.03661973335784875,-0.011569771026001372,-0.007637631482875604,0.007240257087786109
cube,316228,316228,33025,33026,512,m12-2-1,2026-08-04T21:23:52,69013,-0.002120443564952134,-0.0013184683705014045,0.0007928483625104276,-0.001382576141252766,-0.014134080563055498,-0.017600296381011002,0.01199773226357465,-0.007025690603788076,-0.01684127558144736,-0.010856214795457422,0.005832296924195309,0.008408266745040867
cube,316228,316228,33025,33026,512,m12-2-1,2026-08-04T21:23:52,69223,-0.002925104883596438,-0.0010866247609771418,0.00055859676448198,0.006723599157938959,-0.018974584158145954,-0.006907806818159834,-0.005640563330136971,0.0017588901397447342,0.0075801813740458066,-0.009148204247971204,-0.004940458523613839,-0.008482489297684085
cube,316228,316228,33025,33026,512,m12-2-1,2026-08-04T21:23:52,69291,0.0003058652919205768,0.00044900871038450673,0.00043650352004502444,0.0016903732982410135,-0.015871489407643883,0.008283268284257532,-0.0010410969778351165,-0.005506493862821583,-0.0035526143325597887,0.0073621683971750495,-0.010502175819254663,0.0038161205645806146
cube,316228,316228,33025,33026,512,m12-2-1,2026-08-04T21:23:52,69518,-0.0022897657576407535,-0.0003548636859684218,-0.00038128535837694653,0.006648438084839317,-0.02573485462412718,-0.008557746609548425,0.022612997032714157,-0.008947256664055566,0.018941235759528538,0.005055590216273935,-0.013199957115702068,0.0022988185792168613
cube,316228,316228,33025,33026,512,m12-2-1,2026-08-04T21:23:52,69633,-0.0005143612439218595,0.0005009556395109559,0.00011957873393024932,0.009264422262330681,-0.01283726700727922,-0.015096380839923044,0.008997101738628029,-0.019146839995491417,0.0335859101816905,0.025697728908809895,-0.025926537032082565,0.009882417733161182
cube,316228,316228,33025,33026,512,m12-2-1,2026-08-04T21:23:52,70007,-0.0011039083359011903,-0.0018444919387158019,-2.5006553650743152e-5,-0.004766485135617729,0.00862383006356404,0.0013134338735833924,0.007887061089411711,-0.004272183538072964,0.001764156053402239,-0.021203012432975957,0.007216362020762053,0.009038668673690978
cube,316228,316228,33025,33026,512,m12-2-1,2026-08-04T21:23:52,70144,0.0008152301139752186,0.0011129958658088253,0.001627492192856555,0.002403554628013394,0.009193443687439178,-0.0036408183375849805,-0.012915449616339572,-0.024841227902229025,-0.006194862950814001,-0.01416829674725338,-0.00019398706547209184,0.02243767327421522
cube,316228,316228,33025,33026,512,m12-2-1,2026-08-04T21:23:52,70774,5.740671986529907e-6,-0.0012053986316423715,-0.0008874969009727855,-0.013116565452643626,-0.009640488387036648,-0.013820455777484713,0.04586824447744992,0.007767055524384911,-0.008812837498416534,0.023955368607906462,0.02259481824784724,0.005349509928258602
cube,316228,316228,33025,33026,512,m12-2-1,2026-08-04T21:23:52,71406,-0.0013609686472704212,0.0009408671757275386,-0.00043745142419532654,-0.010314586596102758,-0.02649901225020732,-0.0035623995230505286,0.010936058475915581,0.012327292947476212,-0.011128058502033562,0.0065377739573674095,-2.8454385501339972e-5,-0.0020127063513734602
cube,316228,316228,33025,33026,512,m12-2-1,2026-08-04T21:23:52,72773,-0.00044944727883024905,0.0010572034562839113,-0.0006318734400721513,0.006387363730279013,-0.003638657306897982,-9.433683396932773e-5,0.0028455024720675827,0.019918286382878937,-0.01927241730708368,0.010632178125126483,-0.0008492676507062928,-0.026305650113157282
cube,316228,316228,33025,33026,512,m12-2-1,2026-08-04T21:23:52,72886,-0.00032518980080839527,0.0006164969030189442,-0.0009694049461975,-0.025502127022213817,0.005588424126249954,0.03361755483682274,-0.004807900028939772,0.017895752004277208,-0.013444072053165335,-0.042499724322213356,0.0018337093913086174,0.007606375017936307
cube,316228,316228,33025,33026,512,m12-2-1,2026-08-04T21:23:52,73349,-0.0017206216740351167,0.0004612601316102077,-0.0010330733171124587,-0.012592823170039024,0.021102859545080014,0.004382473897416106,0.013414239836137137,0.00856602753255044,-0.020794290854319032,-0.010044802586707206,0.008660559604411725,0.004026795637488618
cube,316228,316228,33025,33026,512,m12-2-1,2026-08-04T21:23:52,73838,-9.421784695950658e-5,-0.0020835463397743705,-5.541462386120906e-5,0.010749972167849517,-0.008003035865686285,-0.010853904946966378,0.014947181707953656,0.00420405516858204,-0.012521341619764637,0.019121569721083906,-0.011323232605626645,-0.014954027336431357
cube,316228,316228,33025,33026,512,m12-2-1,2026-08-04T21:23:52,75372,-0.00030113089419383875,0.0001236814403387511,0.0001617672281180064,-0.005722281520634433,0.0005069202761076171,-0.011730611280236924,0.021937198123884925,0.001181586413771826,0.0009502958882882444,0.008807523106681347,-0.03452386412372315,0.004540695106863045
cube,316228,316228,33025,33026,512,m12-2-1,2026-08-04T21:23:52,75377,-0.0016657850086397297,-0.0007948172285340985,0.000987392124044547,-0.004417641186748189,0.015929162496856945,0.0033636251790159517,0.001603948240984725,0.004361970172044397,0.0029036360978019933,-0.01516488965265031,-0.010650608445268066,5.567101470378602e-5
cube,316228,316228,33025,33026,512,m12-2-1,2026-08-04T21:23:52,75404,0.0004664042827502974,-0.0009506041352375524,0.0005421108104226414,0.011248921443612257,0.004964717338567565,0.029843657474309445,-0.0029897719934745873,-0.012951927736098677,-0.0071310038500029945,-0.01089960625108616,0.016431874862556012,0.0017030062924862641
cube,316228,316228,33025,33026,512,m12-2-1,2026-08-04T21:23:52,76445,0.0003156941306060041,-0.0005546312681736903,-0.0016612392189026,0.009751149400126218,0.00821324526148929,-0.0034200887429449347,0.010173479840766553,-0.00744369307750472,-0.006079468534602604,-0.007698024126111704,0.0025046258959207923,-0.0023074563226214806
cube,316228,316228,33025,33026,512,m12-2-1,2026-08-04T21:23:52,77506,0.0013757913099941618,0.0005118005454855932,-7.972631508320856e-5,0.009866762466243146,-0.02730322637734896,0.014180987676793662,-0.0005818297729718999,-0.0022078304408429937,-0.003540540600546878,0.010876749809391366,-0.009381143501598663,-0.007658932025399047
cube,316228,316228,33025,33026,512,m12-2-1,2026-08-04T21:23:52,78068,-0.00010677666240951931,-0.0019490641631262232,-0.00011185715891727932,-0.012784898782754961,0.018762305415390777,-0.0013383163336524715,-0.02252433291160649,0.00722678724319852,-0.00883803470353805,-0.007262569500946582,0.003706695991371197,0.005558111539556174
cube,316228,316228,33025,33026,512,m12-2-1,2026-08-04T21:23:52,78333,0.00010323711472786657,0.00066700053246171,-0.0003219621832065859,0.014963232972158349,-0.005834114560721864,-0.011108672994711136,-0.003942422177423516,-0.003121169598294486,0.010281739546772264,0.01428778805902437,-0.005302659068894574,-0.011842063373863974
cube,316228,316228,33025,33026,512,m12-2-1,2026-08-04T21:23:52,79506,-0.00027328036660232796,0.0001815589246072807,0.0009335010676434257,-0.007803887706239028,0.02560791646706767,0.039927471120470806,-0.03034236976554423,0.0087217922110464,-0.004717182884835248,0.0018629733636840323,0.019629819390795902,-0.0009179045048074237
cube,316228,316228,33025,33026,512,m12-2-1,2026-08-04T21:23:52,79594,0.0005776099652362387,0.00035038152462276855,-0.00029439779078788494,0.0004080749475514553,0.004922185828658053,-0.014303295758709375,-0.0167160155704063,-0.012989473973789177,-0.005075717231553285,-0.008516538611139782,0.027506879308441392,0.012581399026237571
cube,316228,316228,33025,33026,512,m12-2-1,2026-08-04T21:23:52,79641,0.0008829047351378329,0.00010540962205127149,-0.00024984793469722916,0.020488193639044056,-0.03559272358412334,-0.02388890529607555,0.00048693114890936923,-0.024986220493157796,0.015809315288714584,-0.03022271685956118,0.033780125074804976,0.004498026854114153
cube,316228,316228,33025,33026,512,m12-2-1,2026-08-04T21:23:52,80054,0.0004592379744250811,-0.0011738524570225062,3.517136018112928e-5,0.00916324185481576,0.002385284233570363,0.0116056384990981,0.017234564155470117,-0.028287910074225174,0.011251941448197099,-0.04144743461513523,0.005633325996715298,0.01912466821940814
cube,316228,316228,33025,33026,512,m12-2-1,2026-08-04T21:23:52,80860,5.6531638469038826e-5,0.0006991125377839586,-0.0005075539596803978,-0.00893908793324539,0.008884954173764423,-0.006554410357928407,-0.020644177950781478,-0.0027468957303105356,0.014158242414084301,-0.027009528505992017,-0.0274111121763793,0.011685983663555874
cube,316228,316228,33025,33026,512,m12-2-1,2026-08-04T21:23:52,81217,-0.0004455436530206168,9.534932509875781e-5,-0.0004641855171501816,-0.016856986188532035,-0.01494340892196954,-0.013850310146088203,0.00845842509175021,0.006326924763547365,-0.01642396642076607,0.00545759739033224,0.0017318964666608676,0.010530061424984402
cube,316228,316228,33025,33026,512,m12-2-1,2026-08-04T21:23:52,81303,0.0004934008557475008,0.00160312581131312,0.0014684990728065974,-0.007172510229180233,0.022617782290582783,0.031472436814922414,0.007368796170306256,-0.011737012509875673,0.0012741021564686742,-0.02074103846095149,0.012932304278076056,0.0189095227390556
cube,316228,316228,33025,33026,512,m12-2-1,2026-08-04T21:23:52,81330,-0.00182829414646244,-0.0004727718545854025,-0.00045312374605901285,0.009296442526775637,-0.005457310364843746,0.007975505510897889,0.009952365051799238,-0.011384304582893315,0.027704519647038746,0.017490762213078735,0.013613924601066675,0.0020878620561174577
cube,316228,316228,33025,33026,512,m12-2-1,2026-08-04T21:23:52,81651,-0.0009812007785649677,0.0012448249280954957,-0.0012007508955013118,0.006899877809398318,0.005579232336028899,0.019978184689703075,-0.009849520270880447,0.0033516243585088807,0.0018183321522520788,-0.00014581785061131824,-0.014806859737237693,-0.010251502167907557
cube,316228,316228,33025,33026,512,m12-2-1,2026-08-04T21:23:52,82016,-3.94349746203301e-5,0.00022158924487482152,-0.0014839676378075263,0.015289386804622706,-0.015597919213916813,0.008760344872132038,0.03403446111660518,-0.004394742906730283,0.012632224907397358,-0.02246934211386064,0.03192405531985444,-0.010894643897892603
cube,316228,316228,33025,33026,512,m12-2-1,2026-08-04T21:23:52,82024,0.000569653932383558,0.00039289056220285866,-0.0007852182179437833,0.02234801503831099,0.012645090997593802,-0.03370308539642466,-0.019392628087487106,-0.01864582806901843,0.015140555970227537,0.028419581386865084,-0.006751012571921569,-0.003702186969292696
cube,316228,316228,33025,33026,512,m12-2-1,2026-08-04T21:23:52,82718,0.00030413557877824937,-0.0007099462333879824,-0.000791075811739866,0.01035865909333478,-0.0012130235755940738,0.03231894366326566,0.022355919793355095,0.005686565125651921,-0.010368159679562049,-0.0031047574188027257,-0.006854068046354084,-0.01604522421898677
cube,316228,316228,33025,33026,512,m12-2-1,2026-08-04T21:23:52,83809,-0.00010501068782002979,-0.001038178568626065,0.000479581956424243,-0.011644791987443583,-0.020054050892448976,0.019475095062484214,-0.0006823056822403759,0.007252955040380923,0.0023321407763469528,0.010464483540552069,0.0286619931419557,0.004391836947062389
cube,316228,316228,33025,33026,512,m12-2-1,2026-08-04T21:23:52,85482,-0.00028597604739431093,-0.00032505414213034094,0.0002707565274068375,0.006934716711756928,0.00354761522489415,0.016708667512299366,0.007745146207833526,-0.012146916450401175,0.01606723051454681,0.0058259827622101,-0.021843025441326012,0.00521219973864456
cube,316228,316228,33025,33026,512,m12-2-1,2026-08-04T21:23:52,86173,-0.000447268408296806,0.0005400902054645149,-0.0015981812689922555,0.012023364974554685,2.619501580001666e-5,-0.0035058546945569546,-0.01622273871172479,-0.0006619173564732253,-0.00887006490173544,0.0047172883724569065,-0.013021820154343245,-0.011361447618081624
cube,316228,316228,33025,33026,512,m12-2-1,2026-08-04T21:23:52,86174,-0.0005862157687871341,-0.000476647771896719,-0.0009332759248842213,0.0036282010493833366,-0.025601164303504443,-0.025526625200354744,0.015502263704492878,0.023452694341221325,-0.009044324774852817,0.014388318103319787,0.0171714664027321,-0.02708089539060496
cube,316228,316228,33025,33026,512,m12-2-1,2026-08-04T21:23:52,86617,-0.0006285942909319352,0.0009394425171492494,-0.0001788756583555373,0.011274959017289102,-0.0033919603089198882,0.0019373880002889626,0.0034509840955894576,0.002262595586481864,0.012723078657992918,-0.0021955687422353164,-0.012693328329003217,-0.013537554603771287
cube,316228,316228,33025,33026,512,m12-2-1,2026-08-04T21:23:52,86751,0.0013847214075169637,0.0002238306181156522,-0.0004275053843492286,0.021585920860499548,-0.009687345527270828,-0.03555662196992198,0.017097373715745847,-0.011679594422947002,-0.0069607047690227915,-0.005870189878607073,0.010234797370551194,-0.009906326437552558
cube,316228,316228,33025,33026,512,m12-2-1,2026-08-04T21:23:52,87047,-0.0017177615407792694,-0.002125152989195304,0.0032066626921147257,0.007867276979021629,-0.0174281495277916,0.02881134189096465,0.021382936527353836,-0.008715277775926776,0.011927502145146825,-0.009813896437329587,-0.003133996566713665,0.0008480007969055724
cube,316228,316228,33025,33026,512,m12-2-1,2026-08-04T21:23:52,87089,0.0016544974787038892,0.0012838854866828774,-0.00031311661485351565,0.0021890208430541316,-0.0029474894043244157,-0.009514704702321696,0.002200077126340802,0.0018548835805099859,-0.010680977952502342,0.0034012630558732937,0.025473274356730587,-0.00404390442356461
cube,316228,316228,33025,33026,512,m12-2-1,2026-08-04T21:23:52,87305,-0.0014053258283775899,-0.00033757677693592436,-0.0005081971314761424,-0.015148276222722502,-0.02179571865989724,0.009493226555477645,0.003716716919967803,0.003858941837580351,0.0008992111244389173,0.0013224769892684878,0.016731165505811767,0.011289334385142355
cube,316228,316228,33025,33026,512,m12-2-1,2026-08-04T21:23:52,88049,0.0020247281833321706,0.0010824136048126797,0.00037712780315666416,0.001320233609650026,0.022041175949594597,-0.00832806039022535,-0.005915423413652038,-0.013480706191434287,-0.022598801613629135,0.001282996443749233,-0.010415304558028754,0.012160472581784194
cube,316228,316228,33025,33026,512,m12-2-1,2026-08-04T21:23:52,88074,-0.00020232730847231272,-0.0007671249106842559,-0.0004001472178882089,0.014297183247508474,-0.018358705500483106,0.020847708722514898,-0.008965647176233068,-0.008727994168193785,0.0006091967281612393,-0.01782361838283646,-0.010709949486363056,-0.0055691890793145675
cube,316228,316228,33025,33026,512,m12-2-1,2026-08-04T21:23:52,88350,-0.0006320127617513986,0.0011861028806552359,-0.0003044687494512696,0.010144618140212074,-0.005043237911771679,-0.009458645646922158,0.02823201759668579,-0.008226727982937415,0.023046962540692616,0.002511545345350251,-0.01601976468246206,-0.0019178901572746358
cube,316228,316228,33025,33026,512,m12-2-1,2026-08-04T21:23:52,91901,0.0005882814938531697,-0.0003489679353706686,0.0007116288014233322,-0.009589801920327408,-0.0012322775911783707,0.00311643448358724,0.013438484457148011,0.0030050975236119728,-0.010093102150197895,-0.01403616657822735,0.004342222195837397,0.006584704396715794
cube,316228,316228,33025,33026,512,m12-2-1,2026-08-04T21:23:52,92850,0.000786795133212586,0.0009578951872316368,0.0002763626903447143,-0.01828187249357978,-0.0047329342247319885,-0.006018657622764625,0.021091921161005504,0.015388448725714841,0.0071320389677858335,0.0026466268542631927,-0.0023713499510434207,0.00289342376786495
cube,316228,316228,33025,33026,512,m12-2-1,2026-08-04T21:23:52,93676,-0.0001140450864853009,0.0004338961176358708,0.0027093389639198232,0.004820432251845835,-0.02174938152589236,-0.024728101854420925,0.01137901443903023,-0.013008859001241784,0.003277535930149917,0.009956595779914422,0.00894706500171837,0.00818842674939592
cube,316228,316228,33025,33026,512,m12-2-1,2026-08-04T21:23:52,94165,-0.0008041823306776612,0.0007883575400514305,-0.0010032600953098281,-0.013230287242344183,0.0033407873526481945,-0.022395641651421657,-0.027300805967579934,-0.012857397477010955,-0.0006494072407966893,-0.023229460915630894,-0.005734263640469088,0.026087684719355433
cube,316228,316228,33025,33026,512,m12-2-1,2026-08-04T21:23:52,94358,-0.0003093485473498816,0.0016878675652346777,0.0007439124405364374,0.0009200653711833237,-0.006669706633271731,-0.02188590098357161,-0.007777219185128692,-0.0016518451959242368,-0.002034470582977604,-0.002599844122760082,0.009017126069480998,0.0007317798247410669
cube,316228,316228,33025,33026,512,m12-2-1,2026-08-04T21:23:52,95565,0.0005144227417748032,-0.00016315301566459313,-0.0007475683631043348,0.01719008380885303,-0.006934741555107929,0.017294136571391026,0.015456125892410511,-0.028400531891441008,-0.0022963598050721786,-0.02508758809188724,0.0011840474195886426,0.01121044808258788
cube,316228,316228,33025,33026,512,m12-2-1,2026-08-04T21:23:52,95660,-0.0006286853311544369,0.0006248428688340622,-0.0013439706715962028,-0.01735105261660979,-0.0001093333219295367,0.007051804884438967,0.01556756009611232,0.010836213090466668,0.026564343190050594,0.01578812626878622,-0.013348544200904306,0.006514839526143481
cube,316228,316228,33025,33026,512,m12-2-1,2026-08-04T21:23:52,95820,8.940555480225855e-5,0.0002359289314087727,-0.0014554167961835353,-0.0027800276202949374,3.841897911975283e-5,0.013123795161925961,0.011196130360421877,-0.005436680220098933,0.019001004261476866,0.006477829909189072,0.0086833033539729,0.008216707840393942
cube,316228,316228,33025,33026,512,m12-2-1,2026-08-04T21:23:52,95942,0.00027839313158998835,-0.000275247290096702,-0.0004165342366359403,-0.0025549149964791333,-0.0043175530005456425,-0.026814594494695646,-0.0019976972956513273,-0.007470985784704098,0.0007879446762933867,0.01221593555511204,-0.00639433716956911,0.010025900781183398
cube,316228,316228,33025,33026,512,m12-2-1,2026-08-04T21:23:52,95945,0.001179894929989565,0.0004293924485330535,-0.0003235852892704241,-0.017070107608198347,0.01641816947659868,0.020112040975432236,0.0019007951316444955,0.0027261892421125877,-0.006326035391290327,-0.014499489344232739,-0.00657125126300168,0.014343918366085588
cube,316228,316228,33025,33026,512,m12-2-1,2026-08-04T21:23:52,96137,-0.002589883481479733,-0.00013852895492492298,0.0003558404697474485,-0.001232808984999145,-0.03247753860093565,0.025405458145026608,0.0003127135438431481,0.009554506055232448,0.004987822645265352,-0.028721534203848664,-0.011982556178394312,-0.008321697070233225
cube,316228,316228,33025,33026,512,m12-2-1,2026-08-04T21:23:52,96222,0.0009570303577252867,-0.0006186104639968282,2.0335168911234755e-5,-0.00022589027948080267,-0.011157338125781294,-0.010588210165779799,-0.0023053967260598276,0.00797752144377125,0.007866920933928642,0.01459755123159385,-0.027792537156830444,-0.0077516311642904945
cube,316228,316228,33025,33026,512,m12-2-1,2026-08-04T21:23:52,96430,0.0006883023788253678,-0.0005589100445681864,6.833871301133772e-6,0.004729953716562408,0.0075535480503031325,-0.016716038496067554,-0.040773396206417775,0.011893070020682264,0.017182595426908677,-0.019176862600612618,0.01787067206798146,-0.016623023737244315
cube,316228,316228,33025,33026,512,m12-2-1,2026-08-04T21:23:52,96507,0.00018996559112974693,0.0010566703863059334,0.00047336331906345965,-0.0013102641691334158,0.023245577206682976,-0.0002262031961297533,0.009611514408541912,-0.008313811954160442,-8.807628640453732e-5,0.02687512522545097,-0.006013779445931127,0.0096240761232938
cube,316228,316228,33025,33026,512,m12-2-1,2026-08-04T21:23:52,96760,0.0013321448022169176,-0.0009859569192022513,0.00047406619672920474,-0.007417772898582319,-0.009363529113136159,-0.010809811769790699,0.0037130861578782686,-0.003619448987842924,0.010354360838303302,-0.006821842707308624,-0.0065987173242223005,0.011037221886425128
cube,316228,316228,33025,33026,512,m12-2-1,2026-08-04T21:23:52,96833,-0.0005774349260543749,0.0015928163178676696,0.00026688342089467874,0.005154380898140103,0.0072163589226545,0.011607056443559858,0.008592522330438791,-0.002060170322631069,0.014372875917113675,0.012927140525051785,-0.0010623400564761872,-0.0030942105755088624
cube,316228,316228,33025,33026,512,m12-2-1,2026-08-04T21:23:52,96949,-0.0006906139085430041,-0.0019195170992524668,0.0029756886375096906,0.027240634092539327,0.03159124547122225,-0.023777450137662335,0.009032108616812628,-0.007646282019383802,-0.02600701931454298,-0.0011576816151432283,0.005838673970876669,-0.01959435207315503
cube,316228,316228,33025,33026,512,m12-2-1,2026-08-04T21:23:52,97892,0.00040646657016803157,4.59633656495161e-8,-0.00040919192769427626,0.007271352354880311,-0.0023008179090050138,-0.0007548179754778244,0.002379815707940195,-0.014846417433679608,0.004161385071893662,-0.024818911169654685,0.016322839945127076,0.00757506507880007
cube,316228,316228,33025,33026,512,m12-2-1,2026-08-04T21:23:52,98608,0.002497306374264291,3.345448370044316e-5,-0.0005627414256970903,-0.0005007967536733776,-0.023073142766090113,-0.001752982468793356,0.029354548679099885,-0.013440065835049994,0.039170517111638894,-0.0005099017344606796,-0.01360470189490597,0.013940862588724534
cube,316228,316228,33025,33026,512,m12-2-1,2026-08-04T21:23:52,99021,0.00058474457167724,0.0017157331509066707,0.0007505012261606664,-0.005360976913247272,0.013732790002755376,-0.008487911429712256,0.005839052770915669,0.005762473275226183,0.0003672131940476877,0.00749692475364335,0.006384781244348441,-0.00040149636197878597
cube,316228,316228,33025,33026,512,m12-2-1,2026-08-04T21:23:52,100088,0.0004318668625306022,0.0014826374311033284,-3.6993873006558764e-5,-0.007685547788580313,0.0031314690141480534,-0.014875400546508322,0.00604679511545635,-0.003370343627574206,-0.018948998314220318,0.005824052439484153,0.015327011731682253,0.011055891416154453
cube,316228,316228,33025,33026,512,m12-2-1,2026-08-04T21:23:52,100309,0.0002459106137600137,0.0011510021641621807,0.00012570366714903302,-0.0021265012986303026,-0.01638616717139051,-0.023027037012582772,0.01582041138375811,0.008220041451850964,0.013497732647842136,0.02367535490517543,-0.013189111803305386,-0.006093540153220507
cube,316228,316228,33025,33026,512,m12-2-1,2026-08-04T21:23:52,100352,0.0006081176616531305,-0.00020502138734530863,-6.682883464665804e-5,0.011575105334235851,0.013270580821218111,-0.019975112194754212,-0.0040689731085686446,-0.008507237612308576,-0.011779672276110499,0.028703334701477762,0.017554786004853412,-0.003067867721927413
cube,316228,316228,33025,33026,512,m12-2-1,2026-08-04T21:23:52,100445,0.0005504121821170564,1.1420501202255163e-6,-0.00036353597635216416,-0.009188428056447227,0.0013313485121557423,-0.014828962770181748,0.010689677681853004,0.0027411668781538996,-0.013135036130831371,0.014280414684769673,0.0043358609606878925,0.0064472611782935
cube,316228,316228,33025,33026,512,m12-2-1,2026-08-04T21:23:52,101930,-0.0016386853847719176,0.0006290339521984317,-0.00039263193858212695,-0.017422983487252245,0.015518506762243266,0.0038355345125468147,0.02224605796995838,0.006140083585410837,-0.00844161879395448,-0.03534549813218684,-0.016864792323208967,0.011282899901841973
cube,316228,316228,33025,33026,512,m12-2-1,2026-08-04T21:23:52,102101,-0.0004227479531953495,-0.0009815624432075148,0.0008714398258156387,-0.010617719933709493,-0.006222049901444566,-0.003484723459846687,0.009062523433665563,0.004280227843706136,-0.02391727072570982,-0.00825302130779401,0.014613797394262478,0.006337492090003517
cube,316228,316228,33025,33026,512,m12-2-1,2026-08-04T21:23:52,102346,-0.0011682369434932957,0.0006900579419001261,-0.0012273235356572518,-0.008233749191374894,0.01949584447893968,0.00434815145680021,-0.0020209574173745046,0.015664593727140925,0.0022614968533800853,-0.010523678371107625,-0.021858875687719846,-0.007430844535766435
cube,316228,316228,33025,33026,512,m12-2-1,2026-08-04T21:23:52,103625,0.00015452853051566452,0.00019709720559108346,-0.0002990697969348701,0.005715140950557663,0.007348392409132117,0.003469604716339191,0.01240985710415651,-0.00582187423680416,-0.0020732295242243365,-0.011494759981280946,0.0016498377188548469,0.00010673328624629468
cube,316228,316228,33025,33026,512,m12-2-1,2026-08-04T21:23:52,103898,-0.0001018266756709896,-4.9843467304394186e-5,-0.00016785771463771165,-0.00670610614734255,-0.013192574660823422,0.01030525194824416,0.011599408702093627,0.0067825473827998264,0.010355463702993504,0.0033672143287345425,0.0050539137490979505,-7.644123545753613e-5
cube,316228,316228,33025,33026,512,m12-2-1,2026-08-04T21:23:52,105007,-0.000873902956641635,0.00011938917343675635,-0.0012227799257230442,-0.006952056910004915,0.007694612931507954,-0.008122698332994263,-0.007999110225655331,0.0005674251446224552,0.004603027862270686,0.009091923153090346,-0.005174080500802867,0.0063846317653825065
cube,316228,316228,33025,33026,512,m12-2-1,2026-08-04T21:23:52,105286,9.905709767209004e-5,-0.000382177688713474,0.0008793147294455404,0.0005644797279562546,-0.009285192416435415,-0.011334624045618524,0.0012002723713222402,-0.002040394623158149,0.01717582266779678,0.016097475173095316,-0.02345105997082163,0.001475914895201358
cube,316228,316228,33025,33026,512,m12-2-1,2026-08-04T21:23:52,105904,-0.0008793191089267195,-0.0011816328774415803,-0.000598945037393203,-0.004739948903013652,0.016585222776933625,0.0074160617352864305,0.008457326436910542,-0.0032073411181019512,-0.0012904002266839031,-0.022952043998197443,0.0036785988163875035,0.007947290021115508
cube,316228,316228,33025,33026,512,m12-2-1,2026-08-04T21:23:52,107121,-0.0010433100848004407,-0.0009956181839687606,-0.00017990073357250435,-0.00743230250124893,-0.01565822405409247,-0.007498458616581086,0.027913216238295853,0.003966422421942079,0.0022404498183913367,0.002759877290244282,0.009866861479442608,0.003465880079306995
cube,316228,316228,33025,33026,512,m12-2-1,2026-08-04T21:23:52,108009,-0.000910672174767239,0.0007618627270961991,0.000964504411405087,0.007130566507258857,0.01141410687594199,0.013751962913027396,0.024560093917941596,-0.002682613915876266,-0.0012165673545580867,-0.009059161277568164,0.024057739914410542,-0.004447952591382578
cube,316228,316228,33025,33026,512,m12-2-1,2026-08-04T21:23:52,108258,-0.00014922803097796458,-0.00036581944777333753,-0.0015571965087770275,0.008855947169753265,0.0075187053840438875,0.005497182727018214,0.007275065897876593,-0.003218828072893646,-0.003744849215640926,-0.0028300707567400327,0.005739086760650229,-0.00563711909685957
cube,316228,316228,33025,33026,512,m12-2-1,2026-08-04T21:23:52,108659,-0.0016306747017336917,-0.0006708281826118073,-0.001686462692055209,0.008682102342062103,-0.0001887632042788454,-0.009389777162895283,0.008275156743234594,0.005034379907380407,-0.0065296913720750485,-0.023518079766448628,-0.010575158546954306,-0.013716482249443048
cube,316228,316228,33025,33026,512,m12-2-1,2026-08-04T21:23:52,108895,0.0007792876429847345,-0.0002172773807725121,-0.001031047644327638,0.007462040638681925,0.007040581727080738,-0.010218566068260344,0.01765787441427745,-0.0213791832896265,-0.0034407289941558944,-0.015019289190348327,-0.021280413390021968,0.013917142650944073
cube,316228,316228,33025,33026,512,m12-2-1,2026-08-04T21:23:52,110774,0.0005310095834857082,-0.00037877753108697904,0.0013828671188986367,-0.008919132280438195,0.007224263575367976,-0.008631047078607066,-0.015903543325093254,-0.0038804617664103605,0.007075889719702303,0.001850667651619613,0.016070577659205845,0.01279959404684846
cube,316228,316228,33025,33026,512,m12-2-1,2026-08-04T21:23:52,111071,-1.677249163807065e-5,0.0004921943144149014,0.0009077906730574929,-0.003409816606498297,0.0043608222593682164,-0.012080074311946114,-0.0002348448284821588,0.0017477386737493358,0.04712930167445273,0.013691650329112688,-0.0017553571154859946,0.001662077932748994
cube,316228,316228,33025,33026,512,m12-2-1,2026-08-04T21:23:52,111210,0.0002935025700316181,0.00039122763704304387,0.00016303335209597681,-0.007720587985860956,0.00809070467468268,0.0022005799613966383,0.01057131225103402,0.014039708066961792,0.012754279881809626,-0.023269936053444417,-0.006950029131685569,-0.006319120081100521
cube,316228,316228,33025,33026,512,m12-2-1,2026-08-04T21:23:52,111451,0.0008933737755626558,0.0014536175185423776,-0.00044448229708081644,-0.002199676924523997,0.0011467057618921178,-0.017885431542338848,0.005271648993401911,0.015150319317984119,0.002229979681791505,0.027536971767273995,0.014183511648175478,-0.012950642393460426
cube,316228,316228,33025,33026,512,m12-2-1,2026-08-04T21:23:52,111810,-0.0016023940926550998,0.00034717287790287136,-0.00031162903888574717,0.00864860599382948,0.0033892312647406555,-0.020092742191470985,0.02468300291293515,-0.010281615696471808,-0.00942709541390358,-0.0021848114670698806,-0.012485503855443112,0.0016330097026425064
cube,316228,316228,33025,33026,512,m12-2-1,2026-08-04T21:23:52,112549,0.0011365571077602745,0.0009094538608195417,0.00023223114937921877,0.012926713975879713,-0.009517852532280132,-0.012046271474090507,0.006839307324991182,-0.0017452502833235958,-0.007470445752566034,0.007548415896150133,-0.013496763125834166,-0.011181463692556287
cube,316228,316228,33025,33026,512,m12-2-1,2026-08-04T21:23:52,113314,0.0008290359260475481,0.00022753261260856207,0.000524140719311663,-0.01893803239740538,0.017339993371808166,-0.027231274592041672,-0.02033608600540565,0.00869882485649391,0.013539053156753708,-0.005292904227866927,0.02114496093921313,0.010239207540911777
cube,316228,316228,33025,33026,512,m12-2-1,2026-08-04T21:23:52,113688,-0.00021142445898140208,0.002072386232682602,-0.0005632249333496441,0.005021356078023417,0.003057766599039065,0.028541480220081992,-0.010239196153378946,-0.0002063079123487284,-0.013734124410597343,-0.013496050131296702,-0.008221678399532447,-0.004815048165674738
cube,316228,316228,33025,33026,512,m12-2-1,2026-08-04T21:23:52,114005,-0.0004301047364781855,-0.00023693654623161667,0.00044742090754403235,0.012225156823834368,-0.003674063617700256,-0.00173356325696354,-0.010214443855808808,-0.0038597209493096717,-0.02892237422883614,0.017093647588363813,-0.0018352076720097106,-0.00836543587452468
cube,316228,316228,33025,33026,512,m12-2-1,2026-08-04T21:23:52,114254,0.0003311554710371663,-0.0001423446219028853,-0.0006408819936138265,-0.000302130155568907,-0.009307075549619279,-0.006904172098930993,-0.0024911432353600885,-0.0016096313300339826,0.01641713640976354,-0.03334458518982863,0.0027805070714116975,0.0019117614856030108
cube,316228,316228,33025,33026,512,m12-2-1,2026-08-04T21:23:52,115463,-0.0007802134462010911,0.000950094745454868,-0.002083322152346491,0.010838889412463344,-0.0011904678536387317,0.015051765214024841,0.03360344092439745,-0.00673531191467158,0.013953561045170685,0.014029209994240436,0.017271609528926545,-0.004103577497792195
cube,316228,316228,33025,33026,512,m12-2-1,2026-08-04T21:23:52,115796,0.00017548320812938632,0.00023395881097563442,9.087161172522265e-5,-0.0077269984011395345,0.005342051004895444,0.01068960941721064,-0.023399204919916733,0.0038578778258909104,0.025897355968009343,-0.005176077636128072,-0.007080534326359984,0.003869120575248242
cube,316228,316228,33025,33026,512,m12-2-1,2026-08-04T21:23:52,115878,-0.0006749435671514586,0.0006563822801768313,0.0012489714548475249,0.0076486896445502025,0.01126466669597752,-0.013083719428527674,0.004120475112751693,-0.0027604789246018927,-0.011144399349387742,0.02181712863659865,0.010416507507537167,-0.004888210719948282
cube,316228,316228,33025,33026,512,m12-2-1,2026-08-04T21:23:52,119127,-2.967896002759156e-5,0.0013011886757387826,3.519787832147239e-5,0.00736223370828851,0.0004977749567452663,-0.009224239002657042,0.006851037439597893,-0.017168024857209047,-0.01036426748114209,0.01225084448047448,-0.028496771637787462,0.009805791148920108
cube,316228,316228,33025,33026,512,m12-2-1,2026-08-04T21:23:52,119157,0.0004496886894745013,-0.0003660906392744965,0.0007482868604536646,0.002834227269516041,0.009248005614872845,-0.006877864222262523,-0.015724268594407648,0.006130261561288519,-0.02123665232274126,-0.015244204916517028,0.00869021000555575,-0.008964488830804597
cube,316228,316228,33025,33026,512,m12-2-1,2026-08-04T21:23:52,119841,-0.00020628961970393836,0.0004797424427875782,0.0010615801231450158,-0.005758481848541231,-0.021197851069261524,-0.024021460976216075,0.022996046341108252,0.01488864247382797,0.008597001662690597,-0.015170721349834156,0.00520020320045473,-0.00913016062528696
cube,316228,316228,33025,33026,512,m12-2-1,2026-08-04T21:23:52,119974,4.773230389975027e-5,-0.00226631615033968,0.0015606774280707402,0.003994177789954787,0.004857213624606114,0.0046746964975152815,0.01886002831072142,-0.016859568335924665,-0.02271149315893574,0.00928280565867836,-0.024723579441627116,0.012865390545969621
cube,316228,316228,33025,33026,512,m12-2-1,2026-08-04T21:23:52,119991,-0.0006607625093965089,-0.0007378801128150309,0.0007367249636066026,-0.01721464050414541,0.019554298257257092,-0.015461001296810903,-0.008274367819895904,0.007024512894401377,-0.001180200926417289,0.03558953670417928,0.0015583642095365181,0.010190127609744184
cube,316228,316228,33025,33026,512,m12-2-1,2026-08-04T21:23:52,121319,0.001121550825606476,-0.0011023746893210897,-0.0005108202354459681,0.0147453469088385,-0.002380248686050663,-0.04696475565083514,-0.019667669841412598,-0.008372359184045927,0.023832980290436245,0.0022642535729644766,-0.001134796452547028,-0.0063729877247926505
cube,316228,316228,33025,33026,512,m12-2-1,2026-08-04T21:23:52,121564,0.0016696921174559477,0.00080815851619173,0.00041447694678035203,-0.005758776379745166,-0.01994295727596686,0.013358772869445174,0.0031782702886371072,0.008698087221592639,-0.006869307577290837,-0.009381916612411055,-0.005539094747379967,-0.0029393108418476377
cube,316228,316228,33025,33026,512,m12-2-1,2026-08-04T21:23:52,122407,0.000580292400941199,-0.0007239369415873523,0.0010830515117779584,0.0004336047163523195,0.011393499376832004,-0.011313150511724329,0.010733560867796262,-0.0013348338804411422,0.002486087254024704,0.00788182661503584,0.006314600159401751,0.0009012291640889176
cube,316228,316228,33025,33026,512,m12-2-1,2026-08-04T21:23:52,122792,0.000507957419364102,2.1241971612886672e-5,-0.0010371738394189004,-0.008002637521067512,0.03171817288982235,0.008214160628561458,0.007270480243812833,0.001794930632524575,-0.010954102184445489,-0.03198291433793448,0.008032441136366869,0.0062077068885430225
cube,316228,316228,33025,33026,512,m12-2-1,2026-08-04T21:23:52,123146,-0.000774346258278482,0.00027382333533807125,-0.0007340312205816415,-0.0025593193601144495,-0.007582067121583474,-0.00311584840599373,-0.03529711585884125,0.01182630773070165,-0.0073524679647412345,-0.024021068318756538,0.004274809633956588,-0.00926698837058728
cube,316228,316228,33025,33026,512,m12-2-1,2026-08-04T21:23:52,124080,0.0005944642888779536,9.74127710250607e-5,-0.0012901276405353787,-0.009472236984117928,0.0012828696785151686,0.009887121050294125,-0.021077785087738443,-0.010206469870861445,-0.005098008874080555,0.0035467817552902823,0.014230912376825305,0.019678706854979185
cube,316228,316228,33025,33026,512,m12-2-1,2026-08-04T21:23:52,124802,0.0024389758701773077,-0.000466444389268426,-0.00021115553753904288,-0.010198530526374651,0.011591113823354612,-0.016264029134550086,-0.011879009528188697,-0.009335509694723635,-0.005875628044785808,0.030598281313674112,0.006168337715544305,0.01953404022109847
cube,316228,316228,33025,33026,512,m12-2-1,2026-08-04T21:23:52,126746,0.0010082954608551483,-0.00011494586917128081,0.0009607215314945925,-0.004348429472222822,-0.010601080287382788,0.006943449777838885,0.016585850846714798,-0.005068552393827707,0.008350854952396253,0.03676857583726873,-0.011366879709888226,0.009416981866050222
cube,316228,316228,33025,33026,512,m12-2-1,2026-08-04T21:23:52,126874,-0.0002586195186397313,0.00013343901781526514,-0.0004685500415363336,0.011922486759801808,0.02274833883613404,-0.014779819579958768,0.006952571035760793,-0.008517178340055897,-0.000718741216740458,0.008680303744474425,0.008276615519888697,-0.003405308419745767
cube,316228,316228,33025,33026,512,m12-2-1,2026-08-04T21:23:52,127199,-0.00020325210081692933,-0.0004486102522281008,-0.001500835517045413,-0.0046615793746064395,-4.8875570992444606e-5,-0.011200232585483411,0.0010069616933917292,-0.0016100020351368805,0.0008703132314850947,-0.0007097697422381611,0.004754132571940374,0.006271581409743732
cube,316228,316228,33025,33026,512,m12-2-1,2026-08-04T21:23:52,127561,0.0014240469443142654,-0.0002881142952480144,0.00036253077624247266,-0.007537594200808817,0.011065668204206014,-0.003252568251207412,0.02146144867833288,0.006509770080611585,0.004614438650615628,0.002130549088864377,-0.026980006846249474,0.0010278241201973864
cube,316228,316228,33025,33026,512,m12-2-1,2026-08-04T21:23:52,129013,0.0002528733202617988,0.0011048258064672407,-0.0007811249041883428,5.137825778362197e-5,-0.007472002328310533,0.008452621602326023,0.004745801940389735,-0.005696271713434066,-0.0199004556884186,-0.023808717689644206,0.003008864319330908,0.005644893455650043
cube,316228,316228,33025,33026,512,m12-2-1,2026-08-04T21:23:52,129377,0.00022234326177507295,-0.0004119095563967061,-0.00018845680289479068,-0.01262289978491939,0.008330361146318249,0.006035911671942222,0.012856972297138277,-0.0023123147115751393,-0.000894082767108744,-0.02462972962617535,0.010821364404450555,0.014935214496494011
cube,316228,316228,33025,33026,512,m12-2-1,2026-08-04T21:23:52,130346,0.00047998848109091476,-0.00035924466732650655,-3.034307741775635e-5,-0.011107555752839147,-0.005159530395425787,0.0014551656138117272,0.034300784707377484,0.014809237896839437,-0.009777954551197874,-0.017885007885629477,0.025181488028315924,-0.0037016821439994976
cube,316228,316228,33025,33026,512,m12-2-1,2026-08-04T21:23:52,130812,-0.0004692922010173112,0.00029420428006006,0.00033176050805800616,0.0022269483955800642,0.0034545673157395976,0.010194853653020447,0.008998899114769083,-0.002499834229358879,-0.009509605212464389,0.02134774759781456,-0.01360579998068265,0.0002728858337788479
cube,316228,316228,33025,33026,512,m12-2-1,2026-08-04T21:23:52,131466,5.457683428222983e-5,0.0017152362693403948,-0.0015522513654917882,-0.003693335246121682,0.009289483181146942,0.005268749678116857,0.0033268649066312233,-0.014531215434799398,-0.010615706332958401,-0.007195129806623686,-0.0003332308485524207,0.018224550680921926
cube,316228,316228,33025,33026,512,m12-2-1,2026-08-04T21:23:52,132129,-0.0005478152782493567,-0.001235221774818501,0.0002167924619591553,-0.0019646396055972397,-0.011949576059260874,0.013475200641938048,-0.013441717887351358,-0.0022664523933808834,0.010243569913397076,-0.011829323537273614,0.017699008863470693,0.0042310919989780775
cube,316228,316228,33025,33026,512,m12-2-1,2026-08-04T21:23:52,132889,0.0005079927385082449,0.001361541959158027,7.270293101381289e-5,0.0021852589646717637,-0.012545275388316174,-0.012085071873648788,-0.0008276396388019001,-0.01180430223931778,0.016648101662947435,0.009711758491507304,-0.016290643325106116,0.009619043274646103
cube,316228,316228,33025,33026,512,m12-2-1,2026-08-04T21:23:52,133560,-0.0010604839374914123,-0.00034527672151253927,0.0009981241838628958,0.01565161525760932,-0.005859862236433704,0.02368286949472531,0.0174958386507635,0.0014966315285710643,-0.009294636665567811,0.002803234654684204,-0.02426399126926933,-0.01714824678618092
cube,316228,316228,33025,33026,512,m12-2-1,2026-08-04T21:23:52,133755,3.547701967386581e-5,0.00047339234800991895,0.0008899937562818558,0.011851086525001508,0.007321194565675771,0.026225718606489277,-0.0028842310722476806,-0.010001382710447308,-0.0036709655467064123,-0.028294843491713267,-0.007147086370460947,-0.0018497038145541295
cube,316228,316228,33025,33026,512,m12-2-1,2026-08-04T21:23:52,133769,-0.00017414681924389798,0.0006504770106343931,0.00027953559467507646,-0.0034014826169665234,0.009103657328101826,0.011393585363166757,0.015252528055954442,-0.0035345148767747248,-0.028220965396426562,-0.008463964100263436,0.012784039152259497,0.006935997493741522
cube,316228,316228,33025,33026,512,m12-2-1,2026-08-04T21:23:52,134604,-0.0007011371421331757,0.00066066505715455,0.0002038501326699348,-0.0053348159498080305,-0.026866334706328356,-0.0011263656457592148,0.007388538690250007,-0.0036557672483290274,-0.0012346348487365254,-0.010552610935695214,0.009148522345305186,0.008990583198136773
cube,316228,316228,33025,33026,512,m12-2-1,2026-08-04T21:23:52,135270,9.565475350477514e-5,0.0006942134128214268,-0.0003720989577582908,0.0037942324682108106,-0.009927127722600721,-0.004052916504377354,-0.004578452721721711,0.00631587465894112,-0.006570080756284972,0.011689064688361513,-0.012658136787995062,-0.010110107127151543
cube,316228,316228,33025,33026,512,m12-2-1,2026-08-04T21:23:52,135457,0.00017321172341170727,7.460952332555614e-5,-0.0001598440722298119,-0.011316521556198533,-0.0021309520500234717,-0.017934672565155182,-0.020877748883482025,1.307109138999043e-5,0.001682854245418989,-0.001886670492223187,-0.01659056939800701,0.011303450464808917
cube,316228,316228,33025,33026,512,m12-2-1,2026-08-04T21:23:52,136170,0.0002750283608290968,-0.0003069545273269626,-0.0001706619660072927,-0.018327120841302273,-0.025995727332334,0.026202888643779024,0.057858396946622793,0.006310924286270612,-0.025479173155196082,0.026279052516175266,0.010608639238434288,0.01201619655503198
cube,316228,316228,33025,33026,512,m12-2-1,2026-08-04T21:23:52,137079,-0.0017385769739924567,-0.0007704771474694329,0.0020050370292058126,0.012313817305380939,-0.009367464931449925,0.0337859615858465,0.016297357116436883,-0.004512389404472733,-0.004007560856457696,-0.003024373701320677,0.003391936639717606,-0.007801427900907921
cube,316228,316228,33025,33026,512,m12-2-1,2026-08-04T21:23:52,137544,-0.00022492897073307194,-0.0003765188928620492,0.00012977708091050944,0.001432457740884442,0.02151946409425777,0.022074727662448067,0.025906979782727428,0.01116275990276074,0.008500906053986311,-0.004150152383422318,-0.00894554230431371,-0.012595217643644801
cube,316228,316228,33025,33026,512,m12-2-1,2026-08-04T21:23:52,137546,0.0007955796340908342,-0.0025966905058791004,0.0005073779614295519,-0.0075838890337068775,0.007215919880802707,-0.004324164061166628,-0.021365915103068324,-0.0141556924368191,-0.007748034965121686,0.007531828644716624,0.024151861936217597,0.021739581470525852
cube,316228,316228,33025,33026,512,m12-2-1,2026-08-04T21:23:52,139212,-0.0010422364075013198,-0.0002813250364052717,-0.0010117935612827557,-0.011406086580131772,0.007423713773155468,-0.01317303525731295,0.006875265199335554,0.004204977287208173,-0.02553494413168657,-0.01728772103611389,0.008971178443735963,0.007201109292923418
cube,316228,316228,33025,33026,512,m12-2-1,2026-08-04T21:23:52,139437,0.0009072278335445729,0.001450020859833238,0.001377633188578999,-0.019630220120060597,0.00464533207873506,-0.002248620098511189,0.03183682736327076,0.007359237462915321,-0.0041052748086946545,0.022983682485362374,-0.008719133684074799,0.012270982657145378
cube,316228,316228,33025,33026,512,m12-2-1,2026-08-04T21:23:52,139442,-0.0003519599765494604,-0.00022912537161832907,-0.0001220097808928986,0.005683286767692689,-0.009828675070063974,0.028847497123538148,0.007658419502673884,0.011784657911530527,-0.003126380489079699,-0.0005979246741363903,-0.027007615359477308,-0.017467944679224027
cube,316228,316228,33025,33026,512,m12-2-1,2026-08-04T21:23:52,139734,-0.00017090646671651154,-0.0008490298126554158,0.0003474496676472639,0.011467500758507977,0.00353664427207696,0.006453774204853956,0.020319499871546312,0.0012154307223956262,0.00974162081210927,-0.020528431099438374,-0.018496978960057482,-0.01268293148090427
cube,316228,316228,33025,33026,512,m12-2-1,2026-08-04T21:23:52,141229,0.0009411704620678695,-0.0007656228419049216,-0.0012188445419304855,-0.007991739014720164,-0.020575874009776566,0.00955766488830026,0.000879018029336422,0.013540577491076735,-0.0013251978182942275,-0.010968246101021591,-0.005357543326347645,-0.005548838476356472
cube,316228,316228,33025,33026,512,m12-2-1,2026-08-04T21:23:52,142494,0.0009111286019408632,0.0007636303552772091,0.0007218462229704462,0.006846988124904353,0.010778402051345408,0.005259537252032259,0.008449004181512784,0.0066239874572050035,-0.010572845383279178,-0.007951387964419104,0.008128384170268666,-0.013470975582109117
cube,316228,316228,33025,33026,512,m12-2-1,2026-08-04T21:23:52,142755,0.0004226714435728363,0.0006608773436677697,0.002277650835242129,-0.008195765698100599,-0.006389823239834416,-0.022269621454959823,-0.004746700299666468,0.007006652472730513,0.005219831623854909,-0.011338805557509088,0.006762191845339694,0.0011891132253699036
cube,316228,316228,33025,33026,512,m12-2-1,2026-08-04T21:23:52,143476,0.0006546144892033937,-0.0006202588420668495,-0.0006899299032926845,-0.0009368991029876634,0.002827961365463964,-0.005360726203434738,-0.019987905724125385,-0.0006340364641211354,-0.009280679430625457,-0.0019820879714744772,-0.006811360089913177,0.001570935567108843
cube,316228,316228,33025,33026,512,m12-2-1,2026-08-04T21:23:52,144235,-2.7625511694984755e-5,0.0009608199885026523,5.7267137787280025e-5,0.004354668945796739,-0.0074997951020808066,-0.002939097274550087,0.007136034626751334,-0.0012659459645749775,-0.01470927521677198,-0.013591007223456143,0.0021064426729260942,-0.0030887229812219578
cube,316228,316228,33025,33026,512,m12-2-1,2026-08-04T21:23:52,144294,0.0005525857754056824,0.0005492907647394144,0.0004438971997666328,-0.0062570657372303246,-0.012091716526220835,-0.016227963499448005,0.03128657761198994,-0.006790223795712819,-0.024079095780197825,-0.003597623689073012,0.013724076827511165,0.013047289532943013
cube,316228,316228,33025,33026,512,m12-2-1,2026-08-04T21:23:52,145237,0.0006847520284334344,-0.00038627647199193974,0.001065062788305637,-0.009600662258362442,0.0030733241471086743,0.002590765813323911,-0.019464499363139928,0.011238341765016561,-0.0031059664079706264,-0.01245365600673643,0.011670361245117337,-0.0016376795066543708
cube,316228,316228,33025,33026,512,m12-2-1,2026-08-04T21:23:52,145711,0.0004895839545017126,0.0012110352695257167,-0.001111704024461986,0.012465524947244963,-0.017273856932483643,0.014664029930011861,-0.010822854540515773,-0.029763770459585157,0.022714818115734687,0.014714413042342878,-0.0035844981529742003,0.017298245512340105
cube,316228,316228,33025,33026,512,m12-2-1,2026-08-04T21:23:52,146347,0.0009794637278474835,0.0007652253894696523,7.514209697664505e-5,-0.004653567933230081,-0.018164983460429166,0.006621482261834251,0.011722358409955037,0.015451167724529037,0.009843858159734906,0.00881918659044116,-0.017408328621622064,-0.010797599791299255
cube,316228,316228,33025,33026,512,m12-2-1,2026-08-04T21:23:52,146951,-0.0003554962460314277,0.0006078310092018024,-0.0005725059499832881,-0.0015886008794169602,0.003426877465319967,-0.011861968472540955,0.00985258070028342,-0.0039766890775589335,-0.01670801053147244,-0.01937326796176098,0.028981934036694846,0.005565289956975895
cube,316228,316228,33025,33026,512,m12-2-1,2026-08-04T21:23:52,146963,-0.00014667924059742616,-4.9452556871199815e-5,0.0008802077714103859,0.012369911407749234,-0.007952786532697036,0.0003268875813782162,-0.00200434490445839,-0.01335080725564833,-0.017992316220174432,-0.007941932764678142,0.017461416319678735,0.0009808958478991047
cube,316228,316228,33025,33026,512,m12-2-1,2026-08-04T21:23:52,147145,0.0004068933876421277,-0.00034295540516525886,0.00020583540801409267,-0.006028922505990501,-0.0012009896640872034,0.008813782185411803,-0.0009366165884750719,0.011179896104752698,-0.03905093145142171,0.008856721639327068,0.014729967650076526,-0.0051509735987615305
cube,316228,316228,33025,33026,512,m12-2-1,2026-08-04T21:23:52,147158,-0.0005803539419389481,0.0003690546118231091,0.00016324115366484013,-0.007038956105237954,0.005082741814240561,-0.007313869939755495,0.00725596346276321,0.003601082474448613,0.03192242275299226,-0.010456047274924496,-0.02199583903227284,0.0034378736307893224
cube,316228,316228,33025,33026,512,m12-2-1,2026-08-04T21:23:52,147469,0.00013179717722058091,0.0003182787840799844,-0.0011515378107498863,-0.0018257885228752915,0.014031928419860711,-0.037004725530227406,0.007662487349946729,-0.004985765428650454,0.0009106446569547385,-0.020226066752679746,0.0003369018918734526,0.006811553951525379
cube,316228,316228,33025,33026,512,m12-2-1,2026-08-04T21:23:52,147900,-0.0015802537550952897,-0.0006403109787930573,-0.0011589702109506645,-0.004745951948982481,-0.012457923927856262,-0.0049757432936678525,-0.006945842789866068,-0.002234423097281895,0.002675093972961013,-0.021358946308399237,0.019933248378292273,0.006980375046264042
cube,316228,316228,33025,33026,512,m12-2-1,2026-08-04T21:23:52,148219,0.0008716612355058569,0.0010148460810974708,0.0006963644802347284,0.0027162529745607365,0.015925502461798254,-0.014179189919984054,0.022737745242466214,0.0009973260587662516,-0.00949750617828384,-0.013214172932010727,0.0049222923948542855,-0.003713579033326956
cube,316228,316228,33025,33026,512,m12-2-1,2026-08-04T21:23:52,148780,-0.0004407010348712485,-0.001174449764672483,-0.0007706860435284839,0.008728428449095047,0.017507058541481053,-0.016342030438195536,-0.0009447127241187522,0.009425220234018929,-0.010946821568436316,0.0041470347389199426,-0.009008240853510985,-0.018153648683114035
cube,316228,316228,33025,33026,512,m12-2-1,2026-08-04T21:23:52,149727,-0.0001323608635695867,6.964466782505344e-5,0.0004107881410707978,-0.013042173649217757,0.015597040360041866,-0.009147557060877913,0.004542672913637346,-0.015694436685774943,-0.004112197435779249,0.003483502600822348,-0.010083533976240124,0.028736610334993206
cube,316228,316228,33025,33026,512,m12-2-1,2026-08-04T21:23:52,150078,-0.0010437591462590825,0.00025025688507375525,0.00021373648010889664,-0.005165144319311337,-0.01034312173401956,-0.011431261067620869,0.03389698467814495,0.017991479112810117,-0.00020244535665144963,-0.008091691294795207,0.007975424150747253,-0.012826334793499298
cube,316228,316228,33025,33026,512,m12-2-1,2026-08-04T21:23:52,151100,-0.000557654217924608,0.0007274893724298092,-0.00232321083391208,0.01030146730887415,-0.011437318940691228,-0.006010710817561502,0.01430647740184278,-0.009792818576778392,-0.018440559837985454,-0.039139662681974226,0.012190746853388093,-0.0005086487320958582
cube,316228,316228,33025,33026,512,m12-2-1,2026-08-04T21:23:52,152244,0.00010424049373618101,-0.0003733409473184783,3.9884613107261364e-5,-0.002924956016333191,0.023657907463971867,0.024536382123007665,0.01748679900387264,0.012692629297740055,0.005749470351184626,-0.0030340804957931463,-0.007281536969705366,-0.009767673281406375
cube,316228,316228,33025,33026,512,m12-2-1,2026-08-04T21:23:52,152721,-0.0003402260909652888,0.00022981352753217814,0.0017298889081262486,0.016960278601653004,0.023454027728802042,0.01241630348765204,0.011289291461962945,-0.009532682304332348,0.009584762663896403,0.021273040573910267,-0.007276553152481249,-0.007427596297321149
cube,316228,316228,33025,33026,512,m12-2-1,2026-08-04T21:23:52,152965,-0.00017406033073567894,0.0013434850145554501,8.616470029853215e-5,0.000946559951786341,-0.014230339301784092,-0.0082686018038234,0.013877865378933882,-0.007745122173337509,-0.02052040711224756,-0.014670873476567738,0.014351519512466422,0.0067985622215512445
cube,316228,316228,33025,33026,512,m12-2-1,2026-08-04T21:23:52,153133,1.8390684415922477e-5,-0.00040928612873463794,-0.00083526040884385,0.0108606602557041,0.004288068001461173,-0.0043941116502842735,0.015029843513009926,-0.006008295583015762,-0.0069758912764118055,-0.010895815361413385,-0.009946527306408118,-0.004852364672688818
cube,316228,316228,33025,33026,512,m12-2-1,2026-08-04T21:23:52,154051,-0.0008870657864145752,-0.0004778845349937926,0.0014557619102001638,0.010540697587403544,0.00476496457029382,0.02301151732064702,0.026898576885016467,-0.008649406411335216,0.0046376175282861155,-0.016377186536919615,-0.008721726818600915,-0.0018912911760682822
cube,316228,316228,33025,33026,512,m12-2-1,2026-08-04T21:23:52,155452,0.00031503434009143657,-0.0003088905452348468,0.0011368411916942848,0.0006209967372466311,-0.0149588886218554,0.014738412281809743,-0.005382686936558666,-0.013002778812285423,0.007729599841831772,-0.02093445317512799,-0.01446096418621223,0.012381782075039108
cube,316228,316228,33025,33026,512,m12-2-1,2026-08-04T21:23:52,156728,-0.00011072231299682705,0.0007612997440231831,-0.00013531469754096974,0.00808477430134459,0.0013667133133548122,-0.002409221060516352,0.0013312261204423076,0.0019808625792367726,-0.011166389341426195,0.006329219378117243,0.023061942172197702,-0.010065636880581288
cube,316228,316228,33025,33026,512,m12-2-1,2026-08-04T21:23:52,157178,0.001972231557832709,-0.001364447821174035,-0.001411252653253855,0.013951122779057098,0.005072114606046183,0.015392125764246332,-0.022986429376837026,-0.005062618676035793,-0.018461378769811482,0.009314007225565078,-0.016692513080943033,-0.008888504103021293
cube,316228,316228,33025,33026,512,m12-2-1,2026-08-04T21:23:52,157744,-0.0008776436016873464,-0.0019115529435994733,-0.0007787019042705771,-0.0019704442554174715,-0.00680114912656413,0.019577984153475038,0.01743429050170638,0.014497715694965496,-0.020497273116549024,-0.024864689348146986,0.021596919148810623,-0.012527271439547927
cube,316228,316228,33025,33026,512,m12-2-1,2026-08-04T21:23:52,159317,-0.0004844523645103523,0.0016804098521185807,-0.0002564427535181435,-0.010363912901419602,0.012108474486308732,0.010552276211626091,-0.0018216603783592208,-0.002923609081351555,-0.02421476336783462,-0.008252404735818883,-0.014374778514120211,0.013287521982771047
cube,316228,316228,33025,33026,512,m12-2-1,2026-08-04T21:23:52,159473,-0.0005842043728015637,0.0010569918508591804,-0.00068050942963779,0.004259611881406745,-0.000420379396016001,0.00033772969673284345,-0.006146840622974059,0.0038747913401476633,-0.019869742333156398,-0.005806972802353152,0.0030119559164619733,-0.008134403221554428
cube,316228,316228,33025,33026,512,m12-2-1,2026-08-04T21:23:52,160177,-0.00019492512447615628,0.0008699783280251246,-0.0003824786920685417,0.01929443091048347,-0.014457278158666724,0.008960690132002992,0.008257761903569964,-0.004099947104934372,0.024850525140056152,-0.001902412848400405,-0.008618072474270204,-0.015194483805549325
cube,316228,316228,33025,33026,512,m12-2-1,2026-08-04T21:23:52,160482,0.0015761860178658404,0.000642880234625022,0.0004256543833156895,-0.005971229580895465,-0.014224352868057604,-0.004858312129119303,-0.0021008734010921153,0.006379338094884187,0.016625943773400202,0.0032141136441231574,0.001118444099756862,-0.0004081085139888123
cube,316228,316228,33025,33026,512,m12-2-1,2026-08-04T21:23:52,160514,0.0013332948756166704,0.00024326246390070428,0.0014797113078138717,-0.0018925995665518849,-0.0013586606801002,0.02371864195002633,-0.019613662184045852,0.006833896424152623,-0.017816567938998596,0.012674302599458825,-0.00699915965749608,-0.004941296857600382
cube,316228,316228,33025,33026,512,m12-2-1,2026-08-04T21:23:52,161131,-0.0010482882631857537,-1.1675773652694313e-5,0.0005210686221636607,0.0037324987850381013,0.020131646361109295,0.007634882631561268,-0.0008494099770234621,-1.832038427882352e-5,-0.015543994152012892,-0.022735415227750317,0.02210897938484515,-0.0037141784007590955
cube,316228,316228,33025,33026,512,m12-2-1,2026-08-04T21:23:52,162068,-0.0012036050559599144,0.0005109660338506663,-0.002272918999912321,0.011703564131983974,-0.03501771347226119,0.0011395258930681038,0.018845616512221955,-0.006276976048076608,-0.032629332345890785,-0.012349520745804176,0.01986254682856914,-0.005426588083907266
cube,316228,316228,33025,33026,512,m12-2-1,2026-08-04T21:23:52,162332,-2.427209373686497e-6,0.0019828901486626705,0.0016205347125553967,-0.0022271407416487557,0.0015223251775232337,0.001151200741075426,0.008753813236563901,-0.013298181165134459,0.02565679207700939,0.007363857420633423,0.017807438255421148,0.015525321906782854
cube,316228,316228,33025,33026,512,m12-2-1,2026-08-04T21:23:52,162396,0.00039850959499694724,-0.0015772596559326445,-0.000493190181979064,0.00896320970569,-0.00045859865032885685,-0.005907286376109756,0.00704788424251168,-0.013043097422673981,0.0038269186886495674,-9.667193412400251e-5,0.005512970515564229,0.004079887716983726
cube,316228,316228,33025,33026,512,m12-2-1,2026-08-04T21:23:52,162770,0.0008889019947708599,6.864974685393183e-5,-0.0005271002398728077,-0.019880935479576756,-0.024040871294937156,0.005743637435389491,0.004179891249367468,0.026134573043764306,0.009811110407622841,-0.00785561252769711,0.007732250112847311,-0.006253637564187328
cube,316228,316228,33025,33026,512,m12-2-1,2026-08-04T21:23:52,163140,0.001306555438245805,0.00044272273869285156,-0.00017523945849900847,-0.0006858471716377079,-0.0016468294349916925,0.005942135862188224,0.0027340783561691996,-0.006504936381944316,0.013193029197873794,0.023587968541390832,0.006952243696883457,0.0071907835535822105
cube,316228,316228,33025,33026,512,m12-2-1,2026-08-04T21:23:52,163354,0.0011926730715205922,0.0006305898626022193,-0.0008824141410378278,0.008110746866919618,0.01914837089231063,0.0031719441289431573,0.02699970198665125,0.006624008512265503,0.025328977669362752,0.010696264677368759,-0.0006697257692195446,-0.01473475537918488
cube,316228,316228,33025,33026,512,m12-2-1,2026-08-04T21:23:52,163774,9.81487484746135e-5,-0.0008228612497288461,-0.0008273404538971735,-0.0002472013883353343,-0.0140040567548004,0.015547418338777255,0.03822812852593105,-0.0002968695883722803,0.0038668602581967545,0.025086969070992317,-0.0025266746582987536,0.0005440709767074094
cube,316228,316228,33025,33026,512,m12-2-1,2026-08-04T21:23:52,165789,0.0012161928535568453,0.0018183632046250523,-0.00010977713999948147,-0.0023090284954604846,0.006088958157926196,0.0006454220632789038,-0.028198240431779657,-0.0035579100441283625,0.00033151451197018135,0.008198182855824942,0.019357349230452875,0.005866938539588734
cube,316228,316228,33025,33026,512,m12-2-1,2026-08-04T21:23:52,168352,-0.0007970572567494305,0.00018138664853175796,0.0014340048370644748,0.0013795148417864171,-0.006242351680315624,-0.015996207063435578,0.0010100553530882838,0.004864080357692283,-0.004911352923722049,0.006595362342703965,0.017682613856304465,-0.006243595199478516
cube,316228,316228,33025,33026,512,m12-2-1,2026-08-04T21:23:52,168484,0.0008236999635289436,-0.0001761869253709196,-0.00014317087007530063,0.009691426122107967,-0.018269102946837302,-0.007993539634660426,-0.0010011432897243395,-0.005191482187864961,0.01123997405155758,0.027939522447539365,-0.012703707889806945,-0.004499943934243139
cube,316228,316228,33025,33026,512,m12-2-1,2026-08-04T21:23:52,168832,0.00014607936125090413,-0.0011892058928230837,-0.00027809703172973884,-0.007575475000691611,-0.014676733600302635,0.00575829871702438,0.02782994727443831,0.006471761106205019,-0.024239462778605166,0.0042913643877226125,0.0018193986183736009,0.001103713894486402
cube,316228,316228,33025,33026,512,m12-2-1,2026-08-04T21:23:52,169126,0.0003358956792748558,0.0008640261783334148,0.0006317691267249806,0.015113275307388306,-0.022665121924574778,0.008939553078756447,-0.012942328201651098,-0.025470055773834148,0.012140315030337573,0.011605156501817926,-0.003872691081633088,0.010356780466446357
cube,316228,316228,33025,33026,512,m12-2-1,2026-08-04T21:23:52,169430,-0.000967198673753142,0.0004371872369259305,0.0003354883608979225,0.004571598454113217,0.01069951085727155,0.01847339617434529,0.009189629455900548,0.008513737958861584,0.01321911114224349,-0.02088872828882298,-0.0008142042167039022,-0.013085336412974964
cube,316228,316228,33025,33026,512,m12-2-1,2026-08-04T21:23:52,169990,5.511351075863765e-5,-0.0010485140059338692,0.0005574205584096534,3.9634471779952256e-5,-0.018472384760298242,0.023051278643690196,0.008869835850204063,-0.00435771300221624,0.015250800071876347,-0.0309760971858053,-0.002200249418397405,0.004318078530436344
cube,316228,316228,33025,33026,512,m12-2-1,2026-08-04T21:23:52,170297,0.0005089765407903728,-0.000467866236085015,-0.0008136766583083387,-0.011444230393671049,0.009280103345734942,0.012052053378488933,-0.01670677816664191,0.0026360849418593088,0.033102355488592104,-0.02618288433334669,0.006015811242560904,0.008808145451811659
cube,316228,316228,33025,33026,512,m12-2-1,2026-08-04T21:23:52,170477,0.0010889372144869322,0.002094049338414022,0.0004727086371305108,-0.010661796227147165,0.023952392568288128,-0.004489850573695351,0.019363076549159235,-0.007044943265594672,-0.0023939164662266,-0.01520231117535307,-0.041160843263415826,0.0177067394927416
cube,316228,316228,33025,33026,512,m12-2-1,2026-08-04T21:23:52,171389,-0.00040428604629838934,0.0005852904542886047,0.0002703214758539645,-0.004376073224901228,0.006008422171903485,0.026803223981866114,-0.0142869023997871,0.014313183174632654,-0.012345868161561531,-0.00997969040109549,-0.0009057907351604792,-0.00993710994973147
cube,316228,316228,33025,33026,512,m12-2-1,2026-08-04T21:23:52,171625,0.0015008713877443603,0.001604981155238035,0.0014539310910907527,0.0008981531804091248,0.014010554376109327,9.285443737023086e-5,0.018056542998010055,-0.0069422075272170865,-0.047527836259153855,0.019561732419950878,0.030880936937636484,0.006044054346807942
cube,316228,316228,33025,33026,512,m12-2-1,2026-08-04T21:23:52,172054,0.0003252328140386759,0.0013901355668377434,0.0003101583404941793,0.005063589468036959,-0.0005042884053140659,0.007144137654452889,-0.02084168950383958,0.000866320046170363,0.006596491274802948,0.005983928789835328,0.0035770891060706274,-0.005929909514207655
cube,316228,316228,33025,33026,512,m12-2-1,2026-08-04T21:23:52,172174,0.0003050125517066883,0.0006290638655597725,-0.0009475846573114557,0.007403365800481205,-0.012227471835646417,-0.008848428015863607,0.014364927706998298,0.00590816768984353,0.022283196026027297,-0.019432553209021076,0.0032124138674542416,-0.01331153349032503
cube,316228,316228,33025,33026,512,m12-2-1,2026-08-04T21:23:52,172742,-0.00033522596999068866,-0.0007147350688737898,-6.013206972405932e-6,-0.011236132085867932,0.009643513830635976,-0.0022205730179506384,-0.021604650207605502,-0.004347741833866415,0.012223507554011283,0.012742830918046765,-0.020930201446764145,0.01558387391973398
cube,316228,316228,33025,33026,512,m12-2-1,2026-08-04T21:23:52,173541,0.00022382690314370793,-5.658330069615198e-5,-0.0005988559140604148,0.0037417994915320153,0.007547826153110205,0.02470312735994273,0.0035154953459373235,0.004236119805212884,0.014236981547704754,-0.004639846885326436,-0.013666972618471085,-0.00797791929674507
cube,316228,316228,33025,33026,512,m12-2-1,2026-08-04T21:23:52,173873,8.460768785416638e-5,0.00047691257200085544,-0.0002598376688282645,0.002307358677020739,0.007065004154458462,0.0013342026764318424,-0.015517974949744908,0.002910178977787796,-0.01739625905539001,-0.02805991740565886,0.002897539524605943,-0.005217537654808636
cube,316228,316228,33025,33026,512,m12-2-1,2026-08-04T21:23:52,174004,0.0005729594120329564,0.00016581202962068312,-0.0008873405590064132,0.006112175112601083,-0.009966820630036049,0.023919926177207267,0.01379382191709509,-0.00412781390655833,-0.007461765293085658,0.0073524081053277235,0.017478108999178486,-0.0019843612060426456
cube,316228,316228,33025,33026,512,m12-2-1,2026-08-04T21:23:52,174440,0.0003005675188624677,0.0009761785344109945,-0.001040125429088573,0.008688875612516588,-0.022029134273963087,0.007694600475716826,0.012246766008093093,0.018845017378533682,7.953934296718308e-6,0.036895029130036505,-0.000837797350943549,-0.027533892991050524
cube,316228,316228,33025,33026,512,m12-2-1,2026-08-04T21:23:52,174589,0.0014321636013859202,0.0006173258897421718,0.00013858196317048516,0.0009590718547600511,0.012376177227009977,0.00937244206689836,-0.007507259604570098,0.0028552661922314993,-0.02095599766657517,-0.004151373121418024,0.01739988940772192,-0.00381433804699129
cube,316228,316228,33025,33026,512,m12-2-1,2026-08-04T21:23:52,174693,-0.0003566608937275354,0.0003262863099151026,0.0017898701887108944,0.011618816191412078,0.0009614508489663871,-0.011088234652454418,-0.007880870353832286,-0.006902266137983032,0.003960190647433635,0.00030456695630492754,-0.02005918021115458,-0.004716550053428453
cube,316228,316228,33025,33026,512,m12-2-1,2026-08-04T21:23:52,174720,-0.001600543428117183,-1.7065406778859152e-5,0.0002804284142814225,-0.022970136065156136,-0.011447090338025736,0.011534901997800391,0.0048335102136188085,-0.0015067038900937269,-0.007129757496387665,0.016305456850201565,0.010771514738874595,0.024476839955248863
cube,316228,316228,33025,33026,512,m12-2-1,2026-08-04T21:23:52,176463,-0.0014400011887078454,-0.0005822961555054796,0.0005512170108746215,0.000652455991532512,-0.007345945348017992,-0.0009181138124388782,0.018574595048006338,-0.01811194747914528,0.011848106149457461,0.016712386837652898,-0.0023628255172209118,0.017459491487614307
cube,316228,316228,33025,33026,512,m12-2-1,2026-08-04T21:23:52,177317,0.00030437858797471374,-0.000174224701673594,0.00036930376243901126,0.017985153788873807,0.01606472932533992,0.01026482753971093,0.014313151339590517,-0.013410195806611232,0.005160093789917285,0.016486147303100235,0.01815403200200211,-0.004574957982262026
cube,316228,316228,33025,33026,512,m12-2-1,2026-08-04T21:23:52,177991,-0.0024970581487663043,-0.00032629376481281243,-0.0010682664984661232,0.011815475662763534,-0.01632300946088413,-0.013726450071338886,0.005351894852595664,-0.014027583863979662,0.02186111947547462,-0.0038916104243205767,-0.008732178859075864,0.0022121082012157177
cube,316228,316228,33025,33026,512,m12-2-1,2026-08-04T21:23:52,178154,-0.001034793114909199,-0.0007656665733313304,-0.0016615994461810094,-0.004527685729699035,-0.011446793820280278,0.020420773009546436,-0.019891961072098344,0.022308240838569162,-0.008977471347758476,-0.0054305150375891145,0.010923813851390048,-0.017780555108870704
cube,316228,316228,33025,33026,512,m12-2-1,2026-08-04T21:23:52,178296,-0.0015301959538462314,0.00075882574913578,-0.0003079478260736058,0.0029189151031643176,0.00574902047448267,0.023693292157210378,-0.007156225824155573,0.014579681373718963,-0.008686042362913756,0.00864998488302323,-0.019577766110073606,-0.017498596476883562
cube,316228,316228,33025,33026,512,m12-2-1,2026-08-04T21:23:52,178723,-0.00018755714038307017,-0.0007346905844209031,-0.0005933776543266173,0.013821457273237745,0.006625948147986439,0.01426602632364747,0.021636778353515962,-0.00019504004262750567,0.018805087093685793,-0.024935048577022178,-0.008382555346132666,-0.013626417230609963
cube,316228,316228,33025,33026,512,m12-2-1,2026-08-04T21:23:52,179914,-7.55955268513115e-6,0.00014688628288868436,-2.0516531398008196e-5,0.01188848036622139,-0.001462819554132136,0.013180792419414568,-0.0050990367672715834,-0.004518653181623845,-0.004723778042853134,-0.004603548859038716,-0.01071479991374837,-0.007369827184598048
cube,316228,316228,33025,33026,512,m12-2-1,2026-08-04T21:23:52,181281,0.00023231235728515741,0.0004260160874543331,0.0008001530453046109,0.007742933100506682,0.017200423090984084,-0.017071739322963617,-0.023815970013144436,-0.004936578439760063,0.01780327891503853,0.02598629664536568,-0.009441766752707003,-0.0028063546607466866
cube,316228,316228,33025,33026,512,m12-2-1,2026-08-04T21:23:52,181993,-0.0010941272073525866,-4.0696345113320034e-5,-0.00048574626466062686,0.0033349928829395055,0.00277646207438745,-0.007812960622259838,-0.0058413720087127224,0.0005751691864690644,-0.006806505965584877,0.013978483438802819,0.011867124271028439,-0.003910162069408527
cube,316228,316228,33025,33026,512,m12-2-1,2026-08-04T21:23:52,182518,0.000424690962561386,-0.000213161296618336,-0.0013374280870892762,0.00701816816734409,-0.008180111482854748,-0.011678523175928407,-0.009048195917253121,-0.00813606409172627,0.004113090358244262,-0.007237187530344471,0.0077627332607997455,0.0011178959243825445
cube,316228,316228,33025,33026,512,m12-2-1,2026-08-04T21:23:52,183717,-0.0016940708494171202,0.0009033288608384294,0.0001441287485938786,0.005655377186191706,0.016255884396421665,-0.0036701060473076697,0.004975371233373008,-0.006135226567815052,-0.0136273170118011,-0.03289437186453251,0.015425650601419648,0.00047984938162343475
cube,316228,316228,33025,33026,512,m12-2-1,2026-08-04T21:23:52,183765,1.4402603398103772e-5,-0.0001604849150177646,-0.0010012367103683947,0.003392785381070753,-0.01903102107692901,0.02424714306416594,-0.024203076806200707,0.024699515253700528,0.02561018201257005,-0.020456845503775172,0.004473689993480743,-0.02809230063477194
cube,316228,316228,33025,33026,512,m12-2-1,2026-08-04T21:23:52,183863,-0.0008427400808807635,-0.0016239518285805768,0.0021427531712752638,0.019345910838004212,-0.044069800722674524,0.02078733899203762,0.022211983632101102,-0.007875839838848587,-0.019704766049595042,0.0008211065624872548,0.00700133034021854,-0.011470070999155169
cube,316228,316228,33025,33026,512,m12-2-1,2026-08-04T21:23:52,184982,0.0011361791075556698,-3.204119495698336e-5,-0.0017065123466390771,-0.0035225008448393534,-0.003309284059475868,0.001527535971779612,0.0012375588070248989,0.006210965090096486,-0.022570191499034976,0.002479634768495946,0.007226981992762519,-0.002688464245257155
cube,316228,316228,33025,33026,512,m12-2-1,2026-08-04T21:23:52,185550,-0.00021925730292998865,0.0004536608418784408,-0.001324126165572418,-0.02367281905202545,-0.010913603859740387,-0.014067371419512253,-0.004678200149923314,0.022667561245391547,0.003830262996179096,0.0003504506775233221,0.004454503657604021,0.0010052578066331811
cube,316228,316228,33025,33026,512,m12-2-1,2026-08-04T21:23:52,185638,0.0011831443614026486,0.00014827245199698814,-0.0006182520961709179,-0.0039033183757793376,0.003923975882936219,-0.014381022741479075,0.004157950644599267,-0.009283673487847175,-0.011199082057861399,0.005109613726671888,0.029022004586359573,0.013186991863626497
cube,316228,316228,33025,33026,512,m12-2-1,2026-08-04T21:23:52,186855,-0.0014126089434999113,-0.0004828081193670212,0.0008964690763203665,0.00913440788850671,0.008479688810588413,0.023785854249309395,0.0124393476991789,-0.013261656336720936,-0.014049685411195795,0.0031591335547504814,0.023440981550900256,0.0041272484482146555
cube,316228,316228,33025,33026,512,m12-2-1,2026-08-04T21:23:52,187286,0.0011983056296202054,0.0007562292992126187,-0.0007910575130117396,0.0023471251268052124,0.014620221555500216,-0.01210991711009396,0.006677748979195941,0.0027472884704155317,-0.01918660417682584,0.0051966139162000985,-0.0007226951270008217,-0.005094413597220799
cube,316228,316228,33025,33026,512,m12-2-1,2026-08-04T21:23:52,187920,-0.0007130048560828529,0.0004834642480263878,0.0002575938474303497,0.0190401069103207,-0.005487662724100141,0.0007234902687876191,0.015944467622465274,-0.010288082407041526,-0.009969402922470352,-0.0002335775321818666,0.00539612943008827,-0.008752024503279053
cube,316228,316228,33025,33026,512,m12-2-1,2026-08-04T21:23:52,188387,0.0007127446202630765,0.0007833681602954564,0.0004620572455770277,0.000357642576343219,-0.00778847102679342,0.005788213063936703,-0.007647708361532878,-0.019957418865271657,0.0268654569640377,0.010676532283451067,-0.0034348870864570275,0.019599776288927975
cube,316228,316228,33025,33026,512,m12-2-1,2026-08-04T21:23:52,188533,-0.0003189035416065262,0.0005696390909336298,-1.2173217588272634e-5,-0.003929014076512465,-0.013661374108572193,-0.0042062594908455824,0.025758238092667033,0.007374225167071728,0.0028353242818380596,0.0029952302137852558,0.00515066783854243,-0.0034452110905591584
cube,316228,316228,33025,33026,512,m12-2-1,2026-08-04T21:23:52,188741,0.0014916275796279862,0.0011480487130814288,0.0002941815343828059,0.010492886894385316,-0.023075671154428257,0.013493850793817158,0.0008027259177044576,-0.009703874842640056,0.020220903046663418,0.0007010421296521909,-0.006167446839470569,-0.0007890120517453742
cube,316228,316228,33025,33026,512,m12-2-1,2026-08-04T21:23:52,189585,-0.0009722648251741624,0.0005551918287527746,-0.000650158844238551,0.004774241491140669,0.015140820370364674,-0.021258694327974035,0.00014787307581590778,-0.006455217367802137,0.018424676307610438,0.02136495941456476,0.009626695768921008,0.0016809758766618856
cube,316228,316228,33025,33026,512,m12-2-1,2026-08-04T21:23:52,190430,-0.0008355726329939714,-0.0005807843345910414,0.0013776758575789398,0.0046287613188818666,-0.011754588376922169,0.008139047059531952,0.004411956993393252,-0.010353554727194755,0.0064725349992833065,-0.010634833941943214,-0.025143057295525763,0.005724793408313373
cube,316228,316228,33025,33026,512,m12-2-1,2026-08-04T21:23:52,190552,0.001061387099745194,0.001345524312287708,0.0004556115913756409,-0.002145802237592442,0.002183798968676014,0.003133265328869406,-0.005300606926670516,-0.0010392423819777735,0.006928410829157473,0.004142146871738831,0.015839121444681283,0.0031850446195702217
cube,316228,316228,33025,33026,512,m12-2-1,2026-08-04T21:23:52,190783,0.00044412632374387446,0.0003694447362597842,0.0013161193999743192,0.015096236742851765,0.01740677223334004,0.0025916851056244235,0.0034016340949393894,-0.015612951871910778,-0.013262582420024323,0.0031402929876233198,0.01571008390223774,0.0005167151290591503
cube,316228,316228,33025,33026,512,m12-2-1,2026-08-04T21:23:52,190794,-0.00025668199672984284,0.00036820952342145834,-0.00047078144632571904,-0.011100339231474788,0.007724154337594741,0.009042968012533134,-0.0331240433597507,0.009793368230620273,-0.01899625224292082,0.002627054556161232,-0.017691378155200173,0.0013069710008546298
cube,316228,316228,33025,33026,512,m12-2-1,2026-08-04T21:23:52,192344,-0.000687587569156292,-0.0011104632768401195,4.480528109399835e-5,-0.003428572424890444,0.00044388479782384607,0.020574105120854554,-0.02057202788439635,0.001682086273126235,-0.016580628385444492,0.005113273504893539,0.01379028201701836,0.0017464861517642104
cube,316228,316228,33025,33026,512,m12-2-1,2026-08-04T21:23:52,192486,0.00035860980212765046,0.0010744216186479914,0.00016548535590325375,-0.010282775774527598,0.012031165799758882,0.006850635330017877,-0.032521951199704656,0.009769807513498891,0.009396743018961814,0.023701612761399756,0.0003300499940132629,0.0005129682610282494
cube,316228,316228,33025,33026,512,m12-2-1,2026-08-04T21:23:52,192753,-0.00022246951496080445,-0.00014599528028726193,-0.00043504270985539865,-0.014247192392031302,0.00764964271567751,-0.005165763709384844,-0.016531349790149936,0.003976372371910306,0.03848359912493259,-0.007863275468949393,0.0084685795339023,0.010270820020121491
cube,316228,316228,33025,33026,512,m12-2-1,2026-08-04T21:23:52,192862,-0.0012262231901325807,-0.00023607376844411498,-0.00042028900074273765,-0.007398234367861291,0.00614668617932334,-0.008054283798147585,-0.01553152669536561,0.007287268730387654,0.01536212481181452,-0.007110126920675642,-0.019289713826565743,0.0001109656374735905
cube,316228,316228,33025,33026,512,m12-2-1,2026-08-04T21:23:52,194775,0.0015116353556145995,-0.0008838473687859512,-0.0007591921599349761,-0.008193915099150765,0.0237360898304774,-0.013942407769634206,0.020216665234371135,0.010589353722506679,0.012970345295338928,-0.0005608833756784416,-0.009248418595263605,-0.002395438623355198
cube,316228,316228,33025,33026,512,m12-2-1,2026-08-04T21:23:52,197697,0.0013645405185564133,0.0017620407898511598,0.00036492267052471214,0.002925380495891581,0.028075685916537373,0.0006277491423823827,-0.01586834144237097,0.014497781619709051,0.00027144583407301935,0.0022661070753799595,0.024080908197602148,-0.01742316211560073
cube,316228,316228,33025,33026,512,m12-2-1,2026-08-04T21:23:52,198352,-0.0004660245874255631,-0.0011481177748893542,-0.001621024860325499,-0.0067690341145622,0.02155212848640697,-0.007673715795010588,0.001044024688047871,0.006630590044699432,-0.006151337549912346,-0.03794552099883607,0.022800095488429498,0.00013844406986275744
cube,316228,316228,33025,33026,512,m12-2-1,2026-08-04T21:23:52,198583,-0.0007111774913714118,-0.0009374292514311392,0.000690188750642315,-0.0011699740535224736,-0.008325609848862405,-0.004320246375623294,0.0029323572749933567,-0.007538906718721963,-0.0024678279617128783,0.01098185646560828,-0.00801912574973167,0.008708880772244463
cube,316228,316228,33025,33026,512,m12-2-1,2026-08-04T21:23:52,199046,0.0008355222273848233,-0.0006094056581986339,-0.00030548651216505884,0.022678557194814944,-0.013609613628087458,0.016041806341440725,0.01256939190731732,-0.00582328952206358,-0.02412928571513551,-0.01786769803923816,-0.006571072378188108,-0.01685526767275094
cube,316228,316228,33025,33026,512,m12-2-1,2026-08-04T21:23:52,200703,0.0002653872648691104,0.00033956209016594384,-0.001973755252201505,0.0024243846494074526,-0.030164729439273247,0.005293322818772244,0.018357074247082886,0.015406514224401051,-0.009485256338422307,0.02957662048525053,0.02324405170960011,-0.017830898873808797
cube,316228,316228,33025,33026,512,m12-2-1,2026-08-04T21:23:52,201894,-6.003673397685111e-5,0.00030437850018692563,-0.0007178435030973571,0.001277800565030572,0.012807646424104027,0.006977584015498716,-0.013646386147606458,-0.014731301673439128,-0.01621727951167915,0.014113574806201677,-0.009219240188206447,0.013453501108408742
cube,316228,316228,33025,33026,512,m12-2-1,2026-08-04T21:23:52,202384,-0.00047368416291107047,0.0004376071491259824,0.0004648890166207217,0.0058654906494190594,0.002963042679316812,-0.0011744070172550487,0.019790615413702195,0.0045952306540526676,-0.0009783106751584739,-0.0116247496739616,0.0009100666454651886,-0.010460721303472214
cube,316228,316228,33025,33026,512,m12-2-1,2026-08-04T21:23:52,202883,0.00018475488126814694,0.000735562177219798,0.00017635014851294416,-0.002648546961195951,0.011242172620112671,-0.008649002532366678,0.0018062604049082726,-0.017677083638367275,0.012675554838474254,0.016534378936816252,-0.009267047535274074,0.020325630599562945
cube,316228,316228,33025,33026,512,m12-2-1,2026-08-04T21:23:52,203098,0.000427337304682065,-1.8119439586558472e-5,-0.0012072004250118621,-0.003607163670582285,0.021521046259876976,0.004799240109896135,-0.034716713748823055,0.019286260831422705,0.014761618614803533,-0.004251574197500693,-0.008702440621465194,-0.015679097160840837
cube,316228,316228,33025,33026,512,m12-2-1,2026-08-04T21:23:52,203644,-0.0002933135461034545,-0.0011082069206526791,-0.0007370687468528014,-0.004043580921838523,0.007698593209196,0.014881260581159607,-0.003047828649840833,-0.0077653969641523135,-0.023404963767083523,0.005938958714486413,0.0020542115230991103,0.011808977885990744
cube,316228,316228,33025,33026,512,m12-2-1,2026-08-04T21:23:52,203650,-0.0013146673575144014,-0.00024598099735348075,0.0005400756269790969,0.004041241862294457,0.01821287841553432,0.010261787779331347,0.01163436235321039,-0.009546911952117746,0.0008683245479556647,0.005654480982994345,0.028371678797269505,0.005505670089823216
cube,316228,316228,33025,33026,512,m12-2-1,2026-08-04T21:23:52,204296,-0.0013553268767320223,-0.00038806462721412854,0.0016784649564434016,0.009236201524018156,-0.03669786101581656,0.03976790284948839,0.011740739236637432,-0.0034687472568568556,0.005831091055774163,-0.004234254129813854,-0.012406503757039021,-0.005767454267161524
cube,316228,316228,33025,33026,512,m12-2-1,2026-08-04T21:23:52,204626,0.001657515069037329,-1.2557634904324734e-5,0.0007746904876830795,0.007124589572292041,0.004569300211984338,-0.031335609214592865,-0.03244597651497194,-0.004226654485472173,0.006066737276311832,0.0029042397427386435,0.03532875745361652,-0.0028979350868200346
cube,316228,316228,33025,33026,512,m12-2-1,2026-08-04T21:23:52,205583,0.0003574825693328643,-5.0488196391903637e-5,-0.0016938745521353528,-0.005574628862751984,0.013697957505618417,0.0012250358842602045,0.0073774024401113475,0.006825457469566286,-0.01691959214767565,-0.005192543887014169,0.0012259658072339568,-0.0012508286068145696
cube,316228,316228,33025,33026,512,m12-2-1,2026-08-04T21:23:52,206083,0.0017126277881051367,5.286346070290624e-6,0.0005788149556214891,0.006694024881988526,0.026771930938791925,0.012479352378157046,-0.0014324946014168218,-0.018116666055351612,-0.0036880398906454152,0.005079331778523786,0.008533844300135587,0.011422641173363304
cube,316228,316228,33025,33026,512,m12-2-1,2026-08-04T21:23:52,206893,0.000576045543783389,0.0009564385720830145,0.0009516174819235995,-0.008778145755385183,-0.010878929214838589,0.001724520325452493,0.0081443349588602,0.009350665609819927,-0.019098346626417236,0.002383662250570967,-0.006010897004167763,-0.0005725198544344039
cube,316228,316228,33025,33026,512,m12-2-1,2026-08-04T21:23:52,207646,-6.914816396825288e-5,-0.00015178705969749056,-0.00037334906376515557,0.02119435645405461,0.0005360072276348754,0.01172881012539264,-0.0165862236058262,-0.00999827835657778,0.007997491427526236,0.00240179959435585,0.02312401817296754,-0.011196078097477604
cube,316228,316228,33025,33026,512,m12-2-1,2026-08-04T21:23:52,209076,-0.0008073950859242249,-0.0007946663491492167,-0.0008188004260837097,-0.020267107954794406,0.011318392993208623,-0.0002642337031100537,-0.005440907813170016,-0.003922995082055278,0.02269190683240638,-0.000867971093532033,-0.03214735452222018,0.02419010303685123
cube,316228,316228,33025,33026,512,m12-2-1,2026-08-04T21:23:52,209268,4.157502215357166e-6,-0.0002845355021652024,-0.0011370319212859904,0.003097451847725418,0.005352686164754529,0.019189489009143006,0.011203940840600259,-0.00670396394425939,-0.005479054813714972,-0.01783393665480504,0.004863638863970201,0.0036065120965335525
cube,316228,316228,33025,33026,512,m12-2-1,2026-08-04T21:23:52,209674,-0.0009021040479312828,-0.0004371557996914302,-0.0007519997549845323,0.00887881218923483,-0.010961041330999987,0.0021551068795035958,0.006760039365412028,-0.001285073285703308,-0.01606560663360527,-0.0020216268389985697,-0.01567529258407937,-0.007593738903531254
cube,316228,316228,33025,33026,512,m12-2-1,2026-08-04T21:23:52,209839,0.0003480093104489442,-0.0013822803140636293,-0.0015565701189358975,0.0043804125387601955,0.01786305825229889,0.02071971735945862,-0.0007215483299401744,-0.00275930092809431,-0.025372724613331225,-0.045136688648706166,0.016349971178264047,-0.0016211116106660275
cube,316228,316228,33025,33026,512,m12-2-1,2026-08-04T21:23:52,210056,0.0008765853237199186,-0.00031595919474630344,-0.0006259919603571743,0.0021196704855108227,-0.007340658721894845,-0.0005529485105231609,0.011235419560913899,0.001986445211898115,-0.002882364323763778,0.03265863886302192,-0.021251031287057565,-0.0041061156974088915
cube,316228,316228,33025,33026,512,m12-2-1,2026-08-04T21:23:52,210270,-0.00230098561326841,7.78177616295362e-5,0.0002218572166143196,0.014182210933392702,0.0005663811703299705,-0.0010925438053684337,0.0011154050333280299,0.008069782461153004,-0.01108198372770996,-0.006765913959160192,0.003811140848729719,-0.02225199339454674
cube,316228,316228,33025,33026,512,m12-2-1,2026-08-04T21:23:52,210766,0.000687297240040508,0.0004093736875106237,-0.0013487787539731332,0.003364076524481651,-0.01572583625916985,-0.01454060958898555,0.0040602294532187545,0.0168059569888039,0.0073985013315208134,0.009866388407005969,0.02407410881131776,-0.020170033513286147
cube,316228,316228,33025,33026,512,m12-2-1,2026-08-04T21:23:52,210843,0.000608650086080095,-0.0008240056169465882,-0.0006157291398275321,0.005762618262751463,-0.01612302935680803,-0.015379693779721822,-0.005068801523204995,0.011964015308144846,-0.02248576701721243,-0.01363311471612878,0.0007942356308165612,-0.017726633570896516
cube,316228,316228,33025,33026,512,m12-2-1,2026-08-04T21:23:52,211093,0.00014981269718782877,-0.0007083473907804853,0.0014413646353607496,0.004022319113765031,0.021105057081323545,0.02578254854380611,-0.025420690137088114,-0.0016888610114605363,0.007336031202094983,0.006564382346010441,0.015640301633815187,-0.0023334581023042498
cube,316228,316228,33025,33026,512,m12-2-1,2026-08-04T21:23:52,211633,-0.0005037181695748674,0.0008717960686550207,-0.0012777087993219968,-0.007510783515752387,0.015194538434649322,-0.0009640399091688968,-0.02292793910091199,0.012713224160790505,-0.001237816113288811,0.011404450800143134,-0.009678388073779902,-0.005202440645038472
cube,316228,316228,33025,33026,512,m12-2-1,2026-08-04T21:23:52,211989,0.0009418379987726689,0.00016520403410328813,-0.001445779000154378,0.014857213457346067,0.021737768415422427,-0.014007632332220583,-0.005602234613262631,-0.012518552160438968,-0.02659107493415534,0.0191082975066731,0.024427541708722154,-0.0023386612969068686
cube,316228,316228,33025,33026,512,m12-2-1,2026-08-04T21:23:52,213507,8.896231809551405e-5,0.0011520930470052717,-0.0011820173260934015,0.009172969792399245,-0.004802985331763241,0.0033026253095809126,-0.006316906225655229,-0.007713038013959671,0.0031733273535605694,-0.00690124040577589,-0.0169027165920074,-0.001459931778439885
cube,316228,316228,33025,33026,512,m12-2-1,2026-08-04T21:23:52,215098,0.001547582538537782,0.0011325948208944126,6.59713853121313e-5,0.0214152520657932,-0.0085951274571965,-0.0299149412196182,-0.004096489076024352,0.004467220002084988,-0.015015572038205801,-0.013840364653358129,0.01908023545483182,-0.025882472067877527
cube,316228,316228,33025,33026,512,m12-2-1,2026-08-04T21:23:52,215110,0.002186757857277319,0.0011353769234333914,-0.0011594894500417173,0.00047266851959941035,0.03705352618445894,0.0052919405370421,-0.011899249039414967,0.01255480378130813,-0.007024090607469072,0.0008418569540993861,-0.004955834334561141,-0.013027472300907408
cube,316228,316228,33025,33026,512,m12-2-1,2026-08-04T21:23:52,215707,0.000488575244539491,-0.0008352776875835666,-0.001245766036176815,0.005440717075467489,-0.010099364677166971,-0.0106120215472921,-0.011355250451418044,-0.012156348980604368,0.0074863520201834295,-0.004440968340712988,-0.012314655914939071,0.006715631905136957
cube,316228,316228,33025,33026,512,m12-2-1,2026-08-04T21:23:52,216381,0.00010676750571438713,1.0701907247618983e-5,0.00018167210786244415,0.005170808443482904,0.03176176983941747,-0.0025657794222293585,-0.0027418360730911613,0.004369549807744112,0.018845425054650092,-0.0008380426766084535,-0.012018200406689529,-0.009540358251227265
cube,316228,316228,33025,33026,512,m12-2-1,2026-08-04T21:23:52,216569,0.0006854935342550151,0.00039515944491656503,-5.4761119140081264e-5,-0.010282068046187448,-0.018694470152684335,-0.006717268570614534,0.025334975173564745,0.0049470631888726925,-0.017438958109562176,0.007299839196395278,0.014026806990799195,0.0053350048573147894
cube,316228,316228,33025,33026,512,m12-2-1,2026-08-04T21:23:52,216815,-0.0010572686395199074,-0.0009534776389054364,0.001372843194515149,-0.0074856978893871025,0.0075032973824884375,0.015592249841348545,-0.008679246564745443,0.0049707630550688995,-0.01871750223785589,-0.014087752841241474,-0.004397104441472408,0.0025149348343181414
cube,316228,316228,33025,33026,512,m12-2-1,2026-08-04T21:23:52,216977,0.0012610990050956083,0.0010748151162436063,-0.0015919468441220551,-0.0005813821710960922,-0.010615146161579688,0.007836979601290268,0.0019713346800238466,-0.0065410891141418435,-0.004248280478866862,0.014320583971508675,0.00207566335463004,0.007122471285237812
cube,316228,316228,33025,33026,512,m12-2-1,2026-08-04T21:23:52,218858,0.0012294185040144375,-0.000751743924834376,-0.00098854892911964,0.003482971623704954,-0.016528996904400708,-0.0011516087822055288,0.02106723040458315,-0.01154260563277161,0.010810601399044125,-0.01679124281659081,0.03890609692376269,0.008059634009066957
cube,316228,316228,33025,33026,512,m12-2-1,2026-08-04T21:23:52,218984,0.0004861836787918904,7.008887758448849e-5,-0.0007021684646381637,-0.009145549888746458,0.017883250158340493,-0.0020457827249997958,0.022617534702810208,-0.004873787713808738,-0.003053344928165026,0.015647235920940666,-0.0040723126467413955,0.014019337602555365
cube,316228,316228,33025,33026,512,m12-2-1,2026-08-04T21:23:52,219571,-0.0014331259019777366,-0.0016841003908121244,-0.0011939268835536342,0.0070538717780053,-0.0023446448390742865,0.005176563566124471,0.01232455317708874,-0.0056134143398288835,-0.004233354182571528,-0.0013234599216681328,0.0010425158608524331,-0.001440457438176721
cube,316228,316228,33025,33026,512,m12-2-1,2026-08-04T21:23:52,219849,0.0006031053142908215,-0.0005138395531021564,-0.0006911880128408612,-0.011147111921867243,0.016353645264009405,-0.005509931574036614,0.0013479275544399172,0.014091049120165044,0.0002042020095563377,-0.01578966548854386,0.016338183549683305,-0.0029439371982981043
cube,316228,316228,33025,33026,512,m12-2-1,2026-08-04T21:23:52,219990,0.0008610331041406851,-0.00035720875785048725,-0.001655581573614334,0.006364048798306214,-0.00954793442440033,0.021834572341330367,-0.016635313392077584,0.0013045492261445375,-0.008572641951756298,-0.012684755221635447,0.006546102219673512,-0.007668598024450727
cube,316228,316228,33025,33026,512,m12-2-1,2026-08-04T21:23:52,220130,-0.0006160959315510307,0.0004150330175012302,0.00011033393836765455,-0.001169548300919459,-0.006048763403670879,-0.006572682202774834,0.020739880351979358,-0.006844307498295184,-0.012560102993417099,0.012560917428354128,-0.025661134992610583,0.008013855799214712
cube,316228,316228,33025,33026,512,m12-2-1,2026-08-04T21:23:52,220231,0.000405584690834123,-0.0008921820365670435,0.0017273126366960864,-0.021034529623347627,0.028598931523291314,0.007391132301257735,-0.02826525615529427,-0.0009016150736179796,-0.005998205649393492,-0.0028299129477673815,0.008873299588585144,0.02193614469696548
cube,316228,316228,33025,33026,512,m12-2-1,2026-08-04T21:23:52,220309,-0.0007405675418572323,-0.0003538046275516743,-3.3079163122225206e-5,-0.003561205298443159,-0.013578036471171989,0.0006801209607702116,0.01289546113684486,-0.009218847145442105,-0.023031943732630986,0.006318086945827509,0.022266879906998684,0.012780052443885803
cube,316228,316228,33025,33026,512,m12-2-1,2026-08-04T21:23:52,220322,0.001012036887326366,0.0009216293676115393,-0.000181579040071248,-0.0031902075057985524,0.02335651939874371,-0.0048946486223600235,-0.019571827256103826,0.012929113710674678,0.014015481434068862,-0.012586518805944306,-0.008178631586844986,-0.009738906204876052
cube,316228,316228,33025,33026,512,m12-2-1,2026-08-04T21:23:52,221256,-0.000837359204127364,0.0008528373635299498,-0.0005014621585177546,0.006878984241254656,-0.0025777447985225106,-0.00018344830171599616,0.005485481763456238,-0.0012850261169581228,-0.0011657047882251599,-0.00048177495812829147,-0.001373984728660714,-0.005593958124296522
cube,316228,316228,33025,33026,512,m12-2-1,2026-08-04T21:23:52,221667,-7.88492003481024e-5,0.0011215652507076733,-9.660685076473645e-5,0.005729060394459268,-0.006925972817317153,-0.00013881350552917763,0.002382395801585175,0.005009270309623985,-0.004421705320354895,-0.015937647554853954,-0.018496101714102063,-0.010738330704083237
cube,316228,316228,33025,33026,512,m12-2-1,2026-08-04T21:23:52,222424,-0.0008281572762185473,-0.001370897781716493,-0.0007428101528056538,0.01307678353712592,-0.014982146175204518,0.007604904673509534,-0.01217753609943315,-0.0031959218191576736,-0.02425678989290906,-0.01364436492015123,0.010863649925031579,-0.009880861717968138
cube,316228,316228,33025,33026,512,m12-2-1,2026-08-04T21:23:52,222680,0.0012226561704814494,0.00019307899258366374,0.0007673007851164845,0.021191582678160025,-0.000888754426444855,0.007450555569249714,0.00848050425491378,-0.02761322049026602,0.021040453740026596,5.6999866324204835e-6,0.02200505219096734,0.006421637812106209
cube,316228,316228,33025,33026,512,m12-2-1,2026-08-04T21:23:52,223424,-0.0012092319896262734,0.000513451890202076,5.4418425012671365e-5,-0.002930078828839196,0.03129536494466917,-0.0017292010025263796,0.010251388355950028,0.007657839318973973,-0.022058435845469047,0.007165197722408771,0.015677541336008856,-0.004727760490135005
cube,316228,316228,33025,33026,512,m12-2-1,2026-08-04T21:23:52,223802,-0.00080643027593855,-0.001896956316025077,0.00032129004762982734,8.518061100638302e-5,0.002373726592982123,0.004757677410016265,-0.021146049885688998,-0.02474146671368634,0.01007024956196294,-0.006850850895588888,0.009061372283178331,0.024656286102679496
cube,316228,316228,33025,33026,512,m12-2-1,2026-08-04T21:23:52,225275,-0.00044785185179699435,-0.0012959827505921225,0.0007080653497333281,0.016518019161635367,0.005554327714066871,-0.0018762144508699453,0.00238643824457668,-0.0033928049431670303,0.005002858374013637,-0.017415878869716492,-0.03280251877036585,-0.013125214218468921
cube,316228,316228,33025,33026,512,m12-2-1,2026-08-04T21:23:52,226531,0.0006306936549136779,0.0005157861371842149,-0.0010700844845117903,0.00212288292657242,0.014797415398960503,-0.008585961428641866,-0.03957452177698356,-0.00791271493038868,-0.0144829780102148,-0.02882815305749467,0.010592548290812177,0.005789832003816593
cube,316228,316228,33025,33026,512,m12-2-1,2026-08-04T21:23:52,229199,0.00043715874015943834,0.00031093762028318816,0.0013886711522840412,0.009624035795076693,0.0063011305317333816,-0.004953827513477962,-0.012067967887159041,0.009872181815382281,-0.014580485421104307,-0.011843160740305952,0.01017758296426157,-0.019496217610458916
cube,316228,316228,33025,33026,512,m12-2-1,2026-08-04T21:23:52,229924,-0.0004141001833788591,0.0006787883377914196,-0.0008048492457498925,-0.0006959787001816211,-0.01884836577291503,-0.01307636971975738,0.03891443633225163,0.014185736236754077,0.0019625891319808506,0.00633940387054822,-0.03333697700521307,-0.013489757536572422
cube,316228,316228,33025,33026,512,m12-2-1,2026-08-04T21:23:52,232216,0.0001782887825901049,-0.0003623195996344935,-0.0007661842070928553,0.010612808102550645,0.018003959266518,-0.008950166995851022,-0.005675452829592732,0.019675831264117528,0.028139955787466364,-0.0024811275096270225,-0.023549364388461558,-0.030288639366669194
cube,316228,316228,33025,33026,512,m12-2-1,2026-08-04T21:23:52,235397,-0.0016360471222193098,-0.0016979439006265878,-0.0004283071344737124,0.011941263874098228,-0.00897072034732153,0.019218267046840976,0.007581643828462573,-0.009560306352939129,-0.008642333995029755,-0.005294610327469802,0.020637681851046696,-0.002380957521158883
cube,316228,316228,33025,33026,512,m12-2-1,2026-08-04T21:23:52,235432,0.00035941191053605396,-0.0014676869716614492,0.0020936912070301248,0.024418797595842673,-0.02146147896204986,-0.007988960135406441,-0.005778024796266909,-0.0031354525533254245,0.01647202541185723,0.006758387745398387,0.008645863459340613,-0.021283345042517485
cube,316228,316228,33025,33026,512,m12-2-1,2026-08-04T21:23:52,235637,-0.00042026258190313193,0.0005507470562987774,-0.0010908863144473144,-0.0063070203990799635,0.02228376760476881,0.019107966571477314,-0.004388359785755314,-0.001469060463452996,0.003233192074349407,-0.001275285981138662,-0.010308360453346073,0.007776080862532998
cube,316228,316228,33025,33026,512,m12-2-1,2026-08-04T21:23:52,237996,-0.0007506632592611257,0.0004457892217544391,0.0012450514655848294,-0.009731404588717655,0.031598192486234286,0.03623202133908126,-0.029184358377051644,0.008867536721050796,-0.019188326181399512,0.009258259039019263,0.01173284801578749,0.0008638678676665254
cube,316228,316228,33025,33026,512,m12-2-1,2026-08-04T21:23:52,239768,0.0007649670523563447,-0.00045974854113170694,-0.00020527506546866544,0.022791351815812346,0.001799285482770063,-0.024147982365285724,-0.05038530127725187,-0.007319898347675967,-0.011381923514135391,0.0191025652620609,0.008091492886804278,-0.015471453468136307
cube,316228,316228,33025,33026,512,m12-2-1,2026-08-04T21:23:52,240139,0.0007539323200052064,-0.000779479074524844,-0.0010682050895247115,-0.0024035312063141285,0.0065278387612773695,-0.021113329719336067,0.01700710377262438,-6.009122007683702e-5,0.017843052260983778,-0.0027613315901869554,-0.00900194653063874,0.002463622426391148
cube,316228,316228,33025,33026,512,m12-2-1,2026-08-04T21:23:52,241123,-0.001332527944237938,-0.0010276405401792798,0.0028297914884962802,0.025381858298430898,0.020156981428897575,0.00398732670460097,0.007142262172440326,-0.014815972438013837,0.02881925867208508,0.020856163116737488,0.01621496776609047,-0.010565885860417045
cube,316228,316228,33025,33026,512,m12-2-1,2026-08-04T21:23:52,241272,-0.000672955413536703,0.001959349443493399,3.9685694310035027e-5,-0.010707418375403012,-0.005022285805852226,-0.028258089093159983,-0.006661091242552479,0.014144959531321359,0.010021519415554465,0.014800838269922232,-0.005517892895772429,-0.0034375411559181067
cube,316228,316228,33025,33026,512,m12-2-1,2026-08-04T21:23:52,242252,-0.0011251367265433054,-0.0013255966630882539,0.000992957963309429,-0.010031099630707389,-0.01538859602775685,-0.017408597478920703,-0.010365807127411758,-0.007057004054024937,-0.003126723412695486,-0.004806119979046195,-0.013191406227931395,0.017088103684733274
cube,316228,316228,33025,33026,512,m12-2-1,2026-08-04T21:23:52,243825,-0.0014183715754310286,0.0007045089205450803,-0.0009174141120313603,-0.00765995192262662,-0.0481116283105578,-0.008315700861563186,-0.00563617218197939,0.005639310147445818,0.0026976411183717982,-0.01100955647899409,0.029207061272716946,0.0020206417751806815
cube,316228,316228,33025,33026,512,m12-2-1,2026-08-04T21:23:52,244386,-7.826176700202163e-5,0.00040030097626650023,0.0007083921537743018,-0.004089571610111251,0.009702442175474347,0.014918257048654822,0.0016483474367031828,-0.008577181415175055,-0.004798759400533965,0.0022866362346182765,-0.007321243309235219,0.012666753025286385
cube,316228,316228,33025,33026,512,m12-2-1,2026-08-04T21:23:52,244612,-0.0006486075002831696,0.0005509492941519621,-0.0013588315291609909,-0.004655059121055553,-0.04831701514465896,0.008931202693114629,0.00490024334855229,0.0022672797611461644,-0.017868126839585084,-0.011718536917157322,0.002589304769992501,0.0023877793599092066
cube,316228,316228,33025,33026,512,m12-2-1,2026-08-04T21:23:52,244715,-0.0014264158927136338,-0.0005091860386011748,-0.0003672141230765669,-0.011589909788606911,0.02257180193442019,0.0003414189991510549,-0.007258567416401935,-0.0014350953032474067,0.016351784128061528,-0.015260264034114287,0.016691429362302685,0.013025005091854043
cube,316228,316228,33025,33026,512,m12-2-1,2026-08-04T21:23:52,245021,0.0009758623772773713,0.0005963303829859902,-0.00047075868274305837,-0.005284612355602148,-0.012413128275232048,0.003941441105453699,0.016710863469094176,0.005304529769884822,0.008279536529226975,-0.0009628499824370773,-0.018697730429750793,-1.9917414282688584e-5
cube,316228,316228,33025,33026,512,m12-2-1,2026-08-04T21:23:52,245523,0.0009149317782601415,0.00031743063507994664,-0.0006529475590886567,0.0034731755837966592,-0.003614968961516883,0.004228447122971085,-0.011898845402930926,-0.0019507014252301109,-0.002766861858586506,0.006504196380778181,-0.0014471272809136219,-0.0015224741585670178
cube,316228,316228,33025,33026,512,m12-2-1,2026-08-04T21:23:52,247650,0.002079217552777918,1.7479315060927915e-5,0.0011624903889990454,-0.0025387493878909124,0.020453060973943754,-0.012691567623203412,-0.006648406547322813,0.010569929083132888,-0.00878473481924427,0.00110533686923967,0.011407646345206248,-0.008031179695242143
cube,316228,316228,33025,33026,512,m12-2-1,2026-08-04T21:23:52,247725,0.000591703347965526,-0.00016005017875698674,0.0013600290254902807,-0.005048880802670635,0.016983192888703806,-0.00017683810957191693,0.0036427551526657825,-0.00029242770275943235,0.01129833217125858,-0.008320937700351416,0.005317720496194768,0.005341308505429995
cube,316228,316228,33025,33026,512,m12-2-1,2026-08-04T21:23:52,247897,0.0010833785381752221,-0.0016739885961104864,0.0006243098508449086,-0.005418329894307663,0.021223661372452633,0.0027896216599756474,-0.03432131464902222,0.010587734339571513,-0.011314293731754518,0.004036174878744112,0.020181223522500537,-0.005169404445264148
cube,316228,316228,33025,33026,512,m12-2-1,2026-08-04T21:23:52,248425,-0.0009913841557978125,-0.0022472553116796527,0.00028251077774054837,-0.0022402175606942762,0.0016391598796831755,0.011488363403522637,-0.022023622214898057,-0.02418543985772251,0.015988375515657387,-0.00875416954444887,-1.9652346843940597e-5,0.026425657418417663
cube,316228,316228,33025,33026,512,m12-2-1,2026-08-04T21:23:52,249380,-3.072654631402161e-5,-0.0001516865874431774,0.00035938692982848304,0.0019925109175840446,-0.014690138689946015,0.02102186892850605,0.0010092083041908612,-0.008913271894195607,-0.01285206685336691,0.004119531102441118,0.0027537849601855257,0.006920760976611301
cube,316228,316228,33025,33026,512,m12-2-1,2026-08-04T21:23:52,249833,-0.0003420682500988115,0.00020566569664488455,-0.0003610056529263428,0.01357138170879962,0.025475123958839184,0.010827445919458886,-0.009184368484150229,0.008355632869693604,-0.03480586244894465,0.007775511044444042,0.006805503024110936,-0.02192701457849337
cube,316228,316228,33025,33026,512,m12-2-1,2026-08-04T21:23:52,249985,7.467395156292859e-5,0.000316733163322279,-0.0004150310739324574,-0.0016579401992400861,-0.032829711502189794,-0.0001926952227056317,-0.009968562226827361,0.0010929941757978918,0.0011862234808911012,-0.006919508467047945,0.006577414620461836,0.0005649460234421988
cube,316228,316228,33025,33026,512,m12-2-1,2026-08-04T21:23:52,249993,0.0008065867625958352,-0.00040840079107185804,0.001342256052187148,-0.0036159091716886985,-0.01588367734340036,-0.008275405011923061,0.025957572388202763,0.015527782245284645,-0.009666560816882358,0.00021332144274856441,-0.005346278691537723,-0.011911873073596091
cube,316228,316228,33025,33026,512,m12-2-1,2026-08-04T21:23:52,250186,0.0008461581759198445,-0.0003464758620947638,0.00013369825916060985,0.008806115835411604,0.02040822997317556,0.016153511891296622,-0.017162550879610092,-0.009478046911551753,0.0007480268396578084,-0.0042549780471816965,0.01584464585741326,0.0006719310761396925
cube,316228,316228,33025,33026,512,m12-2-1,2026-08-04T21:23:52,250384,-0.002508862846321912,-0.0002207038158290513,-0.00042501963503862727,-0.009076227953665007,0.0025450583688959136,-0.008277669826047863,-0.011273520236263894,0.00830549291759832,-0.008009009773511624,0.00551235544930741,0.0007357747565610934,0.0007707350360667761
cube,316228,316228,33025,33026,512,m12-2-1,2026-08-04T21:23:52,250713,0.0006983376582418221,0.001513351942431919,-0.0013650250103416498,-0.013683183637252393,-0.012209684609527682,-0.017675405790655328,-0.0010554185702936394,-0.01785027037714138,-0.003715860826431727,0.0046405639434209086,-0.022153791023949862,0.031533454014394224
cube,316228,316228,33025,33026,512,m12-2-1,2026-08-04T21:23:52,250748,-0.0020217490536212366,-0.00038775280808019884,-0.0009947771301197122,-0.0030078949218185986,0.0026354740982778156,-0.0004096118170062498,-0.017499620977984912,-0.0007092616852827754,-4.596128616905771e-6,-0.0019832664753775173,0.0029182786812121495,0.0037171566071013723
cube,316228,316228,33025,33026,512,m12-2-1,2026-08-04T21:23:52,251603,-0.0010239700389992818,0.0005201190140824596,-3.439516476188153e-5,0.0016593529182249054,0.016947705492174465,0.026848350287491506,-0.007098195745383725,-0.006355279278831085,-0.004972839305491989,-0.012316425955761646,0.008858711451072218,0.004695926360606245
cube,316228,316228,33025,33026,512,m12-2-1,2026-08-04T21:23:52,251716,0.0006469552649784628,0.0009069573973297184,-0.0021005032178529983,-0.029342271195870424,-0.013926563126496233,-0.01375715801405334,0.03961159822998526,0.005648657284218403,-0.02020458384325492,-0.006928085844665281,0.00026748855158027665,0.02369361391165192
cube,316228,316228,33025,33026,512,m12-2-1,2026-08-04T21:23:52,251973,-0.00046999966396940856,-0.0005059687680518076,0.00034235971512897365,-0.005618703822574533,-0.005310137004527515,0.020592925062871987,-0.020039469792245662,0.022442254254992477,-0.014863731747726584,-0.022064484344239237,-0.019714869471350076,-0.016823550432418354
cube,316228,316228,33025,33026,512,m12-2-1,2026-08-04T21:23:52,253326,-0.0004497819291903795,0.0009224092662068879,-0.00022857577898851967,0.006289574468931067,0.02159864679059604,0.008421619532271189,0.010723995569920874,-0.004182992759025866,-0.0031661388648169054,-0.021760863900832827,0.005019251418367586,-0.002106581709905243
cube,316228,316228,33025,33026,512,m12-2-1,2026-08-04T21:23:52,253856,-0.0005387835875125233,-0.0008564833089024983,0.0017708838104787254,-0.004699414489402444,-0.016870174063003254,0.03306297337212091,-0.016448570821908513,-0.006620521402637359,-0.00910837332200096,-0.014534509047879994,-0.021521033440119353,0.011319935892040339
cube,316228,316228,33025,33026,512,m12-2-1,2026-08-04T21:23:52,253889,-0.00015153972552270904,0.0003551092415466313,-0.00012054488719089292,-0.0059596058106359115,-0.005989589758428759,-0.006927023722791176,0.010805302514779918,-0.012267446595324907,0.02252681849111758,0.03724055224583645,-0.01638892716806942,0.01822705240596158
cube,316228,316228,33025,33026,512,m12-2-1,2026-08-04T21:23:52,254438,0.0006929705149975405,0.00034702138203255493,-0.0006266101678324824,0.020821305549780084,-0.015145433823890353,0.00768836847707334,-0.0007203223717779161,-0.008699409068948432,-0.0008832790787748286,-0.012147470564102454,-0.00266376458552531,-0.012121896480832103
cube,316228,316228,33025,33026,512,m12-2-1,2026-08-04T21:23:52,255119,-0.000630370850907157,0.0009878246374400834,0.0005114102130109187,-0.013736291749965317,0.003808744982760849,-0.0008279837600167046,0.003259580429985063,0.010249054152648669,0.0011367626121949932,0.017603256117752153,0.013712755572973754,0.003487237597316182
cube,316228,316228,33025,33026,512,m12-2-1,2026-08-04T21:23:52,255958,-0.00023145541435402387,0.0009164301182698602,0.0008662074811787718,-0.005593518842141216,-0.028650887175464414,0.01797130057472966,0.01252600867888408,0.003985934443860098,-0.009842892083330617,0.007261195884929965,-0.002066196262088867,0.001607584398281305
cube,316228,316228,33025,33026,512,m12-2-1,2026-08-04T21:23:52,257118,-0.000381294798907442,0.00022261345156126213,0.0002985025823702295,0.009710547405982019,-0.019041150058871217,0.005532299657927558,0.005238315829960329,-0.0038820713566741585,0.01830323989338562,-0.0007205279105845293,0.01959428506816276,-0.005828476049307817
cube,316228,316228,33025,33026,512,m12-2-1,2026-08-04T21:23:52,257915,-0.00018616970772107508,-0.0009399511812360705,0.0006937847907185341,0.0035552022802996224,-0.0007621280857365032,0.0115935613764736,0.0053050179614804105,0.001075083881781858,-0.01255860920771776,-0.021285472514761577,0.007530452189656083,-0.004630286162081579
cube,316228,316228,33025,33026,512,m12-2-1,2026-08-04T21:23:52,258003,0.00011445884312213677,-0.0007853748252728434,-0.0001268983717990179,3.014215877443186e-5,0.006740972300647777,0.002060196108133804,-0.027092257025287222,-0.010143554584310505,-0.004391921477905445,0.02178129667590289,-0.005034460386086335,0.010113412425536294
cube,316228,316228,33025,33026,512,m12-2-1,2026-08-04T21:23:52,259166,-0.0008069165178564779,0.0009769489976213031,-0.0016524139250680397,0.0021658737490720284,0.023525869566141396,0.0063947392354855885,0.01662844351689769,-0.011099323692615041,-0.00042831806035844607,-0.01709736337368173,-0.009292836027931684,0.008933449943543144
cube,316228,316228,33025,33026,512,m12-2-1,2026-08-04T21:23:52,259669,6.434702548276904e-5,0.0006599156256386709,0.0006886178184558694,0.0045582414297194295,-0.021634887187103914,-0.0028200414957426484,0.01581371772072445,0.007047799651844338,0.02822104925884461,-0.019782628155821356,0.0020557710434230586,-0.011606041081563939
cube,316228,316228,33025,33026,512,m12-2-1,2026-08-04T21:23:52,261880,0.0010265184645815901,0.0017655057877590343,0.0005837757574367611,0.01905654572152119,0.01028668592833353,-0.015417677839623199,-0.018199467850104366,-0.01086468611903958,0.007347293020130597,-0.03289841816463046,0.010005280318527075,-0.008191859602481701
cube,316228,316228,33025,33026,512,m12-2-1,2026-08-04T21:23:52,261918,-7.495741275786515e-5,0.0013761035395506466,-2.4333394208320117e-5,-0.006270093185426951,-0.012477286597641806,0.015690901112197172,0.025518153186260238,-0.0019411671174868832,-0.0012704782087984818,0.014033731694919302,0.0032704827714830948,0.008211260302914112
cube,316228,316228,33025,33026,512,m12-2-1,2026-08-04T21:23:52,263180,0.0013119692801123587,-0.0002810261126835318,-0.0004186380439963774,-0.0061503659400332766,-0.01531558041681429,-0.014636166000071326,0.0054598606153456915,0.0140804317762829,0.01596205511362803,0.0024814015059850003,-0.018959309755449655,-0.00793006583624887
cube,316228,316228,33025,33026,512,m12-2-1,2026-08-04T21:23:52,264827,0.0005651715923012353,0.0007537952927083317,-0.0009041617641641773,0.011335833103026037,-0.016786667172076664,-0.0122724846397451,-0.0010948340764297202,0.0011228391546762462,0.007386164004021108,0.02208019510656567,-0.004211394169084662,-0.012458672257702683
cube,316228,316228,33025,33026,512,m12-2-1,2026-08-04T21:23:52,265256,0.00188184185238159,0.00039563534707900885,-0.000827849670523403,0.004464989852930727,-0.008191188839568818,0.03528407227036236,0.024909800007902935,-0.004419989004598031,-0.017889312415231434,-0.007899500345736681,-0.002963344274701301,-4.500084833256576e-5
cube,316228,316228,33025,33026,512,m12-2-1,2026-08-04T21:23:52,266180,-0.00020920343474816836,-0.00035352437961213223,-0.0005289654747884232,-0.001874236916178384,0.004816967301575535,-0.0015642668521429284,-0.0077663826210310144,0.006269106392165984,-0.006677339452141058,0.01043746670061092,0.012350557300450392,-0.004394869475987499
cube,316228,316228,33025,33026,512,m12-2-1,2026-08-04T21:23:52,266989,0.0011641144519153898,-0.00019977629871928076,-0.0008176036749380082,0.009101792946912938,-0.01875940930042888,0.015271882135394788,0.011093152317355357,-0.010301233725684632,0.018245028001490606,-0.006931819600822578,-0.027478280264729288,0.001199440778771674
cube,316228,316228,33025,33026,512,m12-2-1,2026-08-04T21:23:52,267196,0.000503157672881171,0.0010389666149949125,-2.317617210272609e-5,0.004783343458215203,0.00492445928347965,0.00621463663530334,-0.010797449188178768,-0.01164008262858894,-0.005258126089670042,0.00653257628031983,-0.013439017035655015,0.006856739170373784
cube,316228,316228,33025,33026,512,m12-2-1,2026-08-04T21:23:52,267766,-0.00041576628947696966,-0.0008017557325331408,-5.4837536255660933e-5,0.004194447901032277,0.022481361844576192,0.000586946423957887,-0.01288237201785474,-0.014776079935297623,-0.006210645676493294,-0.005078311729995506,0.0036243341806747494,0.010581632034265123
cube,316228,316228,33025,33026,512,m12-2-1,2026-08-04T21:23:52,268080,-8.301600877228133e-5,0.0008613063170583638,-0.002036405669209614,0.0014722869874058304,-0.009991674582375645,-0.010847387376143503,-0.0027247937743617497,-0.013878372178313092,0.015995336375812984,0.006566218586184868,0.001571504655816542,0.012406085190907133
cube,316228,316228,33025,33026,512,m12-2-1,2026-08-04T21:23:52,268260,0.0008614362413001542,0.0006076540305315764,-0.0003587890800037522,-0.006516626705900168,0.0332672866869752,0.0029126877355383314,-0.0024354540457219853,-0.0035160776161156267,0.023867588545268895,0.015754573628686774,-0.010790013412943535,0.010032704322015962
cube,316228,316228,33025,33026,512,m12-2-1,2026-08-04T21:23:52,268670,0.0006761342623373807,0.001571592279160697,-1.0064687968667668e-5,0.016755334412053378,-0.011646385482761737,0.01564037739112117,0.014395965399091886,-0.009718248898044474,-0.005502671260467996,0.0003656236662158031,-0.019141943355915132,-0.007037085514008886
cube,316228,316228,33025,33026,512,m12-2-1,2026-08-04T21:23:52,268755,-0.0001979081534254763,0.00047119576597715604,-0.0004911979593183239,0.0008815372225083128,0.01874584234710818,-0.009948143674108722,-0.006830201500998376,0.006682648626786247,-0.005967025812298662,0.020163219587679162,-0.019897518983390323,-0.007564185849294781
cube,316228,316228,33025,33026,512,m12-2-1,2026-08-04T21:23:52,268965,0.0007442736997252576,0.00024200503566694875,0.0004790039635826517,0.0039740435027587695,-0.004169792758312646,-0.0021978368345333264,-0.007070191474743455,-0.0035919960114833695,-0.007083148825932446,-0.0019290233468179934,0.0006996170600079282,-0.0003820474912754007
cube,316228,316228,33025,33026,512,m12-2-1,2026-08-04T21:23:52,268981,-0.00020484657295869835,0.0004532631961023943,0.0007328958927750203,0.00032260909690501116,0.018359011942234,-0.00939138327733084,0.013829248117190475,-0.0014364627424245239,-0.019328189544093575,0.039198742290685686,-0.010295048931432326,0.0011138536455198341
cube,316228,316228,33025,33026,512,m12-2-1,2026-08-04T21:23:52,269088,0.000322105599772834,0.0006904197543844352,-0.0004630068533429322,0.005405327396485627,0.007080978140226905,0.020362706899623797,-0.011530847098023923,-0.015051207422858879,0.010827984196171783,0.009701959224677632,0.003836333537386132,0.009645880026372995
cube,316228,316228,33025,33026,512,m12-2-1,2026-08-04T21:23:52,269679,-0.0005512664772688477,5.666190173068339e-5,-0.00022985060790353743,-0.01981679700630172,0.013247074060821686,0.011481699651058025,-0.007249493004425322,0.015275563773634251,0.011921679861727572,0.017303229803973884,0.027691016777075087,0.004541233232667594
cube,316228,316228,33025,33026,512,m12-2-1,2026-08-04T21:23:52,272151,0.0009348337294527327,-0.00025665446743502925,0.00013143937344901595,0.00010399148860133366,0.0014956623743725324,0.0006158534663210055,0.013843672760169056,-0.001371124891793944,0.0006309255385974211,-0.00866527334530287,-0.01215952628052164,0.0012671334031927686
cube,316228,316228,33025,33026,512,m12-2-1,2026-08-04T21:23:52,274459,-0.0003863787769421896,9.702557176176429e-5,-8.959968349729971e-5,0.018906757733300313,0.008983824121708317,-0.008030316228765547,0.0031010106441324253,-0.01112607788898999,-0.009515539408493003,0.009214075338601862,-0.004040970000516439,-0.007780679844309921
cube,316228,316228,33025,33026,512,m12-2-1,2026-08-04T21:23:52,275181,-0.0018725406704307634,2.287838375671913e-5,0.0013286025331392774,0.009610982231225591,0.001064279468559983,0.007377105740223122,0.005398638441307906,0.010842711147472485,-0.0011164830538131225,0.0019348342721756753,-0.0071063720285719735,-0.02045369337869786
cube,316228,316228,33025,33026,512,m12-2-1,2026-08-04T21:23:52,277498,-0.0004829225433236838,0.0004962722126960001,-0.0011823789414963442,-0.0032117870146452284,-0.004374986724178535,0.005586904482031135,-0.00936163732215717,0.0015298197677976486,0.003947514912979498,0.011914278512961545,-0.0014600737670993564,0.0016819672468476234
cube,316228,316228,33025,33026,512,m12-2-1,2026-08-04T21:23:52,277912,0.0005951708323849498,0.0005824028228570693,-0.0004920306423351942,0.003812721129334545,0.0068124064174012264,-0.013541892996208879,0.013937132329166378,-0.00760840834776679,0.022828943682002917,0.008343771163845878,-0.005709259015784717,0.003795687218431953
cube,316228,316228,33025,33026,512,m12-2-1,2026-08-04T21:23:52,278774,-0.0013559640418166327,-0.0007880327945850003,-0.00034327862515637185,0.0012710966978139262,-0.01600943638825058,-0.00798225698670216,0.028227936344487038,-0.009070600157919587,0.00534255212260153,0.03151901571932323,-0.004473888768446186,0.00779950346010557
cube,316228,316228,33025,33026,512,m12-2-1,2026-08-04T21:23:52,279603,0.0009139666617253403,0.0004937486005976833,0.00015053118542663864,0.003981023668064789,-0.004458865606926713,-0.006473453045201412,0.009153774054448983,-0.0046134817048212465,0.006243969674722073,0.005016323192527478,-0.006186221175633417,0.0006324580367562012
cube,316228,316228,33025,33026,512,m12-2-1,2026-08-04T21:23:52,279836,0.00091167846073981,-0.0008024974222805147,0.0005367254262022165,-0.015606248234361764,0.008422115252190181,-0.00032783640258172005,0.016497429514062554,0.004721801877821671,-0.0036687008812432333,-0.015247734523687885,-0.0018532855721146452,0.010884446356539807
cube,316228,316228,33025,33026,512,m12-2-1,2026-08-04T21:23:52,279957,-0.0002456393635387242,0.002132231922869426,-0.0016293462033613341,0.01128487931628931,-0.004877288400742986,-0.018081597089364097,0.01855550746336141,0.0029782602650180994,-0.004329189826670241,-0.012048287753768074,0.0017124060836468666,-0.01426313958130724
cube,316228,316228,33025,33026,512,m12-2-1,2026-08-04T21:23:52,280124,0.0019675259075692692,-0.0004661813786239564,-0.0015006199494174187,-0.010404884450634023,0.009244822519412277,0.0053135468390914115,-0.0012293894305519361,0.0036890368434112954,0.01291302579237626,-0.03200544786455652,-0.002570030121574534,0.006715847607222645
cube,316228,316228,33025,33026,512,m12-2-1,2026-08-04T21:23:52,281127,-0.0004051620177071509,0.0013804543534744538,8.128960116057576e-5,0.003892749797583701,-0.0023555688402754466,-0.008853410450471463,-0.0050356930471374284,0.002378337160126363,-0.007894902942460575,-0.0037440988006813424,-0.020950968566324554,-0.006271086957709993
cube,316228,316228,33025,33026,512,m12-2-1,2026-08-04T21:23:52,281224,-0.0017570949240185959,-5.023741292772954e-5,-0.002029666611588489,0.003994911706634837,-0.01716726701181226,0.013189066920502812,0.019401476913630672,0.007974842357161368,-0.0167231683842237,0.008930219878829302,-0.01266594761718672,-0.01196975406379605
cube,316228,316228,33025,33026,512,m12-2-1,2026-08-04T21:23:52,282580,0.0007289683585713742,0.00039366161661221,0.00024225019752478993,-0.009208541664030465,0.004598873874281685,0.00838013603451157,6.369737179389588e-5,-0.0028354844297482414,0.038787979598174205,-0.0020714117542603113,-0.02595584604964195,0.012044026093779046
cube,316228,316228,33025,33026,512,m12-2-1,2026-08-04T21:23:52,282932,0.0007150168888110386,-0.0002404086416437262,-0.0013287140018471632,0.0009922121406006706,-0.0018292509623883916,-0.006356057299895245,0.0017507898455200346,-0.004084181890506913,-0.026260829248758603,-0.00196946487264743,0.006504832305923845,0.0030919697499064078
cube,316228,316228,33025,33026,512,m12-2-1,2026-08-04T21:23:52,283810,-0.000561124130232729,-0.0005822306552128642,-0.0021263528861277872,-0.024703543275519806,-0.027423272296717927,-0.0003465168486266825,0.04181871147205672,0.02422877108025586,0.010962768105530991,0.0005337524212213552,-0.003528940863573817,0.00047477219526418534
cube,316228,316228,33025,33026,512,m12-2-1,2026-08-04T21:23:52,284631,0.0008922787739604132,0.0004483462444743876,-0.00033194587375699384,-0.009866228420986563,0.022337947709226525,-0.01518539686737225,-0.000631064029246217,-0.007692992393760384,0.0005714110083506915,0.007344213378796015,0.005340938503288675,0.017559220814746472
cube,316228,316228,33025,33026,512,m12-2-1,2026-08-04T21:23:52,286555,0.0008727817845734021,0.000776260193207331,-0.00013331236539561127,0.005558111071414807,0.012479617030127281,0.0286086303391862,-0.0035570829781915183,0.00965118558628783,-0.012929230571978055,0.0029988010973167486,0.003237207791748613,-0.015209296657702725
cube,316228,316228,33025,33026,512,m12-2-1,2026-08-04T21:23:52,286563,0.0005306241290168166,0.00042608228706341486,-0.0005946107059700444,0.0053914927895187,0.00394204054663012,0.014416504591672706,0.010641697359667534,-0.013155361132902504,0.016918074739354215,-0.0059586604518429434,0.010070771600721744,0.007763868343383857
cube,316228,316228,33025,33026,512,m12-2-1,2026-08-04T21:23:52,286566,-0.0005480824339980164,-0.0003590506884047577,-0.0002911374385697137,0.017872531579155432,0.0024991090235368884,0.009385446681551111,0.029556471082906585,-0.006533679708467261,0.019386200613506877,0.012902739491840575,-0.001412405955189082,-0.011338851870688057
cube,316228,316228,33025,33026,512,m12-2-1,2026-08-04T21:23:52,286909,0.0007525455503684334,0.00029692254292365723,0.000661531412816933,-0.021458611278627145,-0.01386771760714112,-0.000923318778452038,0.0027202421332033952,0.021254524945988076,0.011976400318471643,-0.0020230013197409216,0.013534067717465504,0.00020408633264062045
cube,316228,316228,33025,33026,512,m12-2-1,2026-08-04T21:23:52,287119,-0.0007917615436410773,-0.0013642174045410218,0.0004225181151358461,0.0006516262062073682,-0.011632647146312541,0.009891627509116456,0.003789131759565671,0.01190551607099761,-0.0028352213999453487,-0.008741825399830417,-0.0014312712098944345,-0.012557142277204975
cube,316228,316228,33025,33026,512,m12-2-1,2026-08-04T21:23:52,289096,-0.00046386210560106733,0.00047625055749560204,0.0013318637020314078,0.016654969504704135,0.013838769461897283,-0.005192279650592384,0.0005398792194018736,-0.014194333635496922,0.014200851236773235,-0.018087356845725096,0.007297828748679247,-0.002460635869207334
cube,316228,316228,33025,33026,512,m12-2-1,2026-08-04T21:23:52,289882,-0.0016986723608733883,-0.0003261913016194722,0.0008597427845946496,-0.008392803083705932,-0.009319719549691545,-0.019934090931620845,0.0068714039380326965,-0.00948109885193046,0.004209091204189071,0.007015708212195646,-0.009047723472418489,0.01787390193563623
cube,316228,316228,33025,33026,512,m12-2-1,2026-08-04T21:23:52,290093,0.0010578768439552747,-0.0003116202956471106,-0.00026443750952097653,-0.006584189695050372,-0.0006347235872334149,-0.02138378054542227,-0.0006843742661149493,0.008962896745226056,0.0032921426703334967,0.00441669809402421,0.007809528145454046,-0.0023787070501758148
cube,316228,316228,33025,33026,512,m12-2-1,2026-08-04T21:23:52,290754,0.0013009921899589194,-0.00030771820168598905,-0.0009054385615115603,0.012394664977044868,-0.0056507002311252524,0.025640257244886215,0.02196306084872619,-0.0032330124042256898,0.01003288783249395,-0.013555219014263039,-0.006356410011339656,-0.009161652572818821
cube,316228,316228,33025,33026,512,m12-2-1,2026-08-04T21:23:52,291990,-0.0016977955590003642,0.0006101859182588651,0.00020041710362489712,0.015794016297985936,-0.0017167250066010993,-0.006454007299183237,0.00680292773330698,-0.010674399281135467,-0.010692384092618074,-0.004538794527035224,-0.010153694261566114,-0.00511961701685027
cube,316228,316228,33025,33026,512,m12-2-1,2026-08-04T21:23:52,292587,-0.0011378011303477653,3.311414287689146e-5,8.006022721608647e-5,0.00443187795364739,0.010444410521815313,-0.0092281194299105,0.0025221861591029518,-0.005218423053674169,-0.005759381582449527,-0.004804254547422692,-0.0013731340059353536,0.0007865451000269448
cube,316228,316228,33025,33026,512,m12-2-1,2026-08-04T21:23:52,292697,-0.002038664740655093,-0.00037387805586378204,0.0001592012804339959,-0.011146959975222442,0.018958528426355262,-0.0037627694830018707,0.02040065806397883,-0.011761163690291855,0.010510145759197637,-0.023458329227902534,-0.02829808803263026,0.022908123665514344
cube,316228,316228,33025,33026,512,m12-2-1,2026-08-04T21:23:52,295239,0.002610210254560856,-0.0002090161026793098,0.00045993472723141143,0.009239908288884168,-0.008337183669607685,-0.03707794408125136,0.015791562447691008,-0.006949505497509416,-0.0007870446967268834,0.014818087449686181,0.016140306850530063,-0.0022904027913739308
cube,316228,316228,33025,33026,512,m12-2-1,2026-08-04T21:23:52,295398,0.000591328589872784,0.0011738087881372156,0.0008105059698973058,0.007747864507356837,-0.012577412078004472,-0.006225913486459494,-0.0007802423163349589,-0.004003879823462824,0.027471452678643028,-0.005786169138565804,-0.02053944016431787,-0.003743984683893808
cube,316228,316228,33025,33026,512,m12-2-1,2026-08-04T21:23:52,295549,0.001680844299023554,0.00029884733993092594,0.0007452236638032069,0.007170653311170225,0.016508564879163582,0.006468905241322285,0.014671354424659971,-0.01534181968597527,-0.001539706237755806,0.00395762891587701,0.005429033938297273,0.008171166374805553
cube,316228,316228,33025,33026,512,m12-2-1,2026-08-04T21:23:52,295860,0.003063292107255933,-0.0017436379031492367,-0.0021333828253795573,-0.003392218316075035,-0.007255668412594368,-0.02483579820941992,0.020678295479892462,-0.0020143052842353853,0.003609886685800664,-0.0028006826931494333,-0.01163728172919678,0.0054065236003103465
cube,316228,316228,33025,33026,512,m12-2-1,2026-08-04T21:23:52,296017,0.001455963758798416,0.000867317730216783,-0.00274267739626936,-0.003392037549358734,-0.006529877335077482,-0.0060268259760968826,0.01392608229652323,-0.00701965265622204,-0.004639315924729468,0.007179144916461267,0.005910233328728538,0.010411690205580528
cube,316228,316228,33025,33026,512,m12-2-1,2026-08-04T21:23:52,296797,0.0008575446481903637,0.0010279371021118652,-0.0010789694331638877,-0.010478775084128955,0.014670837172999052,-0.012559575276155909,0.009726960180508379,0.02319982153447835,-0.023887672882617225,-0.005687650556957967,0.0035948349059515177,-0.012721046450349037
cube,316228,316228,33025,33026,512,m12-2-1,2026-08-04T21:23:52,297372,-0.0009501017597754377,-0.0008557569039520455,-8.240822327439194e-5,0.020276201619768803,0.014426992128997038,0.013882149253291027,0.008624861144189058,-0.014644743621732396,0.009418762080035128,-0.020739413666833555,-0.02291701345198614,-0.005631457998035956
cube,316228,316228,33025,33026,512,m12-2-1,2026-08-04T21:23:52,299073,0.0017888570252182468,0.0005367167504777558,-0.002688638664556615,0.0020735405806279676,-0.0037001835726236977,0.010143991843791965,0.01936729096868016,-0.0020441570534946935,0.01939408654470124,-0.0063174778303216345,-0.0019736324852929156,-2.9383527133458824e-5
cube,316228,316228,33025,33026,512,m12-2-1,2026-08-04T21:23:52,300089,0.0013107202709379154,0.00014859714987957467,-0.0005843907959874275,0.003621616884247461,0.023119606098181127,-0.00304794611285965,-0.00816803324382245,-0.0020217204278718585,0.009229817094488004,0.0053765706042075475,-0.010854686186111887,-0.00159989645637568
cube,316228,316228,33025,33026,512,m12-2-1,2026-08-04T21:23:52,300437,0.0004991341310452808,0.00040825951117119766,-0.00016546243467197326,-0.002898328942814409,-0.02409864680491394,0.010752188107584743,0.016305911552771,0.012416923691930534,-0.040672389958266233,-0.033707296051011124,0.012528111366580157,-0.009518594749115575
cube,316228,316228,33025,33026,512,m12-2-1,2026-08-04T21:23:52,300847,-0.0004227288122044316,0.0014726929890723304,-0.0007544440951974191,-0.011594011207654253,0.014241490631530315,0.004130434913838791,-0.02652833474679301,0.017240000072383032,-0.04097508503490131,0.008408219901920548,0.007101632889478515,-0.00564598886472906
cube,316228,316228,33025,33026,512,m12-2-1,2026-08-04T21:23:52,301362,-0.0025917683951406155,0.0011280634676555826,0.0002394638036015452,-0.00013709725126775116,0.029316428975277704,0.017970190886398302,0.01835942488728015,-0.009146715862661012,-0.012087722574318147,-0.00955988971833143,0.004203301281793106,0.0092838131139288
cube,316228,316228,33025,33026,512,m12-2-1,2026-08-04T21:23:52,301527,6.92210624088935e-5,0.0011850288769415507,-0.00029751727398450784,0.013040492686012966,-0.010445398823643095,0.027236141851746762,0.00912572905607065,-0.0035227666692567296,-0.0021100667757604926,-0.015288017109827141,-0.01706275825978128,-0.009517726016756232
cube,316228,316228,33025,33026,512,m12-2-1,2026-08-04T21:23:52,302683,-0.0011554428541685306,-0.0010564857205033593,-0.0010390246233989472,0.002437653005879012,0.013883248953865366,-0.015297646639149277,-0.013480760446538348,-0.016695628054556245,-0.005043103122590125,-0.0044922679275928796,0.033966835291208364,0.014257975048677693
cube,316228,316228,33025,33026,512,m12-2-1,2026-08-04T21:23:52,302894,-0.00013520114027150168,0.0018280804291853612,-0.0001394681533162376,0.005607547170172617,-0.003680630235368205,0.016662407737446257,-0.0003660194487080099,-0.0036258415151488193,0.021693192145171094,-0.002621733318251535,-0.007946007673132782,-0.0019817056550230595
cube,316228,316228,33025,33026,512,m12-2-1,2026-08-04T21:23:52,303806,0.00044440636170916495,-0.0005790646546543777,0.0010218630461856274,-0.009853417087493403,0.008774538453817,-0.014415620383072644,-0.015927379440950854,-0.009356706439811237,-0.017450371282007705,0.0018046675732154166,0.004936644736941403,0.01921012352730416
cube,316228,316228,33025,33026,512,m12-2-1,2026-08-04T21:23:52,304278,-0.0007259711082479033,0.0006394940890600185,0.0004324036396718241,-0.0014655365250414076,0.006109961993696942,0.009169073955092706,-0.002046217140450101,0.010026083693964315,-0.009061578422484461,-0.010142638454924574,0.003127258202046704,-0.008560547168923025
cube,316228,316228,33025,33026,512,m12-2-1,2026-08-04T21:23:52,304597,-0.000646024280314339,0.0004191519563162622,-0.0005671500344072511,0.004099338778331825,-0.0077317215300835695,-0.0036500758045444896,0.004789364497761462,-0.011411804773976575,-0.016309130702758932,0.027308466434530738,0.007010667442041147,0.007312465995644669
cube,316228,316228,33025,33026,512,m12-2-1,2026-08-04T21:23:52,304624,0.00023463412232718785,2.421476370222917e-5,4.48316929881926e-5,-0.00328220980486489,0.00023398891899652075,0.02843070873200357,-0.003914831705361419,0.0008453528725484145,-0.004591333942606873,-0.005405589862896751,0.011029987406209226,0.0024368569323164565
cube,316228,316228,33025,33026,512,m12-2-1,2026-08-04T21:23:52,304887,-0.00029745619945240775,-0.00027802526720576787,-0.0005362596415434971,-0.003661003563362211,0.003512631639989739,0.005379507953405534,0.031306678929800075,-0.010771686774155097,-0.011015738934210775,0.01607582193911346,-0.021013144253881316,0.014432690337517188
cube,316228,316228,33025,33026,512,m12-2-1,2026-08-04T21:23:52,305276,-0.00027181352837452993,-0.0006843515852391519,0.00034446700812846805,-0.005742613270960323,0.004559424674064102,-0.0003950928025473213,-0.008677262255695714,-0.009759731439811114,-0.005840636018679485,-0.0179571256975264,0.013195540912974979,0.015502344710771254
cube,316228,316228,33025,33026,512,m12-2-1,2026-08-04T21:23:52,306053,-0.0003002996384672762,-0.0006077113022551722,-0.001282659961281603,0.03158552156994507,0.02180427124724146,0.0015950555409338502,-0.011227528312394555,-0.018895802346220757,-0.008828851637493399,0.005662313281004394,0.007059068395815906,-0.012689719223723295
cube,316228,316228,33025,33026,512,m12-2-1,2026-08-04T21:23:52,306839,-0.0024788989489200226,-9.727396221565454e-5,3.9470338664480425e-5,0.0002553424836669901,-0.009272421917782096,-0.003046248840590607,-0.017904103943043814,-0.0036503067419436175,-0.003595619104204553,0.0075463455642483055,0.006543301586266856,0.0033949642582764743
cube,316228,316228,33025,33026,512,m12-2-1,2026-08-04T21:23:52,308106,0.0008551122571645923,0.00041800374972616783,-0.00027481210790968155,-0.005041157224291279,0.020081335344434778,0.020242125005039552,-0.020626239481289967,0.003617271274523882,-0.023471905109661045,-0.004259796271553723,0.0012757980019369457,0.0014238859497673324
cube,316228,316228,33025,33026,512,m12-2-1,2026-08-04T21:23:52,308649,-0.0008084513135138969,0.0010438816722099025,0.00022974904352856732,-0.004269407160090132,-0.017216664064173163,0.00560697296064852,-0.021289510062974384,0.004766853208006667,-0.011532407988626158,-0.0011537500739706734,0.016045142920655574,-0.0004974460479166201
cube,316228,316228,33025,33026,512,m12-2-1,2026-08-04T21:23:52,309037,-0.0003251199054933964,-0.00045635866762486156,-0.0010051052784661983,-0.014702388025208058,0.02018282124807301,0.022410032906648874,-0.01704829910936328,-0.01693604971884377,-0.009082664249259586,0.007685836384496702,0.013715370934778105,0.03163843774405171
cube,316228,316228,33025,33026,512,m12-2-1,2026-08-04T21:23:52,309120,0.0009586884180285019,0.0008918493587547634,-0.0015289598844649846,0.0011145907633809129,0.021195474522297045,-0.00576995282002026,0.004612767777657133,-0.006940989954894573,0.005245634173111577,-0.022164666506209612,-0.013957361728990496,0.005826399191514014
cube,316228,316228,33025,33026,512,m12-2-1,2026-08-04T21:23:52,310028,0.0014432452923798527,-0.0002954465335429495,-9.001024974842882e-5,9.151967819593726e-5,0.0016025706642867946,-0.01618268648816812,0.01525612479963172,-0.008802653603694645,0.011106826178690955,0.004066102943942653,-0.029996960974637533,0.008711133925498703
cube,316228,316228,33025,33026,512,m12-2-1,2026-08-04T21:23:52,310557,8.860418283138045e-5,-0.0015020091693895368,-0.00039261831825021634,0.007283848966677224,0.0008425894303634422,-0.007242786290289978,-0.009607139268846685,0.0004868061490091277,-0.0140916102556537,-0.001771877441232882,-0.0031693264434573386,-0.007770655115686222
cube,316228,316228,33025,33026,512,m12-2-1,2026-08-04T21:23:52,310869,-0.0008454747254093118,-1.619226372526344e-5,-0.00018902246683617592,-0.0055018428568877915,0.004550121325632506,0.017817675975869158,-0.005041345920281108,0.010635224322515794,0.003224529270416491,0.016274985304004442,-0.0017259728473492974,-0.005133381465628106
cube,316228,316228,33025,33026,512,m12-2-1,2026-08-04T21:23:52,311034,-0.0010575291908182856,-0.0011826993619148988,-0.00212107357907063,-0.0007724035745561406,0.0053074160263769906,-0.00570071243246341,-0.008771246321945597,-0.00030921527073485863,0.035107543032593655,-0.007016220298183097,-0.004246718670798562,0.0010816188452912072
cube,316228,316228,33025,33026,512,m12-2-1,2026-08-04T21:23:52,311700,0.00010157080450444832,-0.0005813555552621495,0.00015870902961430324,0.007349619118000093,-0.009029153135082287,-0.0041733054131739885,-0.012947025068587574,-0.007726262565806584,-0.0018728525724321537,-0.00044395877004206754,0.004051103870120287,0.0003766434478061452
cube,316228,316228,33025,33026,512,m12-2-1,2026-08-04T21:23:52,312295,0.0008483395810106761,0.00014271587259545316,-0.00015173606710924603,-0.007175434729422016,0.01666036088535861,-0.006214073033225246,0.036071956185897036,0.012737438660317396,-0.010205723609724212,-0.0037232629292733373,0.016978367550251325,-0.005562003930895456
cube,316228,316228,33025,33026,512,m12-2-1,2026-08-04T21:23:52,313199,0.0011943877516689197,0.0018970952596327458,-4.3629360474643426e-5,-0.007807923776247723,-0.01359196086266545,0.004115338811370359,-0.014424370293730794,-0.001028978760383342,-0.01927459754591326,-0.003357782175571166,0.02199340347613171,0.008836902536631061
cube,316228,316228,33025,33026,512,m12-2-1,2026-08-04T21:23:52,313818,0.0014531824354960068,0.0003704448926850967,-0.0020343043764111672,0.0043809223764554725,0.01042847278227894,-0.038113736353773915,0.002582080792206973,-0.003556127731525794,-0.018959253873706693,-0.006855559787453629,0.010264026316972895,-0.0008247946449293634
cube,316228,316228,33025,33026,512,m12-2-1,2026-08-04T21:23:52,314608,0.0019297713419411315,0.0012497966298579406,0.0011983448290163263,-0.009589700816747562,0.008141655070057699,-0.01186369797019386,0.01402584088635701,0.0013783485311935331,-0.021250080206214536,-0.0023908914860850876,-0.011010977239011283,0.00821135228555395
cube,316228,316228,33025,33026,512,m12-2-1,2026-08-04T21:23:52,315031,-0.00034818933809332,-0.0006466323090964646,-0.002093931640745019,0.011580104812973278,0.006929336311821633,0.00776884557491405,-0.004718250454013371,-0.012590551368547354,0.015719797601749328,0.006840643817353472,-0.018927981357444564,0.0010104465555737787
cube,316228,316228,33025,33026,512,m12-2-1,2026-08-04T21:23:52,315635,-0.0004744923837847841,-0.0003398165667035245,6.603213937091996e-5,-0.004712265345817494,0.012271698799449605,0.009450831988494963,0.0025160848185502276,0.009829148547079095,0.03617329872273795,-0.010988610994083612,0.027149270166790647,-0.005116883201261614
cube,316228,316228,33025,33026,512,m12-2-1,2026-08-04T21:23:52,316028,-0.0005231322741298723,-0.0006081575306237656,0.0029411742755937826,0.009935832012914408,-0.011452549089403892,-9.841700841420693e-5,-0.007536203225016961,-0.005428770956365369,-0.0025256307654198296,-0.0016349389097519713,-0.006435148992978905,-0.004507061056548529
