case,n_target,n_actual,seed,sampler_seed,samples,host,timestamp,index,ux,uy,uz,j11,j21,j31,j12,j22,j32,j13,j23,j33
ring,316228,306495,33025,33026,512,m12-1-29,2026-08-05T00:29:46,360,-0.0008592444342701818,-0.19008537398714226,1.6851132056406517,-0.20776653867467937,-0.0011732022391609566,-0.06305393938156514,-0.0011732022392262663,-0.4673015682144365,-13.94903611904257,0.07557061367573838,16.718023172521306,0.6750681068891158
ring,316228,306495,33025,33026,512,m12-1-29,2026-08-05T00:29:46,667,0.0008713205205962923,0.06424879645467799,1.542877588873581,0.06954176784033693,-0.0009470980123460447,-0.24002760231040432,-0.0009470980123232994,-0.0002818097552198494,-17.698980110982934,0.2305380585881945,16.999247063704207,-0.06925995808511769
ring,316228,306495,33025,33026,512,m12-1-29,2026-08-05T00:29:46,1052,0.0014441828628948875,0.06388709734895738,1.3663974213976917,0.06840032206441155,-0.0030186180470195886,-0.42328441525565225,-0.003018618047018641,-0.06506767834961419,-18.72506130528364,0.3820840263813108,16.902457449171834,-0.003332643714794402
ring,316228,306495,33025,33026,512,m12-1-29,2026-08-05T00:29:46,1267,0.029200396018742768,1.2917536906220322,-0.16241825907798732,1.2567947045645815,-0.11953020242685856,-0.295059542741413,-0.1195302024263597,-4.028225413395011,-13.052708362071597,0.11284407092393235,4.991944115663689,2.7714307088302164
ring,316228,306495,33025,33026,512,m12-1-29,2026-08-05T00:29:46,3058,-0.055350614912193,-0.940835573897424,-0.6812030125398825,-0.8629690928870485,0.37769197536171395,-0.48745087294120615,0.37769197536174776,5.534722232362291,-8.28556507489433,0.49842547886013877,8.472108615096088,-4.671753139475118
ring,316228,306495,33025,33026,512,m12-1-29,2026-08-05T00:29:46,3358,-0.07642588171750828,-1.1254284081088732,-0.08358772297773974,-1.0945894043975883,0.18998521789755649,-1.011889185161735,0.18998521789740136,1.6901838043224413,-14.900826908984845,0.9370928135209845,13.799394258471567,-0.5955943999249055
ring,316228,306495,33025,33026,512,m12-1-29,2026-08-05T00:29:46,4139,0.005481617336632678,0.06366787842539791,1.3663974213977594,0.06748547549124888,-0.011418312198698538,-1.606640854567427,-0.011418312198697638,-0.06415283177645431,-18.660809086084306,1.4502584657899869,16.84445921977554,-0.003332643714792932
ring,316228,306495,33025,33026,512,m12-1-29,2026-08-05T00:29:46,4159,0.06342689305909252,0.7366905546654243,-0.4728876064823716,0.695248850897106,-0.1471112370414911,-1.195832689847969,-0.14711123704147622,-1.000752614749243,-13.889355210104998,1.2511873696458666,14.532288637816576,0.3055037638521134
ring,316228,306495,33025,33026,512,m12-1-29,2026-08-05T00:29:46,7580,0.029224562621699843,0.18317663910521428,0.988777966944687,0.18325016155570095,-0.07070543148605206,-2.8571702096697638,-0.07070543148604344,-0.24864385850972043,-17.90845745524469,2.5965790238242694,16.275097934299918,0.06539369695401336
ring,316228,306495,33025,33026,512,m12-1-29,2026-08-05T00:29:46,7639,0.05880345508244883,0.3685741822456032,-0.5734541125184766,0.3352096632135477,-0.12404223581614253,-2.1743578298501993,-0.12404223581613005,-0.42248460098315194,-13.628657668544697,2.300160046809015,14.417173397343737,0.08727493776959974
ring,316228,306495,33025,33026,512,m12-1-29,2026-08-05T00:29:46,7779,-0.1351208852235131,-0.8469242105880623,1.17296036929057,-0.8791971726323059,0.1869224208911952,-2.7588060692585215,0.1869224208911647,0.26259171263853026,-17.291920849299633,2.4989674699338096,15.663278465486794,0.6166054599937285
ring,316228,306495,33025,33026,512,m12-1-29,2026-08-05T00:29:46,10162,-0.03470675330442382,-0.16089672848557263,-0.05720931383640024,-0.14861040384419688,0.061973742265394025,-3.1970967468158866,0.06197374226539334,0.12532486778299787,-14.821392329688221,3.1912222052255537,14.794158594658274,0.02328553606120701
ring,316228,306495,33025,33026,512,m12-1-29,2026-08-05T00:29:46,10214,-0.10902365700709962,-0.5054218003658737,-0.08573165484980698,-0.4594238701354201,0.22463171758853104,-3.188681823615037,0.22463171758852177,0.533489391584107,-14.782381662178718,3.2207651732012788,14.931116576735278,-0.07406552144871437
ring,316228,306495,33025,33026,512,m12-1-29,2026-08-05T00:29:46,12310,-0.03586869835759605,-0.14128910614642545,-1.0501313027692263,-0.05514206817593984,0.30734093668940493,-0.7657134562796873,0.3073409366893932,1.0774697721722457,-3.016194474732914,3.13962641154882,12.367190046847417,-1.022327703996354
ring,316228,306495,33025,33026,512,m12-1-29,2026-08-05T00:29:46,12485,0.19912568903025024,0.7556579083146823,-0.19360504350353536,0.6508949941119166,-0.4221875441150771,-3.779108221120673,-0.4221875441150701,-0.8400037679192154,-14.341258667198247,3.846531994720567,14.597123734017986,0.18910877380727162
ring,316228,306495,33025,33026,512,m12-1-29,2026-08-05T00:29:46,12713,0.10689763063561679,0.4056635804415735,1.7338560621605545,0.6030724402315941,0.5357915855171629,-1.8696380928363392,0.5357915855171907,2.4951486577537705,-7.095050454908931,3.8636480213523066,14.662076985133403,-3.098221097985638
ring,316228,306495,33025,33026,512,m12-1-29,2026-08-05T00:29:46,12891,-0.014609562489903501,-0.05347478780189805,-0.5217992608902712,-0.04505365403777928,0.02877180022241267,-3.6909477048380004,0.028771800222414178,0.05239800635663643,-13.509825871960228,3.860141971502928,14.129120769631776,-0.007344352318858608
ring,316228,306495,33025,33026,512,m12-1-29,2026-08-05T00:29:46,13279,-0.016583800585542416,-0.05861152680925318,0.6690183857786779,-0.05065816696034561,0.04257740703469528,-4.705918007646033,0.04257740703469482,0.08777458637785913,-16.63195586829024,4.365216465584613,15.427826726513574,-0.03711641941751177
ring,316228,306495,33025,33026,512,m12-1-29,2026-08-05T00:29:46,13409,0.25995329723778554,0.9187435396135258,0.742349762691277,0.8327643585516671,-0.5439938621257641,-4.7073541857116705,-0.5439938621257442,-0.9359334879795504,-16.637031700502035,4.348965774670703,15.37039249717223,0.10316912942787851
ring,316228,306495,33025,33026,512,m12-1-29,2026-08-05T00:29:46,13955,-0.18655537719344492,-0.6372863738777205,1.3382496213734882,-0.6444754384706455,0.22562832606465594,-4.952096944506785,0.22562832606463298,0.060237816451904624,-16.91671369827574,4.5907873252995275,15.682454463642308,0.5842376220187472
ring,316228,306495,33025,33026,512,m12-1-29,2026-08-05T00:29:46,14270,-0.2610573145390288,-0.8627838682652791,0.260880501837448,-0.7342969626678628,0.5635162725596364,-4.653835304485661,0.5635162725596632,0.9575952780927502,-15.380737495761334,4.533962958678492,14.984564240106614,-0.22329831542491124
ring,316228,306495,33025,33026,512,m12-1-29,2026-08-05T00:29:46,15082,0.20231609336199952,0.627486974441285,0.6117351186820951,0.5298849194568804,-0.4537253741237507,-5.230553949941062,-0.4537253741237561,-0.7310610308424862,-16.222656429153517,4.942547461144201,15.329399163893893,0.2011761113856467
ring,316228,306495,33025,33026,512,m12-1-29,2026-08-05T00:29:46,15255,-0.1126699299402242,-0.34944779860989167,-0.8438920166967728,-0.23315224479398944,0.3393195393481635,-3.643139637798711,0.33931953934814174,0.709849014116867,-11.299262608333715,4.300085334277794,13.33679141094032,-0.4766967693228636
ring,316228,306495,33025,33026,512,m12-1-29,2026-08-05T00:29:46,15268,-0.3663531074866317,-1.1362507014339582,0.2652911219692303,-0.9526529864130339,0.761992801016528,-4.896345568701158,0.7619928010165274,1.1649974501636102,-15.186103169884564,4.328553411699472,13.425085661153744,-0.212344463750537
ring,316228,306495,33025,33026,512,m12-1-29,2026-08-05T00:29:46,16824,-0.0191202015972137,-0.0526969646796068,-0.3851989243220335,-0.04128576790257416,0.035043063784831144,-4.912246751591523,0.035043063784830054,0.042581229094046054,-13.538585995026803,5.045688650073125,13.906363655492953,-0.0012954611914686672
ring,316228,306495,33025,33026,512,m12-1-29,2026-08-05T00:29:46,16966,-0.3198379635170841,-0.8815016819233248,-0.19441011856155657,-0.6640387782189051,0.6899210822145314,-5.038400768115542,0.6899210822145448,0.9871184860336932,-13.886277609006722,5.067430518159977,13.966286164616516,-0.32307970781478434
ring,316228,306495,33025,33026,512,m12-1-29,2026-08-05T00:29:46,17092,-0.2798117315142274,-0.7711858506080502,-0.7076195892641166,-0.3352334840033315,1.2025810266952968,-3.696215427747865,1.2025810266953296,2.542849892876049,-10.187096242365387,4.153359289614497,11.44702510973732,-2.2076164088727728
ring,316228,306495,33025,33026,512,m12-1-29,2026-08-05T00:29:46,17290,0.26237905415340224,0.7032448115090046,0.2589400675940324,0.5457526298782959,-0.5566068577520833,-5.6132752892505025,-0.55660685775207,-0.7384312465651138,-15.045052797655144,5.491697868256511,14.719193362014611,0.19267861668679373
ring,316228,306495,33025,33026,512,m12-1-29,2026-08-05T00:29:46,17563,0.1056238813581273,0.2830997572432292,1.7662206727925638,0.5301993947666307,0.5276803960846407,-2.4289621997468784,0.5276803960846363,1.7476451504727522,-6.510256963289234,5.4620926878685285,14.639843699104418,-2.2778445452391973
ring,316228,306495,33025,33026,512,m12-1-29,2026-08-05T00:29:46,18095,0.10813603976454067,0.2745698798206217,0.13475545237449923,0.20864907512191616,-0.21666870770803034,-5.715736732799739,-0.21666870770803687,-0.25616540863014914,-14.512914947026959,5.6668521489072585,14.388791349069935,0.04751633350824532
ring,316228,306495,33025,33026,512,m12-1-29,2026-08-05T00:29:46,18692,0.023953520386532506,0.059244204213650516,1.366397421397772,0.04969651654613049,-0.04642886210866829,-7.02068424341279,-0.046428862108670726,-0.04636387283133908,-17.364247272402075,6.337325937344725,15.674098251194827,-0.003332643714791131
ring,316228,306495,33025,33026,512,m12-1-29,2026-08-05T00:29:46,20234,0.4325054750423708,0.9914586401119952,-0.529252852543676,-0.014320965735529156,-2.3877446782130214,-3.996509589800251,-2.3877446782131693,-4.4462840986058,-9.161442320955334,2.8644652951725953,6.566388242649492,4.460605064341094
ring,316228,306495,33025,33026,512,m12-1-29,2026-08-05T00:29:46,21014,-0.13210463157967747,-0.2884841175652528,1.5007056695662138,-0.2809021565064227,0.13484227683067337,-7.365898088991433,0.13484227683067299,-0.048187596080622536,-16.0853149875878,7.0191126609248204,15.328020659568168,0.3290897525870706
ring,316228,306495,33025,33026,512,m12-1-29,2026-08-05T00:29:46,21105,0.5718159311666344,1.2487057595166215,0.6071995134643932,1.363833037648624,-0.10056021453981921,-6.215429563920195,-0.10056021453985588,1.1902834160240514,-13.572973873781823,2.0621152162155862,4.503153911821898,-2.5541164536725316
ring,316228,306495,33025,33026,512,m12-1-29,2026-08-05T00:29:46,22058,-0.06538888566721741,-0.13313242367268865,0.257136998705871,-0.07953212227446038,0.1412576100043106,-6.998931682941221,0.14125761000431314,0.13869015556703165,-14.249894742230163,6.81698561969141,13.879450741985575,-0.0591580332925677
ring,316228,306495,33025,33026,512,m12-1-29,2026-08-05T00:29:46,22426,0.5809745088917191,1.182869897102283,0.832661727387181,1.6065516498528365,0.47628905617503253,-6.330920190376702,0.4762890561749964,2.342348346018962,-12.889816677910765,2.667086719574372,5.430215173405456,-3.9488999958718054
ring,316228,306495,33025,33026,512,m12-1-29,2026-08-05T00:29:46,23088,-0.3974515521805632,-0.7735481985848403,0.023566183554196755,-0.45626407424623905,0.7859163893039087,-7.047975240211419,0.7859163893038894,0.6695353769043851,-13.717265716599492,7.022878021221797,13.668419741706437,-0.21327130265813407
ring,316228,306495,33025,33026,512,m12-1-29,2026-08-05T00:29:46,23311,0.6340925216983657,1.2341155172368232,0.4931897995077486,1.1937709516581971,-0.42818698369071795,-6.867478327592232,-0.42818698369066815,0.5804071412206158,-13.365969915034988,2.0955869584099744,4.078578905434323,-1.7741780928787647
ring,316228,306495,33025,33026,512,m12-1-29,2026-08-05T00:29:46,23814,-0.028338418940268416,-0.05394875073117693,1.7989233316430646,-0.13960260938307922,-0.13754233094505772,-3.0443735953460407,-0.1375423309450578,-0.3291975312662993,-5.795670978472266,7.488268689325926,14.255655609441336,0.4688001406493826
ring,316228,306495,33025,33026,512,m12-1-29,2026-08-05T00:29:46,23968,-0.3696396967125484,-0.6885030203597573,-0.193605043503539,-0.37878398515838646,0.7140643441567373,-7.015209456409252,0.7140643441567711,0.5678927589656978,-13.066759176977975,7.140369114844111,13.299885661027984,-0.18910877380727514
ring,316228,306495,33025,33026,512,m12-1-29,2026-08-05T00:29:46,24240,-0.6386715373611117,-1.1896105488715587,0.7206273217362578,-1.506658568470713,-0.205599621252275,-6.955313482506497,-0.20559962125225734,-1.7792339766014909,-12.955194971871808,2.5749420377189103,4.796171477219551,3.285892545072226
ring,316228,306495,33025,33026,512,m12-1-29,2026-08-05T00:29:46,25034,-0.5416450598826343,-0.9665362339382909,-0.3818508044158072,-0.07981920004171451,1.759312920327596,-6.355564452978312,1.759312920327591,2.073663691096821,-11.341160080487363,5.421795943609748,9.674900817251048,-1.9938444910553248
ring,316228,306495,33025,33026,512,m12-1-29,2026-08-05T00:29:46,25186,-0.030257327370795645,-0.05286612958359286,0.6690183857786831,-0.022602538730361638,0.07006807530487466,-8.585999391574045,0.07006807530487326,0.059718958147873855,-15.001607738750032,7.964385664329063,13.915513403556904,-0.037116419417511974
ring,316228,306495,33025,33026,512,m12-1-29,2026-08-05T00:29:46,25765,0.473142258508845,0.8096159221220631,-0.19441011856155266,0.3665552407946483,-0.9373829252014735,-7.453400129504976,-0.9373829252014363,-0.689634948609455,-12.753862734247926,7.4963443796151115,12.827346655896745,0.32307970781478434
ring,316228,306495,33025,33026,512,m12-1-29,2026-08-05T00:29:46,26355,-0.5001120693568469,-0.8382755783743352,-0.5580097810956322,0.1435650797966772,1.7955760063227835,-6.098163732375364,1.7955760063228272,2.0820316018133838,-10.22159240498247,5.9473630375280235,9.968823980787596,-2.2255966816100137
ring,316228,306495,33025,33026,512,m12-1-29,2026-08-05T00:29:46,26633,0.22539113452177525,0.37014815900510645,1.27265569763391,0.21529005660364653,-0.40494075553739795,-9.634952636491214,-0.4049407555374117,-0.2031460325964508,-15.82298251466505,8.714895620325697,14.312020641937009,-0.012144024007203026
ring,316228,306495,33025,33026,512,m12-1-29,2026-08-05T00:29:46,26751,0.09886206101664174,0.16235603036650137,1.6851132056406475,0.27796603022149596,0.11529368977676999,-7.254795205954896,0.11529368977676159,0.3971020766676092,-11.914173532783629,8.694925823546598,14.279225281422809,-0.6750681068891127
ring,316228,306495,33025,33026,512,m12-1-29,2026-08-05T00:29:46,29055,0.5662646725648021,0.8417999772247469,-0.6081077095070706,-1.0786028123135876,-3.027586361453417,-5.105480020938015,-3.0275863614533822,-3.5427577489525257,-7.589724688070295,4.364206271474591,6.4877590249307175,4.621360561265825
ring,316228,306495,33025,33026,512,m12-1-29,2026-08-05T00:29:46,29827,-0.5796383540267607,-0.8289164850680587,0.972417827492793,-0.5372997575836362,0.7469646160891631,-9.914885847134892,0.74696461608915,0.008571312432987324,-14.17886216321582,8.793840911641643,12.575702846587676,0.5287284451506774
ring,316228,306495,33025,33026,512,m12-1-29,2026-08-05T00:29:46,29930,0.7772265558089068,1.1114790804766432,0.046294912522251215,-0.002681358078521536,-1.9218898677495928,-8.115313778677036,-1.9218898677494503,-1.4071710165784084,-11.60536966871404,2.5152297232259935,3.5969244733916033,1.4098523746569502
ring,316228,306495,33025,33026,512,m12-1-29,2026-08-05T00:29:46,30538,-0.3978095077852382,-0.547537814307129,-0.08817169109649092,-0.15753495910061208,0.6979726942190421,-8.888143901795496,0.6979726942190524,0.29603519246840604,-12.233480572977493,8.976582535294263,12.355205909196574,-0.13850023336776887
ring,316228,306495,33025,33026,512,m12-1-29,2026-08-05T00:29:46,30847,-0.7594677373455346,-1.0453176628635694,-0.16241825907797877,0.5682998718872603,2.5157461736083806,-7.6741494589425825,2.5157461736083455,2.203130836943059,-10.56256057028194,2.9349407166413726,4.039599340039927,-2.7714307088303043
ring,316228,306495,33025,33026,512,m12-1-29,2026-08-05T00:29:46,31238,0.44467099319626524,0.600544007570604,1.5769693343203923,1.9944361525934633,1.592825378963907,-5.409347946485097,1.5928253789638422,2.9662008028866977,-7.305516986335666,7.764862109703324,10.48672272521369,-4.960636955480185
ring,316228,306495,33025,33026,512,m12-1-29,2026-08-05T00:29:46,32226,0.2529676349142245,0.32294715256809153,0.021878439865164256,0.08022288200937562,-0.4155804741387329,-9.477432022779485,-0.4155804741387421,-0.12479318067361297,-12.099214535693813,9.494623507101496,12.121161773775794,0.044570298664247575
ring,316228,306495,33025,33026,512,m12-1-29,2026-08-05T00:29:46,32932,0.5970537284627764,0.748185998329722,1.2766251826751553,1.1710341162484614,0.18694071114364588,-9.622030529136332,0.18694071114369404,1.2561161355016328,-12.057656077177464,8.712428757390802,10.917806718179204,-2.427150251750382
ring,316228,306495,33025,33026,512,m12-1-29,2026-08-05T00:29:46,33174,0.17128356559067665,0.2107049120080308,-0.4718897171191114,0.037848683896483694,-0.27335606144748087,-8.91306945546409,-0.2733560614474718,-0.07620782374740313,-10.964434964082805,9.287424774484698,11.424949107876163,0.03835913985092626
ring,316228,306495,33025,33026,512,m12-1-29,2026-08-05T00:29:46,34115,-0.5811499101317505,-0.6890658217956831,0.260880501837443,-0.05982613569601699,1.0018840510640328,-10.36008500181364,1.0018840510640472,0.2831244511209183,-12.28388813486931,10.093232478964634,11.967482763811928,-0.22329831542491974
ring,316228,306495,33025,33026,512,m12-1-29,2026-08-05T00:29:46,34919,-0.12000931059841828,-0.13718281674954746,0.8115493376919668,0.010896606639624789,0.22873126722310738,-11.63647680820111,0.22873126722310347,0.07226256484285398,-13.301673492079955,10.702684888748873,12.234254596582687,-0.08315917148248025
ring,316228,306495,33025,33026,512,m12-1-29,2026-08-05T00:29:46,35749,0.18951401986502214,0.20888885493976614,0.5717187469789848,-0.04058520821363244,-0.362894099433694,-11.39443099198554,-0.3628940994337173,-0.11134454792656727,-12.559332783406443,10.73720807977533,11.834919140186981,0.1519297561402059
ring,316228,306495,33025,33026,512,m12-1-29,2026-08-05T00:29:46,35805,0.20371510160364323,0.22454177447258247,0.9471548021540563,-0.016788708308235787,-0.368113881810465,-12.103358213697609,-0.36811388181049043,-0.08856583352666447,-13.340736690540146,11.047734682375093,12.177192215770495,0.10535454183489006
ring,316228,306495,33025,33026,512,m12-1-29,2026-08-05T00:29:46,36024,0.8468805149788271,0.9334607601628035,0.7420570390309529,0.7954832495404605,-0.5595885861055282,-10.855907782952546,-0.5595885861055419,0.6863712002523933,-11.965754025626216,7.764155462316466,8.557918539497566,-1.4818544497929045
ring,316228,306495,33025,33026,512,m12-1-29,2026-08-05T00:29:46,36038,0.551233538037051,0.6075885185009479,-0.7076195892641122,-0.9218345835735716,-1.8665282500259741,-7.281602871182954,-1.866528250026,-1.28578182529929,-8.026032517123578,8.182183511619527,9.018683398022658,2.2076164088727697
ring,316228,306495,33025,33026,512,m12-1-29,2026-08-05T00:29:46,36941,-0.7591795342974357,-0.80698085300389,-0.38185080441580826,0.8711293009433094,2.05881767704935,-8.90807434421151,2.0588176770494475,1.1227151901119383,-9.468966309222974,7.599287475116992,8.077772400131641,-1.9938444910552695
ring,316228,306495,33025,33026,512,m12-1-29,2026-08-05T00:29:46,37935,-0.04360086558779345,-0.04389750438936174,0.347111809630891,0.018034422671618724,0.0810485936266037,-11.39264214320761,0.0810485936266054,0.01913352584451773,-11.47015206569424,10.943364689889492,11.017817950002096,-0.03716794851613625
ring,316228,306495,33025,33026,512,m12-1-29,2026-08-05T00:29:46,38253,-0.10884631000787319,-0.10958684665825058,-0.9918765532478931,0.26586960751632444,0.4109941162314884,-5.970019271177332,0.4109941162315148,0.2714431149268916,-6.010636340083674,9.576787694770118,9.641943438500379,-0.5373127224431702
ring,316228,306495,33025,33026,512,m12-1-29,2026-08-05T00:29:46,39498,0.5991428744416887,0.5713599237955923,-0.5619109005264622,-0.47606496345824717,-1.2050242252686048,-9.511753233382434,-1.2050242252686034,-0.361591076906015,-9.070682193546002,10.001855481277671,9.538057831235669,0.8376560403642717
ring,316228,306495,33025,33026,512,m12-1-29,2026-08-05T00:29:46,39987,0.6333655919494847,0.5931556303028233,1.3648742826951312,1.2134483390259296,0.26439402800803197,-11.07510940200314,0.2643940280080691,1.1787397272418105,-10.371993018752105,10.581049968170026,9.909299530808099,-2.3921880662678503
ring,316228,306495,33025,33026,512,m12-1-29,2026-08-05T00:29:46,41142,0.5821283097403505,0.5162628513233984,0.732132709736646,-0.20482348859670618,-0.8943664455386835,-12.98657792714068,-0.8943664455386802,0.010474835645726857,-11.517199279638453,12.125058177090226,10.753156996880003,0.19434865295098294
ring,316228,306495,33025,33026,512,m12-1-29,2026-08-05T00:29:46,41654,-0.20211898756985916,-0.17601148862270494,-0.7484598484048863,0.10776806159064396,0.3131697840057083,-9.864900066805774,0.31316978400570733,0.02086428033283625,-8.590661207782686,10.816069640672993,9.418969199238784,-0.12863234192348205
ring,316228,306495,33025,33026,512,m12-1-29,2026-08-05T00:29:46,42229,-0.6235201790543025,-0.5331461409249528,-0.7076195892641091,1.3950885346188813,1.8526191934890304,-8.236484199074189,1.8526191934890401,0.8125278742540147,-7.042674660804534,9.255163512705787,7.913704922769872,-2.207616408872779
ring,316228,306495,33025,33026,512,m12-1-29,2026-08-05T00:29:46,42871,0.5222578825268175,0.4304611094154535,-0.08817169109649307,-0.2093737526465962,-0.7203906711767709,-11.668658297255277,-0.7203906711768208,0.07087351927881941,-9.617669285764306,11.784763550048314,9.71336682829741,0.13850023336776895
ring,316228,306495,33025,33026,512,m12-1-29,2026-08-05T00:29:46,43042,-0.5753267192338797,-0.47420208698344407,-0.6357710333440861,0.6172174683393571,1.0903698664499613,-9.897328583431237,1.0903698664499855,0.19304043122825612,-8.157684517196786,10.692832396226658,8.813363378650518,-0.8102578995676255
ring,316228,306495,33025,33026,512,m12-1-29,2026-08-05T00:29:46,43116,-0.8977946624334044,-0.7399901453828787,-0.2848433114006857,1.2796142313645773,1.983164457759874,-10.443492916412643,1.9831644577598564,0.5081211355992636,-8.607850062924584,8.39209371791861,6.917023357609834,-1.787735366963864
ring,316228,306495,33025,33026,512,m12-1-29,2026-08-05T00:29:46,43196,-1.024722497905282,-0.8446079954927955,-0.05978058881445068,1.5137001097471425,2.3221841966914556,-10.53812963690489,2.322184196691513,0.6103211348806589,-8.6858525767355,3.580367008861336,2.951049292530022,-2.124021244627761
ring,316228,306495,33025,33026,512,m12-1-29,2026-08-05T00:29:46,43309,0.5835014127117903,0.47214630607055263,0.25894006759402993,-0.2736406451406434,-0.8310580528433764,-12.483290908210106,-0.8310580528433785,0.0809620284538191,-10.100986152755274,12.212916441266698,9.882209808702674,0.19267861668679345
ring,316228,306495,33025,33026,512,m12-1-29,2026-08-05T00:29:46,43655,-0.41465947852030755,-0.33552607893545666,1.691222374327004,-2.193229876448435,-1.3006775552853107,-6.090908792172022,-1.300677555285267,-1.6382460976253053,-4.928522920743856,11.323879393435378,9.162836129480626,3.8314759740737854
ring,316228,306495,33025,33026,512,m12-1-29,2026-08-05T00:29:46,43713,0.37416808879870167,0.2972050743489893,0.5980591149750922,-0.22433859150324267,-0.5671982180727582,-13.325846471488859,-0.567198218072789,0.03920832469067076,-10.584839567793283,12.589546718697676,9.999990059450429,0.18513026681257624
ring,316228,306495,33025,33026,512,m12-1-29,2026-08-05T00:29:46,43792,0.7058411860464203,0.5606559951464883,0.2608805018374445,-0.34166890972264724,-0.9900840074009987,-12.582940404419936,-0.9900840074009793,0.11837059429775408,-9.994742604670428,12.258832118514029,9.737300481481277,0.22329831542491865
ring,316228,306495,33025,33026,512,m12-1-29,2026-08-05T00:29:46,44345,0.8559069656245044,0.6673243254596517,-0.19174039014097438,-0.6880489546897672,-1.3614306667560434,-11.490279775410823,-1.3614306667560216,-0.0033501395593645705,-8.958617593296271,10.876558256153293,8.480117808498722,0.6913990942491426
ring,316228,306495,33025,33026,512,m12-1-29,2026-08-05T00:29:46,44574,0.3257851804330953,0.2493020334375593,0.021878439865164787,-0.13415889513846602,-0.4131577083561938,-12.205541244952869,-0.4131577083562053,0.08958859647421964,-9.340100269531495,12.227681353207734,9.357042642420321,0.04457029866424617
ring,316228,306495,33025,33026,512,m12-1-29,2026-08-05T00:29:46,45147,-0.42413309569657304,-0.3185230920317952,1.0123021318846535,0.2398486774576463,0.5983893039417114,-14.492991292675878,0.5983893039417381,-0.10755434957859757,-10.884206976942219,13.211765208103937,9.922008793894749,-0.13229432787904888
ring,316228,306495,33025,33026,512,m12-1-29,2026-08-05T00:29:46,45488,0.04512779807475782,0.033257090018304805,-0.3851989243220363,-0.016828641724199945,-0.05219782304644802,-11.593961411552947,-0.05219782304644822,0.015533180532729852,-8.544210769912487,11.90891306197244,8.776315499951293,0.001295461191469335
ring,316228,306495,33025,33026,512,m12-1-29,2026-08-05T00:29:46,45507,0.24406482195793755,0.17986443169041796,0.9471548021540543,-0.16218956556242492,-0.35327450549018224,-14.500662662047953,-0.3532745054901624,0.056835023727525906,-10.686314512352709,13.235952450587432,9.75428185966386,0.10535454183489247
ring,316228,306495,33025,33026,512,m12-1-29,2026-08-05T00:29:46,45787,0.24324434150089064,0.17925977572264906,1.7662206727925553,1.3774536507335078,0.7694757462641637,-5.593728456207441,0.7694757462642327,0.9003908945058857,-4.122317922489289,12.578813824997331,9.270001230913266,-2.27784454523921
ring,316228,306495,33025,33026,512,m12-1-29,2026-08-05T00:29:46,45980,-0.48012672910683657,-0.3471772365949595,0.71608655194244,0.3155739688707958,0.670341806522114,-14.053941214671312,0.6703418065220882,-0.12675050463184107,-10.162334605395397,13.139673870963197,9.501232461617473,-0.1888234642389506
ring,316228,306495,33025,33026,512,m12-1-29,2026-08-05T00:29:46,46047,0.8515775593678778,0.6157714742472352,0.26308774268876794,-0.48913216992753333,-1.116434578444192,-13.010533553802578,-1.11643457844422,0.24754624145270726,-9.407851744138284,12.448133919590113,9.001183381327033,0.24158592847481067
ring,316228,306495,33025,33026,512,m12-1-29,2026-08-05T00:29:46,46284,-1.0990440148410505,-0.7947132305642711,0.046294912522251604,1.3460173203207595,1.9431445193719181,-11.475530487670476,1.9431445193719576,0.06383505433613083,-8.297898703915463,3.556682607666236,2.5718194058305897,-1.4098523746569496
ring,316228,306495,33025,33026,512,m12-1-29,2026-08-05T00:29:46,46333,0.23003910215715218,0.1631935321089078,0.5717187469789882,-0.1964450231921377,-0.34413425152741006,-13.830980298210726,-0.344134251527401,0.04451526705192137,-9.811925478006964,13.033218904360183,9.245980391186132,0.1519297561402059
ring,316228,306495,33025,33026,512,m12-1-29,2026-08-05T00:29:46,46735,-0.9511301228541054,-0.6747473920225397,1.1519463253278193,-3.142844462550632,-1.3504110095177284,-10.380464194965107,-1.3504110095177777,-2.197296533630614,-7.364072459946762,6.873824863289333,4.876404698240701,5.3401409961814545
ring,316228,306495,33025,33026,512,m12-1-29,2026-08-05T00:29:46,46814,-0.22247753189527197,-0.15482485535209012,-0.32171045743986854,0.1001059013862189,0.2521283807950639,-11.941646844463056,0.25212838079506306,-0.08673391429161534,-8.310339159236948,12.232254318082333,8.512576480390717,-0.013371987094608172
ring,316228,306495,33025,33026,512,m12-1-29,2026-08-05T00:29:46,46847,0.04550098230482203,0.03166469415454574,-0.5217992608902701,-0.02333267467969865,-0.05306117049576043,-11.495330289453587,-0.05306117049576098,0.015988322360839278,-7.999741970020294,12.022280041639664,8.366452794547214,0.007344352318859034
ring,316228,306495,33025,33026,512,m12-1-29,2026-08-05T00:29:46,47631,0.12325684335049025,0.08250878237520766,0.2571369987058739,-0.09760484769952528,-0.16501951196820946,-13.192857123387117,-0.16501951196821832,0.0384468144069542,-8.831368285211346,12.849892150251906,8.601785719557519,0.059158033292566796
ring,316228,306495,33025,33026,512,m12-1-29,2026-08-05T00:29:46,48514,0.12349821682690819,0.07947509223286954,0.13203032583369803,-0.07213079465948252,-0.14055649036780196,-13.060569988242856,-0.14055649036780732,0.05583060237329624,-8.404898719179831,12.874982680699382,8.285467291234923,0.01630019228618738
ring,316228,306495,33025,33026,512,m12-1-29,2026-08-05T00:29:46,49383,-0.8639833039859007,-0.5450191198617873,1.342180691688138,-3.5515172130685633,-1.5474746730580713,-9.55949621166032,-1.5474746730580704,-2.0745865007476834,-6.03033436822797,8.70625729922722,5.4920930400209835,5.626103713816154
ring,316228,306495,33025,33026,512,m12-1-29,2026-08-05T00:29:46,49788,0.4457292671502036,0.2755741562036032,-0.9530011119705708,-2.667453188632586,-1.9473430831862222,-3.9355407767592916,-1.9473430831862237,-0.7216638181349807,-2.4331660689330494,9.77042800224945,6.040611758977307,3.3891170067675924
ring,316228,306495,33025,33026,512,m12-1-29,2026-08-05T00:29:46,50209,1.1271337058062207,0.6828485796193533,0.8326617273871744,2.2531151411934514,0.5334287182816485,-12.282455471161649,0.5334287182816113,1.6957848546782348,-7.4410491226702495,5.174346364481649,3.134761250811706,-3.9488999958717934
ring,316228,306495,33025,33026,512,m12-1-29,2026-08-05T00:29:46,50534,-0.22712759738508104,-0.1348083583332502,-0.8728105588311285,0.37711957784976885,0.3697977958093408,-10.08927202204315,0.3697977958093276,-0.0264343110129264,-5.988344057385545,12.074245534838568,7.1664968828270466,-0.3506852668368187
ring,316228,306495,33025,33026,512,m12-1-29,2026-08-05T00:29:46,51100,1.1170253620764603,0.6494109645219249,-0.16241825907797794,-2.6944905894619255,-2.2987505878692613,-11.287141186490967,-2.298750587869223,-0.07694011936831963,-6.562065189807323,4.316711632989146,2.509629557498312,2.7714307088303554
ring,316228,306495,33025,33026,512,m12-1-29,2026-08-05T00:29:46,53723,0.054265542943763165,0.027726964177631652,1.7989233316430675,0.3322817026100472,0.13536483097144586,-5.829703711534458,0.13536483097144145,0.13651843803933192,-2.9786855011004496,14.339366179586944,7.326695188572746,-0.46880014064937403
ring,316228,306495,33025,33026,512,m12-1-29,2026-08-05T00:29:46,53950,-0.24180678634533348,-0.12080692884765233,-0.61378941581378,0.2043185203968826,0.23017503141160772,-12.248497507628231,0.23017503141160858,-0.1414034402689245,-6.11936244329224,13.011602604004558,6.50061056487915,-0.06291508012796719
ring,316228,306495,33025,33026,512,m12-1-29,2026-08-05T00:29:46,53957,-0.7444258973689569,-0.3719159738030238,-0.08839468907426189,0.6529661301279179,0.7344551831233702,-13.523244598418177,0.7344551831233865,-0.4501825666415211,-6.756227452017866,13.622511422813158,6.805821263560411,-0.20278356348639964
ring,316228,306495,33025,33026,512,m12-1-29,2026-08-05T00:29:46,54922,1.0438559507316516,0.498135103506341,0.6284947504264915,-0.5737597011261879,-0.8403096327886038,-15.132013760907276,-0.8403096327886304,0.7861310564051579,-7.221099075754096,13.202601231488805,6.300370397266579,-0.21237135527903564
ring,316228,306495,33025,33026,512,m12-1-29,2026-08-05T00:29:46,54992,1.1761136052427177,0.5612493486981235,0.14985800408011557,-1.211890780571214,-1.1978837085213339,-13.816349028416905,-1.1978837085213854,0.7266696265131173,-6.593254987458685,9.486355860211638,4.526953029306489,0.4852211540580817
ring,316228,306495,33025,33026,512,m12-1-29,2026-08-05T00:29:46,55092,-0.5541253916949738,-0.26443237608979936,-0.9116725065936372,3.4751915883207127,1.9288872898237135,-4.728272004886723,1.9288872898237952,0.3536327064521088,-2.2563633065552846,9.907433904356594,4.727894313357526,-3.828824294772705
ring,316228,306495,33025,33026,512,m12-1-29,2026-08-05T00:29:46,55978,-0.8577759082469952,-0.39045583477907525,-0.6812030125398774,4.451221728312722,2.4291108788274998,-7.554091601804458,2.429110878827321,0.22053141116239627,-3.4385893961603573,7.724166542701106,3.516006764011798,-4.671753139475184
ring,316228,306495,33025,33026,512,m12-1-29,2026-08-05T00:29:46,57013,0.2850511115827697,0.12053264028449749,1.1328804755235142,-0.2933209799294258,-0.26239936872751063,-16.997938932244093,-0.2623993687275144,0.21628039466349994,-7.187505593372008,15.341416783433598,6.4870523056191525,0.07704058526594292
ring,316228,306495,33025,33026,512,m12-1-29,2026-08-05T00:29:46,57321,-0.94086896500824,-0.3978424075756331,1.3421806916881474,-4.007547276371506,-1.2301177337500906,-10.410193420603486,-1.230117733750024,-1.6185564374447399,-4.401905650851714,9.481024987901554,4.009010763191769,5.626103713816159
ring,316228,306495,33025,33026,512,m12-1-29,2026-08-05T00:29:46,58719,-0.052387882190060873,-0.019951491052102168,-0.385198924322029,0.041451593160599806,0.03635215833376379,-13.459178387971226,0.03635215833376221,-0.040156131969132314,-5.125816619233755,13.824798929226834,5.265060174276642,-0.0012954611914683804
ring,316228,306495,33025,33026,512,m12-1-29,2026-08-05T00:29:46,59060,-0.4897249942308606,-0.18650770811731623,-0.9530011119705798,3.319931216926432,1.4480444379538147,-4.323998503657268,1.4480444379538706,0.06918578984097877,-1.646759018470035,10.734818531496941,4.088266731228113,-3.3891170067676213
ring,316228,306495,33025,33026,512,m12-1-29,2026-08-05T00:29:46,60014,-0.05352324482451036,-0.01873829261469231,-0.24491475248447425,0.03698827387713035,0.03225110114525543,-13.944056951720299,0.032251101145253716,-0.04384137731598272,-4.881763432952863,14.086603651376718,4.931668512104289,0.006853103438854558
ring,316228,306495,33025,33026,512,m12-1-29,2026-08-05T00:29:46,60293,0.7742986079055763,0.27107911588049255,-0.7076195892641101,-2.569660044987845,-1.1697523192482728,-10.228214681123157,-1.169752319248334,0.3620436361151036,-3.5808606195157253,11.493229031810444,4.023737525478121,2.207616408872764
ring,316228,306495,33025,33026,512,m12-1-29,2026-08-05T00:29:46,61306,-0.13987665165659513,-0.04475066665636117,0.13203032583369634,0.13390482053830985,0.08964042647958577,-14.792673494569662,0.08964042647958535,-0.11760462825212523,-4.732612574520796,14.582473446049418,4.665363378953564,-0.016300192286186198
ring,316228,306495,33025,33026,512,m12-1-29,2026-08-05T00:29:46,61572,-1.1265866079825195,-0.3604282856092178,0.1459041666207983,1.278683115762997,0.7861019406191537,-14.890038666473664,0.7861019406192135,-0.9269296143733159,-4.763762564888989,13.321326165850968,4.261885165311181,-0.35175350138973444
ring,316228,306495,33025,33026,512,m12-1-29,2026-08-05T00:29:46,61674,1.2156094934093236,0.38890933246971554,0.942465040278457,3.0135798538365077,0.5358586487252865,-13.246036696610423,0.5358586487252063,1.5100895352004422,-4.2377978433685275,6.438284222780522,2.05979702602474,-4.523669389036806
ring,316228,306495,33025,33026,512,m12-1-29,2026-08-05T00:29:46,62378,0.05183502371639786,0.015556218601867795,-0.7825866860360012,-0.06658550524534487,-0.0352094273680864,-12.424671785218154,-0.03520942736808623,0.040169454225151266,-3.728770558779053,13.709739510873066,4.114432472775014,0.026416051020189027
ring,316228,306495,33025,33026,512,m12-1-29,2026-08-05T00:29:46,63934,-1.1256256978179557,-0.3047939337542511,1.1519463253278048,-3.9053704925957176,-0.7219134571911078,-12.284877717961168,-0.7219134571911,-1.4347705035855598,-3.32646652666668,8.134905753169262,2.2027481515702134,5.340140996181409
ring,316228,306495,33025,33026,512,m12-1-29,2026-08-05T00:29:46,64350,-0.3268074526290969,-0.08532856401398675,-1.0153332096937266,2.425563961911363,0.7140869415920537,-3.5481093420532135,0.7140869415920387,-0.12293487745936543,-0.9264019920182982,11.892655708224343,3.1051410417108416,-2.3026290844519304
ring,316228,306495,33025,33026,512,m12-1-29,2026-08-05T00:29:46,64375,-1.1283351671265298,-0.29460533645376746,1.1519463253278086,-3.918220856493175,-0.6994610774857085,-12.314448381816362,-0.6994610774857074,-1.4219201396881078,-3.215269996419968,8.154487109129448,2.129115078909322,5.340140996181432
ring,316228,306495,33025,33026,512,m12-1-29,2026-08-05T00:29:46,65446,0.8736173648094753,0.2029618174853452,0.8534754524032228,-0.9051420301485028,-0.4270286738041539,-17.104847880036708,-0.4270286738041392,0.8337272514176598,-3.973857610190379,15.710129936394639,3.6498318981067226,0.0714147787308537
ring,316228,306495,33025,33026,512,m12-1-29,2026-08-05T00:29:46,65627,-0.30652262511043915,-0.07121239984321288,1.6601471101140022,-0.7336885393933934,-0.09065994793114418,-13.6969873373978,-0.09065994793114365,-0.3645194221969381,-3.1821316242704176,16.099309581815117,3.7402474637129486,1.0982079615903417
ring,316228,306495,33025,33026,512,m12-1-29,2026-08-05T00:29:46,65630,0.059357922912671134,0.0137902386122306,1.7989233316430557,0.3843373923105973,0.07364272454536411,-6.376774003193955,0.07364272454537009,0.08446274833876938,-1.4814742626638877,15.6849991013009,3.6439934152983002,-0.46880014064936987
ring,316228,306495,33025,33026,512,m12-1-29,2026-08-05T00:29:46,67309,-1.1353436115366244,-0.22083638958797064,0.6284947504264945,0.8959490281738689,0.40518147596660986,-16.458243248109703,0.40518147596652687,-1.1083203834529218,-3.201303095328299,14.359729379641342,2.7931198620728557,0.21237135527902543
ring,316228,306495,33025,33026,512,m12-1-29,2026-08-05T00:29:46,67588,-0.6482790098760117,-0.12002512270735115,0.6117351186820995,0.825864874855904,0.27809427017204486,-16.760200730564815,0.27809427017203997,-0.624688763470243,-3.10305457779761,15.837345023475224,2.9321931619610293,-0.2011761113856441
ring,316228,306495,33025,33026,512,m12-1-29,2026-08-05T00:29:46,68848,0.2913312471252261,0.04580491347241162,0.7613039915801195,-0.4172198482664578,-0.11358617054013243,-17.303978286762963,-0.11358617054013677,0.2873592221001396,-2.720639258489647,16.019379965255546,2.518666708191631,0.12986062616630537
ring,316228,306495,33025,33026,512,m12-1-29,2026-08-05T00:29:46,69771,0.7118261389487718,0.09876492917283601,0.02207821647324619,-0.8401711550975557,-0.2151838377839701,-15.268743864081252,-0.2151838377839793,0.6808617603835325,-2.118517884888408,15.270417362850393,2.1187500806148662,0.15930939471401734
ring,316228,306495,33025,33026,512,m12-1-29,2026-08-05T00:29:46,69845,-0.30655041702094893,-0.042533462271681394,1.1328804755235076,0.390458965793028,0.09957906049813701,-18.27996824584401,0.0995790604981367,-0.31341838052707166,-2.5363212592174587,16.49850683458297,2.289145859944652,-0.07704058526595042
ring,316228,306495,33025,33026,512,m12-1-29,2026-08-05T00:29:46,70380,-0.36411984903329125,-0.04717003928359057,-0.8438920166967692,0.800077672073845,0.14802297464726835,-11.773677818262744,0.14802297464726982,-0.32338090275100256,-1.5252254077173377,13.896755093200754,1.800260231352625,-0.47669676932285193
ring,316228,306495,33025,33026,512,m12-1-29,2026-08-05T00:29:46,70544,-1.362023172199125,-0.17644379098904636,0.6071995134643857,-1.1486187161902748,0.03384548189686838,-14.804692611413046,0.033845481896903826,-1.4054977374822717,-1.9178793298850771,4.911805626855626,0.63630165998159,2.5541164536725547
ring,316228,306495,33025,33026,512,m12-1-29,2026-08-05T00:29:46,73313,-0.5471569094262229,-0.035914307326394994,-0.2804146053933372,0.6221065642315537,0.07574226620897839,-14.587254553835962,0.07574226620897821,-0.5268604277481291,-0.9574788037387953,14.973872754149225,0.9828556647906149,-0.09524613648341651
ring,316228,306495,33025,33026,512,m12-1-29,2026-08-05T00:29:46,73465,-0.15887519327344846,-0.010428256354738994,-0.8921578982252228,0.3603870808835425,0.03337248597566099,-11.613346552006774,0.03337248597565694,-0.1458545031819185,-0.7622773101670165,14.030266940723878,0.9209192282867256,-0.21453257770163575
ring,316228,306495,33025,33026,512,m12-1-29,2026-08-05T00:29:46,73564,-0.4351957720623496,-0.028565397668807214,1.6230838132237049,-1.0048701764086458,-0.034779489512362614,-14.193069214362549,-0.03477948951237169,-0.4772851509309513,-0.9316052505011019,16.216182557549235,1.0643984458561198,1.482155327339637
ring,316228,306495,33025,33026,512,m12-1-29,2026-08-05T00:29:46,73791,0.1634061714999613,0.009242853357739866,-0.6409054954777839,-0.1918233321645959,-0.019615475825334436,-13.597111262341086,-0.01961547582533282,0.1538528915371974,-0.7691025640774318,14.485148049429226,0.8193331870947962,0.03797044062739327
ring,316228,306495,33025,33026,512,m12-1-29,2026-08-05T00:29:46,74375,-0.31693547809230677,-0.015053986136847813,1.5007056695662262,0.012758464255511456,0.016881401291838745,-17.671707679724186,0.016881401291848383,-0.34184821684256755,-0.8393810753731105,16.839726210750438,0.7998631344488316,0.32908975258706913
ring,316228,306495,33025,33026,512,m12-1-29,2026-08-05T00:29:46,74379,0.18987324869438363,0.009018710277588519,1.685113205640638,0.4667226246730792,0.01230029906077485,-13.933469727433604,0.012300299060772417,0.20834548221605892,-0.6618200694272158,16.69936673680714,0.7931962583148916,-0.6750681068891207
ring,316228,306495,33025,33026,512,m12-1-29,2026-08-05T00:29:46,74852,0.2563250820308864,0.009853462895822854,-0.9753567985876637,-1.1152293006833156,-0.051969402279013685,-8.61507174565445,-0.051969402279027056,0.23468965569127997,-0.3311743397019893,13.48576133176752,0.5184098561548057,0.8805396449919806
ring,316228,306495,33025,33026,512,m12-1-29,2026-08-05T00:29:46,76616,0.25651374678619243,0.0005797576076446412,-0.9753567985876522,-1.1172201546631915,-0.003060023993385073,-8.621412757583748,-0.0030600239933818735,0.23668050967118187,-0.019485620936390165,13.495687351655109,0.0305021758503993,0.8805396449919772
ring,316228,306495,33025,33026,512,m12-1-29,2026-08-05T00:29:46,76797,0.2710417135989291,-0.001837803680943966,-0.321710457439868,-0.27554042524159283,0.003646113177447351,-14.54836538477926,0.0036461131774424434,0.26216843814697743,0.09864547822125709,14.9024089907264,-0.10104607786909212,0.013371987094605424
ring,316228,306495,33025,33026,512,m12-1-29,2026-08-05T00:29:46,77051,0.8203604574793992,-0.0055624702501973645,-0.7076195892641184,-2.9790136267741323,0.025430903845320665,-10.836675656307934,0.02543090384528739,0.7713972179012917,0.07347829286467641,12.17694379169175,-0.08256600737160145,2.207616408872746
ring,316228,306495,33025,33026,512,m12-1-29,2026-08-05T00:29:46,79038,0.27117438980336284,-0.014109220408765449,-0.4718897171191089,-0.2969131651437934,0.028979443596372542,-14.11108043276394,0.028979443596373337,0.258554025292868,0.7342003947204184,14.703755946347403,-0.7650373386445161,0.038359139850921826
ring,316228,306495,33025,33026,512,m12-1-29,2026-08-05T00:29:46,79472,0.7422229375351943,-0.045349527494047165,0.1386731723399169,-0.9125150674319419,0.10101872811896584,-15.700235412812505,0.10101872811896676,0.7346577855344383,0.9592781649686263,15.53517092039522,-0.9491927898628679,0.17785728189751138
ring,316228,306495,33025,33026,512,m12-1-29,2026-08-05T00:29:46,79979,-0.8992022298136608,0.06310526690540763,0.2608805018374468,1.1181383097098252,-0.14196835893123946,-16.029962961842546,-0.14196835893124207,-0.8948399942849273,1.1249695092510472,15.617067116219859,-1.0959928211620735,-0.2232983154249174
ring,316228,306495,33025,33026,512,m12-1-29,2026-08-05T00:29:46,80596,-0.817813860142937,0.0648283227388267,-0.7076195892641226,2.955764332771001,-0.29546675880470735,-10.803035993267084,-0.2954667588047231,-0.7481479238983254,0.8563595434885716,12.139143612096104,-0.9622731506657737,-2.207616408872745
ring,316228,306495,33025,33026,512,m12-1-29,2026-08-05T00:29:46,80791,0.6567367901644039,-0.0580387213097306,0.6117351186820995,-0.8653133382270626,0.13622822677687485,-16.978862901034294,0.13622822677688118,0.6641372268414376,1.5004968608847238,16.043967145308244,-1.4178760072446768,0.20117611138564515
ring,316228,306495,33025,33026,512,m12-1-29,2026-08-05T00:29:46,82054,0.2801746736854122,-0.03243870633542045,0.5717187469789997,-0.4309334669457802,0.08331356044818208,-16.84535522640626,0.08331356044818436,0.279003710805595,1.9503601953642637,15.873726768004842,-1.8378647659429743,0.15192975614020388
ring,316228,306495,33025,33026,512,m12-1-29,2026-08-05T00:29:46,82075,-0.06050829798040428,0.00700566858247245,0.6690183857786773,0.09767175783333856,-0.018568491918748268,-17.170194950740722,-0.01856849191874781,-0.06055533841582664,1.987970234434475,15.927098091062685,-1.8440441134643992,-0.03711641941751219
ring,316228,306495,33025,33026,512,m12-1-29,2026-08-05T00:29:46,83029,-0.061881675205249335,0.008301069504605981,1.0099412743293044,0.08501977120710531,-0.020199212437039874,-18.03557812009234,-0.02019921243704029,-0.06284894143677634,2.4193686908777075,16.354061235140268,-2.1938029076493364,-0.0221708297703271
ring,316228,306495,33025,33026,512,m12-1-29,2026-08-05T00:29:46,83302,0.6950153747372255,-0.09323230040763353,-0.8636938896928265,-4.737957880429111,0.722729385133785,-5.872790109221207,0.7227293851337784,0.5527961082594602,0.7878008913125738,10.318099658483906,-1.3841135059197975,4.185161772169742
ring,316228,306495,33025,33026,512,m12-1-29,2026-08-05T00:29:46,83851,0.44455917534558204,-0.06783860482262542,-0.18053854999703026,-0.4657126887707279,0.13806292341858764,-14.716140245124954,0.1380629234185711,0.4179716417207002,2.2456457496964486,14.958368613990649,-2.2826091856204447,0.04774104705003018
ring,316228,306495,33025,33026,512,m12-1-29,2026-08-05T00:29:46,83863,-0.5871197207088747,0.08959298317435342,0.13710576618592435,0.6965853299250385,-0.1965883667633224,-15.524205590033198,-0.196588366763301,-0.5616964372873089,2.3689544758328256,15.400488306109187,-2.350075531477871,-0.13488889263775034
ring,316228,306495,33025,33026,512,m12-1-29,2026-08-05T00:29:46,84074,-0.656431895272162,0.10016984555929805,1.3382496213734756,0.10724433923925498,-0.12478945733556225,-17.424929968559127,-0.12478945733552178,-0.6914819612580055,2.6590002045960976,16.153590800080092,-2.4649970656915894,0.5842376220187548
ring,316228,306495,33025,33026,512,m12-1-29,2026-08-05T00:29:46,84519,-0.18949850854516878,0.030672526886180676,1.5287492810862435,-0.0020532486164300126,-0.03327557066995889,-17.470583721153393,-0.033275570669940926,-0.2022476341033447,2.827816181870395,16.73505208940417,-2.7087618741415858,0.20430088271979183
ring,316228,306495,33025,33026,512,m12-1-29,2026-08-05T00:29:46,84814,0.3678861423416277,-0.06296475538455489,-0.5734541125184603,-0.41958455548071844,0.1325722966741011,-13.603216222113538,0.13257229667408466,0.33230961771112577,2.3282289906784075,14.390259980512367,-2.462933759412479,0.08727493776959849
ring,316228,306495,33025,33026,512,m12-1-29,2026-08-05T00:29:46,84995,0.2528379044912807,-0.04327392357566876,-0.9753567985876561,-1.0786951836829874,0.22513145973259746,-8.497867902568414,0.22513145973258147,0.19815553869101307,1.4544341637055989,13.302294135940071,-2.2767253231981894,0.8805396449919597
ring,316228,306495,33025,33026,512,m12-1-29,2026-08-05T00:29:46,85314,-0.36569895782349543,0.06599874768806538,-0.7145514888093342,0.4977258814672118,-0.152993728921519,-12.979187133358257,-0.15299372892151256,-0.3224009110820261,2.3423914082470976,14.142653804489719,-2.552365600485591,-0.17532497038521216
ring,316228,306495,33025,33026,512,m12-1-29,2026-08-05T00:29:46,85946,0.8507307070425184,-0.16148860379916993,-0.748298149667317,-5.205678672777652,1.1417795547912064,-7.33905422625271,1.1417795547912215,0.592541343847565,1.3931242993733868,8.990711504053694,-1.7066475159903434,4.613137328930036
ring,316228,306495,33025,33026,512,m12-1-29,2026-08-05T00:29:46,86985,-0.6052411442076789,0.13198779335298275,-0.18969276508734176,0.6609736961388831,-0.27594121930164806,-14.513323282343762,-0.27594121930164256,-0.5442022041792273,3.164988918198489,14.786164704188064,-3.2244887350057607,-0.1167714919596572
ring,316228,306495,33025,33026,512,m12-1-29,2026-08-05T00:29:46,87093,-0.9328868964610268,0.20343904919583028,0.74234976269127,0.9955835886434681,-0.43228252674802226,-16.89314612860696,-0.43228252674802214,-0.8924144592155867,3.683968120216373,15.607007979731248,-3.403493902886843,-0.10316912942787758
ring,316228,306495,33025,33026,512,m12-1-29,2026-08-05T00:29:46,87539,-0.5319196783877471,0.12104586539989251,1.2120993250306804,0.5158782271421022,-0.24924201966739865,-17.932985341414337,-0.2492420196673878,-0.5226635508420253,4.080905102880555,16.246126451347273,-3.697036442908319,0.006785323699951996
ring,316228,306495,33025,33026,512,m12-1-29,2026-08-05T00:29:46,87580,-0.4559312036493468,0.10375361046206981,-0.8055285532892936,0.9541925242436025,-0.3166813351613705,-11.753969578474683,-0.31668133516134833,-0.36535542883330585,2.6747824480248403,13.629658216001507,-3.101621994624033,-0.5888370954103264
ring,316228,306495,33025,33026,512,m12-1-29,2026-08-05T00:29:46,88236,0.16181253081954242,-0.03991304936804675,-0.21587947531545437,-0.1287666321146715,0.07180442251552527,-14.400990118215148,0.07180442251552346,0.14462610019346286,3.5521811977473403,14.546901030819557,-3.5881719175551807,-0.0158594680787885
ring,316228,306495,33025,33026,512,m12-1-29,2026-08-05T00:29:46,88240,-0.2586092420722193,0.06378914780940916,-0.15938458291130134,0.2190630413659393,-0.11826619238449591,-14.516114965101771,-0.11826619238448748,-0.23123119320832933,3.580578156091805,14.651815702028626,-3.614050410587768,0.012168151842399947
ring,316228,306495,33025,33026,512,m12-1-29,2026-08-05T00:29:46,88251,0.17696333385310387,-0.04365018113640741,0.8115493376919536,-0.24588787952837937,0.10731989052279228,-17.158916420861985,0.1073198905227941,0.16272870804589878,4.232457614619824,15.781965496244878,-3.892815746630439,0.08315917148248418
ring,316228,306495,33025,33026,512,m12-1-29,2026-08-05T00:29:46,88653,0.24681820127112616,-0.06325323312103348,0.36899025644111644,-0.3482669924794744,0.15526240992759444,-15.770483574993731,0.1552624099275889,0.21778714940674795,4.041574198592894,15.218393802570336,-3.900087619000966,0.1304798430727282
ring,316228,306495,33025,33026,512,m12-1-29,2026-08-05T00:29:46,89769,0.9960918328806165,-0.2745577979814463,-0.2943498415416385,-1.5705866460970823,0.7087092211781442,-13.6913941727661,0.708709221178129,0.8052553648599579,3.7738277850342756,13.27912730715294,-3.6601925969251297,0.7653312812370818
ring,316228,306495,33025,33026,512,m12-1-29,2026-08-05T00:29:46,92042,0.9941615930015983,-0.3230226828045067,-0.47305786522815113,-2.7446818466457765,1.2164791560415806,-11.843547871609413,1.2164791560415567,0.603997987365483,3.8482019767632742,10.783093804600265,-3.503639563441736,2.1406838592803816
ring,316228,306495,33025,33026,512,m12-1-29,2026-08-05T00:29:46,92898,-0.1814670218258865,0.06261156950651635,1.5287492810862437,-0.01911013133298972,-0.06504627974887617,-16.730130605127293,-0.06504627974888315,-0.18519075138677504,5.772397236127477,16.025772899639414,-5.5293726854907135,0.20430088271978622
ring,316228,306495,33025,33026,512,m12-1-29,2026-08-05T00:29:46,93203,-0.6079220193241555,0.21592097867524876,-0.3780638440713681,0.6189744250368401,-0.44064432880162396,-13.50351908135094,-0.4406443288016232,-0.46514504908556276,4.796162933605354,14.001246965046864,-4.972945297700535,-0.15382937595130486
ring,316228,306495,33025,33026,512,m12-1-29,2026-08-05T00:29:46,93294,1.0937816688450697,-0.3884879982742344,0.02927062047866708,-1.3178760596001866,0.8757824038347718,-14.409635142716656,0.8757824038348179,0.8368158246075781,5.117996097307846,13.09400357437694,-4.650711730592759,0.48106023499259976
ring,316228,306495,33025,33026,512,m12-1-29,2026-08-05T00:29:46,93866,1.1512421082052768,-0.4206556427963452,1.0491814639049437,3.415121964754325,-0.7749610748415795,-12.54628863329523,-0.7749610748416816,1.57738894411484,4.5843242460747184,7.099361175991425,-2.594055861616943,-4.992510908869124
ring,316228,306495,33025,33026,512,m12-1-29,2026-08-05T00:29:46,94110,0.7733312702568816,-0.29052097576744706,0.9576593457770347,-0.6890348645702703,0.5836514629832215,-16.670699541879223,0.5836514629831867,0.6453108006582671,6.262759678687146,15.238218712619323,-5.724612904735271,0.04372406391198328
ring,316228,306495,33025,33026,512,m12-1-29,2026-08-05T00:29:46,94493,-0.2828389116079895,0.10918333748830046,0.9471548021540608,0.3266020174546134,-0.24851770991677297,-16.804353909041733,-0.24851770991678074,-0.22124747561971408,6.48692725372458,15.338721718218043,-5.921154272862014,-0.1053545418348974
ring,316228,306495,33025,33026,512,m12-1-29,2026-08-05T00:29:46,95868,0.17597833481056582,-0.0734757669828975,1.3505267182437262,-0.13572626627660778,0.14190407088172755,-17.25217193066996,0.14190407088174045,0.14489263318991083,7.203253548747077,15.577787298771621,-6.50415217819739,-0.009166366913311814
ring,316228,306495,33025,33026,512,m12-1-29,2026-08-05T00:29:46,95918,-0.503401759778335,0.21018400043432234,1.2120993250306844,0.40158558386846244,-0.40958083575440735,-16.971540527152328,-0.4095808357544332,-0.40837090756842137,7.086082263798392,15.375119548084546,-6.419532850253342,0.006785323699967307
ring,316228,306495,33025,33026,512,m12-1-29,2026-08-05T00:29:46,96058,-0.0586676931524235,0.02449536618318338,1.6976741288107624,-0.145046654996229,0.03152740379532485,-12.818951006100024,0.03152740379531684,-0.08270041432033814,5.352262584501337,15.516719795961196,-6.47865482585826,0.22774706931655864
ring,316228,306495,33025,33026,512,m12-1-29,2026-08-05T00:29:46,96142,0.13500529973835,-0.05780716986160982,0.13203032583369745,-0.11472895801871891,0.11176136617122076,-14.277503038669016,0.11176136617122334,0.09842876573252853,6.11340476970565,14.074623428530238,-6.026534875653916,0.01630019228618843
ring,316228,306495,33025,33026,512,m12-1-29,2026-08-05T00:29:46,96530,0.7960196027322705,-0.3408432148774733,-0.7482981496673083,-4.456903375738952,2.254896898203319,-6.867074364720759,2.254896898203191,-0.15623395319095323,2.9403744521369624,8.412512373765393,-3.60210697428652,4.61313732893002
ring,316228,306495,33025,33026,512,m12-1-29,2026-08-05T00:29:46,97147,0.5707862034722967,-0.25671103439502757,0.9302990914980541,-0.5639035556069227,0.5477612704445727,-16.325278000223857,0.5477612704445148,0.40766505080693727,7.342292046880717,14.985022728084772,-6.73951238056931,0.15623850480000423
ring,316228,306495,33025,33026,512,m12-1-29,2026-08-05T00:29:46,97976,-0.5422223664013647,0.2557494773163666,0.2573307332679926,0.515432194686526,-0.5269492766540276,-14.500683424927324,-0.5269492766539955,-0.3532236085986782,6.839522742796731,14.222543835557719,-6.708332922881455,-0.1622085860878452
ring,316228,306495,33025,33026,512,m12-1-29,2026-08-05T00:29:46,99352,0.5586030626997855,-0.28224114440822196,0.9302990914980566,-0.5124664838883268,0.5893821181031526,-15.976823256895377,0.5893821181031588,0.3562279790882974,8.072488643796186,14.665175050855977,-7.409762075588443,0.15623850480002652
ring,316228,306495,33025,33026,512,m12-1-29,2026-08-05T00:29:46,99417,0.5059768195335995,-0.2556510805705066,-0.6141720241075673,-0.5210669054220851,0.53491212124724,-12.053388551977063,0.5349121212472685,0.26734384480917134,6.090124465957369,12.904523657354865,-6.520171062957906,0.25372306061292227
ring,316228,306495,33025,33026,512,m12-1-29,2026-08-05T00:29:46,102144,-1.0252577926614994,0.5898748960072855,0.14590416662079994,0.8565598907438312,-1.1708153580873135,-13.550780798976554,-1.1708153580873655,-0.5048063893540898,7.796346901069155,12.123163335469393,-6.974977184250718,-0.3517535013897347
ring,316228,306495,33025,33026,512,m12-1-29,2026-08-05T00:29:46,102852,0.23287906568005548,-0.13964942016976084,-0.4718897171191066,-0.15070867880806074,0.24632468731453955,-12.118309657859315,0.24632468731454688,0.11234953895713035,7.266925913738888,12.627287367571586,-7.572142021648943,0.03835913985092931
ring,316228,306495,33025,33026,512,m12-1-29,2026-08-05T00:29:46,103019,-0.7100263901152484,0.42577796074228746,-0.5619109005264683,0.9870620127079206,-1.0641755404527673,-11.27209568879432,-1.0641755404527795,-0.14940597234361802,6.7594810312436975,11.852901277418248,-7.107769802696561,-0.8376560403642951
ring,316228,306495,33025,33026,512,m12-1-29,2026-08-05T00:29:46,103821,0.8345017524114887,-0.5211632220872757,-0.08707912734011587,-0.6488654245768064,1.0085244314145514,-12.792600276885757,1.0085244314146105,0.33616940676893764,7.989237601850992,12.696226761733648,-7.929050392494533,0.31269601780786604
ring,316228,306495,33025,33026,512,m12-1-29,2026-08-05T00:29:46,103934,0.8801726053139534,-0.5496855934128598,1.1807421614190734,1.2294104057528097,-0.07983708418957963,-13.281600281577179,-0.07983708418960256,1.1514328116459553,8.294627994752263,11.395339202037183,-7.1166198011565465,-2.3808432173987883
ring,316228,306495,33025,33026,512,m12-1-29,2026-08-05T00:29:46,104655,0.602599458216634,-0.3916554656816963,-0.2905885291025954,-0.40420129916329245,0.7154125919306588,-12.214200277915607,0.7154125919306166,0.23155191342922574,7.938537336116842,12.553063972188307,-8.158779515516642,0.17264938573406188
ring,316228,306495,33025,33026,512,m12-1-29,2026-08-05T00:29:46,105299,-1.0425402631859637,0.6910782130822456,-0.07556090124107802,1.3238737730962964,-1.6915749697337923,-12.096425903598297,-1.6915749697337485,-0.10667667246479348,8.018468632178543,8.817056740873229,-5.844643158918381,-1.2171971006315314
ring,316228,306495,33025,33026,512,m12-1-29,2026-08-05T00:29:46,105737,-0.917916267392328,0.6204848011575516,-0.38185080441581515,1.7657634585262019,-1.9140107840430798,-10.770662250871926,-1.9140107840430642,0.2280810325290404,7.280655613668195,9.18822133483415,-6.210971403886191,-1.9938444910552025
ring,316228,306495,33025,33026,512,m12-1-29,2026-08-05T00:29:46,107835,0.5327672046983687,-0.3963532978138199,1.3382496213734887,0.17185030604798524,0.40074782738398834,-14.142261060554945,0.4007478273839454,0.41238731597076117,10.521165267799327,13.110428482199389,-9.753531221227714,-0.5842376220187316
ring,316228,306495,33025,33026,512,m12-1-29,2026-08-05T00:29:46,109416,-0.13899346983691763,0.11143215457801621,0.6356745922936793,0.10327661151228823,-0.22952846808995905,-13.397425265849256,-0.22952846808997385,0.000991991141397408,10.740820881176647,12.49648850720598,-10.01853281777389,-0.10426860265369127
ring,316228,306495,33025,33026,512,m12-1-29,2026-08-05T00:29:46,109864,0.4189402780268032,-0.3421350839894607,0.49265874726199194,-0.2243468609046615,0.6330689601045196,-12.938698298699409,0.633068960104531,0.0338313258740774,10.56661978167896,12.37565691724809,-10.106801949791825,0.190515535030577
ring,316228,306495,33025,33026,512,m12-1-29,2026-08-05T00:29:46,110070,-0.284378952493684,0.23224316662633648,-0.8438920166967699,0.35441236508405516,-0.5691921870588085,-9.19528604069489,-0.5691921870588201,0.1222844042388298,7.509495092374569,10.853417266205337,-8.863637665577158,-0.47669676932287863
ring,316228,306495,33025,33026,512,m12-1-29,2026-08-05T00:29:46,110206,0.33446049134817635,-0.27314315261721306,-0.9875808556754387,-1.8048069129547868,1.7976358804959782,-3.1755083104995396,1.7976358804960737,-1.071695038320717,2.593335755728928,9.238456197055948,-7.54475077402471,2.876501951275516
ring,316228,306495,33025,33026,512,m12-1-29,2026-08-05T00:29:46,110659,-0.5391010174213585,0.44845147560875825,-0.863693889692829,2.591822419180248,-2.6965005280872716,-4.555333936577318,-2.696500528087232,1.5933393529893582,3.789357021658072,8.003417227780437,-6.657646989571964,-4.185161772169724
ring,316228,306495,33025,33026,512,m12-1-29,2026-08-05T00:29:46,111018,-0.1178454453642216,0.09984611744948618,-0.9918765532478866,0.33616064817651886,-0.4054221266974112,-6.463605241133047,-0.40542212669737776,0.20115207426668563,5.476375315640418,10.368572080828537,-8.784910291324028,-0.537312722443189
ring,316228,306495,33025,33026,512,m12-1-29,2026-08-05T00:29:46,113990,-0.7572253553811927,0.7286759288485797,0.26308774268876595,0.1659522283004862,-1.1747597964109258,-11.569006000216953,-1.1747597964110128,0.07563370017429272,11.132823449657588,11.0689185352553,-10.651590623198693,-0.2415859284748128
ring,316228,306495,33025,33026,512,m12-1-29,2026-08-05T00:29:46,114293,-0.4282074801569668,0.419584608525027,0.2573307332679879,0.09499383469918317,-0.682732265931555,-11.451576870854714,-0.6827322659315879,0.06721475138865934,11.22097492689953,11.231922610765375,-11.005743874194039,-0.1622085860878419
ring,316228,306495,33025,33026,512,m12-1-29,2026-08-05T00:29:46,114916,0.11271062550575103,-0.1124561713130011,-0.8921578982252142,-0.10784332727595913,0.2553106445217774,-8.23884161600223,0.25531064452180496,-0.1066892504256826,8.220241703321506,9.953474361349032,-9.931003513793053,0.2145325777016396
ring,316228,306495,33025,33026,512,m12-1-29,2026-08-05T00:29:46,115275,0.38267654060418715,-0.38877925749417336,1.2120993250306797,0.012504993538604363,0.5759173603336745,-12.901445597874467,0.5759173603336274,-0.0057196698386263855,13.10719082027819,11.687876424245475,-11.874268306928771,-0.006785323699979958
ring,316228,306495,33025,33026,512,m12-1-29,2026-08-05T00:29:46,115636,0.47038504849063806,-0.4866086402202822,-0.08817169109649028,-0.04437442057617762,0.7334702122221219,-10.509678422505127,0.7334702122220836,-0.09412581279159364,10.872157486165023,10.614251616691327,-10.980337412354858,0.13850023336777062
ring,316228,306495,33025,33026,512,m12-1-29,2026-08-05T00:29:46,116317,-0.5648239262740875,0.5949757588165405,-0.7076195892641212,1.0063639854179005,-1.872844556020353,-7.461127162030145,-1.8728445560202105,1.2012524234549766,7.859422358644087,8.383911169457019,-8.831467078251187,-2.207616408872751
ring,316228,306495,33025,33026,512,m12-1-29,2026-08-05T00:29:46,116653,0.29915418905887486,-0.32088436170729523,1.459167014661986,0.23647679489749368,0.25333213933424503,-12.055845438307502,0.25333213933418497,0.2009195159265773,12.931566428948544,11.402706562743807,-12.230984391803538,-0.4373963108240667
ring,316228,306495,33025,33026,512,m12-1-29,2026-08-05T00:29:46,116774,-0.7975898125933514,0.8555257030610849,0.9702596222052761,-1.0433844150910383,-0.19606883310112347,-10.920485157350909,-0.19606883310091852,-1.0158645188222042,11.713735048385924,8.467770805424195,-9.082858704169444,2.059248933913277
ring,316228,306495,33025,33026,512,m12-1-29,2026-08-05T00:29:46,117349,-0.29700487996217284,0.3303575084792588,0.13587025340836562,-0.006749503340415516,-0.48476484175920664,-10.46997490147471,-0.4847648417592151,0.09662939315276195,11.645717143542798,10.402425032881508,-11.5705816565792,-0.08987988981233533
ring,316228,306495,33025,33026,512,m12-1-29,2026-08-05T00:29:46,117352,-0.2441023719328331,0.2715142303920234,0.48229524746102137,0.03768016447514072,-0.4552794380630253,-11.144354049828504,-0.45527943806302174,0.1347711286882067,12.39582675537463,10.64226448073406,-11.837354251149986,-0.1724512931633439
ring,316228,306495,33025,33026,512,m12-1-29,2026-08-05T00:29:46,117501,0.17918704605237573,-0.19930913624435143,-0.7484598484048771,-0.030793676973484094,0.3143876950680723,-8.74565187479934,0.3143876950680756,-0.09783866494998016,9.727758559905107,9.58890400209944,-10.665705006543112,0.12863234192346948
ring,316228,306495,33025,33026,512,m12-1-29,2026-08-05T00:29:46,118228,-0.1744702415961885,0.2012658199019222,-0.15938458291129998,-0.042173985225494495,-0.25174517896126575,-9.793269817835792,-0.25174517896126464,0.030005833383099523,11.297344815796809,9.8848200662589,-11.40295558152108,0.012168151842400114
ring,316228,306495,33025,33026,512,m12-1-29,2026-08-05T00:29:46,118579,0.6173279156849855,-0.7121386888788194,-0.6812030125398795,-1.8787813254922665,3.188468086594697,-5.436561669079025,3.1884680865947987,-2.792971813982679,6.2715224772090625,5.558961946079763,-6.412721296454181,4.67175313947508
ring,316228,306495,33025,33026,512,m12-1-29,2026-08-05T00:29:46,119164,0.4339923129002294,-0.519327194477679,-0.0881716910964922,0.06109183821444302,0.7222245684461502,-9.696565953905521,0.7222245684461752,-0.19959207158222117,11.603178773508638,9.79304853250453,-11.71863249324045,0.13850023336777112
ring,316228,306495,33025,33026,512,m12-1-29,2026-08-05T00:29:46,119528,0.036528745799199694,-0.04452322906770681,-0.10139367814782452,0.015977524510511775,0.049406567088586435,-9.564155129647029,0.04940656708858667,-0.003706652535734128,11.657314270168392,9.540343563445232,-11.628291433679665,-0.012270871974777749
ring,316228,306495,33025,33026,512,m12-1-29,2026-08-05T00:29:46,120673,-0.6273199402726148,0.7934436673216192,0.9724178274927987,-0.4478302397617929,-0.7738153297119564,-10.730493512421166,-0.7738153297119251,-0.08089820538885073,13.572089101721826,9.517230385350315,-12.037535705330114,0.528728445150659
ring,316228,306495,33025,33026,512,m12-1-29,2026-08-05T00:29:46,121182,-0.7727203365753066,0.9957202814331668,0.7420570390309464,-0.8805048748711763,-0.5446410057571311,-9.905270658026595,-0.5446410057570498,-0.601349574921669,12.763840189575205,7.084258895972623,-9.128710514991845,1.4818544497928772
ring,316228,306495,33025,33026,512,m12-1-29,2026-08-05T00:29:46,121449,0.3305398582320481,-0.4339747088327154,1.2120993250306964,0.15644779708990827,0.555281879858495,-11.143724651050935,0.5552818798584624,-0.14966247338996436,14.63089712272132,10.095494775310812,-13.25464780275341,-0.006785323699943814
ring,316228,306495,33025,33026,512,m12-1-29,2026-08-05T00:29:46,123936,0.13934461947038168,-0.2051390978328995,0.02528469908304829,0.0911842073175348,0.22694297121218562,-8.61685517937828,0.22694297121218085,-0.08875932370369377,12.685483690528503,8.591986660041785,-12.64887297932575,-0.0024248836138422167
ring,316228,306495,33025,33026,512,m12-1-29,2026-08-05T00:29:46,125024,-0.29831611753483533,0.45672545342411713,1.212099325030685,-0.23489047133098656,-0.5274207094227261,-10.057342828667293,-0.5274207094227209,0.22810514763104137,15.397909109380699,9.11130301220645,-13.949511122370263,0.006785323699956049
ring,316228,306495,33025,33026,512,m12-1-29,2026-08-05T00:29:46,125316,-0.305155257078447,0.4765513227511997,0.021363174072873033,-0.2038658998015599,-0.5556315109036014,-8.303065925857641,-0.5556315109035931,0.3080527457279214,12.96663569797374,8.318695002998199,-12.99104313390011,-0.10418684592636604
ring,316228,306495,33025,33026,512,m12-1-29,2026-08-05T00:29:46,125437,0.2543025889508207,-0.39713631776764124,-0.6696862639276122,0.12319676666395594,0.5033912440502162,-7.1886093093046926,0.5033912440502079,-0.3405914792663249,11.22622401425645,7.770515415086421,-12.134968392715896,0.21739471260235477
ring,316228,306495,33025,33026,512,m12-1-29,2026-08-05T00:29:46,125808,0.10010547159211422,-0.15948835901796884,1.168616890103748,0.07349918131940242,0.200759816370899,-9.86314860770067,0.20075981637089862,-0.12034182783849552,15.714000055880376,8.875970400360817,-14.141224563764402,0.04684264651908851
ring,316228,306495,33025,33026,512,m12-1-29,2026-08-05T00:29:46,126140,0.1546138519641677,-0.2513495151804837,0.13475545237450048,0.11953197184547154,0.28359547097302107,-8.172410188088604,0.2835954709730008,-0.1670483053537121,13.285558263616783,8.102514584054045,-13.171931793774851,0.047516333508246515
ring,316228,306495,33025,33026,512,m12-1-29,2026-08-05T00:29:46,126324,-0.0283552754791221,0.04609602990900399,-0.7825866860360035,-0.015628705643997754,-0.057072778579825734,-6.796659207393943,-0.05707277857982622,0.04204475666418738,11.04905527495283,7.49962887457583,-12.191844764950686,-0.026416051020190012
ring,316228,306495,33025,33026,512,m12-1-29,2026-08-05T00:29:46,127274,-0.42095393614879684,0.7128969982786755,-0.5619109005264733,-0.1637843881164957,-1.0563722037502765,-6.6828967414488,-1.0563722037503147,1.0014404284807645,11.31766831870512,7.027239433597214,-11.900822080984877,-0.8376560403642924
ring,316228,306495,33025,33026,512,m12-1-29,2026-08-05T00:29:46,127366,-0.22175479340622514,0.37554780463515713,1.6230838132237286,-0.6125788051450906,0.23298958351324428,-7.232104109182995,0.23298958351326426,-0.8695765221945692,12.2477660093737,8.262985175259688,-13.993591275463135,1.482155327339642
ring,316228,306495,33025,33026,512,m12-1-29,2026-08-05T00:29:46,127867,-0.6468846758651856,1.1184902666067758,-0.16241825907798113,0.06656253590304335,-2.292811096124725,-6.536537947799797,-2.292811096124737,2.704868172927315,11.301943522068733,2.4998667893436117,-4.322372713428182,-2.77143070883032
ring,316228,306495,33025,33026,512,m12-1-29,2026-08-05T00:29:46,128321,-0.5410960040256556,0.9554040304916221,1.2498963318547047,-1.95263908032025,1.374925140777068,-5.931057882569412,1.3749251407771061,-3.601627993305007,10.472368237665489,4.606389932122794,-8.133424520646644,5.554267073625312
ring,316228,306495,33025,33026,512,m12-1-29,2026-08-05T00:29:46,128342,0.08311650051168988,-0.14990174373632822,0.45726050731387846,0.06650644551970818,0.1942617579742102,-8.0388731190757,0.19426175797420367,-0.17613434803550757,14.498217451479732,7.6426125861481715,-13.7835561688944,0.10962790251580647
ring,316228,306495,33025,33026,512,m12-1-29,2026-08-05T00:29:46,128812,-0.1270520476382017,0.2341059005116323,-0.15938458291130134,-0.1446764252213401,-0.2132376078446289,-7.131617243411143,-0.2132376078446329,0.13250827337894136,13.140706567967529,7.198285612856722,-13.263549599266332,0.012168151842402329
ring,316228,306495,33025,33026,512,m12-1-29,2026-08-05T00:29:46,130780,0.5018620089752986,-1.0102299446770426,-0.08358772297772864,0.551163990343275,1.1198659457164182,-6.6447220223466585,1.1198659457165439,-1.1467583902681702,13.375583409344348,6.1535604355636355,-12.386893024796855,0.5955943999248663
ring,316228,306495,33025,33026,512,m12-1-29,2026-08-05T00:29:46,131861,0.026013983410446827,-0.05613643236561833,0.34711180963089366,0.033809909037220524,0.061838964488713795,-6.7972963316017,0.06183896448871337,-0.07097785755335913,14.668109830299567,6.529239813462928,-14.089661833187995,0.03716794851613744
ring,316228,306495,33025,33026,512,m12-1-29,2026-08-05T00:29:46,132329,0.15051154913101866,-0.332644282780858,0.4822952474610197,0.21601904160445545,0.34392467055912945,-6.871518612550262,0.3439246705591519,-0.3884703347678011,15.18668430219609,6.5619342433018115,-14.50247454511454,0.1724512931633417
ring,316228,306495,33025,33026,512,m12-1-29,2026-08-05T00:29:46,132428,0.2922219975601669,-0.6458373284470101,0.8362165754604971,0.4562193654781227,0.6198714280526129,-7.272987981750928,0.6198714280526283,-0.6332799494890632,16.07396830895306,6.729636220134454,-14.873111244601004,0.17706058401095578
ring,316228,306495,33025,33026,512,m12-1-29,2026-08-05T00:29:46,132559,-0.06563487998085882,0.1450590848522599,-0.8921578982252186,-0.06127089947707229,-0.19177871187908538,-4.797732052511975,-0.19177871187909398,0.27580347717870757,10.603426426721569,5.796215682135156,-12.81016652581749,-0.21453257770163184
ring,316228,306495,33025,33026,512,m12-1-29,2026-08-05T00:29:46,133367,0.40304955322486996,-0.9354502460651999,0.02578582580447068,0.6456890987349092,0.8393144172990697,-6.094749387765925,0.8393144172990782,-0.9406735216229511,14.14549344832148,5.971242657371944,-13.858842835726955,0.2949844228880209
ring,316228,306495,33025,33026,512,m12-1-29,2026-08-05T00:29:46,133557,0.5050284204047473,-1.1721361712413536,0.9424650402784602,1.6277467846802294,-0.6709678074011797,-5.503103608339466,-0.6709678074011669,2.8959226043567714,12.772324354051051,2.6748034864621824,-6.208034618986778,-4.52366938903688
ring,316228,306495,33025,33026,512,m12-1-29,2026-08-05T00:29:46,133709,0.19734849777101152,-0.4696716109114304,0.8085992618893634,0.34473427057462336,0.4377144389131396,-6.8216244620447,0.43771443891315,-0.5130659781730698,16.234850461536563,6.31731813672461,-15.03464692879541,0.1683317075984604
ring,316228,306495,33025,33026,512,m12-1-29,2026-08-05T00:29:46,137017,0.4317455624853809,-1.2422145259237076,0.2667821935016877,1.0265394889432327,0.8444728180285807,-5.127279048127291,0.8444728180285708,-1.1096642778264394,14.75216207292005,3.472832819998452,-9.992003971674425,0.08312478888321945
ring,316228,306495,33025,33026,512,m12-1-29,2026-08-05T00:29:46,137353,-0.15078495833482936,0.4468231842430341,-0.6696862639276053,-0.3322122634697715,-0.33582188142771163,-4.262379552095088,-0.33582188142768243,0.54960697607211,12.630769175864659,4.6074121696439,-13.653209176136123,-0.21739471260237342
ring,316228,306495,33025,33026,512,m12-1-29,2026-08-05T00:29:46,137872,-0.31473657792047555,0.9612616954790761,0.9724178274927933,-0.905629361999319,-0.470349832485401,-5.383662451459711,-0.47034983248529066,0.37690091684866506,16.442666213663266,4.774948683225989,-14.583545698405802,0.5287284451506877
ring,316228,306495,33025,33026,512,m12-1-29,2026-08-05T00:29:46,138663,0.23942959042984466,-0.7785911078139525,-0.3882166147503155,0.6211351620207618,0.5304813975183349,-4.173102805280344,0.5304813975183212,-0.9407834210956629,13.57033911452483,4.310737965202948,-14.017909155662034,0.3196482590749137
ring,316228,306495,33025,33026,512,m12-1-29,2026-08-05T00:29:46,138779,0.3846670204078064,-1.2508826541494487,0.5048101622714453,1.1664537796761412,0.5430682560941612,-4.711761307636292,0.5430682560941317,-0.43252481799425796,15.321980251820252,3.211937601429836,-10.444766040976141,-0.7339289616818473
ring,316228,306495,33025,33026,512,m12-1-29,2026-08-05T00:29:46,139617,-0.10155816997557607,0.3528373778063233,-0.8438920166967673,-0.2536675424560907,-0.3088218269860649,-3.2838450754038533,-0.30882182698602306,0.7303643117789602,11.408863371666037,3.8760013210246247,-13.466155827868366,-0.47669676932286015
ring,316228,306495,33025,33026,512,m12-1-29,2026-08-05T00:29:46,139726,0.25923487159968983,-0.9006439595473804,1.4279728901623256,1.2827130850619708,-0.9369075170710651,-2.918671699968548,-0.9369075170711793,4.268081218746684,10.14016370659314,3.109842995410202,-10.804338520020444,-5.550794303808512
ring,316228,306495,33025,33026,512,m12-1-29,2026-08-05T00:29:46,139952,-0.22293900470531874,0.8017416095129359,-0.08839468907426272,-0.6852699002984409,-0.4741540633805043,-4.049911081564432,-0.4741540633805103,0.8880534637848243,14.564442113705319,4.0796392883733,-14.671351805917006,-0.20278356348638463
ring,316228,306495,33025,33026,512,m12-1-29,2026-08-05T00:29:46,140313,-0.1507960177406576,0.5619316187171522,0.3774587916176759,-0.4970820580121502,-0.34011659948057377,-4.243179412978855,-0.34011659948057976,0.679069179522247,15.811933973900354,4.110589445461382,-15.317846025232997,-0.1819871215100856
ring,316228,306495,33025,33026,512,m12-1-29,2026-08-05T00:29:46,140557,0.16728559754978498,-0.6233789726522044,-0.8281451040020879,0.38990758894894584,0.7898997805749962,-2.5630266159622184,0.789899780574997,-2.3416309653886445,9.550953113362333,3.2975588665205966,-12.288140094427662,1.9517233764396533
ring,316228,306495,33025,33026,512,m12-1-29,2026-08-05T00:29:46,140603,0.1087302441114923,-0.40517623072886194,1.7338560621605177,0.6079548875766141,-0.5443222825897877,-1.9016904773799739,-0.5443222825897741,2.49026621040888,7.086526715121393,3.9298849752293465,-14.644462490386971,-3.098221097985551
ring,316228,306495,33025,33026,512,m12-1-29,2026-08-05T00:29:46,140915,0.26839513599840575,-1.0375382654115155,0.86216134762883,1.0033697443203646,0.43322881448943557,-4.296192129512737,0.4332288144895889,-0.5592984221450933,16.607840948189633,3.7797504352613194,-14.611426156070731,-0.4440713221753258
ring,316228,306495,33025,33026,512,m12-1-29,2026-08-05T00:29:46,141047,0.18714235195168683,-0.723438412945538,1.5769693343204383,1.0239287332015654,-0.8075290915901806,-2.276555279564559,-0.8075290915900564,3.936708222278669,8.800506786706471,3.2678869996565902,-12.632709592786995,-4.9606369554802106
ring,316228,306495,33025,33026,512,m12-1-29,2026-08-05T00:29:46,141356,0.25900437453084585,-1.0399222736313884,0.8621613476288298,1.0110748589126088,0.4190313826203565,-4.145874519034959,0.41903138262058537,-0.5670035367373024,16.646001689489356,3.647502380122456,-14.64499962629404,-0.4440713221753522
ring,316228,306495,33025,33026,512,m12-1-29,2026-08-05T00:29:46,142411,-0.1571442386801576,0.6834064099860702,-0.8636938896928283,-0.3743157119952906,-1.197822349400207,-1.3278485112520395,-1.1978223494003009,4.559477484165029,5.774695857141501,2.332941074967756,-10.145754614636596,-4.185161772169668
ring,316228,306495,33025,33026,512,m12-1-29,2026-08-05T00:29:46,142663,-0.1397762900100417,0.6340685047194065,1.1385140108462755,-0.6228492689287972,-0.28960834838761984,-3.923605614294839,-0.28960834838763383,0.627061535216026,17.798689211066385,3.5623462793930956,-16.159905077644254,-0.0042122662872408016
ring,316228,306495,33025,33026,512,m12-1-29,2026-08-05T00:29:46,142844,0.010474815328672766,-0.047517003722063716,-1.0571049817051976,0.024405473247333585,0.09082159015905092,-0.6455969355277945,0.09082159015905404,-0.36756833352107343,2.9286274770355507,2.7673501536401792,-12.553556642744102,0.3431628602737392
ring,316228,306495,33025,33026,512,m12-1-29,2026-08-05T00:29:46,142980,0.11319683237606967,-0.5365230639437438,-0.2804146053933372,0.48244331694750026,0.23408931062233027,-3.0178381742254747,0.23408931062232421,-0.5776894534309333,14.30375523532905,3.097822461841011,-14.682859616238561,0.09524613648342387
ring,316228,306495,33025,33026,512,m12-1-29,2026-08-05T00:29:46,143237,-0.1976046375163801,0.9365937486444839,1.2766251826751505,-1.0381959731002488,0.07745140253686056,-3.184567425409173,0.07745140253694005,-1.3889542786499653,15.094007814101182,2.8835199319901808,-13.667122271712374,2.427150251750333
ring,316228,306495,33025,33026,512,m12-1-29,2026-08-05T00:29:46,143594,-0.2041507834080387,1.0128688866767703,-0.2943498415416285,-0.892597149903967,-0.5358450247495434,-2.806075458158489,-0.535845024749375,1.6579284311410596,13.921996662414026,2.721580634679536,-13.502786036040366,-0.7653312812371013
ring,316228,306495,33025,33026,512,m12-1-29,2026-08-05T00:29:46,144108,-0.2418528033816326,1.2585619054511616,0.03548186872556214,-1.1462533527062788,-0.630401244859637,-2.8190258009420535,-0.6304012448594436,2.013108562578485,14.669743058348123,1.9838829967531202,-10.32379831730056,-0.8668552098721961
ring,316228,306495,33025,33026,512,m12-1-29,2026-08-05T00:29:46,144533,-0.009274907422228149,0.05073589667276133,-1.000148140987835,-0.03859159104032024,-0.04875602204857839,-1.5098459087944132,-0.04875602204857504,0.2192021964710844,8.259207616111173,2.4523835606188116,-13.41510737189064,-0.18061060543076296
ring,316228,306495,33025,33026,512,m12-1-29,2026-08-05T00:29:46,145129,-0.043153752329961576,0.2628413002617034,-0.15938458291130422,-0.24705221493925864,-0.08131711174167283,-2.422283229236941,-0.0813171117416645,0.23488406309685889,14.753666580524769,2.444927416062679,-14.89158801695286,0.012168151842403416
ring,316228,306495,33025,33026,512,m12-1-29,2026-08-05T00:29:46,145409,0.08946732758329946,-0.5449284811464248,-0.8769144434597245,0.4404384912505398,0.4429818909400608,-1.5362640036977926,0.44298189094004153,-2.184950423634654,9.357091943933876,2.1006478452856445,-12.794646612074377,1.7445119323840763
ring,316228,306495,33025,33026,512,m12-1-29,2026-08-05T00:29:46,146971,-0.05202739385439505,0.40886620897504233,0.8864409493494442,-0.41374044374986735,-0.1251579702912689,-2.2514067033900664,-0.1251579702912737,0.5539088611854015,17.693066199938357,2.068151917458055,-16.252926995381827,-0.14016841743554692
ring,316228,306495,33025,33026,512,m12-1-29,2026-08-05T00:29:46,147281,-0.16110824062912477,1.2660967751914969,0.9424650402784533,-1.3680725910644072,0.2312024619271131,-1.7555355392253076,0.2312024619271789,-3.155596797972598,13.79617750319734,0.8532844218691731,-6.705682158969363,4.523669389036859
ring,316228,306495,33025,33026,512,m12-1-29,2026-08-05T00:29:46,147356,0.04299229688986424,-0.36412137774623804,-0.2600081271229796,0.3459418289154831,0.08611328840834526,-1.723009354675017,0.08611328840835833,-0.3732233892474546,14.59295235379353,1.7594525751093764,-14.901606614998304,0.027281560331972862
ring,316228,306495,33025,33026,512,m12-1-29,2026-08-05T00:29:46,147490,0.01897698292518284,-0.16072472670826118,-0.7711870188155069,0.1465887351855817,0.04451153005219208,-1.525347191252881,0.044511530052194076,-0.22514418562627908,12.918861307717107,1.679508320202989,-14.224522245349807,0.07855545044070414
ring,316228,306495,33025,33026,512,m12-1-29,2026-08-05T00:29:46,147838,-0.01788426969343558,0.16420501530849382,-0.5050737228046742,-0.1538798952758766,-0.03638782958804352,-1.5209039374695934,-0.036387829588051965,0.1762530148939837,13.964229941500431,1.5886816671271202,-14.586533414148878,-0.022373119618107708
ring,316228,306495,33025,33026,512,m12-1-29,2026-08-05T00:29:46,147988,0.05062755775241514,-0.4648386005282739,-0.8055285532892944,0.42026168154211785,0.15754662192517435,-1.3051854509874503,0.15754662192519275,-1.0090987769523652,11.983603503725403,1.5134658539558705,-13.89593693104077,0.5888370954102983
ring,316228,306495,33025,33026,512,m12-1-29,2026-08-05T00:29:46,148701,0.0273719414924754,-0.30194308722606633,0.9471548021540633,0.3111525318908767,0.06651085246919779,-1.6262535780601808,0.06651085246920312,-0.4165070737257772,17.939393378685747,1.4844159562541013,-16.374765987360135,0.10535454183489254
ring,316228,306495,33025,33026,512,m12-1-29,2026-08-05T00:29:46,148703,0.045994262764536394,-0.507368090700785,0.808599261889366,0.5186647706702329,0.11020201868709281,-1.5898554665073634,0.11020201868709299,-0.6869964782686769,17.537881554087782,1.47232126734916,-16.241348059807926,0.16833170759846272
ring,316228,306495,33025,33026,512,m12-1-29,2026-08-05T00:29:46,149517,-0.004161571040977978,0.05743995580385785,-0.10139367814782625,-0.05598665635884053,-0.007261639308919325,-1.0896051903273858,-0.007261639308917317,0.043715784384060805,15.039241997742092,1.086892435696033,-15.001799285698317,0.012270871974779541
ring,316228,306495,33025,33026,512,m12-1-29,2026-08-05T00:29:46,150348,-0.038829519095633244,0.612757455843988,-0.9116725065936508,-0.5469977151284857,-0.3132094008824495,-0.33132668319267783,-0.31320940088245797,4.375822009901241,5.228570947435961,0.6942488103662375,-10.955740495136835,-3.828824294772689
ring,316228,306495,33025,33026,512,m12-1-29,2026-08-05T00:29:46,150365,-0.08685635618702986,1.3706551376535017,0.6071995134644042,-1.408819801740732,-0.01676639253120192,-0.9440967532293887,-0.016766392531225444,-1.1452966519318364,14.898518911723217,0.31322634427635254,-4.942934712876212,2.554116453672561
ring,316228,306495,33025,33026,512,m12-1-29,2026-08-05T00:29:46,150545,-0.033931939906322955,0.6249368517767894,0.9302990914980513,-0.649716441327082,-0.0792716946840244,-0.9705005984513329,-0.07927169468405175,0.8059549461271114,17.87406173410717,0.8908254747768104,-16.40665606583336,-0.1562385048000053
ring,316228,306495,33025,33026,512,m12-1-29,2026-08-05T00:29:46,152585,-0.003296160752887456,0.1822787297606232,1.7879846415380312,-0.20169324969035987,0.01790255736579399,-0.12081345236663875,0.01790255736579459,-1.1913865879253112,6.681022039379669,0.2882351198969456,-15.939493084854504,1.3930798376157503
ring,316228,306495,33025,33026,512,m12-1-29,2026-08-05T00:29:46,152829,0.010493449648504318,-1.1606770228703027,0.029270620478665705,1.1476481709112105,0.0251025382844485,-0.13824219689390305,0.02510253828446462,-1.6287084059037837,15.290924043147106,0.12562037847108729,-13.894828848437797,0.48106023499259254
ring,316228,306495,33025,33026,512,m12-1-29,2026-08-05T00:29:46,154161,-0.010208746698405552,-0.5645469138613155,-0.7578939513875372,0.5293908026871882,-0.03151984831319107,0.22196648656141205,-0.03151984831319589,-1.2130967794138539,12.274816749880747,-0.252013741242093,-13.9364394153393,0.6837059767266792
ring,316228,306495,33025,33026,512,m12-1-29,2026-08-05T00:29:46,154881,-0.026715623447755063,-0.7384496531081245,0.37995885492954845,0.7450493857979414,-0.061308425602236934,0.5926732531609668,-0.06130842560222571,-0.9473659171347111,16.38215028217635,-0.5731014929153186,-15.84116498223177,0.20231653133676203
ring,316228,306495,33025,33026,512,m12-1-29,2026-08-05T00:29:46,156133,0.010409413253089002,0.16426795207228254,-0.057209313836408184,-0.16077611335562034,0.018976914999890664,0.958888345325918,0.018976914999893228,0.13749057729440586,15.131940765818513,-0.9571264250866008,-15.104136410050492,0.023285536061211483
ring,316228,306495,33025,33026,512,m12-1-29,2026-08-05T00:29:46,156252,-0.04545135156664235,-0.7172546866226274,-0.2905885291025874,0.6902674563054069,-0.09881977214628042,0.9212618819469889,-0.09881977214627718,-0.8629168420394384,14.538168385695583,-0.9468208377202405,-14.941506904389291,0.1726493857340679
ring,316228,306495,33025,33026,512,m12-1-29,2026-08-05T00:29:46,156896,0.09038394128596243,1.2475215589793933,-0.07556090124108261,-1.2088062382316407,0.264734503075246,1.0487102390651306,0.26473450307523594,2.4260033388631643,14.474790695583208,-0.7644024570779773,-10.550641312757984,-1.2171971006315265
ring,316228,306495,33025,33026,512,m12-1-29,2026-08-05T00:29:46,157396,-0.011847570833174097,-0.1452887129231783,-1.050131302769234,0.12465346007796373,-0.10438961755673155,0.25291813828166404,-0.10438961755673248,-1.1469811640743022,3.1015767960611345,-1.0370308375756843,-12.717280004027714,1.0223277039963699
ring,316228,306495,33025,33026,512,m12-1-29,2026-08-05T00:29:46,160423,0.17459457198865005,1.1985933359671923,-0.18255252879255912,-1.099986165799329,0.5546316342089452,2.023985437598008,0.554631634208757,2.6267739844697098,13.89467856857159,-1.5425968530924465,-10.589941526479022,-1.52678781867039
ring,316228,306495,33025,33026,512,m12-1-29,2026-08-05T00:29:46,161035,0.07285799301416729,0.4437641823560905,-0.18053854999702923,-0.4147386472640227,0.14801305723369323,2.4118014038094557,0.1480130572336806,0.46247969431404895,14.689823774841832,-2.4514997697083922,-14.931618973353372,-0.047741047050032584
ring,316228,306495,33025,33026,512,m12-1-29,2026-08-05T00:29:46,161847,0.010416086868273517,0.060041975549124514,1.7989233316430382,-0.07711468569833829,-0.05626507962951802,1.118991849737341,-0.05626507962951664,-0.3916854549510372,6.450261228738516,-2.752392690834357,-15.865756184121462,0.4688001406493787
ring,316228,306495,33025,33026,512,m12-1-29,2026-08-05T00:29:46,163492,-0.07373942672503576,-0.34950539100363937,-0.9506364525901708,0.25083098510396346,-0.37609557105877245,1.825469749957076,-0.3760955710587643,-1.4524131255032582,8.65224408515059,-2.757541930026716,-13.070019842393531,1.2015821403993134
ring,316228,306495,33025,33026,512,m12-1-29,2026-08-05T00:29:46,163636,0.013004659222564099,0.058993158475194214,0.5055300323972162,-0.053893271403939305,0.034887567077721726,3.6057488298412066,0.034887567077731475,0.09667679076297872,16.356792477228915,-3.396771044645881,-15.408804576213154,-0.042783519359040394
ring,316228,306495,33025,33026,512,m12-1-29,2026-08-05T00:29:46,164572,0.06868336164693196,0.2868005953317286,0.7613039915801177,-0.26506389242547307,0.16767098457504284,4.079532869639136,0.16767098457508264,0.3949245185917726,17.034874642600347,-3.7766799077351743,-15.770253813198277,-0.12986062616630192
ring,316228,306495,33025,33026,512,m12-1-29,2026-08-05T00:29:46,165347,0.24519120627394023,0.9844613519160899,-0.6081077095070894,-0.5761666205493909,1.5331043777680924,2.210660254102638,1.533104377768524,5.197527181815362,8.875969148539905,-1.8896905492700289,-7.587251358268683,-4.621360561265971
ring,316228,306495,33025,33026,512,m12-1-29,2026-08-05T00:29:46,165485,0.17997807528712526,0.6957433835410991,0.022078216473242908,-0.6115729233099632,0.38326719526294306,3.8605482186530655,0.3832671952630344,0.7708823180239879,14.923767107100296,-3.860971345974473,-14.925402795412785,-0.15930939471401478
ring,316228,306495,33025,33026,512,m12-1-29,2026-08-05T00:29:46,166305,0.04772622410307933,0.17163483697684123,0.6356745922936939,-0.1492671849732568,0.12139314177885518,4.600277418733408,0.12139314177885122,0.2535357876269572,16.543690175599323,-4.290922528203957,-15.4311765166661,-0.10426860265369836
ring,316228,306495,33025,33026,512,m12-1-29,2026-08-05T00:29:46,166573,-0.2413668644083387,-0.8680125696695163,-0.6363107016256231,0.5680216606460349,-1.0197507807634125,3.0434155581016333,-1.0197507807634374,-2.815683874805197,10.944845166032216,-3.18566186789817,-11.456396679928748,2.247662214159066
ring,316228,306495,33025,33026,512,m12-1-29,2026-08-05T00:29:46,167136,0.11603810753424844,0.4031441448564609,1.7338560621605363,-0.6282498089420684,-0.5779932731206043,2.0295049083565306,-0.577993273120658,-2.4699712890434213,7.050985561100233,-4.194016293068219,-14.571015918060056,3.0982210979855775
ring,316228,306495,33025,33026,512,m12-1-29,2026-08-05T00:29:46,167331,-0.16172338196689748,-0.543337431645748,-0.6141720241075833,0.4294590461348272,-0.3633679560106552,3.85257720419577,-0.3633679560105376,-0.6831821067476969,12.943393700320273,-4.1246221723418115,-13.857375417044176,0.2537230606128637
ring,316228,306495,33025,33026,512,m12-1-29,2026-08-05T00:29:46,168650,-0.2741364144100228,-0.8372615482110054,-0.2951112097464008,0.6566481976741845,-0.6010066350834178,4.504375791424475,-0.6010066350831244,-0.982151593557226,13.75716778439952,-4.591601507698119,-14.02357069335985,0.32550339588306365
ring,316228,306495,33025,33026,512,m12-1-29,2026-08-05T00:29:46,168695,-0.26686670156700715,-0.8150585474053679,1.1729603692905444,0.7926916483474268,-0.35528556379783616,5.448702284241568,-0.3552855637974609,-0.17608618835360357,16.641309473834916,-4.935515371449388,-15.0739450284712,-0.6166054599938215
ring,316228,306495,33025,33026,512,m12-1-29,2026-08-05T00:29:46,169210,-0.4204977639538925,-1.2460669282392463,0.266782193501689,1.0416330712363084,-0.8250233674353346,4.993703612132015,-0.825023367434999,-1.1247578601195425,14.797912031676525,-3.382358875881917,-10.022991549450385,0.08312478888320984
ring,316228,306495,33025,33026,512,m12-1-29,2026-08-05T00:29:46,169354,-0.01983229916361037,-0.05706131630324886,0.5055300323972175,0.04369788729654905,-0.05146179260744313,5.498820713285036,-0.05146179260743947,-0.08648140665558365,15.821158476236517,-5.180126475811035,-14.904214225925442,0.04278351935903979
ring,316228,306495,33025,33026,512,m12-1-29,2026-08-05T00:29:46,169444,-0.0542268756951318,-0.1560210886619979,-0.5050737228046633,0.12140730119113402,-0.104832613062434,4.611531260438769,-0.10483261306242553,-0.1437804208092566,13.268257085242693,-4.8170400446409944,-13.859545147293025,0.02237311961812496
ring,316228,306495,33025,33026,512,m12-1-29,2026-08-05T00:29:46,169913,-0.23876465222203602,-0.6674511154555877,0.8362165754604958,0.5494495536481858,-0.5234257284316339,5.9425110381029365,-0.5234257284316441,-0.7265101376590835,16.61190458502424,-5.4985567996140094,-15.370859275624023,0.17706058401089877
ring,316228,306495,33025,33026,512,m12-1-29,2026-08-05T00:29:46,170386,0.30086830355967326,0.8176727379221166,0.5029112923492242,-0.6500270863585048,0.6456835625037421,5.77751211238109,0.6456835625038301,0.8671697565055383,15.701601303348848,-5.50502187039853,-14.96105190155823,-0.2171426701470408
ring,316228,306495,33025,33026,512,m12-1-29,2026-08-05T00:29:46,170627,-0.016802618400356826,-0.0456646407385905,-1.057104981705194,-0.007090145389938634,-0.14000730259329647,1.0356000184958594,-0.1400073025933012,-0.336072714883799,2.814460321998246,-4.439097697933142,-12.064179329056726,0.34316286027374254
ring,316228,306495,33025,33026,512,m12-1-29,2026-08-05T00:29:46,171017,0.4138116473234421,1.0939989297482617,0.9702596222052878,-1.1769714342305588,0.13008149261671187,5.665849639980492,0.1300814926170371,-0.882277499682798,14.978876216620389,-4.393313619135051,-11.614657123523582,2.059248933913357
ring,316228,306495,33025,33026,512,m12-1-29,2026-08-05T00:29:46,171119,-0.062087754218294454,-0.15976231160267637,0.45726050731387285,0.11411512148730217,-0.15465845488349408,6.005011945119374,-0.15465845488350755,-0.2237430240031001,15.451913209501,-5.709006622189107,-14.690241359175117,0.10962790251580015
ring,316228,306495,33025,33026,512,m12-1-29,2026-08-05T00:29:46,171177,0.1328130587394102,0.3417505036601564,-0.2600081271229825,-0.2590773569797408,0.24967973258974618,5.322770802808072,0.24967973258981485,0.286358917311722,13.696391153043463,-5.435352263356245,-13.986082326564944,-0.027281560331983735
ring,316228,306495,33025,33026,512,m12-1-29,2026-08-05T00:29:46,171245,-0.2830685078434363,-0.7283832331249481,-0.1936050435035342,0.5373263552057802,-0.5785013654379123,5.37221756942214,-0.578501365438076,-0.7264351290130799,13.82362606168248,-5.468064303608095,-14.070255948782046,0.18910877380729132
ring,316228,306495,33025,33026,512,m12-1-29,2026-08-05T00:29:46,171276,0.06820924139722888,0.17551393532406226,1.1686168901037288,-0.1410065875884767,0.15053753754883378,6.720490634723063,0.1505375375488726,0.18784923410755594,17.292961106832294,-6.047853309554398,-15.562151299129967,-0.04684264651908052
ring,316228,306495,33025,33026,512,m12-1-29,2026-08-05T00:29:46,172295,-0.4960288614947264,-1.2110456224295247,0.5048101622714323,1.055762027539664,-0.6779854049982552,6.0758252542261,-0.6779854049987166,-0.3218330658578191,14.834019041966416,-4.141799704950555,-10.112130142075944,-0.7339289616818275
ring,316228,306495,33025,33026,512,m12-1-29,2026-08-05T00:29:46,172332,0.48575598382527935,1.185964574738373,0.035481868725560625,-0.7787115400769355,1.193112044438841,5.661950708111977,1.1931120444392889,1.645566749949141,13.82355171593922,-3.9845849351656693,-9.728293084378194,-0.8668552098721972
ring,316228,306495,33025,33026,512,m12-1-29,2026-08-05T00:29:46,172397,0.1986241270854005,0.48493726532527587,-0.9530011119705661,0.14316616613609384,1.527039936657619,1.753740238757002,1.527039936657852,3.2459508406314463,4.281725528277867,-4.353859789385318,-10.629871057741576,-3.389117006767593
ring,316228,306495,33025,33026,512,m12-1-29,2026-08-05T00:29:46,172804,-0.4517437545948664,-1.0751093590078102,1.1519463253278248,1.6686997103174506,1.0219499310106912,4.930250611556328,1.0219499310103888,3.6714412858638252,11.733551423399147,-3.264755660194921,-7.769823776085327,-5.340140996181363
ring,316228,306495,33025,33026,512,m12-1-29,2026-08-05T00:29:46,172920,0.07049190278376086,0.1636068500189626,0.6356745922936863,-0.1093834052295134,0.17091191890445315,6.794635751600953,0.17091191890445998,0.21365200788321254,15.769881482072192,-6.337716829588964,-14.709404142231085,-0.10426860265369847
ring,316228,306495,33025,33026,512,m12-1-29,2026-08-05T00:29:46,174852,0.40927068736897587,0.862648777189749,0.7423497626912545,-0.6051570208960136,0.8041721394342914,7.411262344993214,0.8041721394339695,0.708326150323934,15.621241874029298,-6.847015332586369,-14.431938534434995,-0.10316912942793253
ring,316228,306495,33025,33026,512,m12-1-29,2026-08-05T00:29:46,175536,0.02562231202021152,0.05157678085162935,-0.10139367814782338,-0.03656933606459326,0.040145402028961434,6.708573250464334,0.04014540202895449,0.02429846408981422,13.504113605882802,-6.691871133663755,-13.470492853106622,0.012270871974778176
ring,316228,306495,33025,33026,512,m12-1-29,2026-08-05T00:29:46,175814,-0.34258967853706485,-0.6896205447033266,1.4445070123367185,0.951957580180882,0.24529718493824734,6.635260220455403,0.2452971849386493,1.323873149005562,13.356537146764321,-6.675733569693468,-13.43800852461531,-2.27583072918653
ring,316228,306495,33025,33026,512,m12-1-29,2026-08-05T00:29:46,176500,-0.0761502177583876,-0.14657516327904926,-0.5050737228046609,0.08599072462546463,-0.13830250947242537,6.475923703521676,-0.13830250947240402,-0.10836384424358898,12.46496204696472,-6.7645174767686935,-13.020451980942171,0.02237311961812555
ring,316228,306495,33025,33026,512,m12-1-29,2026-08-05T00:29:46,177382,-0.07878786740655076,-0.1451743989292102,-0.5050737228046605,0.08092695642246438,-0.14172547006060904,6.700233211504085,-0.14172547006061162,-0.1033000760405883,12.34583903821685,-6.998823138233718,-12.896020361384611,0.02237311961812548
ring,316228,306495,33025,33026,512,m12-1-29,2026-08-05T00:29:46,177416,-0.42596945038042106,-0.7848906304581852,0.14060855751447093,0.43474225874968153,-0.8382999963795906,7.508404437569894,-0.8382999963796366,-0.6549526322304349,13.834974051486965,-7.398324842132586,-13.632141564353745,0.2202103734807438
ring,316228,306495,33025,33026,512,m12-1-29,2026-08-05T00:29:46,177552,0.5176856759336672,0.953886801506246,-0.19174039014096786,-0.4193163413261832,1.1770502400755076,6.949766144104086,1.177050240075571,1.1107154355753313,12.805628022177343,-6.578563604235189,-12.121650813751852,-0.6913990942491701
ring,316228,306495,33025,33026,512,m12-1-29,2026-08-05T00:29:46,177636,0.4139096428629464,0.7626692483446458,1.364874282695142,-1.0517011618770296,-0.22216226661951222,7.237675420827878,-0.22216226661949065,-1.3404869043908607,13.336129196664253,-6.914803502285771,-12.74120591407825,2.392188066267899
ring,316228,306495,33025,33026,512,m12-1-29,2026-08-05T00:29:46,177896,-0.210150244631791,-0.3790088360672863,1.2726556976338965,0.24750955782627285,-0.38659684058274063,8.983439645354036,-0.38659684058280575,-0.23536553381900638,16.20175608090372,-8.12559664530668,-14.654624515359668,-0.012144024007269702
ring,316228,306495,33025,33026,512,m12-1-29,2026-08-05T00:29:46,179251,0.37596171737872386,0.6367014458613821,-0.47288760648236905,-0.2628997913639367,0.7536449067189851,7.088275809978146,0.7536449067193339,0.568403555216063,12.004188852906445,-7.416389634855653,-12.559858584823674,-0.3055037638521091
ring,316228,306495,33025,33026,512,m12-1-29,2026-08-05T00:29:46,180300,-0.5752842441689379,-0.9352164377635909,1.249896331854724,2.0541485472950565,1.430909835195979,6.305801790645297,1.4309098351955054,3.50011852633028,10.25108813193787,-4.89743692567178,-7.961566064468072,-5.554267073625419
ring,316228,306495,33025,33026,512,m12-1-29,2026-08-05T00:29:46,181685,0.46240339156716775,0.7079449827369968,1.5064828708487603,-1.9623194871611835,-1.5983111388258795,5.362672771535303,-1.598311138826232,-3.365394948162499,8.210314526027151,-6.654962266596843,-10.188824807217658,5.3277144353239
ring,316228,306495,33025,33026,512,m12-1-29,2026-08-05T00:29:46,182020,0.14221034195465518,0.21348502769591024,-0.9753567985877132,0.17944359589920417,0.6246925607748677,4.779681680802686,0.6246925607746914,0.7010960490927663,7.175219902989728,-7.481962807987675,-11.231862713559883,-0.8805396449919584
ring,316228,306495,33025,33026,512,m12-1-29,2026-08-05T00:29:46,182871,-0.49405353745092784,-0.7133699439685611,1.3648742826951492,1.1029126267070226,0.2480374961079543,8.639081515107033,0.24803749610841724,1.2892754395607884,12.47407543759089,-8.2536930221113,-11.91760828005878,-2.3921880662678654
ring,316228,306495,33025,33026,512,m12-1-29,2026-08-05T00:29:46,183984,-0.35042468997096216,-0.4777617044838273,0.7160865519424554,0.11764005576180075,-0.6732792227542013,10.257391839406262,-0.6732792227541895,-0.3064635200007017,13.984713831548964,-9.590105827095915,-13.074950017115164,0.18882346423890004
ring,316228,306495,33025,33026,512,m12-1-29,2026-08-05T00:29:46,184231,0.4852020379039472,0.6615143261372907,-0.707619589264083,0.5404326840348235,1.788756587646089,6.40934977375722,1.7887565876460918,1.6671837248379877,8.738373636848879,-7.202051109733252,-9.819126084554062,-2.2076164088728594
ring,316228,306495,33025,33026,512,m12-1-29,2026-08-05T00:29:46,185684,0.15802417631120855,0.1998713478219106,0.3689902564411101,-0.009233068591094979,0.31410907749478806,10.09697690094664,0.3141090774948218,0.13971291166381541,12.770807791742737,-9.743504057016143,-12.323730038300383,-0.13047984307272137
ring,316228,306495,33025,33026,512,m12-1-29,2026-08-05T00:29:46,187529,0.1760016373067928,0.20678018147563804,-0.47188971711910677,-0.0254381869906454,0.2756537934290465,9.158583382948946,0.2756537934290491,0.06379732684153527,10.76020406949254,-9.543250463265334,-11.21214036902199,-0.0383591398508884
ring,316228,306495,33025,33026,512,m12-1-29,2026-08-05T00:29:46,187599,-0.35358238697277045,-0.4154156248977027,1.2120993250306822,0.095425423706585,-0.5685893168777885,11.920573763663715,-0.5685893168777952,-0.08864010000674143,14.005201564389253,-10.799269895674104,-12.68780803975903,-0.006785323699832939
ring,316228,306495,33025,33026,512,m12-1-29,2026-08-05T00:29:46,187781,0.4309475981601811,0.5063101907325922,1.5146139695650012,-0.9892222882308936,-0.31671255804608045,9.502405202501487,-0.316712558046049,-1.0917494746076206,11.164152233443188,-10.031276206851961,-11.785510329482888,2.0809717628384754
ring,316228,306495,33025,33026,512,m12-1-29,2026-08-05T00:29:46,188963,0.668140834592634,0.7431707568487906,0.6260208554529473,-0.047205672639108597,1.08822710735833,11.366259302877394,1.0882271073579168,0.18486503010450117,12.642651206625658,-10.57480825914394,-11.762322927426315,-0.1376593574654004
ring,316228,306495,33025,33026,512,m12-1-29,2026-08-05T00:29:46,189117,-0.5653288779861246,-0.6288133704289569,1.5064828708487528,2.4787878560005407,1.735656364371876,6.556339845743918,1.7356563643725096,2.8489265793231207,7.292594305044953,-8.136277587550538,-9.049953631943671,-5.3277144353238075
ring,316228,306495,33025,33026,512,m12-1-29,2026-08-05T00:29:46,190745,-0.5960733058860198,-0.616631888661242,1.1729603692905428,0.3286643712918995,-0.6003714347198349,12.170218181157626,-0.6003714347197927,0.28794108870195856,12.589969301362608,-11.023964197992546,-11.404180990520615,-0.6166054599938746
ring,316228,306495,33025,33026,512,m12-1-29,2026-08-05T00:29:46,191371,0.9063852836327014,0.9208398221066539,-0.16241825907798013,1.3438672789655506,2.6448810218386294,9.158698641096148,2.6448810218387035,1.427563429864614,9.304756575034217,-3.502699249866611,-3.558558388341466,-2.7714307088302617
ring,316228,306495,33025,33026,512,m12-1-29,2026-08-05T00:29:46,191543,0.2642154631893873,0.26361897344322704,-0.5734541125184577,0.04453844346494346,0.3986361925493211,9.769816422314399,0.39863619254934357,0.042736494304689183,9.747760198777863,-10.335070470352171,-10.311738135874535,-0.08727493776963079
ring,316228,306495,33025,33026,512,m12-1-29,2026-08-05T00:29:46,192000,0.37885905939344156,0.3712299235489542,1.0123021318846654,0.07882073125075238,0.6229617609146173,12.945938679750048,0.6229617609147194,0.053473596628282945,12.685244571022107,-11.801476919523493,-11.563828991218505,-0.13229432787900886
ring,316228,306495,33025,33026,512,m12-1-29,2026-08-05T00:29:46,192095,0.18865199627276125,0.1848530856456724,-0.8728105588311381,0.18391110158155874,0.4211780222694607,8.380141074051009,0.4211780222695224,0.1667741652552977,8.211389045916222,-10.028858447231778,-9.82690597556192,-0.350685266836859
ring,316228,306495,33025,33026,512,m12-1-29,2026-08-05T00:29:46,193486,0.18801958352543388,0.1744943397938859,-0.9753567985877143,0.4907135913681565,0.6750752122171151,6.31932774126499,0.6750752122172469,0.3898260536238365,5.8647450519638875,-9.892076144217574,-9.180486753618705,-0.8805396449919618
ring,316228,306495,33025,33026,512,m12-1-29,2026-08-05T00:29:46,194306,0.6169188848255779,0.5521190415657936,-0.5619109005264757,0.5521581079345695,1.198992301417978,9.793958082106432,1.1989923014180028,0.2854979324296193,8.765221623839844,-10.298601206675995,-9.216858111429024,-0.8376560403641954
ring,316228,306495,33025,33026,512,m12-1-29,2026-08-05T00:29:46,194512,-0.3368487015820105,-0.2960262507776233,0.2560906188979005,-0.13334337309553188,-0.5127665336514879,12.010729097971044,-0.5127665336514797,-0.0004903160602387146,10.555157515168682,-11.797609172615907,-10.367865439609083,0.13383368915576832
ring,316228,306495,33025,33026,512,m12-1-29,2026-08-05T00:29:46,194781,-0.832793116166151,-0.7318675200298312,1.0782624126134182,1.1228030622335747,-0.04128642331466579,11.912469929272964,-0.04128642331456494,1.1334999919111075,10.468806304142406,-9.699994703905558,-8.524459353039788,-2.2563030541447064
ring,316228,306495,33025,33026,512,m12-1-29,2026-08-05T00:29:46,195612,-0.6316645516495356,-0.5351861738716116,-0.5619109005264703,-0.6169674467031269,-1.1900000919402773,10.028054405494965,-1.1900000919400828,-0.2206885936611441,8.496402172067807,-10.544759568629132,-8.9341874784539,0.8376560403642573
ring,316228,306495,33025,33026,512,m12-1-29,2026-08-05T00:29:46,195656,-0.33275527349758083,-0.2819313212902508,1.623083813223758,0.7847785697507745,0.26246206102122965,10.852170290659037,0.2624620610213611,0.6973767575889084,9.194645292178562,-12.39906407282528,-10.505271577129783,-1.4821553273396488
ring,316228,306495,33025,33026,512,m12-1-29,2026-08-05T00:29:46,195769,0.3294673588756461,0.27914559199464406,-0.9875808556754194,1.7395749328139214,1.809713205693422,3.1281014147009603,1.8097132056932652,1.1369270184615707,2.6503254349871863,-9.100536063507269,-7.710549948212458,-2.8765019512754573
ring,316228,306495,33025,33026,512,m12-1-29,2026-08-05T00:29:46,196422,-0.6398417618414863,-0.5225382385257388,0.9576593457770647,-0.198970653457314,-0.8685626949224482,13.793066666582176,-0.8685626949222971,0.15524658954538167,11.264355016591162,-12.607855240574263,-10.296430870714964,0.043724063911949704
ring,316228,306495,33025,33026,512,m12-1-29,2026-08-05T00:29:46,196563,-0.5692911191994001,-0.46492179219226343,-0.7716458891022507,-1.4019269112433634,-1.7069139299559326,8.01121435187964,-1.7069139299557476,-0.70581326297551,6.542501733296493,-9.648633009900685,-7.879729017162811,2.107740174218831
ring,316228,306495,33025,33026,512,m12-1-29,2026-08-05T00:29:46,196859,-0.3381243844753342,-0.2710769701746519,1.2726556976339074,-0.09305498829109728,-0.4448854273788328,14.454039803183726,-0.4448854273787961,0.10519901229831756,11.58791704038311,-13.07380045644489,-10.481368334023824,-0.01214402400722027
ring,316228,306495,33025,33026,512,m12-1-29,2026-08-05T00:29:46,197603,-0.21079754898488823,-0.16282563927522928,-0.15938458291129834,-0.058164071164504866,-0.24606968988457326,11.832374709066755,-0.2460696898845689,0.07033222300689605,9.139641259708911,-11.94298708513752,-9.225081204016718,-0.012168151842396549
ring,316228,306495,33025,33026,512,m12-1-29,2026-08-05T00:29:46,198087,0.31460799749744406,0.23850174304945812,0.6889996171694174,0.2144611524592376,0.47099997102517943,13.7813089786865,0.47099997102519525,-0.04977438130306662,10.447497327039414,-12.875599604292017,-9.760886477323531,-0.16468677115617517
ring,316228,306495,33025,33026,512,m12-1-29,2026-08-05T00:29:46,199156,0.6021834458260732,0.43959475740377774,-0.6357710333440919,0.7436077200551647,1.0579792566212298,10.359344058937783,1.0579792566213035,0.06665017951251662,7.5623356470781955,-11.191982646964393,-8.1701629805024,-0.8102578995676814
ring,316228,306495,33025,33026,512,m12-1-29,2026-08-05T00:29:46,199337,-0.04911071584259311,-0.03517474485433337,0.045053668811809756,-0.015499186020230071,-0.05395874547033393,12.466222114704424,-0.053958745470335544,0.02119054450415397,8.92872715575187,-12.325720650356565,-8.828095286000059,-0.0056913584839246
ring,316228,306495,33025,33026,512,m12-1-29,2026-08-05T00:29:46,200219,-0.04973865199927756,-0.03428106741970186,0.04505366881180908,-0.017438035124189257,-0.053260221795748706,12.625616891766446,-0.05326022179575314,0.023129393608116503,8.70187683993234,-12.483318956974077,-8.603801703187907,-0.005691358483926118
ring,316228,306495,33025,33026,512,m12-1-29,2026-08-05T00:29:46,200295,0.05076836222108604,0.03499076830860086,0.8373037160195678,0.04222460142101751,0.07328244692913059,14.618326899105558,0.07328244692913187,-0.01359342454454228,10.07530019106124,-13.399821403539061,-9.235477088388777,-0.02863117687647431
ring,316228,306495,33025,33026,512,m12-1-29,2026-08-05T00:29:46,200511,-0.7144847504613829,-0.4924399620092209,1.364874282695145,1.2903956819989528,0.2476137576967582,12.493569082378439,0.24761375769653687,1.1017923842688664,8.610866334534926,-11.93623231545804,-8.226736517696182,-2.3921880662677975
ring,316228,306495,33025,33026,512,m12-1-29,2026-08-05T00:29:46,201770,-0.7190974632462452,-0.4673725606586603,1.1729603692905453,0.06438277942030853,-0.5489658584781357,14.682041512017765,-0.5489658584780313,0.5522226805733695,9.542494151197603,-13.299211039002264,-8.643732784119068,-0.616605459993689
ring,316228,306495,33025,33026,512,m12-1-29,2026-08-05T00:29:46,201901,-0.25335237026831636,-0.16466466938529076,1.7662206727925487,1.4660344611583438,0.7361981788507542,5.826176075764086,0.7361981788507704,0.8118100840810432,3.786683962262071,-13.10152695870675,-8.515249345459514,-2.277844545239331
ring,316228,306495,33025,33026,512,m12-1-29,2026-08-05T00:29:46,203485,-0.8928947810345313,-0.5354377306519388,0.14295876455276715,-0.687801858674609,-1.0344517323217164,13.489059147871307,-1.0344517323214832,0.41692309616195433,8.088916378700393,-13.054473055825571,-7.828310318680192,0.27087876251263693
ring,316228,306495,33025,33026,512,m12-1-29,2026-08-05T00:29:46,204080,0.9553193043646043,0.5611922033664197,-0.38185080441581,2.001219277945623,1.8016496781880493,11.209542672426737,1.8016496781878304,-0.00737478689042311,6.5849270734179965,-9.562620824748745,-5.617460283781906,-1.99384449105523
ring,316228,306495,33025,33026,512,m12-1-29,2026-08-05T00:29:46,204290,0.4752840111927438,0.2734513296879684,-0.2804146053933356,0.3388615375035658,0.5009474344451841,12.671116341941726,0.5009474344451865,-0.24361540102015386,7.29023811181784,-13.006949529605736,-7.483457386098913,-0.0952461364834298
ring,316228,306495,33025,33026,512,m12-1-29,2026-08-05T00:29:46,204602,1.151027025351642,0.662235343872246,-0.059780588814450655,2.251032005049948,2.045187274510019,11.83703103379899,2.0451872745100035,-0.1270107604222931,6.8103529669075495,-4.021673376256847,-2.313841632392351,-2.124021244627733
ring,316228,306495,33025,33026,512,m12-1-29,2026-08-05T00:29:46,205929,1.2254544653901056,0.661487580322354,0.3793766110622654,0.02386710497238327,0.7731053935722758,13.197399343232341,0.7731053935725414,-0.9910533267617053,7.12381896239901,-3.8243808033743028,-2.0643609985540596,0.9671862217893487
ring,316228,306495,33025,33026,512,m12-1-29,2026-08-05T00:29:46,208070,0.2833899693480331,0.13681173512871847,1.660147110113994,-0.6770110674212515,-0.16102938434523287,12.66330281592562,-0.16102938434523248,-0.421196894169086,6.113443022323203,-14.884326555899353,-7.185683201913659,1.0982079615903473
ring,316228,306495,33025,33026,512,m12-1-29,2026-08-05T00:29:46,208616,0.2314199398887884,0.10660678871841307,0.3689902564411086,0.2750313816798114,0.2453533820309906,14.786609505078525,0.24535338203097204,-0.14455153860709294,6.811655711807435,-14.268962989183702,-6.573194701155581,-0.13047984307272645
ring,316228,306495,33025,33026,512,m12-1-29,2026-08-05T00:29:46,211200,0.045068866320100494,0.018340792990308386,-1.0571049817052016,0.3262089382737813,0.1508302398874997,2.7777408069733402,0.15083023988747934,0.01695392199995852,1.1304027210184646,-11.90678119106472,-4.845469319223122,-0.3431628602737399
ring,316228,306495,33025,33026,512,m12-1-29,2026-08-05T00:29:46,211323,-0.2818402887887999,-0.11173586138801851,0.9471548021540634,-0.3220640111300311,-0.2534296807900901,16.745022570294765,-0.25342968079003925,0.21670946929516272,6.638580768187327,-15.284565105049248,-6.059580960881509,0.10535454183487425
ring,316228,306495,33025,33026,512,m12-1-29,2026-08-05T00:29:46,211324,-0.38315094087086204,-0.15190056965885165,0.8864409493494624,-0.43407739795906297,-0.342432139333925,16.580276903759504,-0.34243213933386485,0.2939089805235536,6.573267185663818,-15.230713943802577,-6.038231614716101,0.14016841743551756
ring,316228,306495,33025,33026,512,m12-1-29,2026-08-05T00:29:46,211388,0.3469634932689688,0.13755402024746224,-0.5734541125184568,0.3339846664711757,0.2731485504614386,12.829565664189975,0.27314855046137043,-0.24670972870153737,5.0862940031852135,-13.571848181361261,-5.380572641650187,-0.08727493776963138
ring,316228,306495,33025,33026,512,m12-1-29,2026-08-05T00:29:46,211826,0.051126169570998525,0.01973606034268324,-0.6545306251963088,0.04944057021995291,0.03909716520280561,12.670771373381701,0.03909716520279725,-0.03674790360822951,4.891254527999537,-13.517541619861445,-5.2181303495436735,-0.012692666611722737
ring,316228,306495,33025,33026,512,m12-1-29,2026-08-05T00:29:46,214204,-0.6120165747009904,-0.20499152905362175,-0.82814510400208,-2.2353054932859133,-0.9502992600708571,9.37686682741394,-0.9502992600712724,0.2835821168461336,3.1407291046365966,-12.064162796574788,-4.040823861069264,1.951723376439759
ring,316228,306495,33025,33026,512,m12-1-29,2026-08-05T00:29:46,214687,0.06046446936953077,0.019646097020431977,1.6976741288107404,-0.14974265703610462,-0.026060442849711124,13.211548448719476,-0.026060442849668887,-0.07800441228045994,4.2926923087252415,-15.991939999770699,-5.196096286900219,0.22774706931656363
ring,316228,306495,33025,33026,512,m12-1-29,2026-08-05T00:29:46,214718,-0.8235409776087995,-0.26758468427999743,-0.7482981496672947,-4.827341432293612,-1.8314486192654387,7.104494809202256,-1.831448619266124,0.2142041033637151,2.3083902952935684,-8.703364390345325,-2.827894513915249,4.613137328930017
ring,316228,306495,33025,33026,512,m12-1-29,2026-08-05T00:29:46,215030,0.5385592568008555,0.16962123503150342,-0.7578939513875291,1.0563148177358663,0.4996033813448326,11.709772959287742,0.49960338134514265,-0.37260884100926345,3.6880364160688273,-13.294906534231611,-4.1872801135393845,-0.6837059767265643
ring,316228,306495,33025,33026,512,m12-1-29,2026-08-05T00:29:46,215209,-3.858317192775532e-17,-1.6613192202646677e-17,0.19406256396112578,-2.764346825566331e-16,-4.3497162230154483e-17,14.979581687142886,1.3439293383017149e-15,6.328826972558949e-16,4.569436220690461,-14.635792571149768,-4.464565305620196,-4.0550545579072004e-16
ring,316228,306495,33025,33026,512,m12-1-29,2026-08-05T00:29:46,215938,0.06162583720592291,0.018191295555656396,1.5428775888736126,-0.005303943523889009,0.018966118012516776,16.976418660227147,0.01896611801251236,-0.06395601456120817,5.011259291988469,-16.305252237839177,-4.813138060533401,0.06925995808509583
ring,316228,306495,33025,33026,512,m12-1-29,2026-08-05T00:29:46,216255,0.5100560277068942,0.14556335947802274,1.0123021318846765,0.5953855367023739,0.3288597264272315,17.42905150137428,0.3288597264271137,-0.4630912088232275,4.974024717365785,-15.888268445484405,-4.53430526370024,-0.13229432787913398
ring,316228,306495,33025,33026,512,m12-1-29,2026-08-05T00:29:46,216330,-1.1475266581916124,-0.3274891901737306,0.3863226224092328,-1.0880187753961386,-0.6549263270138431,15.630392652394084,-0.6549263270133326,1.019944685827637,4.460710864788772,-13.70596899451276,-3.9115053707185137,0.06807408956849614
ring,316228,306495,33025,33026,512,m12-1-29,2026-08-05T00:29:46,216482,-0.8326769082784852,-0.23763516465771767,-0.7482981496673077,-4.953094485711075,-1.6445061476063971,7.183308339778384,-1.6445061476058906,0.3399571567811652,2.0500228157403195,-8.799914939528533,-2.511381323101841,4.613137328930016
ring,316228,306495,33025,33026,512,m12-1-29,2026-08-05T00:29:46,216886,0.7423451634770141,0.20461632823251497,1.4445070123367072,-1.4022619757998296,-0.1577081978392533,14.377704997126232,-0.1577081978398418,-0.8735687533864948,3.96299908676204,-14.46540523136902,-3.987172343084606,2.275830729186392
ring,316228,306495,33025,33026,512,m12-1-29,2026-08-05T00:29:46,217403,1.0611101274434818,0.2821826438479926,1.2498963318547311,-4.168544327700284,-0.7963581245449836,11.631033197114158,-0.7963581245459482,-1.3857227459252508,3.0930584991700645,-9.0333082698163,-2.4022415245549924,5.554267073625405
ring,316228,306495,33025,33026,512,m12-1-29,2026-08-05T00:29:46,218396,-0.05393925976499041,-0.012788608314019425,-0.5217992608902746,-0.05423539632785112,-0.025404404788270104,13.627169682037517,-0.02540440478826055,0.04689104400898609,3.2309033578057997,-14.251843658873097,-3.3790090390575482,0.007344352318866051
ring,316228,306495,33025,33026,512,m12-1-29,2026-08-05T00:29:46,219706,-0.6454009359445153,-0.13464522497532866,0.6117351186820862,-0.8125576739485019,-0.310583563954448,16.685792804233582,-0.31058356395462744,0.6113815625628707,3.4810335729213833,-15.767034170953846,-3.2893597528409004,0.20117611138562289
ring,316228,306495,33025,33026,512,m12-1-29,2026-08-05T00:29:46,219931,-1.0846068249438445,-0.2262735019753526,-0.3818508044158077,-2.8875202255606047,-0.8247383646543336,12.726578884637876,-0.8247383646550983,0.8936757345053888,2.6550520485072906,-10.856771933202879,-2.2649680501510274,1.9938444910552005
ring,316228,306495,33025,33026,512,m12-1-29,2026-08-05T00:29:46,220092,-0.40232352626873863,-0.08014529229227066,0.021878439865163225,-0.4176464580548258,-0.16402579839753562,15.073050244826378,-0.16402579839760215,0.3730761593905822,3.002643242892788,-15.100391839717723,-3.008089854813877,0.044570298664246284
ring,316228,306495,33025,33026,512,m12-1-29,2026-08-05T00:29:46,220478,1.3023486277082597,0.2594357640532183,-0.05978058881445379,3.2471256929559087,0.9065511372634842,13.393205184125684,0.9065511372643156,-1.1231044483281822,2.66800789446009,-4.550389076276342,-0.9064651673343177,-2.124021244627754
ring,316228,306495,33025,33026,512,m12-1-29,2026-08-05T00:29:46,221454,0.5577701411522028,0.09546393967143751,0.021363174072868793,0.629025771233337,0.20344683909725003,15.176544221458226,0.20344683909728895,-0.524838925306963,2.5975085345825253,-15.205111425727635,-2.6023978925164784,-0.10418684592635961
ring,316228,306495,33025,33026,512,m12-1-29,2026-08-05T00:29:46,222304,0.2633121742063979,0.040180771248481614,-0.1593845829113015,0.23666024268806618,0.0758505930546784,14.780097423677788,0.07585059305465922,-0.24882839453048827,2.255405453245668,-14.918265943082273,-2.276489619553851,0.012168151842423756
ring,316228,306495,33025,33026,512,m12-1-29,2026-08-05T00:29:46,223444,-0.9487144837340263,-0.12726457135140032,1.2766251826751742,1.3985172360808877,0.05052705073046485,15.289343807341789,0.05052705073112232,1.0286330156692376,2.050977211000856,-13.843992519599183,-1.857091679326254,-2.427150251750149
ring,316228,306495,33025,33026,512,m12-1-29,2026-08-05T00:29:46,223990,0.1446461627081994,0.018073811200626372,-1.0501313027692472,1.1356831100214395,0.1585450817512476,3.0878598403734525,0.1585450817511175,-0.1133554060250475,0.3858339186062667,-12.661036880689414,-1.5820204691318565,-1.0223277039963614
ring,316228,306495,33025,33026,512,m12-1-29,2026-08-05T00:29:46,224300,1.1530220093122192,0.13349722823395732,0.029270620478667887,1.5922043772050005,0.3172472119270587,15.190075806677726,0.31724721192634425,-1.1111441422123869,1.7587114560501764,-13.80318827907511,-1.5981372091475374,-0.4810602349926003
ring,316228,306495,33025,33026,512,m12-1-29,2026-08-05T00:29:46,225121,1.036218497372972,0.10102415110478905,0.14295876455276885,1.2860436751655553,0.22650486043454676,15.654266211510452,0.2265048604343783,-1.0151649126529145,1.5261829036979426,-15.149922187058102,-1.4770128424953857,-0.270878762512633
ring,316228,306495,33025,33026,512,m12-1-29,2026-08-05T00:29:46,225309,-0.24113224206641026,-0.02350872921156262,-1.0361979169048234,-1.8816870644032173,-0.20505231665758916,3.3200940344061856,-0.20505231665754986,0.20157133075546435,0.3236862517552884,-12.511079973129155,-1.2197439409678241,1.6801157336477726
ring,316228,306495,33025,33026,512,m12-1-29,2026-08-05T00:29:46,226390,0.8908393392350796,0.06251836617877918,0.14060855751447288,1.1001079554454753,0.13964290437858842,15.702492378034918,0.13964290437885382,-0.8798975819647404,1.1019878952049753,-15.472280483790147,-1.0858318153495048,-0.22021037348074343
ring,316228,306495,33025,33026,512,m12-1-29,2026-08-05T00:29:46,226422,-0.8125753459052762,-0.057025864020301346,-0.388216614750314,-1.0946612495269004,-0.13186162168716525,14.16266239027177,-0.1318616216874779,0.775012990451963,0.9939239034296363,-14.629768137234539,-1.0267049974461526,0.3196482590749736
ring,316228,306495,33025,33026,512,m12-1-29,2026-08-05T00:29:46,226709,-0.26586447856777606,-0.016244214333417002,-0.15938458291129898,-0.2463430861439791,-0.03096198532969073,14.923362000143818,-0.030961985329776294,0.25851123798637404,0.9118115071685392,-15.062869797216578,-0.9203353783117694,-0.01216815184239156
ring,316228,306495,33025,33026,512,m12-1-29,2026-08-05T00:29:46,226753,0.2943611943675146,0.01798535238142983,0.7613039915801227,0.4323252057888043,0.04506359452402498,17.483945735526177,0.045063594524098236,-0.302464579622523,1.0682621591712567,-16.185987140517266,-0.9889574031284353,-0.12986062616628954
ring,316228,306495,33025,33026,512,m12-1-29,2026-08-05T00:29:46,227447,0.6445627266192977,0.03353663885347387,-0.8281451040020809,2.5450836856555896,0.1637366928157563,9.875514976659952,0.1637366928161988,-0.5933603092159359,0.5138236599576866,-12.705717439659544,-0.6610792705669929,-1.9517233764397164
ring,316228,306495,33025,33026,512,m12-1-29,2026-08-05T00:29:46,228444,0.06038932060686268,0.0015016799862318279,0.045053668811806585,0.05407581420439237,0.0028326450635351524,15.329173503684219,0.0028326450635356958,-0.05976717268832435,0.38118516361218424,-15.156404937177737,-0.3768889884612863,0.005691358483933188
ring,316228,306495,33025,33026,512,m12-1-29,2026-08-05T00:29:46,229379,-0.5658676280867029,-0.0038368766047713345,0.02136317407286891,-0.6637900254190197,-0.008295623132409842,15.396871305102499,-0.008295623132290474,0.559603179492664,0.10439878933701993,-15.4258532367774,-0.10459530189587474,0.10418684592635398
ring,316228,306495,33025,33026,512,m12-1-29,2026-08-05T00:29:46,229568,-0.9037789343461423,-0.006128090876664983,-0.4800477688781176,-1.703786998183804,-0.017414397743556513,13.482259020301004,-0.01741439774316218,0.8643932972619828,0.09141672300559395,-13.79211520524864,-0.09351770897420113,0.8393937009217977
ring,316228,306495,33025,33026,512,m12-1-29,2026-08-05T00:29:46,231240,0.8693053518983285,-0.025549110072419702,0.0235661835541967,1.0716731295594943,-0.05677444530725768,15.415319333258156,-0.05677444530766826,-0.8584018269013338,-0.45306023894450753,-15.360426739013919,0.4514469313428443,-0.21327130265815514
ring,316228,306495,33025,33026,512,m12-1-29,2026-08-05T00:29:46,231522,0.4193306060299588,-0.012324235421763556,1.7338560621604926,-2.634460067108545,0.06385256349682494,7.3340865448937205,0.06385256349648111,-0.46376103087690596,-0.21555070839951038,-15.156050294535559,0.4454402545580095,3.098221097985504
ring,316228,306495,33025,33026,512,m12-1-29,2026-08-05T00:29:46,233657,-0.745174431748907,0.05568180570749771,1.5769693343204327,4.127110373985476,-0.24748893353420576,9.064921804726037,-0.24748893353448204,0.8335265814947431,-0.6773598142644711,-13.012264795182434,0.9723178483719445,-4.960636955480284
ring,316228,306495,33025,33026,512,m12-1-29,2026-08-05T00:29:46,233697,0.6122795388269094,-0.045751476254521556,-0.9116725065936455,4.3681150008094445,-0.36875594529462247,5.224492950494618,-0.3687559452944366,-0.5392907060366922,-0.3903907447644446,-10.94719562184769,0.8180093058575134,-3.8288242947726494
ring,316228,306495,33025,33026,512,m12-1-29,2026-08-05T00:29:46,234045,-0.9727128734430699,0.08153338612695482,-0.5580097810956001,-3.1247933476030574,0.3396798512525386,11.86086625438421,0.33967985125203454,0.8991966659929953,-0.9941850411583293,-11.567560441167632,0.9695999690620088,2.2255966816100914
ring,316228,306495,33025,33026,512,m12-1-29,2026-08-05T00:29:46,234387,0.9507151961140446,-0.08835170742120285,0.7423497626912589,1.0720733771638622,-0.19132413275939855,17.21598920037198,-0.1913241327588599,-0.9689042477359988,-1.599913462007146,-15.905271805715808,1.4781060897913276,-0.10316912942784401
ring,316228,306495,33025,33026,512,m12-1-29,2026-08-05T00:29:46,235083,-0.4191247788786063,0.04660742481919781,0.3743865536209802,-0.5786521812236288,0.11176512626779293,16.235383651078802,0.1117651262676887,0.4139852467814684,-1.8054036913614808,-15.730005174855334,1.7492047011732683,0.16466693444216599
ring,316228,306495,33025,33026,512,m12-1-29,2026-08-05T00:29:46,236341,0.4282444342290349,-0.05547708217278467,-0.9875808556754426,3.2123173545106254,-0.46748956927655505,4.065932434464084,-0.4674895692764425,-0.33581540323504194,-0.5267227072827083,-11.828953044081036,1.5323860571029424,-2.8765019512755314
ring,316228,306495,33025,33026,512,m12-1-29,2026-08-05T00:29:46,236755,-1.374319349454667,0.19068498019782484,0.49318979950776753,0.38029893537805104,0.14339340054933383,14.88443409219104,0.1433934005495949,1.3938791575007716,-2.0651954156445123,-4.541932930692342,0.6301871477634329,-1.774178092878816
ring,316228,306495,33025,33026,512,m12-1-29,2026-08-05T00:29:46,237615,0.5465230502976584,-0.08592775844193035,1.5743765866838655,-1.1978762942746881,0.09386530233021595,14.25154204760855,0.09386530232984679,-0.6156264733588348,-2.240716218328594,-15.703704035595209,2.469034172079663,1.8135027676334994
ring,316228,306495,33025,33026,512,m12-1-29,2026-08-05T00:29:46,237640,-1.3600001719168509,0.21382769892286677,0.15525566629131718,-1.934444673565504,0.5197929415811521,14.382383845084426,0.5197929415821227,1.2898494972900243,-2.261287980783923,-4.200030750683458,0.6603549980130594,0.6445951762754643
ring,316228,306495,33025,33026,512,m12-1-29,2026-08-05T00:29:46,237991,-0.3104126310102395,0.051684853732177044,1.660147110114,0.7436560603410219,-0.06663462895662751,13.870812553506807,-0.06663462895635919,0.35455190124933705,-2.309541707892712,-16.303622099474808,2.714613515479919,-1.0982079615903677
ring,316228,306495,33025,33026,512,m12-1-29,2026-08-05T00:29:46,238002,-1.2432631723163219,0.20700792684449215,0.7420570390309434,0.2090191548909966,0.1821799950254751,15.937018398569776,0.1821799950265537,1.272835294901866,-2.6535726403158404,-11.398170556183175,1.8978376494973523,-1.4818544497928625
ring,316228,306495,33025,33026,512,m12-1-29,2026-08-05T00:29:46,239078,-0.571109694862658,0.11108690073259761,0.37745879161768275,-0.7208091260220703,0.2546460060122426,16.070191614486358,0.25464600601233944,0.5388220045120053,-3.1258229315500783,-15.568033686012695,3.0281478816354626,0.18198712151005608
ring,316228,306495,33025,33026,512,m12-1-29,2026-08-05T00:29:46,239573,0.7041551793158681,-0.14358428454353114,0.02207821647324869,0.8069250953192455,-0.3094626549126483,15.10420099129522,-0.3094626549126473,-0.6476157006052016,-3.079897665517078,-15.1058564556869,3.080235231265721,-0.15930939471403735
ring,316228,306495,33025,33026,512,m12-1-29,2026-08-05T00:29:46,241670,-0.06000301987095044,0.015088537967115317,0.3471118096308851,-0.08999381328645474,0.03833811974702964,15.67842573044961,0.03833811974701961,0.05282586477031455,-3.9425435987599124,-15.060135162232603,3.787066412223031,0.037167948516138694
ring,316228,306495,33025,33026,512,m12-1-29,2026-08-05T00:29:46,242442,0.7111720452858782,-0.18568514549760254,-0.77164588910228,2.5735513295979153,-0.8516264664348969,10.007800058188577,-0.8516264664344949,-0.4658111553791039,-2.61301020229085,-12.05330250279346,3.147085496109667,-2.107740174218764
ring,316228,306495,33025,33026,512,m12-1-29,2026-08-05T00:29:46,242725,-0.6267227478837001,0.16970231940425756,1.1385140108462726,-0.5967978980743539,0.3475398606766222,17.59248934154841,0.34753986067646125,0.5925856317869171,-4.763647490755154,-15.972690711523072,4.325042724275437,0.004212266287422802
ring,316228,306495,33025,33026,512,m12-1-29,2026-08-05T00:29:46,243044,-0.38012129590689187,0.10662585955128931,0.6889996171694093,-0.5001574692655297,0.25441593602572793,16.651099367917634,0.2544159360257268,0.3354706981093129,-4.670713800294499,-15.556787005077972,4.363753896806187,0.16468677115622862
ring,316228,306495,33025,33026,512,m12-1-29,2026-08-05T00:29:46,243166,-0.6251629543727608,0.17536122834313722,1.1385140108462697,-0.590417126833337,0.3582351528526758,17.548704987448023,0.35823515285263663,0.5862048605458672,-4.9224965121579904,-15.93293772759475,4.469265991343188,0.004212266287452512
ring,316228,306495,33025,33026,512,m12-1-29,2026-08-05T00:29:46,243231,-1.1489952714375493,0.322298723477477,0.3863226224092262,-1.093896520303111,0.6453711137262226,15.650396546442769,0.6453711137260403,1.0258224307345558,-4.390011825308885,-13.723509996693474,3.8495108409199927,0.06807408956851725
ring,316228,306495,33025,33026,512,m12-1-29,2026-08-05T00:29:46,243711,1.029205651184629,-0.29875965053945525,0.8621613476288428,0.532506337032992,-0.47836861142561465,16.474461065850356,-0.4783686114258668,-0.9765776592081535,-4.782235916791068,-14.494079758812413,4.207367301811642,0.4440713221751658
ring,316228,306495,33025,33026,512,m12-1-29,2026-08-05T00:29:46,243926,-0.3781313530169265,0.11348107063546153,0.6889996171694099,-0.49068607068001,0.26935539451651785,16.563930516411734,0.2693553945166195,0.3259992995237917,-4.971004265942435,-15.475346901551104,4.644309234956633,0.1646867711562208
ring,316228,306495,33025,33026,512,m12-1-29,2026-08-05T00:29:46,244778,0.24267732332122605,-0.07763963372291423,0.3689902564411014,0.3281089866487715,-0.18737820959244936,15.505901597818697,-0.18737820959251808,-0.1976291435760612,-4.960795282073592,-14.963074255610035,4.787128804105713,-0.13047984307271374
ring,316228,306495,33025,33026,512,m12-1-29,2026-08-05T00:29:46,246682,0.6669097699632613,-0.2402725731354689,0.8362165754604843,0.7241375984506515,-0.526304216815503,16.598431269214576,-0.5263042168155838,-0.5470770144398253,-5.980041035065451,-15.358392526840245,5.533282998465771,-0.17706058401083644
ring,316228,306495,33025,33026,512,m12-1-29,2026-08-05T00:29:46,247150,-0.6933514285341682,0.2569041468056525,-0.4728876064823451,-0.8056261188875662,0.5608049479495071,13.072251592418434,0.560804947949467,0.5001223550353205,-4.843598071585422,-13.677361577517683,5.067806543722171,0.30550376385223915
ring,316228,306495,33025,33026,512,m12-1-29,2026-08-05T00:29:46,248107,0.6943204429010376,-0.271638686003242,-0.6357710333440809,1.2210311331672705,-0.7537848582426607,11.944374102311086,-0.7537848582421971,-0.41077323359951673,-4.672992304139757,-12.904410445426187,5.048586906639284,-0.8102578995677527
ring,316228,306495,33025,33026,512,m12-1-29,2026-08-05T00:29:46,248459,-0.689672535367725,0.27703536107765,1.0532079018377942,-0.5830130444853888,0.5483867803197513,16.73154706603743,0.5483867803193042,0.5618998744142426,-6.720914557450842,-15.235728060865933,6.12005728540771,0.021113170071179802
ring,316228,306495,33025,33026,512,m12-1-29,2026-08-05T00:29:46,250064,-0.05262918398268092,0.023384528851257934,-0.10139367814782796,-0.027629949948256047,0.037386819744297306,13.77965952414719,0.03738681974429278,0.03990082192303859,-6.122664676103907,-13.745352753653814,6.107421276839735,-0.012270871974782913
ring,316228,306495,33025,33026,512,m12-1-29,2026-08-05T00:29:46,250605,0.4636712738374608,-0.2110611321076433,0.8085992618893589,0.48661878381759643,-0.4621481211047169,16.02744049071534,-0.46214812110476,-0.31828707621906216,-7.295620681353926,-14.84257027935549,6.756272953079751,-0.1683317075985313
ring,316228,306495,33025,33026,512,m12-1-29,2026-08-05T00:29:46,250701,0.9532465931465185,-0.4339136722060314,0.38470353462108103,0.8683510152319621,-0.877415970198225,14.907710164594368,-0.8774159701983913,-0.6598111125596255,-6.78592434340656,-14.115037391322488,6.425103170395154,-0.20853990267233505
ring,316228,306495,33025,33026,512,m12-1-29,2026-08-05T00:29:46,251042,0.6697397153375149,-0.31220238373748715,0.3799588549295467,0.6466789700648535,-0.6497947933961102,14.857853369448865,-0.6497947933962767,-0.44436243872805714,-6.926059681000903,-14.367204698599544,6.697341447470909,-0.20231653133679348
ring,316228,306495,33025,33026,512,m12-1-29,2026-08-05T00:29:46,251612,-1.0675163200741813,0.5094259914139468,0.1459041666207983,-1.0277710751059748,1.0528125188823942,14.109309635289282,1.052812518883118,0.6760175737162373,-6.73305776592192,-12.622849398630041,6.023708910529365,0.35175350138973543
ring,316228,306495,33025,33026,512,m12-1-29,2026-08-05T00:29:46,251853,0.36862063727124517,-0.1800175364892922,0.021878439865163305,0.28547162544357485,-0.33756170660618867,13.810371564395721,-0.33756170660628637,-0.2409013267793331,-6.744356706200672,-13.835422737083272,6.7565905583984405,-0.044570298664246166
ring,316228,306495,33025,33026,512,m12-1-29,2026-08-05T00:29:46,252236,1.2341051183608738,-0.60268075282144,0.6071995134644056,-1.1953887645139505,-0.10474885900889377,13.414270256506962,-0.10474885901002276,-1.3587276891586815,-6.550918861336547,-4.450500247149955,2.1734216959953296,2.5541164536726053
ring,316228,306495,33025,33026,512,m12-1-29,2026-08-05T00:29:46,254066,-0.05412554476607984,0.029533131788087603,0.8373037160195683,-0.056751688791403354,0.06594245537140442,15.584999640861028,0.06594245537139536,0.028120511914937005,-8.50381922805717,-14.285917479005812,7.79498636816747,0.028631176876465825
ring,316228,306495,33025,33026,512,m12-1-29,2026-08-05T00:29:46,254790,0.642005223404176,-0.35787420188707,-0.7716458891022496,1.9699505041590397,-1.4817204144515568,9.034466349923436,-1.4817204144510834,0.13778967005980947,-5.036099889205019,-10.881028321287829,6.065432467268259,-2.1077401742188178
ring,316228,306495,33025,33026,512,m12-1-29,2026-08-05T00:29:46,255349,-0.05222494615035876,0.03036229418154233,0.505530032397216,-0.06244579573330274,0.07210786618349302,14.480197846586977,0.07210786618347705,0.019662276374259383,-8.4184294907498,-13.640971428449909,7.93052397297237,0.04278351935904287
ring,316228,306495,33025,33026,512,m12-1-29,2026-08-05T00:29:46,255955,-0.5583494220899045,0.33140036629122066,1.1385140108462761,-0.3320253891072224,0.6046449657277861,15.673208432509801,0.6046449657275048,0.3278131228199001,-9.302610175632582,-14.230124338257722,8.446088115246159,0.004212266287325959
ring,316228,306495,33025,33026,512,m12-1-29,2026-08-05T00:29:46,255957,-0.7103940881128601,0.4216443175145079,0.9576593457770625,-0.4464457403776446,0.7781370659235971,15.313962922154621,0.778137065923226,0.4027216764656453,-9.08938510722543,-13.99806383520461,8.308351900842023,0.04372406391200855
ring,316228,306495,33025,33026,512,m12-1-29,2026-08-05T00:29:46,257674,-0.7000090913928962,0.4504784646427014,0.6202669653678474,-0.5007673848109927,0.8718801394416287,14.339205320436877,0.8718801394416924,0.29298465322111833,-9.227741862743034,-13.52027466830262,8.700733531910878,0.20778273158987928
ring,316228,306495,33025,33026,512,m12-1-29,2026-08-05T00:29:46,260138,-0.8822337918596768,0.6258711988062737,-0.5292528525436867,-3.3067129978557115,3.0746120829262447,8.152164569171921,3.074612082927117,-1.1538920664855838,-5.783279963713316,-5.842996736082861,4.145118227816629,4.460605064341264
ring,316228,306495,33025,33026,512,m12-1-29,2026-08-05T00:29:46,260307,0.4128282928241006,-0.29851407389358936,0.808599261889354,0.27617047036501635,-0.5819651827543307,14.26998235487251,-0.5819651827544166,-0.10783876276661294,-10.31855287340424,-13.215036805786635,9.555727022881115,-0.16833170759839938
ring,316228,306495,33025,33026,512,m12-1-29,2026-08-05T00:29:46,260315,-0.34381850030576255,0.24861343805713873,1.080358801131935,-0.20955174237315516,0.47493917895940807,14.83841827672035,0.474939178959513,0.10383647276572369,-10.72958604561592,-13.45037702229954,9.72590035645205,0.10571526960743204
ring,316228,306495,33025,33026,512,m12-1-29,2026-08-05T00:29:46,260525,0.7300756878289759,-0.5279140785957549,-0.6363107016255805,1.7427534803981324,-1.87595110233004,9.205587156203126,-1.87595110233062,0.5049087337610886,-6.6565140334297,-9.635847427099929,6.967633083487123,-2.247662214159204
ring,316228,306495,33025,33026,512,m12-1-29,2026-08-05T00:29:46,261726,0.8317653709994126,-0.6364954908551601,0.38470353462108187,0.40836225240217905,-1.1230345183456607,13.007879771041955,-1.1230345183452641,-0.1998223497299464,-9.954077325804153,-12.316224780526083,9.424799120627315,-0.20853990267221012
ring,316228,306495,33025,33026,512,m12-1-29,2026-08-05T00:29:46,262141,-0.7395225525452745,0.5765829796459163,-0.19441011856154672,-0.42392156011928894,1.0434208248609909,11.649683345309462,1.0434208248604444,0.10084185230445776,-9.082899652014499,-11.716805317375004,9.135232588339008,0.32307970781482653
ring,316228,306495,33025,33026,512,m12-1-29,2026-08-05T00:29:46,263226,-0.7886828449365213,0.6381710203020715,-0.6081077095070979,-2.992686418715949,3.196742356152395,7.110817083894448,3.1967423561515202,-1.6286741425501514,-5.753792443623082,-6.078384869899726,4.918389057295641,4.621360561266007
ring,316228,306495,33025,33026,512,m12-1-29,2026-08-05T00:29:46,263324,0.2176451244213428,-0.1793898471459992,0.5717187469789758,0.14558157506865066,-0.35790692077968617,13.085798890906688,-0.357906920779624,0.006348181071575583,-10.785720420176107,-12.331019046110889,10.163607513457894,-0.15192975614022466
ring,316228,306495,33025,33026,512,m12-1-29,2026-08-05T00:29:46,263462,-0.7860061672093765,0.6478506080316833,0.02578582580447179,-0.36798261265607557,1.133564848112822,11.885661621628978,1.133564848112395,0.07299818976805901,-9.796530141448933,-11.64480525296456,9.598008868465085,0.2949844228880016
ring,316228,306495,33025,33026,512,m12-1-29,2026-08-05T00:29:46,263870,0.4940931093810167,-0.41480483347405067,-0.3780638440713636,0.19787407298737605,-0.6880152688898071,10.975084827340261,-0.6880152688896729,-0.04404469703612206,-9.21388731745686,-11.379616839446543,9.553503132230642,-0.15382937595123808
ring,316228,306495,33025,33026,512,m12-1-29,2026-08-05T00:29:46,263979,0.281203490850692,-0.23607810953034497,-0.8438920166967732,0.3389341339908752,-0.5721303176656257,9.092608687597853,-0.5721303176655164,0.13776263533194788,-7.6334965230112894,-10.732224716890292,9.009999536469264,-0.4766967693228134
ring,316228,306495,33025,33026,512,m12-1-29,2026-08-05T00:29:46,264447,0.14590072060844836,-0.1247536306981186,1.5287492810863115,-0.08576697514081645,-0.10420313638844066,13.451138871412562,-0.10420313638841096,-0.11853390757891746,-11.501508726174615,-12.884830482357081,11.017282004505136,0.20430088271973956
ring,316228,306495,33025,33026,512,m12-1-29,2026-08-05T00:29:46,264618,0.04343088626468994,-0.03782096395574533,-0.10139367814782972,0.0007880269864664109,-0.049899311001507296,11.371311129511913,-0.049899311001508635,-0.013058898961250768,-9.902490723715651,-11.34300034574789,9.877836814380647,0.01227087197478433
ring,316228,306495,33025,33026,512,m12-1-29,2026-08-05T00:29:46,264774,-0.41139345875698285,0.35825419450229695,1.2120993250307202,-0.07576678223428719,0.5705239897978166,13.869599424868854,0.5705239897978234,0.08255210593412161,-12.078077724033617,-12.5649612597175,10.94195831079514,-0.006785323699846286
ring,316228,306495,33025,33026,512,m12-1-29,2026-08-05T00:29:46,265755,0.8778264451944315,-0.7927967371717219,0.1459041666207951,0.3133805232518117,-1.3473050331725853,11.602188077493192,-1.3473050331729854,0.03837297813793731,-10.478354693280766,-10.379860998335385,9.374427002997793,-0.3517535013897425
ring,316228,306495,33025,33026,512,m12-1-29,2026-08-05T00:29:46,267602,0.47699720323287925,-0.4631840991524746,1.5146139695649756,-1.0499112219369715,0.32069606072870255,10.517800133773536,0.32069606072845486,-1.0310605409016806,-10.213220847019267,-11.103184507705322,10.781653391402296,2.0809717628386526
ring,316228,306495,33025,33026,512,m12-1-29,2026-08-05T00:29:46,268370,-0.8335524839683577,0.8392235642681541,0.14590416662080022,-0.16669407978291587,1.3542724313945746,11.017021353600784,1.3542724313943668,-0.1850594216068235,-11.091975737352639,-9.85634343300265,9.923401136202045,0.3517535013897499
ring,316228,306495,33025,33026,512,m12-1-29,2026-08-05T00:29:46,268436,-0.9183488801472637,0.9245968733363152,0.1498580040801236,-0.23216258967243933,1.5408829714420365,10.788267903211528,1.5408829714418717,-0.25305856438565383,-10.861665961224485,-7.40726426602767,7.457659641558774,0.4852211540580625
ring,316228,306495,33025,33026,512,m12-1-29,2026-08-05T00:29:46,269959,0.11286414801397195,-0.12216497026085199,-0.36383856682938287,-0.010228552182594138,-0.1625915031197675,9.806426080163487,-0.16259150311972811,0.015548791422166525,-10.614546528098087,-10.064000193478146,10.893346611620707,-0.005320239239569498
ring,316228,306495,33025,33026,512,m12-1-29,2026-08-05T00:29:46,270469,-0.559149738184243,0.616314025908796,-0.08839468907427181,-0.012266063709385173,0.9141746464422733,10.157516958144775,0.914174646442129,-0.1905174997769532,-11.195963696666173,-10.232077796324964,11.278147210698078,0.20278356348633272
ring,316228,306495,33025,33026,512,m12-1-29,2026-08-05T00:29:46,271050,0.7856022548334938,-0.8818075158717943,0.5078099226515125,-0.17177138739900893,-1.1578536394351775,10.992826701540459,-1.1578536394352321,0.09634188418967461,-12.339013981253252,-9.597715285213651,10.773056494717563,0.07542950320935356
ring,316228,306495,33025,33026,512,m12-1-29,2026-08-05T00:29:46,272700,0.49623461645268835,-0.5992928383451508,0.7321327097366344,-0.07082278577486487,-0.8850178819018438,11.07039360374326,-0.8850178819022708,0.2651714387258378,-13.369497782744988,-10.335992071332997,12.482575419308022,-0.19434865295098458
ring,316228,306495,33025,33026,512,m12-1-29,2026-08-05T00:29:46,274479,-0.5035157046508111,0.6549165031421659,0.9576593457770501,0.20595138938230814,0.8566619309150114,10.854286319060499,0.8566619309149979,-0.24967545329408286,-14.11803281312335,-9.921598579815583,12.904897677381078,0.04372406391177363
ring,316228,306495,33025,33026,512,m12-1-29,2026-08-05T00:29:46,274583,0.5728935932467872,-0.7451554445991734,1.0764640219612664,-0.472732825525921,-0.6736914844403963,10.61728104001879,-0.6736914844403259,-0.11442120583525413,-13.809763046872568,-9.510825705028816,12.37061059903129,0.5871540313611846
ring,316228,306495,33025,33026,512,m12-1-29,2026-08-05T00:29:46,275723,-0.21883399404680318,0.30119915299051314,-0.4227871201988528,0.091283262072781,0.3667320636646285,8.37842385509443,0.3667320636645057,-0.14703367937659262,-11.531911116196778,-8.697947350603053,11.971697478580115,0.05575041730381595
ring,316228,306495,33025,33026,512,m12-1-29,2026-08-05T00:29:46,276772,0.4272554980289705,-0.6110001575841644,-0.6357710333441031,0.023900879223873135,-1.0433375022411158,7.350063731962755,-1.0433375022406335,0.7863570203436303,-10.511017691290094,-7.940829580927208,11.355847139892363,-0.8102578995675102
ring,316228,306495,33025,33026,512,m12-1-29,2026-08-05T00:29:46,276889,-0.78893865315903,1.1282280593887792,0.15525566629131954,0.2590389713045622,1.5909904876613625,8.343247871773608,1.5909904876602334,-0.9036341475799871,-11.931328649799562,-2.436445724120988,3.484258782510204,0.6445951762754566
ring,316228,306495,33025,33026,512,m12-1-29,2026-08-05T00:29:46,277010,-0.20738857788738702,0.3023618578550141,-0.2600081271229808,0.11951572723065043,0.3449412931678023,8.311546151351774,0.344941293167746,-0.14679728756259,-12.11780591569056,-8.487342938363607,12.374108570673965,0.027281560331943705
ring,316228,306495,33025,33026,512,m12-1-29,2026-08-05T00:29:46,278063,-0.47223755963889696,0.7159119773897568,1.1729603692905444,0.5447560475518168,0.5522230388900284,9.641824381986345,0.5522230388903517,0.0718494124417518,-14.617002434603164,-8.733707580930009,13.240297677695736,-0.6166054599935684
ring,316228,306495,33025,33026,512,m12-1-29,2026-08-05T00:29:46,278273,-0.03359959616928644,0.05195280077993598,0.3471118096308764,0.014660895330437566,0.07391857129192796,8.779371009096252,0.07391857129193054,-0.05182884384657693,-13.57495223188575,-8.433149878025848,13.039613730860898,0.03716794851613818
ring,316228,306495,33025,33026,512,m12-1-29,2026-08-05T00:29:46,278369,-0.20218209800485815,0.31262061025952426,-0.42278712019885484,0.1302902787296565,0.3516743184630069,7.740878287103441,0.351674318463119,-0.18604069603343654,-11.96920062626282,-8.03608804628676,12.42566366617213,0.05575041730377506
ring,316228,306495,33025,33026,512,m12-1-29,2026-08-05T00:29:46,279024,-0.622964676369406,0.982616752937614,-0.28484331140067687,-0.031999818973298906,1.8272726807597925,7.246564784875767,1.827272680760653,-1.7557355479905559,-11.430176106235425,-5.8231332461643746,9.184964251289626,1.787735366963838
ring,316228,306495,33025,33026,512,m12-1-29,2026-08-05T00:29:46,279219,0.029586984031455266,-0.04761473061442344,-0.3851989243220244,-0.023554890197292008,-0.04899660970397662,7.601309298908623,-0.04899660970398802,0.024850351388759268,-12.232889104196929,-7.807799973153216,12.565197318447735,-0.0012954611914673085
ring,316228,306495,33025,33026,512,m12-1-29,2026-08-05T00:29:46,280487,-0.08648297125562841,0.1479850705824693,0.45726050731388596,0.05760434036552683,0.19954547600476988,8.364471899137229,0.19954547600479286,-0.16723224288132832,-14.31284039397928,-7.952161610952168,13.607316910997097,0.10962790251579549
ring,316228,306495,33025,33026,512,m12-1-29,2026-08-05T00:29:46,282894,0.4870542709390262,-0.9272207285392092,0.3847035346210789,-0.5559942510753606,-0.9579821710122691,7.616983850547826,-0.9579821710119069,0.7645341537476248,-14.500694761509699,-7.211973580954369,13.72966381147961,-0.20853990267224348
ring,316228,306495,33025,33026,512,m12-1-29,2026-08-05T00:29:46,282921,-0.5549413451023749,1.0564595138655164,0.38632262240922316,0.6701579959329095,1.021721746322874,7.558823196898341,1.0217217463223887,-0.7382320855013128,-14.389972472707516,-6.628176186976293,12.618270118287912,0.06807408956840429
ring,316228,306495,33025,33026,512,m12-1-29,2026-08-05T00:29:46,283289,0.14143825234915083,-0.2752770865163617,1.1328804755235091,-0.1744539159182326,-0.29735299804670884,8.434132260579494,-0.29735299804661086,0.25149450118416383,-16.415102120001944,-7.612189850306312,14.815379921613632,-0.07704058526593438
ring,316228,306495,33025,33026,512,m12-1-29,2026-08-05T00:29:46,284554,0.29286212568022557,-0.6101490292728733,-0.08817169109649411,-0.38980456610807396,-0.5725959750825999,6.543334599827749,-0.5725959750824822,0.5283047994758309,-13.632385017418905,-6.608441958228971,13.768029704947963,-0.13850023336775674
ring,316228,306495,33025,33026,512,m12-1-29,2026-08-05T00:29:46,284830,-0.55911015597105,1.164850245247606,-0.16241825907799085,0.2688838459204682,2.063843106282652,5.649607863437374,2.0638431062824227,-3.0403145547507675,-11.770394500969495,-2.160664740786225,4.50152948631643,2.7714307088303007
ring,316228,306495,33025,33026,512,m12-1-29,2026-08-05T00:29:46,284946,-0.2195131746994554,0.4681360060982763,-0.0857316548498038,0.3114443876106111,0.41891797760391103,6.420236574549989,0.4189179776038537,-0.38550990905930027,-13.691861148338463,-6.484834645427347,13.829623644569418,0.07406552144869243
ring,316228,306495,33025,33026,512,m12-1-29,2026-08-05T00:29:46,285629,-0.5080637952487139,1.1094867294700217,0.8578262845683847,1.1417419672567888,0.2814460001038975,6.710079693236717,0.2814460001037855,0.6560146142546287,-14.653168446470026,-4.980067051748674,10.875245111848924,-1.7977565815114103
ring,316228,306495,33025,33026,512,m12-1-29,2026-08-05T00:29:46,286295,-0.20369929464810788,0.4669522984507903,0.8085992618893625,0.33270644585653103,0.4491845194356584,7.041148561896412,0.44918451943570237,-0.5010381534549903,-16.14085365583013,-6.520613346708142,14.947599081352674,0.16833170759846622
ring,316228,306495,33025,33026,512,m12-1-29,2026-08-05T00:29:46,286473,0.26291837166920234,-0.6027037951602037,-0.7012138758655502,-0.30023861855933875,-0.7320648116814248,5.012199194340619,-0.7320648116816996,1.0585684121292043,-11.48976945714731,-5.5567309650801215,12.738032797311414,-0.7583297935698544
ring,316228,306495,33025,33026,512,m12-1-29,2026-08-05T00:29:46,287538,0.02264329553216125,-0.05600362714666426,0.045053668811804545,-0.04382235478041084,-0.03961050815171691,5.747754775506811,-0.03961050815171193,0.03813099629648607,-14.215912825972563,-5.682974286659381,14.05569134502084,0.005691358483925617
ring,316228,306495,33025,33026,512,m12-1-29,2026-08-05T00:29:46,287832,-0.4155774942817709,1.0278471615248872,1.0782624126134095,1.158084133049206,0.028934649223334982,5.94451888207785,0.02893464922336592,1.0982189210956697,-14.702569180591912,-4.840457270051722,11.971895335919761,-2.256303054144878
ring,316228,306495,33025,33026,512,m12-1-29,2026-08-05T00:29:46,288026,-0.14466894635426228,0.36733114418428386,0.6889996171693935,0.27546136161154017,0.3335743394207318,6.337179808486187,0.33357433942066683,-0.4401481327677115,-16.09083060750587,-5.920699547529547,15.033339178676686,0.16468677115616323
ring,316228,306495,33025,33026,512,m12-1-29,2026-08-05T00:29:46,288238,0.2732072513051147,-0.6937047289720236,-0.6357710333440987,-0.4073575930827817,-0.7574652487250131,4.6999762867670265,-0.7574652487248739,1.2176154926505467,-11.933781993749493,-5.077739743305391,12.892966989687697,-0.8102578995677502
ring,316228,306495,33025,33026,512,m12-1-29,2026-08-05T00:29:46,288836,0.49725344295058943,-1.2968494287854413,0.2664996844036171,-1.0565009135489316,-0.880545309603086,5.312976178270571,-0.8805453096023474,0.902354137050462,-13.856374892160343,-1.5163647409536498,3.9547172091305174,0.15414677649843994
ring,316228,306495,33025,33026,512,m12-1-29,2026-08-05T00:29:46,289058,0.19816408559646764,-0.5311318217560844,-0.6141720241075761,-0.3752267911048492,-0.4352426595932564,4.720668276746028,-0.4352426595929567,0.628949851717836,-12.652631450283598,-5.054012420914589,13.546081350808047,-0.2537230606129783
ring,316228,306495,33025,33026,512,m12-1-29,2026-08-05T00:29:46,290207,-0.11830480421509637,0.34541267867326736,0.4822952474610299,0.27549150937093814,0.28070755181415585,5.401138110740884,0.2807075518141334,-0.44794280253431557,-15.769618107167595,-5.1577991882231915,15.05914527717569,0.17245129316337127
ring,316228,306495,33025,33026,512,m12-1-29,2026-08-05T00:29:46,291223,0.21752921071683892,-0.6746707294366123,0.8362165754604969,-0.5812747794026305,-0.48203106016147607,5.413991241017198,-0.48203106016162345,0.7583353634137108,-16.791590461362674,-5.009521759483322,15.537121145530937,-0.1770605840110903
ring,316228,306495,33025,33026,512,m12-1-29,2026-08-05T00:29:46,291972,-0.12213038290380346,0.4036359769521201,0.3743865536209784,0.3410732045934044,0.28204698116044846,4.73089094660932,0.2820469811605995,-0.5057401390355797,-15.635403277107903,-4.583626766768453,15.14870111760581,0.16466693444217445
ring,316228,306495,33025,33026,512,m12-1-29,2026-08-05T00:29:46,292228,0.12705211064306315,-0.41990208811212437,1.4591670146619844,-0.4300532932689695,-0.1407915428676053,5.120171017300377,-0.14079154286789852,-0.007343017555071031,-16.921958169558085,-4.84278004061299,16.005192208368396,0.4373963108240352
ring,316228,306495,33025,33026,512,m12-1-29,2026-08-05T00:29:46,294591,-0.03519567753332346,0.14408751814344112,0.2571369987058844,0.1288114386298633,0.08228861827814128,3.7671867332963593,0.08228861827816158,-0.18796947192242827,-15.422478691300338,-3.6692539591671545,15.021551891246133,0.05915803329256464
ring,316228,306495,33025,33026,512,m12-1-29,2026-08-05T00:29:46,295249,0.1483616707242093,-0.6321147795978054,1.1385140108462442,-0.6147657320708528,-0.3064495911925203,4.164602481278121,-0.3064495911926269,0.6189779983579735,-17.74384695666595,-3.7811537684321475,16.110112330838522,-0.004212266287108343
ring,316228,306495,33025,33026,512,m12-1-29,2026-08-05T00:29:46,295387,0.0996551566581368,-0.4245941494137091,1.623083813223735,-0.5027864880933267,0.11837828479164349,3.2500603792958755,0.1183782847915543,-0.9793688392464213,-13.847317776282758,-3.713331601341722,15.821146899316108,1.4821553273397448
ring,316228,306495,33025,33026,512,m12-1-29,2026-08-05T00:29:46,295795,-0.011330726731238873,0.05031669455182652,-1.0001481409877893,0.03420250325911389,0.059070848625090495,1.844509127695098,0.059070848625080184,-0.21481310868988535,-8.190966438227507,-2.995963916465623,13.304265900040381,0.180610605430771
ring,316228,306495,33025,33026,512,m12-1-29,2026-08-05T00:29:46,296091,-0.21072288234480194,0.9768883331996443,0.6260208554529321,0.9282497845981789,0.45114851630149366,3.5847695542228797,0.45114851630113767,-1.065909142063413,-16.618601244260923,-3.3351562443702374,15.461421124603506,0.13765935746524813
ring,316228,306495,33025,33026,512,m12-1-29,2026-08-05T00:29:46,296215,-0.27197436690096205,1.2608435448418538,0.6240333993727507,1.2562037635531176,0.3143174625740869,3.400886483795674,0.31431746257355325,-0.13313688846901403,-15.76613935604785,-2.3633581227407423,10.956270869057002,-1.123066875084107
ring,316228,306495,33025,33026,512,m12-1-29,2026-08-05T00:29:46,296929,-0.16073210285435002,0.8164904159605257,-0.08839468907425824,0.7485834500245514,0.34813902854227413,2.9198601894422636,0.3481390285418556,-0.951367013510949,-14.83236900586537,-2.941293303853307,14.94124540448061,0.20278356348640642
ring,316228,306495,33025,33026,512,m12-1-29,2026-08-05T00:29:46,297831,0.15252381107885907,-0.8562015177039417,0.023566183554201106,-0.8006028899413408,-0.333824656463399,2.7046920263077237,-0.33382465646296827,1.0138741925994703,-15.182950133925267,-2.695060856252591,15.128884985931201,-0.2132713026581238
ring,316228,306495,33025,33026,512,m12-1-29,2026-08-05T00:29:46,298860,-0.19857339170366525,1.2446381825742943,0.742057039030941,1.2752568242415319,0.17495034949482,2.545452859471353,0.17495034949428462,0.20659762555122457,-15.954644243417068,-1.820510280491422,11.410776577005063,-1.48185444979275
ring,316228,306495,33025,33026,512,m12-1-29,2026-08-05T00:29:46,300185,-0.17106302616896743,1.2974642854889802,0.5048101622714394,1.3004295126806116,0.25049811189188875,2.0953398786710578,0.25049811189292237,-0.5665005509987944,-15.89255562362982,-1.4283620295391763,10.833718785291858,-0.7339289616818274
ring,316228,306495,33025,33026,512,m12-1-29,2026-08-05T00:29:46,302511,0.1158208756040738,-1.3452360816585078,0.720627321736259,-1.3999074385579349,0.042162396955565076,1.2613220576153787,0.04216239695526781,-1.8859851065142568,-14.650000992017702,-0.4669568377363305,5.423609374595002,3.2858925450721834
ring,316228,306495,33025,33026,512,m12-1-29,2026-08-05T00:29:46,302585,-0.04344215013146306,0.5642106643182956,0.021363174072879142,0.552448702742741,0.09365024861777357,1.182031205871713,0.09365024861776425,-0.6566355486691294,-15.351786453746877,-1.1842561739816078,15.380683521032,0.10418684592638759
ring,316228,306495,33025,33026,512,m12-1-29,2026-08-05T00:29:46,302908,-0.10568858106904663,1.3726444099882822,0.15525566629132467,1.3516089254101744,0.2593065966639883,1.117686432961893,0.25930659666371647,-1.9962041016855854,-14.5161002144839,-0.3263935546864221,4.239079413922866,0.6445951762753995
ring,316228,306495,33025,33026,512,m12-1-29,2026-08-05T00:29:46,303121,0.05294522120656626,-0.7796580776094403,-0.19360504350353108,-0.7542817646850846,-0.11582007519605188,1.004821234794943,-0.1158200751959307,0.9433905384924379,-14.79674604068529,-1.0227484375844567,15.060737542565544,-0.18910877380732696
ring,316228,306495,33025,33026,512,m12-1-29,2026-08-05T00:29:46,303556,0.015874960390100258,-0.2698385102480214,-0.6137894158137422,-0.2544133882709868,-0.033753161924378376,0.8041313302682086,-0.033753161924275514,0.31732846839897044,-13.668418369014987,-0.8542302681914873,14.519987282696222,-0.0629150801279913
ring,316228,306495,33025,33026,512,m12-1-29,2026-08-05T00:29:46,304251,0.002418420366100998,-0.04859772259916416,-1.0571049817051876,-0.043359275706087226,-0.021445757363156927,0.14905511249351724,-0.021445757363132138,0.38652213597982316,-2.99523569620986,-0.6389244833153602,12.839072659660715,-0.3431628602737384
ring,316228,306495,33025,33026,512,m12-1-29,2026-08-05T00:29:46,305038,-0.041605530528482336,1.3144467045001256,0.26678219350169213,1.317319861448473,0.08611032636341519,0.49409463234990697,0.08611032636253041,-1.4004446503316992,-15.609969466893288,-0.33466250603942344,10.57301812032282,0.08312478888325026
ring,316228,306495,33025,33026,512,m12-1-29,2026-08-05T00:29:46,305376,0.014836939843045484,-0.656349721678113,-0.5484070034941768,-0.624593824604222,-0.03466105720112515,0.3098116032520199,-0.03466105720087463,0.9079425628350992,-13.70530323088938,-0.3280746375279498,14.51321494250417,-0.28334873823088924
ring,316228,306495,33025,33026,512,m12-1-29,2026-08-05T00:29:46,305857,-0.015296425814153818,1.1279166797827673,-0.08358772297773506,1.1069741469286392,0.03810907994782031,0.2025267815709744,0.038109079947637466,-1.702568546853497,-14.933771968170992,-0.1875564976271528,13.829904099526473,0.5955943999248627
ring,316228,306495,33025,33026,512,m12-1-29,2026-08-05T00:29:46,306190,-0.00376158416762191,0.8321521848363747,-0.08839468907426792,0.817079625594927,0.00830371694861298,0.06833295692156771,0.008303716948452458,-1.0198631890813064,-15.116880778092176,-0.06883455219976509,15.22784562374604,0.2027835634863627
ring,316228,306495,33025,33026,512,m12-1-29,2026-08-05T00:29:46,306352,-0.0043268503306662254,0.957202549690597,1.2766251826752193,1.0218629382319993,-0.0017332316813497713,0.06973088683950185,-0.0017332316815061428,1.405287313518104,-15.426136236354418,-0.06313899981310392,13.967853516372406,-2.4271502517500805
