case,n_target,n_actual,seed,sampler_seed,samples,host,timestamp,index,ux,uy,uz,j11,j21,j31,j12,j22,j32,j13,j23,j33
cube,1000000,1000000,33025,33026,512,m12-2-1,2026-08-04T21:23:52,7983,0.0002455145246272509,-0.0007684947941980228,-0.00015428313502726927,-0.006279222611687921,0.027566987329327466,-0.030634429550230657,-0.000387919396037616,-0.001576320020657521,0.01361720687382113,0.032893164076381716,-0.01619594887721743,0.007855542632345726
cube,1000000,1000000,33025,33026,512,m12-2-1,2026-08-04T21:23:52,9292,0.0009584716882756753,-0.0004433929455375445,-0.0012485463495877267,-0.010807748439044789,-0.021806195963955156,0.007711455475833671,0.0078278349306259,0.011611455035482708,0.0148166146068963,-0.019862361820895777,-0.023000863634708307,-0.0008037065964369846
cube,1000000,1000000,33025,33026,512,m12-2-1,2026-08-04T21:23:52,9302,0.0004997055262042503,-0.0005966181483635057,0.0002881569856684459,-0.0076522473363193465,-0.03957034975823831,-0.018028302134200074,-0.0018741519519462858,0.011043215483444837,-0.01989864033955605,-0.006509692789745199,-0.0074949635596032885,-0.003390968147125442
cube,1000000,1000000,33025,33026,512,m12-2-1,2026-08-04T21:23:52,12391,0.00032687928593197344,-0.0003256389674265794,-0.0015069675875111735,-0.010090821170358723,0.015840210469375397,0.018261056795324165,-0.020200425780382184,-0.0009147641698145323,0.014559633394334066,-0.025215467207185944,0.024958663920412755,0.01100558534017384
cube,1000000,1000000,33025,33026,512,m12-2-1,2026-08-04T21:23:52,13534,7.045278673514976e-5,0.00015095283697298968,0.0005028782773781942,1.9370614109172835e-5,0.026969551982467803,-0.0003930699520079155,-0.026363408476539233,0.0007907169149898184,-0.0016027076211472266,-0.005492538801936162,-0.019172213760754397,-0.0008100875290989632
cube,1000000,1000000,33025,33026,512,m12-2-1,2026-08-04T21:23:52,17245,8.581760337558124e-5,0.0003500311834837511,0.00013180452648519733,-0.020504347432180412,0.0351039468251642,0.0028825800359300498,0.010194445326182688,0.0020186420258626854,-0.004862051829931892,0.014926627614125906,0.008377877241553321,0.01848570540631972
cube,1000000,1000000,33025,33026,512,m12-2-1,2026-08-04T21:23:52,17280,0.0014282791585644257,0.0006946984244168903,0.0014769580512292416,-0.009443641148895801,-0.0022845135430157207,-6.609995925597956e-5,0.0021812849268261774,0.0027051316130476968,0.019288599019049914,0.01741699380750311,0.0033752529455455538,0.006738509535848077
cube,1000000,1000000,33025,33026,512,m12-2-1,2026-08-04T21:23:52,20785,-0.00043547994784237946,-1.6137155292157007e-5,0.00025254590476910064,0.0030970342559657497,-0.00037546663340653287,-0.010915811225215318,0.012725615846090634,-4.4591609574094056e-5,0.012658482482225073,0.012469507615930856,0.018065543260121223,-0.0030524426463917832
cube,1000000,1000000,33025,33026,512,m12-2-1,2026-08-04T21:23:52,21519,-0.00042740694337652427,-0.00017655122706464242,0.0006859956239400089,0.0019386349854018622,-0.004116390550758852,-0.023208203790797726,0.006942930158095093,-0.010730294835461974,-0.006057481717383511,0.01238400011979556,0.00020075087758396307,0.008791659850060394
cube,1000000,1000000,33025,33026,512,m12-2-1,2026-08-04T21:23:52,25367,0.0005050514487694768,-0.0017932782712920827,0.00027203389329473953,-0.0056438160491425245,-0.007237922331965234,-0.018138049146645737,0.012032727280600062,-0.014551915532193455,-0.0025282377560577234,0.009912641372043155,0.005474375612734912,0.020195731581336324
cube,1000000,1000000,33025,33026,512,m12-2-1,2026-08-04T21:23:52,31129,0.00023169776716558255,0.0008241342420955937,-0.0008400834190502284,9.55722683135349e-5,-0.012593873437781363,-0.01858051240618902,0.022122719726797475,-0.009988429823270459,-0.0009306229581141901,0.001566076304487958,-0.00512907614831011,0.009892857554956544
cube,1000000,1000000,33025,33026,512,m12-2-1,2026-08-04T21:23:52,33736,-0.00010342126933589815,-0.0011960808300096701,0.00026907021452855377,-0.00028512177436918157,0.013155269385666177,-0.011537530419454663,0.022620707818433273,0.008378721700142372,-0.009609381193815365,-0.028961885840292658,-0.021080695836793877,-0.008093599925773257
cube,1000000,1000000,33025,33026,512,m12-2-1,2026-08-04T21:23:52,34791,-0.000815739030115857,0.0006609117644237376,0.0003019424773474787,-0.003806784564864593,0.0049634816499995234,-0.012435997830993605,-0.006327581552429731,0.004847323111588914,-0.014265000733092822,0.020555026455923494,-0.001437296570462071,-0.0010405385467231745
cube,1000000,1000000,33025,33026,512,m12-2-1,2026-08-04T21:23:52,40061,9.817323622395504e-5,-0.0009154800137516603,6.280118369527435e-5,0.0006142673310058589,0.027795606548651153,0.011229224886712923,-0.01158078503388426,0.0022769242933077995,0.01318024106363385,-0.01524719361674525,-0.0211817249184142,-0.0028911916243139165
cube,1000000,1000000,33025,33026,512,m12-2-1,2026-08-04T21:23:52,40992,-0.00023454793629210699,-0.00026360700889907425,-7.84106287930399e-5,0.0068455085809095454,0.015258921072319352,-0.006563342853797745,-0.008781438016544123,-0.0063399059417317835,0.03238014879169999,0.004523579899948155,-0.008635667610208252,-0.0005056026391779095
cube,1000000,1000000,33025,33026,512,m12-2-1,2026-08-04T21:23:52,43205,0.00022651923012145803,-0.0007344599753935249,6.766999611374538e-5,0.00010484858974116661,0.0010257816082025859,-0.0018613407950729833,0.0027775153135548157,0.012253672957287689,-0.004667806939255217,-0.005852918731382548,-0.01819931203181678,-0.012358521547029473
cube,1000000,1000000,33025,33026,512,m12-2-1,2026-08-04T21:23:52,46934,-0.0004993047675152071,0.0005454737065857035,0.0008846158090459377,0.00398364635512966,-0.0034592646749729153,-0.016092085116253686,-0.0015061219667620498,-0.0046433029600694365,0.01615570523477764,-0.0013972834302388238,-0.0028830070498681963,0.0006596566049396936
cube,1000000,1000000,33025,33026,512,m12-2-1,2026-08-04T21:23:52,47079,-6.094325024816433e-5,0.0006619118104261026,3.2770367491724605e-5,0.013873966883962478,0.025436921068636948,0.01778772118373146,0.0026952970183115234,-0.0013525771675207729,-0.016998388221182152,-0.018470046653408425,-0.00108245359490096,-0.012521389716442571
cube,1000000,1000000,33025,33026,512,m12-2-1,2026-08-04T21:23:52,49931,-0.0010883252174466562,-0.00023626620817360095,-0.00011903880641159823,0.016945199440603104,-0.029405814090291645,0.010178989373068556,0.0024228211842102373,-0.011536212183754795,0.004829363501782789,-0.01276419638692714,0.03105538133406113,-0.005408987256848391
cube,1000000,1000000,33025,33026,512,m12-2-1,2026-08-04T21:23:52,53029,-0.00039842517367775127,0.00017880220951111079,0.0002565828138796173,-0.024049264031305966,-0.018214059797050645,0.04372548676635604,0.022905278566879732,0.001688264561283126,0.0014263205199171842,-0.009920335468453336,0.0041001910980871204,0.022360999470022565
cube,1000000,1000000,33025,33026,512,m12-2-1,2026-08-04T21:23:52,54147,-0.00067453044821098,0.0003510466655650972,-0.0008646801901765099,-0.005217586835164312,0.005023984856863802,-0.0310584995739844,0.007896085690387028,-0.00021583310842379375,0.004673867786720328,0.00358713367760427,-0.024873495381636808,0.005433419943587933
cube,1000000,1000000,33025,33026,512,m12-2-1,2026-08-04T21:23:52,54314,5.555169350352554e-5,-0.00020891403465298682,-0.0010894465024262685,0.002159912933390554,-0.008984562927781754,7.448846045915375e-5,0.019814618238701523,0.006193996892616094,0.011120564232039777,-0.018716323505213937,0.001221864519480747,-0.008353909826006641
cube,1000000,1000000,33025,33026,512,m12-2-1,2026-08-04T21:23:52,55823,-0.0003818200391668215,-0.0005421389711550897,-7.198726684785931e-5,-0.018822281149535706,0.015077433282104358,0.009589592991663468,-0.0022578901134846984,0.0034877565230329983,-0.010476481433128888,0.015043082040177007,-0.012914568009621348,0.015334524626501289
cube,1000000,1000000,33025,33026,512,m12-2-1,2026-08-04T21:23:52,55868,0.0011532755614446254,0.0009405752896382534,0.00022002029182417734,0.0012494455348092944,0.01959834069611108,-0.015951155730058973,-0.02386707028790882,-0.005460441348293885,0.010514275390560277,0.002470971885119034,0.029878478744842826,0.0042109958134836836
cube,1000000,1000000,33025,33026,512,m12-2-1,2026-08-04T21:23:52,59505,0.00025336394615016786,-0.0008910882138239867,0.00024694503478624413,-0.005739979928179146,0.009719988566846999,-0.017774988059608518,0.0204072717909598,0.009386609082962188,0.001814651874193869,-0.010265204048182626,-0.0007633958092554034,-0.0036466291547830963
cube,1000000,1000000,33025,33026,512,m12-2-1,2026-08-04T21:23:52,59553,-0.001646349972169611,0.0012019770913638888,7.199625937489692e-5,0.0057391807520942,-0.024342181125153604,-0.013653625618412631,-0.02354162818435924,-0.012923091766029737,-0.004561584630743494,0.00799383773405737,-0.005371626183991488,0.007183911013936844
cube,1000000,1000000,33025,33026,512,m12-2-1,2026-08-04T21:23:52,61142,0.00017926771389049068,0.00011459524379740842,-0.0001355198241760186,0.010640015525484381,-0.0005945774951074904,-0.006458231815980768,-0.002054311722370131,0.001246834206384862,0.0036859262242086048,0.013336736657924897,0.007529406593933563,-0.011886849731869412
cube,1000000,1000000,33025,33026,512,m12-2-1,2026-08-04T21:23:52,65169,-0.00021535978943941625,0.0004201605148281275,-0.0008448395476931088,0.006378339065905879,0.011991707895402461,-0.02700376379166363,-0.0008114681853911665,-0.0013580458370129071,0.01984271006028221,0.0033416444433863163,0.020682760889840827,-0.00502029322889324
cube,1000000,1000000,33025,33026,512,m12-2-1,2026-08-04T21:23:52,67400,0.000571635086149169,-1.4154783165091952e-5,-0.00013372246606339474,0.0065410603825894935,0.019344107807572532,-0.01649493759629476,0.011611123013927093,-0.0035360544796338824,-0.013422181177149427,0.0035193869817412315,0.0047617462489121555,-0.0030050059029556207
cube,1000000,1000000,33025,33026,512,m12-2-1,2026-08-04T21:23:52,70035,0.0003519388699737632,-0.00032321752341562393,-0.0004647110831563329,0.0019421447273371107,0.006286184384230628,0.029083950075511098,-0.005545700119334153,0.008651288836541943,-0.004080566140573438,0.012791899532095977,0.0013245220961426395,-0.01059343356387921
cube,1000000,1000000,33025,33026,512,m12-2-1,2026-08-04T21:23:52,72908,0.0005715605198061412,0.000686551417199412,-0.0007890926953628108,0.007730921174869394,0.002391278779587994,-0.008920268817941338,0.016769081266465806,-0.017234739686893343,-0.011370616169853786,0.011455249191439617,-0.012236489346460822,0.009503818512022843
cube,1000000,1000000,33025,33026,512,m12-2-1,2026-08-04T21:23:52,74314,-0.0009928020683365043,-0.001307232599763527,-0.0004197125881471648,0.008428832086936868,0.01724245693498714,-0.008142468154036856,0.005313710198402726,-0.003682263396486234,0.010196210418290065,0.010399088485898903,0.010771767704665487,-0.004746568690450242
cube,1000000,1000000,33025,33026,512,m12-2-1,2026-08-04T21:23:52,75161,0.0001911318506208313,-3.454440212353578e-5,-0.001090807445860777,0.0072866598053916605,0.0022243630028888108,-0.011727460366929308,-0.005155548799006459,0.016853581323698307,0.0036116927898702128,0.00423347475639772,0.020290445557545837,-0.02414024112909036
cube,1000000,1000000,33025,33026,512,m12-2-1,2026-08-04T21:23:52,83976,-0.0004858384463759758,0.0008430531932220906,-0.000853047548614117,-0.0053477097624458686,0.003902134296062578,0.007484302325817972,-0.01026193316927405,0.002077038704908969,-0.0027827673909670498,0.01813334488141407,0.002052043287545128,0.0032706710575371657
cube,1000000,1000000,33025,33026,512,m12-2-1,2026-08-04T21:23:52,93264,-5.7146025686160804e-5,0.0006154606675310123,0.0007204786170803797,0.007523054533361965,-0.014377624871194957,0.00661504855724176,0.03700468147551015,-0.016281513643098173,-0.004006375501251496,-0.0018552933970909851,-0.0017591439466231355,0.008758459109736357
cube,1000000,1000000,33025,33026,512,m12-2-1,2026-08-04T21:23:52,93476,0.0009337114215995104,-2.0992340772320506e-5,-0.0002920867034230702,-0.01023168714246954,-0.0064074925659808575,-0.004340185695838306,-0.007504917881967409,0.007255637782880377,0.009973252032810047,-0.0038335738105940926,-0.00755134606461764,0.0029760493595894014
cube,1000000,1000000,33025,33026,512,m12-2-1,2026-08-04T21:23:52,97160,0.0005340965514373635,0.0007700301648363492,-0.00132588348435479,-0.006536800862584249,-0.042414041806696015,-0.007239793991517229,0.011111937662502286,0.007347219893238554,0.022177177827037892,-0.016530668202657528,0.0045415441596614705,-0.0008104190306549671
cube,1000000,1000000,33025,33026,512,m12-2-1,2026-08-04T21:23:52,104913,3.987219516089604e-5,-0.00010296389695276993,-0.00016746632235972153,-0.019094062127995453,-0.013842309056796323,0.0049454500894304315,-0.03649616608166295,0.007899493416064782,0.006763178328865219,-0.021656691845421357,-0.002963165291351159,0.011194568711930778
cube,1000000,1000000,33025,33026,512,m12-2-1,2026-08-04T21:23:52,105954,0.00018452206495331007,-0.0006745622848079208,9.266433323268127e-5,0.0034042465592831954,-0.015344511036250093,-0.010467930017625833,-0.02808317877300121,-0.005282561667199573,0.011970197305902998,-0.029488062366772837,-0.009925701085527872,0.001878315107916272
cube,1000000,1000000,33025,33026,512,m12-2-1,2026-08-04T21:23:52,111558,-0.0003996423777408389,-0.0009568786701585401,-0.0008587066699660817,0.0014737519352954601,0.005343016012800067,-0.0027930122384519163,0.006125162574820392,-0.006018232191796225,0.014826052361505462,-0.016890889736733094,0.008582198157801882,0.004544480256500293
cube,1000000,1000000,33025,33026,512,m12-2-1,2026-08-04T21:23:52,111637,9.38368653533068e-5,0.00086610758504553,-0.001492425466619766,0.007088649840742114,-0.002617096640323264,-0.00508872034289171,-0.012537375904714992,4.520898136695551e-6,-0.025387354837452338,-0.02850816198178784,-0.003006024896557203,-0.007093170738878985
cube,1000000,1000000,33025,33026,512,m12-2-1,2026-08-04T21:23:52,112343,-0.0013848766187344957,7.511901873066857e-6,0.00046496806778020133,-0.014626533412482939,-0.04270678694345792,-0.0025696825700222787,0.02156274811351549,-0.006874326918687006,0.01199565134795101,-0.03416017455319036,-0.01927359852069273,0.021500860331170206
cube,1000000,1000000,33025,33026,512,m12-2-1,2026-08-04T21:23:52,112470,-0.00051131543275112,-0.00019952618251787579,-3.263919402693019e-5,-0.008595636393450576,-0.00018107820575062906,0.0008495721399034683,-0.006347930509759737,0.009878843903772664,0.012676102697928402,-0.0014067294949159192,-0.003948138573643934,-0.0012832075103220758
cube,1000000,1000000,33025,33026,512,m12-2-1,2026-08-04T21:23:52,113461,-0.00019187862977084014,-0.001512550071102254,-3.38690792083415e-5,0.0029867438758743453,-0.0038398306951235453,0.003444206910216598,0.0029059703889137167,-0.012138483396261989,0.027502277554997918,-0.00488077272310831,-0.009748171967764889,0.009151739520387923
cube,1000000,1000000,33025,33026,512,m12-2-1,2026-08-04T21:23:52,113947,5.3916080570798294e-5,4.9771570145675905e-5,-0.0005585232980231219,0.007659029546953115,-0.01567838021991686,0.015622610568916532,0.016159103038352562,-0.01147277736531518,0.0007914073487915097,-0.006212724287834275,0.001357543010212399,0.0038137478183624986
cube,1000000,1000000,33025,33026,512,m12-2-1,2026-08-04T21:23:52,114107,-0.0007261926497409803,0.0005683649886182916,0.00015086566543695622,0.005993782988178228,0.005451549508158208,0.0007234232148719814,-0.008408299117817548,0.01631658706966187,-0.01656042082969507,0.008121481538379431,0.006574793123957406,-0.02231037005783977
cube,1000000,1000000,33025,33026,512,m12-2-1,2026-08-04T21:23:52,115170,-9.99251582501363e-5,-0.0005885395680059533,-0.001503436109595401,0.0020027532144768073,-0.002240719321801313,-0.007790106427502156,0.006109237567634993,0.013675832546934155,0.021227442876861985,0.015333417487159249,-0.0036411905991840885,-0.015678585761411505
cube,1000000,1000000,33025,33026,512,m12-2-1,2026-08-04T21:23:52,115670,-0.0006186504209693418,-0.0004470060926372188,-9.995997659789091e-6,0.013567987900216716,0.01025590002272634,-0.016453165834515338,0.0021143683300986573,-0.009374866186778935,0.00014810354745108228,0.001658581500716453,0.017091490188682563,-0.004193121713438916
cube,1000000,1000000,33025,33026,512,m12-2-1,2026-08-04T21:23:52,115839,0.0005332636041001126,0.0006877078490362944,0.000326078484527467,-0.02399989678019484,-0.017895460590793787,-0.014701480195553153,0.021889370291681982,0.031121546128064604,0.007828327429270482,0.01103908638256626,-0.012929009989419026,-0.007121649347869711
cube,1000000,1000000,33025,33026,512,m12-2-1,2026-08-04T21:23:52,116440,0.00013820858766395807,-0.0005400469471919014,0.0007597614044237034,0.006426874126597251,0.018726518514410966,0.022503513784615882,-0.016032234318679017,0.0032084426686149053,-0.010620089815086475,0.004327053927500267,0.026228468088049,-0.009635316795212333
cube,1000000,1000000,33025,33026,512,m12-2-1,2026-08-04T21:23:52,117816,-0.00020803313024107505,-0.0015505893713259752,0.0003339505155220666,0.00416591785918678,0.01004041814990582,-0.0011218626982225025,-0.02429421454724368,0.005582980684833723,0.009630689317097,-0.009478793243331396,0.011638901945824096,-0.009748898544019682
cube,1000000,1000000,33025,33026,512,m12-2-1,2026-08-04T21:23:52,123538,-0.0005098827183022295,0.0006356835251300068,-0.0005144457413412844,-0.014913891079306546,0.007899051728839916,-0.018871727607409662,0.022193080582696485,0.011065099041506224,-0.0024947461400442027,0.00125615029131455,-0.00919570125114454,0.0038487920378000627
cube,1000000,1000000,33025,33026,512,m12-2-1,2026-08-04T21:23:52,123799,-0.00012686367432023738,0.0005368997588548513,-0.0010698282519294839,-0.003830197072170271,-0.015665756169258083,0.0009312183520724032,0.012920251411939773,-0.01487550007266766,0.01853446599902493,-0.0025253733249301358,-0.003572662349463079,0.018705697144837743
cube,1000000,1000000,33025,33026,512,m12-2-1,2026-08-04T21:23:52,125741,-0.0008887533161701916,0.000586001810824042,0.0004134027075003504,-0.0037698936503995782,-0.024011147487788622,0.019912326356522028,0.019683794588496638,-0.005669900165579756,-0.03231857103110716,0.00991554728269627,-0.0006814768955832309,0.009439793815979777
cube,1000000,1000000,33025,33026,512,m12-2-1,2026-08-04T21:23:52,129254,0.0002592638793254527,4.93720509266605e-6,0.0003598556780419428,0.013340002730747706,0.005461802511260506,0.023800494393485458,-0.00023218265665784254,0.014919433263118866,0.0006895403874703285,0.012825087034066367,0.011657695292406222,-0.028259435993865694
cube,1000000,1000000,33025,33026,512,m12-2-1,2026-08-04T21:23:52,135857,0.00035892771553143574,1.8734135313846496e-5,-0.0001473711350248146,0.003968353694919479,-0.016950830344074862,0.004336828817361138,-0.016265273135617767,-0.0017249826584292956,0.017701009261394365,-0.0160041770507059,-0.013650636895088953,-0.0022433710364897132
cube,1000000,1000000,33025,33026,512,m12-2-1,2026-08-04T21:23:52,138530,0.0007365276218800854,0.0011400712747171298,-0.0015803742541998878,0.0024324058982401267,0.006316649999206252,-0.004211176686461034,0.0033543392423874903,0.008959956551070496,0.007313838703460346,-0.014987459188836422,0.0032523897460275237,-0.011392362449311057
cube,1000000,1000000,33025,33026,512,m12-2-1,2026-08-04T21:23:52,138776,-7.810267961023974e-5,-0.0005531642034364006,0.0005956774816285968,-0.008135177455943695,0.01123996930107544,0.03661690676057522,0.022509694867519147,-0.010923787765838815,-0.007491538203236586,-0.03147225242339177,0.002815582907179917,0.01905896522178233
cube,1000000,1000000,33025,33026,512,m12-2-1,2026-08-04T21:23:52,139750,-0.00040113223558046687,0.00038813852181462195,-6.672083115123579e-5,-0.012683413764072837,-0.0021636883223803416,-0.011007467215577934,-0.018349230331250303,0.00022746251791230625,0.0015469251245721206,0.0062819855564871935,0.006761498650388396,0.012455951246161084
cube,1000000,1000000,33025,33026,512,m12-2-1,2026-08-04T21:23:52,139918,0.00011772362851460775,-0.0014051213350702544,0.00043777102816534874,-0.007907774946394613,-0.026405313301649372,0.005523767482463058,0.034079831338062014,0.001293731345267486,-0.01670260655812569,-0.018165651913968153,0.008921767753318766,0.006614043601127251
cube,1000000,1000000,33025,33026,512,m12-2-1,2026-08-04T21:23:52,141374,-8.049896726602016e-5,0.0007761834136848632,-0.00047969429705334017,0.011072079934123813,-0.0010671295019521996,0.009808502037745657,-0.01700045553118058,-0.0016429649850032567,0.001597804773105534,-0.008545486756267233,-0.021668996286041183,-0.00942911494912054
cube,1000000,1000000,33025,33026,512,m12-2-1,2026-08-04T21:23:52,141653,0.00047217637536127433,0.0006172501663197443,-0.00042642160664515855,-0.002479350996618962,0.0029501839690059374,0.002198847517711659,0.013195461317935859,0.000987041388378627,-0.001970918271568692,0.016833939391254583,0.04066309311152914,0.0014923096082405472
cube,1000000,1000000,33025,33026,512,m12-2-1,2026-08-04T21:23:52,146073,-0.00025834337665769935,0.0003978418045631151,0.0009373322081055467,-0.0036105084304093307,-0.025172542664973603,-0.016164835211141093,0.024572896130152275,-0.011278972702045515,-0.028989051130400893,-0.003984135235553719,0.012957684211230693,0.014889481132454927
cube,1000000,1000000,33025,33026,512,m12-2-1,2026-08-04T21:23:52,146156,4.061290275364788e-5,-0.0005467716572836921,0.0005711128643508194,0.010036319539517112,-0.01581920764600719,-0.016162318071788525,-0.009107282056484365,-0.009604564784276536,0.0023586432361973352,-0.007533259867839496,0.02304631693591704,-0.00043175475524104024
cube,1000000,1000000,33025,33026,512,m12-2-1,2026-08-04T21:23:52,147096,0.0009455783588655474,0.0001226539448104603,0.000168809282193298,-0.004474320715944895,0.011498433879494027,0.011872830784425711,-0.009245360816799523,0.00815759172079761,-0.018905174503579602,-0.011710013705312999,0.015268139269634998,-0.003683271004853062
cube,1000000,1000000,33025,33026,512,m12-2-1,2026-08-04T21:23:52,148123,-0.0005146728952266571,0.00014179509011398383,0.0008399944553740161,-0.006193393929020932,-0.0043341480368320725,-0.011874214390907979,-0.009832846931705467,0.006386366978910905,-0.01747378664679358,-0.0017393017204110955,0.0022215778617595736,-0.00019297304988996443
cube,1000000,1000000,33025,33026,512,m12-2-1,2026-08-04T21:23:52,150726,0.00018587008784670493,4.954546918740897e-5,-0.00016244201409563593,-0.005092209479103824,0.0006872098022664589,0.01309126382297838,0.03234114360177116,0.003701294067118765,-0.015047781620500215,-0.010420304551003028,-0.002580559403326119,0.0013909154119849615
cube,1000000,1000000,33025,33026,512,m12-2-1,2026-08-04T21:23:52,151539,0.000610593457274388,-0.0006458621663673948,5.716261489473768e-5,-0.013565802446434174,-0.02099330737236351,-0.005872187293774396,-0.021942016803184482,-0.007307083809734587,0.030718163227354045,-0.005294711913029746,-0.02334910168588747,0.020872886256169246
cube,1000000,1000000,33025,33026,512,m12-2-1,2026-08-04T21:23:52,151577,3.436509405908578e-5,0.0009999408994317352,0.001483952508246431,0.006152330184732026,0.018197280507463845,0.006811127024510809,0.0016128047803956377,0.00021776633090923563,-0.027000954520694176,0.004943575777510903,-0.015774602070245867,-0.006370096515641201
cube,1000000,1000000,33025,33026,512,m12-2-1,2026-08-04T21:23:52,151997,-0.0002307974474197022,-0.00041501699430424765,-0.0012088924878825703,-0.0030971018848286527,0.017623998971727953,0.0001261525669728823,0.0015744335640818312,-0.002318952050019862,0.016976286103181183,0.0009837433445719,0.015035310460673556,0.0054160539348486305
cube,1000000,1000000,33025,33026,512,m12-2-1,2026-08-04T21:23:52,154923,-0.0010569496353279014,-0.00031849931232745597,-4.637072789280607e-5,0.01121304667142798,-0.032444781539798725,0.012049431694975717,0.006299415807158364,-0.005671889400036799,0.01071415187887314,-0.011592253811198184,0.02955703085658564,-0.005541157271391037
cube,1000000,1000000,33025,33026,512,m12-2-1,2026-08-04T21:23:52,157277,-0.0005748159477498964,-0.001601176448738224,-0.00028778543227865166,-0.0008603534449434865,0.011941096635956227,0.007254885104296369,0.013759957949737537,0.01174594419517264,0.008127475860295557,-0.003316911272074908,0.005650898422579749,-0.010885590750229551
cube,1000000,1000000,33025,33026,512,m12-2-1,2026-08-04T21:23:52,157512,-0.00034932640933676875,0.00022028450587013867,0.00017581450952073476,0.01907396433475067,-0.01699535908010046,-0.001682330786177968,0.0186959021985022,0.013072248269380495,0.0024983971338163216,-0.006051046480581036,-0.028441051767817475,-0.032146212604129226
cube,1000000,1000000,33025,33026,512,m12-2-1,2026-08-04T21:23:52,167244,-0.0002556461620610221,0.0009614794848354885,0.0003605056276405979,-0.006875130192593648,0.0021557079959120366,-0.0076776091334505225,0.0032986953500657537,0.010935676608037523,0.015901807928965728,0.012511373112448336,0.012618188572220032,-0.004060546415443902
cube,1000000,1000000,33025,33026,512,m12-2-1,2026-08-04T21:23:52,170741,-0.0001839849613942692,-0.00038412173225998183,-0.0008124306911164865,-0.013329433500064738,-0.007567591667261736,0.0013001465810824479,-0.017510649754532988,0.009717539632796613,-0.005048425599338325,-0.01855288666755017,0.0035951734110241077,0.0036118938672680236
cube,1000000,1000000,33025,33026,512,m12-2-1,2026-08-04T21:23:52,173268,-0.00019973319019030148,1.791581547074268e-5,0.0003167898519072901,0.011414012877490096,-0.0008413039043222478,0.012997811690927306,-0.031551989240349805,-0.017786915079426344,-0.021977727500985676,-0.009467312222085052,-0.011582845331792224,0.0063729022019370345
cube,1000000,1000000,33025,33026,512,m12-2-1,2026-08-04T21:23:52,173801,-1.4418541838195849e-5,0.0003050433639560058,-0.0010089302142366014,-0.0006947530739376624,-0.01192037993005221,0.00912654513896507,0.030403646058307077,0.004914668193424466,0.03294599053089331,-0.02421106419330183,0.005276778208113644,-0.004219915119487679
cube,1000000,1000000,33025,33026,512,m12-2-1,2026-08-04T21:23:52,175738,0.0009093785288690778,0.0010486236292218084,-0.0004903130592004095,0.006877635072265647,-0.021112131293518677,0.017847938219406348,-0.018036058381191163,0.009753295513191467,0.008077904855545794,0.011347427438302084,-0.0021893769540759114,-0.01663093058545762
cube,1000000,1000000,33025,33026,512,m12-2-1,2026-08-04T21:23:52,177157,0.0010244673863787715,-0.0002372200161518697,-0.00038274467487760976,-0.00568500876871028,0.016158500821290347,0.02140910573199266,-0.015465441083388726,-0.0032888528367793347,0.0056282222022226115,-0.0041968574598836815,0.013546920990435819,0.008973861605488976
cube,1000000,1000000,33025,33026,512,m12-2-1,2026-08-04T21:23:52,178787,0.0005239725681354575,-0.0005723466085517973,-0.0007165707986110082,0.014402881712379556,-0.016956301845505388,-0.011967866404882812,0.013757761418490793,-0.017566755694375255,0.030198066064477613,-0.0027452466482676833,-0.01472032212742828,0.0031638739819959604
cube,1000000,1000000,33025,33026,512,m12-2-1,2026-08-04T21:23:52,183183,0.000581486790017937,0.0005118820517330193,0.00034690353397945155,-0.0020282998264201514,0.006468079719125145,-0.004969521985418785,0.009430370365629832,-0.008061548122107891,0.013307185529007034,-0.006038467126494664,0.009151643100388615,0.010089847948528522
cube,1000000,1000000,33025,33026,512,m12-2-1,2026-08-04T21:23:52,189701,-0.00014664627430687705,3.62442797021648e-5,0.0006874324766076745,0.03598733556275211,-0.026342030921227937,0.00037536921611723117,0.012672761335119548,-0.011429956712139804,0.025583074795389196,0.0013683431079973601,-0.0059541850749330934,-0.024557378850610427
cube,1000000,1000000,33025,33026,512,m12-2-1,2026-08-04T21:23:52,190845,0.0007704646283163029,0.00013064334516207102,0.0010018011008612589,-0.01749659804180743,-0.00791385209942697,-0.0021951850259318193,-0.009091832947005534,0.008811834120056797,0.005944633983840104,0.03303903106764214,-0.007253266936491816,0.008684763921751106
cube,1000000,1000000,33025,33026,512,m12-2-1,2026-08-04T21:23:52,192901,9.603420264811156e-5,3.586935094104607e-5,0.00037453856055601854,-0.014472626555553567,0.0011588926296290727,0.005029853542848256,0.005179019757950615,-0.0005935068431918988,0.002874445951692918,-0.007871055078364931,-0.008028057133600565,0.01506613339874603
cube,1000000,1000000,33025,33026,512,m12-2-1,2026-08-04T21:23:52,193601,-0.0009478226803485183,0.0006574504556964264,-8.600233892852746e-5,-0.0057434042717387805,0.0009175017869532761,0.011703754713827232,0.009420580536799039,0.012609471654015204,-0.029916050725621944,0.002229939648720445,-0.0026334930339530194,-0.006866067382276652
cube,1000000,1000000,33025,33026,512,m12-2-1,2026-08-04T21:23:52,194355,5.517547435678158e-5,-0.0008426952724162452,0.0004686052666636635,-0.0017726141536394127,0.04043614899865461,-0.0016024725099000315,-0.004699478133769052,-0.009238752325684049,-0.0065103114395096565,-0.00043850771039041466,0.003279549036465278,0.011011366479322443
cube,1000000,1000000,33025,33026,512,m12-2-1,2026-08-04T21:23:52,195972,-0.00022211479625240015,-0.0006118502697584657,0.00039572608478334766,0.017982572257229948,-0.010225720565551304,0.001221809919870415,-0.001919486425157202,-0.007744494055540734,0.023403962651298127,-0.014760930749680502,-0.02866923498321457,-0.01023807820168884
cube,1000000,1000000,33025,33026,512,m12-2-1,2026-08-04T21:23:52,199097,0.0002810905729171026,0.0004799575414826945,-0.0002361571302431272,0.004796482689808503,-0.01525559463497697,0.013292855966149887,0.02666135089057677,0.0031310436598121073,-0.010838492217400323,0.03024399225082545,0.029690800923478627,-0.007927526349620594
cube,1000000,1000000,33025,33026,512,m12-2-1,2026-08-04T21:23:52,200259,-0.00044086966646193917,-0.0009068412335998285,-0.0002576267319506805,0.014281691901451543,-0.009581246568475107,-0.005034906171943783,-0.021306908453276503,0.003568091221365513,0.013209173018038948,0.029059728664006055,0.006422987810230351,-0.017849783122818368
cube,1000000,1000000,33025,33026,512,m12-2-1,2026-08-04T21:23:52,203842,0.00030289926240369044,0.0002544826894746146,-6.80128558722859e-5,0.0024274877568940846,-0.02502550665402304,-0.0029576048381513677,0.001708427300782493,0.0011150968479420515,-0.008078088231384822,-0.02234484199858147,0.01288973112764483,-0.003542584604836236
cube,1000000,1000000,33025,33026,512,m12-2-1,2026-08-04T21:23:52,206940,0.00010685712387940094,-0.0009306006932792641,-0.00031583059472789325,0.01000344948108391,-0.0008550050595830521,-0.012618228448794877,0.004937349526029169,0.005927210857891055,-0.002164089368642611,0.002909990225861273,-0.03899699316804684,-0.015930660338974452
cube,1000000,1000000,33025,33026,512,m12-2-1,2026-08-04T21:23:52,208310,0.0002434134296462403,0.0004745721943893702,9.716335982457201e-5,-0.003617065443612213,-0.014668962429340467,0.01428988167356151,0.01719578700620948,0.0033533204679916996,0.005713457756523229,0.005535911707074699,-0.022863350114709708,0.0002637449756195921
cube,1000000,1000000,33025,33026,512,m12-2-1,2026-08-04T21:23:52,213121,-0.00020404876744199325,-0.0008977932555370115,-0.0013126976252463853,-0.011841551304380013,0.003285870208837541,-0.020052684820518887,-0.004709787234405696,0.010550447859887426,0.004612996362933014,0.006046208488999364,-0.01198844105189524,0.0012911034444925513
cube,1000000,1000000,33025,33026,512,m12-2-1,2026-08-04T21:23:52,213999,-0.0003804222096617065,0.000516320334744144,-0.00047184477604473235,0.006959421321248805,0.006651356957103462,0.01479709651703542,-0.018813527386539353,-0.014788677607460651,-0.005548123434110459,-0.009053343504504575,0.0075952656660216175,0.007829256286211395
cube,1000000,1000000,33025,33026,512,m12-2-1,2026-08-04T21:23:52,215104,0.0003005991480232096,-0.0004689183835387077,0.00034954390116764475,-0.019410692146267818,-0.005031922098378478,-0.005331312723564459,0.018166912798908322,-0.0005496244575363222,0.013822848768582358,-0.0025037132839390817,-0.027790495449781412,0.01996031660380367
cube,1000000,1000000,33025,33026,512,m12-2-1,2026-08-04T21:23:52,215390,0.0005217671037082252,-0.0006653550195203448,0.0005058845916989052,-0.012902763309780706,-0.009188170291461134,-0.004516842819196307,-0.0445848239362329,0.01914527819777813,0.0014995495729859247,0.02935750922989573,0.006024734130986975,-0.006242514887995326
cube,1000000,1000000,33025,33026,512,m12-2-1,2026-08-04T21:23:52,215737,0.0006413924514964101,-0.0005467033512053011,-0.0003990527036778451,-0.003673539499091839,0.007937851344456204,0.0031932717375498256,-0.005271861633817079,-0.004523678420496973,0.00912157772120379,-0.013172814870875283,0.0006387333590960925,0.008197217919588757
cube,1000000,1000000,33025,33026,512,m12-2-1,2026-08-04T21:23:52,220127,-5.552283197744183e-5,-0.00011148891517132021,-0.000940434049398191,-0.012354584344466079,-0.005440655763810772,0.004209949888771273,0.001257526853371431,0.016194438718230644,0.012389809858415592,-0.006062535733861072,0.0019434375630610074,-0.003839854373765322
cube,1000000,1000000,33025,33026,512,m12-2-1,2026-08-04T21:23:52,221175,-0.0005158263088591856,-0.0012809606764846717,-0.00021373619032895403,-0.004852684483052582,0.022432638660220078,-0.002029455283934929,-0.004638816424646493,0.006905801432856905,0.0026122605502258887,0.0076095318076534,0.005011379085200196,-0.0020531169498051415
cube,1000000,1000000,33025,33026,512,m12-2-1,2026-08-04T21:23:52,222177,0.0005181653858364722,0.00017680678089720386,-0.0006649692576813472,0.0007732794968769583,-0.003412662007692254,0.004376648396753025,0.0040897405252118815,0.012515778378352719,0.023848516211272056,0.0022519764260925564,-0.00497210741289287,-0.01328905787523004
cube,1000000,1000000,33025,33026,512,m12-2-1,2026-08-04T21:23:52,222329,-0.0007252395495340613,-0.0007905988659061341,0.0003139420299711204,-0.004041783403522232,0.006650392946287329,-0.030968158491226836,0.008726868698623541,0.009591422622495481,-0.0212371236680269,0.01068497405996757,0.014978007246453102,-0.005549639218972742
cube,1000000,1000000,33025,33026,512,m12-2-1,2026-08-04T21:23:52,222902,0.0002663961553732026,-0.000544061489389032,0.0008148223329689852,0.001207807476595804,-0.0009643354459488263,-0.017406613302117815,-0.0154892119436216,0.013336268000136011,0.014103321624101613,-0.001473909656183473,-0.0035284772317172508,-0.01454407547673145
cube,1000000,1000000,33025,33026,512,m12-2-1,2026-08-04T21:23:52,224436,-0.00010932400018939909,-0.000588185773252832,-0.001059882860243992,0.0019992421249271195,-0.02306621067602562,-0.01032844223350983,0.023312645010271242,-0.008508811388269076,0.00756712178020799,0.012272666149092186,-0.005689729264998996,0.006509569263342204
cube,1000000,1000000,33025,33026,512,m12-2-1,2026-08-04T21:23:52,225142,-0.00011926791380514446,-0.0003653346485053171,-0.0011459167660739077,0.024243078290533748,0.009833976278500358,0.016631923089045552,0.0005343190298052786,-0.0047352427339101884,-0.007010029824464587,-0.0195216767231762,0.004025458129150807,-0.019507835556622846
cube,1000000,1000000,33025,33026,512,m12-2-1,2026-08-04T21:23:52,225315,0.00029351959080372805,-0.00020499675795104715,0.0003202699027837256,-0.005077176046028144,-0.0016481159291282744,-0.017418314498582874,0.014351423280095494,0.001796496556269565,-0.005905564697702877,-0.030821333613434986,0.00926270355440781,0.0032806794897590175
cube,1000000,1000000,33025,33026,512,m12-2-1,2026-08-04T21:23:52,226618,-0.00011209329221721775,-2.1474058674847666e-5,-0.00021049691655495223,0.00035134067310535277,-0.018636425149667683,0.014353805698973501,0.02014042042070882,-0.0034477499534013075,-0.02046824341822338,-0.012111407497999282,-0.01767865310959792,0.0030964092802961535
cube,1000000,1000000,33025,33026,512,m12-2-1,2026-08-04T21:23:52,233630,0.00074734560153214,0.000857724941957084,-0.0004801632997587818,-0.00023377702204057497,0.004486347565960483,-0.00960337722974529,-0.017012740023160743,-0.003927129023975068,0.01803578131240337,0.017590977331818844,-0.008485258172616295,0.0041609060460158125
cube,1000000,1000000,33025,33026,512,m12-2-1,2026-08-04T21:23:52,233756,-0.00046564776492076927,0.0005803618209505407,-4.127180167888799e-5,0.014617019610794158,0.030342367219997515,-0.000727154203797741,0.03149697502573586,-0.015539643912032256,-0.014451510959353297,-0.002767710099249751,-0.005799287904819727,0.0009226243012380177
cube,1000000,1000000,33025,33026,512,m12-2-1,2026-08-04T21:23:52,234225,0.0003141122948243474,0.0003740870114110143,-0.0007774981236171549,0.0035523466457462616,-0.0061172871910961536,0.0023698153393671684,-0.000781609807135334,0.005448275270564437,0.03149485488233211,-0.009214024462396183,-0.03954287428992936,-0.009000621916310654
cube,1000000,1000000,33025,33026,512,m12-2-1,2026-08-04T21:23:52,236970,-0.0010869775982938125,0.00045297876748349585,0.00011519717354248404,-0.011053710299904587,0.0024306618104625102,-0.015545464218211241,-0.009720014457249857,-0.0006570077108741433,-0.004021734287782124,0.012581640863880647,-0.007878558491404352,0.011710718010779424
cube,1000000,1000000,33025,33026,512,m12-2-1,2026-08-04T21:23:52,237059,-0.00019949879335510098,0.0004051377779933341,0.0005856747215579007,-0.011039308536640568,0.012469024549834043,-0.025335266299963063,0.010454241327512825,0.004848207573706982,-0.017698286662457055,0.013934809417608543,0.010608628272710963,0.006191100962932248
cube,1000000,1000000,33025,33026,512,m12-2-1,2026-08-04T21:23:52,237195,-0.00019664734332734433,-0.0011601236608553864,-0.0013167044807995676,-0.003248793321668141,0.015875077793888134,0.021581632796006646,-0.020933256566717854,0.006899164289340435,0.038134925287829594,-0.01587269968940583,0.00145419627510577,-0.0036503709676725983
cube,1000000,1000000,33025,33026,512,m12-2-1,2026-08-04T21:23:52,237837,0.00036884534557991226,-9.567332460088566e-5,0.0004282220594062625,-0.007985529771983836,-0.006832806695672192,0.04770606448898412,-0.015208151134238873,-0.001370727936894101,-0.025454030114839543,-0.005049707494186668,0.0023650949571209705,0.009356257708877273
cube,1000000,1000000,33025,33026,512,m12-2-1,2026-08-04T21:23:52,238862,4.217031779561773e-5,-0.00043519374202112055,0.0004429066139221174,0.012001785223296056,-0.04785289267590245,0.004066923890891134,0.026927022333986642,-0.0014649360123729761,-0.03178166273608185,-0.013095363629986624,0.011430194654548035,-0.01053684921092335
cube,1000000,1000000,33025,33026,512,m12-2-1,2026-08-04T21:23:52,242624,-0.0007314420426947454,-1.2010631245624558e-5,-0.0004628576557162056,0.002356259580268974,0.004632140826072139,0.006595116950932682,0.014772175234085867,0.020031956928138805,-0.031866349325054076,-0.008799134138236766,0.003471919549151172,-0.022388216508407433
cube,1000000,1000000,33025,33026,512,m12-2-1,2026-08-04T21:23:52,245174,4.121518743928113e-5,0.0001491682500313086,0.00017382017629925394,-0.005394687586497732,-0.025052316142307192,-0.018068649690038754,0.037546642767905175,0.009876842237107226,-0.010648202900071879,0.015034240507089135,-0.018127032645334898,-0.004482154650609299
cube,1000000,1000000,33025,33026,512,m12-2-1,2026-08-04T21:23:52,245286,0.00048122698364523977,0.00015476370519078807,0.0004657750396242343,0.016367829695854645,0.0379147666987404,-0.03518491207866764,0.01139780824164971,-0.014646227760327882,0.00620503310795592,0.01163641084708535,0.0012843532284775446,-0.0017216019355266845
cube,1000000,1000000,33025,33026,512,m12-2-1,2026-08-04T21:23:52,246592,0.0006540791310779607,-7.794988809387518e-5,5.215358586508156e-5,-0.0037844384521495866,-0.01458120106152767,0.009620025634832583,0.0016184788086570899,-0.0035423986357824883,-0.011466121379955722,-0.012861372063010522,-0.0005283988509356325,0.007326837087931764
cube,1000000,1000000,33025,33026,512,m12-2-1,2026-08-04T21:23:52,248749,0.0002147109170633699,-0.000655705897750798,-0.0003227195271672734,0.00034333159264776495,-0.009374006231451645,-0.018522824657693886,0.007642727742714796,-0.0048571185999221195,0.011503560142823619,-0.013251917309058272,0.007027753153221287,0.004513787007274425
cube,1000000,1000000,33025,33026,512,m12-2-1,2026-08-04T21:23:52,255066,-0.00033202059468528467,0.0004089550098294257,-0.0005207351983617824,0.011199512725884736,-0.0030825962727538767,-0.014892104873190043,-0.0021554681796276177,-0.019796192530944917,0.029494919658262463,0.00062091846215445,-0.0007882614894452468,0.008596679805058752
cube,1000000,1000000,33025,33026,512,m12-2-1,2026-08-04T21:23:52,255579,-0.0007857508865479616,0.0007308132907564228,-0.0008026182803294616,-0.00439320980635531,-0.015486262648336255,-7.193375081172889e-5,0.009445564971161207,0.009703938142127933,-0.009155614564643075,0.03778281358355381,-0.006281373442578367,-0.005310728335772796
cube,1000000,1000000,33025,33026,512,m12-2-1,2026-08-04T21:23:52,261674,-0.0006471313429703571,-0.0010840304931909097,0.0003861969222812856,-0.005103727148939605,0.008547776079915567,0.02241673570157803,-0.00953768386060074,-0.004146569417727992,0.037189962613777584,-0.01913401377794719,-0.010175346636594883,0.009250296566667655
cube,1000000,1000000,33025,33026,512,m12-2-1,2026-08-04T21:23:52,262071,-0.00045692855014946917,-0.001362300599082048,-0.00017035034289309913,-0.00954808112663026,0.017717111047536767,-0.02596461815540312,0.021503366345963146,0.011693571409549079,0.005291441647475501,0.02668546456801251,0.012787608872775766,-0.0021454902829178956
cube,1000000,1000000,33025,33026,512,m12-2-1,2026-08-04T21:23:52,262926,0.0006196530751046342,-3.4604429930703664e-5,0.0002779801438438671,0.00044387778265939836,-0.004194723017384156,-0.012703510887792932,0.010132215895006387,0.0021143573486981696,0.0032521174088242133,0.020618372278600403,0.005740340531125535,-0.0025582351313575328
cube,1000000,1000000,33025,33026,512,m12-2-1,2026-08-04T21:23:52,263125,0.001123492602683094,0.0004510936609218923,0.00026140791733671127,0.01568090177213858,-0.009550798158145843,-0.01223431612085059,0.0061237025760262145,-0.022692304370601216,-0.02377178912978596,-0.01766762394287107,0.009162225060845209,0.00701140259846279
cube,1000000,1000000,33025,33026,512,m12-2-1,2026-08-04T21:23:52,263581,0.0004240463383514922,-0.0005001881200317234,0.0012046657528206296,-0.010573242997984657,-0.002672247745809308,0.01182166899409672,-0.007402228461091491,0.02390831521907615,-0.005222167350454534,0.009750582806817525,0.01389535777124251,-0.013335072221092705
cube,1000000,1000000,33025,33026,512,m12-2-1,2026-08-04T21:23:52,263798,-0.0001958621836258983,-0.0007282832084893543,-0.0003169376470887844,0.019779398625269517,0.0014861293238826072,-0.014511776038402003,-0.002237105436033604,0.011122320566865828,-0.009976006452544567,-0.01537481878385743,0.01968790821747228,-0.030901719192136492
cube,1000000,1000000,33025,33026,512,m12-2-1,2026-08-04T21:23:52,266993,-2.905538296412737e-5,-0.0006478232871346929,2.266670862994905e-5,0.011407717083650622,-0.03353571257291369,-0.019764085583934998,0.008341393389105216,-0.030709984746087264,0.008892330637778618,-0.007076581763835417,-0.002124536085677374,0.01930226766243632
cube,1000000,1000000,33025,33026,512,m12-2-1,2026-08-04T21:23:52,268128,-2.038615428290464e-5,0.00029581643098595863,0.0007094675317387361,-0.03541855635759685,-0.01306634710671328,0.004176969001491137,0.018105536039048596,0.02847044637935045,0.008785136792047019,0.007460665341321119,-0.0015778176504082759,0.006948109978246406
cube,1000000,1000000,33025,33026,512,m12-2-1,2026-08-04T21:23:52,269724,0.0004340307466584274,0.0001893741077898071,-0.0008946282877782351,0.002611874112236528,-0.021181966583735678,-0.02072068010960224,0.010184276498597593,-0.011024162037998882,-0.01899534903893982,0.029971227986078493,-0.003909931748984972,0.008412287925762586
cube,1000000,1000000,33025,33026,512,m12-2-1,2026-08-04T21:23:52,271636,-0.0008091819609611576,0.0006958010559707385,5.6246036090353027e-5,0.003239963512839293,0.018474699747211918,0.007606605968032614,0.040029177246202,-0.007805234086372747,0.030968845903265645,0.029073148331877047,-0.026036541676399384,0.004565270573534341
cube,1000000,1000000,33025,33026,512,m12-2-1,2026-08-04T21:23:52,273087,-0.00022333660498932684,-0.00039501566845967544,0.0006538957261752737,0.014091828641520704,-0.013383866363842378,-0.0282544859166725,0.03758215671564463,0.006287672017835757,0.01610779560767406,0.0262113666281991,-0.02340382987561387,-0.020379500659357487
cube,1000000,1000000,33025,33026,512,m12-2-1,2026-08-04T21:23:52,275845,-0.0002559119195768058,0.0003576569246076893,0.00016583464648546776,0.006250770618939749,-0.002006910722334758,-0.02389758388052923,0.011189456970191728,-0.001660308799577799,-0.01967205145127349,0.008932288459954663,0.02133346871118944,-0.004590461819361293
cube,1000000,1000000,33025,33026,512,m12-2-1,2026-08-04T21:23:52,281956,-0.0007137678789464996,-0.00048710276817739794,-0.00046713454626163805,0.009629265767311249,0.022167467899017336,0.005559672659652898,-0.012861024583989515,0.0008870492464786246,-0.024147800070942454,0.012897382642485512,0.014164388190240473,-0.010516315013789438
cube,1000000,1000000,33025,33026,512,m12-2-1,2026-08-04T21:23:52,283545,5.740742782802939e-5,4.249432497997379e-5,-8.215235593953624e-5,-0.005811964928410134,-0.01226986190595745,0.012790229220166285,0.021922917381157002,0.003288142768981313,-0.021772742104722645,-0.006694694455317168,-0.01504541993738658,0.002523822159428844
cube,1000000,1000000,33025,33026,512,m12-2-1,2026-08-04T21:23:52,284802,-0.0004025524396705877,0.0002691333244360762,0.0002567196324706997,0.0024853039424874925,-0.010217442919381727,0.008600497403842885,-0.043934067904092024,0.010778973038916007,-0.015282592656287291,0.0037857987297577516,0.013117854869905098,-0.013264276981403167
cube,1000000,1000000,33025,33026,512,m12-2-1,2026-08-04T21:23:52,284904,-0.0006643884350065623,-9.594879472795526e-5,-0.0002932382581576177,0.0020939432606631244,-0.0031302918845422753,-0.006411033224413475,0.009454422457099368,-0.009102947035084115,-0.022180727567100763,0.013391546804453626,0.025635011264936815,0.0070090037744202005
cube,1000000,1000000,33025,33026,512,m12-2-1,2026-08-04T21:23:52,285688,-0.0006159048913529059,-5.843016611367883e-5,0.0005009022649589292,-0.013787291023949108,0.0029263170829140674,0.009566419297085802,-0.019393631163631884,0.018531749032655427,0.0207117849708492,0.017981622453477935,-0.022291384755137537,-0.004744458008705471
cube,1000000,1000000,33025,33026,512,m12-2-1,2026-08-04T21:23:52,287734,-0.0015247192842159293,0.00013384318522807073,0.0004133290679830488,-0.006617030840748653,-0.003296030113154469,0.011987308910829327,0.02039017334358698,0.013771929403550065,0.0021794762527154927,0.014034065034208733,-0.0039835388204034275,-0.007154898562801297
cube,1000000,1000000,33025,33026,512,m12-2-1,2026-08-04T21:23:52,289070,-0.0005410920092615222,0.0013820380591473662,-0.0007470229378403048,-0.004953908247059022,0.0035583793955278964,-0.008455194324708145,-0.018324785561144065,-0.009840504739327162,0.00418068265312926,-0.005335695377606672,-0.03216782020042405,0.014794412986386807
cube,1000000,1000000,33025,33026,512,m12-2-1,2026-08-04T21:23:52,290847,4.003623579272735e-5,0.0006682854113745349,9.856686341649309e-5,-0.008400594424134912,-0.0008015792254542818,-0.012083038339160877,0.006639189259695574,-0.0011678906515029137,0.0026879606061827976,0.005678491130589503,0.008939840975982681,0.009568485075637748
cube,1000000,1000000,33025,33026,512,m12-2-1,2026-08-04T21:23:52,291471,-0.0003712910772842882,-0.0006836140593127816,0.0005010663658015625,0.011642646818807511,-0.013814836120494752,-0.007264943816986431,0.0026585327865947445,-0.013645740323226869,0.024421848006439303,-0.008479032395699795,0.003665261475554504,0.002003093504419488
cube,1000000,1000000,33025,33026,512,m12-2-1,2026-08-04T21:23:52,293438,0.0011080885706652283,0.00010528554584887247,0.0008315545490904095,-0.009490743716053796,7.563637537407447e-5,-0.010735810122924936,-0.021723745444974144,-0.00032164628919326653,-0.015196421721068816,0.0193920232509426,0.0076868291754064915,0.009812390005246804
cube,1000000,1000000,33025,33026,512,m12-2-1,2026-08-04T21:23:52,293827,-0.0018988848286505707,0.0009846334029659388,9.674940019910433e-5,-0.018119998102510224,0.00797597031668118,0.014895276611463166,0.0027638846877122932,0.025320238984898037,0.0004119775161823322,-0.0030569365628456057,-0.007771454037901768,-0.007200240882387649
cube,1000000,1000000,33025,33026,512,m12-2-1,2026-08-04T21:23:52,298553,0.00019811916152195422,0.00011701516424087351,-0.0006752505982146115,0.0010460703819098467,-0.026373349621585312,0.00696618656038515,0.0007950608188994494,0.018419376594795846,0.013207202566986355,0.00780062188918343,0.004230172822488707,-0.019465446976704985
cube,1000000,1000000,33025,33026,512,m12-2-1,2026-08-04T21:23:52,299975,-0.0007995757136204068,-0.0007067031266956614,-0.00028685635133390586,-0.008643097771770462,0.020336986147648468,0.015390834669616401,-0.011210660154110373,0.014276791416965466,-0.013810642473590637,-0.02148423309581844,-0.005327997915795981,-0.005633693645195688
cube,1000000,1000000,33025,33026,512,m12-2-1,2026-08-04T21:23:52,302542,-0.00014305330027407096,-0.0006567345531576455,-1.3273663909525532e-5,-0.01901304754374566,0.005139974459562237,0.02389407015660271,0.00710054043423642,0.01280218827912139,-0.030313051546136914,-0.01904611225815104,0.004440340406502543,0.006210859264624929
cube,1000000,1000000,33025,33026,512,m12-2-1,2026-08-04T21:23:52,303292,0.00032455048208932284,-0.000486858438913483,0.0006026087525748327,-0.002624380813049183,0.01018078963922078,0.007444306444652861,-0.021962055021503554,-0.0043590912610880885,-0.012145630030944606,-0.016260114224347057,0.02234197717165421,0.006983472074137761
cube,1000000,1000000,33025,33026,512,m12-2-1,2026-08-04T21:23:52,306275,-2.2718574208045646e-5,-0.0008368062116031176,0.000198882986307349,0.00905976731261606,-0.01502162511284135,0.0056960737557849575,0.0020618752205117797,0.002399433582373134,-0.0020100329866411886,-0.003325324158758885,0.005467598149317668,-0.011459200894987424
cube,1000000,1000000,33025,33026,512,m12-2-1,2026-08-04T21:23:52,306416,-0.0002467664996388695,0.0002600071015925808,-0.0008740230050905003,0.01874880988017829,0.011226146077778412,-0.028967497275974346,0.0017067573452404447,-0.005721000174192281,0.004368487501929836,0.05559814789930943,0.011942398211710217,-0.013027809705986049
cube,1000000,1000000,33025,33026,512,m12-2-1,2026-08-04T21:23:52,306447,0.00017958876730895978,7.757944641254574e-6,-0.0009857219381408245,0.001825359690164036,0.002552542337750107,0.01501740833691816,0.012044998428875247,-0.009883352126112086,-0.010184522225754639,0.0030459673929456523,0.025793125596781895,0.008057992435948015
cube,1000000,1000000,33025,33026,512,m12-2-1,2026-08-04T21:23:52,309708,-0.0005730198373798212,0.0007787363942207555,0.00027292427943624776,0.002536500742784589,0.0035238321167940173,0.003553407050547758,0.009415016254981902,-8.863172594023834e-5,0.002265210144076754,0.018471570716814364,0.034404938839774385,-0.0024478690168441403
cube,1000000,1000000,33025,33026,512,m12-2-1,2026-08-04T21:23:52,311191,0.00019226019459696995,0.0004793708352999187,0.0008974603072117761,0.0017209405475722812,-0.014686875828133496,-0.016965003129466645,0.019667715498750894,0.0005197734492183115,-0.010640454057706054,-0.018887145361245215,0.003687523948439414,-0.002240713996789989
cube,1000000,1000000,33025,33026,512,m12-2-1,2026-08-04T21:23:52,311628,-0.0011417427614503369,0.0003179424228604797,-0.00016685994289299913,-0.01073934925904914,0.03855314523738949,-0.01007359603887875,-0.004240376976739054,-0.00039080163789506845,-0.001715762060651783,0.023366783887825763,-0.01684727360623313,0.011130150896944389
cube,1000000,1000000,33025,33026,512,m12-2-1,2026-08-04T21:23:52,312133,-9.852974836342453e-5,0.00023372778337325156,0.00023824771784176183,0.007883285425221478,-0.016116430592445927,0.007233424166033033,0.008175604047384204,0.0022969238256751083,0.028268994595809227,0.0048073432722860006,-0.027350532865354896,-0.010180209250896289
cube,1000000,1000000,33025,33026,512,m12-2-1,2026-08-04T21:23:52,314222,-2.6068381221624664e-5,-2.6259591237954736e-6,0.00018678204350353305,0.014043851550010734,-0.01083436874689512,0.018143519962580436,0.010407903678206423,-0.023102884676813325,-0.008446756471179056,-0.009201914950675197,0.00023160913913361836,0.009059033126802186
cube,1000000,1000000,33025,33026,512,m12-2-1,2026-08-04T21:23:52,314362,-0.001168806277126225,0.00018250047804294805,0.00021217193972928472,0.00038875973763638624,0.011159041892981012,-0.017132680218085637,-0.012469095497621464,-0.005540506861221693,-0.011446364290491546,0.021642242870664716,-0.005430864301466467,0.005151747123585323
cube,1000000,1000000,33025,33026,512,m12-2-1,2026-08-04T21:23:52,315823,-0.000809527573362918,0.00020721381671931193,-0.0008239006712206965,0.0019097500705392409,0.00410251362939303,0.01484720530321025,0.0014043922226003908,-0.005369162469941731,0.004723462581046014,-0.0187651692837312,-0.03581269378562248,0.003459412399402617
cube,1000000,1000000,33025,33026,512,m12-2-1,2026-08-04T21:23:52,318056,0.00011280997237896275,-0.0005632741211935485,0.00037415048144376784,0.006241402209028067,0.007102585045430275,-0.011543155596367897,-0.014068372803686323,-0.0018985819161165996,0.004393794572031113,0.03591349122992571,-0.01448439391849806,-0.004342820292911268
cube,1000000,1000000,33025,33026,512,m12-2-1,2026-08-04T21:23:52,320284,0.00114957138863362,-0.00040709767343644076,0.00043801769432518726,0.00716748609799046,-0.001476095864174798,0.006610423425090635,-0.006433591737501775,0.03515289892170806,0.00516742213595307,-0.0011317125011095948,-0.02876152338957929,-0.04232038501969724
cube,1000000,1000000,33025,33026,512,m12-2-1,2026-08-04T21:23:52,322230,-0.0005054324703882004,-0.0007042013026079,-0.00023135190463935851,-0.002491187646790332,0.011972564761661302,0.0040140075351826595,-0.0032987442239669302,0.011207319354727715,-0.006778343014423383,-0.02633989938523532,0.006918686926862366,-0.008716131707937664
cube,1000000,1000000,33025,33026,512,m12-2-1,2026-08-04T21:23:52,325246,-0.0017006699315646199,-0.0001006083808470965,-0.00012725027589439146,-0.008703626424059387,0.023751441641511592,-0.011210801366399056,-0.015836943088042513,0.006906843354056763,-0.010461658093063587,-0.010065001544196752,0.024320290831928142,0.0017967830700041049
cube,1000000,1000000,33025,33026,512,m12-2-1,2026-08-04T21:23:52,326455,-1.979381045553012e-6,0.000658451583993503,-0.0009114706044062108,0.009180842935622695,-0.029798060831953615,-0.03314536981006103,0.0001705007705575916,0.010130550193530609,-0.0018841857938127515,0.02182671274494871,0.0018076450851355747,-0.01931139312915358
cube,1000000,1000000,33025,33026,512,m12-2-1,2026-08-04T21:23:52,331445,-0.0002527479467109453,-0.0004970967835170768,-0.0006162770211251202,0.012260117053144729,0.0016084787208304147,0.02896836614786577,-0.002594708633068228,-0.009889330139359016,-0.024553804435427495,-0.008098400712456268,0.012826589912830222,-0.002370786913785781
cube,1000000,1000000,33025,33026,512,m12-2-1,2026-08-04T21:23:52,335877,-0.0008190832050535755,0.00021985969635179988,0.0006256457552362514,0.016021855279631972,-0.005661988983635565,0.004625457686029715,0.0021447467343213393,-0.003315973841468028,0.018761932204743578,-0.00700832488113965,0.004889987894138243,-0.012705881438163728
cube,1000000,1000000,33025,33026,512,m12-2-1,2026-08-04T21:23:52,340995,-0.0009996828211873393,0.00030746413546914954,-0.0005865288538449116,0.0027737252562406983,0.007459580689400881,0.0005260667732281806,-0.007742473446438818,0.0027994507858308273,-0.008835374960575848,-0.0024471834464466235,-0.006569595428311558,-0.005573176042071474
cube,1000000,1000000,33025,33026,512,m12-2-1,2026-08-04T21:23:52,342370,-0.0001335056932528012,-8.52426564690951e-5,-0.001270960173088258,0.0031352257142208675,-0.004960740944888884,0.03286993340033746,-0.006154835422158428,0.006663555734155365,0.023928684130861574,-0.0029010344022181935,-0.0018881927302552503,-0.009798781448377173
cube,1000000,1000000,33025,33026,512,m12-2-1,2026-08-04T21:23:52,344196,4.599956277216764e-5,-0.0002520570534759029,-0.00030233800204173563,0.0207521303681712,-0.001774342218247014,0.017539352170787427,-0.007751972572223449,0.002026941094578079,0.005380470963929425,0.008448526743176758,-0.00047727815956621054,-0.022779071462748456
cube,1000000,1000000,33025,33026,512,m12-2-1,2026-08-04T21:23:52,344982,2.7766926905541285e-5,0.0006250920815688823,-0.00017099700541722265,0.01336442270712694,-0.009640115380754433,-0.006304729671199243,-0.026758646547965108,-0.007659371046356135,-0.010733320502427552,0.009616593093250234,0.007636075346134414,-0.005705051660771376
cube,1000000,1000000,33025,33026,512,m12-2-1,2026-08-04T21:23:52,345264,0.00039069773610463267,-0.000533077908660482,0.0005455097238969637,-0.017873926631020727,0.007782152483141338,0.0028387978709787506,-0.025602916558250106,0.009520785808788382,0.028860148456412976,-0.015504603936759839,0.001278789648935946,0.008353140822233356
cube,1000000,1000000,33025,33026,512,m12-2-1,2026-08-04T21:23:52,345610,0.0007432486038290314,0.0002623635505452582,0.0005294738297767623,-0.0005838732771103202,0.0018824435822715727,-0.013498968878160756,0.002539647526687092,0.0028950782558307153,-0.010818445853469305,0.01865760994923415,-0.010408929620975718,-0.0023112049787206127
cube,1000000,1000000,33025,33026,512,m12-2-1,2026-08-04T21:23:52,347024,-0.0004135642028991813,0.0007051715095322327,3.343117991903928e-5,-0.008810726654457306,0.012719376721372775,-0.008388120133837655,0.0014987772796117747,0.008730042410068499,-0.0104215471175345,0.008429937822896682,0.009885235000233248,8.068424438903154e-5
cube,1000000,1000000,33025,33026,512,m12-2-1,2026-08-04T21:23:52,348857,-0.00030247510356979946,-0.00045598806952149603,0.0003269179064465753,0.006051120752165996,0.01042529318923812,0.00048316876801790597,-0.01621362807132959,-0.00917844878159784,-0.005729220781851795,0.004131857154209014,0.02489432365490953,0.003127328029432676
cube,1000000,1000000,33025,33026,512,m12-2-1,2026-08-04T21:23:52,349287,0.000363135203271323,1.3296966249485415e-5,9.985878257565371e-5,-0.00898168971729446,0.0034746221679617445,0.03164884881318438,-0.010083024942266008,-0.007302659743115873,0.006872272451470769,-0.008584910599626353,-0.0017216135952322523,0.016284349460410415
cube,1000000,1000000,33025,33026,512,m12-2-1,2026-08-04T21:23:52,350251,-0.0007762585799084753,-0.0010237560965642189,0.0006378464912021265,-0.017626516049227676,-0.001442835589543162,-0.02123492956928012,0.0033723731706550458,0.018504250883900984,0.025954116284582638,0.007933387319962413,-0.009635478498945131,-0.0008777348346731708
cube,1000000,1000000,33025,33026,512,m12-2-1,2026-08-04T21:23:52,352586,-0.0001445144091000593,0.000592788382426408,0.0007875202413434775,0.005352174682919714,0.025361536267094354,-0.01566260757974347,0.0050997863650905,0.014406166393426451,0.01994915536565931,-0.007112446524866862,-0.00037190926091323093,-0.019758341076347344
cube,1000000,1000000,33025,33026,512,m12-2-1,2026-08-04T21:23:52,355117,0.0002513167748081703,5.643854503174511e-6,-0.0008179298017828809,-0.0013448685752329957,-0.007355728427250059,-0.0343539643937019,-0.01743100709862725,-0.005780584491762553,-0.02337028150256392,-0.00362579297824173,0.012905815767202452,0.007125453066995455
cube,1000000,1000000,33025,33026,512,m12-2-1,2026-08-04T21:23:52,357864,-0.00023262081467139274,-0.00034852002348015294,-0.0005958121600775078,-0.004909970055916311,0.008657561667888707,0.005825588461219351,-0.017724599073859693,0.005918532836098894,0.015473381907710528,0.006297853837781853,-0.027009963277125595,-0.0010085627801828389
cube,1000000,1000000,33025,33026,512,m12-2-1,2026-08-04T21:23:52,361956,-0.0006179567303743795,-0.0003969012118719923,-0.0005778838958244417,0.004440941816201704,0.03622273859786773,-0.006999686594010407,-0.00446774320475712,-0.010346924571415107,-0.0034505633176916684,-0.03751902570066049,-0.0006397148805737046,0.005905982755213172
cube,1000000,1000000,33025,33026,512,m12-2-1,2026-08-04T21:23:52,366334,-7.185232626029816e-5,-0.00012042505161384548,0.0006497518048207765,-0.007592764202901689,-0.010707473949144739,0.024298435589996847,0.019283830995880373,0.013097748514729066,0.004706942740275759,0.0033597186029927545,-0.007999913185805887,-0.005504984311827011
cube,1000000,1000000,33025,33026,512,m12-2-1,2026-08-04T21:23:52,371090,-0.000635477874992383,0.0004577972999259787,-0.0004173409505162609,0.003597412920163537,0.030087462985190817,0.018284885033665616,-0.01201206180404672,0.0014406849407227322,0.003508846800776764,-0.011727666723726295,0.01070137854766044,-0.005038097860886337
cube,1000000,1000000,33025,33026,512,m12-2-1,2026-08-04T21:23:52,373903,-0.00126404682374605,-0.0009346192473347019,0.0002397971560359554,0.009461576069363084,-0.003502590285982674,0.002365069569815907,-0.0063308350008198745,-0.015206545065441902,-0.002279789655547194,-0.0008850982988341163,0.004310902235228568,0.005744968996079072
cube,1000000,1000000,33025,33026,512,m12-2-1,2026-08-04T21:23:52,374637,9.916827647783508e-5,0.0005954705332166015,-0.0010957803365226274,0.014829631443203527,0.0025496635596655402,-0.003148500533423657,0.0029385374578235015,-0.02137957018771069,0.006749362247700692,0.004779938179758477,-0.027230016310596274,0.006549938744507057
cube,1000000,1000000,33025,33026,512,m12-2-1,2026-08-04T21:23:52,375415,-0.0003020720515673564,-0.0010015114429491002,-0.00018644935118992183,0.01200795734179009,-0.001845882694971039,-0.029371363923024925,0.008923528167295273,-0.016102397471801762,0.007259530094822151,-0.01328790978185585,0.014654342568117443,0.004094440130010536
cube,1000000,1000000,33025,33026,512,m12-2-1,2026-08-04T21:23:52,377639,0.00011028049905877882,-0.00025755112559226664,-0.0002785572967067047,-0.0027843114796506562,0.02742599108671906,-0.01040507633880592,-0.02582453395359104,-0.007144046233431187,-0.04312024505569543,-0.010993619426036941,-0.0026314281088182243,0.009928357713082033
cube,1000000,1000000,33025,33026,512,m12-2-1,2026-08-04T21:23:52,377859,0.0002505986663587355,-0.0007424696195483784,0.00012990868863373896,0.004304420589383534,0.018770008826781776,0.018272976819177403,-0.009975020758151766,0.0018880323155021977,-0.05149504425042963,-0.002442826219172283,0.039247190643322064,-0.006192452904885656
cube,1000000,1000000,33025,33026,512,m12-2-1,2026-08-04T21:23:52,379297,0.0005164336867389045,0.00027123165608998473,-6.013881727481895e-5,0.024998945227657703,-0.01656043163405362,-0.002492398991709798,0.013618819169526597,0.0003645271878033844,-0.014338299755746527,0.025238334589828187,0.014743508059985711,-0.025363472415461184
cube,1000000,1000000,33025,33026,512,m12-2-1,2026-08-04T21:23:52,381828,0.0007109575867144611,-0.0007143343694657807,-0.0001645750103642482,-0.022218178991573276,-0.034567030742035404,0.0027674916743837185,-0.003210240286298447,0.007725707255907435,-0.010875139052000781,0.03037413573287341,0.018079606977948068,0.0144924717356658
cube,1000000,1000000,33025,33026,512,m12-2-1,2026-08-04T21:23:52,382744,0.00011311406739309324,0.0009819845759619346,-3.2641559608411085e-5,0.0014950321734653416,0.02422311180193979,-0.016516185874192128,-0.003770996595320508,-0.013045093229929272,-0.0034443576934985233,0.008259418094048286,0.0009960634130642678,0.011550061056463733
cube,1000000,1000000,33025,33026,512,m12-2-1,2026-08-04T21:23:52,382994,-0.0001095637657836749,-0.001059123079654261,3.371930897119866e-5,0.02285949347896269,-0.0023867360124854866,0.0008285960771895868,-0.00840008841996829,-0.023407787973137795,0.007247879443561471,-0.02834541032210102,0.009766192799120377,0.0005482944941748141
cube,1000000,1000000,33025,33026,512,m12-2-1,2026-08-04T21:23:52,384911,0.00112992928830703,-0.00012343585065695994,0.00038659885825842086,-0.032813646623102995,0.01682270039804099,-0.002738320624793102,-0.01547523090183944,0.011213451555117998,-0.008192773865885022,0.017475819573516325,0.008500490750859409,0.02160019506798403
cube,1000000,1000000,33025,33026,512,m12-2-1,2026-08-04T21:23:52,385760,-0.001136360689027096,8.156241423721388e-5,4.035016727639605e-5,-0.008506424739747002,0.028942803607690342,0.017874035176680566,0.018057751010898324,0.01867924905682536,-0.019584739633145512,-0.020272265840119093,-0.012623725001165483,-0.010172824317077589
cube,1000000,1000000,33025,33026,512,m12-2-1,2026-08-04T21:23:52,387665,0.0006747687038062137,0.00051726360068858,0.00011780808647958903,0.012750325209594352,-0.008318230239352025,0.006896048117768093,0.01062832519971049,-0.00957100203405413,0.017891913470479463,0.0003733328643830716,0.007859875537828662,-0.003179323175540381
cube,1000000,1000000,33025,33026,512,m12-2-1,2026-08-04T21:23:52,391885,0.00017153529755184281,-0.0005604217743013615,-0.00011025524002302485,-0.011100909547334928,-0.015822979545452337,-0.011046291668276868,-0.03150976852670671,0.004276383838495678,-0.01137942467395745,-0.015201462015821626,0.0020630718572290877,0.00682452570883922
cube,1000000,1000000,33025,33026,512,m12-2-1,2026-08-04T21:23:52,396388,-0.00022277318207512326,0.00026293359510900046,0.0001760881704061343,-0.006965730622448004,0.007044007727800092,-0.008490892676579171,-0.007468769970454674,-0.00427860090101001,-0.008526451715085984,-0.019647139920957776,0.01492426017058661,0.011244331523458275
cube,1000000,1000000,33025,33026,512,m12-2-1,2026-08-04T21:23:52,398806,-0.0008879640689588516,-0.00048542334523479037,5.2131440426908024e-5,0.009692727097487055,-0.00439258189984468,0.020074800754009265,-0.007258589572365054,-0.016760312774477367,-0.0030102051724573277,-0.004754424774203054,-0.02691945417342744,0.007067585676990129
cube,1000000,1000000,33025,33026,512,m12-2-1,2026-08-04T21:23:52,398865,-0.00010559300472356365,5.634651591873901e-5,-0.00012223604096467012,-0.0011934475583048414,-0.008137414292695712,-0.00012030415714511088,-0.012155499095581787,0.009614713397963218,0.03741948061675311,0.014929675956576165,-0.00808983036077663,-0.008421265839657908
cube,1000000,1000000,33025,33026,512,m12-2-1,2026-08-04T21:23:52,399694,-0.0007168516911070181,-0.00012698606426080883,7.203159752975193e-5,-0.010896430770114051,-0.011204344465784168,0.02557430613967302,0.0035092399967855707,-0.00048035145770993805,-0.00578297148154717,-0.004382432132839422,-0.017218191072186893,0.01137678222782362
cube,1000000,1000000,33025,33026,512,m12-2-1,2026-08-04T21:23:52,400423,8.8145180781515e-5,0.0005758290289171526,0.0008217656021066894,0.015129551579590306,-0.02129288603728787,0.010563381742221944,-0.027033592197598943,-0.0034669825588855827,0.0071793836928627595,-0.010554965101551185,0.0016246559130474122,-0.011662569020703962
cube,1000000,1000000,33025,33026,512,m12-2-1,2026-08-04T21:23:52,403045,-0.0008023858407761292,-0.0012502394943227219,-0.00010660398811316854,0.00048711536951430624,-0.00743729639427419,0.011643389905730165,-0.0022191444272176785,-0.010565110476046566,-0.012153000737458092,0.003011966110455842,0.020514149615846695,0.010077995106532333
cube,1000000,1000000,33025,33026,512,m12-2-1,2026-08-04T21:23:52,404161,9.932128394514893e-5,-0.002224483841476238,-6.277065458554047e-6,-0.01402019542798737,0.010202121560598697,0.005269119553472006,0.004959475857011736,0.008389519062397488,-0.008895793204249058,-0.004879095346549414,-0.00485187160247362,0.0056306763655909736
cube,1000000,1000000,33025,33026,512,m12-2-1,2026-08-04T21:23:52,405640,0.0014476763345410769,-0.0006255354256853942,5.856535069316383e-5,-0.012779399858428655,0.015219514354078,0.012580647536518991,0.00665377739450829,0.021308482471883827,0.004163430485673966,-0.0011753822962031625,-0.020652504213513424,-0.008529082613455865
cube,1000000,1000000,33025,33026,512,m12-2-1,2026-08-04T21:23:52,406466,0.00017443532884743097,9.823942288896723e-5,-0.0003264149663628211,0.0021566718876820995,-0.01796516066486698,-0.005292743903083587,0.02029262099954436,-0.0023832538072031334,0.009557668468113326,0.0024401103893975135,0.008846702496597338,0.0002265819195209301
cube,1000000,1000000,33025,33026,512,m12-2-1,2026-08-04T21:23:52,406851,-0.0011204768768194185,-7.109504954462246e-5,0.00046796971264957915,0.019778574879268512,0.009647983300573142,0.015369581956256614,-0.0007768594611689782,-0.017858170631541322,-0.02570597951327631,-0.0040284845151652955,-0.026335483793084955,-0.0019204042477276148
cube,1000000,1000000,33025,33026,512,m12-2-1,2026-08-04T21:23:52,407543,0.0003441535768971581,0.001409874592667906,0.00010189870395012927,-0.008744093838618771,-0.010280647257874937,-0.032725920085942516,0.005450861839303022,0.001443511333739442,0.008893630404316748,-0.009539430437738198,0.007947703060508146,0.007300582504879782
cube,1000000,1000000,33025,33026,512,m12-2-1,2026-08-04T21:23:52,409780,0.001015536041930512,-0.0006335762978194554,-0.00014175104841441881,0.014374027727548895,-0.00038496603210206096,0.005285175152733519,-0.02422328684547265,0.0029356439003014735,-0.001194011190932314,-0.0385496415668147,-0.007833688489787109,-0.017309671627851048
cube,1000000,1000000,33025,33026,512,m12-2-1,2026-08-04T21:23:52,411600,-0.0005335780286720102,0.00011963682297338652,-0.0002682398976744899,-0.012530492832016826,-0.014098935311114889,-0.043849124143243004,-0.002029035442403243,0.0011181456001211573,-0.03222688364452632,0.006613415697107899,0.009226036970890935,0.011412347231895133
cube,1000000,1000000,33025,33026,512,m12-2-1,2026-08-04T21:23:52,416873,-0.00010549933888889755,0.00018517205243470775,0.0002060998220799912,-0.0019755178163295907,-0.015071122153528314,0.0067006847635047734,0.0031292335611819203,0.0015066679114094457,0.0011061937519805738,-0.010060306701700595,0.0008898528141880441,0.0004688499049203812
cube,1000000,1000000,33025,33026,512,m12-2-1,2026-08-04T21:23:52,420066,0.0005374884949699323,0.000735298355383164,0.0004646983202401658,0.007148238257668753,0.003712046894331348,0.025064870025409296,0.008441590669514346,-0.00033388092614701953,0.0080001429327696,-0.0011936710491885745,-0.000282228279824719,-0.0068143573315215915
cube,1000000,1000000,33025,33026,512,m12-2-1,2026-08-04T21:23:52,420714,0.0007929774534977204,0.0005489095105377714,0.0001398373916100026,-0.012242689897330763,0.016009538266520802,0.005351961698738733,0.021416945628584316,0.03099691866530587,0.0028835053615126494,-0.0033948265524614838,-0.032908127909588386,-0.018754228767973478
cube,1000000,1000000,33025,33026,512,m12-2-1,2026-08-04T21:23:52,421041,-2.3359144963979407e-5,3.6271352700116846e-5,0.00041387373477798416,-0.01506796961730651,0.0004376290108947041,0.011986424098882361,-0.015484785280172135,0.009445776473699154,-0.005922151526589612,-0.021729894231126364,0.011915527795991122,0.005622193143607199
cube,1000000,1000000,33025,33026,512,m12-2-1,2026-08-04T21:23:52,422614,0.0006341316947194536,4.2261054587902816e-5,-5.3732532047285365e-5,0.0035806425133181104,-0.012606206222522958,0.006594930190680369,0.010285723990454547,-0.0025238207177337773,0.02011003374833701,0.009130720489514878,-0.011339809538170521,-0.0010568217955840894
cube,1000000,1000000,33025,33026,512,m12-2-1,2026-08-04T21:23:52,423005,0.0004925776256636569,0.0003310796383096375,-0.0003418431768657414,-0.012741904326191303,0.013125685626467678,-0.0036733236200761537,0.021106658000217965,0.003205224210806174,0.01093713170534735,-0.001944772270084667,-0.00795823111477966,0.009536680115384909
cube,1000000,1000000,33025,33026,512,m12-2-1,2026-08-04T21:23:52,423012,-0.000642778920064737,0.00021165138198430357,-0.0004338840897252488,-0.005008964652926939,0.008123320102909148,-0.0016465223437975899,0.01635792937641635,-0.0020132822958169217,-0.015424340339998217,-0.004444724787758652,-0.020134687197307856,0.007022246948744116
cube,1000000,1000000,33025,33026,512,m12-2-1,2026-08-04T21:23:52,424118,0.0008392408036675535,0.0005509816497843137,-0.000191437159800213,-0.00016884204991264796,0.004685917870491369,-0.020644887539378487,0.010590541154908229,-0.009740306932803772,0.010126509312762,0.008310185708971443,-0.016649804704658745,0.009909148982716004
cube,1000000,1000000,33025,33026,512,m12-2-1,2026-08-04T21:23:52,427716,-0.0003953211642839027,-0.0010491641769989459,0.000588407346467513,-0.0016633049169717446,-0.004084798275523555,0.02661219173988666,0.010951433961748845,0.01633510852718628,-0.001339246872414877,-0.0012111928472600389,0.023361320019327843,-0.01467180361021396
cube,1000000,1000000,33025,33026,512,m12-2-1,2026-08-04T21:23:52,427991,0.00047559506524957293,-0.000256965023523356,0.0006056423437752728,0.01416754966089071,0.008348580957875888,0.0167076744653502,0.032823572688145626,-0.00696394028428614,0.016423604673581574,-0.017201825852120135,-0.02315602891402251,-0.00720360937660362
cube,1000000,1000000,33025,33026,512,m12-2-1,2026-08-04T21:23:52,428377,-0.0003479635420186219,0.0017546664297022436,-6.942176813573183e-5,-0.0004384347493975912,0.0033501665942154077,-0.003279341906558711,-0.022801359000938718,0.0013705130265247807,-0.00943210780289902,-0.0034128197186958933,0.020198281839605804,-0.0009320782771273258
cube,1000000,1000000,33025,33026,512,m12-2-1,2026-08-04T21:23:52,432497,0.00026732926101168613,-0.0005516223341258441,0.0005032790759492053,0.005842759539425121,0.028670114338884146,0.004498395949266799,-0.021722690756220863,-0.0013774256311357284,0.008631465333347297,-0.006352986574361895,-0.020600214667861372,-0.004465333908288384
cube,1000000,1000000,33025,33026,512,m12-2-1,2026-08-04T21:23:52,435632,-0.0002660070027487804,-5.030142486122201e-5,2.900264323903834e-5,0.009344700169497186,0.0059547427221771825,0.00447570386031725,-0.012972759681327122,-0.001087684038881532,-0.03845158164966986,-0.006132457241201308,-0.00815894105301146,-0.008257016130614806
cube,1000000,1000000,33025,33026,512,m12-2-1,2026-08-04T21:23:52,436655,-0.00048674643981605275,-2.2232241990048598e-5,0.0005285701082296743,0.004326974583645235,0.0048255371253418675,0.02692948603527979,0.00677470760630084,-0.008073458761165705,0.0024983179611797945,-0.017712882088594548,-0.0010663148541404373,0.0037464841775203413
cube,1000000,1000000,33025,33026,512,m12-2-1,2026-08-04T21:23:52,438843,0.00042075222344339826,-0.00022932382215521565,-0.0007894749831834858,-0.011528960281030027,-0.005188833810944869,-0.018508701569458018,0.02181022063178652,0.010746721218611331,-0.021296408546874878,0.0132700701931298,-0.023024867683649673,0.000782239062418664
cube,1000000,1000000,33025,33026,512,m12-2-1,2026-08-04T21:23:52,439322,0.00022926979003693506,0.0003256991692305195,-5.1671802579480875e-5,-0.013235516956400467,0.020041274254993056,-0.006756568598044628,0.002991248728499011,0.005093215946837309,0.014766095985149262,-0.003753985622232567,-0.0039763543229492625,0.00814230100956387
cube,1000000,1000000,33025,33026,512,m12-2-1,2026-08-04T21:23:52,440711,-0.00017657800592162874,-0.0007943351477212988,-0.0002941105461048691,0.002327251707999309,0.005957845907347176,0.013410360113984646,0.00024595688628537997,-0.010767227715333312,-0.004551211176403156,0.00801648231204371,0.018279936477957014,0.008439976007333776
cube,1000000,1000000,33025,33026,512,m12-2-1,2026-08-04T21:23:52,441947,-0.001029816626995143,0.0002603418288277331,-0.0003260379735481368,-0.004635147847728739,0.0007126402326609018,-0.0001194713768056213,-0.0026667094026073734,0.004019412361788419,0.0017032536027747293,-0.007156765803923282,0.014109706454060586,0.0006157354859402346
cube,1000000,1000000,33025,33026,512,m12-2-1,2026-08-04T21:23:52,442583,-0.0009057888305870696,0.001118405707546605,-0.000153055865270576,-0.009069000612691332,0.020327905083027783,-0.010295447176539223,-0.016453375505702878,0.010852835011031299,0.00984868037218964,0.0030661750133480666,-0.011700804991603872,-0.0017838343983388066
cube,1000000,1000000,33025,33026,512,m12-2-1,2026-08-04T21:23:52,444418,0.0003975233801465493,0.00045423467107318164,-0.0009496147430059332,-0.0020381431844827065,0.0032342587425694476,-0.01276479012241968,0.03377384183617972,-0.008152796007935968,-0.006376837911035684,-0.01675838059837668,-0.026011784172591337,0.010190939192418856
cube,1000000,1000000,33025,33026,512,m12-2-1,2026-08-04T21:23:52,446382,0.000536674428641945,-0.0007698568838653291,-0.00034415899359456855,-0.002062975784610486,0.01321694308633633,-0.015270091011254821,0.0014880850584393659,-0.004105488487353883,0.00044031517095717603,-0.005145110826489264,0.019830670298512317,0.006168464271964628
cube,1000000,1000000,33025,33026,512,m12-2-1,2026-08-04T21:23:52,450033,-0.00022845670993669828,0.00040151677332987034,0.00013632956625399189,-0.016127735733258597,-0.003613370792732526,0.010912459732307348,0.018688025328408953,0.016988525757475677,-0.024846888541831886,-0.00972329631880843,-0.0032039633037474757,-0.0008607900242168793
cube,1000000,1000000,33025,33026,512,m12-2-1,2026-08-04T21:23:52,455579,-0.0004396364075314139,-5.0228460947652166e-5,0.0004680299654393015,-0.005907329821044385,-0.015637622697898083,-0.002427718429908097,0.0070530504536344555,0.0023255620115130576,0.0052095958855674415,0.021818328593508348,-0.011653987981667556,0.003581767809531725
cube,1000000,1000000,33025,33026,512,m12-2-1,2026-08-04T21:23:52,455628,-0.0008762814243721679,0.00011790205659329947,0.00017727473317203187,0.008899457445532949,0.006076401149832395,0.022893728516769244,-0.021087693065445612,-0.015667027147732077,0.011980157847070077,-0.02236234674067933,-0.006849284442273858,0.00676756970219842
cube,1000000,1000000,33025,33026,512,m12-2-1,2026-08-04T21:23:52,457033,-0.001035265805016921,-0.000507273392583561,0.00010359640941575838,-0.008286300505562656,0.0028566322396401268,0.01330724300544872,0.01601795442128272,0.021185797850345838,0.0029562855455680416,-0.0002716370382736126,0.01293044310166091,-0.01289949734478338
cube,1000000,1000000,33025,33026,512,m12-2-1,2026-08-04T21:23:52,461309,-0.0006399191973515199,0.0009792342631202604,0.00025121967953982963,-0.0016470642503803167,0.009177874440344595,0.005693630896740346,0.012872060282219292,-0.004308283706142309,-0.010798307231588266,9.124328940066625e-5,0.02347189207797476,0.005955347956523155
cube,1000000,1000000,33025,33026,512,m12-2-1,2026-08-04T21:23:52,462620,-0.0007523455011643562,0.00022172959852156645,0.00041433878131829055,0.009157964127475916,0.0285145296386908,0.0019129464215189296,-0.023211920047429863,-0.01455278350894355,-0.029952684775102306,-0.011457641844806916,0.05366069952518531,0.005394819381467543
cube,1000000,1000000,33025,33026,512,m12-2-1,2026-08-04T21:23:52,470567,0.0005902865547898555,-0.0008778805098627394,-0.00045060372327404834,-0.009508887216799046,0.01771743725371063,-0.00025452553095757345,-0.01883924013545071,0.003642024569118933,0.010761369950710161,0.023582779259721905,-0.020815524702480614,0.0058668626476788685
cube,1000000,1000000,33025,33026,512,m12-2-1,2026-08-04T21:23:52,472568,-7.299102271492322e-5,0.0004915705304387163,0.00024654386248508915,-0.005183290435239747,0.009831504778196025,-0.020545765854576657,-0.025929035705285035,-0.0012448419562167635,0.0018368136970527077,-0.014041929381053014,0.004892203148249475,0.00642813239145706
cube,1000000,1000000,33025,33026,512,m12-2-1,2026-08-04T21:23:52,473151,0.0002204783974381196,-0.0004890589840904407,8.249091098035662e-5,-0.004179454271976695,-0.02481714675547971,-0.0010668813918558939,0.017762405500884922,-0.0016113525481793458,-0.019985900683578365,-0.01862439925926247,0.018218207234914,0.005790806820155898
cube,1000000,1000000,33025,33026,512,m12-2-1,2026-08-04T21:23:52,476514,0.0005968405591437959,-0.00011651086384086412,0.001890493968409567,-0.001912495339305629,0.007726100704274677,0.006307665214888467,0.008760893338343637,-0.007516097295724574,-0.019162873272965373,0.008030042224357395,0.03429027665322849,0.009428592635028684
cube,1000000,1000000,33025,33026,512,m12-2-1,2026-08-04T21:23:52,478985,-0.00032411218183515966,-0.0003686312571831821,-0.0017441996398224137,-0.0016165297477165677,0.004363146651155793,-0.007227711240229386,0.013940614487833918,0.012470646620381429,0.0062632645520792046,-8.745200178943778e-5,0.01048254379305783,-0.010854116872665
cube,1000000,1000000,33025,33026,512,m12-2-1,2026-08-04T21:23:52,482932,-0.0001226573481371032,-0.000540277984259496,0.00023788363807448183,-0.008922359862996113,-0.017381800841286005,0.004146760642828659,-0.01369111378788998,0.01169762037710223,0.02629581144451241,0.006558959280671541,-0.012369817070199402,-0.0027752605141067835
cube,1000000,1000000,33025,33026,512,m12-2-1,2026-08-04T21:23:52,488499,-0.0004025631452451694,-0.0003399717687724069,-0.0005316339757256744,-0.00945914743616906,0.0034246387234748,-0.029231675821253012,-0.005441065278009328,-0.008453791385964969,-0.0016975899285785853,-0.003208755156597542,0.007111690518560564,0.017912938822133607
cube,1000000,1000000,33025,33026,512,m12-2-1,2026-08-04T21:23:52,491390,-0.0010913109821167367,-0.00016166272810050466,-2.37289628438881e-5,-0.0065923712104695815,-0.03354268475077263,-0.012117947114824137,0.01757693848536431,0.002764055258544527,-0.016431728440968928,-0.011690330171162229,-0.003437532966800025,0.0038283159519246447
cube,1000000,1000000,33025,33026,512,m12-2-1,2026-08-04T21:23:52,491498,-0.00013746448102461712,0.00033746343228344193,-0.0007302265757828647,-0.0033690720111436276,0.00022999419127922704,0.012849032325124701,-0.01500256832058945,0.006862386544559816,-0.007143639149462774,-0.013926914483479373,0.0009806960945327626,-0.003493314533416451
cube,1000000,1000000,33025,33026,512,m12-2-1,2026-08-04T21:23:52,492960,-0.0012124656500909366,0.00045592682177457027,-0.0005916795535508974,0.011279368069516307,0.0019207136616107695,0.01687498670450298,-0.005536464742338072,0.002874682518432512,0.003668939789500935,-0.020401542340902155,0.0158410281506321,-0.014154050587948863
cube,1000000,1000000,33025,33026,512,m12-2-1,2026-08-04T21:23:52,493757,-0.001138061807815902,0.00012278263433420055,-0.0006974371660218164,-0.029120359124158786,0.0281227258945447,0.0024019059882165977,-0.007813021973184084,0.016823144375397336,-0.00776267867929164,-0.003925287667775227,-0.004127846389832936,0.012297214748760537
cube,1000000,1000000,33025,33026,512,m12-2-1,2026-08-04T21:23:52,495387,-0.0006292331140492341,0.0008286561027388404,-0.0006950883431311573,0.0044114526320405195,-0.005358213934501056,0.006206438869132115,0.008156336157695714,-0.014919459782875795,0.017893636880047928,0.0012172256240236443,-0.011403911902265512,0.01050800715083569
cube,1000000,1000000,33025,33026,512,m12-2-1,2026-08-04T21:23:52,496089,-0.0005078190130181419,-0.0008428879052156292,0.00018559487475984155,0.010964725914464393,0.010766879019265896,0.007004801829618712,-0.022444899688193187,-0.013349733379412976,-0.007072840002360281,-0.01874404894582044,-0.008662131108042514,0.0023850074649484016
cube,1000000,1000000,33025,33026,512,m12-2-1,2026-08-04T21:23:52,497736,-0.0002464912950246681,0.0007238321518670245,-0.00044375672538540686,-0.009374932572342334,-0.014412117929179742,0.0021727458339703258,0.005934180642397755,0.007315839266412654,0.01461621976057379,0.014310755167827087,-0.02289974181113905,0.002059093305929863
cube,1000000,1000000,33025,33026,512,m12-2-1,2026-08-04T21:23:52,502672,-0.00029592302016243603,-0.0001325465936197308,-0.0004400625241809108,-0.0056695765752432,0.02557081877735744,-0.0031633770299814012,-0.0003932668152209376,0.00840018241744659,-0.015166744253017755,-0.010276086362573777,-0.02296142105216049,-0.0027306058422029286
cube,1000000,1000000,33025,33026,512,m12-2-1,2026-08-04T21:23:52,502729,0.0007756952571592001,-4.0559081194474066e-5,0.00046836162849044007,-0.010457543430193561,-0.002692395654874968,-0.027673594784778193,-0.01881955526375749,0.011826917994159036,-0.003055872139998377,0.026147806659570758,0.018515400826128788,-0.0013693745639651847
cube,1000000,1000000,33025,33026,512,m12-2-1,2026-08-04T21:23:52,504005,0.0004743678249909603,4.1490475434256e-5,0.0006743450855799239,-0.00444726282001513,-0.04017510556948426,-0.0057488900484685785,0.01804270367119769,0.0036578331823888446,-0.020701753169446425,-0.016488436080631694,0.007635936847260485,0.0007894296376262175
cube,1000000,1000000,33025,33026,512,m12-2-1,2026-08-04T21:23:52,504826,0.0001614979904652298,0.0007134038539415425,0.00033345355670036804,0.0026148026360301884,-0.016599436796380505,-0.005865016288901198,-0.02012579991693896,-0.0020222554684779562,0.01190083555220639,-0.017026030155559937,-0.03106404362093976,-0.0005925471675526626
cube,1000000,1000000,33025,33026,512,m12-2-1,2026-08-04T21:23:52,505475,0.0008927049205074336,0.0004430916711691203,0.0010163593232507808,0.006509524871836482,0.031140956148869067,-0.0003741134557455982,-0.010310456957921944,-0.005176303851993686,-0.009672716257934021,-0.0070476032033790995,0.002478789840142453,-0.0013332210198425648
cube,1000000,1000000,33025,33026,512,m12-2-1,2026-08-04T21:23:52,507665,0.0002648414161594137,0.0005623228486368157,-0.0009432160396234865,-0.0030842317352378756,-0.016522038085430017,0.01891035756205595,-0.00045435566785636633,0.006460341236278483,0.02711423811107441,-0.011445340735383804,-0.0026625572766241215,-0.0033761095010413672
cube,1000000,1000000,33025,33026,512,m12-2-1,2026-08-04T21:23:52,509125,0.0005783704167109004,-0.0006514228264186653,0.0003370565129174461,-0.002528541761536818,-0.014092217682992734,0.0031639704755311708,0.005258838391596144,0.005270239393782362,0.003341277816113826,0.0026108392252341193,0.014327038370646325,-0.0027416976322456525
cube,1000000,1000000,33025,33026,512,m12-2-1,2026-08-04T21:23:52,510681,0.0004866617816961792,0.00015973844573788338,0.00038479499201762564,0.005706247158825985,0.0024461653879747592,0.004858199283036159,-0.01361701648410616,-0.01644493239249849,-0.018930982765458952,0.0016535997137030855,0.02953323860189,0.010738685233672154
cube,1000000,1000000,33025,33026,512,m12-2-1,2026-08-04T21:23:52,511357,0.0002624867821822022,0.0006440760646140479,0.0011083130694025634,0.014056897344464978,-0.008108017139819504,0.018593040382148766,-0.007278867450565972,0.00604049202684552,0.014288151806096437,-0.008255040843154468,-0.002374849923194488,-0.02009738937131168
cube,1000000,1000000,33025,33026,512,m12-2-1,2026-08-04T21:23:52,512205,0.00012845675687036902,0.00032003435067938496,-0.00029869504848168625,0.0047611736115608086,-0.003320770657347744,-0.01818088390302638,0.02204662093253786,-0.006333140097904724,0.008781428634113223,-0.009188549135955683,-0.010657313854474434,0.0015719664863442177
cube,1000000,1000000,33025,33026,512,m12-2-1,2026-08-04T21:23:52,512907,0.00045719282699558604,-0.0012495984911174921,-0.00036997104031479493,-0.021731127472685817,0.006854586421789766,0.025278397848815564,-0.026002014637970184,0.02608686978813965,0.01646534872507222,-0.027574363370394858,0.0014923865158351574,-0.004355742315454742
cube,1000000,1000000,33025,33026,512,m12-2-1,2026-08-04T21:23:52,514703,-0.0007101091918733474,2.2679215762825593e-5,0.0006583093413839382,-0.0072270640021676125,0.0077975846839295525,0.014488033034890732,-0.011003354283004177,0.014553275113952525,-0.010753195158925356,-0.017386475820186296,0.01376833933550299,-0.007326211111784062
cube,1000000,1000000,33025,33026,512,m12-2-1,2026-08-04T21:23:52,515978,-1.3534055802441374e-5,0.0009096958915557202,-0.0008246507984137402,0.0089267227424983,0.017063761030556814,-0.003843681517486203,-0.03392044141210021,-0.020316986868550102,0.017006798728668917,-0.019771020591195378,-0.015129979334845247,0.011390264126049878
cube,1000000,1000000,33025,33026,512,m12-2-1,2026-08-04T21:23:52,516132,0.0008271780566662168,-0.0006365653436367035,-0.0007142670819641661,0.007948926861339545,-0.0029305430289985985,0.01413195223551277,-0.00944360128869875,0.004426162169516931,-0.0044206010164041624,0.011339573959052978,0.021897504267096003,-0.012375089030857106
cube,1000000,1000000,33025,33026,512,m12-2-1,2026-08-04T21:23:52,517771,-0.00023399476675302596,-0.00045657139930496785,-0.0006916029845037804,0.010810851534835597,0.007477527246947121,-0.03216482882111545,-0.021405352955907408,-0.004920357156764008,-0.00456243808258568,0.011453874276582086,0.008388322576223753,-0.005890494378071078
cube,1000000,1000000,33025,33026,512,m12-2-1,2026-08-04T21:23:52,518036,-0.00026934993262569146,0.00018131353234380462,0.00030351529210926887,0.006170504926689847,0.01612785521270797,0.032137552165388106,-0.03056808998839918,0.003026239918116423,0.006895832989413711,-0.013799809633455324,-0.029569423279856358,-0.009196744844806301
cube,1000000,1000000,33025,33026,512,m12-2-1,2026-08-04T21:23:52,522570,0.0006016501598250951,-0.00038051161082373387,0.0006903482276636665,0.0025265190669231863,-0.016822769196256478,-0.02235328266293876,0.0060956109873434305,0.01677577271413766,-0.001770626113721096,0.0015827871567958688,0.017896123295092388,-0.019302291781060407
cube,1000000,1000000,33025,33026,512,m12-2-1,2026-08-04T21:23:52,524745,0.0008359802668425478,1.7925531953959613e-5,-0.0003001995419785055,0.0014293893619830972,-0.005338240164409725,-0.005365627884261259,0.024124371935957237,0.002456859136928663,-0.00023367564985989843,0.005018143886370573,0.02258076782225605,-0.0038862484989131687
cube,1000000,1000000,33025,33026,512,m12-2-1,2026-08-04T21:23:52,524875,0.0004135288629265033,-0.0004073129682561556,-0.0005580522539645156,0.014316850495027816,0.0003221330897863798,-0.030341738210552083,-0.009787812449158094,-0.011787643163455364,0.005769221744441021,0.013892178385159163,-0.024418311704874827,-0.0025292073315712946
cube,1000000,1000000,33025,33026,512,m12-2-1,2026-08-04T21:23:52,525493,0.00012115476836171076,0.00015841377493075085,0.00010610947385922617,-0.005497113723964029,0.014047157004643802,0.004965722917568476,0.00448545372632544,0.010888921891440782,0.01252148343093719,-0.017601968994818015,0.003484745498276519,-0.005391808167477723
cube,1000000,1000000,33025,33026,512,m12-2-1,2026-08-04T21:23:52,530627,0.00042794213828590026,-0.000675802221938467,-9.306614934591302e-5,-0.002832646018100748,-0.013788936027232333,0.008969309749468826,-0.0048295534793055496,0.006668923480365805,0.01512673462199272,0.011619532330867871,0.02566534329232983,-0.003836277462266199
cube,1000000,1000000,33025,33026,512,m12-2-1,2026-08-04T21:23:52,535866,0.0014889423165454837,-0.00027974004698597116,0.0002344477508677978,-0.013284528803773432,0.0038184516554338106,-0.00633384543616481,0.003500204800348812,0.013808864404343119,0.009596552214275699,0.014688297609035433,0.015058593297461276,-0.0005243356005683356
cube,1000000,1000000,33025,33026,512,m12-2-1,2026-08-04T21:23:52,536055,0.00045416950898507667,0.0005217458162534675,-0.0002217321179628785,-0.01531255907376398,-0.006882277726533376,-0.004098144669123101,-0.004928283298920767,0.009894185195515971,-0.003438368984648942,-0.007822483260516312,0.02201405328894881,0.005418373878248232
cube,1000000,1000000,33025,33026,512,m12-2-1,2026-08-04T21:23:52,537908,-8.958677619371348e-5,-7.321381168008723e-6,0.0006838510395201708,0.00823133359638022,-0.029787989113038378,0.007758789365491567,0.008453775844213534,0.013906322771301419,0.007315452206197735,0.00904747903383274,-0.004866942494033759,-0.022137656367681127
cube,1000000,1000000,33025,33026,512,m12-2-1,2026-08-04T21:23:52,538627,-0.00029925823642465503,-0.00014663097150350814,0.00022543649343377052,0.005277371370766057,0.012336909546678057,-0.005924079466146405,-0.016461988750156576,0.004230242584017616,0.0015671338509914727,-0.023247054349158403,-0.008717630322669388,-0.009507613954784085
cube,1000000,1000000,33025,33026,512,m12-2-1,2026-08-04T21:23:52,538901,-0.00019454727572862596,-0.00012783334958213998,0.00037443393463050447,-0.012758903382159816,-0.00831413024691909,-0.013064392034584881,0.032598808876256095,0.00058908540278157,-0.007635492327555703,0.012347592322134858,0.01279915895005016,0.01216981797937939
cube,1000000,1000000,33025,33026,512,m12-2-1,2026-08-04T21:23:52,539889,-0.0009806653337416343,7.40745338479969e-5,0.0003605470201749428,-0.017517054877607716,-0.01559397662693658,-0.004740269685531929,0.017781457525682564,0.015720426801877397,-0.005330304480509321,0.022745950314318687,-0.015290947488585617,0.0017966280757305245
cube,1000000,1000000,33025,33026,512,m12-2-1,2026-08-04T21:23:52,540335,-0.00031351095307192636,-0.0001998142804815151,0.0002994919058136771,0.0016504469565797597,-0.0014530587523539015,5.3550155635713194e-5,0.024286165131441623,0.0038646887133908284,0.007709107163311739,0.005467844210020451,0.003993838436583565,-0.005515135669970035
cube,1000000,1000000,33025,33026,512,m12-2-1,2026-08-04T21:23:52,541889,3.688601661397584e-5,-0.0008609624686381022,-0.00014424374860142896,-0.003694723094297056,-0.0017959615863503188,-0.006538744794417825,-0.024490098009548572,0.0018650366542917807,-0.002364829350353381,-0.022288059373280798,-0.0016529807995841871,0.0018296864400058606
cube,1000000,1000000,33025,33026,512,m12-2-1,2026-08-04T21:23:52,543676,0.00046833677619588195,-0.0005708981884645001,0.0004878807031627399,-0.006477910599327366,0.014296317174629694,-0.012980929159646739,0.008110647480469628,-0.007076854202596514,0.020889428848396962,-0.011032556736800718,0.005663512960098229,0.013554764801924028
cube,1000000,1000000,33025,33026,512,m12-2-1,2026-08-04T21:23:52,548303,-5.4333845329931863e-5,0.00017537721068544847,-0.00013658659276433405,0.012176989282814615,-0.011849270557820606,0.02536844025610432,-0.015151821239605255,-0.009876546541134784,0.021449372784575975,-0.0015968578111529503,0.009004311891484392,-0.002300442741679588
cube,1000000,1000000,33025,33026,512,m12-2-1,2026-08-04T21:23:52,548510,-0.0005955320255238577,0.00026321466680912425,-0.00041702492768807913,0.008034536903169342,0.01865243239982036,0.05325491162619381,0.001394302954213268,-0.020457961352687033,0.01909520319085562,-0.01728418377440959,-0.0366476834344556,0.012423424449517363
cube,1000000,1000000,33025,33026,512,m12-2-1,2026-08-04T21:23:52,554410,-0.0006641753922226195,0.0006921828386293983,0.00010127303928810797,-0.016528686680780457,0.0054613857502789995,-0.0016732584122475587,0.02660925029258905,0.016662557841001336,0.013261695262677963,-0.008441584017433059,0.00742012005010139,-0.00013387116021952393
cube,1000000,1000000,33025,33026,512,m12-2-1,2026-08-04T21:23:52,555876,-0.000814487741119419,-0.0004235315463755671,0.0006710263102564903,-0.003439207465223068,-0.012485560807515016,-0.026588427096389835,-0.0018527100852133544,0.0030934301179357175,0.02968934940138301,0.024931188395377727,0.01803830380352012,0.0003457773472876285
cube,1000000,1000000,33025,33026,512,m12-2-1,2026-08-04T21:23:52,556434,0.0013729901615799596,-0.00029988759793549814,-0.00046076264398836874,-0.016959284798502904,0.0022808961503533584,0.00017886406828103308,-0.02175093360582737,0.004129507868454274,-0.03323941864918659,-0.01989280463763577,0.022926862524833804,0.012829776930048527
cube,1000000,1000000,33025,33026,512,m12-2-1,2026-08-04T21:23:52,558180,0.00041531086345879503,0.0006408691899220232,-0.0004995907607472158,0.004019727414577589,-0.005608166516358497,-0.011985482235130322,0.00622313405649934,-0.007759918602558121,0.02277453098075649,-0.011869459835935169,0.012168452209713921,0.0037401911879814433
cube,1000000,1000000,33025,33026,512,m12-2-1,2026-08-04T21:23:52,561897,-0.0012680315737752653,0.00019601438485234395,-0.0011428473528496345,0.005346711304849294,0.007902075632225043,0.013261212797817244,-0.018304066900349716,0.001850952126409379,-0.012842283879557326,-0.019679999029772348,0.017944079672041705,-0.0071976634312586425
cube,1000000,1000000,33025,33026,512,m12-2-1,2026-08-04T21:23:52,562156,-0.0001286557672799575,-0.0006450579272306885,0.00021412879114384635,-0.00061000166922023,0.013435102188355693,-0.004813579807483989,-0.01885728363914676,-0.012543481265725177,-0.0025084112733711537,0.010451042143788732,0.003479064224207941,0.013153482934946302
cube,1000000,1000000,33025,33026,512,m12-2-1,2026-08-04T21:23:52,563005,-0.0005383072505218836,0.0008587050632225203,0.0005735423724866584,0.0081456388732311,0.01566221926776238,-0.01080867854668986,0.014273921590204438,0.011728233181967156,0.009231898541283852,0.011460306571997406,-0.026292593393774582,-0.019873872055199165
cube,1000000,1000000,33025,33026,512,m12-2-1,2026-08-04T21:23:52,565804,-0.0004982296924711592,2.854124760229114e-5,2.513489571712523e-5,0.004856028105531181,-0.011544088689449594,0.016626544485028632,0.025816661881184838,-0.00710925235171605,0.008236384526135508,0.010648286073608786,0.038704601881801706,0.0022532242461851242
cube,1000000,1000000,33025,33026,512,m12-2-1,2026-08-04T21:23:52,566027,0.0006843630750253085,0.00036219036465394487,-0.0002510338006777783,-0.0016220209441073995,0.00437012644277666,0.012131010413120492,0.0138438743277807,-0.01394973480624403,0.019178958767753357,-0.011275991372461918,0.009021946367796557,0.015571755750351295
cube,1000000,1000000,33025,33026,512,m12-2-1,2026-08-04T21:23:52,569253,-0.00022347868409501573,-0.0009283226281401655,0.00014001049144107597,0.0019523679466889458,-0.0017494334125108001,0.012315271422117175,0.009205148566445671,-0.015599261809080908,-0.005688770485166725,-0.01762937121987303,0.01324604890106001,0.01364689386239087
cube,1000000,1000000,33025,33026,512,m12-2-1,2026-08-04T21:23:52,573568,-0.0002722191934342543,-0.00010375666793697553,0.0016651847626779734,-0.0073818370575237,0.00820040796497519,0.015750733890206658,-0.004256842240907997,0.008976914666400543,-0.000999117249449033,-0.0075625950223613915,-0.006833653146877814,-0.0015950776088766755
cube,1000000,1000000,33025,33026,512,m12-2-1,2026-08-04T21:23:52,573597,-0.0016553420807537704,0.0001786439664383062,0.0011095749364683038,-0.004499225252756743,0.005754819161423881,0.007379974013153503,-0.015586331239931464,-0.006151418556699894,-0.0133009242205781,0.005539291856826891,0.007463561553866819,0.010650643809456947
cube,1000000,1000000,33025,33026,512,m12-2-1,2026-08-04T21:23:52,574808,-0.0006901522269826077,0.0005771012410249271,-0.0006713094769894585,0.0017815453483760704,-0.00975937765850235,-0.01440221210578073,-0.022256775054626973,0.006350587194330438,-0.017922247105902782,-0.02938855574721362,-0.004794641972855222,-0.008132132542707221
cube,1000000,1000000,33025,33026,512,m12-2-1,2026-08-04T21:23:52,575657,-8.208552804160328e-5,4.130135421593578e-5,-0.00011728845615163798,0.0025938860590551684,-0.004981849122190358,-0.0012671700073500162,0.0027805882563746846,-0.009087804495597346,-0.017891282587804383,-0.0025548274097120702,-0.007189950640087388,0.006493918436541625
cube,1000000,1000000,33025,33026,512,m12-2-1,2026-08-04T21:23:52,578110,-5.513595941725233e-5,-6.983136067901781e-5,-0.0004561702057089122,-0.0044316774576746015,-0.004280885061378751,0.015107027915466916,-0.0018202662172163494,-0.010865518242552415,0.004355503762340954,-0.03762793284093115,0.001175499228433509,0.0152971957002277
cube,1000000,1000000,33025,33026,512,m12-2-1,2026-08-04T21:23:52,580283,-0.0012925698407221164,2.115104556253971e-5,-0.0003992398017261294,-0.0056343769116193035,-0.02274055708490692,0.0035127825246324966,0.01781849651505863,0.0008653243319645179,-0.005638461973238938,-0.017189031545991846,-0.019220709026573808,0.004769052579654942
cube,1000000,1000000,33025,33026,512,m12-2-1,2026-08-04T21:23:52,582383,-0.0008907056018159829,-0.0008982716323498668,-0.00036982571329285133,-0.0037963684157004242,0.026380882994721546,-0.007815583057705681,-0.02319970256729645,0.0018929261717591007,-0.004177385972610921,-0.018322256827210844,-0.010311879866455907,0.0019034422439411789
cube,1000000,1000000,33025,33026,512,m12-2-1,2026-08-04T21:23:52,582555,-0.0005548017279458241,0.00044001698716988045,-0.0007768244584839594,-0.018886827862766287,-0.012938902000550047,0.014406286126604934,-0.0047840655887688805,-0.001718701924416847,0.022242413943055806,-0.010876334024672763,0.0018936570582186987,0.020605529787182282
cube,1000000,1000000,33025,33026,512,m12-2-1,2026-08-04T21:23:52,583393,0.0012261187260097389,0.0004070981971613208,0.00048642775122626256,0.011517162986826061,-0.007377644893670912,0.026042433864573864,0.009876300271085178,-0.012702371645949005,0.010585665717444985,0.0052330120777051865,0.006212188408540821,0.0011852086591233014
cube,1000000,1000000,33025,33026,512,m12-2-1,2026-08-04T21:23:52,586166,0.0008472417929837594,0.0003723402491707104,1.6433194471754604e-5,-0.010051750162779833,-0.016972959940799386,-0.0017445118741213773,-0.004757020998208249,0.0023807396231333394,-0.003729232428933854,-0.014834331833395827,0.024552837346215613,0.0076710105396485045
cube,1000000,1000000,33025,33026,512,m12-2-1,2026-08-04T21:23:52,588186,-0.0010831485800950795,7.427980179675044e-5,0.0001444012970487086,0.0014042466629315795,-0.0025787548499438353,0.02747312868234482,-0.008484971708494474,0.012543091101914417,-0.009112733720888064,-0.013011180061961598,0.003318837248259857,-0.01394733776484688
cube,1000000,1000000,33025,33026,512,m12-2-1,2026-08-04T21:23:52,590795,-0.0009512233487828384,-0.001292663530882148,0.0003246506452159045,0.009517080221060839,0.004744044371084348,-0.017108584830625537,-0.003993438191300712,-0.01754642406452801,-0.006352654353992703,-0.005884589978589125,-0.0008006876841327376,0.008029343843467776
cube,1000000,1000000,33025,33026,512,m12-2-1,2026-08-04T21:23:52,591447,-7.115852093570684e-5,0.00012376718179157802,-0.0012131486535910856,0.001395263296343858,-0.02211140376329478,-0.023813887792293865,-0.002531994680016922,-0.010307870131645556,0.019030747731634167,0.010804243985535046,-0.028724842531650044,0.008912606835302173
cube,1000000,1000000,33025,33026,512,m12-2-1,2026-08-04T21:23:52,595012,0.0005490574256144018,-0.0004188897112132177,-0.0007063935048449119,0.01708544732255245,0.02763660894793094,-0.005790155623900649,-0.010517642531995745,-0.018571791868205796,0.036746758086800176,0.010040334280565137,-0.018904452524794318,0.0014863445456537985
cube,1000000,1000000,33025,33026,512,m12-2-1,2026-08-04T21:23:52,595767,-0.0002851157421831385,0.0005679526986360715,-0.0004157585062059872,-0.020765203705280854,0.009197122669172103,0.0076209151150693905,-0.014722665829783139,-0.010346630088149279,0.023483263480458705,0.01471946371600362,-0.01699904655897917,0.031111833793431562
cube,1000000,1000000,33025,33026,512,m12-2-1,2026-08-04T21:23:52,601702,2.5405182066664447e-5,0.0008073014628913177,0.00010068864066500848,0.00018599041809192878,0.003353902640483175,0.008949303465040167,-0.0025242104682915907,0.0033043733850538367,-0.00294053008704384,-0.005752927005113509,-0.01927358031499974,-0.0034903638031462013
cube,1000000,1000000,33025,33026,512,m12-2-1,2026-08-04T21:23:52,603520,-0.0002883871416400095,7.770777806680209e-5,0.0005309669503184608,-0.0015598922299681261,-0.014792141101338047,0.009006871021861885,-0.008376493603087417,0.030401533538306963,0.010007460748370283,0.004531633475366327,-0.013290410835904687,-0.028841641308338214
cube,1000000,1000000,33025,33026,512,m12-2-1,2026-08-04T21:23:52,605946,-0.000207357735162354,-0.00015517304235129943,-0.0001499325896440685,-0.011682823072818418,-0.007035163940003766,-0.008310236983235457,0.009728874145541539,0.004341066767666267,-0.0028699449029774547,0.0004986597030722662,-0.017488459535439815,0.0073417563051520526
cube,1000000,1000000,33025,33026,512,m12-2-1,2026-08-04T21:23:52,606018,-5.922443242519597e-6,0.00032281007130484883,-0.00042328754590352887,-0.005825298084926079,0.0026814384728088784,0.01821043216413597,-0.01125028131964193,-0.003698924966316025,0.01228488019724638,-0.0002386362825082778,0.02310755527580766,0.009524223051242054
cube,1000000,1000000,33025,33026,512,m12-2-1,2026-08-04T21:23:52,608489,-0.0005429036615315828,0.0006333947996935947,0.0005652080416057788,-0.008169104977423123,0.04795251047778066,0.026158235574636483,0.001429785343464577,0.0021322515355332167,-0.027315673284247013,-0.005145461914705602,0.005779453772211182,0.006036853441889476
cube,1000000,1000000,33025,33026,512,m12-2-1,2026-08-04T21:23:52,608838,9.999745994045711e-5,-0.0002370875818998457,0.00024656511645371746,0.012620334110787262,-0.0027796282836975144,0.008043219417238357,-0.001752964510864931,-0.014386561334157274,-0.005492751624550568,-0.012070121416916277,-0.007001051399274228,0.0017662272233710324
cube,1000000,1000000,33025,33026,512,m12-2-1,2026-08-04T21:23:52,610293,-0.000785321682742914,-0.0008304183995151917,0.00017864880564748972,0.0034203075848606213,0.019652407002936922,0.010392506831780415,0.003779169466463614,-0.00478177118091343,0.0014182549345727088,-0.005336376581484472,0.008038732267021955,0.0013614635960527341
cube,1000000,1000000,33025,33026,512,m12-2-1,2026-08-04T21:23:52,613913,-0.00030906116533141004,-0.0007508611667956561,-0.0001932900264863477,-7.993461095931875e-5,-0.000449262776436937,-0.012479958710050115,0.02255644509520132,-0.0010941664325780126,0.003828207416885914,0.01813170440469379,-0.005245203909931084,0.0011741010435372865
cube,1000000,1000000,33025,33026,512,m12-2-1,2026-08-04T21:23:52,617993,0.0008954395995289092,0.0006160586030292443,0.0003384937442417571,-0.003303128501254543,0.015810138181238095,-0.03822976922641268,0.002513972565615189,0.023294722199913458,0.009818525912402593,0.019465487813194737,0.0016640127488304524,-0.019991593698658088
cube,1000000,1000000,33025,33026,512,m12-2-1,2026-08-04T21:23:52,618097,0.0007088858822739078,-2.662979854244646e-5,-0.0007532007612493544,0.009548752869117525,-0.0024013114293474987,0.02771372646742471,0.028864024466882156,-0.00205018029522859,-0.039336403486576944,-0.017346149082797996,-0.0312828191041602,-0.007498572573890601
cube,1000000,1000000,33025,33026,512,m12-2-1,2026-08-04T21:23:52,618388,-0.00034345869035235996,-0.0005297396580482593,-0.0003296909416685711,-0.011994564739308615,-0.026537033592832292,0.03725041343030699,0.010840840172932445,0.008503452704769408,-0.012182209592326127,-0.04509569730904932,0.029937150551252113,0.0034911120345393156
cube,1000000,1000000,33025,33026,512,m12-2-1,2026-08-04T21:23:52,619867,-0.0009342935162121624,0.0005749801933207678,-0.0012204125725422937,-0.0019883174778543133,0.039698829954806863,0.00028190313802704825,0.008278500574113175,0.0010652387352337906,-0.01849668753605174,-0.004949667391391977,0.006832324849773171,0.0009230787426213052
cube,1000000,1000000,33025,33026,512,m12-2-1,2026-08-04T21:23:52,622846,0.0010680758871768063,0.00016428504286170506,0.0001658472054366038,-0.0020902904079325175,0.0015100693630985145,-0.027648777659841636,0.009044621115817544,0.005491169982449981,-0.006166220688677939,-0.0043010278777663264,0.015394944469002995,-0.0034008795745169252
cube,1000000,1000000,33025,33026,512,m12-2-1,2026-08-04T21:23:52,623604,-0.0011210420841714073,-0.00042324419964556687,0.00023719024633524967,-0.007449139555214947,0.012145333257392251,0.02410885207022042,0.006119039808700902,0.005765324571774714,0.03533843155377108,-0.011388317381294083,-0.021266111703999984,0.0016838149834405816
cube,1000000,1000000,33025,33026,512,m12-2-1,2026-08-04T21:23:52,623738,-1.8876410534422135e-5,-0.00013011877153559683,-0.0007383389109056748,-0.005219033142888896,0.004254336306722767,0.018157707733418158,0.02475726579979052,0.005485024769390892,-0.0016818599838068892,0.01359873447426086,0.00213873002842341,-0.0002659916265014289
cube,1000000,1000000,33025,33026,512,m12-2-1,2026-08-04T21:23:52,627353,-0.0009640517650400449,0.0008058056655447953,0.00033801926135703145,0.0031156184583394724,0.022738188555853966,-0.006551396256047762,-0.04500875963247198,-0.00916009546819549,-0.02348820607833255,0.00992019282659991,0.009199847382039088,0.0060444770098560885
cube,1000000,1000000,33025,33026,512,m12-2-1,2026-08-04T21:23:52,628863,0.000770884024854441,0.0005415732500053806,0.0009553685614598988,-0.0016408856122672422,-0.027030897793406176,0.005401497019783058,0.03609464733388349,-0.006315734034213138,-0.006366264295541121,0.008603584464252767,-0.00464773454476658,0.00795661964648093
cube,1000000,1000000,33025,33026,512,m12-2-1,2026-08-04T21:23:52,632123,-0.0005935377574934044,-0.0011256292632870174,-0.00018763587289965025,-0.009737298499164809,0.004066839882087941,0.011923200515988558,-0.034872991158062014,-0.015716776366004513,-0.014313849491385094,-0.00559381078606101,-0.014411875832648779,0.025454074865169027
cube,1000000,1000000,33025,33026,512,m12-2-1,2026-08-04T21:23:52,632784,-0.0003593093112792425,-0.0001813203890453795,0.00010004037120395895,-4.6901001388339764e-5,-0.024961222173319683,-0.021934793977583314,0.011835988351541753,0.006196965046548621,0.0058743670020705106,0.011398766194149028,-0.0029138144777215796,-0.006150064045160413
cube,1000000,1000000,33025,33026,512,m12-2-1,2026-08-04T21:23:52,633172,-0.0005337144254816992,-2.0627613732597123e-5,-1.4917073583436234e-5,0.014467459732338626,-0.025458814840101044,0.003265090195687717,-0.0003802527233228508,-0.006997204313575086,0.009837730428084628,-0.004282907091859062,-0.01121659073911925,-0.007470255418762967
cube,1000000,1000000,33025,33026,512,m12-2-1,2026-08-04T21:23:52,647104,-0.0006831765086168388,-9.16167012918983e-5,-0.0002497918586255293,-0.012316911182573316,0.008950035213440139,0.01569359382877435,0.005687787710463524,0.005207887176070996,0.012935970275114714,-0.0045273297379320055,-0.015730799044148473,0.007109024006502225
cube,1000000,1000000,33025,33026,512,m12-2-1,2026-08-04T21:23:52,648534,-0.000188925757828612,-0.00020714136717684442,0.0005254264609955134,0.0071015100596770325,-0.04206290478492379,-0.010367590933174084,0.009641047108566085,-0.008410991330670031,-0.048417924316308675,0.04131787090916003,0.031902543497278175,0.0013094812709925027
cube,1000000,1000000,33025,33026,512,m12-2-1,2026-08-04T21:23:52,648591,-0.0002700863989825903,0.00023220551289223902,-0.00035523953215774737,0.010720212104716492,0.004325341553515028,-0.022452155362155304,0.008369047772855473,0.006888011239075593,0.001724472863180218,0.0034765160829254805,0.004000134137844778,-0.01760822334379248
cube,1000000,1000000,33025,33026,512,m12-2-1,2026-08-04T21:23:52,649800,0.0007452254427206365,0.000518394706623623,0.00020423693544933808,-0.00045754291875292835,-0.005644444189609515,-0.023464425789175104,-0.004062630920925642,0.00043887267721634516,0.025214195075953186,-0.0053772801044685795,-0.016061983781518314,1.867024153653231e-5
cube,1000000,1000000,33025,33026,512,m12-2-1,2026-08-04T21:23:52,650238,-0.00011867871047192599,-0.0002508079099977665,-0.0001395599780840594,-0.0038436693880588564,-0.0008208862359617532,0.009348955750449544,0.025924301275325457,-0.005447224592511722,0.008455978681161413,-0.0003883238451839175,0.008595012004773733,0.009290893980570094
cube,1000000,1000000,33025,33026,512,m12-2-1,2026-08-04T21:23:52,650266,-0.0008786529524969481,-0.0012256012866252357,7.405505523450792e-6,-0.009004533375883222,-0.003014210397684731,0.0016903709749961603,0.030976122128079774,0.019868662068728532,0.029446951287287252,0.00740542223596363,0.016536668493776937,-0.010864128692844139
cube,1000000,1000000,33025,33026,512,m12-2-1,2026-08-04T21:23:52,651542,0.0005171487708181013,3.983043850053434e-5,-0.0001112401988104431,-0.0008445045245451577,-0.009700530276758669,-0.03164418804727566,-0.012881404884645967,-0.003324560063605615,0.005326421814909055,-0.008985174700537394,0.0010621430343814295,0.0041690645881506515
cube,1000000,1000000,33025,33026,512,m12-2-1,2026-08-04T21:23:52,659895,-0.0005701139481526115,-0.0002989020556689095,0.0004820762943256934,-6.195122550010656e-5,-0.0023706283833032993,-0.019469950178530645,-0.005973146169178619,0.009395547264356263,-0.0033226729194679692,-0.007807984683475833,0.004136985898212766,-0.009333596038856069
cube,1000000,1000000,33025,33026,512,m12-2-1,2026-08-04T21:23:52,663454,0.0003498375201605415,-0.00013449753499233946,0.00021102243255455264,-0.00938273365498625,-0.006311888727194909,0.02851754046574439,-0.0044616355133245,-0.0014357106965406838,0.03144700143785884,-0.01228615022972404,-0.004696735905948143,0.010818444351527418
cube,1000000,1000000,33025,33026,512,m12-2-1,2026-08-04T21:23:52,664928,0.0004258575244727977,-0.0006203671997699861,-0.0009583010591693849,0.0017950236629211912,-0.015418240457181443,0.013974309106498432,0.010060486328030497,-0.00983558441025285,0.030473586092989686,0.015510153980902245,0.01804117251727477,0.008040560747332321
cube,1000000,1000000,33025,33026,512,m12-2-1,2026-08-04T21:23:52,664979,-0.0004918214578242012,-0.000488388387387922,3.831710080241996e-5,-0.007037520735680212,0.008572715558545638,-0.003567537932767425,0.011831546799244736,-0.012313858438450986,-0.00012739936858007707,0.014710621370337067,0.006534263435267474,0.019351379174130122
cube,1000000,1000000,33025,33026,512,m12-2-1,2026-08-04T21:23:52,666758,-0.0009535741960695971,8.418819881235211e-5,0.00046926709668469155,-0.013852047345952651,0.015778169734117223,-0.0031073129085505916,-0.011662406115039938,0.006423787555534683,0.005310718729270775,-0.003187406504792316,-0.005120475794417016,0.007428259790418565
cube,1000000,1000000,33025,33026,512,m12-2-1,2026-08-04T21:23:52,672450,2.163562099385255e-5,-0.00031979549535404586,0.00024704386862536235,-0.010687986722570443,0.01904330974417918,0.01465630315591376,0.004642577531553932,-0.017282485651576498,-0.006085217502953975,-0.01637289458951878,0.013441831455062732,0.027970472374146516
cube,1000000,1000000,33025,33026,512,m12-2-1,2026-08-04T21:23:52,673350,0.0007136160754490363,-7.068033342565673e-5,0.0008624379165925569,0.0065281127750876555,0.0025364679131914926,0.011122510287743135,-0.0021279438550611783,-0.009476671556492934,0.021523506210938032,-0.027665045227524297,-0.046193225822417645,0.002948558781405612
cube,1000000,1000000,33025,33026,512,m12-2-1,2026-08-04T21:23:52,676452,-0.0009520467301032595,0.0006421782396715551,-0.00046211565888136866,-0.005023054769529165,0.02772974434985614,-0.01783586157190562,-0.006727324317639018,-0.000894613880412705,-0.010457772751174977,0.009733721844198824,0.016740253951314385,0.005917668649941705
cube,1000000,1000000,33025,33026,512,m12-2-1,2026-08-04T21:23:52,678315,8.586776353006946e-5,0.0005783689405014623,-0.00027998120738338174,-0.0023972124242712233,0.035600096701810406,0.002991856741351983,-0.008954467875323599,-0.0027436078285900784,0.01405214872849223,0.005935163325563377,-0.02075112216499631,0.005140820252861529
cube,1000000,1000000,33025,33026,512,m12-2-1,2026-08-04T21:23:52,682194,-0.00023981240479610568,-0.0005261045011855617,0.0011306090384073525,-0.004754691013022431,-0.01208133180840277,0.02610280073856099,-0.0017222930794414855,-0.0006050577228572129,-0.00949693790848796,0.005245247676767918,0.02087115289429888,0.0053597487358795935
cube,1000000,1000000,33025,33026,512,m12-2-1,2026-08-04T21:23:52,682767,-2.467895545430801e-5,-0.00011323702855149944,-0.00043498318146010704,0.0009109399750594862,-0.0006928817522174223,0.01962922205937414,-0.0289386893911068,-0.00244549392773034,-0.024523059715940893,-0.0239311072228596,0.0006563922493770027,0.001534553952670989
cube,1000000,1000000,33025,33026,512,m12-2-1,2026-08-04T21:23:52,686777,-0.00041850766094623116,0.00036236000581346234,-0.0002587469382898955,0.01165969389847707,0.0223570991145313,0.005739919819270618,0.0028718438116001,-0.004083025799750943,0.0039001246079546185,0.003406612741703305,0.0025671686507227048,-0.007576668098727381
cube,1000000,1000000,33025,33026,512,m12-2-1,2026-08-04T21:23:52,687628,0.0003843196091073444,-0.0003151214905560327,0.00013023736969568762,0.005141104488206432,-0.014259353618428911,-0.00010928741445006908,0.014538047820153934,-0.009600860564629108,0.0035558837206461757,-0.01842430350152311,-0.00789250104163537,0.004459756076422233
cube,1000000,1000000,33025,33026,512,m12-2-1,2026-08-04T21:23:52,689306,-0.00030952459037184254,-0.0003613524396228709,-0.00033031837153183163,0.0014900886645343684,0.01042849775491932,-0.011775826017426055,0.015681506200999194,-0.00921608590490963,0.045773795991654355,0.0011248242435341175,-0.013938804042344976,0.007725997240374574
cube,1000000,1000000,33025,33026,512,m12-2-1,2026-08-04T21:23:52,691160,-0.00042366514624349533,0.0002479385477209975,-1.526591717918446e-5,0.005791628320752436,-0.0004794463360460388,0.01757289486754591,0.004894413589553068,0.013692762446793743,0.01772971809337986,0.019304443262783095,-0.020852830550125875,-0.01948439076754547
cube,1000000,1000000,33025,33026,512,m12-2-1,2026-08-04T21:23:52,691839,-0.0009251059262645284,1.3182080107031543e-5,0.00034963138909222083,-0.01132353400980752,0.011606178493998271,0.017071473695260533,0.008475402821535059,0.01906210550121665,0.001473463470157939,-0.02104158168828183,0.023278566984036568,-0.007738571491408511
cube,1000000,1000000,33025,33026,512,m12-2-1,2026-08-04T21:23:52,699856,-0.001188530287502168,-7.53258023589651e-5,0.00015423626266119385,0.006929650597913433,0.0056629020500124074,0.012020642997615003,0.02955796853023274,7.558510556171324e-5,-0.029650512301232952,-0.010059658510739864,0.03412806994606314,-0.007005235703474958
cube,1000000,1000000,33025,33026,512,m12-2-1,2026-08-04T21:23:52,700103,0.00047019650552141367,-6.886972947539018e-5,0.0001400561950186095,5.8002202711845155e-6,-0.025461535067278447,0.00937956737525375,0.004322801562307856,-0.004975936187245003,-0.009158237610182515,0.028172592931670706,-0.024782766676441716,0.0049701359669741575
cube,1000000,1000000,33025,33026,512,m12-2-1,2026-08-04T21:23:52,702037,0.00021035235154318974,0.00026453662778945036,0.0004672663842702345,0.0038337306538734476,0.003811641046412772,-0.004553498399383721,0.011237625962848878,0.01334501217952183,-0.03510497442708461,-0.005920611437355921,0.011160261182976096,-0.01717874283339598
cube,1000000,1000000,33025,33026,512,m12-2-1,2026-08-04T21:23:52,702365,-0.0006898201475198884,-0.0006225620328361945,0.00038600343994251866,0.001708224177221292,-0.00955239530404435,0.011945823890133345,0.02564489736368506,0.004875866015509315,-0.010574564357395061,-0.02608272985411645,-0.00422916353217543,-0.006584090192730451
cube,1000000,1000000,33025,33026,512,m12-2-1,2026-08-04T21:23:52,702738,-0.0006157758156551932,0.0007634819584849906,0.00012859228633012827,0.01866623710188067,0.012405468841107617,-0.005266943322219595,-0.024183289165231485,-0.00833783685970809,0.022141915908629205,-0.008366411292850387,-0.00028146364459641544,-0.010328400242174613
cube,1000000,1000000,33025,33026,512,m12-2-1,2026-08-04T21:23:52,707132,-0.0005337240094186034,-0.0001604996468278419,-0.00010589581145369385,-0.0011157030776792916,0.014408684996520262,0.0005508786685792768,-0.024589215725776888,0.012876722847816125,-0.00673446454248775,0.008199363025275453,-0.0017168458589637554,-0.011761019770136999
cube,1000000,1000000,33025,33026,512,m12-2-1,2026-08-04T21:23:52,709001,0.00024148236591295792,0.0010660430758553652,-0.0013615008942070525,-0.0038420798800289486,0.0020712584999419237,0.005756213445142915,0.008898028228620004,0.024261873799273918,-0.011927588978157587,0.013024307483871459,0.005429638101079396,-0.020419793919244415
cube,1000000,1000000,33025,33026,512,m12-2-1,2026-08-04T21:23:52,709441,-0.0010336699472707942,0.00015992172040916154,0.0001323554323962692,0.008732510400698803,-0.010986129229308441,0.011942810699234054,-2.7323147479431447e-5,-0.008824562181185424,-0.01495023256846615,-0.020197447174491588,0.008270425807706679,9.205178048625546e-5
cube,1000000,1000000,33025,33026,512,m12-2-1,2026-08-04T21:23:52,709911,0.0013103560404054773,0.000808274158919128,-0.0002886264789958677,0.00048669371431248786,0.020577081640855876,-0.0016409370026549375,0.012375601703184264,-0.00017435063839126212,-0.0044093580768437175,-0.01641065535948313,0.004149353684857986,-0.00031234307592070134
cube,1000000,1000000,33025,33026,512,m12-2-1,2026-08-04T21:23:52,710062,-8.504482722104707e-5,-0.0005582874518922015,-0.00019240544790996076,-0.0025988040176220775,-0.0063723189046284295,0.002526047531856638,0.003918842913532568,0.0039484938461608445,-0.008374145521556247,0.02722729835511708,-0.0035220490873108723,-0.0013496898285383855
cube,1000000,1000000,33025,33026,512,m12-2-1,2026-08-04T21:23:52,711054,-0.00013505214607577694,-0.0005082478770364094,-0.0005619395766631488,0.016366032013645,2.2361571161826285e-5,0.0028372329772731264,-0.01549717231447937,0.008082711357232365,0.013233004959659482,-0.043370272640142524,-0.013882674292899235,-0.02444874337087755
cube,1000000,1000000,33025,33026,512,m12-2-1,2026-08-04T21:23:52,712085,-0.0005755923690505288,-0.0014171349981125857,0.0002252504130975015,0.003705088361682118,0.029953850523505587,0.017786080939119188,0.0018121029143154726,-0.004687378684548779,-0.007288528925581818,-0.010519157034247386,0.021870604434893838,0.0009822903228666412
cube,1000000,1000000,33025,33026,512,m12-2-1,2026-08-04T21:23:52,712710,-0.00010231309290343957,0.00040342935413416103,-0.00020211100667536723,-0.009816664854467623,-0.012391279691667836,0.011949336852103042,0.017584248623919704,0.009038208667307054,-0.007635728038034491,-0.022232933421551856,0.009304379508113726,0.0007784561871609148
cube,1000000,1000000,33025,33026,512,m12-2-1,2026-08-04T21:23:52,714161,0.0009601379367787566,0.0003782064370822404,0.0011731587955523344,-0.005271206570699452,0.01636797000202906,-0.027221470868257876,-0.00556456587054244,0.004766999869231133,0.014535252063248029,5.59185612683032e-5,0.01741544269396503,0.0005042067014679502
cube,1000000,1000000,33025,33026,512,m12-2-1,2026-08-04T21:23:52,717194,0.0004051181642911247,0.0011078305525039922,-0.0007663711901542056,-0.0023027244263903995,0.023592211956331804,-0.002284998997391822,-0.028544055903272265,-0.022343034084325065,-0.02475309575963132,0.0016047284382908161,0.016134212883860573,0.024645758510714308
cube,1000000,1000000,33025,33026,512,m12-2-1,2026-08-04T21:23:52,720077,0.00025346044724001147,-4.200662734804103e-6,0.0005211935296630473,0.004913145863346023,-0.005296936729468295,-0.003055138012681678,0.0010718142622819454,-5.3138026455103596e-5,-0.0017092656923073833,-5.7978249054001184e-5,-0.0014978485097889437,-0.004860007836891137
cube,1000000,1000000,33025,33026,512,m12-2-1,2026-08-04T21:23:52,721208,0.0007218262299621439,-0.00034190334767507955,-0.0008387209517590321,0.02124079602113013,0.032762983674216144,0.014274304791941644,0.009858099471033593,-0.00785340937772774,-0.000596555574201394,0.020300738806811516,-0.012168055381489105,-0.013387386643403939
cube,1000000,1000000,33025,33026,512,m12-2-1,2026-08-04T21:23:52,721944,0.00041881912573391543,0.00047265977410619966,8.228801205206293e-5,0.009476870817969062,0.014925899878955162,-0.012074860443129946,-0.0008359666877015723,-0.0006902368195470639,0.013821622716139653,0.011376317270341081,-0.011586525494401726,-0.008786633998421807
cube,1000000,1000000,33025,33026,512,m12-2-1,2026-08-04T21:23:52,723751,0.0001131484103339558,0.0015144349251251879,-0.00021938630339202016,-0.000698779896936177,0.0069207510592179,-0.011540716932178055,-0.03223554104749224,0.007336493749844402,0.029116770566395625,-0.001256963558941452,-0.03455399810274083,-0.006637713852908601
cube,1000000,1000000,33025,33026,512,m12-2-1,2026-08-04T21:23:52,727214,-0.0005806936440710537,0.000385054139833353,0.0007123764089122581,-0.016506987772796966,0.0025392392957366006,-0.009031849540550694,-0.002663528089462034,0.006363781587013031,-0.01897234328889113,0.004244684368096076,0.013147356420962675,0.010143206185783904
cube,1000000,1000000,33025,33026,512,m12-2-1,2026-08-04T21:23:52,727626,-0.00060475517904924,-0.0002310497574299597,-0.0007377665099698262,0.002115407750524204,-0.0045853556762546115,0.001027387045590333,-0.009441718149420401,0.0014358689710036222,0.003311806487428726,0.022885351268844507,0.015025944427425993,-0.003551276721528123
cube,1000000,1000000,33025,33026,512,m12-2-1,2026-08-04T21:23:52,727777,1.8154529231310816e-5,-0.001277737365497331,-0.0014786589391436863,0.0184324060776464,-0.005198344715357903,0.02295881010366633,0.030008308336296995,-0.011580043839175217,-0.012884104567641243,0.0027904911325300503,-0.016011931782820454,-0.0068523622384708
cube,1000000,1000000,33025,33026,512,m12-2-1,2026-08-04T21:23:52,729660,-6.702567757073035e-5,-0.0006986481418803757,0.00015702831409657205,-0.00021876567488224666,0.01199708931059493,-0.019044650303707184,0.015118293522019013,-0.006183143885528484,0.029832463266485785,0.02704785982985051,-0.0132972953471195,0.006401909560410993
cube,1000000,1000000,33025,33026,512,m12-2-1,2026-08-04T21:23:52,731171,0.0006737360708690213,-0.0006397005566545732,-6.402303419348502e-5,-0.018086526298108405,-0.009145246901659122,0.004031870304873807,0.0006365124593445641,0.0077210409353105506,-0.012239760206631662,0.014235901783963617,0.0021477174919198277,0.01036548536279959
cube,1000000,1000000,33025,33026,512,m12-2-1,2026-08-04T21:23:52,731603,-0.001269629648967564,1.9074761050464453e-6,0.0005296225386818914,0.018038760327788363,0.007018294577286108,-0.005017195930744624,-0.018392226083790673,-0.019617674620711536,0.0004043156865777153,0.010415961080242907,-0.014833846079169656,0.0015789142929237662
cube,1000000,1000000,33025,33026,512,m12-2-1,2026-08-04T21:23:52,731835,-0.0006213941679989066,-0.00039092559275823917,-0.00034804936590463056,0.007481474562285003,-0.0028908391450450273,0.00597566780922602,-0.01818841298875431,-0.010052697732299979,0.01944905975535771,-0.0256167949179936,-0.019095797291355174,0.0025712231700152767
cube,1000000,1000000,33025,33026,512,m12-2-1,2026-08-04T21:23:52,734871,-0.0013883057422583954,0.0005555701919890964,0.00015467871342958735,0.0006285472778990278,-0.039224409874993774,-0.011757044489020598,0.002874528627963791,-0.0044854686086799244,-0.0222891362034081,0.004011321139679705,0.022061269235046845,0.003856921330780532
cube,1000000,1000000,33025,33026,512,m12-2-1,2026-08-04T21:23:52,738695,-0.0005345928177950508,0.000674978811157803,-0.0013389560860267618,0.002727513723014952,-0.001504079597985458,-0.031597219897575066,0.021894452700149607,-0.0021319553234901522,-0.0030929782974319984,0.008450509673212842,0.016693340127496598,-0.0005955583995237192
cube,1000000,1000000,33025,33026,512,m12-2-1,2026-08-04T21:23:52,739549,-0.0013433283697404095,-0.000983385897981884,-8.747428268085637e-5,0.014667995005781457,0.012633811630752554,-0.0011241543461549186,-0.00048253921604992544,-0.01111027370658294,0.006715765165155102,0.007236777050611904,0.008978103336076721,-0.0035577212991984267
cube,1000000,1000000,33025,33026,512,m12-2-1,2026-08-04T21:23:52,745858,-0.00014567108282225702,0.00014639367252081335,0.00019016702180625047,-0.018878831753364512,-0.00522069337761555,-0.00388721299208213,-0.010497624465108232,0.01605999711588813,-0.023710210895493116,-0.023544298811288496,0.015908598369637438,0.0028188346374743447
cube,1000000,1000000,33025,33026,512,m12-2-1,2026-08-04T21:23:52,750074,0.00023806210667221708,-0.0008963596955076111,0.00010540409875203554,-0.0013094010014724012,0.02638245024355579,-0.005499119592315233,-0.014963810275458197,0.01744206885211931,0.010675914171842564,0.005865139425076636,-1.6568058517495856e-5,-0.01613266785064658
cube,1000000,1000000,33025,33026,512,m12-2-1,2026-08-04T21:23:52,752311,0.0007256258533786215,-0.0005167320008164516,-0.000499578607129665,0.008761773584307835,-0.008231916290391862,-0.008485837285268355,-0.0038228151066857586,-0.0168817279446728,0.02481718188143524,0.006296968853709056,0.002159883049373829,0.008119954360364102
cube,1000000,1000000,33025,33026,512,m12-2-1,2026-08-04T21:23:52,752739,0.0005981289446460632,0.0002896912119998832,0.000622727898425042,0.008512958759574515,0.008544909908979565,-0.012988140067950925,-0.007758012862943449,0.002159578984265409,-0.013009049700140293,0.027490490230481196,-0.017118028647373516,-0.010672537743840799
cube,1000000,1000000,33025,33026,512,m12-2-1,2026-08-04T21:23:52,753879,0.0002887380660442402,6.32856287381644e-5,-9.270204490251637e-6,-0.004063482176910041,0.01652709305016976,0.01597254327142501,-0.012336142299981511,-0.0016231644403193375,0.03608842648301242,0.0024931695886161614,-0.038735563561600406,0.005686646617229266
cube,1000000,1000000,33025,33026,512,m12-2-1,2026-08-04T21:23:52,754389,-0.0009397449172413332,-3.8978725830553056e-5,0.00014670397599960222,-0.011133642073049161,0.013821914492098877,-0.012097360606550969,-0.011429628596463745,0.005823513659110508,-0.011159828055960445,0.008561487615106637,0.005855817318639864,0.005310128413937513
cube,1000000,1000000,33025,33026,512,m12-2-1,2026-08-04T21:23:52,756244,-0.0007147926983024911,0.0005520132366212182,-0.00017649266450049853,-0.006032857735412319,0.0034268464759753545,0.02501891195291169,0.009221931006601644,0.0001625157545207087,0.018166582713475363,0.0025019224519783976,0.027230988993697344,0.00587034198089142
cube,1000000,1000000,33025,33026,512,m12-2-1,2026-08-04T21:23:52,756537,-0.0004960257049049771,0.0006556817636542569,0.0010953417994352564,0.004186841784882654,-0.005413844353324557,0.016297590698226328,-0.01930800911645934,0.0022217887770872645,0.011644119272046524,-0.017341735472761965,-0.011374805531223749,-0.006408630561970076
cube,1000000,1000000,33025,33026,512,m12-2-1,2026-08-04T21:23:52,757403,-0.0009492905191517547,8.423236099449889e-5,0.00011928574507162441,0.013360881919171057,0.004151223982352736,0.01570713215150862,0.010055418735734758,-0.020357820846662655,-0.005354284965440637,-0.00847075573540275,0.03814619710674059,0.006996938927491772
cube,1000000,1000000,33025,33026,512,m12-2-1,2026-08-04T21:23:52,758871,4.348072460464013e-6,0.0007727568002543585,-0.000908934419876026,0.00845476195226056,-0.001558035127947021,0.013270285909530789,-0.013739837697346352,-0.005160357342337699,-0.013610501876634658,-0.01762593832424486,0.03077358139431529,-0.003294404609923426
cube,1000000,1000000,33025,33026,512,m12-2-1,2026-08-04T21:23:52,759979,-2.5282987291847448e-5,0.00016340899046615815,0.0008248996140763417,0.0009395600379339691,0.008214798468587959,-0.006633932719271917,-0.011818532863621946,-0.003508235088796718,-0.0047468173362617844,-0.009151925827123406,-0.01815793635007738,0.002568675050862723
cube,1000000,1000000,33025,33026,512,m12-2-1,2026-08-04T21:23:52,762943,2.4427738207227682e-5,-0.0009778354156863376,-0.0010290108898113747,0.00506610893835957,0.005839318744624538,-0.029483568726501912,-0.005756821480906672,0.00682586135022921,0.0013472068702499143,0.0011074064456667693,-0.011273736068673516,-0.011891970288588977
cube,1000000,1000000,33025,33026,512,m12-2-1,2026-08-04T21:23:52,765742,3.4037219731564195e-5,0.00013505378840746333,-2.5184013350610658e-5,-0.020522858237235413,0.01017916797229752,0.005651598715335618,0.004764813969178165,0.0260939371712702,0.017064681149850196,-0.023376378863155217,0.011066155198805364,-0.0055710789340353934
cube,1000000,1000000,33025,33026,512,m12-2-1,2026-08-04T21:23:52,765912,0.00040239499310145425,-0.0001835751714395634,-0.000848955790452772,-0.012727516965196407,-0.002972794613720549,0.01135380787561042,-0.003967635806445821,3.9045746232142705e-5,0.017939123766055345,0.003402405065916446,-0.022472041793786268,0.012688471218963214
cube,1000000,1000000,33025,33026,512,m12-2-1,2026-08-04T21:23:52,767339,-0.000218826448562273,-0.0005140544621741569,-0.0008102755424780959,-0.011314887677294449,-0.012473028005876349,-0.00045030979257586917,0.006062678914788849,0.00041300243770312666,-0.010390711349185214,-0.000955195391259118,0.003656889847630651,0.010901885239591373
cube,1000000,1000000,33025,33026,512,m12-2-1,2026-08-04T21:23:52,768176,0.00010630154713085668,-0.0005708318417190737,0.0008741307978091205,-0.00831589958267739,-0.007172135706254456,-0.018897985334200975,-0.010811197776236466,0.0028139664338560594,0.005647598913517557,0.007944535952567474,0.0022878399363997696,0.005501933148821235
cube,1000000,1000000,33025,33026,512,m12-2-1,2026-08-04T21:23:52,768399,-0.00035070402833971796,-0.00033654912944768934,-0.0006117826250028433,0.00158256209362049,0.0038777884892397876,-0.019569740643851637,0.011347076135524605,0.0031255767115904317,-0.01389590199982445,0.03182583755325916,0.0055398381527394965,-0.004708138805211078
cube,1000000,1000000,33025,33026,512,m12-2-1,2026-08-04T21:23:52,768544,0.0005678812818431062,-0.00031486125356132064,-0.0015045183800348003,0.0055728958850305285,0.009882920220493335,0.008788255379725881,-0.007322735616635427,-0.007618050907532204,-0.02673138014914118,-0.006129537983923886,0.003174355933988075,0.0020451550225021025
cube,1000000,1000000,33025,33026,512,m12-2-1,2026-08-04T21:23:52,768868,-0.00022837400428070857,9.637805355968409e-5,0.00037608548380215656,1.3407403407404633e-5,-0.010701679954940922,0.0240326365487678,-0.0016096768281281199,0.012546854282067709,0.02494138297619649,-0.009974647441951034,-0.00623664254974306,-0.01256026168547502
cube,1000000,1000000,33025,33026,512,m12-2-1,2026-08-04T21:23:52,771025,0.00032825513595839575,-0.0003624197268898815,0.0006592676476640587,-0.008854281446441467,-0.034404204064174104,-0.009564862407690944,-0.0012616476381972093,0.02222888497680465,-0.005319459707812997,0.0169683262917444,-0.011746167160043593,-0.013374603530361582
cube,1000000,1000000,33025,33026,512,m12-2-1,2026-08-04T21:23:52,772335,-0.0008907480135115397,0.0003729226063915894,9.288962787497082e-5,-0.004581175791710783,0.002518117818209818,0.0018373153734657522,-0.0030691379108263328,0.0001774717452604981,0.009934855559243196,0.004495927999164817,0.013152815233039928,0.004403704046450169
cube,1000000,1000000,33025,33026,512,m12-2-1,2026-08-04T21:23:52,775542,-0.0004395202683223669,0.00048022769045423855,0.0009229889662912266,0.006836292808036136,0.017551679279191032,0.010574535281162662,0.00475308998900428,-0.007796603697860273,-0.01710298803161255,-0.007718745044127,0.0004578137158596584,0.0009603108898237069
cube,1000000,1000000,33025,33026,512,m12-2-1,2026-08-04T21:23:52,778081,0.0003675231408767959,-0.0003197548120585932,4.203070510250472e-5,-0.0033183913639604993,-0.007002271945179005,-0.018113200323940756,-0.01176054294118515,-0.007913001084136376,0.016515540993432342,0.03739126551242811,6.061014993306518e-5,0.011231392448097377
cube,1000000,1000000,33025,33026,512,m12-2-1,2026-08-04T21:23:52,782829,0.00019373126403839577,0.0002150150813431364,9.151039423760453e-5,0.008939140625692515,-0.009949113303915413,0.017236311547639754,0.008721499324459165,-0.005118223697270658,-0.025683919120188484,-0.027015125513597648,0.005700390905736662,-0.0038209169284212563
cube,1000000,1000000,33025,33026,512,m12-2-1,2026-08-04T21:23:52,785043,-0.00011394277434501599,0.0011488979519662052,-0.001053694832802887,-0.00494228137168842,-0.0321312085779724,-0.029813956910007773,0.002711461815222338,-0.005090101328388952,0.014945744929926457,-0.0027174587664176753,-0.017251364891919425,0.010032382700077268
cube,1000000,1000000,33025,33026,512,m12-2-1,2026-08-04T21:23:52,785887,-0.00016673123559472473,0.0002400281543370462,0.0008890076454537816,-0.008527325876477072,0.013537969689213693,-0.010380594710068133,-0.0025138936629575544,0.003826543205759728,0.009882745210805947,-0.001918985573016209,0.017440540135617074,0.004700782670717511
cube,1000000,1000000,33025,33026,512,m12-2-1,2026-08-04T21:23:52,788131,0.0007488540425376936,0.0006536539570541697,0.0011439430067966545,-0.010591742141043598,0.004639635936516323,-0.020079970319968755,-0.009476329763576331,0.002886852096864572,-0.010501700526523402,-0.007065717010431194,0.010653381501284342,0.007704890044178676
cube,1000000,1000000,33025,33026,512,m12-2-1,2026-08-04T21:23:52,789275,0.0005696233691299622,-8.57907248773813e-6,-0.00023275872169496798,0.00405539003509668,-0.014911453697033773,-0.00012467841279612877,-0.01855482271194959,-0.0013166946526622018,0.0019401026401433305,-0.002356017873221364,-0.03166919270478173,-0.002738695382434472
cube,1000000,1000000,33025,33026,512,m12-2-1,2026-08-04T21:23:52,790392,0.0006478465895264268,0.0005639501409846141,-0.0009988985539673447,0.002644433505409399,0.015869706443085826,-0.01378334799604545,-0.00986318372149832,-0.0019089292390555767,0.0010323423717053257,0.013752703253467594,0.014686151393354746,-0.0007355042663538729
cube,1000000,1000000,33025,33026,512,m12-2-1,2026-08-04T21:23:52,797327,-0.0003409059109829607,-0.0011817266618926912,-0.0007081984548104511,0.005347602334231846,0.011623139560232695,0.01411537439253391,-0.010936977693941165,-0.00266905157365914,-0.020293311638661746,0.00896431288131914,-0.0154890650039255,-0.002678550760573182
cube,1000000,1000000,33025,33026,512,m12-2-1,2026-08-04T21:23:52,798248,-0.00012490011104796396,0.0005079906498219473,0.0007129142354203562,0.0023869824507799548,0.002322875509945197,0.006190629029439854,-7.44822091217422e-5,-0.005307598634933533,-0.02819713983204756,-0.019594042719239632,0.020178236201621028,0.0029206161841544417
cube,1000000,1000000,33025,33026,512,m12-2-1,2026-08-04T21:23:52,800369,-4.404589625379314e-6,0.0013194608578338035,-0.00020193464911861904,0.0007320342510842932,0.014621402904025605,0.011308303846349614,-0.029066631785667554,0.0011314475956883945,0.04472704968779668,0.015257060565279063,-0.03180353648852165,-0.0018634818467730028
cube,1000000,1000000,33025,33026,512,m12-2-1,2026-08-04T21:23:52,801657,0.000615303250509348,5.8018467720691597e-5,0.00043251254179374346,-0.008595637202741604,0.00995799092128967,-0.003757512005886112,0.005120094354937061,0.004877174280947949,-0.012116792981871852,-0.012935589375450515,0.013694634760816967,0.0037184629217928583
cube,1000000,1000000,33025,33026,512,m12-2-1,2026-08-04T21:23:52,802366,-0.00010992390742087833,0.0007506463443783071,0.0004033124567958865,-0.01199840649998931,-0.034737022190400715,0.025832895923155727,-0.0031495535623086725,0.02506193407864661,0.009441964469951039,0.01219018698483532,0.01957356033470695,-0.013063527578657958
cube,1000000,1000000,33025,33026,512,m12-2-1,2026-08-04T21:23:52,802392,0.0003582502487704941,7.610737580354052e-5,-0.0002192224882621104,0.0013693191000577081,9.264478068931266e-6,-0.0033786459811169893,-0.016311362825367926,0.0075262018056466455,0.018729287909077824,0.014432932681157015,0.006756971406306749,-0.008895520905704172
cube,1000000,1000000,33025,33026,512,m12-2-1,2026-08-04T21:23:52,803164,-0.0002810659245067095,0.0003855413124698676,0.0005225666487991783,-0.0041293727645802325,0.012327543879288434,-0.0030224710540525095,-0.0029155829448720854,-0.004777237127217484,-0.02112542553876582,0.007515088448968537,-0.00654652400852617,0.008906609891797755
cube,1000000,1000000,33025,33026,512,m12-2-1,2026-08-04T21:23:52,805112,-0.00043547576318674205,-0.0008395503901629894,0.0002255257965756528,0.005812210058076952,0.006058556497114363,0.006542681118912273,0.011702292297668454,0.0097122467041445,-0.006922868221212644,0.0033343300279408536,0.003570171121129517,-0.015524456762221356
cube,1000000,1000000,33025,33026,512,m12-2-1,2026-08-04T21:23:52,808550,-0.0006086232593559556,0.00023127990349837578,-0.0009223971165303004,0.007685029538906494,0.018862937601095635,-0.013460445349250377,0.009442673185864333,-0.012099323610053395,-0.03901512774850791,0.008513690283390286,0.006585892089629283,0.004414294071147293
cube,1000000,1000000,33025,33026,512,m12-2-1,2026-08-04T21:23:52,810764,-0.0001317502558747346,0.0005573365601782401,-0.0008988366302193661,-0.032528311082334956,-0.014881890547885378,0.0074817964099700976,-0.014432096245238207,0.020843258283948937,-0.002386787135643205,-0.008839645096282807,-0.0028738114043840263,0.01168505279838502
cube,1000000,1000000,33025,33026,512,m12-2-1,2026-08-04T21:23:52,814786,-0.0007157017308177313,0.0002241332540041345,-0.0003443350844621347,0.005627841876800067,0.00127883316512334,-0.02621990426422175,-0.011212494037343092,0.00015542036626680695,0.0024899229808853997,0.012808951833101625,0.017615736654184377,-0.005783262243067331
cube,1000000,1000000,33025,33026,512,m12-2-1,2026-08-04T21:23:52,816093,-0.00014216497387092543,0.0011243095828326849,-0.00021490859563793975,-0.005988227154382212,-0.01208977510353174,-0.013314730506365377,-0.016908450143301144,-0.0035874993079429178,-0.009465969487273771,0.009264688157866432,0.0035370298355973957,0.009575726462325
cube,1000000,1000000,33025,33026,512,m12-2-1,2026-08-04T21:23:52,817800,0.00045940482340232436,3.313178842589309e-5,0.000423752898481913,0.006879498746141251,0.005939720118102521,-0.0024998797681658465,-0.0045016137089064715,-0.012155444798754638,0.02313213663476065,0.008801163845506743,-0.02054668576730236,0.005275946052612943
cube,1000000,1000000,33025,33026,512,m12-2-1,2026-08-04T21:23:52,819866,-0.000428910404975385,0.0006830582003807708,0.00035151650764404026,0.0020690289126447303,0.015879149819063874,0.0009861893663652005,-0.007882334137509373,-0.0010935566010975251,-0.012680288006032974,-0.008866994106645232,-0.0066667171583019505,-0.0009754723115466872
cube,1000000,1000000,33025,33026,512,m12-2-1,2026-08-04T21:23:52,824223,0.00023775120337151515,-0.000632529083265592,-0.00027436441566968756,-0.008015770317979844,-0.0026862080948716815,-0.006505587253997232,0.0061019072852064185,0.010054295778045912,-0.009577483762121416,0.019106761556830085,-0.005274103287774674,-0.002038525460065667
cube,1000000,1000000,33025,33026,512,m12-2-1,2026-08-04T21:23:52,825670,0.0006732230152709859,0.001805246909437586,0.0005055669671087496,0.004630733945785615,0.0015204808128412776,-0.0068552777174739465,0.0021714761190571846,0.0034297042585933806,-0.030392581339469312,0.01196406044288457,0.0038654571226149365,-0.008060438204378448
cube,1000000,1000000,33025,33026,512,m12-2-1,2026-08-04T21:23:52,826734,0.0006152302278527996,0.0007333294355028664,0.00043957886161546743,-0.022011638702833226,-0.020546114019658956,-0.03188546325795829,-0.008464590882461157,0.0020886585143843747,-0.0030791342927535756,0.011810883890276075,-0.0002890470805440156,0.019922980188449305
cube,1000000,1000000,33025,33026,512,m12-2-1,2026-08-04T21:23:52,827658,-0.0008767722654617602,-0.0002446380391417666,0.0008359049428681147,-0.010648113454839467,-0.03890096922003715,0.018723296962907098,0.007952796672315994,0.020813422746982224,-0.018976412512718203,-0.010336034684351736,-0.017471768364652383,-0.010165309292141815
cube,1000000,1000000,33025,33026,512,m12-2-1,2026-08-04T21:23:52,828670,0.0005149139274935827,0.0009270349052370799,-0.0004882793725319331,0.0025517277938246555,-0.019833535417622887,-0.002225214436702273,0.013173340844594594,-0.018048135965373205,0.013987905056851126,0.004128171711978162,0.0015767941768733856,0.015496408171548919
cube,1000000,1000000,33025,33026,512,m12-2-1,2026-08-04T21:23:52,831146,0.000603166014273859,0.00022507966425902462,0.0004870531736806952,-0.0004099115052655647,0.030472438194213355,-0.01692036311784662,-0.0029920229155879345,-0.009079530471943056,-0.0029314858075005757,0.02115445926818675,-0.0007857680375771498,0.009489441977207998
cube,1000000,1000000,33025,33026,512,m12-2-1,2026-08-04T21:23:52,833609,0.00041580669924978704,0.00042175084352785133,-0.0003063707562466196,0.005555342771488735,-0.0066285871971534715,0.01832409089151783,0.02658139624789543,-0.00403379355787396,0.013695520613324469,0.02115277125093021,-0.00015663578124492262,-0.0015215492136147037
cube,1000000,1000000,33025,33026,512,m12-2-1,2026-08-04T21:23:52,838842,0.0003350268603647429,0.0005369918502954973,-0.0004964849790016192,0.004170262461709967,-0.0038110714640820806,-0.0001815367344954254,-0.013467952872200385,-0.011539245469484193,-3.2381320861934096e-5,0.0030075319344234435,0.008894877170011974,0.007368983007773967
cube,1000000,1000000,33025,33026,512,m12-2-1,2026-08-04T21:23:52,838933,3.3943348690860626e-5,-0.0001108787009091303,0.0007467304216093041,0.00752296350256084,0.015320038192854777,-0.011556718537992143,-0.011876698521431426,-0.0026168418890617027,-0.013946925479064023,0.018202014166990008,-0.0015664880133267592,-0.00490612161349929
cube,1000000,1000000,33025,33026,512,m12-2-1,2026-08-04T21:23:52,839267,0.0003819002707854971,-0.00032852983336171236,0.00021172739170793477,0.027051073022787368,-0.016974680655712036,0.00037027533519256754,-0.022458923226571507,-0.03139538721508944,0.01844483544142508,-0.008687193082178036,-0.020157045994311725,0.004344314192301111
cube,1000000,1000000,33025,33026,512,m12-2-1,2026-08-04T21:23:52,841189,-0.00013490515127729082,1.88169342179302e-5,0.0007742782303402993,0.015377220551245985,-0.026345245142031213,-0.017027878973322058,-0.010777249440583338,-0.004300549308010982,0.031015352405869685,-0.01721082155722283,-0.007459308200393055,-0.01107667124323453
cube,1000000,1000000,33025,33026,512,m12-2-1,2026-08-04T21:23:52,842472,-0.00037300928812110954,-0.00015260219577939164,0.00022753762955578496,-0.01654557332972081,0.02232296994725427,-0.0017073550766326245,0.013699475058550235,0.010678608852635794,-0.03584172184229629,-0.004591100086303829,0.006325518261706994,0.005866964477086425
cube,1000000,1000000,33025,33026,512,m12-2-1,2026-08-04T21:23:52,843697,-0.00039057050960539155,-0.0005862120753942729,-0.00015192326018828012,-0.005682824517633527,-0.0010475979728829326,0.003869797152135708,0.0017242843330480628,-0.018437488872700178,0.0004975194447924508,-0.018610945544706693,0.013725811971665905,0.024120313390333867
cube,1000000,1000000,33025,33026,512,m12-2-1,2026-08-04T21:23:52,845860,-0.0023441936927067167,-0.0006283855323915871,0.0005779340591064025,0.025240338241349986,-0.009629200485564876,-0.013549013101963029,0.005174680967504725,-0.008959528411039686,0.007102566475472953,0.0136234317123571,-0.006840458238854606,-0.016280809830310623
cube,1000000,1000000,33025,33026,512,m12-2-1,2026-08-04T21:23:52,845973,-0.0006768312336550602,-0.000319533533127976,0.0006701678125580962,-0.0034027290841226617,0.002938350210864781,-0.008359241598373477,-0.003514236710571982,0.001575215507149976,0.0018378953536229833,-0.00538775508450062,-0.014411491282968205,0.0018275135769734011
cube,1000000,1000000,33025,33026,512,m12-2-1,2026-08-04T21:23:52,847722,-0.0008968655464774124,-0.00041913032330990975,0.0009769534220463404,-0.01705101485611521,0.0013893078179710518,-0.009148325139434756,-0.012179852497667499,-0.00623262727121112,0.005080891720729446,0.008775762112753977,-0.020161917925255252,0.023283642127326584
cube,1000000,1000000,33025,33026,512,m12-2-1,2026-08-04T21:23:52,849480,0.0008301802537203066,0.0018263292465130858,-0.0005888997987596322,-0.004086968413020942,0.028937717465412783,-0.007922555193749781,0.038102832326535246,0.009881463085185995,-0.007949426928208868,-0.01399397899441433,0.01469415731075847,-0.0057944946721647855
cube,1000000,1000000,33025,33026,512,m12-2-1,2026-08-04T21:23:52,850995,0.0015951875322768511,0.0007450619072583675,0.0014631861863604726,0.0044966123554926315,-0.008069702106613686,0.02269663229166039,-0.0010123557584319107,-0.006054149209579805,-0.01531802413973053,0.00982191284667068,0.005258546639122894,0.0015575368540872425
cube,1000000,1000000,33025,33026,512,m12-2-1,2026-08-04T21:23:52,851400,0.0007370169834584677,0.000491223499293051,8.543035621765464e-5,-0.004939268514553496,-0.005080858853273991,-0.01832135109808683,-0.0011436609195874913,0.0064379406069223245,0.012177671085717413,0.02047052981464293,-0.00786871708714562,-0.0014986720923688133
cube,1000000,1000000,33025,33026,512,m12-2-1,2026-08-04T21:23:52,851763,-0.00011799563032121881,7.423769989868725e-5,0.00019351520706774772,-0.012783182385437481,0.012341901403303457,0.010439649764218179,-0.015789900271177843,0.009384037617097668,0.005130378839121906,-0.014817686065056566,0.0038273996498864476,0.00339914476833934
cube,1000000,1000000,33025,33026,512,m12-2-1,2026-08-04T21:23:52,855552,-0.0021118031315439504,-0.0008677790609340255,0.0005058849215549178,-0.0027498901625976173,-0.014732186224394914,-0.032527101474659204,-0.014225002589228158,0.001194075495178206,-0.027058580464769177,0.0033383028679370556,0.029481308736857195,0.001555814667419211
cube,1000000,1000000,33025,33026,512,m12-2-1,2026-08-04T21:23:52,856835,-0.0004415035624049546,0.0003984294545146164,0.0006022337103211121,0.006423578687501054,-0.029855387145559423,0.0058326800215228085,0.024183904562118337,-0.013158149537708224,0.017782799407832447,0.00346672236908182,0.008205251323586625,0.00673457085020838
cube,1000000,1000000,33025,33026,512,m12-2-1,2026-08-04T21:23:52,863410,-0.0002776819035600364,0.0007645582284826362,-0.00015692902939173177,0.011303000380894187,-0.020173768712527986,0.00682433727817181,-0.00270775527228529,-0.007744106256714384,0.0024774820394356323,-0.011804174586233663,0.01365511875637984,-0.0035588941241803283
cube,1000000,1000000,33025,33026,512,m12-2-1,2026-08-04T21:23:52,863766,-0.0008703771365471089,-0.0001717118886004691,0.0004615743969123009,-0.020374237492962077,0.01949457991141718,0.023368452552981207,-0.02752381597999579,0.019447877564896236,-0.011811017118883846,0.015105987449044792,-0.003295075756029844,0.0009263599280646196
cube,1000000,1000000,33025,33026,512,m12-2-1,2026-08-04T21:23:52,864323,0.00046063632175511485,0.0011933938695398408,-2.1049742599092117e-5,0.0009552993837481334,0.0008957628002300888,-0.01581384635367611,-0.029807030623557586,0.011353076099070268,-0.02664336172544435,-0.012151083336809324,0.022510319648673338,-0.012308375482818995
cube,1000000,1000000,33025,33026,512,m12-2-1,2026-08-04T21:23:52,864905,-0.0009742504930543972,-0.0003941410176454124,2.4148971608791632e-5,-0.0036321720929901433,0.015990056155475593,-0.0033089756920598305,-0.021410080611920786,0.0061514219767725385,-0.01916629221818514,-0.010701939132243205,0.0408878046550899,-0.0025192498837823237
cube,1000000,1000000,33025,33026,512,m12-2-1,2026-08-04T21:23:52,865327,0.0003029940185462996,0.0007715234921564966,0.000283556213765323,-0.0003434998807536882,-0.010956916493097242,-0.031057510578695,-0.028353272871675862,0.007893733679540129,0.005507026491324453,-0.008011354216847132,0.018315454644801756,-0.0075502337987869254
cube,1000000,1000000,33025,33026,512,m12-2-1,2026-08-04T21:23:52,866349,-0.00019407410857330952,-0.00011907252338427444,0.0002849749306619055,0.005238080770163588,0.010081268529477879,0.005860853824002186,0.0043139829770623755,-0.013057908282721381,-0.023293372486436145,0.0009076060664211338,0.01020550220387586,0.007819827512557685
cube,1000000,1000000,33025,33026,512,m12-2-1,2026-08-04T21:23:52,867215,-0.000253032634101103,-0.00013152636531093152,-0.0007795098921564152,0.013673906356654197,-0.006681566267539023,0.00025888004580367017,-0.003779511342429679,-0.005817973198923919,-0.014950979627826436,0.013178831309252924,-0.0180141627956066,-0.007855933157729719
cube,1000000,1000000,33025,33026,512,m12-2-1,2026-08-04T21:23:52,868817,-0.00035928971784877434,0.00018592568934009413,-0.00017316654991066043,-0.00984937973020873,0.0153518852815068,-0.003063038491792627,-0.01719584295992162,0.008114296361966993,0.002872085448112977,0.011372838784699944,0.012053054455231315,0.0017350833682420054
cube,1000000,1000000,33025,33026,512,m12-2-1,2026-08-04T21:23:52,872679,0.00014029470090935064,-0.0009182559884996583,0.0007133390709785647,-0.010931414317460782,0.0074109404751164796,-0.006152271284422799,0.005420131273202046,0.01111111297872914,0.008626777926669774,0.013492125737134866,0.02097192358581409,-0.0001796986612685138
cube,1000000,1000000,33025,33026,512,m12-2-1,2026-08-04T21:23:52,872826,-0.0001905595639560666,-0.000662923048735671,-0.00017531140992320607,0.0015941641280186646,-0.007627102492809913,-0.015129834010373834,-0.0010088296665222477,-0.008598101383962215,-0.024501361599601285,-0.004132553853548309,0.009014234094101037,0.007003937255943699
cube,1000000,1000000,33025,33026,512,m12-2-1,2026-08-04T21:23:52,873587,-0.0003218018377448797,0.000773556138686819,-0.0007995653309107685,0.008023296470370252,-0.007394073972028782,-0.02575249649507827,-0.025686094627219002,-0.01114625251338956,0.0048271957937810915,-0.0055421078775759695,0.013366269820572752,0.0031229560430198347
cube,1000000,1000000,33025,33026,512,m12-2-1,2026-08-04T21:23:52,874899,0.00041058524430129896,-0.00019217789273653547,0.00020858555029457283,-0.006064508524880745,-0.006174193431005842,0.023478089306136752,0.003601554470728893,0.0013850348729537933,-0.01885985562420455,-0.010124130640989748,0.023285521631718802,0.004679473651926923
cube,1000000,1000000,33025,33026,512,m12-2-1,2026-08-04T21:23:52,877660,0.00025221770066618946,-5.5926360694763445e-5,-0.0008819339721723318,0.004647501993725714,-0.000494945794836959,-0.015105655634706236,-0.007492430108125355,-0.02180776916701812,0.016758294439807895,0.016814191268989885,-0.0005381044459621697,0.01716026717329266
cube,1000000,1000000,33025,33026,512,m12-2-1,2026-08-04T21:23:52,878807,0.0012241378866690294,0.0017440806768647108,-0.0002013223803937627,0.0017248799994332286,0.006863433229974062,0.006098739215182021,-0.01566506361082346,0.0008276053859389011,-0.013284780716394615,-0.012176979827942929,-0.00054100110878918,-0.0025524853853721276
cube,1000000,1000000,33025,33026,512,m12-2-1,2026-08-04T21:23:52,882400,0.0009042423842000845,0.0012837264196116195,0.0015476707404061766,-0.03122162256304671,-0.0067352821207709215,0.015655573783649863,-0.0017010662937641692,0.022038487066708586,-0.008642235910213106,-0.021102276015802446,0.002535726350763228,0.00918313549633814
cube,1000000,1000000,33025,33026,512,m12-2-1,2026-08-04T21:23:52,885007,0.00033684451465622214,0.00045803117532413224,0.0005142523008709563,0.007844808376163073,0.002551316133884467,-0.02005899436530682,-0.004242770500405014,-0.0008455780890358135,0.02216905674274327,-0.011118982886784371,-0.010999284988130758,-0.006999230287126861
cube,1000000,1000000,33025,33026,512,m12-2-1,2026-08-04T21:23:52,885788,0.00017242472839422258,0.0007302603618376452,0.0004210136791375413,-0.003399092179206444,-0.013058429446427964,-0.0018647956509472959,0.0023863809634986294,-0.0011009056080432465,-0.012811152308079702,0.014628332300702237,-0.007483705647701105,0.004499997787249765
cube,1000000,1000000,33025,33026,512,m12-2-1,2026-08-04T21:23:52,885898,-1.0834775292613991e-5,-0.0007170691134313198,-6.859909307073043e-5,0.0019169265200940824,0.0076973901454707285,-0.01761569637311987,-0.007612293430693003,0.01289383928052475,-0.010747108671231128,0.018593097864666352,0.021488509390303355,-0.014810765800619559
cube,1000000,1000000,33025,33026,512,m12-2-1,2026-08-04T21:23:52,886971,-0.000252618591593904,-0.00047052315063161426,-0.00029419769523032486,-0.000777631071377024,0.00614783076988052,-0.008421911604591513,0.020581152470241088,-0.0023270688862716093,0.009684588217757388,0.008002873410328149,-0.0010872508520028792,0.0031046999576484565
cube,1000000,1000000,33025,33026,512,m12-2-1,2026-08-04T21:23:52,889810,0.0005726728621056467,-0.0005255222836319996,-0.0004632444183667984,-0.010232228695322719,-0.0067418827564280324,0.010268977472729294,-0.00010998750866795768,-0.0006098351255038892,0.019882554605396636,0.010433311221753035,-0.011783429271531707,0.010842063820826543
cube,1000000,1000000,33025,33026,512,m12-2-1,2026-08-04T21:23:52,890333,-0.00021608367899391445,0.00036228695556803683,-9.116211230268373e-5,0.009670063833290337,0.011163732356734844,-0.019404751443973647,-0.03892762096211821,-0.00024457140155063304,-0.014866170679793251,0.01070127660891083,0.01859154016814942,-0.00942549243173991
cube,1000000,1000000,33025,33026,512,m12-2-1,2026-08-04T21:23:52,893026,-0.00031953534029403744,0.0015778907188998218,0.000197053327710764,-0.0062104782121781945,0.00874380167486634,-0.00011559051173491025,0.007497313711416223,0.004694260038587442,0.02154912951395298,0.0041507306125348024,0.00022553469362430477,0.0015162181735910248
cube,1000000,1000000,33025,33026,512,m12-2-1,2026-08-04T21:23:52,893029,0.0010187151105306715,-0.0003419646744834951,0.0001490874969315139,-0.009664170394531307,0.005883760251450795,-0.0019049716493323497,-0.009842258218678098,-0.0012515274196920308,0.013741111135671506,0.0187939163662541,0.0053144020260153775,0.01091569781422328
cube,1000000,1000000,33025,33026,512,m12-2-1,2026-08-04T21:23:52,893252,-0.0007894006858124335,0.000199202498714593,0.0003033661574325819,-0.0009771093907995183,0.003782658086716999,0.017515458898083258,-0.0006207577282069088,-0.0027153712136404285,0.03792178048486972,0.0029344913420700793,-0.012283564179278793,0.003692480604439882
cube,1000000,1000000,33025,33026,512,m12-2-1,2026-08-04T21:23:52,895823,-0.00044634929465718176,0.00035484878538189727,-7.433773914335987e-5,0.007765493602088621,-8.476427255089796e-5,-0.0020417623998802642,-0.005549914114239072,-0.017725462067634194,0.0044096509428404275,-0.006860796581157858,-0.001087410150052694,0.009959968465546754
cube,1000000,1000000,33025,33026,512,m12-2-1,2026-08-04T21:23:52,899313,-6.797135597847424e-5,0.00015537587361157446,0.0005595238441105612,0.002885119885915176,-0.0005047375489405578,-0.017474907458567227,-0.007832249508943666,-0.0013404794724680173,-0.04226086338793492,0.028032317275689136,0.013518451816278566,-0.0015446404134473641
cube,1000000,1000000,33025,33026,512,m12-2-1,2026-08-04T21:23:52,899431,0.00012337658293315904,0.0009523431716820656,-0.0011606491481142372,0.010844216783543649,-0.010568466425138971,0.0036157925414865605,0.024450716083230187,0.004555019762835148,-0.009570430279254973,0.02511125216034968,0.014381480800183113,-0.015399236546378791
cube,1000000,1000000,33025,33026,512,m12-2-1,2026-08-04T21:23:52,900318,2.243114958672241e-6,-0.000282443250893144,-3.558746450578001e-6,-0.002665783925718741,-0.011005193668739192,-0.003593983066335588,-0.008510075457064059,-0.000741997827437762,-0.00659480047385529,-0.0013941987976056167,0.014189393965855182,0.003407781753156486
cube,1000000,1000000,33025,33026,512,m12-2-1,2026-08-04T21:23:52,906088,-0.0017829056469229833,-0.0004356388341631297,-0.0004236127146269075,0.009259624895974875,-0.0038526000225362514,0.028182802637121127,0.011407390145885724,-0.01461430013462709,0.002473262886846643,-0.03000256608905974,-0.023730348987125397,0.005354675238652998
cube,1000000,1000000,33025,33026,512,m12-2-1,2026-08-04T21:23:52,910987,-0.0005261614068858609,-0.00046389694595252914,0.0006945964306314949,0.002575564672141655,-0.011779438659550867,-0.011181180481110154,-0.010353664582301171,-0.007316639359228617,-0.0034872148169673577,-0.013986966895596439,0.019208833299018443,0.004741074687086942
cube,1000000,1000000,33025,33026,512,m12-2-1,2026-08-04T21:23:52,913471,3.4085614692324144e-5,0.0003119382129735343,-0.0003219616284707295,-0.0008839288238067904,0.003357115778616269,-0.01191530112349782,0.010456074669619836,0.0007603157531864938,0.006952556685484034,0.011481159638437126,0.00929422891458618,0.00012361307062013025
cube,1000000,1000000,33025,33026,512,m12-2-1,2026-08-04T21:23:52,913595,0.0011431648882141488,-0.0004598864729312523,-0.0008055867171417811,-0.008497246662184306,-0.02102075212171654,-0.009894110246702302,0.008153614594572853,0.016134465379228292,0.013282648210888455,0.03719961220155,0.006425448027245135,-0.007637218717043446
cube,1000000,1000000,33025,33026,512,m12-2-1,2026-08-04T21:23:52,915207,-0.0005243661059543066,-0.00022770654463972264,0.0006581081555499136,0.015949011375243096,0.003090192988668863,-0.007740515329557595,0.002129581110840291,-0.010788112622973745,-0.005313796670671071,0.00021510127512935166,0.008084240792548042,-0.005160898752269407
cube,1000000,1000000,33025,33026,512,m12-2-1,2026-08-04T21:23:52,920486,0.00018966805583083137,-7.943772113451101e-5,-0.0003682287585842699,0.005707251282388426,-0.004781014203396588,-0.01273496124934687,-0.0177056602682486,0.0014700501069213373,0.021208113094935872,-0.014935556433005604,0.003373752262774644,-0.0071773013893107
cube,1000000,1000000,33025,33026,512,m12-2-1,2026-08-04T21:23:52,924233,0.00030599587430770527,0.0006616714616504188,-0.0002644520597465517,-0.00605462696711282,-0.015264261060825188,-0.015770421819259847,0.013713004355140323,0.0054467685845571,0.011534945123661934,-0.0018967607294891448,-0.011299521522205248,0.0006078583825551275
cube,1000000,1000000,33025,33026,512,m12-2-1,2026-08-04T21:23:52,926281,0.0008016722435832876,0.0012080185699708873,0.001218615725916437,-0.008382755745163577,-0.005960345421392507,0.006475672408709891,-0.0039073568670601995,0.0015937198219288077,0.00917314832402282,0.0017393497913058642,-0.016115650985647923,0.006789035923235509
cube,1000000,1000000,33025,33026,512,m12-2-1,2026-08-04T21:23:52,926725,0.0007464479110749901,-2.4146295158238547e-5,0.000602717959505438,0.0028414011583593004,0.004614770248913707,-0.015273134722517992,-0.016118265112976923,-0.011550524149887598,-0.00590651366739342,-0.011222048741989416,-0.0034577645094097066,0.008709122991528583
cube,1000000,1000000,33025,33026,512,m12-2-1,2026-08-04T21:23:52,927317,-6.995068676030259e-5,0.00042493299153449946,-0.0009725569465715553,-0.018249367623966638,0.026620422377969605,0.01881653834511179,0.0066370194838210805,0.0019054190917831646,-0.00029631620114532736,-0.03140734733513704,0.0029355980993710546,0.01634394853218394
cube,1000000,1000000,33025,33026,512,m12-2-1,2026-08-04T21:23:52,927889,0.0004915955066643029,-0.0005809332685481856,3.464416254740964e-5,0.0022212873966370255,0.012036746624585324,0.0038157763615769176,-0.02808336422502392,0.00996401017989935,-0.022410649991089864,0.00450792917414468,-0.006784111767924205,-0.012185297576536051
cube,1000000,1000000,33025,33026,512,m12-2-1,2026-08-04T21:23:52,930867,0.0004724752747364688,-0.0005803082442885709,0.0003518453896251186,0.006361206746780647,0.01021033576894707,0.008899978681634203,-0.011042101773949296,-0.015423034469885648,-0.013608503482917356,-0.00423850874491165,-0.01797462863793506,0.009061827723104581
cube,1000000,1000000,33025,33026,512,m12-2-1,2026-08-04T21:23:52,935348,3.9732358482360053e-5,-0.0006126271612978935,0.0009649749702634459,-0.004502655066270271,-0.016304581332648584,-0.03220323957964688,0.015680916427898976,0.024887401433862918,-0.02122990957264633,0.010530143407883255,0.011395572560262104,-0.020384746367592712
cube,1000000,1000000,33025,33026,512,m12-2-1,2026-08-04T21:23:52,937748,0.0009485229767086215,-0.00015262527936340576,-0.0014313919802488378,0.011336208556041442,0.00041259504841299337,0.0011025152747389396,0.008123939394827098,-0.011705406527287281,0.011788212135501979,-0.01540581411622612,0.007991872916078535,0.0003691979712448029
cube,1000000,1000000,33025,33026,512,m12-2-1,2026-08-04T21:23:52,942513,-0.0010149777828404982,0.00044999996859534556,-0.00015281970698982606,0.01959484205037905,-0.007887601624631889,0.03500021696398397,-0.0005142115661967864,-0.0012206240680698343,-0.029939964974635334,0.012359978383204143,-0.006992696328182716,-0.018374217982308986
cube,1000000,1000000,33025,33026,512,m12-2-1,2026-08-04T21:23:52,946368,-0.00018144514827168025,-0.0007182005699522405,8.964765606386146e-5,-0.016163799687550336,-0.0038537856230260706,-0.0007808815171898986,0.0008275540885820036,0.009715592198292503,-0.0016802686631437493,0.021807882537019162,0.014733122232600095,0.006448207489257716
cube,1000000,1000000,33025,33026,512,m12-2-1,2026-08-04T21:23:52,948922,-7.355743750066345e-5,0.0003692440047099216,0.0006189926196201346,-0.004877063268698414,0.0002488370443895066,0.017657104986866182,-0.0017870635806374877,0.0023815780908155197,0.010124503391751577,-0.010199107060714573,0.00042274771620055623,0.002495485177883187
cube,1000000,1000000,33025,33026,512,m12-2-1,2026-08-04T21:23:52,949166,-0.00018344630701811108,0.00023292898538212995,-0.000418870205877009,0.001405319773780076,0.007351975132114564,-0.03429102395365492,0.008870242701767787,-0.0119479305227039,-0.028998284540289895,0.027808650137272614,0.022262657670060037,0.010542610748923514
cube,1000000,1000000,33025,33026,512,m12-2-1,2026-08-04T21:23:52,949930,-0.0002539723778629176,-0.0006213313671259092,0.0011172977956162057,0.01449874688245293,0.015649214683877012,0.007453935740835104,-0.006793978894560909,0.003926108663247391,-0.0031975719266866694,0.0014171529742704814,-0.00118724687200322,-0.01842485554570055
cube,1000000,1000000,33025,33026,512,m12-2-1,2026-08-04T21:23:52,949955,-0.0005116524657371773,0.001011069757298241,-0.0004371021983396855,0.018803110626000593,0.001960810002254198,0.03128859008922535,-0.007650714247651358,0.005040541662179877,0.008881320462879927,-0.008071779833696405,-0.02787111553523282,-0.023843652288181427
cube,1000000,1000000,33025,33026,512,m12-2-1,2026-08-04T21:23:52,950410,0.00028569530362310337,-0.0005814882410181757,0.0002552962054681088,-0.00617649537247151,0.002444675190514121,0.0012215815015430293,0.0032513529235416797,-0.00398964235205295,-0.011590178493746625,-0.0008633617448348684,0.01715800327852742,0.010166137724523888
cube,1000000,1000000,33025,33026,512,m12-2-1,2026-08-04T21:23:52,950649,8.272607994061724e-6,-0.00020512922124210755,-5.908499546192018e-5,-0.012348625751321786,0.014269933764564788,0.03143544151080668,0.0009711911496495884,-0.0035725891757642262,0.01485990826505395,-0.005984334926840449,0.023519769728410266,0.015921214927085214
cube,1000000,1000000,33025,33026,512,m12-2-1,2026-08-04T21:23:52,950717,0.0003379815393910143,0.0010889704866142394,1.9820736899581336e-5,-0.0035493724480201135,0.012425645239083337,0.00744221677836076,-0.0036860797389091753,-0.0037105921004352764,0.004919118904642623,-0.0030778275051769415,-0.01187217517762791,0.007259964548455373
cube,1000000,1000000,33025,33026,512,m12-2-1,2026-08-04T21:23:52,951930,0.0002764944964832954,-0.0005349253093405559,7.903115531329736e-5,0.0009761546891705791,0.011748429036641517,-0.011574371384400536,0.01722523165915058,-0.018537885507404643,0.0015668050249850428,-0.006376145788047624,0.01946004749115823,0.017561730818234852
cube,1000000,1000000,33025,33026,512,m12-2-1,2026-08-04T21:23:52,953083,-0.00018129903673582068,0.0002969915570104169,-0.0014441208179717178,0.009246743518609062,0.028813815024161766,0.014298009652595598,0.0014215171214089631,-0.003895740506837861,-0.0034799840692687403,0.007594973887803369,0.002963589657984783,-0.0053510030117709185
cube,1000000,1000000,33025,33026,512,m12-2-1,2026-08-04T21:23:52,954265,-0.0005333963335626109,0.0006684720369191168,4.004574628120005e-5,-0.012004792941885226,0.007316847519320472,0.0038250441436554175,0.01075890352216429,-0.00124275876775646,-0.026312504422913795,0.0060453304691911874,0.027628432215457018,0.013247551709643137
cube,1000000,1000000,33025,33026,512,m12-2-1,2026-08-04T21:23:52,963088,-0.00036135644777695675,-2.1469637244665372e-5,-0.0002856598936794821,0.006782557456853466,0.007362917212732406,-0.0021220866983294763,0.015879748692771804,0.005390161133077377,0.021465738103950128,0.014185360289721763,0.02081511244706537,-0.01217271858993041
cube,1000000,1000000,33025,33026,512,m12-2-1,2026-08-04T21:23:52,967938,0.0008537331380359434,-0.00026763890784711964,-0.0007178715715076353,0.00570771424142625,-0.0194001029741529,0.0029468158866580735,-0.032857458111247774,-0.006628658910539843,-0.006080850622254291,0.01757654020625805,-0.010205996391267605,0.000920944669114191
cube,1000000,1000000,33025,33026,512,m12-2-1,2026-08-04T21:23:52,968489,-0.0009521821362559929,0.0004223610419267238,-0.0004886243256841681,-0.00658338681977566,0.0035901413720091143,-0.03804173309610174,-0.023032297217883642,0.0059688670162459665,0.010816715045284047,0.0024381976468420764,-0.01980605774185324,0.0006145198035297052
cube,1000000,1000000,33025,33026,512,m12-2-1,2026-08-04T21:23:52,969440,0.0008726772047829794,0.0010940015633584927,0.0002709466578283954,0.011506998522703541,0.0041901588946651,0.014396068914482951,0.008222746250358383,0.012240602928689524,-0.0009104833769162159,-0.0021504706238416288,-0.014095898854018053,-0.02374760145139326
cube,1000000,1000000,33025,33026,512,m12-2-1,2026-08-04T21:23:52,969572,-0.0005158091923809087,-0.000984733659139008,0.0007494160448426254,-0.004877049907579644,-0.0061816652008898805,0.013773398462670585,-0.0034662347520346666,0.003834053928110493,-0.007939593635330732,-0.013701057670010933,-0.014141337272570952,0.001042995979468867
cube,1000000,1000000,33025,33026,512,m12-2-1,2026-08-04T21:23:52,970407,0.00030757899422891656,-9.330911123642991e-5,-0.0010323389747595817,0.009011214737960994,0.007851203824860235,0.016406418883350097,0.033281172521842706,0.0010665979504211485,0.037684466214193454,-0.01531998937181581,-0.025439104656865934,-0.010077812688382823
cube,1000000,1000000,33025,33026,512,m12-2-1,2026-08-04T21:23:52,971422,0.00012446132006686881,-0.00047092276065480713,-0.0012844824715973241,0.004332298984980642,-0.026517699003612036,-0.009208412546723282,-0.004229627434818222,-0.003632813926823408,-0.011690215626680774,0.010515914899149275,0.0022061775696612536,-0.0006994850581574485
cube,1000000,1000000,33025,33026,512,m12-2-1,2026-08-04T21:23:52,971510,-0.0005557305137289044,-0.0006654161049872677,0.00039006707267897906,-0.0009112576675506924,0.006143871123641714,-0.006956127083499387,0.023766163216516544,0.006840967784322519,0.03152479752337973,0.007817020075982083,0.008337879499031895,-0.005929710116771507
cube,1000000,1000000,33025,33026,512,m12-2-1,2026-08-04T21:23:52,975343,-0.0008086717762808707,0.0005113973305042892,0.0007029885770595918,0.010832127359039637,0.016036863281867476,0.0002497519029847439,-0.020887360027572372,-0.015384234775276454,-0.012958273988089842,-0.00313422671937127,0.006667697624838673,0.004552107416236872
cube,1000000,1000000,33025,33026,512,m12-2-1,2026-08-04T21:23:52,978961,0.00020711497479184663,0.0007732989127858096,-0.00030064090393831636,-0.008699424756696638,0.005603531663604481,-0.0016684431982659652,0.0029576918031208824,-0.0031218777330183954,-0.002065744848909561,0.007646886349986756,0.0054223612179273946,0.011821302489715387
cube,1000000,1000000,33025,33026,512,m12-2-1,2026-08-04T21:23:52,979060,0.0008935049120121279,-0.0008344663663587776,0.00034773032287124106,0.009388747947906673,-0.0023143661639707267,-0.0009022607679912185,0.013789780377022115,0.001371765232899364,0.011215240101801756,0.00623338653908771,0.02255321931869964,-0.01076051318080596
cube,1000000,1000000,33025,33026,512,m12-2-1,2026-08-04T21:23:52,979513,0.0010696460806157802,0.0004912075979919534,0.000979369196571067,-0.005301699311875119,-0.021041922583200184,0.009501929376209325,0.005655709244172885,0.009897388177488869,0.013026463360189339,-0.005753654382418205,-0.003558161291533348,-0.004595688865613373
cube,1000000,1000000,33025,33026,512,m12-2-1,2026-08-04T21:23:52,982697,-0.00022385140562970358,-0.00015977003947433916,-5.5323161549345365e-5,0.0030205824338946524,0.015360497474425526,-0.01888832442078999,-0.012832382380839856,-0.012123693808298334,-0.01308331488762557,0.012513816807179895,-0.004341536447670601,0.009103111374403453
cube,1000000,1000000,33025,33026,512,m12-2-1,2026-08-04T21:23:52,984512,-0.0005884017178824518,-0.00023089957268593268,0.0005578328042863815,-0.019798765406824223,0.012526291219790776,0.0036822275185558603,-0.009990885086878143,0.004440410151798823,0.0013521407521900881,0.013425795176503868,-0.008475765405602022,0.015358355255026745
cube,1000000,1000000,33025,33026,512,m12-2-1,2026-08-04T21:23:52,995840,-0.0008513575824354768,-5.3372687962119526e-5,-7.91439495916959e-5,0.012791607730794175,0.0060344782464112415,-0.000985193208695769,0.006059209525839369,-0.02412172768143721,0.01574927247939166,-0.0023719619057428424,0.02959485053748363,0.011330119950641664
cube,1000000,1000000,33025,33026,512,m12-2-1,2026-08-04T21:23:52,999109,-0.0002033093258849163,0.0002538409268069072,-0.0010262937774816374,0.013255857253847569,-0.004857951494321529,-0.0011763252185625747,-0.009252433181154419,-0.011769703896823552,-0.01700969192205431,0.016703949012812216,-0.007729127839639568,-0.0014861533570241711
