case,n_target,n_actual,seed,sampler_seed,samples,host,timestamp,index,ux,uy,uz,j11,j21,j31,j12,j22,j32,j13,j23,j33
ring,1000,891,33025,33026,891,m12-1-29,2026-08-05T00:29:46,1,4.2012834183813297e-19,6.071532165918825e-18,0.23297415369232954,-5.637851296924623e-18,1.7867651802561113e-16,-0.20130797572890474,-8.185726402265558e-18,-1.0234868508263162e-16,-6.341624036354342,0.19040032739660728,5.998010204891579,1.196959198423997e-16
ring,1000,891,33025,33026,891,m12-1-29,2026-08-05T00:29:46,2,0.0050846802756462734,0.16017810787903358,0.6383607899468295,0.1718547897424456,0.004356018551830515,-0.16263836937063053,0.004356018551825495,0.3089402458519389,-5.12345021949498,0.17347127056781064,5.4647093592118114,-0.48079503559438524
ring,1000,891,33025,33026,891,m12-1-29,2026-08-05T00:29:46,3,0.011966027866217036,0.376955009662789,0.39312906637895983,0.3876358581577712,-0.007211812574778466,-0.18170733305978415,-0.007211812574790766,0.16067754647264476,-5.7241626256557,0.14357956923141874,4.523057986502813,-0.5483134046304162
ring,1000,891,33025,33026,891,m12-1-29,2026-08-05T00:29:46,4,0.011555535653775791,0.36402364282683547,0.06769421435755499,0.3534378144678987,-0.03067904721218174,-0.1720763507064023,-0.03067904721219368,-0.6120427338933727,-5.420766453870549,0.13890170007011468,4.375695283138337,0.25860491942547376
ring,1000,891,33025,33026,891,m12-1-29,2026-08-05T00:29:46,5,0.004673406696310802,0.14722212634483148,-0.148677570196487,0.13747491505585088,-0.019148460582207913,-0.14178196935990459,-0.01914846058221235,-0.4651339630921158,-4.466429815106721,0.15971243854032252,5.031277253098017,0.3276590480362652
ring,1000,891,33025,33026,891,m12-1-29,2026-08-05T00:29:46,6,-0.0046734066963108,-0.14722212634483145,-0.148677570196487,-0.13747491505585085,0.019148460582207948,-0.14178196935990467,0.019148460582212333,0.46513396309211547,-4.4664298151067205,0.15971243854032266,5.031277253098016,-0.3276590480362647
ring,1000,891,33025,33026,891,m12-1-29,2026-08-05T00:29:46,7,-0.011555535653775791,-0.36402364282683536,0.06769421435755495,-0.3534378144678987,0.030679047212181492,-0.17207635070640248,0.030679047212193684,0.6120427338933727,-5.42076645387055,0.13890170007011476,4.375695283138338,-0.2586049194254738
ring,1000,891,33025,33026,891,m12-1-29,2026-08-05T00:29:46,8,-0.011966027866217045,-0.37695500966278894,0.39312906637896045,-0.38763585815777113,0.007211812574777552,-0.18170733305978437,0.007211812574790728,-0.16067754647264623,-5.724162625655697,0.14357956923141874,4.523057986502813,0.5483134046304177
ring,1000,891,33025,33026,891,m12-1-29,2026-08-05T00:29:46,9,-0.005084680275646277,-0.1601781078790338,0.6383607899468297,-0.17185478974244572,-0.00435601855183005,-0.16263836937063036,-0.004356018551825485,-0.30894024585193913,-5.12345021949498,0.17347127056781056,5.464709359211809,0.4807950355943857
ring,1000,891,33025,33026,891,m12-1-29,2026-08-05T00:29:46,10,-2.3445871979999033e-18,-2.0383000842727483e-17,0.232974153692329,-1.8756697583999227e-17,6.938893903907228e-17,-0.6031133310188423,-2.3201926491189795e-17,-3.2612801348363973e-16,-6.31608855459663,0.5704343072719932,5.973858334756807,3.37403716077489e-16
ring,1000,891,33025,33026,891,m12-1-29,2026-08-05T00:29:46,11,0.0152335666140746,0.15953312717246973,0.6383607899468307,0.1729576678950226,0.012997965686350949,-0.4872602208006704,0.012997965686351717,0.30783736769936176,-5.102819893750915,0.5197153041224495,5.442704903357392,-0.48079503559438486
ring,1000,891,33025,33026,891,m12-1-29,2026-08-05T00:29:46,12,0.03584990062776798,0.37543714488279917,0.39312906637895995,0.38580993606065855,-0.02151939696038776,-0.5443903278816016,-0.021519396960385795,0.16250346856975764,-5.70111344306971,0.43016056344446274,4.5048452283763,-0.5483134046304172
ring,1000,891,33025,33026,891,m12-1-29,2026-08-05T00:29:46,13,0.03462007689770294,0.3625578480970486,0.06769421435755485,0.34567034274810765,-0.0915435042825929,-0.5155361613881687,-0.09154350428258991,-0.6042752621735815,-5.398938940586556,0.4161457920886409,4.358075902607516,0.25860491942547426
ring,1000,891,33025,33026,891,m12-1-29,2026-08-05T00:29:46,14,0.014001401929615761,0.14662931480317293,-0.14867757019648797,0.13262681384132669,-0.05713727584786602,-0.42477500213012337,-0.05713727584786404,-0.4602858618775924,-4.448445078639853,0.47849421000046355,5.011018075357752,0.327659048036266
ring,1000,891,33025,33026,891,m12-1-29,2026-08-05T00:29:46,15,-0.014001401929615749,-0.14662931480317296,-0.14867757019648792,-0.13262681384132666,0.05713727584786598,-0.42477500213012354,0.05713727584786397,0.46028586187759196,-4.448445078639853,0.4784942100004637,5.011018075357754,-0.3276590480362658
ring,1000,891,33025,33026,891,m12-1-29,2026-08-05T00:29:46,16,-0.03462007689770292,-0.3625578480970486,0.06769421435755484,-0.34567034274810754,0.09154350428259335,-0.5155361613881685,0.0915435042825898,0.604275262173581,-5.398938940586557,0.416145792088641,4.358075902607516,-0.25860491942547376
ring,1000,891,33025,33026,891,m12-1-29,2026-08-05T00:29:46,17,-0.035849900627767974,-0.37543714488279895,0.39312906637896,-0.3858099360606585,0.021519396960387904,-0.5443903278816012,0.02151939696038579,-0.16250346856975767,-5.701113443069711,0.4301605634444628,4.504845228376301,0.5483134046304169
ring,1000,891,33025,33026,891,m12-1-29,2026-08-05T00:29:46,18,-0.015233566614074627,-0.15953312717246992,0.6383607899468307,-0.17295766789502282,-0.012997965686351146,-0.4872602208006709,-0.012997965686351783,-0.3078373676993626,-5.102819893750915,0.5197153041224494,5.4427049033573915,0.4807950355943861
ring,1000,891,33025,33026,891,m12-1-29,2026-08-05T00:29:46,19,-3.2187251995663413e-18,-1.7564075194265172e-17,0.23297415369232927,-1.4907779871675686e-17,-2.42861286636753e-17,-1.0024901617898683,3.3881317890172014e-17,2.0556473190325164e-16,-6.265120413453634,0.9481713495232348,5.925651845544035,-1.9125326322644298e-16
ring,1000,891,33025,33026,891,m12-1-29,2026-08-05T00:29:46,20,0.025321112756340587,0.1582457628690056,0.6383607899468301,0.17514567847785228,0.021430770687345845,-0.8099200472969991,0.021430770687346983,0.30564935711653296,-5.061642313303179,0.8638666275776685,5.3987845958259095,-0.48079503559438475
ring,1000,891,33025,33026,891,m12-1-29,2026-08-05T00:29:46,21,0.05958941849249001,0.37240752722856624,0.3931290663789598,0.38218747163648836,-0.035480726193355384,-0.9048812549922157,-0.035480726193351485,0.16612593299392792,-5.655107888820954,0.7150094528910077,4.468493048472167,-0.5483134046304172
ring,1000,891,33025,33026,891,m12-1-29,2026-08-05T00:29:46,22,0.0575452153109039,0.35963216087550776,0.06769421435755582,0.33026038083615733,-0.15093499210083372,-0.8569200899033125,-0.15093499210082945,-0.5888653002616278,-5.355371805710668,0.6917142118784909,4.322908088572636,0.2586049194254708
ring,1000,891,33025,33026,891,m12-1-29,2026-08-05T00:29:46,23,0.02327301845905784,0.14544607876270493,-0.1486775701964871,0.1230086191756497,-0.09420673095644855,-0.7060576158884745,-0.0942067309564468,-0.45066766721191387,-4.412548023892276,0.7953492541584847,4.970581296435628,0.32765904803626505
ring,1000,891,33025,33026,891,m12-1-29,2026-08-05T00:29:46,24,-0.02327301845905784,-0.14544607876270493,-0.1486775701964871,-0.12300861917564966,0.09420673095644867,-0.7060576158884746,0.09420673095644676,0.4506676672119136,-4.412548023892275,0.7953492541584847,4.970581296435628,-0.3276590480362648
ring,1000,891,33025,33026,891,m12-1-29,2026-08-05T00:29:46,25,-0.05754521531090391,-0.35963216087550764,0.06769421435755582,-0.3302603808361573,0.1509349921008337,-0.8569200899033121,0.1509349921008294,0.5888653002616279,-5.355371805710666,0.6917142118784908,4.322908088572636,-0.25860491942547065
ring,1000,891,33025,33026,891,m12-1-29,2026-08-05T00:29:46,26,-0.05958941849248997,-0.37240752722856607,0.3931290663789598,-0.3821874716364883,0.035480726193355336,-0.9048812549922158,0.035480726193351485,-0.1661259329939281,-5.655107888820955,0.7150094528910077,4.468493048472167,0.5483134046304173
ring,1000,891,33025,33026,891,m12-1-29,2026-08-05T00:29:46,27,-0.025321112756340605,-0.15824576286900574,0.6383607899468299,-0.1751456784778524,-0.02143077068734539,-0.809920047296999,-0.02143077068734696,-0.30564935711653324,-5.061642313303179,0.8638666275776682,5.398784595825909,0.4807950355943852
ring,1000,891,33025,33026,891,m12-1-29,2026-08-05T00:29:46,28,7.575862680242462e-18,2.667137344314341e-17,0.23297415369232918,1.2956215961201778e-17,3.469446951953614e-18,-1.3978303185020233,-4.9785208507818757e-17,-2.3071822230491534e-16,-6.1889248436408995,1.3220904404011138,5.853584847771164,2.2616457318047622e-16
ring,1000,891,33025,33026,891,m12-1-29,2026-08-05T00:29:46,29,0.03530669971446577,0.15632119873032377,0.6383607899468297,0.1783836155815991,0.029518746565621663,-1.1293186116190939,0.029518746565622214,0.3024114200127857,-5.000083285734893,1.204539465019971,5.333125288194452,-0.480795035594384
ring,1000,891,33025,33026,891,m12-1-29,2026-08-05T00:29:46,30,0.08308899080065685,0.3678783559011,0.39312906637895983,0.37682675169387175,-0.048871157260068146,-1.2617285446611775,-0.04887115726006746,0.17148665293654444,-5.586331211038994,0.9969792516288979,4.414147824188625,-0.5483134046304166
ring,1000,891,33025,33026,891,m12-1-29,2026-08-05T00:29:46,31,0.08023863945227269,0.35525836187205156,0.06769421435755517,0.3074558807877529,-0.207897879395403,-1.1948535036610257,-0.20789787939540255,-0.5660608002132242,-5.29024047871831,0.9644973426733296,4.270333449408545,0.2586049194254713
ring,1000,891,33025,33026,891,m12-1-29,2026-08-05T00:29:46,32,0.03245092275723199,0.14367718269734683,-0.14867757019648759,0.1087750914114498,-0.1297603644987429,-0.9844971848262846,-0.12976036449874265,-0.4364341394477139,-4.35888319563381,1.1090017075835725,4.910129740968449,0.3276590480362652
ring,1000,891,33025,33026,891,m12-1-29,2026-08-05T00:29:46,33,-0.032450922757231986,-0.1436771826973468,-0.14867757019648767,-0.10877509141144973,0.1297603644987428,-0.9844971848262846,0.12976036449874248,0.43643413944771353,-4.358883195633809,1.1090017075835723,4.91012974096845,-0.3276590480362648
ring,1000,891,33025,33026,891,m12-1-29,2026-08-05T00:29:46,34,-0.08023863945227268,-0.35525836187205156,0.06769421435755514,-0.3074558807877527,0.20789787939540288,-1.1948535036610264,0.2078978793954025,0.5660608002132242,-5.29024047871831,0.9644973426733299,4.270333449408546,-0.25860491942547137
ring,1000,891,33025,33026,891,m12-1-29,2026-08-05T00:29:46,35,-0.08308899080065686,-0.36787835590109996,0.39312906637896045,-0.376826751693872,0.04887115726006765,-1.2617285446611775,0.048871157260067195,-0.17148665293654566,-5.586331211038992,0.9969792516288977,4.414147824188624,0.548313404630418
ring,1000,891,33025,33026,891,m12-1-29,2026-08-05T00:29:46,36,-0.035306699714465796,-0.15632119873032393,0.6383607899468297,-0.17838361558159935,-0.029518746565622096,-1.1293186116190936,-0.029518746565622284,-0.30241142001278637,-5.000083285734891,1.204539465019971,5.333125288194452,0.48079503559438536
ring,1000,891,33025,33026,891,m12-1-29,2026-08-05T00:29:46,37,-5.776764700274328e-18,-1.3227266504323154e-17,0.23297415369232902,-4.960224939121183e-17,-1.8995222061946038e-16,-1.7875419058770659,-1.1515582324511664e-16,-4.558528034215303e-16,-6.087808657825292,1.6906859396990783,5.757947529802626,4.99708781298569e-16
ring,1000,891,33025,33026,891,m12-1-29,2026-08-05T00:29:46,38,0.04515011905412043,0.15376718429694777,0.6383607899468304,0.18261937958617996,0.03713175476165637,-1.4441698084781645,0.037131754761656144,0.29817565600820417,-4.918390687523199,1.54036204717134,5.245991367320748,-0.4807950355943844
ring,1000,891,33025,33026,891,m12-1-29,2026-08-05T00:29:46,39,0.10625399306861097,0.36186786827479456,0.39312906637896017,0.36981403222340803,-0.06147523311211642,-1.6134952988000073,-0.061475233112117326,0.17849937240700778,-5.49506034913097,1.274934566798087,4.342028384563023,-0.5483134046304168
ring,1000,891,33025,33026,891,m12-1-29,2026-08-05T00:29:46,40,0.10260897091229525,0.34945406283156105,0.0676942143575555,0.2776237755452714,-0.2615156119863402,-1.5279756640755908,-0.2615156119863415,-0.5362286949707413,-5.203807220475538,1.2333967830825427,4.200563684631268,0.2586049194254713
ring,1000,891,33025,33026,891,m12-1-29,2026-08-05T00:29:46,41,0.04149815864281394,0.14132974932723244,-0.1486775701964876,0.09015525333860994,-0.16322610520196498,-1.258972531072939,-0.16322610520196545,-0.41781430137487496,-4.287666683187188,1.4181886025474626,4.829906826034054,0.3276590480362651
ring,1000,891,33025,33026,891,m12-1-29,2026-08-05T00:29:46,42,-0.04149815864281393,-0.14132974932723244,-0.14867757019648778,-0.0901552533386099,0.16322610520196465,-1.2589725310729387,0.16322610520196526,0.41781430137487463,-4.28766668318719,1.4181886025474628,4.829906826034055,-0.3276590480362649
ring,1000,891,33025,33026,891,m12-1-29,2026-08-05T00:29:46,43,-0.1026089709122952,-0.34945406283156094,0.06769421435755547,-0.27762377554527146,0.2615156119863404,-1.527975664075591,0.26151561198634143,0.5362286949707412,-5.203807220475538,1.2333967830825432,4.200563684631268,-0.2586049194254712
ring,1000,891,33025,33026,891,m12-1-29,2026-08-05T00:29:46,44,-0.10625399306861098,-0.3618678682747945,0.3931290663789601,-0.3698140322234079,0.06147523311211671,-1.6134952988000082,0.061475233112117424,-0.17849937240700745,-5.495060349130971,1.2749345667980871,4.342028384563023,0.548313404630416
ring,1000,891,33025,33026,891,m12-1-29,2026-08-05T00:29:46,45,-0.045150119054120474,-0.153767184296948,0.6383607899468304,-0.1826193795861803,-0.03713175476165675,-1.4441698084781642,-0.037131754761656074,-0.29817565600820417,-4.918390687523197,1.5403620471713395,5.245991367320747,0.48079503559438463
ring,1000,891,33025,33026,891,m12-1-29,2026-08-05T00:29:46,46,-4.2741282518451995e-18,-1.4040418133687282e-17,0.2329741536923298,-2.404218317486606e-17,-1.1232334506949826e-16,-2.1700556928989188,-8.654156797920868e-17,-2.7079982136898884e-16,-5.962179015198741,2.052473643434937,5.639124989363249,3.0272957534868694e-16
ring,1000,891,33025,33026,891,m12-1-29,2026-08-05T00:29:46,47,0.05481173479979725,0.15059400368357823,0.6383607899468319,0.18778481546315223,0.04414729912373225,-1.753205843229219,0.04414729912373316,0.29301022013123224,-4.816893465928176,1.8699821350199286,5.137733690750798,-0.48079503559438486
ring,1000,891,33025,33026,891,m12-1-29,2026-08-05T00:29:46,48,0.12899114800816242,0.35440026646195544,0.3931290663789606,0.3612621505065086,-0.07309014945085242,-1.9587650768436864,-0.07309014945085157,0.18705125412390838,-5.381662818644326,1.5477561704469887,4.252425129124657,-0.5483134046304172
ring,1000,891,33025,33026,891,m12-1-29,2026-08-05T00:29:46,49,0.12456613226165064,0.34224263561768264,0.06769421435755588,0.2412440748493693,-0.310925460485081,-1.8549452057804028,-0.31092546048508013,-0.49984899427483953,-5.096420067207265,1.4973297699659973,4.113879732458761,0.2586049194254707
ring,1000,891,33025,33026,891,m12-1-29,2026-08-05T00:29:46,50,0.050378296090057575,0.13841323093803232,-0.14867757019648703,0.06744870512184244,-0.19406547677068772,-1.5283784392834718,-0.19406547677068722,-0.39510775315810626,-4.199185250312634,1.7216649525497238,4.730235580996784,0.3276590480362648
ring,1000,891,33025,33026,891,m12-1-29,2026-08-05T00:29:46,51,-0.05037829609005757,-0.1384132309380323,-0.14867757019648714,-0.06744870512184242,0.19406547677068742,-1.5283784392834714,0.1940654767706872,0.39510775315810615,-4.199185250312634,1.7216649525497243,4.730235580996785,-0.32765904803626456
ring,1000,891,33025,33026,891,m12-1-29,2026-08-05T00:29:46,52,-0.12456613226165059,-0.3422426356176826,0.06769421435755583,-0.24124407484936933,0.3109254604850815,-1.8549452057804026,0.31092546048508013,0.49984899427483914,-5.096420067207267,1.4973297699659984,4.113879732458763,-0.25860491942547015
ring,1000,891,33025,33026,891,m12-1-29,2026-08-05T00:29:46,53,-0.1289911480081624,-0.3544002664619554,0.39312906637896056,-0.36126215050650856,0.07309014945085263,-1.9587650768436866,0.07309014945085163,-0.18705125412390788,-5.381662818644326,1.5477561704469887,4.252425129124659,0.5483134046304168
ring,1000,891,33025,33026,891,m12-1-29,2026-08-05T00:29:46,54,-0.05481173479979733,-0.1505940036835784,0.6383607899468311,-0.18778481546315257,-0.04414729912373235,-1.7532058432292195,-0.04414729912373293,-0.29301022013123207,-4.81689346592818,1.8699821350199282,5.137733690750799,0.480795035594385
ring,1000,891,33025,33026,891,m12-1-29,2026-08-05T00:29:46,55,-7.830819597366007e-18,-1.8648277366750676e-17,0.23297415369232907,-4.749483141844313e-17,-1.5243882545146192e-16,-2.5438314315530963,-3.842289679511276e-17,-6.875197026273705e-17,-5.812541781991913,2.4059967602164676,5.497595682885753,1.2635021067602947e-16
ring,1000,891,33025,33026,891,m12-1-29,2026-08-05T00:29:46,56,0.0642526430348955,0.14681443416858944,0.6383607899468301,0.193796809415634,0.050452496916877615,-2.0551823368326803,0.050452496916879294,0.28699822617874954,-4.696000314438398,2.1920724648093404,5.008788173939323,-0.48079503559438475
ring,1000,891,33025,33026,891,m12-1-29,2026-08-05T00:29:46,57,0.15120890112130697,0.34550561985943834,0.3931290663789598,0.3513087095212953,-0.08352901792447542,-2.296147599256838,-0.08352901792447173,0.19700469510912128,-5.24659523141133,1.8143455062683973,4.1456988585582755,-0.5483134046304162
ring,1000,891,33025,33026,891,m12-1-29,2026-08-05T00:29:46,58,0.14602170976122825,0.333653118102577,0.06769421435755577,0.19890214170256082,-0.35533240193327753,-2.1744455378328986,-0.3553324019332733,-0.4575070611280317,-4.9685114290780605,1.7552335383390079,4.010630638571855,0.25860491942547054
ring,1000,891,33025,33026,891,m12-1-29,2026-08-05T00:29:46,59,0.05905557791965235,0.134939371319932,-0.148677570196487,0.04102080362188803,-0.2217822621720079,-1.791630106950653,-0.22178226217200722,-0.36867985165815237,-4.093795180511314,2.0182087654389846,4.6115173467819925,0.32765904803626483
ring,1000,891,33025,33026,891,m12-1-29,2026-08-05T00:29:46,60,-0.059055577919652325,-0.1349393713199319,-0.14867757019648697,-0.04102080362188792,0.2217822621720081,-1.791630106950654,0.22178226217200706,0.3686798516581521,-4.093795180511315,2.0182087654389838,4.611517346781994,-0.3276590480362646
ring,1000,891,33025,33026,891,m12-1-29,2026-08-05T00:29:46,61,-0.14602170976122827,-0.3336531181025768,0.06769421435755568,-0.1989021417025608,0.3553324019332781,-2.1744455378329004,0.3553324019332733,0.4575070611280318,-4.9685114290780605,1.7552335383390083,4.010630638571857,-0.2586049194254708
ring,1000,891,33025,33026,891,m12-1-29,2026-08-05T00:29:46,62,-0.15120890112130692,-0.34550561985943823,0.39312906637895983,-0.35130870952129517,0.08352901792447615,-2.2961475992568388,0.08352901792447195,-0.19700469510912078,-5.246595231411331,1.8143455062683977,4.145698858558276,0.5483134046304156
ring,1000,891,33025,33026,891,m12-1-29,2026-08-05T00:29:46,63,-0.06425264303489556,-0.14681443416858964,0.6383607899468298,-0.19379680941563415,-0.05045249691687746,-2.0551823368326807,-0.05045249691687909,-0.28699822617874926,-4.696000314438402,2.19207246480934,5.0087881739393225,0.4807950355943843
ring,1000,891,33025,33026,891,m12-1-29,2026-08-05T00:29:46,64,2.4572425799847253e-18,2.2497195079074217e-18,0.23297415369232918,1.2329072767054694e-16,2.0664893407573715e-16,-2.907364058861871,-2.853188131178748e-17,-3.2390539903004445e-17,-5.639499494529389,2.749831777226187,5.333929498935403,-6.697658920529204e-17
ring,1000,891,33025,33026,891,m12-1-29,2026-08-05T00:29:46,65,0.07343482855406251,0.14244369474444382,0.6383607899468298,0.2005586262104106,0.055945895148323196,-2.3488833365295116,0.05594589514832554,0.28023640938397354,-4.556198027106437,2.5053360924612775,4.859674034971932,-0.48079503559438447
ring,1000,891,33025,33026,891,m12-1-29,2026-08-05T00:29:46,66,0.17281778935787528,0.33521974406980387,0.39312906637895995,0.3401138638591767,-0.0926238732315737,-2.6242843456987757,-0.09262387323156783,0.20819954077123928,-5.090401456934549,2.073629113098012,4.022279321887024,-0.5483134046304159
ring,1000,891,33025,33026,891,m12-1-29,2026-08-05T00:29:46,67,0.16688930937305016,0.32372009724166184,0.06769421435755582,0.15127927365939248,-0.39402191201980047,-2.485190145161539,-0.394021912019793,-0.40988419308486396,-4.82059634902908,2.006069600751868,3.8912321506305134,0.25860491942547137
ring,1000,891,33025,33026,891,m12-1-29,2026-08-05T00:29:46,68,0.06749506378026275,0.130922158479536,-0.14867757019648722,0.01129678366685957,-0.24593048795336214,-2.0476675125218256,-0.2459304879533599,-0.33895583170312366,-3.9719208423975907,2.3066259639440316,4.474230159818027,0.3276590480362649
ring,1000,891,33025,33026,891,m12-1-29,2026-08-05T00:29:46,69,-0.06749506378026274,-0.13092215847953603,-0.14867757019648717,-0.011296783666859544,0.24593048795336217,-2.0476675125218256,0.24593048795335978,0.33895583170312343,-3.971920842397591,2.306625963944031,4.474230159818027,-0.32765904803626483
ring,1000,891,33025,33026,891,m12-1-29,2026-08-05T00:29:46,70,-0.16688930937305013,-0.3237200972416618,0.06769421435755568,-0.15127927365939212,0.3940219120198005,-2.4851901451615386,0.3940219120197928,0.4098841930848636,-4.820596349029082,2.006069600751868,3.8912321506305148,-0.2586049194254715
ring,1000,891,33025,33026,891,m12-1-29,2026-08-05T00:29:46,71,-0.17281778935787526,-0.3352197440698038,0.39312906637895983,-0.34011386385917636,0.09262387323157391,-2.624284345698776,0.09262387323156789,-0.20819954077123892,-5.090401456934549,2.0736291130980122,4.022279321887026,0.5483134046304156
ring,1000,891,33025,33026,891,m12-1-29,2026-08-05T00:29:46,72,-0.07343482855406258,-0.14244369474444402,0.6383607899468291,-0.200558626210411,-0.05594589514832337,-2.3488833365295134,-0.055945895148325514,-0.2802364093839734,-4.556198027106439,2.505336092461278,4.859674034971931,0.48079503559438486
ring,1000,891,33025,33026,891,m12-1-29,2026-08-05T00:29:46,73,-9.131862204348612e-18,-1.3660947373317356e-17,0.23297415369232957,5.858079863210741e-18,-3.122502256758253e-17,-3.2591897572416206,-1.4095263517021998e-16,-2.202692238675863e-16,-5.443748933028615,3.082594192204984,5.148785463470029,2.35773314934129e-16
ring,1000,891,33025,33026,891,m12-1-29,2026-08-05T00:29:46,74,0.08232131793700698,0.1374993848361762,0.6383607899468298,0.2079614656840448,0.06053910298413396,-2.6331262120538708,0.06053910298413725,0.27283356991033747,-4.398049538401029,2.808511615911642,4.690991703857383,-0.48079503559438275
ring,1000,891,33025,33026,891,m12-1-29,2026-08-05T00:29:46,75,0.19373080135166068,0.323584056684521,0.39312906637895983,0.3278577427775174,-0.10022837574570176,-2.941854025305389,-0.10022837574569413,0.22045566185289803,-4.9137104324161625,2.3245629473636433,3.882663486024975,-0.5483134046304152
ring,1000,891,33025,33026,891,m12-1-29,2026-08-05T00:29:46,76,0.18708490463856817,0.31248356980414543,0.06769421435755617,0.09914174049374846,-0.4263714620443863,-2.785927768907989,-0.4263714620443787,-0.35774665991921845,-4.653270428882024,2.2488279289122652,3.7561650442047294,0.25860491942547026
ring,1000,891,33025,33026,891,m12-1-29,2026-08-05T00:29:46,77,0.07566277084099249,0.1263777683151035,-0.1486775701964863,-0.021245084135322608,-0.26612160012231706,-2.295459683731555,-0.2661216001223147,-0.30641396390094067,-3.8340529809162245,2.5857551938015297,4.318926827152141,0.3276590480362638
ring,1000,891,33025,33026,891,m12-1-29,2026-08-05T00:29:46,78,-0.07566277084099249,-0.1263777683151035,-0.1486775701964864,0.021245084135322622,0.266121600122317,-2.295459683731555,0.2661216001223146,0.3064139639009404,-3.834052980916225,2.5857551938015293,4.318926827152142,-0.3276590480362636
ring,1000,891,33025,33026,891,m12-1-29,2026-08-05T00:29:46,79,-0.18708490463856814,-0.3124835698041453,0.06769421435755617,-0.09914174049374845,0.42637146204438625,-2.7859277689079884,0.4263714620443785,0.35774665991921806,-4.653270428882025,2.2488279289122652,3.7561650442047307,-0.2586049194254697
ring,1000,891,33025,33026,891,m12-1-29,2026-08-05T00:29:46,80,-0.19373080135166063,-0.3235840566845209,0.3931290663789599,-0.3278577427775175,0.10022837574570145,-2.94185402530539,0.10022837574569426,-0.22045566185289775,-4.913710432416163,2.3245629473636424,3.882663486024974,0.548313404630415
ring,1000,891,33025,33026,891,m12-1-29,2026-08-05T00:29:46,81,-0.0823213179370071,-0.13749938483617646,0.6383607899468298,-0.207961465684045,-0.06053910298413398,-2.633126212053871,-0.06053910298413736,-0.2728335699103381,-4.398049538401029,2.808511615911641,4.6909917038573825,0.4807950355943837
ring,1000,891,33025,33026,891,m12-1-29,2026-08-05T00:29:46,82,-2.530087413448595e-18,6.938893903907228e-18,0.23297415369233024,-1.3836452599988447e-16,-2.382534274036896e-16,-3.597891848779685,-2.869756095627042e-16,-4.077413320174861e-16,-5.226078315911803,3.402944088354184,4.942909086174987,5.441475178433186e-16
ring,1000,891,33025,33026,891,m12-1-29,2026-08-05T00:29:46,83,0.09087632842741547,0.1320014134347247,0.6383607899468291,0.21588621337824151,0.06415821399082061,-2.9067664176677757,0.06415821399082278,0.2649088222161407,-4.222191656468645,3.100378254331399,4.503420404807706,-0.4807950355943831
ring,1000,891,33025,33026,891,m12-1-29,2026-08-05T00:29:46,84,0.21386372778448334,0.3106454105099437,0.3931290663789604,0.31473755185245844,-0.1062201661747477,-3.2475778970611455,-0.10622016617474192,0.23357585277795787,-4.717233630249934,2.5661365870802584,3.727413534666582,-0.5483134046304161
ring,1000,891,33025,33026,891,m12-1-29,2026-08-05T00:29:46,85,0.20652717502355875,0.2999887813201563,0.06769421435755678,0.04332845463134423,-0.451860535637462,-3.075447444804893,-0.4518605356374562,-0.30193337405681286,-4.467207431060643,2.482531020712732,3.6059731868609695,0.2586049194254682
ring,1000,891,33025,33026,891,m12-1-29,2026-08-05T00:29:46,86,0.08352581062824879,0.12132449948191168,-0.14867757019648578,-0.056081188950051854,-0.2820307161257691,-2.5340088489631083,-0.2820307161257651,-0.27157785908620946,-3.6807467412858332,2.854472500119773,4.146232700491604,0.3276590480362625
ring,1000,891,33025,33026,891,m12-1-29,2026-08-05T00:29:46,87,-0.08352581062824879,-0.12132449948191162,-0.14867757019648578,0.056081188950051736,0.28203071612576885,-2.5340088489631083,0.2820307161257651,0.2715778590862093,-3.680746741285834,2.854472500119774,4.1462327004916055,-0.3276590480362621
ring,1000,891,33025,33026,891,m12-1-29,2026-08-05T00:29:46,88,-0.20652717502355863,-0.29998878132015616,0.06769421435755682,-0.04332845463134437,0.45186053563746187,-3.075447444804894,0.4518605356374559,0.30193337405681253,-4.467207431060642,2.4825310207127327,3.6059731868609703,-0.258604919425468
ring,1000,891,33025,33026,891,m12-1-29,2026-08-05T00:29:46,89,-0.21386372778448332,-0.31064541050994365,0.39312906637896045,-0.3147375518524581,0.10622016617474771,-3.2475778970611446,0.10622016617474186,-0.2335758527779577,-4.7172336302499325,2.566136587080258,3.727413534666582,0.5483134046304162
ring,1000,891,33025,33026,891,m12-1-29,2026-08-05T00:29:46,90,-0.09087632842741558,-0.13200141343472482,0.6383607899468292,-0.21588621337824207,-0.06415821399082111,-2.906766417667777,-0.06415821399082307,-0.26490882221614137,-4.2221916564686435,3.100378254331399,4.503420404807706,0.4807950355943841
ring,1000,891,33025,33026,891,m12-1-29,2026-08-05T00:29:46,91,-2.2606038812796395e-17,-3.4558944247975454e-17,0.2329741536923292,5.718658240092683e-17,1.1069704181077e-16,-3.9221064996962256,9.229906267993297e-17,1.1516259950869467e-16,-4.987364125928588,3.7095915297075113,4.717129358558873,-1.5520354099129996e-16
ring,1000,891,33025,33026,891,m12-1-29,2026-08-05T00:29:46,92,0.09906541201748092,0.12597191893044818,0.6383607899468288,0.22420535713606268,0.06674499531751177,-3.168702100842839,0.066744995317512,0.2565896784583202,-4.029332498931893,3.379760763780148,4.297715421242035,-0.4807950355943834
ring,1000,891,33025,33026,891,m12-1-29,2026-08-05T00:29:46,93,0.23313550046738687,0.29645590490760715,0.39312906637895995,0.3009643998673751,-0.11050283436775335,-3.540224918837817,-0.11050283436775245,0.24734900476304006,-4.501762193172867,2.7973773004626095,3.5571546045714677,-0.5483134046304147
ring,1000,891,33025,33026,891,m12-1-29,2026-08-05T00:29:46,94,0.22513783336720872,0.28628604389296114,0.06769421435755663,-0.015262527265237595,-0.4700790040633757,-3.352583379301584,-0.47007900406337544,-0.24334239216023135,-4.263156565587445,2.7062378362866464,3.4412613481994936,0.2586049194254692
ring,1000,891,33025,33026,891,m12-1-29,2026-08-05T00:29:46,95,0.09105252145601955,0.11578269971003208,-0.14867757019648567,-0.0926510048103664,-0.2934018523318254,-2.7623544549225105,-0.29340185233182553,-0.23500804322589597,-3.5126194336248986,3.1116958531483276,3.95684315813317,0.327659048036263
ring,1000,891,33025,33026,891,m12-1-29,2026-08-05T00:29:46,96,-0.09105252145601955,-0.11578269971003208,-0.1486775701964857,0.09265100481036626,0.2934018523318252,-2.7623544549225096,0.29340185233182553,0.23500804322589597,-3.512619433624898,3.111695853148327,3.956843158133169,-0.32765904803626295
ring,1000,891,33025,33026,891,m12-1-29,2026-08-05T00:29:46,97,-0.22513783336720866,-0.28628604389296103,0.06769421435755658,0.015262527265237394,0.47007900406337566,-3.352583379301584,0.4700790040633751,0.24334239216023107,-4.263156565587446,2.7062378362866477,3.441261348199495,-0.25860491942546876
ring,1000,891,33025,33026,891,m12-1-29,2026-08-05T00:29:46,98,-0.23313550046738685,-0.2964559049076071,0.3931290663789598,-0.30096439986737483,0.11050283436775367,-3.540224918837817,0.11050283436775267,-0.24734900476303953,-4.501762193172866,2.79737730046261,3.5571546045714686,0.5483134046304141
ring,1000,891,33025,33026,891,m12-1-29,2026-08-05T00:29:46,99,-0.09906541201748104,-0.12597191893044835,0.6383607899468283,-0.2242053571360624,-0.06674499531751131,-3.1687021008428413,-0.06674499531751159,-0.2565896784583198,-4.029332498931895,3.379760763780148,4.297715421242037,0.48079503559438297
ring,1000,891,33025,33026,891,m12-1-29,2026-08-05T00:29:46,100,-7.23874356723525e-18,5.637851296924623e-18,0.23297415369233,-2.621744848670983e-16,-2.770136550700464e-16,-4.230528212021564,-8.081689580519049e-17,-1.20542952789654e-16,-4.728567580869343,4.001301755247911,4.472355415897306,3.8615215625786847e-16
ring,1000,891,33025,33026,891,m12-1-29,2026-08-05T00:29:46,101,0.10685559415787155,0.11943517996964231,0.6383607899468295,0.23278503882026824,0.06825782468432848,-3.417878539031459,0.06825782468432705,0.24800999677411417,-3.8202486415497563,3.645534169498667,4.0747050545269,-0.4807950355943833
ring,1000,891,33025,33026,891,m12-1-29,2026-08-05T00:29:46,102,0.25146851877363147,0.2810726760084708,0.3931290663789597,0.2867599019935276,-0.11300747059032612,-3.8186167043666592,-0.1130074705903295,0.2615535026368879,-4.268163748612851,3.017353962772891,3.372572268359299,-0.5483134046304153
ring,1000,891,33025,33026,891,m12-1-29,2026-08-05T00:29:46,103,0.2428419411168851,0.2714305336098859,0.06769421435755668,-0.07568845436442606,-0.48073372534528264,-3.616219643803244,-0.4807337253452862,-0.18291646506104267,-4.041939473279134,2.9190475872436292,3.2626927646605672,0.2586049194254682
ring,1000,891,33025,33026,891,m12-1-29,2026-08-05T00:29:46,104,0.09821259591630742,0.10977468387120319,-0.14867757019648573,-0.1303661096895878,-0.3000520429022803,-2.979577034447739,-0.30005204290228243,-0.19729293834667486,-3.33034804726191,3.3563895052299144,3.7515208049200965,0.3276590480362632
ring,1000,891,33025,33026,891,m12-1-29,2026-08-05T00:29:46,105,-0.09821259591630739,-0.10977468387120318,-0.1486775701964857,0.13036610968958753,0.30005204290228005,-2.979577034447739,0.3000520429022822,0.1972929383466747,-3.3303480472619102,3.3563895052299153,3.7515208049200965,-0.32765904803626283
ring,1000,891,33025,33026,891,m12-1-29,2026-08-05T00:29:46,106,-0.24284194111688495,-0.2714305336098858,0.06769421435755617,0.07568845436442627,0.48073372534528247,-3.616219643803242,0.4807337253452866,0.18291646506104312,-4.041939473279133,2.9190475872436292,3.2626927646605672,-0.25860491942546904
ring,1000,891,33025,33026,891,m12-1-29,2026-08-05T00:29:46,107,-0.2514685187736316,-0.28107267600847063,0.3931290663789603,-0.2867599019935281,0.1130074705903256,-3.8186167043666592,0.11300747059032915,-0.2615535026368881,-4.268163748612851,3.017353962772891,3.3725722683593,0.5483134046304166
ring,1000,891,33025,33026,891,m12-1-29,2026-08-05T00:29:46,108,-0.10685559415787167,-0.11943517996964245,0.638360789946829,-0.23278503882026833,-0.06825782468432842,-3.4178785390314603,-0.06825782468432726,-0.24800999677411453,-3.820248641549759,3.645534169498666,4.0747050545269,0.4807950355943839
ring,1000,891,33025,33026,891,m12-1-29,2026-08-05T00:29:46,109,-2.6278985430327854e-17,-2.1907660147785224e-17,0.23297415369232954,8.703602346216838e-17,7.237049501340742e-17,-4.521915080375637,-7.102985361614068e-17,-7.620586019857489e-17,-4.45073076308043,4.2769001508544555,4.209572876465866,-4.9873299934333204e-18
ring,1000,891,33025,33026,891,m12-1-29,2026-08-05T00:29:46,110,0.11421550653460469,0.11241751769300154,0.6383607899468289,0.24148720814085586,0.06867236010044815,-3.6532923866623372,0.06867236010044636,0.23930782745352766,-3.595781991221052,3.8966282957851806,3.835287288698948,-0.4807950355943833
ring,1000,891,33025,33026,891,m12-1-29,2026-08-05T00:29:46,111,0.26878896210902126,0.26455766664589914,0.39312906637895967,0.2723526139189918,-0.11369377430806617,-4.081632268183989,-0.11369377430807054,0.2759607907114228,-4.017378915058954,3.2251808056313673,3.174409773950827,-0.5483134046304151
ring,1000,891,33025,33026,891,m12-1-29,2026-08-05T00:29:46,112,0.259568210079233,0.2554820683676782,0.06769421435755597,-0.13697705087945292,-0.4836532610292895,-3.8652946681214977,-0.4836532610292938,-0.12162786854601718,-3.8044469172892987,3.1201033638264244,3.0709864689054345,0.2586049194254705
ring,1000,891,33025,33026,891,m12-1-29,2026-08-05T00:29:46,113,0.1049772029163636,0.10332464412471526,-0.14867757019648611,-0.1686196534319977,-0.30187428378143466,-3.1848019088783914,-0.30187428378143655,-0.15903939460426594,-3.1346665247381855,3.5875681613907013,3.5310924015015006,0.3276590480362643
ring,1000,891,33025,33026,891,m12-1-29,2026-08-05T00:29:46,114,-0.10497720291636357,-0.10332464412471525,-0.14867757019648603,0.1686196534319977,0.30187428378143455,-3.184801908878392,0.30187428378143655,0.15903939460426578,-3.134666524738185,3.5875681613907013,3.5310924015015006,-0.3276590480362639
ring,1000,891,33025,33026,891,m12-1-29,2026-08-05T00:29:46,115,-0.2595682100792329,-0.2554820683676781,0.06769421435755597,0.13697705087945256,0.4836532610292893,-3.8652946681214977,0.4836532610292937,0.12162786854601719,-3.8044469172892987,3.1201033638264253,3.070986468905436,-0.2586049194254703
ring,1000,891,33025,33026,891,m12-1-29,2026-08-05T00:29:46,116,-0.26878896210902126,-0.2645576666458992,0.3931290663789596,-0.27235261391899146,0.11369377430806606,-4.08163226818399,0.11369377430807116,-0.27596079071142227,-4.017378915058954,3.2251808056313673,3.1744097739508272,0.5483134046304142
ring,1000,891,33025,33026,891,m12-1-29,2026-08-05T00:29:46,117,-0.11421550653460495,-0.11241751769300165,0.6383607899468289,-0.24148720814085575,-0.06867236010044792,-3.6532923866623372,-0.06867236010044614,-0.23930782745352755,-3.5957819912210525,3.8966282957851797,3.8352872886989493,0.48079503559438336
ring,1000,891,33025,33026,891,m12-1-29,2026-08-05T00:29:46,118,1.0718990189266357e-17,1.683901499141549e-17,0.23297415369233002,-2.0808296085543868e-16,-1.727811687127212e-16,-4.795093792682794,-6.259340546148785e-17,-5.351215347573768e-17,-4.154972423366235,4.535276979058782,3.9298398728034205,2.277976527027825e-16
ring,1000,891,33025,33026,891,m12-1-29,2026-08-05T00:29:46,119,0.1211155133781744,0.10494718974967335,0.63836078994683,0.2501718439358994,0.06798193153584878,-3.873995715258911,0.06798193153584821,0.23062319165848383,-3.3568363959225387,4.13203207521524,3.580426174600153,-0.48079503559438364
ring,1000,891,33025,33026,891,m12-1-29,2026-08-05T00:29:46,120,0.2850270871613867,0.24697737693372346,0.39312906637896017,0.25797435430209104,-0.11255070263724411,-4.32821253944401,-0.11255070263724606,0.2903390503283248,-3.7504175145229777,3.4200209836930378,2.9634650517707906,-0.5483134046304153
ring,1000,891,33025,33026,891,m12-1-29,2026-08-05T00:29:46,121,0.275249289472574,0.23850486700695916,0.06769421435755614,-0.19814216034971358,-0.4787906346933428,-4.09880551504288,-0.4787906346933444,-0.06046275907575679,-3.5516351963193724,3.3085955853841447,2.866914394525562,0.25860491942546987
ring,1000,891,33025,33026,891,m12-1-29,2026-08-05T00:29:46,122,0.11131910377132541,0.09645855250412655,-0.14867757019648675,-0.20679612219900853,-0.2988392544314069,-3.3772027100779765,-0.29883925443140813,-0.12086292583725472,-2.9263628064803626,3.8043009467753897,3.296445535259117,0.32765904803626406
ring,1000,891,33025,33026,891,m12-1-29,2026-08-05T00:29:46,123,-0.11131910377132537,-0.09645855250412652,-0.14867757019648675,0.20679612219900823,0.2988392544314065,-3.377202710077977,0.29883925443140763,0.12086292583725448,-2.926362806480363,3.80430094677539,3.296445535259117,-0.32765904803626356
ring,1000,891,33025,33026,891,m12-1-29,2026-08-05T00:29:46,124,-0.2752492894725738,-0.2385048670069591,0.06769421435755568,0.19814216034971394,0.4787906346933431,-4.098805515042877,0.4787906346933446,0.060462759075757246,-3.5516351963193715,3.308595585384143,2.8669143945255624,-0.25860491942547065
ring,1000,891,33025,33026,891,m12-1-29,2026-08-05T00:29:46,125,-0.2850270871613867,-0.24697737693372324,0.3931290663789605,-0.25797435430209165,0.11255070263724355,-4.328212539444012,0.11255070263724526,-0.290339050328325,-3.7504175145229772,3.4200209836930378,2.9634650517707897,0.5483134046304164
ring,1000,891,33025,33026,891,m12-1-29,2026-08-05T00:29:46,126,-0.12111551337817454,-0.10494718974967349,0.6383607899468294,-0.25017184393589964,-0.06798193153584872,-3.8739957152589137,-0.06798193153584811,-0.23062319165848397,-3.3568363959225405,4.132032075215238,3.5804261746001536,0.48079503559438413
ring,1000,891,33025,33026,891,m12-1-29,2026-08-05T00:29:46,127,-2.804017868590636e-17,-1.5080574592915563e-17,0.23297415369232927,4.7370741091670374e-17,6.159623592433272e-17,-5.048964354685262,-1.4480028233312264e-17,-6.023081881335879e-17,-3.8424834761748077,4.77539184756616,3.6342827909856994,-2.165693839539795e-17
ring,1000,891,33025,33026,891,m12-1-29,2026-08-05T00:29:46,128,0.12752783079633584,0.09705427651367955,0.6383607899468284,0.2586992071644658,0.06619764824458917,-4.079099830412775,0.06619764824458929,0.22209582842991688,-3.104374005232135,4.350797619853387,3.311147947985355,-0.4807950355943829
ring,1000,891,33025,33026,891,m12-1-29,2026-08-05T00:29:46,129,0.3001175087322887,0.2284025964937621,0.3931290663789601,0.24385647472239314,-0.10959664802893819,-4.5573646264233325,-0.10959664802893788,0.30445692990802237,-3.468354506342489,3.601089944328466,2.740587501763799,-0.548313404630415
ring,1000,891,33025,33026,891,m12-1-29,2026-08-05T00:29:46,130,0.28982203712473154,0.22056729072560885,0.06769421435755586,-0.2581996132673819,-0.46622408781545716,-4.315811918803066,-0.4662240878154557,-0.0004053061580888417,-3.284522293941378,3.4837652602677065,2.6512982677385044,0.2586049194254706
ring,1000,891,33025,33026,891,m12-1-29,2026-08-05T00:29:46,131,0.11721276188478433,0.08920405633704868,-0.14867757019648636,-0.24428124231724158,-0.29099578961056666,-3.556004707926728,-0.2909957896105658,-0.08337780571902101,-2.7062756580423595,4.005715154951728,3.0485250463061515,0.3276590480362637
ring,1000,891,33025,33026,891,m12-1-29,2026-08-05T00:29:46,132,-0.11721276188478429,-0.08920405633704868,-0.1486775701964864,0.2442812423172417,0.2909957896105664,-3.5560047079267276,0.2909957896105656,0.08337780571902088,-2.7062756580423586,4.00571515495173,3.048525046306151,-0.3276590480362636
ring,1000,891,33025,33026,891,m12-1-29,2026-08-05T00:29:46,133,-0.2898220371247314,-0.2205672907256088,0.06769421435755589,0.25819961326738183,0.46622408781545654,-4.315811918803067,0.46622408781545555,0.00040530615808874546,-3.2845222939413787,3.4837652602677087,2.651298267738507,-0.25860491942547015
ring,1000,891,33025,33026,891,m12-1-29,2026-08-05T00:29:46,134,-0.3001175087322886,-0.2284025964937621,0.3931290663789601,-0.24385647472239297,0.10959664802893816,-4.557364626423332,0.10959664802893793,-0.3044569299080219,-3.46835450634249,3.601089944328468,2.7405875017638004,0.5483134046304147
ring,1000,891,33025,33026,891,m12-1-29,2026-08-05T00:29:46,135,-0.1275278307963361,-0.09705427651367975,0.6383607899468284,-0.25869920716446615,-0.06619764824458914,-4.079099830412778,-0.06619764824458925,-0.2220958284299172,-3.104374005232136,4.350797619853385,3.311147947985356,0.4807950355943834
ring,1000,891,33025,33026,891,m12-1-29,2026-08-05T00:29:46,136,-2.1466991256976174e-18,7.05747851652283e-18,0.2329741536923295,1.104910010463504e-16,6.265333304250609e-17,-5.2825045192319635,-1.4108286648586033e-17,4.851804721872632e-18,-3.5145222042054147,4.996277898548203,3.3240917350661277,-1.2459854654110758e-16
ring,1000,891,33025,33026,891,m12-1-29,2026-08-05T00:29:46,137,0.13342663865003354,0.08877055996086797,0.6383607899468285,0.266932089360088,0.06334822001275241,-4.267778850242451,0.06334822001275235,0.21386294623429525,-2.8394113960921277,4.552044038063295,3.0285368972330513,-0.4807950355943833
ring,1000,891,33025,33026,891,m12-1-29,2026-08-05T00:29:46,138,0.3139994630201292,0.2089081194109935,0.39312906637896006,0.23022613714720508,-0.10487914232761107,-4.7681658145455,-0.10487914232761093,0.3180872674832102,-3.1723256586990827,3.767658586740333,2.5066745731604922,-0.5483134046304153
ring,1000,891,33025,33026,891,m12-1-29,2026-08-05T00:29:46,139,0.3032277737242692,0.20174156781235758,0.06769421435755636,-0.3161830627331971,-0.4461558208390347,-4.515440071205164,-0.44615582083903377,0.05757814330772788,-3.0041837795373567,3.6449070420214076,2.425006298586468,0.25860491942546904
ring,1000,891,33025,33026,891,m12-1-29,2026-08-05T00:29:46,140,0.1226344455756469,0.08159036691911739,-0.1486775701964864,-0.280471864171873,-0.27847009360399055,-3.7204879298863647,-0.27847009360399066,-0.04718718386438989,-2.475291292692547,4.190999761991271,2.7883292229496393,0.3276590480362635
ring,1000,891,33025,33026,891,m12-1-29,2026-08-05T00:29:46,141,-0.12263444557564686,-0.08159036691911735,-0.14867757019648645,0.2804718641718731,0.27847009360399044,-3.7204879298863656,0.2784700936039905,0.04718718386438984,-2.475291292692547,4.19099976199127,2.78832922294964,-0.3276590480362635
ring,1000,891,33025,33026,891,m12-1-29,2026-08-05T00:29:46,142,-0.303227773724269,-0.20174156781235744,0.0676942143575559,0.31618306273319796,0.44615582083903477,-4.5154400712051626,0.4461558208390341,-0.0575781433077276,-3.0041837795373563,3.6449070420214076,2.425006298586468,-0.25860491942547026
ring,1000,891,33025,33026,891,m12-1-29,2026-08-05T00:29:46,143,-0.3139994630201292,-0.20890811941099346,0.39312906637896,-0.2302261371472044,0.1048791423276114,-4.768165814545504,0.10487914232761064,-0.31808726748321,-3.1723256586990827,3.7676585867403327,2.506674573160493,0.548313404630415
ring,1000,891,33025,33026,891,m12-1-29,2026-08-05T00:29:46,144,-0.13342663865003376,-0.08877055996086806,0.6383607899468285,-0.2669320893600881,-0.06334822001275246,-4.2677788502424505,-0.06334822001275238,-0.21386294623429544,-2.8394113960921277,4.552044038063294,3.0285368972330504,0.4807950355943838
ring,1000,891,33025,33026,891,m12-1-29,2026-08-05T00:29:46,145,-3.449276979897121e-17,-1.5588794361268143e-17,0.23297415369232957,2.3431112430893127e-16,1.4289107007001145e-16,-5.494773902506753,-4.947900609738633e-17,-4.811147140404426e-17,-3.1724091917484003,5.19704570183792,3.000515734946903,-2.039418167763124e-16
ring,1000,891,33025,33026,891,m12-1-29,2026-08-05T00:29:46,146,0.1387881845219883,0.08012939569410933,0.6383607899468292,0.27473802036635414,0.05947949520723886,-4.439273030928159,0.05947949520723836,0.20605701522802894,-2.563015479412614,4.734960981547487,2.7337309972988084,-0.48079503559438364
ring,1000,891,33025,33026,891,m12-1-29,2026-08-05T00:29:46,147,0.3266170522945421,0.1885724430641761,0.39312906637896045,0.2173026588104685,-0.09847409196594002,-4.959767281826925,-0.098474091965941,0.33101074581994766,-2.8635229752806652,3.9190561977950313,2.2626681507662383,-0.548313404630416
ring,1000,891,33025,33026,891,m12-1-29,2026-08-05T00:29:46,148,0.315412519101372,0.18210350280895493,0.06769421435755614,-0.3711595333398275,-0.4189087396920518,-4.696886140136927,-0.41890873969205167,0.11255461391435774,-2.7117484773610747,3.7913720695641295,2.188949684960876,0.25860491942546976
ring,1000,891,33025,33026,891,m12-1-29,2026-08-05T00:29:46,149,0.1275623236372399,0.0736481418904145,-0.1486775701964862,-0.31478566710972317,-0.2614637095492735,-3.8699900600753825,-0.2614637095492737,-0.012873380926539653,-2.234339802945689,4.359408692176554,2.516905781935715,0.32765904803626344
ring,1000,891,33025,33026,891,m12-1-29,2026-08-05T00:29:46,150,-0.12756232363723982,-0.07364814189041446,-0.148677570196486,0.31478566710972317,0.2614637095492735,-3.8699900600753816,0.26146370954927356,0.012873380926539597,-2.2343398029456893,4.3594086921765545,2.5169057819357152,-0.32765904803626333
ring,1000,891,33025,33026,891,m12-1-29,2026-08-05T00:29:46,151,-0.315412519101372,-0.18210350280895485,0.06769421435755564,0.3711595333398286,0.4189087396920525,-4.696886140136926,0.418908739692052,-0.11255461391435756,-2.711748477361075,3.791372069564129,2.188949684960875,-0.2586049194254709
ring,1000,891,33025,33026,891,m12-1-29,2026-08-05T00:29:46,152,-0.3266170522945421,-0.1885724430641761,0.3931290663789604,-0.21730265881046823,0.0984740919659401,-4.959767281826925,0.09847409196594056,-0.33101074581994777,-2.8635229752806657,3.919056197795031,2.262668150766238,0.5483134046304157
ring,1000,891,33025,33026,891,m12-1-29,2026-08-05T00:29:46,153,-0.13878818452198852,-0.08012939569410944,0.6383607899468292,-0.2747380203663543,-0.05947949520723879,-4.439273030928158,-0.05947949520723888,-0.2060570152280292,-2.563015479412615,4.734960981547485,2.7337309972988075,0.48079503559438413
ring,1000,891,33025,33026,891,m12-1-29,2026-08-05T00:29:46,154,-2.5516179321766154e-17,-5.143184055728112e-18,0.23297415369232977,5.918049795876346e-17,2.625802136488331e-17,-5.684917770622341,-8.11929784337714e-17,-2.6420651690756136e-17,-2.817522007158272,5.3768868363512645,2.664857716976398,-2.7477748808929503e-17
ring,1000,891,33025,33026,891,m12-1-29,2026-08-05T00:29:46,155,0.14359087935929826,0.07116557863206188,0.6383607899468295,0.2819913998313123,0.0546537230583808,-4.592891825932048,0.05465372305838121,0.1988036357630702,-2.27629920399784,4.898811908333955,2.4279173274917802,-0.48079503559438325
ring,1000,891,33025,33026,891,m12-1-29,2026-08-05T00:29:46,156,0.3379194699768182,0.16747745204460748,0.39312906637896017,0.20529398331637483,-0.09048455660190292,-5.131397516783371,-0.09048455660190172,0.3430194213140415,-2.5431898955033834,4.054673152747669,2.009550762323463,-0.5483134046304161
ring,1000,891,33025,33026,891,m12-1-29,2026-08-05T00:29:46,157,0.3263272095869372,0.16173217127203787,0.06769421435755621,-0.4222444330954048,-0.3849212601097924,-4.859419506319077,-0.38492126010979144,0.16363951366993545,-2.4083939211612044,3.922570579923849,1.9440789435301091,0.2586049194254699
ring,1000,891,33025,33026,891,m12-1-29,2026-08-05T00:29:46,158,0.13197655324387275,0.06540936178797159,-0.14867757019648623,-0.34667052919654706,-0.24025027653200148,-4.003909106181348,-0.24025027653200073,0.019011481160283648,-1.984391415408697,4.510263822184545,2.235347649664171,0.327659048036264
ring,1000,891,33025,33026,891,m12-1-29,2026-08-05T00:29:46,159,-0.13197655324387275,-0.06540936178797155,-0.1486775701964862,0.3466705291965464,0.24025027653200104,-4.0039091061813465,0.2402502765320003,-0.01901148116028381,-1.984391415408697,4.510263822184545,2.235347649664171,-0.3276590480362631
ring,1000,891,33025,33026,891,m12-1-29,2026-08-05T00:29:46,160,-0.32632720958693695,-0.16173217127203782,0.06769421435755572,0.4222444330954061,0.3849212601097926,-4.859419506319076,0.3849212601097915,-0.16363951366993534,-2.408393921161204,3.9225705799238475,1.9440789435301076,-0.2586049194254705
ring,1000,891,33025,33026,891,m12-1-29,2026-08-05T00:29:46,161,-0.3379194699768182,-0.16747745204460748,0.3931290663789601,-0.2052939833163743,0.09048455660190309,-5.131397516783373,0.09048455660190224,-0.3430194213140413,-2.5431898955033843,4.05467315274767,2.009550762323464,0.5483134046304154
ring,1000,891,33025,33026,891,m12-1-29,2026-08-05T00:29:46,162,-0.14359087935929854,-0.071165578632062,0.6383607899468295,-0.28199139983131294,-0.054653723058380975,-4.59289182593205,-0.05465372305838168,-0.19880363576307053,-2.27629920399784,4.898811908333952,2.4279173274917794,0.4807950355943844
ring,1000,891,33025,33026,891,m12-1-29,2026-08-05T00:29:46,163,1.359704932535886e-17,6.447614794499734e-18,0.23297415369232918,-6.870390114298037e-18,-8.439836286441849e-18,-5.85217048133195,-9.08129433739753e-17,-1.720154509284033e-17,-2.4512896558721424,5.53507714531329,2.31846925752455,2.2680154195681146e-17
ring,1000,891,33025,33026,891,m12-1-29,2026-08-05T00:29:46,164,0.14781538440493408,0.06191520290231033,0.6383607899468282,0.2885755181641547,0.04894855204652536,-4.7280166665854795,0.048948552046527066,0.19221951743022828,-1.980417075094195,5.042937048570716,2.1123272915252245,-0.4807950355943825
ring,1000,891,33025,33026,891,m12-1-29,2026-08-05T00:29:46,165,0.347861205220068,0.14570808843577882,0.39312906637895917,0.19439333474893036,-0.081039090850297,-5.282365425034504,-0.08103909085029279,0.3539200698814834,-2.2126162876199382,4.173963369985809,1.7483416222192383,-0.5483134046304151
ring,1000,891,33025,33026,891,m12-1-29,2026-08-05T00:29:46,166,0.33592789557465047,0.14070960136376934,0.06769421435755611,-0.4686157868398248,-0.3447402533615547,-5.002385705251102,-0.3447402533615514,0.21001086741435485,-2.095341612668439,4.037974283005077,1.691380082344291,0.25860491942547026
ring,1000,891,33025,33026,891,m12-1-29,2026-08-05T00:29:46,167,0.13585935985089462,0.056907201271435136,-0.14867757019648617,-0.3756134110656396,-0.21517112663042218,-4.121705823471493,-0.21517112663042046,0.04795436302937612,-1.7264525840204359,4.642957711650128,1.9447885613594356,0.32765904803626406
ring,1000,891,33025,33026,891,m12-1-29,2026-08-05T00:29:46,168,-0.13585935985089465,-0.0569072012714351,-0.14867757019648623,0.3756134110656388,0.2151711266304219,-4.121705823471493,0.21517112663042032,-0.047954363029376085,-1.726452584020435,4.6429577116501255,1.944788561359436,-0.3276590480362632
ring,1000,891,33025,33026,891,m12-1-29,2026-08-05T00:29:46,169,-0.3359278955746504,-0.14070960136376928,0.06769421435755556,0.4686157868398257,0.34474025336155484,-5.002385705251103,0.34474025336155156,-0.21001086741435482,-2.095341612668437,4.0379742830050755,1.6913800823442908,-0.258604919425471
ring,1000,891,33025,33026,891,m12-1-29,2026-08-05T00:29:46,170,-0.34786120522006797,-0.14570808843577884,0.3931290663789593,-0.19439333474893009,0.08103909085029712,-5.282365425034506,0.08103909085029277,-0.35392006988148356,-2.2126162876199382,4.17396336998581,1.7483416222192385,0.5483134046304148
ring,1000,891,33025,33026,891,m12-1-29,2026-08-05T00:29:46,171,-0.14781538440493427,-0.061915202902310444,0.6383607899468281,-0.28857551816415533,-0.048948552046525554,-4.728016666585477,-0.04894855204652712,-0.1922195174302286,-1.980417075094194,5.042937048570715,2.112327291525224,0.48079503559438375
ring,1000,891,33025,33026,891,m12-1-29,2026-08-05T00:29:46,172,1.7116577100318884e-17,7.545369494141307e-18,0.2329741536923297,1.8091247324812567e-16,6.598047845932098e-17,-5.99585856700036,-8.043276636361067e-17,7.448807738154317e-18,-2.075186826309237,5.67097965218215,1.9627451406619263,-1.5558978801524792e-16
ring,1000,891,33025,33026,891,m12-1-29,2026-08-05T00:29:46,173,0.15144468906808994,0.052415516503056356,0.6383607899468293,0.294384434436216,0.042455780508918496,-4.844103452846571,0.042455780508920404,0.1864106011581668,-1.6765605056050106,5.16675606118609,1.7882316590884584,-0.48079503559438236
ring,1000,891,33025,33026,891,m12-1-29,2026-08-05T00:29:46,174,0.35640222616534223,0.12335200978158105,0.39312906637896017,0.18477610862412386,-0.07028967579086438,-5.412063112096999,-0.07028967579085932,0.36353729600629264,-1.8731332548753843,4.2764465099073785,1.4800925274686156,-0.5483134046304161
ring,1000,891,33025,33026,891,m12-1-29,2026-08-05T00:29:46,175,0.34417591849054197,0.11912044355338688,0.06769421435755671,-0.5095274621327549,-0.299012246887212,-5.125209062508944,-0.2990122468872072,0.2509225427072877,-1.773852103039218,4.137118488826491,1.431870630528932,0.25860491942546804
ring,1000,891,33025,33026,891,m12-1-29,2026-08-05T00:29:46,176,0.13919510876651134,0.048175895540420635,-0.1486775701964858,-0.4011486109132928,-0.1866297927545419,-4.222905886140903,-0.18662979275454003,0.07348956287703035,-1.4615619374170037,4.756956049113871,1.6463984959191218,0.32765904803626295
ring,1000,891,33025,33026,891,m12-1-29,2026-08-05T00:29:46,177,-0.13919510876651128,-0.04817589554042061,-0.1486775701964857,0.4011486109132926,0.18662979275454183,-4.222905886140905,0.18662979275453997,-0.0734895628770302,-1.4615619374170032,4.756956049113872,1.6463984959191218,-0.32765904803626295
ring,1000,891,33025,33026,891,m12-1-29,2026-08-05T00:29:46,178,-0.34417591849054185,-0.11912044355338682,0.06769421435755608,0.509527462132756,0.2990122468872125,-5.125209062508942,0.2990122468872074,-0.2509225427072875,-1.7738521030392178,4.137118488826493,1.4318706305289317,-0.25860491942546954
ring,1000,891,33025,33026,891,m12-1-29,2026-08-05T00:29:46,179,-0.3564022261653421,-0.12335200978158102,0.3931290663789603,-0.18477610862412394,0.07028967579086429,-5.412063112097,0.07028967579085948,-0.36353729600629253,-1.8731332548753838,4.276446509907379,1.4800925274686156,0.5483134046304163
ring,1000,891,33025,33026,891,m12-1-29,2026-08-05T00:29:46,180,-0.15144468906809014,-0.052415516503056446,0.638360789946829,-0.2943844344362167,-0.04245578050891869,-4.844103452846572,-0.04245578050892089,-0.18641060115816718,-1.6765605056050108,5.16675606118609,1.788231659088458,0.48079503559438375
ring,1000,891,33025,33026,891,m12-1-29,2026-08-05T00:29:46,181,1.495341377170901e-17,4.3164798992079145e-18,0.23297415369232968,1.4108953687031996e-16,4.952771049185345e-17,-6.115403446420336,-3.6332737118644366e-17,-1.4436829553002295e-17,-1.6907279518210312,5.784047125528609,1.5991177418565263,-1.4613859438978444e-16
ring,1000,891,33025,33026,891,m12-1-29,2026-08-05T00:29:46,182,0.15446417941982804,0.04270477131857434,0.6383607899468292,0.29932468101017906,0.03527987957009389,-4.940684744199187,0.035279879570094395,0.18147035458420327,-1.3659530186913433,5.269770370717411,1.456935448905755,-0.48079503559438236
ring,1000,891,33025,33026,891,m12-1-29,2026-08-05T00:29:46,183,0.3635081411357932,0.10049923612031574,0.39312906637895995,0.17659704971039464,-0.05840927353583164,-5.519968331161003,-0.058409273535830884,0.37171635492002214,-1.52610777562415,4.361709909078712,1.2058836224993144,-0.5483134046304161
ring,1000,891,33025,33026,891,m12-1-29,2026-08-05T00:29:46,184,0.3510380664574184,0.09705162975963244,0.06769421435755678,-0.544321174803927,-0.24847302142868474,-5.227395011782665,-0.2484730214286832,0.28571625537845813,-1.4452199170611058,4.219603978663602,1.1665955410542534,0.25860491942546754
ring,1000,891,33025,33026,891,m12-1-29,2026-08-05T00:29:46,185,0.1419703681071713,0.039250602481447024,-0.14867757019648586,-0.4228652578151532,-0.15508551565054107,-4.307101797255138,-0.15508551565054102,0.09520620977889145,-1.1907860967407602,4.851799803505841,1.3413789648218193,0.32765904803626233
ring,1000,891,33025,33026,891,m12-1-29,2026-08-05T00:29:46,186,-0.1419703681071713,-0.039250602481446996,-0.14867757019648586,0.42286525781515294,0.155085515650541,-4.307101797255139,0.15508551565054085,-0.09520620977889135,-1.19078609674076,4.851799803505842,1.3413789648218195,-0.32765904803626217
ring,1000,891,33025,33026,891,m12-1-29,2026-08-05T00:29:46,187,-0.35103806645741836,-0.09705162975963243,0.0676942143575562,0.5443211748039279,0.248473021428685,-5.227395011782662,0.24847302142868388,-0.28571625537845785,-1.445219917061104,4.219603978663601,1.1665955410542532,-0.25860491942546915
ring,1000,891,33025,33026,891,m12-1-29,2026-08-05T00:29:46,188,-0.3635081411357932,-0.10049923612031575,0.39312906637895983,-0.17659704971039472,0.058409273535831634,-5.519968331161002,0.05840927353583056,-0.37171635492002236,-1.5261077756241501,4.361709909078713,1.2058836224993146,0.5483134046304162
ring,1000,891,33025,33026,891,m12-1-29,2026-08-05T00:29:46,189,-0.15446417941982818,-0.04270477131857439,0.6383607899468292,-0.29932468101017945,-0.03527987957009396,-4.940684744199187,-0.03527987957009445,-0.1814703545842034,-1.365953018691343,5.26977037071741,1.456935448905755,0.48079503559438314
ring,1000,891,33025,33026,891,m12-1-29,2026-08-05T00:29:46,190,-4.9065442260889415e-18,-2.558039500707987e-19,0.23297415369232977,-2.1642327077057814e-16,-3.999689576934806e-17,-6.210323754555159,5.1665304013368083e-17,3.2910618132618585e-17,-1.2994611126027507,5.87382428254394,1.229051260303306,1.7896112109588858e-16
ring,1000,891,33025,33026,891,m12-1-29,2026-08-05T00:29:46,191,0.1568616970382124,0.03282206909237554,0.638360789946829,0.30331676746934555,0.027536312162372505,-5.017371641870799,0.02753631216237055,0.1774782681250367,-1.0498453210760113,5.3515651748984885,1.1197726738865974,-0.4807950355943827
ring,1000,891,33025,33026,891,m12-1-29,2026-08-05T00:29:46,192,0.36915033711982426,0.07724178750577328,0.3931290663789601,0.16998776212740233,-0.04558904420477265,-5.60564658599387,-0.04558904420477754,0.3783256425030125,-1.1729371989907074,4.4294102418845185,0.9268190497913157,-0.5483134046304153
ring,1000,891,33025,33026,891,m12-1-29,2026-08-05T00:29:46,193,0.35648670802736937,0.07459202330660412,0.06769421435755646,-0.5724370809918338,-0.19393577204237405,-5.308532086320438,-0.19393577204237883,0.31383216156636595,-1.1107683405583495,4.285098612561548,0.8966229830783708,0.25860491942546854
ring,1000,891,33025,33026,891,m12-1-29,2026-08-05T00:29:46,194,0.14417396288302176,0.030167261099536234,-0.14867757019648578,-0.4404139227931968,-0.12104585454525804,-4.373954529596576,-0.1210458545452597,0.11275487475693387,-0.9152153807334759,4.927107072501609,1.030958174064534,0.32765904803626317
ring,1000,891,33025,33026,891,m12-1-29,2026-08-05T00:29:46,195,-0.14417396288302178,-0.030167261099536227,-0.1486775701964859,0.44041392279319647,0.121045854545258,-4.373954529596575,0.12104585454525982,-0.11275487475693378,-0.915215380733476,4.927107072501609,1.030958174064534,-0.3276590480362631
ring,1000,891,33025,33026,891,m12-1-29,2026-08-05T00:29:46,196,-0.3564867080273693,-0.07459202330660412,0.06769421435755647,0.5724370809918338,0.193935772042374,-5.308532086320439,0.19393577204237875,-0.3138321615663658,-1.1107683405583502,4.285098612561548,0.8966229830783715,-0.25860491942546854
ring,1000,891,33025,33026,891,m12-1-29,2026-08-05T00:29:46,197,-0.3691503371198242,-0.07724178750577329,0.3931290663789602,-0.16998776212740177,0.04558904420477278,-5.6056465859938704,0.045589044204776843,-0.3783256425030125,-1.1729371989907076,4.429410241884521,0.9268190497913159,0.5483134046304151
ring,1000,891,33025,33026,891,m12-1-29,2026-08-05T00:29:46,198,-0.1568616970382126,-0.03282206909237558,0.6383607899468291,-0.30331676746934577,-0.027536312162372498,-5.017371641870796,-0.027536312162370652,-0.1774782681250369,-1.0498453210760108,5.3515651748984885,1.1197726738865976,0.48079503559438314
ring,1000,891,33025,33026,891,m12-1-29,2026-08-05T00:29:46,199,8.85027668894576e-18,7.623296525288703e-19,0.23297415369232902,3.3298982738934682e-18,1.0857268317905622e-17,-6.280237280825438,-8.35438124997573e-17,1.6940658945086007e-17,-0.9029618021207099,5.939949622303169,0.8540358231108307,-3.100140586950739e-17
ring,1000,891,33025,33026,891,m12-1-29,2026-08-05T00:29:46,200,0.1586275879659824,0.022807203978286446,0.6383607899468288,0.3062964596481948,0.019349675184059317,-5.073855354790671,0.019349675184056378,0.17449857594618728,-0.729510266889067,5.411811114921814,0.7781009695264903,-0.4807950355943828
ring,1000,891,33025,33026,891,m12-1-29,2026-08-05T00:29:46,201,0.3733060949855852,0.0536733134749526,0.39312906637896017,0.16505459178646778,-0.032035270086728226,-5.668752880502981,-0.0320352700867353,0.3832588128439482,-0.8150436182378081,4.479274902978998,0.6440225038848155,-0.5483134046304159
ring,1000,891,33025,33026,891,m12-1-29,2026-08-05T00:29:46,202,0.3604999034438562,0.051832061102510006,0.06769421435755575,-0.5934227852410542,-0.13627802348629312,-5.368293575759924,-0.13627802348630016,0.3348178658155833,-0.771844091986931,4.333338666745572,0.623040040807128,0.25860491942547015
ring,1000,891,33025,33026,891,m12-1-29,2026-08-05T00:29:46,203,0.14579701999564318,0.020962446804524523,-0.14867757019648598,-0.4535122412587855,-0.08505852032822923,-4.423194890807329,-0.08505852032823225,0.12585319322252167,-0.6359594154075496,4.982574620308146,0.7163860786105544,0.3276590480362632
ring,1000,891,33025,33026,891,m12-1-29,2026-08-05T00:29:46,204,-0.14579701999564312,-0.020962446804524523,-0.14867757019648584,0.4535122412587853,0.08505852032822916,-4.423194890807328,0.08505852032823241,-0.1258531932225216,-0.6359594154075495,4.982574620308146,0.7163860786105544,-0.3276590480362631
ring,1000,891,33025,33026,891,m12-1-29,2026-08-05T00:29:46,205,-0.36049990344385613,-0.05183206110251002,0.0676942143575557,0.5934227852410541,0.13627802348629312,-5.3682935757599255,0.13627802348630022,-0.33481786581558326,-0.771844091986931,4.333338666745573,0.6230400408071284,-0.2586049194254703
ring,1000,891,33025,33026,891,m12-1-29,2026-08-05T00:29:46,206,-0.37330609498558487,-0.053673313474952605,0.39312906637896017,-0.16505459178646756,0.03203527008672824,-5.668752880502982,0.032035270086734784,-0.3832588128439481,-0.8150436182378085,4.479274902978998,0.6440225038848153,0.5483134046304156
ring,1000,891,33025,33026,891,m12-1-29,2026-08-05T00:29:46,207,-0.15862758796598267,-0.02280720397828647,0.6383607899468288,-0.3062964596481948,-0.0193496751840593,-5.073855354790671,-0.019349675184056565,-0.1744985759461876,-0.7295102668890671,5.4118111149218135,0.7781009695264905,0.48079503559438325
ring,1000,891,33025,33026,891,m12-1-29,2026-08-05T00:29:46,208,1.0535845784202216e-17,1.8177327048077285e-18,0.23297415369232938,2.985705376985499e-16,1.7889335846010823e-17,-6.324862508136454,1.4794229811140327e-16,1.618510555613517e-17,-0.5028265831562744,5.982156881401552,0.4755814850853109,-3.425248772765885e-16
ring,1000,891,33025,33026,891,m12-1-29,2026-08-05T00:29:46,209,0.15975474158363231,0.012700502303437316,0.6383607899468301,0.30821581318415714,0.010851694688707985,-5.109908442982444,0.010851694688705563,0.1725792224102257,-0.40623773233346244,5.450265601650382,0.433296127187989,-0.4807950355943834
ring,1000,891,33025,33026,891,m12-1-29,2026-08-05T00:29:46,210,0.37595868096289903,0.029888715954430045,0.39312906637896,0.1618769152450494,-0.01796603648095677,-5.709033107913305,-0.017966036480961758,0.38643648938536523,-0.4538681444988296,4.511103104971339,0.3586327066589038,-0.548313404630415
ring,1000,891,33025,33026,891,m12-1-29,2026-08-05T00:29:46,211,0.36306149298536955,0.028863389482159232,0.06769421435755557,-0.6069406197144579,-0.07642751051821918,-5.406438841675603,-0.07642751051822462,0.34833570028898697,-0.42981189967464933,4.364129895543504,0.3469483361896573,0.2586049194254713
ring,1000,891,33025,33026,891,m12-1-29,2026-08-05T00:29:46,212,0.14683300396689206,0.011673224134795865,-0.14867757019648692,-0.4619494563646036,-0.047702562678447996,-4.4546246073318825,-0.047702562678449814,0.13429040832834022,-0.3541426659736961,5.01797909868737,0.3989293492620116,0.3276590480362646
ring,1000,891,33025,33026,891,m12-1-29,2026-08-05T00:29:46,213,-0.14683300396689203,-0.011673224134795867,-0.14867757019648684,0.4619494563646031,0.04770256267844798,-4.4546246073318825,0.047702562678449724,-0.1342904083283402,-0.3541426659736959,5.01797909868737,0.3989293492620115,-0.32765904803626417
ring,1000,891,33025,33026,891,m12-1-29,2026-08-05T00:29:46,214,-0.3630614929853695,-0.028863389482159225,0.06769421435755554,0.606940619714458,0.07642751051821918,-5.406438841675603,0.07642751051822433,-0.34833570028898686,-0.4298118996746495,4.364129895543503,0.3469483361896574,-0.2586049194254711
ring,1000,891,33025,33026,891,m12-1-29,2026-08-05T00:29:46,215,-0.375958680962899,-0.02988871595443004,0.39312906637896,-0.16187691524504957,0.01796603648095675,-5.709033107913304,0.017966036480961938,-0.3864364893853651,-0.45386814449882923,4.511103104971338,0.35863270665890395,0.5483134046304153
ring,1000,891,33025,33026,891,m12-1-29,2026-08-05T00:29:46,216,-0.15975474158363243,-0.012700502303437326,0.63836078994683,-0.30821581318415764,-0.01085169468870802,-5.109908442982445,-0.010851694688706085,-0.17257922241022602,-0.40623773233346294,5.450265601650381,0.43329612718798904,0.4807950355943845
ring,1000,891,33025,33026,891,m12-1-29,2026-08-05T00:29:46,217,1.8250648337573986e-17,-1.9142944607947188e-19,0.2329741536923294,1.6552659621728413e-16,3.9048218868423246e-18,-6.344019746448031,-1.5102936262723077e-16,3.586337498674708e-18,-0.10066665901097949,6.000276106103567,0.0952121482728741,-1.8049933292810239e-16
ring,1000,891,33025,33026,891,m12-1-29,2026-08-05T00:29:46,218,0.16023861924136515,0.0025426601883753604,0.6383607899468294,0.3090439449603495,0.0021791063636090987,-5.125385733384648,0.0021791063636086906,0.1717510906340343,-0.08132942180882298,5.466773792438377,0.08674655427446748,-0.48079503559438386
ring,1000,891,33025,33026,891,m12-1-29,2026-08-05T00:29:46,219,0.3770974140242492,0.005983767123794822,0.3931290663789606,0.16050586250822854,-0.003607722622828996,-5.7263250739657225,-0.0036077226228294766,0.38780754212218793,-0.09086510393188449,4.524766686925694,0.07179882210045345,-0.5483134046304163
ring,1000,891,33025,33026,891,m12-1-29,2026-08-05T00:29:46,220,0.36416116203492277,0.00577849517951712,0.0676942143575557,-0.6127730773951254,-0.015347250296154363,-5.422814286544741,-0.015347250296155204,0.3541681579696539,-0.08604900654180778,4.3773483135445215,0.06945959307560266,0.258604919425471
ring,1000,891,33025,33026,891,m12-1-29,2026-08-05T00:29:46,221,0.14727774325495968,0.0023369975114681026,-0.14867757019648686,-0.4655898101612258,-0.009579052938269019,-4.4681171227947,-0.009579052938269429,0.13793076212496255,-0.0708999090164119,5.033177946300643,0.07986627222361734,0.3276590480362645
ring,1000,891,33025,33026,891,m12-1-29,2026-08-05T00:29:46,222,-0.14727774325495968,-0.002336997511468103,-0.1486775701964869,0.46558981016122575,0.009579052938269016,-4.468117122794698,0.009579052938269335,-0.13793076212496255,-0.07089990901641177,5.033177946300644,0.07986627222361739,-0.32765904803626444
ring,1000,891,33025,33026,891,m12-1-29,2026-08-05T00:29:46,223,-0.36416116203492277,-0.005778495179517122,0.06769421435755568,0.6127730773951252,0.015347250296154366,-5.4228142865447415,0.015347250296155078,-0.35416815796965373,-0.08604900654180792,4.377348313544522,0.06945959307560264,-0.2586049194254708
ring,1000,891,33025,33026,891,m12-1-29,2026-08-05T00:29:46,224,-0.3770974140242491,-0.005983767123794833,0.3931290663789607,-0.160505862508228,0.0036077226228289974,-5.726325073965723,0.0036077226228296267,-0.3878075421221879,-0.09086510393188453,4.5247666869256955,0.07179882210045344,0.5483134046304156
ring,1000,891,33025,33026,891,m12-1-29,2026-08-05T00:29:46,225,-0.1602386192413653,-0.0025426601883753474,0.6383607899468293,-0.3090439449603495,-0.0021791063636090826,-5.125385733384649,-0.00217910636360864,-0.17175109063403454,-0.08132942180882337,5.466773792438377,0.08674655427446738,0.4807950355943841
ring,1000,891,33025,33026,891,m12-1-29,2026-08-05T00:29:46,226,-1.3384496995157234e-17,1.4704491964334654e-18,0.23297415369232918,-6.941196774732576e-17,-9.386819121472156e-18,-6.337631856322888,6.785003899258883e-17,-1.423523571155577e-17,0.30189861424047026,5.994234336686361,-0.2855405742561113,8.469313033006298e-17
ring,1000,891,33025,33026,891,m12-1-29,2026-08-05T00:29:46,227,0.16007727253463502,-0.0076254203218487715,0.6383607899468295,0.30876753002649154,-0.006528544598603194,-5.120224904411482,-0.0065285445986017635,0.17202750556789176,0.24390637359271594,5.461269214627971,-0.2601523163964497,-0.4807950355943838
ring,1000,891,33025,33026,891,m12-1-29,2026-08-05T00:29:46,228,0.37671770889350586,-0.017945276225113757,0.3931290663789598,0.16096349432777354,0.010808640842808685,-5.720559150016025,0.010808640842811216,0.38734991030264115,0.27250381833830944,4.520210630420018,-0.21532417097363882,-0.5483134046304153
ring,1000,891,33025,33026,891,m12-1-29,2026-08-05T00:29:46,229,0.363794482613373,-0.01732966708372823,0.06769421435755507,-0.6108263118556619,0.045979952928238844,-5.41735397223048,0.045979952928241495,0.35222139243018863,0.25806037556990613,4.372940694844715,-0.2083088393044274,0.25860491942547187
ring,1000,891,33025,33026,891,m12-1-29,2026-08-05T00:29:46,230,0.1471294470517021,-0.007008639376009305,-0.14867757019648695,-0.46437472799334106,0.02869858734949288,-4.463618107598106,0.028698587349493796,0.1367156799570771,0.2126283368507901,5.028109962752931,-0.23951839810470615,0.32765904803626494
ring,1000,891,33025,33026,891,m12-1-29,2026-08-05T00:29:46,231,-0.14712944705170206,0.007008639376009306,-0.1486775701964868,0.4643747279933409,-0.02869858734949289,-4.463618107598107,-0.028698587349493838,-0.13671567995707704,0.21262833685079013,5.028109962752932,-0.23951839810470626,-0.3276590480362648
ring,1000,891,33025,33026,891,m12-1-29,2026-08-05T00:29:46,232,-0.3637944826133729,0.017329667083728226,0.0676942143575551,0.6108263118556614,-0.04597995292823885,-5.417353972230481,-0.0459799529282419,-0.3522213924301887,0.2580603755699058,4.372940694844718,-0.20830883930442745,-0.2586049194254714
ring,1000,891,33025,33026,891,m12-1-29,2026-08-05T00:29:46,233,-0.3767177088935057,0.017945276225113747,0.3931290663789599,-0.16096349432777338,-0.010808640842808704,-5.720559150016027,-0.01080864084281123,-0.38734991030264104,0.2725038183383094,4.520210630420018,-0.21532417097363885,0.5483134046304151
ring,1000,891,33025,33026,891,m12-1-29,2026-08-05T00:29:46,234,-0.16007727253463516,0.007625420321848785,0.6383607899468294,-0.3087675300264918,0.006528544598603204,-5.120224904411482,0.0065285445986021685,-0.17202750556789204,0.24390637359271602,5.461269214627968,-0.2601523163964496,0.4807950355943849
ring,1000,891,33025,33026,891,m12-1-29,2026-08-05T00:29:46,235,-3.166015927445482e-17,3.1043757516870107e-18,0.2329741536923297,-1.8193653608135612e-16,3.7498148574947876e-18,-6.3057245595400016,-1.236676043925159e-16,-8.919256934587783e-18,0.7032482483256349,5.964055901222945,-0.6651435256723568,1.781784626526256e-16
ring,1000,891,33025,33026,891,m12-1-29,2026-08-05T00:29:46,236,0.15927135114968413,-0.017762795955781976,0.6383607899468297,0.30739101600234425,-0.015131148834339532,-5.094446736899712,-0.015131148834338021,0.17340401959203983,0.5681600441130489,5.433774033211177,-0.6060036455083987,-0.4807950355943839
ring,1000,891,33025,33026,891,m12-1-29,2026-08-05T00:29:46,237,0.37482109450921514,-0.04180206028033867,0.3931290663789602,0.1632424472364053,0.025051089231196914,-5.691758553404933,0.025051089231200287,0.38507095739401204,0.6347754639106012,4.497453281085799,-0.5015801296085606,-0.5483134046304161
ring,1000,891,33025,33026,891,m12-1-29,2026-08-05T00:29:46,238,0.361962931209335,-0.040368048894026884,0.06769421435755557,-0.6011316472823404,0.10656732149795765,-5.3900798854913585,0.10656732149796169,0.34252672785687116,0.6011306396300229,4.350924787368921,-0.48523848550990134,0.2586049194254703
ring,1000,891,33025,33026,891,m12-1-29,2026-08-05T00:29:46,239,0.1463887124935881,-0.016326054946375672,-0.14867757019648623,-0.45832376098787925,0.0665144566238201,-4.441145677688422,0.06651445662382197,0.13066471295161647,0.49530040345136156,5.0027955550252985,-0.5579386123804065,0.3276590480362632
ring,1000,891,33025,33026,891,m12-1-29,2026-08-05T00:29:46,240,-0.146388712493588,0.01632605494637566,-0.14867757019648636,0.45832376098787914,-0.06651445662382008,-4.441145677688421,-0.0665144566238216,-0.1306647129516165,0.4953004034513613,5.002795555025299,-0.5579386123804067,-0.3276590480362631
ring,1000,891,33025,33026,891,m12-1-29,2026-08-05T00:29:46,241,-0.3619629312093351,0.04036804889402688,0.06769421435755554,0.6011316472823403,-0.10656732149795764,-5.390079885491359,-0.10656732149796172,-0.34252672785687105,0.601130639630023,4.350924787368923,-0.4852384855099015,-0.2586049194254702
ring,1000,891,33025,33026,891,m12-1-29,2026-08-05T00:29:46,242,-0.3748210945092151,0.04180206028033866,0.3931290663789601,-0.16324244723640496,-0.025051089231196953,-5.691758553404932,-0.025051089231200592,-0.38507095739401204,0.6347754639106011,4.497453281085801,-0.5015801296085607,0.5483134046304158
ring,1000,891,33025,33026,891,m12-1-29,2026-08-05T00:29:46,243,-0.1592713511496844,0.017762795955782004,0.6383607899468293,-0.30739101600234464,0.01513114883433957,-5.0944467368997115,0.015131148834338148,-0.17340401959204013,0.5681600441130484,5.433774033211175,-0.6060036455083986,0.4807950355943846
ring,1000,891,33025,33026,891,m12-1-29,2026-08-05T00:29:46,244,3.3369657050471213e-18,-5.361718556119721e-19,0.23297415369232938,3.150474196352346e-16,-5.315385853904911e-17,-6.248426335522025,-3.0830921960026743e-16,4.628188023797497e-17,1.1017661499218565,5.9098623176216885,-1.042068178868961,-3.7687968658427565e-16
ring,1000,891,33025,33026,891,m12-1-29,2026-08-05T00:29:46,245,0.15782410024748394,-0.0278286470796689,0.6383607899468297,0.30493655151383436,-0.023490287221160606,-5.048155030431679,-0.023490287221159367,0.1758584840805487,0.8901259346642675,5.38439896157933,-0.9494148118250761,-0.480795035594383
ring,1000,891,33025,33026,891,m12-1-29,2026-08-05T00:29:46,246,0.371415207868107,-0.0654905221925902,0.3931290663789603,0.1673060520287182,0.038890456216269874,-5.640039253969983,0.038890456216272185,0.3810073526016969,0.9944910927297478,4.456586274736759,-0.7858164020911184,-0.5483134046304157
ring,1000,891,33025,33026,891,m12-1-29,2026-08-05T00:29:46,247,0.3586738828338781,-0.06324388281907949,0.06769421435755656,-0.5838450744572409,0.16543998197252965,-5.341101849448486,0.16543998197253248,0.325240155031772,0.9417803627696462,4.3113892414062125,-0.7602142475961129,0.2586049194254685
ring,1000,891,33025,33026,891,m12-1-29,2026-08-05T00:29:46,248,0.14505852225724658,-0.0255777312556519,-0.14867757019648595,-0.447534271469072,0.1032600833921523,-4.4007903216093816,0.10326008339215374,0.11987522343280911,0.775978070140412,4.957336655303108,-0.8741122047849955,0.3276590480362636
ring,1000,891,33025,33026,891,m12-1-29,2026-08-05T00:29:46,249,-0.1450585222572465,0.025577731255651874,-0.14867757019648592,0.44753427146907165,-0.10326008339215223,-4.400790321609381,-0.10326008339215367,-0.11987522343280907,0.7759780701404118,4.957336655303109,-0.8741122047849956,-0.3276590480362632
ring,1000,891,33025,33026,891,m12-1-29,2026-08-05T00:29:46,250,-0.35867388283387797,0.06324388281907944,0.06769421435755532,0.5838450744572433,-0.16543998197253007,-5.341101849448479,-0.16543998197253285,-0.3252401550317716,0.941780362769645,4.3113892414062125,-0.7602142475961126,-0.2586049194254715
ring,1000,891,33025,33026,891,m12-1-29,2026-08-05T00:29:46,251,-0.3714152078681068,0.06549052219259019,0.3931290663789603,-0.16730605202871815,-0.038890456216269874,-5.640039253969982,-0.038890456216272476,-0.3810073526016968,0.9944910927297478,4.45658627473676,-0.7858164020911185,0.5483134046304157
ring,1000,891,33025,33026,891,m12-1-29,2026-08-05T00:29:46,252,-0.1578241002474841,0.02782864707966893,0.6383607899468298,-0.30493655151383425,0.02349028722116056,-5.048155030431679,0.023490287221159492,-0.175858484080549,0.8901259346642683,5.38439896157933,-0.949414811825076,0.48079503559438336
ring,1000,891,33025,33026,891,m12-1-29,2026-08-05T00:29:46,253,-2.072739914512516e-17,5.435410422530845e-18,0.23297415369232974,3.1756130754356695e-16,-9.010058866533444e-17,-6.165967903994052,-1.3264128319396477e-16,3.105392191223716e-17,1.495847628093849,5.831871804316449,-1.41479679130074,-3.6576576728335197e-16
ring,1000,891,33025,33026,891,m12-1-29,2026-08-05T00:29:46,254,0.15574134739662063,-0.03778244206371386,0.6383607899468294,0.30144362981338496,-0.03147145809327669,-4.9815361853709685,-0.03147145809327655,0.1793514057809976,1.2085076022409988,5.313342815719276,-1.2890030197845843,-0.48079503559438347
ring,1000,891,33025,33026,891,m12-1-29,2026-08-05T00:29:46,255,0.3665137632735966,-0.08891527688644421,0.3931290663789602,0.17308892378244403,0.05210406120263153,-5.565609507075996,0.05210406120263181,0.3752244808479719,1.3502022569179146,4.397774168383723,-1.0668884692714622,-0.5483134046304159
ring,1000,891,33025,33026,891,m12-1-29,2026-08-05T00:29:46,256,0.3539405813239619,-0.0858650559495543,0.06769421435755617,-0.559244740808144,0.22165065120662594,-5.270617081366503,0.22165065120662622,0.30063982138267353,1.2786378687839186,4.254493252646312,-1.032128895220144,0.2586049194254694
ring,1000,891,33025,33026,891,m12-1-29,2026-08-05T00:29:46,257,0.1431442325492764,-0.03472641506866264,-0.1486775701964858,-0.4321798663621948,0.13834421676449057,-4.3427145361367385,0.1383442167644908,0.1045208183259322,1.053531147017638,4.891916310531086,-1.1867660558533746,0.32765904803626317
ring,1000,891,33025,33026,891,m12-1-29,2026-08-05T00:29:46,258,-0.14314423254927633,0.03472641506866263,-0.14867757019648573,0.43217986636219485,-0.13834421676449052,-4.342714536136737,-0.13834421676449085,-0.10452081832593214,1.0535311470176387,4.891916310531086,-1.1867660558533746,-0.3276590480362633
ring,1000,891,33025,33026,891,m12-1-29,2026-08-05T00:29:46,259,-0.3539405813239618,0.08586505594955432,0.0676942143575562,0.5592447408081438,-0.22165065120662575,-5.270617081366505,-0.2216506512066262,-0.3006398213826735,1.2786378687839188,4.254493252646313,-1.0321288952201442,-0.2586049194254691
ring,1000,891,33025,33026,891,m12-1-29,2026-08-05T00:29:46,260,-0.36651376327359647,0.0889152768864442,0.3931290663789603,-0.1730889237824436,-0.05210406120263163,-5.565609507075997,-0.05210406120263168,-0.3752244808479718,1.3502022569179137,4.397774168383724,-1.0668884692714624,0.5483134046304154
ring,1000,891,33025,33026,891,m12-1-29,2026-08-05T00:29:46,261,-0.1557413473966208,0.03778244206371391,0.6383607899468293,-0.30144362981338496,0.03147145809327666,-4.981536185370969,0.03147145809327656,-0.17935140578099795,1.2085076022409995,5.313342815719275,-1.2890030197845843,0.4807950355943838
ring,1000,891,33025,33026,891,m12-1-29,2026-08-05T00:29:46,262,-2.4102613681696735e-17,5.919913268360305e-18,0.23297415369232932,9.73240856395191e-19,1.802062595283524e-17,-6.0586812959566485,3.8450478305457727e-17,-5.875020522155827e-18,1.8839058558176138,5.730398401578037,-1.7818285163976604,-9.181837148236616e-18
ring,1000,891,33025,33026,891,m12-1-29,2026-08-05T00:29:46,263,0.15303147910772857,-0.04758410048864571,0.6383607899468294,0.29696845331869093,-0.03894624142369658,-4.894858452293929,-0.03894624142369707,0.18382658227569143,1.5220230362387448,5.220891713651558,-1.6234008675290066,-0.48079503559438325
ring,1000,891,33025,33026,891,m12-1-29,2026-08-05T00:29:46,264,0.36013649711313334,-0.1119820011423697,0.3931290663789597,0.18049801392631243,0.06447929233969188,-5.468769015044224,0.06447929233969081,0.3678153907041019,1.7004766331629506,4.321253777621586,-1.3436645531376858,-0.5483134046304153
ring,1000,891,33025,33026,891,m12-1-29,2026-08-05T00:29:46,265,0.3477820860141764,-0.10814048080525689,0.06769421435755602,-0.5277264749123093,0.274294878490455,-5.1789093985293,0.27429487849045386,0.26912155548683986,1.6103467513878622,4.180465921154872,-1.2998875240665844,0.2586049194254695
ring,1000,891,33025,33026,891,m12-1-29,2026-08-05T00:29:46,266,0.14065355153869571,-0.0437352678646638,-0.14867757019648584,-0.4125076037931609,0.17120233990153388,-4.267152171961102,0.1712023399015329,0.08484855575689859,1.3268420258030837,4.806797945347929,-1.494641218876521,0.3276590480362625
ring,1000,891,33025,33026,891,m12-1-29,2026-08-05T00:29:46,267,-0.14065355153869571,0.043735267864663786,-0.14867757019648586,0.4125076037931607,-0.17120233990153383,-4.267152171961101,-0.17120233990153289,-0.08484855575689856,1.3268420258030835,4.806797945347932,-1.494641218876521,-0.32765904803626233
ring,1000,891,33025,33026,891,m12-1-29,2026-08-05T00:29:46,268,-0.3477820860141764,0.10814048080525686,0.06769421435755606,0.5277264749123091,-0.2742948784904549,-5.178909398529298,-0.2742948784904537,-0.26912155548683986,1.6103467513878618,4.180465921154873,-1.2998875240665844,-0.25860491942546904
ring,1000,891,33025,33026,891,m12-1-29,2026-08-05T00:29:46,269,-0.3601364971131333,0.11198200114236963,0.39312906637895967,-0.18049801392631232,-0.0644792923396919,-5.468769015044222,-0.06447929233969055,-0.36781539070410174,1.7004766331629508,4.321253777621588,-1.3436645531376858,0.5483134046304151
ring,1000,891,33025,33026,891,m12-1-29,2026-08-05T00:29:46,270,-0.15303147910772877,0.04758410048864577,0.6383607899468289,-0.2969684533186906,0.03894624142369643,-4.894858452293933,0.03894624142369727,-0.18382658227569174,1.5220230362387457,5.220891713651558,-1.6234008675290066,0.4807950355943832
ring,1000,891,33025,33026,891,m12-1-29,2026-08-05T00:29:46,271,1.9798018713529982e-17,-5.450657015581423e-18,0.23297415369232966,-1.0398795853336471e-16,4.606927496821414e-17,-5.926998516714248,1.5866330000391935e-16,-6.22416750301405e-17,2.2643782595728172,5.605850706984892,-2.141685446944324,1.593455321033735e-16
ring,1000,891,33025,33026,891,m12-1-29,2026-08-05T00:29:46,272,0.1497054070639767,-0.05719415453542128,0.6383607899468292,0.29158302929478247,-0.045794365150534824,-4.788470851839276,-0.045794365150535546,0.18921200629960053,1.8294098206580864,5.107417923334167,-1.9512618529491015,-0.4807950355943835
ring,1000,891,33025,33026,891,m12-1-29,2026-08-05T00:29:46,273,0.35230908838672703,-0.13459781340304386,0.39312906637896033,0.18941410742640538,0.07581702752592967,-5.349907720356816,0.07581702752592805,0.3588992972040107,2.0439037901788635,4.227333223056564,-1.6150301740864546,-0.5483134046304168
ring,1000,891,33025,33026,891,m12-1-29,2026-08-05T00:29:46,274,0.3402231949915323,-0.12998046211226508,0.06769421435755615,-0.4897974174665039,0.32252559850026324,-5.066348075408036,0.32252559850026113,0.23119249804103376,1.935571335985811,4.0896053288683705,-1.5624119646408081,0.2586049194254699
ring,1000,891,33025,33026,891,m12-1-29,2026-08-05T00:29:46,275,0.13759650831886336,-0.052568014173064004,-0.14867757019648595,-0.38883401783079113,0.20130575330194894,-4.174407492053763,0.20130575330194805,0.061174969794528154,1.5948101800512275,4.702324301368266,-1.7964979892355448,0.3276590480362635
ring,1000,891,33025,33026,891,m12-1-29,2026-08-05T00:29:46,276,-0.1375965083188633,0.052568014173064,-0.14867757019648592,0.3888340178307909,-0.2013057533019487,-4.174407492053764,-0.20130575330194794,-0.06117496979452809,1.5948101800512278,4.702324301368266,-1.7964979892355448,-0.3276590480362632
ring,1000,891,33025,33026,891,m12-1-29,2026-08-05T00:29:46,277,-0.34022319499153225,0.12998046211226505,0.0676942143575561,0.4897974174665037,-0.3225255985002632,-5.066348075408034,-0.3225255985002608,-0.23119249804103378,1.9355713359858115,4.0896053288683705,-1.5624119646408083,-0.25860491942546976
ring,1000,891,33025,33026,891,m12-1-29,2026-08-05T00:29:46,278,-0.3523090883867271,0.13459781340304386,0.39312906637896045,-0.18941410742640558,-0.07581702752592963,-5.349907720356816,-0.07581702752592755,-0.35889929720401076,2.043903790178864,4.227333223056564,-1.615030174086455,0.5483134046304169
ring,1000,891,33025,33026,891,m12-1-29,2026-08-05T00:29:46,279,-0.14970540706397678,0.057194154535421385,0.6383607899468292,-0.2915830292947835,0.045794365150534956,-4.788470851839275,0.04579436515053576,-0.18921200629960092,1.8294098206580873,5.107417923334167,-1.9512618529491017,0.48079503559438425
ring,1000,891,33025,33026,891,m12-1-29,2026-08-05T00:29:46,280,2.452123324609757e-17,-1.1467979072875972e-17,0.23297415369232943,-2.2519900856016553e-16,9.798731243721923e-17,-5.7714498063422255,3.2696403500257973e-16,-1.347146610301657e-16,2.635732811274935,5.458730230144782,-2.4929185660906796,3.547687385291494e-16
ring,1000,891,33025,33026,891,m12-1-29,2026-08-05T00:29:46,281,0.14577652418356937,-0.06657390790820371,0.6383607899468285,0.2853740112301742,-0.05190564039951132,-4.66280176932523,-0.051905640399511926,0.19542102436420847,2.129430217408449,4.973378363670838,-2.2712657955730973,-0.4807950355943831
ring,1000,891,33025,33026,891,m12-1-29,2026-08-05T00:29:46,282,0.34306305530668496,-0.15667164777460446,0.3931290663789605,0.199693741000666,0.08593483835805074,-5.209504235496119,0.08593483835804995,0.3486196636297495,2.379100868014845,4.116390689613217,-1.8798926385390176,-0.5483134046304163
ring,1000,891,33025,33026,891,m12-1-29,2026-08-05T00:29:46,283,0.33129434524231394,-0.1512970579741426,0.06769421435755606,-0.44606786120332875,0.3655667608964843,-4.933386356723073,0.36556676089648305,0.1874629417778586,2.253002057961603,3.982277339323209,-1.818645123676998,0.25860491942547
ring,1000,891,33025,33026,891,m12-1-29,2026-08-05T00:29:46,284,0.13398541252386081,-0.06118908764194268,-0.1486775701964861,-0.3615400253351496,0.22817008177526235,-4.06485394650703,0.2281700817752612,0.03388097729888676,1.8563565965826407,4.578916057083035,-2.091120896254702,0.32765904803626317
ring,1000,891,33025,33026,891,m12-1-29,2026-08-05T00:29:46,285,-0.13398541252386073,0.06118908764194266,-0.14867757019648603,0.36154002533514934,-0.22817008177526216,-4.06485394650703,-0.22817008177526102,-0.033880977298886714,1.8563565965826412,4.578916057083035,-2.091120896254702,-0.32765904803626295
ring,1000,891,33025,33026,891,m12-1-29,2026-08-05T00:29:46,286,-0.33129434524231394,0.15129705797414256,0.06769421435755602,0.4460678612033289,-0.36556676089648443,-4.933386356723072,-0.3655667608964831,-0.18746294177785863,2.2530020579616026,3.9822773393232076,-1.8186451236769978,-0.2586049194254699
ring,1000,891,33025,33026,891,m12-1-29,2026-08-05T00:29:46,287,-0.34306305530668485,0.15667164777460443,0.3931290663789605,-0.19969374100066606,-0.08593483835805055,-5.209504235496119,-0.08593483835804973,-0.3486196636297495,2.379100868014845,4.116390689613218,-1.8798926385390182,0.5483134046304167
ring,1000,891,33025,33026,891,m12-1-29,2026-08-05T00:29:46,288,-0.14577652418356962,0.06657390790820382,0.6383607899468284,-0.28537401123017503,0.05190564039951172,-4.66280176932523,0.05190564039951215,-0.19542102436420883,2.1294302174084496,4.973378363670839,-2.271265795573097,0.48079503559438436
ring,1000,891,33025,33026,891,m12-1-29,2026-08-05T00:29:46,289,1.2563986767063834e-17,-1.56785798536771e-18,0.23297415369232896,-4.2375628983034154e-17,2.941787777461548e-17,-5.592661504597307,-1.2393240806765128e-16,4.3751792824526375e-17,2.996474197211508,5.2896293732926924,-2.8341135820314434,8.732909686191836e-19
ring,1000,891,33025,33026,891,m12-1-29,2026-08-05T00:29:46,290,0.14126065069118987,-0.07568559165068535,0.6383607899468297,0.27844130454980176,-0.0571817344641853,-4.518357229792917,-0.05718173446418492,0.20235373104458182,2.4208761502424343,4.819312764659904,-2.582124152467424,-0.4807950355943834
ring,1000,891,33025,33026,891,m12-1-29,2026-08-05T00:29:46,291,0.3324356283848908,-0.1781146207168581,0.3931290663789599,0.21117151149682425,0.09466992547227945,-5.048123915741145,0.09466992547228013,0.337141893133591,2.704718146344147,3.9888729037172386,-2.137185438832575,-0.5483134046304167
ring,1000,891,33025,33026,891,m12-1-29,2026-08-05T00:29:46,292,0.3210314900930788,-0.17200443398291113,0.06769421435755608,-0.3972414310527151,0.40272581726420026,-4.780559632387569,0.40272581726419954,0.1386365116272441,2.561360735833015,3.858914124452583,-2.0675552406795967,0.25860491942547015
ring,1000,891,33025,33026,891,m12-1-29,2026-08-05T00:29:46,293,0.12983480476194123,-0.069563774251194,-0.14867757019648634,-0.3310647968626837,0.25136306821998433,-3.93893266878258,0.2513630682199854,0.0034057488264202544,2.110428120289097,4.4370701339358165,-2.3773235974727327,0.327659048036264
ring,1000,891,33025,33026,891,m12-1-29,2026-08-05T00:29:46,294,-0.12983480476194117,0.06956377425119399,-0.14867757019648628,0.33106479686268353,-0.2513630682199841,-3.9389326687825807,-0.2513630682199855,-0.003405748826420258,2.1104281202890967,4.437070133935816,-2.3773235974727336,-0.327659048036264
ring,1000,891,33025,33026,891,m12-1-29,2026-08-05T00:29:46,295,-0.3210314900930787,0.17200443398291113,0.067694214357556,0.39724143105271514,-0.40272581726420037,-4.780559632387569,-0.4027258172642001,-0.13863651162724402,2.561360735833015,3.8589141244525833,-2.0675552406795967,-0.25860491942547054
ring,1000,891,33025,33026,891,m12-1-29,2026-08-05T00:29:46,296,-0.3324356283848907,0.178114620716858,0.3931290663789599,-0.2111715114968241,-0.09466992547227973,-5.048123915741145,-0.09466992547227998,-0.33714189313359094,2.7047181463441476,3.9888729037172403,-2.1371854388325744,0.5483134046304161
ring,1000,891,33025,33026,891,m12-1-29,2026-08-05T00:29:46,297,-0.14126065069119018,0.07568559165068547,0.6383607899468293,-0.27844130454980126,0.05718173446418488,-4.51835722979292,0.05718173446418526,-0.20235373104458218,2.4208761502424343,4.819312764659903,-2.5821241524674234,0.48079503559438364
ring,1000,891,33025,33026,891,m12-1-29,2026-08-05T00:29:46,298,1.5716722806083144e-17,-5.645898109923539e-18,0.23297415369232938,3.419711162524312e-16,-2.079944459124506e-16,-5.3913535288683985,5.69942794521205e-17,1.1290949186899824e-18,3.3451498391428167,5.099229045896091,-3.163896622860113,-3.518769680472232e-16
ring,1000,891,33025,33026,891,m12-1-29,2026-08-05T00:29:46,299,0.13617597041554394,-0.08449251622834791,0.6383607899468294,0.2708964590993273,-0.06153775301601062,-4.3557188604222725,-0.061537753016009666,0.20989857649505567,2.702574069252546,4.645841494092101,-2.882585206744389,-0.480795035594383
ring,1000,891,33025,33026,891,m12-1-29,2026-08-05T00:29:46,300,0.3204696005186747,-0.19884038894593026,0.39312906637895995,0.2236627372910274,0.10188173804706996,-4.866416582681354,0.10188173804707175,0.3246506673393893,3.019444479311544,3.8452933344858136,-2.3858725476702385,-0.5483134046304158
ring,1000,891,33025,33026,891,m12-1-29,2026-08-05T00:29:46,301,0.3094759544393035,-0.1920192088439236,0.06769421435755581,-0.3441037625533903,0.43340486447639315,-4.608483281681176,0.4334048644763934,0.08549884312791996,2.8594057180375296,3.7200124243824604,-2.308140042458724,0.2586049194254704
ring,1000,891,33025,33026,891,m12-1-29,2026-08-05T00:29:46,302,0.12516139806562995,-0.07765835209363699,-0.14867757019648645,-0.2978986902475622,0.27051152880219625,-3.7971506994226853,0.2705115288021963,-0.029760357788701088,2.3560016948176052,4.277357695395491,-2.6539536556252794,0.3276590480362634
ring,1000,891,33025,33026,891,m12-1-29,2026-08-05T00:29:46,303,-0.12516139806562995,0.077658352093637,-0.14867757019648645,0.29789869024756205,-0.27051152880219625,-3.7971506994226862,-0.2705115288021964,0.029760357788701106,2.3560016948176057,4.277357695395491,-2.653953655625279,-0.32765904803626333
ring,1000,891,33025,33026,891,m12-1-29,2026-08-05T00:29:46,304,-0.3094759544393035,0.19201920884392357,0.06769421435755577,0.3441037625533903,-0.43340486447639304,-4.608483281681175,-0.43340486447639365,-0.08549884312792021,2.8594057180375296,3.7200124243824604,-2.3081400424587244,-0.2586049194254702
ring,1000,891,33025,33026,891,m12-1-29,2026-08-05T00:29:46,305,-0.3204696005186746,0.19884038894593017,0.39312906637896,-0.22366273729102712,-0.10188173804706979,-4.866416582681355,-0.10188173804707112,-0.3246506673393894,3.0194444793115442,3.8452933344858145,-2.3858725476702385,0.5483134046304162
ring,1000,891,33025,33026,891,m12-1-29,2026-08-05T00:29:46,306,-0.136175970415544,0.08449251622834802,0.6383607899468297,-0.27089645909932725,0.06153775301601058,-4.355718860422273,0.06153775301601003,-0.20989857649505592,2.7025740692525457,4.645841494092101,-2.882585206744388,0.4807950355943837
ring,1000,891,33025,33026,891,m12-1-29,2026-08-05T00:29:46,307,-2.1804216249101793e-18,4.242364516323163e-18,0.2329741536923294,1.6905100766658067e-16,-1.0269681562395314e-16,-5.1683364753233585,-1.6367670273026034e-16,1.304515442066348e-16,3.6803557433216794,4.8882959228727785,-3.4809397686661248,-3.0298368523286323e-16
ring,1000,891,33025,33026,891,m12-1-29,2026-08-05T00:29:46,308,0.1305429575694948,-0.09295921926426585,0.6383607899468291,0.26286087426637805,-0.06490360608586408,-4.175541548524555,-0.06490360608586189,0.2179341613280053,2.97338967634245,4.453663059548382,-3.1714391077842827,-0.48079503559438347
ring,1000,891,33025,33026,891,m12-1-29,2026-08-05T00:29:46,309,0.3072131546789176,-0.21876549710819315,0.39312906637896033,0.23696642988429945,0.10745423531843476,-4.665113907614521,0.10745423531843958,0.31134697474611545,3.32201257505486,3.6862301261687507,-2.6249525898372834,-0.5483134046304147
ring,1000,891,33025,33026,891,m12-1-29,2026-08-05T00:29:46,310,0.2966742683446109,-0.2112607901229051,0.067694214357556,-0.287509860682982,0.4571102651790717,-4.417850195334899,0.4571102651790757,0.02890494125751187,3.145936882624947,3.566131547234577,-2.539430778930513,0.2586049194254706
ring,1000,891,33025,33026,891,m12-1-29,2026-08-05T00:29:46,311,0.11998401059424497,-0.08544022716122987,-0.14867757019648647,-0.2625753605605711,0.28530735762312465,-3.6400789443769006,0.28530735762312687,-0.065083687475693,2.5920884820572017,4.100421847082571,-2.919897179103032,0.32765904803626444
ring,1000,891,33025,33026,891,m12-1-29,2026-08-05T00:29:46,312,-0.1199840105942449,0.08544022716122983,-0.14867757019648647,0.2625753605605704,-0.2853073576231242,-3.6400789443768997,-0.2853073576231264,0.06508368747569263,2.592088482057202,4.100421847082572,-2.919897179103032,-0.32765904803626356
ring,1000,891,33025,33026,891,m12-1-29,2026-08-05T00:29:46,313,-0.29667426834461097,0.21126079012290508,0.06769421435755547,0.2875098606829824,-0.4571102651790718,-4.417850195334898,-0.45711026517907577,-0.02890494125751151,3.1459368826249454,3.5661315472345794,-2.5394307789305137,-0.2586049194254708
ring,1000,891,33025,33026,891,m12-1-29,2026-08-05T00:29:46,314,-0.3072131546789175,0.21876549710819315,0.3931290663789607,-0.23696642988430025,-0.10745423531843443,-4.66511390761452,-0.1074542353184391,-0.31134697474611567,3.322012575054858,3.6862301261687525,-2.624952589837284,0.5483134046304158
ring,1000,891,33025,33026,891,m12-1-29,2026-08-05T00:29:46,315,-0.1305429575694949,0.09295921926426592,0.6383607899468292,-0.26286087426637783,0.06490360608586376,-4.175541548524555,0.06490360608586179,-0.21793416132800533,2.97338967634245,4.453663059548381,-3.1714391077842823,0.48079503559438347
ring,1000,891,33025,33026,891,m12-1-29,2026-08-05T00:29:46,316,-1.2524282097661288e-17,8.892151880275645e-18,0.2329741536923298,-6.624009405765442e-17,5.982043135041408e-17,-4.924508354924371,-3.4857523361882595e-17,5.777781139811033e-17,4.000742153880798,4.657679357461653,-3.783966398599685,3.0464386980948166e-17
ring,1000,891,33025,33026,891,m12-1-29,2026-08-05T00:29:46,317,0.12438429430763642,-0.10105160833358323,0.6383607899468295,0.25446384561894125,-0.06722513583788269,-3.978550804542279,-0.06722513583787997,0.22633118997544083,3.2322324926450716,4.243551295756498,-3.4475227428767807,-0.48079503559438275
ring,1000,891,33025,33026,891,m12-1-29,2026-08-05T00:29:46,318,0.2927196698942376,-0.23780971382551994,0.39312906637895995,0.25086852788273173,0.11129775371927886,-4.445026465364604,0.1112977537192849,0.29744487674768283,3.611204098642057,3.512323770165552,-2.8534628743856936,-0.5483134046304149
ring,1000,891,33025,33026,891,m12-1-29,2026-08-05T00:29:46,319,0.2826779796806292,-0.2296516987632403,0.06769421435755654,-0.2283703425078577,0.47346059060108936,-4.209427985504705,0.4734605906010964,-0.03023457691761153,3.4198004697248265,3.3978911169898756,-2.760496123931804,0.2586049194254692
ring,1000,891,33025,33026,891,m12-1-29,2026-08-05T00:29:46,320,0.11432348985980563,-0.09287806458964003,-0.14867757019648573,-0.22566317339925326,0.2955124842583951,-3.468349876165288,0.29551248425839677,-0.10199587463700979,2.8177378438410168,3.9069750472097793,-3.1740833072000396,0.32765904803626333
ring,1000,891,33025,33026,891,m12-1-29,2026-08-05T00:29:46,321,-0.11432348985980557,0.09287806458964,-0.14867757019648578,0.22566317339925276,-0.2955124842583946,-3.468349876165288,-0.2955124842583962,0.10199587463700943,2.8177378438410168,3.90697504720978,-3.17408330720004,-0.32765904803626233
ring,1000,891,33025,33026,891,m12-1-29,2026-08-05T00:29:46,322,-0.28267797968062913,0.22965169876324024,0.06769421435755602,0.2283703425078581,-0.4734605906010896,-4.2094279855047025,-0.47346059060109646,0.030234576917612103,3.4198004697248265,3.3978911169898756,-2.7604961239318024,-0.2586049194254697
ring,1000,891,33025,33026,891,m12-1-29,2026-08-05T00:29:46,323,-0.2927196698942375,0.23780971382551988,0.39312906637895995,-0.2508685278827315,-0.11129775371927904,-4.445026465364604,-0.11129775371928453,-0.2974448767476829,3.6112040986420575,3.512323770165553,-2.8534628743856945,0.5483134046304147
ring,1000,891,33025,33026,891,m12-1-29,2026-08-05T00:29:46,324,-0.12438429430763663,0.10105160833358334,0.6383607899468295,-0.2544638456189416,0.06722513583788266,-3.978550804542278,0.06722513583788028,-0.2263311899754413,3.2322324926450716,4.243551295756497,-3.44752274287678,0.48079503559438347
ring,1000,891,33025,33026,891,m12-1-29,2026-08-05T00:29:46,325,1.1712295138599635e-17,-5.628533934504826e-18,0.23297415369232993,-1.3420519718217183e-16,1.2166357737887143e-16,-4.660850977454631,1.76783981723649e-16,-1.225444916440159e-16,4.305018987823292,4.408307961176931,-4.0717563313734875,2.628419468295347e-16
ring,1000,891,33025,33026,891,m12-1-29,2026-08-05T00:29:46,326,0.11772477939326258,-0.10873709824167757,0.6383607899468294,0.24584048449128498,-0.06846498798931862,-3.765539840674826,-0.06846498798931772,0.23495455110309804,3.4780602494961417,4.016352248631578,-3.7097244206654176,-0.48079503559438264
ring,1000,891,33025,33026,891,m12-1-29,2026-08-05T00:29:46,327,0.2770475063124759,-0.2558963547587297,0.3931290663789599,0.26514534132543977,0.1133504495997579,-4.2070404703830455,0.11335044959976054,0.28316806330497557,3.885854577876026,3.3242745259926862,-3.070483271050918,-0.5483134046304157
ring,1000,891,33025,33026,891,m12-1-29,2026-08-05T00:29:46,328,0.2675434465619038,-0.2471178810667932,0.06769421435755636,-0.16763678501364454,0.4821927578858549,-3.984055894868274,0.4821927578858577,-0.09096813441182487,3.6798937273304313,3.2159685784815464,-2.9704459253419433,0.2586049194254695
ring,1000,891,33025,33026,891,m12-1-29,2026-08-05T00:29:46,329,0.10820262878146374,-0.0999419148326823,-0.14867757019648564,-0.18775605967268172,0.3009627044002752,-3.282654987134817,0.3009627044002763,-0.13990298836358064,3.0320411698307144,3.6977962377643614,-3.415488522091899,0.3276590480362624
ring,1000,891,33025,33026,891,m12-1-29,2026-08-05T00:29:46,330,-0.10820262878146371,0.0999419148326823,-0.14867757019648561,0.18775605967268164,-0.30096270440027517,-3.282654987134818,-0.3009627044002762,0.1399029883635806,3.0320411698307144,3.697796237764361,-3.4154885220918993,-0.3276590480362624
ring,1000,891,33025,33026,891,m12-1-29,2026-08-05T00:29:46,331,-0.26754344656190376,0.24711788106679314,0.06769421435755639,0.16763678501364435,-0.482192757885855,-3.9840558948682747,-0.4821927578858576,0.09096813441182486,3.6798937273304313,3.215968578481547,-2.970445925341944,-0.2586049194254696
ring,1000,891,33025,33026,891,m12-1-29,2026-08-05T00:29:46,332,-0.2770475063124758,0.2558963547587296,0.3931290663789599,-0.26514534132543977,-0.11335044959975779,-4.207040470383045,-0.11335044959976039,-0.28316806330497546,3.885854577876026,3.324274525992687,-3.0704832710509185,0.5483134046304153
ring,1000,891,33025,33026,891,m12-1-29,2026-08-05T00:29:46,333,-0.11772477939326279,0.10873709824167771,0.6383607899468289,-0.24584048449128496,0.06846498798931863,-3.7655398406748275,0.06846498798931783,-0.2349545511030982,3.478060249496143,4.016352248631579,-3.7097244206654154,0.4807950355943829
ring,1000,891,33025,33026,891,m12-1-29,2026-08-05T00:29:46,334,4.5510418511483515e-18,-3.680781672293562e-18,0.2329741536923295,-9.771679790713478e-17,1.2755087987876244e-16,-4.378425998116999,1.6716195214063617e-17,1.9085346367533895e-17,4.5919610297314035,4.141185864617375,-4.343150738501859,8.390115452438021e-17
ring,1000,891,33025,33026,891,m12-1-29,2026-08-05T00:29:46,335,0.11059122834249993,-0.11598474223323352,0.6383607899468285,0.23712954399200892,-0.06860321285493184,-3.5373663768928045,-0.06860321285493245,0.24366549160237294,3.709883085282176,3.7729807685479466,-3.956988347536138,-0.48079503559438225
ring,1000,891,33025,33026,891,m12-1-29,2026-08-05T00:29:46,336,0.2602597702049861,-0.27295259138834815,0.39312906637896033,0.2795671509397699,0.1135792943147497,-3.952114208275994,0.11357929431474735,0.26874625369064564,4.144858092213031,3.1228396015856417,-3.275139915291553,-0.5483134046304154
ring,1000,891,33025,33026,891,m12-1-29,2026-08-05T00:29:46,337,0.2513316104116665,-0.2635890068820053,0.06769421435755653,-0.10628641387533423,0.4831662631929672,-3.742641417290912,0.4831662631929645,-0.15231850555013435,3.9251693516916144,3.0210964695637563,-3.1684347894111102,0.25860491942546865
ring,1000,891,33025,33026,891,m12-1-29,2026-08-05T00:29:46,338,0.10164607390646288,-0.10660333425856942,-0.14867757019648506,-0.1494639590308099,0.3015703219664556,-3.0837420050638045,0.3015703219664537,-0.1781950890054519,3.2341355361695476,3.47372770798363,-3.6431407701806693,0.3276590480362622
ring,1000,891,33025,33026,891,m12-1-29,2026-08-05T00:29:46,339,-0.10164607390646284,0.10660333425856942,-0.14867757019648503,0.14946395903080978,-0.3015703219664554,-3.0837420050638045,-0.30157032196645356,0.1781950890054518,3.234135536169548,3.4737277079836293,-3.6431407701806693,-0.327659048036262
ring,1000,891,33025,33026,891,m12-1-29,2026-08-05T00:29:46,340,-0.2513316104116665,0.26358900688200526,0.06769421435755649,0.10628641387533432,-0.48316626319296724,-3.7426414172909115,-0.48316626319296446,0.15231850555013426,3.9251693516916144,3.0210964695637563,-3.16843478941111,-0.2586049194254686
ring,1000,891,33025,33026,891,m12-1-29,2026-08-05T00:29:46,341,-0.26025977020498603,0.2729525913883482,0.3931290663789603,-0.27956715093976986,-0.11357929431475002,-3.9521142082759955,-0.11357929431474738,-0.26874625369064564,4.144858092213032,3.122839601585643,-3.275139915291553,0.5483134046304152
ring,1000,891,33025,33026,891,m12-1-29,2026-08-05T00:29:46,342,-0.11059122834250011,0.11598474223323368,0.6383607899468281,-0.2371295439920088,0.06860321285493175,-3.537366376892806,0.06860321285493239,-0.24366549160237314,3.7098830852821756,3.7729807685479457,-3.9569883475361394,0.4807950355943824
ring,1000,891,33025,33026,891,m12-1-29,2026-08-05T00:29:46,343,1.8675223602385204e-18,-1.2362445865176513e-18,0.2329741536923292,8.797110151382282e-17,-1.0916814734097599e-16,-4.078370642623102,9.305313376122611e-17,-1.3378885401881674e-16,4.8604128652768495,3.8573886741867427,-4.5970568104942755,2.6026781370282887e-17
ring,1000,891,33025,33026,891,m12-1-29,2026-08-05T00:29:46,344,0.1030123654476868,-0.1227653566039086,0.638360789946828,0.2284711864145867,-0.06763758634489231,-3.2949491872024548,-0.06763758634489347,0.2523238491797951,3.926767531263904,3.514416826559395,-4.1883188789257115,-0.4807950355943822
ring,1000,891,33025,33026,891,m12-1-29,2026-08-05T00:29:46,345,0.24242405985994442,-0.2889097442693633,0.39312906637896017,0.293901904410395,0.11198060566712262,-3.68127417712628,0.11198060566712059,0.25441150022002,4.387171725914554,2.9088301042897693,-3.4666087270335306,-0.5483134046304148
ring,1000,891,33025,33026,891,m12-1-29,2026-08-05T00:29:46,346,0.2341077505722278,-0.27899875279860253,0.06769421435755604,-0.045306379530332994,0.4763654424576117,-3.4861566436680684,0.4763654424576088,-0.21329853989513686,4.1546397044376135,2.814059471440199,-3.353665484862631,0.2586049194254698
ring,1000,891,33025,33026,891,m12-1-29,2026-08-05T00:29:46,347,0.0946802261671889,-0.11283549968237995,-0.14867757019648528,-0.11140300570716473,0.2973255601628392,-2.8724118823259013,0.29732556016283745,-0.21625604232909787,3.4232071801722035,3.2356717027533706,-3.85612337621177,0.3276590480362626
ring,1000,891,33025,33026,891,m12-1-29,2026-08-05T00:29:46,348,-0.09468022616718884,0.11283549968237992,-0.14867757019648523,0.11140300570716458,-0.29732556016283884,-2.872411882325901,-0.2973255601628374,0.21625604232909784,3.4232071801722035,3.2356717027533706,-3.8561233762117695,-0.3276590480362622
ring,1000,891,33025,33026,891,m12-1-29,2026-08-05T00:29:46,349,-0.23410775057222785,0.27899875279860253,0.06769421435755604,0.04530637953033299,-0.4763654424576116,-3.486156643668068,-0.4763654424576086,0.21329853989513695,4.1546397044376135,2.8140594714401987,-3.3536654848626313,-0.25860491942547
ring,1000,891,33025,33026,891,m12-1-29,2026-08-05T00:29:46,350,-0.24242405985994445,0.28890974426936333,0.3931290663789601,-0.29390190441039543,-0.11198060566712272,-3.6812741771262796,-0.11198060566712045,-0.25441150022002024,4.387171725914553,2.9088301042897693,-3.4666087270335306,0.5483134046304149
ring,1000,891,33025,33026,891,m12-1-29,2026-08-05T00:29:46,351,-0.1030123654476869,0.12276535660390875,0.638360789946828,-0.2284711864145868,0.06763758634489252,-3.294949187202455,0.06763758634489338,-0.2523238491797951,3.9267675312639065,3.5144168265593936,-4.1883188789257115,0.48079503559438236
ring,1000,891,33025,33026,891,m12-1-29,2026-08-05T00:29:46,352,-1.746903545060528e-17,2.196483487172489e-17,0.23297415369232916,-1.3044578702957143e-16,2.0901893226215468e-16,-3.7618931279868986,5.1273657154381376e-17,9.765442848894829e-18,5.109293533666238,3.5580591410064755,-4.832452157213386,1.8283375573073524e-16
ring,1000,891,33025,33026,891,m12-1-29,2026-08-05T00:29:46,353,0.09501870811478841,-0.1290516382128068,0.6383607899468288,0.2200047279735972,-0.0655836457512183,-3.039264400067037,-0.06558364575121796,0.26079030762078514,4.1278402703253665,3.2417015684018287,-4.402784528430908,-0.48079503559438275
ring,1000,891,33025,33026,891,m12-1-29,2026-08-05T00:29:46,354,0.22361219338790891,-0.3037035595790994,0.39312906637895967,0.307918950187922,0.10858010715566872,-3.395610954148088,0.10858010715566928,0.24039445444249224,4.611819767500727,2.6831077748173984,-3.6441187289496977,-0.5483134046304141
ring,1000,891,33025,33026,891,m12-1-29,2026-08-05T00:29:46,355,0.21594122144810665,-0.2932850692085494,0.06769421435755582,0.014322126441573756,0.46189972343122926,-3.2156343476584657,0.46189972343123076,-0.2729270458670452,4.367380789448023,2.5956912490299215,-3.5253921530619468,0.25860491942547126
ring,1000,891,33025,33026,891,m12-1-29,2026-08-05T00:29:46,356,0.08733313457393584,-0.11861331637355566,-0.148677570196486,-0.07418561468840346,0.28829671879582625,-2.6495155707377687,0.28829671879582625,-0.2534734333478598,3.598494777059938,2.9845867895863125,-4.053578734401569,0.3276590480362636
ring,1000,891,33025,33026,891,m12-1-29,2026-08-05T00:29:46,357,-0.08733313457393581,0.11861331637355563,-0.14867757019648606,0.0741856146884031,-0.28829671879582575,-2.6495155707377687,-0.2882967187958258,0.2534734333478592,3.5984947770599374,2.9845867895863125,-4.053578734401568,-0.32765904803626267
ring,1000,891,33025,33026,891,m12-1-29,2026-08-05T00:29:46,358,-0.2159412214481066,0.2932850692085493,0.0676942143575554,-0.01432212644157384,-0.4618997234312293,-3.215634347658464,-0.46189972343123076,0.2729270458670451,4.367380789448022,2.595691249029922,-3.525392153061947,-0.2586049194254712
ring,1000,891,33025,33026,891,m12-1-29,2026-08-05T00:29:46,359,-0.22361219338790891,0.3037035595790993,0.3931290663789598,-0.3079189501879218,-0.10858010715566908,-3.3956109541480886,-0.10858010715566975,-0.24039445444249177,4.6118197675007275,2.6831077748173993,-3.6441187289496986,0.5483134046304131
ring,1000,891,33025,33026,891,m12-1-29,2026-08-05T00:29:46,360,-0.09501870811478848,0.12905163821280694,0.6383607899468284,-0.2200047279735971,0.06558364575121808,-3.0392644000670366,0.06558364575121783,-0.2607903076207852,4.127840270325365,3.241701568401829,-4.402784528430908,0.48079503559438264
ring,1000,891,33025,33026,891,m12-1-29,2026-08-05T00:29:46,361,1.534352538347882e-17,-1.2604697288091243e-17,0.23297415369232963,-4.1696156358103496e-17,6.495683914256416e-17,-3.4302677974610107,1.7916957061025194e-16,-2.758235737791541e-16,5.3376008802888855,3.244402559460164,-5.048388924679261,3.1088057340011507e-16
ring,1000,891,33025,33026,891,m12-1-29,2026-08-05T00:29:46,362,0.0866424439805726,-0.1348182744225943,0.6383607899468277,0.21186639715467187,-0.06247443974692781,-2.7713415678819695,-0.06247443974692772,0.26892863843971027,4.3122916535137215,2.955933122166669,-4.599521718575461,-0.48079503559438264
ring,1000,891,33025,33026,891,m12-1-29,2026-08-05T00:29:46,363,0.20389991953563003,-0.317274467844689,0.39312906637896006,0.32139274875867035,0.10343251407437751,-3.096274804317248,0.10343251407437813,0.2269206558717445,4.817897638596235,2.446581517321999,-3.8069551509133794,-0.5483134046304148
ring,1000,891,33025,33026,891,m12-1-29,2026-08-05T00:29:46,364,0.1969051732403223,-0.3063904301579321,0.06769421435755603,0.07163965905805891,0.4400018649480335,-2.932163827068936,0.4400018649480348,-0.3302445784835285,4.562535973459158,2.3668710940928412,-3.682923311326067,0.2586049194254698
ring,1000,891,33025,33026,891,m12-1-29,2026-08-05T00:29:46,365,0.07963438327143896,-0.12391351910352617,-0.1486775701964852,-0.038410627727915106,0.27462907530285324,-2.415950595076285,0.2746290753028533,-0.2892484203083474,3.7592925055467723,2.7214839988088952,-4.234711761713303,0.3276590480362629
ring,1000,891,33025,33026,891,m12-1-29,2026-08-05T00:29:46,366,-0.07963438327143893,0.12391351910352609,-0.14867757019648528,0.03841062772791492,-0.27462907530285297,-2.415950595076285,-0.2746290753028531,0.289248420308347,3.759292505546773,2.7214839988088957,-4.234711761713305,-0.32765904803626267
ring,1000,891,33025,33026,891,m12-1-29,2026-08-05T00:29:46,367,-0.1969051732403223,0.3063904301579321,0.06769421435755599,-0.07163965905805905,-0.4400018649480335,-2.9321638270689365,-0.44000186494803495,0.33024457848352873,4.562535973459158,2.3668710940928417,-3.682923311326067,-0.2586049194254698
ring,1000,891,33025,33026,891,m12-1-29,2026-08-05T00:29:46,368,-0.20389991953562997,0.317274467844689,0.3931290663789599,-0.32139274875867047,-0.10343251407437751,-3.096274804317248,-0.10343251407437834,-0.22692065587174423,4.817897638596234,2.446581517322,-3.8069551509133803,0.5483134046304144
ring,1000,891,33025,33026,891,m12-1-29,2026-08-05T00:29:46,369,-0.08664244398057272,0.13481827442259436,0.6383607899468275,-0.21186639715467218,0.06247443974692784,-2.7713415678819695,0.06247443974692766,-0.2689286384397103,4.31229165351372,2.9559331221666687,-4.599521718575461,0.48079503559438297
ring,1000,891,33025,33026,891,m12-1-29,2026-08-05T00:29:46,370,9.037629788966571e-18,-2.565493390643825e-17,0.23297415369232918,-3.057456743854023e-17,1.0356184802133659e-16,-3.0848299892063875,1.4662431484547558e-16,-2.4065476580915554e-16,5.544415592039607,2.917681913898561,-5.2439976117428895,2.9115232902561516e-16
ring,1000,891,33025,33026,891,m12-1-29,2026-08-05T00:29:46,371,0.07791730130435769,-0.14004204502455206,0.6383607899468282,0.20418714274717806,-0.05835999662052539,-2.492259521330778,-0.058359996620527245,0.27660789284720383,4.47937896020985,2.6582621765267116,-4.777738258131862,-0.48079503559438225
ring,1000,891,33025,33026,891,m12-1-29,2026-08-05T00:29:46,372,0.183366612672587,-0.3295678238083153,0.3931290663789599,0.3341065016598756,0.09662065312286992,-2.784471048660324,0.09662065312286594,0.21420690297054057,5.004575536348059,2.200203739562042,-3.9544623081254335,-0.5483134046304158
ring,1000,891,33025,33026,891,m12-1-29,2026-08-05T00:29:46,373,0.17707625739635213,-0.31826206498366266,0.06769421435755625,0.1257239577631687,0.4110242117482285,-2.6368865176367393,0.4110242117482236,-0.38432887718863745,4.739319435423822,2.1285203846322496,-3.825624637280328,0.258604919425469
ring,1000,891,33025,33026,891,m12-1-29,2026-08-05T00:29:46,374,0.07161497241396703,-0.1287147658265717,-0.14867757019648517,-0.0046536777578463605,0.256542547184047,-2.1726574390631117,0.25654254718404496,-0.3230053702784154,3.9049528899326478,2.4474227524990817,-4.398793099375742,0.32765904803626217
ring,1000,891,33025,33026,891,m12-1-29,2026-08-05T00:29:46,375,-0.07161497241396703,0.12871476582657165,-0.14867757019648528,0.0046536777578463214,-0.25654254718404695,-2.1726574390631113,-0.2565425471840447,0.32300537027841497,3.9049528899326473,2.447422752499082,-4.398793099375743,-0.32765904803626206
ring,1000,891,33025,33026,891,m12-1-29,2026-08-05T00:29:46,376,-0.17707625739635213,0.31826206498366255,0.0676942143575562,-0.12572395776316853,-0.41102421174822834,-2.6368865176367393,-0.4110242117482235,0.3843288771886375,4.739319435423823,2.12852038463225,-3.8256246372803298,-0.2586049194254688
ring,1000,891,33025,33026,891,m12-1-29,2026-08-05T00:29:46,377,-0.18336661267258697,0.32956782380831523,0.3931290663789599,-0.33410650165987554,-0.09662065312287024,-2.784471048660324,-0.09662065312286594,-0.2142069029705408,5.00457553634806,2.2002037395620424,-3.954462308125435,0.5483134046304161
ring,1000,891,33025,33026,891,m12-1-29,2026-08-05T00:29:46,378,-0.0779173013043578,0.14004204502455225,0.638360789946828,-0.20418714274717828,0.05835999662052574,-2.492259521330778,0.058359996620527675,-0.27660789284720483,4.479378960209852,2.6582621765267116,-4.777738258131864,0.48079503559438375
ring,1000,891,33025,33026,891,m12-1-29,2026-08-05T00:29:46,379,1.2947560343272023e-18,-1.4950131519038401e-18,0.23297415369232927,3.087982024562945e-17,-9.979784536197529e-17,-2.726970659356765,3.675146256216361e-17,-1.178942807635898e-16,5.72890489906808,2.579212793047377,-5.418490571260307,7.774534258020958e-17
ring,1000,891,33025,33026,891,m12-1-29,2026-08-05T00:29:46,380,0.06887841315621654,-0.1447019157381619,0.6383607899468295,0.19709052682917388,-0.05330651930211179,-2.2031420253146683,-0.05330651930211522,0.28370450876520925,4.628429388802098,2.3498873473189765,-4.936716531995698,-0.48079503559438336
ring,1000,891,33025,33026,891,m12-1-29,2026-08-05T00:29:46,381,0.1620949531784156,-0.3405341264643743,0.39312906637896067,0.3458556398481106,0.08825412969379441,-2.461455210852161,0.0882541296937853,0.20245776478230562,5.171101774748759,1.9449665178910867,-4.0860462413254846,-0.5483134046304163
ring,1000,891,33025,33026,891,m12-1-29,2026-08-05T00:29:46,382,0.15653431796181008,-0.328852170802315,0.06769421435755597,0.17570478594490327,0.3754330251192466,-2.330991396870703,0.3754330251192379,-0.43430970537037367,4.897019330735311,1.881598874830766,-3.952921523050628,0.2586049194254701
ring,1000,891,33025,33026,891,m12-1-29,2026-08-05T00:29:46,383,0.06330719333864306,-0.13299772361670745,-0.14867757019648647,0.026542073260258512,0.23432815344732216,-1.9206157583687593,0.2343281534473185,-0.354201121296522,4.034889407259532,2.163506598567583,-4.545162049753617,0.32765904803626333
ring,1000,891,33025,33026,891,m12-1-29,2026-08-05T00:29:46,384,-0.06330719333864301,0.13299772361670736,-0.14867757019648647,-0.026542073260258585,-0.2343281534473221,-1.9206157583687595,-0.23432815344731833,0.35420112129652176,4.034889407259531,2.163506598567583,-4.545162049753617,-0.32765904803626317
ring,1000,891,33025,33026,891,m12-1-29,2026-08-05T00:29:46,385,-0.1565343179618101,0.328852170802315,0.0676942143575559,-0.17570478594490324,-0.3754330251192462,-2.330991396870704,-0.37543302511923776,0.43430970537037333,4.897019330735311,1.8815988748307655,-3.952921523050627,-0.2586049194254701
ring,1000,891,33025,33026,891,m12-1-29,2026-08-05T00:29:46,386,-0.1620949531784156,0.34053412646437414,0.3931290663789607,-0.3458556398481104,-0.0882541296937943,-2.4614552108521606,-0.08825412969378532,-0.20245776478230576,5.171101774748756,1.9449665178910867,-4.0860462413254846,0.5483134046304162
ring,1000,891,33025,33026,891,m12-1-29,2026-08-05T00:29:46,387,-0.06887841315621661,0.14470191573816218,0.6383607899468288,-0.19709052682917397,0.05330651930211139,-2.2031420253146705,0.05330651930211506,-0.2837045087652092,4.628429388802103,2.349887347318977,-4.9367165319957005,0.4807950355943835
ring,1000,891,33025,33026,891,m12-1-29,2026-08-05T00:29:46,388,-7.164217902766673e-18,1.907729955453498e-17,0.2329741536923288,9.949606340473635e-17,-2.453431990513265e-16,-2.358130781129203,-1.5412055642867613e-16,4.296782148019516e-16,5.8903259280493145,2.230358092595633,-5.5711651816697545,-5.165024800273064e-16
ring,1000,891,33025,33026,891,m12-1-29,2026-08-05T00:29:46,389,0.05956217594850147,-0.14877912290873493,0.6383607899468292,0.1906907366073155,-0.047395320133450505,-1.9051532539478444,-0.04739532013345357,0.2901042989870682,4.75884276582098,2.0320503511416654,-5.075816390768534,-0.480795035594384
ring,1000,891,33025,33026,891,m12-1-29,2026-08-05T00:29:46,390,0.14017059451819733,-0.3501292183825604,0.39312906637895956,0.35645111529177814,0.07846756428102869,-2.128527961665159,0.07846756428102182,0.19186228933863744,5.316805811410701,1.6818976025163757,-4.2011771084563,-0.5483134046304157
ring,1000,891,33025,33026,891,m12-1-29,2026-08-05T00:29:46,391,0.13536207007664675,-0.33811810499547257,0.06769421435755564,0.22077793336808507,0.3338009805770859,-2.0157101964583393,0.33380098057707885,-0.47938285279355647,5.035000657574371,1.6271008304589147,-4.064301389006631,0.25860491942547137
ring,1000,891,33025,33026,891,m12-1-29,2026-08-05T00:29:46,392,0.054744498539623154,-0.13674514651455744,-0.1486775701964872,0.05467467401475648,0.20834333200359775,-1.6608404358848063,0.20834333200359473,-0.3823337220510209,4.148578849032476,1.8708787671598086,-4.673229236743748,0.3276590480362645
ring,1000,891,33025,33026,891,m12-1-29,2026-08-05T00:29:46,393,-0.054744498539623154,0.13674514651455735,-0.14867757019648717,-0.05467467401475646,-0.20834333200359773,-1.6608404358848068,-0.20834333200359464,0.3823337220510203,4.148578849032476,1.870878767159809,-4.673229236743748,-0.32765904803626417
ring,1000,891,33025,33026,891,m12-1-29,2026-08-05T00:29:46,394,-0.13536207007664672,0.3381181049954725,0.06769421435755552,-0.22077793336808513,-0.3338009805770857,-2.0157101964583397,-0.3338009805770789,0.4793828527935563,5.035000657574372,1.6271008304589152,-4.064301389006631,-0.2586049194254715
ring,1000,891,33025,33026,891,m12-1-29,2026-08-05T00:29:46,395,-0.14017059451819727,0.3501292183825604,0.39312906637895956,-0.3564511152917779,-0.07846756428102901,-2.12852796166516,-0.07846756428102193,-0.19186228933863692,5.3168058114107035,1.6818976025163752,-4.201177108456299,0.5483134046304148
ring,1000,891,33025,33026,891,m12-1-29,2026-08-05T00:29:46,396,-0.059562175948501515,0.14877912290873513,0.6383607899468292,-0.19069073660731553,0.047395320133450346,-1.9051532539478448,0.047395320133453364,-0.2901042989870679,4.7588427658209795,2.0320503511416645,-5.0758163907685345,0.4807950355943837
ring,1000,891,33025,33026,891,m12-1-29,2026-08-05T00:29:46,397,3.584894895686415e-18,-1.1913094886658107e-17,0.23297415369232966,7.811517503208204e-17,-2.5348360919091395e-16,-1.9797955425336176,1.178102127435748e-16,-3.542185906299077e-16,6.0280286934721135,1.8725225272960335,-5.701406676200618,2.885383853503884e-16
ring,1000,891,33025,33026,891,m12-1-29,2026-08-05T00:29:46,398,0.050006102880341165,-0.15225724906201835,0.6383607899468295,0.18509074710196075,-0.040721512521955314,-1.5994931028393602,-0.04072151252195579,0.29570428849242414,4.870093962625782,1.7060310053998242,-5.194477728413511,-0.4807950355943841
ring,1000,891,33025,33026,891,m12-1-29,2026-08-05T00:29:46,399,0.11768181834619369,-0.35831446351424523,0.3931290663789605,0.3657224428246938,0.06741842638555562,-1.7870298816272256,0.06741842638555383,0.18259096180572382,5.4411009476035685,1.4120562791116273,-4.299391318150635,-0.5483134046304177
ring,1000,891,33025,33026,891,m12-1-29,2026-08-05T00:29:46,400,0.11364476691048532,-0.34602255691649136,0.06769421435755563,0.26021815621805755,0.28679795330291236,-1.6923124425172131,0.28679795330291086,-0.51882307564353,5.1527078138374955,1.3660510253179254,-4.159315747738948,0.2586049194254719
ring,1000,891,33025,33026,891,m12-1-29,2026-08-05T00:29:46,401,0.04596136696671437,-0.13994194497073986,-0.14867757019648722,0.0792914604283903,0.17900618835702395,-1.39437749514885,0.17900618835702337,-0.40695050846465414,4.245563427995394,1.5707175672717006,-4.782478978984633,0.32765904803626467
ring,1000,891,33025,33026,891,m12-1-29,2026-08-05T00:29:46,402,-0.04596136696671435,0.13994194497073983,-0.1486775701964873,-0.07929146042839019,-0.17900618835702414,-1.3943774951488497,-0.1790061883570234,0.40695050846465397,4.245563427995394,1.5707175672717,-4.782478978984634,-0.3276590480362648
ring,1000,891,33025,33026,891,m12-1-29,2026-08-05T00:29:46,403,-0.11364476691048532,0.3460225569164912,0.06769421435755565,-0.26021815621805755,-0.2867979533029121,-1.692312442517213,-0.2867979533029108,0.51882307564353,5.152707813837496,1.3660510253179254,-4.159315747738947,-0.2586049194254718
ring,1000,891,33025,33026,891,m12-1-29,2026-08-05T00:29:46,404,-0.11768181834619368,0.3583144635142453,0.39312906637896045,-0.3657224428246938,-0.06741842638555562,-1.7870298816272256,-0.06741842638555395,-0.1825909618057235,5.44110094760357,1.4120562791116273,-4.299391318150634,0.5483134046304172
ring,1000,891,33025,33026,891,m12-1-29,2026-08-05T00:29:46,405,-0.05000610288034124,0.1522572490620185,0.6383607899468294,-0.18509074710196088,0.040721512521955154,-1.59949310283936,0.040721512521955903,-0.29570428849242475,4.870093962625781,1.7060310053998244,-5.194477728413511,0.48079503559438513
ring,1000,891,33025,33026,891,m12-1-29,2026-08-05T00:29:46,406,-4.411374059079998e-18,2.6224987079940393e-17,0.23297415369232935,-5.711933592584872e-18,9.092888100863073e-17,-1.5934883660447254,1.4380799647030403e-16,-5.103957959940765e-16,6.141458714901465,1.5071469746741404,-5.808690618322413,5.345629165286626e-16
ring,1000,891,33025,33026,891,m12-1-29,2026-08-05T00:29:46,407,0.040248672885223456,-0.15512228901157632,0.6383607899468295,0.18038066424053967,-0.033392480530354735,-1.2873923575368458,-0.03339248053035285,0.3004143713538433,4.961735009912406,1.3731420749322358,-5.292222737604722,-0.4807950355943834
ring,1000,891,33025,33026,891,m12-1-29,2026-08-05T00:29:46,408,0.09471917902677247,-0.3650569027662154,0.39312906637895906,0.3735204433162384,0.05528450077223153,-1.4383360629770234,0.0552845007722364,0.17479296131417738,5.543486690683123,1.136529103447345,-4.380293396450149,-0.5483134046304159
ring,1000,891,33025,33026,891,m12-1-29,2026-08-05T00:29:46,409,0.09146985637818571,-0.35253369812731233,0.06769421435755571,0.2933908465451786,0.23518023960060103,-1.3621003436611792,0.23518023960060547,-0.5519957659706495,5.2496668343504265,1.0995006148371589,-4.237582009959701,0.2586049194254714
ring,1000,891,33025,33026,891,m12-1-29,2026-08-05T00:29:46,410,0.03699316519080808,-0.14257524660616278,-0.148677570196487,0.09999633919275847,0.14678876813089176,-1.1222998883767596,0.14678876813089367,-0.4276553872290222,4.325452621478956,1.2642316421151496,-4.872471366323337,0.32765904803626417
ring,1000,891,33025,33026,891,m12-1-29,2026-08-05T00:29:46,411,-0.036993165190808065,0.14257524660616272,-0.14867757019648706,-0.0999963391927584,-0.14678876813089153,-1.1222998883767599,-0.14678876813089356,0.42765538722902163,4.325452621478956,1.2642316421151496,-4.872471366323338,-0.3276590480362636
ring,1000,891,33025,33026,891,m12-1-29,2026-08-05T00:29:46,412,-0.09146985637818565,0.3525336981273124,0.0676942143575552,-0.2933908465451785,-0.2351802396006013,-1.3621003436611783,-0.23518023960060558,0.5519957659706499,5.249666834350423,1.0995006148371582,-4.2375820099596995,-0.2586049194254718
ring,1000,891,33025,33026,891,m12-1-29,2026-08-05T00:29:46,413,-0.09471917902677243,0.3650569027662153,0.39312906637895917,-0.37352044331623824,-0.05528450077223201,-1.4383360629770239,-0.05528450077223629,-0.17479296131417763,5.543486690683124,1.1365291034473453,-4.380293396450152,0.5483134046304161
ring,1000,891,33025,33026,891,m12-1-29,2026-08-05T00:29:46,414,-0.0402486728852235,0.15512228901157657,0.6383607899468292,-0.18038066424054,0.0333924805303549,-1.2873923575368458,0.03339248053035306,-0.3004143713538444,4.961735009912404,1.3731420749322356,-5.29222273760472,0.48079503559438497
ring,1000,891,33025,33026,891,m12-1-29,2026-08-05T00:29:46,415,1.7002598229353977e-18,-2.2776715951668136e-18,0.23297415369232957,-4.547450067492524e-17,3.344093487298266e-16,-1.2007647743175813,1.2740450199756506e-16,-6.372368622630398e-16,6.230159249675492,1.1357026731233903,-5.892585013465368,6.783984283348626e-16
ring,1000,891,33025,33026,891,m12-1-29,2026-08-05T00:29:46,416,0.030329175689915958,-0.15736270625272974,0.6383607899468294,0.17663627501945964,-0.025526151026932918,-0.9701077375876569,-0.02552615102692944,0.30415876057492386,5.033396901527564,1.0347239859708546,-5.368657833688613,-0.4807950355943834
ring,1000,891,33025,33026,891,m12-1-29,2026-08-05T00:29:46,417,0.07137513900395598,-0.3703293867153041,0.3931290663789601,0.3797196440194107,0.04226102684637323,-1.083850572652981,0.04226102684638122,0.1685937606110046,5.623550769398364,0.8564255262143584,-4.4435575792394175,-0.5483134046304156
ring,1000,891,33025,33026,891,m12-1-29,2026-08-05T00:29:46,418,0.06892662901796877,-0.3576253105603458,0.06769421435755635,0.31976224334426634,0.17977838780612468,-1.0264035474660718,0.17977838780613267,-0.5783671627697364,5.325487299358601,0.8285229034423518,-4.2987850250545,0.2586049194254694
ring,1000,891,33025,33026,891,m12-1-29,2026-08-05T00:29:46,419,0.02787600499518609,-0.1446344480445477,-0.14867757019648664,0.1164561610579076,0.11220946167686233,-0.8457031760629455,0.11220946167686606,-0.4441152090941714,4.387924743897355,0.9526551023384985,-4.942844031178238,0.32765904803626406
ring,1000,891,33025,33026,891,m12-1-29,2026-08-05T00:29:46,420,-0.02787600499518607,0.14463444804454767,-0.14867757019648659,-0.11645616105790751,-0.11220946167686231,-0.8457031760629452,-0.11220946167686592,0.44411520909417096,4.387924743897355,0.9526551023384983,-4.942844031178238,-0.3276590480362636
ring,1000,891,33025,33026,891,m12-1-29,2026-08-05T00:29:46,421,-0.06892662901796873,0.3576253105603457,0.06769421435755638,-0.31976224334426645,-0.17977838780612393,-1.0264035474660724,-0.17977838780613273,0.5783671627697365,5.3254872993586,0.8285229034423519,-4.2987850250545,-0.25860491942546965
ring,1000,891,33025,33026,891,m12-1-29,2026-08-05T00:29:46,422,-0.07137513900395598,0.370329386715304,0.3931290663789606,-0.3797196440194107,-0.04226102684637289,-1.0838505726529817,-0.04226102684638096,-0.16859376061100598,5.623550769398365,0.8564255262143585,-4.4435575792394175,0.5483134046304171
ring,1000,891,33025,33026,891,m12-1-29,2026-08-05T00:29:46,423,-0.030329175689915996,0.15736270625273,0.6383607899468297,-0.17663627501945978,0.0255261510269327,-0.9701077375876571,0.025526151026929476,-0.3041587605749242,5.033396901527563,1.0347239859708548,-5.368657833688614,0.4807950355943842
ring,1000,891,33025,33026,891,m12-1-29,2026-08-05T00:29:46,424,-4.8392977510108306e-18,3.515822005815787e-17,0.2329741536923293,1.1624053165213703e-17,-5.679250032221677e-17,-0.8032061266466992,-3.3009813631675944e-17,3.2282627905524247e-16,6.2937731320469394,0.7596852977471519,-5.952752048510217,-3.308785977683155e-16
ring,1000,891,33025,33026,891,m12-1-29,2026-08-05T00:29:46,425,0.020287553608598543,-0.15896947941598996,0.6383607899468289,0.17391782806295433,-0.017249096198067308,-0.6489168361726826,-0.017249096198063852,0.30687720753142816,5.084791080326328,0.6921394287173481,-5.423475239510564,-0.4807950355943829
ring,1000,891,33025,33026,891,m12-1-29,2026-08-05T00:29:46,426,0.04774369648778102,-0.3741106849295406,0.3931290663789599,0.38422029747429814,0.028557557178632873,-0.7250007986111708,0.028557557178642105,0.16409310715611705,5.680970793962427,0.5728734256573593,-4.488929123983029,-0.5483134046304157
ring,1000,891,33025,33026,891,m12-1-29,2026-08-05T00:29:46,427,0.04610585844992016,-0.3612768920893781,0.06769421435755568,0.33890802096900086,0.12148383445389381,-0.6865737864480487,0.12148383445390265,-0.5975129403944713,5.379863906609788,0.5542090227373744,-4.342678350082789,0.2586049194254703
ring,1000,891,33025,33026,891,m12-1-29,2026-08-05T00:29:46,428,0.018646597966110616,-0.14611125760848379,-0.14867757019648575,0.1284060813284861,0.07582466298014179,-0.5657011155447819,0.07582466298014559,-0.4560651293647491,4.432728242062769,0.6372425566984067,-4.993313607665583,0.3276590480362637
ring,1000,891,33025,33026,891,m12-1-29,2026-08-05T00:29:46,429,-0.01864659796611061,0.14611125760848376,-0.14867757019648564,-0.12840608132848616,-0.07582466298014175,-0.5657011155447816,-0.07582466298014555,0.45606512936474874,4.432728242062769,0.6372425566984066,-4.993313607665584,-0.32765904803626333
ring,1000,891,33025,33026,891,m12-1-29,2026-08-05T00:29:46,430,-0.04610585844992015,0.36127689208937785,0.06769421435755572,-0.33890802096900075,-0.12148383445389395,-0.686573786448049,-0.12148383445390265,0.5975129403944711,5.3798639066097875,0.5542090227373743,-4.342678350082786,-0.25860491942547015
ring,1000,891,33025,33026,891,m12-1-29,2026-08-05T00:29:46,431,-0.04774369648778099,0.3741106849295405,0.39312906637895995,-0.38422029747429814,-0.028557557178633366,-0.7250007986111705,-0.02855755717864211,-0.16409310715611677,5.680970793962428,0.5728734256573593,-4.48892912398303,0.5483134046304152
ring,1000,891,33025,33026,891,m12-1-29,2026-08-05T00:29:46,432,-0.020287553608598567,0.15896947941599016,0.6383607899468287,-0.17391782806295453,0.017249096198067367,-0.6489168361726833,0.01724909619806384,-0.3068772075314282,5.084791080326328,0.6921394287173481,-5.423475239510561,0.48079503559438325
ring,1000,891,33025,33026,891,m12-1-29,2026-08-05T00:29:46,433,-1.2458663514028682e-18,2.4020583834711076e-17,0.23297415369232957,-1.7662918314381583e-17,1.8329554750566644e-17,-0.4024132513903892,8.338655553914362e-18,-1.4616019372993942e-16,6.3320442113636775,0.3806089378030556,-5.988949452042521,1.510081868035494e-16
ring,1000,891,33025,33026,891,m12-1-29,2026-08-05T00:29:46,434,0.010164240709264387,-0.15993613859292935,0.6383607899468282,0.1722690642001745,-0.008694496954373543,-0.3251129756895844,-0.008694496954371574,0.308525971394208,5.115710600089958,0.3467678702706755,-5.456454224724826,-0.4807950355943821
ring,1000,891,33025,33026,891,m12-1-29,2026-08-05T00:29:46,435,0.02392000695668845,-0.3763855714556006,0.39312906637896033,0.38694998648204443,0.014394585725703537,-0.3632317022378479,0.01439458572570726,0.1613634181483708,5.7155155542024705,0.2870145660073256,-4.5162253354839486,-0.5483134046304147
ring,1000,891,33025,33026,891,m12-1-29,2026-08-05T00:29:46,436,0.023099435862667946,-0.36347373908439423,0.06769421435755596,0.3505201166903996,0.06123456072923679,-0.34397943511391726,0.06123456072924046,-0.6091250361158683,5.412577700698543,0.27766353790243825,-4.3690852421165625,0.258604919425469
ring,1000,891,33025,33026,891,m12-1-29,2026-08-05T00:29:46,437,0.009342107668225703,-0.14699972870708874,-0.1486775701964856,0.13565382131402617,0.03821981707198706,-0.2834211762949845,0.03821981707198861,-0.46331286935028815,4.459682708101227,0.31926406019326364,-5.0236768726138,0.32765904803626245
ring,1000,891,33025,33026,891,m12-1-29,2026-08-05T00:29:46,438,-0.009342107668225704,0.14699972870708872,-0.14867757019648556,-0.1356538213140262,-0.03821981707198677,-0.28342117629498464,-0.038219817071988585,0.46331286935028787,4.4596827081012265,0.3192640601932635,-5.023676872613801,-0.3276590480362623
ring,1000,891,33025,33026,891,m12-1-29,2026-08-05T00:29:46,439,-0.02309943586266795,0.36347373908439407,0.06769421435755597,-0.3505201166903997,-0.061234560729236935,-0.3439794351139175,-0.06123456072924044,0.6091250361158681,5.412577700698543,0.2776635379024382,-4.369085242116562,-0.25860491942546887
ring,1000,891,33025,33026,891,m12-1-29,2026-08-05T00:29:46,440,-0.023920006956688448,0.3763855714556006,0.3931290663789602,-0.3869499864820444,-0.014394585725703667,-0.36323170223784773,-0.014394585725707265,-0.16136341814837024,5.715515554202471,0.287014566007326,-4.516225335483949,0.548313404630414
ring,1000,891,33025,33026,891,m12-1-29,2026-08-05T00:29:46,441,-0.010164240709264414,0.15993613859292952,0.6383607899468283,-0.17226906420017474,0.008694496954373264,-0.3251129756895841,0.008694496954371607,-0.308525971394209,5.115710600089957,0.346767870270675,-5.456454224724824,0.48079503559438314
ring,1000,891,33025,33026,891,m12-1-29,2026-08-05T00:29:46,442,-4.314177028382567e-19,2.855983339904687e-17,0.2329741536923298,-1.1490440955614697e-17,6.151037457674972e-17,-4.242422961596524e-15,2.8806531744934687e-18,1.4158579229829257e-16,6.344818383496783,5.906903689323426e-15,-6.001031469893802,-1.3741415503306514e-16
ring,1000,891,33025,33026,891,m12-1-29,2026-08-05T00:29:46,443,1.6071306679671556e-16,-0.16025879138821833,0.6383607899468281,0.17171651265886684,5.934783725842742e-16,-5.5421611378403575e-15,-4.5615582945841057e-17,0.3090785229355141,5.126030958825212,5.385723046328434e-15,-5.467461994597625,-0.48079503559438125
ring,1000,891,33025,33026,891,m12-1-29,2026-08-05T00:29:46,444,3.9260077690399307e-16,-0.37714488612835056,0.39312906637896045,0.38786478932468704,2.6720890459844303e-15,-5.022239609321459e-15,4.439472259522791e-16,0.16044861530572738,5.7270459505613225,4.499692702182546e-15,-4.525336301532458,-0.5483134046304144
ring,1000,891,33025,33026,891,m12-1-29,2026-08-05T00:29:46,445,3.5543900628822356e-16,-0.36420700561790914,0.06769421435755715,0.354411687541451,3.3475029537296424e-15,-3.0454836684467874e-15,1.0707367838438844e-15,-0.6130166069669185,5.423496954722156,4.277080585182854e-15,-4.377899369921755,0.2586049194254671
ring,1000,891,33025,33026,891,m12-1-29,2026-08-05T00:29:46,446,1.4312940396554513e-16,-0.14729628378082849,-0.14867757019648503,0.1380827621650517,1.6486212004598682e-15,2.009966832187092e-16,6.017761455635938e-16,-0.46574181020131333,4.468679605891386,4.690965447166776e-15,-5.033811563871429,0.3276590480362618
ring,1000,891,33025,33026,891,m12-1-29,2026-08-05T00:29:46,447,-1.4779342312277867e-16,0.14729628378082843,-0.14867757019648492,-0.1380827621650517,-1.5416632734247224e-15,1.8589874445037492e-16,-6.223228882785125e-16,0.4657418102013127,4.468679605891386,4.6885874021673594e-15,-5.03381156387143,-0.3276590480362614
ring,1000,891,33025,33026,891,m12-1-29,2026-08-05T00:29:46,448,-3.426485705566672e-16,0.3642070056179088,0.067694214357556,-0.35441168754145075,-3.499144046198358e-15,-2.5270851051670522e-15,-1.0574657627938797e-15,0.6130166069669203,5.423496954722151,4.3380356171661156e-15,-4.377899369921751,-0.2586049194254696
ring,1000,891,33025,33026,891,m12-1-29,2026-08-05T00:29:46,449,-3.9425519106865833e-16,0.37714488612835056,0.39312906637896033,-0.38786478932468693,-2.9273385203470225e-15,-4.8916550809421054e-15,-4.4106196703613495e-16,-0.16044861530572746,5.727045950561324,4.476114269546302e-15,-4.525336301532459,0.5483134046304144
ring,1000,891,33025,33026,891,m12-1-29,2026-08-05T00:29:46,450,-1.653218260022854e-16,0.16025879138821858,0.6383607899468282,-0.17171651265886703,-8.646675776460938e-16,-5.6673966531578e-15,3.41868320863348e-17,-0.30907852293551463,5.126030958825213,5.43412420300044e-15,-5.467461994597625,0.4807950355943823
ring,1000,891,33025,33026,891,m12-1-29,2026-08-05T00:29:46,451,4.298692207315574e-19,1.6648009061809646e-17,0.2329741536923289,1.210580274037428e-17,1.0310274292903496e-16,0.4024132513904064,-2.900391689142454e-17,-3.6288246713089833e-16,6.332044211363669,-0.38060893780307276,-5.988949452042501,3.688892012763522e-16
ring,1000,891,33025,33026,891,m12-1-29,2026-08-05T00:29:46,452,-0.010164240709264825,-0.15993613859292935,0.6383607899468282,0.17226906420017357,0.008694496954372608,0.3251129756896012,0.008694496954372093,0.3085259713942085,5.115710600089961,-0.34676787027068945,-5.456454224724806,-0.4807950355943819
ring,1000,891,33025,33026,891,m12-1-29,2026-08-05T00:29:46,453,-0.023920006956689426,-0.37638557145560086,0.39312906637895934,0.3869499864820428,-0.014394585725705289,0.36323170223786533,-0.014394585725707577,0.16136341814837143,5.715515554202463,-0.2870145660073378,-4.516225335483936,-0.548313404630414
ring,1000,891,33025,33026,891,m12-1-29,2026-08-05T00:29:46,454,-0.02309943586266894,-0.36347373908439395,0.06769421435755599,0.35052011669039745,-0.061234560729239884,0.34397943511393303,-0.06123456072924291,-0.6091250361158669,5.412577700698541,-0.27766353790244935,-4.369085242116556,0.2586049194254702
ring,1000,891,33025,33026,891,m12-1-29,2026-08-05T00:29:46,455,-0.009342107668226086,-0.1469997287070889,-0.14867757019648575,0.13565382131402504,-0.03821981707198867,0.2834211762949963,-0.03821981707199015,-0.4633128693502876,4.4596827081012265,-0.3192640601932768,-5.023676872613788,0.32765904803626283
ring,1000,891,33025,33026,891,m12-1-29,2026-08-05T00:29:46,456,0.009342107668226083,0.1469997287070889,-0.14867757019648578,-0.135653821314025,0.03821981707198879,0.28342117629499625,0.03821981707199011,0.46331286935028726,4.459682708101228,-0.3192640601932769,-5.023676872613788,-0.32765904803626283
ring,1000,891,33025,33026,891,m12-1-29,2026-08-05T00:29:46,457,0.023099435862668934,0.36347373908439407,0.06769421435755602,-0.35052011669039745,0.06123456072923987,0.34397943511393303,0.06123456072924287,0.6091250361158665,5.412577700698543,-0.27766353790244946,-4.369085242116559,-0.2586049194254699
ring,1000,891,33025,33026,891,m12-1-29,2026-08-05T00:29:46,458,0.023920006956689423,0.37638557145560086,0.3931290663789593,-0.38694998648204265,0.014394585725705083,0.36323170223786533,0.014394585725707613,-0.16136341814837102,5.715515554202462,-0.2870145660073381,-4.516225335483937,0.5483134046304137
ring,1000,891,33025,33026,891,m12-1-29,2026-08-05T00:29:46,459,0.010164240709264841,0.15993613859292954,0.638360789946828,-0.1722690642001737,-0.00869449695437294,0.325112975689601,-0.00869449695437212,-0.3085259713942089,5.11571060008996,-0.34676787027068945,-5.456454224724805,0.48079503559438264
ring,1000,891,33025,33026,891,m12-1-29,2026-08-05T00:29:46,460,4.044873490714903e-18,2.906424151913681e-17,0.23297415369232913,2.830308563589715e-17,1.7580499692508025e-16,0.803206126646679,-6.381609752084943e-17,-4.276364418825951e-16,6.293773132046955,-0.7596852977471349,-5.952752048510236,3.819394378946992e-16
ring,1000,891,33025,33026,891,m12-1-29,2026-08-05T00:29:46,461,-0.02028755360859809,-0.15896947941599002,0.6383607899468281,0.1739178280629533,0.017249096198062478,0.6489168361726788,0.01724909619806333,0.3068772075314287,5.084791080326327,-0.6921394287173315,-5.4234752395105685,-0.48079503559438186
ring,1000,891,33025,33026,891,m12-1-29,2026-08-05T00:29:46,462,-0.04774369648777978,-0.37411068492954036,0.39312906637895934,0.3842202974742959,-0.028557557178643715,0.7250007986111577,-0.028557557178641405,0.1640931071561185,5.680970793962427,-0.5728734256573449,-4.488929123983034,-0.5483134046304142
ring,1000,891,33025,33026,891,m12-1-29,2026-08-05T00:29:46,463,-0.046105858449919074,-0.36127689208937747,0.06769421435755635,0.33890802096899814,-0.1214838344539021,0.6865737864480268,-0.12148383445389964,-0.5975129403944691,5.3798639066097955,-0.5542090227373612,-4.342678350082786,0.25860491942547004
ring,1000,891,33025,33026,891,m12-1-29,2026-08-05T00:29:46,464,-0.01864659796611019,-0.1461112576084837,-0.1486775701964861,0.12840608132848522,-0.0758246629801446,0.5657011155447559,-0.07582466298014359,-0.4560651293647489,4.432728242062772,-0.6372425566983917,-4.993313607665584,0.3276590480362636
ring,1000,891,33025,33026,891,m12-1-29,2026-08-05T00:29:46,465,0.01864659796611018,0.14611125760848356,-0.14867757019648611,-0.12840608132848513,0.0758246629801446,0.5657011155447561,0.07582466298014351,0.45606512936474874,4.432728242062772,-0.6372425566983916,-4.993313607665583,-0.32765904803626344
ring,1000,891,33025,33026,891,m12-1-29,2026-08-05T00:29:46,466,0.04610585844991907,0.3612768920893775,0.06769421435755633,-0.3389080209689981,0.12148383445390173,0.6865737864480268,0.12148383445389956,0.5975129403944686,5.3798639066097955,-0.5542090227373612,-4.342678350082786,-0.25860491942546965
ring,1000,891,33025,33026,891,m12-1-29,2026-08-05T00:29:46,467,0.04774369648777977,0.37411068492954025,0.39312906637895934,-0.3842202974742958,0.02855755717864359,0.725000798611158,0.028557557178641453,-0.164093107156118,5.680970793962427,-0.5728734256573451,-4.488929123983035,0.5483134046304136
ring,1000,891,33025,33026,891,m12-1-29,2026-08-05T00:29:46,468,0.020287553608598116,0.15896947941599027,0.638360789946828,-0.1739178280629535,-0.017249096198062527,0.6489168361726783,-0.017249096198063363,-0.306877207531429,5.084791080326327,-0.6921394287173315,-5.423475239510568,0.48079503559438247
ring,1000,891,33025,33026,891,m12-1-29,2026-08-05T00:29:46,469,-8.562669298683523e-18,-2.5742178300005442e-17,0.23297415369232946,-4.909670968804392e-18,2.7433650156113076e-17,1.2007647743175764,-6.229614983656079e-17,-3.0617276427927567e-16,6.230159249675477,-1.135702673123392,-5.892585013465336,3.1887656442219567e-16
ring,1000,891,33025,33026,891,m12-1-29,2026-08-05T00:29:46,470,-0.03032917568991591,-0.15736270625272922,0.6383607899468279,0.17663627501945853,0.0255261510269282,0.9701077375876616,0.025526151026929147,0.30415876057492314,5.033396901527542,-1.034723985970853,-5.36865783368859,-0.48079503559438236
ring,1000,891,33025,33026,891,m12-1-29,2026-08-05T00:29:46,471,-0.07137513900395585,-0.3703293867153035,0.39312906637895995,0.3797196440194094,-0.04226102684638516,1.0838505726529843,-0.0422610268463818,0.16859376061100556,5.623550769398331,-0.8564255262143581,-4.443557579239396,-0.5483134046304148
ring,1000,891,33025,33026,891,m12-1-29,2026-08-05T00:29:46,472,-0.06892662901796844,-0.35762531056034463,0.06769421435755638,0.3197622433442642,-0.17977838780613675,1.0264035474660609,-0.1797783878061323,-0.5783671627697323,5.3254872993585884,-0.8285229034423498,-4.298785025054479,0.2586049194254689
ring,1000,891,33025,33026,891,m12-1-29,2026-08-05T00:29:46,473,-0.02787600499518606,-0.14463444804454706,-0.14867757019648498,0.11645616105790672,-0.11220946167686767,0.845703176062928,-0.11220946167686567,-0.4441152090941693,4.387924743897349,-0.9526551023384947,-4.942844031178226,0.32765904803626217
ring,1000,891,33025,33026,891,m12-1-29,2026-08-05T00:29:46,474,0.02787600499518605,0.14463444804454703,-0.14867757019648492,-0.11645616105790667,0.11220946167686746,0.8457031760629282,0.11220946167686566,0.444115209094169,4.38792474389735,-0.9526551023384946,-4.942844031178226,-0.32765904803626195
ring,1000,891,33025,33026,891,m12-1-29,2026-08-05T00:29:46,475,0.06892662901796844,0.35762531056034463,0.0676942143575563,-0.3197622433442641,0.17977838780613675,1.0264035474660607,0.17977838780613228,0.5783671627697325,5.325487299358588,-0.8285229034423499,-4.298785025054479,-0.25860491942546926
ring,1000,891,33025,33026,891,m12-1-29,2026-08-05T00:29:46,476,0.07137513900395583,0.37032938671530347,0.3931290663789604,-0.3797196440194095,0.04226102684638451,1.083850572652985,0.042261026846381514,-0.1685937606110072,5.623550769398328,-0.8564255262143579,-4.443557579239395,0.5483134046304164
ring,1000,891,33025,33026,891,m12-1-29,2026-08-05T00:29:46,477,0.030329175689915944,0.15736270625272947,0.6383607899468279,-0.17663627501945886,-0.025526151026928293,0.9701077375876621,-0.025526151026929234,-0.30415876057492386,5.03339690152754,-1.0347239859708528,-5.368657833688591,0.4807950355943833
ring,1000,891,33025,33026,891,m12-1-29,2026-08-05T00:29:46,478,3.714689459963336e-18,2.7562452103654933e-17,0.23297415369232963,-2.9147029063563565e-17,-1.3187990645350156e-16,1.5934883660447274,-1.4276210930379198e-18,-5.1344172647240297e-17,6.141458714901443,-1.5071469746741453,-5.80869061832238,7.50954000047245e-17
ring,1000,891,33025,33026,891,m12-1-29,2026-08-05T00:29:46,479,-0.04024867288522368,-0.155122289011576,0.6383607899468279,0.18038066424054086,0.03339248053035359,1.287392357536848,0.03339248053035232,0.30041437135384114,4.96173500991238,-1.3731420749322412,-5.292222737604691,-0.48079503559438214
ring,1000,891,33025,33026,891,m12-1-29,2026-08-05T00:29:46,480,-0.0947191790267728,-0.36505690276621383,0.39312906637896017,0.3735204433162404,-0.05528450077223483,1.4383360629770283,-0.05528450077223806,0.17479296131417474,5.543486690683088,-1.1365291034473486,-4.380293396450133,-0.5483134046304146
ring,1000,891,33025,33026,891,m12-1-29,2026-08-05T00:29:46,481,-0.09146985637818604,-0.35253369812730984,0.06769421435755639,0.2933908465451788,-0.23518023960060483,1.362100343661181,-0.23518023960060752,-0.5519957659706477,5.249666834350397,-1.099500614837162,-4.2375820099596835,0.25860491942546826
ring,1000,891,33025,33026,891,m12-1-29,2026-08-05T00:29:46,482,-0.03699316519080813,-0.14257524660616222,-0.14867757019648506,0.09999633919275834,-0.14678876813089373,1.1222998883767612,-0.14678876813089434,-0.42765538722901986,4.3254526214789415,-1.264231642115153,-4.872471366323303,0.3276590480362622
ring,1000,891,33025,33026,891,m12-1-29,2026-08-05T00:29:46,483,0.03699316519080812,0.14257524660616214,-0.14867757019648503,-0.09999633919275831,0.1467887681308938,1.122299888376761,0.14678876813089428,0.4276553872290196,4.3254526214789415,-1.2642316421151534,-4.872471366323305,-0.3276590480362619
ring,1000,891,33025,33026,891,m12-1-29,2026-08-05T00:29:46,484,0.091469856378186,0.3525336981273097,0.06769421435755639,-0.29339084654517866,0.23518023960060477,1.3621003436611807,0.2351802396006074,0.5519957659706475,5.249666834350397,-1.099500614837162,-4.237582009959684,-0.258604919425468
ring,1000,891,33025,33026,891,m12-1-29,2026-08-05T00:29:46,485,0.09471917902677278,0.36505690276621383,0.3931290663789601,-0.37352044331624024,0.05528450077223537,1.4383360629770279,0.05528450077223816,-0.17479296131417413,5.543486690683088,-1.1365291034473488,-4.380293396450133,0.5483134046304139
ring,1000,891,33025,33026,891,m12-1-29,2026-08-05T00:29:46,486,0.040248672885223734,0.1551222890115761,0.6383607899468279,-0.18038066424054108,-0.033392480530353465,1.2873923575368476,-0.033392480530352264,-0.3004143713538411,4.96173500991238,-1.3731420749322407,-5.292222737604691,0.4807950355943825
ring,1000,891,33025,33026,891,m12-1-29,2026-08-05T00:29:46,487,-2.9095714087083225e-18,-1.0775529638495582e-17,0.23297415369232985,-4.854279315393146e-17,-1.4089958973189818e-16,1.9797955425336222,-7.789775557115615e-17,-2.7474318325493123e-16,6.028028693472096,-1.8725225272960386,-5.701406676200617,3.1630836052612063e-16
ring,1000,891,33025,33026,891,m12-1-29,2026-08-05T00:29:46,488,-0.050006102880341255,-0.15225724906201774,0.6383607899468289,0.18509074710196308,0.04072151252195913,1.5994931028393504,0.0407215125219545,0.29570428849241964,4.8700939626257735,-1.706031005399831,-5.194477728413511,-0.4807950355943823
ring,1000,891,33025,33026,891,m12-1-29,2026-08-05T00:29:46,489,-0.11768181834619376,-0.3583144635142445,0.39312906637896006,0.36572244282469857,-0.06741842638554606,1.7870298816272259,-0.06741842638555716,0.182590961805716,5.4411009476035606,-1.4120562791116318,-4.299391318150619,-0.5483134046304149
ring,1000,891,33025,33026,891,m12-1-29,2026-08-05T00:29:46,490,-0.11364476691048514,-0.34602255691648953,0.06769421435755603,0.26021815621806266,-0.2867979533029014,1.692312442517221,-0.2867979533029135,-0.5188230756435317,5.152707813837491,-1.3660510253179285,-4.159315747738942,0.25860491942546904
ring,1000,891,33025,33026,891,m12-1-29,2026-08-05T00:29:46,491,-0.045961366966714386,-0.13994194497073914,-0.14867757019648534,0.07929146042839215,-0.17900618835701979,1.394377495148865,-0.17900618835702442,-0.40695050846465425,4.245563427995393,-1.5707175672717066,-4.782478978984634,0.3276590480362623
ring,1000,891,33025,33026,891,m12-1-29,2026-08-05T00:29:46,492,0.045961366966714365,0.1399419449707391,-0.14867757019648536,-0.07929146042839219,0.1790061883570196,1.3943774951488654,0.17900618835702425,0.4069505084646536,4.2455634279953935,-1.5707175672717064,-4.782478978984635,-0.32765904803626167
ring,1000,891,33025,33026,891,m12-1-29,2026-08-05T00:29:46,493,0.11364476691048511,0.3460225569164895,0.06769421435755602,-0.26021815621806266,0.2867979533029012,1.692312442517221,0.28679795330291347,0.5188230756435318,5.15270781383749,-1.3660510253179292,-4.159315747738945,-0.2586049194254688
ring,1000,891,33025,33026,891,m12-1-29,2026-08-05T00:29:46,494,0.11768181834619372,0.3583144635142443,0.39312906637895995,-0.3657224428246986,0.0674184263855459,1.7870298816272265,0.06741842638555699,-0.18259096180571646,5.441100947603561,-1.412056279111632,-4.299391318150619,0.5483134046304156
ring,1000,891,33025,33026,891,m12-1-29,2026-08-05T00:29:46,495,0.050006102880341304,0.1522572490620179,0.6383607899468288,-0.1850907471019634,-0.04072151252195917,1.5994931028393515,-0.040721512521954724,-0.2957042884924207,4.8700939626257735,-1.7060310053998309,-5.194477728413511,0.4807950355943836
ring,1000,891,33025,33026,891,m12-1-29,2026-08-05T00:29:46,496,-5.4753797897294076e-18,-1.4254293952868993e-17,0.23297415369232904,5.075942874605921e-17,1.454421215489046e-16,2.3581307811292134,-1.8210890728612237e-17,-7.527497098954242e-17,5.8903259280493145,-2.2303580925956474,-5.571165181669725,-1.7930840460426284e-17
ring,1000,891,33025,33026,891,m12-1-29,2026-08-05T00:29:46,497,-0.059562175948501835,-0.1487791229087348,0.6383607899468283,0.19069073660731886,0.04739532013345776,1.9051532539478373,0.04739532013345215,0.2901042989870638,4.758842765820966,-2.0320503511416725,-5.075816390768533,-0.48079503559438275
ring,1000,891,33025,33026,891,m12-1-29,2026-08-05T00:29:46,498,-0.1401705945181982,-0.3501292183825602,0.3931290663789598,0.35645111529178575,-0.07846756428101122,2.12852796166516,-0.07846756428102519,0.1918622893386297,5.316805811410696,-1.6818976025163839,-4.2011771084562906,-0.5483134046304156
ring,1000,891,33025,33026,891,m12-1-29,2026-08-05T00:29:46,499,-0.1353620700766474,-0.3381181049954725,0.06769421435755567,0.22077793336809154,-0.33380098057707075,2.015710196458354,-0.33380098057708407,-0.47938285279356213,5.035000657574367,-1.6271008304589236,-4.064301389006626,0.25860491942547076
ring,1000,891,33025,33026,891,m12-1-29,2026-08-05T00:29:46,500,-0.05474449853962349,-0.13674514651455694,-0.1486775701964865,0.05467467401475897,-0.20834333200359054,1.6608404358848357,-0.2083433320035969,-0.38233372205102223,4.1485788490324635,-1.87087876715982,-4.673229236743734,0.32765904803626344
ring,1000,891,33025,33026,891,m12-1-29,2026-08-05T00:29:46,501,0.05474449853962345,0.1367451465145569,-0.1486775701964865,-0.05467467401475891,0.20834333200359068,1.6608404358848359,0.20834333200359684,0.38233372205102223,4.148578849032463,-1.87087876715982,-4.673229236743734,-0.32765904803626306
ring,1000,891,33025,33026,891,m12-1-29,2026-08-05T00:29:46,502,0.13536207007664738,0.33811810499547246,0.06769421435755564,-0.2207779333680916,0.3338009805770704,2.0157101964583544,0.33380098057708396,0.4793828527935621,5.035000657574366,-1.6271008304589236,-4.064301389006624,-0.2586049194254706
ring,1000,891,33025,33026,891,m12-1-29,2026-08-05T00:29:46,503,0.14017059451819816,0.35012921838256017,0.39312906637895995,-0.35645111529178586,0.07846756428101093,2.1285279616651605,0.07846756428102508,-0.19186228933863,5.316805811410698,-1.6818976025163834,-4.201177108456291,0.5483134046304158
ring,1000,891,33025,33026,891,m12-1-29,2026-08-05T00:29:46,504,0.059562175948501904,0.14877912290873502,0.6383607899468283,-0.19069073660731922,-0.047395320133457985,1.9051532539478366,-0.04739532013345241,-0.2901042989870646,4.758842765820968,-2.0320503511416725,-5.075816390768532,0.4807950355943839
ring,1000,891,33025,33026,891,m12-1-29,2026-08-05T00:29:46,505,-8.5529416546799e-18,-1.5462586452127253e-17,0.23297415369232927,-9.46681708200114e-17,-2.1467425361361642e-16,2.726970659356786,-7.735644857830145e-17,-1.4990111474148804e-16,5.728904899068076,-2.5792127930473874,-5.418490571260332,2.299067647414457e-16
ring,1000,891,33025,33026,891,m12-1-29,2026-08-05T00:29:46,506,-0.06887841315621698,-0.14470191573816268,0.6383607899468292,0.19709052682917705,0.0533065193021187,2.203142025314668,0.053306519302114844,0.2837045087652068,4.628429388802114,-2.349887347318989,-4.936716531995703,-0.48079503559438436
ring,1000,891,33025,33026,891,m12-1-29,2026-08-05T00:29:46,507,-0.16209495317841685,-0.340534126464375,0.3931290663789605,0.3458556398481169,-0.08825412969377755,2.4614552108521717,-0.08825412969378789,0.20245776478229965,5.171101774748759,-1.9449665178910973,-4.086046241325496,-0.5483134046304166
ring,1000,891,33025,33026,891,m12-1-29,2026-08-05T00:29:46,508,-0.15653431796181141,-0.32885217080231555,0.06769421435755502,0.17570478594490818,-0.3754330251192321,2.3309913968707243,-0.37543302511924215,-0.4343097053703808,4.897019330735308,-1.8815988748307735,-3.952921523050629,0.2586049194254725
ring,1000,891,33025,33026,891,m12-1-29,2026-08-05T00:29:46,509,-0.0633071933386435,-0.13299772361670772,-0.1486775701964878,0.026542073260260073,-0.2343281534473168,1.9206157583687884,-0.23432815344732108,-0.3542011212965252,4.034889407259533,-2.1635065985676034,-4.545162049753619,0.32765904803626517
ring,1000,891,33025,33026,891,m12-1-29,2026-08-05T00:29:46,510,0.06330719333864349,0.13299772361670764,-0.1486775701964878,-0.026542073260260073,0.2343281534473169,1.9206157583687882,0.23432815344732094,0.3542011212965249,4.0348894072595325,-2.163506598567604,-4.5451620497536185,-0.32765904803626494
ring,1000,891,33025,33026,891,m12-1-29,2026-08-05T00:29:46,511,0.15653431796181136,0.32885217080231544,0.06769421435755502,-0.17570478594490804,0.37543302511923204,2.3309913968707248,0.375433025119242,0.4343097053703806,4.897019330735309,-1.8815988748307735,-3.9529215230506294,-0.2586049194254724
ring,1000,891,33025,33026,891,m12-1-29,2026-08-05T00:29:46,512,0.16209495317841682,0.340534126464375,0.39312906637896056,-0.3458556398481168,0.0882541296937776,2.4614552108521712,0.08825412969378793,-0.2024577647822995,5.1711017747487595,-1.9449665178910978,-4.086046241325497,0.5483134046304163
ring,1000,891,33025,33026,891,m12-1-29,2026-08-05T00:29:46,513,0.06887841315621704,0.1447019157381629,0.6383607899468292,-0.1970905268291774,-0.05330651930211904,2.203142025314668,-0.05330651930211481,-0.283704508765207,4.628429388802114,-2.3498873473189885,-4.936716531995701,0.48079503559438475
ring,1000,891,33025,33026,891,m12-1-29,2026-08-05T00:29:46,514,1.2280164555284639e-17,2.6180094333735915e-17,0.23297415369232927,-1.0825616417202403e-16,-2.235387710439879e-16,3.0848299892064164,-1.781488164994717e-16,-3.120333852413282e-16,5.54441559203961,-2.9176819138985994,-5.243997611742913,4.3250772836225457e-16
ring,1000,891,33025,33026,891,m12-1-29,2026-08-05T00:29:46,515,-0.07791730130435859,-0.14004204502455198,0.63836078994683,0.20418714274717992,0.05835999662053003,2.492259521330796,0.058359996620529216,0.2766078928472061,4.479378960209856,-2.658262176526747,-4.777738258131879,-0.4807950355943858
ring,1000,891,33025,33026,891,m12-1-29,2026-08-05T00:29:46,516,-0.18336661267258902,-0.32956782380831584,0.3931290663789603,0.33410650165987665,-0.0966206531228633,2.7844710486603534,-0.09662065312286555,0.2142069029705412,5.00457553634807,-2.2002037395620713,-3.9544623081254406,-0.5483134046304177
ring,1000,891,33025,33026,891,m12-1-29,2026-08-05T00:29:46,517,-0.17707625739635446,-0.31826206498366305,0.06769421435755552,0.12572395776316644,-0.41102421174822523,2.6368865176367704,-0.411024211748227,-0.38432887718863923,4.73931943542386,-2.1285203846322713,-3.8256246372803444,0.2586049194254723
ring,1000,891,33025,33026,891,m12-1-29,2026-08-05T00:29:46,518,-0.07161497241396807,-0.1287147658265721,-0.14867757019648795,-0.0046536777578486035,-0.25654254718404707,2.172657439063139,-0.25654254718404806,-0.32300537027841725,3.9049528899326607,-2.4474227524991115,-4.398793099375766,0.3276590480362662
ring,1000,891,33025,33026,891,m12-1-29,2026-08-05T00:29:46,519,0.07161497241396801,0.12871476582657204,-0.14867757019648795,0.004653677757848518,0.25654254718404695,2.1726574390631392,0.25654254718404784,0.3230053702784168,3.9049528899326607,-2.447422752499112,-4.398793099375767,-0.3276590480362656
ring,1000,891,33025,33026,891,m12-1-29,2026-08-05T00:29:46,520,0.17707625739635433,0.31826206498366294,0.06769421435755482,-0.1257239577631662,0.41102421174822573,2.636886517636768,0.41102421174822734,0.38432887718864017,4.739319435423857,-2.128520384632272,-3.8256246372803435,-0.2586049194254735
ring,1000,891,33025,33026,891,m12-1-29,2026-08-05T00:29:46,521,0.1833666126725889,0.32956782380831584,0.39312906637896056,-0.33410650165987643,0.09662065312286332,2.7844710486603512,0.09662065312286558,-0.2142069029705408,5.004575536348069,-2.200203739562072,-3.9544623081254424,0.5483134046304172
ring,1000,891,33025,33026,891,m12-1-29,2026-08-05T00:29:46,522,0.07791730130435867,0.14004204502455214,0.6383607899468299,-0.20418714274718008,-0.05835999662053001,2.492259521330796,-0.05835999662052888,-0.27660789284720555,4.479378960209856,-2.6582621765267467,-4.777738258131877,0.4807950355943857
ring,1000,891,33025,33026,891,m12-1-29,2026-08-05T00:29:46,523,-4.013387687878684e-18,1.3908280993915612e-18,0.23297415369232913,1.2848585866874338e-16,2.1252077822434077e-16,3.4302677974610267,6.932197049667999e-18,8.968384845528532e-18,5.337600880288925,-3.2444025594601786,-5.048388924679311,-1.2977052971704234e-16
ring,1000,891,33025,33026,891,m12-1-29,2026-08-05T00:29:46,524,-0.08664244398057308,-0.13481827442259509,0.6383607899468295,0.2118663971546707,0.06247443974692707,2.771341567881984,0.062474439746930226,0.26892863843971404,4.312291653513735,-2.9559331221666865,-4.599521718575493,-0.48079503559438447
ring,1000,891,33025,33026,891,m12-1-29,2026-08-05T00:29:46,525,-0.20389991953563094,-0.31727446784469077,0.3931290663789604,0.3213927487586667,-0.10343251407438203,3.096274804317264,-0.10343251407437364,0.2269206558717509,4.81789763859625,-2.446581517322012,-3.8069551509133928,-0.548313404630417
ring,1000,891,33025,33026,891,m12-1-29,2026-08-05T00:29:46,526,-0.19690517324032278,-0.30639043015793427,0.06769421435755513,0.07163965905805407,-0.4400018649480401,2.9321638270689427,-0.44000186494803195,-0.330244578483528,4.562535973459182,-2.366871094092852,-3.6829233113260953,0.2586049194254733
ring,1000,891,33025,33026,891,m12-1-29,2026-08-05T00:29:46,527,-0.07963438327143925,-0.12391351910352687,-0.14867757019648795,-0.038410627727917354,-0.2746290753028557,2.415950595076282,-0.27462907530285313,-0.2892484203083486,3.759292505546799,-2.7214839988089077,-4.234711761713328,0.3276590480362657
ring,1000,891,33025,33026,891,m12-1-29,2026-08-05T00:29:46,528,0.0796343832714392,0.12391351910352683,-0.14867757019648792,0.03841062772791725,0.2746290753028556,2.4159505950762825,0.27462907530285313,0.28924842030834846,3.7592925055467994,-2.7214839988089077,-4.234711761713329,-0.32765904803626567
ring,1000,891,33025,33026,891,m12-1-29,2026-08-05T00:29:46,529,0.19690517324032275,0.30639043015793416,0.06769421435755504,-0.071639659058054,0.4400018649480403,2.932163827068942,0.44000186494803195,0.33024457848352806,4.562535973459182,-2.366871094092852,-3.6829233113260957,-0.2586049194254735
ring,1000,891,33025,33026,891,m12-1-29,2026-08-05T00:29:46,530,0.20389991953563097,0.3172744678446907,0.39312906637896045,-0.32139274875866697,0.1034325140743813,3.0962748043172645,0.10343251407437343,-0.2269206558717506,4.817897638596251,-2.4465815173220116,-3.8069551509133936,0.5483134046304173
ring,1000,891,33025,33026,891,m12-1-29,2026-08-05T00:29:46,531,0.08664244398057322,0.13481827442259528,0.6383607899468294,-0.2118663971546707,-0.06247443974692691,2.7713415678819846,-0.06247443974693014,-0.268928638439714,4.312291653513737,-2.955933122166687,-4.599521718575493,0.4807950355943846
ring,1000,891,33025,33026,891,m12-1-29,2026-08-05T00:29:46,532,-2.0819672796816677e-17,-1.9340726801131067e-17,0.23297415369232913,-1.4224072082008756e-17,-3.723196847127321e-17,3.761893127986891,-1.9074739926847495e-16,-2.6730411639567034e-16,5.10929353366627,-3.558059141006469,-4.832452157213401,2.7299956593300825e-16
ring,1000,891,33025,33026,891,m12-1-29,2026-08-05T00:29:46,533,-0.09501870811478849,-0.12905163821280763,0.6383607899468291,0.2200047279735937,0.06558364575121414,3.0392644000670432,0.0655836457512207,0.26079030762079003,4.127840270325367,-3.2417015684018264,-4.402784528430912,-0.48079503559438347
ring,1000,891,33025,33026,891,m12-1-29,2026-08-05T00:29:46,534,-0.22361219338790903,-0.30370355957910045,0.39312906637895983,0.3079189501879145,-0.10858010715567908,3.395610954148089,-0.10858010715566291,0.24039445444250102,4.611819767500746,-2.6831077748173913,-3.6441187289497075,-0.5483134046304161
ring,1000,891,33025,33026,891,m12-1-29,2026-08-05T00:29:46,535,-0.21594122144810665,-0.29328506920855063,0.067694214357556,0.014322126441567624,-0.4618997234312408,3.2156343476584577,-0.4618997234312242,-0.2729270458670385,4.367380789448044,-2.5956912490299167,-3.525392153061956,0.2586049194254706
ring,1000,891,33025,33026,891,m12-1-29,2026-08-05T00:29:46,536,-0.08733313457393582,-0.11861331637355632,-0.14867757019648678,-0.07418561468840598,-0.28829671879583085,2.6495155707377545,-0.2882967187958241,-0.25347343334785827,3.5984947770599693,-2.984586789586313,-4.053578734401603,0.32765904803626456
ring,1000,891,33025,33026,891,m12-1-29,2026-08-05T00:29:46,537,0.08733313457393574,0.11861331637355627,-0.1486775701964868,0.07418561468840568,0.2882967187958305,2.6495155707377527,0.28829671879582347,0.2534734333478577,3.598494777059971,-2.9845867895863116,-4.053578734401603,-0.3276590480362635
ring,1000,891,33025,33026,891,m12-1-29,2026-08-05T00:29:46,538,0.21594122144810662,0.2932850692085505,0.06769421435755556,-0.014322126441567093,0.4618997234312411,3.215634347658456,0.4618997234312244,0.27292704586703886,4.367380789448041,-2.5956912490299158,-3.5253921530619556,-0.2586049194254715
ring,1000,891,33025,33026,891,m12-1-29,2026-08-05T00:29:46,539,0.22361219338790897,0.30370355957910034,0.3931290663789598,-0.30791895018791454,0.10858010715567884,3.3956109541480886,0.10858010715566248,-0.24039445444250165,4.611819767500746,-2.6831077748173917,-3.6441187289497066,0.5483134046304167
ring,1000,891,33025,33026,891,m12-1-29,2026-08-05T00:29:46,540,0.09501870811478863,0.12905163821280785,0.6383607899468291,-0.22000472797359416,-0.06558364575121463,3.0392644000670432,-0.06558364575122123,-0.2607903076207907,4.1278402703253665,-3.2417015684018256,-4.402784528430911,0.48079503559438486
ring,1000,891,33025,33026,891,m12-1-29,2026-08-05T00:29:46,541,-1.2309771003769137e-18,-2.4297140091989605e-18,0.23297415369232957,-1.1829950000206727e-16,-1.0894855404940031e-16,4.0783706426231205,-1.3229812897120837e-16,-1.6077278261949698e-16,4.860412865276856,-3.857388674186734,-4.597056810494274,2.4557009800207225e-16
ring,1000,891,33025,33026,891,m12-1-29,2026-08-05T00:29:46,542,-0.10301236544768674,-0.12276535660390858,0.638360789946828,0.2284711864145845,0.06763758634488887,3.2949491872024623,0.06763758634489546,0.25232384917979794,3.9267675312638937,-3.514416826559396,-4.188318878925712,-0.4807950355943826
ring,1000,891,33025,33026,891,m12-1-29,2026-08-05T00:29:46,543,-0.24242405985994459,-0.2889097442693641,0.3931290663789602,0.2939019044103879,-0.11198060566713207,3.6812741771262907,-0.11198060566711548,0.25441150022002695,4.387171725914548,-2.908830104289766,-3.4666087270335275,-0.5483134046304159
ring,1000,891,33025,33026,891,m12-1-29,2026-08-05T00:29:46,544,-0.23410775057222746,-0.2789987527986023,0.06769421435755651,-0.04530637953033929,-0.4763654424576206,3.4861566436680693,-0.47636544245760404,-0.21329853989512962,4.1546397044376135,-2.8140594714402036,-3.3536654848626335,0.2586049194254685
ring,1000,891,33025,33026,891,m12-1-29,2026-08-05T00:29:46,545,-0.09468022616718877,-0.11283549968237988,-0.14867757019648542,-0.11140300570716724,-0.29732556016284295,2.872411882325886,-0.2973255601628357,-0.2162560423290945,3.4232071801722124,-3.235671702753374,-3.8561233762117686,0.327659048036262
ring,1000,891,33025,33026,891,m12-1-29,2026-08-05T00:29:46,546,0.09468022616718877,0.11283549968237984,-0.14867757019648548,0.11140300570716705,0.2973255601628428,2.872411882325886,0.2973255601628357,0.2162560423290946,3.4232071801722124,-3.2356717027533746,-3.8561233762117686,-0.32765904803626184
ring,1000,891,33025,33026,891,m12-1-29,2026-08-05T00:29:46,547,0.2341077505722275,0.2789987527986023,0.06769421435755651,0.045306379530339266,0.47636544245762047,3.4861566436680693,0.47636544245760415,0.21329853989512967,4.154639704437614,-2.8140594714402045,-3.3536654848626335,-0.2586049194254685
ring,1000,891,33025,33026,891,m12-1-29,2026-08-05T00:29:46,548,0.24242405985994453,0.2889097442693641,0.3931290663789601,-0.2939019044103878,0.111980605667132,3.68127417712629,0.11198060566711524,-0.25441150022002723,4.387171725914548,-2.908830104289767,-3.466608727033529,0.5483134046304163
ring,1000,891,33025,33026,891,m12-1-29,2026-08-05T00:29:46,549,0.10301236544768685,0.12276535660390873,0.6383607899468281,-0.22847118641458472,-0.06763758634488906,3.294949187202462,-0.06763758634489589,-0.25232384917979883,3.926767531263894,-3.5144168265593954,-4.188318878925712,0.4807950355943839
ring,1000,891,33025,33026,891,m12-1-29,2026-08-05T00:29:46,550,-1.3057105526153646e-17,-2.129017312923684e-17,0.2329741536923298,-7.873675494030134e-17,-8.823499859900684e-17,4.3784259981169935,-8.95993304490171e-17,-5.393397588347032e-17,4.591961029731393,-4.141185864617377,-4.343150738501847,1.2008894312992568e-16
ring,1000,891,33025,33026,891,m12-1-29,2026-08-05T00:29:46,551,-0.1105912283424999,-0.11598474223323317,0.6383607899468275,0.2371295439920074,0.06860321285492939,3.5373663768928143,0.06860321285493276,0.2436654916023739,3.709883085282161,-3.7729807685479435,-3.956988347536125,-0.4807950355943815
ring,1000,891,33025,33026,891,m12-1-29,2026-08-05T00:29:46,552,-0.2602597702049862,-0.2729525913883473,0.3931290663789599,0.2795671509397662,-0.11357929431475465,3.9521142082759972,-0.11357929431474623,0.2687462536906481,4.144858092213027,-3.122839601585642,-3.2751399152915415,-0.5483134046304143
ring,1000,891,33025,33026,891,m12-1-29,2026-08-05T00:29:46,553,-0.2513316104116666,-0.26358900688200454,0.06769421435755676,-0.106286413875338,-0.4831662631929707,3.7426414172909075,-0.4831662631929625,-0.1523185055501299,3.9251693516915998,-3.0210964695637643,-3.168434789411097,0.2586049194254672
ring,1000,891,33025,33026,891,m12-1-29,2026-08-05T00:29:46,554,-0.10164607390646282,-0.10660333425856909,-0.14867757019648473,-0.14946395903081147,-0.30157032196645606,3.0837420050637934,-0.30157032196645284,-0.1781950890054493,3.2341355361695374,-3.4737277079836275,-3.643140770180659,0.32765904803626084
ring,1000,891,33025,33026,891,m12-1-29,2026-08-05T00:29:46,555,0.10164607390646277,0.10660333425856904,-0.14867757019648478,0.1494639590308113,0.30157032196645606,3.0837420050637934,0.3015703219664528,0.17819508900544925,3.2341355361695365,-3.4737277079836284,-3.6431407701806595,-0.3276590480362608
ring,1000,891,33025,33026,891,m12-1-29,2026-08-05T00:29:46,556,0.2513316104116666,0.26358900688200443,0.06769421435755678,0.10628641387533803,0.4831662631929707,3.742641417290909,0.4831662631929623,0.15231850555013002,3.9251693516915998,-3.0210964695637643,-3.168434789411097,-0.25860491942546726
ring,1000,891,33025,33026,891,m12-1-29,2026-08-05T00:29:46,557,0.26025977020498614,0.2729525913883472,0.39312906637895983,-0.2795671509397664,0.11357929431475493,3.9521142082759977,0.11357929431474595,-0.2687462536906483,4.144858092213027,-3.1228396015856426,-3.2751399152915415,0.5483134046304148
ring,1000,891,33025,33026,891,m12-1-29,2026-08-05T00:29:46,558,0.11059122834250006,0.11598474223323332,0.6383607899468275,-0.23712954399200786,-0.0686032128549297,3.5373663768928156,-0.06860321285493334,-0.24366549160237472,3.709883085282159,-3.772980768547943,-3.956988347536125,0.4807950355943825
ring,1000,891,33025,33026,891,m12-1-29,2026-08-05T00:29:46,559,-1.7451790389194774e-17,-1.4026442090057586e-17,0.23297415369232913,-3.828545643499789e-16,-3.617931827607293e-16,4.660850977454618,-4.071115100816433e-16,-3.6924537863067264e-16,4.30501898782327,-4.4083079611769245,-4.071756331373473,7.359699872103165e-16
ring,1000,891,33025,33026,891,m12-1-29,2026-08-05T00:29:46,560,-0.11772477939326245,-0.10873709824167718,0.6383607899468277,0.2458404844912839,0.06846498798931763,3.765539840674829,0.06846498798931716,0.2349545511030969,3.4780602494961315,-4.016352248631586,-3.7097244206654065,-0.48079503559438136
ring,1000,891,33025,33026,891,m12-1-29,2026-08-05T00:29:46,561,-0.2770475063124759,-0.25589635475872824,0.3931290663789592,0.26514534132543743,-0.11335044959976007,4.207040470383052,-0.11335044959976096,0.2831680633049749,3.8858545778760156,-3.324274525992684,-3.0704832710509145,-0.5483134046304122
ring,1000,891,33025,33026,891,m12-1-29,2026-08-05T00:29:46,562,-0.26754344656190343,-0.24711788106679208,0.06769421435755714,-0.16763678501364496,-0.48219275788585436,3.9840558948682716,-0.48219275788585614,-0.09096813441182218,3.6798937273304193,-3.2159685784815553,-2.97044592534194,0.2586049194254673
ring,1000,891,33025,33026,891,m12-1-29,2026-08-05T00:29:46,563,-0.10820262878146349,-0.09994191483268215,-0.14867757019648428,-0.18775605967268194,-0.30096270440027445,3.2826549871348227,-0.3009627044002753,-0.13990298836357926,3.0320411698307126,-3.6977962377643596,-3.4154885220918874,0.3276590480362615
ring,1000,891,33025,33026,891,m12-1-29,2026-08-05T00:29:46,564,0.10820262878146343,0.09994191483268212,-0.1486775701964843,0.18775605967268147,0.30096270440027406,3.2826549871348227,0.30096270440027467,0.13990298836357878,3.0320411698307117,-3.6977962377643587,-3.415488522091887,-0.32765904803626067
ring,1000,891,33025,33026,891,m12-1-29,2026-08-05T00:29:46,565,0.26754344656190326,0.2471178810667919,0.06769421435755633,0.16763678501364607,0.4821927578858546,3.98405589486827,0.48219275788585636,0.09096813441182264,3.679893727330416,-3.215968578481553,-2.9704459253419393,-0.25860491942546865
ring,1000,891,33025,33026,891,m12-1-29,2026-08-05T00:29:46,566,0.2770475063124757,0.2558963547587282,0.39312906637895956,-0.26514534132543816,0.1133504495997594,4.207040470383053,0.11335044959976037,-0.2831680633049758,3.8858545778760165,-3.3242745259926854,-3.0704832710509145,0.5483134046304134
ring,1000,891,33025,33026,891,m12-1-29,2026-08-05T00:29:46,567,0.11772477939326263,0.10873709824167732,0.6383607899468274,-0.24584048449128437,-0.06846498798931791,3.7655398406748284,-0.06846498798931748,-0.23495455110309735,3.478060249496133,-4.016352248631585,-3.7097244206654056,0.4807950355943823
ring,1000,891,33025,33026,891,m12-1-29,2026-08-05T00:29:46,568,-2.9533127195001266e-18,-4.534590883125897e-18,0.23297415369232904,-3.897868937485449e-16,-3.441926851497322e-16,4.924508354924361,-2.4864972450983167e-16,-2.097821089476308e-16,4.0007421538808,-4.657679357461639,-3.7839663985996914,6.14939143443044e-16
ring,1000,891,33025,33026,891,m12-1-29,2026-08-05T00:29:46,569,-0.12438429430763594,-0.10105160833358304,0.6383607899468274,0.2544638456189398,0.06722513583788198,3.978550804542271,0.06722513583788045,0.22633118997544133,3.232232492645068,-4.243551295756489,-3.4475227428767847,-0.4807950355943814
ring,1000,891,33025,33026,891,m12-1-29,2026-08-05T00:29:46,570,-0.2927196698942366,-0.23780971382551994,0.39312906637895917,0.25086852788273023,-0.11129775371927986,4.445026465364593,-0.1112977537192844,0.29744487674768255,3.6112040986420544,-3.5123237701655476,-2.853462874385699,-0.5483134046304126
ring,1000,891,33025,33026,891,m12-1-29,2026-08-05T00:29:46,571,-0.28267797968062747,-0.22965169876323993,0.06769421435755682,-0.22837034250785665,-0.47346059060108897,4.209427985504708,-0.47346059060109363,-0.030234576917611767,3.41980046972483,-3.397891116989868,-2.7604961239318024,0.25860491942546804
ring,1000,891,33025,33026,891,m12-1-29,2026-08-05T00:29:46,572,-0.11432348985980514,-0.09287806458964006,-0.14867757019648514,-0.22566317339925152,-0.29551248425839416,3.4683498761652736,-0.29551248425839627,-0.10199587463701007,2.817737843841012,-3.9069750472097673,-3.1740833072000343,0.3276590480362619
ring,1000,891,33025,33026,891,m12-1-29,2026-08-05T00:29:46,573,0.11432348985980512,0.09287806458964,-0.14867757019648506,0.2256631733992515,0.2955124842583942,3.468349876165273,0.2955124842583961,0.10199587463700995,2.8177378438410123,-3.906975047209768,-3.1740833072000343,-0.32765904803626195
ring,1000,891,33025,33026,891,m12-1-29,2026-08-05T00:29:46,574,0.2826779796806274,0.22965169876323985,0.06769421435755679,0.22837034250785662,0.473460590601089,4.209427985504706,0.4734605906010934,0.030234576917611746,3.4198004697248288,-3.3978911169898693,-2.760496123931803,-0.25860491942546815
ring,1000,891,33025,33026,891,m12-1-29,2026-08-05T00:29:46,575,0.29271966989423653,0.2378097138255199,0.3931290663789591,-0.2508685278827302,0.11129775371927998,4.445026465364593,0.11129775371928417,-0.29744487674768255,3.611204098642054,-3.5123237701655494,-2.853462874385698,0.5483134046304123
ring,1000,891,33025,33026,891,m12-1-29,2026-08-05T00:29:46,576,0.1243842943076361,0.10105160833358322,0.6383607899468273,-0.25446384561894003,-0.06722513583788178,3.978550804542274,-0.06722513583788028,-0.22633118997544138,3.2322324926450694,-4.243551295756491,-3.4475227428767834,0.4807950355943815
ring,1000,891,33025,33026,891,m12-1-29,2026-08-05T00:29:46,577,2.3157457261458944e-17,1.1910130271342717e-17,0.23297415369232968,1.693663421509757e-16,1.23793865241216e-16,5.1683364753233585,3.850541103906513e-16,2.561063408329685e-16,3.6803557433216714,-4.888295922872774,-3.4809397686661105,-4.0327662135250866e-16
ring,1000,891,33025,33026,891,m12-1-29,2026-08-05T00:29:46,578,-0.13054295756949416,-0.09295921926426545,0.6383607899468274,0.26286087426637594,0.06490360608586322,4.175541548524541,0.06490360608586275,0.21793416132800528,2.973389676342443,-4.453663059548374,-3.171439107784275,-0.48079503559438175
ring,1000,891,33025,33026,891,m12-1-29,2026-08-05T00:29:46,579,-0.30721315467891647,-0.21876549710819287,0.39312906637895917,0.23696642988429717,-0.1074542353184357,4.665113907614495,-0.10745423531843651,0.31134697474611706,3.322012575054846,-3.6862301261687436,-2.624952589837271,-0.5483134046304142
ring,1000,891,33025,33026,891,m12-1-29,2026-08-05T00:29:46,580,-0.2966742683446097,-0.2112607901229044,0.0676942143575566,-0.28750986068298245,-0.45711026517907133,4.4178501953348865,-0.45711026517907183,0.02890494125751329,3.145936882624938,-3.566131547234563,-2.5394307789305044,0.25860491942546915
ring,1000,891,33025,33026,891,m12-1-29,2026-08-05T00:29:46,581,-0.11998401059424459,-0.08544022716122958,-0.148677570196485,-0.26257536056057074,-0.2853073576231247,3.64007894437689,-0.2853073576231247,-0.06508368747569175,2.592088482057199,-4.10042184708256,-2.919897179103025,0.32765904803626267
ring,1000,891,33025,33026,891,m12-1-29,2026-08-05T00:29:46,582,0.11998401059424456,0.08544022716122956,-0.1486775701964851,0.2625753605605703,0.28530735762312454,3.6400789443768895,0.2853073576231242,0.06508368747569147,2.5920884820571977,-4.10042184708256,-2.919897179103025,-0.32765904803626184
ring,1000,891,33025,33026,891,m12-1-29,2026-08-05T00:29:46,583,0.29667426834460964,0.2112607901229043,0.06769421435755611,0.287509860682983,0.45711026517907094,4.417850195334886,0.4571102651790716,-0.028904941257513233,3.1459368826249356,-3.5661315472345625,-2.539430778930504,-0.2586049194254693
ring,1000,891,33025,33026,891,m12-1-29,2026-08-05T00:29:46,584,0.3072131546789164,0.2187654971081928,0.3931290663789597,-0.23696642988429806,0.10745423531843504,4.665113907614496,0.1074542353184363,-0.3113469747461168,3.322012575054847,-3.686230126168743,-2.6249525898372714,0.548313404630415
ring,1000,891,33025,33026,891,m12-1-29,2026-08-05T00:29:46,585,0.13054295756949427,0.09295921926426556,0.6383607899468271,-0.2628608742663758,-0.06490360608586306,4.17554154852454,-0.06490360608586265,-0.21793416132800544,2.9733896763424443,-4.453663059548374,-3.171439107784275,0.4807950355943818
ring,1000,891,33025,33026,891,m12-1-29,2026-08-05T00:29:46,586,-1.7440461323525247e-17,-8.360638705873571e-18,0.23297415369232943,-1.9866964548458522e-16,-1.5802161960681502e-16,5.3913535288683665,5.342604728269336e-17,3.7990274717302625e-17,3.3451498391428167,-5.099229045896072,-3.1638966228601104,1.4750062336896935e-16
ring,1000,891,33025,33026,891,m12-1-29,2026-08-05T00:29:46,587,-0.13617597041554325,-0.08449251622834762,0.6383607899468267,0.2708964590993251,0.06153775301600942,4.355718860422269,0.061537753016009576,0.20989857649505558,2.7025740692525413,-4.645841494092083,-2.8825852067443836,-0.4807950355943811
ring,1000,891,33025,33026,891,m12-1-29,2026-08-05T00:29:46,588,-0.32046960051867346,-0.1988403889459299,0.3931290663789597,0.22366273729102457,-0.10188173804707157,4.866416582681334,-0.10188173804707107,0.32465066733938935,3.019444479311536,-3.845293334485798,-2.385872547670234,-0.5483134046304137
ring,1000,891,33025,33026,891,m12-1-29,2026-08-05T00:29:46,589,-0.30947595443930187,-0.1920192088439234,0.0676942143575564,-0.3441037625533902,-0.4334048644763931,4.6084832816811465,-0.43340486447639187,0.08549884312792096,2.8594057180375256,-3.7200124243824506,-2.3081400424587186,0.258604919425469
ring,1000,891,33025,33026,891,m12-1-29,2026-08-05T00:29:46,590,-0.12516139806562987,-0.07765835209363683,-0.14867757019648492,-0.2978986902475605,-0.27051152880219587,3.7971506994226663,-0.27051152880219487,-0.029760357788700637,2.3560016948176017,-4.277357695395484,-2.6539536556252807,0.3276590480362615
ring,1000,891,33025,33026,891,m12-1-29,2026-08-05T00:29:46,591,0.12516139806562987,0.07765835209363676,-0.14867757019648498,0.29789869024756044,0.2705115288021958,3.797150699422666,0.2705115288021948,0.029760357788700727,2.356001694817602,-4.277357695395485,-2.6539536556252807,-0.32765904803626145
ring,1000,891,33025,33026,891,m12-1-29,2026-08-05T00:29:46,592,0.3094759544393018,0.19201920884392334,0.06769421435755639,0.3441037625533901,0.43340486447639287,4.6084832816811465,0.4334048644763919,-0.08549884312792076,2.8594057180375247,-3.7200124243824506,-2.3081400424587186,-0.25860491942546915
ring,1000,891,33025,33026,891,m12-1-29,2026-08-05T00:29:46,593,0.32046960051867335,0.19884038894592992,0.3931290663789596,-0.22366273729102476,0.1018817380470717,4.866416582681338,0.10188173804707085,-0.3246506673393893,3.019444479311536,-3.8452933344857994,-2.3858725476702345,0.5483134046304137
ring,1000,891,33025,33026,891,m12-1-29,2026-08-05T00:29:46,594,0.1361759704155434,0.08449251622834773,0.6383607899468264,-0.27089645909932547,-0.061537753016009486,4.355718860422268,-0.06153775301600933,-0.2098985764950558,2.702574069252542,-4.645841494092083,-2.8825852067443827,0.4807950355943814
ring,1000,891,33025,33026,891,m12-1-29,2026-08-05T00:29:46,595,9.213349420852436e-18,1.1679737309689547e-17,0.2329741536923297,-1.3068310183859044e-16,-7.1228271084035e-17,5.592661504597294,-1.147214012222936e-16,-4.875606347690478e-17,2.996474197211489,-5.2896293732926845,-2.8341135820314274,1.8050780325757493e-16
ring,1000,891,33025,33026,891,m12-1-29,2026-08-05T00:29:46,596,-0.14126065069118968,-0.07568559165068471,0.6383607899468272,0.2784413045498005,0.05718173446418404,4.518357229792917,0.05718173446418253,0.20235373104458135,2.4208761502424214,-4.819312764659896,-2.5821241524673924,-0.48079503559438197
ring,1000,891,33025,33026,891,m12-1-29,2026-08-05T00:29:46,597,-0.33243562838489066,-0.17811462071685646,0.3931290663789601,0.21117151149682403,-0.09466992547227977,5.048123915741124,-0.09466992547228299,0.3371418931335911,2.7047181463441246,-3.9888729037172292,-2.1371854388325553,-0.5483134046304146
ring,1000,891,33025,33026,891,m12-1-29,2026-08-05T00:29:46,598,-0.3210314900930785,-0.17200443398290954,0.0676942143575572,-0.39724143105271364,-0.40272581726419715,4.780559632387556,-0.4027258172641995,0.13863651162724658,2.561360735832989,-3.858914124452574,-2.067555240679581,0.25860491942546715
ring,1000,891,33025,33026,891,m12-1-29,2026-08-05T00:29:46,599,-0.12983480476194106,-0.06956377425119373,-0.14867757019648442,-0.331064796862683,-0.251363068219983,3.9389326687825745,-0.2513630682199838,0.0034057488264220715,2.1104281202890807,-4.437070133935809,-2.3773235974727114,0.3276590480362614
ring,1000,891,33025,33026,891,m12-1-29,2026-08-05T00:29:46,600,0.129834804761941,0.0695637742511937,-0.1486775701964844,0.33106479686268253,0.2513630682199827,3.938932668782576,0.2513630682199836,-0.0034057488264220893,2.1104281202890807,-4.43707013393581,-2.3773235974727114,-0.327659048036261
ring,1000,891,33025,33026,891,m12-1-29,2026-08-05T00:29:46,601,0.3210314900930784,0.17200443398290952,0.06769421435755658,0.3972414310527143,0.4027258172641976,4.780559632387556,0.40272581726419987,-0.13863651162724622,2.5613607358329875,-3.858914124452574,-2.067555240679581,-0.25860491942546815
ring,1000,891,33025,33026,891,m12-1-29,2026-08-05T00:29:46,602,0.33243562838489066,0.1781146207168563,0.39312906637896006,-0.21117151149682384,0.09466992547227973,5.048123915741126,0.09466992547228312,-0.33714189313359116,2.7047181463441246,-3.9888729037172297,-2.1371854388325553,0.5483134046304144
ring,1000,891,33025,33026,891,m12-1-29,2026-08-05T00:29:46,603,0.1412606506911899,0.07568559165068482,0.6383607899468272,-0.27844130454980137,-0.05718173446418444,4.518357229792916,-0.05718173446418271,-0.20235373104458151,2.420876150242422,-4.8193127646598946,-2.582124152467393,0.480795035594383
ring,1000,891,33025,33026,891,m12-1-29,2026-08-05T00:29:46,604,2.8938615945147154e-18,6.030027551503364e-18,0.23297415369232988,-7.189250373335998e-17,-4.124881046538992e-17,5.7714498063422175,-2.0221551069024893e-16,-5.85680931378986e-17,2.6357328112749174,-5.458730230144774,-2.4929185660906574,1.3727439459676818e-16
ring,1000,891,33025,33026,891,m12-1-29,2026-08-05T00:29:46,605,-0.145776524183569,-0.06657390790820324,0.6383607899468279,0.28537401123017553,0.05190564039951141,4.662801769325202,0.05190564039950692,0.1954210243642066,2.129430217408452,-4.973378363670842,-2.271265795573081,-0.48079503559438297
ring,1000,891,33025,33026,891,m12-1-29,2026-08-05T00:29:46,606,-0.34306305530668474,-0.15667164777460316,0.3931290663789601,0.19969374100066892,-0.08593483835804976,5.209504235496114,-0.08593483835806022,0.3486196636297463,2.3791008680148327,-4.11639068961321,-1.8798926385390078,-0.5483134046304153
ring,1000,891,33025,33026,891,m12-1-29,2026-08-05T00:29:46,607,-0.33129434524231344,-0.1512970579741413,0.06769421435755645,-0.4460678612033258,-0.3655667608964808,4.933386356723063,-0.365566760896492,0.18746294177785672,2.2530020579615844,-3.9822773393232125,-1.8186451236769894,0.2586049194254687
ring,1000,891,33025,33026,891,m12-1-29,2026-08-05T00:29:46,608,-0.13398541252386056,-0.06118908764194223,-0.14867757019648553,-0.361540025335148,-0.22817008177526038,4.064853946507026,-0.22817008177526438,0.03388097729888626,1.8563565965826179,-4.578916057083022,-2.091120896254687,0.32765904803626206
ring,1000,891,33025,33026,891,m12-1-29,2026-08-05T00:29:46,609,0.1339854125238605,0.06118908764194221,-0.1486775701964856,0.3615400253351478,0.22817008177526027,4.064853946507025,0.22817008177526446,-0.03388097729888624,1.8563565965826174,-4.578916057083021,-2.091120896254687,-0.3276590480362619
ring,1000,891,33025,33026,891,m12-1-29,2026-08-05T00:29:46,610,0.3312943452423134,0.15129705797414125,0.06769421435755647,0.4460678612033255,0.36556676089648066,4.933386356723064,0.36556676089649187,-0.1874629417778568,2.253002057961584,-3.982277339323214,-1.8186451236769894,-0.2586049194254686
ring,1000,891,33025,33026,891,m12-1-29,2026-08-05T00:29:46,611,0.34306305530668474,0.15667164777460316,0.3931290663789603,-0.19969374100066872,0.08593483835804983,5.209504235496112,0.08593483835806043,-0.3486196636297464,2.379100868014833,-4.116390689613211,-1.8798926385390085,0.5483134046304151
ring,1000,891,33025,33026,891,m12-1-29,2026-08-05T00:29:46,612,0.1457765241835692,0.06657390790820329,0.638360789946827,-0.28537401123017536,-0.05190564039951123,4.662801769325207,-0.05190564039950686,-0.19542102436420666,2.1294302174084536,-4.973378363670843,-2.2712657955730813,0.48079503559438297
ring,1000,891,33025,33026,891,m12-1-29,2026-08-05T00:29:46,613,-2.9701739691064075e-18,-7.10660642746358e-19,0.23297415369232907,-3.4811201247579625e-17,-1.756576926015968e-17,5.9269985167142405,1.9795758194351997e-16,4.259051065384073e-17,2.264378259572807,-5.605850706984898,-2.1416854469443147,-3.785390241279468e-17
ring,1000,891,33025,33026,891,m12-1-29,2026-08-05T00:29:46,614,-0.14970540706397698,-0.05719415453542113,0.6383607899468281,0.2915830292947848,0.04579436515053526,4.788470851839284,0.04579436515052946,0.18921200629959856,1.8294098206581,-5.107417923334173,-1.951261852949093,-0.4807950355943832
ring,1000,891,33025,33026,891,m12-1-29,2026-08-05T00:29:46,615,-0.3523090883867278,-0.13459781340304341,0.3931290663789597,0.18941410742641,-0.0758170275259281,5.349907720356822,-0.075817027525943,0.35889929720400565,2.043903790178861,-4.227333223056562,-1.6150301740864474,-0.5483134046304154
ring,1000,891,33025,33026,891,m12-1-29,2026-08-05T00:29:46,616,-0.3402231949915327,-0.12998046211226463,0.06769421435755597,-0.48979741746649985,-0.32252559850026047,5.066348075408038,-0.3225255985002755,0.2311924980410292,1.9355713359857996,-4.0896053288683625,-1.5624119646408017,0.2586049194254698
ring,1000,891,33025,33026,891,m12-1-29,2026-08-05T00:29:46,617,-0.13759650831886355,-0.0525680141730638,-0.14867757019648611,-0.38883401783078947,-0.20130575330194783,4.174407492053773,-0.20130575330195435,0.061174969794526336,1.5948101800512127,-4.70232430136826,-1.7964979892355402,0.3276590480362633
ring,1000,891,33025,33026,891,m12-1-29,2026-08-05T00:29:46,618,0.13759650831886358,0.05256801417306378,-0.14867757019648614,0.38883401783078947,0.20130575330194786,4.174407492053774,0.2013057533019545,-0.06117496979452619,1.5948101800512113,-4.702324301368259,-1.7964979892355406,-0.3276590480362632
ring,1000,891,33025,33026,891,m12-1-29,2026-08-05T00:29:46,619,0.34022319499153253,0.12998046211226466,0.06769421435755585,0.4897974174665004,0.3225255985002608,5.066348075408039,0.3225255985002755,-0.23119249804102934,1.9355713359857998,-4.089605328868364,-1.5624119646408023,-0.2586049194254705
ring,1000,891,33025,33026,891,m12-1-29,2026-08-05T00:29:46,620,0.35230908838672775,0.13459781340304333,0.39312906637896006,-0.18941410742640988,0.07581702752592812,5.349907720356823,0.07581702752594288,-0.3588992972040058,2.0439037901788604,-4.227333223056562,-1.615030174086447,0.5483134046304151
ring,1000,891,33025,33026,891,m12-1-29,2026-08-05T00:29:46,621,0.1497054070639772,0.0571941545354212,0.6383607899468282,-0.29158302929478463,-0.04579436515053514,4.788470851839283,-0.045794365150529134,-0.18921200629959864,1.829409820658099,-5.107417923334172,-1.9512618529490928,0.48079503559438347
ring,1000,891,33025,33026,891,m12-1-29,2026-08-05T00:29:46,622,2.2274557762844345e-17,6.3103954570445375e-18,0.23297415369232904,3.549714176315596e-16,1.009553158843983e-16,6.058681295956661,1.3686239247726777e-16,1.0879291174534234e-17,1.883905855817602,-5.73039840157806,-1.7818285163976557,-3.874769157873742e-16
ring,1000,891,33025,33026,891,m12-1-29,2026-08-05T00:29:46,623,-0.15303147910772885,-0.04758410048864547,0.63836078994683,0.29696845331869476,0.03894624142369722,4.894858452293924,0.03894624142369193,0.18382658227568988,1.5220230362387472,-5.2208917136515804,-1.6234008675289995,-0.48079503559438463
ring,1000,891,33025,33026,891,m12-1-29,2026-08-05T00:29:46,624,-0.36013649711313434,-0.11198200114236928,0.3931290663789598,0.18049801392631842,-0.06447929233968969,5.46876901504424,-0.06447929233970257,0.3678153907040981,1.7004766331629477,-4.321253777621595,-1.3436645531376814,-0.5483134046304159
ring,1000,891,33025,33026,891,m12-1-29,2026-08-05T00:29:46,625,-0.3477820860141778,-0.10814048080525646,0.06769421435755568,-0.5277264749123085,-0.27429487849045203,5.178909398529322,-0.2742948784904648,0.26912155548683603,1.6103467513878476,-4.180465921154892,-1.2998875240665797,0.25860491942547126
ring,1000,891,33025,33026,891,m12-1-29,2026-08-05T00:29:46,626,-0.14065355153869644,-0.043735267864663606,-0.14867757019648692,-0.4125076037931613,-0.17120233990153239,4.267152171961129,-0.17120233990153755,0.08484855575689718,1.326842025803062,-4.8067979453479595,-1.4946412188765124,0.3276590480362646
ring,1000,891,33025,33026,891,m12-1-29,2026-08-05T00:29:46,627,0.1406535515386964,0.043735267864663606,-0.14867757019648686,0.4125076037931615,0.17120233990153247,4.267152171961131,0.1712023399015374,-0.08484855575689715,1.3268420258030618,-4.8067979453479595,-1.4946412188765124,-0.3276590480362649
ring,1000,891,33025,33026,891,m12-1-29,2026-08-05T00:29:46,628,0.3477820860141777,0.10814048080525646,0.06769421435755492,0.5277264749123097,0.2742948784904523,5.178909398529324,0.2742948784904654,-0.26912155548683603,1.6103467513878469,-4.180465921154892,-1.2998875240665801,-0.2586049194254729
ring,1000,891,33025,33026,891,m12-1-29,2026-08-05T00:29:46,629,0.3601364971131343,0.11198200114236927,0.3931290663789598,-0.18049801392631817,0.06447929233968966,5.4687690150442405,0.06447929233970238,-0.36781539070409797,1.7004766331629482,-4.321253777621596,-1.3436645531376812,0.5483134046304156
ring,1000,891,33025,33026,891,m12-1-29,2026-08-05T00:29:46,630,0.15303147910772902,0.04758410048864554,0.6383607899468298,-0.29696845331869465,-0.03894624142369713,4.894858452293926,-0.03894624142369203,-0.18382658227569001,1.522023036238747,-5.22089171365158,-1.6234008675289995,0.4807950355943848
ring,1000,891,33025,33026,891,m12-1-29,2026-08-05T00:29:46,631,2.742793268371911e-17,7.166745766718635e-18,0.23297415369232866,-1.9543321200246534e-16,-4.360271502580962e-17,6.165967903994092,-3.798257201143853e-16,-1.0102307852017864e-16,1.4958476280938426,-5.831871804316474,-1.4147967913007347,2.725243804495986e-16
ring,1000,891,33025,33026,891,m12-1-29,2026-08-05T00:29:46,632,-0.15574134739662124,-0.03778244206371361,0.638360789946829,0.301443629813388,0.031471458093277234,4.981536185370982,0.03147145809327445,0.17935140578099654,1.208507602241002,-5.313342815719307,-1.2890030197845765,-0.480795035594385
ring,1000,891,33025,33026,891,m12-1-29,2026-08-05T00:29:46,633,-0.36651376327359925,-0.08891527688644392,0.39312906637896006,0.17308892378244733,-0.05210406120262993,5.565609507076021,-0.05210406120263626,0.37522448084796944,1.3502022569179115,-4.39777416838374,-1.0668884692714555,-0.5483134046304164
ring,1000,891,33025,33026,891,m12-1-29,2026-08-05T00:29:46,634,-0.353940581323964,-0.08586505594955401,0.06769421435755502,-0.5592447408081449,-0.22165065120662397,5.270617081366511,-0.2216506512066296,0.30063982138267187,1.278637868783907,-4.25449325264632,-1.0321288952201393,0.25860491942547337
ring,1000,891,33025,33026,891,m12-1-29,2026-08-05T00:29:46,635,-0.14314423254927747,-0.03472641506866256,-0.14867757019648822,-0.4321798663621968,-0.13834421676448969,4.342714536136754,-0.13834421676449224,0.1045208183259316,1.0535311470176278,-4.891916310531118,-1.1867660558533704,0.32765904803626583
ring,1000,891,33025,33026,891,m12-1-29,2026-08-05T00:29:46,636,0.14314423254927744,0.03472641506866254,-0.14867757019648822,0.43217986636219674,0.13834421676448963,4.3427145361367545,0.13834421676449227,-0.10452081832593156,1.0535311470176278,-4.8919163105311165,-1.1867660558533704,-0.32765904803626567
ring,1000,891,33025,33026,891,m12-1-29,2026-08-05T00:29:46,637,0.35394058132396405,0.08586505594955401,0.06769421435755496,0.5592447408081449,0.2216506512066239,5.270617081366512,0.22165065120662963,-0.3006398213826719,1.2786378687839073,-4.254493252646321,-1.0321288952201393,-0.25860491942547337
ring,1000,891,33025,33026,891,m12-1-29,2026-08-05T00:29:46,638,0.3665137632735992,0.08891527688644392,0.39312906637895995,-0.17308892378244667,0.05210406120263009,5.565609507076022,0.052104061202636394,-0.3752244808479695,1.350202256917912,-4.39777416838374,-1.066888469271456,0.5483134046304158
ring,1000,891,33025,33026,891,m12-1-29,2026-08-05T00:29:46,639,0.1557413473966214,0.03778244206371365,0.6383607899468291,-0.30144362981338785,-0.03147145809327718,4.981536185370982,-0.031471458093274486,-0.1793514057809968,1.2085076022410017,-5.313342815719306,-1.2890030197845768,0.48079503559438513
ring,1000,891,33025,33026,891,m12-1-29,2026-08-05T00:29:46,640,-5.5066405994390116e-18,-7.013432803265607e-19,0.2329741536923293,-1.9226787634835563e-16,-4.1360618814427486e-17,6.248426335522054,1.196617208871543e-16,2.3090118142152227e-17,1.101766149921851,-5.909862317621736,-1.0420681788689594,1.8649293806287381e-16
ring,1000,891,33025,33026,891,m12-1-29,2026-08-05T00:29:46,641,-0.1578241002474846,-0.027828647079668825,0.6383607899468302,0.30493655151383675,0.023490287221161123,5.048155030431706,0.02349028722116227,0.1758584840805488,0.8901259346642612,-5.384398961579369,-0.9494148118250734,-0.48079503559438586
ring,1000,891,33025,33026,891,m12-1-29,2026-08-05T00:29:46,642,-0.3714152078681091,-0.06549052219258991,0.3931290663789609,0.16730605202872065,-0.038890456216268604,5.640039253970006,-0.03889045621626588,0.38100735260169705,0.9944910927297436,-4.45658627473679,-0.7858164020911165,-0.548313404630418
ring,1000,891,33025,33026,891,m12-1-29,2026-08-05T00:29:46,643,-0.3586738828338808,-0.06324388281907922,0.06769421435755558,-0.5838450744572435,-0.1654399819725291,5.34110184944852,-0.1654399819725263,0.3252401550317721,0.9417803627696459,-4.311389241406228,-0.7602142475961126,0.258604919425472
ring,1000,891,33025,33026,891,m12-1-29,2026-08-05T00:29:46,644,-0.14505852225724758,-0.025577731255651853,-0.1486775701964881,-0.4475342714690756,-0.10326008339215215,4.400790321609404,-0.10326008339215094,0.11987522343280933,0.775978070140415,-4.957336655303132,-0.8741122047849933,0.327659048036266
ring,1000,891,33025,33026,891,m12-1-29,2026-08-05T00:29:46,645,0.14505852225724752,0.025577731255651843,-0.14867757019648806,0.44753427146907476,0.10326008339215197,4.4007903216094055,0.10326008339215093,-0.11987522343280925,0.7759780701404153,-4.9573366553031315,-0.8741122047849935,-0.3276590480362654
ring,1000,891,33025,33026,891,m12-1-29,2026-08-05T00:29:46,646,0.3586738828338806,0.0632438828190792,0.06769421435755435,0.5838450744572458,0.16543998197252935,5.341101849448513,0.1654399819725261,-0.32524015503177184,0.941780362769645,-4.311389241406225,-0.7602142475961116,-0.25860491942547464
ring,1000,891,33025,33026,891,m12-1-29,2026-08-05T00:29:46,647,0.3714152078681089,0.06549052219258991,0.393129066378961,-0.16730605202872081,0.03889045621626855,5.640039253970004,0.038890456216265926,-0.3810073526016973,0.9944910927297441,-4.45658627473679,-0.7858164020911163,0.5483134046304181
ring,1000,891,33025,33026,891,m12-1-29,2026-08-05T00:29:46,648,0.1578241002474848,0.02782864707966886,0.6383607899468299,-0.3049365515138371,-0.02349028722116118,5.048155030431707,-0.023490287221161935,-0.17585848408054905,0.8901259346642609,-5.384398961579369,-0.9494148118250734,0.4807950355943867
ring,1000,891,33025,33026,891,m12-1-29,2026-08-05T00:29:46,649,2.102920757214371e-17,1.1155423915339135e-18,0.2329741536923292,8.400751009881983e-17,3.2187251995663413e-18,6.305724559540026,9.49481582224708e-17,2.388632911257127e-17,0.7032482483256347,-5.964055901222969,-0.665143525672356,-1.0808479220143774e-16
ring,1000,891,33025,33026,891,m12-1-29,2026-08-05T00:29:46,650,-0.15927135114968452,-0.017762795955781983,0.6383607899468295,0.3073910160023442,0.015131148834339867,5.094446736899725,0.015131148834343919,0.17340401959204055,0.5681600441130366,-5.433774033211198,-0.6060036455083981,-0.4807950355943849
ring,1000,891,33025,33026,891,m12-1-29,2026-08-05T00:29:46,651,-0.37482109450921713,-0.04180206028033869,0.3931290663789601,0.16324244723640463,-0.025051089231196363,5.691758553404945,-0.025051089231186045,0.3850709573940121,0.6347754639105961,-4.497453281085814,-0.501580129608562,-0.5483134046304169
ring,1000,891,33025,33026,891,m12-1-29,2026-08-05T00:29:46,652,-0.36196293120933615,-0.04036804889402693,0.06769421435755531,-0.6011316472823443,-0.10656732149795756,5.390079885491376,-0.10656732149794666,0.34252672785687227,0.60113063963003,-4.350924787368951,-0.48523848550990223,0.25860491942547204
ring,1000,891,33025,33026,891,m12-1-29,2026-08-05T00:29:46,653,-0.14638871249358867,-0.016326054946375727,-0.1486775701964871,-0.4583237609878821,-0.0665144566238202,4.441145677688438,-0.06651445662381546,0.13066471295161702,0.4953004034513778,-5.002795555025329,-0.5579386123804103,0.3276590480362646
ring,1000,891,33025,33026,891,m12-1-29,2026-08-05T00:29:46,654,0.14638871249358867,0.016326054946375734,-0.14867757019648717,0.4583237609878822,0.06651445662382018,4.441145677688437,0.06651445662381539,-0.13066471295161702,0.49530040345137794,-5.0027955550253305,-0.5579386123804104,-0.3276590480362647
ring,1000,891,33025,33026,891,m12-1-29,2026-08-05T00:29:46,655,0.36196293120933604,0.040368048894026905,0.06769421435755528,0.6011316472823437,0.10656732149795753,5.390079885491375,0.1065673214979469,-0.3425267278568722,0.6011306396300298,-4.350924787368951,-0.485238485509902,-0.25860491942547187
ring,1000,891,33025,33026,891,m12-1-29,2026-08-05T00:29:46,656,0.37482109450921713,0.04180206028033868,0.39312906637896006,-0.1632424472364039,0.02505108923119645,5.691758553404944,0.02505108923118596,-0.38507095739401215,0.6347754639105966,-4.497453281085814,-0.5015801296085621,0.548313404630416
ring,1000,891,33025,33026,891,m12-1-29,2026-08-05T00:29:46,657,0.15927135114968477,0.017762795955782035,0.638360789946829,-0.30739101600234353,-0.015131148834339796,5.0944467368997275,-0.015131148834343917,-0.17340401959204074,0.5681600441130374,-5.4337740332112,-0.6060036455083984,0.4807950355943845
ring,1000,891,33025,33026,891,m12-1-29,2026-08-05T00:29:46,658,1.859483488173485e-17,1.2519146960418559e-18,0.2329741536923298,-4.779139882910054e-17,4.9703893344882344e-18,6.337631856322874,-8.351194288511686e-17,-7.775762455794477e-18,0.3018986142404962,-5.9942343366863335,-0.2855405742561326,6.783209248201888e-17
ring,1000,891,33025,33026,891,m12-1-29,2026-08-05T00:29:46,659,-0.16007727253463533,-0.007625420321849368,0.6383607899468298,0.3087675300264911,0.006528544598603918,5.120224904411464,0.006528544598608328,0.17202750556789265,0.24390637359272227,-5.461269214627947,-0.2601523163964689,-0.4807950355943839
ring,1000,891,33025,33026,891,m12-1-29,2026-08-05T00:29:46,660,-0.376717708893506,-0.017945276225115145,0.3931290663789604,0.16096349432777307,-0.010808640842809107,5.720559150016027,-0.010808640842798173,0.38734991030264365,0.27250381833832554,-4.520210630420002,-0.21532417097365508,-0.5483134046304166
ring,1000,891,33025,33026,891,m12-1-29,2026-08-05T00:29:46,661,-0.3637944826133727,-0.017329667083729627,0.06769421435755557,-0.6108263118556615,-0.04597995292824218,5.417353972230469,-0.04597995292822989,0.3522213924301909,0.25806037556993355,-4.372940694844703,-0.20830883930444308,0.2586049194254711
ring,1000,891,33025,33026,891,m12-1-29,2026-08-05T00:29:46,662,-0.14712944705170192,-0.007008639376009875,-0.1486775701964866,-0.4643747279933414,-0.028698587349495118,4.4636181075981005,-0.028698587349490063,0.1367156799570779,0.2126283368508235,-5.0281099627529215,-0.2395183981047255,0.3276590480362635
ring,1000,891,33025,33026,891,m12-1-29,2026-08-05T00:29:46,663,0.14712944705170183,0.007008639376009875,-0.14867757019648656,0.46437472799334123,0.02869858734949508,4.4636181075981005,0.02869858734949009,-0.1367156799570778,0.2126283368508238,-5.028109962752922,-0.23951839810472558,-0.32765904803626333
ring,1000,891,33025,33026,891,m12-1-29,2026-08-05T00:29:46,664,0.36379448261337266,0.017329667083729638,0.06769421435755558,0.6108263118556614,0.04597995292824218,5.417353972230469,0.045979952928230115,-0.3522213924301909,0.25806037556993344,-4.372940694844704,-0.20830883930444316,-0.25860491942547104
ring,1000,891,33025,33026,891,m12-1-29,2026-08-05T00:29:46,665,0.3767177088935058,0.01794527622511513,0.3931290663789603,-0.16096349432777277,0.010808640842809135,5.720559150016027,0.010808640842797727,-0.38734991030264354,0.27250381833832593,-4.520210630420005,-0.2153241709736551,0.5483134046304162
ring,1000,891,33025,33026,891,m12-1-29,2026-08-05T00:29:46,666,0.16007727253463555,0.007625420321849368,0.6383607899468297,-0.3087675300264918,-0.006528544598603954,5.120224904411463,-0.006528544598608686,-0.17202750556789279,0.24390637359272258,-5.461269214627945,-0.26015231639646913,0.480795035594385
ring,1000,891,33025,33026,891,m12-1-29,2026-08-05T00:29:46,667,-3.1848174118965676e-18,3.2102548700937983e-19,0.23297415369233002,3.087140748792754e-16,-2.3191762095822743e-18,6.344019746448025,4.1311332084809126e-17,1.0442222173751015e-17,-0.10066665901100258,-6.000276106103559,0.09521214827289616,-3.096955743069063e-16
ring,1000,891,33025,33026,891,m12-1-29,2026-08-05T00:29:46,668,-0.16023861924136495,0.0025426601883759446,0.6383607899468295,0.3090439449603482,-0.002179106363609554,5.125385733384648,-0.002179106363608564,0.17175109063403557,-0.08132942180884323,-5.466773792438373,0.08674655427448748,-0.48079503559438386
ring,1000,891,33025,33026,891,m12-1-29,2026-08-05T00:29:46,669,-0.377097414024249,0.0059837671237961965,0.39312906637896017,0.16050586250822624,0.0036077226228299333,5.726325073965722,0.0036077226228323476,0.38780754212219143,-0.09086510393190626,-4.524766686925691,0.07179882210046978,-0.5483134046304171
ring,1000,891,33025,33026,891,m12-1-29,2026-08-05T00:29:46,670,-0.36416116203492194,0.005778495179518439,0.06769421435755703,-0.6127730773951239,0.015347250296158006,5.4228142865447415,0.015347250296160226,0.3541681579696566,-0.08604900654182729,-4.377348313544526,0.0694595930756189,0.2586049194254667
ring,1000,891,33025,33026,891,m12-1-29,2026-08-05T00:29:46,671,-0.14727774325495982,0.0023369975114686374,-0.14867757019648517,-0.46558981016122547,0.009579052938271285,4.468117122794695,0.009579052938272038,0.13793076212496375,-0.07089990901642676,-5.033177946300634,0.07986627222363597,0.32765904803626156
ring,1000,891,33025,33026,891,m12-1-29,2026-08-05T00:29:46,672,0.14727774325495976,-0.0023369975114686365,-0.14867757019648517,0.4655898101612255,-0.00957905293827128,4.468117122794696,-0.009579052938272072,-0.13793076212496375,-0.0708999090164269,-5.033177946300634,0.07986627222363593,-0.3276590480362615
ring,1000,891,33025,33026,891,m12-1-29,2026-08-05T00:29:46,673,0.3641611620349216,-0.005778495179518444,0.06769421435755589,0.6127730773951264,-0.015347250296158027,5.422814286544737,-0.015347250296160578,-0.35416815796965634,-0.08604900654182694,-4.377348313544525,0.06945959307561889,-0.2586049194254695
ring,1000,891,33025,33026,891,m12-1-29,2026-08-05T00:29:46,674,0.37709741402424896,-0.005983767123796184,0.3931290663789602,-0.16050586250822582,-0.003607722622829935,5.726325073965721,-0.0036077226228321533,-0.38780754212219143,-0.09086510393190654,-4.524766686925691,0.07179882210046988,0.5483134046304167
ring,1000,891,33025,33026,891,m12-1-29,2026-08-05T00:29:46,675,0.1602386192413652,-0.002542660188375945,0.6383607899468297,-0.3090439449603481,0.0021791063636095445,5.125385733384646,0.0021791063636084945,-0.17175109063403574,-0.08132942180884305,-5.466773792438371,0.08674655427448769,0.4807950355943839
ring,1000,891,33025,33026,891,m12-1-29,2026-08-05T00:29:46,676,9.300845277325845e-18,-2.846030702774449e-19,0.23297415369232954,2.0573847953655718e-17,4.407959457511379e-18,6.324862508136474,9.537151587742034e-17,3.094550169498861e-17,-0.5028265831563017,-5.982156881401577,0.47558148508533277,-5.758977008381988e-17
ring,1000,891,33025,33026,891,m12-1-29,2026-08-05T00:29:46,677,-0.1597547415836322,0.012700502303437868,0.6383607899468288,0.308215813184156,-0.010851694688708625,5.10990844298244,-0.01085169468871173,0.1725792224102277,-0.4062377323334719,-5.45026560165038,0.4332961271880084,-0.4807950355943837
ring,1000,891,33025,33026,891,m12-1-29,2026-08-05T00:29:46,678,-0.37595868096289875,0.02988871595443135,0.3931290663789601,0.16187691524504688,0.01796603648095733,5.7090331079133,0.017966036480949642,0.3864364893853692,-0.45386814449884677,-4.511103104971341,0.35863270665891905,-0.548313404630416
ring,1000,891,33025,33026,891,m12-1-29,2026-08-05T00:29:46,679,-0.3630614929853694,0.028863389482160492,0.06769421435755545,-0.6069406197144604,0.07642751051822277,5.406438841675589,0.07642751051821418,0.3483357002889897,-0.42981189967467676,-4.3641298955435035,0.3469483361896727,0.2586049194254711
ring,1000,891,33025,33026,891,m12-1-29,2026-08-05T00:29:46,680,-0.14683300396689183,0.011673224134796382,-0.14867757019648692,-0.46194945636460377,0.047702562678450314,4.454624607331875,0.047702562678446477,0.13429040832834088,-0.35414266597372696,-5.017979098687367,0.3989293492620292,0.32765904803626306
ring,1000,891,33025,33026,891,m12-1-29,2026-08-05T00:29:46,681,0.14683300396689183,-0.011673224134796382,-0.1486775701964868,0.46194945636460355,-0.04770256267845028,4.454624607331879,-0.047702562678446477,-0.13429040832834083,-0.3541426659737272,-5.017979098687369,0.3989293492620294,-0.3276590480362631
ring,1000,891,33025,33026,891,m12-1-29,2026-08-05T00:29:46,682,0.3630614929853694,-0.028863389482160492,0.06769421435755547,0.60694061971446,-0.07642751051822275,5.406438841675592,-0.07642751051821418,-0.34833570028898964,-0.4298118996746768,-4.364129895543505,0.3469483361896725,-0.25860491942547087
ring,1000,891,33025,33026,891,m12-1-29,2026-08-05T00:29:46,683,0.3759586809628987,-0.029888715954431332,0.3931290663789603,-0.16187691524504685,-0.01796603648095733,5.709033107913301,-0.01796603648094991,-0.3864364893853691,-0.4538681444988471,-4.511103104971342,0.35863270665891933,0.5483134046304159
ring,1000,891,33025,33026,891,m12-1-29,2026-08-05T00:29:46,684,0.15975474158363254,-0.012700502303437895,0.6383607899468279,-0.30821581318415614,0.010851694688708632,5.109908442982444,0.010851694688711905,-0.17257922241022783,-0.4062377323334714,-5.45026560165038,0.43329612718800803,0.4807950355943844
ring,1000,891,33025,33026,891,m12-1-29,2026-08-05T00:29:46,685,-8.569749964726977e-18,1.3772755722354924e-18,0.2329741536923287,-3.1360230201787995e-17,2.1348618402597386e-17,6.28023728082546,-5.626506349387336e-17,1.2824078821430107e-17,-0.9029618021207191,-5.939949622303169,0.8540358231108367,2.8223137802513287e-18
ring,1000,891,33025,33026,891,m12-1-29,2026-08-05T00:29:46,686,-0.15862758796598292,0.02280720397828654,0.6383607899468292,0.3062964596481958,-0.01934967518405985,5.073855354790698,-0.019349675184062706,0.17449857594618812,-0.7295102668890636,-5.411811114921839,0.7781009695264958,-0.48079503559438413
ring,1000,891,33025,33026,891,m12-1-29,2026-08-05T00:29:46,687,-0.373306094985586,0.053673313474953015,0.3931290663789607,0.16505459178646717,0.032035270086727706,5.668752880502994,0.03203527008672007,0.3832588128439495,-0.8150436182378104,-4.4792749029790055,0.6440225038848201,-0.5483134046304164
ring,1000,891,33025,33026,891,m12-1-29,2026-08-05T00:29:46,688,-0.36049990344385735,0.051832061102510346,0.06769421435755522,-0.5934227852410574,0.13627802348629364,5.368293575759948,0.13627802348628518,0.334817865815585,-0.7718440919869469,-4.3333386667455915,0.6230400408071332,0.25860491942547287
ring,1000,891,33025,33026,891,m12-1-29,2026-08-05T00:29:46,689,-0.1457970199956435,0.020962446804524627,-0.14867757019648714,-0.45351224125878636,0.08505852032822987,4.423194890807341,0.08505852032822606,0.12585319322252228,-0.6359594154075741,-4.98257462030816,0.7163860786105598,0.3276590480362645
ring,1000,891,33025,33026,891,m12-1-29,2026-08-05T00:29:46,690,0.1457970199956435,-0.020962446804524616,-0.14867757019648717,0.4535122412587865,-0.08505852032822986,4.42319489080734,-0.08505852032822615,-0.12585319322252225,-0.6359594154075742,-4.982574620308161,0.7163860786105598,-0.3276590480362646
ring,1000,891,33025,33026,891,m12-1-29,2026-08-05T00:29:46,691,0.3604999034438572,-0.05183206110251033,0.06769421435755518,0.5934227852410575,-0.13627802348629364,5.368293575759949,-0.13627802348628507,-0.3348178658155849,-0.7718440919869473,-4.3333386667455915,0.623040040807133,-0.25860491942547315
ring,1000,891,33025,33026,891,m12-1-29,2026-08-05T00:29:46,692,0.37330609498558603,-0.05367331347495301,0.39312906637896067,-0.16505459178646706,-0.032035270086727734,5.668752880502995,-0.03203527008672024,-0.38325881284394947,-0.8150436182378104,-4.479274902979006,0.6440225038848203,0.5483134046304163
ring,1000,891,33025,33026,891,m12-1-29,2026-08-05T00:29:46,693,0.15862758796598303,-0.022807203978286558,0.6383607899468294,-0.30629645964819563,0.01934967518405979,5.073855354790696,0.019349675184062633,-0.17449857594618828,-0.7295102668890621,-5.411811114921838,0.7781009695264957,0.48079503559438413
ring,1000,891,33025,33026,891,m12-1-29,2026-08-05T00:29:46,694,3.2815273986493273e-17,-7.613132129921651e-18,0.23297415369232918,-6.458541519519315e-17,2.8833001524536384e-18,6.210323754555177,1.670813781315286e-16,-2.0360977986098872e-17,-1.2994611126027447,-5.873824282543965,1.2290512603033024,9.652618060320556e-17
ring,1000,891,33025,33026,891,m12-1-29,2026-08-05T00:29:46,695,-0.15686169703821312,0.0328220690923754,0.63836078994683,0.3033167674693477,-0.027536312162373205,5.017371641870824,-0.027536312162372352,0.17747826812503573,-1.049845321076006,-5.351565174898504,1.119772673886595,-0.4807950355943837
ring,1000,891,33025,33026,891,m12-1-29,2026-08-05T00:29:46,696,-0.3691503371198262,0.07724178750577315,0.39312906637896033,0.1699877621274053,0.04558904420477082,5.605646585993892,0.04558904420477285,0.37832564250301115,-1.1729371989907071,-4.4294102418845345,0.9268190497913125,-0.5483134046304164
ring,1000,891,33025,33026,891,m12-1-29,2026-08-05T00:29:46,697,-0.3564867080273707,0.07459202330660399,0.06769421435755571,-0.5724370809918365,0.1939357720423724,5.308532086320464,0.19393577204237436,0.31383216156636456,-1.1107683405583484,-4.285098612561566,0.896622983078368,0.25860491942547237
ring,1000,891,33025,33026,891,m12-1-29,2026-08-05T00:29:46,698,-0.14417396288302203,0.030167261099536213,-0.1486775701964879,-0.4404139227931986,0.12104585454525768,4.3739545295966,0.12104585454525815,0.11275487475693356,-0.9152153807334797,-4.927107072501627,1.0309581740645326,0.32765904803626517
ring,1000,891,33025,33026,891,m12-1-29,2026-08-05T00:29:46,699,0.14417396288302198,-0.030167261099536196,-0.14867757019648783,0.44041392279319835,-0.12104585454525758,4.373954529596601,-0.12104585454525844,-0.11275487475693348,-0.9152153807334802,-4.927107072501627,1.0309581740645324,-0.32765904803626494
ring,1000,891,33025,33026,891,m12-1-29,2026-08-05T00:29:46,700,0.3564867080273706,-0.07459202330660394,0.06769421435755578,0.572437080991836,-0.19393577204237228,5.308532086320468,-0.19393577204237428,-0.3138321615663647,-1.1107683405583488,-4.285098612561567,0.8966229830783682,-0.25860491942547204
ring,1000,891,33025,33026,891,m12-1-29,2026-08-05T00:29:46,701,0.36915033711982614,-0.07724178750577312,0.39312906637896033,-0.16998776212740474,-0.04558904420477092,5.605646585993893,-0.045589044204773124,-0.378325642503011,-1.1729371989907071,-4.429410241884533,0.9268190497913125,0.5483134046304158
ring,1000,891,33025,33026,891,m12-1-29,2026-08-05T00:29:46,702,0.1568616970382134,-0.032822069092375464,0.63836078994683,-0.3033167674693485,0.027536312162373285,5.017371641870823,0.027536312162372404,-0.177478268125036,-1.0498453210760057,-5.351565174898502,1.1197726738865952,0.4807950355943848
ring,1000,891,33025,33026,891,m12-1-29,2026-08-05T00:29:46,703,-1.8908634118912967e-17,4.0962513329217964e-18,0.23297415369232907,4.421480220931926e-17,-2.100302896011763e-17,6.1154034464203555,8.508583598023376e-17,-2.14299335655338e-17,-1.6907279518210325,-5.784047125528609,1.5991177418565239,-1.877702637473333e-17
ring,1000,891,33025,33026,891,m12-1-29,2026-08-05T00:29:46,704,-0.15446417941982885,0.04270477131857439,0.6383607899468299,0.2993246810101827,-0.03527987957009496,4.940684744199185,-0.03527987957008947,0.1814703545842007,-1.3659530186913535,-5.269770370717425,1.4569354489057527,-0.48079503559438397
ring,1000,891,33025,33026,891,m12-1-29,2026-08-05T00:29:46,705,-0.3635081411357949,0.10049923612031592,0.39312906637896006,0.17659704971040066,0.05840927353582944,5.519968331161014,0.05840927353584289,0.3717163549200157,-1.5261077756241537,-4.361709909078717,1.205883622499311,-0.5483134046304171
ring,1000,891,33025,33026,891,m12-1-29,2026-08-05T00:29:46,706,-0.35103806645741986,0.09705162975963245,0.06769421435755581,-0.5443211748039234,0.248473021428683,5.22739501178268,0.2484730214286965,0.28571625537845297,-1.4452199170610973,-4.219603978663597,1.1665955410542506,0.25860491942547087
ring,1000,891,33025,33026,891,m12-1-29,2026-08-05T00:29:46,707,-0.14197036810717217,0.039250602481447135,-0.1486775701964875,-0.422865257815154,0.15508551565054085,4.307101797255149,0.15508551565054624,0.09520620977888918,-1.1907860967407462,-4.851799803505854,1.3413789648218204,0.32765904803626456
ring,1000,891,33025,33026,891,m12-1-29,2026-08-05T00:29:46,708,0.14197036810717212,-0.03925060248144712,-0.14867757019648759,0.42286525781515377,-0.15508551565054077,4.307101797255151,-0.15508551565054618,-0.09520620977888919,-1.1907860967407462,-4.8517998035058545,1.3413789648218204,-0.3276590480362645
ring,1000,891,33025,33026,891,m12-1-29,2026-08-05T00:29:46,709,0.3510380664574197,-0.0970516297596324,0.06769421435755517,0.5443211748039246,-0.24847302142868333,5.227395011782679,-0.24847302142869673,-0.28571625537845285,-1.4452199170610969,-4.219603978663597,1.1665955410542501,-0.2586049194254724
ring,1000,891,33025,33026,891,m12-1-29,2026-08-05T00:29:46,710,0.3635081411357949,-0.10049923612031586,0.39312906637896006,-0.1765970497104006,-0.0584092735358294,5.519968331161013,-0.058409273535842465,-0.3717163549200156,-1.5261077756241537,-4.361709909078717,1.2058836224993115,0.548313404630417
ring,1000,891,33025,33026,891,m12-1-29,2026-08-05T00:29:46,711,0.15446417941982907,-0.042704771318574454,0.6383607899468299,-0.2993246810101831,0.035279879570095006,4.940684744199186,0.035279879570089996,-0.18147035458420105,-1.365953018691353,-5.269770370717422,1.4569354489057518,0.48079503559438486
ring,1000,891,33025,33026,891,m12-1-29,2026-08-05T00:29:46,712,-1.2631114128133737e-17,5.2075585597194385e-18,0.23297415369232902,5.768693535078179e-16,-1.9011823907712222e-16,5.9958585670003455,-4.641941721278539e-17,4.1565600787663026e-17,-2.075186826309229,-5.670979652182152,1.9627451406619172,-6.042428113851167e-16
ring,1000,891,33025,33026,891,m12-1-29,2026-08-05T00:29:46,713,-0.15144468906809003,0.05241551650305613,0.6383607899468287,0.29438443443621864,-0.0424557805089191,4.844103452846562,-0.04245578050891262,0.18641060115816402,-1.6765605056050272,-5.16675606118609,1.7882316590884477,-0.48079503559438264
ring,1000,891,33025,33026,891,m12-1-29,2026-08-05T00:29:46,714,-0.35640222616534295,0.12335200978158037,0.39312906637895995,0.18477610862412963,0.0702896757908626,5.4120631120969875,0.07028967579087984,0.3635372960062852,-1.8731332548753843,-4.276446509907389,1.4800925274686112,-0.5483134046304147
ring,1000,891,33025,33026,891,m12-1-29,2026-08-05T00:29:46,715,-0.3441759184905423,0.11912044355338612,0.0676942143575562,-0.5095274621327501,0.2990122468872097,5.125209062508952,0.2990122468872269,0.2509225427072809,-1.7738521030392023,-4.137118488826487,1.431870630528926,0.2586049194254695
ring,1000,891,33025,33026,891,m12-1-29,2026-08-05T00:29:46,716,-0.1391951087665114,0.04817589554042047,-0.14867757019648573,-0.40114861091329074,0.1866297927545408,4.222905886140907,0.18662979275454827,0.07348956287702768,-1.4615619374169706,-4.756956049113876,1.6463984959191122,0.3276590480362634
ring,1000,891,33025,33026,891,m12-1-29,2026-08-05T00:29:46,717,0.1391951087665113,-0.04817589554042046,-0.14867757019648573,0.40114861091329035,-0.1866297927545407,4.222905886140909,-0.18662979275454816,-0.07348956287702767,-1.4615619374169708,-4.756956049113876,1.6463984959191125,-0.327659048036263
ring,1000,891,33025,33026,891,m12-1-29,2026-08-05T00:29:46,718,0.34417591849054213,-0.11912044355338604,0.06769421435755571,0.5095274621327511,-0.29901224688720995,5.12520906250895,-0.2990122468872275,-0.25092254270728065,-1.7738521030392016,-4.137118488826487,1.431870630528926,-0.25860491942547065
ring,1000,891,33025,33026,891,m12-1-29,2026-08-05T00:29:46,719,0.35640222616534273,-0.12335200978158035,0.39312906637895983,-0.1847761086241296,-0.07028967579086258,5.412063112096988,-0.07028967579087986,-0.3635372960062852,-1.8731332548753847,-4.276446509907389,1.480092527468612,0.5483134046304146
ring,1000,891,33025,33026,891,m12-1-29,2026-08-05T00:29:46,720,0.15144468906809022,-0.0524155165030562,0.6383607899468285,-0.2943844344362187,0.04245578050891914,4.844103452846561,0.042455780508912556,-0.18641060115816427,-1.676560505605027,-5.16675606118609,1.7882316590884473,0.4807950355943831
ring,1000,891,33025,33026,891,m12-1-29,2026-08-05T00:29:46,721,2.3251424979044968e-17,-1.0775953154969209e-17,0.2329741536923296,-2.7238821990332746e-16,1.3566757309582678e-16,5.8521704813319415,2.1595962611107482e-16,-9.055798645685176e-17,-2.4512896558721406,-5.535077145313277,2.318469257524549,3.651559035613289e-16
ring,1000,891,33025,33026,891,m12-1-29,2026-08-05T00:29:46,722,-0.14781538440493333,0.061915202902310215,0.638360789946828,0.2885755181641556,-0.04894855204652561,4.728016666585449,-0.0489485520465204,0.19221951743022625,-1.9804170750942078,-5.042937048570698,2.11232729152522,-0.48079503559438186
ring,1000,891,33025,33026,891,m12-1-29,2026-08-05T00:29:46,723,-0.3478612052200673,0.1457080884357786,0.39312906637896006,0.19439333474893553,0.08103909085029622,5.282365425034487,0.08103909085030733,0.3539200698814791,-2.212616287619949,-4.173963369985798,1.7483416222192383,-0.5483134046304141
ring,1000,891,33025,33026,891,m12-1-29,2026-08-05T00:29:46,724,-0.33592789557464897,0.14070960136376906,0.06769421435755724,-0.46861578683981714,0.34474025336155395,5.002385705251092,0.3447402533615651,0.21001086741435038,-2.09534161266843,-4.037974283005053,1.6913800823442873,0.25860491942546693
ring,1000,891,33025,33026,891,m12-1-29,2026-08-05T00:29:46,725,-0.13585935985089398,0.05690720127143498,-0.1486775701964844,-0.3756134110656351,0.21517112663042126,4.121705823471485,0.21517112663042604,0.04795436302937414,-1.726452584020418,-4.642957711650107,1.944788561359434,0.32765904803626095
ring,1000,891,33025,33026,891,m12-1-29,2026-08-05T00:29:46,726,0.1358593598508939,-0.05690720127143496,-0.14867757019648442,0.3756134110656348,-0.21517112663042104,4.121705823471485,-0.21517112663042567,-0.047954363029374204,-1.7264525840204172,-4.642957711650108,1.944788561359435,-0.32765904803626045
ring,1000,891,33025,33026,891,m12-1-29,2026-08-05T00:29:46,727,0.33592789557464897,-0.140709601363769,0.06769421435755657,0.4686157868398179,-0.34474025336155406,5.002385705251089,-0.3447402533615655,-0.21001086741435013,-2.095341612668429,-4.037974283005053,1.6913800823442875,-0.25860491942546787
ring,1000,891,33025,33026,891,m12-1-29,2026-08-05T00:29:46,728,0.3478612052200673,-0.14570808843577862,0.39312906637896006,-0.1943933347489349,-0.0810390908502963,5.282365425034485,-0.08103909085030749,-0.35392006988147884,-2.212616287619949,-4.1739633699858,1.7483416222192383,0.5483134046304133
ring,1000,891,33025,33026,891,m12-1-29,2026-08-05T00:29:46,729,0.14781538440493353,-0.061915202902310305,0.6383607899468278,-0.28857551816415566,0.04894855204652558,4.7280166665854475,0.04894855204652055,-0.19221951743022653,-1.980417075094208,-5.042937048570698,2.11232729152522,0.4807950355943824
ring,1000,891,33025,33026,891,m12-1-29,2026-08-05T00:29:46,730,1.2990944312039204e-17,-9.198777807181702e-18,0.23297415369232957,1.2065984333637508e-18,4.330032426363983e-18,5.684917770622315,-1.341890770863944e-17,9.117462644245289e-18,-2.8175220071582667,-5.376886836351221,2.664857716976397,4.9568368073321656e-18
ring,1000,891,33025,33026,891,m12-1-29,2026-08-05T00:29:46,731,-0.14359087935929726,0.07116557863206159,0.6383607899468267,0.28199139983130994,-0.054653723058379296,4.592891825932026,-0.05465372305837874,0.19880363576306995,-2.2762992039978482,-4.898811908333938,2.4279173274917762,-0.4807950355943803
ring,1000,891,33025,33026,891,m12-1-29,2026-08-05T00:29:46,732,-0.3379194699768164,0.16747745204460715,0.39312906637895956,0.20529398331637289,0.09048455660190481,5.131397516783338,0.09048455660190624,0.3430194213140408,-2.5431898955033883,-4.054673152747653,2.0095507623234616,-0.5483134046304134
ring,1000,891,33025,33026,891,m12-1-29,2026-08-05T00:29:46,733,-0.326327209586935,0.16173217127203704,0.06769421435755707,-0.42224443309540216,0.3849212601097927,4.859419506319054,0.38492126010979294,0.16363951366993573,-2.408393921161198,-3.9225705799238337,1.9440789435301047,0.2586049194254667
ring,1000,891,33025,33026,891,m12-1-29,2026-08-05T00:29:46,734,-0.1319765532438718,0.06540936178797133,-0.14867757019648387,-0.34667052919654356,0.24025027653200046,4.00390910618133,0.24025027653200096,0.019011481160283897,-1.9843914154086943,-4.510263822184526,2.23534764966416,0.32765904803625945
ring,1000,891,33025,33026,891,m12-1-29,2026-08-05T00:29:46,735,0.13197655324387184,-0.06540936178797131,-0.1486775701964838,0.3466705291965437,-0.2402502765320004,4.00390910618133,-0.24025027653200076,-0.01901148116028396,-1.9843914154086946,-4.510263822184527,2.235347649664161,-0.32765904803625945
ring,1000,891,33025,33026,891,m12-1-29,2026-08-05T00:29:46,736,0.3263272095869349,-0.16173217127203696,0.0676942143575571,0.4222444330954018,-0.3849212601097926,4.859419506319053,-0.38492126010979333,-0.16363951366993587,-2.408393921161199,-3.922570579923834,1.9440789435301051,-0.2586049194254664
ring,1000,891,33025,33026,891,m12-1-29,2026-08-05T00:29:46,737,0.3379194699768164,-0.1674774520446071,0.3931290663789594,-0.20529398331637305,-0.09048455660190485,5.1313975167833386,-0.09048455660190576,-0.34301942131404106,-2.5431898955033887,-4.054673152747653,2.009550762323462,0.5483134046304133
ring,1000,891,33025,33026,891,m12-1-29,2026-08-05T00:29:46,738,0.14359087935929749,-0.07116557863206169,0.6383607899468269,-0.28199139983131116,0.05465372305837964,4.592891825932023,0.054653723058378886,-0.1988036357630704,-2.2762992039978474,-4.898811908333939,2.4279173274917754,0.48079503559438197
ring,1000,891,33025,33026,891,m12-1-29,2026-08-05T00:29:46,739,5.085374057078006e-19,-5.773376568485311e-18,0.23297415369232954,2.480747744271032e-16,-1.0734956760322101e-16,5.494773902506732,1.5401441261247333e-16,-5.570088661144279e-17,-3.17240919174838,-5.197045701837906,3.000515734946897,-1.8181731619403008e-16
ring,1000,891,33025,33026,891,m12-1-29,2026-08-05T00:29:46,740,-0.13878818452198793,0.08012939569410903,0.6383607899468274,0.2747380203663503,-0.059479495207236874,4.439273030928141,-0.05947949520724014,0.2060570152280305,-2.563015479412599,-4.734960981547474,2.733730997298803,-0.4807950355943814
ring,1000,891,33025,33026,891,m12-1-29,2026-08-05T00:29:46,741,-0.3266170522945405,0.18857244306417506,0.39312906637895917,0.2173026588104629,0.09847409196594328,4.9597672818269025,0.09847409196593586,0.3310107458199506,-2.863522975280655,-3.919056197795021,2.2626681507662254,-0.5483134046304133
ring,1000,891,33025,33026,891,m12-1-29,2026-08-05T00:29:46,742,-0.3154125191013706,0.18210350280895407,0.067694214357557,-0.3711595333398298,0.41890873969205245,4.696886140136919,0.41890873969204484,0.11255461391436264,-2.711748477361072,-3.7913720695641167,2.188949684960868,0.2586049194254674
ring,1000,891,33025,33026,891,m12-1-29,2026-08-05T00:29:46,743,-0.127562323637239,0.07364814189041408,-0.14867757019648437,-0.3147856671097236,0.26146370954927434,3.869990060075363,0.261463709549271,-0.012873380926537685,-2.234339802945692,-4.359408692176526,2.516905781935712,0.32765904803626145
ring,1000,891,33025,33026,891,m12-1-29,2026-08-05T00:29:46,744,0.1275623236372389,-0.07364814189041406,-0.14867757019648445,0.31478566710972283,-0.26146370954927367,3.8699900600753634,-0.26146370954927045,0.012873380926537384,-2.234339802945693,-4.359408692176525,2.516905781935713,-0.32765904803626034
ring,1000,891,33025,33026,891,m12-1-29,2026-08-05T00:29:46,745,0.31541251910137064,-0.18210350280895404,0.06769421435755654,0.3711595333398302,-0.4189087396920526,4.696886140136918,-0.41890873969204484,-0.11255461391436253,-2.7117484773610707,-3.7913720695641167,2.188949684960868,-0.25860491942546776
ring,1000,891,33025,33026,891,m12-1-29,2026-08-05T00:29:46,746,0.32661705229454047,-0.188572443064175,0.39312906637895917,-0.2173026588104627,-0.09847409196594338,4.959767281826902,-0.09847409196593622,-0.33101074581995027,-2.863522975280655,-3.919056197795021,2.2626681507662254,0.5483134046304129
ring,1000,891,33025,33026,891,m12-1-29,2026-08-05T00:29:46,747,0.13878818452198802,-0.08012939569410911,0.6383607899468274,-0.2747380203663507,0.05947949520723688,4.439273030928142,0.05947949520724013,-0.2060570152280307,-2.5630154794125968,-4.7349609815474745,2.733730997298802,0.4807950355943819
ring,1000,891,33025,33026,891,m12-1-29,2026-08-05T00:29:46,748,-1.7899923757851502e-17,1.3759203195198855e-17,0.23297415369232913,-5.657756571185099e-18,-4.431676380034499e-18,5.282504519231946,2.309268041681767e-16,-1.3570823067729498e-16,-3.5145222042054076,-4.996277898548185,3.3240917350661148,1.5449880957918438e-16
ring,1000,891,33025,33026,891,m12-1-29,2026-08-05T00:29:46,749,-0.1334266386500334,0.08877055996086754,0.6383607899468284,0.2669320893600853,-0.06334822001275082,4.267778850242453,-0.06334822001275536,0.21386294623429694,-2.839411396092106,-4.552044038063278,3.0285368972330406,-0.48079503559438214
ring,1000,891,33025,33026,891,m12-1-29,2026-08-05T00:29:46,750,-0.31399946302012827,0.20890811941099277,0.39312906637895983,0.23022613714719953,0.10487914232761371,4.768165814545501,0.10487914232760243,0.3180872674832151,-3.172325658699074,-3.767658586740334,2.5066745731604843,-0.5483134046304144
ring,1000,891,33025,33026,891,m12-1-29,2026-08-05T00:29:46,751,-0.303227773724268,0.2017415678123567,0.06769421435755595,-0.31618306273320335,0.44615582083903677,4.515440071205146,0.4461558208390255,0.057578143307733864,-3.004183779537349,-3.644907042021407,2.4250062985864576,0.25860491942546954
ring,1000,891,33025,33026,891,m12-1-29,2026-08-05T00:29:46,752,-0.12263444557564633,0.08159036691911715,-0.1486775701964855,-0.2804718641718752,0.2784700936039908,3.720487929886351,0.27847009360398634,-0.0471871838643871,-2.4752912926925457,-4.190999761991273,2.788329222949626,0.327659048036262
ring,1000,891,33025,33026,891,m12-1-29,2026-08-05T00:29:46,753,0.12263444557564633,-0.08159036691911715,-0.14867757019648548,0.280471864171875,-0.2784700936039908,3.72048792988635,-0.27847009360398634,0.047187183864387104,-2.4752912926925457,-4.190999761991275,2.788329222949627,-0.32765904803626195
ring,1000,891,33025,33026,891,m12-1-29,2026-08-05T00:29:46,754,0.303227773724268,-0.20174156781235672,0.06769421435755604,0.31618306273320346,-0.44615582083903677,4.515440071205147,-0.4461558208390256,-0.05757814330773375,-3.00418377953735,-3.6449070420214067,2.4250062985864576,-0.25860491942546976
ring,1000,891,33025,33026,891,m12-1-29,2026-08-05T00:29:46,755,0.31399946302012816,-0.2089081194109928,0.3931290663789598,-0.23022613714719953,-0.1048791423276135,4.768165814545502,-0.10487914232760263,-0.31808726748321503,-3.172325658699074,-3.767658586740333,2.506674573160484,0.5483134046304147
ring,1000,891,33025,33026,891,m12-1-29,2026-08-05T00:29:46,756,0.13342663865003357,-0.08877055996086763,0.6383607899468277,-0.2669320893600852,0.0633482200127508,4.267778850242455,0.06334822001275507,-0.21386294623429697,-2.8394113960921072,-4.552044038063278,3.028536897233039,0.4807950355943824
ring,1000,891,33025,33026,891,m12-1-29,2026-08-05T00:29:46,757,1.640300478181634e-17,-1.6733982905955957e-17,0.23297415369232957,-1.366929064784781e-16,1.210782776123187e-16,5.048964354685256,-1.5990944428800804e-16,1.0598753862403609e-16,-3.842483476174806,-4.775391847566142,3.6342827909856883,6.139294801699169e-17
ring,1000,891,33025,33026,891,m12-1-29,2026-08-05T00:29:46,758,-0.12752783079633553,0.09705427651367989,0.6383607899468287,0.25869920716446376,-0.0661976482445887,4.079099830412773,-0.06619764824459194,0.22209582842991882,-3.1043740052321205,-4.3507976198533695,3.3111479479853476,-0.4807950355943832
ring,1000,891,33025,33026,891,m12-1-29,2026-08-05T00:29:46,759,-0.30011750873228793,0.22840259649376235,0.3931290663789603,0.24385647472238992,0.10959664802893967,4.557364626423329,0.10959664802893146,0.3044569299080255,-3.4683545063424854,-3.601089944328448,2.7405875017637964,-0.5483134046304152
ring,1000,891,33025,33026,891,m12-1-29,2026-08-05T00:29:46,760,-0.2898220371247305,0.22056729072560902,0.06769421435755611,-0.2581996132673839,0.4662240878154578,4.315811918803054,0.46622408781544944,-0.0004053061580863845,-3.284522293941374,-3.483765260267694,2.651298267738496,0.25860491942547054
ring,1000,891,33025,33026,891,m12-1-29,2026-08-05T00:29:46,761,-0.11721276188478404,0.0892040563370488,-0.14867757019648592,-0.24428124231724285,0.2909957896105672,3.55600470792671,0.29099578961056377,-0.08337780571902047,-2.7062756580423586,-4.005715154951716,3.04852504630615,0.3276590480362635
ring,1000,891,33025,33026,891,m12-1-29,2026-08-05T00:29:46,762,0.11721276188478398,-0.08920405633704878,-0.1486775701964859,0.24428124231724285,-0.29099578961056716,3.5560047079267103,-0.2909957896105637,0.0833778057190205,-2.7062756580423573,-4.005715154951716,3.04852504630615,-0.32765904803626333
ring,1000,891,33025,33026,891,m12-1-29,2026-08-05T00:29:46,763,0.28982203712473054,-0.22056729072560896,0.06769421435755606,0.25819961326738367,-0.46622408781545754,4.315811918803055,-0.4662240878154492,0.0004053061580859511,-3.284522293941374,-3.483765260267695,2.6512982677384964,-0.25860491942547004
ring,1000,891,33025,33026,891,m12-1-29,2026-08-05T00:29:46,764,0.3001175087322879,-0.2284025964937622,0.3931290663789603,-0.24385647472238953,-0.10959664802893987,4.55736462642333,-0.10959664802893174,-0.30445692990802525,-3.4683545063424854,-3.601089944328449,2.7405875017637964,0.5483134046304146
ring,1000,891,33025,33026,891,m12-1-29,2026-08-05T00:29:46,765,0.12752783079633565,-0.09705427651368001,0.6383607899468289,-0.2586992071644643,0.06619764824458879,4.0790998304127735,0.06619764824459207,-0.22209582842991907,-3.10437400523212,-4.350797619853368,3.3111479479853454,0.48079503559438397
ring,1000,891,33025,33026,891,m12-1-29,2026-08-05T00:29:46,766,3.978937269727076e-19,-2.439454888092385e-19,0.23297415369232863,-1.6398557858843255e-18,-1.8431436932253575e-17,4.795093792682772,4.665563352595093e-17,-4.851127095514829e-17,-4.154972423366253,-4.5352769790587555,3.9298398728034334,4.451327544410799e-17
ring,1000,891,33025,33026,891,m12-1-29,2026-08-05T00:29:46,767,-0.12111551337817411,0.10494718974967368,0.6383607899468277,0.25017184393589803,-0.06798193153584793,3.8739957152589084,-0.06798193153584911,0.2306231916584846,-3.356836395922544,-4.132032075215232,3.580426174600163,-0.4807950355943826
ring,1000,891,33025,33026,891,m12-1-29,2026-08-05T00:29:46,768,-0.2850270871613868,0.24697737693372418,0.3931290663789604,0.2579743543020894,0.11255070263724457,4.328212539444003,0.11255070263724364,0.29033905032832585,-3.7504175145229763,-3.4200209836930227,2.963465051770798,-0.5483134046304152
ring,1000,891,33025,33026,891,m12-1-29,2026-08-05T00:29:46,769,-0.27524928947257365,0.23850486700695966,0.06769421435755567,-0.19814216034971363,0.47879063469334426,4.098805515042881,0.4787906346933438,-0.06046275907575816,-3.551635196319378,-3.3085955853841336,2.8669143945255673,0.25860491942547187
ring,1000,891,33025,33026,891,m12-1-29,2026-08-05T00:29:46,770,-0.11131910377132533,0.09645855250412684,-0.14867757019648647,-0.2067961221990079,0.29883925443140735,3.3772027100779676,0.2988392544314076,-0.1208629258372559,-2.9263628064803697,-3.8043009467753808,3.296445535259124,0.3276590480362635
ring,1000,891,33025,33026,891,m12-1-29,2026-08-05T00:29:46,771,0.11131910377132528,-0.09645855250412684,-0.14867757019648647,0.20679612219900786,-0.29883925443140713,3.377202710077968,-0.29883925443140724,0.12086292583725575,-2.9263628064803693,-3.8043009467753803,3.2964455352591253,-0.32765904803626344
ring,1000,891,33025,33026,891,m12-1-29,2026-08-05T00:29:46,772,0.27524928947257365,-0.23850486700695972,0.06769421435755557,0.19814216034971355,-0.47879063469334415,4.09880551504288,-0.4787906346933432,0.060462759075758495,-3.5516351963193773,-3.3085955853841336,2.8669143945255673,-0.258604919425472
ring,1000,891,33025,33026,891,m12-1-29,2026-08-05T00:29:46,773,0.28502708716138664,-0.24697737693372424,0.3931290663789603,-0.25797435430208954,-0.11255070263724472,4.328212539444004,-0.11255070263724352,-0.29033905032832585,-3.750417514522977,-3.4200209836930227,2.963465051770799,0.548313404630415
ring,1000,891,33025,33026,891,m12-1-29,2026-08-05T00:29:46,774,0.12111551337817429,-0.10494718974967379,0.6383607899468278,-0.25017184393589803,0.067981931535848,3.873995715258908,0.06798193153584874,-0.2306231916584847,-3.356836395922544,-4.132032075215231,3.580426174600164,0.48079503559438275
ring,1000,891,33025,33026,891,m12-1-29,2026-08-05T00:29:46,775,3.727156726155735e-17,-2.6169929938368863e-17,0.23297415369232902,-1.191267137018448e-16,1.2205405956755566e-16,4.521915080375635,5.456120378091213e-17,-9.161508357502512e-18,-4.450730763080421,-4.276900150854463,4.209572876465881,1.2465614478152087e-16
ring,1000,891,33025,33026,891,m12-1-29,2026-08-05T00:29:46,776,-0.11421550653460472,0.11241751769300168,0.6383607899468285,0.24148720814085448,-0.06867236010044722,3.653292386662349,-0.068672360100447,0.23930782745352844,-3.5957819912210565,-3.896628295785188,3.835287288698956,-0.4807950355943829
ring,1000,891,33025,33026,891,m12-1-29,2026-08-05T00:29:46,777,-0.26878896210902137,0.26455766664589897,0.3931290663789602,0.27235261391899074,0.11369377430806783,4.081632268183988,0.11369377430806885,0.2759607907114247,-4.017378915058962,-3.225180805631373,3.1744097739508303,-0.5483134046304156
ring,1000,891,33025,33026,891,m12-1-29,2026-08-05T00:29:46,778,-0.2595682100792333,0.2554820683676789,0.0676942143575564,-0.13697705087945358,0.4836532610292905,3.865294668121504,0.4836532610292918,-0.1216278685460158,-3.8044469172893054,-3.1201033638264364,3.070986468905444,0.2586049194254696
ring,1000,891,33025,33026,891,m12-1-29,2026-08-05T00:29:46,779,-0.10497720291636374,0.10332464412471543,-0.14867757019648561,-0.16861965343199758,0.30187428378143516,3.1848019088783968,0.3018742837814359,-0.1590393946042653,-3.1346665247381957,-3.5875681613907044,3.531092401501508,0.32765904803626267
ring,1000,891,33025,33026,891,m12-1-29,2026-08-05T00:29:46,780,0.10497720291636374,-0.1033246441247154,-0.14867757019648556,0.16861965343199742,-0.30187428378143516,3.1848019088783968,-0.301874283781436,0.15903939460426525,-3.134666524738196,-3.587568161390704,3.5310924015015077,-0.32765904803626256
ring,1000,891,33025,33026,891,m12-1-29,2026-08-05T00:29:46,781,0.25956821007923325,-0.2554820683676788,0.06769421435755643,0.13697705087945328,-0.48365326102929024,3.865294668121504,-0.48365326102929196,0.12162786854601582,-3.804446917289306,-3.1201033638264377,3.0709864689054425,-0.258604919425469
ring,1000,891,33025,33026,891,m12-1-29,2026-08-05T00:29:46,782,0.2687889621090213,-0.264557666645899,0.3931290663789603,-0.2723526139189907,-0.11369377430806785,4.081632268183988,-0.1136937743080686,-0.2759607907114249,-4.017378915058961,-3.225180805631374,3.1744097739508303,0.5483134046304154
ring,1000,891,33025,33026,891,m12-1-29,2026-08-05T00:29:46,783,0.11421550653460491,-0.11241751769300179,0.6383607899468285,-0.24148720814085514,0.06867236010044742,3.653292386662349,0.0686723601004472,-0.2393078274535289,-3.595781991221057,-3.8966282957851868,3.835287288698957,0.4807950355943839
ring,1000,891,33025,33026,891,m12-1-29,2026-08-05T00:29:46,784,-2.527122798133205e-18,-1.429791614965259e-18,0.23297415369232966,-1.8815142857359773e-16,2.0721814021629203e-16,4.230528212021563,2.529240380501341e-18,1.6805133673525319e-18,-4.72856758086934,-4.001301755247933,4.472355415897297,1.8039768897443187e-16
ring,1000,891,33025,33026,891,m12-1-29,2026-08-05T00:29:46,785,-0.10685559415787196,0.11943517996964216,0.6383607899468291,0.23278503882026771,-0.06825782468432721,3.4178785390314745,-0.0682578246843282,0.24800999677411578,-3.8202486415497487,-3.6455341694986827,4.074705054526894,-0.4807950355943832
ring,1000,891,33025,33026,891,m12-1-29,2026-08-05T00:29:46,786,-0.2514685187736326,0.2810726760084708,0.39312906637896017,0.2867599019935242,0.11300747059033002,3.8186167043666703,0.11300747059032715,0.2615535026368916,-4.268163748612842,-3.0173539627729036,3.3725722683592987,-0.5483134046304156
ring,1000,891,33025,33026,891,m12-1-29,2026-08-05T00:29:46,787,-0.24284194111688592,0.27143053360988545,0.06769421435755632,-0.07568845436443206,0.48073372534528735,3.616219643803259,0.48073372534528414,-0.1829164650610367,-4.041939473279132,-2.919047587243642,3.262692764660562,0.25860491942546876
ring,1000,891,33025,33026,891,m12-1-29,2026-08-05T00:29:46,788,-0.09821259591630757,0.10977468387120293,-0.14867757019648636,-0.1303661096895909,0.300052042902283,2.979577034447744,0.30005204290228116,-0.19729293834667197,-3.3303480472619063,-3.3563895052299224,3.7515208049200934,0.3276590480362629
ring,1000,891,33025,33026,891,m12-1-29,2026-08-05T00:29:46,789,0.09821259591630759,-0.10977468387120291,-0.1486775701964863,0.13036610968959073,-0.30005204290228266,2.979577034447745,-0.3000520429022809,0.1972929383466718,-3.3303480472619076,-3.356389505229922,3.751520804920092,-0.3276590480362625
ring,1000,891,33025,33026,891,m12-1-29,2026-08-05T00:29:46,790,0.24284194111688592,-0.2714305336098855,0.06769421435755574,0.07568845436443253,-0.4807337253452877,3.616219643803258,-0.4807337253452848,0.1829164650610374,-4.041939473279131,-2.9190475872436408,3.2626927646605615,-0.2586049194254702
ring,1000,891,33025,33026,891,m12-1-29,2026-08-05T00:29:46,791,0.2514685187736325,-0.28107267600847075,0.39312906637896067,-0.2867599019935245,-0.11300747059032941,3.8186167043666694,-0.11300747059032641,-0.26155350263689253,-4.268163748612844,-3.0173539627729045,3.372572268359299,0.5483134046304169
ring,1000,891,33025,33026,891,m12-1-29,2026-08-05T00:29:46,792,0.10685559415787209,-0.11943517996964241,0.6383607899468287,-0.2327850388202675,0.06825782468432696,3.417878539031476,0.06825782468432838,-0.24800999677411628,-3.8202486415497487,-3.645534169498684,4.074705054526893,0.48079503559438375
ring,1000,891,33025,33026,891,m12-1-29,2026-08-05T00:29:46,793,7.979050363135509e-19,-6.5865281978494394e-18,0.23297415369232946,1.3228113537270408e-16,-9.69276742202041e-17,3.9221064996962154,2.150858057468636e-16,-2.4074709240040626e-16,-4.987364125928603,-3.7095915297074917,4.717129358558912,1.3049728398578653e-16
ring,1000,891,33025,33026,891,m12-1-29,2026-08-05T00:29:46,794,-0.0990654120174804,0.12597191893044876,0.6383607899468292,0.2242053571360607,-0.06674499531751106,3.168702100842817,-0.06674499531751338,0.2565896784583225,-4.0293324989319075,-3.379760763780135,4.297715421242047,-0.4807950355943837
ring,1000,891,33025,33026,891,m12-1-29,2026-08-05T00:29:46,795,-0.23313550046738662,0.2964559049076084,0.3931290663789605,0.30096439986737367,0.11050283436775526,3.5402249188377968,0.1105028343677489,0.24734900476304256,-4.501762193172897,-2.7973773004625904,3.557154604571477,-0.5483134046304163
ring,1000,891,33025,33026,891,m12-1-29,2026-08-05T00:29:46,796,-0.22513783336720844,0.28628604389296314,0.06769421435755585,-0.015262527265237632,0.47007900406337866,3.3525833793015645,0.47007900406337144,-0.24334239216023337,-4.263156565587447,-2.706237836286639,3.441261348199501,0.25860491942547087
ring,1000,891,33025,33026,891,m12-1-29,2026-08-05T00:29:46,797,-0.0910525214560193,0.11578269971003292,-0.14867757019648667,-0.09265100481036583,0.2934018523318267,2.7623544549224905,0.29340185233182364,-0.23500804322589777,-3.512619433624917,-3.1116958531483117,3.9568431581331858,0.32765904803626394
ring,1000,891,33025,33026,891,m12-1-29,2026-08-05T00:29:46,798,0.09105252145601929,-0.11578269971003294,-0.1486775701964867,0.09265100481036563,-0.2934018523318262,2.7623544549224905,-0.2934018523318234,0.23500804322589766,-3.512619433624917,-3.1116958531483108,3.956843158133187,-0.3276590480362635
ring,1000,891,33025,33026,891,m12-1-29,2026-08-05T00:29:46,799,0.22513783336720844,-0.28628604389296286,0.0676942143575554,0.015262527265237765,-0.4700790040633787,3.352583379301564,-0.47007900406337205,0.24334239216023357,-4.263156565587446,-2.706237836286638,3.4412613481995,-0.2586049194254716
ring,1000,891,33025,33026,891,m12-1-29,2026-08-05T00:29:46,800,0.23313550046738662,-0.2964559049076083,0.39312906637896033,-0.3009643998673735,-0.11050283436775557,3.5402249188377963,-0.11050283436774914,-0.24734900476304222,-4.5017621931728975,-2.797377300462592,3.557154604571478,0.5483134046304158
ring,1000,891,33025,33026,891,m12-1-29,2026-08-05T00:29:46,801,0.09906541201748051,-0.125971918930449,0.6383607899468293,-0.2242053571360611,0.0667449953175111,3.168702100842817,0.06674499531751339,-0.25658967845832287,-4.029332498931905,-3.379760763780135,4.297715421242046,0.48079503559438413
ring,1000,891,33025,33026,891,m12-1-29,2026-08-05T00:29:46,802,1.0978817545836614e-17,-7.765598060427426e-18,0.23297415369232935,-2.7803009460675154e-17,6.548581121812447e-17,3.597891848779702,1.9339498603357548e-16,-2.4984083812212843e-16,-5.226078315911817,-3.4029440883541997,4.942909086175012,2.8980724070537534e-16
ring,1000,891,33025,33026,891,m12-1-29,2026-08-05T00:29:46,803,-0.09087632842741557,0.1320014134347252,0.638360789946829,0.21588621337824226,-0.06415821399082254,2.906766417667783,-0.06415821399082343,0.26490882221614126,-4.222191656468657,-3.100378254331407,4.5034204048077235,-0.48079503559438347
ring,1000,891,33025,33026,891,m12-1-29,2026-08-05T00:29:46,804,-0.21386372778448332,0.3106454105099451,0.39312906637896017,0.31473755185245933,0.10622016617474472,3.247577897061145,0.10622016617474145,0.2335758527779573,-4.717233630249945,-2.5661365870802557,3.727413534666598,-0.5483134046304161
ring,1000,891,33025,33026,891,m12-1-29,2026-08-05T00:29:46,805,-0.20652717502355944,0.2999887813201569,0.06769421435755588,0.04332845463134427,0.45186053563746,3.075447444804901,0.45186053563745643,-0.30193337405681575,-4.467207431060672,-2.482531020712742,3.6059731868609823,0.25860491942547137
ring,1000,891,33025,33026,891,m12-1-29,2026-08-05T00:29:46,806,-0.08352581062824892,0.12132449948191204,-0.14867757019648692,-0.05608118895005192,0.282030716125768,2.534008848963111,0.2820307161257665,-0.271577859086212,-3.680746741285847,-2.854472500119788,4.146232700491606,0.3276590480362636
ring,1000,891,33025,33026,891,m12-1-29,2026-08-05T00:29:46,807,0.08352581062824889,-0.121324499481912,-0.14867757019648692,0.056081188950051854,-0.28203071612576786,2.5340088489631105,-0.2820307161257665,0.27157785908621185,-3.680746741285848,-2.854472500119788,4.146232700491606,-0.3276590480362636
ring,1000,891,33025,33026,891,m12-1-29,2026-08-05T00:29:46,808,0.20652717502355938,-0.29998878132015677,0.06769421435755588,-0.04332845463134428,-0.45186053563746,3.0754474448049,-0.4518605356374564,0.3019333740568154,-4.467207431060672,-2.4825310207127425,3.6059731868609832,-0.258604919425471
ring,1000,891,33025,33026,891,m12-1-29,2026-08-05T00:29:46,809,0.2138637277844833,-0.31064541050994493,0.39312906637896017,-0.314737551852459,-0.10622016617474449,3.2475778970611455,-0.10622016617474138,-0.23357585277795725,-4.717233630249944,-2.5661365870802557,3.7274135346665984,0.548313404630416
ring,1000,891,33025,33026,891,m12-1-29,2026-08-05T00:29:46,810,0.09087632842741565,-0.13200141343472535,0.6383607899468292,-0.21588621337824257,0.06415821399082262,2.9067664176677823,0.06415821399082393,-0.2649088222161422,-4.222191656468657,-3.100378254331407,4.503420404807725,0.4807950355943847
ring,1000,891,33025,33026,891,m12-1-29,2026-08-05T00:29:46,811,6.168940954853069e-18,-6.884683795282953e-18,0.2329741536923286,-4.598033650875244e-17,1.3856103764364747e-16,3.2591897572416344,7.701138853141373e-17,-9.340401715962621e-17,-5.443748933028629,-3.0825941922049873,5.148785463470037,1.3986208025063007e-16
ring,1000,891,33025,33026,891,m12-1-29,2026-08-05T00:29:46,812,-0.08232131793700699,0.13749938483617644,0.6383607899468291,0.2079614656840471,-0.060539102984138025,2.6331262120538668,-0.06053910298413684,0.2728335699103359,-4.3980495384010405,-2.8085116159116468,4.6909917038574,-0.48079503559438275
ring,1000,891,33025,33026,891,m12-1-29,2026-08-05T00:29:46,813,-0.1937308013516613,0.32358405668452084,0.3931290663789599,0.32785774277752094,0.10022837574569239,2.941854025305391,0.10022837574569554,0.22045566185289403,-4.913710432416182,-2.324562947363645,3.8826634860249802,-0.5483134046304154
ring,1000,891,33025,33026,891,m12-1-29,2026-08-05T00:29:46,814,-0.18708490463856906,0.3124835698041454,0.06769421435755539,0.09914174049375195,0.4263714620443786,2.7859277689079955,0.4263714620443816,-0.3577466599192237,-4.653270428882034,-2.24882792891227,3.7561650442047347,0.2586049194254725
ring,1000,891,33025,33026,891,m12-1-29,2026-08-05T00:29:46,815,-0.07566277084099253,0.12637776831510356,-0.1486775701964872,-0.02124508413532146,0.266121600122315,2.295459683731569,0.26612160012231656,-0.3064139639009432,-3.834052980916235,-2.5857551938015355,4.318926827152134,0.3276590480362646
ring,1000,891,33025,33026,891,m12-1-29,2026-08-05T00:29:46,816,0.07566277084099249,-0.12637776831510353,-0.14867757019648725,0.02124508413532135,-0.2661216001223146,2.29545968373157,-0.2661216001223163,0.3064139639009432,-3.8340529809162347,-2.585755193801536,4.318926827152134,-0.32765904803626433
ring,1000,891,33025,33026,891,m12-1-29,2026-08-05T00:29:46,817,0.187084904638569,-0.3124835698041454,0.06769421435755534,-0.0991417404937517,-0.4263714620443783,2.785927768907995,-0.42637146204438114,0.35774665991922355,-4.653270428882034,-2.2488279289122697,3.7561650442047343,-0.25860491942547204
ring,1000,891,33025,33026,891,m12-1-29,2026-08-05T00:29:46,818,0.1937308013516613,-0.3235840566845207,0.39312906637895983,-0.32785774277752117,-0.10022837574569268,2.9418540253053904,-0.10022837574569551,-0.22045566185289392,-4.913710432416182,-2.3245629473636455,3.882663486024982,0.5483134046304151
ring,1000,891,33025,33026,891,m12-1-29,2026-08-05T00:29:46,819,0.08232131793700707,-0.13749938483617666,0.638360789946829,-0.20796146568404714,0.06053910298413803,2.6331262120538663,0.060539102984137026,-0.2728335699103365,-4.398049538401041,-2.8085116159116468,4.6909917038573985,0.48079503559438347
ring,1000,891,33025,33026,891,m12-1-29,2026-08-05T00:29:46,820,-1.0729366342870222e-17,2.6698478497455547e-17,0.23297415369232907,-1.5004002814483774e-16,3.1094918306884267e-16,2.907364058861882,1.4754636314812108e-16,-2.472794104896314e-16,-5.639499494529387,-2.7498317772261918,5.3339294989353965,4.1230853366908127e-16
ring,1000,891,33025,33026,891,m12-1-29,2026-08-05T00:29:46,821,-0.07343482855406253,0.1424436947444433,0.6383607899468289,0.20055862621041298,-0.05594589514832828,2.348883336529506,-0.055945895148324584,0.2802364093839705,-4.556198027106452,-2.5053360924612917,4.859674034971931,-0.48079503559438314
ring,1000,891,33025,33026,891,m12-1-29,2026-08-05T00:29:46,822,-0.17281778935787556,0.3352197440698037,0.3931290663789602,0.34011386385918196,0.09262387323156128,2.6242843456987828,0.0926238732315699,0.20819954077123412,-5.090401456934554,-2.0736291130980167,4.0222793218870265,-0.5483134046304161
ring,1000,891,33025,33026,891,m12-1-29,2026-08-05T00:29:46,823,-0.16688930937305088,0.3237200972416613,0.06769421435755564,0.15127927365939686,0.39402191201978864,2.4851901451615546,0.394021912019797,-0.40988419308486795,-4.820596349029087,-2.0060696007518772,3.891232150630511,0.2586049194254711
ring,1000,891,33025,33026,891,m12-1-29,2026-08-05T00:29:46,824,-0.06749506378026307,0.13092215847953606,-0.14867757019648659,0.011296783666861168,0.24593048795335776,2.0476675125218446,0.24593048795336125,-0.338955831703125,-3.971920842397584,-2.3066259639440414,4.474230159818022,0.32765904803626394
ring,1000,891,33025,33026,891,m12-1-29,2026-08-05T00:29:46,825,0.0674950637802631,-0.13092215847953603,-0.14867757019648647,-0.011296783666861217,-0.2459304879533577,2.0476675125218438,-0.2459304879533611,0.3389558317031248,-3.971920842397584,-2.3066259639440414,4.474230159818022,-0.32765904803626367
ring,1000,891,33025,33026,891,m12-1-29,2026-08-05T00:29:46,826,0.16688930937305085,-0.3237200972416613,0.06769421435755556,-0.1512792736593969,-0.3940219120197887,2.4851901451615555,-0.394021912019797,0.40988419308486806,-4.820596349029087,-2.0060696007518777,3.8912321506305125,-0.25860491942547115
ring,1000,891,33025,33026,891,m12-1-29,2026-08-05T00:29:46,827,0.17281778935787553,-0.3352197440698037,0.3931290663789603,-0.34011386385918224,-0.09262387323156135,2.624284345698782,-0.09262387323156979,-0.2081995407712342,-5.090401456934554,-2.0736291130980167,4.022279321887026,0.5483134046304162
ring,1000,891,33025,33026,891,m12-1-29,2026-08-05T00:29:46,828,0.07343482855406261,-0.14244369474444343,0.6383607899468287,-0.2005586262104132,0.05594589514832827,2.348883336529505,0.05594589514832475,-0.28023640938397093,-4.5561980271064515,-2.5053360924612917,4.859674034971931,0.4807950355943843
ring,1000,891,33025,33026,891,m12-1-29,2026-08-05T00:29:46,829,9.063252535621014e-18,-2.2551405187698492e-17,0.23297415369232913,-6.200281173901478e-17,7.025630077706069e-17,2.5438314315531043,-7.941018583803791e-17,1.366365787874857e-16,-5.812541781991863,-2.4059967602164796,5.497595682885717,-7.317009411561548e-17
ring,1000,891,33025,33026,891,m12-1-29,2026-08-05T00:29:46,830,-0.06425264303489579,0.14681443416858872,0.6383607899468285,0.19379680941563637,-0.050452496916882715,2.055182336832669,-0.05045249691687838,0.2869982261787465,-4.696000314438392,-2.192072464809346,5.008788173939281,-0.4807950355943826
ring,1000,891,33025,33026,891,m12-1-29,2026-08-05T00:29:46,831,-0.15120890112130728,0.3455056198594373,0.39312906637896006,0.3513087095212996,0.0835290179244637,2.2961475992568388,0.08352901792447466,0.1970046951091152,-5.246595231411308,-1.8143455062684022,4.1456988585582355,-0.5483134046304144
ring,1000,891,33025,33026,891,m12-1-29,2026-08-05T00:29:46,832,-0.14602170976122905,0.33365311810257586,0.06769421435755614,0.19890214170256412,0.3553324019332665,2.1744455378329066,0.355332401933277,-0.45750706112803413,-4.9685114290780215,-1.7552335383390125,4.010630638571831,0.25860491942547026
ring,1000,891,33025,33026,891,m12-1-29,2026-08-05T00:29:46,833,-0.05905557791965254,0.13493937131993125,-0.14867757019648614,0.04102080362188875,0.2217822621720042,1.7916301069506644,0.22178226217200847,-0.36867985165815204,-4.0937951805112895,-2.01820876543899,4.611517346781963,0.3276590480362633
ring,1000,891,33025,33026,891,m12-1-29,2026-08-05T00:29:46,834,0.05905557791965253,-0.1349393713199312,-0.14867757019648611,-0.04102080362188881,-0.22178226217200409,1.7916301069506644,-0.22178226217200822,0.36867985165815154,-4.0937951805112895,-2.01820876543899,4.611517346781963,-0.3276590480362627
ring,1000,891,33025,33026,891,m12-1-29,2026-08-05T00:29:46,835,0.14602170976122902,-0.33365311810257575,0.06769421435755596,-0.1989021417025641,-0.3553324019332666,2.1744455378329057,-0.35533240193327725,0.45750706112803463,-4.968511429078022,-1.7552335383390127,4.01063063857183,-0.2586049194254705
ring,1000,891,33025,33026,891,m12-1-29,2026-08-05T00:29:46,836,0.15120890112130725,-0.3455056198594372,0.3931290663789601,-0.3513087095212997,-0.08352901792446338,2.296147599256838,-0.08352901792447467,-0.19700469510911492,-5.246595231411308,-1.814345506268403,4.145698858558236,0.5483134046304148
ring,1000,891,33025,33026,891,m12-1-29,2026-08-05T00:29:46,837,0.06425264303489586,-0.14681443416858894,0.6383607899468283,-0.19379680941563657,0.05045249691688289,2.0551823368326696,0.0504524969168786,-0.2869982261787472,-4.696000314438393,-2.192072464809347,5.008788173939279,0.48079503559438375
ring,1000,891,33025,33026,891,m12-1-29,2026-08-05T00:29:46,838,4.706115054944893e-18,-1.441988889405721e-17,0.23297415369232954,9.218428971558001e-17,-2.7668839441830073e-16,2.1700556928988917,-1.4819053170450798e-16,3.778444571111983e-16,-5.962179015198711,-2.0524736434349182,5.639124989363231,-4.674537666671252e-16
ring,1000,891,33025,33026,891,m12-1-29,2026-08-05T00:29:46,839,-0.054811734799796605,0.15059400368357728,0.6383607899468279,0.18778481546315304,-0.04414729912373652,1.7532058432291884,-0.04414729912373179,0.2930102201312291,-4.816893465928173,-1.86998213501991,5.1377336907507845,-0.48079503559438214
ring,1000,891,33025,33026,891,m12-1-29,2026-08-05T00:29:46,840,-0.12899114800816078,0.3544002664619533,0.3931290663789596,0.36126215050651156,0.07309014945084139,1.9587650768436562,0.07309014945085286,0.18705125412390253,-5.3816628186442985,-1.5477561704469736,4.252425129124645,-0.5483134046304144
ring,1000,891,33025,33026,891,m12-1-29,2026-08-05T00:29:46,841,-0.12456613226164909,0.3422426356176813,0.06769421435755679,0.24124407484937352,0.3109254604850685,1.8549452057803868,0.3109254604850794,-0.4998489942748419,-5.096420067207251,-1.4973297699659807,4.113879732458743,0.2586049194254684
ring,1000,891,33025,33026,891,m12-1-29,2026-08-05T00:29:46,842,-0.050378296090057006,0.13841323093803173,-0.14867757019648514,0.06744870512184459,0.1940654767706815,1.5283784392834607,0.19406547677068572,-0.3951077531581069,-4.199185250312614,-1.7216649525497054,4.730235580996762,0.32765904803626233
ring,1000,891,33025,33026,891,m12-1-29,2026-08-05T00:29:46,843,0.05037829609005699,-0.13841323093803165,-0.14867757019648517,-0.06744870512184467,-0.19406547677068126,1.528378439283461,-0.19406547677068545,0.3951077531581063,-4.199185250312613,-1.7216649525497054,4.730235580996763,-0.32765904803626184
ring,1000,891,33025,33026,891,m12-1-29,2026-08-05T00:29:46,844,0.12456613226164906,-0.3422426356176812,0.06769421435755624,-0.24124407484937319,-0.31092546048506875,1.854945205780387,-0.3109254604850796,0.49984899427484264,-5.096420067207251,-1.4973297699659807,4.1138797324587415,-0.25860491942546954
ring,1000,891,33025,33026,891,m12-1-29,2026-08-05T00:29:46,845,0.12899114800816078,-0.354400266461953,0.39312906637895956,-0.3612621505065115,-0.07309014945084144,1.9587650768436562,-0.07309014945085267,-0.18705125412390267,-5.381662818644299,-1.5477561704469731,4.252425129124646,0.5483134046304143
ring,1000,891,33025,33026,891,m12-1-29,2026-08-05T00:29:46,846,0.054811734799796646,-0.1505940036835776,0.6383607899468275,-0.18778481546315323,0.0441472991237365,1.7532058432291877,0.04414729912373178,-0.2930102201312293,-4.816893465928171,-1.8699821350199095,5.1377336907507845,0.4807950355943826
ring,1000,891,33025,33026,891,m12-1-29,2026-08-05T00:29:46,847,1.2095630486791409e-17,-4.195862407518902e-17,0.23297415369232938,4.569912157026401e-17,-1.196959198423997e-16,1.7875419058770379,2.263949661421294e-17,-9.71445146547012e-17,-6.087808657825244,-1.690685939699051,5.757947529802579,7.134050294954619e-17
ring,1000,891,33025,33026,891,m12-1-29,2026-08-05T00:29:46,848,-0.04515011905411972,0.15376718429694683,0.6383607899468273,0.1826193795861804,-0.03713175476166052,1.4441698084781247,-0.037131754761655006,0.2981756560082004,-4.91839068752317,-1.5403620471713146,5.245991367320704,-0.48079503559438075
ring,1000,891,33025,33026,891,m12-1-29,2026-08-05T00:29:46,849,-0.10625399306860918,0.36186786827479195,0.3931290663789593,0.3698140322234102,0.061475233112104774,1.6134952987999793,0.06147523311211754,0.1784993724070025,-5.4950603491309415,-1.2749345667980658,4.342028384562999,-0.5483134046304128
ring,1000,891,33025,33026,891,m12-1-29,2026-08-05T00:29:46,850,-0.10260897091229354,0.34945406283155883,0.0676942143575567,0.27762377554527456,0.2615156119863255,1.5279756640755693,0.26151561198633844,-0.5362286949707428,-5.203807220475517,-1.233396783082526,4.200563684631243,0.25860491942546865
ring,1000,891,33025,33026,891,m12-1-29,2026-08-05T00:29:46,851,-0.041498158642813275,0.1413297493272318,-0.14867757019648492,0.09015525333861156,0.16322610520195785,1.2589725310729292,0.16322610520196318,-0.4178143013748731,-4.287666683187169,-1.4181886025474422,4.829906826034035,0.32765904803626167
ring,1000,891,33025,33026,891,m12-1-29,2026-08-05T00:29:46,852,0.04149815864281323,-0.14132974932723172,-0.14867757019648495,-0.09015525333861159,-0.16322610520195768,1.2589725310729294,-0.16322610520196304,0.41781430137487235,-4.287666683187168,-1.4181886025474422,4.829906826034035,-0.32765904803626095
ring,1000,891,33025,33026,891,m12-1-29,2026-08-05T00:29:46,853,0.10260897091229348,-0.3494540628315586,0.06769421435755617,-0.27762377554527423,-0.26151561198632584,1.527975664075569,-0.26151561198633844,0.5362286949707433,-5.203807220475514,-1.233396783082526,4.200563684631242,-0.258604919425469
ring,1000,891,33025,33026,891,m12-1-29,2026-08-05T00:29:46,854,0.10625399306860914,-0.36186786827479184,0.3931290663789593,-0.3698140322234103,-0.06147523311210481,1.6134952987999795,-0.06147523311211766,-0.17849937240700234,-5.495060349130942,-1.2749345667980658,4.342028384563,0.5483134046304124
ring,1000,891,33025,33026,891,m12-1-29,2026-08-05T00:29:46,855,0.04515011905411977,-0.1537671842969471,0.6383607899468274,-0.18261937958618057,0.03713175476166064,1.4441698084781256,0.03713175476165504,-0.2981756560082008,-4.91839068752317,-1.5403620471713142,5.245991367320703,0.4807950355943816
ring,1000,891,33025,33026,891,m12-1-29,2026-08-05T00:29:46,856,-8.402566836762659e-19,-2.168404344971009e-18,0.23297415369232952,-5.9631119486702744e-18,1.6479873021779667e-16,1.3978303185020218,6.965998958219366e-17,-3.2656169435263394e-16,-6.188924843640857,-1.322090440401107,5.853584847771122,3.5084782301630923e-16
ring,1000,891,33025,33026,891,m12-1-29,2026-08-05T00:29:46,857,-0.03530669971446558,0.15632119873032221,0.6383607899468262,0.1783836155815996,-0.02951874656562544,1.1293186116190816,-0.029518746565621493,0.3024114200127798,-5.000083285734868,-1.2045394650199666,5.333125288194393,-0.4807950355943792
ring,1000,891,33025,33026,891,m12-1-29,2026-08-05T00:29:46,858,-0.08308899080065638,0.3678783559010967,0.3931290663789589,0.37682675169387303,0.048871157260057765,1.261728544661169,0.04887115726006827,0.17148665293653878,-5.586331211038946,-0.9969792516288922,4.414147824188583,-0.5483134046304117
ring,1000,891,33025,33026,891,m12-1-29,2026-08-05T00:29:46,859,-0.08023863945227232,0.35525836187204735,0.06769421435755762,0.3074558807877539,0.20789787939539106,1.1948535036610293,0.20789787939540236,-0.5660608002132204,-5.2902404787182595,-0.9644973426733239,4.270333449408513,0.2586049194254664
ring,1000,891,33025,33026,891,m12-1-29,2026-08-05T00:29:46,860,-0.032450922757231875,0.14367718269734525,-0.14867757019648348,0.1087750914114506,0.12976036449873724,0.9844971848262976,0.12976036449874237,-0.43643413944771,-4.358883195633777,-1.109001707583569,4.91012974096839,0.32765904803625967
ring,1000,891,33025,33026,891,m12-1-29,2026-08-05T00:29:46,861,0.03245092275723186,-0.14367718269734525,-0.1486775701964835,-0.1087750914114506,-0.1297603644987372,0.9844971848262974,-0.12976036449874231,0.4364341394477101,-4.358883195633776,-1.1090017075835688,4.910129740968391,-0.32765904803625945
ring,1000,891,33025,33026,891,m12-1-29,2026-08-05T00:29:46,862,0.0802386394522723,-0.3552583618720474,0.0676942143575577,-0.30745588078775393,-0.20789787939539087,1.1948535036610288,-0.2078978793954022,0.56606080021322,-5.290240478718259,-0.9644973426733234,4.270333449408514,-0.25860491942546593
ring,1000,891,33025,33026,891,m12-1-29,2026-08-05T00:29:46,863,0.08308899080065639,-0.36787835590109663,0.39312906637895884,-0.37682675169387314,-0.048871157260057495,1.261728544661169,-0.04887115726006836,-0.17148665293653842,-5.586331211038945,-0.9969792516288922,4.414147824188586,0.5483134046304113
ring,1000,891,33025,33026,891,m12-1-29,2026-08-05T00:29:46,864,0.03530669971446562,-0.15632119873032246,0.6383607899468264,-0.17838361558159982,0.029518746565625566,1.1293186116190812,0.02951874656562158,-0.3024114200127805,-5.000083285734868,-1.2045394650199666,5.333125288194394,0.48079503559438036
ring,1000,891,33025,33026,891,m12-1-29,2026-08-05T00:29:46,865,2.72405795836983e-18,4.7704895589362195e-18,0.23297415369233013,-4.7271214720367993e-17,3.226585665316861e-16,1.0024901617898752,-8.269752070633185e-17,3.5128150388530344e-16,-6.265120413453585,-0.9481713495232327,5.925651845543978,-3.1138286393783687e-16
ring,1000,891,33025,33026,891,m12-1-29,2026-08-05T00:29:46,866,-0.025321112756340584,0.15824576286900383,0.638360789946827,0.1751456784778527,-0.021430770687344343,0.8099200472970066,-0.021430770687346407,0.30564935711652724,-5.061642313303131,-0.863866627577665,5.398784595825864,-0.48079503559437986
ring,1000,891,33025,33026,891,m12-1-29,2026-08-05T00:29:46,867,-0.05958941849248994,0.3724075272285621,0.3931290663789593,0.38218747163649,0.035480726193357466,0.9048812549922215,0.03548072619335262,0.1661259329939232,-5.655107888820888,-0.7150094528910095,4.468493048472131,-0.5483134046304128
ring,1000,891,33025,33026,891,m12-1-29,2026-08-05T00:29:46,868,-0.05754521531090373,0.35963216087550304,0.06769421435755718,0.33026038083615883,0.15093499210083428,0.8569200899033188,0.15093499210083064,-0.5888653002616238,-5.355371805710614,-0.69171421187849,4.322908088572592,0.258604919425465
ring,1000,891,33025,33026,891,m12-1-29,2026-08-05T00:29:46,869,-0.023273018459057767,0.1454460787627032,-0.14867757019648203,0.12300861917564994,0.09420673095644838,0.7060576158884815,0.09420673095644701,-0.45066766721190754,-4.412548023892231,-0.795349254158483,4.9705812964355625,0.32765904803625767
ring,1000,891,33025,33026,891,m12-1-29,2026-08-05T00:29:46,870,0.023273018459057757,-0.14544607876270318,-0.14867757019648206,-0.12300861917564988,-0.09420673095644844,0.7060576158884815,-0.094206730956447,0.45066766721190715,-4.412548023892231,-0.7953492541584829,4.9705812964355625,-0.32765904803625745
ring,1000,891,33025,33026,891,m12-1-29,2026-08-05T00:29:46,871,0.05754521531090372,-0.359632160875503,0.06769421435755717,-0.3302603808361589,-0.1509349921008343,0.8569200899033187,-0.15093499210083064,0.5888653002616236,-5.355371805710613,-0.69171421187849,4.322908088572592,-0.2586049194254651
ring,1000,891,33025,33026,891,m12-1-29,2026-08-05T00:29:46,872,0.05958941849248995,-0.3724075272285621,0.39312906637895934,-0.3821874716364899,-0.035480726193357584,0.9048812549922214,-0.03548072619335265,-0.16612593299392314,-5.655107888820891,-0.7150094528910094,4.468493048472132,0.5483134046304126
ring,1000,891,33025,33026,891,m12-1-29,2026-08-05T00:29:46,873,0.025321112756340615,-0.158245762869004,0.6383607899468271,-0.17514567847785303,0.02143077068734464,0.8099200472970066,0.021430770687346473,-0.305649357116528,-5.061642313303132,-0.8638666275776646,5.398784595825863,0.4807950355943811
ring,1000,891,33025,33026,891,m12-1-29,2026-08-05T00:29:46,874,3.564314642046096e-18,-1.431146867680866e-17,0.23297415369232954,6.884683795282953e-18,-2.949029909160572e-17,0.6031133310188168,-2.938187887435717e-17,1.8561541192951836e-16,-6.31608855459659,-0.5704343072719638,5.973858334756766,-2.0469737016526324e-16
ring,1000,891,33025,33026,891,m12-1-29,2026-08-05T00:29:46,875,-0.015233566614073815,0.1595331271724685,0.6383607899468274,0.17295766789502287,-0.012997965686340148,0.4872602208006734,-0.012997965686350511,0.30783736769935816,-5.10281989375088,-0.5197153041224206,5.4427049033573525,-0.4807950355943809
ring,1000,891,33025,33026,891,m12-1-29,2026-08-05T00:29:46,876,-0.03584990062776597,0.37543714488279556,0.3931290663789592,0.38580993606065933,0.021519396960410317,0.544390327881587,0.021519396960385916,0.16250346856975328,-5.701113443069669,-0.43016056344444065,4.504845228376279,-0.5483134046304128
ring,1000,891,33025,33026,891,m12-1-29,2026-08-05T00:29:46,877,-0.03462007689770109,0.36255784809704505,0.06769421435755683,0.3456703427481087,0.09154350428261089,0.5155361613881383,0.09154350428258576,-0.6042752621735744,-5.398938940586518,-0.4161457920886174,4.358075902607489,0.2586049194254663
ring,1000,891,33025,33026,891,m12-1-29,2026-08-05T00:29:46,878,-0.01400140192961498,0.14662931480317165,-0.1486775701964836,0.1326268138413271,0.05713727584787116,0.4247750021300854,0.05713727584786117,-0.4602858618775869,-4.448445078639826,-0.478494210000437,5.0110180753577085,0.32765904803625956
ring,1000,891,33025,33026,891,m12-1-29,2026-08-05T00:29:46,879,0.014001401929614975,-0.14662931480317162,-0.14867757019648364,-0.1326268138413271,-0.057137275847871226,0.4247750021300855,-0.05713727584786116,0.46028586187758663,-4.448445078639826,-0.478494210000437,5.011018075357711,-0.3276590480362593
ring,1000,891,33025,33026,891,m12-1-29,2026-08-05T00:29:46,880,0.034620076897701066,-0.36255784809704505,0.06769421435755679,-0.3456703427481087,-0.09154350428261086,0.5155361613881378,-0.09154350428258579,0.6042752621735742,-5.398938940586515,-0.41614579208861746,4.3580759026074904,-0.25860491942546615
ring,1000,891,33025,33026,891,m12-1-29,2026-08-05T00:29:46,881,0.035849900627765975,-0.37543714488279556,0.3931290663789592,-0.3858099360606594,-0.021519396960409925,0.5443903278815871,-0.021519396960385948,-0.16250346856975312,-5.701113443069669,-0.4301605634444407,4.50484522837628,0.5483134046304129
ring,1000,891,33025,33026,891,m12-1-29,2026-08-05T00:29:46,882,0.015233566614073834,-0.15953312717246876,0.6383607899468271,-0.1729576678950231,0.012997965686340112,0.48726022080067305,0.012997965686350471,-0.307837367699358,-5.102819893750878,-0.5197153041224203,5.442704903357353,0.4807950355943809
ring,1000,891,33025,33026,891,m12-1-29,2026-08-05T00:29:46,883,1.3552527156068805e-18,-1.3010426069826053e-17,0.23297415369233002,-6.845720279709255e-18,-9.974659986866641e-18,0.20130797572887188,3.144186300207963e-18,-4.822531263215524e-16,-6.34162403635431,-0.19040032739657267,5.9980102048915525,5.082739784612045e-16
ring,1000,891,33025,33026,891,m12-1-29,2026-08-05T00:29:46,884,-0.005084680275645329,0.1601781078790331,0.6383607899468294,0.17185478974244547,-0.004356018551812953,0.16263836937064333,-0.004356018551824207,0.30894024585193747,-5.123450219494959,-0.1734712705677797,5.464709359211788,-0.4807950355943833
ring,1000,891,33025,33026,891,m12-1-29,2026-08-05T00:29:46,885,-0.01196602786621485,0.3769550096627879,0.3931290663789599,0.38763585815777135,0.007211812574816575,0.18170733305977124,0.007211812574790418,0.16067754647264404,-5.724162625655671,-0.14357956923139245,4.5230579865027964,-0.548313404630415
ring,1000,891,33025,33026,891,m12-1-29,2026-08-05T00:29:46,886,-0.011555535653773685,0.3640236428268344,0.06769421435755636,0.3534378144678991,0.03067904721221569,0.17207635070635927,0.03067904721218893,-0.6120427338933695,-5.420766453870525,-0.13890170007008895,4.3756952831383105,0.2586049194254702
ring,1000,891,33025,33026,891,m12-1-29,2026-08-05T00:29:46,887,-0.0046734066963099235,0.14722212634483092,-0.14867757019648603,0.13747491505585102,0.019148460582220837,0.14178196935984283,0.019148460582209165,-0.4651339630921147,-4.466429815106694,-0.15971243854029293,5.031277253097995,0.3276590480362636
ring,1000,891,33025,33026,891,m12-1-29,2026-08-05T00:29:46,888,0.004673406696309926,-0.14722212634483087,-0.14867757019648606,-0.13747491505585102,-0.019148460582220785,0.14178196935984302,-0.019148460582209148,0.4651339630921144,-4.466429815106694,-0.15971243854029277,5.031277253097997,-0.3276590480362632
ring,1000,891,33025,33026,891,m12-1-29,2026-08-05T00:29:46,889,0.011555535653773699,-0.3640236428268344,0.06769421435755636,-0.3534378144678991,-0.030679047212215416,0.1720763507063594,-0.030679047212188927,0.6120427338933689,-5.420766453870523,-0.13890170007008895,4.375695283138311,-0.25860491942546987
ring,1000,891,33025,33026,891,m12-1-29,2026-08-05T00:29:46,890,0.011966027866214852,-0.3769550096627879,0.39312906637896045,-0.38763585815777135,-0.007211812574816766,0.18170733305977102,-0.007211812574790398,-0.16067754647264518,-5.7241626256556675,-0.14357956923139276,4.523057986502797,0.5483134046304162
ring,1000,891,33025,33026,891,m12-1-29,2026-08-05T00:29:46,891,0.005084680275645336,-0.16017810787903328,0.6383607899468295,-0.17185478974244564,0.004356018551813296,0.16263836937064302,0.004356018551824195,-0.30894024585193763,-5.123450219494958,-0.17347127056777978,5.4647093592117875,0.4807950355943836
