case,n_target,n_actual,seed,sampler_seed,samples,host,timestamp,index,ux,uy,uz,j11,j21,j31,j12,j22,j32,j13,j23,j33
ring,31623,24138,33025,33026,512,m12-1-29,2026-08-05T00:29:46,12,0.006118894092042437,0.5803944331608375,0.608606362223149,0.5953500577841685,-0.008103321358505609,-0.16663559415463136,-0.008103321358464479,-0.17318749097419242,-15.805858012734966,0.15242100105693773,14.457563602104688,-0.42216256680997094
ring,31623,24138,33025,33026,512,m12-1-29,2026-08-05T00:29:46,42,-0.008989867051661014,-0.8527143488928138,-0.14831333932676163,-0.831024815807481,0.031377236581530105,-0.13677956239170358,0.031377236581494924,2.144864134217099,-12.97392884860947,0.11265948853721625,10.686071536159924,-1.3138393184096304
ring,31623,24138,33025,33026,512,m12-1-29,2026-08-05T00:29:46,59,0.0110376495422199,1.0469523173829636,-0.11048323110097635,1.0200797783188338,-0.04367825653043973,-0.12083638708054237,-0.04367825653033914,-3.1224660646644202,-11.46167351973516,0.05678807441052526,5.386509680017824,2.10238628634555
ring,31623,24138,33025,33026,512,m12-1-29,2026-08-05T00:29:46,219,0.05948740448728135,1.1275061526632086,0.3302620249290079,1.1346856616538152,-0.08272338599170978,-0.6825112876759435,-0.08272338599175386,-0.4288637107991845,-12.9361111440195,0.25657348265076735,4.863015671843702,-0.7058219508546367
ring,31623,24138,33025,33026,512,m12-1-29,2026-08-05T00:29:46,231,-0.03498322852649512,-0.6630614622306976,-0.615435325518161,-0.6081701338399541,0.24479140472352395,-0.3630921127770522,0.24479140472355457,4.018616386667697,-6.881937355782741,0.46482195107013724,8.810093737348012,-3.4104462528277497
ring,31623,24138,33025,33026,512,m12-1-29,2026-08-05T00:29:46,265,-0.049508625880026,-0.6696684790981742,0.3480514548079018,-0.6706124490522907,0.0930653923308338,-1.1396391509146067,0.09306539233085324,0.5813375492646535,-15.415099961835637,1.0250746835283313,13.865466715718455,0.08927489978764021
ring,31623,24138,33025,33026,512,m12-1-29,2026-08-05T00:29:46,335,0.03729545149234394,0.3918986738827816,0.814951513622555,0.40599152370868147,-0.03268803045811763,-1.5034669624326584,-0.03268803045812168,0.06561818254116747,-15.798353022349167,1.4311882559276639,15.03885211551354,-0.4716097062498404
ring,31623,24138,33025,33026,512,m12-1-29,2026-08-05T00:29:46,359,0.051628818744398085,0.5425129550775912,-0.5143459975537638,0.4934169633642679,-0.2514667391755665,-1.0015148567817882,-0.2514667391755746,-2.1250514180619624,-10.523866277024519,1.134566361532582,11.921964602249645,1.6316344546977124
ring,31623,24138,33025,33026,512,m12-1-29,2026-08-05T00:29:46,379,0.09820958885921707,1.0319812764406753,0.7856626316892728,1.093084674888702,0.11408706033508757,-1.1539819926699282,0.11408706033506173,2.2810483841116915,-12.125983049294877,0.6288043531584815,6.607443596308726,-3.374133059000452
ring,31623,24138,33025,33026,512,m12-1-29,2026-08-05T00:29:46,456,0.041376415284610994,0.3552005765424291,1.4284124506741271,0.41320824896320935,0.19032455038026774,-0.8465759270372809,0.1903245503802634,2.0249007280517737,-7.267528018127169,1.4909842652286454,12.79952521217746,-2.4381089770149282
ring,31623,24138,33025,33026,512,m12-1-29,2026-08-05T00:29:46,476,-0.10979440464881401,-0.9425426432941014,-0.30530942199983296,-0.8455226198461573,0.5583454586677873,-1.1651443429347177,0.5583454586677955,3.8826176787658624,-10.002315075358574,0.7339995071295565,6.301102846172574,-3.037095058919776
ring,31623,24138,33025,33026,512,m12-1-29,2026-08-05T00:29:46,485,-0.04137641528461113,-0.35520057654243004,1.4284124506741263,-0.4132082489632104,-0.19032455038026952,-0.8465759270372791,-0.1903245503802643,-2.0249007280517812,-7.26752801812717,1.4909842652286451,12.799525212177457,2.4381089770149353
ring,31623,24138,33025,33026,512,m12-1-29,2026-08-05T00:29:46,631,0.047052221820088766,0.2950624614463187,-0.7961378318479339,0.21502778299969294,-0.37768227242004176,-0.7054510929633118,-0.3776822724200478,-2.0931743061466324,-4.423853494435053,1.704238443508,10.687206057041498,1.8781465231469812
ring,31623,24138,33025,33026,512,m12-1-29,2026-08-05T00:29:46,673,-0.024843397948268196,-0.13713350198893812,0.9292027707614052,-0.14304509198628,0.015516344066283305,-2.8207072805766744,0.015516344066285426,-0.060207130039840025,-15.570070900794049,2.771088109275166,15.296177178987541,0.2032522220261177
ring,31623,24138,33025,33026,512,m12-1-29,2026-08-05T00:29:46,687,-0.06048102064080371,-0.33385023182454054,-0.6259898395811014,-0.2620220175049653,0.31687664949501443,-1.7163475276408777,0.3168766494950169,1.4297048300338473,-9.474096401207307,2.241762150662561,12.374341665610832,-1.1676828125288814
ring,31623,24138,33025,33026,512,m12-1-29,2026-08-05T00:29:46,863,0.16856336724795354,0.7489153764704641,1.1778784139366103,0.9467779178533104,0.5427997957043512,-2.134563153218322,0.5427997957043581,3.2362282876808313,-9.483716382699939,2.1836114072667616,9.70163438140651,-4.183006205534166
ring,31623,24138,33025,33026,512,m12-1-29,2026-08-05T00:29:46,924,0.20475062028888288,0.8278162610196965,-0.14831333932676638,0.6597591628134215,-0.6937724204260067,-3.1152518809912704,-0.6937724204260224,-1.973598481223047,-12.595107944572996,2.5659000324329333,10.374052923512917,1.3138393184096258
ring,31623,24138,33025,33026,512,m12-1-29,2026-08-05T00:29:46,926,0.13084748922656794,0.5290224720322021,-0.5143459975537585,0.36363561472610656,-0.621466556111544,-2.5382278274034578,-0.6214665561115548,-1.995270069423833,-10.26217291421471,2.875432043146782,11.6255052092912,1.6316344546977148
ring,31623,24138,33025,33026,512,m12-1-29,2026-08-05T00:29:46,1044,-0.2727627963416471,-1.010856785856858,-0.11048323110097644,-0.7393294214093531,1.042165174586163,-2.986113185949874,1.0421651745861529,2.8417157077549318,-11.066512067772019,1.4033489572052815,5.200800238677868,-2.102386286345582
ring,31623,24138,33025,33026,512,m12-1-29,2026-08-05T00:29:46,1047,-0.2880236892060885,-1.067413535227234,0.5607412074702451,-1.1285814424682397,0.02389767333163754,-3.3473986589269447,0.023897673331640938,-1.0464652398071683,-12.405433199570851,1.4274817712684573,5.290236258489959,2.1750466822753594
ring,31623,24138,33025,33026,512,m12-1-29,2026-08-05T00:29:46,1048,-0.27006212117359774,-1.0008481048467066,0.785662631689271,-1.1643264896052197,-0.30425836329376765,-3.173283060815206,-0.30425836329376554,-2.209806569395178,-11.760162157348683,1.7291207446210066,6.408107930073743,3.3741330590004512
ring,31623,24138,33025,33026,512,m12-1-29,2026-08-05T00:29:46,1129,-0.2911029272598329,-0.9949319393851904,0.7856626316892719,-1.177617673492622,-0.32602479055461037,-3.420516672286521,-0.32602479055461087,-2.1965153855078077,-11.690646049119852,1.8638382463911691,6.370228628883071,3.3741330590004632
ring,31623,24138,33025,33026,512,m12-1-29,2026-08-05T00:29:46,1214,-0.10763297659369828,-0.3410199402783672,1.4284124506741256,-0.5410612195554767,-0.4753280167640815,-2.2022083429127006,-0.475328016764085,-1.8970477574595088,-6.97738724085952,3.878515657218168,12.288531077107471,2.438108977014937
ring,31623,24138,33025,33026,512,m12-1-29,2026-08-05T00:29:46,1226,0.1263770921013583,0.37283287393295655,0.8149515136225559,0.37338360125093406,-0.10537598513748803,-5.094556445353872,-0.10537598513748185,0.09822610499892137,-15.029765991225181,4.849637229110503,14.307214666811209,-0.47160970624984366
ring,31623,24138,33025,33026,512,m12-1-29,2026-08-05T00:29:46,1292,-0.29628741682501303,-0.8740958293014676,0.9948162697589028,-1.1983803235811585,-0.6489585702210515,-3.553857915468729,-0.6489585702210761,-2.8929392415390187,-10.484455989151051,2.632523207836954,7.766369497455043,4.091319565120162
ring,31623,24138,33025,33026,512,m12-1-29,2026-08-05T00:29:46,1318,-0.22892589645196001,-0.6312684926937691,0.34805145480789956,-0.5303844266500533,0.40565470710117085,-5.269645634825279,0.40565470710115,0.4411095268624044,-14.531170603604,4.739904141666048,13.070396094966934,0.08927489978763986
ring,31623,24138,33025,33026,512,m12-1-29,2026-08-05T00:29:46,1343,-0.2095074819515223,-0.5777217623230124,1.0355047955694612,-0.7124982158841867,-0.17457153431926706,-4.698741853370061,-0.1745715343192905,-1.1305759235447823,-12.956890126043305,4.564156824565184,12.585768773721503,1.843074139429
ring,31623,24138,33025,33026,512,m12-1-29,2026-08-05T00:29:46,1344,-0.13304285400049373,-0.3668687693713794,1.1804611696694312,-0.4798383967511315,-0.1757213093531994,-4.493373501767957,-0.1757213093532101,-0.900669676535516,-12.390582112087175,4.9132899932299114,13.548511619979594,1.3805080732866677
ring,31623,24138,33025,33026,512,m12-1-29,2026-08-05T00:29:46,1378,7.756426281795438e-18,6.76576036948845e-17,0.20805692615294696,1.785716976983884e-16,6.85256430592307e-16,-5.600328405685676,1.4385016944665443e-16,1.0021966776970793e-16,-14.48277022116378,5.465889110703606,14.135102499402567,-3.154750918642592e-16
ring,31623,24138,33025,33026,512,m12-1-29,2026-08-05T00:29:46,1392,0.1972570714968577,0.5101180920190934,-0.16324258610052134,0.3213998016056087,-0.5484550995111903,-5.01136400324158,-0.5484550995111833,-0.8848549467615152,-12.959674521922041,4.929322293729615,12.74750995917823,0.5634551451559097
ring,31623,24138,33025,33026,512,m12-1-29,2026-08-05T00:29:46,1408,0.3430795092102802,0.8872232732704944,0.3423678546948506,0.7559932095089467,-0.5267302553502021,-5.256422238064477,-0.5267302553501684,-0.40248060574240613,-13.593409161865786,3.8075363086431864,9.846507110339116,-0.3535126037665334
ring,31623,24138,33025,33026,512,m12-1-29,2026-08-05T00:29:46,1428,0.12897406637074585,0.3335343273512841,1.4284124506741254,0.60645140199296,0.5570718577149479,-2.6388545032365207,0.5570718577149527,1.8316575750220156,-6.824228982474975,4.647534163087658,12.018789703595568,-2.438108977014923
ring,31623,24138,33025,33026,512,m12-1-29,2026-08-05T00:29:46,1447,-0.29551864511442477,-0.7642281529270315,-0.4750800767183017,-0.12023181214979538,1.6943572898799526,-3.0578790591469187,1.6943572898799175,3.6062838646480055,-7.907850499048036,2.724139598593699,7.0447811268983305,-3.486052052498198
ring,31623,24138,33025,33026,512,m12-1-29,2026-08-05T00:29:46,1465,-0.1274045424194266,-0.3098893309366216,0.06684534778912955,-0.21719175758349818,0.27924753009795344,-5.725968038698705,0.27924753009794845,0.3472223561091419,-13.927418683670513,5.618948438285191,13.667112169166073,-0.13003059852564203
ring,31623,24138,33025,33026,512,m12-1-29,2026-08-05T00:29:46,1556,0.05014890635959879,0.11502127516757757,-0.4351159458914698,0.048796443886149066,-0.1636161980371066,-5.03324179212248,-0.16361619803710722,-0.2551366946333087,-11.544217634685493,5.5944938909322515,12.831502578302677,0.20634025074715795
ring,31623,24138,33025,33026,512,m12-1-29,2026-08-05T00:29:46,1561,-0.2683714292352295,-0.6155353376569302,0.34805145480789756,-0.47532122845361807,0.4636996330671372,-6.17764242709008,0.4636996330671528,0.38604632866597427,-14.16900907864408,5.55662277030266,12.744641569697398,0.08927489978763804
ring,31623,24138,33025,33026,512,m12-1-29,2026-08-05T00:29:46,1715,0.28800713354864693,0.5912050231082351,0.07715587676325532,0.34072829870869564,-0.6386653502630089,-6.470204771031285,-0.6386653502630295,-0.6591608451200643,-13.281676443359688,5.972737406812531,12.260503110134366,0.31843254641136376
ring,31623,24138,33025,33026,512,m12-1-29,2026-08-05T00:29:46,1765,0.13085529508820615,0.26861247082059037,-0.7961378318479329,-0.19056175818629137,-0.956202723946293,-1.9619054609785533,-0.9562027239463053,-1.6875847649607054,-4.027290397645954,4.739598169850732,9.729183478912105,1.8781465231469787
ring,31623,24138,33025,33026,512,m12-1-29,2026-08-05T00:29:46,1848,-0.045927559713298996,-0.08943750694912647,-0.832936512502998,0.08303215478386677,0.34149410433080596,-1.798464764948833,0.34149410433080324,0.5726816521546718,-3.502258903302739,5.153068811160276,10.034881680726908,-0.6557138069385441
ring,31623,24138,33025,33026,512,m12-1-29,2026-08-05T00:29:46,1873,0.0662627124087038,0.12260523942151606,0.9292027707614058,0.12585867872967174,-0.037000967283343275,-7.523436033637354,-0.037000967283346876,0.07739354329644775,-13.920539058032869,7.391090978232286,13.675662314924264,-0.2032522220261167
ring,31623,24138,33025,33026,512,m12-1-29,2026-08-05T00:29:46,1910,-0.2921873925638975,-0.5406314338641323,1.0355047955694632,-0.7723248854272057,-0.22783368290377162,-6.553050600764308,-0.2278336829037691,-1.0707492540017636,-12.12504451813642,6.365353014605036,11.77774953648897,1.8430741394290084
ring,31623,24138,33025,33026,512,m12-1-29,2026-08-05T00:29:46,1945,5.608294479276878e-18,2.777738671402071e-17,0.2080569261529456,-9.602535913825165e-17,-6.844365026993648e-17,-7.669225560836992,-2.0550130369388107e-16,-3.966597058476765e-16,-13.501751398524931,7.485121129316353,13.177633631217358,4.86527360452516e-16
ring,31623,24138,33025,33026,512,m12-1-29,2026-08-05T00:29:46,1967,-0.28667339442002193,-0.5046914937273116,0.6086063622231586,-0.40791804824140493,0.3301264042585025,-7.806964900671366,0.3301264042585045,-0.014244518568564962,-13.744242939487997,7.141003765813532,12.571811432212234,0.4221625668099722
ring,31623,24138,33025,33026,512,m12-1-29,2026-08-05T00:29:46,1992,-0.19274366946596122,-0.33932723560224703,1.1804611696694356,-0.5498605583835617,-0.23546208045918743,-6.509701731208023,-0.23546208045919267,-0.8306475149030796,-11.460397631560364,7.118048914089015,12.531399176904909,1.380508073286664
ring,31623,24138,33025,33026,512,m12-1-29,2026-08-05T00:29:46,2031,-0.06996979597645064,-0.11735042064729795,-0.12886263513785456,-0.04104698816137686,0.15531689169137747,-7.391156817927904,0.15531689169137572,0.12683684086450164,-12.39613964210921,7.508595843210988,12.593103472359687,-0.08578985270312513
ring,31623,24138,33025,33026,512,m12-1-29,2026-08-05T00:29:46,2062,0.0589697520787384,0.09890160626216188,-0.6829181813337689,-0.05952618796637446,-0.28087839602842846,-4.665038944509229,-0.28087839602842657,-0.36313090283280414,-7.82400855732703,6.616230868414157,11.096466191917186,0.422657090799175
ring,31623,24138,33025,33026,512,m12-1-29,2026-08-05T00:29:46,2076,0.1831365270669969,0.3071489374419464,1.428412450674127,0.8253662327907844,0.728437474033189,-3.7470373909793757,0.7284374740331911,1.6127427442241795,-6.284374677333177,6.599258982859764,11.068001654023536,-2.4381089770149167
ring,31623,24138,33025,33026,512,m12-1-29,2026-08-05T00:29:46,2107,2.2154004460370866e-17,2.1731053778282702e-17,0.2080569261529473,-1.3616746811849462e-16,-3.5899882106773737e-16,-8.231594778648658,-4.8820274199134823e-17,-2.4102449569063204e-16,-13.166440632558665,8.033990331471044,12.850372204452169,2.937221211084663e-16
ring,31623,24138,33025,33026,512,m12-1-29,2026-08-05T00:29:46,2113,-0.1776198174435309,-0.28410300123156285,0.06684534778912977,-0.10885691071314783,0.3569152008499304,-7.982803269077786,0.35691520084991807,0.23888750923878965,-12.768498468404845,7.833602922470535,12.529852427292989,-0.1300305985256419
ring,31623,24138,33025,33026,512,m12-1-29,2026-08-05T00:29:46,2134,0.3257771197212907,0.5210806923321867,1.035504795569462,0.8022630503356095,0.2448390722627387,-7.306386259078637,0.244839072262751,1.0408110890933624,-11.686569067785332,7.097111045452745,11.351833241962353,-1.843074139429004
ring,31623,24138,33025,33026,512,m12-1-29,2026-08-05T00:29:46,2141,0.28889522323829975,0.46208807747230884,-0.514345997553763,-0.23195752456349916,-1.1985147201879862,-5.604096029368113,-1.1985147201879705,-1.3996769301342193,-8.963754856011708,6.348601619501369,10.154591980127863,1.6316344546977153
ring,31623,24138,33025,33026,512,m12-1-29,2026-08-05T00:29:46,2148,-0.45206428114271746,-0.7230770804224219,-0.1483133393267646,0.005129542412266913,1.337958495375212,-6.878094435913652,1.3379584953751988,1.3087097759973603,-11.001516047714604,5.6651928673490906,9.06147928387097,-1.3138393184096242
ring,31623,24138,33025,33026,512,m12-1-29,2026-08-05T00:29:46,2236,-0.07331035537973611,-0.11193836710406639,1.2566422615171517,-0.21068795767252319,-0.10278512804411749,-7.015257410904375,-0.1027851280441193,-0.3003159287402122,-10.711671704818706,8.22288336661095,12.555608715546551,0.5110038864127336
ring,31623,24138,33025,33026,512,m12-1-29,2026-08-05T00:29:46,2283,0.30922912164760497,0.45111879852846726,-0.1632425861005218,0.012288408829517755,-0.7603421784607259,-7.856041242118477,-0.7603421784607041,-0.5757435539854275,-11.460783083597434,7.727428941538675,11.273157072811463,0.5634551451559103
ring,31623,24138,33025,33026,512,m12-1-29,2026-08-05T00:29:46,2325,0.638369817754223,0.9312855906576063,0.33026202492900697,0.6364425598245471,-0.7332289269141515,-7.32414886956528,-0.7332289269141465,0.06937939103008438,-10.684832077514177,2.753335244191898,4.016702180855331,-0.7058219508546333
ring,31623,24138,33025,33026,512,m12-1-29,2026-08-05T00:29:46,2355,-0.07960647694650776,-0.11103919309526918,-0.12886263513785362,-0.0137814784264423,0.1672045663198471,-8.409113484230225,0.16720456631984745,0.09957133112956688,-11.729462372300508,8.542726951703631,11.915833283110365,-0.08578985270312513
ring,31623,24138,33025,33026,512,m12-1-29,2026-08-05T00:29:46,2389,-0.31752670087458806,-0.44290251250547064,-0.5143459975537611,0.3878398601536995,1.2626024949336059,-6.159499986338616,1.2626024949335948,1.243794594544009,-8.59158619483877,6.977791134138998,9.73298061717706,-1.631634454697707
ring,31623,24138,33025,33026,512,m12-1-29,2026-08-05T00:29:46,2392,-0.5434060703600008,-0.7579706311634844,0.08799965921580555,-0.10225310134956342,1.1469350599704309,-8.141924353717751,1.1469350599704327,0.67528733482038,-11.356773282242397,6.0587887411923935,8.451108989646476,-0.5730342334708178
ring,31623,24138,33025,33026,512,m12-1-29,2026-08-05T00:29:46,2597,0.08646621660625667,0.10578509800951777,-0.12886263513785629,-0.007767629467549088,-0.1730192326603905,-9.133732026385491,-0.17301923266039368,-0.0780222232355771,-11.174453740744998,9.278859049502316,11.352006049228253,0.08578985270312646
ring,31623,24138,33025,33026,512,m12-1-29,2026-08-05T00:29:46,2615,-0.36733118772770124,-0.4494028676272153,0.6086063622231574,-0.28755476800637,0.3766695646489549,-10.003515308122132,0.3766695646489642,-0.13460779880360496,-12.23857003167235,9.150180818736604,11.194577636288209,0.42216256680997255
ring,31623,24138,33025,33026,512,m12-1-29,2026-08-05T00:29:46,2646,0.5840994982413518,0.7146030564762973,0.9948162697588997,1.833312470113477,1.0459150665172137,-7.0060573192423385,1.0459150665171975,2.25800709500667,-8.571399203821827,5.189742788551747,6.349271091981767,-4.091319565120159
ring,31623,24138,33025,33026,512,m12-1-29,2026-08-05T00:29:46,2693,-0.35498239914306956,-0.41607489272888,-0.16324258610052272,0.15335203480996049,0.8050374817188167,-9.018414413996135,0.8050374817188106,0.4101031103459535,-10.570484111173174,8.87077274695031,10.397433303790613,-0.56345514515591
ring,31623,24138,33025,33026,512,m12-1-29,2026-08-05T00:29:46,2748,-0.7175800411485308,-0.8410756121035916,0.5607412074702464,-1.0950044551189373,0.04691374435209837,-8.339683704608806,0.046913744352102944,-1.0800422271564292,-9.774943803310666,3.556417289803785,4.168476932733358,2.1750466822753665
ring,31623,24138,33025,33026,512,m12-1-29,2026-08-05T00:29:46,2784,0.600857058444555,0.6749122525753267,0.5978405430724466,0.6467914945411283,-0.3153118145203716,-9.768397197975284,-0.31531181452034907,0.5733317456368073,-10.972345026623854,7.445315734294363,8.362945467221815,-1.220123240177934
ring,31623,24138,33025,33026,512,m12-1-29,2026-08-05T00:29:46,2827,-0.7370953377548782,-0.8279418004254464,0.10372553891135229,0.22435771344313804,1.4863338484133013,-8.29179693625147,1.4863338484132989,0.5706362423923844,-9.31375485981586,3.2280197773334702,3.62587086006393,-0.7949939558355265
ring,31623,24138,33025,33026,512,m12-1-29,2026-08-05T00:29:46,2857,-0.456980375990348,-0.4920121054343149,0.3480514548078951,-0.09129713854915211,0.6311329022288032,-10.51923212210161,0.6311329022287744,0.0020222387615165525,-11.325627567116483,9.461765621048366,10.187096577723286,0.0892748997876368
ring,31623,24138,33025,33026,512,m12-1-29,2026-08-05T00:29:46,3025,0.4368278211735547,0.432246774775771,1.0355047955694654,0.9244081604274946,0.27233108497450303,-9.796982651624457,0.27233108497451447,0.9186659790014972,-9.694240953614372,9.516369833658652,9.416570943493147,-1.8430741394289998
ring,31623,24138,33025,33026,512,m12-1-29,2026-08-05T00:29:46,3037,-0.3873736468128894,-0.383311230081829,-0.5143459975537624,0.8298715384142318,1.3330912059511801,-7.5144167897688625,1.3330912059511468,0.8017629162834913,-7.435612532581894,8.51270898127602,8.423435558376163,-1.6316344546977153
ring,31623,24138,33025,33026,512,m12-1-29,2026-08-05T00:29:46,3122,-0.6901244069545907,-0.6546731926681736,0.34236785469484887,-0.13550680990547076,0.7818303118123608,-10.573599362134749,0.7818303118123562,-0.21800579386106672,-10.030440863480816,7.659080960588492,7.265639259882536,0.3535126037665292
ring,31623,24138,33025,33026,512,m12-1-29,2026-08-05T00:29:46,3170,0.2912538375219418,0.26485226716387106,0.8149515136225541,0.2193869942841321,-0.17251801091682276,-11.741124047951704,-0.17251801091683258,0.2522227119657257,-10.67681493782198,11.176673161895899,10.163530381139369,-0.47160970624984605
ring,31623,24138,33025,33026,512,m12-1-29,2026-08-05T00:29:46,3212,0.567941817254868,0.5164590420402212,1.1778784139366114,2.211526395490054,1.2611985475715324,-7.191999638336676,1.2611985475714984,1.9714798100441442,-6.540059440458631,7.357258288494576,6.690337728755834,-4.183006205534187
ring,31623,24138,33025,33026,512,m12-1-29,2026-08-05T00:29:46,3221,0.4912442829927768,0.4467139838874199,-0.6154353255181593,-1.925612993236539,-2.3158453132746577,-5.098641037844565,-2.315845313274653,-1.4848332595912137,-4.6364595564380755,6.527159890340344,5.9354860688058135,3.410446252827755
ring,31623,24138,33025,33026,512,m12-1-29,2026-08-05T00:29:46,3224,0.07438433643496759,0.06764154702269566,-0.8329365125029968,-0.36766461897541586,-0.41829741410598303,-2.912795911158525,-0.4182974141059803,-0.2880491879631204,-2.6487568624665547,8.345917059705778,7.589376585152018,0.6557138069385434
ring,31623,24138,33025,33026,512,m12-1-29,2026-08-05T00:29:46,3297,0.8511680762054433,0.7418367621214106,0.3302620249290066,0.24550807029492966,-0.7787678951931607,-9.765627273985865,-0.7787678951931877,0.4603138805597054,-8.51124650881485,3.6711495402335834,3.1995956666178977,-0.7058219508546342
ring,31623,24138,33025,33026,512,m12-1-29,2026-08-05T00:29:46,3312,-0.7893031280914168,-0.6879182775345366,-0.11048323110097685,1.3342348622860292,2.0523076500952104,-8.641018900367472,2.052307650095239,0.7681514240595476,-7.531092461850342,4.060919365038842,3.53930011852254,-2.1023862863455616
ring,31623,24138,33025,33026,512,m12-1-29,2026-08-05T00:29:46,3342,-0.5047593885531415,-0.4215322620995672,0.07715587676325489,0.30379841325967416,0.7980814553606964,-11.339637889517071,0.7980814553607092,0.01463413315170133,-9.469904511651901,10.467779892479552,8.74180260398011,-0.3184325464113656
ring,31623,24138,33025,33026,512,m12-1-29,2026-08-05T00:29:46,3371,0.09302677321435385,0.07768807681076177,1.481627827199861,0.48363507660658195,0.29279642593559085,-5.16139572423512,0.2927964259355914,0.3775478255432345,-4.310360271780965,10.432515798503635,8.712353021383496,-0.8611829021498137
ring,31623,24138,33025,33026,512,m12-1-29,2026-08-05T00:29:46,3391,-0.6289100743816773,-0.5252123929209542,-0.4750800767183015,2.1919657369127115,2.478110073082599,-6.507646736785947,2.478110073082589,1.294086315585502,-5.434635020391269,5.797396766333702,4.84149443996727,-3.4860520524981973
ring,31623,24138,33025,33026,512,m12-1-29,2026-08-05T00:29:46,3400,-0.44247740304777156,-0.3695196263100976,1.3251577152177885,-2.0134025984080672,-1.1588122337205564,-6.43562652522465,-1.1588122337205402,-1.5935368026382566,-5.374489843531297,8.901205989340784,7.433532849891743,3.606939401046303
ring,31623,24138,33025,33026,512,m12-1-29,2026-08-05T00:29:46,3406,0.26164333773416454,0.2092990173812941,0.06684534778912839,-0.15219294261458668,-0.387324236911791,-11.759089283270619,-0.38732423691179135,0.022162344088942177,-9.406567939398721,11.539309321556624,9.230757118358119,0.13003059852564378
ring,31623,24138,33025,33026,512,m12-1-29,2026-08-05T00:29:46,3447,-0.7056321383853568,-0.5644634962835211,0.5978405430724474,-0.5403562192615182,0.3096962724168246,-11.471771707648152,0.3096962724168271,-0.6797670209164139,-9.176731067667312,8.743600476533587,6.994357295550288,1.2201232401779387
ring,31623,24138,33025,33026,512,m12-1-29,2026-08-05T00:29:46,3471,-0.5184992776466881,-0.4147684029112225,-0.6154353255181626,2.216041795509891,2.269531999271503,-5.381521549719546,2.2695319992714844,1.1944044573178512,-4.304895290385544,6.889296843533188,5.51102532281785,-3.41044625282776
ring,31623,24138,33025,33026,512,m12-1-29,2026-08-05T00:29:46,3507,-0.3125292753985609,-0.23937621709759754,0.8149515136225579,-0.19065812320600553,0.16731342730708276,-12.598786756910785,0.1673134273070802,-0.28095158304384615,-9.649815717399958,11.993104002932375,9.185903828749696,0.4716097062498449
ring,31623,24138,33025,33026,512,m12-1-29,2026-08-05T00:29:46,3509,0.10622861990020087,0.08136391429820575,1.2566422615171517,0.2847135109326105,0.1082578410899089,-10.165291235391123,0.10825784108991138,0.22629037548011902,-7.785923281971464,11.915172789857586,9.126213807852253,-0.5110038864127291
ring,31623,24138,33025,33026,512,m12-1-29,2026-08-05T00:29:46,3518,0.43264035334664513,0.33137315221371505,-0.5143459975537624,-1.1631278728065668,-1.287130530519579,-8.392517048765308,-1.2871305305195697,-0.4685065818911684,-6.42809855332303,9.507465084157799,7.282073089411758,1.6316344546977157
ring,31623,24138,33025,33026,512,m12-1-29,2026-08-05T00:29:46,3560,-0.732715796433793,-0.5612105788627403,0.9948162697589027,-2.323696161153509,-1.0304006403577388,-8.78865481649193,-1.0304006403577521,-1.7676234039667085,-6.731513201973032,6.510203367832765,4.986374005252658,4.091319565120141
ring,31623,24138,33025,33026,512,m12-1-29,2026-08-05T00:29:46,3571,-0.2702340623747258,-0.1980829785466287,0.06684534778912751,0.18451054547607437,0.3786038723152556,-12.145183952950282,0.3786038723152483,-0.05447994695043094,-8.902483244547875,11.91818779704998,8.736093877181634,-0.13003059852564455
ring,31623,24138,33025,33026,512,m12-1-29,2026-08-05T00:29:46,3585,-0.5303955839927686,-0.3887827321323382,0.07715587676325543,0.403336878740195,0.7734617861062771,-11.915566103519323,0.7734617861062629,-0.08490433232882863,-8.73417216213625,10.999427361012796,8.062637680942562,-0.31843254641136604
ring,31623,24138,33025,33026,512,m12-1-29,2026-08-05T00:29:46,3605,-0.580718978443186,-0.42567004299062655,-0.3526357800053185,1.3084938342172165,1.4661444625396294,-9.486897654341279,1.4661444625396192,0.38300254188575816,-6.953945509404781,9.09674361533137,6.667960561911653,-1.6914963761029862
ring,31623,24138,33025,33026,512,m12-1-29,2026-08-05T00:29:46,3608,-0.767209441531469,-0.5623685260554296,0.3423678546948482,0.05889024579017078,0.7466129262386461,-11.754641887537774,0.7466129262386303,-0.41240284955670314,-8.616213871676033,8.514579642745414,6.2412313306704466,0.3535126037665296
ring,31623,24138,33025,33026,512,m12-1-29,2026-08-05T00:29:46,3613,-0.10792039997222885,-0.07910621660566067,1.2566422615171509,-0.2892513175602371,-0.10693014344512627,-10.327182043673629,-0.10693014344512863,-0.22175256885249345,-7.569878353704781,12.104931932917095,8.872978303717622,0.511003886412735
ring,31623,24138,33025,33026,512,m12-1-29,2026-08-05T00:29:46,3720,-0.9052747688875165,-0.6346706969332954,0.5607412074702449,-1.071327467522964,0.044660498803656266,-10.521063582260329,0.044660498803641605,-1.1037192147524213,-7.376114949540305,4.486656059917148,3.145508111252248,2.1750466822753673
ring,31623,24138,33025,33026,512,m12-1-29,2026-08-05T00:29:46,3778,0.47890444168639523,0.32090737319247314,1.3251577152177865,2.2512771495315187,1.089213525093847,-6.965440736037148,1.0892135250938793,1.3556622515148136,-4.667447396934528,9.633999511158471,6.455612450735893,-3.606939401046297
ring,31623,24138,33025,33026,512,m12-1-29,2026-08-05T00:29:46,3798,-0.869790119956534,-0.5828345664139756,-0.11048323110097717,1.8389638915592812,1.9161149635093964,-9.522162776766217,1.9161149635093675,0.2634223947863031,-6.380672171347727,4.475020326084241,2.998650446359839,-2.10238628634557
ring,31623,24138,33025,33026,512,m12-1-29,2026-08-05T00:29:46,3940,0.4920070464303065,0.300433141812249,1.3251577152177858,2.3414387775219696,1.04761962888626,-7.156011983424244,1.047619628886269,1.2655006235243322,-4.369659293753177,9.89758129639561,6.043737517160738,-3.6069394010462976
ring,31623,24138,33025,33026,512,m12-1-29,2026-08-05T00:29:46,4031,0.573856539831999,0.33401047987406507,-0.6154353255181598,-2.8541895116608678,-2.0227672762794087,-5.956076447338416,-2.0227672762794153,-0.5562567411668894,-3.4667060741775804,7.624828459644356,4.437995275803292,3.4104462528277524
ring,31623,24138,33025,33026,512,m12-1-29,2026-08-05T00:29:46,4048,-0.49823170554653157,-0.28999340341540936,1.3251577152177858,-2.385124543587571,-1.02400940336233,-7.246546733996683,-1.0240094033623364,-1.221814857458749,-4.2178181898225535,10.022801189265445,5.83372394063666,3.6069394010462994
ring,31623,24138,33025,33026,512,m12-1-29,2026-08-05T00:29:46,4143,0.5135041478483153,0.2705709316456128,0.6086063622231598,-0.006229582683065461,-0.31702388279115357,-13.984237591044753,-0.31702388279114624,0.42839214949303345,-7.368447186292826,12.791333709095467,6.7398931306826,-0.42216256680997105
ring,31623,24138,33025,33026,512,m12-1-29,2026-08-05T00:29:46,4231,-0.32209761172564694,-0.16113405358355384,-0.34105694019996197,0.6207464374167486,0.48416017666478717,-11.69838027093761,0.4841601766647825,-0.10485339931488195,-5.852286278433032,12.384890549009533,6.195723112192384,-0.5158930381018652
ring,31623,24138,33025,33026,512,m12-1-29,2026-08-05T00:29:46,4308,0.49418618168479506,0.23433061663495988,-0.16324258610052322,-0.797644013235612,-0.6311860675969808,-12.554920454823941,-0.631186067596974,0.23418886807969408,-5.9532264579956875,12.349382174979713,5.85576539242354,0.5634551451559112
ring,31623,24138,33025,33026,512,m12-1-29,2026-08-05T00:29:46,4316,-0.5244539842591225,-0.24868284481189543,0.6086063622231586,0.03216267789152412,0.2975912130300467,-14.282434041050937,0.29759121303005903,-0.4543252447014965,-6.772369807018025,13.064092969517093,6.194663215565233,0.4221625668099753
ring,31623,24138,33025,33026,512,m12-1-29,2026-08-05T00:29:46,4372,-0.5208893142240724,-0.24699256823522658,1.3251577152177867,-2.5487776659961523,-0.9118298367772963,-7.576091037048028,-0.9118298367772859,-1.0581617350501948,-3.5923911881583175,10.47859857163001,4.9686870166807315,3.606939401046301
ring,31623,24138,33025,33026,512,m12-1-29,2026-08-05T00:29:46,4381,-0.3057056373644958,-0.13713999468068722,0.06684534778912953,0.32900636804656336,0.2965277754310419,-13.739390099894939,0.2965277754310471,-0.1989757695209211,-6.1635104326483425,13.482597880923667,6.048313068781106,-0.13003059852564156
ring,31623,24138,33025,33026,512,m12-1-29,2026-08-05T00:29:46,4435,0.7475967471416621,0.3353729908619972,-0.4750800767183012,-3.4176465826906415,-1.8810163183947834,-7.735757034503526,-1.881016318394809,-0.06840546980756324,-3.4702718854280703,6.891470086024195,3.091523529259062,3.4860520524981893
ring,31623,24138,33025,33026,512,m12-1-29,2026-08-05T00:29:46,4503,-0.3593496057759576,-0.15218723918032123,1.1804611696694323,-0.8810107906169412,-0.19688722885321097,-12.13663077656503,-0.1968872288532044,-0.49949728266970816,-5.13995368618251,13.270827925290677,5.620294640997237,1.380508073286662
ring,31623,24138,33025,33026,512,m12-1-29,2026-08-05T00:29:46,4542,-0.12690476203401027,-0.0506169432914971,-0.1288626351378544,0.17098046393337984,0.12150587195335268,-13.405398487239951,0.12150587195335247,-0.0851906112302566,-5.34684659703078,13.618398558900367,5.431803318713305,-0.08578985270312384
ring,31623,24138,33025,33026,512,m12-1-29,2026-08-05T00:29:46,4547,0.36565662488130796,0.14584496554051282,0.8149515136225541,0.11007835811360042,-0.11926801177089458,-14.74047459156073,-0.11926801177089172,0.3615313481362486,-5.8793520001307495,14.031830861189716,5.596703981733723,-0.4716097062498405
ring,31623,24138,33025,33026,512,m12-1-29,2026-08-05T00:29:46,4577,-0.6687853538883578,-0.2667501974660229,-0.3526357800053186,1.961151654841158,1.0581059608349452,-10.925591276645399,1.058105960834972,-0.269655278738199,-4.357756361639335,10.476270147603307,4.178541163219125,-1.6914963761029782
ring,31623,24138,33025,33026,512,m12-1-29,2026-08-05T00:29:46,4595,0.9725074341399679,0.38789209211258485,-0.11048323110097538,-2.554226005862216,-1.4258231023074246,-10.64667656831824,-1.4258231023074368,0.4518397195166494,-4.246509078651148,5.003495021605736,1.9956825867577113,2.102386286345558
ring,31623,24138,33025,33026,512,m12-1-29,2026-08-05T00:29:46,4602,-0.09338632457605331,-0.03724785594728592,-0.8329365125029947,0.6327008294359313,0.2891843039703191,-3.6568895740714096,0.2891843039703232,0.02301297750260403,-1.4585786161785612,10.477938727112555,4.179206689027937,-0.6557138069385404
ring,31623,24138,33025,33026,512,m12-1-29,2026-08-05T00:29:46,4640,-0.5435384664157867,-0.2036199264202388,0.6086063622231608,0.07866937002882408,0.2525325991126701,-14.802160968085653,0.2525325991126557,-0.5008319368387927,-5.545173181683377,13.539485390306861,5.072150711102109,0.42216256680997083
ring,31623,24138,33025,33026,512,m12-1-29,2026-08-05T00:29:46,4731,0.8046952720894606,0.2822553765549538,-0.14831333932676202,-1.8191013157412355,-0.9296757977410383,-12.243325350929787,-0.9296757977409885,0.5052619973316023,-4.29447584330698,10.084304613289081,3.5371764873527556,1.3138393184096213
ring,31623,24138,33025,33026,512,m12-1-29,2026-08-05T00:29:46,4850,-0.9018524112197872,-0.29513331580334706,-0.3053094219998337,3.477700793146998,1.4360695705427482,-9.570508064193238,1.4360695705426934,-0.4406057342272777,-3.13197120035159,6.029079782856555,1.9730304930389908,-3.0370950589197623
ring,31623,24138,33025,33026,512,m12-1-29,2026-08-05T00:29:46,4864,0.3205655770940252,0.09747320472737248,0.06684534778912944,-0.39482931198959326,-0.2210038981754233,-14.407243367388212,-0.22100389817542745,0.2647987134639525,-4.380757893710435,14.137968824146222,4.2988805663966785,0.13003059852564325
ring,31623,24138,33025,33026,512,m12-1-29,2026-08-05T00:29:46,5034,0.5619472379465069,0.14529432429826855,0.608606362223155,-0.12510430336144868,-0.18629923786859448,-15.30348629510338,-0.18629923786862662,0.547266870171419,-3.9567944292778505,13.998045931269747,3.6192661654714855,-0.4221625668099721
ring,31623,24138,33025,33026,512,m12-1-29,2026-08-05T00:29:46,5106,0.33343833141972057,0.07875137637037583,0.3543915748645222,-0.3174185337871017,-0.15663821624183583,-15.387278707628164,-0.156638216241852,0.3088028543603546,-3.6341633898562105,14.70076965697926,3.472023864987758,0.008615679426748193
ring,31623,24138,33025,33026,512,m12-1-29,2026-08-05T00:29:46,5129,0.13022533806025657,0.030756585683705907,1.2566422615171524,0.3557832020371316,0.05016717027888495,-12.461599226775427,0.050167170278878986,0.15522068437559938,-2.943177188735638,14.606773636552157,3.449823909900218,-0.5110038864127282
ring,31623,24138,33025,33026,512,m12-1-29,2026-08-05T00:29:46,5147,-0.9257759321885968,-0.21864951326980794,0.34236785469484793,0.5234324539744406,0.35027969285620936,-14.18408580746354,0.35027969285625654,-0.876945057740973,-3.3499936109241015,10.274369004403447,2.426597736945277,0.3535126037665321
ring,31623,24138,33025,33026,512,m12-1-29,2026-08-05T00:29:46,5212,0.6009277770562489,0.1286142543325582,1.0355047955694654,1.1700253250559276,0.11147219367468417,-13.477344439470434,0.11147219367467281,0.6730488143730594,-2.8845040479853012,13.09131582879104,2.801883833361855,-1.8430741394290087
ring,31623,24138,33025,33026,512,m12-1-29,2026-08-05T00:29:46,5431,0.33141447886011005,0.049272284900683465,0.06684534778912858,-0.4448578591980631,-0.11549734049541183,-14.894827746939384,-0.11549734049540208,0.3148272606724194,-2.214454235125834,14.61644014454046,2.1730655990427534,0.13003059852564447
ring,31623,24138,33025,33026,512,m12-1-29,2026-08-05T00:29:46,5449,-0.6641956458926318,-0.09874775901999386,0.3480514548078964,0.5608461654927455,0.18410719247104923,-15.28912080413115,0.1841071924710303,-0.6501210652803806,-2.2730748479462046,13.752151860651068,2.044569527577794,0.08927489978763874
ring,31623,24138,33025,33026,512,m12-1-29,2026-08-05T00:29:46,5471,-0.9409040259666591,-0.13988674058865663,0.3423678546948487,0.5722993362668992,0.227762613289535,-14.415867789248459,0.22776261328950861,-0.9258119400334324,-2.143245965732994,10.442262349223606,1.5524793221113398,0.35351260376653343
ring,31623,24138,33025,33026,512,m12-1-29,2026-08-05T00:29:46,5509,-3.018211449204659e-18,-1.9483081275828993e-18,0.20805692615294508,-3.998797623944387e-16,-7.201058542016315e-17,-15.403767374699191,-4.7002362202929324e-17,-7.978573907102679e-18,-1.959148334536993,15.033990555214853,1.9121177852940163,6.922425465830237e-16
ring,31623,24138,33025,33026,512,m12-1-29,2026-08-05T00:29:46,5546,-0.11422736981908806,-0.014528157683501648,-0.68291818133377,0.520438721543065,0.07992201250174943,-9.03641460156372,0.07992201250174838,-0.09778163074389179,-1.1493082300059974,12.815971300094699,1.6300161004310643,-0.4226570907991756
ring,31623,24138,33025,33026,512,m12-1-29,2026-08-05T00:29:46,5551,-0.9251828290699646,-0.11767059022793366,0.0879996592158032,1.458994169509185,0.30314992161986926,-13.862135552986592,0.30314992161984844,-0.8859599360383741,-1.7630738715495773,10.31546685630495,1.3119861667539832,-0.5730342334708224
ring,31623,24138,33025,33026,512,m12-1-29,2026-08-05T00:29:46,5587,-0.5718747061136343,-0.07273463372905828,1.3251577152177927,-2.9436499155707962,-0.2947994095121194,-8.31764967525955,-0.29479940951212963,-0.6632894854755335,-1.0578911711761914,11.504258803158848,1.4631842279902736,3.6069394010463065
ring,31623,24138,33025,33026,512,m12-1-29,2026-08-05T00:29:46,5628,-0.33740079556126856,-0.03570202097468947,-0.6259898395810979,1.4671074238006778,0.18904201895809494,-9.574855304193726,0.18904201895809156,-0.29942461127180453,-1.0131620594767392,12.50594525487208,1.3233149585644226,-1.1676828125288754
ring,31623,24138,33025,33026,512,m12-1-29,2026-08-05T00:29:46,5694,-0.3922700673945334,-0.03316195891963784,0.8149515136225545,-0.0649668497701292,0.02909272743076614,-15.813324764281116,0.029092727430767216,-0.4066428564797236,-1.3368361998636589,15.053104095609656,1.2725682154319535,0.47160970624984516
ring,31623,24138,33025,33026,512,m12-1-29,2026-08-05T00:29:46,5695,-0.13887032261526036,-0.011739901451854155,0.9292027707614086,-0.05802387281138348,0.0074252098857553964,-15.767268667215838,0.007425209885754244,-0.14522834921473632,-1.3329426822954593,15.489906031843061,1.3094948358126497,0.20325222202611973
ring,31623,24138,33025,33026,512,m12-1-29,2026-08-05T00:29:46,5706,0.33807850544350226,0.02858068061016155,-0.6259898395811001,-1.4742915724123202,-0.15163853162472213,-9.594087547110629,-0.15163853162472232,0.30660875988344527,-0.8110706463582796,12.531064942784583,1.0593585781654156,1.1676828125288803
ring,31623,24138,33025,33026,512,m12-1-29,2026-08-05T00:29:46,5707,0.11473828052070781,0.00969981260719201,-0.6829181813337679,-0.5260725163216567,-0.053599084376419186,-9.076832243426127,-0.053599084376418867,0.10341542552248204,-0.7673426116252439,12.873293961898499,1.0882901373545775,0.42265709079917585
ring,31623,24138,33025,33026,512,m12-1-29,2026-08-05T00:29:46,5711,-0.7174612956278988,-0.06065316726833468,-0.3526357800053197,2.3613658880773376,0.2581009597994562,-11.72078429539185,0.25810095979945014,-0.669869511974328,-0.9908585936504565,11.238760403090472,0.9501089728064407,-1.6914963761029775
ring,31623,24138,33025,33026,512,m12-1-29,2026-08-05T00:29:46,5775,-0.3928820294689324,-0.02488437689548021,0.8149515136225546,-0.06389227313329106,0.02186492671460137,-15.837994388170724,0.021864926714602377,-0.4077174331165574,-1.003147489734969,15.076587735005507,0.9549214862353854,0.4716097062498451
ring,31623,24138,33025,33026,512,m12-1-29,2026-08-05T00:29:46,5837,0.13650538184170863,0.0057597138238831645,-0.128862635137853,-0.21881650163291913,-0.014872162159369545,-14.419545885524087,-0.014872162159371215,0.13302664892979277,-0.6084189256895236,14.648659873433468,0.6180861709336449,0.08578985270312596
ring,31623,24138,33025,33026,512,m12-1-29,2026-08-05T00:29:46,5865,0.852003646453699,0.03594947770021783,-0.14831333932676252,-2.139905087453375,-0.12536949907151318,-12.96311561098805,-0.12536949907151826,0.82606576904378,-0.5469662454172179,10.677165133781088,0.4505127548175016,1.313839318409626
ring,31623,24138,33025,33026,512,m12-1-29,2026-08-05T00:29:46,5965,0.5763534404649934,0.012153933536989152,1.32515771521779,2.980097433408078,0.049646680059252005,-8.382790768098273,0.04964668005924801,0.6268419676382591,-0.1767732691380399,11.5943563691778,0.244497606540637,-3.606939401046309
ring,31623,24138,33025,33026,512,m12-1-29,2026-08-05T00:29:46,5973,0.9487050161732866,0.020005949306862298,-0.3053094219998359,-3.9454984918949663,-0.10240287100499294,-10.067710519891532,-0.10240287100501037,0.9084034329752458,-0.21230424933298522,6.342299650969124,0.13374412819911038,3.0370950589197663
ring,31623,24138,33025,33026,512,m12-1-29,2026-08-05T00:29:46,6011,0.12547831107502036,-7.004859241652617e-17,-0.4351159458914696,-0.3264728312073629,2.038309083997813e-16,-12.59374780337285,-7.807201895157362e-16,0.1201325804602063,7.354946323203174e-15,13.998064877427291,-8.061012659243624e-15,0.2063402507471572
ring,31623,24138,33025,33026,512,m12-1-29,2026-08-05T00:29:46,6106,0.9510344265046673,-0.020055071072015387,0.34236785469484926,-0.6054654190385746,0.03300509619876714,-14.571078640491372,0.03300509619879895,0.9589780228051099,0.3072696524824942,10.554690713011198,-0.22257351205523504,-0.35351260376653476
ring,31623,24138,33025,33026,512,m12-1-29,2026-08-05T00:29:46,6138,0.48841266634579744,-0.010299470201133917,-0.7231852696092793,-3.294282084586156,0.07901789824180609,-5.502620869751429,0.07901789824181658,0.45117079784730535,0.1160372848234096,9.96260100729632,-0.2100877378306744,2.8431112867388415
ring,31623,24138,33025,33026,512,m12-1-29,2026-08-05T00:29:46,6195,-0.33898282220718556,0.014303055460404376,-0.6259898395811012,1.4839003476312138,-0.07608971501982335,-9.61975050426815,-0.07608971501984617,-0.3162175351023431,0.40589615745687013,12.564583938852461,-0.5301505832778453,-1.16768281252887
ring,31623,24138,33025,33026,512,m12-1-29,2026-08-05T00:29:46,6221,0.10045120207255381,-0.004238442245990449,-0.8329365125029937,-0.7465507285761945,0.03539578617436692,-3.9335411820700226,0.03539578617437281,0.09083692163765639,0.16597200211083846,11.270617460952234,-0.47555290727526245,0.6557138069385411
ring,31623,24138,33025,33026,512,m12-1-29,2026-08-05T00:29:46,6225,-0.6633934118782729,0.02799124952816177,-0.6154353255181624,4.02326311392676,-0.19596383519791774,-6.885382672408852,-0.1959638351979635,-0.6128168610990419,0.29052212613109635,8.814504350357263,-0.37191956736403486,-3.410446252827749
ring,31623,24138,33025,33026,512,m12-1-29,2026-08-05T00:29:46,6228,-1.0460797255630028,0.04413833194647017,-0.11048323110097681,3.1155628908897515,-0.17451891046246235,-11.452120684911428,-0.17451891046252907,-1.0131766045441783,0.4832112619423764,5.382020245105796,-0.22708918863067576,-2.1023862863455616
ring,31623,24138,33025,33026,512,m12-1-29,2026-08-05T00:29:46,6292,1.034570732901285,-0.06552768035063451,0.7856626316892729,2.2870721159789844,-0.07631249660349868,-12.15640967220456,-0.07631249660345958,1.087060943021422,0.769963137249905,6.6240230516720064,-0.41955262348081285,-3.374133059000432
ring,31623,24138,33025,33026,512,m12-1-29,2026-08-05T00:29:46,6339,-0.6552882151482776,0.05539714262575442,0.07715587676325608,0.9587775737924329,-0.13616068161280026,-14.721333058012286,-0.1361606816127927,-0.6403450273810644,1.2445207592683512,13.589470464274044,-1.1488346900112099,-0.3184325464113665
ring,31623,24138,33025,33026,512,m12-1-29,2026-08-05T00:29:46,6416,0.12478167874994214,-0.013203756987521633,-0.43511594589146874,-0.3215276558375962,0.04673422003572925,-12.523829649880401,0.04673422003572136,0.1151874050904329,1.3252073934789796,13.920350215836708,-1.4729800341878323,0.2063402507471576
ring,31623,24138,33025,33026,512,m12-1-29,2026-08-05T00:29:46,6431,0.9274580319909287,-0.09813885013579438,0.0879996592158051,-1.4707316082757274,0.25345286008474227,-13.8962252164674,0.25345286008468676,0.8976973748049162,1.470427250540515,10.3408345777815,-1.0942140559497295,0.5730342334708133
ring,31623,24138,33025,33026,512,m12-1-29,2026-08-05T00:29:46,6525,-0.8964025013382129,0.11401012653931128,0.5978405430724479,-0.3027244113226104,-0.07946360274427305,-14.573209317034864,-0.07946360274423442,-0.917398828855333,1.853512719831352,11.107466499189323,-1.4127176789591969,1.2201232401779363
ring,31623,24138,33025,33026,512,m12-1-29,2026-08-05T00:29:46,6554,-1.1200515105242494,0.1424552187826136,0.33026202492900764,0.40819934865885743,-0.19678895595009996,-12.850582493891176,-0.19678895595003798,-1.1140212995134984,1.63441817045936,4.830863260556081,-0.6144196728678061,0.7058219508546327
ring,31623,24138,33025,33026,512,m12-1-29,2026-08-05T00:29:46,6600,-0.3355957790087814,0.04989393007710806,-0.6259898395811012,1.44804344763314,-0.2627747597473154,-9.523632033415604,-0.26277475974730846,-0.2803606351042597,1.4159040741180442,12.43904132789138,-1.849345841217556,-1.1676828125288816
ring,31623,24138,33025,33026,512,m12-1-29,2026-08-05T00:29:46,6616,1.0253735820336956,-0.15244505743191675,0.7856626316892736,2.2657456217134433,-0.1759568389659184,-12.048341339892707,-0.17595683896593606,1.108387437286971,1.7912594196901206,6.56513665809912,-0.9760565831112086,-3.37413305900045
ring,31623,24138,33025,33026,512,m12-1-29,2026-08-05T00:29:46,6858,0.9025070243126232,-0.19316009742548607,0.9948162697589027,3.0194200325311065,-0.4368302680073479,-10.825237758962029,-0.4368302680073468,1.0718995325890717,2.316883884386046,8.018803876986624,-1.7162336651000623,-4.091319565120133
ring,31623,24138,33025,33026,512,m12-1-29,2026-08-05T00:29:46,6929,-0.9257759321885961,0.21864951326980722,0.34236785469484887,0.5234324539744563,-0.3502796928562141,-14.184085807463504,-0.3502796928562167,-0.876945057740988,3.3499936109241055,10.274369004403463,-2.4265977369452774,0.353512603766532
ring,31623,24138,33025,33026,512,m12-1-29,2026-08-05T00:29:46,6975,-0.13959309917717355,0.03609250771614108,0.5656131474207745,0.09542010542175142,-0.06279876527631534,-15.714233188320588,-0.06279876527631444,-0.13122644444247208,4.0629951333256225,14.97922901798436,-3.8729560565687615,0.035806339020723034
ring,31623,24138,33025,33026,512,m12-1-29,2026-08-05T00:29:46,6989,-0.5619472379465067,0.14529432429826813,0.6086063622231591,0.12510430336145656,-0.18629923786859898,-15.303486295103458,-0.1862992378685919,-0.5472668701714307,3.9567944292778487,13.998045931269786,-3.619266165471503,0.4221625668099721
ring,31623,24138,33025,33026,512,m12-1-29,2026-08-05T00:29:46,7004,-0.11148152186092478,0.028824116032166357,-0.6829181813337648,0.4905910234177595,-0.15475495936780415,-8.819193276918616,-0.15475495936780434,-0.06793393261858698,2.2802473995747508,12.507895322489746,-3.233980125813141,-0.42265709079917435
ring,31623,24138,33025,33026,512,m12-1-29,2026-08-05T00:29:46,7083,0.32661880083446937,-0.09183730227149571,-0.6259898395811009,-1.3547505995956808,0.47073852434602315,-9.268880805147326,0.4707385243460208,0.1870677870668003,2.60618496561126,12.10630471588837,-3.4039999006283033,1.1676828125288767
ring,31623,24138,33025,33026,512,m12-1-29,2026-08-05T00:29:46,7086,-0.3266188008344688,0.09183730227149546,-0.6259898395811011,1.354750599595676,-0.47073852434602137,-9.268880805147328,-0.47073852434601815,-0.1870677870667996,2.6061849656112637,12.106304715888367,-3.4039999006283037,-1.1676828125288743
ring,31623,24138,33025,33026,512,m12-1-29,2026-08-05T00:29:46,7130,0.13794746849053777,-0.04194518313442257,0.5656131474207751,-0.08972726582724869,0.07212169542242916,-15.528981736034668,0.07212169542243037,0.1255336048479714,4.721840784296495,14.802642359478549,-4.500985421738876,-0.03580633902072244
ring,31623,24138,33025,33026,512,m12-1-29,2026-08-05T00:29:46,7147,-0.344577130208618,0.10477431002313531,-0.34105694019996335,0.7605490325882834,-0.3367871298316785,-12.514822075993097,-0.33678712983168096,-0.24465599448641107,3.8053362603624588,13.249244601542015,-4.0286494365248995,-0.5158930381018674
ring,31623,24138,33025,33026,512,m12-1-29,2026-08-05T00:29:46,7160,0.8922982914199985,-0.2713178839284888,0.08799965921580691,-1.292567235339001,0.6741405440387868,-13.369422216575849,0.6741405440387938,0.7195330018681899,4.065191405191716,9.948815695524154,-3.0251000680596043,0.5730342334708088
ring,31623,24138,33025,33026,512,m12-1-29,2026-08-05T00:29:46,7183,0.9918078268401426,-0.3015753850808605,0.7856626316892735,2.189528585138381,-0.33669301089784465,-11.653937112019735,-0.33669301089783427,1.1846044738620116,3.5435701122289034,6.350225942883566,-1.9308900194677014,-3.374133059000446
ring,31623,24138,33025,33026,512,m12-1-29,2026-08-05T00:29:46,7254,-0.8588065248379604,0.28104644857151784,0.5978405430724499,-0.354033225429066,-0.18767014994735418,-13.961995008508808,-0.18767014994735487,-0.8660900147488831,4.569095597934558,10.641608752409764,-3.482491411574508,1.2201232401779416
ring,31623,24138,33025,33026,512,m12-1-29,2026-08-05T00:29:46,7262,0.7295775736919831,-0.23875597135483093,1.1778784139366094,3.1132948250208705,-0.7489786669367045,-9.238836596842088,-0.748978666936702,1.069711380513356,3.0234309351165125,9.451127717782272,-3.0929037021227406,-4.183006205534188
ring,31623,24138,33025,33026,512,m12-1-29,2026-08-05T00:29:46,7331,-0.6794360792363447,0.23831939001196836,-0.35263578000531715,2.0463199728258954,-0.9603856036429497,-11.099586522317828,-0.9603856036429368,-0.35482359672288616,3.8932973538246607,10.643109740253948,-3.7331832951505937,-1.6914963761029818
ring,31623,24138,33025,33026,512,m12-1-29,2026-08-05T00:29:46,7378,-0.3137630827091327,0.11754166404434091,0.06684534778912805,0.3643096071202566,-0.26085038486421386,-14.10151749065216,-0.2608503848642112,-0.2342790085946105,5.28269870722237,13.837957031202603,-5.183963907983001,-0.13003059852564247
ring,31623,24138,33025,33026,512,m12-1-29,2026-08-05T00:29:46,7394,-0.5435384664157876,0.20361992642023752,0.6086063622231591,0.07866937002882217,-0.25253259911267084,-14.802160968085605,-0.2525325991126576,-0.5008319368387913,5.545173181683389,13.539485390306973,-5.072150711102136,0.4221625668099698
ring,31623,24138,33025,33026,512,m12-1-29,2026-08-05T00:29:46,7411,-0.5103296305999878,0.19117926007714536,-0.5143459975537649,1.8208420421547673,-0.8759308241340938,-9.899562285788202,-0.8759308241340847,-0.1892075874570348,3.708565757115695,11.21472166618021,-4.201249666006599,-1.6316344546977175
ring,31623,24138,33025,33026,512,m12-1-29,2026-08-05T00:29:46,7460,-0.3182323390815377,0.12692942331426169,0.3543915748645191,0.25830771234924343,-0.24095207455367706,-14.685563217577979,-0.24095207455367448,-0.24969203292249786,5.857450175026712,14.030361459404345,-5.596117899496581,-0.008615679426749193
ring,31623,24138,33025,33026,512,m12-1-29,2026-08-05T00:29:46,7574,-0.6630128211905898,0.2807908765623111,-0.35263578000531876,1.9155540033605725,-1.1041868662558074,-10.831288474527847,-1.1041868662558203,-0.22405762725759412,4.587131482013466,10.385845601631933,-4.398483101859545,-1.6914963761029798
ring,31623,24138,33025,33026,512,m12-1-29,2026-08-05T00:29:46,7587,0.8498718976095976,-0.3599270895952591,0.9948162697589032,2.788294241821339,-0.7665009898159233,-10.193898893242592,-0.7665009898159053,1.3030253232988638,4.317192238727954,7.551139086905583,-3.1979637429162846,-4.0913195651201555
ring,31623,24138,33025,33026,512,m12-1-29,2026-08-05T00:29:46,7837,0.7327939849412218,-0.3665909368362539,-0.47508007671830355,-3.2532411379829007,2.015397408556181,-7.582585458704173,2.015397408556175,-0.23281091451529265,3.7932995685961144,6.755015783240111,-3.379295702761978,3.486052052498216
ring,31623,24138,33025,33026,512,m12-1-29,2026-08-05T00:29:46,7881,-0.34827967990220554,0.18351235887623443,0.8149515136225517,-0.13782382160294274,-0.1429395943799464,-14.039969258103268,-0.14293959437994513,-0.333785884646906,7.397812809027028,13.365002103717819,-7.0421652596207,0.4716097062498423
ring,31623,24138,33025,33026,512,m12-1-29,2026-08-05T00:29:46,7897,-0.48213033349976736,0.25403972695499466,-0.5143459975537662,1.5695784712224652,-1.0996243332511313,-9.352541926161276,-1.0996243332511118,0.0620559834752617,4.927956264461621,10.595029511936584,-5.582636513978496,-1.6316344546977248
ring,31623,24138,33025,33026,512,m12-1-29,2026-08-05T00:29:46,7911,0.8165315800122033,-0.4302393880316309,0.9948162697589044,2.6490764912374094,-0.8802942594155917,-9.79399412216774,-0.8802942594155974,1.4422430738827796,5.160562237462876,7.254909294994957,-3.822690771197139,-4.091319565120168
ring,31623,24138,33025,33026,512,m12-1-29,2026-08-05T00:29:46,7967,0.6905946465715243,-0.3826971214616383,0.8353824233059013,0.9223928646536187,-0.05493300533724933,-12.56830696209516,-0.05493300533722482,0.8537051680271686,6.964801884750839,10.685544137696235,-5.921457693089888,-1.7760980326807896
ring,31623,24138,33025,33026,512,m12-1-29,2026-08-05T00:29:46,7973,0.47666726288279804,-0.2641479923220834,-0.5143459975537639,-1.5225520424700996,1.130422747532707,-9.246567268603581,1.1304227475327113,-0.10908241222762703,5.124040122036365,10.47497609403092,-5.804770162159008,1.6316344546977166
ring,31623,24138,33025,33026,512,m12-1-29,2026-08-05T00:29:46,7985,-0.5375211338793744,0.2978705260483489,1.0355047955694716,-1.0659126819247033,0.2309288756396878,-12.05528807517382,0.23092887563966202,-0.7771614575042861,6.680509424253211,11.709991111970268,-6.489161063064059,1.8430741394290062
ring,31623,24138,33025,33026,512,m12-1-29,2026-08-05T00:29:46,8163,0.41693595723845156,-0.2545926536549901,-0.723185269609278,-2.2777898514333046,1.6673965133752946,-4.697340297939344,1.6673965133753095,-0.5653214353055613,2.8683262040863924,8.504625030795257,-5.193159806297222,2.8431112867388517
ring,31623,24138,33025,33026,512,m12-1-29,2026-08-05T00:29:46,8254,-0.933686015237954,0.5975178547799049,0.10372553891135282,1.0243309051932548,-1.358765889128185,-10.503301871575879,-1.3587658891281829,-0.2293369493577312,6.721649783744916,4.088964844341548,-2.61675709198527,-0.7949939558355256
ring,31623,24138,33025,33026,512,m12-1-29,2026-08-05T00:29:46,8298,0.28185605971103916,-0.18886792409305286,-0.6259898395810962,-0.9273070604267294,0.8354203056407882,-7.998591063942267,0.8354203056407918,-0.2403757521021418,5.359747423790545,10.447149203180155,-7.000493034344773,1.16768281252888
ring,31623,24138,33025,33026,512,m12-1-29,2026-08-05T00:29:46,8370,0.3195408685333338,-0.22402394576836313,1.1804611696694212,0.7837136109156402,-0.25771695335946204,-10.792135227302476,-0.25771695335946504,0.596794462371009,7.5661580566614655,11.800686054036417,-8.273233607747883,-1.3805080732866657
ring,31623,24138,33025,33026,512,m12-1-29,2026-08-05T00:29:46,8378,0.4462252869726431,-0.3128399504829048,-0.5143459975537661,-1.2703188561010719,1.2532988296912755,-8.656042598753036,1.2532988296912675,-0.36131559859666323,6.068584674668633,9.806000070829043,-6.874797700071947,1.6316344546977204
ring,31623,24138,33025,33026,512,m12-1-29,2026-08-05T00:29:46,8462,-0.09287009272604749,0.0680742628202368,-0.6829181813337641,0.3074256035156359,-0.30447000591063744,-7.346861468380021,-0.3044700059106392,0.11523148728353673,5.385287812489522,10.4197483046245,-7.637729906247565,-0.42265709079917546
ring,31623,24138,33025,33026,512,m12-1-29,2026-08-05T00:29:46,8497,-0.8940488705728401,0.6553424897404005,0.10372553891135276,0.8478862702830461,-1.4269950943029115,-10.057412258846938,-1.4269950943029208,-0.05289231444752224,7.372135693024637,3.9153787689150996,-2.8699930788498276,-0.7949939558355207
ring,31623,24138,33025,33026,512,m12-1-29,2026-08-05T00:29:46,8550,-0.7173758543856169,0.5494612242036948,0.5978405430724498,-0.5273624651690962,-0.3064824200976582,-11.662694458506246,-0.3064824200976949,-0.6927607750088465,8.932832538910382,8.889118736304141,-6.808461747189365,1.22012324017794
ring,31623,24138,33025,33026,512,m12-1-29,2026-08-05T00:29:46,8833,0.24789001525406484,-0.22541928753944493,0.06684534778912885,-0.10262760744688824,0.3952281875989391,-11.140970937947584,0.3952281875989172,-0.02740299107875381,10.131064491467267,10.932743743883647,-9.941712670724966,0.13003059852564205
ring,31623,24138,33025,33026,512,m12-1-29,2026-08-05T00:29:46,8860,0.7037734565843694,-0.6399778184281603,0.3423678546948488,0.10258422513145186,0.7793963433885135,-10.782720472770327,0.7793963433884502,0.25092837863508827,9.805288705225507,7.810559701372089,-7.102548286840399,-0.35351260376653315
ring,31623,24138,33025,33026,512,m12-1-29,2026-08-05T00:29:46,8875,-0.5841385352514694,0.531187560361259,0.8353824233059026,-0.8941866474845406,0.06449391038135247,-10.63088521736587,0.0644939103814073,-0.8819113851962516,9.66721700814017,9.038352862922526,-8.219044485522893,1.7760980326807896
ring,31623,24138,33025,33026,512,m12-1-29,2026-08-05T00:29:46,8920,0.10110914421888732,-0.09591523729152888,0.9292027707614097,0.0992957726829706,0.04416852319594447,-11.479882897861744,0.04416852319594507,0.10395644934314945,10.890169239724214,11.277939832038074,-10.698599849759699,-0.20325222202611698
ring,31623,24138,33025,33026,512,m12-1-29,2026-08-05T00:29:46,8944,0.5223714919427953,-0.49553762907493054,-0.35263578000531953,-0.9267509568496362,1.5353018170796247,-8.533705743339532,1.5353018170796118,-0.7647454192533389,8.095335171431426,8.182752261516757,-7.762409927652843,1.6914963761029813
ring,31623,24138,33025,33026,512,m12-1-29,2026-08-05T00:29:46,8972,0.4817170444529038,-0.4569715724825948,-0.6154353255181644,-1.8277890628364606,2.3230774415940667,-4.999757506618911,2.3230774415940907,-1.582657189991306,4.742923415604184,6.4005715280610405,-6.071778587961784,3.410446252827781
ring,31623,24138,33025,33026,512,m12-1-29,2026-08-05T00:29:46,9003,0.41258133036685996,-0.40825455875191763,0.6086063622231581,0.2070293975662014,0.3843328466330347,-11.235810603780802,0.38433284663306516,0.21513316924376796,11.117979808218307,10.277357059292875,-10.1695776385389,-0.42216256680997055
ring,31623,24138,33025,33026,512,m12-1-29,2026-08-05T00:29:46,9085,0.4672518706370044,-0.482268250375675,0.34805145480789734,0.0646492843374248,0.6325388472681459,-10.755671676414774,0.6325388472681815,0.024625615450212315,11.10133374945764,9.674436624072825,-9.985350337284414,-0.08927489978763872
ring,31623,24138,33025,33026,512,m12-1-29,2026-08-05T00:29:46,9127,0.7213352379977238,-0.7445172615129849,0.7856626316892741,1.6679406111515613,-0.6045365995462794,-8.475830975332915,-0.6045365995462081,1.7061924478488393,8.74822431289801,4.618477106036805,-4.766904133079047,-3.3741330590004437
ring,31623,24138,33025,33026,512,m12-1-29,2026-08-05T00:29:46,9185,0.634696612733052,-0.6833519187034308,0.08799965921580606,-0.19722901737218465,1.2077375333951037,-9.509742511727735,1.207737533395131,-0.3758052160986255,10.238751336298494,7.076646546757146,-7.619136290784678,0.5730342334708115
ring,31623,24138,33025,33026,512,m12-1-29,2026-08-05T00:29:46,9198,-0.6149526486745613,0.662094399045214,0.5978405430724492,-0.6334663896487972,-0.31657991221054327,-9.997555401530759,-0.31657991221057047,-0.5866568505291366,10.763959549998837,7.619976443108308,-8.20411739783949,1.2201232401779347
ring,31623,24138,33025,33026,512,m12-1-29,2026-08-05T00:29:46,9357,-0.5534825645042236,0.6487369492383855,-0.14831333932676438,0.4225525811680279,-1.4697058768432474,-8.421159348552791,-1.4697058768432538,0.8912867372416132,9.870441410785538,6.93614958630525,-8.12986137352181,-1.3138393184096322
ring,31623,24138,33025,33026,512,m12-1-29,2026-08-05T00:29:46,9362,-0.39886353158526616,0.46750797086960294,1.0355047955694636,-0.8786491788316262,0.2689481210585006,-8.945536227084709,0.2689481210584897,-0.9644249605973515,10.485063583635517,8.68931120167029,-10.184742214967189,1.8430741394289922
ring,31623,24138,33025,33026,512,m12-1-29,2026-08-05T00:29:46,9500,-0.3577748017613385,0.4570474046897533,0.6086063622231556,-0.3033658671553117,-0.37311085535259925,-9.743266637443899,-0.3731108553525876,-0.11879669965465788,12.446753398844569,8.912132260685546,-11.385002241480441,0.42216256680996883
ring,31623,24138,33025,33026,512,m12-1-29,2026-08-05T00:29:46,9546,-0.40927930310625205,0.5228429793183741,-0.6154353255181595,1.1466695622215408,-2.258257984452243,-4.24792373774795,-2.2582579844522446,2.263776690606193,5.426604976369443,5.4380916860885575,-6.947011582022126,-3.4104462528277564
ring,31623,24138,33025,33026,512,m12-1-29,2026-08-05T00:29:46,9567,-0.08646129554989399,0.11538347725286224,0.5656131474207731,-0.05428534455541282,-0.12434704218661784,-9.733095461337111,-0.12434704218661632,0.018479005534691555,12.988914769558011,9.27784793709382,-12.381382323694712,0.03580633902072108
ring,31623,24138,33025,33026,512,m12-1-29,2026-08-05T00:29:46,9583,-0.08357219046813873,0.11152793717146998,0.929202770761407,-0.11404645125801291,-0.042450254018593765,-9.488745726252457,-0.04245025401859203,-0.08920577076810737,12.6628275657917,9.321828831731223,-12.440075274380444,0.2032522220261178
ring,31623,24138,33025,33026,512,m12-1-29,2026-08-05T00:29:46,9585,0.234016276239561,-0.31229709796223654,1.1804611696694212,0.613272008660826,-0.263109269011462,-7.903637835620589,-0.26310926901146875,0.7672360646258248,10.547484982976407,8.642251678519003,-11.533172659742263,-1.3805080732866597
ring,31623,24138,33025,33026,512,m12-1-29,2026-08-05T00:29:46,9642,0.199624938880845,-0.2784470935689848,0.354391574864519,0.10808423722877775,0.3315748159486561,-9.212151939682826,0.3315748159486634,-0.11669991665552662,12.849581557801654,8.801148421600685,-12.276292790885982,0.008615679426750197
ring,31623,24138,33025,33026,512,m12-1-29,2026-08-05T00:29:46,9714,-0.6441788915639828,0.8985337257963818,0.5607412074702443,-1.1027740397283172,-0.04499202893881421,-7.486618769706219,-0.044992028938831356,-1.0722726425470632,10.442719475686498,3.192631924402383,-4.453246599193831,2.1750466822753616
ring,31623,24138,33025,33026,512,m12-1-29,2026-08-05T00:29:46,9739,-0.20362837775869538,0.29706318936380033,-0.34105694019996335,0.03974226007363375,-0.564288719361349,-7.395653088556329,-0.5642887193613663,0.4761507780282296,10.789145982973936,7.829661194017036,-11.42229855943213,-0.5158930381018649
ring,31623,24138,33025,33026,512,m12-1-29,2026-08-05T00:29:46,9746,0.07565405192846375,-0.11036788782355367,1.256642261517139,0.21506086106182365,-0.10458295617093842,-7.23953179202314,-0.1045829561709307,0.29594302535090383,10.561388482834705,8.48576496453959,-12.379455321030445,-0.5110038864127259
ring,31623,24138,33025,33026,512,m12-1-29,2026-08-05T00:29:46,9767,-0.3474544648611267,0.5068838274233586,1.0355047955694663,-0.823311772686251,0.2540162475689236,-7.792556241790934,0.2540162475688905,-1.0197623667427267,11.368168012546828,7.569355768346847,-11.042552078075078,1.8430741394289887
ring,31623,24138,33025,33026,512,m12-1-29,2026-08-05T00:29:46,9844,-0.5109695788577784,0.7802049246783669,0.08799965921580719,-0.19748692122496683,-1.1101091862953107,-7.655924151445104,-1.1101091862953507,0.7705211546957647,11.68991261529524,5.697133139172207,-8.699013631431242,-0.5730342334708097
ring,31623,24138,33025,33026,512,m12-1-29,2026-08-05T00:29:46,9867,-0.055083855130209906,0.08410812858747811,-0.8329365125029887,0.15992402165891595,-0.38516999892052106,-2.1570136359878265,-0.38516999892052806,0.49578978527961504,3.2935672318457727,6.180404481358979,-9.436925821767245,-0.6557138069385318
ring,31623,24138,33025,33026,512,m12-1-29,2026-08-05T00:29:46,9980,0.0642603736292725,-0.10777481584890651,-0.4351159458914643,0.003001231499807969,0.196447808367402,-6.449552375260374,0.19644780836739484,-0.2093414822469652,10.816919981849137,7.168735946505331,-12.023104642393529,0.20634025074715753
ring,31623,24138,33025,33026,512,m12-1-29,2026-08-05T00:29:46,10073,0.3899561468826222,-0.6865218540998669,0.8353824233059031,0.8548709515691449,-0.05564486508539753,-7.0969107277450885,-0.055644865085473186,0.9212270811116526,12.494185179902606,6.0337763114250205,-10.622525978004978,-1.7760980326807803
ring,31623,24138,33025,33026,512,m12-1-29,2026-08-05T00:29:46,10152,0.1855468083887285,-0.3433154188751498,1.1804611696694258,0.5400591008156962,-0.2293342567602438,-6.266635802539489,-0.2293342567602779,0.8404489724709533,11.595094058311677,6.85226789353669,-12.678683306617463,-1.3805080732866548
ring,31623,24138,33025,33026,512,m12-1-29,2026-08-05T00:29:46,10157,0.4434304262119699,-0.8204749186416053,0.08799965921580591,0.37698012325744396,1.0131010447044129,-6.643976177820076,1.0131010447043245,-0.950014356728254,12.293283211350786,4.944095070663037,-9.148010062168026,0.5730342334708111
ring,31623,24138,33025,33026,512,m12-1-29,2026-08-05T00:29:46,10277,-0.4334706719412301,0.8441235823544073,-0.3053094219998387,0.10321127505906809,-1.9741835297240116,-4.600014935696315,-1.974183529723959,2.933883783860645,8.957886514016181,2.897845847223913,-5.643149989167251,-3.037095058919756
ring,31623,24138,33025,33026,512,m12-1-29,2026-08-05T00:29:46,10307,-0.23952733644133795,0.49168839233607703,-0.16324258610052308,-0.2207669295184266,-0.641922815478861,-6.085250391915987,-0.6419228154788394,0.7842220746743368,12.491463507324855,5.985627944885976,-12.286964089644533,-0.5634551451559144
ring,31623,24138,33025,33026,512,m12-1-29,2026-08-05T00:29:46,10330,-0.4084478472170943,0.8384390205102562,0.08799965921580463,-0.4599635433684455,-0.9536083778733105,-6.119827613035783,-0.9536083778732819,1.0329977768392713,12.56244170345252,4.554051478379227,-9.348303551851238,-0.5730342334708217
ring,31623,24138,33025,33026,512,m12-1-29,2026-08-05T00:29:46,10346,0.45853822013740164,-0.9412617517217013,-0.1104832311009762,0.22582258560626214,1.6313522408875925,-5.019918565797423,1.6313522408875405,-2.3282088719518295,10.304609594652653,2.3591528672502333,-4.842737776017449,2.102386286345571
ring,31623,24138,33025,33026,512,m12-1-29,2026-08-05T00:29:46,10350,0.2139478684766513,-0.4391802833777164,-0.7231852696092793,-0.2661806290175209,1.4759595956821296,-2.4104084255770575,1.475959595682125,-2.5769306577213493,4.947952335017063,4.364090853625241,-8.95836294807682,2.843111286738861
ring,31623,24138,33025,33026,512,m12-1-29,2026-08-05T00:29:46,10360,-0.48547246665914134,0.9965508747412695,0.10372553891135203,-0.5248736735615089,-1.1783029725548801,-5.461219065555021,-1.1783029725548262,1.319867629397051,11.21048671284137,2.126067882208886,-4.364273884274068,-0.7949939558355258
ring,31623,24138,33025,33026,512,m12-1-29,2026-08-05T00:29:46,10547,0.04771277169985142,-0.11605299637216362,-0.4351159458914686,0.055558839921868726,0.15706436263177828,-4.788736863286112,0.1570643626317772,-0.2618990906690282,11.647767296317324,5.322724445478777,-12.946598966144311,0.20634025074715814
ring,31623,24138,33025,33026,512,m12-1-29,2026-08-05T00:29:46,10554,-0.14969163586259981,0.3640987990173625,0.8149515136225551,-0.35898888109011373,-0.12189218774755388,-6.034420286294717,-0.12189218774755578,-0.11262082515973358,14.677674983942493,5.744317408280496,-13.972050325171322,0.47160970624984666
ring,31623,24138,33025,33026,512,m12-1-29,2026-08-05T00:29:46,10674,0.17619170578066956,-0.4556418489861653,-0.7231852696092792,-0.03479758791571074,1.2610512469796822,-1.9850348365442056,1.261051246979728,-2.8083136988231585,5.133413852924764,3.5939437824591485,-9.294144596287111,2.8431112867388673
ring,31623,24138,33025,33026,512,m12-1-29,2026-08-05T00:29:46,10684,-0.3997993652344212,1.0339040716574641,0.10372553891135229,-0.709593720049696,-1.006735168907768,-4.49745776694678,-1.0067351689078372,1.504587675885226,11.630683542049479,1.7508729086158503,-4.527857687095698,-0.7949939558355255
ring,31623,24138,33025,33026,512,m12-1-29,2026-08-05T00:29:46,10731,-0.11566857601397143,0.31895879305947095,-0.6259898395811009,-0.10946146475283819,-0.5789877992715189,-3.282475599186349,-0.5789877992715525,1.2771442772817063,9.051502935742523,4.287319112373168,-11.822382332935124,-1.1676828125288838
ring,31623,24138,33025,33026,512,m12-1-29,2026-08-05T00:29:46,10887,0.2566685538409462,-0.8132181945741945,-0.1483133393267634,0.5617039045543762,0.8543534991711188,-3.9051759355658313,0.854353499171151,-1.8755432229640139,12.373000417430855,3.216526766540673,-10.191112431742306,1.3138393184096289
ring,31623,24138,33025,33026,512,m12-1-29,2026-08-05T00:29:46,10935,-0.036479363363384365,0.11557972945907076,1.4816278271998675,-0.18694261747278737,0.1708175024244641,-2.0239810925478725,0.17081750242445923,-0.6742402846770243,6.412699278128391,4.090989308324576,-12.961723941452133,0.8611829021498123
ring,31623,24138,33025,33026,512,m12-1-29,2026-08-05T00:29:46,10990,0.2911029272598337,-0.9949319393851933,0.7856626316892769,1.1776176734926176,-0.3260247905545955,-3.4205166722865186,-0.3260247905546114,2.196515385507776,11.690646049119842,1.863838246391165,-6.370228628883108,-3.3741330590004353
ring,31623,24138,33025,33026,512,m12-1-29,2026-08-05T00:29:46,11013,-0.21556623628704166,0.7367625449660856,1.177878413936604,-1.0244108296758325,0.6828919738154079,-2.729773097018261,0.6828919738154163,-3.158595375858324,9.329821816163603,2.792498158188452,-9.544203606637437,4.183006205534173
ring,31623,24138,33025,33026,512,m12-1-29,2026-08-05T00:29:46,11078,0.1729782517304394,-0.6410560454452755,-0.6154353255181627,0.3053192717372952,1.1702266761832807,-1.7953471286309008,1.1702266761832354,-3.715765524565029,6.65354239026081,2.2983610103666834,-8.51770789432718,3.410446252827754
ring,31623,24138,33025,33026,512,m12-1-29,2026-08-05T00:29:46,11083,-0.07783965357059075,0.28847314617651143,-0.7961378318479305,-0.1104257433803773,-0.6108559229361118,-1.167045180081345,-0.6108559229360981,1.988572266527348,4.325060292347047,2.81936378162078,-10.448540081986481,-1.878146523146978
ring,31623,24138,33025,33026,512,m12-1-29,2026-08-05T00:29:46,11092,-0.27006212117359657,1.0008481048467048,0.7856626316892744,-1.164326489605209,0.3042583632937346,-3.1732830608152303,0.3042583632937717,-2.209806569395202,11.760162157348642,1.7291207446209977,-6.408107930073739,3.3741330590004326
ring,31623,24138,33025,33026,512,m12-1-29,2026-08-05T00:29:46,11093,-0.24044209312490478,0.8910765130025372,0.9948162697589044,-1.123272184287534,0.5368713309760019,-2.8840139247913634,0.5368713309760345,-2.9680473808326813,10.688133005974105,2.136335714405377,-7.9172434171342205,4.091319565120172
ring,31623,24138,33025,33026,512,m12-1-29,2026-08-05T00:29:46,11143,-0.18957159975849072,0.7664467765039429,0.8353824233059013,-0.8307333887044993,0.03020022882439693,-3.4500615793774827,0.030200228824399888,-0.945364643976296,13.948759094836545,2.933233998452664,-11.85920119738351,1.776098032680786
ring,31623,24138,33025,33026,512,m12-1-29,2026-08-05T00:29:46,11152,0.2489012615961942,-1.006319353010695,0.7856626316892773,1.1519647184323971,-0.28195097576630085,-2.924638797201093,-0.28195097576629435,2.222168340568023,11.824450399790301,1.593634579029538,-6.443138569165907,-3.3741330590004392
ring,31623,24138,33025,33026,512,m12-1-29,2026-08-05T00:29:46,11219,-0.15810453060982815,0.7024474890156495,-0.3526357800053183,-0.543428220999633,-0.6587123974973874,-2.5828697808434073,-0.6587123974974337,2.234924597102622,11.475511707410911,2.4766477982786146,-11.003574789201979,-1.6914963761029695
ring,31623,24138,33025,33026,512,m12-1-29,2026-08-05T00:29:46,11231,0.16856336724795326,-0.7489153764704719,1.1778784139366063,0.9467779178533156,-0.5427997957043885,-2.1345631532182767,-0.5427997957043488,3.2362282876808424,9.483716382699948,2.1836114072667625,-9.7016343814065,-4.183006205534177
ring,31623,24138,33025,33026,512,m12-1-29,2026-08-05T00:29:46,11253,-0.24276918819015192,1.0786067040379652,0.5607412074702428,-1.1304486026321376,-0.020354075787566622,-2.8214528368012997,-0.020354075787628125,-1.0445980796432268,12.535519715612239,1.2031947501343088,-5.3457110164312445,2.175046682275358
ring,31623,24138,33025,33026,512,m12-1-29,2026-08-05T00:29:46,11323,0.05944920344996893,-0.2928165977913952,-0.7961378318479299,0.17911046654033705,0.4735591517083499,-0.8913182826932201,0.47355915170837865,-2.057256989687306,4.390181397587742,2.1532589543329532,-10.605860542812096,1.878146523146978
ring,31623,24138,33025,33026,512,m12-1-29,2026-08-05T00:29:46,11502,-0.019086031260205624,0.11968768200597743,1.4816278271998626,-0.14778731024177932,0.0925483180713695,-1.0589484804772344,0.09254831807136643,-0.7133955919080323,6.6406204236045365,2.140408785264682,-13.422411530242936,0.8611829021498084
ring,31623,24138,33025,33026,512,m12-1-29,2026-08-05T00:29:46,11570,-0.06674212716480007,0.48394059572941966,-0.7231852696092745,-0.38286518402978886,-0.5073594677571286,-0.751939184084564,-0.507359467757107,3.2259764707686323,5.45223702264788,1.3614003672263049,-9.8713800822521,-2.843111286738836
ring,31623,24138,33025,33026,512,m12-1-29,2026-08-05T00:29:46,11582,-0.04885589534727228,0.35424928907154396,1.428412450674113,-0.42194805462836216,0.2241270383813834,-0.9996087048709684,0.22412703838139073,-2.0161609223866193,7.2480643437851136,1.760504643173643,-12.765245909800859,2.4381089770149464
ring,31623,24138,33025,33026,512,m12-1-29,2026-08-05T00:29:46,11676,0.054988476624798104,-0.5778160661901813,0.6086063622231547,0.5885361050854474,0.07249836115447583,-1.497498949352074,0.07249836115445987,-0.16637353827548199,15.735641449799964,1.369757104416513,-14.393336755087919,-0.42216256680996933
ring,31623,24138,33025,33026,512,m12-1-29,2026-08-05T00:29:46,11743,-0.05461472453065662,0.5738886985302107,1.3251577152177965,-0.6469349865464117,0.22213750246520952,-0.7943455811220134,0.22213750246522182,-2.9600044144999003,8.346942251396479,1.098670598204515,-11.544773779149532,3.606939401046299
ring,31623,24138,33025,33026,512,m12-1-29,2026-08-05T00:29:46,11803,0.08172924655003193,-1.105494229785977,0.10372553891135242,1.0826186545803997,0.22005278520491528,-0.9193957435816207,0.22005278520491858,-1.877612610415923,12.4360217709464,0.35792333872800175,-4.841378115816891,0.7949939558355216
ring,31623,24138,33025,33026,512,m12-1-29,2026-08-05T00:29:46,11804,0.07719486854552268,-1.044160876901251,-0.11048323110097444,0.9980166187386089,0.3046615451365911,-0.8451028437277275,0.3046615451365874,-3.1004029050841573,11.431113790395417,0.39716317521275446,-5.372147878695847,2.102386286345554
ring,31623,24138,33025,33026,512,m12-1-29,2026-08-05T00:29:46,11837,0.020741207399249145,-0.39312253001923403,0.8149515136225493,0.40814019928975054,0.01823564207434582,-0.8361266277239371,0.01823564207435265,0.06346950696009582,15.847689528391786,0.7959301002069868,-15.085816784376489,-0.47160970624984333
ring,31623,24138,33025,33026,512,m12-1-29,2026-08-05T00:29:46,11877,0.018840953319210527,-0.35710569275202114,1.4284124506741167,0.39563481930687017,-0.08713004440867425,-0.3854924940394277,-0.08713004440866451,2.042474157708123,7.306507362039813,0.6789269864878364,-12.86817539060383,-2.4381089770149424
ring,31623,24138,33025,33026,512,m12-1-29,2026-08-05T00:29:46,11895,-0.03498322852649459,0.6630614622307037,-0.6154353255181624,-0.6081701338399567,-0.24479140472352695,-0.36309211277705916,-0.2447914047235532,4.018616386667688,6.881937355782746,0.4648219510701234,-8.810093737348073,-3.410446252827749
ring,31623,24138,33025,33026,512,m12-1-29,2026-08-05T00:29:46,11926,-0.011388616153352576,0.3599741020208804,-0.34105694019996097,-0.34585170897449596,-0.03824339508558479,-0.4136272908324011,-0.038243395085588675,0.8617447470763607,13.074030293389741,0.43790068423138456,-13.841269514919867,-0.5158930381018657
ring,31623,24138,33025,33026,512,m12-1-29,2026-08-05T00:29:46,11995,-0.003532193564422254,0.33503856265521303,0.06684534778912873,-0.3319103176290707,-0.008370224289715029,-0.15874808756657313,-0.008370224289699054,0.46194091615471083,15.057705675671526,0.15578105093924144,-14.776273849006872,-0.13003059852564405
ring,31623,24138,33025,33026,512,m12-1-29,2026-08-05T00:29:46,12046,0.011685994131033339,-1.1084496377250892,0.10372553891135296,1.0985545670496801,0.03154819554959374,-0.13145910083747403,0.031548195549542496,-1.8935485228852138,12.469268002796893,0.05117739624792335,-4.8543209670179595,0.7949939558355203
ring,31623,24138,33025,33026,512,m12-1-29,2026-08-05T00:29:46,12092,0.006118894092043472,0.5803944331608434,0.6086063622231535,-0.5953500577841689,0.008103321358408737,0.16663559415460663,0.008103321358465447,0.17318749097419592,15.805858012735037,-0.15242100105695544,-14.457563602104656,0.4221625668099727
ring,31623,24138,33025,33026,512,m12-1-29,2026-08-05T00:29:46,12191,0.022768127803102146,0.719660426715324,-0.35263578000532075,-0.6886143775131632,0.09718351441884053,0.3719508166033856,0.09718351441891522,2.3801107536161568,11.756710332475924,-0.3566541286133946,-11.273208961552301,-1.6914963761029846
ring,31623,24138,33025,33026,512,m12-1-29,2026-08-05T00:29:46,12230,0.011307923259445934,0.35742354173926344,1.428412450674115,-0.39269372383387474,-0.05234006947985325,0.23136406453721212,-0.05234006947981755,-2.0454152531811136,7.313010663478067,-0.4074769536286326,-12.87962896470957,2.4381089770149598
ring,31623,24138,33025,33026,512,m12-1-29,2026-08-05T00:29:46,12237,0.0071984419539898115,0.1364370771033997,-0.12886263513785468,-0.1326739977314853,0.01857780269808565,0.7603968624490212,0.01857780269809292,0.21846385043461006,14.412330614631827,-0.7724789043477344,-14.641329958189669,-0.08578985270312414
ring,31623,24138,33025,33026,512,m12-1-29,2026-08-05T00:29:46,12244,-0.035379033004022245,-0.6705634197880852,0.3480514548078989,0.6739792829208736,-0.06659372360280048,0.8143900263075208,-0.06659372360283007,-0.5847043831332347,15.435700603235732,-0.7325218669574887,-13.883996437119198,-0.0892748997876366
ring,31623,24138,33025,33026,512,m12-1-29,2026-08-05T00:29:46,12315,-0.025260376136927915,-0.34167940168763283,0.3543915748645205,0.34199132077093086,-0.051485230684361206,1.1656981554084007,-0.05148523068436212,-0.35060700019768565,15.767581849506147,-1.1136901071226486,-15.064105435501382,0.008615679426749807
ring,31623,24138,33025,33026,512,m12-1-29,2026-08-05T00:29:46,12381,0.04895474596484487,0.6621765337288693,-0.6154353255181685,-0.5957940126745934,0.3420984274087378,0.5081029650929751,0.3420984274087155,4.006240265502337,6.872752652914538,-0.6504614208573596,-8.798335697564246,-3.410446252827763
ring,31623,24138,33025,33026,512,m12-1-29,2026-08-05T00:29:46,12461,0.04628153725991111,0.4863239980119126,-0.7231852696092816,-0.41919065090575947,0.3535551328817665,0.521423317531742,0.35355513288174356,3.2623019376446196,5.479089231946108,-0.9440469535210005,-9.919996524077938,-2.843111286738856
ring,31623,24138,33025,33026,512,m12-1-29,2026-08-05T00:29:46,12492,0.01451847945470978,0.12463554992281582,-0.43511594589146485,-0.1141535754007291,0.05132745380835524,1.4571607409646126,0.051327453808354954,0.3204938261478851,12.509163293759707,-1.6196473764068797,-13.90404842802138,-0.20634025074715706
ring,31623,24138,33025,33026,512,m12-1-29,2026-08-05T00:29:46,12524,-0.014023446490190331,-0.12038588273450691,1.4816278271998684,0.14099639855895837,0.06839648242773565,0.7780615649940793,0.06839648242773538,0.7201865035908552,6.679358629073461,-1.572663675233291,-13.500711463468962,-0.8611829021498132
ring,31623,24138,33025,33026,512,m12-1-29,2026-08-05T00:29:46,12559,-0.04577575491739476,-0.3319154939426483,0.06684534778912815,0.3171778579311763,-0.10746346632112659,2.0573089830770517,-0.10746346632112905,-0.4472084564568197,14.917344968814346,-2.018857426273361,-14.638536514592593,0.1300305985256434
ring,31623,24138,33025,33026,512,m12-1-29,2026-08-05T00:29:46,12617,-0.0907139316595757,-0.6577577909660377,-0.6154353255181692,0.5342432366268863,-0.6296837438137721,0.941522966630748,-0.6296837438137968,-3.944689489454656,6.826890372240228,-1.205315474851387,-8.73962388854017,3.4104462528277657
ring,31623,24138,33025,33026,512,m12-1-29,2026-08-05T00:29:46,12682,0.1243337672998597,0.7796917127668449,0.835382423305904,-0.8264768829897307,-0.020149624983849597,2.2627817359086824,-0.020149624983859766,-0.9496211496910655,14.189807046007322,-1.9238115512253458,-12.064139581631038,1.7760980326807891
ring,31623,24138,33025,33026,512,m12-1-29,2026-08-05T00:29:46,12696,-0.14943112884473672,-0.9370761887126425,-0.30530942199983985,0.7900859283127402,-0.7555057112343108,1.585771469763837,-0.7555057112343068,-3.827180987232469,9.94430475459708,-0.9989796408357975,-6.264558406759936,3.0370950589197654
ring,31623,24138,33025,33026,512,m12-1-29,2026-08-05T00:29:46,12722,-0.02435517163670068,-0.13443853312808182,-0.1288626351378534,0.12243383062564828,-0.061935320885091655,2.5727228496562704,-0.06193532088508568,-0.2082236833287746,14.201217351788324,-2.6136011683321922,-14.426862290017722,0.08578985270312632
ring,31623,24138,33025,33026,512,m12-1-29,2026-08-05T00:29:46,12853,-0.20625705857258764,-1.015917567550158,0.78566263168928,1.1301156378032278,0.23587285808575056,2.4235610210631457,0.23587285808579997,2.2440174211971953,11.937231309159422,-1.3205974875429325,-6.504592844202294,-3.3741330590004264
ring,31623,24138,33025,33026,512,m12-1-29,2026-08-05T00:29:46,12906,-0.08569185833240893,-0.3807229968838253,1.1804611696694238,0.4425504079144531,0.11745480997640143,2.8941466149446224,0.11745480997640864,0.9379576653722109,12.858493141654378,-3.164611532193485,-14.060150053417127,-1.3805080732866628
ring,31623,24138,33025,33026,512,m12-1-29,2026-08-05T00:29:46,12911,-0.20479132782293807,-0.9098736984103868,0.08799965921580588,0.8077319875517267,-0.5188653120281163,3.068415298208093,-0.518865312028099,-1.3807662210225267,13.632756842386579,-2.2833520988925478,-10.144775372464705,0.5730342334708084
ring,31623,24138,33025,33026,512,m12-1-29,2026-08-05T00:29:46,12979,0.08647409317122114,0.3496187722560754,-0.3410569401999607,-0.2773048740109236,0.2820297921490905,3.140684030787232,0.28202979214909635,0.7931979121127849,12.697931306592896,-3.3249926117510653,-13.44309945383512,-0.5158930381018625
ring,31623,24138,33025,33026,512,m12-1-29,2026-08-05T00:29:46,13054,-0.17493534858608936,-0.6483090310563743,0.34805145480789823,0.591590905655267,-0.3183516672671166,4.0268371134096,-0.3183516672671212,-0.5023160058676306,14.923426787763841,-3.62203139154682,-13.423219954621729,-0.08927489978763736
ring,31623,24138,33025,33026,512,m12-1-29,2026-08-05T00:29:46,13157,-0.1530329211438435,-0.5230361042969683,-0.5143459975537626,0.3070922614284799,-0.7186125291544064,2.9685890134548463,-0.7186125291543849,-1.9387267161261987,10.146047146265678,-3.3629668227826888,-11.493952103383608,1.63163445469772
ring,31623,24138,33025,33026,512,m12-1-29,2026-08-05T00:29:46,13204,-1.0333847503134943e-17,-3.168902126038802e-17,0.20805692615294566,-3.4985383628920545e-17,-1.1303989275666416e-16,4.673652875869285,6.85855524836345e-17,1.5309556715315962e-16,14.807811463090706,-4.561458991491971,-14.452340928308455,-2.6414407469748096e-16
ring,31623,24138,33025,33026,512,m12-1-29,2026-08-05T00:29:46,13205,-0.04339710303811587,-0.13749761415758052,0.5656131474207757,0.12398914355321129,-0.0743748322549303,4.8852858834589306,-0.07437483225492623,-0.08818280453248842,15.47834086674733,-4.656785678924885,-14.754370123116066,-0.03580633902072288
ring,31623,24138,33025,33026,512,m12-1-29,2026-08-05T00:29:46,13211,0.10312106181801649,0.32672457322601417,0.35439157486451983,-0.28236410763110914,0.2009801784666388,4.758758574829352,0.20098017846663577,0.29097978705785815,15.077456894214208,-4.546444825689601,-14.404770656749914,-0.008615679426749599
ring,31623,24138,33025,33026,512,m12-1-29,2026-08-05T00:29:46,13225,0.2021102948833697,0.6403580284780926,0.3480514548078994,-0.5628295002203461,0.36329446155913714,4.652377252605387,0.36329446155911177,0.473554600432706,14.74040264467436,-4.184687877773882,-13.258594673536098,0.08927489978763718
ring,31623,24138,33025,33026,512,m12-1-29,2026-08-05T00:29:46,13279,0.31201432636905657,0.9885734866000077,0.7856626316892786,-1.1918146388546758,-0.3472115576354393,3.6662297263160046,-0.34721155763547995,-2.182318420145731,11.615932977814037,-1.9977271969839898,-6.329517504469286,3.374133059000439
ring,31623,24138,33025,33026,512,m12-1-29,2026-08-05T00:29:46,13294,-0.04473965517650045,-0.1319892232117973,0.9292027707614071,0.1367397346183444,-0.02689465291372765,5.079718617784459,-0.02689465291372452,0.06651248740777646,14.985991998616006,-4.9903610903319295,-14.722372831457728,-0.20325222202611895
ring,31623,24138,33025,33026,512,m12-1-29,2026-08-05T00:29:46,13364,0.11479876012355139,0.33867492081932205,1.428412450674114,-0.5617021241085806,-0.5034873039951204,2.348822779978046,-0.5034873039951353,-1.876406852906398,6.929407322618577,-4.1367320932616,-12.204029143069942,2.438108977014961
ring,31623,24138,33025,33026,512,m12-1-29,2026-08-05T00:29:46,13455,0.052001728695699065,0.1344794507119459,0.5656131474207745,-0.11375750628719514,0.08716533532684936,5.853923265095202,0.0871653353268544,0.07795116726647226,15.13858106153676,-5.580116839983044,-14.430501953898682,0.03580633902072293
ring,31623,24138,33025,33026,512,m12-1-29,2026-08-05T00:29:46,13471,0.05026409039547131,0.12998581848064003,0.9292027707614086,-0.13434937385395468,0.0297569653541651,5.706960296868534,0.02975696535417102,-0.06890284817216631,14.758526403012448,-5.606568936683318,-14.49890859197906,0.20325222202611976
ring,31623,24138,33025,33026,512,m12-1-29,2026-08-05T00:29:46,13481,-0.19654856300323964,-0.5082858484488075,-0.514345997553762,0.17051699268648035,-0.896925021075407,3.812721474442264,-0.8969250210754312,-1.802151447384211,9.859916246265735,-4.319242497006386,-11.169808640172251,1.6316344546977266
ring,31623,24138,33025,33026,512,m12-1-29,2026-08-05T00:29:46,13605,0.29189706279235533,0.7099887003502671,1.1778784139366039,-1.1909622471887864,-0.8910968155183312,3.696370836331742,-0.8910968155182724,-2.992043958345405,8.990777437067596,-3.7813064989587577,-9.197368624197258,4.1830062055341966
ring,31623,24138,33025,33026,512,m12-1-29,2026-08-05T00:29:46,13665,-0.45124805310341837,-1.0349802269398345,0.3302620249290093,0.8879106499713749,-0.5760122974834858,5.177262185824946,-0.5760122974835319,-0.18208869911674125,11.874542073168882,-1.946265524979683,-4.463944654996653,-0.7058219508546345
ring,31623,24138,33025,33026,512,m12-1-29,2026-08-05T00:29:46,13737,0.1634743060504597,0.3543575118464205,1.1804611696694292,-0.5123242772501252,-0.20855148235945412,5.521161738038999,-0.2085514823594479,-0.8681837960365278,11.968028390891307,-6.037127496264812,-13.086469243770031,1.3805080732866606
ring,31623,24138,33025,33026,512,m12-1-29,2026-08-05T00:29:46,13782,-0.25419785212804435,-0.5218032108779074,0.6086063622231543,0.4479970774894553,-0.3026533682172474,6.922559777144982,-0.3026533682172304,-0.025834510679490243,14.210245637279996,-6.332041461261137,-12.998062486514614,-0.42216256680996717
ring,31623,24138,33025,33026,512,m12-1-29,2026-08-05T00:29:46,13792,0.29408168729619244,0.6036745291390224,0.3480514548079002,-0.4347292475252103,0.4983314722570338,6.769466905058711,0.49833147225701163,0.3454543477375731,13.895985105381923,-6.08895292846821,-12.499063868402528,0.08927489978763764
ring,31623,24138,33025,33026,512,m12-1-29,2026-08-05T00:29:46,13806,-0.1485896114355727,-0.3050164889321214,-0.6259898395811031,-0.02706642628580366,-0.7112646232843957,4.216718063261363,-0.7112646232843783,-1.140616386243077,8.655844281753929,-5.5075553184893336,-11.30560319537162,1.1676828125288836
ring,31623,24138,33025,33026,512,m12-1-29,2026-08-05T00:29:46,13849,0.2524700905061452,0.5182565579286749,1.3251577152178005,-1.0775514596905658,-0.9273404564997981,3.6720591833517475,-0.927340456499814,-2.529387941355799,7.537798830186313,-5.078876946626995,-10.425636079209648,3.6069394010463185
ring,31623,24138,33025,33026,512,m12-1-29,2026-08-05T00:29:46,13889,0.052600115864526314,0.1024313779683838,-0.6829181813337628,0.02530088999297839,0.2594809058518657,4.1611433038767105,0.2594809058518594,0.3973562008061975,8.103245316755276,-5.901576621864724,-11.49249608347879,-0.4226570907991762
ring,31623,24138,33025,33026,512,m12-1-29,2026-08-05T00:29:46,13947,-0.26004227861959267,-0.4811536484232942,-0.1632425861005217,0.16490652401893502,-0.6819703874997032,6.6064375005988385,-0.681970387499663,-0.728361669174846,12.22382576928436,-6.4982826297927065,-12.023707884764312,0.5634551451559107
ring,31623,24138,33025,33026,512,m12-1-29,2026-08-05T00:29:46,13950,0.05965983482050816,0.11038800052283307,-0.43511594589146335,-0.019172254178020348,0.18680589015966137,5.987815003910396,0.1868058901596543,0.22551250492518027,11.079194700604294,-6.655510671440029,-12.314625370469535,-0.20634025074715812
ring,31623,24138,33025,33026,512,m12-1-29,2026-08-05T00:29:46,13952,0.2600422786195925,0.48115364842329417,-0.16324258610052314,-0.16490652401893513,0.6819703874997026,6.606437500598834,0.681970387499664,0.7283616691748472,12.22382576928436,-6.498282629792705,-12.023707884764308,-0.5634551451559142
ring,31623,24138,33025,33026,512,m12-1-29,2026-08-05T00:29:46,13965,-0.4054535312098261,-0.7502066465626515,-0.14831333932676347,0.15847188649753557,-1.2450300875450013,6.1689184334283045,-1.2450300875449427,-1.4723112049071643,11.41428857963464,-5.081074857861299,-9.401462403535726,1.3138393184096349
ring,31623,24138,33025,33026,512,m12-1-29,2026-08-05T00:29:46,14101,0.17159060784482413,0.28778460375234455,0.06684534778912903,-0.12374864869619981,0.34926806030696855,7.711831286405744,0.3492680603069676,0.25377924722184136,12.93396147282299,-7.567695465676593,-12.692222891812683,-0.1300305985256424
ring,31623,24138,33025,33026,512,m12-1-29,2026-08-05T00:29:46,14192,-0.06651830176629807,-0.10639606233487779,-0.43511594589146363,-0.005374711284597982,-0.20074898608923236,6.676171440118797,-0.20074898608923322,-0.20096553946256218,10.678540098585314,-7.420625091966861,-11.869294147384393,0.20634025074715762
ring,31623,24138,33025,33026,512,m12-1-29,2026-08-05T00:29:46,14197,0.3559721041036177,0.5693775874006941,0.3480514548078992,-0.321796424205312,0.5689365252642388,8.194122524285143,0.5689365252642427,0.23252152441766788,13.106503739925515,-7.370392239186372,-11.788946670167181,0.0892748997876412
ring,31623,24138,33025,33026,512,m12-1-29,2026-08-05T00:29:46,14272,-0.19732014820573623,-0.3012902484576892,-0.3410569401999614,-0.016147784034885086,-0.5545883420871316,7.166542205828682,-0.5545883420871411,-0.49974525406698156,10.94267007911098,-7.58710511869284,-11.5848320968328,0.5158930381018616
ring,31623,24138,33025,33026,512,m12-1-29,2026-08-05T00:29:46,14310,-0.505660861257271,-0.7720989868945585,0.9948162697589019,1.6191192296896204,0.978311230758375,6.065214897003696,0.978311230758356,2.4722003354305366,9.261041611230784,-4.492812981459605,-6.860124279080379,-4.0913195651201715
ring,31623,24138,33025,33026,512,m12-1-29,2026-08-05T00:29:46,14326,0.4489167645118578,0.6854558175963765,-0.47508007671830077,0.7364985020307782,2.3085663822197393,4.645166036712523,2.308566382219729,2.7495535504674113,7.092753791514009,-4.138188756942297,-6.3186447510874935,-3.486052052498181
ring,31623,24138,33025,33026,512,m12-1-29,2026-08-05T00:29:46,14340,-0.19371008143204707,-0.2825938861542913,0.35439157486452144,0.12196236717285393,-0.32654199176165155,8.939197238604956,-0.3265419917616601,-0.13057804659959943,13.040944839225146,-8.540371694046806,-12.459118329726413,0.00861567942674621
ring,31623,24138,33025,33026,512,m12-1-29,2026-08-05T00:29:46,14405,0.2762061000232252,0.40294317470754154,-0.7231852696092779,0.7455308961908104,1.7482387402974733,3.111830538122117,1.748238740297491,2.0975803905480253,4.539692917996179,-5.634029090401538,-8.219201414777316,-2.843111286738846
ring,31623,24138,33025,33026,512,m12-1-29,2026-08-05T00:29:46,14428,-0.08120227668860217,-0.1132650963446089,0.9292027707614072,0.11582496530829293,-0.04188891804219637,9.219666872136202,-0.041888918042203474,0.08742725671782893,12.860063770653953,-9.057483354186033,-12.633841889504268,-0.2032522220261191
ring,31623,24138,33025,33026,512,m12-1-29,2026-08-05T00:29:46,14477,-0.6100471676186816,-0.8509250483217599,-0.11048323110097562,-0.3861180649968618,-1.9620791130296193,6.67858636042059,-1.962079113029692,-1.716268221348705,9.315634467487834,-3.138657720209748,-4.377960613537913,2.1023862863455656
ring,31623,24138,33025,33026,512,m12-1-29,2026-08-05T00:29:46,14657,0.5689037282266154,0.7267587634015221,0.9948162697589031,-1.7894090906792999,-1.0360334407641796,6.823789681530156,-1.0360334407641476,-2.3019104744409025,8.71720240983468,-5.054727884262429,-6.457274938149952,4.091319565120188
ring,31623,24138,33025,33026,512,m12-1-29,2026-08-05T00:29:46,14679,0.07941071297817853,0.09715320485983363,-0.43511594589146674,0.05874044092916542,0.21883807158001456,7.970130324238152,0.21883807158001198,0.14759980981799276,9.75087208149164,-8.858872124655269,-10.838182734742539,-0.20634025074715645
ring,31623,24138,33025,33026,512,m12-1-29,2026-08-05T00:29:46,14685,0.24913915304475828,0.30480354937769816,0.8149515136225532,-0.27028518556392295,0.16983261422504137,10.043382521542739,0.16983261422503773,-0.20132452068592613,12.287344654231042,-9.560550031218174,-11.696634382452373,0.47160970624984894
ring,31623,24138,33025,33026,512,m12-1-29,2026-08-05T00:29:46,14694,-0.5396822517152716,-0.6602618008796526,-0.1483133393267636,-0.36080322590527575,-1.458519231832432,8.2111895310576,-1.4585192318324294,-0.9530360925043612,10.0457904070571,-6.763206407999816,-8.274288858812923,1.3138393184096357
ring,31623,24138,33025,33026,512,m12-1-29,2026-08-05T00:29:46,14745,-0.22237126011472497,-0.2606413681961979,0.35439157486451955,0.05082523718773283,-0.3457371564674222,10.261833249293245,-0.3457371564674142,-0.05944091661448259,12.027895407514182,-9.80399781680716,-11.491266467828668,0.008615679426749855
ring,31623,24138,33025,33026,512,m12-1-29,2026-08-05T00:29:46,14780,0.07473619094636887,0.08759829418596769,-0.6829181813337631,0.1610504899152757,0.3152915257575139,5.912306378082843,0.31529152575750685,0.26160660088390025,6.929814683712389,-8.385178436341747,-9.828268181283251,-0.42265709079917785
ring,31623,24138,33025,33026,512,m12-1-29,2026-08-05T00:29:46,14894,0.6309737656672836,0.7087408219932565,-0.3053094219998369,1.2374870888655567,2.4127955468269313,6.69592877668914,2.412795546826865,1.799607970054157,7.521197113766283,-4.218197042853387,-4.738086751229294,-3.0370950589197423
ring,31623,24138,33025,33026,512,m12-1-29,2026-08-05T00:29:46,14934,-0.6149526486745729,-0.6620943990452148,0.597840543072454,0.633466389648787,-0.31657991221056175,9.997555401530716,-0.31657991221056153,0.5866568505291584,10.763959549998896,-7.619976443108276,-8.204117397839457,-1.2201232401779367
ring,31623,24138,33025,33026,512,m12-1-29,2026-08-05T00:29:46,14948,0.6473614788293598,0.6969876627320146,0.34236785469484887,-0.23447991648397287,0.7807868732083458,9.918415941592745,0.7807868732083467,-0.11903268728256332,10.678753325940235,-7.184493009021412,-7.735250171708563,0.3535126037665338
ring,31623,24138,33025,33026,512,m12-1-29,2026-08-05T00:29:46,14982,0.5224176207092732,0.5624657140344842,1.1778784139366048,-1.9980962764295687,-1.2634486661460023,6.615514521121715,-1.2634486661460116,-2.1849099291046223,7.122654273751898,-6.767526625520757,-7.286319497613647,4.183006205534193
ring,31623,24138,33025,33026,512,m12-1-29,2026-08-05T00:29:46,14989,-0.23314521280166214,-0.24063795337626775,0.06684534778913148,-0.05246112565532724,-0.3968153206778923,10.478292308315435,-0.3968153206779,-0.07756947287031353,10.815040058730972,-10.282450723403876,-10.612904584393892,0.13003059852564086
ring,31623,24138,33025,33026,512,m12-1-29,2026-08-05T00:29:46,15061,0.721335237997724,0.7445172615129858,0.7856626316892832,-1.6679406111515669,-0.6045365995462636,8.475830975332823,-0.6045365995462247,-1.7061924478488473,8.748224312898017,-4.618477106036764,-4.766904133079045,3.3741330590004397
ring,31623,24138,33025,33026,512,m12-1-29,2026-08-05T00:29:46,15165,0.09103392577315189,0.08635757586088076,-0.43511594589146857,0.11493524823622846,0.22299255663971004,9.136704924666995,0.2229925566397194,0.09140500251093006,8.667358701156838,-10.15553037096278,-9.633847787728353,-0.20634025074715848
ring,31623,24138,33025,33026,512,m12-1-29,2026-08-05T00:29:46,15234,0.1010825359836236,0.09191960886667816,-0.1288626351378553,0.05962083822381015,0.17575501622659342,10.677705495386265,0.1757550162265937,0.026169014479313215,9.70979312280513,-10.84736490818564,-9.864073253525119,-0.08578985270312506
ring,31623,24138,33025,33026,512,m12-1-29,2026-08-05T00:29:46,15244,-0.2664578986862424,-0.2423040299527541,-0.3410569401999657,-0.3152637945570781,-0.6022869642976432,9.677581303153737,-0.6022869642976462,-0.20062924354478662,8.800328162576859,-10.245502577520137,-9.316768523899874,0.5158930381018623
ring,31623,24138,33025,33026,512,m12-1-29,2026-08-05T00:29:46,15300,0.7746243413580391,0.7044062140246982,-0.110483231100979,1.2474650695515008,2.0624152434254244,8.48032059691037,2.062415243425455,0.8549212167940734,7.71159671397965,-3.9853978484258286,-3.624129606965488,-2.1023862863455918
ring,31623,24138,33025,33026,512,m12-1-29,2026-08-05T00:29:46,15443,-0.5892090496472877,-0.4920574617924281,1.1778784139366048,2.317340775495691,1.2466052754456884,7.461312309155714,1.246605275445754,1.8656654300385285,6.23105568164893,-7.632759258908693,-6.374233643660989,-4.183006205534201
ring,31623,24138,33025,33026,512,m12-1-29,2026-08-05T00:29:46,15514,0.7282875015402579,0.5825864314509174,0.08799965921580656,0.552439955211919,1.181476770078826,10.912027061770814,1.181476770078755,0.02059427825889094,8.728968837674886,-8.120152415227817,-6.495636144270247,-0.5730342334708107
ring,31623,24138,33025,33026,512,m12-1-29,2026-08-05T00:29:46,15575,0.46079369111127017,0.35293669849005055,0.6086063622231476,-0.11095093340431304,0.3710822924752109,12.54877586472375,0.3710822924752265,-0.3112116334056552,9.611510767663175,-11.478321837803616,-8.79161562275482,0.42216256680997133
ring,31623,24138,33025,33026,512,m12-1-29,2026-08-05T00:29:46,15606,-0.7327157964337951,-0.5612105788627341,0.9948162697589015,2.32369616115351,1.0304006403577521,8.788654816491944,1.0304006403577195,1.7676234039666752,6.731513201973016,-6.510203367832738,-4.986374005252709,-4.091319565120176
ring,31623,24138,33025,33026,512,m12-1-29,2026-08-05T00:29:46,15623,0.7533328233045149,0.5770018223992577,-0.3053094219998378,2.1513692111357368,2.345232193463064,7.994409917589351,2.345232193463111,0.8857258477839721,6.123175505909369,-5.036193991658157,-3.8573828475920586,-3.0370950589197436
ring,31623,24138,33025,33026,512,m12-1-29,2026-08-05T00:29:46,15673,0.43953051466884285,0.3221781619335899,-0.5143459975537614,1.2170800798079706,1.2713448825083389,8.526174937859537,1.2713448825084028,0.4145543748897529,6.249730742525213,-9.65887945798649,-7.080009069351542,-1.631634454697718
ring,31623,24138,33025,33026,512,m12-1-29,2026-08-05T00:29:46,15681,0.3147467579819077,0.23071101681658845,1.180461169669431,-0.7727660739820963,-0.26142777925511823,10.630219508655456,-0.2614277792550863,-0.6077419993045643,7.792006397620954,-11.623638924555237,-8.520188015875178,1.3805080732866573
ring,31623,24138,33025,33026,512,m12-1-29,2026-08-05T00:29:46,15698,-0.08108911281185502,-0.05943874303751714,-0.8329365125029952,-0.45432701379368834,-0.40070274775210823,3.175346417781797,-0.4007027477521263,-0.20138679314484698,2.3275455019409765,-9.098192474494383,-6.669022583242205,0.655713806938542
ring,31623,24138,33025,33026,512,m12-1-29,2026-08-05T00:29:46,15715,-3.733962153020241e-17,-4.51108439535061e-17,0.20805692615294483,5.173289989470682e-16,3.078876751252206e-16,12.714456477236723,1.7606443654073837e-16,9.983753679648804e-17,8.913860444219178,-12.409238204118363,-8.699877794117198,-5.670979814282923e-16
ring,31623,24138,33025,33026,512,m12-1-29,2026-08-05T00:29:46,15821,-0.11115930448398767,-0.0744863427915719,1.2566422615171362,0.2981389539799249,0.10370709309766674,10.637121188855112,0.10370709309767247,0.21286493243280386,7.127790686227896,-12.468224866061714,-8.35478843347438,-0.51100388641273
ring,31623,24138,33025,33026,512,m12-1-29,2026-08-05T00:29:46,15903,-0.32870087524510705,-0.2103540576118395,1.180461169669428,0.805091012764406,0.24892807994961752,11.101504202764682,0.24892807994965904,0.57541706052225,7.104472882541179,-12.138966299548079,-7.768402850826667,-1.3805080732866493
ring,31623,24138,33025,33026,512,m12-1-29,2026-08-05T00:29:46,15904,-0.5176173737794861,-0.33125228152710623,1.0355047955694672,1.0356226475640484,0.24729930030631536,11.608895279319547,0.24729930030637876,0.8074514918649317,7.429180785036856,-11.276384246725108,-7.216388394828757,-1.8430741394289838
ring,31623,24138,33025,33026,512,m12-1-29,2026-08-05T00:29:46,15913,-0.09698743510140077,-0.06206767930183142,-0.6829181813337628,-0.3450726138301791,-0.28991231991314415,7.672580364115639,-0.2899123199131286,-0.07758447696899795,4.9101129126632586,-10.881701878437571,-6.963809092825856,0.4226570907991778
ring,31623,24138,33025,33026,512,m12-1-29,2026-08-05T00:29:46,16044,0.11808152551641658,0.0687287924148185,-0.12886263513785176,0.13009272169884903,0.1535126260062728,12.473368833113888,0.15351262600627064,-0.04430286899572291,7.260065226082861,-12.671559767745746,-7.375421320486692,-0.08578985270312645
ring,31623,24138,33025,33026,512,m12-1-29,2026-08-05T00:29:46,16110,0.9048924528815337,0.5266883644993634,-0.11048323110097591,2.0744246057984306,1.8014096367264727,9.906451032389008,1.8014096367264307,0.02796168054712547,5.766002883135032,-4.655619817534195,-2.709781454823251,-2.1023862863455687
ring,31623,24138,33025,33026,512,m12-1-29,2026-08-05T00:29:46,16120,2.874717698649064e-17,-4.0028262458176073e-19,0.20805692615294563,-4.710421243993497e-16,-2.611964926852646e-16,13.581850569617085,7.152177878462585e-16,4.3945829543896614e-16,7.526463089337283,-13.255809972912337,-7.345785757913016,-6.892709432458188e-17
ring,31623,24138,33025,33026,512,m12-1-29,2026-08-05T00:29:46,16139,0.478385529346928,0.26510017987955947,-0.1632425861005216,0.7138844466169706,0.6912351711900991,12.153501029133228,0.691235171190113,-0.15042930146106034,6.734934715496132,-11.954534440328134,-6.624676199620363,-0.5634551451559127
ring,31623,24138,33025,33026,512,m12-1-29,2026-08-05T00:29:46,16192,0.9695887174989352,0.5373033414473384,0.10372553891135405,1.1907570350639163,1.2688199224390933,10.907181670242927,1.2688199224391101,-0.39576307922840426,6.044279446971864,-4.246196381460184,-2.353054922179076,-0.7949939558355198
ring,31623,24138,33025,33026,512,m12-1-29,2026-08-05T00:29:46,16242,0.7544392745147007,0.39752227558594355,-0.14831333932676222,1.4983788776339966,1.2275624934868394,11.478687418429503,1.2275624934868594,-0.18453955922436605,6.048245494972451,-9.454504978860285,-4.981681708117298,-1.3138393184096286
ring,31623,24138,33025,33026,512,m12-1-29,2026-08-05T00:29:46,16248,0.34525238710244804,0.18191724530875011,1.1804611696694232,-0.8452506318124111,-0.22611672993840432,11.66051299247169,-0.22611672993839743,-0.5352574414742396,6.144051371461953,-12.750215796504978,-6.718227654437574,1.3805080732866488
ring,31623,24138,33025,33026,512,m12-1-29,2026-08-05T00:29:46,16261,-0.7249022874925195,-0.3819589152312438,-0.4750800767183001,-3.1669364182848128,-2.077271189223179,7.500926122589672,-2.0772711892232323,-0.3191156342133634,3.9523197187367187,-6.682268814899775,-3.520960261625646,3.486052052498183
ring,31623,24138,33025,33026,512,m12-1-29,2026-08-05T00:29:46,16277,0.8165315800121922,0.43023938803163286,0.9948162697588971,-2.649076491237401,-0.8802942594155924,9.793994122167707,-0.88029425941557,-1.442243073882756,5.160562237462918,-7.254909294994919,-3.8226907711971023,4.091319565120175
ring,31623,24138,33025,33026,512,m12-1-29,2026-08-05T00:29:46,16280,0.31637122491261027,0.1666994462053592,1.4284124506741058,-1.6872086446873769,-0.6829665308905036,6.473065904235543,-0.6829665308904946,-0.75090033232759,3.410728968113101,-11.400323471019668,-6.006954677075578,2.438108977014978
ring,31623,24138,33025,33026,512,m12-1-29,2026-08-05T00:29:46,16355,1.0097678720400736,0.5051511854699715,0.33026202492900786,0.11850620110062997,0.6291110111013024,11.585275514032736,0.6291110111012789,-0.8243281519552718,5.795703965195714,-4.355201942850855,-2.1787536376527887,0.7058219508546367
ring,31623,24138,33025,33026,512,m12-1-29,2026-08-05T00:29:46,16386,0.3557063103123272,0.16866695615054583,0.8149515136225529,-0.12613111858801423,0.13417780044532315,14.339354116498535,0.13417780044529837,-0.34547858766183626,6.7993598704249765,-13.64999412818137,-6.4724827598690835,0.47160970624984566
ring,31623,24138,33025,33026,512,m12-1-29,2026-08-05T00:29:46,16387,0.12592612634824032,0.05971099138594809,0.9292027707614062,-0.07363456227191191,0.03424561456764469,14.297590939248652,0.03424561456763528,-0.12961765975420755,6.779556825661026,-14.046081461856444,-6.660297378288633,0.20325222202611834
ring,31623,24138,33025,33026,512,m12-1-29,2026-08-05T00:29:46,16388,-0.12090448290351086,-0.05732985478493535,1.2566422615171315,0.3264648175932495,0.08681789161931548,11.56966250275302,0.08681789161932314,0.18453906881947557,5.4860419999718095,-13.561296439858914,-6.430424554340436,-0.5110038864127279
ring,31623,24138,33025,33026,512,m12-1-29,2026-08-05T00:29:46,16425,-0.4414113302177146,-0.20930611383535105,-0.7231852696092738,-2.607791438074449,-1.4512728176450427,4.97308805681354,-1.4512728176450123,-0.2353198486643891,2.358112861351538,-9.00387165623898,-4.269408727932203,2.843111286738842
ring,31623,24138,33025,33026,512,m12-1-29,2026-08-05T00:29:46,16505,-0.6058176505417249,-0.2717706813947295,-0.6154353255181632,-3.2520826333314505,-1.7375088127181206,6.2878018970208345,-1.737508812718059,-0.15836361949628214,2.8207170994447015,-8.04949554911023,-3.6110154405526673,3.410446252827727
ring,31623,24138,33025,33026,512,m12-1-29,2026-08-05T00:29:46,16544,0.5036254254034807,0.21328912524522528,-0.16324258610052056,0.8489801900600195,0.5854827867915041,12.79472674329183,0.5854827867914748,-0.2855250449041103,5.418662238194343,-12.58526256266558,-5.329952594871268,-0.5634551451559068
ring,31623,24138,33025,33026,512,m12-1-29,2026-08-05T00:29:46,16679,1.0487317892860755,0.4182947641638263,0.3302620249290074,0.2174293138701973,0.5410423024297659,12.032316590402884,0.5410423024297859,-0.9232512647248271,4.799182290405632,-4.5232561390573744,-1.8041356038493128,0.7058219508546274
ring,31623,24138,33025,33026,512,m12-1-29,2026-08-05T00:29:46,16685,0.33215614055805015,0.13248303894256894,1.4284124506741012,-1.8197766922564624,-0.5698635189131503,6.79603079870081,-0.5698635189131525,-0.6183322847585165,2.710649309227006,-11.969127237450973,-4.773978729532634,2.4381089770149615
ring,31623,24138,33025,33026,512,m12-1-29,2026-08-05T00:29:46,16725,0.31772168351888946,0.11902463177415923,-0.6259898395810954,1.2647834046137498,0.5934759789158391,9.016395890938908,0.5934759789158469,-0.09710059208488234,3.3777146997436436,-11.776528190347808,-4.411713156967511,-1.1676828125288665
ring,31623,24138,33025,33026,512,m12-1-29,2026-08-05T00:29:46,16890,0.8104671889924293,0.2652272875931362,-0.1483133393267609,1.8572600652820082,0.8798557843382846,12.331144254547981,0.8798557843382868,-0.543420746872378,4.035395865462952,-10.156637296568094,-3.3237833657214066,-1.313839318409628
ring,31623,24138,33025,33026,512,m12-1-29,2026-08-05T00:29:46,16892,0.9040667816386869,0.29585797371412503,0.3423678546948486,0.4546912474043997,0.462854350261094,13.851473515978467,0.46285435026110483,-0.8082038511709357,4.532927180406135,-10.033438325859585,-3.283466213739111,0.3535126037665331
ring,31623,24138,33025,33026,512,m12-1-29,2026-08-05T00:29:46,16964,-0.5213937571269974,-0.15853829625976187,-0.5143459975537594,-1.923326653218081,-0.7421270502108502,10.114188290480964,-0.7421270502108698,0.29169219852036776,3.0753843092768114,-11.457860790463572,-3.4839499009558317,1.6316344546977113
ring,31623,24138,33025,33026,512,m12-1-29,2026-08-05T00:29:46,16973,0.9101033941290438,0.27673181650753353,0.34236785469484887,0.4736422364375435,0.43582324216035373,13.943962234438834,0.4358232421603985,-0.8271548402040815,4.239889690930659,-10.100433353604407,-3.071201895836413,0.3535126037665312
ring,31623,24138,33025,33026,512,m12-1-29,2026-08-05T00:29:46,17113,0.6501171844028978,0.16809111362070525,0.3480514548079001,0.5089062274547665,0.30674951359133795,14.965048672999433,0.3067495135914189,-0.5981811272424084,3.8692896560532106,-13.46065771797117,-3.4803217022467496,0.08927489978763847
ring,31623,24138,33025,33026,512,m12-1-29,2026-08-05T00:29:46,17176,-0.32608591273940113,-0.07701488408329626,0.06684534778912815,-0.4200776950544975,-0.17762517021620522,14.655344925370523,-0.17762517021622384,0.29004709652885974,3.461295463966102,-14.381433309511934,-3.3966030914339616,0.13003059852563967
ring,31623,24138,33025,33026,512,m12-1-29,2026-08-05T00:29:46,17287,-0.7040752024121117,-0.1506904999397355,-0.35263578000531987,-2.2485034267083983,-0.6292780454628812,11.502102797036068,-0.6292780454628648,0.5570070506054122,2.461750697802747,-11.029072305206421,-2.3605098061247456,1.6914963761029826
ring,31623,24138,33025,33026,512,m12-1-29,2026-08-05T00:29:46,17358,0.3866027098263681,0.0742554109005697,0.814951513622552,-0.07483887439862462,0.06420252232036894,15.584860312797296,0.06420252232037757,-0.3967708318512296,2.9934094535305005,-14.835623001558272,-2.8495022252725795,0.47160970624985177
ring,31623,24138,33025,33026,512,m12-1-29,2026-08-05T00:29:46,17471,-1.0898993586295584,-0.18560357967731597,0.5607412074702451,1.0426945861738253,-0.01572415987975204,12.666762451026942,-0.015724159879823816,1.1323520961015396,2.157076646773133,-5.4016788384640675,-0.9198747762791412,-2.175046682275366
ring,31623,24138,33025,33026,512,m12-1-29,2026-08-05T00:29:46,17526,-0.893799587771388,-0.13288359664990373,0.597840543072454,0.30634753843187384,-0.09234923203019316,14.530892607535641,-0.09234923203024173,0.9137757017460825,2.1603470158645153,-11.07521338164372,-1.6465818601321518,-1.2201232401779434
ring,31623,24138,33025,33026,512,m12-1-29,2026-08-05T00:29:46,17614,-0.11422736981908878,-0.01452815768350185,-0.6829181813337637,-0.5204387215430676,-0.07992201250175049,9.036414601563894,-0.07992201250174906,0.09778163074389094,1.149308230006016,-12.815971300094816,-1.6300161004310918,0.42265709079917985
ring,31623,24138,33025,33026,512,m12-1-29,2026-08-05T00:29:46,17618,0.7142665584201355,0.09084492801694284,-0.35263578000532136,2.3342369201745274,0.38485635297309684,11.66859356967504,0.3848563529730938,-0.6427405440715342,1.4840853605700943,-11.188716050527265,-1.4230515095938354,-1.691496376102999
ring,31623,24138,33025,33026,512,m12-1-29,2026-08-05T00:29:46,17695,-0.11450827694068971,-0.012116678321138016,-0.682918181333763,-0.5235331631408944,-0.06681995015554106,9.058636886987456,-0.06681995015553806,0.10087607234171675,0.9585384752971047,-12.847488244012169,-1.3594552852098916,0.42265709079917857
ring,31623,24138,33025,33026,512,m12-1-29,2026-08-05T00:29:46,17918,-0.1253667631460148,-0.005289730478061719,-0.4351159458914674,-0.32567913603054555,-0.018810598319839413,12.582552191367359,-0.01881059831984496,0.11933888528338218,0.5309087364802961,-13.985620853167003,-0.5901098746200216,0.2063402507471604
ring,31623,24138,33025,33026,512,m12-1-29,2026-08-05T00:29:46,17943,0.8520036464536993,0.03594947770021537,-0.14831333932676405,2.139905087453401,0.1253694990715046,12.96311561098806,0.12536949907153996,-0.8260657690437831,0.546966245417168,-10.677165133781187,-0.4505127548174668,-1.3138393184096433
ring,31623,24138,33025,33026,512,m12-1-29,2026-08-05T00:29:46,18030,0.39016073873388635,0.008227568978314672,1.1804611696694205,-0.9641502956003348,-0.011556790272591556,13.177242310590676,-0.011556790272562715,-0.4163577776863268,0.277876934532668,-14.40868709389885,-0.30384519810144744,1.3805080732866566
ring,31623,24138,33025,33026,512,m12-1-29,2026-08-05T00:29:46,18068,-0.13662684061005,1.2243472146800766e-16,-0.12886263513785493,-0.21944401826870946,2.685652955145728e-16,14.432376004451818,-7.743737499530129e-15,0.1336541655655822,-4.236463068373053e-14,-14.661693851743292,1.1731533374414148e-14,0.08578985270312761
ring,31623,24138,33025,33026,512,m12-1-29,2026-08-05T00:29:46,18135,1.0470104987921378,-9.400912690923284e-16,-0.11048323110097785,3.1229265491393936,-3.4402211388997886e-15,11.462310469772046,6.397738195438246e-14,-1.0205402627938158,-3.5353508586345034e-14,-5.386809020034191,4.931629106821878e-15,-2.102386286345586
ring,31623,24138,33025,33026,512,m12-1-29,2026-08-05T00:29:46,18136,1.1085112366736305,-7.525419750651101e-16,0.103725538911352,1.8938811243995186,-2.259916090526469e-15,12.46996094704271,7.97704842822707e-14,-1.0988871685639794,-2.2506505665230436e-14,-4.854590732154148,4.8750710228678135e-15,-0.7949939558355361
ring,31623,24138,33025,33026,512,m12-1-29,2026-08-05T00:29:46,18200,-1.1053442841520422,0.023309101710639143,0.560741207470247,1.0400590847664406,0.0020027088300362326,12.846262696731346,0.0020027088300285686,1.1349875975089447,-0.270897355776718,-5.478225839520536,0.1155228512220475,-2.175046682275378
ring,31623,24138,33025,33026,512,m12-1-29,2026-08-05T00:29:46,18224,0.35752288886976025,-0.0075393137685963825,1.4284124506741123,-2.046335061045009,0.034906311279359045,7.31504334051211,0.034906311279363576,-0.39177391596998457,-0.1542569963823741,-12.883208902878426,0.2716764640502716,2.4381089770149984
ring,31623,24138,33025,33026,512,m12-1-29,2026-08-05T00:29:46,18236,-0.3933193396556423,0.01659573276343034,0.8149515136225555,0.06312335079007557,0.014598250956654511,15.85562338558851,0.014598250956668047,0.4084863554597782,-0.6690128401395414,-15.093369223856605,0.6368502559732062,-0.4716097062498498
ring,31623,24138,33025,33026,512,m12-1-29,2026-08-05T00:29:46,18306,0.12109216396323047,-0.005109367860321104,1.4816278271998762,-0.7270961967463991,0.0250660935226179,6.718545164175999,0.0250660935226145,-0.13408670540341,-0.28348257729034526,-13.579917586848671,0.5729916139340206,0.8611829021498152
ring,31623,24138,33025,33026,512,m12-1-29,2026-08-05T00:29:46,18311,-0.13635360899963977,0.008636370062516156,-0.12886263513785454,-0.21803315177749974,0.022275184655188712,14.403513583860809,0.022275184655195287,0.1322432990743724,-0.9122902901017118,-14.632372832501852,0.9267857858791727,0.08578985270312732
ring,31623,24138,33025,33026,512,m12-1-29,2026-08-05T00:29:46,18335,-0.7879639807434831,0.04990809252179003,0.8353824233059061,0.9523165932066641,-0.008173955962816693,14.34035614701651,-0.008173955962781107,0.8237814394741401,-0.908290021969575,-12.19213606266668,0.7722259767250843,-1.7760980326807994
ring,31623,24138,33025,33026,512,m12-1-29,2026-08-05T00:29:46,18344,0.11491727831329188,-0.007278634935825966,-0.6829181813337609,0.5280522662080787,-0.040282921381266566,9.090992582310783,-0.04028292138127045,-0.10539517540890106,-0.5758056332533523,-12.893376982072667,0.8166412006960613,-0.42265709079917885
ring,31623,24138,33025,33026,512,m12-1-29,2026-08-05T00:29:46,18352,0.787963980743483,-0.04990809252179004,0.835382423305906,-0.9523165932066634,0.008173955962816731,14.340356147016518,0.008173955962783145,-0.8237814394741398,-0.9082900219695784,-12.192136062666673,0.7722259767250833,1.7760980326807974
ring,31623,24138,33025,33026,512,m12-1-29,2026-08-05T00:29:46,18391,-0.3338662721751054,0.028224584343285022,0.06684534778912796,-0.4563946925221709,0.06664965515000536,15.005019188253396,0.06664965515000759,0.3263640939965223,-1.26850318509964,-14.724572083611744,1.2447945819298254,0.13003059852564436
ring,31623,24138,33025,33026,512,m12-1-29,2026-08-05T00:29:46,18463,1.0329592617615442,-0.08732492089370113,0.7856626316892809,-2.283321651730074,0.10153881109348478,12.137474569241961,0.1015388110934862,-1.090811407270359,-1.0260850024238932,-6.613705321199569,0.559113331345813,3.3741330590004237
ring,31623,24138,33025,33026,512,m12-1-29,2026-08-05T00:29:46,18597,0.3871288729022046,-0.04923749289042697,1.1804611696694212,-0.9556660159043142,0.06862362083726503,13.074844435174185,0.06862362083724798,-0.4248420573823488,-1.6629412192744417,-14.296719892326562,1.8183470501118695,1.380508073286663
ring,31623,24138,33025,33026,512,m12-1-29,2026-08-05T00:29:46,18633,-0.33888704332887104,0.050383251225116416,0.3543915748645199,-0.33927084618687137,0.1018509785176022,15.638722050649633,0.10185097851762293,0.33065516676012413,-2.3250510086719567,-14.940994763560555,2.2213180100694925,0.008615679426747333
ring,31623,24138,33025,33026,512,m12-1-29,2026-08-05T00:29:46,18725,-0.6482925431166341,0.11040048397849907,0.07715587676325664,-0.9245718033380144,0.26845654603509833,14.564172261340262,0.26845654603512537,0.6061392569266423,-2.4801946026840507,-13.444393113187807,2.289502667048415,0.3184325464113632
ring,31623,24138,33025,33026,512,m12-1-29,2026-08-05T00:29:46,18734,0.5721892023311408,-0.0974405236267915,0.6086063622231522,0.1516085493577246,-0.12721729438433813,15.582405294986284,-0.12721729438436405,-0.5737711161676957,-2.653593820230212,-14.2531721748052,2.4272330802427455,0.4221625668099723
ring,31623,24138,33025,33026,512,m12-1-29,2026-08-05T00:29:46,18760,0.13190907440344393,-0.022463355178028215,1.2566422615171307,-0.36131140670367135,0.03711378828529811,12.622720309852646,0.037113788285292264,-0.14969247970906122,-2.149576523946321,-14.795630551764688,2.5196106156476565,0.5110038864127351
ring,31623,24138,33025,33026,512,m12-1-29,2026-08-05T00:29:46,18818,-0.13140616110974024,0.02523939496557761,1.2566422615171302,0.35965275540538155,-0.041541354873887375,12.574595236765406,-0.041541354873884336,0.1513511310073478,-2.415222947179399,-14.739221094516477,2.8309861542854313,-0.5110038864127322
ring,31623,24138,33025,33026,512,m12-1-29,2026-08-05T00:29:46,18819,-0.38324230820847427,0.07360997309947548,1.180461169669414,0.9448867778289511,-0.10156223308071692,12.943580062210232,-0.10156223308071254,0.4356212954577048,-2.4860944623888233,-14.153188550029324,2.718425930867575,-1.380508073286654
ring,31623,24138,33025,33026,512,m12-1-29,2026-08-05T00:29:46,18881,0.33502452954481776,-0.07170400786197995,0.35439157486451894,0.32374350812100544,-0.14329930662682688,15.460477468347841,-0.14329930662682874,-0.3151278286942567,-3.3089463611710896,-14.77070262829675,3.1613165126306804,-0.008615679426748986
ring,31623,24138,33025,33026,512,m12-1-29,2026-08-05T00:29:46,18916,0.9119820604319595,-0.1951880028606985,0.08799965921580524,1.3914622147326057,-0.495679982116637,13.66434670681077,-0.4956799821166458,-0.818427981261802,-2.924527421992577,-10.168282875923742,2.176278364657869,-0.5730342334708122
ring,31623,24138,33025,33026,512,m12-1-29,2026-08-05T00:29:46,18940,0.29217360905698164,-0.06253279062684972,-0.7961378318479316,2.047024425836908,-0.4970285078268932,4.380541106695897,-0.49702850782689395,-0.16887790268992117,-0.9375503172290228,-10.582571395614767,2.264946938608009,-1.8781465231469738
ring,31623,24138,33025,33026,512,m12-1-29,2026-08-05T00:29:46,19012,-1.0788304754494948,0.25479789456182456,0.10372553891135206,-1.7357619403645483,0.6694866721072338,12.136073548251652,0.6694866721072701,0.9407679845290068,-2.8662946206201614,-4.724607432395781,1.115856525932893,0.7949939558355283
ring,31623,24138,33025,33026,512,m12-1-29,2026-08-05T00:29:46,19074,0.3284824046888683,-0.08493080099039838,-0.6259898395810982,1.3739099792116927,-0.43782118805189074,9.32176668296673,-0.43782118805189485,-0.20622716668282343,-2.4101903168294654,-12.175380213298222,3.1480066485068128,-1.167682812528879
ring,31623,24138,33025,33026,512,m12-1-29,2026-08-05T00:29:46,19202,-0.1307175742778795,0.03974681559559916,-0.12886263513785276,-0.18956074872295467,0.09827877901608027,13.808159318802693,0.09827877901608385,0.10377089601982796,-4.198596594153422,-14.027558908244433,4.2653086263454325,0.08578985270312611
ring,31623,24138,33025,33026,512,m12-1-29,2026-08-05T00:29:46,19387,-0.5798982997107877,0.20340546120450748,1.035504795569461,1.1342099437765425,-0.17012557610034115,13.005704551304111,-0.1701255761002889,0.7088641956524422,-4.561888410203894,-12.63318501814278,4.431223244452982,-1.8430741394289767
ring,31623,24138,33025,33026,512,m12-1-29,2026-08-05T00:29:46,19396,-0.10865718879941136,0.03811265805047575,-0.6829181813337537,-0.46064783674227877,0.199440517553879,8.595763073131652,0.19944051755388764,0.03799074594310323,-3.0150548004140574,-12.191013549622301,4.276126925786841,0.42265709079917513
ring,31623,24138,33025,33026,512,m12-1-29,2026-08-05T00:29:46,19464,0.36865019278041095,-0.1381034273871087,0.8149515136225485,-0.10516220087895999,-0.11386179163245494,14.861152321847081,-0.11386179163247562,-0.36644750537089177,-5.567272473370201,-14.146707047134242,5.299627581137226,0.47160970624984877
ring,31623,24138,33025,33026,512,m12-1-29,2026-08-05T00:29:46,19472,-0.8733634632576559,0.32717869132487754,0.08799965921580677,-1.199471273618925,0.7956865096809491,13.085719205223253,0.7956865096809999,0.6264370401481294,-4.902161201752346,-9.73769894518972,3.64792864762066,0.5730342334708065
ring,31623,24138,33025,33026,512,m12-1-29,2026-08-05T00:29:46,19504,-0.2798012879306324,0.10481892484338141,-0.7961378318479246,-1.8545111623992014,0.797851220289251,4.195043650391915,0.797851220289267,-0.023635360747760573,-1.5715437493415942,-10.134444091880223,3.7965569831815813,1.8781465231469685
ring,31623,24138,33025,33026,512,m12-1-29,2026-08-05T00:29:46,19510,0.7673010613370158,-0.2874456828821685,-0.47508007671829666,3.6415917719507416,-1.6546977087589874,7.939647417560469,-1.6546977087590367,-0.15553971945259307,-2.974344085758907,-7.073107703312034,2.6497217015899097,-3.4860520524981746
ring,31623,24138,33025,33026,512,m12-1-29,2026-08-05T00:29:46,19566,0.839323718878714,-0.3347707398900184,0.5978405430724492,-0.379757566901736,-0.2184734929892545,13.645254471859946,-0.21847349298925145,-0.8403656732762035,-5.442515006766104,-10.400194193459608,4.1481976820524835,1.2201232401779312
ring,31623,24138,33025,33026,512,m12-1-29,2026-08-05T00:29:46,19623,0.6055580849670511,-0.2564583670975709,0.07715587676325762,0.7235903426357394,-0.5825117289533184,13.604124183363785,-0.582511728953315,-0.40515779622437936,-5.761448093039479,-12.55815917305943,5.3184741071526505,-0.3184325464113593
ring,31623,24138,33025,33026,512,m12-1-29,2026-08-05T00:29:46,19628,-0.12321382890124451,0.0521819758472416,1.2566422615171196,0.33352596622198794,-0.08053153220279212,11.790649790851948,-0.08053153220279281,0.1774779201907336,-4.9934281573430805,-13.820325095417124,5.853010792385188,-0.5110038864127266
ring,31623,24138,33025,33026,512,m12-1-29,2026-08-05T00:29:46,19634,-0.8587943399947824,0.36370581051639667,0.08799965921580731,-1.1291991890308342,0.8697638985903388,12.867428122409741,0.8697638985903282,0.5561649555600433,-5.449451814681199,-9.575258286520459,4.055193326057468,0.5730342334708
ring,31623,24138,33025,33026,512,m12-1-29,2026-08-05T00:29:46,19656,-0.8498718976095906,0.3599270895952589,0.9948162697588998,2.7882942418213106,-0.7665009898159083,10.193898893242478,-0.7665009898159169,1.303025323298853,-4.317192238727937,-7.5511390869055255,3.197963742916259,-4.091319565120181
ring,31623,24138,33025,33026,512,m12-1-29,2026-08-05T00:29:46,19769,-0.1234514065725865,0.058537541717544175,-0.12886263513785218,-0.1546265008737038,0.1366954173027502,13.040608345904944,0.13669541730274337,0.0688366481705777,-6.183527399679541,-13.24781222088239,6.28177824843268,0.08578985270312646
ring,31623,24138,33025,33026,512,m12-1-29,2026-08-05T00:29:46,19791,-0.35261446426395227,0.16720088077671322,1.180461169669419,0.8637473666138731,-0.21225641221827174,11.909158909488358,-0.21225641221829036,0.516760706672782,-5.647022628900834,-13.022098268650847,6.174750388144868,-1.3805080732866466
ring,31623,24138,33025,33026,512,m12-1-29,2026-08-05T00:29:46,19816,-0.5208893142240644,0.24699256823522633,1.325157715217802,2.5487776659960955,-0.9118298367772737,7.576091037047988,-0.9118298367772965,1.058161735050203,-3.5923911881582464,-10.478598571629954,4.968687016680722,-3.606939401046291
ring,31623,24138,33025,33026,512,m12-1-29,2026-08-05T00:29:46,19856,-0.3520712500334346,0.17612880568775705,0.8149515136225502,0.13188508731984103,0.13868198316521277,14.19281632657816,0.13868198316517188,0.33972461893001454,-7.100164494284905,-13.51050109692506,6.75882629501432,-0.47160970624985615
ring,31623,24138,33025,33026,512,m12-1-29,2026-08-05T00:29:46,19909,-0.26721805964545164,0.13367975288832482,-0.7961378318479273,-1.6672588168068787,0.9717710209379271,4.006384075914608,0.971771020937892,-0.2108877063400909,-2.00425238456796,-9.678677699614147,4.841900449718312,1.8781465231469672
ring,31623,24138,33025,33026,512,m12-1-29,2026-08-05T00:29:46,19927,-3.998111564480239e-17,2.03676483705585e-17,0.20805692615294713,5.178300172293091e-16,-2.4807985662478674e-16,13.737511791917395,5.221974481455278e-16,-1.2389016229940697e-16,-7.238444673926358,-13.407734452746096,7.064681400018777,-2.932896049097746e-16
ring,31623,24138,33025,33026,512,m12-1-29,2026-08-05T00:29:46,19929,-0.3031091183588545,0.15971149773236448,0.35439157486452005,-0.20225473646791767,0.28877476274082664,13.987667414098915,0.28877476274077674,0.19363905704117015,-7.370254397438057,-13.363602531691354,7.0414278098674785,0.008615679426747937
ring,31623,24138,33025,33026,512,m12-1-29,2026-08-05T00:29:46,19933,0.2964254682382795,-0.15618980964572518,0.06684534778912875,0.2894838362098403,-0.32746584847973276,13.322309587682946,-0.3274658484796759,-0.1594532376841968,-7.0196701076608665,-13.073312695101238,6.888470931402968,-0.13003059852564197
ring,31623,24138,33025,33026,512,m12-1-29,2026-08-05T00:29:46,20046,0.2967641229520804,-0.16445359976460122,-0.6259898395811028,1.0626807445793525,-0.7659037999306875,8.421656303492918,-0.7659037999306245,0.1050020679495205,-4.666910815608705,-10.999724731161551,6.095562733340643,-1.167682812528879
ring,31623,24138,33025,33026,512,m12-1-29,2026-08-05T00:29:46,20139,-0.30906250607229907,0.17988836721197152,1.4284124506741187,1.6280128515827201,-0.719975453425971,6.323526960730563,-0.7199754534260159,0.8100961254322752,-3.680578904386851,-11.13695641239648,6.482212708998869,-2.438108977015002
ring,31623,24138,33025,33026,512,m12-1-29,2026-08-05T00:29:46,20155,0.2582335860889035,-0.1503036351810272,-0.7961378318479393,1.538831356280199,-1.055880366243791,3.871680411666745,-1.0558803662437466,0.3393151668667935,-2.2534932382203197,-9.353258736652188,5.4440199286220095,-1.878146523146992
ring,31623,24138,33025,33026,512,m12-1-29,2026-08-05T00:29:46,20230,-0.6993084528960354,0.4270171273434776,-0.4750800767183074,-2.8934683066498867,2.240325636507032,7.2360939295970645,2.240325636506963,-0.5925837458483412,-4.418559550092439,-6.446340627434171,3.936314290503399,3.4860520524982466
ring,31623,24138,33025,33026,512,m12-1-29,2026-08-05T00:29:46,20250,0.10343992170645437,-0.06316328372237032,1.4816278271998793,-0.5665197908227534,0.2647014539128883,5.73914746436168,0.26470145391289873,-0.29466311132706535,-3.5044825405486453,-11.60030150580396,7.0834656792902475,0.861182902149817
ring,31623,24138,33025,33026,512,m12-1-29,2026-08-05T00:29:46,20341,-0.11577619195811334,0.07758005649034024,0.929202770761418,0.08480779614692653,0.040907617910440314,13.145172341308495,0.040907617910450174,0.11844442587919318,-8.808401758307387,-12.913935104221522,8.653452820944107,-0.20325222202611923
ring,31623,24138,33025,33026,512,m12-1-29,2026-08-05T00:29:46,20342,-0.3270355664681144,0.2191420990088024,0.8149515136225576,0.16990898515977448,0.1602802070273489,13.183569310756305,0.160280207027375,0.30170072109007023,-8.834131046932617,-12.549773317421888,8.409432945063495,-0.4716097062498473
ring,31623,24138,33025,33026,512,m12-1-29,2026-08-05T00:29:46,20412,0.10068522049090402,-0.06746780111970505,1.4816278271998806,-0.5437387037199901,0.2752109599363337,5.586308635450221,0.2752109599363257,-0.31744419842982896,-3.7433096751663006,-11.291374699483855,7.566197093064541,0.8611829021498193
ring,31623,24138,33025,33026,512,m12-1-29,2026-08-05T00:29:46,20449,-0.09428465691188838,0.0661011562113035,-0.6829181813337645,-0.3201755746333416,0.30014821889320936,7.458766246403134,0.3001482188932255,-0.1024815161658394,-5.229197294081849,-10.57845820083049,7.416353210695918,0.4226570907991816
ring,31623,24138,33025,33026,512,m12-1-29,2026-08-05T00:29:46,20467,-0.8488205432150059,0.5950917271179489,0.7856626316892862,1.8932677746901436,-0.568604737428239,9.973808395456892,-0.5686047374280879,1.4808652843102876,-6.992444883008228,-5.434724438049115,3.8101805830464652,-3.37413305900044
ring,31623,24138,33025,33026,512,m12-1-29,2026-08-05T00:29:46,20505,-0.46813221800421717,0.3431433598009181,0.6086063622231521,0.09539640479713188,0.36653125875069453,12.748625669383035,0.36653125875078574,0.3267661620128402,-9.34480917311475,-11.66112376221683,8.547664597580344,-0.422162566809973
ring,31623,24138,33025,33026,512,m12-1-29,2026-08-05T00:29:46,20576,-0.11446558516519312,0.08767287074071356,0.5656131474207743,-0.015849316107219808,0.1250864472123233,12.885586092192268,0.1250864472123424,0.051655655127944594,-9.869484546370442,-12.282886653951392,9.407857675130934,-0.03580633902072466
ring,31623,24138,33025,33026,512,m12-1-29,2026-08-05T00:29:46,20577,-0.2719954065479462,0.20833002413722168,0.35439157486451817,-0.09551585158307603,0.33801617727783523,12.551853621410938,0.33801617727788275,0.08690017215632828,-9.613868120432711,-11.99184809494652,9.184941888456947,0.008615679426747198
ring,31623,24138,33025,33026,512,m12-1-29,2026-08-05T00:29:46,20596,0.5330925695988383,-0.40831273329728823,0.34805145480790045,0.12023137356371885,-0.6110025678119675,12.271258847877046,-0.6110025678120586,-0.20950627335135874,-9.398951564726831,-11.03766641387026,8.454103470364478,0.08927489978764093
ring,31623,24138,33025,33026,512,m12-1-29,2026-08-05T00:29:46,20625,-0.2838961770800296,0.2174452067929385,1.4284124506741098,1.4347659269478423,-0.7994249005323432,5.808615068286196,-0.7994249005322932,1.0033430500671403,-4.449004976731588,-10.23009678516817,7.835559935474589,-2.4381089770149846
ring,31623,24138,33025,33026,512,m12-1-29,2026-08-05T00:29:46,20662,0.2616433377341675,-0.20929901738129533,0.06684534778913011,0.1521929426145758,-0.38732423691178197,11.759089283270718,-0.38732423691180934,-0.022162344088934027,-9.406567939398736,-11.53930932155653,9.23075711835801,-0.1300305985256422
ring,31623,24138,33025,33026,512,m12-1-29,2026-08-05T00:29:46,20684,-0.6165474470833285,0.49320107273129254,0.8353824233059032,0.902274790953689,-0.06320413221458179,11.22070321585809,-0.06320413221451116,0.873823241727113,-8.97589129440153,-9.539814696652794,7.63128103815019,-1.7760980326808002
ring,31623,24138,33025,33026,512,m12-1-29,2026-08-05T00:29:46,20708,-0.5994521100540181,0.4795258258359477,1.177878413936597,2.3696925655276284,-1.2359765329493981,7.5910229317978235,-1.235976532949341,1.8133136400065524,-6.072364212684154,-7.765450388153586,6.211895742650514,-4.1830062055341894
ring,31623,24138,33025,33026,512,m12-1-29,2026-08-05T00:29:46,20766,-0.6935747404761885,0.5792148416022324,0.5978405430724532,0.5534739070128737,0.31235949606536006,11.275749292174336,0.3123594960653747,0.6666493331650758,-9.416550169819024,-8.594195334152161,7.1771435703553985,-1.2201232401779385
ring,31623,24138,33025,33026,512,m12-1-29,2026-08-05T00:29:46,20826,0.10869475002906265,-0.09473306586006466,0.5656131474207762,-0.00020255892478065942,-0.12834538537269993,12.2359533413254,-0.1283453853727,-0.03560378009594233,-10.664262748978453,-11.66363927253598,10.165461598446656,0.03580633902072273
ring,31623,24138,33025,33026,512,m12-1-29,2026-08-05T00:29:46,20931,-0.630910577215934,0.5737198114710387,-0.1483133393267608,-0.797915915866628,1.481581367088047,9.599215668485817,1.481581367088023,-0.515923402543008,-8.729066213940811,-7.906464304023193,7.1897593315417865,1.3138393184096298
ring,31623,24138,33025,33026,512,m12-1-29,2026-08-05T00:29:46,20948,-0.08966901418833322,0.08154069970096034,1.4816278271998695,0.4587819230955986,-0.2962240208650406,4.9750974954448015,-0.296224020865044,0.40240097905421135,-4.524114985885987,-10.055958890463726,9.14440658810304,-0.8611829021498053
ring,31623,24138,33025,33026,512,m12-1-29,2026-08-05T00:29:46,21018,0.24614926875986284,-0.23350475077830163,-0.6259898395810982,0.631431856635616,-0.902014906583898,6.985293640722231,-0.9020149065838843,0.5362509558932532,-6.626463929419082,-9.12365744282508,8.654981459448706,-1.1676828125288738
ring,31623,24138,33025,33026,512,m12-1-29,2026-08-05T00:29:46,21031,-0.4182346771178524,0.39675025052591933,1.3251577152178073,1.865517704216129,-1.176038970388499,6.083027434370077,-1.1760389703885237,1.7414216968301846,-5.770546515114236,-8.41352120417663,7.981324429063566,-3.606939401046301
ring,31623,24138,33025,33026,512,m12-1-29,2026-08-05T00:29:46,21046,0.21677111130533977,-0.20563572898796545,-0.7961378318479265,1.0030524288046923,-1.212641656115149,3.250036055213952,-1.212641656115133,0.8750940943422826,-3.083083947056574,-7.851481758737836,7.4481565618748435,-1.8781465231469745
ring,31623,24138,33025,33026,512,m12-1-29,2026-08-05T00:29:46,21120,-0.6745123998951297,0.6674387373442847,-0.30530942199983874,-1.5441553617549608,2.4289754138277955,7.157963190300108,2.4289754138277564,-1.4929396971647588,-7.082897088969121,-4.509262294917417,4.461973320196678,3.0370950589197157
ring,31623,24138,33025,33026,512,m12-1-29,2026-08-05T00:29:46,21155,-0.45760031216043123,0.47230651343591673,0.07715587676325678,-0.13356895617705417,0.8106665280757905,10.280188849786885,0.8106665280757982,-0.1848635902343124,-10.61057001946132,-9.489787520655566,9.794767044558068,0.31843254641136265
ring,31623,24138,33025,33026,512,m12-1-29,2026-08-05T00:29:46,21224,-0.098122782289215,0.1056447918590929,0.5656131474207766,0.027455493820275935,0.12920759521733668,11.045848907061755,0.12920759521733716,0.008350845200446044,-11.892614349784768,-10.5291997703016,11.33635932680411,-0.035806339020722215
ring,31623,24138,33025,33026,512,m12-1-29,2026-08-05T00:29:46,21281,-0.7125332086158964,0.7671554022494459,-0.11048323110097404,-0.8984466443368412,2.066094821757048,7.800568252754085,2.0660948217570607,-1.2039396420087167,-8.398553223000306,-3.6659425284406626,3.94697058470054,2.1023862863455527
ring,31623,24138,33025,33026,512,m12-1-29,2026-08-05T00:29:46,21322,0.23948154966551685,-0.26899747596108065,-0.34105694019996186,0.18794399613781876,-0.6009446765053492,8.69781747480617,-0.6009446765053489,0.32794904196404495,-9.769817133557373,-9.208242076755825,10.34315119534492,-0.515893038101863
ring,31623,24138,33025,33026,512,m12-1-29,2026-08-05T00:29:46,21372,0.44151043273806234,-0.4959262714931565,-0.6154353255181682,1.436057389455259,-2.310684100967041,4.582451722960626,-2.3106841009670296,1.9743888633724829,-5.147235554937623,-5.866346515379336,6.5893694439265085,-3.41044625282774
ring,31623,24138,33025,33026,512,m12-1-29,2026-08-05T00:29:46,21380,0.6137054313015716,-0.6893441780141438,0.9948162697589041,-1.922173136429755,1.0600852586931233,7.361169529805841,1.0600852586931284,-2.16914642869041,-8.268428304414432,-5.4527924539944355,6.124845146161723,4.0913195651201875
ring,31623,24138,33025,33026,512,m12-1-29,2026-08-05T00:29:46,21430,0.5124505852214781,-0.600643363697988,0.8353824233059011,-0.8778469108988542,0.06397696489285591,9.326218049826593,0.06397696489286056,-0.898251121781937,-10.931260772407237,-7.929127997092307,9.293731432284403,1.7760980326807982
ring,31623,24138,33025,33026,512,m12-1-29,2026-08-05T00:29:46,21456,0.679559168074474,-0.7965113443428772,-0.11048323110097744,0.7249456315358391,-2.045884128329036,7.439579809405441,-2.0458841283290496,1.3774406548097293,-8.71993197020087,-3.496292979347854,4.098005224604267,-2.102386286345569
ring,31623,24138,33025,33026,512,m12-1-29,2026-08-05T00:29:46,21508,0.590231709619252,-0.7221053690220055,0.08799965921580606,0.045562403326482974,-1.186820601584454,8.843519042217842,-1.1868206015844251,0.5274718301443275,-10.819399360216218,-6.580878337569417,8.0512237871886,-0.5730342334708122
ring,31623,24138,33025,33026,512,m12-1-29,2026-08-05T00:29:46,21564,0.07734478596616107,-0.09880582287541602,-0.4351159458914683,0.049554483867457255,-0.21677052709853992,7.762781631490864,-0.21677052709853187,0.15678576687970064,-9.916738631059145,-8.628402172529587,11.022544908583866,-0.2063402507471588
ring,31623,24138,33025,33026,512,m12-1-29,2026-08-05T00:29:46,21584,0.07097691151502906,-0.0906710395509568,-0.6829181813337558,0.13466963271723942,-0.30993554198275675,5.614913488808394,-0.3099355419827479,0.287987458081936,-7.172896539900195,-7.963398460339646,10.17302107608034,-0.4226570907991767
ring,31623,24138,33025,33026,512,m12-1-29,2026-08-05T00:29:46,21598,-0.3553430362425069,0.45394089155991413,1.3251577152178111,1.5207065232057084,-1.1432246499214604,5.1682979827769,-1.1432246499215064,2.0862328778406263,-6.602357594951945,-7.148345973570239,9.13181408796954,-3.606939401046325
ring,31623,24138,33025,33026,512,m12-1-29,2026-08-05T00:29:46,21625,0.3553430362425068,-0.45394089155991435,1.3251577152178118,-1.5207065232057089,1.1432246499214647,5.168297982776901,1.143224649921509,-2.08623287784063,-6.602357594951949,-7.148345973570231,9.131814087969536,3.6069394010463256
ring,31623,24138,33025,33026,512,m12-1-29,2026-08-05T00:29:46,21627,0.07470758013435237,-0.0954368654331182,1.4816278271998735,-0.3591458403922086,0.2888579200305504,4.144993654513934,0.28885792003055993,-0.5020370617576,-5.2951146445321084,-8.378104314375369,10.702796323983794,0.8611829021498092
ring,31623,24138,33025,33026,512,m12-1-29,2026-08-05T00:29:46,21670,0.5592655460612663,-0.74634555267602,0.08799965921580613,-0.053556686778577244,-1.1623046598989497,8.379548956188163,-1.1623046598988775,0.6265909202493931,-11.182593208051635,-6.2356163808917024,8.321493406572912,-0.5730342334708138
ring,31623,24138,33025,33026,512,m12-1-29,2026-08-05T00:29:46,21673,0.4734582756624128,-0.6318348786313197,0.8353824233059061,-0.8698564710577555,0.06217850342745648,8.61658712793576,0.062178503427518766,-0.9062415616230411,-11.498923056268067,-7.325801506085429,9.77635653109795,1.7760980326807998
ring,31623,24138,33025,33026,512,m12-1-29,2026-08-05T00:29:46,21747,0.19768618538857924,-0.2757428208558936,-0.6259898395811034,0.29387069173792485,-0.8554605352575235,5.609994539535466,-0.8554605352575024,0.8738121207909477,-7.8251078408792605,-7.327346718319044,10.220558657282803,-1.1676828125288745
ring,31623,24138,33025,33026,512,m12-1-29,2026-08-05T00:29:46,21846,-0.6383698177542289,0.9312855906576065,0.33026202492900836,0.6364425598245481,0.7332289269141326,7.324148869565241,0.7332289269141399,0.06937939103007884,-10.684832077514281,-2.7533352441918817,4.0167021808553365,-0.7058219508546331
ring,31623,24138,33025,33026,512,m12-1-29,2026-08-05T00:29:46,21910,0.2985731913419759,-0.45589460488563743,-0.5143459975537644,0.2830017897403569,-1.2220627629094485,5.7918328220163255,-1.2220627629094925,1.3486326649573637,-8.843611591813898,-6.561279293045885,10.018487652568153,-1.6316344546977293
ring,31623,24138,33025,33026,512,m12-1-29,2026-08-05T00:29:46,21913,0.5109695788577817,-0.7802049246783704,0.08799965921580567,-0.1974869212249653,-1.110109186295287,7.655924151445195,-1.1101091862953592,0.7705211546957752,-11.689912615295123,-5.69713313917226,8.699013631431322,-0.5730342334708124
ring,31623,24138,33025,33026,512,m12-1-29,2026-08-05T00:29:46,21918,0.21380755342095634,-0.3264650441330751,1.180461169669421,-0.5806907241832345,0.2512938531576672,7.221110838587244,0.25129385315763897,-0.7998173491034258,-11.025991509138969,-7.895940902592522,12.056396764251929,1.3805080732866593
ring,31623,24138,33025,33026,512,m12-1-29,2026-08-05T00:29:46,21998,0.32577711972129114,-0.5210806923321801,1.0355047955694647,-0.8022630503356434,0.244839072262791,7.306386259078541,0.24483907226273097,-1.0408110890933397,-11.686569067785316,-7.097111045452788,11.351833241962378,1.8430741394289885
ring,31623,24138,33025,33026,512,m12-1-29,2026-08-05T00:29:46,22027,0.5495434872932042,-0.8789951273139416,0.7856626316892827,-1.4221772747333383,0.5437499274967541,6.457244103062778,0.5437499274966503,-1.9519557842670736,-10.328365695726207,-3.518549879637653,5.627922577421823,3.374133059000415
ring,31623,24138,33025,33026,512,m12-1-29,2026-08-05T00:29:46,22155,0.4211799819245038,-0.7414917405766408,-0.14831333932676302,-0.10526086714899376,-1.2782973585758566,6.408194168471774,-1.2782973585759565,1.4191001855586274,-11.281692511171833,-5.278156069834739,9.292248680419114,-1.3138393184096364
ring,31623,24138,33025,33026,512,m12-1-29,2026-08-05T00:29:46,22172,-0.5171196646142087,0.9103945502090031,-0.11048323110097485,0.009789919055956603,1.779436497057841,5.661248051161288,1.7794364970579717,-2.1121762054015134,-9.96668609963542,-2.660551042223938,4.6839277930004535,2.1023862863455447
ring,31623,24138,33025,33026,512,m12-1-29,2026-08-05T00:29:46,22184,0.46867064751669696,-0.8250995514944196,-0.3053094219998365,0.274543363504293,-2.086391851292491,4.973559038826075,-2.086391851292602,2.7625516954154223,-8.75600243798105,-3.1331653501257524,5.5159701996368815,-3.0370950589197054
ring,31623,24138,33025,33026,512,m12-1-29,2026-08-05T00:29:46,22235,0.34234046988051614,-0.6334291752877467,-0.35263578000531354,0.0034219666659724758,-1.2861569324337059,5.5926345121392185,-1.2861569324337603,1.6880744094369875,-10.347996157002878,-5.362634250397216,9.922428954381388,-1.691496376102968
ring,31623,24138,33025,33026,512,m12-1-29,2026-08-05T00:29:46,22334,-0.47828087737531366,0.9313851979272926,-0.1104832311009728,0.15591518843321833,1.6837365533732662,5.2360543801185875,1.6837365533732973,-2.258301474778759,-10.196484484070142,-2.460727707436912,4.791923472695795,2.1023862863455363
ring,31623,24138,33025,33026,512,m12-1-29,2026-08-05T00:29:46,22443,0.057232856464163054,-0.12406165288289459,-0.12886263513785245,-0.07169375653740558,-0.1343094025395893,6.045708885687732,-0.1343094025395778,0.15748360924053098,-13.105070820235532,-6.141769918645141,13.313298947618817,-0.08578985270312521
ring,31623,24138,33025,33026,512,m12-1-29,2026-08-05T00:29:46,22451,-0.2754787708740431,0.5971456565370264,0.07715587676325755,0.3672077735955087,0.617021658908929,6.1887496870838286,0.6170216589088715,-0.6856403200068675,-13.415135341687522,-5.712922243657683,12.383700904102566,0.31843254641136076
ring,31623,24138,33025,33026,512,m12-1-29,2026-08-05T00:29:46,22475,0.04823520362394059,-0.10455775682760357,-0.6829181813337528,0.0041039151461147215,-0.24288800236754524,3.8158394001989366,-0.24288800236753458,0.41855317565305944,-8.271461051761223,-5.411846445188356,11.731069469840168,-0.4226570907991749
ring,31623,24138,33025,33026,512,m12-1-29,2026-08-05T00:29:46,22502,-0.042116355797149396,0.09129414529345008,-0.8329365125029841,-0.05513552818589943,0.31965674140414774,1.6492228718889124,0.3196567414041409,-0.600578278752627,-3.5749624970569838,-4.725452012970256,10.243196365971636,0.655713806938529
ring,31623,24138,33025,33026,512,m12-1-29,2026-08-05T00:29:46,22571,-0.3068008406784984,0.7036768392172832,1.177878413936593,1.2293283632938214,-0.9282683264049518,3.8851013751132886,-0.9282683264050565,2.953677842240352,-8.910848645761007,-3.9743737112177557,9.115603219316627,-4.183006205534185
ring,31623,24138,33025,33026,512,m12-1-29,2026-08-05T00:29:46,22573,-0.4143071027522432,0.9502526521284054,0.7856626316892815,1.2754489536078037,-0.4431718314153228,4.868189975794589,-0.4431718314154649,2.098684105392595,-11.165655632821782,-2.652674884206467,6.084161548779908,-3.374133059000399
ring,31623,24138,33025,33026,512,m12-1-29,2026-08-05T00:29:46,22599,0.048438991636087364,-0.11109942350214391,1.4816278271998693,-0.22808815093487927,0.21802703199969745,2.687536025147204,0.2180270319997137,-0.6330947512149292,-6.164118883363227,-5.432205461353057,12.459278666154097,0.8611829021498053
ring,31623,24138,33025,33026,512,m12-1-29,2026-08-05T00:29:46,22638,0.1290119454332977,-0.3137990584475494,-0.6259898395810994,-0.05822438714433004,-0.6353324008741248,3.661137514454971,-0.6353324008740834,1.2259071996731985,-8.905078526057864,-4.781898406995302,11.631133943970955,-1.1676828125288679
ring,31623,24138,33025,33026,512,m12-1-29,2026-08-05T00:29:46,22639,0.20722104241288236,-0.5040290477078496,-0.5143459975537639,-0.1318289109097604,-0.9377081015366348,4.019750163987974,-0.9377081015365668,1.7634633656074834,-9.777341256403398,-4.553775000883243,11.076263541797092,-1.6316344546977168
ring,31623,24138,33025,33026,512,m12-1-29,2026-08-05T00:29:46,22687,0.12084284221835764,-0.31250651567933857,0.06684534778912748,-0.22871298819103575,-0.26710241322215894,5.4310642235179705,-0.2671024132221273,0.35874358671667833,-14.045043345268878,-5.329556440189045,13.782538400001659,-0.13003059852564433
ring,31623,24138,33025,33026,512,m12-1-29,2026-08-05T00:29:46,22715,-0.19654856300324017,0.5082858484488094,-0.5143459975537673,0.17051699268645673,0.8969250210754699,3.812721474442158,0.8969250210754156,-1.8021514473841829,-9.859916246265904,-4.319242497006367,11.169808640172306,1.631634454697732
ring,31623,24138,33025,33026,512,m12-1-29,2026-08-05T00:29:46,22717,-0.04152950173444812,0.10739767160954629,-0.6829181813337625,0.02488523886601979,0.21480148323674653,3.2853579353458464,0.21480148323673487,-0.4475423296651961,-8.496123910088395,-4.65948662898283,12.049699465416008,0.4226570907991782
ring,31623,24138,33025,33026,512,m12-1-29,2026-08-05T00:29:46,22782,0.22419720125509277,-0.6182290055252223,0.0771558767632545,-0.4633206932920334,-0.5198901133480665,5.036687054723817,-0.519890113348044,0.7817532397033984,-13.888781891798617,-4.64943695643843,12.820930724111138,-0.31843254641137014
ring,31623,24138,33025,33026,512,m12-1-29,2026-08-05T00:29:46,22807,0.2691703383050049,-0.7422434786679154,0.8353824233059054,-0.8383231756834172,0.04152680776677289,4.8986991916364016,0.04152680776680369,-0.9377748569973765,-13.50827714466741,-4.164862187675289,11.484704510233497,1.7760980326807967
ring,31623,24138,33025,33026,512,m12-1-29,2026-08-05T00:29:46,22808,0.20950748195152116,-0.5777217623230254,1.0355047955694674,-0.7124982158841805,0.17457153431927078,4.698741853369987,0.1745715343192903,-1.130575923544804,-12.956890126043259,-4.564156824565221,12.585768773721536,1.8430741394289805
ring,31623,24138,33025,33026,512,m12-1-29,2026-08-05T00:29:46,22826,-0.03427621325166261,0.09451745656554861,-0.832936512502997,-0.005342879462100587,0.2693363792365872,1.342212871613424,0.26933637923658105,-0.650370927476437,-3.701183262660819,-3.845788597835636,10.6048516528756,0.6557138069385382
ring,31623,24138,33025,33026,512,m12-1-29,2026-08-05T00:29:46,22897,-0.33278702254203113,0.9817755730795359,0.7856626316892866,1.2068921440051,-0.3677809952376844,3.9103129935535517,-0.36778099523766183,2.1672409149953302,-11.536056156401058,-2.1307280773677686,6.285992654566881,-3.374133059000425
ring,31623,24138,33025,33026,512,m12-1-29,2026-08-05T00:29:46,22909,0.09591877022549503,-0.2829758951772993,-0.7961378318479327,-0.02496718170822274,-0.7383895609381718,1.4381042738003065,-0.7383895609381856,1.9031137048552058,-4.242640343284569,-3.4741920646668976,10.24942883656444,-1.878146523146987
ring,31623,24138,33025,33026,512,m12-1-29,2026-08-05T00:29:46,22959,-0.10211955208758636,0.32355143057709435,-0.6259898395811008,0.15577006518277245,0.518527351226306,2.897977562089558,0.5185273512263299,-1.323452877711646,-9.18183410352383,-3.7851171208264467,11.992610957545743,1.167682812528875
ring,31623,24138,33025,33026,512,m12-1-29,2026-08-05T00:29:46,23002,0.1735123492746917,-0.5497494621056358,1.3251577152178171,-0.8391708768347191,0.6760513244331955,2.5236558290992885,0.6760513244331594,-2.7677685242116232,-7.995848366912042,-3.4905040391898505,11.059170866185998,3.606939401046337
ring,31623,24138,33025,33026,512,m12-1-29,2026-08-05T00:29:46,23067,-0.13718305036138972,0.4688643966297472,-0.7231852696092771,0.157223382518576,1.0103489195772675,1.5455502445146159,1.0103489195772946,-3.0003346692574193,-5.282383508358193,-2.7982484687380147,9.56385702503829,2.843111286738844
ring,31623,24138,33025,33026,512,m12-1-29,2026-08-05T00:29:46,23260,-0.14744937362293703,0.655107363836184,0.3480514548078992,0.6164641869569406,0.2711458087466757,3.3941374047775583,0.27114580874667915,-0.5271892871692997,-15.079917622625459,-3.052935065684405,13.563979240481808,-0.08927489978764144
ring,31623,24138,33025,33026,512,m12-1-29,2026-08-05T00:29:46,23389,-0.16302797331694166,0.8029930381097204,-0.4750800767182993,0.5760229465791028,0.9821345425900702,1.6869318870489987,0.9821345425900591,-4.06207499907729,-8.308970132580853,-1.5028187396406292,7.402122230435929,3.486052052498196
ring,31623,24138,33025,33026,512,m12-1-29,2026-08-05T00:29:46,23392,-0.05944920344996896,0.29281659779139635,-0.7961378318479263,0.1791104665403283,0.47355915170838314,0.8913182826930692,0.4735591517083783,-2.0572569896873016,-4.390181397587721,-2.1532589543329355,10.60586054281204,1.8781465231469754
ring,31623,24138,33025,33026,512,m12-1-29,2026-08-05T00:29:46,23398,0.16302797331694197,-0.8029930381097216,-0.4750800767182977,-0.576022946579104,-0.9821345425900677,1.686931887049005,-0.9821345425900566,4.06207499907728,-8.308970132580884,-1.5028187396406332,7.402122230435947,-3.48605205249818
ring,31623,24138,33025,33026,512,m12-1-29,2026-08-05T00:29:46,23417,0.06107417179981258,-0.33712437716540755,0.35439157486451917,-0.3235471547541598,-0.12282076426017291,2.818408127583676,-0.1228207642601687,0.33216283418090814,-15.557379766425036,-2.6926638212139093,14.863281595008898,-0.008615679426750218
ring,31623,24138,33025,33026,512,m12-1-29,2026-08-05T00:29:46,23494,-0.052763338852981484,0.33087663098281284,0.06684534778912966,0.3123078080954182,0.12347987144951912,2.371353376809696,0.12347987144952002,-0.442338406621061,-14.870655141342963,-2.32703226130396,14.592719330252603,0.13003059852564347
ring,31623,24138,33025,33026,512,m12-1-29,2026-08-05T00:29:46,23547,-0.17780168737497196,1.1149867423214752,0.33026202492900775,1.1000599018932797,0.2445062377429978,2.0399555107029714,0.2445062377430054,-0.3942379510386402,-12.792473361417745,-0.7668715511151758,4.809018548590487,-0.7058219508546367
ring,31623,24138,33025,33026,512,m12-1-29,2026-08-05T00:29:46,23548,-0.17456349911857658,1.0946802028936038,0.1037255389113522,1.0246707877594978,0.46540773533582186,1.9637148860302032,0.4654077353358394,-1.819664743595031,-12.314371679755014,-0.7644797066165709,4.794019394504784,0.7949939558355342
ring,31623,24138,33025,33026,512,m12-1-29,2026-08-05T00:29:46,23574,-0.04680788326888753,0.3393993550437063,0.3543915748645192,0.33272803380519,0.09476633100599319,2.160057431027262,0.09476633100600153,-0.3413437132319384,-15.662363853041558,-2.063685681057792,14.96358177831759,0.008615679426749814
ring,31623,24138,33025,33026,512,m12-1-29,2026-08-05T00:29:46,23583,-0.0792983145499345,0.5749842747576194,0.6086063622231519,0.5810873748260081,0.10403675836573842,2.159527777686516,0.10403675836575382,-0.15892480801604128,-15.658523388793055,-1.9753125816554198,14.322797131678506,-0.4221625668099679
ring,31623,24138,33025,33026,512,m12-1-29,2026-08-05T00:29:46,23632,-0.11194365196934722,0.8116924036359303,-0.4750800767182989,0.6814064385198477,0.6816917352428932,1.158336892851456,0.6816917352429399,-4.16745849101803,-8.398986813796222,-1.0319150421890273,7.482314416290781,3.48605205249819
ring,31623,24138,33025,33026,512,m12-1-29,2026-08-05T00:29:46,23713,-0.09480589802798878,0.8138720913237021,-0.4750800767182986,0.707988921974738,0.5788800581359275,0.9810039909703878,0.5788800581359185,-4.194040974472932,-8.421541131251718,-0.8739364005214846,7.5024071368043765,3.486052052498189
ring,31623,24138,33025,33026,512,m12-1-29,2026-08-05T00:29:46,23819,-0.010073338340781298,0.1362549868069267,-0.12886263513785515,0.131734744421355,0.025962664395454346,1.0640823274919546,0.025962664395444625,-0.2175245971244804,-14.393095773119688,-1.080989666145439,14.621789491848526,0.08578985270312588
ring,31623,24138,33025,33026,512,m12-1-29,2026-08-05T00:29:46,23827,-0.049508625880028904,0.6696684790981755,0.34805145480790195,0.6706124490522872,0.09306539233089202,1.1396391509146604,0.09306539233085653,-0.5813375492646464,-15.415099961835603,-1.025074683528384,13.865466715718528,-0.08927489978763756
ring,31623,24138,33025,33026,512,m12-1-29,2026-08-05T00:29:46,23835,0.04848597529732597,-0.6558358014951493,0.07715587676325579,-0.6430379779310894,-0.11927330441559256,1.0892583972885455,-0.11927330441553406,0.9614705243424567,-14.733634822036027,-1.0055098108020166,13.60082639638981,-0.31843254641136565
ring,31623,24138,33025,33026,512,m12-1-29,2026-08-05T00:29:46,23840,-0.009865515485140882,0.1334439127125694,1.2566422615171244,0.14459127677851757,-0.01648938807245775,0.9440566787739092,-0.016489388072463834,0.3664126096342098,-12.76959295515442,-1.1065692256653994,14.967786263426083,-0.511003886412727
ring,31623,24138,33025,33026,512,m12-1-29,2026-08-05T00:29:46,23935,0.028712456734186046,-0.5442071629262619,-0.5143459975537669,-0.5099465747952946,-0.14028552301691546,0.5569748193611866,-0.14028552301691552,2.141581029493013,-10.556731145371003,-0.630969066498384,11.959195576757445,-1.6316344546977273
ring,31623,24138,33025,33026,512,m12-1-29,2026-08-05T00:29:46,24005,-0.024966531640307894,0.7891481007682445,0.8353824233059101,0.8233932772740238,-0.004095167655253602,0.45437223556838013,-0.004095167655181826,0.9527047554067749,-14.361906247390284,-0.38630617415315954,12.210457905808342,-1.7760980326807971
ring,31623,24138,33025,33026,512,m12-1-29,2026-08-05T00:29:46,24037,-0.02590987672733456,0.8189655778019526,-0.47508007671830305,0.7703847057859711,0.15919450434935162,0.26810243881205836,0.15919450434942203,-4.25643675828417,-8.47424598049687,-0.23884151593983113,7.549359735023461,3.486052052498205
ring,31623,24138,33025,33026,512,m12-1-29,2026-08-05T00:29:46,24097,0.00574504502370399,-0.5449337902990018,-0.5143459975537625,-0.517051738533757,-0.028107060160432188,0.1114445010374609,-0.02810706016049465,2.148686193231478,-10.570826530987937,-0.1262499314899035,11.975163537956822,-1.631634454697706
