case,n,K_max,P,precision,sigma_classes,demoted_pairs,candidate_reclaimed_pairs,routes,demoted_direct_ns,residual_direct_ns,class_P2M_ns,refresh_scatter_ns,metadata_ns,route_group_ns,new_table_ns,proposed_subwork_ns,nearfield_anchor_ns,proposed_nearfield_ns,proposed_nearfield_delta_fraction,solve_anchor_ns,proposed_solve_ns,proposed_solve_delta_fraction,accuracy_certified,selected_nearfield_ns,selected_solve_ns,selected_nearfield_delta_fraction,selected_solve_delta_fraction,capacity_bytes,bounded_capacity,selector_decision
rotor,100000,128,4,Float32,1,0,0,0,0.000000,0.000000,103300.000000,27000.000000,0.000000,0.000000,0.000000,130300.000000,1.2269e7,1.23993e7,-0.01062026245007743,1.1816e7,1.19463e7,-0.011027420446851727,false,1.2269e7,1.1816e7,0.0,0.0,0,true,direct_fallback
rotor,100000,128,4,Float64,1,0,0,0,0.000000,0.000000,206600.000000,45000.000000,0.000000,0.000000,0.000000,251600.000000,2.321e7,2.34616e7,-0.010840155105557948,2.202e7,2.22716e7,-0.011425976385104451,false,2.321e7,2.202e7,0.0,0.0,0,true,direct_fallback
rotor,100000,128,8,Float32,1,0,0,0,0.000000,0.000000,103300.000000,27000.000000,0.000000,0.000000,0.000000,130300.000000,1.2269e7,1.23993e7,-0.01062026245007743,1.1816e7,1.19463e7,-0.011027420446851727,false,1.2269e7,1.1816e7,0.0,0.0,0,true,direct_fallback
rotor,100000,128,8,Float64,1,0,0,0,0.000000,0.000000,206600.000000,45000.000000,0.000000,0.000000,0.000000,251600.000000,2.321e7,2.34616e7,-0.010840155105557948,2.202e7,2.22716e7,-0.011425976385104451,false,2.321e7,2.202e7,0.0,0.0,0,true,direct_fallback
rotor,100000,128,4,Float32,2,0,0,0,0.000000,0.000000,103300.000000,27000.000000,0.000000,0.000000,0.000000,130300.000000,1.2269e7,1.23993e7,-0.01062026245007743,1.1816e7,1.19463e7,-0.011027420446851727,false,1.2269e7,1.1816e7,0.0,0.0,0,true,direct_fallback
rotor,100000,128,4,Float64,2,0,0,0,0.000000,0.000000,206600.000000,45000.000000,0.000000,0.000000,0.000000,251600.000000,2.321e7,2.34616e7,-0.010840155105557948,2.202e7,2.22716e7,-0.011425976385104451,false,2.321e7,2.202e7,0.0,0.0,0,true,direct_fallback
rotor,100000,128,8,Float32,2,0,0,0,0.000000,0.000000,103300.000000,27000.000000,0.000000,0.000000,0.000000,130300.000000,1.2269e7,1.23993e7,-0.01062026245007743,1.1816e7,1.19463e7,-0.011027420446851727,false,1.2269e7,1.1816e7,0.0,0.0,0,true,direct_fallback
rotor,100000,128,8,Float64,2,0,0,0,0.000000,0.000000,206600.000000,45000.000000,0.000000,0.000000,0.000000,251600.000000,2.321e7,2.34616e7,-0.010840155105557948,2.202e7,2.22716e7,-0.011425976385104451,false,2.321e7,2.202e7,0.0,0.0,0,true,direct_fallback
rotor,100000,128,4,Float32,4,0,0,0,0.000000,0.000000,103300.000000,27000.000000,0.000000,0.000000,0.000000,130300.000000,1.2269e7,1.23993e7,-0.01062026245007743,1.1816e7,1.19463e7,-0.011027420446851727,false,1.2269e7,1.1816e7,0.0,0.0,0,true,direct_fallback
rotor,100000,128,4,Float64,4,0,0,0,0.000000,0.000000,206600.000000,45000.000000,0.000000,0.000000,0.000000,251600.000000,2.321e7,2.34616e7,-0.010840155105557948,2.202e7,2.22716e7,-0.011425976385104451,false,2.321e7,2.202e7,0.0,0.0,0,true,direct_fallback
rotor,100000,128,8,Float32,4,0,0,0,0.000000,0.000000,103300.000000,27000.000000,0.000000,0.000000,0.000000,130300.000000,1.2269e7,1.23993e7,-0.01062026245007743,1.1816e7,1.19463e7,-0.011027420446851727,false,1.2269e7,1.1816e7,0.0,0.0,0,true,direct_fallback
rotor,100000,128,8,Float64,4,0,0,0,0.000000,0.000000,206600.000000,45000.000000,0.000000,0.000000,0.000000,251600.000000,2.321e7,2.34616e7,-0.010840155105557948,2.202e7,2.22716e7,-0.011425976385104451,false,2.321e7,2.202e7,0.0,0.0,0,true,direct_fallback
rotor,100000,128,4,Float32,8,0,0,0,0.000000,0.000000,103300.000000,27000.000000,0.000000,0.000000,0.000000,130300.000000,1.2269e7,1.23993e7,-0.01062026245007743,1.1816e7,1.19463e7,-0.011027420446851727,false,1.2269e7,1.1816e7,0.0,0.0,0,true,direct_fallback
rotor,100000,128,4,Float64,8,0,0,0,0.000000,0.000000,206600.000000,45000.000000,0.000000,0.000000,0.000000,251600.000000,2.321e7,2.34616e7,-0.010840155105557948,2.202e7,2.22716e7,-0.011425976385104451,false,2.321e7,2.202e7,0.0,0.0,0,true,direct_fallback
rotor,100000,128,8,Float32,8,0,0,0,0.000000,0.000000,103300.000000,27000.000000,0.000000,0.000000,0.000000,130300.000000,1.2269e7,1.23993e7,-0.01062026245007743,1.1816e7,1.19463e7,-0.011027420446851727,false,1.2269e7,1.1816e7,0.0,0.0,0,true,direct_fallback
rotor,100000,128,8,Float64,8,0,0,0,0.000000,0.000000,206600.000000,45000.000000,0.000000,0.000000,0.000000,251600.000000,2.321e7,2.34616e7,-0.010840155105557948,2.202e7,2.22716e7,-0.011425976385104451,false,2.321e7,2.202e7,0.0,0.0,0,true,direct_fallback
rotor,1000000,128,4,Float32,1,0,0,0,0.000000,0.000000,1033000.000000,270000.000000,0.000000,0.000000,0.000000,1303000.000000,2.40636e8,2.41939e8,-0.0054148174005551955,2.36791e8,2.38094e8,-0.005502742925195637,false,2.40636e8,2.36791e8,0.0,0.0,0,true,direct_fallback
rotor,1000000,128,4,Float64,1,0,0,0,0.000000,0.000000,2066000.000000,450000.000000,0.000000,0.000000,0.000000,2516000.000000,4.78532e8,4.81048e8,-0.0052577466083772876,4.70122e8,4.72638e8,-0.005351802298126869,false,4.78532e8,4.70122e8,0.0,0.0,0,true,direct_fallback
rotor,1000000,128,8,Float32,1,0,0,0,0.000000,0.000000,1033000.000000,270000.000000,0.000000,0.000000,0.000000,1303000.000000,2.40636e8,2.41939e8,-0.0054148174005551955,2.36791e8,2.38094e8,-0.005502742925195637,false,2.40636e8,2.36791e8,0.0,0.0,0,true,direct_fallback
rotor,1000000,128,8,Float64,1,0,0,0,0.000000,0.000000,2066000.000000,450000.000000,0.000000,0.000000,0.000000,2516000.000000,4.78532e8,4.81048e8,-0.0052577466083772876,4.70122e8,4.72638e8,-0.005351802298126869,false,4.78532e8,4.70122e8,0.0,0.0,0,true,direct_fallback
rotor,1000000,128,4,Float32,2,0,0,0,0.000000,0.000000,1033000.000000,270000.000000,0.000000,0.000000,0.000000,1303000.000000,2.40636e8,2.41939e8,-0.0054148174005551955,2.36791e8,2.38094e8,-0.005502742925195637,false,2.40636e8,2.36791e8,0.0,0.0,0,true,direct_fallback
rotor,1000000,128,4,Float64,2,0,0,0,0.000000,0.000000,2066000.000000,450000.000000,0.000000,0.000000,0.000000,2516000.000000,4.78532e8,4.81048e8,-0.0052577466083772876,4.70122e8,4.72638e8,-0.005351802298126869,false,4.78532e8,4.70122e8,0.0,0.0,0,true,direct_fallback
rotor,1000000,128,8,Float32,2,0,0,0,0.000000,0.000000,1033000.000000,270000.000000,0.000000,0.000000,0.000000,1303000.000000,2.40636e8,2.41939e8,-0.0054148174005551955,2.36791e8,2.38094e8,-0.005502742925195637,false,2.40636e8,2.36791e8,0.0,0.0,0,true,direct_fallback
rotor,1000000,128,8,Float64,2,0,0,0,0.000000,0.000000,2066000.000000,450000.000000,0.000000,0.000000,0.000000,2516000.000000,4.78532e8,4.81048e8,-0.0052577466083772876,4.70122e8,4.72638e8,-0.005351802298126869,false,4.78532e8,4.70122e8,0.0,0.0,0,true,direct_fallback
rotor,1000000,128,4,Float32,4,0,0,0,0.000000,0.000000,1033000.000000,270000.000000,0.000000,0.000000,0.000000,1303000.000000,2.40636e8,2.41939e8,-0.0054148174005551955,2.36791e8,2.38094e8,-0.005502742925195637,false,2.40636e8,2.36791e8,0.0,0.0,0,true,direct_fallback
rotor,1000000,128,4,Float64,4,0,0,0,0.000000,0.000000,2066000.000000,450000.000000,0.000000,0.000000,0.000000,2516000.000000,4.78532e8,4.81048e8,-0.0052577466083772876,4.70122e8,4.72638e8,-0.005351802298126869,false,4.78532e8,4.70122e8,0.0,0.0,0,true,direct_fallback
rotor,1000000,128,8,Float32,4,0,0,0,0.000000,0.000000,1033000.000000,270000.000000,0.000000,0.000000,0.000000,1303000.000000,2.40636e8,2.41939e8,-0.0054148174005551955,2.36791e8,2.38094e8,-0.005502742925195637,false,2.40636e8,2.36791e8,0.0,0.0,0,true,direct_fallback
rotor,1000000,128,8,Float64,4,0,0,0,0.000000,0.000000,2066000.000000,450000.000000,0.000000,0.000000,0.000000,2516000.000000,4.78532e8,4.81048e8,-0.0052577466083772876,4.70122e8,4.72638e8,-0.005351802298126869,false,4.78532e8,4.70122e8,0.0,0.0,0,true,direct_fallback
rotor,1000000,128,4,Float32,8,0,0,0,0.000000,0.000000,1033000.000000,270000.000000,0.000000,0.000000,0.000000,1303000.000000,2.40636e8,2.41939e8,-0.0054148174005551955,2.36791e8,2.38094e8,-0.005502742925195637,false,2.40636e8,2.36791e8,0.0,0.0,0,true,direct_fallback
rotor,1000000,128,4,Float64,8,0,0,0,0.000000,0.000000,2066000.000000,450000.000000,0.000000,0.000000,0.000000,2516000.000000,4.78532e8,4.81048e8,-0.0052577466083772876,4.70122e8,4.72638e8,-0.005351802298126869,false,4.78532e8,4.70122e8,0.0,0.0,0,true,direct_fallback
rotor,1000000,128,8,Float32,8,0,0,0,0.000000,0.000000,1033000.000000,270000.000000,0.000000,0.000000,0.000000,1303000.000000,2.40636e8,2.41939e8,-0.0054148174005551955,2.36791e8,2.38094e8,-0.005502742925195637,false,2.40636e8,2.36791e8,0.0,0.0,0,true,direct_fallback
rotor,1000000,128,8,Float64,8,0,0,0,0.000000,0.000000,2066000.000000,450000.000000,0.000000,0.000000,0.000000,2516000.000000,4.78532e8,4.81048e8,-0.0052577466083772876,4.70122e8,4.72638e8,-0.005351802298126869,false,4.78532e8,4.70122e8,0.0,0.0,0,true,direct_fallback
synthetic,100000,32,4,Float32,1,30532180,0,0,102588.124800,102588.124800,103300.000000,27000.000000,299278.800000,0.000000,0.000000,532166.924800,616450.0,1.0460287999999999e6,-0.6968591126612051,1.0837e6,1.5132787999999998e6,-0.39640011073175213,false,616450.0,1.0837e6,0.0,0.0,21282048,true,direct_fallback
synthetic,100000,32,4,Float64,1,30532180,0,0,205176.249600,205176.249600,206600.000000,45000.000000,299278.800000,0.000000,0.000000,756055.049600,1.2329e6,1.7837788e6,-0.4468154757076811,2.1674e6,2.7182788e6,-0.2541657285226538,false,1.2329e6,2.1674e6,0.0,0.0,21282048,true,direct_fallback
synthetic,100000,32,8,Float32,1,30532180,0,0,102588.124800,102588.124800,103300.000000,27000.000000,299278.800000,0.000000,0.000000,532166.924800,616450.0,1.0460287999999999e6,-0.6968591126612051,1.0837e6,1.5132787999999998e6,-0.39640011073175213,false,616450.0,1.0837e6,0.0,0.0,21282048,true,direct_fallback
synthetic,100000,32,8,Float64,1,30532180,0,0,205176.249600,205176.249600,206600.000000,45000.000000,299278.800000,0.000000,0.000000,756055.049600,1.2329e6,1.7837788e6,-0.4468154757076811,2.1674e6,2.7182788e6,-0.2541657285226538,false,1.2329e6,2.1674e6,0.0,0.0,21282048,true,direct_fallback
synthetic,100000,32,4,Float32,2,30532180,0,0,102588.124800,102588.124800,103300.000000,27000.000000,299278.800000,0.000000,0.000000,532166.924800,616450.0,1.0460287999999999e6,-0.6968591126612051,1.0837e6,1.5132787999999998e6,-0.39640011073175213,false,616450.0,1.0837e6,0.0,0.0,21282048,true,direct_fallback
synthetic,100000,32,4,Float64,2,30532180,0,0,205176.249600,205176.249600,206600.000000,45000.000000,299278.800000,0.000000,0.000000,756055.049600,1.2329e6,1.7837788e6,-0.4468154757076811,2.1674e6,2.7182788e6,-0.2541657285226538,false,1.2329e6,2.1674e6,0.0,0.0,21282048,true,direct_fallback
synthetic,100000,32,8,Float32,2,30532180,0,0,102588.124800,102588.124800,103300.000000,27000.000000,299278.800000,0.000000,0.000000,532166.924800,616450.0,1.0460287999999999e6,-0.6968591126612051,1.0837e6,1.5132787999999998e6,-0.39640011073175213,false,616450.0,1.0837e6,0.0,0.0,21282048,true,direct_fallback
synthetic,100000,32,8,Float64,2,30532180,0,0,205176.249600,205176.249600,206600.000000,45000.000000,299278.800000,0.000000,0.000000,756055.049600,1.2329e6,1.7837788e6,-0.4468154757076811,2.1674e6,2.7182788e6,-0.2541657285226538,false,1.2329e6,2.1674e6,0.0,0.0,21282048,true,direct_fallback
synthetic,100000,32,4,Float32,4,30532180,0,0,102588.124800,102588.124800,103300.000000,27000.000000,299278.800000,0.000000,0.000000,532166.924800,616450.0,1.0460287999999999e6,-0.6968591126612051,1.0837e6,1.5132787999999998e6,-0.39640011073175213,false,616450.0,1.0837e6,0.0,0.0,21282048,true,direct_fallback
synthetic,100000,32,4,Float64,4,30532180,0,0,205176.249600,205176.249600,206600.000000,45000.000000,299278.800000,0.000000,0.000000,756055.049600,1.2329e6,1.7837788e6,-0.4468154757076811,2.1674e6,2.7182788e6,-0.2541657285226538,false,1.2329e6,2.1674e6,0.0,0.0,21282048,true,direct_fallback
synthetic,100000,32,8,Float32,4,30532180,0,0,102588.124800,102588.124800,103300.000000,27000.000000,299278.800000,0.000000,0.000000,532166.924800,616450.0,1.0460287999999999e6,-0.6968591126612051,1.0837e6,1.5132787999999998e6,-0.39640011073175213,false,616450.0,1.0837e6,0.0,0.0,21282048,true,direct_fallback
synthetic,100000,32,8,Float64,4,30532180,0,0,205176.249600,205176.249600,206600.000000,45000.000000,299278.800000,0.000000,0.000000,756055.049600,1.2329e6,1.7837788e6,-0.4468154757076811,2.1674e6,2.7182788e6,-0.2541657285226538,false,1.2329e6,2.1674e6,0.0,0.0,21282048,true,direct_fallback
synthetic,100000,32,4,Float32,8,30532180,0,0,102588.124800,102588.124800,103300.000000,27000.000000,299278.800000,0.000000,0.000000,532166.924800,616450.0,1.0460287999999999e6,-0.6968591126612051,1.0837e6,1.5132787999999998e6,-0.39640011073175213,false,616450.0,1.0837e6,0.0,0.0,21282048,true,direct_fallback
synthetic,100000,32,4,Float64,8,30532180,0,0,205176.249600,205176.249600,206600.000000,45000.000000,299278.800000,0.000000,0.000000,756055.049600,1.2329e6,1.7837788e6,-0.4468154757076811,2.1674e6,2.7182788e6,-0.2541657285226538,false,1.2329e6,2.1674e6,0.0,0.0,21282048,true,direct_fallback
synthetic,100000,32,8,Float32,8,30532180,0,0,102588.124800,102588.124800,103300.000000,27000.000000,299278.800000,0.000000,0.000000,532166.924800,616450.0,1.0460287999999999e6,-0.6968591126612051,1.0837e6,1.5132787999999998e6,-0.39640011073175213,false,616450.0,1.0837e6,0.0,0.0,21282048,true,direct_fallback
synthetic,100000,32,8,Float64,8,30532180,0,0,205176.249600,205176.249600,206600.000000,45000.000000,299278.800000,0.000000,0.000000,756055.049600,1.2329e6,1.7837788e6,-0.4468154757076811,2.1674e6,2.7182788e6,-0.2541657285226538,false,1.2329e6,2.1674e6,0.0,0.0,21282048,true,direct_fallback
synthetic,100000,32,4,Float32,1,30532180,0,0,102588.124800,102588.124800,103300.000000,27000.000000,299278.800000,0.000000,0.000000,532166.924800,616450.0,1.0460287999999999e6,-0.6968591126612051,1.0837e6,1.5132787999999998e6,-0.39640011073175213,false,616450.0,1.0837e6,0.0,0.0,21282048,true,direct_fallback
synthetic,100000,32,4,Float64,1,30532180,0,0,205176.249600,205176.249600,206600.000000,45000.000000,299278.800000,0.000000,0.000000,756055.049600,1.2329e6,1.7837788e6,-0.4468154757076811,2.1674e6,2.7182788e6,-0.2541657285226538,false,1.2329e6,2.1674e6,0.0,0.0,21282048,true,direct_fallback
synthetic,100000,32,8,Float32,1,30532180,0,0,102588.124800,102588.124800,103300.000000,27000.000000,299278.800000,0.000000,0.000000,532166.924800,616450.0,1.0460287999999999e6,-0.6968591126612051,1.0837e6,1.5132787999999998e6,-0.39640011073175213,false,616450.0,1.0837e6,0.0,0.0,21282048,true,direct_fallback
synthetic,100000,32,8,Float64,1,30532180,0,0,205176.249600,205176.249600,206600.000000,45000.000000,299278.800000,0.000000,0.000000,756055.049600,1.2329e6,1.7837788e6,-0.4468154757076811,2.1674e6,2.7182788e6,-0.2541657285226538,false,1.2329e6,2.1674e6,0.0,0.0,21282048,true,direct_fallback
synthetic,100000,32,4,Float32,2,30532180,0,0,102588.124800,102588.124800,103300.000000,27000.000000,299278.800000,0.000000,0.000000,532166.924800,616450.0,1.0460287999999999e6,-0.6968591126612051,1.0837e6,1.5132787999999998e6,-0.39640011073175213,false,616450.0,1.0837e6,0.0,0.0,21282048,true,direct_fallback
synthetic,100000,32,4,Float64,2,30532180,0,0,205176.249600,205176.249600,206600.000000,45000.000000,299278.800000,0.000000,0.000000,756055.049600,1.2329e6,1.7837788e6,-0.4468154757076811,2.1674e6,2.7182788e6,-0.2541657285226538,false,1.2329e6,2.1674e6,0.0,0.0,21282048,true,direct_fallback
synthetic,100000,32,8,Float32,2,30532180,0,0,102588.124800,102588.124800,103300.000000,27000.000000,299278.800000,0.000000,0.000000,532166.924800,616450.0,1.0460287999999999e6,-0.6968591126612051,1.0837e6,1.5132787999999998e6,-0.39640011073175213,false,616450.0,1.0837e6,0.0,0.0,21282048,true,direct_fallback
synthetic,100000,32,8,Float64,2,30532180,0,0,205176.249600,205176.249600,206600.000000,45000.000000,299278.800000,0.000000,0.000000,756055.049600,1.2329e6,1.7837788e6,-0.4468154757076811,2.1674e6,2.7182788e6,-0.2541657285226538,false,1.2329e6,2.1674e6,0.0,0.0,21282048,true,direct_fallback
synthetic,100000,32,4,Float32,4,30532180,0,0,102588.124800,102588.124800,103300.000000,27000.000000,299278.800000,0.000000,0.000000,532166.924800,616450.0,1.0460287999999999e6,-0.6968591126612051,1.0837e6,1.5132787999999998e6,-0.39640011073175213,false,616450.0,1.0837e6,0.0,0.0,21282048,true,direct_fallback
synthetic,100000,32,4,Float64,4,30532180,0,0,205176.249600,205176.249600,206600.000000,45000.000000,299278.800000,0.000000,0.000000,756055.049600,1.2329e6,1.7837788e6,-0.4468154757076811,2.1674e6,2.7182788e6,-0.2541657285226538,false,1.2329e6,2.1674e6,0.0,0.0,21282048,true,direct_fallback
synthetic,100000,32,8,Float32,4,30532180,0,0,102588.124800,102588.124800,103300.000000,27000.000000,299278.800000,0.000000,0.000000,532166.924800,616450.0,1.0460287999999999e6,-0.6968591126612051,1.0837e6,1.5132787999999998e6,-0.39640011073175213,false,616450.0,1.0837e6,0.0,0.0,21282048,true,direct_fallback
synthetic,100000,32,8,Float64,4,30532180,0,0,205176.249600,205176.249600,206600.000000,45000.000000,299278.800000,0.000000,0.000000,756055.049600,1.2329e6,1.7837788e6,-0.4468154757076811,2.1674e6,2.7182788e6,-0.2541657285226538,false,1.2329e6,2.1674e6,0.0,0.0,21282048,true,direct_fallback
synthetic,100000,32,4,Float32,8,30532180,0,0,102588.124800,102588.124800,103300.000000,27000.000000,299278.800000,0.000000,0.000000,532166.924800,616450.0,1.0460287999999999e6,-0.6968591126612051,1.0837e6,1.5132787999999998e6,-0.39640011073175213,false,616450.0,1.0837e6,0.0,0.0,21282048,true,direct_fallback
synthetic,100000,32,4,Float64,8,30532180,0,0,205176.249600,205176.249600,206600.000000,45000.000000,299278.800000,0.000000,0.000000,756055.049600,1.2329e6,1.7837788e6,-0.4468154757076811,2.1674e6,2.7182788e6,-0.2541657285226538,false,1.2329e6,2.1674e6,0.0,0.0,21282048,true,direct_fallback
synthetic,100000,32,8,Float32,8,30532180,0,0,102588.124800,102588.124800,103300.000000,27000.000000,299278.800000,0.000000,0.000000,532166.924800,616450.0,1.0460287999999999e6,-0.6968591126612051,1.0837e6,1.5132787999999998e6,-0.39640011073175213,false,616450.0,1.0837e6,0.0,0.0,21282048,true,direct_fallback
synthetic,100000,32,8,Float64,8,30532180,0,0,205176.249600,205176.249600,206600.000000,45000.000000,299278.800000,0.000000,0.000000,756055.049600,1.2329e6,1.7837788e6,-0.4468154757076811,2.1674e6,2.7182788e6,-0.2541657285226538,false,1.2329e6,2.1674e6,0.0,0.0,21282048,true,direct_fallback
synthetic,100000,32,4,Float32,1,30532180,0,0,102588.124800,102588.124800,103300.000000,27000.000000,299278.800000,0.000000,0.000000,532166.924800,616450.0,1.0460287999999999e6,-0.6968591126612051,1.0837e6,1.5132787999999998e6,-0.39640011073175213,false,616450.0,1.0837e6,0.0,0.0,21282048,true,direct_fallback
synthetic,100000,32,4,Float64,1,30532180,0,0,205176.249600,205176.249600,206600.000000,45000.000000,299278.800000,0.000000,0.000000,756055.049600,1.2329e6,1.7837788e6,-0.4468154757076811,2.1674e6,2.7182788e6,-0.2541657285226538,false,1.2329e6,2.1674e6,0.0,0.0,21282048,true,direct_fallback
synthetic,100000,32,8,Float32,1,30532180,0,0,102588.124800,102588.124800,103300.000000,27000.000000,299278.800000,0.000000,0.000000,532166.924800,616450.0,1.0460287999999999e6,-0.6968591126612051,1.0837e6,1.5132787999999998e6,-0.39640011073175213,false,616450.0,1.0837e6,0.0,0.0,21282048,true,direct_fallback
synthetic,100000,32,8,Float64,1,30532180,0,0,205176.249600,205176.249600,206600.000000,45000.000000,299278.800000,0.000000,0.000000,756055.049600,1.2329e6,1.7837788e6,-0.4468154757076811,2.1674e6,2.7182788e6,-0.2541657285226538,false,1.2329e6,2.1674e6,0.0,0.0,21282048,true,direct_fallback
synthetic,100000,32,4,Float32,2,30532180,0,0,102588.124800,102588.124800,103300.000000,27000.000000,299278.800000,0.000000,0.000000,532166.924800,616450.0,1.0460287999999999e6,-0.6968591126612051,1.0837e6,1.5132787999999998e6,-0.39640011073175213,false,616450.0,1.0837e6,0.0,0.0,21282048,true,direct_fallback
synthetic,100000,32,4,Float64,2,30532180,0,0,205176.249600,205176.249600,206600.000000,45000.000000,299278.800000,0.000000,0.000000,756055.049600,1.2329e6,1.7837788e6,-0.4468154757076811,2.1674e6,2.7182788e6,-0.2541657285226538,false,1.2329e6,2.1674e6,0.0,0.0,21282048,true,direct_fallback
synthetic,100000,32,8,Float32,2,30532180,0,0,102588.124800,102588.124800,103300.000000,27000.000000,299278.800000,0.000000,0.000000,532166.924800,616450.0,1.0460287999999999e6,-0.6968591126612051,1.0837e6,1.5132787999999998e6,-0.39640011073175213,false,616450.0,1.0837e6,0.0,0.0,21282048,true,direct_fallback
synthetic,100000,32,8,Float64,2,30532180,0,0,205176.249600,205176.249600,206600.000000,45000.000000,299278.800000,0.000000,0.000000,756055.049600,1.2329e6,1.7837788e6,-0.4468154757076811,2.1674e6,2.7182788e6,-0.2541657285226538,false,1.2329e6,2.1674e6,0.0,0.0,21282048,true,direct_fallback
synthetic,100000,32,4,Float32,4,30532180,0,0,102588.124800,102588.124800,103300.000000,27000.000000,299278.800000,0.000000,0.000000,532166.924800,616450.0,1.0460287999999999e6,-0.6968591126612051,1.0837e6,1.5132787999999998e6,-0.39640011073175213,false,616450.0,1.0837e6,0.0,0.0,21282048,true,direct_fallback
synthetic,100000,32,4,Float64,4,30532180,0,0,205176.249600,205176.249600,206600.000000,45000.000000,299278.800000,0.000000,0.000000,756055.049600,1.2329e6,1.7837788e6,-0.4468154757076811,2.1674e6,2.7182788e6,-0.2541657285226538,false,1.2329e6,2.1674e6,0.0,0.0,21282048,true,direct_fallback
synthetic,100000,32,8,Float32,4,30532180,0,0,102588.124800,102588.124800,103300.000000,27000.000000,299278.800000,0.000000,0.000000,532166.924800,616450.0,1.0460287999999999e6,-0.6968591126612051,1.0837e6,1.5132787999999998e6,-0.39640011073175213,false,616450.0,1.0837e6,0.0,0.0,21282048,true,direct_fallback
synthetic,100000,32,8,Float64,4,30532180,0,0,205176.249600,205176.249600,206600.000000,45000.000000,299278.800000,0.000000,0.000000,756055.049600,1.2329e6,1.7837788e6,-0.4468154757076811,2.1674e6,2.7182788e6,-0.2541657285226538,false,1.2329e6,2.1674e6,0.0,0.0,21282048,true,direct_fallback
synthetic,100000,32,4,Float32,8,30532180,0,0,102588.124800,102588.124800,103300.000000,27000.000000,299278.800000,0.000000,0.000000,532166.924800,616450.0,1.0460287999999999e6,-0.6968591126612051,1.0837e6,1.5132787999999998e6,-0.39640011073175213,false,616450.0,1.0837e6,0.0,0.0,21282048,true,direct_fallback
synthetic,100000,32,4,Float64,8,30532180,0,0,205176.249600,205176.249600,206600.000000,45000.000000,299278.800000,0.000000,0.000000,756055.049600,1.2329e6,1.7837788e6,-0.4468154757076811,2.1674e6,2.7182788e6,-0.2541657285226538,false,1.2329e6,2.1674e6,0.0,0.0,21282048,true,direct_fallback
synthetic,100000,32,8,Float32,8,30532180,0,0,102588.124800,102588.124800,103300.000000,27000.000000,299278.800000,0.000000,0.000000,532166.924800,616450.0,1.0460287999999999e6,-0.6968591126612051,1.0837e6,1.5132787999999998e6,-0.39640011073175213,false,616450.0,1.0837e6,0.0,0.0,21282048,true,direct_fallback
synthetic,100000,32,8,Float64,8,30532180,0,0,205176.249600,205176.249600,206600.000000,45000.000000,299278.800000,0.000000,0.000000,756055.049600,1.2329e6,1.7837788e6,-0.4468154757076811,2.1674e6,2.7182788e6,-0.2541657285226538,false,1.2329e6,2.1674e6,0.0,0.0,21282048,true,direct_fallback
synthetic,100000,32,4,Float32,1,620108387,20545553,265631,2083564.180320,2014531.122240,103300.000000,27000.000000,2077563.600000,66407.750000,194320.000000,4560314.840840,616450.0,3.0932006605200004e6,-4.017764069300025,1.0837e6,3.5604506605200004e6,-2.2854578393651384,false,616450.0,1.0837e6,0.0,0.0,174011368,false,direct_fallback
synthetic,100000,32,4,Float64,1,620108387,20545553,265631,4167128.360640,4029062.244480,206600.000000,45000.000000,2077563.600000,66407.750000,194320.000000,6773338.331680,1.2329e6,3.8391099710399997e6,-2.1138859364425335,2.1674e6,4.773609971039999e6,-1.2024591543046965,false,1.2329e6,2.1674e6,0.0,0.0,174011368,false,direct_fallback
synthetic,100000,32,8,Float32,1,620108387,20545553,265631,2083564.180320,2014531.122240,103300.000000,27000.000000,2077563.600000,66407.750000,194320.000000,4637507.209440,616450.0,3.17039302912e6,-4.142984879746939,1.0837e6,3.63764302912e6,-2.356688224711636,false,616450.0,1.0837e6,0.0,0.0,174011368,false,direct_fallback
synthetic,100000,32,8,Float64,1,620108387,20545553,265631,4167128.360640,4029062.244480,206600.000000,45000.000000,2077563.600000,66407.750000,194320.000000,6927723.068880,1.2329e6,3.993494708240001e6,-2.2391067468894486,2.1674e6,4.9279947082400005e6,-1.2736895396511951,false,1.2329e6,2.1674e6,0.0,0.0,174011368,false,direct_fallback
synthetic,100000,32,4,Float32,2,620108387,303349110,2164416,2083564.180320,1064311.170720,103300.000000,27000.000000,4018965.300000,541104.000000,710040.000000,7093699.760320,616450.0,5.62658558e6,-8.127399756671263,1.0837e6,6.09383558e6,-4.6231757682015315,false,616450.0,1.0837e6,0.0,0.0,410447168,false,direct_fallback
synthetic,100000,32,4,Float64,2,620108387,303349110,2164416,4167128.360640,2128622.341440,206600.000000,45000.000000,4018965.300000,541104.000000,710040.000000,8908290.220640,1.2329e6,5.974061859999999e6,-3.845536426311947,2.1674e6,6.908561859999999e6,-2.1874881701577924,false,1.2329e6,2.1674e6,0.0,0.0,410447168,false,direct_fallback
synthetic,100000,32,8,Float32,2,620108387,303349110,2164416,2083564.180320,1064311.170720,103300.000000,27000.000000,4018965.300000,541104.000000,710040.000000,7722679.049920,616450.0,6.2555648696e6,-9.14772466477411,1.0837e6,6.7228148696e6,-5.203575592507152,false,616450.0,1.0837e6,0.0,0.0,410447168,false,direct_fallback
synthetic,100000,32,8,Float64,2,620108387,303349110,2164416,4167128.360640,2128622.341440,206600.000000,45000.000000,4018965.300000,541104.000000,710040.000000,10166248.799840,1.2329e6,7.232020439200001e6,-4.865861334414795,2.1674e6,8.166520439200001e6,-2.767887994463413,false,1.2329e6,2.1674e6,0.0,0.0,410447168,false,direct_fallback
synthetic,100000,32,4,Float32,4,620108387,397204329,5071996,2083564.180320,748957.634880,103300.000000,27000.000000,7318650.600000,1267999.000000,1685600.000000,12625429.272480,616450.0,1.115831509216e7,-17.100924798702245,1.0837e6,1.162556509216e7,-9.727659954009411,false,616450.0,1.0837e6,0.0,0.0,814770720,false,direct_fallback
synthetic,100000,32,4,Float64,4,620108387,397204329,5071996,4167128.360640,1497915.269760,206600.000000,45000.000000,7318650.600000,1267999.000000,1685600.000000,14969608.944960,1.2329e6,1.2035380584320001e7,-8.761846527958474,2.1674e6,1.2969880584320001e7,-4.9840733525514445,false,1.2329e6,2.1674e6,0.0,0.0,814770720,false,direct_fallback
synthetic,100000,32,8,Float32,4,620108387,397204329,5071996,2083564.180320,748957.634880,103300.000000,27000.000000,7318650.600000,1267999.000000,1685600.000000,14099351.310080,616450.0,1.263223712976e7,-19.49190871889042,1.0837e6,1.309948712976e7,-11.08774303751961,false,616450.0,1.0837e6,0.0,0.0,814770720,false,direct_fallback
synthetic,100000,32,8,Float64,4,620108387,397204329,5071996,4167128.360640,1497915.269760,206600.000000,45000.000000,7318650.600000,1267999.000000,1685600.000000,17917453.020160,1.2329e6,1.498322465952e7,-11.152830448146647,2.1674e6,1.591772465952e7,-6.344156436061641,false,1.2329e6,2.1674e6,0.0,0.0,814770720,false,direct_fallback
synthetic,100000,32,4,Float32,8,620108387,424416244,9433062,2083564.180320,657525.600480,103300.000000,27000.000000,12584706.300000,2358265.500000,3595960.000000,22068005.217680,616450.0,2.060089103736e7,-32.41859199831292,1.0837e6,2.106814103736e7,-18.44093479501707,false,616450.0,1.0837e6,0.0,0.0,1489532240,false,direct_fallback
synthetic,100000,32,4,Float64,8,620108387,424416244,9433062,4167128.360640,1315051.200960,206600.000000,45000.000000,12584706.300000,2358265.500000,3595960.000000,25588078.635360,1.2329e6,2.2653850274720002e7,-17.374442594468327,2.1674e6,2.3588350274720002e7,-9.883247335388024,false,1.2329e6,2.1674e6,0.0,0.0,1489532240,false,direct_fallback
synthetic,100000,32,8,Float32,8,620108387,424416244,9433062,2083564.180320,657525.600480,103300.000000,27000.000000,12584706.300000,2358265.500000,3595960.000000,24809253.034880,616450.0,2.3342138854560003e7,-36.86542112833158,1.0837e6,2.3809388854560003e7,-20.970461248094495,false,616450.0,1.0837e6,0.0,0.0,1489532240,false,direct_fallback
synthetic,100000,32,8,Float64,8,620108387,424416244,9433062,4167128.360640,1315051.200960,206600.000000,45000.000000,12584706.300000,2358265.500000,3595960.000000,31070574.269760,1.2329e6,2.813634590912e7,-21.821271724486984,2.1674e6,2.907084590912e7,-12.412773788465444,false,1.2329e6,2.1674e6,0.0,0.0,1489532240,false,direct_fallback
synthetic,100000,32,4,Float32,1,210238913,3395776,46911,706402.747680,694992.940320,103300.000000,27000.000000,802173.600000,11727.750000,169480.000000,1822306.626920,616450.0,1.7323538792400002e6,-1.8102098779138618,1.0837e6,2.19960387924e6,-1.0297165998339026,false,616450.0,1.0837e6,0.0,0.0,75524072,true,direct_fallback
synthetic,100000,32,4,Float64,1,210238913,3395776,46911,1412805.495360,1389985.880640,206600.000000,45000.000000,802173.600000,11727.750000,169480.000000,2652231.903840,1.2329e6,2.47232640848e6,-1.005293542444643,2.1674e6,3.40682640848e6,-0.5718494087293532,false,1.2329e6,2.1674e6,0.0,0.0,75524072,true,direct_fallback
synthetic,100000,32,8,Float32,1,210238913,3395776,46911,706402.747680,694992.940320,103300.000000,27000.000000,802173.600000,11727.750000,169480.000000,1835938.963520,616450.0,1.74598621584e6,-1.8323241395733636,1.0837e6,2.2132362158399997e6,-1.0422960375011532,false,616450.0,1.0837e6,0.0,0.0,75524072,true,direct_fallback
synthetic,100000,32,8,Float64,1,210238913,3395776,46911,1412805.495360,1389985.880640,206600.000000,45000.000000,802173.600000,11727.750000,169480.000000,2679496.577040,1.2329e6,2.49959108168e6,-1.0274078041041446,2.1674e6,3.43409108168e6,-0.5844288463966042,false,1.2329e6,2.1674e6,0.0,0.0,75524072,true,direct_fallback
synthetic,100000,32,4,Float32,2,210238913,16825256,118964,706402.747680,649869.887520,103300.000000,27000.000000,874837.800000,29741.000000,501720.000000,2221039.625920,616450.0,2.13108687824e6,-2.457031191889042,1.0837e6,2.59833687824e6,-1.3976532972593891,false,616450.0,1.0837e6,0.0,0.0,116441952,false,direct_fallback
synthetic,100000,32,4,Float64,2,210238913,16825256,118964,1412805.495360,1299739.775040,206600.000000,45000.000000,874837.800000,29741.000000,501720.000000,3026780.451840,1.2329e6,2.84687495648e6,-1.3090882930326873,2.1674e6,3.78137495648e6,-0.7446594797822277,false,1.2329e6,2.1674e6,0.0,0.0,116441952,false,direct_fallback
synthetic,100000,32,8,Float32,2,210238913,16825256,118964,706402.747680,649869.887520,103300.000000,27000.000000,874837.800000,29741.000000,501720.000000,2255610.564320,616450.0,2.16565781664e6,-2.5131118771027654,1.0837e6,2.63290781664e6,-1.4295541354987542,false,616450.0,1.0837e6,0.0,0.0,116441952,false,direct_fallback
synthetic,100000,32,8,Float64,2,210238913,16825256,118964,1412805.495360,1299739.775040,206600.000000,45000.000000,874837.800000,29741.000000,501720.000000,3095922.328640,1.2329e6,2.91601683328e6,-1.365168978246411,2.1674e6,3.85051683328e6,-0.7765603180215926,false,1.2329e6,2.1674e6,0.0,0.0,116441952,false,direct_fallback
synthetic,100000,32,4,Float32,4,210238913,23731852,181415,706402.747680,626663.724960,103300.000000,27000.000000,917427.600000,45353.750000,991240.000000,2763704.273960,616450.0,2.67375152628e6,-3.337337215151269,1.0837e6,3.14100152628e6,-1.8984050256344005,false,616450.0,1.0837e6,0.0,0.0,171096232,false,direct_fallback
synthetic,100000,32,4,Float64,4,210238913,23731852,181415,1412805.495360,1253327.449920,206600.000000,45000.000000,917427.600000,45353.750000,991240.000000,3564387.197920,1.2329e6,3.38448170256e6,-1.745138861675724,2.1674e6,4.31898170256e6,-0.9927017175232998,false,1.2329e6,2.1674e6,0.0,0.0,171096232,false,direct_fallback
synthetic,100000,32,8,Float32,4,210238913,23731852,181415,706402.747680,626663.724960,103300.000000,27000.000000,917427.600000,45353.750000,991240.000000,2816423.472960,616450.0,2.72647072528e6,-3.4228578559169436,1.0837e6,3.19372072528e6,-1.9470524363569253,false,616450.0,1.0837e6,0.0,0.0,171096232,false,direct_fallback
synthetic,100000,32,8,Float64,4,210238913,23731852,181415,1412805.495360,1253327.449920,206600.000000,45000.000000,917427.600000,45353.750000,991240.000000,3669825.595920,1.2329e6,3.48992010056e6,-1.8306595024413985,2.1674e6,4.42442010056e6,-1.0413491282458245,false,1.2329e6,2.1674e6,0.0,0.0,171096232,false,direct_fallback
synthetic,100000,32,4,Float32,8,210238913,28098849,232782,706402.747680,611990.615040,103300.000000,27000.000000,939739.500000,58195.500000,1668160.000000,3476032.064240,616450.0,3.38607931656e6,-4.4928693593316575,1.0837e6,3.85332931656e6,-2.5557158960597954,false,616450.0,1.0837e6,0.0,0.0,243232272,false,direct_fallback
synthetic,100000,32,4,Float64,8,210238913,28098849,232782,1412805.495360,1223981.230080,206600.000000,45000.000000,939739.500000,58195.500000,1668160.000000,4276969.128480,1.2329e6,4.0970636331200004e6,-2.3231110658772005,2.1674e6,5.03156363312e6,-1.3214744085632557,false,1.2329e6,2.1674e6,0.0,0.0,243232272,false,direct_fallback
synthetic,100000,32,8,Float32,8,210238913,28098849,232782,706402.747680,611990.615040,103300.000000,27000.000000,939739.500000,58195.500000,1668160.000000,3543678.513440,616450.0,3.45372576576e6,-4.60260485969665,1.0837e6,3.92097576576e6,-2.6181376448832703,false,616450.0,1.0837e6,0.0,0.0,243232272,false,direct_fallback
synthetic,100000,32,8,Float64,8,210238913,28098849,232782,1412805.495360,1223981.230080,206600.000000,45000.000000,939739.500000,58195.500000,1668160.000000,4412262.026880,1.2329e6,4.23235653152e6,-2.432846566242193,2.1674e6,5.16685653152e6,-1.3838961573867306,false,1.2329e6,2.1674e6,0.0,0.0,243232272,false,direct_fallback
synthetic,100000,32,4,Float32,1,150115736,1120226,16611,504388.872960,500624.913600,103300.000000,27000.000000,639669.600000,4152.750000,121360.000000,1400934.420200,616450.0,1.51299554724e6,-1.4543686385594938,1.0837e6,1.98024554724e6,-0.8273004957460551,false,616450.0,1.0837e6,0.0,0.0,58313544,true,direct_fallback
synthetic,100000,32,4,Float64,1,150115736,1120226,16611,1008777.745920,1001249.827200,206600.000000,45000.000000,639669.600000,4152.750000,121360.000000,2027686.490400,1.2329e6,2.25180874448e6,-0.8264325934625678,2.1674e6,3.18630874448e6,-0.4701064614192119,false,1.2329e6,2.1674e6,0.0,0.0,58313544,true,direct_fallback
synthetic,100000,32,8,Float32,1,150115736,1120226,16611,504388.872960,500624.913600,103300.000000,27000.000000,639669.600000,4152.750000,121360.000000,1405761.576800,616450.0,1.5178227038399999e6,-1.4621992113553408,1.0837e6,1.9850727038399999e6,-0.8317548249884653,false,616450.0,1.0837e6,0.0,0.0,58313544,true,direct_fallback
synthetic,100000,32,8,Float64,1,150115736,1120226,16611,1008777.745920,1001249.827200,206600.000000,45000.000000,639669.600000,4152.750000,121360.000000,2037340.803600,1.2329e6,2.2614630576799996e6,-0.8342631662584148,2.1674e6,3.1959630576799996e6,-0.47456079066162205,false,1.2329e6,2.1674e6,0.0,0.0,58313544,true,direct_fallback
synthetic,100000,32,4,Float32,2,150115736,6929835,54914,504388.872960,481104.627360,103300.000000,27000.000000,695209.500000,13728.500000,204720.000000,1541020.635760,616450.0,1.6530817628e6,-1.6816153180306592,1.0837e6,2.1203317627999997e6,-0.9565670967980066,false,616450.0,1.0837e6,0.0,0.0,71718384,true,direct_fallback
synthetic,100000,32,4,Float64,2,150115736,6929835,54914,1008777.745920,962209.254720,206600.000000,45000.000000,695209.500000,13728.500000,204720.000000,2159383.271520,1.2329e6,2.3835055256e6,-0.933251298239922,2.1674e6,3.3180055256e6,-0.5308690253760265,false,1.2329e6,2.1674e6,0.0,0.0,71718384,true,direct_fallback
synthetic,100000,32,8,Float32,2,150115736,6929835,54914,504388.872960,481104.627360,103300.000000,27000.000000,695209.500000,13728.500000,204720.000000,1556978.644160,616450.0,1.6690397712e6,-1.7075022649038853,1.0837e6,2.1362897712000003e6,-0.9712925820799116,false,616450.0,1.0837e6,0.0,0.0,71718384,true,direct_fallback
synthetic,100000,32,8,Float64,2,150115736,6929835,54914,1008777.745920,962209.254720,206600.000000,45000.000000,695209.500000,13728.500000,204720.000000,2191299.288320,1.2329e6,2.4154215424e6,-0.9591382451131479,2.1674e6,3.3499215424e6,-0.5455945106579312,false,1.2329e6,2.1674e6,0.0,0.0,71718384,true,direct_fallback
synthetic,100000,32,4,Float32,4,150115736,11353310,114486,504388.872960,466241.751360,103300.000000,27000.000000,769484.700000,28621.500000,378720.000000,1806637.582960,616450.0,1.91869871e6,-2.1124968935031228,1.0837e6,2.38594871e6,-1.2016690135646397,false,616450.0,1.0837e6,0.0,0.0,96247504,true,direct_fallback
synthetic,100000,32,4,Float64,4,150115736,11353310,114486,1008777.745920,932483.502720,206600.000000,45000.000000,769484.700000,28621.500000,378720.000000,2427448.965920,1.2329e6,2.6515712199999997e6,-1.1506782545218588,2.1674e6,3.5860712199999997e6,-0.6545497923779643,false,1.2329e6,2.1674e6,0.0,0.0,96247504,true,direct_fallback
synthetic,100000,32,8,Float32,4,150115736,11353310,114486,504388.872960,466241.751360,103300.000000,27000.000000,769484.700000,28621.500000,378720.000000,1839907.214560,616450.0,1.9519683416000002e6,-2.1664666097818155,1.0837e6,2.4192183416e6,-1.232369051951647,false,616450.0,1.0837e6,0.0,0.0,96247504,true,direct_fallback
synthetic,100000,32,8,Float64,4,150115736,11353310,114486,1008777.745920,932483.502720,206600.000000,45000.000000,769484.700000,28621.500000,378720.000000,2493988.229120,1.2329e6,2.7181104832e6,-1.2046479708005517,2.1674e6,3.6526104832e6,-0.6852498307649719,false,1.2329e6,2.1674e6,0.0,0.0,96247504,true,direct_fallback
synthetic,100000,32,4,Float32,8,150115736,14903636,171233,504388.872960,454312.656000,103300.000000,27000.000000,914563.800000,42808.250000,644600.000000,2236345.015800,616450.0,2.3484061428400003e6,-2.8095646732743944,1.0837e6,2.81565614284e6,-1.5981878221278951,false,616450.0,1.0837e6,0.0,0.0,135152280,false,direct_fallback
synthetic,100000,32,4,Float64,8,150115736,14903636,171233,1008777.745920,908625.312000,206600.000000,45000.000000,914563.800000,42808.250000,644600.000000,2861717.981600,1.2329e6,3.08584023568e6,-1.502912025046638,2.1674e6,4.02034023568e6,-0.8549138302482236,false,1.2329e6,2.1674e6,0.0,0.0,135152280,false,direct_fallback
synthetic,100000,32,8,Float32,8,150115736,14903636,171233,504388.872960,454312.656000,103300.000000,27000.000000,914563.800000,42808.250000,644600.000000,2286105.325600,616450.0,2.3981664526400003e6,-2.8902854288912323,1.0837e6,2.86541645264e6,-1.644104874633201,false,616450.0,1.0837e6,0.0,0.0,135152280,false,direct_fallback
synthetic,100000,32,8,Float64,8,150115736,14903636,171233,1008777.745920,908625.312000,206600.000000,45000.000000,914563.800000,42808.250000,644600.000000,2961238.601200,1.2329e6,3.1853608552800003e6,-1.5836327806634765,2.1674e6,4.1198608552800003e6,-0.9008308827535297,false,1.2329e6,2.1674e6,0.0,0.0,135152280,false,direct_fallback
synthetic,100000,32,4,Float32,1,3916496174,1316182196,4545569,13159427.144640,8737054.966080,103300.000000,27000.000000,11565900.000000,1136392.250000,2836000.000000,25726589.567480,616450.0,1.3183612422840001e7,-20.386345077200097,1.0837e6,1.3650862422840001e7,-11.596532640804652,false,616450.0,1.0837e6,0.0,0.0,1221964056,false,direct_fallback
synthetic,100000,32,4,Float64,1,3916496174,1316182196,4545569,26318854.289280,17474109.932160,206600.000000,45000.000000,11565900.000000,1136392.250000,2836000.000000,35905886.884960,1.2329e6,1.0819932595680002e7,-7.776001780906807,2.1674e6,1.1754432595680002e7,-4.423287162351206,false,1.2329e6,2.1674e6,0.0,0.0,1221964056,false,direct_fallback
synthetic,100000,32,8,Float32,1,3916496174,1316182196,4545569,13159427.144640,8737054.966080,103300.000000,27000.000000,11565900.000000,1136392.250000,2836000.000000,27047531.918880,616450.0,1.450455477424e7,-22.529166638397275,1.0837e6,1.497180477424e7,-12.81545148494971,false,616450.0,1.0837e6,0.0,0.0,1221964056,false,direct_fallback
synthetic,100000,32,8,Float64,1,3916496174,1316182196,4545569,26318854.289280,17474109.932160,206600.000000,45000.000000,11565900.000000,1136392.250000,2836000.000000,38547771.587760,1.2329e6,1.346181729848e7,-9.918823342103982,2.1674e6,1.439631729848e7,-5.642206006496263,false,1.2329e6,2.1674e6,0.0,0.0,1221964056,false,direct_fallback
synthetic,100000,32,4,Float32,2,3916496174,2596322442,16534501,13159427.144640,4435783.739520,103300.000000,27000.000000,22433105.700000,4133625.250000,7443520.000000,43381260.680120,616450.0,3.083828353548e7,-49.02560391837132,1.0837e6,3.130553353548e7,-27.88763821673895,false,616450.0,1.0837e6,0.0,0.0,2754287544,false,direct_fallback
synthetic,100000,32,4,Float64,2,3916496174,2596322442,16534501,26318854.289280,8871567.479040,206600.000000,45000.000000,22433105.700000,4133625.250000,7443520.000000,52743270.410240,1.2329e6,2.7657316120959993e7,-21.432732679828042,2.1674e6,2.8591816120959993e7,-12.191757922377038,false,1.2329e6,2.1674e6,0.0,0.0,2754287544,false,direct_fallback
synthetic,100000,32,8,Float32,2,3916496174,2596322442,16534501,13159427.144640,4435783.739520,103300.000000,27000.000000,22433105.700000,4133625.250000,7443520.000000,48186186.670720,616450.0,3.564320952608e7,-56.820114406813204,1.0837e6,3.611045952608e7,-32.321453839697334,false,616450.0,1.0837e6,0.0,0.0,2754287544,false,direct_fallback
synthetic,100000,32,8,Float64,2,3916496174,2596322442,16534501,26318854.289280,8871567.479040,206600.000000,45000.000000,22433105.700000,4133625.250000,7443520.000000,62353122.391440,1.2329e6,3.726716810216001e7,-29.22724316826994,2.1674e6,3.820166810216001e7,-16.625573545335428,false,1.2329e6,2.1674e6,0.0,0.0,2754287544,false,direct_fallback
synthetic,100000,32,4,Float32,4,3916496174,3082654192,36120842,13159427.144640,2801709.059520,103300.000000,27000.000000,41363163.000000,9030210.500000,16437120.000000,80259219.244720,616450.0,6.771624210008e7,-108.8487178199043,1.0837e6,6.818349210008e7,-61.917313001827075,false,616450.0,1.0837e6,0.0,0.0,5491441776,false,direct_fallback
synthetic,100000,32,4,Float64,4,3916496174,3082654192,36120842,26318854.289280,5603418.119040,206600.000000,45000.000000,41363163.000000,9030210.500000,16437120.000000,93678944.989440,1.2329e6,6.859299070016e7,-54.63548600872739,2.1674e6,6.952749070016e7,-31.078753668063115,false,1.2329e6,2.1674e6,0.0,0.0,5491441776,false,direct_fallback
synthetic,100000,32,8,Float32,4,3916496174,3082654192,36120842,13159427.144640,2801709.059520,103300.000000,27000.000000,41363163.000000,9030210.500000,16437120.000000,90755935.929920,616450.0,7.821295878528e7,-125.87640325294834,1.0837e6,7.868020878528e7,-71.60331160402326,false,616450.0,1.0837e6,0.0,0.0,5491441776,false,direct_fallback
synthetic,100000,32,8,Float64,4,3916496174,3082654192,36120842,26318854.289280,5603418.119040,206600.000000,45000.000000,41363163.000000,9030210.500000,16437120.000000,114672378.359840,1.2329e6,8.958642407056001e7,-71.66317144177144,2.1674e6,9.052092407056001e7,-40.7647522702593,false,1.2329e6,2.1674e6,0.0,0.0,5491441776,false,direct_fallback
synthetic,100000,32,4,Float32,8,3916496174,3275880193,67072671,13159427.144640,2152469.696160,103300.000000,27000.000000,72238226.400000,16768167.750000,33967880.000000,144748362.038760,616450.0,1.3220538489412001e8,-213.46246231506206,1.0837e6,1.3267263489412001e8,-121.42561123384701,false,616450.0,1.0837e6,0.0,0.0,10224995560,false,direct_fallback
synthetic,100000,32,4,Float64,8,3916496174,3275880193,67072671,26318854.289280,4304939.392320,206600.000000,45000.000000,72238226.400000,16768167.750000,33967880.000000,166513449.927520,1.2329e6,1.4142749563824e8,-113.71124636080786,2.1674e6,1.4236199563824e8,-64.68330517589739,false,1.2329e6,2.1674e6,0.0,0.0,10224995560,false,direct_fallback
synthetic,100000,32,8,Float32,8,3916496174,3275880193,67072671,13159427.144640,2152469.696160,103300.000000,27000.000000,72238226.400000,16768167.750000,33967880.000000,164239680.231360,616450.0,1.5169670308672002e8,-245.0811145862925,1.0837e6,1.5216395308672002e8,-139.41150972291226,false,616450.0,1.0837e6,0.0,0.0,10224995560,false,direct_fallback
synthetic,100000,32,8,Float64,8,3916496174,3275880193,67072671,26318854.289280,4304939.392320,206600.000000,45000.000000,72238226.400000,16768167.750000,33967880.000000,205496086.312720,1.2329e6,1.8041013202344e8,-145.3298986320383,2.1674e6,1.8134463202344e8,-82.66920366496262,false,1.2329e6,2.1674e6,0.0,0.0,10224995560,false,direct_fallback
synthetic,100000,32,4,Float32,1,1982543806,785809000,2702722,6661347.188160,4021028.948160,103300.000000,27000.000000,5859269.100000,675680.500000,2769160.000000,14240849.561360,616450.0,8.195952373200001e6,-12.295404936653421,1.0837e6,8.663202373200001e6,-6.994096496447358,false,616450.0,1.0837e6,0.0,0.0,765086448,false,direct_fallback
synthetic,100000,32,4,Float64,1,1982543806,785809000,2702722,13322694.376320,8042057.896320,206600.000000,45000.000000,5859269.100000,675680.500000,2769160.000000,19168589.522720,1.2329e6,7.078795146400001e6,-4.7415809444399395,2.1674e6,8.013295146400001e6,-2.697192556242503,false,1.2329e6,2.1674e6,0.0,0.0,765086448,false,direct_fallback
synthetic,100000,32,8,Float32,1,1982543806,785809000,2702722,6661347.188160,4021028.948160,103300.000000,27000.000000,5859269.100000,675680.500000,2769160.000000,15026260.574560,616450.0,8.981363386400001e6,-13.56949206975424,1.0837e6,9.448613386400001e6,-7.718845978038203,false,616450.0,1.0837e6,0.0,0.0,765086448,false,direct_fallback
synthetic,100000,32,8,Float64,1,1982543806,785809000,2702722,13322694.376320,8042057.896320,206600.000000,45000.000000,5859269.100000,675680.500000,2769160.000000,20739411.549120,1.2329e6,8.6496171728e6,-6.0156680775407585,2.1674e6,9.5841171728e6,-3.421942037833349,false,1.2329e6,2.1674e6,0.0,0.0,765086448,false,direct_fallback
synthetic,100000,32,4,Float32,2,1982543806,1131176999,3975978,6661347.188160,2860592.471520,103300.000000,27000.000000,6279538.500000,993994.500000,6907280.000000,18327124.678320,616450.0,1.2282227490159998e7,-18.92412602832346,1.0837e6,1.2749477490159998e7,-10.764766531475498,false,616450.0,1.0837e6,0.0,0.0,1249273904,false,direct_fallback
synthetic,100000,32,4,Float64,2,1982543806,1131176999,3975978,13322694.376320,5721184.943040,206600.000000,45000.000000,6279538.500000,993994.500000,6907280.000000,22464436.356640,1.2329e6,1.037464198032e7,-7.414828437277962,2.1674e6,1.130914198032e7,-4.217837953455753,false,1.2329e6,2.1674e6,0.0,0.0,1249273904,false,direct_fallback
synthetic,100000,32,8,Float32,2,1982543806,1131176999,3975978,6661347.188160,2860592.471520,103300.000000,27000.000000,6279538.500000,993994.500000,6907280.000000,19482543.885120,616450.0,1.343764669696e7,-20.798437337918728,1.0837e6,1.390489669696e7,-11.830946476847837,false,616450.0,1.0837e6,0.0,0.0,1249273904,false,direct_fallback
synthetic,100000,32,8,Float64,2,1982543806,1131176999,3975978,13322694.376320,5721184.943040,206600.000000,45000.000000,6279538.500000,993994.500000,6907280.000000,24775274.770240,1.2329e6,1.268548039392e7,-9.289139746873227,2.1674e6,1.361998039392e7,-5.284017898828089,false,1.2329e6,2.1674e6,0.0,0.0,1249273904,false,direct_fallback
synthetic,100000,32,4,Float32,4,1982543806,1294227528,4736772,6661347.188160,2312742.694080,103300.000000,27000.000000,6580530.900000,1184193.000000,14001880.000000,25586152.537280,616450.0,1.954125534912e7,-30.69965990610755,1.0837e6,2.000850534912e7,-17.463140490098734,false,616450.0,1.0837e6,0.0,0.0,2015423904,false,direct_fallback
synthetic,100000,32,4,Float64,4,1982543806,1294227528,4736772,13322694.376320,4625485.388160,206600.000000,45000.000000,6580530.900000,1184193.000000,14001880.000000,29396701.174560,1.2329e6,1.7306906798240002e7,-13.037559249119964,2.1674e6,1.8241406798240002e7,-7.41626224888807,false,1.2329e6,2.1674e6,0.0,0.0,2015423904,false,direct_fallback
synthetic,100000,32,8,Float32,4,1982543806,1294227528,4736772,6661347.188160,2312742.694080,103300.000000,27000.000000,6580530.900000,1184193.000000,14001880.000000,26962658.480480,616450.0,2.091776129232e7,-32.93261625812312,1.0837e6,2.138501129232e7,-18.733331449958474,false,616450.0,1.0837e6,0.0,0.0,2015423904,false,direct_fallback
synthetic,100000,32,8,Float64,4,1982543806,1294227528,4736772,13322694.376320,4625485.388160,206600.000000,45000.000000,6580530.900000,1184193.000000,14001880.000000,32149713.060960,1.2329e6,2.005991868464e7,-15.270515601135536,2.1674e6,2.099441868464e7,-8.686453208747809,false,1.2329e6,2.1674e6,0.0,0.0,2015423904,false,direct_fallback
synthetic,100000,32,4,Float32,8,1982543806,1391948572,5216310,6661347.188160,1984399.986240,103300.000000,27000.000000,6741805.500000,1304077.500000,25288320.000000,36964762.672240,616450.0,3.091986548408e7,-49.1579454685376,1.0837e6,3.138711548408e7,-27.96291915113039,false,616450.0,1.0837e6,0.0,0.0,3194132688,false,direct_fallback
synthetic,100000,32,4,Float64,8,1982543806,1391948572,5216310,13322694.376320,3968799.972480,206600.000000,45000.000000,6741805.500000,1304077.500000,25288320.000000,40586322.344480,1.2329e6,2.849652796816e7,-22.113413876356557,2.1674e6,2.943102796816e7,-12.578955415779275,false,1.2329e6,2.1674e6,0.0,0.0,3194132688,false,direct_fallback
synthetic,100000,32,8,Float32,8,1982543806,1391948572,5216310,6661347.188160,1984399.986240,103300.000000,27000.000000,6741805.500000,1304077.500000,25288320.000000,38480622.358240,616450.0,3.243572517008e7,-51.61696028887987,1.0837e6,3.290297517008e7,-29.36170081210667,false,616450.0,1.0837e6,0.0,0.0,3194132688,false,direct_fallback
synthetic,100000,32,8,Float64,8,1982543806,1391948572,5216310,13322694.376320,3968799.972480,206600.000000,45000.000000,6741805.500000,1304077.500000,25288320.000000,43618041.716480,1.2329e6,3.152824734016e7,-24.57242869669884,2.1674e6,3.246274734016e7,-13.97773707675556,false,1.2329e6,2.1674e6,0.0,0.0,3194132688,false,direct_fallback
synthetic,100000,32,4,Float32,1,524126769,67289649,258695,1761065.943840,1534972.723200,103300.000000,27000.000000,1731332.700000,64673.750000,1278960.000000,4815415.940200,616450.0,3.67079999636e6,-4.954740848990186,1.0837e6,4.13804999636e6,-2.8184460610501065,false,616450.0,1.0837e6,0.0,0.0,260291176,false,direct_fallback
synthetic,100000,32,4,Float64,1,524126769,67289649,258695,3522131.887680,3069945.446400,206600.000000,45000.000000,1731332.700000,64673.750000,1278960.000000,6546865.430400,1.2329e6,4.257633542719999e6,-2.453348643620731,2.1674e6,5.192133542719999e6,-1.3955585229860659,false,1.2329e6,2.1674e6,0.0,0.0,260291176,false,direct_fallback
synthetic,100000,32,8,Float32,1,524126769,67289649,258695,1761065.943840,1534972.723200,103300.000000,27000.000000,1731332.700000,64673.750000,1278960.000000,4890592.707200,616450.0,3.74597676336e6,-5.076691967491281,1.0837e6,4.21322676336e6,-2.8878165205868784,false,616450.0,1.0837e6,0.0,0.0,260291176,false,direct_fallback
synthetic,100000,32,8,Float64,1,524126769,67289649,258695,3522131.887680,3069945.446400,206600.000000,45000.000000,1731332.700000,64673.750000,1278960.000000,6697218.964400,1.2329e6,4.407987076719999e6,-2.575299762121826,2.1674e6,5.342487076719999e6,-1.4649289825228382,false,1.2329e6,2.1674e6,0.0,0.0,260291176,false,direct_fallback
synthetic,100000,32,4,Float32,2,524126769,74838265,309794,1761065.943840,1509609.373440,103300.000000,27000.000000,1796691.600000,77448.500000,1391440.000000,4995515.609840,616450.0,3.850899666e6,-5.246897016789683,1.0837e6,4.318149666e6,-2.984635661160838,false,616450.0,1.0837e6,0.0,0.0,277683248,false,direct_fallback
synthetic,100000,32,4,Float64,2,524126769,74838265,309794,3522131.887680,3019218.746880,206600.000000,45000.000000,1796691.600000,77448.500000,1391440.000000,6716451.119680,1.2329e6,4.427219232000001e6,-2.5908988823100016,2.1674e6,5.361719232000001e6,-1.473802358586325,false,1.2329e6,2.1674e6,0.0,0.0,277683248,false,direct_fallback
synthetic,100000,32,8,Float32,2,524126769,74838265,309794,1761065.943840,1509609.373440,103300.000000,27000.000000,1796691.600000,77448.500000,1391440.000000,5085541.746240,616450.0,3.9409258024000004e6,-5.392936657312029,1.0837e6,4.4081758024e6,-3.067708593153087,false,616450.0,1.0837e6,0.0,0.0,277683248,false,direct_fallback
synthetic,100000,32,8,Float64,2,524126769,74838265,309794,3522131.887680,3019218.746880,206600.000000,45000.000000,1796691.600000,77448.500000,1391440.000000,6896503.392480,1.2329e6,4.607271504799999e6,-2.7369385228323457,2.1674e6,5.541771504799999e6,-1.556875290578573,false,1.2329e6,2.1674e6,0.0,0.0,277683248,false,direct_fallback
synthetic,100000,32,4,Float32,4,524126769,115660469,566679,1761065.943840,1372446.768000,103300.000000,27000.000000,2081309.400000,141669.750000,2810800.000000,6701202.835400,616450.0,5.55658689156e6,-8.013848473615054,1.0837e6,6.02383689156e6,-4.558583456270186,false,616450.0,1.0837e6,0.0,0.0,449430440,false,direct_fallback
synthetic,100000,32,4,Float64,4,524126769,115660469,566679,3522131.887680,2744893.536000,206600.000000,45000.000000,2081309.400000,141669.750000,2810800.000000,8359626.520800,1.2329e6,6.07039463312e6,-3.923671533068376,2.1674e6,7.00489463312e6,-2.2319344067177265,false,1.2329e6,2.1674e6,0.0,0.0,449430440,false,direct_fallback
synthetic,100000,32,8,Float32,4,524126769,115660469,566679,1761065.943840,1372446.768000,103300.000000,27000.000000,2081309.400000,141669.750000,2810800.000000,6865879.752800,616450.0,5.721263808960001e6,-8.280985982577665,1.0837e6,6.188513808960001e6,-4.710541486536865,false,616450.0,1.0837e6,0.0,0.0,449430440,false,direct_fallback
synthetic,100000,32,8,Float64,4,524126769,115660469,566679,3522131.887680,2744893.536000,206600.000000,45000.000000,2081309.400000,141669.750000,2810800.000000,8688980.355600,1.2329e6,6.39974846792e6,-4.190809042030984,2.1674e6,7.33424846792e6,-2.383892436984405,false,1.2329e6,2.1674e6,0.0,0.0,449430440,false,direct_fallback
synthetic,100000,32,4,Float32,8,524126769,176101715,955959,1761065.943840,1169364.181440,103300.000000,27000.000000,2494090.800000,238989.750000,4776160.000000,9086706.416840,616450.0,7.942090473e6,-11.883592299456566,1.0837e6,8.409340473e6,-6.759841720955984,false,616450.0,1.0837e6,0.0,0.0,689379368,false,direct_fallback
synthetic,100000,32,4,Float64,8,524126769,176101715,955959,3522131.887680,2338728.362880,206600.000000,45000.000000,2494090.800000,238989.750000,4776160.000000,10655172.283680,1.2329e6,8.365940396e6,-5.785579038040392,2.1674e6,9.300440396e6,-3.291058593706745,false,1.2329e6,2.1674e6,0.0,0.0,689379368,false,direct_fallback
synthetic,100000,32,8,Float32,8,524126769,176101715,955959,1761065.943840,1169364.181440,103300.000000,27000.000000,2494090.800000,238989.750000,4776160.000000,9364508.102240,616450.0,8.2198921584e6,-12.334239854651635,1.0837e6,8.6871421584e6,-7.01618728282735,false,616450.0,1.0837e6,0.0,0.0,689379368,false,direct_fallback
synthetic,100000,32,8,Float64,8,524126769,176101715,955959,3522131.887680,2338728.362880,206600.000000,45000.000000,2494090.800000,238989.750000,4776160.000000,11210775.654480,1.2329e6,8.921543766800001e6,-6.236226593235462,2.1674e6,9.856043766800001e6,-3.5474041555781124,false,1.2329e6,2.1674e6,0.0,0.0,689379368,false,direct_fallback
synthetic,100000,32,4,Float32,1,7280416618,2425026901,8092429,24462199.836480,16314109.449120,103300.000000,27000.000000,21058395.300000,2023107.250000,14109000.000000,55986571.866520,616450.0,3.214082203004e7,-51.13857089794793,1.0837e6,3.260807203004e7,-29.08957463323798,false,616450.0,1.0837e6,0.0,0.0,3136465784,false,direct_fallback
synthetic,100000,32,4,Float64,1,7280416618,2425026901,8092429,48924399.672960,32628218.898240,206600.000000,45000.000000,21058395.300000,2023107.250000,14109000.000000,74773641.183040,1.2329e6,2.7082141510080002e7,-20.966210974190933,2.1674e6,2.8016641510080002e7,-11.926382536716805,false,1.2329e6,2.1674e6,0.0,0.0,3136465784,false,direct_fallback
synthetic,100000,32,8,Float32,1,7280416618,2425026901,8092429,24462199.836480,16314109.449120,103300.000000,27000.000000,21058395.300000,2023107.250000,14109000.000000,58338231.733920,616450.0,3.449248189744e7,-54.95341373580988,1.0837e6,3.495973189744e7,-31.25960311658208,false,616450.0,1.0837e6,0.0,0.0,3136465784,false,direct_fallback
synthetic,100000,32,8,Float64,1,7280416618,2425026901,8092429,48924399.672960,32628218.898240,206600.000000,45000.000000,21058395.300000,2023107.250000,14109000.000000,79476960.917840,1.2329e6,3.178546124488e7,-24.781053812052882,2.1674e6,3.271996124488e7,-14.096411020060902,false,1.2329e6,2.1674e6,0.0,0.0,3136465784,false,direct_fallback
synthetic,100000,32,4,Float32,2,7280416618,4833299602,30209387,24462199.836480,8222313.173760,103300.000000,27000.000000,40868527.500000,7552346.750000,31797800.000000,97350135.285960,616450.0,7.350438544948e7,-118.2381952299132,1.0837e6,7.397163544948e7,-67.25840680029528,false,616450.0,1.0837e6,0.0,0.0,6887326408,false,direct_fallback
synthetic,100000,32,4,Float64,2,7280416618,4833299602,30209387,48924399.672960,16444626.347520,206600.000000,45000.000000,40868527.500000,7552346.750000,31797800.000000,114472596.321920,1.2329e6,6.678109664896e7,-53.16586637112499,2.1674e6,6.771559664896e7,-30.242777820872934,false,1.2329e6,2.1674e6,0.0,0.0,6887326408,false,direct_fallback
synthetic,100000,32,8,Float32,2,7280416618,4833299602,30209387,24462199.836480,8222313.173760,103300.000000,27000.000000,40868527.500000,7552346.750000,31797800.000000,106128983.148160,616450.0,8.228323331168e7,-132.47916832132373,1.0837e6,8.275048331168e7,-75.35921686045954,false,616450.0,1.0837e6,0.0,0.0,6887326408,false,direct_fallback
synthetic,100000,32,8,Float64,2,7280416618,4833299602,30209387,48924399.672960,16444626.347520,206600.000000,45000.000000,40868527.500000,7552346.750000,31797800.000000,132030292.046320,1.2329e6,8.433879237336001e7,-67.40683946253549,2.1674e6,8.527329237336001e7,-38.343587881037195,false,1.2329e6,2.1674e6,0.0,0.0,6887326408,false,direct_fallback
synthetic,100000,32,4,Float32,4,7280416618,5786880069,66790990,24462199.836480,5018282.804640,103300.000000,27000.000000,75537347.400000,16697747.500000,66089280.000000,182882419.398640,616450.0,1.5903666956216002e8,-256.9879464062941,1.0837e6,1.5950391956216002e8,-146.18457097181877,false,616450.0,1.0837e6,0.0,0.0,13742070736,false,direct_fallback
synthetic,100000,32,4,Float64,4,7280416618,5786880069,66790990,48924399.672960,10036565.609280,206600.000000,45000.000000,75537347.400000,16697747.500000,66089280.000000,207431463.897280,1.2329e6,1.5973996422432e8,-128.56441254304485,2.1674e6,1.6067446422432e8,-73.13235407599889,false,1.2329e6,2.1674e6,0.0,0.0,13742070736,false,direct_fallback
synthetic,100000,32,8,Float32,4,7280416618,5786880069,66790990,24462199.836480,5018282.804640,103300.000000,27000.000000,75537347.400000,16697747.500000,66089280.000000,202291881.092640,616450.0,1.7844613125616002e8,-288.4738117546598,1.0837e6,1.7891338125616002e8,-164.0949351814709,false,616450.0,1.0837e6,0.0,0.0,13742070736,false,direct_fallback
synthetic,100000,32,8,Float64,4,7280416618,5786880069,66790990,48924399.672960,10036565.609280,206600.000000,45000.000000,75537347.400000,16697747.500000,66089280.000000,246250387.285280,1.2329e6,1.9855888761232e8,-160.0502778914105,2.1674e6,1.9949338761232e8,-91.04271828565102,false,1.2329e6,2.1674e6,0.0,0.0,13742070736,false,direct_fallback
synthetic,100000,32,4,Float32,8,7280416618,6182419341,124956290,24462199.836480,3689270.850720,103300.000000,27000.000000,132292350.000000,31239072.500000,130722480.000000,334385771.224720,616450.0,3.1054002138824e8,-502.7554082054343,1.0837e6,3.1100727138824e8,-285.9865012348805,false,616450.0,1.0837e6,0.0,0.0,25792388912,false,direct_fallback
synthetic,100000,32,4,Float64,8,7280416618,6182419341,124956290,48924399.672960,7378541.701440,206600.000000,45000.000000,132292350.000000,31239072.500000,130722480.000000,374508639.949440,1.2329e6,3.2681714027648e8,-264.0800067130181,2.1674e6,3.2775164027648e8,-150.21880607016703,false,1.2329e6,2.1674e6,0.0,0.0,25792388912,false,direct_fallback
synthetic,100000,32,8,Float32,8,7280416618,6182419341,124956290,24462199.836480,3689270.850720,103300.000000,27000.000000,132292350.000000,31239072.500000,130722480.000000,370698069.098720,616450.0,3.4685231926224e8,-561.6609120970719,1.0837e6,3.4731956926224e8,-319.4942043575159,false,616450.0,1.0837e6,0.0,0.0,25792388912,false,direct_fallback
synthetic,100000,32,8,Float64,8,7280416618,6182419341,124956290,48924399.672960,7378541.701440,206600.000000,45000.000000,132292350.000000,31239072.500000,130722480.000000,447133235.697440,1.2329e6,3.9944173602448004e8,-322.9855106046557,2.1674e6,4.0037623602448004e8,-183.72650919280247,false,1.2329e6,2.1674e6,0.0,0.0,25792388912,false,direct_fallback
synthetic,100000,32,4,Float32,1,4839489520,1908901768,6223603,16260684.787200,9846774.846720,103300.000000,27000.000000,13906803.600000,1555900.750000,14006200.000000,41254558.228520,616450.0,2.561032344132e7,-40.54485106873226,1.0837e6,2.607757344132e7,-23.063461697259388,false,616450.0,1.0837e6,0.0,0.0,2572529608,false,direct_fallback
synthetic,100000,32,4,Float64,1,4839489520,1908901768,6223603,32521369.574400,19693549.693440,206600.000000,45000.000000,13906803.600000,1555900.750000,14006200.000000,53031212.107040,1.2329e6,2.1742742532640003e7,-16.635446940254685,2.1674e6,2.2677242532640003e7,-9.462878348546647,false,1.2329e6,2.1674e6,0.0,0.0,2572529608,false,direct_fallback
synthetic,100000,32,8,Float32,1,4839489520,1908901768,6223603,16260684.787200,9846774.846720,103300.000000,27000.000000,13906803.600000,1555900.750000,14006200.000000,43063137.260320,616450.0,2.741890247312e7,-43.47871274737611,1.0837e6,2.788615247312e7,-24.732354409080003,false,616450.0,1.0837e6,0.0,0.0,2572529608,false,direct_fallback
synthetic,100000,32,8,Float64,1,4839489520,1908901768,6223603,32521369.574400,19693549.693440,206600.000000,45000.000000,13906803.600000,1555900.750000,14006200.000000,56648370.170640,1.2329e6,2.535990059624e7,-19.569308618898532,2.1674e6,2.629440059624e7,-11.13177106036726,false,1.2329e6,2.1674e6,0.0,0.0,2572529608,false,direct_fallback
synthetic,100000,32,4,Float32,2,4839489520,3015280180,10252330,16260684.787200,6129343.382400,103300.000000,27000.000000,14871906.000000,2563082.500000,28682960.000000,55356918.980400,616450.0,3.971268419319999e7,-63.42158195019871,1.0837e6,4.017993419319999e7,-36.076621014302845,false,616450.0,1.0837e6,0.0,0.0,4240748784,false,direct_fallback
synthetic,100000,32,4,Float64,2,4839489520,3015280180,10252330,32521369.574400,12258686.764800,206600.000000,45000.000000,14871906.000000,2563082.500000,28682960.000000,64586889.460800,1.2329e6,3.32984198864e7,-26.008208197258497,2.1674e6,3.42329198864e7,-14.794463359970472,false,1.2329e6,2.1674e6,0.0,0.0,4240748784,false,direct_fallback
synthetic,100000,32,8,Float32,2,4839489520,3015280180,10252330,16260684.787200,6129343.382400,103300.000000,27000.000000,14871906.000000,2563082.500000,28682960.000000,58336246.078400,616450.0,4.26920112912e7,-68.25462128510017,1.0837e6,4.31592612912e7,-38.82583860035065,false,616450.0,1.0837e6,0.0,0.0,4240748784,false,direct_fallback
synthetic,100000,32,8,Float64,2,4839489520,3015280180,10252330,32521369.574400,12258686.764800,206600.000000,45000.000000,14871906.000000,2563082.500000,28682960.000000,70545543.656800,1.2329e6,3.92570740824e7,-30.84124753215995,2.1674e6,4.01915740824e7,-17.54368094601827,false,1.2329e6,2.1674e6,0.0,0.0,4240748784,false,direct_fallback
synthetic,100000,32,4,Float32,4,4839489520,3543646422,12628293,16260684.787200,4354032.809280,103300.000000,27000.000000,15581263.500000,3157073.250000,52696840.000000,79589291.505080,616450.0,6.3945056717879996e7,-102.73113264316652,1.0837e6,6.4412306717879996e7,-58.43739662072529,false,616450.0,1.0837e6,0.0,0.0,6807236408,false,direct_fallback
synthetic,100000,32,4,Float64,4,4839489520,3543646422,12628293,32521369.574400,8708065.618560,206600.000000,45000.000000,15581263.500000,3157073.250000,52696840.000000,87734406.260160,1.2329e6,5.644593668576e7,-44.783061631730064,2.1674e6,5.738043668576e7,-25.474317931973793,false,1.2329e6,2.1674e6,0.0,0.0,6807236408,false,direct_fallback
synthetic,100000,32,8,Float32,4,4839489520,3543646422,12628293,16260684.787200,4354032.809280,103300.000000,27000.000000,15581263.500000,3157073.250000,52696840.000000,83259073.450880,616450.0,6.761483866368e7,-108.68422201910943,1.0837e6,6.808208866368e7,-61.82374150011996,false,616450.0,1.0837e6,0.0,0.0,6807236408,false,direct_fallback
synthetic,100000,32,8,Float64,4,4839489520,3543646422,12628293,32521369.574400,8708065.618560,206600.000000,45000.000000,15581263.500000,3157073.250000,52696840.000000,95073970.151760,1.2329e6,6.378550057736001e7,-50.73615100767297,2.1674e6,6.472000057736001e7,-28.860662811368464,false,1.2329e6,2.1674e6,0.0,0.0,6807236408,false,direct_fallback
synthetic,100000,32,4,Float32,8,4839489520,3814668051,13944665,16260684.787200,3443400.135840,103300.000000,27000.000000,15979046.400000,3486166.250000,88199360.000000,115290592.434840,616450.0,9.964635764763999e7,-160.64548243594774,1.0837e6,1.0011360764763999e8,-91.38129339082771,false,616450.0,1.0837e6,0.0,0.0,10502574168,false,direct_fallback
synthetic,100000,32,4,Float64,8,4839489520,3814668051,13944665,32521369.574400,6886800.271680,206600.000000,45000.000000,15979046.400000,3486166.250000,88199360.000000,122907612.219680,1.2329e6,9.161914264528e7,-73.31190092082083,2.1674e6,9.255364264528e7,-41.70261264431116,false,1.2329e6,2.1674e6,0.0,0.0,10502574168,false,direct_fallback
synthetic,100000,32,8,Float32,8,4839489520,3814668051,13944665,16260684.787200,3443400.135840,103300.000000,27000.000000,15979046.400000,3486166.250000,88199360.000000,119342912.083840,616450.0,1.0369867729664e8,-167.2191212533701,1.0837e6,1.0416592729664e8,-95.12063052195256,false,616450.0,1.0837e6,0.0,0.0,10502574168,false,direct_fallback
synthetic,100000,32,8,Float64,8,4839489520,3814668051,13944665,32521369.574400,6886800.271680,206600.000000,45000.000000,15979046.400000,3486166.250000,88199360.000000,131012251.517680,1.2329e6,9.972378194328001e7,-79.88553973824318,2.1674e6,1.0065828194328001e8,-45.44194977543601,false,1.2329e6,2.1674e6,0.0,0.0,10502574168,false,direct_fallback
synthetic,100000,32,4,Float32,1,1007149897,182316646,625482,3384023.653920,2771439.723360,103300.000000,27000.000000,3138980.400000,156370.500000,3446200.000000,9825055.692560,616450.0,7.05748203864e6,-10.448587944910374,1.0837e6,7.52473203864e6,-5.943556370434622,false,616450.0,1.0837e6,0.0,0.0,591118832,false,direct_fallback
synthetic,100000,32,4,Float64,1,1007149897,182316646,625482,6768047.307840,5542879.446720,206600.000000,45000.000000,3138980.400000,156370.500000,3446200.000000,12899560.485120,1.2329e6,7.36441317728e6,-4.973244526952714,2.1674e6,8.29891317728e6,-2.82897166064409,false,1.2329e6,2.1674e6,0.0,0.0,591118832,false,direct_fallback
synthetic,100000,32,8,Float32,1,1007149897,182316646,625482,3384023.653920,2771439.723360,103300.000000,27000.000000,3138980.400000,156370.500000,3446200.000000,10006820.761760,616450.0,7.23924710784e6,-10.743445709854813,1.0837e6,7.70649710784e6,-6.111282742308757,false,616450.0,1.0837e6,0.0,0.0,591118832,false,direct_fallback
synthetic,100000,32,8,Float64,1,1007149897,182316646,625482,6768047.307840,5542879.446720,206600.000000,45000.000000,3138980.400000,156370.500000,3446200.000000,13263090.623520,1.2329e6,7.72794331568e6,-5.268102291897153,2.1674e6,8.66244331568e6,-2.996698032518225,false,1.2329e6,2.1674e6,0.0,0.0,591118832,false,direct_fallback
synthetic,100000,32,4,Float32,2,1007149897,190538818,681745,3384023.653920,2743813.225440,103300.000000,27000.000000,3208482.900000,170436.250000,3587000.000000,10038147.472440,616450.0,7.27057381852e6,-10.794263636174872,1.0837e6,7.73782381852e6,-6.140189922044846,false,616450.0,1.0837e6,0.0,0.0,611829464,false,direct_fallback
synthetic,100000,32,4,Float64,2,1007149897,190538818,681745,6768047.307840,5487626.450880,206600.000000,45000.000000,3208482.900000,170436.250000,3587000.000000,13101375.794880,1.2329e6,7.566228487040001e6,-5.136936075139915,2.1674e6,8.500728487040002e6,-2.922085672713852,false,1.2329e6,2.1674e6,0.0,0.0,611829464,false,direct_fallback
synthetic,100000,32,8,Float32,2,1007149897,190538818,681745,3384023.653920,2743813.225440,103300.000000,27000.000000,3208482.900000,170436.250000,3587000.000000,10236262.569440,616450.0,7.468688915519999e6,-11.115644278562737,1.0837e6,7.935938915519999e6,-6.323003520826797,false,616450.0,1.0837e6,0.0,0.0,611829464,false,direct_fallback
synthetic,100000,32,8,Float64,2,1007149897,190538818,681745,6768047.307840,5487626.450880,206600.000000,45000.000000,3208482.900000,170436.250000,3587000.000000,13497605.988880,1.2329e6,7.962458681040001e6,-5.458316717527781,2.1674e6,8.89695868104e6,-3.1048992714958015,false,1.2329e6,2.1674e6,0.0,0.0,611829464,false,direct_fallback
synthetic,100000,32,4,Float32,4,1007149897,325311191,1443534,3384023.653920,2290978.052160,103300.000000,27000.000000,3807603.900000,360883.500000,7576680.000000,14585936.432560,616450.0,1.181836277864e7,-18.171648598653583,1.0837e6,1.228561277864e7,-10.33672859522008,false,616450.0,1.0837e6,0.0,0.0,1081259792,false,direct_fallback
synthetic,100000,32,4,Float64,4,1007149897,325311191,1443534,6768047.307840,4581956.104320,206600.000000,45000.000000,3807603.900000,360883.500000,7576680.000000,17417705.465120,1.2329e6,1.1882558157280002e7,-8.637892900705655,2.1674e6,1.2817058157280002e7,-4.913563789462029,false,1.2329e6,2.1674e6,0.0,0.0,1081259792,false,direct_fallback
synthetic,100000,32,8,Float32,4,1007149897,325311191,1443534,3384023.653920,2290978.052160,103300.000000,27000.000000,3807603.900000,360883.500000,7576680.000000,15005427.412960,616450.0,1.223785375904e7,-18.852143335290776,1.0837e6,1.270510375904e7,-10.723820023106025,false,616450.0,1.0837e6,0.0,0.0,1081259792,false,direct_fallback
synthetic,100000,32,8,Float64,4,1007149897,325311191,1443534,6768047.307840,4581956.104320,206600.000000,45000.000000,3807603.900000,360883.500000,7576680.000000,18256687.425920,1.2329e6,1.2721540118080001e7,-9.318387637342852,2.1674e6,1.3656040118080001e7,-5.300655217347975,false,1.2329e6,2.1674e6,0.0,0.0,1081259792,false,direct_fallback
synthetic,100000,32,4,Float32,8,1007149897,448639164,2329075,3384023.653920,1876596.062880,103300.000000,27000.000000,4577140.800000,582268.750000,12677920.000000,20521054.807880,616450.0,1.775348115396e7,-27.799547658301567,1.0837e6,1.822073115396e7,-15.813445745095507,false,616450.0,1.0837e6,0.0,0.0,1679602376,false,direct_fallback
synthetic,100000,32,4,Float64,8,1007149897,448639164,2329075,6768047.307840,3753192.125760,206600.000000,45000.000000,4577140.800000,582268.750000,12677920.000000,23195780.065760,1.2329e6,1.766063275792e7,-13.324464885976154,2.1674e6,1.859513275792e7,-7.579465146221279,false,1.2329e6,2.1674e6,0.0,0.0,1679602376,false,direct_fallback
synthetic,100000,32,8,Float32,8,1007149897,448639164,2329075,3384023.653920,1876596.062880,103300.000000,27000.000000,4577140.800000,582268.750000,12677920.000000,21197884.002880,616450.0,1.843031034896e7,-28.8974942800876,1.0837e6,1.889756034896e7,-16.437999768349176,false,616450.0,1.0837e6,0.0,0.0,1679602376,false,direct_fallback
synthetic,100000,32,8,Float64,8,1007149897,448639164,2329075,6768047.307840,3753192.125760,206600.000000,45000.000000,4577140.800000,582268.750000,12677920.000000,24549438.455760,1.2329e6,1.901429114792e7,-14.422411507762188,2.1674e6,1.994879114792e7,-8.204019169474947,false,1.2329e6,2.1674e6,0.0,0.0,1679602376,false,direct_fallback
synthetic,100000,32,4,Float32,1,252356056,10621454,138174,847916.348160,812228.262720,103300.000000,27000.000000,1016193.600000,34543.500000,80000.000000,2113418.727120,616450.0,1.88195237896e6,-2.0528873046638005,1.0837e6,2.34920237896e6,-1.1677608,false,616450.0,1.0837e6,0.0,0.0,83770832,true,direct_fallback
synthetic,100000,32,4,Float64,1,252356056,10621454,138174,1695832.696320,1624456.525440,206600.000000,45000.000000,1016193.600000,34543.500000,80000.000000,3087100.354240,1.2329e6,2.6241676579199997e6,-1.1284513406764536,2.1674e6,3.5586676579199997e6,-0.6419062738396234,false,1.2329e6,2.1674e6,0.0,0.0,83770832,true,direct_fallback
synthetic,100000,32,8,Float32,1,252356056,10621454,138174,847916.348160,812228.262720,103300.000000,27000.000000,1016193.600000,34543.500000,80000.000000,2153572.091520,616450.0,1.9221057433600002e6,-2.1180237543353075,1.0837e6,2.38935574336e6,-1.2048129033496358,false,616450.0,1.0837e6,0.0,0.0,83770832,true,direct_fallback
synthetic,100000,32,8,Float64,1,252356056,10621454,138174,1695832.696320,1624456.525440,206600.000000,45000.000000,1016193.600000,34543.500000,80000.000000,3167407.083040,1.2329e6,2.70447438672e6,-1.19358779034796,2.1674e6,3.63897438672e6,-0.678958377189259,false,1.2329e6,2.1674e6,0.0,0.0,83770832,true,direct_fallback
synthetic,100000,32,4,Float32,2,252356056,10621454,138174,847916.348160,812228.262720,103300.000000,27000.000000,1016193.600000,34543.500000,80000.000000,2113418.727120,616450.0,1.88195237896e6,-2.0528873046638005,1.0837e6,2.34920237896e6,-1.1677608,false,616450.0,1.0837e6,0.0,0.0,83770832,true,direct_fallback
synthetic,100000,32,4,Float64,2,252356056,10621454,138174,1695832.696320,1624456.525440,206600.000000,45000.000000,1016193.600000,34543.500000,80000.000000,3087100.354240,1.2329e6,2.6241676579199997e6,-1.1284513406764536,2.1674e6,3.5586676579199997e6,-0.6419062738396234,false,1.2329e6,2.1674e6,0.0,0.0,83770832,true,direct_fallback
synthetic,100000,32,8,Float32,2,252356056,10621454,138174,847916.348160,812228.262720,103300.000000,27000.000000,1016193.600000,34543.500000,80000.000000,2153572.091520,616450.0,1.9221057433600002e6,-2.1180237543353075,1.0837e6,2.38935574336e6,-1.2048129033496358,false,616450.0,1.0837e6,0.0,0.0,83770832,true,direct_fallback
synthetic,100000,32,8,Float64,2,252356056,10621454,138174,1695832.696320,1624456.525440,206600.000000,45000.000000,1016193.600000,34543.500000,80000.000000,3167407.083040,1.2329e6,2.70447438672e6,-1.19358779034796,2.1674e6,3.63897438672e6,-0.678958377189259,false,1.2329e6,2.1674e6,0.0,0.0,83770832,true,direct_fallback
synthetic,100000,32,4,Float32,4,252356056,10621454,138174,847916.348160,812228.262720,103300.000000,27000.000000,1016193.600000,34543.500000,80000.000000,2113418.727120,616450.0,1.88195237896e6,-2.0528873046638005,1.0837e6,2.34920237896e6,-1.1677608,false,616450.0,1.0837e6,0.0,0.0,83770832,true,direct_fallback
synthetic,100000,32,4,Float64,4,252356056,10621454,138174,1695832.696320,1624456.525440,206600.000000,45000.000000,1016193.600000,34543.500000,80000.000000,3087100.354240,1.2329e6,2.6241676579199997e6,-1.1284513406764536,2.1674e6,3.5586676579199997e6,-0.6419062738396234,false,1.2329e6,2.1674e6,0.0,0.0,83770832,true,direct_fallback
synthetic,100000,32,8,Float32,4,252356056,10621454,138174,847916.348160,812228.262720,103300.000000,27000.000000,1016193.600000,34543.500000,80000.000000,2153572.091520,616450.0,1.9221057433600002e6,-2.1180237543353075,1.0837e6,2.38935574336e6,-1.2048129033496358,false,616450.0,1.0837e6,0.0,0.0,83770832,true,direct_fallback
synthetic,100000,32,8,Float64,4,252356056,10621454,138174,1695832.696320,1624456.525440,206600.000000,45000.000000,1016193.600000,34543.500000,80000.000000,3167407.083040,1.2329e6,2.70447438672e6,-1.19358779034796,2.1674e6,3.63897438672e6,-0.678958377189259,false,1.2329e6,2.1674e6,0.0,0.0,83770832,true,direct_fallback
synthetic,100000,32,4,Float32,8,252356056,10621454,138174,847916.348160,812228.262720,103300.000000,27000.000000,1016193.600000,34543.500000,80000.000000,2113418.727120,616450.0,1.88195237896e6,-2.0528873046638005,1.0837e6,2.34920237896e6,-1.1677608,false,616450.0,1.0837e6,0.0,0.0,83770832,true,direct_fallback
synthetic,100000,32,4,Float64,8,252356056,10621454,138174,1695832.696320,1624456.525440,206600.000000,45000.000000,1016193.600000,34543.500000,80000.000000,3087100.354240,1.2329e6,2.6241676579199997e6,-1.1284513406764536,2.1674e6,3.5586676579199997e6,-0.6419062738396234,false,1.2329e6,2.1674e6,0.0,0.0,83770832,true,direct_fallback
synthetic,100000,32,8,Float32,8,252356056,10621454,138174,847916.348160,812228.262720,103300.000000,27000.000000,1016193.600000,34543.500000,80000.000000,2153572.091520,616450.0,1.9221057433600002e6,-2.1180237543353075,1.0837e6,2.38935574336e6,-1.2048129033496358,false,616450.0,1.0837e6,0.0,0.0,83770832,true,direct_fallback
synthetic,100000,32,8,Float64,8,252356056,10621454,138174,1695832.696320,1624456.525440,206600.000000,45000.000000,1016193.600000,34543.500000,80000.000000,3167407.083040,1.2329e6,2.70447438672e6,-1.19358779034796,2.1674e6,3.63897438672e6,-0.678958377189259,false,1.2329e6,2.1674e6,0.0,0.0,83770832,true,direct_fallback
synthetic,100000,32,4,Float32,1,252356056,10621454,138174,847916.348160,812228.262720,103300.000000,27000.000000,1016193.600000,34543.500000,80000.000000,2113418.727120,616450.0,1.88195237896e6,-2.0528873046638005,1.0837e6,2.34920237896e6,-1.1677608,false,616450.0,1.0837e6,0.0,0.0,83770832,true,direct_fallback
synthetic,100000,32,4,Float64,1,252356056,10621454,138174,1695832.696320,1624456.525440,206600.000000,45000.000000,1016193.600000,34543.500000,80000.000000,3087100.354240,1.2329e6,2.6241676579199997e6,-1.1284513406764536,2.1674e6,3.5586676579199997e6,-0.6419062738396234,false,1.2329e6,2.1674e6,0.0,0.0,83770832,true,direct_fallback
synthetic,100000,32,8,Float32,1,252356056,10621454,138174,847916.348160,812228.262720,103300.000000,27000.000000,1016193.600000,34543.500000,80000.000000,2153572.091520,616450.0,1.9221057433600002e6,-2.1180237543353075,1.0837e6,2.38935574336e6,-1.2048129033496358,false,616450.0,1.0837e6,0.0,0.0,83770832,true,direct_fallback
synthetic,100000,32,8,Float64,1,252356056,10621454,138174,1695832.696320,1624456.525440,206600.000000,45000.000000,1016193.600000,34543.500000,80000.000000,3167407.083040,1.2329e6,2.70447438672e6,-1.19358779034796,2.1674e6,3.63897438672e6,-0.678958377189259,false,1.2329e6,2.1674e6,0.0,0.0,83770832,true,direct_fallback
synthetic,100000,32,4,Float32,2,252356056,10621454,138174,847916.348160,812228.262720,103300.000000,27000.000000,1016193.600000,34543.500000,80000.000000,2113418.727120,616450.0,1.88195237896e6,-2.0528873046638005,1.0837e6,2.34920237896e6,-1.1677608,false,616450.0,1.0837e6,0.0,0.0,83770832,true,direct_fallback
synthetic,100000,32,4,Float64,2,252356056,10621454,138174,1695832.696320,1624456.525440,206600.000000,45000.000000,1016193.600000,34543.500000,80000.000000,3087100.354240,1.2329e6,2.6241676579199997e6,-1.1284513406764536,2.1674e6,3.5586676579199997e6,-0.6419062738396234,false,1.2329e6,2.1674e6,0.0,0.0,83770832,true,direct_fallback
synthetic,100000,32,8,Float32,2,252356056,10621454,138174,847916.348160,812228.262720,103300.000000,27000.000000,1016193.600000,34543.500000,80000.000000,2153572.091520,616450.0,1.9221057433600002e6,-2.1180237543353075,1.0837e6,2.38935574336e6,-1.2048129033496358,false,616450.0,1.0837e6,0.0,0.0,83770832,true,direct_fallback
synthetic,100000,32,8,Float64,2,252356056,10621454,138174,1695832.696320,1624456.525440,206600.000000,45000.000000,1016193.600000,34543.500000,80000.000000,3167407.083040,1.2329e6,2.70447438672e6,-1.19358779034796,2.1674e6,3.63897438672e6,-0.678958377189259,false,1.2329e6,2.1674e6,0.0,0.0,83770832,true,direct_fallback
synthetic,100000,32,4,Float32,4,252356056,10621454,138174,847916.348160,812228.262720,103300.000000,27000.000000,1016193.600000,34543.500000,80000.000000,2113418.727120,616450.0,1.88195237896e6,-2.0528873046638005,1.0837e6,2.34920237896e6,-1.1677608,false,616450.0,1.0837e6,0.0,0.0,83770832,true,direct_fallback
synthetic,100000,32,4,Float64,4,252356056,10621454,138174,1695832.696320,1624456.525440,206600.000000,45000.000000,1016193.600000,34543.500000,80000.000000,3087100.354240,1.2329e6,2.6241676579199997e6,-1.1284513406764536,2.1674e6,3.5586676579199997e6,-0.6419062738396234,false,1.2329e6,2.1674e6,0.0,0.0,83770832,true,direct_fallback
synthetic,100000,32,8,Float32,4,252356056,10621454,138174,847916.348160,812228.262720,103300.000000,27000.000000,1016193.600000,34543.500000,80000.000000,2153572.091520,616450.0,1.9221057433600002e6,-2.1180237543353075,1.0837e6,2.38935574336e6,-1.2048129033496358,false,616450.0,1.0837e6,0.0,0.0,83770832,true,direct_fallback
synthetic,100000,32,8,Float64,4,252356056,10621454,138174,1695832.696320,1624456.525440,206600.000000,45000.000000,1016193.600000,34543.500000,80000.000000,3167407.083040,1.2329e6,2.70447438672e6,-1.19358779034796,2.1674e6,3.63897438672e6,-0.678958377189259,false,1.2329e6,2.1674e6,0.0,0.0,83770832,true,direct_fallback
synthetic,100000,32,4,Float32,8,252356056,10621454,138174,847916.348160,812228.262720,103300.000000,27000.000000,1016193.600000,34543.500000,80000.000000,2113418.727120,616450.0,1.88195237896e6,-2.0528873046638005,1.0837e6,2.34920237896e6,-1.1677608,false,616450.0,1.0837e6,0.0,0.0,83770832,true,direct_fallback
synthetic,100000,32,4,Float64,8,252356056,10621454,138174,1695832.696320,1624456.525440,206600.000000,45000.000000,1016193.600000,34543.500000,80000.000000,3087100.354240,1.2329e6,2.6241676579199997e6,-1.1284513406764536,2.1674e6,3.5586676579199997e6,-0.6419062738396234,false,1.2329e6,2.1674e6,0.0,0.0,83770832,true,direct_fallback
synthetic,100000,32,8,Float32,8,252356056,10621454,138174,847916.348160,812228.262720,103300.000000,27000.000000,1016193.600000,34543.500000,80000.000000,2153572.091520,616450.0,1.9221057433600002e6,-2.1180237543353075,1.0837e6,2.38935574336e6,-1.2048129033496358,false,616450.0,1.0837e6,0.0,0.0,83770832,true,direct_fallback
synthetic,100000,32,8,Float64,8,252356056,10621454,138174,1695832.696320,1624456.525440,206600.000000,45000.000000,1016193.600000,34543.500000,80000.000000,3167407.083040,1.2329e6,2.70447438672e6,-1.19358779034796,2.1674e6,3.63897438672e6,-0.678958377189259,false,1.2329e6,2.1674e6,0.0,0.0,83770832,true,direct_fallback
synthetic,100000,32,4,Float32,1,252356056,10621454,138174,847916.348160,812228.262720,103300.000000,27000.000000,1016193.600000,34543.500000,80000.000000,2113418.727120,616450.0,1.88195237896e6,-2.0528873046638005,1.0837e6,2.34920237896e6,-1.1677608,false,616450.0,1.0837e6,0.0,0.0,83770832,true,direct_fallback
synthetic,100000,32,4,Float64,1,252356056,10621454,138174,1695832.696320,1624456.525440,206600.000000,45000.000000,1016193.600000,34543.500000,80000.000000,3087100.354240,1.2329e6,2.6241676579199997e6,-1.1284513406764536,2.1674e6,3.5586676579199997e6,-0.6419062738396234,false,1.2329e6,2.1674e6,0.0,0.0,83770832,true,direct_fallback
synthetic,100000,32,8,Float32,1,252356056,10621454,138174,847916.348160,812228.262720,103300.000000,27000.000000,1016193.600000,34543.500000,80000.000000,2153572.091520,616450.0,1.9221057433600002e6,-2.1180237543353075,1.0837e6,2.38935574336e6,-1.2048129033496358,false,616450.0,1.0837e6,0.0,0.0,83770832,true,direct_fallback
synthetic,100000,32,8,Float64,1,252356056,10621454,138174,1695832.696320,1624456.525440,206600.000000,45000.000000,1016193.600000,34543.500000,80000.000000,3167407.083040,1.2329e6,2.70447438672e6,-1.19358779034796,2.1674e6,3.63897438672e6,-0.678958377189259,false,1.2329e6,2.1674e6,0.0,0.0,83770832,true,direct_fallback
synthetic,100000,32,4,Float32,2,252356056,10621454,138174,847916.348160,812228.262720,103300.000000,27000.000000,1016193.600000,34543.500000,80000.000000,2113418.727120,616450.0,1.88195237896e6,-2.0528873046638005,1.0837e6,2.34920237896e6,-1.1677608,false,616450.0,1.0837e6,0.0,0.0,83770832,true,direct_fallback
synthetic,100000,32,4,Float64,2,252356056,10621454,138174,1695832.696320,1624456.525440,206600.000000,45000.000000,1016193.600000,34543.500000,80000.000000,3087100.354240,1.2329e6,2.6241676579199997e6,-1.1284513406764536,2.1674e6,3.5586676579199997e6,-0.6419062738396234,false,1.2329e6,2.1674e6,0.0,0.0,83770832,true,direct_fallback
synthetic,100000,32,8,Float32,2,252356056,10621454,138174,847916.348160,812228.262720,103300.000000,27000.000000,1016193.600000,34543.500000,80000.000000,2153572.091520,616450.0,1.9221057433600002e6,-2.1180237543353075,1.0837e6,2.38935574336e6,-1.2048129033496358,false,616450.0,1.0837e6,0.0,0.0,83770832,true,direct_fallback
synthetic,100000,32,8,Float64,2,252356056,10621454,138174,1695832.696320,1624456.525440,206600.000000,45000.000000,1016193.600000,34543.500000,80000.000000,3167407.083040,1.2329e6,2.70447438672e6,-1.19358779034796,2.1674e6,3.63897438672e6,-0.678958377189259,false,1.2329e6,2.1674e6,0.0,0.0,83770832,true,direct_fallback
synthetic,100000,32,4,Float32,4,252356056,10621454,138174,847916.348160,812228.262720,103300.000000,27000.000000,1016193.600000,34543.500000,80000.000000,2113418.727120,616450.0,1.88195237896e6,-2.0528873046638005,1.0837e6,2.34920237896e6,-1.1677608,false,616450.0,1.0837e6,0.0,0.0,83770832,true,direct_fallback
synthetic,100000,32,4,Float64,4,252356056,10621454,138174,1695832.696320,1624456.525440,206600.000000,45000.000000,1016193.600000,34543.500000,80000.000000,3087100.354240,1.2329e6,2.6241676579199997e6,-1.1284513406764536,2.1674e6,3.5586676579199997e6,-0.6419062738396234,false,1.2329e6,2.1674e6,0.0,0.0,83770832,true,direct_fallback
synthetic,100000,32,8,Float32,4,252356056,10621454,138174,847916.348160,812228.262720,103300.000000,27000.000000,1016193.600000,34543.500000,80000.000000,2153572.091520,616450.0,1.9221057433600002e6,-2.1180237543353075,1.0837e6,2.38935574336e6,-1.2048129033496358,false,616450.0,1.0837e6,0.0,0.0,83770832,true,direct_fallback
synthetic,100000,32,8,Float64,4,252356056,10621454,138174,1695832.696320,1624456.525440,206600.000000,45000.000000,1016193.600000,34543.500000,80000.000000,3167407.083040,1.2329e6,2.70447438672e6,-1.19358779034796,2.1674e6,3.63897438672e6,-0.678958377189259,false,1.2329e6,2.1674e6,0.0,0.0,83770832,true,direct_fallback
synthetic,100000,32,4,Float32,8,252356056,10621454,138174,847916.348160,812228.262720,103300.000000,27000.000000,1016193.600000,34543.500000,80000.000000,2113418.727120,616450.0,1.88195237896e6,-2.0528873046638005,1.0837e6,2.34920237896e6,-1.1677608,false,616450.0,1.0837e6,0.0,0.0,83770832,true,direct_fallback
synthetic,100000,32,4,Float64,8,252356056,10621454,138174,1695832.696320,1624456.525440,206600.000000,45000.000000,1016193.600000,34543.500000,80000.000000,3087100.354240,1.2329e6,2.6241676579199997e6,-1.1284513406764536,2.1674e6,3.5586676579199997e6,-0.6419062738396234,false,1.2329e6,2.1674e6,0.0,0.0,83770832,true,direct_fallback
synthetic,100000,32,8,Float32,8,252356056,10621454,138174,847916.348160,812228.262720,103300.000000,27000.000000,1016193.600000,34543.500000,80000.000000,2153572.091520,616450.0,1.9221057433600002e6,-2.1180237543353075,1.0837e6,2.38935574336e6,-1.2048129033496358,false,616450.0,1.0837e6,0.0,0.0,83770832,true,direct_fallback
synthetic,100000,32,8,Float64,8,252356056,10621454,138174,1695832.696320,1624456.525440,206600.000000,45000.000000,1016193.600000,34543.500000,80000.000000,3167407.083040,1.2329e6,2.70447438672e6,-1.19358779034796,2.1674e6,3.63897438672e6,-0.678958377189259,false,1.2329e6,2.1674e6,0.0,0.0,83770832,true,direct_fallback
synthetic,100000,32,4,Float32,1,1965859025,711715933,2499275,6605286.324000,4213920.789120,103300.000000,27000.000000,5984970.300000,624818.750000,1684040.000000,13364339.154120,616450.0,7.37550283012e6,-10.964478595376754,1.0837e6,7.84275283012e6,-6.237014699750854,false,616450.0,1.0837e6,0.0,0.0,658026184,false,direct_fallback
synthetic,100000,32,4,Float64,1,1965859025,711715933,2499275,13210572.648000,8427841.578240,206600.000000,45000.000000,5984970.300000,624818.750000,1684040.000000,18425849.258240,1.2329e6,6.448176610239999e6,-4.23008890440425,2.1674e6,7.382676610239999e6,-2.406236324739319,false,1.2329e6,2.1674e6,0.0,0.0,658026184,false,direct_fallback
synthetic,100000,32,8,Float32,1,1965859025,711715933,2499275,6605286.324000,4213920.789120,103300.000000,27000.000000,5984970.300000,624818.750000,1684040.000000,14090628.469120,616450.0,8.10179214512e6,-12.142659007413414,1.0837e6,8.569042145119999e6,-6.907208770988279,false,616450.0,1.0837e6,0.0,0.0,658026184,false,direct_fallback
synthetic,100000,32,8,Float64,1,1965859025,711715933,2499275,13210572.648000,8427841.578240,206600.000000,45000.000000,5984970.300000,624818.750000,1684040.000000,19878427.888240,1.2329e6,7.900755240239998e6,-5.408269316440911,2.1674e6,8.835255240239998e6,-3.0764303959767454,false,1.2329e6,2.1674e6,0.0,0.0,658026184,false,direct_fallback
synthetic,100000,32,4,Float32,2,1965859025,1215585981,7897388,6605286.324000,2520917.427840,103300.000000,27000.000000,11591364.600000,1974347.000000,4018880.000000,22530789.980640,616450.0,1.654195365664e7,-25.83421795221024,1.0837e6,1.700920365664e7,-14.69549105531051,false,616450.0,1.0837e6,0.0,0.0,1425345440,false,direct_fallback
synthetic,100000,32,4,Float64,2,1965859025,1215585981,7897388,13210572.648000,5041834.855680,206600.000000,45000.000000,11591364.600000,1974347.000000,4018880.000000,27467988.361280,1.2329e6,1.5490315713280002e7,-11.564129867207399,2.1674e6,1.6424815713280002e7,-6.578119273452063,false,1.2329e6,2.1674e6,0.0,0.0,1425345440,false,direct_fallback
synthetic,100000,32,8,Float32,2,1965859025,1215585981,7897388,6605286.324000,2520917.427840,103300.000000,27000.000000,11591364.600000,1974347.000000,4018880.000000,24825770.933440,616450.0,1.883693460944e7,-29.557116731997727,1.0837e6,1.930418460944e7,-16.813218242539445,false,616450.0,1.0837e6,0.0,0.0,1425345440,false,direct_fallback
synthetic,100000,32,8,Float64,2,1965859025,1215585981,7897388,13210572.648000,5041834.855680,206600.000000,45000.000000,11591364.600000,1974347.000000,4018880.000000,32057950.266880,1.2329e6,2.0080277618879996e7,-15.287028646994887,2.1674e6,2.1014777618879996e7,-8.695846460680999,false,1.2329e6,2.1674e6,0.0,0.0,1425345440,false,direct_fallback
synthetic,100000,32,4,Float32,4,1965859025,1412418944,16794692,6605286.324000,1859558.672160,103300.000000,27000.000000,21299287.500000,4198673.000000,8572600.000000,40940956.667360,616450.0,3.495212034336e7,-55.69903535300511,1.0837e6,3.541937034336e7,-31.683741204540002,false,616450.0,1.0837e6,0.0,0.0,2795522848,false,direct_fallback
synthetic,100000,32,4,Float64,4,1965859025,1412418944,16794692,13210572.648000,3719117.344320,206600.000000,45000.000000,21299287.500000,4198673.000000,8572600.000000,47802352.834720,1.2329e6,3.582468018672e7,-28.057247292335145,2.1674e6,3.675918018672e7,-15.960035151204208,false,1.2329e6,2.1674e6,0.0,0.0,2795522848,false,direct_fallback
synthetic,100000,32,8,Float32,4,1965859025,1412418944,16794692,6605286.324000,1859558.672160,103300.000000,27000.000000,21299287.500000,4198673.000000,8572600.000000,45821494.162560,616450.0,3.983265783856e7,-63.616202187622676,1.0837e6,4.029990783856e7,-36.18732844750392,false,616450.0,1.0837e6,0.0,0.0,2795522848,false,direct_fallback
synthetic,100000,32,8,Float64,4,1965859025,1412418944,16794692,13210572.648000,3719117.344320,206600.000000,45000.000000,21299287.500000,4198673.000000,8572600.000000,57563427.825120,1.2329e6,4.558575517712e7,-35.974414126952716,2.1674e6,4.652025517712e7,-20.463622394168127,false,1.2329e6,2.1674e6,0.0,0.0,2795522848,false,direct_fallback
synthetic,100000,32,4,Float32,8,1965859025,1477040482,30681308,6605286.324000,1642430.304480,103300.000000,27000.000000,37039193.100000,7670327.000000,17479280.000000,72877518.509280,616450.0,6.6888682185279995e7,-107.5062570934869,1.0837e6,6.735593218528e7,-61.15367000579496,false,616450.0,1.0837e6,0.0,0.0,5160127840,false,direct_fallback
synthetic,100000,32,4,Float64,8,1965859025,1477040482,30681308,13210572.648000,3284860.608960,206600.000000,45000.000000,37039193.100000,7670327.000000,17479280.000000,83557236.918560,1.2329e6,7.157956427056e7,-57.0578832594371,2.1674e6,7.251406427056e7,-32.45670585519978,false,1.2329e6,2.1674e6,0.0,0.0,5160127840,false,direct_fallback
synthetic,100000,32,8,Float32,8,1965859025,1477040482,30681308,6605286.324000,1642430.304480,103300.000000,27000.000000,37039193.100000,7670327.000000,17479280.000000,81793506.614080,616450.0,7.580467029008001e7,-121.96969793183553,1.0837e6,7.627192029008001e7,-69.38102822744303,false,616450.0,1.0837e6,0.0,0.0,5160127840,false,direct_fallback
synthetic,100000,32,8,Float64,8,1965859025,1477040482,30681308,13210572.648000,3284860.608960,206600.000000,45000.000000,37039193.100000,7670327.000000,17479280.000000,101389213.128160,1.2329e6,8.941154048016e7,-71.52132409778571,2.1674e6,9.034604048016e7,-40.68406407684783,false,1.2329e6,2.1674e6,0.0,0.0,5160127840,false,direct_fallback
synthetic,100000,32,4,Float32,1,992266858,453158511,1507041,3334016.642880,1811404.045920,103300.000000,27000.000000,3111781.500000,376760.250000,1624760.000000,7492951.910520,616450.0,4.77538526764e6,-6.746589776364669,1.0837e6,5.24263526764e6,-3.8377182501061182,false,616450.0,1.0837e6,0.0,0.0,423826648,false,direct_fallback
synthetic,100000,32,4,Float64,1,992266858,453158511,1507041,6668033.285760,3622808.091840,206600.000000,45000.000000,3111781.500000,376760.250000,1624760.000000,9863602.071040,1.2329e6,4.42846878528e6,-2.5919123897153056,2.1674e6,5.36296878528e6,-1.4743788803543418,false,1.2329e6,2.1674e6,0.0,0.0,423826648,false,direct_fallback
synthetic,100000,32,8,Float32,1,992266858,453158511,1507041,3334016.642880,1811404.045920,103300.000000,27000.000000,3111781.500000,376760.250000,1624760.000000,7930898.025120,616450.0,5.21333138224e6,-7.457022276324114,1.0837e6,5.68058138224e6,-4.2418394225708225,false,616450.0,1.0837e6,0.0,0.0,423826648,false,direct_fallback
synthetic,100000,32,8,Float64,1,992266858,453158511,1507041,6668033.285760,3622808.091840,206600.000000,45000.000000,3111781.500000,376760.250000,1624760.000000,10739494.300240,1.2329e6,5.30436101448e6,-3.302344889674751,2.1674e6,6.23886101448e6,-1.878500052819046,false,1.2329e6,2.1674e6,0.0,0.0,423826648,false,direct_fallback
synthetic,100000,32,4,Float32,2,992266858,498845791,1781302,3334016.642880,1657894.785120,103300.000000,27000.000000,3345082.200000,445325.500000,3574400.000000,9670648.846320,616450.0,6.953082203439999e6,-10.279231411209343,1.0837e6,7.420332203439999e6,-5.847219897979145,false,616450.0,1.0837e6,0.0,0.0,646642320,false,direct_fallback
synthetic,100000,32,4,Float64,2,992266858,498845791,1781302,6668033.285760,3315789.570240,206600.000000,45000.000000,3345082.200000,445325.500000,3574400.000000,11967489.992640,1.2329e6,6.5323567068799995e6,-4.298367026425501,2.1674e6,7.4668567068799995e6,-2.445075531457045,false,1.2329e6,2.1674e6,0.0,0.0,646642320,false,direct_fallback
synthetic,100000,32,8,Float32,2,992266858,498845791,1781302,3334016.642880,1657894.785120,103300.000000,27000.000000,3345082.200000,445325.500000,3574400.000000,10188295.207520,616450.0,7.47072856464e6,-11.118952980193042,1.0837e6,7.93797856464e6,-6.324885636836763,false,616450.0,1.0837e6,0.0,0.0,646642320,false,direct_fallback
synthetic,100000,32,8,Float64,2,992266858,498845791,1781302,6668033.285760,3315789.570240,206600.000000,45000.000000,3345082.200000,445325.500000,3574400.000000,13002782.715040,1.2329e6,7.567649429280002e6,-5.138088595409199,2.1674e6,8.502149429280002e6,-2.9227412703146634,false,1.2329e6,2.1674e6,0.0,0.0,646642320,false,direct_fallback
synthetic,100000,32,4,Float32,4,992266858,523699093,1985382,3334016.642880,1574387.690400,103300.000000,27000.000000,3504719.700000,496345.500000,6853240.000000,13135944.899600,616450.0,1.0418378256719999e7,-15.90060549390867,1.0837e6,1.0885628256719999e7,-9.044872433994646,false,616450.0,1.0837e6,0.0,0.0,998645456,false,direct_fallback
synthetic,100000,32,4,Float64,4,992266858,523699093,1985382,6668033.285760,3148775.380800,206600.000000,45000.000000,3504719.700000,496345.500000,6853240.000000,15408584.599200,1.2329e6,9.973451313439999e6,-7.089424376218671,2.1674e6,1.0907951313439999e7,-4.03273568028052,false,1.2329e6,2.1674e6,0.0,0.0,998645456,false,direct_fallback
synthetic,100000,32,8,Float32,4,992266858,523699093,1985382,3334016.642880,1574387.690400,103300.000000,27000.000000,3504719.700000,496345.500000,6853240.000000,13712896.908800,616450.0,1.099533026592e7,-16.83653218577338,1.0837e6,1.146258026592e7,-9.577263325569808,false,616450.0,1.0837e6,0.0,0.0,998645456,false,direct_fallback
synthetic,100000,32,8,Float64,4,992266858,523699093,1985382,6668033.285760,3148775.380800,206600.000000,45000.000000,3504719.700000,496345.500000,6853240.000000,16562488.617600,1.2329e6,1.1127355331840001e7,-8.025351068083381,2.1674e6,1.2061855331840001e7,-4.56512657185568,false,1.2329e6,2.1674e6,0.0,0.0,998645456,false,direct_fallback
synthetic,100000,32,4,Float32,8,992266858,539462107,2141510,3334016.642880,1521423.963360,103300.000000,27000.000000,3587702.400000,535377.500000,12034160.000000,18431286.669360,616450.0,1.571372002648e7,-24.49066433040798,1.0837e6,1.618097002648e7,-13.931226378591862,false,616450.0,1.0837e6,0.0,0.0,1538819728,false,direct_fallback
synthetic,100000,32,4,Float64,8,992266858,539462107,2141510,6668033.285760,3042847.926720,206600.000000,45000.000000,3587702.400000,535377.500000,12034160.000000,20696333.438720,1.2329e6,1.5261200152960002e7,-11.378295200713767,2.1674e6,1.6195700152960002e7,-6.472409408950818,false,1.2329e6,2.1674e6,0.0,0.0,1538819728,false,direct_fallback
synthetic,100000,32,8,Float32,8,992266858,539462107,2141510,3334016.642880,1521423.963360,103300.000000,27000.000000,3587702.400000,535377.500000,12034160.000000,19053609.475360,616450.0,1.6336042832479998e7,-25.500191146857002,1.0837e6,1.680329283248e7,-14.505483835452615,false,616450.0,1.0837e6,0.0,0.0,1538819728,false,direct_fallback
synthetic,100000,32,8,Float64,8,992266858,539462107,2141510,6668033.285760,3042847.926720,206600.000000,45000.000000,3587702.400000,535377.500000,12034160.000000,21940979.050720,1.2329e6,1.6505845764959998e7,-12.387822017162785,2.1674e6,1.744034576496e7,-7.046666865811571,false,1.2329e6,2.1674e6,0.0,0.0,1538819728,false,direct_fallback
synthetic,100000,32,4,Float32,1,476466324,48574978,174570,1600926.848640,1437714.922560,103300.000000,27000.000000,1661143.500000,43642.500000,956000.000000,4279530.964560,616450.0,3.2950541159200002e6,-4.3452090452104795,1.0837e6,3.7623041159200002e6,-2.4717210629510014,false,616450.0,1.0837e6,0.0,0.0,220209840,false,direct_fallback
synthetic,100000,32,4,Float64,1,476466324,48574978,174570,3201853.697280,2875429.845120,206600.000000,45000.000000,1661143.500000,43642.500000,956000.000000,5889275.929120,1.2329e6,3.9203222318400005e6,-2.1797568593073247,2.1674e6,4.8548222318400005e6,-1.2399290540924612,false,1.2329e6,2.1674e6,0.0,0.0,220209840,false,direct_fallback
synthetic,100000,32,8,Float32,1,476466324,48574978,174570,1600926.848640,1437714.922560,103300.000000,27000.000000,1661143.500000,43642.500000,956000.000000,4330261.006560,616450.0,3.3457841579199997e6,-4.427502892237813,1.0837e6,3.8130341579199997e6,-2.5185329500046136,false,616450.0,1.0837e6,0.0,0.0,220209840,false,direct_fallback
synthetic,100000,32,8,Float64,1,476466324,48574978,174570,3201853.697280,2875429.845120,206600.000000,45000.000000,1661143.500000,43642.500000,956000.000000,5990736.013120,1.2329e6,4.0217823158400003e6,-2.262050706334658,2.1674e6,4.95628231584e6,-1.2867409411460737,false,1.2329e6,2.1674e6,0.0,0.0,220209840,false,direct_fallback
synthetic,100000,32,4,Float32,2,476466324,56763025,260718,1600926.848640,1410203.084640,103300.000000,27000.000000,1799880.300000,65179.500000,1160600.000000,4641927.535440,616450.0,3.6574506868e6,-4.933085711412118,1.0837e6,4.1247006868e6,-2.806127790716988,false,616450.0,1.0837e6,0.0,0.0,253094160,false,direct_fallback
synthetic,100000,32,4,Float64,2,476466324,56763025,260718,3201853.697280,2820406.169280,206600.000000,45000.000000,1799880.300000,65179.500000,1160600.000000,6249195.270880,1.2329e6,4.2802415736e6,-2.471685922297023,2.1674e6,5.2147415736e6,-1.4059894683030358,false,1.2329e6,2.1674e6,0.0,0.0,253094160,false,direct_fallback
synthetic,100000,32,8,Float32,2,476466324,56763025,260718,1600926.848640,1410203.084640,103300.000000,27000.000000,1799880.300000,65179.500000,1160600.000000,4717692.186240,616450.0,3.7332153375999997e6,-5.055990490064076,1.0837e6,4.2004653376e6,-2.8760407286149303,false,616450.0,1.0837e6,0.0,0.0,253094160,false,direct_fallback
synthetic,100000,32,8,Float64,2,476466324,56763025,260718,3201853.697280,2820406.169280,206600.000000,45000.000000,1799880.300000,65179.500000,1160600.000000,6400724.572480,1.2329e6,4.4317708752e6,-2.5945907009489817,2.1674e6,5.3662708752e6,-1.475902406200978,false,1.2329e6,2.1674e6,0.0,0.0,253094160,false,direct_fallback
synthetic,100000,32,4,Float32,4,476466324,65675920,383836,1600926.848640,1380255.757440,103300.000000,27000.000000,2004802.200000,95959.000000,1888280.000000,5611139.699040,616450.0,4.626662850400001e6,-6.505333523237896,1.0837e6,5.093912850400001e6,-3.7004824678416544,false,616450.0,1.0837e6,0.0,0.0,345135648,false,direct_fallback
synthetic,100000,32,4,Float64,4,476466324,65675920,383836,3201853.697280,2760511.514880,206600.000000,45000.000000,2004802.200000,95959.000000,1888280.000000,7224238.198080,1.2329e6,5.2552845008000005e6,-3.2625391360207643,2.1674e6,6.1897845008000005e6,-1.85585701799391,false,1.2329e6,2.1674e6,0.0,0.0,345135648,false,direct_fallback
synthetic,100000,32,8,Float32,4,476466324,65675920,383836,1600926.848640,1380255.757440,103300.000000,27000.000000,2004802.200000,95959.000000,1888280.000000,5722682.440640,616450.0,4.738205592e6,-6.686277219563631,1.0837e6,5.205455592e6,-3.803410161483806,false,616450.0,1.0837e6,0.0,0.0,345135648,false,direct_fallback
synthetic,100000,32,8,Float64,4,476466324,65675920,383836,3201853.697280,2760511.514880,206600.000000,45000.000000,2004802.200000,95959.000000,1888280.000000,7447323.681280,1.2329e6,5.478369984e6,-3.4434828323465,2.1674e6,6.412869984e6,-1.9587847116360617,false,1.2329e6,2.1674e6,0.0,0.0,345135648,false,direct_fallback
synthetic,100000,32,4,Float32,8,476466324,77943349,573731,1600926.848640,1339037.196000,103300.000000,27000.000000,2411913.600000,143432.750000,2995560.000000,7186969.774600,616450.0,6.202492925960001e6,-9.061631804623246,1.0837e6,6.669742925960001e6,-5.154602681517026,false,616450.0,1.0837e6,0.0,0.0,492028744,false,direct_fallback
synthetic,100000,32,4,Float64,8,476466324,77943349,573731,3201853.697280,2678074.392000,206600.000000,45000.000000,2411913.600000,143432.750000,2995560.000000,8814033.199200,1.2329e6,6.845079501920001e6,-4.552015169048585,2.1674e6,7.779579501920001e6,-2.589360294324998,false,1.2329e6,2.1674e6,0.0,0.0,492028744,false,direct_fallback
synthetic,100000,32,8,Float32,8,476466324,77943349,573731,1600926.848640,1339037.196000,103300.000000,27000.000000,2411913.600000,143432.750000,2995560.000000,7353696.003200,616450.0,6.36921915456e6,-9.332093688960986,1.0837e6,6.83646915456e6,-5.308451743619083,false,616450.0,1.0837e6,0.0,0.0,492028744,false,direct_fallback
synthetic,100000,32,8,Float64,8,476466324,77943349,573731,3201853.697280,2678074.392000,206600.000000,45000.000000,2411913.600000,143432.750000,2995560.000000,9147485.656400,1.2329e6,7.178531959120001e6,-4.822477053386326,2.1674e6,8.113031959120001e6,-2.7432093564270557,false,1.2329e6,2.1674e6,0.0,0.0,492028744,false,direct_fallback
synthetic,100000,32,4,Float32,1,7275181607,2482797461,8239417,24444610.199520,16102410.730560,103300.000000,27000.000000,21050145.000000,2059854.250000,14174240.000000,55911324.560760,616450.0,3.2083164361240007e7,-51.04503911305054,1.0837e6,3.2550414361240007e7,-29.036370177392275,false,616450.0,1.0837e6,0.0,0.0,3146087384,false,direct_fallback
synthetic,100000,32,4,Float64,1,7275181607,2482797461,8239417,48889220.399040,32204821.461120,206600.000000,45000.000000,21050145.000000,2059854.250000,14174240.000000,74529409.871520,1.2329e6,2.6873089472480014e7,-20.796649746516355,2.1674e6,2.7807589472480014e7,-11.829929626501805,false,1.2329e6,2.1674e6,0.0,0.0,3146087384,false,direct_fallback
synthetic,100000,32,8,Float32,1,7275181607,2482797461,8239417,24444610.199520,16102410.730560,103300.000000,27000.000000,21050145.000000,2059854.250000,14174240.000000,58305699.140960,616450.0,3.447753894144e7,-54.929173398394035,1.0837e6,3.494478894144e7,-31.245814285724833,false,616450.0,1.0837e6,0.0,0.0,3146087384,false,direct_fallback
synthetic,100000,32,8,Float64,1,7275181607,2482797461,8239417,48889220.399040,32204821.461120,206600.000000,45000.000000,21050145.000000,2059854.250000,14174240.000000,79318159.031920,1.2329e6,3.1661838632880002e7,-24.680784031859844,2.1674e6,3.2596338632880002e7,-14.039373734834365,false,1.2329e6,2.1674e6,0.0,0.0,3146087384,false,direct_fallback
synthetic,100000,32,4,Float32,2,7275181607,4754592212,29705369,24444610.199520,8469180.367200,103300.000000,27000.000000,40846371.300000,7426342.250000,31778440.000000,97283014.148600,616450.0,7.345485394908002e7,-118.1578456469787,1.0837e6,7.392210394908002e7,-67.21270088500509,false,616450.0,1.0837e6,0.0,0.0,6871671960,false,direct_fallback
synthetic,100000,32,4,Float64,2,7275181607,4754592212,29705369,48889220.399040,16938360.734400,206600.000000,45000.000000,40846371.300000,7426342.250000,31778440.000000,114505874.747200,1.2329e6,6.684955434816001e7,-53.22139212276747,2.1674e6,6.778405434816001e7,-30.274362991676668,false,1.2329e6,2.1674e6,0.0,0.0,6871671960,false,direct_fallback
synthetic,100000,32,8,Float32,2,7275181607,4754592212,29705369,24444610.199520,8469180.367200,103300.000000,27000.000000,40846371.300000,7426342.250000,31778440.000000,105915394.380000,616450.0,8.208723418048e7,-132.16122018084192,1.0837e6,8.255448418048e7,-75.17835580001845,false,616450.0,1.0837e6,0.0,0.0,6871671960,false,direct_fallback
synthetic,100000,32,8,Float64,2,7275181607,4754592212,29705369,48889220.399040,16938360.734400,206600.000000,45000.000000,40846371.300000,7426342.250000,31778440.000000,131770635.210000,1.2329e6,8.411431481096001e7,-67.22476665663072,2.1674e6,8.504881481096001e7,-38.24001790669005,false,1.2329e6,2.1674e6,0.0,0.0,6871671960,false,direct_fallback
synthetic,100000,32,4,Float32,4,7275181607,5629565640,64938354,24444610.199520,5529269.649120,103300.000000,27000.000000,75494322.900000,16234588.500000,65819040.000000,182078606.721520,616450.0,1.58250446522e8,-255.7125420098954,1.0837e6,1.58717696522e8,-145.45907218049277,false,616450.0,1.0837e6,0.0,0.0,13666875376,false,direct_fallback
synthetic,100000,32,4,Float64,4,7275181607,5629565640,64938354,48889220.399040,11058539.298240,206600.000000,45000.000000,75494322.900000,16234588.500000,65819040.000000,206600262.043040,1.2329e6,1.58943941644e8,-127.91876197907372,2.1674e6,1.59878441644e8,-72.76508334594445,false,1.2329e6,2.1674e6,0.0,0.0,13666875376,false,direct_fallback
synthetic,100000,32,8,Float32,4,7275181607,5629565640,64938354,24444610.199520,5529269.649120,103300.000000,27000.000000,75494322.900000,16234588.500000,65819040.000000,200949692.393920,616450.0,1.771215321944e8,-286.3250583087031,1.0837e6,1.775887821944e8,-162.87264205444313,false,616450.0,1.0837e6,0.0,0.0,13666875376,false,direct_fallback
synthetic,100000,32,8,Float64,4,7275181607,5629565640,64938354,48889220.399040,11058539.298240,206600.000000,45000.000000,75494322.900000,16234588.500000,65819040.000000,244342433.387840,1.2329e6,1.9668611298880005e8,-158.53127827788146,2.1674e6,1.9762061298880005e8,-90.17865321989483,false,1.2329e6,2.1674e6,0.0,0.0,13666875376,false,direct_fallback
synthetic,100000,32,4,Float32,8,7275181607,6029508471,121641709,24444610.199520,4185461.736960,103300.000000,27000.000000,132206623.200000,30410427.250000,129988000.000000,332269892.822360,616450.0,3.0844173262284005e8,-499.35158183606137,1.0837e6,3.0890898262284005e8,-284.0502746358218,false,616450.0,1.0837e6,0.0,0.0,25631532088,false,direct_fallback
synthetic,100000,32,4,Float64,8,7275181607,6029508471,121641709,48889220.399040,8370923.473920,206600.000000,45000.000000,132206623.200000,30410427.250000,129988000.000000,371925735.194720,1.2329e6,3.2426941479568005e8,-262.0135573004137,2.1674e6,3.2520391479568005e8,-149.04333062456402,false,1.2329e6,2.1674e6,0.0,0.0,25631532088,false,direct_fallback
synthetic,100000,32,8,Float32,8,7275181607,6029508471,121641709,24444610.199520,4185461.736960,103300.000000,27000.000000,132206623.200000,30410427.250000,129988000.000000,367618973.457760,616450.0,3.4379081325824e8,-556.6945628327358,1.0837e6,3.4425806325824e8,-316.6691549859186,false,616450.0,1.0837e6,0.0,0.0,25631532088,false,direct_fallback
synthetic,100000,32,8,Float64,8,7275181607,6029508471,121641709,48889220.399040,8370923.473920,206600.000000,45000.000000,132206623.200000,30410427.250000,129988000.000000,442623896.465520,1.2329e6,3.9496757606648004e8,-319.3565382970882,2.1674e6,3.9590207606648004e8,-181.6622109746609,false,1.2329e6,2.1674e6,0.0,0.0,25631532088,false,direct_fallback
synthetic,100000,32,4,Float32,1,5061821905,1951196571,6344190,17007721.600800,10451701.122240,103300.000000,27000.000000,14586505.200000,1586047.500000,14073960.000000,42672135.436240,616450.0,2.6280863835440002e7,-41.63259605067727,1.0837e6,2.6748113835440002e7,-23.682212637667252,false,616450.0,1.0837e6,0.0,0.0,2630696656,false,direct_fallback
synthetic,100000,32,4,Float64,1,5061821905,1951196571,6344190,34015443.201600,20903402.244480,206600.000000,45000.000000,14586505.200000,1586047.500000,14073960.000000,55088758.172480,1.2329e6,2.230621497088e7,-17.092477062924814,2.1674e6,2.324071497088e7,-9.722854558863155,false,1.2329e6,2.1674e6,0.0,0.0,2630696656,false,direct_fallback
synthetic,100000,32,8,Float32,1,5061821905,1951196571,6344190,17007721.600800,10451701.122240,103300.000000,27000.000000,14586505.200000,1586047.500000,14073960.000000,44515757.050240,616450.0,2.8124485449440002e7,-44.62330351113635,1.0837e6,2.8591735449440002e7,-25.38344140393098,false,616450.0,1.0837e6,0.0,0.0,2630696656,false,direct_fallback
synthetic,100000,32,8,Float64,1,5061821905,1951196571,6344190,34015443.201600,20903402.244480,206600.000000,45000.000000,14586505.200000,1586047.500000,14073960.000000,58776001.400480,1.2329e6,2.5993458198880002e7,-20.083184523383892,2.1674e6,2.6927958198880002e7,-11.424083325126881,false,1.2329e6,2.1674e6,0.0,0.0,2630696656,false,direct_fallback
synthetic,100000,32,4,Float32,2,5061821905,3097434166,10523035,17007721.600800,6600342.803040,103300.000000,27000.000000,15601711.500000,2630758.750000,28672600.000000,56693707.024040,616450.0,4.030243542324e7,-64.3782714303512,1.0837e6,4.076968542324e7,-36.62082257381194,false,616450.0,1.0837e6,0.0,0.0,4298082120,false,direct_fallback
synthetic,100000,32,4,Float64,2,5061821905,3097434166,10523035,34015443.201600,13200685.606080,206600.000000,45000.000000,15601711.500000,2630758.750000,28672600.000000,66473343.798080,1.2329e6,3.369080059648e7,-26.326466539443587,2.1674e6,3.462530059648e7,-14.975500875002306,false,1.2329e6,2.1674e6,0.0,0.0,4298082120,false,direct_fallback
synthetic,100000,32,8,Float32,2,5061821905,3097434166,10523035,17007721.600800,6600342.803040,103300.000000,27000.000000,15601711.500000,2630758.750000,28672600.000000,59751700.995040,616450.0,4.336042939424e7,-69.33892350432313,1.0837e6,4.382767939424e7,-39.442631165673156,false,616450.0,1.0837e6,0.0,0.0,4298082120,false,direct_fallback
synthetic,100000,32,8,Float64,2,5061821905,3097434166,10523035,34015443.201600,13200685.606080,206600.000000,45000.000000,15601711.500000,2630758.750000,28672600.000000,72589331.740080,1.2329e6,3.980678853848e7,-31.287118613415522,2.1674e6,4.074128853848e7,-17.797309466863524,false,1.2329e6,2.1674e6,0.0,0.0,4298082120,false,direct_fallback
synthetic,100000,32,4,Float32,4,5061821905,3636173735,12951538,17007721.600800,4790177.851200,103300.000000,27000.000000,16331785.200000,3237884.500000,52493360.000000,80747224.494000,616450.0,6.43559528932e7,-103.3976849593641,1.0837e6,6.48232028932e7,-58.81655706671588,false,616450.0,1.0837e6,0.0,0.0,6847528368,false,direct_fallback
synthetic,100000,32,4,Float64,4,5061821905,3636173735,12951538,34015443.201600,9580355.702400,206600.000000,45000.000000,16331785.200000,3237884.500000,52493360.000000,89422419.288000,1.2329e6,5.66398760864e7,-44.940365063184366,2.1674e6,5.75743760864e7,-25.56379813896835,false,1.2329e6,2.1674e6,0.0,0.0,6847528368,false,direct_fallback
synthetic,100000,32,8,Float32,4,5061821905,3636173735,12951538,17007721.600800,4790177.851200,103300.000000,27000.000000,16331785.200000,3237884.500000,52493360.000000,84510941.436800,616450.0,6.8119669836e7,-109.50315489658529,1.0837e6,6.8586919836e7,-62.28958183630156,false,616450.0,1.0837e6,0.0,0.0,6847528368,false,direct_fallback
synthetic,100000,32,8,Float64,4,5061821905,3636173735,12951538,34015443.201600,9580355.702400,206600.000000,45000.000000,16331785.200000,3237884.500000,52493360.000000,96949853.173600,1.2329e6,6.4167309972e7,-51.04583500040555,2.1674e6,6.5101809972e7,-29.03682290855403,false,1.2329e6,2.1674e6,0.0,0.0,6847528368,false,direct_fallback
synthetic,100000,32,4,Float32,8,5061821905,3889173151,14204144,17007721.600800,3940099.813440,103300.000000,27000.000000,16745794.200000,3551036.000000,87795800.000000,116290754.259840,616450.0,9.989948265904e7,-161.05609969833725,1.0837e6,1.0036673265904e8,-91.6148681914183,false,616450.0,1.0837e6,0.0,0.0,10522001408,false,direct_fallback
synthetic,100000,32,4,Float64,8,5061821905,3889173151,14204144,34015443.201600,7880199.626880,206600.000000,45000.000000,16745794.200000,3551036.000000,87795800.000000,124479878.319680,1.2329e6,9.169733511808e7,-73.37532250635088,2.1674e6,9.263183511808e7,-41.73868926736182,false,1.2329e6,2.1674e6,0.0,0.0,10522001408,false,direct_fallback
synthetic,100000,32,8,Float32,8,5061821905,3889173151,14204144,17007721.600800,3940099.813440,103300.000000,27000.000000,16745794.200000,3551036.000000,87795800.000000,120418478.506240,616450.0,1.0402720690544e8,-167.75205921881744,1.0837e6,1.0449445690544e8,-95.42378601590846,false,616450.0,1.0837e6,0.0,0.0,10522001408,false,direct_fallback
synthetic,100000,32,8,Float64,8,5061821905,3889173151,14204144,34015443.201600,7880199.626880,206600.000000,45000.000000,16745794.200000,3551036.000000,87795800.000000,132735326.812480,1.2329e6,9.995278361088e7,-80.07128202683106,2.1674e6,1.0088728361088e8,-45.54760709185199,false,1.2329e6,2.1674e6,0.0,0.0,10522001408,false,direct_fallback
synthetic,100000,32,4,Float32,1,1340271477,192757777,662894,4503312.162720,3855646.032000,103300.000000,27000.000000,4144186.800000,165723.500000,3528480.000000,12016973.328400,616450.0,8.130111165680001e6,-12.188597884143078,1.0837e6,8.59736116568e6,-6.933340560745594,false,616450.0,1.0837e6,0.0,0.0,671923536,false,direct_fallback
synthetic,100000,32,4,Float64,1,1340271477,192757777,662894,9006624.325440,7711292.064000,206600.000000,45000.000000,4144186.800000,165723.500000,3528480.000000,16186556.356800,1.2329e6,8.41283203136e6,-5.823612646086463,2.1674e6,9.34733203136e6,-3.312693564344376,false,1.2329e6,2.1674e6,0.0,0.0,671923536,false,direct_fallback
synthetic,100000,32,8,Float32,1,1340271477,192757777,662894,4503312.162720,3855646.032000,103300.000000,27000.000000,4144186.800000,165723.500000,3528480.000000,12209610.324800,616450.0,8.322748162079999e6,-12.501091997858707,1.0837e6,8.78999816208e6,-7.111099162203561,false,616450.0,1.0837e6,0.0,0.0,671923536,false,direct_fallback
synthetic,100000,32,8,Float64,1,1340271477,192757777,662894,9006624.325440,7711292.064000,206600.000000,45000.000000,4144186.800000,165723.500000,3528480.000000,16571830.349600,1.2329e6,8.79810602416e6,-6.136106759802092,2.1674e6,9.73260602416e6,-3.4904521658023437,false,1.2329e6,2.1674e6,0.0,0.0,671923536,false,direct_fallback
synthetic,100000,32,4,Float32,2,1340271477,209666665,808258,4503312.162720,3798832.168320,103300.000000,27000.000000,4341369.600000,202064.500000,4242880.000000,12950326.043120,616450.0,9.0634638804e6,-13.702674799902669,1.0837e6,9.5307138804e6,-7.794605407769678,false,616450.0,1.0837e6,0.0,0.0,762588720,false,direct_fallback
synthetic,100000,32,4,Float64,2,1340271477,209666665,808258,9006624.325440,7597664.336640,206600.000000,45000.000000,4341369.600000,202064.500000,4242880.000000,17105337.986240,1.2329e6,9.331613660799999e6,-6.568832558033903,2.1674e6,1.0266113660799999e7,-3.7366031469964005,false,1.2329e6,2.1674e6,0.0,0.0,762588720,false,direct_fallback
synthetic,100000,32,8,Float32,2,1340271477,209666665,808258,4503312.162720,3798832.168320,103300.000000,27000.000000,4341369.600000,202064.500000,4242880.000000,13185205.817920,616450.0,9.298343655199999e6,-14.083694793089462,1.0837e6,9.765593655199999e6,-8.01134414985697,false,616450.0,1.0837e6,0.0,0.0,762588720,false,direct_fallback
synthetic,100000,32,8,Float64,2,1340271477,209666665,808258,9006624.325440,7597664.336640,206600.000000,45000.000000,4341369.600000,202064.500000,4242880.000000,17575097.535840,1.2329e6,9.8013732104e6,-6.949852551220699,2.1674e6,1.07358732104e7,-3.9533418890836947,false,1.2329e6,2.1674e6,0.0,0.0,762588720,false,direct_fallback
synthetic,100000,32,4,Float32,4,1340271477,422200928,1861802,4503312.162720,3084717.044640,103300.000000,27000.000000,5060417.400000,465450.500000,8528880.000000,17810804.605840,616450.0,1.392394244312e7,-21.587302203130832,1.0837e6,1.439119244312e7,-12.279682977872106,false,616450.0,1.0837e6,0.0,0.0,1277892464,false,direct_fallback
synthetic,100000,32,4,Float64,4,1340271477,422200928,1861802,9006624.325440,6169434.089280,206600.000000,45000.000000,5060417.400000,465450.500000,8528880.000000,21557861.311680,1.2329e6,1.378413698624e7,-10.180255484013301,2.1674e6,1.471863698624e7,-5.790918605813417,false,1.2329e6,2.1674e6,0.0,0.0,1277892464,false,direct_fallback
synthetic,100000,32,8,Float32,4,1340271477,422200928,1861802,4503312.162720,3084717.044640,103300.000000,27000.000000,5060417.400000,465450.500000,8528880.000000,18351844.267040,616450.0,1.4464982104319999e7,-22.464972186422255,1.0837e6,1.4932232104319999e7,-12.77893522591123,false,616450.0,1.0837e6,0.0,0.0,1277892464,false,direct_fallback
synthetic,100000,32,8,Float64,4,1340271477,422200928,1861802,9006624.325440,6169434.089280,206600.000000,45000.000000,5060417.400000,465450.500000,8528880.000000,22639940.634080,1.2329e6,1.486621630864e7,-11.05792546730473,2.1674e6,1.580071630864e7,-6.290170853852542,false,1.2329e6,2.1674e6,0.0,0.0,1277892464,false,direct_fallback
synthetic,100000,32,4,Float32,8,1340271477,564520955,2950504,4503312.162720,2606521.753920,103300.000000,27000.000000,6113925.000000,737626.000000,14249760.000000,24695549.216320,616450.0,2.08086870536e7,-32.755676946386565,1.0837e6,2.12759370536e7,-18.63268160339577,false,616450.0,1.0837e6,0.0,0.0,1964755520,false,direct_fallback
synthetic,100000,32,4,Float64,8,1340271477,564520955,2950504,9006624.325440,5213043.507840,206600.000000,45000.000000,6113925.000000,737626.000000,14249760.000000,28280787.432640,1.2329e6,2.05070631072e7,-15.633192559980534,2.1674e6,2.14415631072e7,-8.8927577314755,false,1.2329e6,2.1674e6,0.0,0.0,1964755520,false,direct_fallback
synthetic,100000,32,8,Float32,8,1340271477,564520955,2950504,4503312.162720,2606521.753920,103300.000000,27000.000000,6113925.000000,737626.000000,14249760.000000,25552965.678720,616450.0,2.1666103516000003e7,-34.146570712953206,1.0837e6,2.2133353516000003e7,-19.423875164713483,false,616450.0,1.0837e6,0.0,0.0,1964755520,false,direct_fallback
synthetic,100000,32,8,Float64,8,1340271477,564520955,2950504,9006624.325440,5213043.507840,206600.000000,45000.000000,6113925.000000,737626.000000,14249760.000000,29995620.357440,1.2329e6,2.2221896032e7,-17.024086326547167,2.1674e6,2.3156396032e7,-9.683951292793209,false,1.2329e6,2.1674e6,0.0,0.0,1964755520,false,direct_fallback
synthetic,100000,32,4,Float32,1,9504989984,1971929542,6457632,31936766.346240,25311083.085120,103300.000000,27000.000000,27223228.800000,1614408.000000,15997760.000000,72153367.744320,616450.0,4.0833051398080006e7,-65.23903219738828,1.0837e6,4.1300301398080006e7,-37.1104562130479,false,616450.0,1.0837e6,0.0,0.0,3729027840,false,direct_fallback
synthetic,100000,32,4,Float64,1,9504989984,1971929542,6457632,63873532.692480,50622166.170240,206600.000000,45000.000000,27223228.800000,1614408.000000,15997760.000000,99462338.688640,1.2329e6,3.682170599615999e7,-28.865930729304885,2.1674e6,3.775620599615999e7,-16.42004521369382,false,1.2329e6,2.1674e6,0.0,0.0,3729027840,false,direct_fallback
synthetic,100000,32,8,Float32,1,9504989984,1971929542,6457632,31936766.346240,25311083.085120,103300.000000,27000.000000,27223228.800000,1614408.000000,15997760.000000,74029955.603520,616450.0,4.270963925728001e7,-68.28321722326224,1.0837e6,4.317688925728001e7,-38.842105063467756,false,616450.0,1.0837e6,0.0,0.0,3729027840,false,direct_fallback
synthetic,100000,32,8,Float64,1,9504989984,1971929542,6457632,63873532.692480,50622166.170240,206600.000000,45000.000000,27223228.800000,1614408.000000,15997760.000000,103215514.407040,1.2329e6,4.0574881714559995e7,-31.910115755178843,2.1674e6,4.1509381714559995e7,-18.15169406411368,false,1.2329e6,2.1674e6,0.0,0.0,3729027840,false,direct_fallback
synthetic,100000,32,4,Float32,2,9504989984,5614514021,34639702,31936766.346240,13071999.235680,103300.000000,27000.000000,52846496.100000,8659925.500000,40639160.000000,125414178.236880,616450.0,9.409386189064e7,-151.63827056637197,1.0837e6,9.456111189064e7,-86.25764684934946,false,616450.0,1.0837e6,0.0,0.0,8750775888,false,direct_fallback
synthetic,100000,32,4,Float64,2,9504989984,5614514021,34639702,63873532.692480,26143998.471360,206600.000000,45000.000000,52846496.100000,8659925.500000,40639160.000000,148673774.873760,1.2329e6,8.603314218128002e7,-68.78111945922623,2.1674e6,8.696764218128002e7,-39.125330894749474,false,1.2329e6,2.1674e6,0.0,0.0,8750775888,false,direct_fallback
synthetic,100000,32,8,Float32,2,9504989984,5614514021,34639702,31936766.346240,13071999.235680,103300.000000,27000.000000,52846496.100000,8659925.500000,40639160.000000,135480475.638080,616450.0,1.0416015929184e8,-167.9677334606862,1.0837e6,1.0462740929184e8,-95.54646977192951,false,616450.0,1.0837e6,0.0,0.0,8750775888,false,direct_fallback
synthetic,100000,32,8,Float64,2,9504989984,5614514021,34639702,63873532.692480,26143998.471360,206600.000000,45000.000000,52846496.100000,8659925.500000,40639160.000000,168806369.676160,1.2329e6,1.0616573698368001e8,-85.11058235354044,2.1674e6,1.0710023698368001e8,-48.41415381732952,false,1.2329e6,2.1674e6,0.0,0.0,8750775888,false,direct_fallback
synthetic,100000,32,4,Float32,4,9504989984,7046484513,80500240,31936766.346240,8260578.382560,103300.000000,27000.000000,97779581.100000,20125060.000000,88165120.000000,237854009.226560,616450.0,2.0653369288031998e8,-334.03721774729496,1.0837e6,2.0700094288031998e8,-190.0131428258005,false,616450.0,1.0837e6,0.0,0.0,17913328704,false,direct_fallback
synthetic,100000,32,4,Float64,4,9504989984,7046484513,80500240,63873532.692480,16521156.765120,206600.000000,45000.000000,97779581.100000,20125060.000000,88165120.000000,269629257.353120,1.2329e6,2.0698862466064003e8,-166.8876021255901,2.1674e6,2.0792312466064003e8,-94.93204976499032,false,1.2329e6,2.1674e6,0.0,0.0,17913328704,false,direct_fallback
synthetic,100000,32,8,Float32,4,9504989984,7046484513,80500240,31936766.346240,8260578.382560,103300.000000,27000.000000,97779581.100000,20125060.000000,88165120.000000,261247378.970560,616450.0,2.2992706262432e8,-371.98574519315434,1.0837e6,2.3039431262432e8,-211.59971636460276,false,616450.0,1.0837e6,0.0,0.0,17913328704,false,direct_fallback
synthetic,100000,32,8,Float64,4,9504989984,7046484513,80500240,63873532.692480,16521156.765120,206600.000000,45000.000000,97779581.100000,20125060.000000,88165120.000000,316415996.841120,1.2329e6,2.5377536414864e8,-204.83612957144945,2.1674e6,2.5470986414864e8,-116.51862330379257,false,1.2329e6,2.1674e6,0.0,0.0,17913328704,false,direct_fallback
synthetic,100000,32,4,Float32,8,9504989984,7629046588,152950656,31936766.346240,6303169.810560,103300.000000,27000.000000,171497342.700000,38237664.000000,177394600.000000,438010537.144160,616450.0,4.0669022079792005e8,-658.729452182529,1.0837e6,4.0715747079792005e8,-374.7105017974717,false,616450.0,1.0837e6,0.0,0.0,34031389376,false,direct_fallback
synthetic,100000,32,4,Float64,8,9504989984,7629046588,152950656,63873532.692480,12606339.621120,206600.000000,45000.000000,171497342.700000,38237664.000000,177394600.000000,488882467.588320,1.2329e6,4.2624183489584e8,-344.7229579818639,2.1674e6,4.2717633489584e8,-196.09160048714588,false,1.2329e6,2.1674e6,0.0,0.0,34031389376,false,direct_fallback
synthetic,100000,32,8,Float32,8,9504989984,7629046588,152950656,31936766.346240,6303169.810560,103300.000000,27000.000000,171497342.700000,38237664.000000,177394600.000000,482457997.777760,616450.0,4.5113768143152004e8,-730.8317486114365,1.0837e6,4.5160493143152004e8,-415.7250451522747,false,616450.0,1.0837e6,0.0,0.0,34031389376,false,direct_fallback
synthetic,100000,32,8,Float64,8,9504989984,7629046588,152950656,63873532.692480,12606339.621120,206600.000000,45000.000000,171497342.700000,38237664.000000,177394600.000000,577777388.855520,1.2329e6,5.1513675616304e8,-416.8252544107713,2.1674e6,5.1607125616304e8,-237.10614384194886,false,1.2329e6,2.1674e6,0.0,0.0,34031389376,false,direct_fallback
synthetic,100000,32,4,Float32,1,7155405742,1774268512,5702082,24042163.293120,18080621.092800,103300.000000,27000.000000,20416881.600000,1425520.500000,15837760.000000,57548108.222000,616450.0,3.4122394928880006e7,-54.35306177123855,1.0837e6,3.4589644928880006e7,-30.918099962055926,false,616450.0,1.0837e6,0.0,0.0,3210503728,false,direct_fallback
synthetic,100000,32,4,Float64,1,7155405742,1774268512,5702082,48084326.586240,36161242.185600,206600.000000,45000.000000,20416881.600000,1425520.500000,15837760.000000,77407054.344000,1.2329e6,3.055562775776001e7,-23.783541047741107,2.1674e6,3.149012775776001e7,-13.528987615465539,false,1.2329e6,2.1674e6,0.0,0.0,3210503728,false,direct_fallback
synthetic,100000,32,8,Float32,1,7155405742,1774268512,5702082,24042163.293120,18080621.092800,103300.000000,27000.000000,20416881.600000,1425520.500000,15837760.000000,59205133.251200,616450.0,3.577941995808001e7,-57.04107382282425,1.0837e6,3.624666995808001e7,-32.44714400487221,false,616450.0,1.0837e6,0.0,0.0,3210503728,false,direct_fallback
synthetic,100000,32,8,Float64,1,7155405742,1774268512,5702082,48084326.586240,36161242.185600,206600.000000,45000.000000,20416881.600000,1425520.500000,15837760.000000,80721104.402400,1.2329e6,3.3869677816160016e7,-26.471553099326805,2.1674e6,3.4804177816160016e7,-15.05803165828182,false,1.2329e6,2.1674e6,0.0,0.0,3210503728,false,direct_fallback
synthetic,100000,32,4,Float32,2,7155405742,3962521930,13313795,24042163.293120,10728089.608320,103300.000000,27000.000000,21846340.800000,3328448.750000,36387840.000000,76290007.985320,616450.0,5.2864294692200005e7,-84.75601377597535,1.0837e6,5.3331544692200005e7,-48.2124616519332,false,616450.0,1.0837e6,0.0,0.0,5599163464,false,direct_fallback
synthetic,100000,32,4,Float64,2,7155405742,3962521930,13313795,48084326.586240,21456179.216640,206600.000000,45000.000000,21846340.800000,3328448.750000,36387840.000000,91008386.420640,1.2329e6,4.4156959834400006e7,-34.81552423911104,2.1674e6,4.5091459834400006e7,-19.80440151075021,false,1.2329e6,2.1674e6,0.0,0.0,5599163464,false,direct_fallback
synthetic,100000,32,8,Float32,2,7155405742,3962521930,13313795,24042163.293120,10728089.608320,103300.000000,27000.000000,21846340.800000,3328448.750000,36387840.000000,80158996.812320,616450.0,5.67332835192e7,-91.03225487744342,1.0837e6,5.72005335192e7,-51.78262758992341,false,616450.0,1.0837e6,0.0,0.0,5599163464,false,direct_fallback
synthetic,100000,32,8,Float64,2,7155405742,3962521930,13313795,48084326.586240,21456179.216640,206600.000000,45000.000000,21846340.800000,3328448.750000,36387840.000000,98746364.074640,1.2329e6,5.1894937488400005e7,-41.09176534057912,2.1674e6,5.2829437488400005e7,-23.37456744874043,false,1.2329e6,2.1674e6,0.0,0.0,5599163464,false,direct_fallback
synthetic,100000,32,4,Float32,4,7155405742,4946494607,17487520,24042163.293120,7421941.413600,103300.000000,27000.000000,22871140.200000,4371880.000000,69917000.000000,109794134.925600,616450.0,8.636842163248e7,-139.1061264214129,1.0837e6,8.683567163248e7,-79.12888403846082,false,616450.0,1.0837e6,0.0,0.0,9205593472,false,direct_fallback
synthetic,100000,32,4,Float64,4,7155405742,4946494607,17487520,48084326.586240,14843882.827200,206600.000000,45000.000000,22871140.200000,4371880.000000,69917000.000000,122419249.651200,1.2329e6,7.556782306496e7,-60.29274317865196,2.1674e6,7.650232306496e7,-34.29681787623881,false,1.2329e6,2.1674e6,0.0,0.0,9205593472,false,direct_fallback
synthetic,100000,32,8,Float32,4,7155405742,4946494607,17487520,24042163.293120,7421941.413600,103300.000000,27000.000000,22871140.200000,4371880.000000,69917000.000000,114876008.237600,616450.0,9.145029494448e7,-147.34989852296212,1.0837e6,9.191754494448e7,-83.81825684643351,false,616450.0,1.0837e6,0.0,0.0,9205593472,false,direct_fallback
synthetic,100000,32,8,Float64,4,7155405742,4946494607,17487520,48084326.586240,14843882.827200,206600.000000,45000.000000,22871140.200000,4371880.000000,69917000.000000,132582996.275200,1.2329e6,8.573156968896002e7,-68.53651528020116,2.1674e6,8.666606968896002e7,-38.98619068421151,false,1.2329e6,2.1674e6,0.0,0.0,9205593472,false,direct_fallback
synthetic,100000,32,4,Float32,8,7155405742,5355886525,19421802,24042163.293120,6046384.569120,103300.000000,27000.000000,23468092.200000,4855450.500000,120414560.000000,160558762.930320,616450.0,1.371330496372e8,-221.45607857441803,1.0837e6,1.376002996372e8,-125.97268583297961,false,616450.0,1.0837e6,0.0,0.0,14465416304,false,direct_fallback
synthetic,100000,32,4,Float64,8,7155405742,5355886525,19421802,48084326.586240,12092769.138240,206600.000000,45000.000000,23468092.200000,4855450.500000,120414560.000000,172370423.160640,1.2329e6,1.2551899657440001e8,-100.8079297383405,2.1674e6,1.2645349657440001e8,-57.343405266402144,false,1.2329e6,2.1674e6,0.0,0.0,14465416304,false,direct_fallback
synthetic,100000,32,8,Float32,8,7155405742,5355886525,19421802,24042163.293120,6046384.569120,103300.000000,27000.000000,23468092.200000,4855450.500000,120414560.000000,166202738.591520,616450.0,1.427770252984e8,-230.61168837440184,1.0837e6,1.432442752984e8,-131.1807467919166,false,616450.0,1.0837e6,0.0,0.0,14465416304,false,direct_fallback
synthetic,100000,32,8,Float64,8,7155405742,5355886525,19421802,48084326.586240,12092769.138240,206600.000000,45000.000000,23468092.200000,4855450.500000,120414560.000000,183658374.483040,1.2329e6,1.368069478968e8,-109.96353953832428,2.1674e6,1.377414478968e8,-62.55146622533912,false,1.2329e6,2.1674e6,0.0,0.0,14465416304,false,direct_fallback
synthetic,100000,32,4,Float32,1,1935907430,193594222,643955,6504648.964800,5854172.378880,103300.000000,27000.000000,5828540.400000,160988.750000,3132120.000000,15293254.851880,616450.0,9.40505588708e6,-14.25680247721632,1.0837e6,9.87230588708e6,-8.109814420116269,false,616450.0,1.0837e6,0.0,0.0,750657992,false,direct_fallback
synthetic,100000,32,4,Float64,1,1935907430,193594222,643955,13009297.929600,11708344.757760,206600.000000,45000.000000,5828540.400000,160988.750000,3132120.000000,21455860.553760,1.2329e6,9.67946262416e6,-6.850971387914672,2.1674e6,1.061396262416e7,-3.8970945022423176,false,1.2329e6,2.1674e6,0.0,0.0,750657992,false,direct_fallback
synthetic,100000,32,8,Float32,1,1935907430,193594222,643955,6504648.964800,5854172.378880,103300.000000,27000.000000,5828540.400000,160988.750000,3132120.000000,15480388.174880,616450.0,9.592189210080002e6,-14.560368578278856,1.0837e6,1.0059439210080002e7,-8.282494426575623,false,616450.0,1.0837e6,0.0,0.0,750657992,false,direct_fallback
synthetic,100000,32,8,Float64,1,1935907430,193594222,643955,13009297.929600,11708344.757760,206600.000000,45000.000000,5828540.400000,160988.750000,3132120.000000,21830127.199760,1.2329e6,1.005372927016e7,-7.154537488977208,2.1674e6,1.098822927016e7,-4.069774508701671,false,1.2329e6,2.1674e6,0.0,0.0,750657992,false,direct_fallback
synthetic,100000,32,4,Float32,2,1935907430,221432447,873851,6504648.964800,5760635.942880,103300.000000,27000.000000,6097770.900000,218462.750000,4299040.000000,16760150.693480,616450.0,1.087195172868e7,-16.63638856140806,1.0837e6,1.133920172868e7,-9.463413978665683,false,616450.0,1.0837e6,0.0,0.0,894813384,false,direct_fallback
synthetic,100000,32,4,Float64,2,1935907430,221432447,873851,13009297.929600,11521271.885760,206600.000000,45000.000000,6097770.900000,218462.750000,4299040.000000,22896027.736960,1.2329e6,1.111962980736e7,-8.019084927698922,2.1674e6,1.205412980736e7,-4.56156215159177,false,1.2329e6,2.1674e6,0.0,0.0,894813384,false,direct_fallback
synthetic,100000,32,8,Float32,2,1935907430,221432447,873851,6504648.964800,5760635.942880,103300.000000,27000.000000,6097770.900000,218462.750000,4299040.000000,17014091.794080,616450.0,1.112589282928e7,-17.048329676826995,1.0837e6,1.159314282928e7,-9.697741837482699,false,616450.0,1.0837e6,0.0,0.0,894813384,false,direct_fallback
synthetic,100000,32,8,Float64,2,1935907430,221432447,873851,13009297.929600,11521271.885760,206600.000000,45000.000000,6097770.900000,218462.750000,4299040.000000,23403909.938160,1.2329e6,1.1627512008560002e7,-8.431026043117853,2.1674e6,1.2562012008560002e7,-4.795890010408786,false,1.2329e6,2.1674e6,0.0,0.0,894813384,false,direct_fallback
synthetic,100000,32,4,Float32,4,1935907430,576449117,2567554,6504648.964800,4567779.931680,103300.000000,27000.000000,7138571.400000,641888.500000,10554480.000000,23779151.024080,616450.0,1.789095205928e7,-28.022551803520155,1.0837e6,1.835820205928e7,-15.940299030432778,false,616450.0,1.0837e6,0.0,0.0,1650031792,false,direct_fallback
synthetic,100000,32,4,Float64,4,1935907430,576449117,2567554,13009297.929600,9135559.863360,206600.000000,45000.000000,7138571.400000,641888.500000,10554480.000000,29214362.148160,1.2329e6,1.7437964218560003e7,-13.143859371043883,2.1674e6,1.8372464218560003e7,-7.476729823087572,false,1.2329e6,2.1674e6,0.0,0.0,1650031792,false,direct_fallback
synthetic,100000,32,8,Float32,4,1935907430,576449117,2567554,6504648.964800,4567779.931680,103300.000000,27000.000000,7138571.400000,641888.500000,10554480.000000,24525282.216480,616450.0,1.863708325168e7,-29.232919542022877,1.0837e6,1.910433325168e7,-16.628802483787027,false,616450.0,1.0837e6,0.0,0.0,1650031792,false,direct_fallback
synthetic,100000,32,8,Float64,4,1935907430,576449117,2567554,13009297.929600,9135559.863360,206600.000000,45000.000000,7138571.400000,641888.500000,10554480.000000,30706624.532960,1.2329e6,1.893022660336e7,-14.354227109546597,2.1674e6,1.986472660336e7,-8.16523327644182,false,1.2329e6,2.1674e6,0.0,0.0,1650031792,false,direct_fallback
synthetic,100000,32,4,Float32,8,1935907430,805470779,4173382,6504648.964800,3798267.147360,103300.000000,27000.000000,8662699.800000,1043345.500000,18443840.000000,33291237.256560,616450.0,2.740303829176e7,-43.452978005937226,1.0837e6,2.787028829176e7,-24.717715504069393,false,616450.0,1.0837e6,0.0,0.0,2604824592,false,direct_fallback
synthetic,100000,32,4,Float64,8,1935907430,805470779,4173382,13009297.929600,7596534.294720,206600.000000,45000.000000,8662699.800000,1043345.500000,18443840.000000,38423589.213120,1.2329e6,2.664719128352e7,-20.613424676389,2.1674e6,2.758169128352e7,-11.725704200203007,false,1.2329e6,2.1674e6,0.0,0.0,2604824592,false,direct_fallback
synthetic,100000,32,8,Float32,8,1935907430,805470779,4173382,6504648.964800,3798267.147360,103300.000000,27000.000000,8662699.800000,1043345.500000,18443840.000000,34504022.065760,616450.0,2.861582310096e7,-45.42034731277476,1.0837e6,2.908307310096e7,-25.83683039675187,false,616450.0,1.0837e6,0.0,0.0,2604824592,false,direct_fallback
synthetic,100000,32,8,Float64,8,1935907430,805470779,4173382,13009297.929600,7596534.294720,206600.000000,45000.000000,8662699.800000,1043345.500000,18443840.000000,40849158.831520,1.2329e6,2.9072760901920006e7,-22.580793983226545,2.1674e6,3.0007260901920006e7,-12.844819092885487,false,1.2329e6,2.1674e6,0.0,0.0,2604824592,false,direct_fallback
synthetic,100000,32,4,Float32,1,1020787448,32808710,414584,3429845.825280,3319608.559680,103300.000000,27000.000000,3247623.000000,103646.000000,237920.000000,7159575.670080,616450.0,4.346179844800001e6,-6.050336352988889,1.0837e6,4.813429844800001e6,-3.44166267860109,false,616450.0,1.0837e6,0.0,0.0,265255104,false,direct_fallback
synthetic,100000,32,4,Float64,1,1020787448,32808710,414584,6859691.650560,6639217.119360,206600.000000,45000.000000,3247623.000000,103646.000000,237920.000000,10720962.340160,1.2329e6,5.094170689600001e6,-3.1318604019790746,2.1674e6,6.028670689600001e6,-1.78152195699917,false,1.2329e6,2.1674e6,0.0,0.0,265255104,false,direct_fallback
synthetic,100000,32,8,Float32,1,1020787448,32808710,414584,3429845.825280,3319608.559680,103300.000000,27000.000000,3247623.000000,103646.000000,237920.000000,7280053.780480,616450.0,4.4666579552e6,-6.245774929353556,1.0837e6,4.9339079552e6,-3.5528356142843958,false,616450.0,1.0837e6,0.0,0.0,265255104,false,direct_fallback
synthetic,100000,32,8,Float64,1,1020787448,32808710,414584,6859691.650560,6639217.119360,206600.000000,45000.000000,3247623.000000,103646.000000,237920.000000,10961918.560960,1.2329e6,5.3351269104e6,-3.3272989783437428,2.1674e6,6.2696269104e6,-1.892694892682477,false,1.2329e6,2.1674e6,0.0,0.0,265255104,false,direct_fallback
synthetic,100000,32,4,Float32,2,1020787448,32808710,414584,3429845.825280,3319608.559680,103300.000000,27000.000000,3247623.000000,103646.000000,237920.000000,7159575.670080,616450.0,4.346179844800001e6,-6.050336352988889,1.0837e6,4.813429844800001e6,-3.44166267860109,false,616450.0,1.0837e6,0.0,0.0,265255104,false,direct_fallback
synthetic,100000,32,4,Float64,2,1020787448,32808710,414584,6859691.650560,6639217.119360,206600.000000,45000.000000,3247623.000000,103646.000000,237920.000000,10720962.340160,1.2329e6,5.094170689600001e6,-3.1318604019790746,2.1674e6,6.028670689600001e6,-1.78152195699917,false,1.2329e6,2.1674e6,0.0,0.0,265255104,false,direct_fallback
synthetic,100000,32,8,Float32,2,1020787448,32808710,414584,3429845.825280,3319608.559680,103300.000000,27000.000000,3247623.000000,103646.000000,237920.000000,7280053.780480,616450.0,4.4666579552e6,-6.245774929353556,1.0837e6,4.9339079552e6,-3.5528356142843958,false,616450.0,1.0837e6,0.0,0.0,265255104,false,direct_fallback
synthetic,100000,32,8,Float64,2,1020787448,32808710,414584,6859691.650560,6639217.119360,206600.000000,45000.000000,3247623.000000,103646.000000,237920.000000,10961918.560960,1.2329e6,5.3351269104e6,-3.3272989783437428,2.1674e6,6.2696269104e6,-1.892694892682477,false,1.2329e6,2.1674e6,0.0,0.0,265255104,false,direct_fallback
synthetic,100000,32,4,Float32,4,1020787448,32808710,414584,3429845.825280,3319608.559680,103300.000000,27000.000000,3247623.000000,103646.000000,237920.000000,7159575.670080,616450.0,4.346179844800001e6,-6.050336352988889,1.0837e6,4.813429844800001e6,-3.44166267860109,false,616450.0,1.0837e6,0.0,0.0,265255104,false,direct_fallback
synthetic,100000,32,4,Float64,4,1020787448,32808710,414584,6859691.650560,6639217.119360,206600.000000,45000.000000,3247623.000000,103646.000000,237920.000000,10720962.340160,1.2329e6,5.094170689600001e6,-3.1318604019790746,2.1674e6,6.028670689600001e6,-1.78152195699917,false,1.2329e6,2.1674e6,0.0,0.0,265255104,false,direct_fallback
synthetic,100000,32,8,Float32,4,1020787448,32808710,414584,3429845.825280,3319608.559680,103300.000000,27000.000000,3247623.000000,103646.000000,237920.000000,7280053.780480,616450.0,4.4666579552e6,-6.245774929353556,1.0837e6,4.9339079552e6,-3.5528356142843958,false,616450.0,1.0837e6,0.0,0.0,265255104,false,direct_fallback
synthetic,100000,32,8,Float64,4,1020787448,32808710,414584,6859691.650560,6639217.119360,206600.000000,45000.000000,3247623.000000,103646.000000,237920.000000,10961918.560960,1.2329e6,5.3351269104e6,-3.3272989783437428,2.1674e6,6.2696269104e6,-1.892694892682477,false,1.2329e6,2.1674e6,0.0,0.0,265255104,false,direct_fallback
synthetic,100000,32,4,Float32,8,1020787448,32808710,414584,3429845.825280,3319608.559680,103300.000000,27000.000000,3247623.000000,103646.000000,237920.000000,7159575.670080,616450.0,4.346179844800001e6,-6.050336352988889,1.0837e6,4.813429844800001e6,-3.44166267860109,false,616450.0,1.0837e6,0.0,0.0,265255104,false,direct_fallback
synthetic,100000,32,4,Float64,8,1020787448,32808710,414584,6859691.650560,6639217.119360,206600.000000,45000.000000,3247623.000000,103646.000000,237920.000000,10720962.340160,1.2329e6,5.094170689600001e6,-3.1318604019790746,2.1674e6,6.028670689600001e6,-1.78152195699917,false,1.2329e6,2.1674e6,0.0,0.0,265255104,false,direct_fallback
synthetic,100000,32,8,Float32,8,1020787448,32808710,414584,3429845.825280,3319608.559680,103300.000000,27000.000000,3247623.000000,103646.000000,237920.000000,7280053.780480,616450.0,4.4666579552e6,-6.245774929353556,1.0837e6,4.9339079552e6,-3.5528356142843958,false,616450.0,1.0837e6,0.0,0.0,265255104,false,direct_fallback
synthetic,100000,32,8,Float64,8,1020787448,32808710,414584,6859691.650560,6639217.119360,206600.000000,45000.000000,3247623.000000,103646.000000,237920.000000,10961918.560960,1.2329e6,5.3351269104e6,-3.3272989783437428,2.1674e6,6.2696269104e6,-1.892694892682477,false,1.2329e6,2.1674e6,0.0,0.0,265255104,false,direct_fallback
synthetic,100000,32,4,Float32,1,1020787448,32808710,414584,3429845.825280,3319608.559680,103300.000000,27000.000000,3247623.000000,103646.000000,237920.000000,7159575.670080,616450.0,4.346179844800001e6,-6.050336352988889,1.0837e6,4.813429844800001e6,-3.44166267860109,false,616450.0,1.0837e6,0.0,0.0,265255104,false,direct_fallback
synthetic,100000,32,4,Float64,1,1020787448,32808710,414584,6859691.650560,6639217.119360,206600.000000,45000.000000,3247623.000000,103646.000000,237920.000000,10720962.340160,1.2329e6,5.094170689600001e6,-3.1318604019790746,2.1674e6,6.028670689600001e6,-1.78152195699917,false,1.2329e6,2.1674e6,0.0,0.0,265255104,false,direct_fallback
synthetic,100000,32,8,Float32,1,1020787448,32808710,414584,3429845.825280,3319608.559680,103300.000000,27000.000000,3247623.000000,103646.000000,237920.000000,7280053.780480,616450.0,4.4666579552e6,-6.245774929353556,1.0837e6,4.9339079552e6,-3.5528356142843958,false,616450.0,1.0837e6,0.0,0.0,265255104,false,direct_fallback
synthetic,100000,32,8,Float64,1,1020787448,32808710,414584,6859691.650560,6639217.119360,206600.000000,45000.000000,3247623.000000,103646.000000,237920.000000,10961918.560960,1.2329e6,5.3351269104e6,-3.3272989783437428,2.1674e6,6.2696269104e6,-1.892694892682477,false,1.2329e6,2.1674e6,0.0,0.0,265255104,false,direct_fallback
synthetic,100000,32,4,Float32,2,1020787448,32808710,414584,3429845.825280,3319608.559680,103300.000000,27000.000000,3247623.000000,103646.000000,237920.000000,7159575.670080,616450.0,4.346179844800001e6,-6.050336352988889,1.0837e6,4.813429844800001e6,-3.44166267860109,false,616450.0,1.0837e6,0.0,0.0,265255104,false,direct_fallback
synthetic,100000,32,4,Float64,2,1020787448,32808710,414584,6859691.650560,6639217.119360,206600.000000,45000.000000,3247623.000000,103646.000000,237920.000000,10720962.340160,1.2329e6,5.094170689600001e6,-3.1318604019790746,2.1674e6,6.028670689600001e6,-1.78152195699917,false,1.2329e6,2.1674e6,0.0,0.0,265255104,false,direct_fallback
synthetic,100000,32,8,Float32,2,1020787448,32808710,414584,3429845.825280,3319608.559680,103300.000000,27000.000000,3247623.000000,103646.000000,237920.000000,7280053.780480,616450.0,4.4666579552e6,-6.245774929353556,1.0837e6,4.9339079552e6,-3.5528356142843958,false,616450.0,1.0837e6,0.0,0.0,265255104,false,direct_fallback
synthetic,100000,32,8,Float64,2,1020787448,32808710,414584,6859691.650560,6639217.119360,206600.000000,45000.000000,3247623.000000,103646.000000,237920.000000,10961918.560960,1.2329e6,5.3351269104e6,-3.3272989783437428,2.1674e6,6.2696269104e6,-1.892694892682477,false,1.2329e6,2.1674e6,0.0,0.0,265255104,false,direct_fallback
synthetic,100000,32,4,Float32,4,1020787448,32808710,414584,3429845.825280,3319608.559680,103300.000000,27000.000000,3247623.000000,103646.000000,237920.000000,7159575.670080,616450.0,4.346179844800001e6,-6.050336352988889,1.0837e6,4.813429844800001e6,-3.44166267860109,false,616450.0,1.0837e6,0.0,0.0,265255104,false,direct_fallback
synthetic,100000,32,4,Float64,4,1020787448,32808710,414584,6859691.650560,6639217.119360,206600.000000,45000.000000,3247623.000000,103646.000000,237920.000000,10720962.340160,1.2329e6,5.094170689600001e6,-3.1318604019790746,2.1674e6,6.028670689600001e6,-1.78152195699917,false,1.2329e6,2.1674e6,0.0,0.0,265255104,false,direct_fallback
synthetic,100000,32,8,Float32,4,1020787448,32808710,414584,3429845.825280,3319608.559680,103300.000000,27000.000000,3247623.000000,103646.000000,237920.000000,7280053.780480,616450.0,4.4666579552e6,-6.245774929353556,1.0837e6,4.9339079552e6,-3.5528356142843958,false,616450.0,1.0837e6,0.0,0.0,265255104,false,direct_fallback
synthetic,100000,32,8,Float64,4,1020787448,32808710,414584,6859691.650560,6639217.119360,206600.000000,45000.000000,3247623.000000,103646.000000,237920.000000,10961918.560960,1.2329e6,5.3351269104e6,-3.3272989783437428,2.1674e6,6.2696269104e6,-1.892694892682477,false,1.2329e6,2.1674e6,0.0,0.0,265255104,false,direct_fallback
synthetic,100000,32,4,Float32,8,1020787448,32808710,414584,3429845.825280,3319608.559680,103300.000000,27000.000000,3247623.000000,103646.000000,237920.000000,7159575.670080,616450.0,4.346179844800001e6,-6.050336352988889,1.0837e6,4.813429844800001e6,-3.44166267860109,false,616450.0,1.0837e6,0.0,0.0,265255104,false,direct_fallback
synthetic,100000,32,4,Float64,8,1020787448,32808710,414584,6859691.650560,6639217.119360,206600.000000,45000.000000,3247623.000000,103646.000000,237920.000000,10720962.340160,1.2329e6,5.094170689600001e6,-3.1318604019790746,2.1674e6,6.028670689600001e6,-1.78152195699917,false,1.2329e6,2.1674e6,0.0,0.0,265255104,false,direct_fallback
synthetic,100000,32,8,Float32,8,1020787448,32808710,414584,3429845.825280,3319608.559680,103300.000000,27000.000000,3247623.000000,103646.000000,237920.000000,7280053.780480,616450.0,4.4666579552e6,-6.245774929353556,1.0837e6,4.9339079552e6,-3.5528356142843958,false,616450.0,1.0837e6,0.0,0.0,265255104,false,direct_fallback
synthetic,100000,32,8,Float64,8,1020787448,32808710,414584,6859691.650560,6639217.119360,206600.000000,45000.000000,3247623.000000,103646.000000,237920.000000,10961918.560960,1.2329e6,5.3351269104e6,-3.3272989783437428,2.1674e6,6.2696269104e6,-1.892694892682477,false,1.2329e6,2.1674e6,0.0,0.0,265255104,false,direct_fallback
synthetic,100000,32,4,Float32,1,1020787448,32808710,414584,3429845.825280,3319608.559680,103300.000000,27000.000000,3247623.000000,103646.000000,237920.000000,7159575.670080,616450.0,4.346179844800001e6,-6.050336352988889,1.0837e6,4.813429844800001e6,-3.44166267860109,false,616450.0,1.0837e6,0.0,0.0,265255104,false,direct_fallback
synthetic,100000,32,4,Float64,1,1020787448,32808710,414584,6859691.650560,6639217.119360,206600.000000,45000.000000,3247623.000000,103646.000000,237920.000000,10720962.340160,1.2329e6,5.094170689600001e6,-3.1318604019790746,2.1674e6,6.028670689600001e6,-1.78152195699917,false,1.2329e6,2.1674e6,0.0,0.0,265255104,false,direct_fallback
synthetic,100000,32,8,Float32,1,1020787448,32808710,414584,3429845.825280,3319608.559680,103300.000000,27000.000000,3247623.000000,103646.000000,237920.000000,7280053.780480,616450.0,4.4666579552e6,-6.245774929353556,1.0837e6,4.9339079552e6,-3.5528356142843958,false,616450.0,1.0837e6,0.0,0.0,265255104,false,direct_fallback
synthetic,100000,32,8,Float64,1,1020787448,32808710,414584,6859691.650560,6639217.119360,206600.000000,45000.000000,3247623.000000,103646.000000,237920.000000,10961918.560960,1.2329e6,5.3351269104e6,-3.3272989783437428,2.1674e6,6.2696269104e6,-1.892694892682477,false,1.2329e6,2.1674e6,0.0,0.0,265255104,false,direct_fallback
synthetic,100000,32,4,Float32,2,1020787448,32808710,414584,3429845.825280,3319608.559680,103300.000000,27000.000000,3247623.000000,103646.000000,237920.000000,7159575.670080,616450.0,4.346179844800001e6,-6.050336352988889,1.0837e6,4.813429844800001e6,-3.44166267860109,false,616450.0,1.0837e6,0.0,0.0,265255104,false,direct_fallback
synthetic,100000,32,4,Float64,2,1020787448,32808710,414584,6859691.650560,6639217.119360,206600.000000,45000.000000,3247623.000000,103646.000000,237920.000000,10720962.340160,1.2329e6,5.094170689600001e6,-3.1318604019790746,2.1674e6,6.028670689600001e6,-1.78152195699917,false,1.2329e6,2.1674e6,0.0,0.0,265255104,false,direct_fallback
synthetic,100000,32,8,Float32,2,1020787448,32808710,414584,3429845.825280,3319608.559680,103300.000000,27000.000000,3247623.000000,103646.000000,237920.000000,7280053.780480,616450.0,4.4666579552e6,-6.245774929353556,1.0837e6,4.9339079552e6,-3.5528356142843958,false,616450.0,1.0837e6,0.0,0.0,265255104,false,direct_fallback
synthetic,100000,32,8,Float64,2,1020787448,32808710,414584,6859691.650560,6639217.119360,206600.000000,45000.000000,3247623.000000,103646.000000,237920.000000,10961918.560960,1.2329e6,5.3351269104e6,-3.3272989783437428,2.1674e6,6.2696269104e6,-1.892694892682477,false,1.2329e6,2.1674e6,0.0,0.0,265255104,false,direct_fallback
synthetic,100000,32,4,Float32,4,1020787448,32808710,414584,3429845.825280,3319608.559680,103300.000000,27000.000000,3247623.000000,103646.000000,237920.000000,7159575.670080,616450.0,4.346179844800001e6,-6.050336352988889,1.0837e6,4.813429844800001e6,-3.44166267860109,false,616450.0,1.0837e6,0.0,0.0,265255104,false,direct_fallback
synthetic,100000,32,4,Float64,4,1020787448,32808710,414584,6859691.650560,6639217.119360,206600.000000,45000.000000,3247623.000000,103646.000000,237920.000000,10720962.340160,1.2329e6,5.094170689600001e6,-3.1318604019790746,2.1674e6,6.028670689600001e6,-1.78152195699917,false,1.2329e6,2.1674e6,0.0,0.0,265255104,false,direct_fallback
synthetic,100000,32,8,Float32,4,1020787448,32808710,414584,3429845.825280,3319608.559680,103300.000000,27000.000000,3247623.000000,103646.000000,237920.000000,7280053.780480,616450.0,4.4666579552e6,-6.245774929353556,1.0837e6,4.9339079552e6,-3.5528356142843958,false,616450.0,1.0837e6,0.0,0.0,265255104,false,direct_fallback
synthetic,100000,32,8,Float64,4,1020787448,32808710,414584,6859691.650560,6639217.119360,206600.000000,45000.000000,3247623.000000,103646.000000,237920.000000,10961918.560960,1.2329e6,5.3351269104e6,-3.3272989783437428,2.1674e6,6.2696269104e6,-1.892694892682477,false,1.2329e6,2.1674e6,0.0,0.0,265255104,false,direct_fallback
synthetic,100000,32,4,Float32,8,1020787448,32808710,414584,3429845.825280,3319608.559680,103300.000000,27000.000000,3247623.000000,103646.000000,237920.000000,7159575.670080,616450.0,4.346179844800001e6,-6.050336352988889,1.0837e6,4.813429844800001e6,-3.44166267860109,false,616450.0,1.0837e6,0.0,0.0,265255104,false,direct_fallback
synthetic,100000,32,4,Float64,8,1020787448,32808710,414584,6859691.650560,6639217.119360,206600.000000,45000.000000,3247623.000000,103646.000000,237920.000000,10720962.340160,1.2329e6,5.094170689600001e6,-3.1318604019790746,2.1674e6,6.028670689600001e6,-1.78152195699917,false,1.2329e6,2.1674e6,0.0,0.0,265255104,false,direct_fallback
synthetic,100000,32,8,Float32,8,1020787448,32808710,414584,3429845.825280,3319608.559680,103300.000000,27000.000000,3247623.000000,103646.000000,237920.000000,7280053.780480,616450.0,4.4666579552e6,-6.245774929353556,1.0837e6,4.9339079552e6,-3.5528356142843958,false,616450.0,1.0837e6,0.0,0.0,265255104,false,direct_fallback
synthetic,100000,32,8,Float64,8,1020787448,32808710,414584,6859691.650560,6639217.119360,206600.000000,45000.000000,3247623.000000,103646.000000,237920.000000,10961918.560960,1.2329e6,5.3351269104e6,-3.3272989783437428,2.1674e6,6.2696269104e6,-1.892694892682477,false,1.2329e6,2.1674e6,0.0,0.0,265255104,false,direct_fallback
synthetic,100000,32,4,Float32,1,4629251812,1353149317,4715884,15554286.088320,11007704.383200,103300.000000,27000.000000,13608297.000000,1178971.000000,3290240.000000,30585948.273600,616450.0,1.564811218528e7,-24.384235842777194,1.0837e6,1.611536218528e7,-13.87068578506967,false,616450.0,1.0837e6,0.0,0.0,1417802912,false,direct_fallback
synthetic,100000,32,4,Float64,1,4629251812,1353149317,4715884,31108572.176640,22015408.766400,206600.000000,45000.000000,13608297.000000,1178971.000000,3290240.000000,43085388.547200,1.2329e6,1.3209716370560002e7,-9.714345340708899,2.1674e6,1.4144216370560002e7,-5.525891100193781,false,1.2329e6,2.1674e6,0.0,0.0,1417802912,false,direct_fallback
synthetic,100000,32,8,Float32,1,4629251812,1353149317,4715884,15554286.088320,11007704.383200,103300.000000,27000.000000,13608297.000000,1178971.000000,3290240.000000,31956384.164000,616450.0,1.7018548075680003e7,-26.607345406245443,1.0837e6,1.7485798075680003e7,-15.135275515068749,false,616450.0,1.0837e6,0.0,0.0,1417802912,false,direct_fallback
synthetic,100000,32,8,Float64,1,4629251812,1353149317,4715884,31108572.176640,22015408.766400,206600.000000,45000.000000,13608297.000000,1178971.000000,3290240.000000,45826260.328000,1.2329e6,1.5950588151360001e7,-11.937454904177144,2.1674e6,1.688508815136e7,-6.790480830192858,false,1.2329e6,2.1674e6,0.0,0.0,1417802912,false,direct_fallback
synthetic,100000,32,4,Float32,2,4629251812,2494963303,16108705,15554286.088320,7171209.390240,103300.000000,27000.000000,26384139.000000,4027176.250000,8540960.000000,50934974.313240,616450.0,3.599713822492e7,-57.39425456228404,1.0837e6,3.646438822492e7,-32.64804671488419,false,616450.0,1.0837e6,0.0,0.0,3137408664,false,direct_fallback
synthetic,100000,32,4,Float64,2,4629251812,2494963303,16108705,31108572.176640,14342418.780480,206600.000000,45000.000000,26384139.000000,4027176.250000,8540960.000000,62908673.376480,1.2329e6,3.3033001199839998e7,-25.792928217892772,2.1674e6,3.3967501199839994e7,-14.672003875537508,false,1.2329e6,2.1674e6,0.0,0.0,3137408664,false,direct_fallback
synthetic,100000,32,8,Float32,2,4629251812,2494963303,16108705,15554286.088320,7171209.390240,103300.000000,27000.000000,26384139.000000,4027176.250000,8540960.000000,55616163.986240,616450.0,4.067832789792e7,-64.98804103807284,1.0837e6,4.114557789792e7,-36.967682843886685,false,616450.0,1.0837e6,0.0,0.0,3137408664,false,direct_fallback
synthetic,100000,32,8,Float64,2,4629251812,2494963303,16108705,31108572.176640,14342418.780480,206600.000000,45000.000000,26384139.000000,4027176.250000,8540960.000000,72271052.722480,1.2329e6,4.2395380545839995e7,-33.38671469368156,2.1674e6,4.3329880545839995e7,-18.99164000454,false,1.2329e6,2.1674e6,0.0,0.0,3137408664,false,direct_fallback
synthetic,100000,32,4,Float32,4,4629251812,2984846028,35176646,15554286.088320,5525203.434240,103300.000000,27000.000000,48684481.200000,8794161.500000,18658360.000000,92014839.461840,616450.0,7.707700337352e7,-124.03366594779787,1.0837e6,7.754425337352e7,-70.55509215974901,false,616450.0,1.0837e6,0.0,0.0,6216863120,false,direct_fallback
synthetic,100000,32,4,Float64,4,4629251812,2984846028,35176646,31108572.176640,11050406.868480,206600.000000,45000.000000,48684481.200000,8794161.500000,18658360.000000,107883676.223680,1.2329e6,7.800800404704e7,-62.27196370106254,2.1674e6,7.894250404704e7,-35.42267419352219,false,1.2329e6,2.1674e6,0.0,0.0,6216863120,false,direct_fallback
synthetic,100000,32,8,Float32,4,4629251812,2984846028,35176646,15554286.088320,5525203.434240,103300.000000,27000.000000,48684481.200000,8794161.500000,18658360.000000,102237172.789440,616450.0,8.729933670112e7,-140.61624900822451,1.0837e6,8.776658670112e7,-79.98789951196827,false,616450.0,1.0837e6,0.0,0.0,6216863120,false,direct_fallback
synthetic,100000,32,8,Float64,4,4629251812,2984846028,35176646,31108572.176640,11050406.868480,206600.000000,45000.000000,48684481.200000,8794161.500000,18658360.000000,128328342.878880,1.2329e6,9.845267070224e7,-78.85454676148917,2.1674e6,9.938717070224e7,-44.85548154574144,false,1.2329e6,2.1674e6,0.0,0.0,6216863120,false,direct_fallback
synthetic,100000,32,4,Float32,8,4629251812,3212883750,65863863,15554286.088320,4758996.688320,103300.000000,27000.000000,85066374.600000,16465965.750000,38479480.000000,164041155.626120,616450.0,1.491033195378e8,-240.87414962738262,1.0837e6,1.495705695378e8,-137.01842718261514,false,616450.0,1.0837e6,0.0,0.0,11570195880,false,direct_fallback
synthetic,100000,32,4,Float64,8,4629251812,3212883750,65863863,31108572.176640,9517993.376640,206600.000000,45000.000000,85066374.600000,16465965.750000,38479480.000000,188061490.902240,1.2329e6,1.581858187256e8,-127.30385167134399,2.1674e6,1.591203187256e8,-72.41529884912799,false,1.2329e6,2.1674e6,0.0,0.0,11570195880,false,direct_fallback
synthetic,100000,32,8,Float32,8,4629251812,3212883750,65863863,15554286.088320,4758996.688320,103300.000000,27000.000000,85066374.600000,16465965.750000,38479480.000000,183181194.213920,616450.0,1.682433581256e8,-271.9229590811907,1.0837e6,1.687106081256e8,-154.68017728670299,false,616450.0,1.0837e6,0.0,0.0,11570195880,false,direct_fallback
synthetic,100000,32,8,Float64,8,4629251812,3212883750,65863863,31108572.176640,9517993.376640,206600.000000,45000.000000,85066374.600000,16465965.750000,38479480.000000,226341568.077840,1.2329e6,1.9646589590120003e8,-158.3526611251521,2.1674e6,1.9740039590120003e8,-90.07704895321585,false,1.2329e6,2.1674e6,0.0,0.0,11570195880,false,direct_fallback
synthetic,100000,32,4,Float32,1,3383766994,936719285,3304888,11369457.099840,8222080.302240,103300.000000,27000.000000,10031067.000000,826222.000000,3195240.000000,23365309.755040,616450.0,1.26123026552e7,-19.459571182091008,1.0837e6,1.30795526552e7,-11.069348210021225,false,616450.0,1.0837e6,0.0,0.0,1119830208,false,direct_fallback
synthetic,100000,32,4,Float64,1,3383766994,936719285,3304888,22738914.199680,16444160.604480,206600.000000,45000.000000,10031067.000000,826222.000000,3195240.000000,32669090.510080,1.2329e6,1.1163076310400002e7,-8.054324203422826,2.1674e6,1.2097576310400002e7,-4.581607599151058,false,1.2329e6,2.1674e6,0.0,0.0,1119830208,false,direct_fallback
synthetic,100000,32,8,Float32,1,3383766994,936719285,3304888,11369457.099840,8222080.302240,103300.000000,27000.000000,10031067.000000,826222.000000,3195240.000000,24325710.207840,616450.0,1.3572703108e7,-21.01752471084435,1.0837e6,1.4039953108e7,-11.95557175232998,false,616450.0,1.0837e6,0.0,0.0,1119830208,false,direct_fallback
synthetic,100000,32,8,Float64,1,3383766994,936719285,3304888,22738914.199680,16444160.604480,206600.000000,45000.000000,10031067.000000,826222.000000,3195240.000000,34589891.415680,1.2329e6,1.3083877215999998e7,-9.61227773217617,2.1674e6,1.4018377215999998e7,-5.467831141459813,false,1.2329e6,2.1674e6,0.0,0.0,1119830208,false,direct_fallback
synthetic,100000,32,4,Float32,2,3383766994,1623448920,5686755,11369457.099840,5914668.728640,103300.000000,27000.000000,10701550.800000,1421688.750000,8010440.000000,27831219.281640,616450.0,1.70782121818e7,-26.704132016870794,1.0837e6,1.75454621818e7,-15.190331440250992,false,616450.0,1.0837e6,0.0,0.0,1717750344,false,direct_fallback
synthetic,100000,32,4,Float64,2,3383766994,1623448920,5686755,22738914.199680,11829337.457280,206600.000000,45000.000000,10701550.800000,1421688.750000,8010440.000000,35519759.013280,1.2329e6,1.4013744813600004e7,-10.36648942623084,2.1674e6,1.4948244813600004e7,-5.896855593614471,false,1.2329e6,2.1674e6,0.0,0.0,1717750344,false,direct_fallback
synthetic,100000,32,8,Float32,2,3383766994,1623448920,5686755,11369457.099840,5914668.728640,103300.000000,27000.000000,10701550.800000,1421688.750000,8010440.000000,29483790.284640,616450.0,1.87307831848e7,-29.384918784654065,1.0837e6,1.91980331848e7,-16.71526546535019,false,616450.0,1.0837e6,0.0,0.0,1717750344,false,direct_fallback
synthetic,100000,32,8,Float64,2,3383766994,1623448920,5686755,22738914.199680,11829337.457280,206600.000000,45000.000000,10701550.800000,1421688.750000,8010440.000000,38824901.019280,1.2329e6,1.73188868196e7,-13.047276194014113,2.1674e6,1.82533868196e7,-7.4217896187136665,false,1.2329e6,2.1674e6,0.0,0.0,1717750344,false,direct_fallback
synthetic,100000,32,4,Float32,4,3383766994,1919339509,7028432,11369457.099840,4920476.349600,103300.000000,27000.000000,11191122.900000,1757108.000000,16374120.000000,36415589.588800,616450.0,2.5662582488959998e7,-40.62962525583583,1.0837e6,2.6129832488959998e7,-23.111684496594997,false,616450.0,1.0837e6,0.0,0.0,2641205440,false,direct_fallback
synthetic,100000,32,4,Float64,4,3383766994,1919339509,7028432,22738914.199680,9840952.699200,206600.000000,45000.000000,11191122.900000,1757108.000000,16374120.000000,43499828.277600,1.2329e6,2.1993814077920005e7,-16.839090013723744,2.1674e6,2.2928314077920005e7,-9.578718315917692,false,1.2329e6,2.1674e6,0.0,0.0,2641205440,false,direct_fallback
synthetic,100000,32,8,Float32,4,3383766994,1919339509,7028432,11369457.099840,4920476.349600,103300.000000,27000.000000,11191122.900000,1757108.000000,16374120.000000,38458051.928000,616450.0,2.7705044828160003e7,-43.94289046663963,1.0837e6,2.8172294828160003e7,-24.996396445658394,false,616450.0,1.0837e6,0.0,0.0,2641205440,false,direct_fallback
synthetic,100000,32,8,Float64,4,3383766994,1919339509,7028432,22738914.199680,9840952.699200,206600.000000,45000.000000,11191122.900000,1757108.000000,16374120.000000,47584752.956000,1.2329e6,2.607873875632e7,-20.152355224527536,2.1674e6,2.701323875632e7,-11.463430264981083,false,1.2329e6,2.1674e6,0.0,0.0,2641205440,false,direct_fallback
synthetic,100000,32,4,Float32,8,3383766994,2051232650,7707687,11369457.099840,4477315.395840,103300.000000,27000.000000,11457061.200000,1926921.750000,30479720.000000,50711172.188040,616450.0,3.99581650882e7,-63.81979899132128,1.0837e6,4.04254150882e7,-36.303142094860206,false,616450.0,1.0837e6,0.0,0.0,4120832168,false,direct_fallback
synthetic,100000,32,4,Float64,8,3383766994,2051232650,7707687,22738914.199680,8954630.791680,206600.000000,45000.000000,11457061.200000,1926921.750000,30479720.000000,57549641.426080,1.2329e6,3.60436272264e7,-28.23483431454295,2.1674e6,3.69781272264e7,-16.061053440250994,false,1.2329e6,2.1674e6,0.0,0.0,4120832168,false,direct_fallback
synthetic,100000,32,8,Float32,8,3383766994,2051232650,7707687,11369457.099840,4477315.395840,103300.000000,27000.000000,11457061.200000,1926921.750000,30479720.000000,52951026.030240,616450.0,4.21980189304e7,-67.4532710364182,1.0837e6,4.26652689304e7,-38.36999993577558,false,616450.0,1.0837e6,0.0,0.0,4120832168,false,direct_fallback
synthetic,100000,32,8,Float64,8,3383766994,2051232650,7707687,22738914.199680,8954630.791680,206600.000000,45000.000000,11457061.200000,1926921.750000,30479720.000000,62029349.110480,1.2329e6,4.05233349108e7,-31.868306359639874,2.1674e6,4.14578349108e7,-18.127911281166377,false,1.2329e6,2.1674e6,0.0,0.0,4120832168,false,direct_fallback
synthetic,100000,32,4,Float32,1,1856997263,128908926,522379,6239510.803680,5806376.812320,103300.000000,27000.000000,5671368.900000,130594.750000,1584720.000000,13475163.799720,616450.0,7.852102996040001e6,-11.737615371952309,1.0837e6,8.319352996040001e6,-6.67680446252653,false,616450.0,1.0837e6,0.0,0.0,578109768,false,direct_fallback
synthetic,100000,32,4,Float64,1,1856997263,128908926,522379,12479021.607360,11612753.624640,206600.000000,45000.000000,5671368.900000,130594.750000,1584720.000000,19554643.949440,1.2329e6,8.308522342080003e6,-5.739007496212185,2.1674e6,9.243022342080003e6,-3.2645669198486678,false,1.2329e6,2.1674e6,0.0,0.0,578109768,false,direct_fallback
synthetic,100000,32,8,Float32,1,1856997263,128908926,522379,6239510.803680,5806376.812320,103300.000000,27000.000000,5671368.900000,130594.750000,1584720.000000,13626967.137120,616450.0,8.003906333440001e6,-11.983869467823832,1.0837e6,8.471156333440002e6,-6.816883208858542,false,616450.0,1.0837e6,0.0,0.0,578109768,false,direct_fallback
synthetic,100000,32,8,Float64,1,1856997263,128908926,522379,12479021.607360,11612753.624640,206600.000000,45000.000000,5671368.900000,130594.750000,1584720.000000,19858250.624240,1.2329e6,8.612129016880004e6,-5.985261592083708,2.1674e6,9.546629016880004e6,-3.404645666180679,false,1.2329e6,2.1674e6,0.0,0.0,578109768,false,direct_fallback
synthetic,100000,32,4,Float32,2,1856997263,261027365,1195165,6239510.803680,5362458.857280,103300.000000,27000.000000,6309773.100000,298791.250000,3254520.000000,15703158.156280,616450.0,1.00800973526e7,-15.351849059291103,1.0837e6,1.05473473526e7,-8.732718789886501,false,616450.0,1.0837e6,0.0,0.0,810641784,false,direct_fallback
synthetic,100000,32,4,Float64,2,1856997263,261027365,1195165,12479021.607360,10724917.714560,206600.000000,45000.000000,6309773.100000,298791.250000,3254520.000000,21534231.962560,1.2329e6,1.0288110355200002e7,-7.34464300040555,2.1674e6,1.1222610355200002e7,-4.177913793116177,false,1.2329e6,2.1674e6,0.0,0.0,810641784,false,direct_fallback
synthetic,100000,32,8,Float32,2,1856997263,261027365,1195165,6239510.803680,5362458.857280,103300.000000,27000.000000,6309773.100000,298791.250000,3254520.000000,16050473.105280,616450.0,1.0427412301600002e7,-15.91526044545381,1.0837e6,1.0894662301600002e7,-9.053208730829567,false,616450.0,1.0837e6,0.0,0.0,810641784,false,direct_fallback
synthetic,100000,32,8,Float64,2,1856997263,261027365,1195165,12479021.607360,10724917.714560,206600.000000,45000.000000,6309773.100000,298791.250000,3254520.000000,22228861.860560,1.2329e6,1.09827402532e7,-7.908054386568254,2.1674e6,1.19172402532e7,-4.4984037340592415,false,1.2329e6,2.1674e6,0.0,0.0,810641784,false,direct_fallback
synthetic,100000,32,4,Float32,4,1856997263,515329623,2370746,6239510.803680,4508003.270400,103300.000000,27000.000000,7033342.500000,592686.500000,5789680.000000,18742951.058000,616450.0,1.311989025432e7,-20.282975511914994,1.0837e6,1.358714025432e7,-11.537732079283934,false,616450.0,1.0837e6,0.0,0.0,1149909936,false,direct_fallback
synthetic,100000,32,4,Float64,4,1856997263,515329623,2370746,12479021.607360,9016006.540800,206600.000000,45000.000000,7033342.500000,592686.500000,5789680.000000,24061193.116000,1.2329e6,1.281507150864e7,-9.394250554497527,2.1674e6,1.374957150864e7,-5.343808945575344,false,1.2329e6,2.1674e6,0.0,0.0,1149909936,false,direct_fallback
synthetic,100000,32,8,Float32,4,1856997263,515329623,2370746,6239510.803680,4508003.270400,103300.000000,27000.000000,7033342.500000,592686.500000,5789680.000000,19431889.845600,616450.0,1.3808829041920003e7,-21.400566212863982,1.0837e6,1.4276079041920003e7,-12.173460405942606,false,616450.0,1.0837e6,0.0,0.0,1149909936,false,direct_fallback
synthetic,100000,32,8,Float64,4,1856997263,515329623,2370746,12479021.607360,9016006.540800,206600.000000,45000.000000,7033342.500000,592686.500000,5789680.000000,25439070.691200,1.2329e6,1.419294908384e7,-10.511841255446507,2.1674e6,1.512744908384e7,-5.979537272234013,false,1.2329e6,2.1674e6,0.0,0.0,1149909936,false,direct_fallback
synthetic,100000,32,4,Float32,8,1856997263,624655017,3418421,6239510.803680,4140669.946560,103300.000000,27000.000000,8496513.000000,854605.250000,10406440.000000,25021921.339160,616450.0,1.939886053548e7,-30.4686682382675,1.0837e6,1.986611053548e7,-17.331743596456583,false,616450.0,1.0837e6,0.0,0.0,1751858040,false,direct_fallback
synthetic,100000,32,4,Float64,8,1856997263,624655017,3418421,12479021.607360,8281339.893120,206600.000000,45000.000000,8496513.000000,854605.250000,10406440.000000,30277284.428320,1.2329e6,1.903116282096e7,-14.436096050742153,2.1674e6,1.996566282096e7,-8.211803460810188,false,1.2329e6,2.1674e6,0.0,0.0,1751858040,false,direct_fallback
synthetic,100000,32,8,Float32,8,1856997263,624655017,3418421,6239510.803680,4140669.946560,103300.000000,27000.000000,8496513.000000,854605.250000,10406440.000000,26015314.481760,616450.0,2.0392253678080004e7,-32.080142230643204,1.0837e6,2.0859503678080004e7,-18.24841162506229,false,616450.0,1.0837e6,0.0,0.0,1751858040,false,direct_fallback
synthetic,100000,32,8,Float64,8,1856997263,624655017,3418421,12479021.607360,8281339.893120,206600.000000,45000.000000,8496513.000000,854605.250000,10406440.000000,32264070.713520,1.2329e6,2.101794910616e7,-16.04757004311785,2.1674e6,2.195244910616e7,-9.12847148941589,false,1.2329e6,2.1674e6,0.0,0.0,1751858040,false,direct_fallback
synthetic,100000,32,4,Float32,1,9684240804,1234306779,4004824,32539049.101440,28391778.324000,103300.000000,27000.000000,27717363.900000,1001206.000000,12664600.000000,71069050.078400,616450.0,3.914645097696e7,-62.50304319403034,1.0837e6,3.961370097696e7,-35.55412104545539,false,616450.0,1.0837e6,0.0,0.0,3363983360,false,direct_fallback
synthetic,100000,32,4,Float64,1,9684240804,1234306779,4004824,65078098.202880,56783556.648000,206600.000000,45000.000000,27717363.900000,1001206.000000,12664600.000000,100745930.256800,1.2329e6,3.690073205392001e7,-28.930028432086957,2.1674e6,3.783523205392001e7,-16.456506438091726,false,1.2329e6,2.1674e6,0.0,0.0,3363983360,false,direct_fallback
synthetic,100000,32,8,Float32,1,9684240804,1234306779,4004824,32539049.101440,28391778.324000,103300.000000,27000.000000,27717363.900000,1001206.000000,12664600.000000,72232851.932800,616450.0,4.031025283136e7,-64.39095276398734,1.0837e6,4.077750283136e7,-36.62803620131032,false,616450.0,1.0837e6,0.0,0.0,3363983360,false,direct_fallback
synthetic,100000,32,8,Float64,1,9684240804,1234306779,4004824,65078098.202880,56783556.648000,206600.000000,45000.000000,27717363.900000,1001206.000000,12664600.000000,103073533.965600,1.2329e6,3.9228335762719996e7,-30.81793800204396,2.1674e6,4.0162835762719996e7,-17.530421593946663,false,1.2329e6,2.1674e6,0.0,0.0,3363983360,false,direct_fallback
synthetic,100000,32,4,Float32,2,9684240804,4963294473,30640499,32539049.101440,15862379.672160,103300.000000,27000.000000,53796634.200000,7660124.750000,37272720.000000,123626287.631560,616450.0,9.170368853012e7,-147.76095146422256,1.0837e6,9.217093853012e7,-84.05207947782597,false,616450.0,1.0837e6,0.0,0.0,8377636936,false,direct_fallback
synthetic,100000,32,4,Float64,2,9684240804,4963294473,30640499,65078098.202880,31724759.344320,206600.000000,45000.000000,53796634.200000,7660124.750000,37272720.000000,148514096.313120,1.2329e6,8.466889811024001e7,-67.67458683611,2.1674e6,8.560339811024001e7,-38.495892825615954,false,1.2329e6,2.1674e6,0.0,0.0,8377636936,false,direct_fallback
synthetic,100000,32,8,Float32,2,9684240804,4963294473,30640499,32539049.101440,15862379.672160,103300.000000,27000.000000,53796634.200000,7660124.750000,37272720.000000,132530416.640960,616450.0,1.0060781753952001e8,-162.20515457785712,1.0837e6,1.0107506753952001e8,-92.26849454601827,false,616450.0,1.0837e6,0.0,0.0,8377636936,false,direct_fallback
synthetic,100000,32,8,Float64,2,9684240804,4963294473,30640499,65078098.202880,31724759.344320,206600.000000,45000.000000,53796634.200000,7660124.750000,37272720.000000,166322354.331920,1.2329e6,1.0247715612904003e8,-82.11878994974452,2.1674e6,1.0341165612904003e8,-46.712307893808266,false,1.2329e6,2.1674e6,0.0,0.0,8377636936,false,direct_fallback
synthetic,100000,32,4,Float32,4,9684240804,6408573034,73182755,32539049.101440,11006243.707200,103300.000000,27000.000000,99543447.900000,18295688.750000,84293800.000000,234536388.960200,616450.0,2.0261378985876e8,-327.67838406806715,1.0837e6,2.0308103985876e8,-186.3959950712928,false,616450.0,1.0837e6,0.0,0.0,17466716424,false,direct_fallback
synthetic,100000,32,4,Float64,4,9684240804,6408573034,73182755,65078098.202880,22012487.414400,206600.000000,45000.000000,99543447.900000,18295688.750000,84293800.000000,266930841.270400,1.2329e6,2.0308564306752e8,-163.72191018535162,2.1674e6,2.0402014306752e8,-93.13128313533265,false,1.2329e6,2.1674e6,0.0,0.0,17466716424,false,direct_fallback
synthetic,100000,32,8,Float32,4,9684240804,6408573034,73182755,32539049.101440,11006243.707200,103300.000000,27000.000000,99543447.900000,18295688.750000,84293800.000000,255803297.563200,616450.0,2.2388069846175998e8,-362.1773841540433,1.0837e6,2.2434794846175998e8,-206.0203455400572,false,616450.0,1.0837e6,0.0,0.0,17466716424,false,direct_fallback
synthetic,100000,32,8,Float64,4,9684240804,6408573034,73182755,65078098.202880,22012487.414400,206600.000000,45000.000000,99543447.900000,18295688.750000,84293800.000000,309464658.476400,1.2329e6,2.4561946027352002e8,-198.2209102713278,2.1674e6,2.4655396027352002e8,-112.75563360409708,false,1.2329e6,2.1674e6,0.0,0.0,17466716424,false,direct_fallback
synthetic,100000,32,4,Float32,8,9684240804,7016933497,140590487,32539049.101440,8962152.551520,103300.000000,27000.000000,174616389.000000,35147621.750000,171937440.000000,431649498.823720,616450.0,3.9972689972227997e8,-647.4336113590396,1.0837e6,4.0019414972227997e8,-368.2849955912891,false,616450.0,1.0837e6,0.0,0.0,33397730984,false,direct_fallback
synthetic,100000,32,4,Float64,8,9684240804,7016933497,140590487,65078098.202880,17924305.103040,206600.000000,45000.000000,174616389.000000,35147621.750000,171937440.000000,481588546.897440,1.2329e6,4.1774334869456e8,-337.82987159912403,2.1674e6,4.1867784869456e8,-192.1705493653963,false,1.2329e6,2.1674e6,0.0,0.0,33397730984,false,direct_fallback
synthetic,100000,32,8,Float32,8,9684240804,7016933497,140590487,32539049.101440,8962152.551520,103300.000000,27000.000000,174616389.000000,35147621.750000,171937440.000000,472505094.345920,616450.0,4.4058249524448e8,-713.7092144447726,1.0837e6,4.4104974524448e8,-405.9850929634401,false,616450.0,1.0837e6,0.0,0.0,33397730984,false,direct_fallback
synthetic,100000,32,8,Float64,8,9684240804,7016933497,140590487,65078098.202880,17924305.103040,206600.000000,45000.000000,174616389.000000,35147621.750000,171937440.000000,563299737.941840,1.2329e6,4.9945453973896e8,-404.10547468485686,2.1674e6,5.0038903973896e8,-229.8706467375473,false,1.2329e6,2.1674e6,0.0,0.0,33397730984,false,direct_fallback
synthetic,100000,32,4,Float32,1,8021953731,1159804695,3711185,26953764.536160,23056820.760960,103300.000000,27000.000000,22958553.600000,927796.250000,12654680.000000,60806620.971960,616450.0,3.446930643580001e7,-54.915818697055734,1.0837e6,3.493655643580001e7,-31.23821762092831,false,616450.0,1.0837e6,0.0,0.0,3017515928,false,direct_fallback
synthetic,100000,32,4,Float64,1,8021953731,1159804695,3711185,53907529.072320,46113641.521920,206600.000000,45000.000000,22958553.600000,927796.250000,12654680.000000,85063212.093920,1.2329e6,3.2388583021600008e7,-25.270243346256798,2.1674e6,3.3323083021600008e7,-14.37468073341331,false,1.2329e6,2.1674e6,0.0,0.0,3017515928,false,direct_fallback
synthetic,100000,32,8,Float32,1,8021953731,1159804695,3711185,26953764.536160,23056820.760960,103300.000000,27000.000000,22958553.600000,927796.250000,12654680.000000,61885091.332960,616450.0,3.55477767968e7,-56.66530423683997,1.0837e6,3.60150267968e7,-32.233391895173945,false,616450.0,1.0837e6,0.0,0.0,3017515928,false,direct_fallback
synthetic,100000,32,8,Float64,1,8021953731,1159804695,3711185,53907529.072320,46113641.521920,206600.000000,45000.000000,22958553.600000,927796.250000,12654680.000000,87220152.815920,1.2329e6,3.4545523743599996e7,-27.019728886041037,2.1674e6,3.5480023743599996e7,-15.369855007658945,false,1.2329e6,2.1674e6,0.0,0.0,3017515928,false,direct_fallback
synthetic,100000,32,4,Float32,2,8021953731,3962204647,13225165,26953764.536160,13640756.922240,103300.000000,27000.000000,24546768.300000,3306291.250000,33475880.000000,78943229.421240,616450.0,5.260591488508e7,-84.33687222820991,1.0837e6,5.307316488508e7,-47.97403791185753,false,616450.0,1.0837e6,0.0,0.0,5490882040,false,direct_fallback
synthetic,100000,32,4,Float64,2,8021953731,3962204647,13225165,53907529.072320,27281513.844480,206600.000000,45000.000000,24546768.300000,3306291.250000,33475880.000000,96548519.292480,1.2329e6,4.387389022016001e7,-34.58592766660719,2.1674e6,4.480839022016001e7,-19.67379820068285,false,1.2329e6,2.1674e6,0.0,0.0,5490882040,false,direct_fallback
synthetic,100000,32,8,Float32,2,8021953731,3962204647,13225165,26953764.536160,13640756.922240,103300.000000,27000.000000,24546768.300000,3306291.250000,33475880.000000,82786462.370240,616450.0,5.644914783408e7,-90.57133236122962,1.0837e6,5.691639783408e7,-51.52043723731661,false,616450.0,1.0837e6,0.0,0.0,5490882040,false,direct_fallback
synthetic,100000,32,8,Float64,2,8021953731,3962204647,13225165,53907529.072320,27281513.844480,206600.000000,45000.000000,24546768.300000,3306291.250000,33475880.000000,104234985.190480,1.2329e6,5.156035611816001e7,-40.8203877996269,2.1674e6,5.249485611816001e7,-23.220197526141927,false,1.2329e6,2.1674e6,0.0,0.0,5490882040,false,direct_fallback
synthetic,100000,32,4,Float32,4,8021953731,4983434856,17569933,26953764.536160,10209423.420000,103300.000000,27000.000000,25680096.900000,4392483.250000,67063440.000000,112581566.099800,616450.0,8.624425156364e7,-138.90469878115013,1.0837e6,8.671150156364e7,-79.01430429421427,false,616450.0,1.0837e6,0.0,0.0,9115114872,false,direct_fallback
synthetic,100000,32,4,Float64,4,8021953731,4983434856,17569933,53907529.072320,20418846.840000,206600.000000,45000.000000,25680096.900000,4392483.250000,67063440.000000,128018112.049600,1.2329e6,7.534348297728e7,-60.110781877913865,2.1674e6,7.627798297728e7,-34.193311330294364,false,1.2329e6,2.1674e6,0.0,0.0,9115114872,false,direct_fallback
synthetic,100000,32,8,Float32,4,8021953731,4983434856,17569933,26953764.536160,10209423.420000,103300.000000,27000.000000,25680096.900000,4392483.250000,67063440.000000,117687388.629600,616450.0,9.135007409344e7,-147.18732110218184,1.0837e6,9.181732409344e7,-83.72577659263634,false,616450.0,1.0837e6,0.0,0.0,9115114872,false,direct_fallback
synthetic,100000,32,8,Float64,4,8021953731,4983434856,17569933,53907529.072320,20418846.840000,206600.000000,45000.000000,25680096.900000,4392483.250000,67063440.000000,138229757.109200,1.2329e6,8.555512803688e7,-68.39340419894557,2.1674e6,8.648962803688e7,-38.90478362871644,false,1.2329e6,2.1674e6,0.0,0.0,9115114872,false,direct_fallback
synthetic,100000,32,4,Float32,8,8021953731,5457440935,19799023,26953764.536160,8616762.994560,103300.000000,27000.000000,26344931.400000,4949755.750000,117318960.000000,163114306.228360,616450.0,1.367769916922e8,-220.87848437375294,1.0837e6,1.372442416922e8,-125.64412816480576,false,616450.0,1.0837e6,0.0,0.0,14362055400,false,direct_fallback
synthetic,100000,32,4,Float64,8,8021953731,5457440935,19799023,53907529.072320,17233525.989120,206600.000000,45000.000000,26344931.400000,4949755.750000,117318960.000000,177605965.306720,1.2329e6,1.2493133623440002e8,-100.33128091037393,2.1674e6,1.2586583623440002e8,-57.07226918630618,false,1.2329e6,2.1674e6,0.0,0.0,14362055400,false,direct_fallback
synthetic,100000,32,8,Float32,8,8021953731,5457440935,19799023,26953764.536160,8616762.994560,103300.000000,27000.000000,26344931.400000,4949755.750000,117318960.000000,168867902.312160,616450.0,1.4253058777600002e8,-230.21191950036504,1.0837e6,1.4299783777600002e8,-130.95334296945651,false,616450.0,1.0837e6,0.0,0.0,14362055400,false,direct_fallback
synthetic,100000,32,8,Float64,8,8021953731,5457440935,19799023,53907529.072320,17233525.989120,206600.000000,45000.000000,26344931.400000,4949755.750000,117318960.000000,189113157.474320,1.2329e6,1.36438528402e8,-109.66471603698598,2.1674e6,1.37373028402e8,-62.38148399095691,false,1.2329e6,2.1674e6,0.0,0.0,14362055400,false,direct_fallback
synthetic,100000,32,4,Float32,1,3547907991,313294377,1005273,11920970.849760,10868301.743040,103300.000000,27000.000000,10417111.200000,251318.250000,5165640.000000,27124803.526840,616450.0,1.5820282677080002e7,-24.663529365041775,1.0837e6,1.6287532677080002e7,-14.029558620540742,false,616450.0,1.0837e6,0.0,0.0,1293860440,false,direct_fallback
synthetic,100000,32,4,Float64,1,3547907991,313294377,1005273,23841941.699520,21736603.486080,206600.000000,45000.000000,10417111.200000,251318.250000,5165640.000000,38406537.603680,1.2329e6,1.579749590416e7,-11.81328242692838,2.1674e6,1.673199590416e7,-6.7198467768570636,false,1.2329e6,2.1674e6,0.0,0.0,1293860440,false,direct_fallback
synthetic,100000,32,8,Float32,1,3547907991,313294377,1005273,11920970.849760,10868301.743040,103300.000000,27000.000000,10417111.200000,251318.250000,5165640.000000,27416935.860640,616450.0,1.6112415010880005e7,-25.1374239774191,1.0837e6,1.6579665010880005e7,-14.299127997490084,false,616450.0,1.0837e6,0.0,0.0,1293860440,false,direct_fallback
synthetic,100000,32,8,Float64,1,3547907991,313294377,1005273,23841941.699520,21736603.486080,206600.000000,45000.000000,10417111.200000,251318.250000,5165640.000000,38990802.271280,1.2329e6,1.6381760571760006e7,-12.287177039305707,2.1674e6,1.7316260571760006e7,-6.989416153806407,false,1.2329e6,2.1674e6,0.0,0.0,1293860440,false,direct_fallback
synthetic,100000,32,4,Float32,2,3547907991,515709272,2254248,11920970.849760,10188187.695840,103300.000000,27000.000000,11507010.300000,563562.000000,11263640.000000,34307784.464640,616450.0,2.3003263614880007e7,-36.3157005675724,1.0837e6,2.3470513614880007e7,-20.657759172169428,false,616450.0,1.0837e6,0.0,0.0,2025774976,false,direct_fallback
synthetic,100000,32,4,Float64,2,3547907991,515709272,2254248,23841941.699520,20376375.391680,206600.000000,45000.000000,11507010.300000,563562.000000,11263640.000000,45272356.629280,1.2329e6,2.266331492976e7,-17.38211933632898,2.1674e6,2.359781492976e7,-9.887614159712099,false,1.2329e6,2.1674e6,0.0,0.0,2025774976,false,direct_fallback
synthetic,100000,32,8,Float32,2,3547907991,515709272,2254248,11920970.849760,10188187.695840,103300.000000,27000.000000,11507010.300000,563562.000000,11263640.000000,34962868.933440,616450.0,2.365834808368e7,-37.37837307758942,1.0837e6,2.412559808368e7,-21.26224793178924,false,616450.0,1.0837e6,0.0,0.0,2025774976,false,direct_fallback
synthetic,100000,32,8,Float64,2,3547907991,515709272,2254248,23841941.699520,20376375.391680,206600.000000,45000.000000,11507010.300000,563562.000000,11263640.000000,46582525.566880,1.2329e6,2.3973483867360003e7,-18.444791846346018,2.1674e6,2.4907983867360003e7,-10.49210291933192,false,1.2329e6,2.1674e6,0.0,0.0,2025774976,false,direct_fallback
synthetic,100000,32,4,Float32,4,3547907991,1135701708,4877050,11920970.849760,8105013.110880,103300.000000,27000.000000,12943786.500000,1219262.500000,20714760.000000,44530392.840880,616450.0,3.322587199112e7,-52.89872980958715,1.0837e6,3.3693121991119996e7,-30.090820329537692,false,616450.0,1.0837e6,0.0,0.0,3158687664,false,direct_fallback
synthetic,100000,32,4,Float64,4,3547907991,1135701708,4877050,23841941.699520,16210026.221760,206600.000000,45000.000000,12943786.500000,1219262.500000,20714760.000000,54173976.681760,1.2329e6,3.156493498224e7,-24.6021858887501,2.1674e6,3.249943498224e7,-13.994664105490449,false,1.2329e6,2.1674e6,0.0,0.0,3158687664,false,direct_fallback
synthetic,100000,32,8,Float32,4,3547907991,1135701708,4877050,11920970.849760,8105013.110880,103300.000000,27000.000000,12943786.500000,1219262.500000,20714760.000000,45947663.570880,616450.0,3.464314272112e7,-55.19781445554384,1.0837e6,3.511039272112e7,-31.398627591695117,false,616450.0,1.0837e6,0.0,0.0,3158687664,false,direct_fallback
synthetic,100000,32,8,Float64,4,3547907991,1135701708,4877050,23841941.699520,16210026.221760,206600.000000,45000.000000,12943786.500000,1219262.500000,20714760.000000,57008518.141760,1.2329e6,3.439947644224001e7,-26.901270534706796,2.1674e6,3.533397644224001e7,-15.302471367647877,false,1.2329e6,2.1674e6,0.0,0.0,3158687664,false,direct_fallback
synthetic,100000,32,4,Float32,8,3547907991,1543769327,7845397,11920970.849760,6733905.911040,103300.000000,27000.000000,15722773.200000,1961349.250000,35749720.000000,62577920.729240,616450.0,5.1273399879480004e7,-82.17527760480169,1.0837e6,5.1740649879480004e7,-46.744440232056846,false,616450.0,1.0837e6,0.0,0.0,4967124728,false,direct_fallback
synthetic,100000,32,4,Float64,8,3547907991,1543769327,7845397,23841941.699520,13467811.822080,206600.000000,45000.000000,15722773.200000,1961349.250000,35749720.000000,71712999.008480,1.2329e6,4.910395730896001e7,-38.82801306590965,2.1674e6,5.003845730896001e7,-22.08685859045862,false,1.2329e6,2.1674e6,0.0,0.0,4967124728,false,direct_fallback
synthetic,100000,32,8,Float32,8,3547907991,1543769327,7845397,11920970.849760,6733905.911040,103300.000000,27000.000000,15722773.200000,1961349.250000,35749720.000000,64857793.097440,616450.0,5.355327224768001e7,-85.87366736585288,1.0837e6,5.402052224768001e7,-48.84822575221926,false,616450.0,1.0837e6,0.0,0.0,4967124728,false,direct_fallback
synthetic,100000,32,8,Float64,8,3547907991,1543769327,7845397,23841941.699520,13467811.822080,206600.000000,45000.000000,15722773.200000,1961349.250000,35749720.000000,76272743.744880,1.2329e6,5.366370204536001e7,-42.526402826960826,2.1674e6,5.459820204536001e7,-24.190644110621022,false,1.2329e6,2.1674e6,0.0,0.0,4967124728,false,direct_fallback
synthetic,100000,32,4,Float32,1,9698310241,48326626,174872,32586322.409760,32423944.946400,103300.000000,27000.000000,27748544.400000,43718.000000,1966160.000000,62363485.149600,616450.0,3.0393612739839997e7,-48.30426269744505,1.0837e6,3.0860862739839997e7,-27.477311746645746,false,616450.0,1.0837e6,0.0,0.0,2178761536,false,direct_fallback
synthetic,100000,32,4,Float64,1,9698310241,48326626,174872,65172644.819520,64847889.892800,206600.000000,45000.000000,27748544.400000,43718.000000,1966160.000000,94959547.899200,1.2329e6,3.1019803079680003e7,-24.16003169736394,2.1674e6,3.1954303079680003e7,-13.74314989373443,false,1.2329e6,2.1674e6,0.0,0.0,2178761536,false,direct_fallback
synthetic,100000,32,8,Float32,1,9698310241,48326626,174872,32586322.409760,32423944.946400,103300.000000,27000.000000,27748544.400000,43718.000000,1966160.000000,62414302.952800,616450.0,3.0444430543040004e7,-48.38669890995215,1.0837e6,3.0911680543040004e7,-27.52420461662822,false,616450.0,1.0837e6,0.0,0.0,2178761536,false,direct_fallback
synthetic,100000,32,8,Float64,1,9698310241,48326626,174872,65172644.819520,64847889.892800,206600.000000,45000.000000,27748544.400000,43718.000000,1966160.000000,95061183.505600,1.2329e6,3.112143868608e7,-24.24246790987104,2.1674e6,3.205593868608e7,-13.790042763716896,false,1.2329e6,2.1674e6,0.0,0.0,2178761536,false,direct_fallback
synthetic,100000,32,4,Float32,2,9698310241,4380006673,26960115,32586322.409760,17869499.988480,103300.000000,27000.000000,53859774.600000,6740028.750000,26737640.000000,113171852.757480,616450.0,8.120198034772e7,-130.72516886644496,1.0837e6,8.166923034772e7,-74.3614748986989,false,616450.0,1.0837e6,0.0,0.0,7215005512,false,direct_fallback
synthetic,100000,32,4,Float64,2,9698310241,4380006673,26960115,65172644.819520,35738999.976960,206600.000000,45000.000000,53859774.600000,6740028.750000,26737640.000000,138997262.164960,1.2329e6,7.505751734544e7,-59.87883635772569,2.1674e6,7.599201734544e7,-34.06137184896189,false,1.2329e6,2.1674e6,0.0,0.0,7215005512,false,direct_fallback
synthetic,100000,32,8,Float32,2,9698310241,4380006673,26960115,32586322.409760,17869499.988480,103300.000000,27000.000000,53859774.600000,6740028.750000,26737640.000000,121006462.176480,616450.0,8.903658976672e7,-143.43440630500444,1.0837e6,8.950383976672e7,-81.59097514692257,false,616450.0,1.0837e6,0.0,0.0,7215005512,false,direct_fallback
synthetic,100000,32,8,Float64,2,9698310241,4380006673,26960115,65172644.819520,35738999.976960,206600.000000,45000.000000,53859774.600000,6740028.750000,26737640.000000,154666481.002960,1.2329e6,9.072673618344e7,-72.58807379628519,2.1674e6,9.166123618344e7,-41.29087209718557,false,1.2329e6,2.1674e6,0.0,0.0,7215005512,false,direct_fallback
synthetic,100000,32,4,Float32,4,9698310241,5889346977,67050202,32586322.409760,12798116.567040,103300.000000,27000.000000,99664890.300000,16762550.500000,73047840.000000,221888486.068240,616450.0,1.8991861365848e8,-307.08437611887416,1.0837e6,1.9038586365848e8,-174.6813358480022,false,616450.0,1.0837e6,0.0,0.0,16176584752,false,direct_fallback
synthetic,100000,32,4,Float64,4,9698310241,5889346977,67050202,65172644.819520,25596233.134080,206600.000000,45000.000000,99664890.300000,16762550.500000,73047840.000000,254292691.336480,1.2329e6,1.9035294651696e8,-153.3944736125882,2.1674e6,1.9128744651696e8,-87.25664229812679,false,1.2329e6,2.1674e6,0.0,0.0,16176584752,false,direct_fallback
synthetic,100000,32,8,Float32,4,9698310241,5889346977,67050202,32586322.409760,12798116.567040,103300.000000,27000.000000,99664890.300000,16762550.500000,73047840.000000,241373274.769440,616450.0,2.0940340235968e8,-338.6924363041285,1.0837e6,2.0987065235968e8,-192.66120915352957,false,616450.0,1.0837e6,0.0,0.0,16176584752,false,direct_fallback
synthetic,100000,32,8,Float64,4,9698310241,5889346977,67050202,65172644.819520,25596233.134080,206600.000000,45000.000000,99664890.300000,16762550.500000,73047840.000000,293262268.738880,1.2329e6,2.2932252391935998e8,-185.00253379784246,2.1674e6,2.3025702391935998e8,-105.23651560365414,false,1.2329e6,2.1674e6,0.0,0.0,16176584752,false,direct_fallback
synthetic,100000,32,4,Float32,8,9698310241,6487081035,129820207,32586322.409760,10789730.132160,103300.000000,27000.000000,174836813.400000,32455051.750000,156328040.000000,412265687.436360,616450.0,3.802958150266e8,-615.9126693593965,1.0837e6,3.807630650266e8,-350.3546784410815,false,616450.0,1.0837e6,0.0,0.0,31556516328,false,direct_fallback
synthetic,100000,32,4,Float64,8,9698310241,6487081035,129820207,65172644.819520,21579460.264320,206600.000000,45000.000000,174836813.400000,32455051.750000,156328040.000000,460902469.722720,1.2329e6,3.9696272490320003e8,-320.9747951197989,2.1674e6,3.9789722490320003e8,-182.58273733653226,false,1.2329e6,2.1674e6,0.0,0.0,31556516328,false,direct_fallback
synthetic,100000,32,8,Float32,8,9698310241,6487081035,129820207,32586322.409760,10789730.132160,103300.000000,27000.000000,174836813.400000,32455051.750000,156328040.000000,449991439.590560,616450.0,4.180215671808e8,-677.1110668842566,1.0837e6,4.184888171808e8,-385.1666671410907,false,616450.0,1.0837e6,0.0,0.0,31556516328,false,direct_fallback
synthetic,100000,32,8,Float64,8,9698310241,6487081035,129820207,65172644.819520,21579460.264320,206600.000000,45000.000000,174836813.400000,32455051.750000,156328040.000000,536353974.031120,1.2329e6,4.7241422921160007e8,-382.17319264465897,2.1674e6,4.7334872921160007e8,-217.3947260365415,false,1.2329e6,2.1674e6,0.0,0.0,31556516328,false,direct_fallback
synthetic,100000,32,4,Float32,1,8299001695,48326626,174872,27884645.695200,27722268.231840,103300.000000,27000.000000,23723427.600000,43718.000000,1966160.000000,53636691.635040,616450.0,2.636849593984e7,-41.77475211264498,1.0837e6,2.683574593984e7,-23.763076441672048,false,616450.0,1.0837e6,0.0,0.0,1892531008,false,direct_fallback
synthetic,100000,32,4,Float64,1,8299001695,48326626,174872,55769291.390400,55444536.463680,206600.000000,45000.000000,23723427.600000,43718.000000,1966160.000000,81531077.670080,1.2329e6,2.6994686279680006e7,-20.895276404963912,2.1674e6,2.7929186279680006e7,-11.88603224124758,false,1.2329e6,2.1674e6,0.0,0.0,1892531008,false,direct_fallback
synthetic,100000,32,8,Float32,1,8299001695,48326626,174872,27884645.695200,27722268.231840,103300.000000,27000.000000,23723427.600000,43718.000000,1966160.000000,53687509.438240,616450.0,2.6419313743040007e7,-41.857188325152094,1.0837e6,2.6886563743040007e7,-23.809969311654523,false,616450.0,1.0837e6,0.0,0.0,1892531008,false,direct_fallback
synthetic,100000,32,8,Float64,1,8299001695,48326626,174872,55769291.390400,55444536.463680,206600.000000,45000.000000,23723427.600000,43718.000000,1966160.000000,81632713.276480,1.2329e6,2.7096321886080004e7,-20.977712617471006,2.1674e6,2.8030821886080004e7,-11.932925111230047,false,1.2329e6,2.1674e6,0.0,0.0,1892531008,false,direct_fallback
synthetic,100000,32,4,Float32,2,8299001695,3549772457,11798732,27884645.695200,15957410.239680,103300.000000,27000.000000,25362588.600000,2949683.000000,24261240.000000,72089933.358880,616450.0,4.482173766368e7,-71.70944547599967,1.0837e6,4.528898766368e7,-40.791074710418016,false,616450.0,1.0837e6,0.0,0.0,4571082400,false,direct_fallback
synthetic,100000,32,4,Float64,2,8299001695,3549772457,11798732,55769291.390400,31914820.479360,206600.000000,45000.000000,25362588.600000,2949683.000000,24261240.000000,91597355.117760,1.2329e6,3.706096372736e7,-29.059991667904942,2.1674e6,3.799546372736e7,-16.530434496336625,false,1.2329e6,2.1674e6,0.0,0.0,4571082400,false,direct_fallback
synthetic,100000,32,8,Float32,2,8299001695,3549772457,11798732,27884645.695200,15957410.239680,103300.000000,27000.000000,25362588.600000,2949683.000000,24261240.000000,75518644.878080,616450.0,4.8250449182880014e7,-77.27147243552602,1.0837e6,4.8717699182880014e7,-43.95496833337641,false,616450.0,1.0837e6,0.0,0.0,4571082400,false,direct_fallback
synthetic,100000,32,8,Float64,2,8299001695,3549772457,11798732,55769291.390400,31914820.479360,206600.000000,45000.000000,25362588.600000,2949683.000000,24261240.000000,98454778.156160,1.2329e6,4.391838676576e7,-34.62201862743126,2.1674e6,4.485288676576e7,-19.694328119295008,false,1.2329e6,2.1674e6,0.0,0.0,4571082400,false,direct_fallback
synthetic,100000,32,4,Float32,4,8299001695,4694530923,16473501,27884645.695200,12111021.793920,103300.000000,27000.000000,26532486.900000,4118375.250000,58756680.000000,106436063.334520,616450.0,7.916786763932002e7,-127.42544835642796,1.0837e6,7.963511763932002e7,-72.48446769338379,false,616450.0,1.0837e6,0.0,0.0,8298802680,false,direct_fallback
synthetic,100000,32,4,Float64,4,8299001695,4694530923,16473501,55769291.390400,24222043.587840,206600.000000,45000.000000,26532486.900000,4118375.250000,58756680.000000,123455584.519040,1.2329e6,6.891919312864e7,-54.90006742528996,2.1674e6,6.985369312864e7,-31.229257695229304,false,1.2329e6,2.1674e6,0.0,0.0,8298802680,false,direct_fallback
synthetic,100000,32,8,Float32,4,8299001695,4694530923,16473501,27884645.695200,12111021.793920,103300.000000,27000.000000,26532486.900000,4118375.250000,58756680.000000,111223262.725120,616450.0,8.395506702992001e7,-135.19120290359317,1.0837e6,8.442231702992001e7,-76.90192583733507,false,616450.0,1.0837e6,0.0,0.0,8298802680,false,direct_fallback
synthetic,100000,32,8,Float64,4,8299001695,4694530923,16473501,55769291.390400,24222043.587840,206600.000000,45000.000000,26532486.900000,4118375.250000,58756680.000000,133029983.300240,1.2329e6,7.849359190984002e7,-62.6658219724552,2.1674e6,7.942809190984002e7,-35.646715839180594,false,1.2329e6,2.1674e6,0.0,0.0,8298802680,false,direct_fallback
synthetic,100000,32,4,Float32,8,8299001695,5177708442,18744834,27884645.695200,10487545.330080,103300.000000,27000.000000,27218730.600000,4686208.500000,108106760.000000,156076793.190480,616450.0,1.2880859749528e8,-207.95222239480898,1.0837e6,1.2927584749528e8,-118.29117605913075,false,616450.0,1.0837e6,0.0,0.0,13455562416,false,direct_fallback
synthetic,100000,32,4,Float64,8,8299001695,5177708442,18744834,55769291.390400,20975090.660160,206600.000000,45000.000000,27218730.600000,4686208.500000,108106760.000000,172132887.280960,1.2329e6,1.1759649589056e8,-94.38202278413496,2.1674e6,1.1853099589056e8,-53.68810366824767,false,1.2329e6,2.1674e6,0.0,0.0,13455562416,false,direct_fallback
synthetic,100000,32,8,Float32,8,8299001695,5177708442,18744834,27884645.695200,10487545.330080,103300.000000,27000.000000,27218730.600000,4686208.500000,108106760.000000,161524041.950880,616450.0,1.3425584625568e8,-216.78870347259306,1.0837e6,1.3472309625568e8,-123.3177043976008,false,616450.0,1.0837e6,0.0,0.0,13455562416,false,direct_fallback
synthetic,100000,32,8,Float64,8,8299001695,5177708442,18744834,55769291.390400,20975090.660160,206600.000000,45000.000000,27218730.600000,4686208.500000,108106760.000000,183027384.801760,1.2329e6,1.2849099341136003e8,-103.21850386191907,2.1674e6,1.2942549341136003e8,-58.714632006717736,false,1.2329e6,2.1674e6,0.0,0.0,13455562416,false,direct_fallback
synthetic,100000,32,4,Float32,1,4068556736,8289796,28828,13670350.632960,13642496.918400,103300.000000,27000.000000,11840554.800000,7207.000000,421280.000000,26050216.135200,616450.0,1.299631550224e7,-20.082513589488197,1.0837e6,1.346356550224e7,-11.423701672270925,false,616450.0,1.0837e6,0.0,0.0,885825952,false,direct_fallback
synthetic,100000,32,4,Float64,1,4068556736,8289796,28828,27340701.265920,27284993.836800,206600.000000,45000.000000,11840554.800000,7207.000000,421280.000000,39822390.470400,1.2329e6,1.3714589204480004e7,-10.123845570995217,2.1674e6,1.4649089204480004e7,-5.758830490209469,false,1.2329e6,2.1674e6,0.0,0.0,885825952,false,direct_fallback
synthetic,100000,32,8,Float32,1,4068556736,8289796,28828,13670350.632960,13642496.918400,103300.000000,27000.000000,11840554.800000,7207.000000,421280.000000,26058593.552000,616450.0,1.300469291904e7,-20.096103364490226,1.0837e6,1.347194291904e7,-11.431432055956446,false,616450.0,1.0837e6,0.0,0.0,885825952,false,direct_fallback
synthetic,100000,32,8,Float64,1,4068556736,8289796,28828,27340701.265920,27284993.836800,206600.000000,45000.000000,11840554.800000,7207.000000,421280.000000,39839145.304000,1.2329e6,1.3731344038080003e7,-10.137435345997245,2.1674e6,1.4665844038080003e7,-5.766560873894991,false,1.2329e6,2.1674e6,0.0,0.0,885825952,false,direct_fallback
synthetic,100000,32,4,Float32,2,4068556736,286373374,1614352,13670350.632960,12708136.096320,103300.000000,27000.000000,13137329.700000,403588.000000,8098280.000000,34946764.487520,616450.0,2.1892863854560003e7,-34.51441942503042,1.0837e6,2.2360113854560003e7,-19.63312157844422,false,616450.0,1.0837e6,0.0,0.0,1802218432,false,direct_fallback
synthetic,100000,32,4,Float64,2,4068556736,286373374,1614352,27340701.265920,25416272.192640,206600.000000,45000.000000,13137329.700000,403588.000000,8098280.000000,48245331.275040,1.2329e6,2.213753000912e7,-16.955657400535323,2.1674e6,2.307203000912e7,-9.645026302998984,false,1.2329e6,2.1674e6,0.0,0.0,1802218432,false,direct_fallback
synthetic,100000,32,8,Float32,2,4068556736,286373374,1614352,13670350.632960,12708136.096320,103300.000000,27000.000000,13137329.700000,403588.000000,8098280.000000,35415895.178720,616450.0,2.2361994545760006e7,-35.27543928260201,1.0837e6,2.2829244545760006e7,-20.06601877434715,false,616450.0,1.0837e6,0.0,0.0,1802218432,false,direct_fallback
synthetic,100000,32,8,Float64,2,4068556736,286373374,1614352,27340701.265920,25416272.192640,206600.000000,45000.000000,13137329.700000,403588.000000,8098280.000000,49183592.657440,1.2329e6,2.3075791391520005e7,-17.716677258106905,2.1674e6,2.4010291391520005e7,-10.077923498901912,false,1.2329e6,2.1674e6,0.0,0.0,1802218432,false,direct_fallback
synthetic,100000,32,4,Float32,4,4068556736,1164522418,4961723,13670350.632960,9757555.308480,103300.000000,27000.000000,14776406.100000,1240430.750000,20544120.000000,47890688.862280,616450.0,3.483678822932e7,-55.51194456861059,1.0837e6,3.530403822932e7,-31.57731681214358,false,616450.0,1.0837e6,0.0,0.0,3273565896,false,direct_fallback
synthetic,100000,32,4,Float64,4,4068556736,1164522418,4961723,27340701.265920,19515110.616960,206600.000000,45000.000000,14776406.100000,1240430.750000,20544120.000000,59211420.874560,1.2329e6,3.3103619608639996e7,-25.850206511996102,2.1674e6,3.403811960864e7,-14.704585959509089,false,1.2329e6,2.1674e6,0.0,0.0,3273565896,false,direct_fallback
synthetic,100000,32,8,Float32,4,4068556736,1164522418,4961723,13670350.632960,9757555.308480,103300.000000,27000.000000,14776406.100000,1240430.750000,20544120.000000,49332565.566080,616450.0,3.6278664933120005e7,-57.85094481810366,1.0837e6,3.6745914933120005e7,-32.90782959593984,false,616450.0,1.0837e6,0.0,0.0,3273565896,false,direct_fallback
synthetic,100000,32,8,Float64,4,4068556736,1164522418,4961723,27340701.265920,19515110.616960,206600.000000,45000.000000,14776406.100000,1240430.750000,20544120.000000,62095174.282160,1.2329e6,3.598737301624e7,-28.18920676148917,2.1674e6,3.692187301624e7,-16.035098743305344,false,1.2329e6,2.1674e6,0.0,0.0,3273565896,false,direct_fallback
synthetic,100000,32,4,Float32,8,4068556736,1666033900,8394545,13670350.632960,8072476.728960,103300.000000,27000.000000,17969239.800000,2098636.250000,37403720.000000,68113827.555960,616450.0,5.5059926923e7,-88.31774989536865,1.0837e6,5.5527176923e7,-50.238513355172095,false,616450.0,1.0837e6,0.0,0.0,5309422616,false,direct_fallback
synthetic,100000,32,4,Float64,8,4068556736,1666033900,8394545,27340701.265920,16144953.457920,206600.000000,45000.000000,17969239.800000,2098636.250000,37403720.000000,78747059.061920,1.2329e6,5.2639257796000004e7,-41.69548040879228,2.1674e6,5.3573757796000004e7,-23.717983665221006,false,1.2329e6,2.1674e6,0.0,0.0,5309422616,false,direct_fallback
synthetic,100000,32,8,Float32,8,4068556736,1666033900,8394545,13670350.632960,8072476.728960,103300.000000,27000.000000,17969239.800000,2098636.250000,37403720.000000,70553282.332960,616450.0,5.749938170000001e7,-92.27501289642308,1.0837e6,5.796663170000001e7,-52.489555873396704,false,616450.0,1.0837e6,0.0,0.0,5309422616,false,direct_fallback
synthetic,100000,32,8,Float64,8,4068556736,1666033900,8394545,27340701.265920,16144953.457920,206600.000000,45000.000000,17969239.800000,2098636.250000,37403720.000000,83625968.615920,1.2329e6,5.751816735000001e7,-45.65274340984671,2.1674e6,5.845266735000001e7,-25.969026183445607,false,1.2329e6,2.1674e6,0.0,0.0,5309422616,false,direct_fallback
cube,4096,32,4,Float32,1,6600178,0,0,22176.598080,22176.598080,4231.168000,1105.920000,92570.400000,0.000000,0.000000,120084.086080,25249.792,123157.28000000001,-3.8775562190769732,44388.352,142295.84,-2.2057022526990866,false,25249.792,44388.352,0.0,0.0,6582784,false,direct_fallback
cube,4096,32,4,Float64,1,6600178,0,0,44353.196160,44353.196160,8462.336000,1843.200000,92570.400000,0.000000,0.000000,147229.132160,50499.584,153375.52000000002,-2.0371640289155653,88776.704,191652.64,-1.1588167995063212,false,50499.584,88776.704,0.0,0.0,6582784,false,direct_fallback
cube,4096,32,8,Float32,1,6600178,0,0,22176.598080,22176.598080,4231.168000,1105.920000,92570.400000,0.000000,0.000000,120084.086080,25249.792,123157.28000000001,-3.8775562190769732,44388.352,142295.84,-2.2057022526990866,false,25249.792,44388.352,0.0,0.0,6582784,false,direct_fallback
cube,4096,32,8,Float64,1,6600178,0,0,44353.196160,44353.196160,8462.336000,1843.200000,92570.400000,0.000000,0.000000,147229.132160,50499.584,153375.52000000002,-2.0371640289155653,88776.704,191652.64,-1.1588167995063212,false,50499.584,88776.704,0.0,0.0,6582784,false,direct_fallback
cube,4096,32,4,Float32,2,6600178,0,0,22176.598080,22176.598080,4231.168000,1105.920000,92570.400000,0.000000,0.000000,120084.086080,25249.792,123157.28000000001,-3.8775562190769732,44388.352,142295.84,-2.2057022526990866,false,25249.792,44388.352,0.0,0.0,6582784,false,direct_fallback
cube,4096,32,4,Float64,2,6600178,0,0,44353.196160,44353.196160,8462.336000,1843.200000,92570.400000,0.000000,0.000000,147229.132160,50499.584,153375.52000000002,-2.0371640289155653,88776.704,191652.64,-1.1588167995063212,false,50499.584,88776.704,0.0,0.0,6582784,false,direct_fallback
cube,4096,32,8,Float32,2,6600178,0,0,22176.598080,22176.598080,4231.168000,1105.920000,92570.400000,0.000000,0.000000,120084.086080,25249.792,123157.28000000001,-3.8775562190769732,44388.352,142295.84,-2.2057022526990866,false,25249.792,44388.352,0.0,0.0,6582784,false,direct_fallback
cube,4096,32,8,Float64,2,6600178,0,0,44353.196160,44353.196160,8462.336000,1843.200000,92570.400000,0.000000,0.000000,147229.132160,50499.584,153375.52000000002,-2.0371640289155653,88776.704,191652.64,-1.1588167995063212,false,50499.584,88776.704,0.0,0.0,6582784,false,direct_fallback
cube,4096,32,4,Float32,4,6600178,0,0,22176.598080,22176.598080,4231.168000,1105.920000,92570.400000,0.000000,0.000000,120084.086080,25249.792,123157.28000000001,-3.8775562190769732,44388.352,142295.84,-2.2057022526990866,false,25249.792,44388.352,0.0,0.0,6582784,false,direct_fallback
cube,4096,32,4,Float64,4,6600178,0,0,44353.196160,44353.196160,8462.336000,1843.200000,92570.400000,0.000000,0.000000,147229.132160,50499.584,153375.52000000002,-2.0371640289155653,88776.704,191652.64,-1.1588167995063212,false,50499.584,88776.704,0.0,0.0,6582784,false,direct_fallback
cube,4096,32,8,Float32,4,6600178,0,0,22176.598080,22176.598080,4231.168000,1105.920000,92570.400000,0.000000,0.000000,120084.086080,25249.792,123157.28000000001,-3.8775562190769732,44388.352,142295.84,-2.2057022526990866,false,25249.792,44388.352,0.0,0.0,6582784,false,direct_fallback
cube,4096,32,8,Float64,4,6600178,0,0,44353.196160,44353.196160,8462.336000,1843.200000,92570.400000,0.000000,0.000000,147229.132160,50499.584,153375.52000000002,-2.0371640289155653,88776.704,191652.64,-1.1588167995063212,false,50499.584,88776.704,0.0,0.0,6582784,false,direct_fallback
cube,4096,32,4,Float32,8,6600178,0,0,22176.598080,22176.598080,4231.168000,1105.920000,92570.400000,0.000000,0.000000,120084.086080,25249.792,123157.28000000001,-3.8775562190769732,44388.352,142295.84,-2.2057022526990866,false,25249.792,44388.352,0.0,0.0,6582784,false,direct_fallback
cube,4096,32,4,Float64,8,6600178,0,0,44353.196160,44353.196160,8462.336000,1843.200000,92570.400000,0.000000,0.000000,147229.132160,50499.584,153375.52000000002,-2.0371640289155653,88776.704,191652.64,-1.1588167995063212,false,50499.584,88776.704,0.0,0.0,6582784,false,direct_fallback
cube,4096,32,8,Float32,8,6600178,0,0,22176.598080,22176.598080,4231.168000,1105.920000,92570.400000,0.000000,0.000000,120084.086080,25249.792,123157.28000000001,-3.8775562190769732,44388.352,142295.84,-2.2057022526990866,false,25249.792,44388.352,0.0,0.0,6582784,false,direct_fallback
cube,4096,32,8,Float64,8,6600178,0,0,44353.196160,44353.196160,8462.336000,1843.200000,92570.400000,0.000000,0.000000,147229.132160,50499.584,153375.52000000002,-2.0371640289155653,88776.704,191652.64,-1.1588167995063212,false,50499.584,88776.704,0.0,0.0,6582784,false,direct_fallback
wake,4096,32,4,Float32,1,15736770,558074,36000,77212.462005,74474.271924,4231.168000,1105.920000,597945.600000,9000.000000,684560.000000,1381778.559924,18878.464,1.323444561919e6,-69.10340258185201,109744.128,1.4143102259189999e6,-11.887343056012982,false,18878.464,109744.128,0.0,0.0,113483520,false,direct_fallback
wake,4096,32,4,Float64,1,15736770,558074,36000,154424.924010,148948.543848,8462.336000,1843.200000,597945.600000,9000.000000,684560.000000,1471682.879848,37756.928,1.355014883838e6,-34.88784775705269,219488.256,1.536746211838e6,-6.0014962979978295,false,37756.928,219488.256,0.0,0.0,113483520,false,direct_fallback
wake,4096,32,8,Float32,1,15736770,558074,36000,77212.462005,74474.271924,4231.168000,1105.920000,597945.600000,9000.000000,684560.000000,1392240.159924,18878.464,1.333906161919e6,-69.65755783516074,109744.128,1.424771825919e6,-11.982670252015671,false,18878.464,109744.128,0.0,0.0,113483520,false,direct_fallback
wake,4096,32,8,Float64,1,15736770,558074,36000,154424.924010,148948.543848,8462.336000,1843.200000,597945.600000,9000.000000,684560.000000,1492606.079848,37756.928,1.3759380838379997e6,-35.442003010361425,219488.256,1.5576694118379997e6,-6.096823494000516,false,37756.928,219488.256,0.0,0.0,113483520,false,direct_fallback
wake,4096,32,4,Float32,2,15736770,558074,36000,77212.462005,74474.271924,4231.168000,1105.920000,597945.600000,9000.000000,684560.000000,1381778.559924,18878.464,1.323444561919e6,-69.10340258185201,109744.128,1.4143102259189999e6,-11.887343056012982,false,18878.464,109744.128,0.0,0.0,113483520,false,direct_fallback
wake,4096,32,4,Float64,2,15736770,558074,36000,154424.924010,148948.543848,8462.336000,1843.200000,597945.600000,9000.000000,684560.000000,1471682.879848,37756.928,1.355014883838e6,-34.88784775705269,219488.256,1.536746211838e6,-6.0014962979978295,false,37756.928,219488.256,0.0,0.0,113483520,false,direct_fallback
wake,4096,32,8,Float32,2,15736770,558074,36000,77212.462005,74474.271924,4231.168000,1105.920000,597945.600000,9000.000000,684560.000000,1392240.159924,18878.464,1.333906161919e6,-69.65755783516074,109744.128,1.424771825919e6,-11.982670252015671,false,18878.464,109744.128,0.0,0.0,113483520,false,direct_fallback
wake,4096,32,8,Float64,2,15736770,558074,36000,154424.924010,148948.543848,8462.336000,1843.200000,597945.600000,9000.000000,684560.000000,1492606.079848,37756.928,1.3759380838379997e6,-35.442003010361425,219488.256,1.5576694118379997e6,-6.096823494000516,false,37756.928,219488.256,0.0,0.0,113483520,false,direct_fallback
wake,4096,32,4,Float32,4,15736770,558074,36000,77212.462005,74474.271924,4231.168000,1105.920000,597945.600000,9000.000000,684560.000000,1381778.559924,18878.464,1.323444561919e6,-69.10340258185201,109744.128,1.4143102259189999e6,-11.887343056012982,false,18878.464,109744.128,0.0,0.0,113483520,false,direct_fallback
wake,4096,32,4,Float64,4,15736770,558074,36000,154424.924010,148948.543848,8462.336000,1843.200000,597945.600000,9000.000000,684560.000000,1471682.879848,37756.928,1.355014883838e6,-34.88784775705269,219488.256,1.536746211838e6,-6.0014962979978295,false,37756.928,219488.256,0.0,0.0,113483520,false,direct_fallback
wake,4096,32,8,Float32,4,15736770,558074,36000,77212.462005,74474.271924,4231.168000,1105.920000,597945.600000,9000.000000,684560.000000,1392240.159924,18878.464,1.333906161919e6,-69.65755783516074,109744.128,1.424771825919e6,-11.982670252015671,false,18878.464,109744.128,0.0,0.0,113483520,false,direct_fallback
wake,4096,32,8,Float64,4,15736770,558074,36000,154424.924010,148948.543848,8462.336000,1843.200000,597945.600000,9000.000000,684560.000000,1492606.079848,37756.928,1.3759380838379997e6,-35.442003010361425,219488.256,1.5576694118379997e6,-6.096823494000516,false,37756.928,219488.256,0.0,0.0,113483520,false,direct_fallback
wake,4096,32,4,Float32,8,15736770,558074,36000,77212.462005,74474.271924,4231.168000,1105.920000,597945.600000,9000.000000,684560.000000,1381778.559924,18878.464,1.323444561919e6,-69.10340258185201,109744.128,1.4143102259189999e6,-11.887343056012982,false,18878.464,109744.128,0.0,0.0,113483520,false,direct_fallback
wake,4096,32,4,Float64,8,15736770,558074,36000,154424.924010,148948.543848,8462.336000,1843.200000,597945.600000,9000.000000,684560.000000,1471682.879848,37756.928,1.355014883838e6,-34.88784775705269,219488.256,1.536746211838e6,-6.0014962979978295,false,37756.928,219488.256,0.0,0.0,113483520,false,direct_fallback
wake,4096,32,8,Float32,8,15736770,558074,36000,77212.462005,74474.271924,4231.168000,1105.920000,597945.600000,9000.000000,684560.000000,1392240.159924,18878.464,1.333906161919e6,-69.65755783516074,109744.128,1.424771825919e6,-11.982670252015671,false,18878.464,109744.128,0.0,0.0,113483520,false,direct_fallback
wake,4096,32,8,Float64,8,15736770,558074,36000,154424.924010,148948.543848,8462.336000,1843.200000,597945.600000,9000.000000,684560.000000,1492606.079848,37756.928,1.3759380838379997e6,-35.442003010361425,219488.256,1.5576694118379997e6,-6.096823494000516,false,37756.928,219488.256,0.0,0.0,113483520,false,direct_fallback
multiscale,4096,32,4,Float32,1,295758,0,0,1277.822439,1277.822439,4231.168000,1105.920000,5306.400000,0.000000,0.000000,11921.310439,26265.6,36909.088,-0.40522538986354795,102295.552,112939.04000000001,-0.10404643986866616,false,26265.6,102295.552,0.0,0.0,377344,true,direct_fallback
multiscale,4096,32,4,Float64,1,295758,0,0,2555.644878,2555.644878,8462.336000,1843.200000,5306.400000,0.000000,0.000000,18167.580878,52531.2,68143.136,-0.2971935916179338,204591.104,220203.04,-0.07630799040020829,false,52531.2,204591.104,0.0,0.0,377344,true,direct_fallback
multiscale,4096,32,8,Float32,1,295758,0,0,1277.822439,1277.822439,4231.168000,1105.920000,5306.400000,0.000000,0.000000,11921.310439,26265.6,36909.088,-0.40522538986354795,102295.552,112939.04000000001,-0.10404643986866616,false,26265.6,102295.552,0.0,0.0,377344,true,direct_fallback
multiscale,4096,32,8,Float64,1,295758,0,0,2555.644878,2555.644878,8462.336000,1843.200000,5306.400000,0.000000,0.000000,18167.580878,52531.2,68143.136,-0.2971935916179338,204591.104,220203.04,-0.07630799040020829,false,52531.2,204591.104,0.0,0.0,377344,true,direct_fallback
multiscale,4096,32,4,Float32,2,295758,0,0,1277.822439,1277.822439,4231.168000,1105.920000,5306.400000,0.000000,0.000000,11921.310439,26265.6,36909.088,-0.40522538986354795,102295.552,112939.04000000001,-0.10404643986866616,false,26265.6,102295.552,0.0,0.0,377344,true,direct_fallback
multiscale,4096,32,4,Float64,2,295758,0,0,2555.644878,2555.644878,8462.336000,1843.200000,5306.400000,0.000000,0.000000,18167.580878,52531.2,68143.136,-0.2971935916179338,204591.104,220203.04,-0.07630799040020829,false,52531.2,204591.104,0.0,0.0,377344,true,direct_fallback
multiscale,4096,32,8,Float32,2,295758,0,0,1277.822439,1277.822439,4231.168000,1105.920000,5306.400000,0.000000,0.000000,11921.310439,26265.6,36909.088,-0.40522538986354795,102295.552,112939.04000000001,-0.10404643986866616,false,26265.6,102295.552,0.0,0.0,377344,true,direct_fallback
multiscale,4096,32,8,Float64,2,295758,0,0,2555.644878,2555.644878,8462.336000,1843.200000,5306.400000,0.000000,0.000000,18167.580878,52531.2,68143.136,-0.2971935916179338,204591.104,220203.04,-0.07630799040020829,false,52531.2,204591.104,0.0,0.0,377344,true,direct_fallback
multiscale,4096,32,4,Float32,4,295758,0,0,1277.822439,1277.822439,4231.168000,1105.920000,5306.400000,0.000000,0.000000,11921.310439,26265.6,36909.088,-0.40522538986354795,102295.552,112939.04000000001,-0.10404643986866616,false,26265.6,102295.552,0.0,0.0,377344,true,direct_fallback
multiscale,4096,32,4,Float64,4,295758,0,0,2555.644878,2555.644878,8462.336000,1843.200000,5306.400000,0.000000,0.000000,18167.580878,52531.2,68143.136,-0.2971935916179338,204591.104,220203.04,-0.07630799040020829,false,52531.2,204591.104,0.0,0.0,377344,true,direct_fallback
multiscale,4096,32,8,Float32,4,295758,0,0,1277.822439,1277.822439,4231.168000,1105.920000,5306.400000,0.000000,0.000000,11921.310439,26265.6,36909.088,-0.40522538986354795,102295.552,112939.04000000001,-0.10404643986866616,false,26265.6,102295.552,0.0,0.0,377344,true,direct_fallback
multiscale,4096,32,8,Float64,4,295758,0,0,2555.644878,2555.644878,8462.336000,1843.200000,5306.400000,0.000000,0.000000,18167.580878,52531.2,68143.136,-0.2971935916179338,204591.104,220203.04,-0.07630799040020829,false,52531.2,204591.104,0.0,0.0,377344,true,direct_fallback
multiscale,4096,32,4,Float32,8,295758,0,0,1277.822439,1277.822439,4231.168000,1105.920000,5306.400000,0.000000,0.000000,11921.310439,26265.6,36909.088,-0.40522538986354795,102295.552,112939.04000000001,-0.10404643986866616,false,26265.6,102295.552,0.0,0.0,377344,true,direct_fallback
multiscale,4096,32,4,Float64,8,295758,0,0,2555.644878,2555.644878,8462.336000,1843.200000,5306.400000,0.000000,0.000000,18167.580878,52531.2,68143.136,-0.2971935916179338,204591.104,220203.04,-0.07630799040020829,false,52531.2,204591.104,0.0,0.0,377344,true,direct_fallback
multiscale,4096,32,8,Float32,8,295758,0,0,1277.822439,1277.822439,4231.168000,1105.920000,5306.400000,0.000000,0.000000,11921.310439,26265.6,36909.088,-0.40522538986354795,102295.552,112939.04000000001,-0.10404643986866616,false,26265.6,102295.552,0.0,0.0,377344,true,direct_fallback
multiscale,4096,32,8,Float64,8,295758,0,0,2555.644878,2555.644878,8462.336000,1843.200000,5306.400000,0.000000,0.000000,18167.580878,52531.2,68143.136,-0.2971935916179338,204591.104,220203.04,-0.07630799040020829,false,52531.2,204591.104,0.0,0.0,377344,true,direct_fallback
matched,2048,16,4,Float32,1,2103969,0,0,7069.335840,7069.335840,2115.584000,552.960000,113399.100000,0.000000,0.000000,123136.979840,12624.896,128692.54000000001,-9.193552485501662,22194.176,138261.82,-5.229644209363754,false,12624.896,22194.176,0.0,0.0,8063936,false,direct_fallback
matched,2048,16,4,Float64,1,2103969,0,0,14138.671680,14138.671680,4231.168000,921.600000,113399.100000,0.000000,0.000000,132690.539680,25249.792,143801.66,-4.69516216212791,44388.352,162940.22000000003,-2.6707877778386555,false,25249.792,44388.352,0.0,0.0,8063936,false,direct_fallback
matched,2048,16,8,Float32,1,2103969,0,0,7069.335840,7069.335840,2115.584000,552.960000,113399.100000,0.000000,0.000000,123136.979840,12624.896,128692.54000000001,-9.193552485501662,22194.176,138261.82,-5.229644209363754,false,12624.896,22194.176,0.0,0.0,8063936,false,direct_fallback
matched,2048,16,8,Float64,1,2103969,0,0,14138.671680,14138.671680,4231.168000,921.600000,113399.100000,0.000000,0.000000,132690.539680,25249.792,143801.66,-4.69516216212791,44388.352,162940.22000000003,-2.6707877778386555,false,25249.792,44388.352,0.0,0.0,8063936,false,direct_fallback
matched,2048,16,4,Float32,2,2103969,195426,16217,7069.335840,6412.704480,2115.584000,552.960000,133227.900000,4054.250000,83000.000000,234076.058680,12624.896,239631.61883999998,-17.980878641693362,22194.176,249200.89883999998,-10.228211348779066,false,12624.896,22194.176,0.0,0.0,18362392,false,direct_fallback
matched,2048,16,4,Float64,2,2103969,195426,16217,14138.671680,12825.408960,4231.168000,921.600000,133227.900000,4054.250000,83000.000000,247685.647360,25249.792,258796.76768,-9.249461369028305,44388.352,277935.32768,-5.261447320233921,false,25249.792,44388.352,0.0,0.0,18362392,false,direct_fallback
matched,2048,16,8,Float32,2,2103969,195426,16217,7069.335840,6412.704480,2115.584000,552.960000,133227.900000,4054.250000,83000.000000,238788.718880,12624.896,244344.27904,-18.354161732500607,22194.176,253913.55904,-10.440549044938635,false,12624.896,22194.176,0.0,0.0,18362392,false,direct_fallback
matched,2048,16,8,Float64,2,2103969,195426,16217,14138.671680,12825.408960,4231.168000,921.600000,133227.900000,4054.250000,83000.000000,257110.967760,25249.792,268222.08808,-9.62274445983555,44388.352,287360.64808,-5.4737850163934905,false,25249.792,44388.352,0.0,0.0,18362392,false,direct_fallback
matched,2048,16,4,Float32,4,2103969,257862,22313,7069.335840,6202.919520,2115.584000,552.960000,151125.300000,5578.250000,140720.000000,312779.171320,12624.896,318334.73148,-24.214839906800023,22194.176,327904.01148000004,-13.774326899092811,false,12624.896,22194.176,0.0,0.0,25691928,false,direct_fallback
matched,2048,16,4,Float64,4,2103969,257862,22313,14138.671680,12405.839040,4231.168000,921.600000,151125.300000,5578.250000,140720.000000,327950.472640,25249.792,339061.59296000004,-12.428292516627463,44388.352,358200.15296000004,-7.069688033473287,false,25249.792,44388.352,0.0,0.0,25691928,false,direct_fallback
matched,2048,16,8,Float32,4,2103969,257862,22313,7069.335840,6202.919520,2115.584000,552.960000,151125.300000,5578.250000,140720.000000,319263.329120,12624.896,324818.88928,-24.728440795076647,22194.176,334388.16928000003,-14.066482724116456,false,12624.896,22194.176,0.0,0.0,25691928,false,direct_fallback
matched,2048,16,8,Float64,4,2103969,257862,22313,14138.671680,12405.839040,4231.168000,921.600000,151125.300000,5578.250000,140720.000000,340918.788240,25249.792,352029.90856,-12.941893404904087,44388.352,371168.46856,-7.361843858496932,false,25249.792,44388.352,0.0,0.0,25691928,false,direct_fallback
matched,2048,16,4,Float32,8,2103969,400704,42035,7069.335840,5722.970400,2115.584000,552.960000,192024.900000,10508.750000,272360.000000,495500.535400,12624.896,501056.09556,-38.687938463809914,22194.176,510625.37556,-22.007178800420437,false,12624.896,22194.176,0.0,0.0,42553608,false,direct_fallback
matched,2048,16,4,Float64,8,2103969,400704,42035,14138.671680,11445.940800,4231.168000,921.600000,192024.900000,10508.750000,272360.000000,515923.100800,25249.792,527034.22112,-19.872814362985643,44388.352,546172.78112,-11.30441673347098,false,25249.792,44388.352,0.0,0.0,42553608,false,direct_fallback
matched,2048,16,8,Float32,8,2103969,400704,42035,7069.335840,5722.970400,2115.584000,552.960000,192024.900000,10508.750000,272360.000000,507715.906400,12624.896,513271.46656,-39.655500572836395,22194.176,522840.74656,-22.55756512699548,false,12624.896,22194.176,0.0,0.0,42553608,false,direct_fallback
matched,2048,16,8,Float64,8,2103969,400704,42035,14138.671680,11445.940800,4231.168000,921.600000,192024.900000,10508.750000,272360.000000,540353.842800,25249.792,551464.96312,-20.840376472012125,44388.352,570603.52312,-11.854803060046025,false,25249.792,44388.352,0.0,0.0,42553608,false,direct_fallback
matched,4096,16,4,Float32,1,6396761,72,1,21493.116960,21492.875040,4231.168000,1105.920000,90212.400000,0.250000,40.000000,117082.903640,25249.792,120839.57868,-3.7857653116508843,44388.352,139978.13868,-2.153488074529102,false,25249.792,44388.352,0.0,0.0,6419224,false,direct_fallback
matched,4096,16,4,Float64,1,6396761,72,1,42986.233920,42985.750080,8462.336000,1843.200000,90212.400000,0.250000,40.000000,143544.517280,50499.584,151057.86736000003,-1.991269539170858,88776.704,189334.98736000003,-1.1327102587633804,false,50499.584,88776.704,0.0,0.0,6419224,false,direct_fallback
matched,4096,16,8,Float32,1,6396761,72,1,21493.116960,21492.875040,4231.168000,1105.920000,90212.400000,0.250000,40.000000,117083.194240,25249.792,120839.86928000001,-3.7857768206565825,44388.352,139978.42928,-2.15349462129164,false,25249.792,44388.352,0.0,0.0,6419224,false,direct_fallback
matched,4096,16,8,Float64,1,6396761,72,1,42986.233920,42985.750080,8462.336000,1843.200000,90212.400000,0.250000,40.000000,143545.098480,50499.584,151058.44856000002,-1.9912810481765555,88776.704,189335.56856,-1.1327168055259185,false,50499.584,88776.704,0.0,0.0,6419224,false,direct_fallback
matched,4096,16,4,Float32,2,6396761,339726,12133,21493.116960,20351.637600,4231.168000,1105.920000,112903.200000,3033.250000,77240.000000,222391.025400,25249.792,226147.70044,-7.956418351485825,44388.352,245286.26043999998,-4.52591500671167,false,25249.792,44388.352,0.0,0.0,16229240,false,direct_fallback
matched,4096,16,4,Float64,2,6396761,339726,12133,42986.233920,40703.275200,8462.336000,1843.200000,112903.200000,3033.250000,77240.000000,251236.960800,50499.584,258750.31088,-4.123810740302336,88776.704,297027.43088,-2.345781240988627,false,50499.584,88776.704,0.0,0.0,16229240,false,direct_fallback
matched,4096,16,8,Float32,2,6396761,339726,12133,21493.116960,20351.637600,4231.168000,1105.920000,112903.200000,3033.250000,77240.000000,225916.875200,25249.792,229673.55024,-8.096057117619027,44388.352,248812.11024,-4.605346876586002,false,25249.792,44388.352,0.0,0.0,16229240,false,direct_fallback
matched,4096,16,8,Float64,2,6396761,339726,12133,42986.233920,40703.275200,8462.336000,1843.200000,112903.200000,3033.250000,77240.000000,258288.660400,50499.584,265802.01048,-4.2634495064355376,88776.704,304079.13048,-2.4252131108629578,false,50499.584,88776.704,0.0,0.0,16229240,false,direct_fallback
matched,4096,16,4,Float32,4,6396761,1168121,31171,21493.116960,17568.230400,4231.168000,1105.920000,134792.100000,7792.750000,142400.000000,316948.461000,25249.792,320705.13604,-11.701298135049983,44388.352,339843.69604,-6.6561458294284055,false,25249.792,44388.352,0.0,0.0,24915080,false,direct_fallback
matched,4096,16,4,Float64,4,6396761,1168121,31171,42986.233920,35136.460800,8462.336000,1843.200000,134792.100000,7792.750000,142400.000000,348543.432000,50499.584,356056.78208000003,-6.050687429029118,88776.704,394333.90208,-3.4418623840776967,false,50499.584,88776.704,0.0,0.0,24915080,false,direct_fallback
matched,4096,16,8,Float32,4,6396761,1168121,31171,21493.116960,17568.230400,4231.168000,1105.920000,134792.100000,7792.750000,142400.000000,326006.753600,25249.792,329763.42864,-12.060045351660717,44388.352,348901.98864,-6.860214964502399,false,25249.792,44388.352,0.0,0.0,24915080,false,direct_fallback
matched,4096,16,8,Float64,4,6396761,1168121,31171,42986.233920,35136.460800,8462.336000,1843.200000,134792.100000,7792.750000,142400.000000,366660.017200,50499.584,374173.36728,-6.409434645639853,88776.704,412450.48728,-3.6459315191516906,false,50499.584,88776.704,0.0,0.0,24915080,false,direct_fallback
matched,4096,16,4,Float32,8,6396761,1440508,50825,21493.116960,16653.010080,4231.168000,1105.920000,180577.800000,12706.250000,256400.000000,486443.893080,25249.792,490200.56812,-18.41404381152922,44388.352,509339.12812,-10.474612261342795,false,25249.792,44388.352,0.0,0.0,40316248,false,direct_fallback
matched,4096,16,4,Float64,8,6396761,1440508,50825,42986.233920,33306.020160,8462.336000,1843.200000,180577.800000,12706.250000,256400.000000,522835.096160,50499.584,530348.44624,-9.50203594231588,88776.704,568625.5662400001,-5.405121395811226,false,50499.584,88776.704,0.0,0.0,40316248,false,direct_fallback
matched,4096,16,8,Float32,8,6396761,1440508,50825,21493.116960,16653.010080,4231.168000,1105.920000,180577.800000,12706.250000,256400.000000,501213.638080,25249.792,504970.31312,-18.998989026127422,44388.352,524108.87312,-10.8073514673399,false,25249.792,44388.352,0.0,0.0,40316248,false,direct_fallback
matched,4096,16,8,Float64,8,6396761,1440508,50825,42986.233920,33306.020160,8462.336000,1843.200000,180577.800000,12706.250000,256400.000000,552374.586160,50499.584,559887.93624,-10.086981156914083,88776.704,598165.05624,-5.73786060180833,false,50499.584,88776.704,0.0,0.0,40316248,false,direct_fallback
matched,2048,128,4,Float32,1,770464,0,0,2588.759040,2588.759040,2115.584000,552.960000,666.000000,0.000000,0.000000,5923.303040,12624.896,15959.439999999999,-0.26412447278773604,22194.176,25528.719999999998,-0.15024410007382108,false,12624.896,22194.176,0.0,0.0,47360,true,direct_fallback
matched,2048,128,4,Float64,1,770464,0,0,5177.518080,5177.518080,4231.168000,921.600000,666.000000,0.000000,0.000000,10996.286080,25249.792,31068.559999999998,-0.2304481557709464,44388.352,50207.119999999995,-0.13108772319368822,false,25249.792,44388.352,0.0,0.0,47360,true,direct_fallback
matched,2048,128,8,Float32,1,770464,0,0,2588.759040,2588.759040,2115.584000,552.960000,666.000000,0.000000,0.000000,5923.303040,12624.896,15959.439999999999,-0.26412447278773604,22194.176,25528.719999999998,-0.15024410007382108,false,12624.896,22194.176,0.0,0.0,47360,true,direct_fallback
matched,2048,128,8,Float64,1,770464,0,0,5177.518080,5177.518080,4231.168000,921.600000,666.000000,0.000000,0.000000,10996.286080,25249.792,31068.559999999998,-0.2304481557709464,44388.352,50207.119999999995,-0.13108772319368822,false,25249.792,44388.352,0.0,0.0,47360,true,direct_fallback
matched,2048,128,4,Float32,2,770464,0,0,2588.759040,2588.759040,2115.584000,552.960000,1144.800000,0.000000,0.000000,6402.103040,12624.896,16438.239999999998,-0.3020495376753992,22194.176,26007.519999999997,-0.171817327212328,false,12624.896,22194.176,0.0,0.0,81408,true,direct_fallback
matched,2048,128,4,Float64,2,770464,0,0,5177.518080,5177.518080,4231.168000,921.600000,1144.800000,0.000000,0.000000,11475.086080,25249.792,31547.36,-0.24941068821477813,44388.352,50685.92,-0.14187433676294176,false,25249.792,44388.352,0.0,0.0,81408,true,direct_fallback
matched,2048,128,8,Float32,2,770464,0,0,2588.759040,2588.759040,2115.584000,552.960000,1144.800000,0.000000,0.000000,6402.103040,12624.896,16438.239999999998,-0.3020495376753992,22194.176,26007.519999999997,-0.171817327212328,false,12624.896,22194.176,0.0,0.0,81408,true,direct_fallback
matched,2048,128,8,Float64,2,770464,0,0,5177.518080,5177.518080,4231.168000,921.600000,1144.800000,0.000000,0.000000,11475.086080,25249.792,31547.36,-0.24941068821477813,44388.352,50685.92,-0.14187433676294176,false,25249.792,44388.352,0.0,0.0,81408,true,direct_fallback
matched,2048,128,4,Float32,4,770464,27302,104,2588.759040,2497.024320,2115.584000,552.960000,1703.700000,26.000000,2000.000000,8925.490720,12624.896,18961.627679999998,-0.5019234756468487,22194.176,28530.907679999997,-0.2855132661829841,false,12624.896,22194.176,0.0,0.0,328448,true,direct_fallback
matched,2048,128,4,Float64,4,770464,27302,104,5177.518080,4994.048640,4231.168000,921.600000,1703.700000,26.000000,2000.000000,13936.961440,25249.792,34009.23536,-0.3469115056472543,44388.352,53147.79536,-0.19733653008789329,false,25249.792,44388.352,0.0,0.0,328448,true,direct_fallback
matched,2048,128,8,Float32,4,770464,27302,104,2588.759040,2497.024320,2115.584000,552.960000,1703.700000,26.000000,2000.000000,8955.713120,12624.896,18991.85008,-0.504317348832022,22194.176,28561.13008,-0.2868749927909015,false,12624.896,22194.176,0.0,0.0,328448,true,direct_fallback
matched,2048,128,8,Float64,4,770464,27302,104,5177.518080,4994.048640,4231.168000,921.600000,1703.700000,26.000000,2000.000000,13997.406240,25249.792,34069.68016,-0.3493053788324277,44388.352,53208.24016,-0.1986982566958107,false,25249.792,44388.352,0.0,0.0,328448,true,direct_fallback
matched,2048,128,4,Float32,8,770464,45024,190,2588.759040,2437.478400,2115.584000,552.960000,2491.200000,47.500000,3400.000000,11099.936400,12624.896,21136.073360000002,-0.6741582156399547,22194.176,30705.35336,-0.38348697243817487,false,12624.896,22194.176,0.0,0.0,529872,true,direct_fallback
matched,2048,128,4,Float64,8,770464,45024,190,5177.518080,4874.956800,4231.168000,921.600000,2491.200000,47.500000,3400.000000,16076.852800,25249.792,36149.12672,-0.4316603764498337,44388.352,55287.68672,-0.24554492854341606,false,25249.792,44388.352,0.0,0.0,529872,true,direct_fallback
matched,2048,128,8,Float32,8,770464,45024,190,2588.759040,2437.478400,2115.584000,552.960000,2491.200000,47.500000,3400.000000,11155.150400,12624.896,21191.287360000002,-0.6785316378051749,22194.176,30760.56736,-0.38597474220263917,false,12624.896,22194.176,0.0,0.0,529872,true,direct_fallback
matched,2048,128,8,Float64,8,770464,45024,190,5177.518080,4874.956800,4231.168000,921.600000,2491.200000,47.500000,3400.000000,16187.280800,25249.792,36259.55472,-0.43603379861505387,44388.352,55398.11472,-0.24803269830788038,false,25249.792,44388.352,0.0,0.0,529872,true,direct_fallback
matched,4096,128,4,Float32,1,2977112,0,0,10003.096320,10003.096320,4231.168000,1105.920000,645.300000,0.000000,0.000000,15985.484320,25249.792,31232.18,-0.2369282091511882,44388.352,50370.740000000005,-0.13477382534949725,false,25249.792,44388.352,0.0,0.0,45888,true,direct_fallback
matched,4096,128,4,Float64,1,2977112,0,0,20006.192640,20006.192640,8462.336000,1843.200000,645.300000,0.000000,0.000000,30957.028640,50499.584,61450.42,-0.21685002395267247,88776.704,99727.54000000001,-0.12335258583152638,false,50499.584,88776.704,0.0,0.0,45888,true,direct_fallback
matched,4096,128,8,Float32,1,2977112,0,0,10003.096320,10003.096320,4231.168000,1105.920000,645.300000,0.000000,0.000000,15985.484320,25249.792,31232.18,-0.2369282091511882,44388.352,50370.740000000005,-0.13477382534949725,false,25249.792,44388.352,0.0,0.0,45888,true,direct_fallback
matched,4096,128,8,Float64,1,2977112,0,0,20006.192640,20006.192640,8462.336000,1843.200000,645.300000,0.000000,0.000000,30957.028640,50499.584,61450.42,-0.21685002395267247,88776.704,99727.54000000001,-0.12335258583152638,false,50499.584,88776.704,0.0,0.0,45888,true,direct_fallback
matched,4096,128,4,Float32,2,2977112,10247,5,10003.096320,9968.666400,4231.168000,1105.920000,1152.000000,1.250000,200.000000,16660.457400,25249.792,31907.15308,-0.26366003648663716,44388.352,51045.71308,-0.1499799109460068,false,25249.792,44388.352,0.0,0.0,102520,true,direct_fallback
matched,4096,128,4,Float64,2,2977112,10247,5,20006.192640,19937.332800,8462.336000,1843.200000,1152.000000,1.250000,200.000000,31599.024800,50499.584,62092.41616,-0.22956292392428415,88776.704,100369.53616,-0.130584169468603,false,50499.584,88776.704,0.0,0.0,102520,true,direct_fallback
matched,4096,128,8,Float32,2,2977112,10247,5,10003.096320,9968.666400,4231.168000,1105.920000,1152.000000,1.250000,200.000000,16661.910400,25249.792,31908.60608,-0.2637175815151269,44388.352,51047.16608,-0.15001264475869713,false,25249.792,44388.352,0.0,0.0,102520,true,direct_fallback
matched,4096,128,8,Float64,2,2977112,10247,5,20006.192640,19937.332800,8462.336000,1843.200000,1152.000000,1.250000,200.000000,31601.930800,50499.584,62095.32216,-0.22962046895277397,88776.704,100372.44216,-0.13061690328129336,false,50499.584,88776.704,0.0,0.0,102520,true,direct_fallback
matched,4096,128,4,Float32,4,2977112,300117,346,10003.096320,8994.703200,4231.168000,1105.920000,1797.300000,86.500000,4360.000000,20676.138800,25249.792,35922.834480000005,-0.4226982337121828,44388.352,55061.39448,-0.24044691904759166,false,25249.792,44388.352,0.0,0.0,582576,true,direct_fallback
matched,4096,128,4,Float64,4,2977112,300117,346,20006.192640,17989.406400,8462.336000,1843.200000,1797.300000,86.500000,4360.000000,34739.837600,50499.584,65233.22896,-0.29175774913314134,88776.704,103510.34896,-0.16596296433803182,false,50499.584,88776.704,0.0,0.0,582576,true,direct_fallback
matched,4096,128,8,Float32,4,2977112,300117,346,10003.096320,8994.703200,4231.168000,1105.920000,1797.300000,86.500000,4360.000000,20776.686400,25249.792,36023.382079999996,-0.4266803496836724,44388.352,55161.94208,-0.24271209888576178,false,25249.792,44388.352,0.0,0.0,582576,true,direct_fallback
matched,4096,128,8,Float64,4,2977112,300117,346,20006.192640,17989.406400,8462.336000,1843.200000,1797.300000,86.500000,4360.000000,34940.932800,50499.584,65434.32416,-0.29573986510463124,88776.704,103711.44416,-0.1682281441762019,false,50499.584,88776.704,0.0,0.0,582576,true,direct_fallback
matched,4096,128,4,Float32,8,2977112,466930,531,10003.096320,8434.211520,4231.168000,1105.920000,2600.100000,132.750000,7640.000000,24298.458120,25249.792,39545.1538,-0.5661576063676088,44388.352,58683.7138,-0.32205209600933143,false,25249.792,44388.352,0.0,0.0,979976,true,direct_fallback
matched,4096,128,4,Float64,8,2977112,466930,531,20006.192640,16868.423040,8462.336000,1843.200000,2600.100000,132.750000,7640.000000,37855.426240,50499.584,68348.81760000001,-0.35345308191053626,88776.704,106625.9376,-0.20105762881217135,false,50499.584,88776.704,0.0,0.0,979976,true,direct_fallback
matched,4096,128,8,Float32,8,2977112,466930,531,10003.096320,8434.211520,4231.168000,1105.920000,2600.100000,132.750000,7640.000000,24452.766720,25249.792,39699.462400000004,-0.5722688883932193,44388.352,58838.0224,-0.32552842691704353,false,25249.792,44388.352,0.0,0.0,979976,true,direct_fallback
matched,4096,128,8,Float64,8,2977112,466930,531,20006.192640,16868.423040,8462.336000,1843.200000,2600.100000,132.750000,7640.000000,38164.043440,50499.584,68657.4348,-0.3595643639361465,88776.704,106934.55480000001,-0.20453395971988345,false,50499.584,88776.704,0.0,0.0,979976,true,direct_fallback
