=== node: m13h-2-2
GPU 0: NVIDIA H200 (UUID: GPU-1e5b6d41-74e8-4117-b080-80b6b49322a5)
CUDA_HOME=/apps/cudatoolkit/12.8.1
=== source manifest
SOURCE_MANIFEST=525107be4b52ae36
=== CUDA.jl precompile/versioninfo

[pid 1538929] waiting for IO to finish:
 Handle type        uv_handle_t->data
 fs_event           0x28c6d00->0x7f6754cb5cc0
 timer              0x2c0dd10->0x7f6754cb5d20
This means that a package has started a background task or event source that has not finished running. For precompilation to complete successfully, the event source needs to be closed explicitly. See the developer documentation on fixing precompilation hangs for more help.
Precompiling CUDA...
    GPUCompiler Being precompiled by another machine (hostname: m13h-2-1, pid: 2499416, pidfile: /home/rander39/.julia/compiled/v1.11/GPUCompiler/yPwef_toC8l.ji.pidfile)
   6833.6 ms  ✓ GPUArrays
  22393.5 ms  ✓ GPUCompiler
    CUDACore Being precompiled by another machine (hostname: m13h-2-1, pid: 2499416, pidfile: /home/rander39/.julia/compiled/v1.11/CUDACore/mcKyc_toC8l.ji.pidfile)
  13340.6 ms  ✓ CUDACore
    cuBLAS Being precompiled by another machine (hostname: m13h-2-1, pid: 2499416, pidfile: /home/rander39/.julia/compiled/v1.11/cuBLAS/EI0St_toC8l.ji.pidfile)

  46044.8 ms  ✓ cuBLAS
Precompiling AtomixCUDAExt...
   6384.7 ms  ✓ Atomix → AtomixCUDAExt
  1 dependency successfully precompiled in 11 seconds. 99 already precompiled.
CUDA toolchain: 
- runtime 12.8.0, local installation
- driver 580.159.4 for 13.0
- compiler 12.9.41, artifact installation

CUDA libraries: 
- cuBLAS: 12.8.4
- cuSPARSE: 12.5.8
- cuSOLVER: 11.7.3
- cuFFT: 11.3.3
- cuRAND: 10.3.9
- CUPTI: 2025.1.1 (API 12.8.0)
- NVML: 13.0.0+580.159.4

Julia packages: 
- CUDACore: 6.2.1
- GPUArrays: 11.5.8
- GPUCompiler: 1.23.0
- KernelAbstractions: 0.9.42
- CUDA_Driver_jll: 13.3.0+1
- CUDA_Compiler_jll: 0.4.4+1
- CUDA_Runtime_jll: 0.23.0+1
- CUDA_Runtime_Discovery: 2.1.0
- NVPTX_LLVM_Backend_jll: 22.1.7+1

Toolchain:
- Julia: 1.11.7
- LLVM: 16.0.6

Preferences:
- CUDA_Runtime_jll.local: true

1 device:
  0: NVIDIA H200 (sm_90, 139.797 GiB / 140.401 GiB available)
     compiles to sm_90a / PTX 8.8
=== test/cuda_radix_lifecycle_test.jl
Test Summary:                        | Pass  Total     Time
CUDA radix lifecycle gate (task 022) |  215    215  1m32.8s
Test Summary:                                                  | Pass  Total  Time
ConcatenatedFixedZM2L host parity (task 022 throughput repair) |   37     37  7.7s
LIFECYCLE_TEST_EXIT=0
=== test/cuda_radix_convection_test.jl (028)
Test Summary:                          | Pass  Total     Time
device convection lifecycle (task 028) |   24     24  1m02.1s
Test Summary:                                         | Pass  Total  Time
fused dense M2L grid-stride parity (task 028 lever 2) |    8      8  3.5s
Test Summary:                                | Pass  Total  Time
_cuda_fast_rsqrt accuracy (task 028 lever 1) |    2      2  0.8s
Test Summary:                                     | Pass  Total  Time
nearfield warp-per-pair parity (task 028 lever 1) |   16     16  2.2s
CONVECTION_TEST_EXIT=0
=== FM028_MODE=derisk
=== derisk

==============================================================================
A. EXACT L2B / nearfield split  (n=1000000, P=3, K=1740, hier12/dense)
==============================================================================
prec     ell    fused_ms     l2b_ms    near_ms   near_%    cells   interactions
Float64  5        38.322      0.717     37.605    98.1%    32768      4.833e+09
Float32  5        11.863      0.411     11.452    96.5%    32768      4.833e+09
wrote /home/rander39/FastMultipole-023/MATRIX_OPERATOR_REFACTOR/scripts/../data/feasibility_1m_10ms/derisk_m13h-2-2_20260731-181957.csv

==============================================================================
B. HOST ALLOCATION PROFILE — update_cuda_radix_state! (ell=5)
==============================================================================

---- refresh: update_cuda_radix_state!
measured host allocation: 0.23 MB
sampled 6885 allocations, 0.19 MB total

top allocation sites by bytes:
  site                                                    count           MB
  translate_batched_cuda.jl:3492 _cuda_sortperm_into!      3296        0.083
  translate_batched_cuda.jl:3792 _cuda_update_radix_gr     1488        0.039
  translate_batched_cuda.jl:4198 _cuda_hier_generate_d      385        0.010
  translate_batched_cuda.jl:3891 update_cuda_radix_sta       50        0.007
  translate_batched_cuda.jl:3764 _cuda_update_radix_gr      269        0.007
  translate_batched_cuda.jl:3808 _cuda_update_radix_gr      180        0.004
  translate_batched_cuda.jl:3898 update_cuda_radix_sta        4        0.003
  translate_batched_cuda.jl:3378 _cuda_refresh_residen      170        0.002
  translate_batched_cuda.jl:3365 _cuda_refresh_residen      170        0.002
  translate_batched_cuda.jl:3932 update_cuda_radix_sta        2        0.002
  fm028_device_system.jl:64 source_to_buffer!                71        0.002
  translate_batched_cuda.jl:3788 _cuda_update_radix_gr       84        0.002
  translate_batched_cuda.jl:3877 update_cuda_radix_sta        4        0.002
  fm028_device_system.jl:65 source_to_buffer!                71        0.002
  fm028_device_system.jl:66 source_to_buffer!                71        0.002
  translate_batched_cuda.jl:3791 _cuda_update_radix_gr       84        0.002
  translate_batched_cuda.jl:3863 update_cuda_radix_sta        1        0.001
  translate_batched_cuda.jl:3861 update_cuda_radix_sta        1        0.001
  translate_batched_cuda.jl:3862 update_cuda_radix_sta        1        0.001
  translate_batched_cuda.jl:3938 update_cuda_radix_sta        1        0.001

top allocation types by bytes:
  CUDACore.CUstreamCaptureStatus_enum                      1539        0.018
  @NamedTuple{multipoles::FlatCoefficientBuffer{Float6       11        0.016
  Base.RefValue{CUDACore.CUlaunchConfig_st}                 178        0.011
  Memory{Ptr{Nothing}}                                      178        0.011
  Tuple{CuArray{UInt64, 1, CUDACore.DeviceMemory}, CuA      432        0.008
  CuDeviceVector{Int64, 1}                                  136        0.006
  Vector{CUDACore.CUlaunchAttribute_st}                     178        0.006
  Vector{Ptr{Nothing}}                                      178        0.006
  Tuple{Tuple{CuArray{UInt64, 1, CUDACore.DeviceMemory      172        0.006
  CUDACore.HostKernel{typeof(CUDACore.BitonicSortImpl.      133        0.005
  @NamedTuple{blocks::Tuple{Int64, Int64, Int64}, thre      132        0.005
  Tuple{Tuple{CuArray{UInt64, 1, CUDACore.DeviceMemory      153        0.005

---- lifecycle: run_cuda_radix_lifecycle!
measured host allocation: 0.56 MB
sampled 14097 allocations, 0.46 MB total

top allocation sites by bytes:
  site                                                    count           MB
  translate_batched_cuda.jl:1192 _assert_cuda_resident      108        0.147
  translate_batched.jl:2495 _stacked_y_dense!              2976        0.076
  translate_batched.jl:2494 _stacked_y_dense!              2976        0.076
  translate_batched_cuda.jl:4240 _cuda_hier_generate_w     1214        0.032
  translate_batched.jl:2973 _resident_stage_group_appl      958        0.021
  translate_batched.jl:2974 _resident_stage_group_appl      958        0.021
  translate_batched.jl:2489 _stacked_y_dense!              1168        0.020
  translate_batched.jl:2496 _stacked_y_dense!              1164        0.019
  translate_batched.jl:2978 _resident_stage_group_appl      582        0.010
  translate_batched.jl:2590 _matrix_col_view                180        0.007
  translate_batched_cuda.jl:1570 _gather_rotate_z!          440        0.006
  translate_batched_cuda.jl:1598 _rotate_z_scatter_acc      440        0.006
  translate_batched_cuda.jl:4251 _cuda_hier_generate_w      216        0.003
  translate_batched_cuda.jl:4484 _cuda_hier_dense_appl      196        0.003
  translate_batched_cuda.jl:4234 _cuda_hier_generate_w      116        0.002
  translate_batched_cuda.jl:4242 _cuda_hier_generate_w       56        0.001
  translate_batched.jl:2683 _zero_resident_nonleaf_mul       50        0.001
  translate_batched_cuda.jl:1119 _launch_cuda_b2m!           49        0.001
  translate_batched_cuda.jl:4543 _launch_cuda_hierarch       49        0.001
  translate_batched_cuda.jl:2872 _launch_cuda_resident       49        0.001

top allocation types by bytes:
  DeviceResidentRadixState{Float64, CompressedComplexB      108        0.147
  CUDACore.CUstreamCaptureStatus_enum                      5532        0.066
  Base.Broadcast.Broadcasted{CUDACore.CuArrayStyle{2,        60        0.014
  Base.Broadcast.Broadcasted{CUDACore.CuArrayStyle{2,        60        0.014
  Tuple{KernelAbstractions.CompilerMetadata{KernelAbst       20        0.010
  Tuple{KernelAbstractions.CompilerMetadata{KernelAbst       20        0.010
  KernelAbstractions.CompilerMetadata{KernelAbstractio      180        0.010
  CUDACore.Managed{CUDACore.DeviceMemory}                   106        0.008
  Memory{Ptr{Nothing}}                                      125        0.008
  Base.RefValue{CUDACore.CUlaunchConfig_st}                 125        0.008
  Tuple{CUDACore.CUstreamCaptureStatus_enum, Nothing}      1844        0.007
  @NamedTuple{status::CUDACore.CUstreamCaptureStatus_e     1844        0.007

---- M2L stage alone: _launch_cuda_resident_m2l!
measured host allocation: 0.05 MB
sampled 1883 allocations, 0.04 MB total

top allocation sites by bytes:
  site                                                    count           MB
  translate_batched_cuda.jl:4240 _cuda_hier_generate_w     1214        0.032
  translate_batched_cuda.jl:4251 _cuda_hier_generate_w      216        0.003
  translate_batched_cuda.jl:4484 _cuda_hier_dense_appl      196        0.003
  translate_batched_cuda.jl:4234 _cuda_hier_generate_w      116        0.002
  translate_batched_cuda.jl:4242 _cuda_hier_generate_w       56        0.001
  translate_batched_cuda.jl:4543 _launch_cuda_hierarch       49        0.001
  translate_batched_cuda.jl:4238 _cuda_hier_generate_w        8        0.000
  translate_batched_cuda.jl:4239 _cuda_hier_generate_w        8        0.000
  translate_batched_cuda.jl:4245 _cuda_hier_generate_w       20        0.000

top allocation types by bytes:
  CUDACore.CUstreamCaptureStatus_enum                       576        0.007
  CuDeviceVector{Int32, 1}                                   96        0.004
  Memory{Ptr{Nothing}}                                       39        0.003
  Base.RefValue{CUDACore.CUlaunchConfig_st}                  39        0.002
  CUDACore.HostKernel{typeof(CUDACore.partial_scan), T       30        0.001
  SubArray{Int32, 1, CuArray{Int32, 1, CUDACore.Device       24        0.001
  Vector{Ptr{Nothing}}                                       39        0.001
  Vector{CUDACore.CUlaunchAttribute_st}                      39        0.001
  CartesianIndices{2, Tuple{Base.OneTo{Int64}, Base.On       42        0.001
  Tuple{KernelAbstractions.CompilerMetadata{KernelAbst        6        0.001
  Tuple{typeof(+), CuDeviceVector{Int32, 1}, CuDeviceV       10        0.001
  Base.Pairs{Symbol, Any, Tuple{Symbol, Symbol, Symbol       10        0.001

---- finalize: finalize_cuda_radix_output!
measured host allocation: 0.01 MB
sampled 220 allocations, 0.01 MB total

top allocation sites by bytes:
  site                                                    count           MB
  fm028_device_system.jl:77 buffer_to_target!                68        0.002
  fm028_device_system.jl:75 buffer_to_target!                68        0.002
  translate_batched_cuda.jl:1102 _copy_radix_output_to       49        0.001
  translate_batched_cuda.jl:1111 _copy_radix_output_to       29        0.000
  translate_batched_cuda.jl:3125 _cuda_cached_target_b        6        0.000

top allocation types by bytes:
  CUDACore.CUstreamCaptureStatus_enum                        57        0.001
  Base.Broadcast.Broadcasted{CUDACore.CuArrayStyle{2,         3        0.000
  Base.RefValue{CUDACore.CUlaunchConfig_st}                   4        0.000
  Memory{Ptr{Nothing}}                                        4        0.000
  Tuple{KernelAbstractions.CompilerMetadata{KernelAbst        1        0.000
  Base.Broadcast.Broadcasted{CUDACore.CuArrayStyle{1,         3        0.000
  Int64                                                      22        0.000
  KernelAbstractions.CompilerMetadata{KernelAbstractio        6        0.000
  Tuple{KernelAbstractions.CompilerMetadata{KernelAbst        1        0.000
  KernelAbstractions.CompilerMetadata{KernelAbstractio        3        0.000
  @NamedTuple{always_inline::Bool, maxthreads::Nothing        9        0.000
  Tuple{KernelAbstractions.CompilerMetadata{KernelAbst        1        0.000

---- full verdict step
measured host allocation: 0.80 MB
sampled 21282 allocations, 0.65 MB total

top allocation sites by bytes:
  site                                                    count           MB
  translate_batched_cuda.jl:1192 _assert_cuda_resident      108        0.147
  translate_batched_cuda.jl:3492 _cuda_sortperm_into!      3296        0.083
  translate_batched.jl:2495 _stacked_y_dense!              2976        0.076
  translate_batched.jl:2494 _stacked_y_dense!              2976        0.076
  translate_batched_cuda.jl:3792 _cuda_update_radix_gr     1488        0.039
  translate_batched_cuda.jl:4240 _cuda_hier_generate_w     1214        0.032
  translate_batched.jl:2973 _resident_stage_group_appl      958        0.021
  translate_batched.jl:2974 _resident_stage_group_appl      958        0.021
  translate_batched.jl:2489 _stacked_y_dense!              1164        0.019
  translate_batched.jl:2496 _stacked_y_dense!              1164        0.019
  translate_batched_cuda.jl:4198 _cuda_hier_generate_d      385        0.010
  translate_batched.jl:2978 _resident_stage_group_appl      582        0.010
  translate_batched.jl:2590 _matrix_col_view                180        0.007
  translate_batched_cuda.jl:3891 update_cuda_radix_sta       50        0.007
  translate_batched_cuda.jl:3764 _cuda_update_radix_gr      269        0.007
  translate_batched_cuda.jl:1570 _gather_rotate_z!          440        0.006
  translate_batched_cuda.jl:1598 _rotate_z_scatter_acc      440        0.006
  translate_batched_cuda.jl:3808 _cuda_update_radix_gr      180        0.004
  translate_batched_cuda.jl:3898 update_cuda_radix_sta        4        0.003
  translate_batched_cuda.jl:4251 _cuda_hier_generate_w      216        0.003

top allocation types by bytes:
  DeviceResidentRadixState{Float64, CompressedComplexB      108        0.147
  CUDACore.CUstreamCaptureStatus_enum                      7158        0.086
  Base.RefValue{CUDACore.CUlaunchConfig_st}                 308        0.020
  Memory{Ptr{Nothing}}                                      308        0.020
  @NamedTuple{multipoles::FlatCoefficientBuffer{Float6       11        0.016
  Base.Broadcast.Broadcasted{CUDACore.CuArrayStyle{2,        60        0.014
  Base.Broadcast.Broadcasted{CUDACore.CuArrayStyle{2,        60        0.014
  KernelAbstractions.CompilerMetadata{KernelAbstractio      189        0.010
  Tuple{KernelAbstractions.CompilerMetadata{KernelAbst       20        0.010
  Tuple{KernelAbstractions.CompilerMetadata{KernelAbst       20        0.010
  Vector{CUDACore.CUlaunchAttribute_st}                     308        0.010
  Vector{Ptr{Nothing}}                                      308        0.010

==============================================================================
C. PER-KERNEL TRACE — one full lifecycle (ell=5, F64)
   look for: leaf-M2L kernel launch count, duration, occupancy, regs
==============================================================================

--- full lifecycle
Profiler ran for 83.39 ms, capturing 6954 events.

Host-side activity: calling CUDA APIs took 3.62 ms (4.34% of the trace)
┌──────┬──────────┬───────────┬────────┬─────────────────────────┬────────────────────────────┐
│   ID │    Start │      Time │ Thread │ Name                    │                    Details │
├──────┼──────────┼───────────┼────────┼─────────────────────────┼────────────────────────────┤
│    8 │ 16.37 ms │  26.46 µs │      1 │ cuLaunchKernelEx        │                          - │
│   20 │ 16.41 ms │   5.96 µs │      1 │ cuLaunchKernelEx        │                          - │
│   28 │ 16.43 ms │   3.81 µs │      1 │ cuLaunchKernelEx        │                          - │
│   56 │ 16.46 ms │   5.72 µs │      1 │ cuLaunchKernelEx        │                          - │
│   84 │ 16.49 ms │   4.53 µs │      1 │ cuLaunchKernelEx        │                          - │
│  102 │  16.5 ms │   5.48 µs │      1 │ cuLaunchKernelEx        │                          - │
│  108 │ 16.54 ms │   8.82 µs │      1 │ cuMemAllocFromPoolAsync │     8 bytes, device memory │
│  112 │ 16.55 ms │   9.78 µs │      1 │ cuMemcpyHtoDAsync       │                          - │
│  114 │ 16.56 ms │   1.91 µs │      1 │ cuMemAllocFromPoolAsync │     8 bytes, device memory │
│  118 │ 16.56 ms │   2.62 µs │      1 │ cuMemcpyHtoDAsync       │                          - │
│  130 │  16.6 ms │   1.19 µs │      1 │ cudaGetDevice           │                          - │
│  131 │ 16.61 ms │   4.53 µs │      1 │ cudaFuncGetAttributes   │                          - │
│  132 │ 16.62 ms │   8.82 µs │      1 │ cudaLaunchKernelExC     │                          - │
│  133 │ 16.63 ms │ 238.42 ns │      1 │ cudaGetLastError        │                          - │
│  181 │ 16.66 ms │    6.2 µs │      1 │ cuLaunchKernelEx        │                          - │
│  229 │ 16.69 ms │   3.81 µs │      1 │ cuLaunchKernelEx        │                          - │
│  235 │ 16.71 ms │   2.38 µs │      1 │ cuMemAllocFromPoolAsync │     8 bytes, device memory │
│  239 │ 16.71 ms │    3.1 µs │      1 │ cuMemcpyHtoDAsync       │                          - │
│  241 │ 16.71 ms │   2.15 µs │      1 │ cuMemAllocFromPoolAsync │     8 bytes, device memory │
│  245 │ 16.72 ms │   2.15 µs │      1 │ cuMemcpyHtoDAsync       │                          - │
│  257 │ 16.73 ms │ 238.42 ns │      1 │ cudaGetDevice           │                          - │
│  258 │ 16.73 ms │   2.38 µs │      1 │ cudaFuncGetAttributes   │                          - │
│  259 │ 16.74 ms │   3.58 µs │      1 │ cudaLaunchKernelExC     │                          - │
│  260 │ 16.74 ms │    0.0 ns │      1 │ cudaGetLastError        │                          - │
│  266 │ 16.75 ms │   3.34 µs │      1 │ cuMemAllocFromPoolAsync │     8 bytes, device memory │
│  270 │ 16.75 ms │   2.38 µs │      1 │ cuMemcpyHtoDAsync       │                          - │
│  272 │ 16.76 ms │   1.43 µs │      1 │ cuMemAllocFromPoolAsync │     8 bytes, device memory │
│  276 │ 16.76 ms │   1.91 µs │      1 │ cuMemcpyHtoDAsync       │                          - │
│  288 │ 16.77 ms │ 238.42 ns │      1 │ cudaGetDevice           │                          - │
│  289 │ 16.77 ms │   1.91 µs │      1 │ cudaFuncGetAttributes   │                          - │
│  290 │ 16.77 ms │   3.34 µs │      1 │ cudaLaunchKernelExC     │                          - │
│  291 │ 16.78 ms │    0.0 ns │      1 │ cudaGetLastError        │                          - │
│  297 │ 16.78 ms │   1.43 µs │      1 │ cuMemAllocFromPoolAsync │     8 bytes, device memory │
│  301 │ 16.79 ms │   2.62 µs │      1 │ cuMemcpyHtoDAsync       │                          - │
│  303 │ 16.79 ms │   1.43 µs │      1 │ cuMemAllocFromPoolAsync │     8 bytes, device memory │
│  307 │ 16.79 ms │   2.38 µs │      1 │ cuMemcpyHtoDAsync       │                          - │
│  319 │  16.8 ms │    0.0 ns │      1 │ cudaGetDevice           │                          - │
│  320 │ 16.81 ms │   2.15 µs │      1 │ cudaFuncGetAttributes   │                          - │
│  321 │ 16.81 ms │   2.86 µs │      1 │ cudaLaunchKernelExC     │                          - │
│  322 │ 16.81 ms │    0.0 ns │      1 │ cudaGetLastError        │                          - │
│  370 │ 16.83 ms │    3.1 µs │      1 │ cuLaunchKernelEx        │                          - │
│  418 │ 16.85 ms │   2.86 µs │      1 │ cuLaunchKernelEx        │                          - │
│  424 │ 16.86 ms │   3.34 µs │      1 │ cuMemAllocFromPoolAsync │     8 bytes, device memory │
│  428 │ 16.87 ms │   2.62 µs │      1 │ cuMemcpyHtoDAsync       │                          - │
│  430 │ 16.87 ms │   1.43 µs │      1 │ cuMemAllocFromPoolAsync │     8 bytes, device memory │
│  434 │ 16.87 ms │   1.91 µs │      1 │ cuMemcpyHtoDAsync       │                          - │
│  446 │ 16.88 ms │ 238.42 ns │      1 │ cudaGetDevice           │                          - │
│  447 │ 16.88 ms │   2.15 µs │      1 │ cudaFuncGetAttributes   │                          - │
│  448 │ 16.89 ms │   3.34 µs │      1 │ cudaLaunchKernelExC     │                          - │
│  449 │ 16.89 ms │ 238.42 ns │      1 │ cudaGetLastError        │                          - │
│  467 │  16.9 ms │   4.05 µs │      1 │ cuLaunchKernelEx        │                          - │
│  495 │ 16.92 ms │   2.86 µs │      1 │ cuLaunchKernelEx        │                          - │
│  523 │ 16.94 ms │   2.62 µs │      1 │ cuLaunchKernelEx        │                          - │
│  541 │ 16.94 ms │   2.86 µs │      1 │ cuLaunchKernelEx        │                          - │
│  547 │ 16.95 ms │   2.38 µs │      1 │ cuMemAllocFromPoolAsync │     8 bytes, device memory │
│  551 │ 16.96 ms │   2.62 µs │      1 │ cuMemcpyHtoDAsync       │                          - │
│  553 │ 16.96 ms │   2.38 µs │      1 │ cuMemAllocFromPoolAsync │     8 bytes, device memory │
│  557 │ 16.97 ms │   2.15 µs │      1 │ cuMemcpyHtoDAsync       │                          - │
│  569 │ 16.98 ms │    0.0 ns │      1 │ cudaGetDevice           │                          - │
│  570 │ 16.98 ms │   1.91 µs │      1 │ cudaFuncGetAttributes   │                          - │
│  571 │ 16.98 ms │   3.58 µs │      1 │ cudaLaunchKernelExC     │                          - │
│  572 │ 16.99 ms │ 238.42 ns │      1 │ cudaGetLastError        │                          - │
│  620 │  17.0 ms │    3.1 µs │      1 │ cuLaunchKernelEx        │                          - │
│  668 │ 17.02 ms │   2.86 µs │      1 │ cuLaunchKernelEx        │                          - │
│  674 │ 17.03 ms │   2.15 µs │      1 │ cuMemAllocFromPoolAsync │     8 bytes, device memory │
│  678 │ 17.04 ms │   2.38 µs │      1 │ cuMemcpyHtoDAsync       │                          - │
│  680 │ 17.04 ms │   2.62 µs │      1 │ cuMemAllocFromPoolAsync │     8 bytes, device memory │
│  684 │ 17.05 ms │   2.15 µs │      1 │ cuMemcpyHtoDAsync       │                          - │
│  696 │ 17.06 ms │ 238.42 ns │      1 │ cudaGetDevice           │                          - │
│  697 │ 17.06 ms │   1.91 µs │      1 │ cudaFuncGetAttributes   │                          - │
│  698 │ 17.06 ms │    3.1 µs │      1 │ cudaLaunchKernelExC     │                          - │
│  699 │ 17.06 ms │ 238.42 ns │      1 │ cudaGetLastError        │                          - │
│  705 │ 17.07 ms │   1.67 µs │      1 │ cuMemAllocFromPoolAsync │     8 bytes, device memory │
│  709 │ 17.07 ms │   2.38 µs │      1 │ cuMemcpyHtoDAsync       │                          - │
│  711 │ 17.08 ms │   1.43 µs │      1 │ cuMemAllocFromPoolAsync │     8 bytes, device memory │
│  715 │ 17.08 ms │   2.15 µs │      1 │ cuMemcpyHtoDAsync       │                          - │
│  727 │ 17.09 ms │ 238.42 ns │      1 │ cudaGetDevice           │                          - │
│  728 │ 17.09 ms │   1.67 µs │      1 │ cudaFuncGetAttributes   │                          - │
│  729 │  17.1 ms │   2.86 µs │      1 │ cudaLaunchKernelExC     │                          - │
│  730 │  17.1 ms │    0.0 ns │      1 │ cudaGetLastError        │                          - │
│  736 │  17.1 ms │   1.91 µs │      1 │ cuMemAllocFromPoolAsync │     8 bytes, device memory │
│  740 │ 17.11 ms │   2.86 µs │      1 │ cuMemcpyHtoDAsync       │                          - │
│  742 │ 17.11 ms │   2.38 µs │      1 │ cuMemAllocFromPoolAsync │     8 bytes, device memory │
│  746 │ 17.12 ms │   1.91 µs │      1 │ cuMemcpyHtoDAsync       │                          - │
│  758 │ 17.13 ms │ 238.42 ns │      1 │ cudaGetDevice           │                          - │
│  759 │ 17.13 ms │   1.67 µs │      1 │ cudaFuncGetAttributes   │                          - │
│  760 │ 17.13 ms │   2.86 µs │      1 │ cudaLaunchKernelExC     │                          - │
│  761 │ 17.13 ms │    0.0 ns │      1 │ cudaGetLastError        │                          - │
│  809 │ 17.15 ms │   2.86 µs │      1 │ cuLaunchKernelEx        │                          - │
│  857 │ 17.17 ms │   2.86 µs │      1 │ cuLaunchKernelEx        │                          - │
│  863 │ 17.18 ms │   1.67 µs │      1 │ cuMemAllocFromPoolAsync │     8 bytes, device memory │
│  867 │ 17.18 ms │   2.15 µs │      1 │ cuMemcpyHtoDAsync       │                          - │
│  869 │ 17.19 ms │   1.43 µs │      1 │ cuMemAllocFromPoolAsync │     8 bytes, device memory │
│  873 │ 17.19 ms │   1.91 µs │      1 │ cuMemcpyHtoDAsync       │                          - │
│  885 │  17.2 ms │ 238.42 ns │      1 │ cudaGetDevice           │                          - │
│  886 │  17.2 ms │   1.91 µs │      1 │ cudaFuncGetAttributes   │                          - │
│  887 │  17.2 ms │   2.62 µs │      1 │ cudaLaunchKernelExC     │                          - │
│  888 │ 17.21 ms │    0.0 ns │      1 │ cudaGetLastError        │                          - │
│  906 │ 17.21 ms │   2.86 µs │      1 │ cuLaunchKernelEx        │                          - │
│  934 │ 17.23 ms │   2.38 µs │      1 │ cuLaunchKernelEx        │                          - │
│  962 │ 17.24 ms │   2.38 µs │      1 │ cuLaunchKernelEx        │                          - │
│  980 │ 17.25 ms │   2.62 µs │      1 │ cuLaunchKernelEx        │                          - │
│  986 │ 17.26 ms │   2.15 µs │      1 │ cuMemAllocFromPoolAsync │     8 bytes, device memory │
│  990 │ 17.26 ms │   2.38 µs │      1 │ cuMemcpyHtoDAsync       │                          - │
│  992 │ 17.27 ms │   2.62 µs │      1 │ cuMemAllocFromPoolAsync │     8 bytes, device memory │
│  996 │ 17.27 ms │   2.15 µs │      1 │ cuMemcpyHtoDAsync       │                          - │
│ 1008 │ 17.28 ms │ 238.42 ns │      1 │ cudaGetDevice           │                          - │
│ 1009 │ 17.28 ms │   1.91 µs │      1 │ cudaFuncGetAttributes   │                          - │
│ 1010 │ 17.28 ms │    3.1 µs │      1 │ cudaLaunchKernelExC     │                          - │
│ 1011 │ 17.29 ms │    0.0 ns │      1 │ cudaGetLastError        │                          - │
│ 1059 │ 17.31 ms │   2.86 µs │      1 │ cuLaunchKernelEx        │                          - │
│ 1107 │ 17.33 ms │   2.86 µs │      1 │ cuLaunchKernelEx        │                          - │
│ 1113 │ 17.34 ms │   1.67 µs │      1 │ cuMemAllocFromPoolAsync │     8 bytes, device memory │
│ 1117 │ 17.34 ms │   2.38 µs │      1 │ cuMemcpyHtoDAsync       │                          - │
│ 1119 │ 17.35 ms │   1.19 µs │      1 │ cuMemAllocFromPoolAsync │     8 bytes, device memory │
│ 1123 │ 17.35 ms │   1.91 µs │      1 │ cuMemcpyHtoDAsync       │                          - │
│ 1135 │ 17.36 ms │ 238.42 ns │      1 │ cudaGetDevice           │                          - │
│ 1136 │ 17.36 ms │   2.15 µs │      1 │ cudaFuncGetAttributes   │                          - │
│ 1137 │ 17.36 ms │   2.86 µs │      1 │ cudaLaunchKernelExC     │                          - │
│ 1138 │ 17.37 ms │ 238.42 ns │      1 │ cudaGetLastError        │                          - │
│ 1144 │ 17.37 ms │   1.91 µs │      1 │ cuMemAllocFromPoolAsync │     8 bytes, device memory │
│ 1148 │ 17.38 ms │   2.62 µs │      1 │ cuMemcpyHtoDAsync       │                          - │
│ 1150 │ 17.38 ms │   2.15 µs │      1 │ cuMemAllocFromPoolAsync │     8 bytes, device memory │
│ 1154 │ 17.38 ms │   1.91 µs │      1 │ cuMemcpyHtoDAsync       │                          - │
│ 1166 │ 17.39 ms │ 238.42 ns │      1 │ cudaGetDevice           │                          - │
│ 1167 │  17.4 ms │   1.91 µs │      1 │ cudaFuncGetAttributes   │                          - │
│ 1168 │  17.4 ms │   2.62 µs │      1 │ cudaLaunchKernelExC     │                          - │
│ 1169 │  17.4 ms │ 476.84 ns │      1 │ cudaGetLastError        │                          - │
│ 1175 │ 17.41 ms │   1.67 µs │      1 │ cuMemAllocFromPoolAsync │     8 bytes, device memory │
│ 1179 │ 17.41 ms │   2.62 µs │      1 │ cuMemcpyHtoDAsync       │                          - │
│ 1181 │ 17.41 ms │   1.19 µs │      1 │ cuMemAllocFromPoolAsync │     8 bytes, device memory │
│ 1185 │ 17.42 ms │   2.15 µs │      1 │ cuMemcpyHtoDAsync       │                          - │
│ 1197 │ 17.43 ms │ 238.42 ns │      1 │ cudaGetDevice           │                          - │
│ 1198 │ 17.43 ms │   1.67 µs │      1 │ cudaFuncGetAttributes   │                          - │
│ 1199 │ 17.43 ms │    3.1 µs │      1 │ cudaLaunchKernelExC     │                          - │
│ 1200 │ 17.43 ms │    0.0 ns │      1 │ cudaGetLastError        │                          - │
│ 1248 │ 17.45 ms │    3.1 µs │      1 │ cuLaunchKernelEx        │                          - │
│ 1296 │ 17.47 ms │   2.62 µs │      1 │ cuLaunchKernelEx        │                          - │
│ 1302 │ 17.48 ms │   1.91 µs │      1 │ cuMemAllocFromPoolAsync │     8 bytes, device memory │
│ 1306 │ 17.48 ms │   2.86 µs │      1 │ cuMemcpyHtoDAsync       │                          - │
│ 1308 │ 17.49 ms │   2.38 µs │      1 │ cuMemAllocFromPoolAsync │     8 bytes, device memory │
│ 1312 │ 17.49 ms │   1.91 µs │      1 │ cuMemcpyHtoDAsync       │                          - │
│ 1324 │  17.5 ms │    0.0 ns │      1 │ cudaGetDevice           │                          - │
│ 1325 │  17.5 ms │   1.91 µs │      1 │ cudaFuncGetAttributes   │                          - │
│ 1326 │ 17.51 ms │    3.1 µs │      1 │ cudaLaunchKernelExC     │                          - │
│ 1327 │ 17.51 ms │    0.0 ns │      1 │ cudaGetLastError        │                          - │
│ 1345 │ 17.52 ms │   2.38 µs │      1 │ cuLaunchKernelEx        │                          - │
│ 1373 │ 17.53 ms │   2.86 µs │      1 │ cuLaunchKernelEx        │                          - │
│ 1401 │ 17.54 ms │   2.62 µs │      1 │ cuLaunchKernelEx        │                          - │
│ 1419 │ 17.55 ms │   2.62 µs │      1 │ cuLaunchKernelEx        │                          - │
│ 1425 │ 17.56 ms │   1.67 µs │      1 │ cuMemAllocFromPoolAsync │     8 bytes, device memory │
│ 1429 │ 17.56 ms │   2.38 µs │      1 │ cuMemcpyHtoDAsync       │                          - │
│ 1431 │ 17.57 ms │   1.43 µs │      1 │ cuMemAllocFromPoolAsync │     8 bytes, device memory │
│ 1435 │ 17.57 ms │   2.15 µs │      1 │ cuMemcpyHtoDAsync       │                          - │
│ 1447 │ 17.58 ms │ 238.42 ns │      1 │ cudaGetDevice           │                          - │
│ 1448 │ 17.58 ms │   2.15 µs │      1 │ cudaFuncGetAttributes   │                          - │
│ 1449 │ 17.58 ms │   2.62 µs │      1 │ cudaLaunchKernelExC     │                          - │
│ 1450 │ 17.59 ms │    0.0 ns │      1 │ cudaGetLastError        │                          - │
│ 1498 │  17.6 ms │   2.86 µs │      1 │ cuLaunchKernelEx        │                          - │
│ 1546 │ 17.62 ms │   2.38 µs │      1 │ cuLaunchKernelEx        │                          - │
│ 1552 │ 17.63 ms │   1.67 µs │      1 │ cuMemAllocFromPoolAsync │     8 bytes, device memory │
│ 1556 │ 17.63 ms │   2.38 µs │      1 │ cuMemcpyHtoDAsync       │                          - │
│ 1558 │ 17.64 ms │   2.15 µs │      1 │ cuMemAllocFromPoolAsync │     8 bytes, device memory │
│ 1562 │ 17.64 ms │   1.91 µs │      1 │ cuMemcpyHtoDAsync       │                          - │
│ 1574 │ 17.65 ms │ 238.42 ns │      1 │ cudaGetDevice           │                          - │
│ 1575 │ 17.65 ms │   1.91 µs │      1 │ cudaFuncGetAttributes   │                          - │
│ 1576 │ 17.66 ms │    3.1 µs │      1 │ cudaLaunchKernelExC     │                          - │
│ 1577 │ 17.66 ms │    0.0 ns │      1 │ cudaGetLastError        │                          - │
│ 1583 │ 17.67 ms │   1.67 µs │      1 │ cuMemAllocFromPoolAsync │     8 bytes, device memory │
│ 1587 │ 17.67 ms │   2.38 µs │      1 │ cuMemcpyHtoDAsync       │                          - │
│ 1589 │ 17.67 ms │   1.43 µs │      1 │ cuMemAllocFromPoolAsync │     8 bytes, device memory │
│ 1593 │ 17.68 ms │   1.91 µs │      1 │ cuMemcpyHtoDAsync       │                          - │
│ 1605 │ 17.69 ms │ 238.42 ns │      1 │ cudaGetDevice           │                          - │
│ 1606 │ 17.69 ms │   2.15 µs │      1 │ cudaFuncGetAttributes   │                          - │
│ 1607 │ 17.69 ms │   2.86 µs │      1 │ cudaLaunchKernelExC     │                          - │
│ 1608 │ 17.69 ms │    0.0 ns │      1 │ cudaGetLastError        │                          - │
│ 1614 │  17.7 ms │   1.67 µs │      1 │ cuMemAllocFromPoolAsync │     8 bytes, device memory │
│ 1618 │  17.7 ms │   2.38 µs │      1 │ cuMemcpyHtoDAsync       │                          - │
│ 1620 │ 17.71 ms │   1.91 µs │      1 │ cuMemAllocFromPoolAsync │     8 bytes, device memory │
│ 1624 │ 17.71 ms │   2.38 µs │      1 │ cuMemcpyHtoDAsync       │                          - │
│ 1636 │ 17.72 ms │ 238.42 ns │      1 │ cudaGetDevice           │                          - │
│ 1637 │ 17.72 ms │   1.67 µs │      1 │ cudaFuncGetAttributes   │                          - │
│ 1638 │ 17.72 ms │   2.86 µs │      1 │ cudaLaunchKernelExC     │                          - │
│ 1639 │ 17.73 ms │    0.0 ns │      1 │ cudaGetLastError        │                          - │
│ 1687 │ 17.74 ms │   2.86 µs │      1 │ cuLaunchKernelEx        │                          - │
│ 1735 │ 17.76 ms │   2.62 µs │      1 │ cuLaunchKernelEx        │                          - │
│ 1741 │ 17.77 ms │   1.67 µs │      1 │ cuMemAllocFromPoolAsync │     8 bytes, device memory │
│ 1745 │ 17.77 ms │   2.38 µs │      1 │ cuMemcpyHtoDAsync       │                          - │
│ 1747 │ 17.78 ms │   1.43 µs │      1 │ cuMemAllocFromPoolAsync │     8 bytes, device memory │
│ 1751 │ 17.78 ms │   1.67 µs │      1 │ cuMemcpyHtoDAsync       │                          - │
│ 1763 │ 17.79 ms │    0.0 ns │      1 │ cudaGetDevice           │                          - │
│ 1764 │ 17.79 ms │   1.91 µs │      1 │ cudaFuncGetAttributes   │                          - │
│ 1765 │ 17.79 ms │   2.86 µs │      1 │ cudaLaunchKernelExC     │                          - │
│ 1766 │  17.8 ms │    0.0 ns │      1 │ cudaGetLastError        │                          - │
│ 1784 │  17.8 ms │   2.15 µs │      1 │ cuLaunchKernelEx        │                          - │
│ 1812 │ 17.82 ms │    3.1 µs │      1 │ cuLaunchKernelEx        │                          - │
│ 1840 │ 17.83 ms │   2.86 µs │      1 │ cuLaunchKernelEx        │                          - │
│ 1858 │ 17.84 ms │   2.38 µs │      1 │ cuLaunchKernelEx        │                          - │
│ 1864 │ 17.85 ms │   1.67 µs │      1 │ cuMemAllocFromPoolAsync │     8 bytes, device memory │
│ 1868 │ 17.85 ms │   2.86 µs │      1 │ cuMemcpyHtoDAsync       │                          - │
│ 1870 │ 17.85 ms │   2.15 µs │      1 │ cuMemAllocFromPoolAsync │     8 bytes, device memory │
│ 1874 │ 17.86 ms │   2.15 µs │      1 │ cuMemcpyHtoDAsync       │                          - │
│ 1886 │ 17.87 ms │    0.0 ns │      1 │ cudaGetLastError        │                          - │
│ 1887 │ 17.87 ms │   6.91 µs │      1 │ cudaLaunchKernel        │                          - │
│ 1888 │ 17.88 ms │    0.0 ns │      1 │ cudaGetLastError        │                          - │
│ 1936 │ 17.89 ms │   2.86 µs │      1 │ cuLaunchKernelEx        │                          - │
│ 1984 │ 17.91 ms │   2.62 µs │      1 │ cuLaunchKernelEx        │                          - │
│ 1990 │ 17.92 ms │   1.43 µs │      1 │ cuMemAllocFromPoolAsync │     8 bytes, device memory │
│ 1994 │ 17.93 ms │   2.15 µs │      1 │ cuMemcpyHtoDAsync       │                          - │
│ 1996 │ 17.93 ms │   1.19 µs │      1 │ cuMemAllocFromPoolAsync │     8 bytes, device memory │
│ 2000 │ 17.93 ms │   1.91 µs │      1 │ cuMemcpyHtoDAsync       │                          - │
│ 2012 │ 17.94 ms │ 238.42 ns │      1 │ cudaGetLastError        │                          - │
│ 2013 │ 17.94 ms │    3.1 µs │      1 │ cudaLaunchKernel        │                          - │
│ 2014 │ 17.94 ms │    0.0 ns │      1 │ cudaGetLastError        │                          - │
│ 2020 │ 17.95 ms │   2.62 µs │      1 │ cuMemAllocFromPoolAsync │     8 bytes, device memory │
│ 2024 │ 17.95 ms │   2.38 µs │      1 │ cuMemcpyHtoDAsync       │                          - │
│ 2026 │ 17.96 ms │   1.43 µs │      1 │ cuMemAllocFromPoolAsync │     8 bytes, device memory │
│ 2030 │ 17.96 ms │   1.91 µs │      1 │ cuMemcpyHtoDAsync       │                          - │
│ 2042 │ 17.97 ms │    0.0 ns │      1 │ cudaGetLastError        │                          - │
│ 2043 │ 17.97 ms │   2.86 µs │      1 │ cudaLaunchKernel        │                          - │
│ 2044 │ 17.97 ms │ 238.42 ns │      1 │ cudaGetLastError        │                          - │
│ 2050 │ 17.98 ms │   1.43 µs │      1 │ cuMemAllocFromPoolAsync │     8 bytes, device memory │
│ 2054 │ 17.98 ms │   2.38 µs │      1 │ cuMemcpyHtoDAsync       │                          - │
│ 2056 │ 17.99 ms │ 953.67 ns │      1 │ cuMemAllocFromPoolAsync │     8 bytes, device memory │
│ 2060 │ 17.99 ms │   2.15 µs │      1 │ cuMemcpyHtoDAsync       │                          - │
│ 2072 │  18.0 ms │    0.0 ns │      1 │ cudaGetLastError        │                          - │
│ 2073 │  18.0 ms │   2.62 µs │      1 │ cudaLaunchKernel        │                          - │
│ 2074 │  18.0 ms │    0.0 ns │      1 │ cudaGetLastError        │                          - │
│ 2122 │ 18.02 ms │   2.86 µs │      1 │ cuLaunchKernelEx        │                          - │
│ 2170 │ 18.04 ms │   2.62 µs │      1 │ cuLaunchKernelEx        │                          - │
│ 2176 │ 18.04 ms │   2.62 µs │      1 │ cuMemAllocFromPoolAsync │     8 bytes, device memory │
│ 2180 │ 18.05 ms │   2.38 µs │      1 │ cuMemcpyHtoDAsync       │                          - │
│ 2182 │ 18.05 ms │   1.43 µs │      1 │ cuMemAllocFromPoolAsync │     8 bytes, device memory │
│ 2186 │ 18.06 ms │   2.15 µs │      1 │ cuMemcpyHtoDAsync       │                          - │
│ 2198 │ 18.06 ms │    0.0 ns │      1 │ cudaGetLastError        │                          - │
│ 2199 │ 18.06 ms │   2.86 µs │      1 │ cudaLaunchKernel        │                          - │
│ 2200 │ 18.07 ms │ 238.42 ns │      1 │ cudaGetLastError        │                          - │
│ 2218 │ 18.07 ms │   2.86 µs │      1 │ cuLaunchKernelEx        │                          - │
│ 2226 │ 18.09 ms │    3.1 µs │      1 │ cuLaunchKernelEx        │                          - │
│ 2238 │  18.1 ms │   4.53 µs │      1 │ cuLaunchKernelEx        │                          - │
│ 2250 │ 18.13 ms │   5.72 µs │      1 │ cuLaunchKernelEx        │                          - │
│ 2252 │ 18.14 ms │   1.67 µs │      1 │ cuMemAllocFromPoolAsync │   436 bytes, device memory │
│ 2256 │ 18.14 ms │    6.2 µs │      1 │ cuMemsetD32Async        │                          - │
│ 2268 │ 18.17 ms │   4.53 µs │      1 │ cuLaunchKernelEx        │                          - │
│ 2280 │  18.2 ms │   5.25 µs │      1 │ cuLaunchKernelEx        │                          - │
│ 2286 │ 18.22 ms │   4.29 µs │      1 │ cuLaunchKernelEx        │                          - │
│ 2288 │ 18.23 ms │   3.81 µs │      1 │ cuMemFreeAsync          │   436 bytes, device memory │
│ 2294 │ 18.24 ms │   4.53 µs │      1 │ cuLaunchKernelEx        │                          - │
│ 2810 │ 18.51 ms │ 396.25 µs │      2 │ cuStreamSynchronize     │                          - │
│ 2814 │ 18.92 ms │    9.3 µs │      1 │ cuMemcpyDtoHAsync       │                          - │
│ 2842 │ 18.94 ms │   4.29 µs │      1 │ cuStreamSynchronize     │                          - │
│ 2864 │ 18.96 ms │   5.25 µs │      1 │ cuLaunchKernelEx        │                          - │
│ 2884 │ 18.98 ms │   5.01 µs │      1 │ cuLaunchKernelEx        │                          - │
│ 2896 │ 18.99 ms │    3.1 µs │      1 │ cuLaunchKernelEx        │                          - │
│ 2908 │  19.0 ms │    3.1 µs │      1 │ cuLaunchKernelEx        │                          - │
│ 2910 │ 19.01 ms │   4.29 µs │      1 │ cuMemAllocFromPoolAsync │   3.398 KiB, device memory │
│ 2914 │ 19.01 ms │   3.81 µs │      1 │ cuMemsetD32Async        │                          - │
│ 2926 │ 19.03 ms │    3.1 µs │      1 │ cuLaunchKernelEx        │                          - │
│ 2938 │ 19.05 ms │    3.1 µs │      1 │ cuLaunchKernelEx        │                          - │
│ 2944 │ 19.05 ms │    3.1 µs │      1 │ cuLaunchKernelEx        │                          - │
│ 2946 │ 19.06 ms │   2.86 µs │      1 │ cuMemFreeAsync          │   3.398 KiB, device memory │
│ 2952 │ 19.06 ms │   3.34 µs │      1 │ cuLaunchKernelEx        │                          - │
│ 2974 │ 19.07 ms │   3.58 µs │      1 │ cuStreamSynchronize     │                          - │
│ 2978 │ 19.08 ms │   3.58 µs │      1 │ cuMemcpyDtoHAsync       │                          - │
│ 3006 │ 19.09 ms │   1.43 µs │      1 │ cuStreamSynchronize     │                          - │
│ 3028 │  19.1 ms │   2.86 µs │      1 │ cuLaunchKernelEx        │                          - │
│ 3048 │ 19.11 ms │    3.1 µs │      1 │ cuLaunchKernelEx        │                          - │
│ 3060 │ 19.12 ms │   2.86 µs │      1 │ cuLaunchKernelEx        │                          - │
│ 3072 │ 19.13 ms │   2.86 µs │      1 │ cuLaunchKernelEx        │                          - │
│ 3074 │ 19.13 ms │   2.15 µs │      1 │ cuMemAllocFromPoolAsync │  27.188 KiB, device memory │
│ 3078 │ 19.14 ms │   5.96 µs │      1 │ cuMemsetD32Async        │                          - │
│ 3090 │ 19.15 ms │    3.1 µs │      1 │ cuLaunchKernelEx        │                          - │
│ 3102 │ 19.16 ms │   2.62 µs │      1 │ cuLaunchKernelEx        │                          - │
│ 3104 │ 19.17 ms │   1.43 µs │      1 │ cuMemAllocFromPoolAsync │    28 bytes, device memory │
│ 3108 │ 19.17 ms │   2.62 µs │      1 │ cuMemsetD32Async        │                          - │
│ 3120 │ 19.18 ms │    3.1 µs │      1 │ cuLaunchKernelEx        │                          - │
│ 3132 │ 19.19 ms │    3.1 µs │      1 │ cuLaunchKernelEx        │                          - │
│ 3138 │  19.2 ms │   2.86 µs │      1 │ cuLaunchKernelEx        │                          - │
│ 3140 │  19.2 ms │    3.1 µs │      1 │ cuMemFreeAsync          │    28 bytes, device memory │
│ 3146 │ 19.21 ms │   2.86 µs │      1 │ cuLaunchKernelEx        │                          - │
│ 3148 │ 19.21 ms │   1.43 µs │      1 │ cuMemFreeAsync          │  27.188 KiB, device memory │
│ 3154 │ 19.22 ms │   2.86 µs │      1 │ cuLaunchKernelEx        │                          - │
│ 3670 │ 19.44 ms │  12.87 µs │      2 │ cuStreamSynchronize     │                          - │
│ 3674 │ 19.47 ms │   3.58 µs │      1 │ cuMemcpyDtoHAsync       │                          - │
│ 3704 │ 19.48 ms │   2.15 µs │      1 │ cuStreamSynchronize     │                          - │
│ 3726 │ 19.49 ms │   3.34 µs │      1 │ cuLaunchKernelEx        │                          - │
│ 3746 │  19.5 ms │   2.86 µs │      1 │ cuLaunchKernelEx        │                          - │
│ 3758 │ 19.51 ms │   2.62 µs │      1 │ cuLaunchKernelEx        │                          - │
│ 3770 │ 19.52 ms │   2.62 µs │      1 │ cuLaunchKernelEx        │                          - │
│ 3772 │ 19.52 ms │   2.62 µs │      1 │ cuMemAllocFromPoolAsync │ 217.500 KiB, device memory │
│ 3776 │ 19.52 ms │   3.58 µs │      1 │ cuMemsetD32Async        │                          - │
│ 3788 │ 19.54 ms │   2.86 µs │      1 │ cuLaunchKernelEx        │                          - │
│ 3800 │ 19.55 ms │   2.62 µs │      1 │ cuLaunchKernelEx        │                          - │
│ 3802 │ 19.55 ms │   1.43 µs │      1 │ cuMemAllocFromPoolAsync │   220 bytes, device memory │
│ 3806 │ 19.55 ms │   1.91 µs │      1 │ cuMemsetD32Async        │                          - │
│ 3818 │ 19.56 ms │   2.86 µs │      1 │ cuLaunchKernelEx        │                          - │
│ 3830 │ 19.57 ms │   2.38 µs │      1 │ cuLaunchKernelEx        │                          - │
│ 3836 │ 19.58 ms │   2.38 µs │      1 │ cuLaunchKernelEx        │                          - │
│ 3838 │ 19.58 ms │   1.43 µs │      1 │ cuMemFreeAsync          │   220 bytes, device memory │
│ 3844 │ 19.59 ms │    3.1 µs │      1 │ cuLaunchKernelEx        │                          - │
│ 3846 │ 19.59 ms │   1.43 µs │      1 │ cuMemFreeAsync          │ 217.500 KiB, device memory │
│ 3852 │  19.6 ms │    3.1 µs │      1 │ cuLaunchKernelEx        │                          - │
│ 4368 │ 19.81 ms │   3.21 ms │      2 │ cuStreamSynchronize     │                          - │
│ 4372 │ 23.04 ms │    3.1 µs │      1 │ cuMemcpyDtoHAsync       │                          - │
│ 4402 │ 23.05 ms │   1.67 µs │      1 │ cuStreamSynchronize     │                          - │
│ 4424 │ 23.06 ms │    3.1 µs │      1 │ cuLaunchKernelEx        │                          - │
│ 4444 │ 23.07 ms │   2.86 µs │      1 │ cuLaunchKernelEx        │                          - │
│ 4472 │ 23.09 ms │   3.58 µs │      1 │ cuLaunchKernelEx        │                          - │
│ 4500 │ 23.11 ms │    3.1 µs │      1 │ cuLaunchKernelEx        │                          - │
│ 4518 │ 23.12 ms │   3.34 µs │      1 │ cuLaunchKernelEx        │                          - │
│ 4524 │ 23.14 ms │   4.29 µs │      1 │ cuMemAllocFromPoolAsync │     8 bytes, device memory │
│ 4528 │ 23.14 ms │   4.05 µs │      1 │ cuMemcpyHtoDAsync       │                          - │
│ 4530 │ 23.15 ms │   1.19 µs │      1 │ cuMemAllocFromPoolAsync │     8 bytes, device memory │
│ 4534 │ 23.15 ms │   2.38 µs │      1 │ cuMemcpyHtoDAsync       │                          - │
│ 4546 │ 23.17 ms │ 715.26 ns │      1 │ cudaGetLastError        │                          - │
│ 4547 │ 23.17 ms │   4.29 µs │      1 │ cudaLaunchKernel        │                          - │
│ 4548 │ 23.18 ms │ 238.42 ns │      1 │ cudaGetLastError        │                          - │
│ 4596 │  23.2 ms │   8.11 µs │      1 │ cuLaunchKernelEx        │                          - │
│ 4644 │ 23.22 ms │   3.34 µs │      1 │ cuLaunchKernelEx        │                          - │
│ 4650 │ 23.24 ms │   2.15 µs │      1 │ cuMemAllocFromPoolAsync │     8 bytes, device memory │
│ 4654 │ 23.24 ms │   2.62 µs │      1 │ cuMemcpyHtoDAsync       │                          - │
│ 4656 │ 23.24 ms │   1.19 µs │      1 │ cuMemAllocFromPoolAsync │     8 bytes, device memory │
│ 4660 │ 23.25 ms │   2.38 µs │      1 │ cuMemcpyHtoDAsync       │                          - │
│ 4672 │ 23.26 ms │    0.0 ns │      1 │ cudaGetLastError        │                          - │
│ 4673 │ 23.26 ms │   3.34 µs │      1 │ cudaLaunchKernel        │                          - │
│ 4674 │ 23.26 ms │    0.0 ns │      1 │ cudaGetLastError        │                          - │
│ 4680 │ 23.27 ms │   2.62 µs │      1 │ cuMemAllocFromPoolAsync │     8 bytes, device memory │
│ 4684 │ 23.27 ms │   2.62 µs │      1 │ cuMemcpyHtoDAsync       │                          - │
│ 4686 │ 23.28 ms │   1.19 µs │      1 │ cuMemAllocFromPoolAsync │     8 bytes, device memory │
│ 4690 │ 23.28 ms │   1.91 µs │      1 │ cuMemcpyHtoDAsync       │                          - │
│ 4702 │ 23.29 ms │    0.0 ns │      1 │ cudaGetLastError        │                          - │
│ 4703 │ 23.29 ms │    3.1 µs │      1 │ cudaLaunchKernel        │                          - │
│ 4704 │ 23.29 ms │    0.0 ns │      1 │ cudaGetLastError        │                          - │
│ 4710 │  23.3 ms │   1.67 µs │      1 │ cuMemAllocFromPoolAsync │     8 bytes, device memory │
│ 4714 │  23.3 ms │   1.91 µs │      1 │ cuMemcpyHtoDAsync       │                          - │
│ 4716 │  23.3 ms │   1.43 µs │      1 │ cuMemAllocFromPoolAsync │     8 bytes, device memory │
│ 4720 │ 23.31 ms │   1.91 µs │      1 │ cuMemcpyHtoDAsync       │                          - │
│ 4732 │ 23.31 ms │    0.0 ns │      1 │ cudaGetLastError        │                          - │
│ 4733 │ 23.32 ms │   2.86 µs │      1 │ cudaLaunchKernel        │                          - │
│ 4734 │ 23.32 ms │ 238.42 ns │      1 │ cudaGetLastError        │                          - │
│ 4782 │ 23.34 ms │    3.1 µs │      1 │ cuLaunchKernelEx        │                          - │
│ 4830 │ 23.36 ms │   2.62 µs │      1 │ cuLaunchKernelEx        │                          - │
│ 4836 │ 23.37 ms │   2.62 µs │      1 │ cuMemAllocFromPoolAsync │     8 bytes, device memory │
│ 4840 │ 23.37 ms │   2.62 µs │      1 │ cuMemcpyHtoDAsync       │                          - │
│ 4842 │ 23.38 ms │   1.43 µs │      1 │ cuMemAllocFromPoolAsync │     8 bytes, device memory │
│ 4846 │ 23.38 ms │   1.67 µs │      1 │ cuMemcpyHtoDAsync       │                          - │
│ 4858 │ 23.39 ms │ 238.42 ns │      1 │ cudaGetLastError        │                          - │
│ 4859 │ 23.39 ms │   2.62 µs │      1 │ cudaLaunchKernel        │                          - │
│ 4860 │ 23.39 ms │ 238.42 ns │      1 │ cudaGetLastError        │                          - │
│ 4878 │  23.4 ms │   3.58 µs │      1 │ cuLaunchKernelEx        │                          - │
│ 4906 │ 23.42 ms │   2.86 µs │      1 │ cuLaunchKernelEx        │                          - │
│ 4934 │ 23.43 ms │   2.38 µs │      1 │ cuLaunchKernelEx        │                          - │
│ 4952 │ 23.44 ms │   2.62 µs │      1 │ cuLaunchKernelEx        │                          - │
│ 4958 │ 23.45 ms │   1.67 µs │      1 │ cuMemAllocFromPoolAsync │     8 bytes, device memory │
│ 4962 │ 23.45 ms │   2.15 µs │      1 │ cuMemcpyHtoDAsync       │                          - │
│ 4964 │ 23.46 ms │ 953.67 ns │      1 │ cuMemAllocFromPoolAsync │     8 bytes, device memory │
│ 4968 │ 23.46 ms │   2.15 µs │      1 │ cuMemcpyHtoDAsync       │                          - │
│ 4980 │ 23.47 ms │ 476.84 ns │      1 │ cudaGetDevice           │                          - │
│ 4981 │ 23.48 ms │   2.62 µs │      1 │ cudaFuncGetAttributes   │                          - │
│ 4982 │ 23.48 ms │   4.29 µs │      1 │ cudaLaunchKernelExC     │                          - │
│ 4983 │ 23.49 ms │ 238.42 ns │      1 │ cudaGetLastError        │                          - │
│ 5031 │  23.5 ms │    3.1 µs │      1 │ cuLaunchKernelEx        │                          - │
│ 5079 │ 23.52 ms │   2.62 µs │      1 │ cuLaunchKernelEx        │                          - │
│ 5085 │ 23.53 ms │    3.1 µs │      1 │ cuMemAllocFromPoolAsync │     8 bytes, device memory │
│ 5089 │ 23.54 ms │   2.62 µs │      1 │ cuMemcpyHtoDAsync       │                          - │
│ 5091 │ 23.54 ms │   1.19 µs │      1 │ cuMemAllocFromPoolAsync │     8 bytes, device memory │
│ 5095 │ 23.55 ms │   1.91 µs │      1 │ cuMemcpyHtoDAsync       │                          - │
│ 5107 │ 23.56 ms │ 238.42 ns │      1 │ cudaGetDevice           │                          - │
│ 5108 │ 23.56 ms │   2.15 µs │      1 │ cudaFuncGetAttributes   │                          - │
│ 5109 │ 23.56 ms │   2.86 µs │      1 │ cudaLaunchKernelExC     │                          - │
│ 5110 │ 23.56 ms │    0.0 ns │      1 │ cudaGetLastError        │                          - │
│ 5116 │ 23.57 ms │   1.43 µs │      1 │ cuMemAllocFromPoolAsync │     8 bytes, device memory │
│ 5120 │ 23.57 ms │   1.91 µs │      1 │ cuMemcpyHtoDAsync       │                          - │
│ 5122 │ 23.58 ms │   1.19 µs │      1 │ cuMemAllocFromPoolAsync │     8 bytes, device memory │
│ 5126 │ 23.58 ms │   1.67 µs │      1 │ cuMemcpyHtoDAsync       │                          - │
│ 5138 │ 23.59 ms │    0.0 ns │      1 │ cudaGetDevice           │                          - │
│ 5139 │ 23.59 ms │   2.15 µs │      1 │ cudaFuncGetAttributes   │                          - │
│ 5140 │ 23.59 ms │   2.62 µs │      1 │ cudaLaunchKernelExC     │                          - │
│ 5141 │  23.6 ms │    0.0 ns │      1 │ cudaGetLastError        │                          - │
│ 5147 │  23.6 ms │   2.86 µs │      1 │ cuMemAllocFromPoolAsync │     8 bytes, device memory │
│ 5151 │ 23.61 ms │   2.15 µs │      1 │ cuMemcpyHtoDAsync       │                          - │
│ 5153 │ 23.61 ms │   1.43 µs │      1 │ cuMemAllocFromPoolAsync │     8 bytes, device memory │
│ 5157 │ 23.61 ms │   1.91 µs │      1 │ cuMemcpyHtoDAsync       │                          - │
│ 5169 │ 23.62 ms │    0.0 ns │      1 │ cudaGetDevice           │                          - │
│ 5170 │ 23.63 ms │   1.91 µs │      1 │ cudaFuncGetAttributes   │                          - │
│ 5171 │ 23.63 ms │   2.62 µs │      1 │ cudaLaunchKernelExC     │                          - │
│ 5172 │ 23.63 ms │    0.0 ns │      1 │ cudaGetLastError        │                          - │
│ 5220 │ 23.65 ms │   2.86 µs │      1 │ cuLaunchKernelEx        │                          - │
│ 5268 │ 23.67 ms │   2.62 µs │      1 │ cuLaunchKernelEx        │                          - │
│ 5274 │ 23.68 ms │   1.67 µs │      1 │ cuMemAllocFromPoolAsync │     8 bytes, device memory │
│ 5278 │ 23.68 ms │   2.38 µs │      1 │ cuMemcpyHtoDAsync       │                          - │
│ 5280 │ 23.68 ms │   1.19 µs │      1 │ cuMemAllocFromPoolAsync │     8 bytes, device memory │
│ 5284 │ 23.69 ms │   2.15 µs │      1 │ cuMemcpyHtoDAsync       │                          - │
│ 5296 │  23.7 ms │    0.0 ns │      1 │ cudaGetDevice           │                          - │
│ 5297 │  23.7 ms │   1.67 µs │      1 │ cudaFuncGetAttributes   │                          - │
│ 5298 │  23.7 ms │    3.1 µs │      1 │ cudaLaunchKernelExC     │                          - │
│ 5299 │  23.7 ms │    0.0 ns │      1 │ cudaGetLastError        │                          - │
│ 5317 │ 23.71 ms │   2.86 µs │      1 │ cuLaunchKernelEx        │                          - │
│ 5345 │ 23.73 ms │   2.86 µs │      1 │ cuLaunchKernelEx        │                          - │
│ 5373 │ 23.74 ms │   2.86 µs │      1 │ cuLaunchKernelEx        │                          - │
│ 5391 │ 23.75 ms │   2.38 µs │      1 │ cuLaunchKernelEx        │                          - │
│ 5397 │ 23.76 ms │   2.38 µs │      1 │ cuMemAllocFromPoolAsync │     8 bytes, device memory │
│ 5401 │ 23.76 ms │   2.38 µs │      1 │ cuMemcpyHtoDAsync       │                          - │
│ 5403 │ 23.77 ms │   1.19 µs │      1 │ cuMemAllocFromPoolAsync │     8 bytes, device memory │
│ 5407 │ 23.77 ms │   1.91 µs │      1 │ cuMemcpyHtoDAsync       │                          - │
│ 5419 │ 23.78 ms │ 238.42 ns │      1 │ cudaGetDevice           │                          - │
│ 5420 │ 23.78 ms │   2.15 µs │      1 │ cudaFuncGetAttributes   │                          - │
│ 5421 │ 23.78 ms │   2.62 µs │      1 │ cudaLaunchKernelExC     │                          - │
│ 5422 │ 23.78 ms │    0.0 ns │      1 │ cudaGetLastError        │                          - │
│ 5470 │  23.8 ms │   2.86 µs │      1 │ cuLaunchKernelEx        │                          - │
│ 5518 │ 23.82 ms │   2.15 µs │      1 │ cuLaunchKernelEx        │                          - │
│ 5524 │ 23.83 ms │   1.67 µs │      1 │ cuMemAllocFromPoolAsync │     8 bytes, device memory │
│ 5528 │ 23.83 ms │   2.86 µs │      1 │ cuMemcpyHtoDAsync       │                          - │
│ 5530 │ 23.84 ms │   1.43 µs │      1 │ cuMemAllocFromPoolAsync │     8 bytes, device memory │
│ 5534 │ 23.84 ms │   2.15 µs │      1 │ cuMemcpyHtoDAsync       │                          - │
│ 5546 │ 23.85 ms │    0.0 ns │      1 │ cudaGetDevice           │                          - │
│ 5547 │ 23.85 ms │   1.67 µs │      1 │ cudaFuncGetAttributes   │                          - │
│ 5548 │ 23.85 ms │   2.86 µs │      1 │ cudaLaunchKernelExC     │                          - │
│ 5549 │ 23.86 ms │    0.0 ns │      1 │ cudaGetLastError        │                          - │
│ 5555 │ 23.86 ms │   1.91 µs │      1 │ cuMemAllocFromPoolAsync │     8 bytes, device memory │
│ 5559 │ 23.87 ms │   2.15 µs │      1 │ cuMemcpyHtoDAsync       │                          - │
│ 5561 │ 23.87 ms │   1.19 µs │      1 │ cuMemAllocFromPoolAsync │     8 bytes, device memory │
│ 5565 │ 23.87 ms │   1.91 µs │      1 │ cuMemcpyHtoDAsync       │                          - │
│ 5577 │ 23.88 ms │    0.0 ns │      1 │ cudaGetDevice           │                          - │
│ 5578 │ 23.88 ms │   2.15 µs │      1 │ cudaFuncGetAttributes   │                          - │
│ 5579 │ 23.89 ms │   2.62 µs │      1 │ cudaLaunchKernelExC     │                          - │
│ 5580 │ 23.89 ms │    0.0 ns │      1 │ cudaGetLastError        │                          - │
│ 5586 │  23.9 ms │   1.43 µs │      1 │ cuMemAllocFromPoolAsync │     8 bytes, device memory │
│ 5590 │  23.9 ms │   2.38 µs │      1 │ cuMemcpyHtoDAsync       │                          - │
│ 5592 │  23.9 ms │   1.43 µs │      1 │ cuMemAllocFromPoolAsync │     8 bytes, device memory │
│ 5596 │  23.9 ms │   2.15 µs │      1 │ cuMemcpyHtoDAsync       │                          - │
│ 5608 │ 23.91 ms │ 238.42 ns │      1 │ cudaGetDevice           │                          - │
│ 5609 │ 23.92 ms │   1.91 µs │      1 │ cudaFuncGetAttributes   │                          - │
│ 5610 │ 23.92 ms │   2.86 µs │      1 │ cudaLaunchKernelExC     │                          - │
│ 5611 │ 23.92 ms │    0.0 ns │      1 │ cudaGetLastError        │                          - │
│ 5659 │ 23.94 ms │   2.62 µs │      1 │ cuLaunchKernelEx        │                          - │
│ 5707 │ 23.96 ms │   2.62 µs │      1 │ cuLaunchKernelEx        │                          - │
│ 5713 │ 23.96 ms │   2.62 µs │      1 │ cuMemAllocFromPoolAsync │     8 bytes, device memory │
│ 5717 │ 23.97 ms │   2.62 µs │      1 │ cuMemcpyHtoDAsync       │                          - │
│ 5719 │ 23.97 ms │ 953.67 ns │      1 │ cuMemAllocFromPoolAsync │     8 bytes, device memory │
│ 5723 │ 23.98 ms │   2.15 µs │      1 │ cuMemcpyHtoDAsync       │                          - │
│ 5735 │ 23.98 ms │    0.0 ns │      1 │ cudaGetDevice           │                          - │
│ 5736 │ 23.99 ms │   1.67 µs │      1 │ cudaFuncGetAttributes   │                          - │
│ 5737 │ 23.99 ms │   2.86 µs │      1 │ cudaLaunchKernelExC     │                          - │
│ 5738 │ 23.99 ms │    0.0 ns │      1 │ cudaGetLastError        │                          - │
│ 5756 │  24.0 ms │   2.62 µs │      1 │ cuLaunchKernelEx        │                          - │
│ 5784 │ 24.01 ms │   2.62 µs │      1 │ cuLaunchKernelEx        │                          - │
│ 5812 │ 24.03 ms │   2.62 µs │      1 │ cuLaunchKernelEx        │                          - │
│ 5830 │ 24.04 ms │   2.38 µs │      1 │ cuLaunchKernelEx        │                          - │
│ 5836 │ 24.04 ms │   1.67 µs │      1 │ cuMemAllocFromPoolAsync │     8 bytes, device memory │
│ 5840 │ 24.05 ms │   2.86 µs │      1 │ cuMemcpyHtoDAsync       │                          - │
│ 5842 │ 24.05 ms │ 953.67 ns │      1 │ cuMemAllocFromPoolAsync │     8 bytes, device memory │
│ 5846 │ 24.05 ms │   1.91 µs │      1 │ cuMemcpyHtoDAsync       │                          - │
│ 5858 │ 24.06 ms │ 238.42 ns │      1 │ cudaGetDevice           │                          - │
│ 5859 │ 24.07 ms │   1.91 µs │      1 │ cudaFuncGetAttributes   │                          - │
│ 5860 │ 24.07 ms │   2.86 µs │      1 │ cudaLaunchKernelExC     │                          - │
│ 5861 │ 24.07 ms │    0.0 ns │      1 │ cudaGetLastError        │                          - │
│ 5909 │ 24.09 ms │   2.86 µs │      1 │ cuLaunchKernelEx        │                          - │
│ 5957 │ 24.11 ms │   2.86 µs │      1 │ cuLaunchKernelEx        │                          - │
│ 5963 │ 24.12 ms │   2.62 µs │      1 │ cuMemAllocFromPoolAsync │     8 bytes, device memory │
│ 5967 │ 24.12 ms │   2.38 µs │      1 │ cuMemcpyHtoDAsync       │                          - │
│ 5969 │ 24.13 ms │   1.19 µs │      1 │ cuMemAllocFromPoolAsync │     8 bytes, device memory │
│ 5973 │ 24.13 ms │   1.91 µs │      1 │ cuMemcpyHtoDAsync       │                          - │
│ 5985 │ 24.14 ms │ 238.42 ns │      1 │ cudaGetDevice           │                          - │
│ 5986 │ 24.14 ms │   1.67 µs │      1 │ cudaFuncGetAttributes   │                          - │
│ 5987 │ 24.14 ms │    3.1 µs │      1 │ cudaLaunchKernelExC     │                          - │
│ 5988 │ 24.14 ms │ 238.42 ns │      1 │ cudaGetLastError        │                          - │
│ 5994 │ 24.15 ms │   1.67 µs │      1 │ cuMemAllocFromPoolAsync │     8 bytes, device memory │
│ 5998 │ 24.15 ms │   2.38 µs │      1 │ cuMemcpyHtoDAsync       │                          - │
│ 6000 │ 24.16 ms │   1.19 µs │      1 │ cuMemAllocFromPoolAsync │     8 bytes, device memory │
│ 6004 │ 24.16 ms │   1.91 µs │      1 │ cuMemcpyHtoDAsync       │                          - │
│ 6016 │ 24.17 ms │    0.0 ns │      1 │ cudaGetDevice           │                          - │
│ 6017 │ 24.17 ms │   1.91 µs │      1 │ cudaFuncGetAttributes   │                          - │
│ 6018 │ 24.17 ms │    3.1 µs │      1 │ cudaLaunchKernelExC     │                          - │
│ 6019 │ 24.18 ms │    0.0 ns │      1 │ cudaGetLastError        │                          - │
│ 6025 │ 24.18 ms │   2.15 µs │      1 │ cuMemAllocFromPoolAsync │     8 bytes, device memory │
│ 6029 │ 24.19 ms │   2.38 µs │      1 │ cuMemcpyHtoDAsync       │                          - │
│ 6031 │ 24.19 ms │   1.19 µs │      1 │ cuMemAllocFromPoolAsync │     8 bytes, device memory │
│ 6035 │ 24.19 ms │   2.15 µs │      1 │ cuMemcpyHtoDAsync       │                          - │
│ 6047 │  24.2 ms │ 238.42 ns │      1 │ cudaGetDevice           │                          - │
│ 6048 │ 24.21 ms │   1.67 µs │      1 │ cudaFuncGetAttributes   │                          - │
│ 6049 │ 24.21 ms │   2.86 µs │      1 │ cudaLaunchKernelExC     │                          - │
│ 6050 │ 24.21 ms │    0.0 ns │      1 │ cudaGetLastError        │                          - │
│ 6098 │ 24.23 ms │    3.1 µs │      1 │ cuLaunchKernelEx        │                          - │
│ 6146 │ 24.25 ms │   2.86 µs │      1 │ cuLaunchKernelEx        │                          - │
│ 6152 │ 24.25 ms │   1.67 µs │      1 │ cuMemAllocFromPoolAsync │     8 bytes, device memory │
│ 6156 │ 24.26 ms │   2.38 µs │      1 │ cuMemcpyHtoDAsync       │                          - │
│ 6158 │ 24.26 ms │   1.67 µs │      1 │ cuMemAllocFromPoolAsync │     8 bytes, device memory │
│ 6162 │ 24.27 ms │   1.67 µs │      1 │ cuMemcpyHtoDAsync       │                          - │
│ 6174 │ 24.27 ms │ 476.84 ns │      1 │ cudaGetDevice           │                          - │
│ 6175 │ 24.28 ms │   1.91 µs │      1 │ cudaFuncGetAttributes   │                          - │
│ 6176 │ 24.28 ms │   2.86 µs │      1 │ cudaLaunchKernelExC     │                          - │
│ 6177 │ 24.28 ms │    0.0 ns │      1 │ cudaGetLastError        │                          - │
│ 6195 │ 24.29 ms │   2.86 µs │      1 │ cuLaunchKernelEx        │                          - │
│ 6223 │  24.3 ms │   2.38 µs │      1 │ cuLaunchKernelEx        │                          - │
│ 6251 │ 24.32 ms │   2.62 µs │      1 │ cuLaunchKernelEx        │                          - │
│ 6269 │ 24.33 ms │   2.15 µs │      1 │ cuLaunchKernelEx        │                          - │
│ 6275 │ 24.34 ms │    3.1 µs │      1 │ cuMemAllocFromPoolAsync │     8 bytes, device memory │
│ 6279 │ 24.34 ms │   2.38 µs │      1 │ cuMemcpyHtoDAsync       │                          - │
│ 6281 │ 24.34 ms │   1.19 µs │      1 │ cuMemAllocFromPoolAsync │     8 bytes, device memory │
│ 6285 │ 24.35 ms │   2.15 µs │      1 │ cuMemcpyHtoDAsync       │                          - │
│ 6297 │ 24.36 ms │ 238.42 ns │      1 │ cudaGetDevice           │                          - │
│ 6298 │ 24.36 ms │   2.15 µs │      1 │ cudaFuncGetAttributes   │                          - │
│ 6299 │ 24.36 ms │   3.81 µs │      1 │ cudaLaunchKernelExC     │                          - │
│ 6300 │ 24.37 ms │ 238.42 ns │      1 │ cudaGetLastError        │                          - │
│ 6348 │ 24.38 ms │    3.1 µs │      1 │ cuLaunchKernelEx        │                          - │
│ 6396 │  24.4 ms │   2.62 µs │      1 │ cuLaunchKernelEx        │                          - │
│ 6402 │ 24.41 ms │   1.43 µs │      1 │ cuMemAllocFromPoolAsync │     8 bytes, device memory │
│ 6406 │ 24.41 ms │   2.15 µs │      1 │ cuMemcpyHtoDAsync       │                          - │
│ 6408 │ 24.42 ms │   1.67 µs │      1 │ cuMemAllocFromPoolAsync │     8 bytes, device memory │
│ 6412 │ 24.42 ms │   1.67 µs │      1 │ cuMemcpyHtoDAsync       │                          - │
│ 6424 │ 24.43 ms │    0.0 ns │      1 │ cudaGetDevice           │                          - │
│ 6425 │ 24.43 ms │   2.15 µs │      1 │ cudaFuncGetAttributes   │                          - │
│ 6426 │ 24.43 ms │    3.1 µs │      1 │ cudaLaunchKernelExC     │                          - │
│ 6427 │ 24.44 ms │ 238.42 ns │      1 │ cudaGetLastError        │                          - │
│ 6433 │ 24.44 ms │   2.38 µs │      1 │ cuMemAllocFromPoolAsync │     8 bytes, device memory │
│ 6437 │ 24.45 ms │   2.15 µs │      1 │ cuMemcpyHtoDAsync       │                          - │
│ 6439 │ 24.45 ms │   1.43 µs │      1 │ cuMemAllocFromPoolAsync │     8 bytes, device memory │
│ 6443 │ 24.46 ms │   1.91 µs │      1 │ cuMemcpyHtoDAsync       │                          - │
│ 6455 │ 24.46 ms │    0.0 ns │      1 │ cudaGetDevice           │                          - │
│ 6456 │ 24.47 ms │   1.91 µs │      1 │ cudaFuncGetAttributes   │                          - │
│ 6457 │ 24.47 ms │    3.1 µs │      1 │ cudaLaunchKernelExC     │                          - │
│ 6458 │ 24.47 ms │ 238.42 ns │      1 │ cudaGetLastError        │                          - │
│ 6464 │ 24.48 ms │   1.43 µs │      1 │ cuMemAllocFromPoolAsync │     8 bytes, device memory │
│ 6468 │ 24.48 ms │   2.38 µs │      1 │ cuMemcpyHtoDAsync       │                          - │
│ 6470 │ 24.49 ms │   1.43 µs │      1 │ cuMemAllocFromPoolAsync │     8 bytes, device memory │
│ 6474 │ 24.49 ms │   1.91 µs │      1 │ cuMemcpyHtoDAsync       │                          - │
│ 6486 │  24.5 ms │ 238.42 ns │      1 │ cudaGetDevice           │                          - │
│ 6487 │  24.5 ms │   1.67 µs │      1 │ cudaFuncGetAttributes   │                          - │
│ 6488 │  24.5 ms │   2.62 µs │      1 │ cudaLaunchKernelExC     │                          - │
│ 6489 │  24.5 ms │    0.0 ns │      1 │ cudaGetLastError        │                          - │
│ 6537 │ 24.52 ms │   2.86 µs │      1 │ cuLaunchKernelEx        │                          - │
│ 6585 │ 24.54 ms │   2.86 µs │      1 │ cuLaunchKernelEx        │                          - │
│ 6591 │ 24.55 ms │   2.62 µs │      1 │ cuMemAllocFromPoolAsync │     8 bytes, device memory │
│ 6595 │ 24.55 ms │   2.62 µs │      1 │ cuMemcpyHtoDAsync       │                          - │
│ 6597 │ 24.56 ms │   1.43 µs │      1 │ cuMemAllocFromPoolAsync │     8 bytes, device memory │
│ 6601 │ 24.56 ms │   2.15 µs │      1 │ cuMemcpyHtoDAsync       │                          - │
│ 6613 │ 24.57 ms │ 238.42 ns │      1 │ cudaGetDevice           │                          - │
│ 6614 │ 24.57 ms │   1.91 µs │      1 │ cudaFuncGetAttributes   │                          - │
│ 6615 │ 24.57 ms │    3.1 µs │      1 │ cudaLaunchKernelExC     │                          - │
│ 6616 │ 24.58 ms │ 238.42 ns │      1 │ cudaGetLastError        │                          - │
│ 6634 │ 24.58 ms │   2.62 µs │      1 │ cuLaunchKernelEx        │                          - │
│ 6642 │  24.6 ms │   3.34 µs │      1 │ cuLaunchKernelEx        │                          - │
│ 6654 │ 24.62 ms │   4.77 µs │      1 │ cuLaunchKernelEx        │                          - │
│ 6668 │ 24.63 ms │   5.48 µs │      1 │ cuLaunchKernelEx        │                          - │
└──────┴──────────┴───────────┴────────┴─────────────────────────┴────────────────────────────┘

Device-side activity: GPU was busy for 66.32 ms (79.53% of the trace)
┌──────┬──────────┬───────────┬─────────┬────────┬──────┬────────────────────┬─────────────┬───────────────┬─────────────────────────────────────────────────────────────────────────────────────────────────────────────────────────────────────────────────────────────────────────────────────────────────────────────────────────────────────────────────────────────────────────────────────────────────────────────────────────────────────────────────────────────────────────────────────────────────────────────────────────────────────────────────────────────────────────────────────────────────────────────────────────────────────────────────────────────────────────────────────────────────────────────────────────────────────────────────────────────────────────────────────────────────────────────────────────────────────────────────────────────────────────────────────────────────────────────────────────────────────────────────────────────────────────────────────────────────────────────────────────────────────────────────────────────────────────────────────────────────────────────────────────────────────────────────────────────────────────────────────────────────────────────────┐
│   ID │    Start │      Time │ Threads │ Blocks │ Regs │         Shared Mem │        Size │    Throughput │ Name                                                                                                                                                                                                                                                                                                                                                                                                                                                                                                                                                                                                                                                                                                                                                                                                                                                                                                                                                                                                                                                                                                            │
├──────┼──────────┼───────────┼─────────┼────────┼──────┼────────────────────┼─────────────┼───────────────┼─────────────────────────────────────────────────────────────────────────────────────────────────────────────────────────────────────────────────────────────────────────────────────────────────────────────────────────────────────────────────────────────────────────────────────────────────────────────────────────────────────────────────────────────────────────────────────────────────────────────────────────────────────────────────────────────────────────────────────────────────────────────────────────────────────────────────────────────────────────────────────────────────────────────────────────────────────────────────────────────────────────────────────────────────────────────────────────────────────────────────────────────────────────────────────────────────────────────────────────────────────────────────────────────────────────────────────────────────────────────────────────────────────────────────────────────────────────────────────────────────────────────────────────────────────────────────────────────────────────────────────────────────────────────────┤
│    8 │ 16.39 ms │   2.62 µs │    1024 │    732 │   18 │                  - │           - │             - │ gpu_fill_kernel_(CompilerMetadata<DynamicSize, DynamicCheck, void, CartesianIndices<1, Tuple<OneTo<Int64>>>, NDRange<1, DynamicSize, DynamicSize, CartesianIndices<1, Tuple<OneTo<Int64>>>, CartesianIndices<1, Tuple<OneTo<Int64>>>>>, CuDeviceArray<Float64, 2, 1>, Float64)                                                                                                                                                                                                                                                                                                                                                                                                                                                                                                                                                                                                                                                                                                                                                                                                                                  │
│   20 │ 16.41 ms │   2.03 ms │     128 │   8192 │  113 │                  - │           - │             - │ _cuda_b2m_leaf_nodes_kernel_(CuDeviceArray<Float64, 2, 1>, CuDeviceArray<Float64, 2, 1>, CuDeviceArray<Float64, 2, 1>, CuDeviceArray<Int64, 2, 1>, CuDeviceArray<Int64, 1, 1>, Int64, Int64)                                                                                                                                                                                                                                                                                                                                                                                                                                                                                                                                                                                                                                                                                                                                                                                                                                                                                                                    │
│   28 │ 18.45 ms │ 953.67 ns │    1024 │     92 │   18 │                  - │           - │             - │ gpu_fill_kernel_(CompilerMetadata<DynamicSize, DynamicCheck, void, CartesianIndices<1, Tuple<OneTo<Int64>>>, NDRange<1, DynamicSize, DynamicSize, CartesianIndices<1, Tuple<OneTo<Int64>>>, CartesianIndices<1, Tuple<OneTo<Int64>>>>>, CuDeviceArray<Float64, 2, 1>, Float64)                                                                                                                                                                                                                                                                                                                                                                                                                                                                                                                                                                                                                                                                                                                                                                                                                                  │
│   56 │ 18.45 ms │   5.72 µs │    1024 │    512 │   30 │                  - │           - │             - │ gpu_broadcast_kernel_cartesian(CompilerMetadata<DynamicSize, DynamicCheck, void, CartesianIndices<2, Tuple<OneTo<Int64>, OneTo<Int64>>>, NDRange<2, DynamicSize, DynamicSize, CartesianIndices<2, Tuple<OneTo<Int64>, OneTo<Int64>>>, CartesianIndices<2, Tuple<OneTo<Int64>, OneTo<Int64>>>>>, CuDeviceArray<Float64, 2, 1>, Broadcasted<CuArrayStyle<2, DeviceMemory>, Tuple<OneTo<Int64>, OneTo<Int64>>, cos, Tuple<Broadcasted<CuArrayStyle<1, DeviceMemory>, void, _, Tuple<Extruded<CuDeviceArray<Float64, 1, 1>, Tuple<Bool>, Tuple<Int64>>, Extruded<Transpose<Float64, CuDeviceArray<Float64, 1, 1>>, Tuple<Bool, Bool>, Tuple<Int64, Int64>>>>>>)                                                                                                                                                                                                                                                                                                                                                                                                                                                     │
│   84 │ 18.46 ms │   5.01 µs │    1024 │    512 │   30 │                  - │           - │             - │ gpu_broadcast_kernel_cartesian(CompilerMetadata<DynamicSize, DynamicCheck, void, CartesianIndices<2, Tuple<OneTo<Int64>, OneTo<Int64>>>, NDRange<2, DynamicSize, DynamicSize, CartesianIndices<2, Tuple<OneTo<Int64>, OneTo<Int64>>>, CartesianIndices<2, Tuple<OneTo<Int64>, OneTo<Int64>>>>>, CuDeviceArray<Float64, 2, 1>, Broadcasted<CuArrayStyle<2, DeviceMemory>, Tuple<OneTo<Int64>, OneTo<Int64>>, sin, Tuple<Broadcasted<CuArrayStyle<1, DeviceMemory>, void, _, Tuple<Extruded<CuDeviceArray<Float64, 1, 1>, Tuple<Bool>, Tuple<Int64>>, Extruded<Transpose<Float64, CuDeviceArray<Float64, 1, 1>>, Tuple<Bool, Bool>, Tuple<Int64, Int64>>>>>>)                                                                                                                                                                                                                                                                                                                                                                                                                                                     │
│  102 │ 18.46 ms │    6.2 µs │     256 │   2048 │   32 │                  - │           - │             - │ _cuda_gather_rotate_z_kernel_(CuDeviceArray<Float64, 2, 1>, CuDeviceArray<Float64, 2, 1>, CuDeviceArray<Int64, 1, 1>, CuDeviceArray<Int64, 1, 1>, CuDeviceArray<Float64, 1, 1>, CuDeviceArray<Float64, 1, 1>, CuDeviceArray<Int64, 1, 1>, CuDeviceArray<Float64, 1, 1>, Float64)                                                                                                                                                                                                                                                                                                                                                                                                                                                                                                                                                                                                                                                                                                                                                                                                                                │
│  112 │ 18.47 ms │ 476.84 ns │       - │      - │    - │                  - │     8 bytes │  16.000 MiB/s │ [copy pageable to device memory]                                                                                                                                                                                                                                                                                                                                                                                                                                                                                                                                                                                                                                                                                                                                                                                                                                                                                                                                                                                                                                                                                │
│  118 │ 18.47 ms │ 715.26 ns │       - │      - │    - │                  - │     8 bytes │  10.667 MiB/s │ [copy pageable to device memory]                                                                                                                                                                                                                                                                                                                                                                                                                                                                                                                                                                                                                                                                                                                                                                                                                                                                                                                                                                                                                                                                                │
│  132 │ 18.48 ms │   7.15 µs │     128 │    512 │  168 │ 72.000 KiB dynamic │           - │             - │ sm90_xmma_gemm_f64f64_f64f64_f64_nn_n_tilesize64x32x32_stage3_warpsize2x2x1_tensor16x8x16_execute_kernel__5x_cublas                                                                                                                                                                                                                                                                                                                                                                                                                                                                                                                                                                                                                                                                                                                                                                                                                                                                                                                                                                                             │
│  181 │ 18.49 ms │    6.2 µs │    1024 │    512 │   26 │                  - │           - │             - │ gpu_broadcast_kernel_cartesian(CompilerMetadata<DynamicSize, DynamicCheck, void, CartesianIndices<2, Tuple<OneTo<Int64>, OneTo<Int64>>>, NDRange<2, DynamicSize, DynamicSize, CartesianIndices<2, Tuple<OneTo<Int64>, OneTo<Int64>>>, CartesianIndices<2, Tuple<OneTo<Int64>, OneTo<Int64>>>>>, SubArray<Float64, 2, CuDeviceArray<Float64, 2, 1>, Tuple<UnitRange<Int64>, Slice<OneTo<Int64>>>, false>, Broadcasted<CuArrayStyle<2, DeviceMemory>, Tuple<OneTo<Int64>, OneTo<Int64>>, _, Tuple<Broadcasted<CuArrayStyle<2, DeviceMemory>, void, _, Tuple<Extruded<CuDeviceArray<Float64, 2, 1>, Tuple<Bool, Bool>, Tuple<Int64, Int64>>, Extruded<SubArray<Float64, 2, CuDeviceArray<Float64, 2, 1>, Tuple<UnitRange<Int64>, Slice<OneTo<Int64>>>, false>, Tuple<Bool, Bool>, Tuple<Int64, Int64>>>>, Broadcasted<CuArrayStyle<2, DeviceMemory>, void, _, Tuple<Extruded<CuDeviceArray<Float64, 2, 1>, Tuple<Bool, Bool>, Tuple<Int64, Int64>>, Extruded<SubArray<Float64, 2, CuDeviceArray<Float64, 2, 1>, Tuple<UnitRange<Int64>, Slice<OneTo<Int64>>>, false>, Tuple<Bool, Bool>, Tuple<Int64, Int64>>>>>>) │
│  229 │ 18.49 ms │    6.2 µs │    1024 │    512 │   26 │                  - │           - │             - │ gpu_broadcast_kernel_cartesian(CompilerMetadata<DynamicSize, DynamicCheck, void, CartesianIndices<2, Tuple<OneTo<Int64>, OneTo<Int64>>>, NDRange<2, DynamicSize, DynamicSize, CartesianIndices<2, Tuple<OneTo<Int64>, OneTo<Int64>>>, CartesianIndices<2, Tuple<OneTo<Int64>, OneTo<Int64>>>>>, SubArray<Float64, 2, CuDeviceArray<Float64, 2, 1>, Tuple<UnitRange<Int64>, Slice<OneTo<Int64>>>, false>, Broadcasted<CuArrayStyle<2, DeviceMemory>, Tuple<OneTo<Int64>, OneTo<Int64>>, _, Tuple<Broadcasted<CuArrayStyle<2, DeviceMemory>, void, _, Tuple<Extruded<CuDeviceArray<Float64, 2, 1>, Tuple<Bool, Bool>, Tuple<Int64, Int64>>, Extruded<SubArray<Float64, 2, CuDeviceArray<Float64, 2, 1>, Tuple<UnitRange<Int64>, Slice<OneTo<Int64>>>, false>, Tuple<Bool, Bool>, Tuple<Int64, Int64>>>>, Broadcasted<CuArrayStyle<2, DeviceMemory>, void, _, Tuple<Extruded<CuDeviceArray<Float64, 2, 1>, Tuple<Bool, Bool>, Tuple<Int64, Int64>>, Extruded<SubArray<Float64, 2, CuDeviceArray<Float64, 2, 1>, Tuple<UnitRange<Int64>, Slice<OneTo<Int64>>>, false>, Tuple<Bool, Bool>, Tuple<Int64, Int64>>>>>>) │
│  239 │  18.5 ms │ 715.26 ns │       - │      - │    - │                  - │     8 bytes │  10.667 MiB/s │ [copy pageable to device memory]                                                                                                                                                                                                                                                                                                                                                                                                                                                                                                                                                                                                                                                                                                                                                                                                                                                                                                                                                                                                                                                                                │
│  245 │  18.5 ms │ 715.26 ns │       - │      - │    - │                  - │     8 bytes │  10.667 MiB/s │ [copy pageable to device memory]                                                                                                                                                                                                                                                                                                                                                                                                                                                                                                                                                                                                                                                                                                                                                                                                                                                                                                                                                                                                                                                                                │
│  259 │ 18.51 ms │   6.68 µs │     128 │    512 │  168 │ 72.000 KiB dynamic │           - │             - │ sm90_xmma_gemm_f64f64_f64f64_f64_nn_n_tilesize64x32x32_stage3_warpsize2x2x1_tensor16x8x16_execute_kernel__5x_cublas                                                                                                                                                                                                                                                                                                                                                                                                                                                                                                                                                                                                                                                                                                                                                                                                                                                                                                                                                                                             │
│  270 │ 18.52 ms │ 953.67 ns │       - │      - │    - │                  - │     8 bytes │   8.000 MiB/s │ [copy pageable to device memory]                                                                                                                                                                                                                                                                                                                                                                                                                                                                                                                                                                                                                                                                                                                                                                                                                                                                                                                                                                                                                                                                                │
│  276 │ 18.52 ms │ 476.84 ns │       - │      - │    - │                  - │     8 bytes │  16.000 MiB/s │ [copy pageable to device memory]                                                                                                                                                                                                                                                                                                                                                                                                                                                                                                                                                                                                                                                                                                                                                                                                                                                                                                                                                                                                                                                                                │
│  290 │ 18.52 ms │    6.2 µs │     128 │    512 │  168 │ 72.000 KiB dynamic │           - │             - │ sm90_xmma_gemm_f64f64_f64f64_f64_nn_n_tilesize64x32x32_stage3_warpsize2x2x1_tensor16x8x16_execute_kernel__5x_cublas                                                                                                                                                                                                                                                                                                                                                                                                                                                                                                                                                                                                                                                                                                                                                                                                                                                                                                                                                                                             │
│  301 │ 18.53 ms │ 953.67 ns │       - │      - │    - │                  - │     8 bytes │   8.000 MiB/s │ [copy pageable to device memory]                                                                                                                                                                                                                                                                                                                                                                                                                                                                                                                                                                                                                                                                                                                                                                                                                                                                                                                                                                                                                                                                                │
│  307 │ 18.53 ms │   1.19 µs │       - │      - │    - │                  - │     8 bytes │   6.400 MiB/s │ [copy pageable to device memory]                                                                                                                                                                                                                                                                                                                                                                                                                                                                                                                                                                                                                                                                                                                                                                                                                                                                                                                                                                                                                                                                                │
│  321 │ 18.53 ms │   6.91 µs │     128 │    512 │  168 │ 72.000 KiB dynamic │           - │             - │ sm90_xmma_gemm_f64f64_f64f64_f64_nn_n_tilesize64x32x32_stage3_warpsize2x2x1_tensor16x8x16_execute_kernel__5x_cublas                                                                                                                                                                                                                                                                                                                                                                                                                                                                                                                                                                                                                                                                                                                                                                                                                                                                                                                                                                                             │
│  370 │ 18.54 ms │   5.96 µs │    1024 │    512 │   26 │                  - │           - │             - │ gpu_broadcast_kernel_cartesian(CompilerMetadata<DynamicSize, DynamicCheck, void, CartesianIndices<2, Tuple<OneTo<Int64>, OneTo<Int64>>>, NDRange<2, DynamicSize, DynamicSize, CartesianIndices<2, Tuple<OneTo<Int64>, OneTo<Int64>>>, CartesianIndices<2, Tuple<OneTo<Int64>, OneTo<Int64>>>>>, SubArray<Float64, 2, CuDeviceArray<Float64, 2, 1>, Tuple<UnitRange<Int64>, Slice<OneTo<Int64>>>, false>, Broadcasted<CuArrayStyle<2, DeviceMemory>, Tuple<OneTo<Int64>, OneTo<Int64>>, _, Tuple<Broadcasted<CuArrayStyle<2, DeviceMemory>, void, _, Tuple<Extruded<CuDeviceArray<Float64, 2, 1>, Tuple<Bool, Bool>, Tuple<Int64, Int64>>, Extruded<SubArray<Float64, 2, CuDeviceArray<Float64, 2, 1>, Tuple<UnitRange<Int64>, Slice<OneTo<Int64>>>, false>, Tuple<Bool, Bool>, Tuple<Int64, Int64>>>>, Broadcasted<CuArrayStyle<2, DeviceMemory>, void, _, Tuple<Extruded<CuDeviceArray<Float64, 2, 1>, Tuple<Bool, Bool>, Tuple<Int64, Int64>>, Extruded<SubArray<Float64, 2, CuDeviceArray<Float64, 2, 1>, Tuple<UnitRange<Int64>, Slice<OneTo<Int64>>>, false>, Tuple<Bool, Bool>, Tuple<Int64, Int64>>>>>>) │
│  418 │ 18.55 ms │    6.2 µs │    1024 │    512 │   26 │                  - │           - │             - │ gpu_broadcast_kernel_cartesian(CompilerMetadata<DynamicSize, DynamicCheck, void, CartesianIndices<2, Tuple<OneTo<Int64>, OneTo<Int64>>>, NDRange<2, DynamicSize, DynamicSize, CartesianIndices<2, Tuple<OneTo<Int64>, OneTo<Int64>>>, CartesianIndices<2, Tuple<OneTo<Int64>, OneTo<Int64>>>>>, SubArray<Float64, 2, CuDeviceArray<Float64, 2, 1>, Tuple<UnitRange<Int64>, Slice<OneTo<Int64>>>, false>, Broadcasted<CuArrayStyle<2, DeviceMemory>, Tuple<OneTo<Int64>, OneTo<Int64>>, _, Tuple<Broadcasted<CuArrayStyle<2, DeviceMemory>, void, _, Tuple<Extruded<CuDeviceArray<Float64, 2, 1>, Tuple<Bool, Bool>, Tuple<Int64, Int64>>, Extruded<SubArray<Float64, 2, CuDeviceArray<Float64, 2, 1>, Tuple<UnitRange<Int64>, Slice<OneTo<Int64>>>, false>, Tuple<Bool, Bool>, Tuple<Int64, Int64>>>>, Broadcasted<CuArrayStyle<2, DeviceMemory>, void, _, Tuple<Extruded<CuDeviceArray<Float64, 2, 1>, Tuple<Bool, Bool>, Tuple<Int64, Int64>>, Extruded<SubArray<Float64, 2, CuDeviceArray<Float64, 2, 1>, Tuple<UnitRange<Int64>, Slice<OneTo<Int64>>>, false>, Tuple<Bool, Bool>, Tuple<Int64, Int64>>>>>>) │
│  428 │ 18.56 ms │ 715.26 ns │       - │      - │    - │                  - │     8 bytes │  10.667 MiB/s │ [copy pageable to device memory]                                                                                                                                                                                                                                                                                                                                                                                                                                                                                                                                                                                                                                                                                                                                                                                                                                                                                                                                                                                                                                                                                │
│  434 │ 18.56 ms │ 953.67 ns │       - │      - │    - │                  - │     8 bytes │   8.000 MiB/s │ [copy pageable to device memory]                                                                                                                                                                                                                                                                                                                                                                                                                                                                                                                                                                                                                                                                                                                                                                                                                                                                                                                                                                                                                                                                                │
│  448 │ 18.56 ms │   6.68 µs │     128 │    512 │  168 │ 72.000 KiB dynamic │           - │             - │ sm90_xmma_gemm_f64f64_f64f64_f64_nn_n_tilesize64x32x32_stage3_warpsize2x2x1_tensor16x8x16_execute_kernel__5x_cublas                                                                                                                                                                                                                                                                                                                                                                                                                                                                                                                                                                                                                                                                                                                                                                                                                                                                                                                                                                                             │
│  467 │ 18.57 ms │   7.63 µs │     256 │   2048 │   32 │                  - │           - │             - │ _cuda_rotate_z_scatter_accumulate_kernel_(CuDeviceArray<Float64, 2, 1>, CuDeviceArray<Float64, 2, 1>, CuDeviceArray<Int64, 1, 1>, CuDeviceArray<Int64, 1, 1>, CuDeviceArray<Float64, 1, 1>, CuDeviceArray<Float64, 1, 1>, CuDeviceArray<Int64, 1, 1>, CuDeviceArray<Float64, 1, 1>)                                                                                                                                                                                                                                                                                                                                                                                                                                                                                                                                                                                                                                                                                                                                                                                                                             │
│  495 │ 18.58 ms │   2.62 µs │    1024 │     64 │   30 │                  - │           - │             - │ gpu_broadcast_kernel_cartesian(CompilerMetadata<DynamicSize, DynamicCheck, void, CartesianIndices<2, Tuple<OneTo<Int64>, OneTo<Int64>>>, NDRange<2, DynamicSize, DynamicSize, CartesianIndices<2, Tuple<OneTo<Int64>, OneTo<Int64>>>, CartesianIndices<2, Tuple<OneTo<Int64>, OneTo<Int64>>>>>, CuDeviceArray<Float64, 2, 1>, Broadcasted<CuArrayStyle<2, DeviceMemory>, Tuple<OneTo<Int64>, OneTo<Int64>>, cos, Tuple<Broadcasted<CuArrayStyle<1, DeviceMemory>, void, _, Tuple<Extruded<CuDeviceArray<Float64, 1, 1>, Tuple<Bool>, Tuple<Int64>>, Extruded<Transpose<Float64, CuDeviceArray<Float64, 1, 1>>, Tuple<Bool, Bool>, Tuple<Int64, Int64>>>>>>)                                                                                                                                                                                                                                                                                                                                                                                                                                                     │
│  523 │ 18.58 ms │   2.38 µs │    1024 │     64 │   30 │                  - │           - │             - │ gpu_broadcast_kernel_cartesian(CompilerMetadata<DynamicSize, DynamicCheck, void, CartesianIndices<2, Tuple<OneTo<Int64>, OneTo<Int64>>>, NDRange<2, DynamicSize, DynamicSize, CartesianIndices<2, Tuple<OneTo<Int64>, OneTo<Int64>>>, CartesianIndices<2, Tuple<OneTo<Int64>, OneTo<Int64>>>>>, CuDeviceArray<Float64, 2, 1>, Broadcasted<CuArrayStyle<2, DeviceMemory>, Tuple<OneTo<Int64>, OneTo<Int64>>, sin, Tuple<Broadcasted<CuArrayStyle<1, DeviceMemory>, void, _, Tuple<Extruded<CuDeviceArray<Float64, 1, 1>, Tuple<Bool>, Tuple<Int64>>, Extruded<Transpose<Float64, CuDeviceArray<Float64, 1, 1>>, Tuple<Bool, Bool>, Tuple<Int64, Int64>>>>>>)                                                                                                                                                                                                                                                                                                                                                                                                                                                     │
│  541 │ 18.59 ms │   2.38 µs │     256 │    256 │   32 │                  - │           - │             - │ _cuda_gather_rotate_z_kernel_(CuDeviceArray<Float64, 2, 1>, CuDeviceArray<Float64, 2, 1>, CuDeviceArray<Int64, 1, 1>, CuDeviceArray<Int64, 1, 1>, CuDeviceArray<Float64, 1, 1>, CuDeviceArray<Float64, 1, 1>, CuDeviceArray<Int64, 1, 1>, CuDeviceArray<Float64, 1, 1>, Float64)                                                                                                                                                                                                                                                                                                                                                                                                                                                                                                                                                                                                                                                                                                                                                                                                                                │
│  551 │ 18.59 ms │ 953.67 ns │       - │      - │    - │                  - │     8 bytes │   8.000 MiB/s │ [copy pageable to device memory]                                                                                                                                                                                                                                                                                                                                                                                                                                                                                                                                                                                                                                                                                                                                                                                                                                                                                                                                                                                                                                                                                │
│  557 │  18.6 ms │ 715.26 ns │       - │      - │    - │                  - │     8 bytes │  10.667 MiB/s │ [copy pageable to device memory]                                                                                                                                                                                                                                                                                                                                                                                                                                                                                                                                                                                                                                                                                                                                                                                                                                                                                                                                                                                                                                                                                │
│  571 │  18.6 ms │   2.86 µs │     128 │    128 │  126 │ 80.000 KiB dynamic │           - │             - │ sm90_xmma_gemm_f64f64_f64f64_f64_nn_n_tilesize32x32x32_stage5_warpsize2x2x1_tensor16x8x16_execute_kernel__5x_cublas                                                                                                                                                                                                                                                                                                                                                                                                                                                                                                                                                                                                                                                                                                                                                                                                                                                                                                                                                                                             │
│  620 │  18.6 ms │   2.38 µs │    1024 │     64 │   26 │                  - │           - │             - │ gpu_broadcast_kernel_cartesian(CompilerMetadata<DynamicSize, DynamicCheck, void, CartesianIndices<2, Tuple<OneTo<Int64>, OneTo<Int64>>>, NDRange<2, DynamicSize, DynamicSize, CartesianIndices<2, Tuple<OneTo<Int64>, OneTo<Int64>>>, CartesianIndices<2, Tuple<OneTo<Int64>, OneTo<Int64>>>>>, SubArray<Float64, 2, CuDeviceArray<Float64, 2, 1>, Tuple<UnitRange<Int64>, Slice<OneTo<Int64>>>, false>, Broadcasted<CuArrayStyle<2, DeviceMemory>, Tuple<OneTo<Int64>, OneTo<Int64>>, _, Tuple<Broadcasted<CuArrayStyle<2, DeviceMemory>, void, _, Tuple<Extruded<CuDeviceArray<Float64, 2, 1>, Tuple<Bool, Bool>, Tuple<Int64, Int64>>, Extruded<SubArray<Float64, 2, CuDeviceArray<Float64, 2, 1>, Tuple<UnitRange<Int64>, Slice<OneTo<Int64>>>, false>, Tuple<Bool, Bool>, Tuple<Int64, Int64>>>>, Broadcasted<CuArrayStyle<2, DeviceMemory>, void, _, Tuple<Extruded<CuDeviceArray<Float64, 2, 1>, Tuple<Bool, Bool>, Tuple<Int64, Int64>>, Extruded<SubArray<Float64, 2, CuDeviceArray<Float64, 2, 1>, Tuple<UnitRange<Int64>, Slice<OneTo<Int64>>>, false>, Tuple<Bool, Bool>, Tuple<Int64, Int64>>>>>>) │
│  668 │ 18.61 ms │   2.38 µs │    1024 │     64 │   26 │                  - │           - │             - │ gpu_broadcast_kernel_cartesian(CompilerMetadata<DynamicSize, DynamicCheck, void, CartesianIndices<2, Tuple<OneTo<Int64>, OneTo<Int64>>>, NDRange<2, DynamicSize, DynamicSize, CartesianIndices<2, Tuple<OneTo<Int64>, OneTo<Int64>>>, CartesianIndices<2, Tuple<OneTo<Int64>, OneTo<Int64>>>>>, SubArray<Float64, 2, CuDeviceArray<Float64, 2, 1>, Tuple<UnitRange<Int64>, Slice<OneTo<Int64>>>, false>, Broadcasted<CuArrayStyle<2, DeviceMemory>, Tuple<OneTo<Int64>, OneTo<Int64>>, _, Tuple<Broadcasted<CuArrayStyle<2, DeviceMemory>, void, _, Tuple<Extruded<CuDeviceArray<Float64, 2, 1>, Tuple<Bool, Bool>, Tuple<Int64, Int64>>, Extruded<SubArray<Float64, 2, CuDeviceArray<Float64, 2, 1>, Tuple<UnitRange<Int64>, Slice<OneTo<Int64>>>, false>, Tuple<Bool, Bool>, Tuple<Int64, Int64>>>>, Broadcasted<CuArrayStyle<2, DeviceMemory>, void, _, Tuple<Extruded<CuDeviceArray<Float64, 2, 1>, Tuple<Bool, Bool>, Tuple<Int64, Int64>>, Extruded<SubArray<Float64, 2, CuDeviceArray<Float64, 2, 1>, Tuple<UnitRange<Int64>, Slice<OneTo<Int64>>>, false>, Tuple<Bool, Bool>, Tuple<Int64, Int64>>>>>>) │
│  678 │ 18.61 ms │ 715.26 ns │       - │      - │    - │                  - │     8 bytes │  10.667 MiB/s │ [copy pageable to device memory]                                                                                                                                                                                                                                                                                                                                                                                                                                                                                                                                                                                                                                                                                                                                                                                                                                                                                                                                                                                                                                                                                │
│  684 │ 18.61 ms │ 715.26 ns │       - │      - │    - │                  - │     8 bytes │  10.667 MiB/s │ [copy pageable to device memory]                                                                                                                                                                                                                                                                                                                                                                                                                                                                                                                                                                                                                                                                                                                                                                                                                                                                                                                                                                                                                                                                                │
│  698 │ 18.62 ms │   2.38 µs │     128 │    128 │  126 │ 80.000 KiB dynamic │           - │             - │ sm90_xmma_gemm_f64f64_f64f64_f64_nn_n_tilesize32x32x32_stage5_warpsize2x2x1_tensor16x8x16_execute_kernel__5x_cublas                                                                                                                                                                                                                                                                                                                                                                                                                                                                                                                                                                                                                                                                                                                                                                                                                                                                                                                                                                                             │
│  709 │ 18.62 ms │ 715.26 ns │       - │      - │    - │                  - │     8 bytes │  10.667 MiB/s │ [copy pageable to device memory]                                                                                                                                                                                                                                                                                                                                                                                                                                                                                                                                                                                                                                                                                                                                                                                                                                                                                                                                                                                                                                                                                │
│  715 │ 18.62 ms │   1.19 µs │       - │      - │    - │                  - │     8 bytes │   6.400 MiB/s │ [copy pageable to device memory]                                                                                                                                                                                                                                                                                                                                                                                                                                                                                                                                                                                                                                                                                                                                                                                                                                                                                                                                                                                                                                                                                │
│  729 │ 18.62 ms │   2.62 µs │     128 │    128 │  126 │ 80.000 KiB dynamic │           - │             - │ sm90_xmma_gemm_f64f64_f64f64_f64_nn_n_tilesize32x32x32_stage5_warpsize2x2x1_tensor16x8x16_execute_kernel__5x_cublas                                                                                                                                                                                                                                                                                                                                                                                                                                                                                                                                                                                                                                                                                                                                                                                                                                                                                                                                                                                             │
│  740 │ 18.63 ms │ 953.67 ns │       - │      - │    - │                  - │     8 bytes │   8.000 MiB/s │ [copy pageable to device memory]                                                                                                                                                                                                                                                                                                                                                                                                                                                                                                                                                                                                                                                                                                                                                                                                                                                                                                                                                                                                                                                                                │
│  746 │ 18.63 ms │ 715.26 ns │       - │      - │    - │                  - │     8 bytes │  10.667 MiB/s │ [copy pageable to device memory]                                                                                                                                                                                                                                                                                                                                                                                                                                                                                                                                                                                                                                                                                                                                                                                                                                                                                                                                                                                                                                                                                │
│  760 │ 18.63 ms │   2.38 µs │     128 │    128 │  126 │ 80.000 KiB dynamic │           - │             - │ sm90_xmma_gemm_f64f64_f64f64_f64_nn_n_tilesize32x32x32_stage5_warpsize2x2x1_tensor16x8x16_execute_kernel__5x_cublas                                                                                                                                                                                                                                                                                                                                                                                                                                                                                                                                                                                                                                                                                                                                                                                                                                                                                                                                                                                             │
│  809 │ 18.64 ms │   2.38 µs │    1024 │     64 │   26 │                  - │           - │             - │ gpu_broadcast_kernel_cartesian(CompilerMetadata<DynamicSize, DynamicCheck, void, CartesianIndices<2, Tuple<OneTo<Int64>, OneTo<Int64>>>, NDRange<2, DynamicSize, DynamicSize, CartesianIndices<2, Tuple<OneTo<Int64>, OneTo<Int64>>>, CartesianIndices<2, Tuple<OneTo<Int64>, OneTo<Int64>>>>>, SubArray<Float64, 2, CuDeviceArray<Float64, 2, 1>, Tuple<UnitRange<Int64>, Slice<OneTo<Int64>>>, false>, Broadcasted<CuArrayStyle<2, DeviceMemory>, Tuple<OneTo<Int64>, OneTo<Int64>>, _, Tuple<Broadcasted<CuArrayStyle<2, DeviceMemory>, void, _, Tuple<Extruded<CuDeviceArray<Float64, 2, 1>, Tuple<Bool, Bool>, Tuple<Int64, Int64>>, Extruded<SubArray<Float64, 2, CuDeviceArray<Float64, 2, 1>, Tuple<UnitRange<Int64>, Slice<OneTo<Int64>>>, false>, Tuple<Bool, Bool>, Tuple<Int64, Int64>>>>, Broadcasted<CuArrayStyle<2, DeviceMemory>, void, _, Tuple<Extruded<CuDeviceArray<Float64, 2, 1>, Tuple<Bool, Bool>, Tuple<Int64, Int64>>, Extruded<SubArray<Float64, 2, CuDeviceArray<Float64, 2, 1>, Tuple<UnitRange<Int64>, Slice<OneTo<Int64>>>, false>, Tuple<Bool, Bool>, Tuple<Int64, Int64>>>>>>) │
│  857 │ 18.64 ms │   2.38 µs │    1024 │     64 │   26 │                  - │           - │             - │ gpu_broadcast_kernel_cartesian(CompilerMetadata<DynamicSize, DynamicCheck, void, CartesianIndices<2, Tuple<OneTo<Int64>, OneTo<Int64>>>, NDRange<2, DynamicSize, DynamicSize, CartesianIndices<2, Tuple<OneTo<Int64>, OneTo<Int64>>>, CartesianIndices<2, Tuple<OneTo<Int64>, OneTo<Int64>>>>>, SubArray<Float64, 2, CuDeviceArray<Float64, 2, 1>, Tuple<UnitRange<Int64>, Slice<OneTo<Int64>>>, false>, Broadcasted<CuArrayStyle<2, DeviceMemory>, Tuple<OneTo<Int64>, OneTo<Int64>>, _, Tuple<Broadcasted<CuArrayStyle<2, DeviceMemory>, void, _, Tuple<Extruded<CuDeviceArray<Float64, 2, 1>, Tuple<Bool, Bool>, Tuple<Int64, Int64>>, Extruded<SubArray<Float64, 2, CuDeviceArray<Float64, 2, 1>, Tuple<UnitRange<Int64>, Slice<OneTo<Int64>>>, false>, Tuple<Bool, Bool>, Tuple<Int64, Int64>>>>, Broadcasted<CuArrayStyle<2, DeviceMemory>, void, _, Tuple<Extruded<CuDeviceArray<Float64, 2, 1>, Tuple<Bool, Bool>, Tuple<Int64, Int64>>, Extruded<SubArray<Float64, 2, CuDeviceArray<Float64, 2, 1>, Tuple<UnitRange<Int64>, Slice<OneTo<Int64>>>, false>, Tuple<Bool, Bool>, Tuple<Int64, Int64>>>>>>) │
│  867 │ 18.65 ms │ 715.26 ns │       - │      - │    - │                  - │     8 bytes │  10.667 MiB/s │ [copy pageable to device memory]                                                                                                                                                                                                                                                                                                                                                                                                                                                                                                                                                                                                                                                                                                                                                                                                                                                                                                                                                                                                                                                                                │
│  873 │ 18.65 ms │ 953.67 ns │       - │      - │    - │                  - │     8 bytes │   8.000 MiB/s │ [copy pageable to device memory]                                                                                                                                                                                                                                                                                                                                                                                                                                                                                                                                                                                                                                                                                                                                                                                                                                                                                                                                                                                                                                                                                │
│  887 │ 18.65 ms │   2.15 µs │     128 │    128 │  126 │ 80.000 KiB dynamic │           - │             - │ sm90_xmma_gemm_f64f64_f64f64_f64_nn_n_tilesize32x32x32_stage5_warpsize2x2x1_tensor16x8x16_execute_kernel__5x_cublas                                                                                                                                                                                                                                                                                                                                                                                                                                                                                                                                                                                                                                                                                                                                                                                                                                                                                                                                                                                             │
│  906 │ 18.65 ms │   2.86 µs │     256 │    256 │   32 │                  - │           - │             - │ _cuda_rotate_z_scatter_accumulate_kernel_(CuDeviceArray<Float64, 2, 1>, CuDeviceArray<Float64, 2, 1>, CuDeviceArray<Int64, 1, 1>, CuDeviceArray<Int64, 1, 1>, CuDeviceArray<Float64, 1, 1>, CuDeviceArray<Float64, 1, 1>, CuDeviceArray<Int64, 1, 1>, CuDeviceArray<Float64, 1, 1>)                                                                                                                                                                                                                                                                                                                                                                                                                                                                                                                                                                                                                                                                                                                                                                                                                             │
│  934 │ 18.66 ms │   2.15 µs │    1024 │      8 │   30 │                  - │           - │             - │ gpu_broadcast_kernel_cartesian(CompilerMetadata<DynamicSize, DynamicCheck, void, CartesianIndices<2, Tuple<OneTo<Int64>, OneTo<Int64>>>, NDRange<2, DynamicSize, DynamicSize, CartesianIndices<2, Tuple<OneTo<Int64>, OneTo<Int64>>>, CartesianIndices<2, Tuple<OneTo<Int64>, OneTo<Int64>>>>>, CuDeviceArray<Float64, 2, 1>, Broadcasted<CuArrayStyle<2, DeviceMemory>, Tuple<OneTo<Int64>, OneTo<Int64>>, cos, Tuple<Broadcasted<CuArrayStyle<1, DeviceMemory>, void, _, Tuple<Extruded<CuDeviceArray<Float64, 1, 1>, Tuple<Bool>, Tuple<Int64>>, Extruded<Transpose<Float64, CuDeviceArray<Float64, 1, 1>>, Tuple<Bool, Bool>, Tuple<Int64, Int64>>>>>>)                                                                                                                                                                                                                                                                                                                                                                                                                                                     │
│  962 │ 18.66 ms │   1.91 µs │    1024 │      8 │   30 │                  - │           - │             - │ gpu_broadcast_kernel_cartesian(CompilerMetadata<DynamicSize, DynamicCheck, void, CartesianIndices<2, Tuple<OneTo<Int64>, OneTo<Int64>>>, NDRange<2, DynamicSize, DynamicSize, CartesianIndices<2, Tuple<OneTo<Int64>, OneTo<Int64>>>, CartesianIndices<2, Tuple<OneTo<Int64>, OneTo<Int64>>>>>, CuDeviceArray<Float64, 2, 1>, Broadcasted<CuArrayStyle<2, DeviceMemory>, Tuple<OneTo<Int64>, OneTo<Int64>>, sin, Tuple<Broadcasted<CuArrayStyle<1, DeviceMemory>, void, _, Tuple<Extruded<CuDeviceArray<Float64, 1, 1>, Tuple<Bool>, Tuple<Int64>>, Extruded<Transpose<Float64, CuDeviceArray<Float64, 1, 1>>, Tuple<Bool, Bool>, Tuple<Int64, Int64>>>>>>)                                                                                                                                                                                                                                                                                                                                                                                                                                                     │
│  980 │ 18.66 ms │   2.15 µs │     256 │     32 │   32 │                  - │           - │             - │ _cuda_gather_rotate_z_kernel_(CuDeviceArray<Float64, 2, 1>, CuDeviceArray<Float64, 2, 1>, CuDeviceArray<Int64, 1, 1>, CuDeviceArray<Int64, 1, 1>, CuDeviceArray<Float64, 1, 1>, CuDeviceArray<Float64, 1, 1>, CuDeviceArray<Int64, 1, 1>, CuDeviceArray<Float64, 1, 1>, Float64)                                                                                                                                                                                                                                                                                                                                                                                                                                                                                                                                                                                                                                                                                                                                                                                                                                │
│  990 │ 18.67 ms │ 953.67 ns │       - │      - │    - │                  - │     8 bytes │   8.000 MiB/s │ [copy pageable to device memory]                                                                                                                                                                                                                                                                                                                                                                                                                                                                                                                                                                                                                                                                                                                                                                                                                                                                                                                                                                                                                                                                                │
│  996 │ 18.67 ms │ 953.67 ns │       - │      - │    - │                  - │     8 bytes │   8.000 MiB/s │ [copy pageable to device memory]                                                                                                                                                                                                                                                                                                                                                                                                                                                                                                                                                                                                                                                                                                                                                                                                                                                                                                                                                                                                                                                                                │
│ 1010 │ 18.67 ms │   2.38 µs │     128 │     16 │  126 │ 80.000 KiB dynamic │           - │             - │ sm90_xmma_gemm_f64f64_f64f64_f64_nn_n_tilesize32x32x32_stage5_warpsize2x2x1_tensor16x8x16_execute_kernel__5x_cublas                                                                                                                                                                                                                                                                                                                                                                                                                                                                                                                                                                                                                                                                                                                                                                                                                                                                                                                                                                                             │
│ 1059 │ 18.68 ms │   2.38 µs │    1024 │      8 │   26 │                  - │           - │             - │ gpu_broadcast_kernel_cartesian(CompilerMetadata<DynamicSize, DynamicCheck, void, CartesianIndices<2, Tuple<OneTo<Int64>, OneTo<Int64>>>, NDRange<2, DynamicSize, DynamicSize, CartesianIndices<2, Tuple<OneTo<Int64>, OneTo<Int64>>>, CartesianIndices<2, Tuple<OneTo<Int64>, OneTo<Int64>>>>>, SubArray<Float64, 2, CuDeviceArray<Float64, 2, 1>, Tuple<UnitRange<Int64>, Slice<OneTo<Int64>>>, false>, Broadcasted<CuArrayStyle<2, DeviceMemory>, Tuple<OneTo<Int64>, OneTo<Int64>>, _, Tuple<Broadcasted<CuArrayStyle<2, DeviceMemory>, void, _, Tuple<Extruded<CuDeviceArray<Float64, 2, 1>, Tuple<Bool, Bool>, Tuple<Int64, Int64>>, Extruded<SubArray<Float64, 2, CuDeviceArray<Float64, 2, 1>, Tuple<UnitRange<Int64>, Slice<OneTo<Int64>>>, false>, Tuple<Bool, Bool>, Tuple<Int64, Int64>>>>, Broadcasted<CuArrayStyle<2, DeviceMemory>, void, _, Tuple<Extruded<CuDeviceArray<Float64, 2, 1>, Tuple<Bool, Bool>, Tuple<Int64, Int64>>, Extruded<SubArray<Float64, 2, CuDeviceArray<Float64, 2, 1>, Tuple<UnitRange<Int64>, Slice<OneTo<Int64>>>, false>, Tuple<Bool, Bool>, Tuple<Int64, Int64>>>>>>) │
│ 1107 │ 18.68 ms │   2.38 µs │    1024 │      8 │   26 │                  - │           - │             - │ gpu_broadcast_kernel_cartesian(CompilerMetadata<DynamicSize, DynamicCheck, void, CartesianIndices<2, Tuple<OneTo<Int64>, OneTo<Int64>>>, NDRange<2, DynamicSize, DynamicSize, CartesianIndices<2, Tuple<OneTo<Int64>, OneTo<Int64>>>, CartesianIndices<2, Tuple<OneTo<Int64>, OneTo<Int64>>>>>, SubArray<Float64, 2, CuDeviceArray<Float64, 2, 1>, Tuple<UnitRange<Int64>, Slice<OneTo<Int64>>>, false>, Broadcasted<CuArrayStyle<2, DeviceMemory>, Tuple<OneTo<Int64>, OneTo<Int64>>, _, Tuple<Broadcasted<CuArrayStyle<2, DeviceMemory>, void, _, Tuple<Extruded<CuDeviceArray<Float64, 2, 1>, Tuple<Bool, Bool>, Tuple<Int64, Int64>>, Extruded<SubArray<Float64, 2, CuDeviceArray<Float64, 2, 1>, Tuple<UnitRange<Int64>, Slice<OneTo<Int64>>>, false>, Tuple<Bool, Bool>, Tuple<Int64, Int64>>>>, Broadcasted<CuArrayStyle<2, DeviceMemory>, void, _, Tuple<Extruded<CuDeviceArray<Float64, 2, 1>, Tuple<Bool, Bool>, Tuple<Int64, Int64>>, Extruded<SubArray<Float64, 2, CuDeviceArray<Float64, 2, 1>, Tuple<UnitRange<Int64>, Slice<OneTo<Int64>>>, false>, Tuple<Bool, Bool>, Tuple<Int64, Int64>>>>>>) │
│ 1117 │ 18.68 ms │ 953.67 ns │       - │      - │    - │                  - │     8 bytes │   8.000 MiB/s │ [copy pageable to device memory]                                                                                                                                                                                                                                                                                                                                                                                                                                                                                                                                                                                                                                                                                                                                                                                                                                                                                                                                                                                                                                                                                │
│ 1123 │ 18.69 ms │ 953.67 ns │       - │      - │    - │                  - │     8 bytes │   8.000 MiB/s │ [copy pageable to device memory]                                                                                                                                                                                                                                                                                                                                                                                                                                                                                                                                                                                                                                                                                                                                                                                                                                                                                                                                                                                                                                                                                │
│ 1137 │ 18.69 ms │   2.15 µs │     128 │     16 │  126 │ 80.000 KiB dynamic │           - │             - │ sm90_xmma_gemm_f64f64_f64f64_f64_nn_n_tilesize32x32x32_stage5_warpsize2x2x1_tensor16x8x16_execute_kernel__5x_cublas                                                                                                                                                                                                                                                                                                                                                                                                                                                                                                                                                                                                                                                                                                                                                                                                                                                                                                                                                                                             │
│ 1148 │ 18.69 ms │ 715.26 ns │       - │      - │    - │                  - │     8 bytes │  10.667 MiB/s │ [copy pageable to device memory]                                                                                                                                                                                                                                                                                                                                                                                                                                                                                                                                                                                                                                                                                                                                                                                                                                                                                                                                                                                                                                                                                │
│ 1154 │  18.7 ms │ 953.67 ns │       - │      - │    - │                  - │     8 bytes │   8.000 MiB/s │ [copy pageable to device memory]                                                                                                                                                                                                                                                                                                                                                                                                                                                                                                                                                                                                                                                                                                                                                                                                                                                                                                                                                                                                                                                                                │
│ 1168 │  18.7 ms │   2.15 µs │     128 │     16 │  126 │ 80.000 KiB dynamic │           - │             - │ sm90_xmma_gemm_f64f64_f64f64_f64_nn_n_tilesize32x32x32_stage5_warpsize2x2x1_tensor16x8x16_execute_kernel__5x_cublas                                                                                                                                                                                                                                                                                                                                                                                                                                                                                                                                                                                                                                                                                                                                                                                                                                                                                                                                                                                             │
│ 1179 │  18.7 ms │ 715.26 ns │       - │      - │    - │                  - │     8 bytes │  10.667 MiB/s │ [copy pageable to device memory]                                                                                                                                                                                                                                                                                                                                                                                                                                                                                                                                                                                                                                                                                                                                                                                                                                                                                                                                                                                                                                                                                │
│ 1185 │ 18.71 ms │ 953.67 ns │       - │      - │    - │                  - │     8 bytes │   8.000 MiB/s │ [copy pageable to device memory]                                                                                                                                                                                                                                                                                                                                                                                                                                                                                                                                                                                                                                                                                                                                                                                                                                                                                                                                                                                                                                                                                │
│ 1199 │ 18.71 ms │   2.62 µs │     128 │     16 │  126 │ 80.000 KiB dynamic │           - │             - │ sm90_xmma_gemm_f64f64_f64f64_f64_nn_n_tilesize32x32x32_stage5_warpsize2x2x1_tensor16x8x16_execute_kernel__5x_cublas                                                                                                                                                                                                                                                                                                                                                                                                                                                                                                                                                                                                                                                                                                                                                                                                                                                                                                                                                                                             │
│ 1248 │ 18.71 ms │   2.15 µs │    1024 │      8 │   26 │                  - │           - │             - │ gpu_broadcast_kernel_cartesian(CompilerMetadata<DynamicSize, DynamicCheck, void, CartesianIndices<2, Tuple<OneTo<Int64>, OneTo<Int64>>>, NDRange<2, DynamicSize, DynamicSize, CartesianIndices<2, Tuple<OneTo<Int64>, OneTo<Int64>>>, CartesianIndices<2, Tuple<OneTo<Int64>, OneTo<Int64>>>>>, SubArray<Float64, 2, CuDeviceArray<Float64, 2, 1>, Tuple<UnitRange<Int64>, Slice<OneTo<Int64>>>, false>, Broadcasted<CuArrayStyle<2, DeviceMemory>, Tuple<OneTo<Int64>, OneTo<Int64>>, _, Tuple<Broadcasted<CuArrayStyle<2, DeviceMemory>, void, _, Tuple<Extruded<CuDeviceArray<Float64, 2, 1>, Tuple<Bool, Bool>, Tuple<Int64, Int64>>, Extruded<SubArray<Float64, 2, CuDeviceArray<Float64, 2, 1>, Tuple<UnitRange<Int64>, Slice<OneTo<Int64>>>, false>, Tuple<Bool, Bool>, Tuple<Int64, Int64>>>>, Broadcasted<CuArrayStyle<2, DeviceMemory>, void, _, Tuple<Extruded<CuDeviceArray<Float64, 2, 1>, Tuple<Bool, Bool>, Tuple<Int64, Int64>>, Extruded<SubArray<Float64, 2, CuDeviceArray<Float64, 2, 1>, Tuple<UnitRange<Int64>, Slice<OneTo<Int64>>>, false>, Tuple<Bool, Bool>, Tuple<Int64, Int64>>>>>>) │
│ 1296 │ 18.72 ms │   2.15 µs │    1024 │      8 │   26 │                  - │           - │             - │ gpu_broadcast_kernel_cartesian(CompilerMetadata<DynamicSize, DynamicCheck, void, CartesianIndices<2, Tuple<OneTo<Int64>, OneTo<Int64>>>, NDRange<2, DynamicSize, DynamicSize, CartesianIndices<2, Tuple<OneTo<Int64>, OneTo<Int64>>>, CartesianIndices<2, Tuple<OneTo<Int64>, OneTo<Int64>>>>>, SubArray<Float64, 2, CuDeviceArray<Float64, 2, 1>, Tuple<UnitRange<Int64>, Slice<OneTo<Int64>>>, false>, Broadcasted<CuArrayStyle<2, DeviceMemory>, Tuple<OneTo<Int64>, OneTo<Int64>>, _, Tuple<Broadcasted<CuArrayStyle<2, DeviceMemory>, void, _, Tuple<Extruded<CuDeviceArray<Float64, 2, 1>, Tuple<Bool, Bool>, Tuple<Int64, Int64>>, Extruded<SubArray<Float64, 2, CuDeviceArray<Float64, 2, 1>, Tuple<UnitRange<Int64>, Slice<OneTo<Int64>>>, false>, Tuple<Bool, Bool>, Tuple<Int64, Int64>>>>, Broadcasted<CuArrayStyle<2, DeviceMemory>, void, _, Tuple<Extruded<CuDeviceArray<Float64, 2, 1>, Tuple<Bool, Bool>, Tuple<Int64, Int64>>, Extruded<SubArray<Float64, 2, CuDeviceArray<Float64, 2, 1>, Tuple<UnitRange<Int64>, Slice<OneTo<Int64>>>, false>, Tuple<Bool, Bool>, Tuple<Int64, Int64>>>>>>) │
│ 1306 │ 18.72 ms │ 953.67 ns │       - │      - │    - │                  - │     8 bytes │   8.000 MiB/s │ [copy pageable to device memory]                                                                                                                                                                                                                                                                                                                                                                                                                                                                                                                                                                                                                                                                                                                                                                                                                                                                                                                                                                                                                                                                                │
│ 1312 │ 18.72 ms │ 953.67 ns │       - │      - │    - │                  - │     8 bytes │   8.000 MiB/s │ [copy pageable to device memory]                                                                                                                                                                                                                                                                                                                                                                                                                                                                                                                                                                                                                                                                                                                                                                                                                                                                                                                                                                                                                                                                                │
│ 1326 │ 18.73 ms │   2.15 µs │     128 │     16 │  126 │ 80.000 KiB dynamic │           - │             - │ sm90_xmma_gemm_f64f64_f64f64_f64_nn_n_tilesize32x32x32_stage5_warpsize2x2x1_tensor16x8x16_execute_kernel__5x_cublas                                                                                                                                                                                                                                                                                                                                                                                                                                                                                                                                                                                                                                                                                                                                                                                                                                                                                                                                                                                             │
│ 1345 │ 18.73 ms │   2.86 µs │     256 │     32 │   32 │                  - │           - │             - │ _cuda_rotate_z_scatter_accumulate_kernel_(CuDeviceArray<Float64, 2, 1>, CuDeviceArray<Float64, 2, 1>, CuDeviceArray<Int64, 1, 1>, CuDeviceArray<Int64, 1, 1>, CuDeviceArray<Float64, 1, 1>, CuDeviceArray<Float64, 1, 1>, CuDeviceArray<Int64, 1, 1>, CuDeviceArray<Float64, 1, 1>)                                                                                                                                                                                                                                                                                                                                                                                                                                                                                                                                                                                                                                                                                                                                                                                                                             │
│ 1373 │ 18.73 ms │   2.15 µs │    1024 │      1 │   30 │                  - │           - │             - │ gpu_broadcast_kernel_cartesian(CompilerMetadata<DynamicSize, DynamicCheck, void, CartesianIndices<2, Tuple<OneTo<Int64>, OneTo<Int64>>>, NDRange<2, DynamicSize, DynamicSize, CartesianIndices<2, Tuple<OneTo<Int64>, OneTo<Int64>>>, CartesianIndices<2, Tuple<OneTo<Int64>, OneTo<Int64>>>>>, CuDeviceArray<Float64, 2, 1>, Broadcasted<CuArrayStyle<2, DeviceMemory>, Tuple<OneTo<Int64>, OneTo<Int64>>, cos, Tuple<Broadcasted<CuArrayStyle<1, DeviceMemory>, void, _, Tuple<Extruded<CuDeviceArray<Float64, 1, 1>, Tuple<Bool>, Tuple<Int64>>, Extruded<Transpose<Float64, CuDeviceArray<Float64, 1, 1>>, Tuple<Bool, Bool>, Tuple<Int64, Int64>>>>>>)                                                                                                                                                                                                                                                                                                                                                                                                                                                     │
│ 1401 │ 18.74 ms │   2.15 µs │    1024 │      1 │   30 │                  - │           - │             - │ gpu_broadcast_kernel_cartesian(CompilerMetadata<DynamicSize, DynamicCheck, void, CartesianIndices<2, Tuple<OneTo<Int64>, OneTo<Int64>>>, NDRange<2, DynamicSize, DynamicSize, CartesianIndices<2, Tuple<OneTo<Int64>, OneTo<Int64>>>, CartesianIndices<2, Tuple<OneTo<Int64>, OneTo<Int64>>>>>, CuDeviceArray<Float64, 2, 1>, Broadcasted<CuArrayStyle<2, DeviceMemory>, Tuple<OneTo<Int64>, OneTo<Int64>>, sin, Tuple<Broadcasted<CuArrayStyle<1, DeviceMemory>, void, _, Tuple<Extruded<CuDeviceArray<Float64, 1, 1>, Tuple<Bool>, Tuple<Int64>>, Extruded<Transpose<Float64, CuDeviceArray<Float64, 1, 1>>, Tuple<Bool, Bool>, Tuple<Int64, Int64>>>>>>)                                                                                                                                                                                                                                                                                                                                                                                                                                                     │
│ 1419 │ 18.74 ms │   2.38 µs │     256 │      4 │   32 │                  - │           - │             - │ _cuda_gather_rotate_z_kernel_(CuDeviceArray<Float64, 2, 1>, CuDeviceArray<Float64, 2, 1>, CuDeviceArray<Int64, 1, 1>, CuDeviceArray<Int64, 1, 1>, CuDeviceArray<Float64, 1, 1>, CuDeviceArray<Float64, 1, 1>, CuDeviceArray<Int64, 1, 1>, CuDeviceArray<Float64, 1, 1>, Float64)                                                                                                                                                                                                                                                                                                                                                                                                                                                                                                                                                                                                                                                                                                                                                                                                                                │
│ 1429 │ 18.74 ms │ 953.67 ns │       - │      - │    - │                  - │     8 bytes │   8.000 MiB/s │ [copy pageable to device memory]                                                                                                                                                                                                                                                                                                                                                                                                                                                                                                                                                                                                                                                                                                                                                                                                                                                                                                                                                                                                                                                                                │
│ 1435 │ 18.75 ms │ 953.67 ns │       - │      - │    - │                  - │     8 bytes │   8.000 MiB/s │ [copy pageable to device memory]                                                                                                                                                                                                                                                                                                                                                                                                                                                                                                                                                                                                                                                                                                                                                                                                                                                                                                                                                                                                                                                                                │
│ 1449 │ 18.75 ms │   2.38 µs │     128 │      2 │  126 │ 80.000 KiB dynamic │           - │             - │ sm90_xmma_gemm_f64f64_f64f64_f64_nn_n_tilesize32x32x32_stage5_warpsize2x2x1_tensor16x8x16_execute_kernel__5x_cublas                                                                                                                                                                                                                                                                                                                                                                                                                                                                                                                                                                                                                                                                                                                                                                                                                                                                                                                                                                                             │
│ 1498 │ 18.75 ms │   2.15 µs │    1024 │      1 │   26 │                  - │           - │             - │ gpu_broadcast_kernel_cartesian(CompilerMetadata<DynamicSize, DynamicCheck, void, CartesianIndices<2, Tuple<OneTo<Int64>, OneTo<Int64>>>, NDRange<2, DynamicSize, DynamicSize, CartesianIndices<2, Tuple<OneTo<Int64>, OneTo<Int64>>>, CartesianIndices<2, Tuple<OneTo<Int64>, OneTo<Int64>>>>>, SubArray<Float64, 2, CuDeviceArray<Float64, 2, 1>, Tuple<UnitRange<Int64>, Slice<OneTo<Int64>>>, false>, Broadcasted<CuArrayStyle<2, DeviceMemory>, Tuple<OneTo<Int64>, OneTo<Int64>>, _, Tuple<Broadcasted<CuArrayStyle<2, DeviceMemory>, void, _, Tuple<Extruded<CuDeviceArray<Float64, 2, 1>, Tuple<Bool, Bool>, Tuple<Int64, Int64>>, Extruded<SubArray<Float64, 2, CuDeviceArray<Float64, 2, 1>, Tuple<UnitRange<Int64>, Slice<OneTo<Int64>>>, false>, Tuple<Bool, Bool>, Tuple<Int64, Int64>>>>, Broadcasted<CuArrayStyle<2, DeviceMemory>, void, _, Tuple<Extruded<CuDeviceArray<Float64, 2, 1>, Tuple<Bool, Bool>, Tuple<Int64, Int64>>, Extruded<SubArray<Float64, 2, CuDeviceArray<Float64, 2, 1>, Tuple<UnitRange<Int64>, Slice<OneTo<Int64>>>, false>, Tuple<Bool, Bool>, Tuple<Int64, Int64>>>>>>) │
│ 1546 │ 18.76 ms │   1.91 µs │    1024 │      1 │   26 │                  - │           - │             - │ gpu_broadcast_kernel_cartesian(CompilerMetadata<DynamicSize, DynamicCheck, void, CartesianIndices<2, Tuple<OneTo<Int64>, OneTo<Int64>>>, NDRange<2, DynamicSize, DynamicSize, CartesianIndices<2, Tuple<OneTo<Int64>, OneTo<Int64>>>, CartesianIndices<2, Tuple<OneTo<Int64>, OneTo<Int64>>>>>, SubArray<Float64, 2, CuDeviceArray<Float64, 2, 1>, Tuple<UnitRange<Int64>, Slice<OneTo<Int64>>>, false>, Broadcasted<CuArrayStyle<2, DeviceMemory>, Tuple<OneTo<Int64>, OneTo<Int64>>, _, Tuple<Broadcasted<CuArrayStyle<2, DeviceMemory>, void, _, Tuple<Extruded<CuDeviceArray<Float64, 2, 1>, Tuple<Bool, Bool>, Tuple<Int64, Int64>>, Extruded<SubArray<Float64, 2, CuDeviceArray<Float64, 2, 1>, Tuple<UnitRange<Int64>, Slice<OneTo<Int64>>>, false>, Tuple<Bool, Bool>, Tuple<Int64, Int64>>>>, Broadcasted<CuArrayStyle<2, DeviceMemory>, void, _, Tuple<Extruded<CuDeviceArray<Float64, 2, 1>, Tuple<Bool, Bool>, Tuple<Int64, Int64>>, Extruded<SubArray<Float64, 2, CuDeviceArray<Float64, 2, 1>, Tuple<UnitRange<Int64>, Slice<OneTo<Int64>>>, false>, Tuple<Bool, Bool>, Tuple<Int64, Int64>>>>>>) │
│ 1556 │ 18.76 ms │ 715.26 ns │       - │      - │    - │                  - │     8 bytes │  10.667 MiB/s │ [copy pageable to device memory]                                                                                                                                                                                                                                                                                                                                                                                                                                                                                                                                                                                                                                                                                                                                                                                                                                                                                                                                                                                                                                                                                │
│ 1562 │ 18.76 ms │ 953.67 ns │       - │      - │    - │                  - │     8 bytes │   8.000 MiB/s │ [copy pageable to device memory]                                                                                                                                                                                                                                                                                                                                                                                                                                                                                                                                                                                                                                                                                                                                                                                                                                                                                                                                                                                                                                                                                │
│ 1576 │ 18.76 ms │   2.15 µs │     128 │      2 │  126 │ 80.000 KiB dynamic │           - │             - │ sm90_xmma_gemm_f64f64_f64f64_f64_nn_n_tilesize32x32x32_stage5_warpsize2x2x1_tensor16x8x16_execute_kernel__5x_cublas                                                                                                                                                                                                                                                                                                                                                                                                                                                                                                                                                                                                                                                                                                                                                                                                                                                                                                                                                                                             │
│ 1587 │ 18.77 ms │ 953.67 ns │       - │      - │    - │                  - │     8 bytes │   8.000 MiB/s │ [copy pageable to device memory]                                                                                                                                                                                                                                                                                                                                                                                                                                                                                                                                                                                                                                                                                                                                                                                                                                                                                                                                                                                                                                                                                │
│ 1593 │ 18.77 ms │ 953.67 ns │       - │      - │    - │                  - │     8 bytes │   8.000 MiB/s │ [copy pageable to device memory]                                                                                                                                                                                                                                                                                                                                                                                                                                                                                                                                                                                                                                                                                                                                                                                                                                                                                                                                                                                                                                                                                │
│ 1607 │ 18.77 ms │   2.62 µs │     128 │      2 │  126 │ 80.000 KiB dynamic │           - │             - │ sm90_xmma_gemm_f64f64_f64f64_f64_nn_n_tilesize32x32x32_stage5_warpsize2x2x1_tensor16x8x16_execute_kernel__5x_cublas                                                                                                                                                                                                                                                                                                                                                                                                                                                                                                                                                                                                                                                                                                                                                                                                                                                                                                                                                                                             │
│ 1618 │ 18.78 ms │ 953.67 ns │       - │      - │    - │                  - │     8 bytes │   8.000 MiB/s │ [copy pageable to device memory]                                                                                                                                                                                                                                                                                                                                                                                                                                                                                                                                                                                                                                                                                                                                                                                                                                                                                                                                                                                                                                                                                │
│ 1624 │ 18.78 ms │ 953.67 ns │       - │      - │    - │                  - │     8 bytes │   8.000 MiB/s │ [copy pageable to device memory]                                                                                                                                                                                                                                                                                                                                                                                                                                                                                                                                                                                                                                                                                                                                                                                                                                                                                                                                                                                                                                                                                │
│ 1638 │ 18.78 ms │   2.38 µs │     128 │      2 │  126 │ 80.000 KiB dynamic │           - │             - │ sm90_xmma_gemm_f64f64_f64f64_f64_nn_n_tilesize32x32x32_stage5_warpsize2x2x1_tensor16x8x16_execute_kernel__5x_cublas                                                                                                                                                                                                                                                                                                                                                                                                                                                                                                                                                                                                                                                                                                                                                                                                                                                                                                                                                                                             │
│ 1687 │ 18.79 ms │   2.15 µs │    1024 │      1 │   26 │                  - │           - │             - │ gpu_broadcast_kernel_cartesian(CompilerMetadata<DynamicSize, DynamicCheck, void, CartesianIndices<2, Tuple<OneTo<Int64>, OneTo<Int64>>>, NDRange<2, DynamicSize, DynamicSize, CartesianIndices<2, Tuple<OneTo<Int64>, OneTo<Int64>>>, CartesianIndices<2, Tuple<OneTo<Int64>, OneTo<Int64>>>>>, SubArray<Float64, 2, CuDeviceArray<Float64, 2, 1>, Tuple<UnitRange<Int64>, Slice<OneTo<Int64>>>, false>, Broadcasted<CuArrayStyle<2, DeviceMemory>, Tuple<OneTo<Int64>, OneTo<Int64>>, _, Tuple<Broadcasted<CuArrayStyle<2, DeviceMemory>, void, _, Tuple<Extruded<CuDeviceArray<Float64, 2, 1>, Tuple<Bool, Bool>, Tuple<Int64, Int64>>, Extruded<SubArray<Float64, 2, CuDeviceArray<Float64, 2, 1>, Tuple<UnitRange<Int64>, Slice<OneTo<Int64>>>, false>, Tuple<Bool, Bool>, Tuple<Int64, Int64>>>>, Broadcasted<CuArrayStyle<2, DeviceMemory>, void, _, Tuple<Extruded<CuDeviceArray<Float64, 2, 1>, Tuple<Bool, Bool>, Tuple<Int64, Int64>>, Extruded<SubArray<Float64, 2, CuDeviceArray<Float64, 2, 1>, Tuple<UnitRange<Int64>, Slice<OneTo<Int64>>>, false>, Tuple<Bool, Bool>, Tuple<Int64, Int64>>>>>>) │
│ 1735 │ 18.79 ms │   1.91 µs │    1024 │      1 │   26 │                  - │           - │             - │ gpu_broadcast_kernel_cartesian(CompilerMetadata<DynamicSize, DynamicCheck, void, CartesianIndices<2, Tuple<OneTo<Int64>, OneTo<Int64>>>, NDRange<2, DynamicSize, DynamicSize, CartesianIndices<2, Tuple<OneTo<Int64>, OneTo<Int64>>>, CartesianIndices<2, Tuple<OneTo<Int64>, OneTo<Int64>>>>>, SubArray<Float64, 2, CuDeviceArray<Float64, 2, 1>, Tuple<UnitRange<Int64>, Slice<OneTo<Int64>>>, false>, Broadcasted<CuArrayStyle<2, DeviceMemory>, Tuple<OneTo<Int64>, OneTo<Int64>>, _, Tuple<Broadcasted<CuArrayStyle<2, DeviceMemory>, void, _, Tuple<Extruded<CuDeviceArray<Float64, 2, 1>, Tuple<Bool, Bool>, Tuple<Int64, Int64>>, Extruded<SubArray<Float64, 2, CuDeviceArray<Float64, 2, 1>, Tuple<UnitRange<Int64>, Slice<OneTo<Int64>>>, false>, Tuple<Bool, Bool>, Tuple<Int64, Int64>>>>, Broadcasted<CuArrayStyle<2, DeviceMemory>, void, _, Tuple<Extruded<CuDeviceArray<Float64, 2, 1>, Tuple<Bool, Bool>, Tuple<Int64, Int64>>, Extruded<SubArray<Float64, 2, CuDeviceArray<Float64, 2, 1>, Tuple<UnitRange<Int64>, Slice<OneTo<Int64>>>, false>, Tuple<Bool, Bool>, Tuple<Int64, Int64>>>>>>) │
│ 1745 │ 18.79 ms │ 715.26 ns │       - │      - │    - │                  - │     8 bytes │  10.667 MiB/s │ [copy pageable to device memory]                                                                                                                                                                                                                                                                                                                                                                                                                                                                                                                                                                                                                                                                                                                                                                                                                                                                                                                                                                                                                                                                                │
│ 1751 │  18.8 ms │ 953.67 ns │       - │      - │    - │                  - │     8 bytes │   8.000 MiB/s │ [copy pageable to device memory]                                                                                                                                                                                                                                                                                                                                                                                                                                                                                                                                                                                                                                                                                                                                                                                                                                                                                                                                                                                                                                                                                │
│ 1765 │  18.8 ms │   2.38 µs │     128 │      2 │  126 │ 80.000 KiB dynamic │           - │             - │ sm90_xmma_gemm_f64f64_f64f64_f64_nn_n_tilesize32x32x32_stage5_warpsize2x2x1_tensor16x8x16_execute_kernel__5x_cublas                                                                                                                                                                                                                                                                                                                                                                                                                                                                                                                                                                                                                                                                                                                                                                                                                                                                                                                                                                                             │
│ 1784 │  18.8 ms │   2.38 µs │     256 │      4 │   32 │                  - │           - │             - │ _cuda_rotate_z_scatter_accumulate_kernel_(CuDeviceArray<Float64, 2, 1>, CuDeviceArray<Float64, 2, 1>, CuDeviceArray<Int64, 1, 1>, CuDeviceArray<Int64, 1, 1>, CuDeviceArray<Float64, 1, 1>, CuDeviceArray<Float64, 1, 1>, CuDeviceArray<Int64, 1, 1>, CuDeviceArray<Float64, 1, 1>)                                                                                                                                                                                                                                                                                                                                                                                                                                                                                                                                                                                                                                                                                                                                                                                                                             │
│ 1812 │ 18.81 ms │   1.91 µs │     128 │      1 │   30 │                  - │           - │             - │ gpu_broadcast_kernel_cartesian(CompilerMetadata<DynamicSize, DynamicCheck, void, CartesianIndices<2, Tuple<OneTo<Int64>, OneTo<Int64>>>, NDRange<2, DynamicSize, DynamicSize, CartesianIndices<2, Tuple<OneTo<Int64>, OneTo<Int64>>>, CartesianIndices<2, Tuple<OneTo<Int64>, OneTo<Int64>>>>>, CuDeviceArray<Float64, 2, 1>, Broadcasted<CuArrayStyle<2, DeviceMemory>, Tuple<OneTo<Int64>, OneTo<Int64>>, cos, Tuple<Broadcasted<CuArrayStyle<1, DeviceMemory>, void, _, Tuple<Extruded<CuDeviceArray<Float64, 1, 1>, Tuple<Bool>, Tuple<Int64>>, Extruded<Transpose<Float64, CuDeviceArray<Float64, 1, 1>>, Tuple<Bool, Bool>, Tuple<Int64, Int64>>>>>>)                                                                                                                                                                                                                                                                                                                                                                                                                                                     │
│ 1840 │ 18.81 ms │   1.67 µs │     128 │      1 │   30 │                  - │           - │             - │ gpu_broadcast_kernel_cartesian(CompilerMetadata<DynamicSize, DynamicCheck, void, CartesianIndices<2, Tuple<OneTo<Int64>, OneTo<Int64>>>, NDRange<2, DynamicSize, DynamicSize, CartesianIndices<2, Tuple<OneTo<Int64>, OneTo<Int64>>>, CartesianIndices<2, Tuple<OneTo<Int64>, OneTo<Int64>>>>>, CuDeviceArray<Float64, 2, 1>, Broadcasted<CuArrayStyle<2, DeviceMemory>, Tuple<OneTo<Int64>, OneTo<Int64>>, sin, Tuple<Broadcasted<CuArrayStyle<1, DeviceMemory>, void, _, Tuple<Extruded<CuDeviceArray<Float64, 1, 1>, Tuple<Bool>, Tuple<Int64>>, Extruded<Transpose<Float64, CuDeviceArray<Float64, 1, 1>>, Tuple<Bool, Bool>, Tuple<Int64, Int64>>>>>>)                                                                                                                                                                                                                                                                                                                                                                                                                                                     │
│ 1858 │ 18.81 ms │   1.91 µs │     256 │      1 │   32 │                  - │           - │             - │ _cuda_gather_rotate_z_kernel_(CuDeviceArray<Float64, 2, 1>, CuDeviceArray<Float64, 2, 1>, CuDeviceArray<Int64, 1, 1>, CuDeviceArray<Int64, 1, 1>, CuDeviceArray<Float64, 1, 1>, CuDeviceArray<Float64, 1, 1>, CuDeviceArray<Int64, 1, 1>, CuDeviceArray<Float64, 1, 1>, Float64)                                                                                                                                                                                                                                                                                                                                                                                                                                                                                                                                                                                                                                                                                                                                                                                                                                │
│ 1868 │ 18.81 ms │ 715.26 ns │       - │      - │    - │                  - │     8 bytes │  10.667 MiB/s │ [copy pageable to device memory]                                                                                                                                                                                                                                                                                                                                                                                                                                                                                                                                                                                                                                                                                                                                                                                                                                                                                                                                                                                                                                                                                │
│ 1874 │ 18.82 ms │ 953.67 ns │       - │      - │    - │                  - │     8 bytes │   8.000 MiB/s │ [copy pageable to device memory]                                                                                                                                                                                                                                                                                                                                                                                                                                                                                                                                                                                                                                                                                                                                                                                                                                                                                                                                                                                                                                                                                │
│ 1887 │ 18.82 ms │   2.15 µs │     128 │    1×2 │   98 │  20.000 KiB static │           - │             - │ void gemmSN_NN_kernel<double, 128, 2, 4, 8, 4, 4, false, cublasGemvTensorStridedBatched<double const>, cublasGemvTensorStridedBatched<double const>, cublasGemvTensorStridedBatched<double>>(cublasGemmSmallNParams<cublasGemvTensorStridedBatched<double const>, cublasGemvTensorStridedBatched<double const>, cublasGemvTensorStridedBatched<double>, double>)                                                                                                                                                                                                                                                                                                                                                                                                                                                                                                                                                                                                                                                                                                                                                │
│ 1936 │ 18.82 ms │   1.67 µs │     128 │      1 │   26 │                  - │           - │             - │ gpu_broadcast_kernel_cartesian(CompilerMetadata<DynamicSize, DynamicCheck, void, CartesianIndices<2, Tuple<OneTo<Int64>, OneTo<Int64>>>, NDRange<2, DynamicSize, DynamicSize, CartesianIndices<2, Tuple<OneTo<Int64>, OneTo<Int64>>>, CartesianIndices<2, Tuple<OneTo<Int64>, OneTo<Int64>>>>>, SubArray<Float64, 2, CuDeviceArray<Float64, 2, 1>, Tuple<UnitRange<Int64>, Slice<OneTo<Int64>>>, false>, Broadcasted<CuArrayStyle<2, DeviceMemory>, Tuple<OneTo<Int64>, OneTo<Int64>>, _, Tuple<Broadcasted<CuArrayStyle<2, DeviceMemory>, void, _, Tuple<Extruded<CuDeviceArray<Float64, 2, 1>, Tuple<Bool, Bool>, Tuple<Int64, Int64>>, Extruded<SubArray<Float64, 2, CuDeviceArray<Float64, 2, 1>, Tuple<UnitRange<Int64>, Slice<OneTo<Int64>>>, false>, Tuple<Bool, Bool>, Tuple<Int64, Int64>>>>, Broadcasted<CuArrayStyle<2, DeviceMemory>, void, _, Tuple<Extruded<CuDeviceArray<Float64, 2, 1>, Tuple<Bool, Bool>, Tuple<Int64, Int64>>, Extruded<SubArray<Float64, 2, CuDeviceArray<Float64, 2, 1>, Tuple<UnitRange<Int64>, Slice<OneTo<Int64>>>, false>, Tuple<Bool, Bool>, Tuple<Int64, Int64>>>>>>) │
│ 1984 │ 18.83 ms │   1.43 µs │     128 │      1 │   26 │                  - │           - │             - │ gpu_broadcast_kernel_cartesian(CompilerMetadata<DynamicSize, DynamicCheck, void, CartesianIndices<2, Tuple<OneTo<Int64>, OneTo<Int64>>>, NDRange<2, DynamicSize, DynamicSize, CartesianIndices<2, Tuple<OneTo<Int64>, OneTo<Int64>>>, CartesianIndices<2, Tuple<OneTo<Int64>, OneTo<Int64>>>>>, SubArray<Float64, 2, CuDeviceArray<Float64, 2, 1>, Tuple<UnitRange<Int64>, Slice<OneTo<Int64>>>, false>, Broadcasted<CuArrayStyle<2, DeviceMemory>, Tuple<OneTo<Int64>, OneTo<Int64>>, _, Tuple<Broadcasted<CuArrayStyle<2, DeviceMemory>, void, _, Tuple<Extruded<CuDeviceArray<Float64, 2, 1>, Tuple<Bool, Bool>, Tuple<Int64, Int64>>, Extruded<SubArray<Float64, 2, CuDeviceArray<Float64, 2, 1>, Tuple<UnitRange<Int64>, Slice<OneTo<Int64>>>, false>, Tuple<Bool, Bool>, Tuple<Int64, Int64>>>>, Broadcasted<CuArrayStyle<2, DeviceMemory>, void, _, Tuple<Extruded<CuDeviceArray<Float64, 2, 1>, Tuple<Bool, Bool>, Tuple<Int64, Int64>>, Extruded<SubArray<Float64, 2, CuDeviceArray<Float64, 2, 1>, Tuple<UnitRange<Int64>, Slice<OneTo<Int64>>>, false>, Tuple<Bool, Bool>, Tuple<Int64, Int64>>>>>>) │
│ 1994 │ 18.83 ms │ 715.26 ns │       - │      - │    - │                  - │     8 bytes │  10.667 MiB/s │ [copy pageable to device memory]                                                                                                                                                                                                                                                                                                                                                                                                                                                                                                                                                                                                                                                                                                                                                                                                                                                                                                                                                                                                                                                                                │
│ 2000 │ 18.83 ms │ 476.84 ns │       - │      - │    - │                  - │     8 bytes │  16.000 MiB/s │ [copy pageable to device memory]                                                                                                                                                                                                                                                                                                                                                                                                                                                                                                                                                                                                                                                                                                                                                                                                                                                                                                                                                                                                                                                                                │
│ 2013 │ 18.83 ms │   2.15 µs │     128 │    1×2 │   98 │  20.000 KiB static │           - │             - │ void gemmSN_NN_kernel<double, 128, 2, 4, 8, 4, 4, false, cublasGemvTensorStridedBatched<double const>, cublasGemvTensorStridedBatched<double const>, cublasGemvTensorStridedBatched<double>>(cublasGemmSmallNParams<cublasGemvTensorStridedBatched<double const>, cublasGemvTensorStridedBatched<double const>, cublasGemvTensorStridedBatched<double>, double>)                                                                                                                                                                                                                                                                                                                                                                                                                                                                                                                                                                                                                                                                                                                                                │
│ 2024 │ 18.84 ms │ 715.26 ns │       - │      - │    - │                  - │     8 bytes │  10.667 MiB/s │ [copy pageable to device memory]                                                                                                                                                                                                                                                                                                                                                                                                                                                                                                                                                                                                                                                                                                                                                                                                                                                                                                                                                                                                                                                                                │
│ 2030 │ 18.84 ms │ 715.26 ns │       - │      - │    - │                  - │     8 bytes │  10.667 MiB/s │ [copy pageable to device memory]                                                                                                                                                                                                                                                                                                                                                                                                                                                                                                                                                                                                                                                                                                                                                                                                                                                                                                                                                                                                                                                                                │
│ 2043 │ 18.84 ms │   2.38 µs │     128 │    1×2 │   98 │  20.000 KiB static │           - │             - │ void gemmSN_NN_kernel<double, 128, 2, 4, 8, 4, 4, false, cublasGemvTensorStridedBatched<double const>, cublasGemvTensorStridedBatched<double const>, cublasGemvTensorStridedBatched<double>>(cublasGemmSmallNParams<cublasGemvTensorStridedBatched<double const>, cublasGemvTensorStridedBatched<double const>, cublasGemvTensorStridedBatched<double>, double>)                                                                                                                                                                                                                                                                                                                                                                                                                                                                                                                                                                                                                                                                                                                                                │
│ 2054 │ 18.85 ms │ 953.67 ns │       - │      - │    - │                  - │     8 bytes │   8.000 MiB/s │ [copy pageable to device memory]                                                                                                                                                                                                                                                                                                                                                                                                                                                                                                                                                                                                                                                                                                                                                                                                                                                                                                                                                                                                                                                                                │
│ 2060 │ 18.85 ms │ 953.67 ns │       - │      - │    - │                  - │     8 bytes │   8.000 MiB/s │ [copy pageable to device memory]                                                                                                                                                                                                                                                                                                                                                                                                                                                                                                                                                                                                                                                                                                                                                                                                                                                                                                                                                                                                                                                                                │
│ 2073 │ 18.85 ms │   1.91 µs │     128 │    1×2 │   98 │  20.000 KiB static │           - │             - │ void gemmSN_NN_kernel<double, 128, 2, 4, 8, 4, 4, false, cublasGemvTensorStridedBatched<double const>, cublasGemvTensorStridedBatched<double const>, cublasGemvTensorStridedBatched<double>>(cublasGemmSmallNParams<cublasGemvTensorStridedBatched<double const>, cublasGemvTensorStridedBatched<double const>, cublasGemvTensorStridedBatched<double>, double>)                                                                                                                                                                                                                                                                                                                                                                                                                                                                                                                                                                                                                                                                                                                                                │
│ 2122 │ 18.86 ms │   1.43 µs │     128 │      1 │   26 │                  - │           - │             - │ gpu_broadcast_kernel_cartesian(CompilerMetadata<DynamicSize, DynamicCheck, void, CartesianIndices<2, Tuple<OneTo<Int64>, OneTo<Int64>>>, NDRange<2, DynamicSize, DynamicSize, CartesianIndices<2, Tuple<OneTo<Int64>, OneTo<Int64>>>, CartesianIndices<2, Tuple<OneTo<Int64>, OneTo<Int64>>>>>, SubArray<Float64, 2, CuDeviceArray<Float64, 2, 1>, Tuple<UnitRange<Int64>, Slice<OneTo<Int64>>>, false>, Broadcasted<CuArrayStyle<2, DeviceMemory>, Tuple<OneTo<Int64>, OneTo<Int64>>, _, Tuple<Broadcasted<CuArrayStyle<2, DeviceMemory>, void, _, Tuple<Extruded<CuDeviceArray<Float64, 2, 1>, Tuple<Bool, Bool>, Tuple<Int64, Int64>>, Extruded<SubArray<Float64, 2, CuDeviceArray<Float64, 2, 1>, Tuple<UnitRange<Int64>, Slice<OneTo<Int64>>>, false>, Tuple<Bool, Bool>, Tuple<Int64, Int64>>>>, Broadcasted<CuArrayStyle<2, DeviceMemory>, void, _, Tuple<Extruded<CuDeviceArray<Float64, 2, 1>, Tuple<Bool, Bool>, Tuple<Int64, Int64>>, Extruded<SubArray<Float64, 2, CuDeviceArray<Float64, 2, 1>, Tuple<UnitRange<Int64>, Slice<OneTo<Int64>>>, false>, Tuple<Bool, Bool>, Tuple<Int64, Int64>>>>>>) │
│ 2170 │ 18.86 ms │   1.43 µs │     128 │      1 │   26 │                  - │           - │             - │ gpu_broadcast_kernel_cartesian(CompilerMetadata<DynamicSize, DynamicCheck, void, CartesianIndices<2, Tuple<OneTo<Int64>, OneTo<Int64>>>, NDRange<2, DynamicSize, DynamicSize, CartesianIndices<2, Tuple<OneTo<Int64>, OneTo<Int64>>>, CartesianIndices<2, Tuple<OneTo<Int64>, OneTo<Int64>>>>>, SubArray<Float64, 2, CuDeviceArray<Float64, 2, 1>, Tuple<UnitRange<Int64>, Slice<OneTo<Int64>>>, false>, Broadcasted<CuArrayStyle<2, DeviceMemory>, Tuple<OneTo<Int64>, OneTo<Int64>>, _, Tuple<Broadcasted<CuArrayStyle<2, DeviceMemory>, void, _, Tuple<Extruded<CuDeviceArray<Float64, 2, 1>, Tuple<Bool, Bool>, Tuple<Int64, Int64>>, Extruded<SubArray<Float64, 2, CuDeviceArray<Float64, 2, 1>, Tuple<UnitRange<Int64>, Slice<OneTo<Int64>>>, false>, Tuple<Bool, Bool>, Tuple<Int64, Int64>>>>, Broadcasted<CuArrayStyle<2, DeviceMemory>, void, _, Tuple<Extruded<CuDeviceArray<Float64, 2, 1>, Tuple<Bool, Bool>, Tuple<Int64, Int64>>, Extruded<SubArray<Float64, 2, CuDeviceArray<Float64, 2, 1>, Tuple<UnitRange<Int64>, Slice<OneTo<Int64>>>, false>, Tuple<Bool, Bool>, Tuple<Int64, Int64>>>>>>) │
│ 2180 │ 18.86 ms │ 953.67 ns │       - │      - │    - │                  - │     8 bytes │   8.000 MiB/s │ [copy pageable to device memory]                                                                                                                                                                                                                                                                                                                                                                                                                                                                                                                                                                                                                                                                                                                                                                                                                                                                                                                                                                                                                                                                                │
│ 2186 │ 18.86 ms │ 715.26 ns │       - │      - │    - │                  - │     8 bytes │  10.667 MiB/s │ [copy pageable to device memory]                                                                                                                                                                                                                                                                                                                                                                                                                                                                                                                                                                                                                                                                                                                                                                                                                                                                                                                                                                                                                                                                                │
│ 2199 │ 18.87 ms │   2.15 µs │     128 │    1×2 │   98 │  20.000 KiB static │           - │             - │ void gemmSN_NN_kernel<double, 128, 2, 4, 8, 4, 4, false, cublasGemvTensorStridedBatched<double const>, cublasGemvTensorStridedBatched<double const>, cublasGemvTensorStridedBatched<double>>(cublasGemmSmallNParams<cublasGemvTensorStridedBatched<double const>, cublasGemvTensorStridedBatched<double const>, cublasGemvTensorStridedBatched<double>, double>)                                                                                                                                                                                                                                                                                                                                                                                                                                                                                                                                                                                                                                                                                                                                                │
│ 2218 │ 18.87 ms │   1.91 µs │     256 │      1 │   32 │                  - │           - │             - │ _cuda_rotate_z_scatter_accumulate_kernel_(CuDeviceArray<Float64, 2, 1>, CuDeviceArray<Float64, 2, 1>, CuDeviceArray<Int64, 1, 1>, CuDeviceArray<Int64, 1, 1>, CuDeviceArray<Float64, 1, 1>, CuDeviceArray<Float64, 1, 1>, CuDeviceArray<Int64, 1, 1>, CuDeviceArray<Float64, 1, 1>)                                                                                                                                                                                                                                                                                                                                                                                                                                                                                                                                                                                                                                                                                                                                                                                                                             │
│ 2226 │ 18.87 ms │   2.62 µs │    1024 │    732 │   18 │                  - │           - │             - │ gpu_fill_kernel_(CompilerMetadata<DynamicSize, DynamicCheck, void, CartesianIndices<1, Tuple<OneTo<Int64>>>, NDRange<1, DynamicSize, DynamicSize, CartesianIndices<1, Tuple<OneTo<Int64>>>, CartesianIndices<1, Tuple<OneTo<Int64>>>>>, CuDeviceArray<Float64, 2, 1>, Float64)                                                                                                                                                                                                                                                                                                                                                                                                                                                                                                                                                                                                                                                                                                                                                                                                                                  │
│ 2238 │ 18.88 ms │   2.86 µs │     256 │    435 │   32 │                  - │           - │             - │ _cuda_hier_route_flags_kernel_(CuDeviceArray<Int32, 1, 1>, CuDeviceArray<Int32, 1, 1>, CuDeviceArray<Int64, 2, 1>, CuDeviceArray<Int32, 2, 1>, CuDeviceArray<Int32, 2, 1>, Int64, Int64, Int64, Int64, Int64, Int64)                                                                                                                                                                                                                                                                                                                                                                                                                                                                                                                                                                                                                                                                                                                                                                                                                                                                                            │
│ 2250 │ 18.88 ms │   4.29 µs │    1024 │    109 │   32 │  8.000 KiB dynamic │           - │             - │ partial_scan(_, CuDeviceArray<Int32, 1, 1>, CuDeviceArray<Int32, 1, 1>, CartesianIndices<1, Tuple<OneTo<Int64>>>, CartesianIndices<0, Tuple<>>, CartesianIndices<0, Tuple<>>, CartesianIndices<2, Tuple<OneTo<Int64>, OneTo<Int64>>>, Int32, void, Val<true>)                                                                                                                                                                                                                                                                                                                                                                                                                                                                                                                                                                                                                                                                                                                                                                                                                                                   │
│ 2256 │ 18.89 ms │ 715.26 ns │       - │      - │    - │                  - │   436 bytes │ 581.333 MiB/s │ [set device memory]                                                                                                                                                                                                                                                                                                                                                                                                                                                                                                                                                                                                                                                                                                                                                                                                                                                                                                                                                                                                                                                                                             │
│ 2268 │ 18.89 ms │ 953.67 ns │      64 │      2 │   16 │                  - │           - │             - │ gpu_linear_copy_kernel_(CompilerMetadata<DynamicSize, DynamicCheck, void, CartesianIndices<1, Tuple<OneTo<Int64>>>, NDRange<1, DynamicSize, DynamicSize, CartesianIndices<1, Tuple<OneTo<Int64>>>, CartesianIndices<1, Tuple<OneTo<Int64>>>>>, CuDeviceArray<Int32, 1, 1>, Int64, SubArray<Int32, 1, CuDeviceArray<Int32, 1, 1>, Tuple<StepRange<Int64, Int64>>, true>, Int64, Int64)                                                                                                                                                                                                                                                                                                                                                                                                                                                                                                                                                                                                                                                                                                                           │
│ 2280 │ 18.89 ms │   1.91 µs │     128 │      1 │   32 │ 1024 bytes dynamic │           - │             - │ scan                                                                                                                                                                                                                                                                                                                                                                                                                                                                                                                                                                                                                                                                                                                                                                                                                                                                                                                                                                                                                                                                                                            │
│ 2286 │  18.9 ms │   1.19 µs │    1024 │    109 │   32 │                  - │           - │             - │ aggregate_partial_scan(_, CuDeviceArray<Int32, 1, 1>, CuDeviceArray<Int32, 1, 1>, CartesianIndices<1, Tuple<OneTo<Int64>>>, CartesianIndices<0, Tuple<>>, CartesianIndices<0, Tuple<>>, CartesianIndices<2, Tuple<OneTo<Int64>, OneTo<Int64>>>, void)                                                                                                                                                                                                                                                                                                                                                                                                                                                                                                                                                                                                                                                                                                                                                                                                                                                           │
│ 2294 │  18.9 ms │ 953.67 ns │     256 │      7 │   16 │                  - │           - │             - │ _cuda_hier_window_cum_kernel_(CuDeviceArray<Int32, 1, 1>, CuDeviceArray<Int32, 1, 1>, Int64, Int64)                                                                                                                                                                                                                                                                                                                                                                                                                                                                                                                                                                                                                                                                                                                                                                                                                                                                                                                                                                                                             │
│ 2814 │ 18.93 ms │   2.86 µs │       - │      - │    - │                  - │   6.797 KiB │   2.266 GiB/s │ [copy device to pinned memory]                                                                                                                                                                                                                                                                                                                                                                                                                                                                                                                                                                                                                                                                                                                                                                                                                                                                                                                                                                                                                                                                                  │
│ 2864 │ 18.97 ms │   2.15 µs │     256 │    435 │   32 │                  - │           - │             - │ _cuda_hier_route_compact_kernel_(CuDeviceArray<Int64, 1, 1>, CuDeviceArray<Int64, 2, 1>, CuDeviceArray<Int64, 1, 1>, CuDeviceArray<Int64, 1, 1>, CuDeviceArray<Int32, 1, 1>, CuDeviceArray<Int32, 1, 1>, CuDeviceArray<Int32, 1, 1>, CuDeviceArray<Int32, 1, 1>, CuDeviceArray<Int64, 2, 1>, CuDeviceArray<Int32, 2, 1>, Int64, Int64, Int64, Int64, Int64, Int64, Int64)                                                                                                                                                                                                                                                                                                                                                                                                                                                                                                                                                                                                                                                                                                                                       │
│ 2884 │ 18.99 ms │   5.96 µs │      32 │    752 │   38 │  128 bytes dynamic │           - │             - │ _cuda_hier_dense_fused_kernel_(CuDeviceArray<Float64, 2, 1>, CuDeviceArray<Float64, 2, 1>, CuDeviceArray<Float64, 3, 1>, CuDeviceArray<Int32, 1, 1>, CuDeviceArray<Int64, 1, 1>, CuDeviceArray<Int64, 1, 1>, CuDeviceArray<Float64, 2, 1>, CuDeviceArray<Float64, 2, 1>, CuDeviceArray<Int64, 1, 1>, CuDeviceArray<Int64, 1, 1>, Int64, CuDeviceArray<Float64, 2, 1>, CuDeviceArray<Float64, 2, 1>, Int64, Int64, Val<false>)                                                                                                                                                                                                                                                                                                                                                                                                                                                                                                                                                                                                                                                                                   │
│ 2896 │  19.0 ms │   6.91 µs │     256 │   3480 │   32 │                  - │           - │             - │ _cuda_hier_route_flags_kernel_(CuDeviceArray<Int32, 1, 1>, CuDeviceArray<Int32, 1, 1>, CuDeviceArray<Int64, 2, 1>, CuDeviceArray<Int32, 2, 1>, CuDeviceArray<Int32, 2, 1>, Int64, Int64, Int64, Int64, Int64, Int64)                                                                                                                                                                                                                                                                                                                                                                                                                                                                                                                                                                                                                                                                                                                                                                                                                                                                                            │
│ 2908 │ 19.01 ms │  17.17 µs │    1024 │    870 │   32 │  8.000 KiB dynamic │           - │             - │ partial_scan(_, CuDeviceArray<Int32, 1, 1>, CuDeviceArray<Int32, 1, 1>, CartesianIndices<1, Tuple<OneTo<Int64>>>, CartesianIndices<0, Tuple<>>, CartesianIndices<0, Tuple<>>, CartesianIndices<2, Tuple<OneTo<Int64>, OneTo<Int64>>>, Int32, void, Val<true>)                                                                                                                                                                                                                                                                                                                                                                                                                                                                                                                                                                                                                                                                                                                                                                                                                                                   │
│ 2914 │ 19.03 ms │   1.67 µs │       - │      - │    - │                  - │   3.398 KiB │   1.942 GiB/s │ [set device memory]                                                                                                                                                                                                                                                                                                                                                                                                                                                                                                                                                                                                                                                                                                                                                                                                                                                                                                                                                                                                                                                                                             │
│ 2926 │ 19.03 ms │   1.43 µs │     512 │      2 │   16 │                  - │           - │             - │ gpu_linear_copy_kernel_(CompilerMetadata<DynamicSize, DynamicCheck, void, CartesianIndices<1, Tuple<OneTo<Int64>>>, NDRange<1, DynamicSize, DynamicSize, CartesianIndices<1, Tuple<OneTo<Int64>>>, CartesianIndices<1, Tuple<OneTo<Int64>>>>>, CuDeviceArray<Int32, 1, 1>, Int64, SubArray<Int32, 1, CuDeviceArray<Int32, 1, 1>, Tuple<StepRange<Int64, Int64>>, true>, Int64, Int64)                                                                                                                                                                                                                                                                                                                                                                                                                                                                                                                                                                                                                                                                                                                           │
│ 2938 │ 19.05 ms │   4.05 µs │    1024 │      1 │   32 │  8.000 KiB dynamic │           - │             - │ scan                                                                                                                                                                                                                                                                                                                                                                                                                                                                                                                                                                                                                                                                                                                                                                                                                                                                                                                                                                                                                                                                                                            │
│ 2944 │ 19.06 ms │   3.81 µs │    1024 │    870 │   32 │                  - │           - │             - │ aggregate_partial_scan(_, CuDeviceArray<Int32, 1, 1>, CuDeviceArray<Int32, 1, 1>, CartesianIndices<1, Tuple<OneTo<Int64>>>, CartesianIndices<0, Tuple<>>, CartesianIndices<0, Tuple<>>, CartesianIndices<2, Tuple<OneTo<Int64>, OneTo<Int64>>>, void)                                                                                                                                                                                                                                                                                                                                                                                                                                                                                                                                                                                                                                                                                                                                                                                                                                                           │
│ 2952 │ 19.07 ms │   1.19 µs │     256 │      7 │   16 │                  - │           - │             - │ _cuda_hier_window_cum_kernel_(CuDeviceArray<Int32, 1, 1>, CuDeviceArray<Int32, 1, 1>, Int64, Int64)                                                                                                                                                                                                                                                                                                                                                                                                                                                                                                                                                                                                                                                                                                                                                                                                                                                                                                                                                                                                             │
│ 2978 │ 19.08 ms │   2.38 µs │       - │      - │    - │                  - │   6.797 KiB │   2.719 GiB/s │ [copy device to pinned memory]                                                                                                                                                                                                                                                                                                                                                                                                                                                                                                                                                                                                                                                                                                                                                                                                                                                                                                                                                                                                                                                                                  │
│ 3028 │  19.1 ms │   5.72 µs │     256 │   3480 │   32 │                  - │           - │             - │ _cuda_hier_route_compact_kernel_(CuDeviceArray<Int64, 1, 1>, CuDeviceArray<Int64, 2, 1>, CuDeviceArray<Int64, 1, 1>, CuDeviceArray<Int64, 1, 1>, CuDeviceArray<Int32, 1, 1>, CuDeviceArray<Int32, 1, 1>, CuDeviceArray<Int32, 1, 1>, CuDeviceArray<Int32, 1, 1>, CuDeviceArray<Int64, 2, 1>, CuDeviceArray<Int32, 2, 1>, Int64, Int64, Int64, Int64, Int64, Int64, Int64)                                                                                                                                                                                                                                                                                                                                                                                                                                                                                                                                                                                                                                                                                                                                       │
│ 3048 │ 19.12 ms │ 109.67 µs │      32 │  16384 │   38 │  128 bytes dynamic │           - │             - │ _cuda_hier_dense_fused_kernel_(CuDeviceArray<Float64, 2, 1>, CuDeviceArray<Float64, 2, 1>, CuDeviceArray<Float64, 3, 1>, CuDeviceArray<Int32, 1, 1>, CuDeviceArray<Int64, 1, 1>, CuDeviceArray<Int64, 1, 1>, CuDeviceArray<Float64, 2, 1>, CuDeviceArray<Float64, 2, 1>, CuDeviceArray<Int64, 1, 1>, CuDeviceArray<Int64, 1, 1>, Int64, CuDeviceArray<Float64, 2, 1>, CuDeviceArray<Float64, 2, 1>, Int64, Int64, Val<false>)                                                                                                                                                                                                                                                                                                                                                                                                                                                                                                                                                                                                                                                                                   │
│ 3060 │ 19.23 ms │  43.87 µs │     256 │  27840 │   32 │                  - │           - │             - │ _cuda_hier_route_flags_kernel_(CuDeviceArray<Int32, 1, 1>, CuDeviceArray<Int32, 1, 1>, CuDeviceArray<Int64, 2, 1>, CuDeviceArray<Int32, 2, 1>, CuDeviceArray<Int32, 2, 1>, Int64, Int64, Int64, Int64, Int64, Int64)                                                                                                                                                                                                                                                                                                                                                                                                                                                                                                                                                                                                                                                                                                                                                                                                                                                                                            │
│ 3072 │ 19.27 ms │ 126.36 µs │    1024 │   6960 │   32 │  8.000 KiB dynamic │           - │             - │ partial_scan(_, CuDeviceArray<Int32, 1, 1>, CuDeviceArray<Int32, 1, 1>, CartesianIndices<1, Tuple<OneTo<Int64>>>, CartesianIndices<0, Tuple<>>, CartesianIndices<0, Tuple<>>, CartesianIndices<2, Tuple<OneTo<Int64>, OneTo<Int64>>>, Int32, void, Val<true>)                                                                                                                                                                                                                                                                                                                                                                                                                                                                                                                                                                                                                                                                                                                                                                                                                                                   │
│ 3078 │  19.4 ms │ 953.67 ns │       - │      - │    - │                  - │  27.188 KiB │  27.188 GiB/s │ [set device memory]                                                                                                                                                                                                                                                                                                                                                                                                                                                                                                                                                                                                                                                                                                                                                                                                                                                                                                                                                                                                                                                                                             │
│ 3090 │  19.4 ms │   2.15 µs │    1024 │      7 │   16 │                  - │           - │             - │ gpu_linear_copy_kernel_(CompilerMetadata<DynamicSize, DynamicCheck, void, CartesianIndices<1, Tuple<OneTo<Int64>>>, NDRange<1, DynamicSize, DynamicSize, CartesianIndices<1, Tuple<OneTo<Int64>>>, CartesianIndices<1, Tuple<OneTo<Int64>>>>>, CuDeviceArray<Int32, 1, 1>, Int64, SubArray<Int32, 1, CuDeviceArray<Int32, 1, 1>, Tuple<StepRange<Int64, Int64>>, true>, Int64, Int64)                                                                                                                                                                                                                                                                                                                                                                                                                                                                                                                                                                                                                                                                                                                           │
│ 3102 │  19.4 ms │   4.29 µs │    1024 │      7 │   32 │  8.000 KiB dynamic │           - │             - │ partial_scan(_, CuDeviceArray<Int32, 1, 1>, CuDeviceArray<Int32, 1, 1>, CartesianIndices<1, Tuple<OneTo<Int64>>>, CartesianIndices<0, Tuple<>>, CartesianIndices<0, Tuple<>>, CartesianIndices<2, Tuple<OneTo<Int64>, OneTo<Int64>>>, Int32, void, Val<true>)                                                                                                                                                                                                                                                                                                                                                                                                                                                                                                                                                                                                                                                                                                                                                                                                                                                   │
│ 3108 │ 19.41 ms │ 476.84 ns │       - │      - │    - │                  - │    28 bytes │  56.000 MiB/s │ [set device memory]                                                                                                                                                                                                                                                                                                                                                                                                                                                                                                                                                                                                                                                                                                                                                                                                                                                                                                                                                                                                                                                                                             │
│ 3120 │ 19.41 ms │   1.19 µs │       6 │      1 │   16 │                  - │           - │             - │ gpu_linear_copy_kernel_(CompilerMetadata<DynamicSize, DynamicCheck, void, CartesianIndices<1, Tuple<OneTo<Int64>>>, NDRange<1, DynamicSize, DynamicSize, CartesianIndices<1, Tuple<OneTo<Int64>>>, CartesianIndices<1, Tuple<OneTo<Int64>>>>>, CuDeviceArray<Int32, 1, 1>, Int64, SubArray<Int32, 1, CuDeviceArray<Int32, 1, 1>, Tuple<StepRange<Int64, Int64>>, true>, Int64, Int64)                                                                                                                                                                                                                                                                                                                                                                                                                                                                                                                                                                                                                                                                                                                           │
│ 3132 │ 19.42 ms │   1.43 µs │       8 │      1 │   32 │   64 bytes dynamic │           - │             - │ scan                                                                                                                                                                                                                                                                                                                                                                                                                                                                                                                                                                                                                                                                                                                                                                                                                                                                                                                                                                                                                                                                                                            │
│ 3138 │ 19.42 ms │ 953.67 ns │    1024 │      7 │   32 │                  - │           - │             - │ aggregate_partial_scan(_, CuDeviceArray<Int32, 1, 1>, CuDeviceArray<Int32, 1, 1>, CartesianIndices<1, Tuple<OneTo<Int64>>>, CartesianIndices<0, Tuple<>>, CartesianIndices<0, Tuple<>>, CartesianIndices<2, Tuple<OneTo<Int64>, OneTo<Int64>>>, void)                                                                                                                                                                                                                                                                                                                                                                                                                                                                                                                                                                                                                                                                                                                                                                                                                                                           │
│ 3146 │ 19.42 ms │  26.23 µs │    1024 │   6960 │   32 │                  - │           - │             - │ aggregate_partial_scan(_, CuDeviceArray<Int32, 1, 1>, CuDeviceArray<Int32, 1, 1>, CartesianIndices<1, Tuple<OneTo<Int64>>>, CartesianIndices<0, Tuple<>>, CartesianIndices<0, Tuple<>>, CartesianIndices<2, Tuple<OneTo<Int64>, OneTo<Int64>>>, void)                                                                                                                                                                                                                                                                                                                                                                                                                                                                                                                                                                                                                                                                                                                                                                                                                                                           │
│ 3154 │ 19.45 ms │ 953.67 ns │     256 │      7 │   16 │                  - │           - │             - │ _cuda_hier_window_cum_kernel_(CuDeviceArray<Int32, 1, 1>, CuDeviceArray<Int32, 1, 1>, Int64, Int64)                                                                                                                                                                                                                                                                                                                                                                                                                                                                                                                                                                                                                                                                                                                                                                                                                                                                                                                                                                                                             │
│ 3674 │ 19.47 ms │   2.62 µs │       - │      - │    - │                  - │   6.797 KiB │   2.472 GiB/s │ [copy device to pinned memory]                                                                                                                                                                                                                                                                                                                                                                                                                                                                                                                                                                                                                                                                                                                                                                                                                                                                                                                                                                                                                                                                                  │
│ 3726 │ 19.49 ms │  60.32 µs │     256 │  27840 │   32 │                  - │           - │             - │ _cuda_hier_route_compact_kernel_(CuDeviceArray<Int64, 1, 1>, CuDeviceArray<Int64, 2, 1>, CuDeviceArray<Int64, 1, 1>, CuDeviceArray<Int64, 1, 1>, CuDeviceArray<Int32, 1, 1>, CuDeviceArray<Int32, 1, 1>, CuDeviceArray<Int32, 1, 1>, CuDeviceArray<Int32, 1, 1>, CuDeviceArray<Int64, 2, 1>, CuDeviceArray<Int32, 2, 1>, Int64, Int64, Int64, Int64, Int64, Int64, Int64)                                                                                                                                                                                                                                                                                                                                                                                                                                                                                                                                                                                                                                                                                                                                       │
│ 3746 │ 19.56 ms │   1.81 ms │      32 │  16384 │   38 │  128 bytes dynamic │           - │             - │ _cuda_hier_dense_fused_kernel_(CuDeviceArray<Float64, 2, 1>, CuDeviceArray<Float64, 2, 1>, CuDeviceArray<Float64, 3, 1>, CuDeviceArray<Int32, 1, 1>, CuDeviceArray<Int64, 1, 1>, CuDeviceArray<Int64, 1, 1>, CuDeviceArray<Float64, 2, 1>, CuDeviceArray<Float64, 2, 1>, CuDeviceArray<Int64, 1, 1>, CuDeviceArray<Int64, 1, 1>, Int64, CuDeviceArray<Float64, 2, 1>, CuDeviceArray<Float64, 2, 1>, Int64, Int64, Val<false>)                                                                                                                                                                                                                                                                                                                                                                                                                                                                                                                                                                                                                                                                                   │
│ 3758 │ 21.37 ms │ 356.91 µs │     256 │ 222720 │   32 │                  - │           - │             - │ _cuda_hier_route_flags_kernel_(CuDeviceArray<Int32, 1, 1>, CuDeviceArray<Int32, 1, 1>, CuDeviceArray<Int64, 2, 1>, CuDeviceArray<Int32, 2, 1>, CuDeviceArray<Int32, 2, 1>, Int64, Int64, Int64, Int64, Int64, Int64)                                                                                                                                                                                                                                                                                                                                                                                                                                                                                                                                                                                                                                                                                                                                                                                                                                                                                            │
│ 3770 │ 21.73 ms │   1.02 ms │    1024 │  55680 │   32 │  8.000 KiB dynamic │           - │             - │ partial_scan(_, CuDeviceArray<Int32, 1, 1>, CuDeviceArray<Int32, 1, 1>, CartesianIndices<1, Tuple<OneTo<Int64>>>, CartesianIndices<0, Tuple<>>, CartesianIndices<0, Tuple<>>, CartesianIndices<2, Tuple<OneTo<Int64>, OneTo<Int64>>>, Int32, void, Val<true>)                                                                                                                                                                                                                                                                                                                                                                                                                                                                                                                                                                                                                                                                                                                                                                                                                                                   │
│ 3776 │ 22.75 ms │ 715.26 ns │       - │      - │    - │                  - │ 217.500 KiB │ 290.000 GiB/s │ [set device memory]                                                                                                                                                                                                                                                                                                                                                                                                                                                                                                                                                                                                                                                                                                                                                                                                                                                                                                                                                                                                                                                                                             │
│ 3788 │ 22.75 ms │   4.05 µs │    1024 │     55 │   16 │                  - │           - │             - │ gpu_linear_copy_kernel_(CompilerMetadata<DynamicSize, DynamicCheck, void, CartesianIndices<1, Tuple<OneTo<Int64>>>, NDRange<1, DynamicSize, DynamicSize, CartesianIndices<1, Tuple<OneTo<Int64>>>, CartesianIndices<1, Tuple<OneTo<Int64>>>>>, CuDeviceArray<Int32, 1, 1>, Int64, SubArray<Int32, 1, CuDeviceArray<Int32, 1, 1>, Tuple<StepRange<Int64, Int64>>, true>, Int64, Int64)                                                                                                                                                                                                                                                                                                                                                                                                                                                                                                                                                                                                                                                                                                                           │
│ 3800 │ 22.75 ms │   4.05 µs │    1024 │     55 │   32 │  8.000 KiB dynamic │           - │             - │ partial_scan(_, CuDeviceArray<Int32, 1, 1>, CuDeviceArray<Int32, 1, 1>, CartesianIndices<1, Tuple<OneTo<Int64>>>, CartesianIndices<0, Tuple<>>, CartesianIndices<0, Tuple<>>, CartesianIndices<2, Tuple<OneTo<Int64>, OneTo<Int64>>>, Int32, void, Val<true>)                                                                                                                                                                                                                                                                                                                                                                                                                                                                                                                                                                                                                                                                                                                                                                                                                                                   │
│ 3806 │ 22.76 ms │ 715.26 ns │       - │      - │    - │                  - │   220 bytes │ 293.333 MiB/s │ [set device memory]                                                                                                                                                                                                                                                                                                                                                                                                                                                                                                                                                                                                                                                                                                                                                                                                                                                                                                                                                                                                                                                                                             │
│ 3818 │ 22.76 ms │ 953.67 ns │      54 │      1 │   16 │                  - │           - │             - │ gpu_linear_copy_kernel_(CompilerMetadata<DynamicSize, DynamicCheck, void, CartesianIndices<1, Tuple<OneTo<Int64>>>, NDRange<1, DynamicSize, DynamicSize, CartesianIndices<1, Tuple<OneTo<Int64>>>, CartesianIndices<1, Tuple<OneTo<Int64>>>>>, CuDeviceArray<Int32, 1, 1>, Int64, SubArray<Int32, 1, CuDeviceArray<Int32, 1, 1>, Tuple<StepRange<Int64, Int64>>, true>, Int64, Int64)                                                                                                                                                                                                                                                                                                                                                                                                                                                                                                                                                                                                                                                                                                                           │
│ 3830 │ 22.76 ms │   1.67 µs │      64 │      1 │   32 │  512 bytes dynamic │           - │             - │ scan                                                                                                                                                                                                                                                                                                                                                                                                                                                                                                                                                                                                                                                                                                                                                                                                                                                                                                                                                                                                                                                                                                            │
│ 3836 │ 22.77 ms │   1.43 µs │    1024 │     55 │   32 │                  - │           - │             - │ aggregate_partial_scan(_, CuDeviceArray<Int32, 1, 1>, CuDeviceArray<Int32, 1, 1>, CartesianIndices<1, Tuple<OneTo<Int64>>>, CartesianIndices<0, Tuple<>>, CartesianIndices<0, Tuple<>>, CartesianIndices<2, Tuple<OneTo<Int64>, OneTo<Int64>>>, void)                                                                                                                                                                                                                                                                                                                                                                                                                                                                                                                                                                                                                                                                                                                                                                                                                                                           │
│ 3844 │ 22.77 ms │ 243.66 µs │    1024 │  55680 │   32 │                  - │           - │             - │ aggregate_partial_scan(_, CuDeviceArray<Int32, 1, 1>, CuDeviceArray<Int32, 1, 1>, CartesianIndices<1, Tuple<OneTo<Int64>>>, CartesianIndices<0, Tuple<>>, CartesianIndices<0, Tuple<>>, CartesianIndices<2, Tuple<OneTo<Int64>, OneTo<Int64>>>, void)                                                                                                                                                                                                                                                                                                                                                                                                                                                                                                                                                                                                                                                                                                                                                                                                                                                           │
│ 3852 │ 23.02 ms │   1.67 µs │     256 │      7 │   16 │                  - │           - │             - │ _cuda_hier_window_cum_kernel_(CuDeviceArray<Int32, 1, 1>, CuDeviceArray<Int32, 1, 1>, Int64, Int64)                                                                                                                                                                                                                                                                                                                                                                                                                                                                                                                                                                                                                                                                                                                                                                                                                                                                                                                                                                                                             │
│ 4372 │ 23.04 ms │   2.62 µs │       - │      - │    - │                  - │   6.797 KiB │   2.472 GiB/s │ [copy device to pinned memory]                                                                                                                                                                                                                                                                                                                                                                                                                                                                                                                                                                                                                                                                                                                                                                                                                                                                                                                                                                                                                                                                                  │
│ 4424 │ 23.06 ms │ 594.14 µs │     256 │ 222720 │   32 │                  - │           - │             - │ _cuda_hier_route_compact_kernel_(CuDeviceArray<Int64, 1, 1>, CuDeviceArray<Int64, 2, 1>, CuDeviceArray<Int64, 1, 1>, CuDeviceArray<Int64, 1, 1>, CuDeviceArray<Int32, 1, 1>, CuDeviceArray<Int32, 1, 1>, CuDeviceArray<Int32, 1, 1>, CuDeviceArray<Int32, 1, 1>, CuDeviceArray<Int64, 2, 1>, CuDeviceArray<Int32, 2, 1>, Int64, Int64, Int64, Int64, Int64, Int64, Int64)                                                                                                                                                                                                                                                                                                                                                                                                                                                                                                                                                                                                                                                                                                                                       │
│ 4444 │ 23.66 ms │  21.05 ms │      32 │  16384 │   38 │  128 bytes dynamic │           - │             - │ _cuda_hier_dense_fused_kernel_(CuDeviceArray<Float64, 2, 1>, CuDeviceArray<Float64, 2, 1>, CuDeviceArray<Float64, 3, 1>, CuDeviceArray<Int32, 1, 1>, CuDeviceArray<Int64, 1, 1>, CuDeviceArray<Int64, 1, 1>, CuDeviceArray<Float64, 2, 1>, CuDeviceArray<Float64, 2, 1>, CuDeviceArray<Int64, 1, 1>, CuDeviceArray<Int64, 1, 1>, Int64, CuDeviceArray<Float64, 2, 1>, CuDeviceArray<Float64, 2, 1>, Int64, Int64, Val<false>)                                                                                                                                                                                                                                                                                                                                                                                                                                                                                                                                                                                                                                                                                   │
│ 4472 │ 44.71 ms │   1.91 µs │     128 │      1 │   30 │                  - │           - │             - │ gpu_broadcast_kernel_cartesian(CompilerMetadata<DynamicSize, DynamicCheck, void, CartesianIndices<2, Tuple<OneTo<Int64>, OneTo<Int64>>>, NDRange<2, DynamicSize, DynamicSize, CartesianIndices<2, Tuple<OneTo<Int64>, OneTo<Int64>>>, CartesianIndices<2, Tuple<OneTo<Int64>, OneTo<Int64>>>>>, CuDeviceArray<Float64, 2, 1>, Broadcasted<CuArrayStyle<2, DeviceMemory>, Tuple<OneTo<Int64>, OneTo<Int64>>, cos, Tuple<Broadcasted<CuArrayStyle<1, DeviceMemory>, void, _, Tuple<Extruded<CuDeviceArray<Float64, 1, 1>, Tuple<Bool>, Tuple<Int64>>, Extruded<Transpose<Float64, CuDeviceArray<Float64, 1, 1>>, Tuple<Bool, Bool>, Tuple<Int64, Int64>>>>>>)                                                                                                                                                                                                                                                                                                                                                                                                                                                     │
│ 4500 │ 44.71 ms │   1.67 µs │     128 │      1 │   30 │                  - │           - │             - │ gpu_broadcast_kernel_cartesian(CompilerMetadata<DynamicSize, DynamicCheck, void, CartesianIndices<2, Tuple<OneTo<Int64>, OneTo<Int64>>>, NDRange<2, DynamicSize, DynamicSize, CartesianIndices<2, Tuple<OneTo<Int64>, OneTo<Int64>>>, CartesianIndices<2, Tuple<OneTo<Int64>, OneTo<Int64>>>>>, CuDeviceArray<Float64, 2, 1>, Broadcasted<CuArrayStyle<2, DeviceMemory>, Tuple<OneTo<Int64>, OneTo<Int64>>, sin, Tuple<Broadcasted<CuArrayStyle<1, DeviceMemory>, void, _, Tuple<Extruded<CuDeviceArray<Float64, 1, 1>, Tuple<Bool>, Tuple<Int64>>, Extruded<Transpose<Float64, CuDeviceArray<Float64, 1, 1>>, Tuple<Bool, Bool>, Tuple<Int64, Int64>>>>>>)                                                                                                                                                                                                                                                                                                                                                                                                                                                     │
│ 4518 │ 44.72 ms │   2.15 µs │     256 │      1 │   32 │                  - │           - │             - │ _cuda_gather_rotate_z_kernel_(CuDeviceArray<Float64, 2, 1>, CuDeviceArray<Float64, 2, 1>, CuDeviceArray<Int64, 1, 1>, CuDeviceArray<Int64, 1, 1>, CuDeviceArray<Float64, 1, 1>, CuDeviceArray<Float64, 1, 1>, CuDeviceArray<Int64, 1, 1>, CuDeviceArray<Float64, 1, 1>, Float64)                                                                                                                                                                                                                                                                                                                                                                                                                                                                                                                                                                                                                                                                                                                                                                                                                                │
│ 4528 │ 44.72 ms │ 715.26 ns │       - │      - │    - │                  - │     8 bytes │  10.667 MiB/s │ [copy pageable to device memory]                                                                                                                                                                                                                                                                                                                                                                                                                                                                                                                                                                                                                                                                                                                                                                                                                                                                                                                                                                                                                                                                                │
│ 4534 │ 44.72 ms │ 715.26 ns │       - │      - │    - │                  - │     8 bytes │  10.667 MiB/s │ [copy pageable to device memory]                                                                                                                                                                                                                                                                                                                                                                                                                                                                                                                                                                                                                                                                                                                                                                                                                                                                                                                                                                                                                                                                                │
│ 4547 │ 44.72 ms │   2.62 µs │     128 │    1×2 │   98 │  20.000 KiB static │           - │             - │ void gemmSN_NN_kernel<double, 128, 2, 4, 8, 4, 4, false, cublasGemvTensorStridedBatched<double const>, cublasGemvTensorStridedBatched<double const>, cublasGemvTensorStridedBatched<double>>(cublasGemmSmallNParams<cublasGemvTensorStridedBatched<double const>, cublasGemvTensorStridedBatched<double const>, cublasGemvTensorStridedBatched<double>, double>)                                                                                                                                                                                                                                                                                                                                                                                                                                                                                                                                                                                                                                                                                                                                                │
│ 4596 │ 44.73 ms │   1.43 µs │     128 │      1 │   26 │                  - │           - │             - │ gpu_broadcast_kernel_cartesian(CompilerMetadata<DynamicSize, DynamicCheck, void, CartesianIndices<2, Tuple<OneTo<Int64>, OneTo<Int64>>>, NDRange<2, DynamicSize, DynamicSize, CartesianIndices<2, Tuple<OneTo<Int64>, OneTo<Int64>>>, CartesianIndices<2, Tuple<OneTo<Int64>, OneTo<Int64>>>>>, SubArray<Float64, 2, CuDeviceArray<Float64, 2, 1>, Tuple<UnitRange<Int64>, Slice<OneTo<Int64>>>, false>, Broadcasted<CuArrayStyle<2, DeviceMemory>, Tuple<OneTo<Int64>, OneTo<Int64>>, _, Tuple<Broadcasted<CuArrayStyle<2, DeviceMemory>, void, _, Tuple<Extruded<CuDeviceArray<Float64, 2, 1>, Tuple<Bool, Bool>, Tuple<Int64, Int64>>, Extruded<SubArray<Float64, 2, CuDeviceArray<Float64, 2, 1>, Tuple<UnitRange<Int64>, Slice<OneTo<Int64>>>, false>, Tuple<Bool, Bool>, Tuple<Int64, Int64>>>>, Broadcasted<CuArrayStyle<2, DeviceMemory>, void, _, Tuple<Extruded<CuDeviceArray<Float64, 2, 1>, Tuple<Bool, Bool>, Tuple<Int64, Int64>>, Extruded<SubArray<Float64, 2, CuDeviceArray<Float64, 2, 1>, Tuple<UnitRange<Int64>, Slice<OneTo<Int64>>>, false>, Tuple<Bool, Bool>, Tuple<Int64, Int64>>>>>>) │
│ 4644 │ 44.73 ms │   1.67 µs │     128 │      1 │   26 │                  - │           - │             - │ gpu_broadcast_kernel_cartesian(CompilerMetadata<DynamicSize, DynamicCheck, void, CartesianIndices<2, Tuple<OneTo<Int64>, OneTo<Int64>>>, NDRange<2, DynamicSize, DynamicSize, CartesianIndices<2, Tuple<OneTo<Int64>, OneTo<Int64>>>, CartesianIndices<2, Tuple<OneTo<Int64>, OneTo<Int64>>>>>, SubArray<Float64, 2, CuDeviceArray<Float64, 2, 1>, Tuple<UnitRange<Int64>, Slice<OneTo<Int64>>>, false>, Broadcasted<CuArrayStyle<2, DeviceMemory>, Tuple<OneTo<Int64>, OneTo<Int64>>, _, Tuple<Broadcasted<CuArrayStyle<2, DeviceMemory>, void, _, Tuple<Extruded<CuDeviceArray<Float64, 2, 1>, Tuple<Bool, Bool>, Tuple<Int64, Int64>>, Extruded<SubArray<Float64, 2, CuDeviceArray<Float64, 2, 1>, Tuple<UnitRange<Int64>, Slice<OneTo<Int64>>>, false>, Tuple<Bool, Bool>, Tuple<Int64, Int64>>>>, Broadcasted<CuArrayStyle<2, DeviceMemory>, void, _, Tuple<Extruded<CuDeviceArray<Float64, 2, 1>, Tuple<Bool, Bool>, Tuple<Int64, Int64>>, Extruded<SubArray<Float64, 2, CuDeviceArray<Float64, 2, 1>, Tuple<UnitRange<Int64>, Slice<OneTo<Int64>>>, false>, Tuple<Bool, Bool>, Tuple<Int64, Int64>>>>>>) │
│ 4654 │ 44.73 ms │ 715.26 ns │       - │      - │    - │                  - │     8 bytes │  10.667 MiB/s │ [copy pageable to device memory]                                                                                                                                                                                                                                                                                                                                                                                                                                                                                                                                                                                                                                                                                                                                                                                                                                                                                                                                                                                                                                                                                │
│ 4660 │ 44.74 ms │ 953.67 ns │       - │      - │    - │                  - │     8 bytes │   8.000 MiB/s │ [copy pageable to device memory]                                                                                                                                                                                                                                                                                                                                                                                                                                                                                                                                                                                                                                                                                                                                                                                                                                                                                                                                                                                                                                                                                │
│ 4673 │ 44.74 ms │   2.62 µs │     128 │    1×2 │   98 │  20.000 KiB static │           - │             - │ void gemmSN_NN_kernel<double, 128, 2, 4, 8, 4, 4, false, cublasGemvTensorStridedBatched<double const>, cublasGemvTensorStridedBatched<double const>, cublasGemvTensorStridedBatched<double>>(cublasGemmSmallNParams<cublasGemvTensorStridedBatched<double const>, cublasGemvTensorStridedBatched<double const>, cublasGemvTensorStridedBatched<double>, double>)                                                                                                                                                                                                                                                                                                                                                                                                                                                                                                                                                                                                                                                                                                                                                │
│ 4684 │ 44.74 ms │ 715.26 ns │       - │      - │    - │                  - │     8 bytes │  10.667 MiB/s │ [copy pageable to device memory]                                                                                                                                                                                                                                                                                                                                                                                                                                                                                                                                                                                                                                                                                                                                                                                                                                                                                                                                                                                                                                                                                │
│ 4690 │ 44.75 ms │ 953.67 ns │       - │      - │    - │                  - │     8 bytes │   8.000 MiB/s │ [copy pageable to device memory]                                                                                                                                                                                                                                                                                                                                                                                                                                                                                                                                                                                                                                                                                                                                                                                                                                                                                                                                                                                                                                                                                │
│ 4703 │ 44.75 ms │   2.15 µs │     128 │    1×2 │   98 │  20.000 KiB static │           - │             - │ void gemmSN_NN_kernel<double, 128, 2, 4, 8, 4, 4, false, cublasGemvTensorStridedBatched<double const>, cublasGemvTensorStridedBatched<double const>, cublasGemvTensorStridedBatched<double>>(cublasGemmSmallNParams<cublasGemvTensorStridedBatched<double const>, cublasGemvTensorStridedBatched<double const>, cublasGemvTensorStridedBatched<double>, double>)                                                                                                                                                                                                                                                                                                                                                                                                                                                                                                                                                                                                                                                                                                                                                │
│ 4714 │ 44.75 ms │ 953.67 ns │       - │      - │    - │                  - │     8 bytes │   8.000 MiB/s │ [copy pageable to device memory]                                                                                                                                                                                                                                                                                                                                                                                                                                                                                                                                                                                                                                                                                                                                                                                                                                                                                                                                                                                                                                                                                │
│ 4720 │ 44.76 ms │ 953.67 ns │       - │      - │    - │                  - │     8 bytes │   8.000 MiB/s │ [copy pageable to device memory]                                                                                                                                                                                                                                                                                                                                                                                                                                                                                                                                                                                                                                                                                                                                                                                                                                                                                                                                                                                                                                                                                │
│ 4733 │ 44.76 ms │   2.38 µs │     128 │    1×2 │   98 │  20.000 KiB static │           - │             - │ void gemmSN_NN_kernel<double, 128, 2, 4, 8, 4, 4, false, cublasGemvTensorStridedBatched<double const>, cublasGemvTensorStridedBatched<double const>, cublasGemvTensorStridedBatched<double>>(cublasGemmSmallNParams<cublasGemvTensorStridedBatched<double const>, cublasGemvTensorStridedBatched<double const>, cublasGemvTensorStridedBatched<double>, double>)                                                                                                                                                                                                                                                                                                                                                                                                                                                                                                                                                                                                                                                                                                                                                │
│ 4782 │ 44.76 ms │   1.43 µs │     128 │      1 │   26 │                  - │           - │             - │ gpu_broadcast_kernel_cartesian(CompilerMetadata<DynamicSize, DynamicCheck, void, CartesianIndices<2, Tuple<OneTo<Int64>, OneTo<Int64>>>, NDRange<2, DynamicSize, DynamicSize, CartesianIndices<2, Tuple<OneTo<Int64>, OneTo<Int64>>>, CartesianIndices<2, Tuple<OneTo<Int64>, OneTo<Int64>>>>>, SubArray<Float64, 2, CuDeviceArray<Float64, 2, 1>, Tuple<UnitRange<Int64>, Slice<OneTo<Int64>>>, false>, Broadcasted<CuArrayStyle<2, DeviceMemory>, Tuple<OneTo<Int64>, OneTo<Int64>>, _, Tuple<Broadcasted<CuArrayStyle<2, DeviceMemory>, void, _, Tuple<Extruded<CuDeviceArray<Float64, 2, 1>, Tuple<Bool, Bool>, Tuple<Int64, Int64>>, Extruded<SubArray<Float64, 2, CuDeviceArray<Float64, 2, 1>, Tuple<UnitRange<Int64>, Slice<OneTo<Int64>>>, false>, Tuple<Bool, Bool>, Tuple<Int64, Int64>>>>, Broadcasted<CuArrayStyle<2, DeviceMemory>, void, _, Tuple<Extruded<CuDeviceArray<Float64, 2, 1>, Tuple<Bool, Bool>, Tuple<Int64, Int64>>, Extruded<SubArray<Float64, 2, CuDeviceArray<Float64, 2, 1>, Tuple<UnitRange<Int64>, Slice<OneTo<Int64>>>, false>, Tuple<Bool, Bool>, Tuple<Int64, Int64>>>>>>) │
│ 4830 │ 44.76 ms │   1.43 µs │     128 │      1 │   26 │                  - │           - │             - │ gpu_broadcast_kernel_cartesian(CompilerMetadata<DynamicSize, DynamicCheck, void, CartesianIndices<2, Tuple<OneTo<Int64>, OneTo<Int64>>>, NDRange<2, DynamicSize, DynamicSize, CartesianIndices<2, Tuple<OneTo<Int64>, OneTo<Int64>>>, CartesianIndices<2, Tuple<OneTo<Int64>, OneTo<Int64>>>>>, SubArray<Float64, 2, CuDeviceArray<Float64, 2, 1>, Tuple<UnitRange<Int64>, Slice<OneTo<Int64>>>, false>, Broadcasted<CuArrayStyle<2, DeviceMemory>, Tuple<OneTo<Int64>, OneTo<Int64>>, _, Tuple<Broadcasted<CuArrayStyle<2, DeviceMemory>, void, _, Tuple<Extruded<CuDeviceArray<Float64, 2, 1>, Tuple<Bool, Bool>, Tuple<Int64, Int64>>, Extruded<SubArray<Float64, 2, CuDeviceArray<Float64, 2, 1>, Tuple<UnitRange<Int64>, Slice<OneTo<Int64>>>, false>, Tuple<Bool, Bool>, Tuple<Int64, Int64>>>>, Broadcasted<CuArrayStyle<2, DeviceMemory>, void, _, Tuple<Extruded<CuDeviceArray<Float64, 2, 1>, Tuple<Bool, Bool>, Tuple<Int64, Int64>>, Extruded<SubArray<Float64, 2, CuDeviceArray<Float64, 2, 1>, Tuple<UnitRange<Int64>, Slice<OneTo<Int64>>>, false>, Tuple<Bool, Bool>, Tuple<Int64, Int64>>>>>>) │
│ 4840 │ 44.77 ms │ 715.26 ns │       - │      - │    - │                  - │     8 bytes │  10.667 MiB/s │ [copy pageable to device memory]                                                                                                                                                                                                                                                                                                                                                                                                                                                                                                                                                                                                                                                                                                                                                                                                                                                                                                                                                                                                                                                                                │
│ 4846 │ 44.77 ms │ 953.67 ns │       - │      - │    - │                  - │     8 bytes │   8.000 MiB/s │ [copy pageable to device memory]                                                                                                                                                                                                                                                                                                                                                                                                                                                                                                                                                                                                                                                                                                                                                                                                                                                                                                                                                                                                                                                                                │
│ 4859 │ 44.77 ms │   2.38 µs │     128 │    1×2 │   98 │  20.000 KiB static │           - │             - │ void gemmSN_NN_kernel<double, 128, 2, 4, 8, 4, 4, false, cublasGemvTensorStridedBatched<double const>, cublasGemvTensorStridedBatched<double const>, cublasGemvTensorStridedBatched<double>>(cublasGemmSmallNParams<cublasGemvTensorStridedBatched<double const>, cublasGemvTensorStridedBatched<double const>, cublasGemvTensorStridedBatched<double>, double>)                                                                                                                                                                                                                                                                                                                                                                                                                                                                                                                                                                                                                                                                                                                                                │
│ 4878 │ 44.78 ms │   2.38 µs │     256 │      1 │   32 │                  - │           - │             - │ _cuda_rotate_z_scatter_accumulate_kernel_(CuDeviceArray<Float64, 2, 1>, CuDeviceArray<Float64, 2, 1>, CuDeviceArray<Int64, 1, 1>, CuDeviceArray<Int64, 1, 1>, CuDeviceArray<Float64, 1, 1>, CuDeviceArray<Float64, 1, 1>, CuDeviceArray<Int64, 1, 1>, CuDeviceArray<Float64, 1, 1>)                                                                                                                                                                                                                                                                                                                                                                                                                                                                                                                                                                                                                                                                                                                                                                                                                             │
│ 4906 │ 44.78 ms │   2.15 µs │    1024 │      1 │   30 │                  - │           - │             - │ gpu_broadcast_kernel_cartesian(CompilerMetadata<DynamicSize, DynamicCheck, void, CartesianIndices<2, Tuple<OneTo<Int64>, OneTo<Int64>>>, NDRange<2, DynamicSize, DynamicSize, CartesianIndices<2, Tuple<OneTo<Int64>, OneTo<Int64>>>, CartesianIndices<2, Tuple<OneTo<Int64>, OneTo<Int64>>>>>, CuDeviceArray<Float64, 2, 1>, Broadcasted<CuArrayStyle<2, DeviceMemory>, Tuple<OneTo<Int64>, OneTo<Int64>>, cos, Tuple<Broadcasted<CuArrayStyle<1, DeviceMemory>, void, _, Tuple<Extruded<CuDeviceArray<Float64, 1, 1>, Tuple<Bool>, Tuple<Int64>>, Extruded<Transpose<Float64, CuDeviceArray<Float64, 1, 1>>, Tuple<Bool, Bool>, Tuple<Int64, Int64>>>>>>)                                                                                                                                                                                                                                                                                                                                                                                                                                                     │
│ 4934 │ 44.78 ms │   2.15 µs │    1024 │      1 │   30 │                  - │           - │             - │ gpu_broadcast_kernel_cartesian(CompilerMetadata<DynamicSize, DynamicCheck, void, CartesianIndices<2, Tuple<OneTo<Int64>, OneTo<Int64>>>, NDRange<2, DynamicSize, DynamicSize, CartesianIndices<2, Tuple<OneTo<Int64>, OneTo<Int64>>>, CartesianIndices<2, Tuple<OneTo<Int64>, OneTo<Int64>>>>>, CuDeviceArray<Float64, 2, 1>, Broadcasted<CuArrayStyle<2, DeviceMemory>, Tuple<OneTo<Int64>, OneTo<Int64>>, sin, Tuple<Broadcasted<CuArrayStyle<1, DeviceMemory>, void, _, Tuple<Extruded<CuDeviceArray<Float64, 1, 1>, Tuple<Bool>, Tuple<Int64>>, Extruded<Transpose<Float64, CuDeviceArray<Float64, 1, 1>>, Tuple<Bool, Bool>, Tuple<Int64, Int64>>>>>>)                                                                                                                                                                                                                                                                                                                                                                                                                                                     │
│ 4952 │ 44.79 ms │   2.38 µs │     256 │      4 │   32 │                  - │           - │             - │ _cuda_gather_rotate_z_kernel_(CuDeviceArray<Float64, 2, 1>, CuDeviceArray<Float64, 2, 1>, CuDeviceArray<Int64, 1, 1>, CuDeviceArray<Int64, 1, 1>, CuDeviceArray<Float64, 1, 1>, CuDeviceArray<Float64, 1, 1>, CuDeviceArray<Int64, 1, 1>, CuDeviceArray<Float64, 1, 1>, Float64)                                                                                                                                                                                                                                                                                                                                                                                                                                                                                                                                                                                                                                                                                                                                                                                                                                │
│ 4962 │ 44.79 ms │ 953.67 ns │       - │      - │    - │                  - │     8 bytes │   8.000 MiB/s │ [copy pageable to device memory]                                                                                                                                                                                                                                                                                                                                                                                                                                                                                                                                                                                                                                                                                                                                                                                                                                                                                                                                                                                                                                                                                │
│ 4968 │ 44.79 ms │ 953.67 ns │       - │      - │    - │                  - │     8 bytes │   8.000 MiB/s │ [copy pageable to device memory]                                                                                                                                                                                                                                                                                                                                                                                                                                                                                                                                                                                                                                                                                                                                                                                                                                                                                                                                                                                                                                                                                │
│ 4982 │  44.8 ms │   2.15 µs │     128 │      2 │  126 │ 80.000 KiB dynamic │           - │             - │ sm90_xmma_gemm_f64f64_f64f64_f64_nn_n_tilesize32x32x32_stage5_warpsize2x2x1_tensor16x8x16_execute_kernel__5x_cublas                                                                                                                                                                                                                                                                                                                                                                                                                                                                                                                                                                                                                                                                                                                                                                                                                                                                                                                                                                                             │
│ 5031 │  44.8 ms │   1.91 µs │    1024 │      1 │   26 │                  - │           - │             - │ gpu_broadcast_kernel_cartesian(CompilerMetadata<DynamicSize, DynamicCheck, void, CartesianIndices<2, Tuple<OneTo<Int64>, OneTo<Int64>>>, NDRange<2, DynamicSize, DynamicSize, CartesianIndices<2, Tuple<OneTo<Int64>, OneTo<Int64>>>, CartesianIndices<2, Tuple<OneTo<Int64>, OneTo<Int64>>>>>, SubArray<Float64, 2, CuDeviceArray<Float64, 2, 1>, Tuple<UnitRange<Int64>, Slice<OneTo<Int64>>>, false>, Broadcasted<CuArrayStyle<2, DeviceMemory>, Tuple<OneTo<Int64>, OneTo<Int64>>, _, Tuple<Broadcasted<CuArrayStyle<2, DeviceMemory>, void, _, Tuple<Extruded<CuDeviceArray<Float64, 2, 1>, Tuple<Bool, Bool>, Tuple<Int64, Int64>>, Extruded<SubArray<Float64, 2, CuDeviceArray<Float64, 2, 1>, Tuple<UnitRange<Int64>, Slice<OneTo<Int64>>>, false>, Tuple<Bool, Bool>, Tuple<Int64, Int64>>>>, Broadcasted<CuArrayStyle<2, DeviceMemory>, void, _, Tuple<Extruded<CuDeviceArray<Float64, 2, 1>, Tuple<Bool, Bool>, Tuple<Int64, Int64>>, Extruded<SubArray<Float64, 2, CuDeviceArray<Float64, 2, 1>, Tuple<UnitRange<Int64>, Slice<OneTo<Int64>>>, false>, Tuple<Bool, Bool>, Tuple<Int64, Int64>>>>>>) │
│ 5079 │  44.8 ms │   2.15 µs │    1024 │      1 │   26 │                  - │           - │             - │ gpu_broadcast_kernel_cartesian(CompilerMetadata<DynamicSize, DynamicCheck, void, CartesianIndices<2, Tuple<OneTo<Int64>, OneTo<Int64>>>, NDRange<2, DynamicSize, DynamicSize, CartesianIndices<2, Tuple<OneTo<Int64>, OneTo<Int64>>>, CartesianIndices<2, Tuple<OneTo<Int64>, OneTo<Int64>>>>>, SubArray<Float64, 2, CuDeviceArray<Float64, 2, 1>, Tuple<UnitRange<Int64>, Slice<OneTo<Int64>>>, false>, Broadcasted<CuArrayStyle<2, DeviceMemory>, Tuple<OneTo<Int64>, OneTo<Int64>>, _, Tuple<Broadcasted<CuArrayStyle<2, DeviceMemory>, void, _, Tuple<Extruded<CuDeviceArray<Float64, 2, 1>, Tuple<Bool, Bool>, Tuple<Int64, Int64>>, Extruded<SubArray<Float64, 2, CuDeviceArray<Float64, 2, 1>, Tuple<UnitRange<Int64>, Slice<OneTo<Int64>>>, false>, Tuple<Bool, Bool>, Tuple<Int64, Int64>>>>, Broadcasted<CuArrayStyle<2, DeviceMemory>, void, _, Tuple<Extruded<CuDeviceArray<Float64, 2, 1>, Tuple<Bool, Bool>, Tuple<Int64, Int64>>, Extruded<SubArray<Float64, 2, CuDeviceArray<Float64, 2, 1>, Tuple<UnitRange<Int64>, Slice<OneTo<Int64>>>, false>, Tuple<Bool, Bool>, Tuple<Int64, Int64>>>>>>) │
│ 5089 │ 44.81 ms │ 715.26 ns │       - │      - │    - │                  - │     8 bytes │  10.667 MiB/s │ [copy pageable to device memory]                                                                                                                                                                                                                                                                                                                                                                                                                                                                                                                                                                                                                                                                                                                                                                                                                                                                                                                                                                                                                                                                                │
│ 5095 │ 44.81 ms │ 953.67 ns │       - │      - │    - │                  - │     8 bytes │   8.000 MiB/s │ [copy pageable to device memory]                                                                                                                                                                                                                                                                                                                                                                                                                                                                                                                                                                                                                                                                                                                                                                                                                                                                                                                                                                                                                                                                                │
│ 5109 │ 44.81 ms │   2.38 µs │     128 │      2 │  126 │ 80.000 KiB dynamic │           - │             - │ sm90_xmma_gemm_f64f64_f64f64_f64_nn_n_tilesize32x32x32_stage5_warpsize2x2x1_tensor16x8x16_execute_kernel__5x_cublas                                                                                                                                                                                                                                                                                                                                                                                                                                                                                                                                                                                                                                                                                                                                                                                                                                                                                                                                                                                             │
│ 5120 │ 44.81 ms │   1.19 µs │       - │      - │    - │                  - │     8 bytes │   6.400 MiB/s │ [copy pageable to device memory]                                                                                                                                                                                                                                                                                                                                                                                                                                                                                                                                                                                                                                                                                                                                                                                                                                                                                                                                                                                                                                                                                │
│ 5126 │ 44.82 ms │   1.19 µs │       - │      - │    - │                  - │     8 bytes │   6.400 MiB/s │ [copy pageable to device memory]                                                                                                                                                                                                                                                                                                                                                                                                                                                                                                                                                                                                                                                                                                                                                                                                                                                                                                                                                                                                                                                                                │
│ 5140 │ 44.82 ms │   2.38 µs │     128 │      2 │  126 │ 80.000 KiB dynamic │           - │             - │ sm90_xmma_gemm_f64f64_f64f64_f64_nn_n_tilesize32x32x32_stage5_warpsize2x2x1_tensor16x8x16_execute_kernel__5x_cublas                                                                                                                                                                                                                                                                                                                                                                                                                                                                                                                                                                                                                                                                                                                                                                                                                                                                                                                                                                                             │
│ 5151 │ 44.82 ms │ 715.26 ns │       - │      - │    - │                  - │     8 bytes │  10.667 MiB/s │ [copy pageable to device memory]                                                                                                                                                                                                                                                                                                                                                                                                                                                                                                                                                                                                                                                                                                                                                                                                                                                                                                                                                                                                                                                                                │
│ 5157 │ 44.83 ms │ 953.67 ns │       - │      - │    - │                  - │     8 bytes │   8.000 MiB/s │ [copy pageable to device memory]                                                                                                                                                                                                                                                                                                                                                                                                                                                                                                                                                                                                                                                                                                                                                                                                                                                                                                                                                                                                                                                                                │
│ 5171 │ 44.83 ms │   2.15 µs │     128 │      2 │  126 │ 80.000 KiB dynamic │           - │             - │ sm90_xmma_gemm_f64f64_f64f64_f64_nn_n_tilesize32x32x32_stage5_warpsize2x2x1_tensor16x8x16_execute_kernel__5x_cublas                                                                                                                                                                                                                                                                                                                                                                                                                                                                                                                                                                                                                                                                                                                                                                                                                                                                                                                                                                                             │
│ 5220 │ 44.83 ms │   2.38 µs │    1024 │      1 │   26 │                  - │           - │             - │ gpu_broadcast_kernel_cartesian(CompilerMetadata<DynamicSize, DynamicCheck, void, CartesianIndices<2, Tuple<OneTo<Int64>, OneTo<Int64>>>, NDRange<2, DynamicSize, DynamicSize, CartesianIndices<2, Tuple<OneTo<Int64>, OneTo<Int64>>>, CartesianIndices<2, Tuple<OneTo<Int64>, OneTo<Int64>>>>>, SubArray<Float64, 2, CuDeviceArray<Float64, 2, 1>, Tuple<UnitRange<Int64>, Slice<OneTo<Int64>>>, false>, Broadcasted<CuArrayStyle<2, DeviceMemory>, Tuple<OneTo<Int64>, OneTo<Int64>>, _, Tuple<Broadcasted<CuArrayStyle<2, DeviceMemory>, void, _, Tuple<Extruded<CuDeviceArray<Float64, 2, 1>, Tuple<Bool, Bool>, Tuple<Int64, Int64>>, Extruded<SubArray<Float64, 2, CuDeviceArray<Float64, 2, 1>, Tuple<UnitRange<Int64>, Slice<OneTo<Int64>>>, false>, Tuple<Bool, Bool>, Tuple<Int64, Int64>>>>, Broadcasted<CuArrayStyle<2, DeviceMemory>, void, _, Tuple<Extruded<CuDeviceArray<Float64, 2, 1>, Tuple<Bool, Bool>, Tuple<Int64, Int64>>, Extruded<SubArray<Float64, 2, CuDeviceArray<Float64, 2, 1>, Tuple<UnitRange<Int64>, Slice<OneTo<Int64>>>, false>, Tuple<Bool, Bool>, Tuple<Int64, Int64>>>>>>) │
│ 5268 │ 44.84 ms │   1.91 µs │    1024 │      1 │   26 │                  - │           - │             - │ gpu_broadcast_kernel_cartesian(CompilerMetadata<DynamicSize, DynamicCheck, void, CartesianIndices<2, Tuple<OneTo<Int64>, OneTo<Int64>>>, NDRange<2, DynamicSize, DynamicSize, CartesianIndices<2, Tuple<OneTo<Int64>, OneTo<Int64>>>, CartesianIndices<2, Tuple<OneTo<Int64>, OneTo<Int64>>>>>, SubArray<Float64, 2, CuDeviceArray<Float64, 2, 1>, Tuple<UnitRange<Int64>, Slice<OneTo<Int64>>>, false>, Broadcasted<CuArrayStyle<2, DeviceMemory>, Tuple<OneTo<Int64>, OneTo<Int64>>, _, Tuple<Broadcasted<CuArrayStyle<2, DeviceMemory>, void, _, Tuple<Extruded<CuDeviceArray<Float64, 2, 1>, Tuple<Bool, Bool>, Tuple<Int64, Int64>>, Extruded<SubArray<Float64, 2, CuDeviceArray<Float64, 2, 1>, Tuple<UnitRange<Int64>, Slice<OneTo<Int64>>>, false>, Tuple<Bool, Bool>, Tuple<Int64, Int64>>>>, Broadcasted<CuArrayStyle<2, DeviceMemory>, void, _, Tuple<Extruded<CuDeviceArray<Float64, 2, 1>, Tuple<Bool, Bool>, Tuple<Int64, Int64>>, Extruded<SubArray<Float64, 2, CuDeviceArray<Float64, 2, 1>, Tuple<UnitRange<Int64>, Slice<OneTo<Int64>>>, false>, Tuple<Bool, Bool>, Tuple<Int64, Int64>>>>>>) │
│ 5278 │ 44.84 ms │ 953.67 ns │       - │      - │    - │                  - │     8 bytes │   8.000 MiB/s │ [copy pageable to device memory]                                                                                                                                                                                                                                                                                                                                                                                                                                                                                                                                                                                                                                                                                                                                                                                                                                                                                                                                                                                                                                                                                │
│ 5284 │ 44.84 ms │ 953.67 ns │       - │      - │    - │                  - │     8 bytes │   8.000 MiB/s │ [copy pageable to device memory]                                                                                                                                                                                                                                                                                                                                                                                                                                                                                                                                                                                                                                                                                                                                                                                                                                                                                                                                                                                                                                                                                │
│ 5298 │ 44.85 ms │   1.91 µs │     128 │      2 │  126 │ 80.000 KiB dynamic │           - │             - │ sm90_xmma_gemm_f64f64_f64f64_f64_nn_n_tilesize32x32x32_stage5_warpsize2x2x1_tensor16x8x16_execute_kernel__5x_cublas                                                                                                                                                                                                                                                                                                                                                                                                                                                                                                                                                                                                                                                                                                                                                                                                                                                                                                                                                                                             │
│ 5317 │ 44.85 ms │   2.38 µs │     256 │      4 │   32 │                  - │           - │             - │ _cuda_rotate_z_scatter_accumulate_kernel_(CuDeviceArray<Float64, 2, 1>, CuDeviceArray<Float64, 2, 1>, CuDeviceArray<Int64, 1, 1>, CuDeviceArray<Int64, 1, 1>, CuDeviceArray<Float64, 1, 1>, CuDeviceArray<Float64, 1, 1>, CuDeviceArray<Int64, 1, 1>, CuDeviceArray<Float64, 1, 1>)                                                                                                                                                                                                                                                                                                                                                                                                                                                                                                                                                                                                                                                                                                                                                                                                                             │
│ 5345 │ 44.85 ms │   2.15 µs │    1024 │      8 │   30 │                  - │           - │             - │ gpu_broadcast_kernel_cartesian(CompilerMetadata<DynamicSize, DynamicCheck, void, CartesianIndices<2, Tuple<OneTo<Int64>, OneTo<Int64>>>, NDRange<2, DynamicSize, DynamicSize, CartesianIndices<2, Tuple<OneTo<Int64>, OneTo<Int64>>>, CartesianIndices<2, Tuple<OneTo<Int64>, OneTo<Int64>>>>>, CuDeviceArray<Float64, 2, 1>, Broadcasted<CuArrayStyle<2, DeviceMemory>, Tuple<OneTo<Int64>, OneTo<Int64>>, cos, Tuple<Broadcasted<CuArrayStyle<1, DeviceMemory>, void, _, Tuple<Extruded<CuDeviceArray<Float64, 1, 1>, Tuple<Bool>, Tuple<Int64>>, Extruded<Transpose<Float64, CuDeviceArray<Float64, 1, 1>>, Tuple<Bool, Bool>, Tuple<Int64, Int64>>>>>>)                                                                                                                                                                                                                                                                                                                                                                                                                                                     │
│ 5373 │ 44.86 ms │   2.15 µs │    1024 │      8 │   30 │                  - │           - │             - │ gpu_broadcast_kernel_cartesian(CompilerMetadata<DynamicSize, DynamicCheck, void, CartesianIndices<2, Tuple<OneTo<Int64>, OneTo<Int64>>>, NDRange<2, DynamicSize, DynamicSize, CartesianIndices<2, Tuple<OneTo<Int64>, OneTo<Int64>>>, CartesianIndices<2, Tuple<OneTo<Int64>, OneTo<Int64>>>>>, CuDeviceArray<Float64, 2, 1>, Broadcasted<CuArrayStyle<2, DeviceMemory>, Tuple<OneTo<Int64>, OneTo<Int64>>, sin, Tuple<Broadcasted<CuArrayStyle<1, DeviceMemory>, void, _, Tuple<Extruded<CuDeviceArray<Float64, 1, 1>, Tuple<Bool>, Tuple<Int64>>, Extruded<Transpose<Float64, CuDeviceArray<Float64, 1, 1>>, Tuple<Bool, Bool>, Tuple<Int64, Int64>>>>>>)                                                                                                                                                                                                                                                                                                                                                                                                                                                     │
│ 5391 │ 44.86 ms │   2.62 µs │     256 │     32 │   32 │                  - │           - │             - │ _cuda_gather_rotate_z_kernel_(CuDeviceArray<Float64, 2, 1>, CuDeviceArray<Float64, 2, 1>, CuDeviceArray<Int64, 1, 1>, CuDeviceArray<Int64, 1, 1>, CuDeviceArray<Float64, 1, 1>, CuDeviceArray<Float64, 1, 1>, CuDeviceArray<Int64, 1, 1>, CuDeviceArray<Float64, 1, 1>, Float64)                                                                                                                                                                                                                                                                                                                                                                                                                                                                                                                                                                                                                                                                                                                                                                                                                                │
│ 5401 │ 44.86 ms │   1.19 µs │       - │      - │    - │                  - │     8 bytes │   6.400 MiB/s │ [copy pageable to device memory]                                                                                                                                                                                                                                                                                                                                                                                                                                                                                                                                                                                                                                                                                                                                                                                                                                                                                                                                                                                                                                                                                │
│ 5407 │ 44.87 ms │ 953.67 ns │       - │      - │    - │                  - │     8 bytes │   8.000 MiB/s │ [copy pageable to device memory]                                                                                                                                                                                                                                                                                                                                                                                                                                                                                                                                                                                                                                                                                                                                                                                                                                                                                                                                                                                                                                                                                │
│ 5421 │ 44.87 ms │   2.38 µs │     128 │     16 │  126 │ 80.000 KiB dynamic │           - │             - │ sm90_xmma_gemm_f64f64_f64f64_f64_nn_n_tilesize32x32x32_stage5_warpsize2x2x1_tensor16x8x16_execute_kernel__5x_cublas                                                                                                                                                                                                                                                                                                                                                                                                                                                                                                                                                                                                                                                                                                                                                                                                                                                                                                                                                                                             │
│ 5470 │ 44.87 ms │   2.38 µs │    1024 │      8 │   26 │                  - │           - │             - │ gpu_broadcast_kernel_cartesian(CompilerMetadata<DynamicSize, DynamicCheck, void, CartesianIndices<2, Tuple<OneTo<Int64>, OneTo<Int64>>>, NDRange<2, DynamicSize, DynamicSize, CartesianIndices<2, Tuple<OneTo<Int64>, OneTo<Int64>>>, CartesianIndices<2, Tuple<OneTo<Int64>, OneTo<Int64>>>>>, SubArray<Float64, 2, CuDeviceArray<Float64, 2, 1>, Tuple<UnitRange<Int64>, Slice<OneTo<Int64>>>, false>, Broadcasted<CuArrayStyle<2, DeviceMemory>, Tuple<OneTo<Int64>, OneTo<Int64>>, _, Tuple<Broadcasted<CuArrayStyle<2, DeviceMemory>, void, _, Tuple<Extruded<CuDeviceArray<Float64, 2, 1>, Tuple<Bool, Bool>, Tuple<Int64, Int64>>, Extruded<SubArray<Float64, 2, CuDeviceArray<Float64, 2, 1>, Tuple<UnitRange<Int64>, Slice<OneTo<Int64>>>, false>, Tuple<Bool, Bool>, Tuple<Int64, Int64>>>>, Broadcasted<CuArrayStyle<2, DeviceMemory>, void, _, Tuple<Extruded<CuDeviceArray<Float64, 2, 1>, Tuple<Bool, Bool>, Tuple<Int64, Int64>>, Extruded<SubArray<Float64, 2, CuDeviceArray<Float64, 2, 1>, Tuple<UnitRange<Int64>, Slice<OneTo<Int64>>>, false>, Tuple<Bool, Bool>, Tuple<Int64, Int64>>>>>>) │
│ 5518 │ 44.88 ms │   2.62 µs │    1024 │      8 │   26 │                  - │           - │             - │ gpu_broadcast_kernel_cartesian(CompilerMetadata<DynamicSize, DynamicCheck, void, CartesianIndices<2, Tuple<OneTo<Int64>, OneTo<Int64>>>, NDRange<2, DynamicSize, DynamicSize, CartesianIndices<2, Tuple<OneTo<Int64>, OneTo<Int64>>>, CartesianIndices<2, Tuple<OneTo<Int64>, OneTo<Int64>>>>>, SubArray<Float64, 2, CuDeviceArray<Float64, 2, 1>, Tuple<UnitRange<Int64>, Slice<OneTo<Int64>>>, false>, Broadcasted<CuArrayStyle<2, DeviceMemory>, Tuple<OneTo<Int64>, OneTo<Int64>>, _, Tuple<Broadcasted<CuArrayStyle<2, DeviceMemory>, void, _, Tuple<Extruded<CuDeviceArray<Float64, 2, 1>, Tuple<Bool, Bool>, Tuple<Int64, Int64>>, Extruded<SubArray<Float64, 2, CuDeviceArray<Float64, 2, 1>, Tuple<UnitRange<Int64>, Slice<OneTo<Int64>>>, false>, Tuple<Bool, Bool>, Tuple<Int64, Int64>>>>, Broadcasted<CuArrayStyle<2, DeviceMemory>, void, _, Tuple<Extruded<CuDeviceArray<Float64, 2, 1>, Tuple<Bool, Bool>, Tuple<Int64, Int64>>, Extruded<SubArray<Float64, 2, CuDeviceArray<Float64, 2, 1>, Tuple<UnitRange<Int64>, Slice<OneTo<Int64>>>, false>, Tuple<Bool, Bool>, Tuple<Int64, Int64>>>>>>) │
│ 5528 │ 44.88 ms │ 715.26 ns │       - │      - │    - │                  - │     8 bytes │  10.667 MiB/s │ [copy pageable to device memory]                                                                                                                                                                                                                                                                                                                                                                                                                                                                                                                                                                                                                                                                                                                                                                                                                                                                                                                                                                                                                                                                                │
│ 5534 │ 44.88 ms │ 715.26 ns │       - │      - │    - │                  - │     8 bytes │  10.667 MiB/s │ [copy pageable to device memory]                                                                                                                                                                                                                                                                                                                                                                                                                                                                                                                                                                                                                                                                                                                                                                                                                                                                                                                                                                                                                                                                                │
│ 5548 │ 44.89 ms │   1.91 µs │     128 │     16 │  126 │ 80.000 KiB dynamic │           - │             - │ sm90_xmma_gemm_f64f64_f64f64_f64_nn_n_tilesize32x32x32_stage5_warpsize2x2x1_tensor16x8x16_execute_kernel__5x_cublas                                                                                                                                                                                                                                                                                                                                                                                                                                                                                                                                                                                                                                                                                                                                                                                                                                                                                                                                                                                             │
│ 5559 │ 44.89 ms │ 953.67 ns │       - │      - │    - │                  - │     8 bytes │   8.000 MiB/s │ [copy pageable to device memory]                                                                                                                                                                                                                                                                                                                                                                                                                                                                                                                                                                                                                                                                                                                                                                                                                                                                                                                                                                                                                                                                                │
│ 5565 │ 44.89 ms │ 715.26 ns │       - │      - │    - │                  - │     8 bytes │  10.667 MiB/s │ [copy pageable to device memory]                                                                                                                                                                                                                                                                                                                                                                                                                                                                                                                                                                                                                                                                                                                                                                                                                                                                                                                                                                                                                                                                                │
│ 5579 │ 44.89 ms │   2.38 µs │     128 │     16 │  126 │ 80.000 KiB dynamic │           - │             - │ sm90_xmma_gemm_f64f64_f64f64_f64_nn_n_tilesize32x32x32_stage5_warpsize2x2x1_tensor16x8x16_execute_kernel__5x_cublas                                                                                                                                                                                                                                                                                                                                                                                                                                                                                                                                                                                                                                                                                                                                                                                                                                                                                                                                                                                             │
│ 5590 │  44.9 ms │ 715.26 ns │       - │      - │    - │                  - │     8 bytes │  10.667 MiB/s │ [copy pageable to device memory]                                                                                                                                                                                                                                                                                                                                                                                                                                                                                                                                                                                                                                                                                                                                                                                                                                                                                                                                                                                                                                                                                │
│ 5596 │  44.9 ms │   1.19 µs │       - │      - │    - │                  - │     8 bytes │   6.400 MiB/s │ [copy pageable to device memory]                                                                                                                                                                                                                                                                                                                                                                                                                                                                                                                                                                                                                                                                                                                                                                                                                                                                                                                                                                                                                                                                                │
│ 5610 │  44.9 ms │   2.15 µs │     128 │     16 │  126 │ 80.000 KiB dynamic │           - │             - │ sm90_xmma_gemm_f64f64_f64f64_f64_nn_n_tilesize32x32x32_stage5_warpsize2x2x1_tensor16x8x16_execute_kernel__5x_cublas                                                                                                                                                                                                                                                                                                                                                                                                                                                                                                                                                                                                                                                                                                                                                                                                                                                                                                                                                                                             │
│ 5659 │ 44.91 ms │   2.38 µs │    1024 │      8 │   26 │                  - │           - │             - │ gpu_broadcast_kernel_cartesian(CompilerMetadata<DynamicSize, DynamicCheck, void, CartesianIndices<2, Tuple<OneTo<Int64>, OneTo<Int64>>>, NDRange<2, DynamicSize, DynamicSize, CartesianIndices<2, Tuple<OneTo<Int64>, OneTo<Int64>>>, CartesianIndices<2, Tuple<OneTo<Int64>, OneTo<Int64>>>>>, SubArray<Float64, 2, CuDeviceArray<Float64, 2, 1>, Tuple<UnitRange<Int64>, Slice<OneTo<Int64>>>, false>, Broadcasted<CuArrayStyle<2, DeviceMemory>, Tuple<OneTo<Int64>, OneTo<Int64>>, _, Tuple<Broadcasted<CuArrayStyle<2, DeviceMemory>, void, _, Tuple<Extruded<CuDeviceArray<Float64, 2, 1>, Tuple<Bool, Bool>, Tuple<Int64, Int64>>, Extruded<SubArray<Float64, 2, CuDeviceArray<Float64, 2, 1>, Tuple<UnitRange<Int64>, Slice<OneTo<Int64>>>, false>, Tuple<Bool, Bool>, Tuple<Int64, Int64>>>>, Broadcasted<CuArrayStyle<2, DeviceMemory>, void, _, Tuple<Extruded<CuDeviceArray<Float64, 2, 1>, Tuple<Bool, Bool>, Tuple<Int64, Int64>>, Extruded<SubArray<Float64, 2, CuDeviceArray<Float64, 2, 1>, Tuple<UnitRange<Int64>, Slice<OneTo<Int64>>>, false>, Tuple<Bool, Bool>, Tuple<Int64, Int64>>>>>>) │
│ 5707 │ 44.91 ms │   2.38 µs │    1024 │      8 │   26 │                  - │           - │             - │ gpu_broadcast_kernel_cartesian(CompilerMetadata<DynamicSize, DynamicCheck, void, CartesianIndices<2, Tuple<OneTo<Int64>, OneTo<Int64>>>, NDRange<2, DynamicSize, DynamicSize, CartesianIndices<2, Tuple<OneTo<Int64>, OneTo<Int64>>>, CartesianIndices<2, Tuple<OneTo<Int64>, OneTo<Int64>>>>>, SubArray<Float64, 2, CuDeviceArray<Float64, 2, 1>, Tuple<UnitRange<Int64>, Slice<OneTo<Int64>>>, false>, Broadcasted<CuArrayStyle<2, DeviceMemory>, Tuple<OneTo<Int64>, OneTo<Int64>>, _, Tuple<Broadcasted<CuArrayStyle<2, DeviceMemory>, void, _, Tuple<Extruded<CuDeviceArray<Float64, 2, 1>, Tuple<Bool, Bool>, Tuple<Int64, Int64>>, Extruded<SubArray<Float64, 2, CuDeviceArray<Float64, 2, 1>, Tuple<UnitRange<Int64>, Slice<OneTo<Int64>>>, false>, Tuple<Bool, Bool>, Tuple<Int64, Int64>>>>, Broadcasted<CuArrayStyle<2, DeviceMemory>, void, _, Tuple<Extruded<CuDeviceArray<Float64, 2, 1>, Tuple<Bool, Bool>, Tuple<Int64, Int64>>, Extruded<SubArray<Float64, 2, CuDeviceArray<Float64, 2, 1>, Tuple<UnitRange<Int64>, Slice<OneTo<Int64>>>, false>, Tuple<Bool, Bool>, Tuple<Int64, Int64>>>>>>) │
│ 5717 │ 44.92 ms │ 953.67 ns │       - │      - │    - │                  - │     8 bytes │   8.000 MiB/s │ [copy pageable to device memory]                                                                                                                                                                                                                                                                                                                                                                                                                                                                                                                                                                                                                                                                                                                                                                                                                                                                                                                                                                                                                                                                                │
│ 5723 │ 44.92 ms │ 953.67 ns │       - │      - │    - │                  - │     8 bytes │   8.000 MiB/s │ [copy pageable to device memory]                                                                                                                                                                                                                                                                                                                                                                                                                                                                                                                                                                                                                                                                                                                                                                                                                                                                                                                                                                                                                                                                                │
│ 5737 │ 44.92 ms │   2.38 µs │     128 │     16 │  126 │ 80.000 KiB dynamic │           - │             - │ sm90_xmma_gemm_f64f64_f64f64_f64_nn_n_tilesize32x32x32_stage5_warpsize2x2x1_tensor16x8x16_execute_kernel__5x_cublas                                                                                                                                                                                                                                                                                                                                                                                                                                                                                                                                                                                                                                                                                                                                                                                                                                                                                                                                                                                             │
│ 5756 │ 44.92 ms │   2.38 µs │     256 │     32 │   32 │                  - │           - │             - │ _cuda_rotate_z_scatter_accumulate_kernel_(CuDeviceArray<Float64, 2, 1>, CuDeviceArray<Float64, 2, 1>, CuDeviceArray<Int64, 1, 1>, CuDeviceArray<Int64, 1, 1>, CuDeviceArray<Float64, 1, 1>, CuDeviceArray<Float64, 1, 1>, CuDeviceArray<Int64, 1, 1>, CuDeviceArray<Float64, 1, 1>)                                                                                                                                                                                                                                                                                                                                                                                                                                                                                                                                                                                                                                                                                                                                                                                                                             │
│ 5784 │ 44.93 ms │   2.15 µs │    1024 │     64 │   30 │                  - │           - │             - │ gpu_broadcast_kernel_cartesian(CompilerMetadata<DynamicSize, DynamicCheck, void, CartesianIndices<2, Tuple<OneTo<Int64>, OneTo<Int64>>>, NDRange<2, DynamicSize, DynamicSize, CartesianIndices<2, Tuple<OneTo<Int64>, OneTo<Int64>>>, CartesianIndices<2, Tuple<OneTo<Int64>, OneTo<Int64>>>>>, CuDeviceArray<Float64, 2, 1>, Broadcasted<CuArrayStyle<2, DeviceMemory>, Tuple<OneTo<Int64>, OneTo<Int64>>, cos, Tuple<Broadcasted<CuArrayStyle<1, DeviceMemory>, void, _, Tuple<Extruded<CuDeviceArray<Float64, 1, 1>, Tuple<Bool>, Tuple<Int64>>, Extruded<Transpose<Float64, CuDeviceArray<Float64, 1, 1>>, Tuple<Bool, Bool>, Tuple<Int64, Int64>>>>>>)                                                                                                                                                                                                                                                                                                                                                                                                                                                     │
│ 5812 │ 44.93 ms │   2.15 µs │    1024 │     64 │   30 │                  - │           - │             - │ gpu_broadcast_kernel_cartesian(CompilerMetadata<DynamicSize, DynamicCheck, void, CartesianIndices<2, Tuple<OneTo<Int64>, OneTo<Int64>>>, NDRange<2, DynamicSize, DynamicSize, CartesianIndices<2, Tuple<OneTo<Int64>, OneTo<Int64>>>, CartesianIndices<2, Tuple<OneTo<Int64>, OneTo<Int64>>>>>, CuDeviceArray<Float64, 2, 1>, Broadcasted<CuArrayStyle<2, DeviceMemory>, Tuple<OneTo<Int64>, OneTo<Int64>>, sin, Tuple<Broadcasted<CuArrayStyle<1, DeviceMemory>, void, _, Tuple<Extruded<CuDeviceArray<Float64, 1, 1>, Tuple<Bool>, Tuple<Int64>>, Extruded<Transpose<Float64, CuDeviceArray<Float64, 1, 1>>, Tuple<Bool, Bool>, Tuple<Int64, Int64>>>>>>)                                                                                                                                                                                                                                                                                                                                                                                                                                                     │
│ 5830 │ 44.93 ms │   2.86 µs │     256 │    256 │   32 │                  - │           - │             - │ _cuda_gather_rotate_z_kernel_(CuDeviceArray<Float64, 2, 1>, CuDeviceArray<Float64, 2, 1>, CuDeviceArray<Int64, 1, 1>, CuDeviceArray<Int64, 1, 1>, CuDeviceArray<Float64, 1, 1>, CuDeviceArray<Float64, 1, 1>, CuDeviceArray<Int64, 1, 1>, CuDeviceArray<Float64, 1, 1>, Float64)                                                                                                                                                                                                                                                                                                                                                                                                                                                                                                                                                                                                                                                                                                                                                                                                                                │
│ 5840 │ 44.94 ms │ 953.67 ns │       - │      - │    - │                  - │     8 bytes │   8.000 MiB/s │ [copy pageable to device memory]                                                                                                                                                                                                                                                                                                                                                                                                                                                                                                                                                                                                                                                                                                                                                                                                                                                                                                                                                                                                                                                                                │
│ 5846 │ 44.94 ms │ 476.84 ns │       - │      - │    - │                  - │     8 bytes │  16.000 MiB/s │ [copy pageable to device memory]                                                                                                                                                                                                                                                                                                                                                                                                                                                                                                                                                                                                                                                                                                                                                                                                                                                                                                                                                                                                                                                                                │
│ 5860 │ 44.95 ms │   2.86 µs │     128 │    128 │  126 │ 80.000 KiB dynamic │           - │             - │ sm90_xmma_gemm_f64f64_f64f64_f64_nn_n_tilesize32x32x32_stage5_warpsize2x2x1_tensor16x8x16_execute_kernel__5x_cublas                                                                                                                                                                                                                                                                                                                                                                                                                                                                                                                                                                                                                                                                                                                                                                                                                                                                                                                                                                                             │
│ 5909 │ 44.95 ms │   2.38 µs │    1024 │     64 │   26 │                  - │           - │             - │ gpu_broadcast_kernel_cartesian(CompilerMetadata<DynamicSize, DynamicCheck, void, CartesianIndices<2, Tuple<OneTo<Int64>, OneTo<Int64>>>, NDRange<2, DynamicSize, DynamicSize, CartesianIndices<2, Tuple<OneTo<Int64>, OneTo<Int64>>>, CartesianIndices<2, Tuple<OneTo<Int64>, OneTo<Int64>>>>>, SubArray<Float64, 2, CuDeviceArray<Float64, 2, 1>, Tuple<UnitRange<Int64>, Slice<OneTo<Int64>>>, false>, Broadcasted<CuArrayStyle<2, DeviceMemory>, Tuple<OneTo<Int64>, OneTo<Int64>>, _, Tuple<Broadcasted<CuArrayStyle<2, DeviceMemory>, void, _, Tuple<Extruded<CuDeviceArray<Float64, 2, 1>, Tuple<Bool, Bool>, Tuple<Int64, Int64>>, Extruded<SubArray<Float64, 2, CuDeviceArray<Float64, 2, 1>, Tuple<UnitRange<Int64>, Slice<OneTo<Int64>>>, false>, Tuple<Bool, Bool>, Tuple<Int64, Int64>>>>, Broadcasted<CuArrayStyle<2, DeviceMemory>, void, _, Tuple<Extruded<CuDeviceArray<Float64, 2, 1>, Tuple<Bool, Bool>, Tuple<Int64, Int64>>, Extruded<SubArray<Float64, 2, CuDeviceArray<Float64, 2, 1>, Tuple<UnitRange<Int64>, Slice<OneTo<Int64>>>, false>, Tuple<Bool, Bool>, Tuple<Int64, Int64>>>>>>) │
│ 5957 │ 44.95 ms │   2.62 µs │    1024 │     64 │   26 │                  - │           - │             - │ gpu_broadcast_kernel_cartesian(CompilerMetadata<DynamicSize, DynamicCheck, void, CartesianIndices<2, Tuple<OneTo<Int64>, OneTo<Int64>>>, NDRange<2, DynamicSize, DynamicSize, CartesianIndices<2, Tuple<OneTo<Int64>, OneTo<Int64>>>, CartesianIndices<2, Tuple<OneTo<Int64>, OneTo<Int64>>>>>, SubArray<Float64, 2, CuDeviceArray<Float64, 2, 1>, Tuple<UnitRange<Int64>, Slice<OneTo<Int64>>>, false>, Broadcasted<CuArrayStyle<2, DeviceMemory>, Tuple<OneTo<Int64>, OneTo<Int64>>, _, Tuple<Broadcasted<CuArrayStyle<2, DeviceMemory>, void, _, Tuple<Extruded<CuDeviceArray<Float64, 2, 1>, Tuple<Bool, Bool>, Tuple<Int64, Int64>>, Extruded<SubArray<Float64, 2, CuDeviceArray<Float64, 2, 1>, Tuple<UnitRange<Int64>, Slice<OneTo<Int64>>>, false>, Tuple<Bool, Bool>, Tuple<Int64, Int64>>>>, Broadcasted<CuArrayStyle<2, DeviceMemory>, void, _, Tuple<Extruded<CuDeviceArray<Float64, 2, 1>, Tuple<Bool, Bool>, Tuple<Int64, Int64>>, Extruded<SubArray<Float64, 2, CuDeviceArray<Float64, 2, 1>, Tuple<UnitRange<Int64>, Slice<OneTo<Int64>>>, false>, Tuple<Bool, Bool>, Tuple<Int64, Int64>>>>>>) │
│ 5967 │ 44.96 ms │ 715.26 ns │       - │      - │    - │                  - │     8 bytes │  10.667 MiB/s │ [copy pageable to device memory]                                                                                                                                                                                                                                                                                                                                                                                                                                                                                                                                                                                                                                                                                                                                                                                                                                                                                                                                                                                                                                                                                │
│ 5973 │ 44.96 ms │ 715.26 ns │       - │      - │    - │                  - │     8 bytes │  10.667 MiB/s │ [copy pageable to device memory]                                                                                                                                                                                                                                                                                                                                                                                                                                                                                                                                                                                                                                                                                                                                                                                                                                                                                                                                                                                                                                                                                │
│ 5987 │ 44.96 ms │   2.38 µs │     128 │    128 │  126 │ 80.000 KiB dynamic │           - │             - │ sm90_xmma_gemm_f64f64_f64f64_f64_nn_n_tilesize32x32x32_stage5_warpsize2x2x1_tensor16x8x16_execute_kernel__5x_cublas                                                                                                                                                                                                                                                                                                                                                                                                                                                                                                                                                                                                                                                                                                                                                                                                                                                                                                                                                                                             │
│ 5998 │ 44.97 ms │ 715.26 ns │       - │      - │    - │                  - │     8 bytes │  10.667 MiB/s │ [copy pageable to device memory]                                                                                                                                                                                                                                                                                                                                                                                                                                                                                                                                                                                                                                                                                                                                                                                                                                                                                                                                                                                                                                                                                │
│ 6004 │ 44.97 ms │ 953.67 ns │       - │      - │    - │                  - │     8 bytes │   8.000 MiB/s │ [copy pageable to device memory]                                                                                                                                                                                                                                                                                                                                                                                                                                                                                                                                                                                                                                                                                                                                                                                                                                                                                                                                                                                                                                                                                │
│ 6018 │ 44.97 ms │   2.38 µs │     128 │    128 │  126 │ 80.000 KiB dynamic │           - │             - │ sm90_xmma_gemm_f64f64_f64f64_f64_nn_n_tilesize32x32x32_stage5_warpsize2x2x1_tensor16x8x16_execute_kernel__5x_cublas                                                                                                                                                                                                                                                                                                                                                                                                                                                                                                                                                                                                                                                                                                                                                                                                                                                                                                                                                                                             │
│ 6029 │ 44.98 ms │ 715.26 ns │       - │      - │    - │                  - │     8 bytes │  10.667 MiB/s │ [copy pageable to device memory]                                                                                                                                                                                                                                                                                                                                                                                                                                                                                                                                                                                                                                                                                                                                                                                                                                                                                                                                                                                                                                                                                │
│ 6035 │ 44.98 ms │ 715.26 ns │       - │      - │    - │                  - │     8 bytes │  10.667 MiB/s │ [copy pageable to device memory]                                                                                                                                                                                                                                                                                                                                                                                                                                                                                                                                                                                                                                                                                                                                                                                                                                                                                                                                                                                                                                                                                │
│ 6049 │ 44.98 ms │   2.15 µs │     128 │    128 │  126 │ 80.000 KiB dynamic │           - │             - │ sm90_xmma_gemm_f64f64_f64f64_f64_nn_n_tilesize32x32x32_stage5_warpsize2x2x1_tensor16x8x16_execute_kernel__5x_cublas                                                                                                                                                                                                                                                                                                                                                                                                                                                                                                                                                                                                                                                                                                                                                                                                                                                                                                                                                                                             │
│ 6098 │ 44.99 ms │   2.62 µs │    1024 │     64 │   26 │                  - │           - │             - │ gpu_broadcast_kernel_cartesian(CompilerMetadata<DynamicSize, DynamicCheck, void, CartesianIndices<2, Tuple<OneTo<Int64>, OneTo<Int64>>>, NDRange<2, DynamicSize, DynamicSize, CartesianIndices<2, Tuple<OneTo<Int64>, OneTo<Int64>>>, CartesianIndices<2, Tuple<OneTo<Int64>, OneTo<Int64>>>>>, SubArray<Float64, 2, CuDeviceArray<Float64, 2, 1>, Tuple<UnitRange<Int64>, Slice<OneTo<Int64>>>, false>, Broadcasted<CuArrayStyle<2, DeviceMemory>, Tuple<OneTo<Int64>, OneTo<Int64>>, _, Tuple<Broadcasted<CuArrayStyle<2, DeviceMemory>, void, _, Tuple<Extruded<CuDeviceArray<Float64, 2, 1>, Tuple<Bool, Bool>, Tuple<Int64, Int64>>, Extruded<SubArray<Float64, 2, CuDeviceArray<Float64, 2, 1>, Tuple<UnitRange<Int64>, Slice<OneTo<Int64>>>, false>, Tuple<Bool, Bool>, Tuple<Int64, Int64>>>>, Broadcasted<CuArrayStyle<2, DeviceMemory>, void, _, Tuple<Extruded<CuDeviceArray<Float64, 2, 1>, Tuple<Bool, Bool>, Tuple<Int64, Int64>>, Extruded<SubArray<Float64, 2, CuDeviceArray<Float64, 2, 1>, Tuple<UnitRange<Int64>, Slice<OneTo<Int64>>>, false>, Tuple<Bool, Bool>, Tuple<Int64, Int64>>>>>>) │
│ 6146 │ 44.99 ms │   2.62 µs │    1024 │     64 │   26 │                  - │           - │             - │ gpu_broadcast_kernel_cartesian(CompilerMetadata<DynamicSize, DynamicCheck, void, CartesianIndices<2, Tuple<OneTo<Int64>, OneTo<Int64>>>, NDRange<2, DynamicSize, DynamicSize, CartesianIndices<2, Tuple<OneTo<Int64>, OneTo<Int64>>>, CartesianIndices<2, Tuple<OneTo<Int64>, OneTo<Int64>>>>>, SubArray<Float64, 2, CuDeviceArray<Float64, 2, 1>, Tuple<UnitRange<Int64>, Slice<OneTo<Int64>>>, false>, Broadcasted<CuArrayStyle<2, DeviceMemory>, Tuple<OneTo<Int64>, OneTo<Int64>>, _, Tuple<Broadcasted<CuArrayStyle<2, DeviceMemory>, void, _, Tuple<Extruded<CuDeviceArray<Float64, 2, 1>, Tuple<Bool, Bool>, Tuple<Int64, Int64>>, Extruded<SubArray<Float64, 2, CuDeviceArray<Float64, 2, 1>, Tuple<UnitRange<Int64>, Slice<OneTo<Int64>>>, false>, Tuple<Bool, Bool>, Tuple<Int64, Int64>>>>, Broadcasted<CuArrayStyle<2, DeviceMemory>, void, _, Tuple<Extruded<CuDeviceArray<Float64, 2, 1>, Tuple<Bool, Bool>, Tuple<Int64, Int64>>, Extruded<SubArray<Float64, 2, CuDeviceArray<Float64, 2, 1>, Tuple<UnitRange<Int64>, Slice<OneTo<Int64>>>, false>, Tuple<Bool, Bool>, Tuple<Int64, Int64>>>>>>) │
│ 6156 │ 44.99 ms │ 715.26 ns │       - │      - │    - │                  - │     8 bytes │  10.667 MiB/s │ [copy pageable to device memory]                                                                                                                                                                                                                                                                                                                                                                                                                                                                                                                                                                                                                                                                                                                                                                                                                                                                                                                                                                                                                                                                                │
│ 6162 │  45.0 ms │   1.19 µs │       - │      - │    - │                  - │     8 bytes │   6.400 MiB/s │ [copy pageable to device memory]                                                                                                                                                                                                                                                                                                                                                                                                                                                                                                                                                                                                                                                                                                                                                                                                                                                                                                                                                                                                                                                                                │
│ 6176 │  45.0 ms │   2.62 µs │     128 │    128 │  126 │ 80.000 KiB dynamic │           - │             - │ sm90_xmma_gemm_f64f64_f64f64_f64_nn_n_tilesize32x32x32_stage5_warpsize2x2x1_tensor16x8x16_execute_kernel__5x_cublas                                                                                                                                                                                                                                                                                                                                                                                                                                                                                                                                                                                                                                                                                                                                                                                                                                                                                                                                                                                             │
│ 6195 │  45.0 ms │   2.86 µs │     256 │    256 │   32 │                  - │           - │             - │ _cuda_rotate_z_scatter_accumulate_kernel_(CuDeviceArray<Float64, 2, 1>, CuDeviceArray<Float64, 2, 1>, CuDeviceArray<Int64, 1, 1>, CuDeviceArray<Int64, 1, 1>, CuDeviceArray<Float64, 1, 1>, CuDeviceArray<Float64, 1, 1>, CuDeviceArray<Int64, 1, 1>, CuDeviceArray<Float64, 1, 1>)                                                                                                                                                                                                                                                                                                                                                                                                                                                                                                                                                                                                                                                                                                                                                                                                                             │
│ 6223 │ 45.01 ms │   5.72 µs │    1024 │    512 │   30 │                  - │           - │             - │ gpu_broadcast_kernel_cartesian(CompilerMetadata<DynamicSize, DynamicCheck, void, CartesianIndices<2, Tuple<OneTo<Int64>, OneTo<Int64>>>, NDRange<2, DynamicSize, DynamicSize, CartesianIndices<2, Tuple<OneTo<Int64>, OneTo<Int64>>>, CartesianIndices<2, Tuple<OneTo<Int64>, OneTo<Int64>>>>>, CuDeviceArray<Float64, 2, 1>, Broadcasted<CuArrayStyle<2, DeviceMemory>, Tuple<OneTo<Int64>, OneTo<Int64>>, cos, Tuple<Broadcasted<CuArrayStyle<1, DeviceMemory>, void, _, Tuple<Extruded<CuDeviceArray<Float64, 1, 1>, Tuple<Bool>, Tuple<Int64>>, Extruded<Transpose<Float64, CuDeviceArray<Float64, 1, 1>>, Tuple<Bool, Bool>, Tuple<Int64, Int64>>>>>>)                                                                                                                                                                                                                                                                                                                                                                                                                                                     │
│ 6251 │ 45.01 ms │   5.25 µs │    1024 │    512 │   30 │                  - │           - │             - │ gpu_broadcast_kernel_cartesian(CompilerMetadata<DynamicSize, DynamicCheck, void, CartesianIndices<2, Tuple<OneTo<Int64>, OneTo<Int64>>>, NDRange<2, DynamicSize, DynamicSize, CartesianIndices<2, Tuple<OneTo<Int64>, OneTo<Int64>>>, CartesianIndices<2, Tuple<OneTo<Int64>, OneTo<Int64>>>>>, CuDeviceArray<Float64, 2, 1>, Broadcasted<CuArrayStyle<2, DeviceMemory>, Tuple<OneTo<Int64>, OneTo<Int64>>, sin, Tuple<Broadcasted<CuArrayStyle<1, DeviceMemory>, void, _, Tuple<Extruded<CuDeviceArray<Float64, 1, 1>, Tuple<Bool>, Tuple<Int64>>, Extruded<Transpose<Float64, CuDeviceArray<Float64, 1, 1>>, Tuple<Bool, Bool>, Tuple<Int64, Int64>>>>>>)                                                                                                                                                                                                                                                                                                                                                                                                                                                     │
│ 6269 │ 45.02 ms │   6.44 µs │     256 │   2048 │   32 │                  - │           - │             - │ _cuda_gather_rotate_z_kernel_(CuDeviceArray<Float64, 2, 1>, CuDeviceArray<Float64, 2, 1>, CuDeviceArray<Int64, 1, 1>, CuDeviceArray<Int64, 1, 1>, CuDeviceArray<Float64, 1, 1>, CuDeviceArray<Float64, 1, 1>, CuDeviceArray<Int64, 1, 1>, CuDeviceArray<Float64, 1, 1>, Float64)                                                                                                                                                                                                                                                                                                                                                                                                                                                                                                                                                                                                                                                                                                                                                                                                                                │
│ 6279 │ 45.03 ms │   1.43 µs │       - │      - │    - │                  - │     8 bytes │   5.333 MiB/s │ [copy pageable to device memory]                                                                                                                                                                                                                                                                                                                                                                                                                                                                                                                                                                                                                                                                                                                                                                                                                                                                                                                                                                                                                                                                                │
│ 6285 │ 45.03 ms │ 715.26 ns │       - │      - │    - │                  - │     8 bytes │  10.667 MiB/s │ [copy pageable to device memory]                                                                                                                                                                                                                                                                                                                                                                                                                                                                                                                                                                                                                                                                                                                                                                                                                                                                                                                                                                                                                                                                                │
│ 6299 │ 45.03 ms │   7.39 µs │     128 │    512 │  168 │ 72.000 KiB dynamic │           - │             - │ sm90_xmma_gemm_f64f64_f64f64_f64_nn_n_tilesize64x32x32_stage3_warpsize2x2x1_tensor16x8x16_execute_kernel__5x_cublas                                                                                                                                                                                                                                                                                                                                                                                                                                                                                                                                                                                                                                                                                                                                                                                                                                                                                                                                                                                             │
│ 6348 │ 45.04 ms │   6.44 µs │    1024 │    512 │   26 │                  - │           - │             - │ gpu_broadcast_kernel_cartesian(CompilerMetadata<DynamicSize, DynamicCheck, void, CartesianIndices<2, Tuple<OneTo<Int64>, OneTo<Int64>>>, NDRange<2, DynamicSize, DynamicSize, CartesianIndices<2, Tuple<OneTo<Int64>, OneTo<Int64>>>, CartesianIndices<2, Tuple<OneTo<Int64>, OneTo<Int64>>>>>, SubArray<Float64, 2, CuDeviceArray<Float64, 2, 1>, Tuple<UnitRange<Int64>, Slice<OneTo<Int64>>>, false>, Broadcasted<CuArrayStyle<2, DeviceMemory>, Tuple<OneTo<Int64>, OneTo<Int64>>, _, Tuple<Broadcasted<CuArrayStyle<2, DeviceMemory>, void, _, Tuple<Extruded<CuDeviceArray<Float64, 2, 1>, Tuple<Bool, Bool>, Tuple<Int64, Int64>>, Extruded<SubArray<Float64, 2, CuDeviceArray<Float64, 2, 1>, Tuple<UnitRange<Int64>, Slice<OneTo<Int64>>>, false>, Tuple<Bool, Bool>, Tuple<Int64, Int64>>>>, Broadcasted<CuArrayStyle<2, DeviceMemory>, void, _, Tuple<Extruded<CuDeviceArray<Float64, 2, 1>, Tuple<Bool, Bool>, Tuple<Int64, Int64>>, Extruded<SubArray<Float64, 2, CuDeviceArray<Float64, 2, 1>, Tuple<UnitRange<Int64>, Slice<OneTo<Int64>>>, false>, Tuple<Bool, Bool>, Tuple<Int64, Int64>>>>>>) │
│ 6396 │ 45.05 ms │    6.2 µs │    1024 │    512 │   26 │                  - │           - │             - │ gpu_broadcast_kernel_cartesian(CompilerMetadata<DynamicSize, DynamicCheck, void, CartesianIndices<2, Tuple<OneTo<Int64>, OneTo<Int64>>>, NDRange<2, DynamicSize, DynamicSize, CartesianIndices<2, Tuple<OneTo<Int64>, OneTo<Int64>>>, CartesianIndices<2, Tuple<OneTo<Int64>, OneTo<Int64>>>>>, SubArray<Float64, 2, CuDeviceArray<Float64, 2, 1>, Tuple<UnitRange<Int64>, Slice<OneTo<Int64>>>, false>, Broadcasted<CuArrayStyle<2, DeviceMemory>, Tuple<OneTo<Int64>, OneTo<Int64>>, _, Tuple<Broadcasted<CuArrayStyle<2, DeviceMemory>, void, _, Tuple<Extruded<CuDeviceArray<Float64, 2, 1>, Tuple<Bool, Bool>, Tuple<Int64, Int64>>, Extruded<SubArray<Float64, 2, CuDeviceArray<Float64, 2, 1>, Tuple<UnitRange<Int64>, Slice<OneTo<Int64>>>, false>, Tuple<Bool, Bool>, Tuple<Int64, Int64>>>>, Broadcasted<CuArrayStyle<2, DeviceMemory>, void, _, Tuple<Extruded<CuDeviceArray<Float64, 2, 1>, Tuple<Bool, Bool>, Tuple<Int64, Int64>>, Extruded<SubArray<Float64, 2, CuDeviceArray<Float64, 2, 1>, Tuple<UnitRange<Int64>, Slice<OneTo<Int64>>>, false>, Tuple<Bool, Bool>, Tuple<Int64, Int64>>>>>>) │
│ 6406 │ 45.06 ms │ 715.26 ns │       - │      - │    - │                  - │     8 bytes │  10.667 MiB/s │ [copy pageable to device memory]                                                                                                                                                                                                                                                                                                                                                                                                                                                                                                                                                                                                                                                                                                                                                                                                                                                                                                                                                                                                                                                                                │
│ 6412 │ 45.06 ms │ 953.67 ns │       - │      - │    - │                  - │     8 bytes │   8.000 MiB/s │ [copy pageable to device memory]                                                                                                                                                                                                                                                                                                                                                                                                                                                                                                                                                                                                                                                                                                                                                                                                                                                                                                                                                                                                                                                                                │
│ 6426 │ 45.06 ms │   6.44 µs │     128 │    512 │  168 │ 72.000 KiB dynamic │           - │             - │ sm90_xmma_gemm_f64f64_f64f64_f64_nn_n_tilesize64x32x32_stage3_warpsize2x2x1_tensor16x8x16_execute_kernel__5x_cublas                                                                                                                                                                                                                                                                                                                                                                                                                                                                                                                                                                                                                                                                                                                                                                                                                                                                                                                                                                                             │
│ 6437 │ 45.07 ms │   1.43 µs │       - │      - │    - │                  - │     8 bytes │   5.333 MiB/s │ [copy pageable to device memory]                                                                                                                                                                                                                                                                                                                                                                                                                                                                                                                                                                                                                                                                                                                                                                                                                                                                                                                                                                                                                                                                                │
│ 6443 │ 45.07 ms │   1.19 µs │       - │      - │    - │                  - │     8 bytes │   6.400 MiB/s │ [copy pageable to device memory]                                                                                                                                                                                                                                                                                                                                                                                                                                                                                                                                                                                                                                                                                                                                                                                                                                                                                                                                                                                                                                                                                │
│ 6457 │ 45.07 ms │   5.96 µs │     128 │    512 │  168 │ 72.000 KiB dynamic │           - │             - │ sm90_xmma_gemm_f64f64_f64f64_f64_nn_n_tilesize64x32x32_stage3_warpsize2x2x1_tensor16x8x16_execute_kernel__5x_cublas                                                                                                                                                                                                                                                                                                                                                                                                                                                                                                                                                                                                                                                                                                                                                                                                                                                                                                                                                                                             │
│ 6468 │ 45.08 ms │ 953.67 ns │       - │      - │    - │                  - │     8 bytes │   8.000 MiB/s │ [copy pageable to device memory]                                                                                                                                                                                                                                                                                                                                                                                                                                                                                                                                                                                                                                                                                                                                                                                                                                                                                                                                                                                                                                                                                │
│ 6474 │ 45.08 ms │ 715.26 ns │       - │      - │    - │                  - │     8 bytes │  10.667 MiB/s │ [copy pageable to device memory]                                                                                                                                                                                                                                                                                                                                                                                                                                                                                                                                                                                                                                                                                                                                                                                                                                                                                                                                                                                                                                                                                │
│ 6488 │ 45.09 ms │   6.68 µs │     128 │    512 │  168 │ 72.000 KiB dynamic │           - │             - │ sm90_xmma_gemm_f64f64_f64f64_f64_nn_n_tilesize64x32x32_stage3_warpsize2x2x1_tensor16x8x16_execute_kernel__5x_cublas                                                                                                                                                                                                                                                                                                                                                                                                                                                                                                                                                                                                                                                                                                                                                                                                                                                                                                                                                                                             │
│ 6537 │ 45.09 ms │   6.44 µs │    1024 │    512 │   26 │                  - │           - │             - │ gpu_broadcast_kernel_cartesian(CompilerMetadata<DynamicSize, DynamicCheck, void, CartesianIndices<2, Tuple<OneTo<Int64>, OneTo<Int64>>>, NDRange<2, DynamicSize, DynamicSize, CartesianIndices<2, Tuple<OneTo<Int64>, OneTo<Int64>>>, CartesianIndices<2, Tuple<OneTo<Int64>, OneTo<Int64>>>>>, SubArray<Float64, 2, CuDeviceArray<Float64, 2, 1>, Tuple<UnitRange<Int64>, Slice<OneTo<Int64>>>, false>, Broadcasted<CuArrayStyle<2, DeviceMemory>, Tuple<OneTo<Int64>, OneTo<Int64>>, _, Tuple<Broadcasted<CuArrayStyle<2, DeviceMemory>, void, _, Tuple<Extruded<CuDeviceArray<Float64, 2, 1>, Tuple<Bool, Bool>, Tuple<Int64, Int64>>, Extruded<SubArray<Float64, 2, CuDeviceArray<Float64, 2, 1>, Tuple<UnitRange<Int64>, Slice<OneTo<Int64>>>, false>, Tuple<Bool, Bool>, Tuple<Int64, Int64>>>>, Broadcasted<CuArrayStyle<2, DeviceMemory>, void, _, Tuple<Extruded<CuDeviceArray<Float64, 2, 1>, Tuple<Bool, Bool>, Tuple<Int64, Int64>>, Extruded<SubArray<Float64, 2, CuDeviceArray<Float64, 2, 1>, Tuple<UnitRange<Int64>, Slice<OneTo<Int64>>>, false>, Tuple<Bool, Bool>, Tuple<Int64, Int64>>>>>>) │
│ 6585 │  45.1 ms │    6.2 µs │    1024 │    512 │   26 │                  - │           - │             - │ gpu_broadcast_kernel_cartesian(CompilerMetadata<DynamicSize, DynamicCheck, void, CartesianIndices<2, Tuple<OneTo<Int64>, OneTo<Int64>>>, NDRange<2, DynamicSize, DynamicSize, CartesianIndices<2, Tuple<OneTo<Int64>, OneTo<Int64>>>, CartesianIndices<2, Tuple<OneTo<Int64>, OneTo<Int64>>>>>, SubArray<Float64, 2, CuDeviceArray<Float64, 2, 1>, Tuple<UnitRange<Int64>, Slice<OneTo<Int64>>>, false>, Broadcasted<CuArrayStyle<2, DeviceMemory>, Tuple<OneTo<Int64>, OneTo<Int64>>, _, Tuple<Broadcasted<CuArrayStyle<2, DeviceMemory>, void, _, Tuple<Extruded<CuDeviceArray<Float64, 2, 1>, Tuple<Bool, Bool>, Tuple<Int64, Int64>>, Extruded<SubArray<Float64, 2, CuDeviceArray<Float64, 2, 1>, Tuple<UnitRange<Int64>, Slice<OneTo<Int64>>>, false>, Tuple<Bool, Bool>, Tuple<Int64, Int64>>>>, Broadcasted<CuArrayStyle<2, DeviceMemory>, void, _, Tuple<Extruded<CuDeviceArray<Float64, 2, 1>, Tuple<Bool, Bool>, Tuple<Int64, Int64>>, Extruded<SubArray<Float64, 2, CuDeviceArray<Float64, 2, 1>, Tuple<UnitRange<Int64>, Slice<OneTo<Int64>>>, false>, Tuple<Bool, Bool>, Tuple<Int64, Int64>>>>>>) │
│ 6595 │ 45.11 ms │   1.19 µs │       - │      - │    - │                  - │     8 bytes │   6.400 MiB/s │ [copy pageable to device memory]                                                                                                                                                                                                                                                                                                                                                                                                                                                                                                                                                                                                                                                                                                                                                                                                                                                                                                                                                                                                                                                                                │
│ 6601 │ 45.11 ms │ 715.26 ns │       - │      - │    - │                  - │     8 bytes │  10.667 MiB/s │ [copy pageable to device memory]                                                                                                                                                                                                                                                                                                                                                                                                                                                                                                                                                                                                                                                                                                                                                                                                                                                                                                                                                                                                                                                                                │
│ 6615 │ 45.12 ms │   6.44 µs │     128 │    512 │  168 │ 72.000 KiB dynamic │           - │             - │ sm90_xmma_gemm_f64f64_f64f64_f64_nn_n_tilesize64x32x32_stage3_warpsize2x2x1_tensor16x8x16_execute_kernel__5x_cublas                                                                                                                                                                                                                                                                                                                                                                                                                                                                                                                                                                                                                                                                                                                                                                                                                                                                                                                                                                                             │
│ 6634 │ 45.12 ms │   8.34 µs │     256 │   2048 │   32 │                  - │           - │             - │ _cuda_rotate_z_scatter_accumulate_kernel_(CuDeviceArray<Float64, 2, 1>, CuDeviceArray<Float64, 2, 1>, CuDeviceArray<Int64, 1, 1>, CuDeviceArray<Int64, 1, 1>, CuDeviceArray<Float64, 1, 1>, CuDeviceArray<Float64, 1, 1>, CuDeviceArray<Int64, 1, 1>, CuDeviceArray<Float64, 1, 1>)                                                                                                                                                                                                                                                                                                                                                                                                                                                                                                                                                                                                                                                                                                                                                                                                                             │
│ 6642 │ 45.13 ms │  10.49 µs │    1024 │   3907 │   18 │                  - │           - │             - │ gpu_fill_kernel_(CompilerMetadata<DynamicSize, DynamicCheck, void, CartesianIndices<1, Tuple<OneTo<Int64>>>, NDRange<1, DynamicSize, DynamicSize, CartesianIndices<1, Tuple<OneTo<Int64>>>, CartesianIndices<1, Tuple<OneTo<Int64>>>>>, CuDeviceArray<Float64, 2, 1>, Float64)                                                                                                                                                                                                                                                                                                                                                                                                                                                                                                                                                                                                                                                                                                                                                                                                                                  │
│ 6654 │ 45.14 ms │  37.55 ms │     128 │  16384 │   52 │                  - │           - │             - │ _cuda_direct_pairs_output_kernel_(CuDeviceArray<Float64, 2, 1>, CuDeviceArray<Float64, 2, 1>, CuDeviceArray<Int64, 2, 1>, CuDeviceArray<Int64, 1, 1>, CuDeviceArray<Int64, 1, 1>, Int64)                                                                                                                                                                                                                                                                                                                                                                                                                                                                                                                                                                                                                                                                                                                                                                                                                                                                                                                        │
│ 6668 │ 82.69 ms │ 696.66 µs │     128 │   8192 │  148 │                  - │           - │             - │ _cuda_l2b_output_kernel_(CuDeviceArray<Float64, 2, 1>, CuDeviceArray<Float64, 2, 1>, CuDeviceArray<Float64, 2, 1>, CuDeviceArray<Int64, 2, 1>, CuDeviceArray<Int64, 1, 1>, CuDeviceArray<Float64, 2, 1>, CuDeviceArray<Float64, 2, 1>, Int64, Int64, Val<false>, Int64)                                                                                                                                                                                                                                                                                                                                                                                                                                                                                                                                                                                                                                                                                                                                                                                                                                         │
└──────┴──────────┴───────────┴─────────┴────────┴──────┴────────────────────┴─────────────┴───────────────┴─────────────────────────────────────────────────────────────────────────────────────────────────────────────────────────────────────────────────────────────────────────────────────────────────────────────────────────────────────────────────────────────────────────────────────────────────────────────────────────────────────────────────────────────────────────────────────────────────────────────────────────────────────────────────────────────────────────────────────────────────────────────────────────────────────────────────────────────────────────────────────────────────────────────────────────────────────────────────────────────────────────────────────────────────────────────────────────────────────────────────────────────────────────────────────────────────────────────────────────────────────────────────────────────────────────────────────────────────────────────────────────────────────────────────────────────────────────────────────────────────────────────────────────────────────────────────────────────────────────────────────────────────────────────────┘


--- M2L stage alone (isolates the leaf apply)
Profiler ran for 42.8 ms, capturing 1750 events.

Host-side activity: calling CUDA APIs took 3.22 ms (7.51% of the trace)
┌──────┬──────────┬──────────┬────────┬─────────────────────────┬────────────────────────────┐
│   ID │    Start │     Time │ Thread │ Name                    │                    Details │
├──────┼──────────┼──────────┼────────┼─────────────────────────┼────────────────────────────┤
│    8 │ 16.69 ms │ 28.61 µs │      1 │ cuLaunchKernelEx        │                          - │
│   20 │ 16.74 ms │  7.15 µs │      1 │ cuLaunchKernelEx        │                          - │
│   32 │ 16.77 ms │  5.72 µs │      1 │ cuLaunchKernelEx        │                          - │
│   34 │ 16.78 ms │ 11.44 µs │      1 │ cuMemAllocFromPoolAsync │   436 bytes, device memory │
│   38 │  16.8 ms │  8.82 µs │      1 │ cuMemsetD32Async        │                          - │
│   50 │ 16.83 ms │  5.25 µs │      1 │ cuLaunchKernelEx        │                          - │
│   62 │ 16.87 ms │  6.68 µs │      1 │ cuLaunchKernelEx        │                          - │
│   68 │ 16.89 ms │  5.48 µs │      1 │ cuLaunchKernelEx        │                          - │
│   70 │  16.9 ms │   6.2 µs │      1 │ cuMemFreeAsync          │   436 bytes, device memory │
│   76 │ 16.92 ms │  5.25 µs │      1 │ cuLaunchKernelEx        │                          - │
│   82 │ 16.93 ms │  5.25 µs │      1 │ cuStreamSynchronize     │                          - │
│   86 │ 16.94 ms │ 14.54 µs │      1 │ cuMemcpyDtoHAsync       │                          - │
│  108 │ 16.96 ms │  2.15 µs │      1 │ cuStreamSynchronize     │                          - │
│  130 │ 16.98 ms │  5.72 µs │      1 │ cuLaunchKernelEx        │                          - │
│  150 │  17.0 ms │  5.25 µs │      1 │ cuLaunchKernelEx        │                          - │
│  162 │ 17.01 ms │  3.34 µs │      1 │ cuLaunchKernelEx        │                          - │
│  174 │ 17.02 ms │  2.86 µs │      1 │ cuLaunchKernelEx        │                          - │
│  176 │ 17.03 ms │   3.1 µs │      1 │ cuMemAllocFromPoolAsync │   3.398 KiB, device memory │
│  180 │ 17.03 ms │  3.34 µs │      1 │ cuMemsetD32Async        │                          - │
│  192 │ 17.05 ms │  3.34 µs │      1 │ cuLaunchKernelEx        │                          - │
│  204 │ 17.06 ms │   3.1 µs │      1 │ cuLaunchKernelEx        │                          - │
│  210 │ 17.07 ms │   3.1 µs │      1 │ cuLaunchKernelEx        │                          - │
│  212 │ 17.07 ms │   3.1 µs │      1 │ cuMemFreeAsync          │   3.398 KiB, device memory │
│  218 │ 17.08 ms │  3.34 µs │      1 │ cuLaunchKernelEx        │                          - │
│  238 │ 17.09 ms │  2.38 µs │      1 │ cuStreamSynchronize     │                          - │
│  242 │ 17.09 ms │  3.58 µs │      1 │ cuMemcpyDtoHAsync       │                          - │
│  268 │  17.1 ms │  1.67 µs │      1 │ cuStreamSynchronize     │                          - │
│  290 │ 17.11 ms │  2.62 µs │      1 │ cuLaunchKernelEx        │                          - │
│  310 │ 17.13 ms │  2.62 µs │      1 │ cuLaunchKernelEx        │                          - │
│  322 │ 17.13 ms │  2.86 µs │      1 │ cuLaunchKernelEx        │                          - │
│  334 │ 17.14 ms │  2.86 µs │      1 │ cuLaunchKernelEx        │                          - │
│  336 │ 17.15 ms │  2.38 µs │      1 │ cuMemAllocFromPoolAsync │  27.188 KiB, device memory │
│  340 │ 17.15 ms │  5.96 µs │      1 │ cuMemsetD32Async        │                          - │
│  352 │ 17.16 ms │   3.1 µs │      1 │ cuLaunchKernelEx        │                          - │
│  364 │ 17.18 ms │  2.62 µs │      1 │ cuLaunchKernelEx        │                          - │
│  366 │ 17.18 ms │  1.67 µs │      1 │ cuMemAllocFromPoolAsync │    28 bytes, device memory │
│  370 │ 17.18 ms │  2.15 µs │      1 │ cuMemsetD32Async        │                          - │
│  382 │ 17.19 ms │   3.1 µs │      1 │ cuLaunchKernelEx        │                          - │
│  394 │ 17.21 ms │  2.62 µs │      1 │ cuLaunchKernelEx        │                          - │
│  400 │ 17.21 ms │  2.62 µs │      1 │ cuLaunchKernelEx        │                          - │
│  402 │ 17.22 ms │  1.91 µs │      1 │ cuMemFreeAsync          │    28 bytes, device memory │
│  408 │ 17.22 ms │   3.1 µs │      1 │ cuLaunchKernelEx        │                          - │
│  410 │ 17.23 ms │  1.67 µs │      1 │ cuMemFreeAsync          │  27.188 KiB, device memory │
│  416 │ 17.23 ms │  2.86 µs │      1 │ cuLaunchKernelEx        │                          - │
│  932 │ 17.51 ms │  20.5 µs │      2 │ cuStreamSynchronize     │                          - │
│  936 │ 17.55 ms │  4.05 µs │      1 │ cuMemcpyDtoHAsync       │                          - │
│  964 │ 17.56 ms │  1.67 µs │      1 │ cuStreamSynchronize     │                          - │
│  986 │ 17.57 ms │  3.81 µs │      1 │ cuLaunchKernelEx        │                          - │
│ 1006 │ 17.58 ms │  3.34 µs │      1 │ cuLaunchKernelEx        │                          - │
│ 1018 │ 17.59 ms │   3.1 µs │      1 │ cuLaunchKernelEx        │                          - │
│ 1030 │  17.6 ms │  2.62 µs │      1 │ cuLaunchKernelEx        │                          - │
│ 1032 │ 17.61 ms │  3.34 µs │      1 │ cuMemAllocFromPoolAsync │ 217.500 KiB, device memory │
│ 1036 │ 17.61 ms │  3.58 µs │      1 │ cuMemsetD32Async        │                          - │
│ 1048 │ 17.62 ms │  2.86 µs │      1 │ cuLaunchKernelEx        │                          - │
│ 1060 │ 17.64 ms │  2.86 µs │      1 │ cuLaunchKernelEx        │                          - │
│ 1062 │ 17.64 ms │  2.15 µs │      1 │ cuMemAllocFromPoolAsync │   220 bytes, device memory │
│ 1066 │ 17.64 ms │  1.91 µs │      1 │ cuMemsetD32Async        │                          - │
│ 1078 │ 17.65 ms │  2.62 µs │      1 │ cuLaunchKernelEx        │                          - │
│ 1090 │ 17.67 ms │  2.62 µs │      1 │ cuLaunchKernelEx        │                          - │
│ 1096 │ 17.68 ms │  2.62 µs │      1 │ cuLaunchKernelEx        │                          - │
│ 1098 │ 17.68 ms │  1.43 µs │      1 │ cuMemFreeAsync          │   220 bytes, device memory │
│ 1104 │ 17.69 ms │  2.86 µs │      1 │ cuLaunchKernelEx        │                          - │
│ 1106 │ 17.69 ms │  1.67 µs │      1 │ cuMemFreeAsync          │ 217.500 KiB, device memory │
│ 1112 │ 17.69 ms │  2.86 µs │      1 │ cuLaunchKernelEx        │                          - │
│ 1628 │ 17.92 ms │  3.19 ms │      2 │ cuStreamSynchronize     │                          - │
│ 1632 │ 21.13 ms │  4.29 µs │      1 │ cuMemcpyDtoHAsync       │                          - │
│ 1658 │ 21.14 ms │  1.67 µs │      1 │ cuStreamSynchronize     │                          - │
│ 1680 │ 21.15 ms │   3.1 µs │      1 │ cuLaunchKernelEx        │                          - │
│ 1700 │ 21.16 ms │  2.86 µs │      1 │ cuLaunchKernelEx        │                          - │
└──────┴──────────┴──────────┴────────┴─────────────────────────┴────────────────────────────┘

Device-side activity: GPU was busy for 25.55 ms (59.69% of the trace)
┌──────┬──────────┬───────────┬─────────┬────────┬──────┬────────────────────┬─────────────┬───────────────┬───────────────────────────────────────────────────────────────────────────────────────────────────────────────────────────────────────────────────────────────────────────────────────────────────────────────────────────────────────────────────────────────────────────────────────────────────────────────────────────────────────────────────────────────────────────────────────────────────────────────────────────────┐
│   ID │    Start │      Time │ Threads │ Blocks │ Regs │         Shared Mem │        Size │    Throughput │ Name                                                                                                                                                                                                                                                                                                                                                                                                                          │
├──────┼──────────┼───────────┼─────────┼────────┼──────┼────────────────────┼─────────────┼───────────────┼───────────────────────────────────────────────────────────────────────────────────────────────────────────────────────────────────────────────────────────────────────────────────────────────────────────────────────────────────────────────────────────────────────────────────────────────────────────────────────────────────────────────────────────────────────────────────────────────────────────────────────────────┤
│    8 │ 16.72 ms │   2.62 µs │    1024 │    732 │   18 │                  - │           - │             - │ gpu_fill_kernel_(CompilerMetadata<DynamicSize, DynamicCheck, void, CartesianIndices<1, Tuple<OneTo<Int64>>>, NDRange<1, DynamicSize, DynamicSize, CartesianIndices<1, Tuple<OneTo<Int64>>>, CartesianIndices<1, Tuple<OneTo<Int64>>>>>, CuDeviceArray<Float64, 2, 1>, Float64)                                                                                                                                                │
│   20 │ 16.74 ms │   2.86 µs │     256 │    435 │   32 │                  - │           - │             - │ _cuda_hier_route_flags_kernel_(CuDeviceArray<Int32, 1, 1>, CuDeviceArray<Int32, 1, 1>, CuDeviceArray<Int64, 2, 1>, CuDeviceArray<Int32, 2, 1>, CuDeviceArray<Int32, 2, 1>, Int64, Int64, Int64, Int64, Int64, Int64)                                                                                                                                                                                                          │
│   32 │ 16.78 ms │   4.05 µs │    1024 │    109 │   32 │  8.000 KiB dynamic │           - │             - │ partial_scan(_, CuDeviceArray<Int32, 1, 1>, CuDeviceArray<Int32, 1, 1>, CartesianIndices<1, Tuple<OneTo<Int64>>>, CartesianIndices<0, Tuple<>>, CartesianIndices<0, Tuple<>>, CartesianIndices<2, Tuple<OneTo<Int64>, OneTo<Int64>>>, Int32, void, Val<true>)                                                                                                                                                                 │
│   38 │ 16.81 ms │ 715.26 ns │       - │      - │    - │                  - │   436 bytes │ 581.333 MiB/s │ [set device memory]                                                                                                                                                                                                                                                                                                                                                                                                           │
│   50 │ 16.84 ms │ 953.67 ns │      64 │      2 │   16 │                  - │           - │             - │ gpu_linear_copy_kernel_(CompilerMetadata<DynamicSize, DynamicCheck, void, CartesianIndices<1, Tuple<OneTo<Int64>>>, NDRange<1, DynamicSize, DynamicSize, CartesianIndices<1, Tuple<OneTo<Int64>>>, CartesianIndices<1, Tuple<OneTo<Int64>>>>>, CuDeviceArray<Int32, 1, 1>, Int64, SubArray<Int32, 1, CuDeviceArray<Int32, 1, 1>, Tuple<StepRange<Int64, Int64>>, true>, Int64, Int64)                                         │
│   62 │ 16.88 ms │   2.15 µs │     128 │      1 │   32 │ 1024 bytes dynamic │           - │             - │ scan                                                                                                                                                                                                                                                                                                                                                                                                                          │
│   68 │  16.9 ms │   1.43 µs │    1024 │    109 │   32 │                  - │           - │             - │ aggregate_partial_scan(_, CuDeviceArray<Int32, 1, 1>, CuDeviceArray<Int32, 1, 1>, CartesianIndices<1, Tuple<OneTo<Int64>>>, CartesianIndices<0, Tuple<>>, CartesianIndices<0, Tuple<>>, CartesianIndices<2, Tuple<OneTo<Int64>, OneTo<Int64>>>, void)                                                                                                                                                                         │
│   76 │ 16.92 ms │   1.19 µs │     256 │      7 │   16 │                  - │           - │             - │ _cuda_hier_window_cum_kernel_(CuDeviceArray<Int32, 1, 1>, CuDeviceArray<Int32, 1, 1>, Int64, Int64)                                                                                                                                                                                                                                                                                                                           │
│   86 │ 16.95 ms │   2.38 µs │       - │      - │    - │                  - │   6.797 KiB │   2.719 GiB/s │ [copy device to pinned memory]                                                                                                                                                                                                                                                                                                                                                                                                │
│  130 │ 16.98 ms │   2.15 µs │     256 │    435 │   32 │                  - │           - │             - │ _cuda_hier_route_compact_kernel_(CuDeviceArray<Int64, 1, 1>, CuDeviceArray<Int64, 2, 1>, CuDeviceArray<Int64, 1, 1>, CuDeviceArray<Int64, 1, 1>, CuDeviceArray<Int32, 1, 1>, CuDeviceArray<Int32, 1, 1>, CuDeviceArray<Int32, 1, 1>, CuDeviceArray<Int32, 1, 1>, CuDeviceArray<Int64, 2, 1>, CuDeviceArray<Int32, 2, 1>, Int64, Int64, Int64, Int64, Int64, Int64, Int64)                                                     │
│  150 │ 17.01 ms │    6.2 µs │      32 │    752 │   38 │  128 bytes dynamic │           - │             - │ _cuda_hier_dense_fused_kernel_(CuDeviceArray<Float64, 2, 1>, CuDeviceArray<Float64, 2, 1>, CuDeviceArray<Float64, 3, 1>, CuDeviceArray<Int32, 1, 1>, CuDeviceArray<Int64, 1, 1>, CuDeviceArray<Int64, 1, 1>, CuDeviceArray<Float64, 2, 1>, CuDeviceArray<Float64, 2, 1>, CuDeviceArray<Int64, 1, 1>, CuDeviceArray<Int64, 1, 1>, Int64, CuDeviceArray<Float64, 2, 1>, CuDeviceArray<Float64, 2, 1>, Int64, Int64, Val<false>) │
│  162 │ 17.02 ms │   6.68 µs │     256 │   3480 │   32 │                  - │           - │             - │ _cuda_hier_route_flags_kernel_(CuDeviceArray<Int32, 1, 1>, CuDeviceArray<Int32, 1, 1>, CuDeviceArray<Int64, 2, 1>, CuDeviceArray<Int32, 2, 1>, CuDeviceArray<Int32, 2, 1>, Int64, Int64, Int64, Int64, Int64, Int64)                                                                                                                                                                                                          │
│  174 │ 17.03 ms │  16.93 µs │    1024 │    870 │   32 │  8.000 KiB dynamic │           - │             - │ partial_scan(_, CuDeviceArray<Int32, 1, 1>, CuDeviceArray<Int32, 1, 1>, CartesianIndices<1, Tuple<OneTo<Int64>>>, CartesianIndices<0, Tuple<>>, CartesianIndices<0, Tuple<>>, CartesianIndices<2, Tuple<OneTo<Int64>, OneTo<Int64>>>, Int32, void, Val<true>)                                                                                                                                                                 │
│  180 │ 17.05 ms │   1.19 µs │       - │      - │    - │                  - │   3.398 KiB │   2.719 GiB/s │ [set device memory]                                                                                                                                                                                                                                                                                                                                                                                                           │
│  192 │ 17.05 ms │   1.43 µs │     512 │      2 │   16 │                  - │           - │             - │ gpu_linear_copy_kernel_(CompilerMetadata<DynamicSize, DynamicCheck, void, CartesianIndices<1, Tuple<OneTo<Int64>>>, NDRange<1, DynamicSize, DynamicSize, CartesianIndices<1, Tuple<OneTo<Int64>>>, CartesianIndices<1, Tuple<OneTo<Int64>>>>>, CuDeviceArray<Int32, 1, 1>, Int64, SubArray<Int32, 1, CuDeviceArray<Int32, 1, 1>, Tuple<StepRange<Int64, Int64>>, true>, Int64, Int64)                                         │
│  204 │ 17.07 ms │   3.81 µs │    1024 │      1 │   32 │  8.000 KiB dynamic │           - │             - │ scan                                                                                                                                                                                                                                                                                                                                                                                                                          │
│  210 │ 17.08 ms │   3.81 µs │    1024 │    870 │   32 │                  - │           - │             - │ aggregate_partial_scan(_, CuDeviceArray<Int32, 1, 1>, CuDeviceArray<Int32, 1, 1>, CartesianIndices<1, Tuple<OneTo<Int64>>>, CartesianIndices<0, Tuple<>>, CartesianIndices<0, Tuple<>>, CartesianIndices<2, Tuple<OneTo<Int64>, OneTo<Int64>>>, void)                                                                                                                                                                         │
│  218 │ 17.09 ms │   1.19 µs │     256 │      7 │   16 │                  - │           - │             - │ _cuda_hier_window_cum_kernel_(CuDeviceArray<Int32, 1, 1>, CuDeviceArray<Int32, 1, 1>, Int64, Int64)                                                                                                                                                                                                                                                                                                                           │
│  242 │  17.1 ms │   2.62 µs │       - │      - │    - │                  - │   6.797 KiB │   2.472 GiB/s │ [copy device to pinned memory]                                                                                                                                                                                                                                                                                                                                                                                                │
│  290 │ 17.12 ms │   5.72 µs │     256 │   3480 │   32 │                  - │           - │             - │ _cuda_hier_route_compact_kernel_(CuDeviceArray<Int64, 1, 1>, CuDeviceArray<Int64, 2, 1>, CuDeviceArray<Int64, 1, 1>, CuDeviceArray<Int64, 1, 1>, CuDeviceArray<Int32, 1, 1>, CuDeviceArray<Int32, 1, 1>, CuDeviceArray<Int32, 1, 1>, CuDeviceArray<Int32, 1, 1>, CuDeviceArray<Int64, 2, 1>, CuDeviceArray<Int32, 2, 1>, Int64, Int64, Int64, Int64, Int64, Int64, Int64)                                                     │
│  310 │ 17.13 ms │ 109.91 µs │      32 │  16384 │   38 │  128 bytes dynamic │           - │             - │ _cuda_hier_dense_fused_kernel_(CuDeviceArray<Float64, 2, 1>, CuDeviceArray<Float64, 2, 1>, CuDeviceArray<Float64, 3, 1>, CuDeviceArray<Int32, 1, 1>, CuDeviceArray<Int64, 1, 1>, CuDeviceArray<Int64, 1, 1>, CuDeviceArray<Float64, 2, 1>, CuDeviceArray<Float64, 2, 1>, CuDeviceArray<Int64, 1, 1>, CuDeviceArray<Int64, 1, 1>, Int64, CuDeviceArray<Float64, 2, 1>, CuDeviceArray<Float64, 2, 1>, Int64, Int64, Val<false>) │
│  322 │ 17.24 ms │  44.11 µs │     256 │  27840 │   32 │                  - │           - │             - │ _cuda_hier_route_flags_kernel_(CuDeviceArray<Int32, 1, 1>, CuDeviceArray<Int32, 1, 1>, CuDeviceArray<Int64, 2, 1>, CuDeviceArray<Int32, 2, 1>, CuDeviceArray<Int32, 2, 1>, Int64, Int64, Int64, Int64, Int64, Int64)                                                                                                                                                                                                          │
│  334 │ 17.29 ms │ 126.36 µs │    1024 │   6960 │   32 │  8.000 KiB dynamic │           - │             - │ partial_scan(_, CuDeviceArray<Int32, 1, 1>, CuDeviceArray<Int32, 1, 1>, CartesianIndices<1, Tuple<OneTo<Int64>>>, CartesianIndices<0, Tuple<>>, CartesianIndices<0, Tuple<>>, CartesianIndices<2, Tuple<OneTo<Int64>, OneTo<Int64>>>, Int32, void, Val<true>)                                                                                                                                                                 │
│  340 │ 17.41 ms │ 953.67 ns │       - │      - │    - │                  - │  27.188 KiB │  27.188 GiB/s │ [set device memory]                                                                                                                                                                                                                                                                                                                                                                                                           │
│  352 │ 17.42 ms │   1.91 µs │    1024 │      7 │   16 │                  - │           - │             - │ gpu_linear_copy_kernel_(CompilerMetadata<DynamicSize, DynamicCheck, void, CartesianIndices<1, Tuple<OneTo<Int64>>>, NDRange<1, DynamicSize, DynamicSize, CartesianIndices<1, Tuple<OneTo<Int64>>>, CartesianIndices<1, Tuple<OneTo<Int64>>>>>, CuDeviceArray<Int32, 1, 1>, Int64, SubArray<Int32, 1, CuDeviceArray<Int32, 1, 1>, Tuple<StepRange<Int64, Int64>>, true>, Int64, Int64)                                         │
│  364 │ 17.42 ms │   4.05 µs │    1024 │      7 │   32 │  8.000 KiB dynamic │           - │             - │ partial_scan(_, CuDeviceArray<Int32, 1, 1>, CuDeviceArray<Int32, 1, 1>, CartesianIndices<1, Tuple<OneTo<Int64>>>, CartesianIndices<0, Tuple<>>, CartesianIndices<0, Tuple<>>, CartesianIndices<2, Tuple<OneTo<Int64>, OneTo<Int64>>>, Int32, void, Val<true>)                                                                                                                                                                 │
│  370 │ 17.43 ms │ 715.26 ns │       - │      - │    - │                  - │    28 bytes │  37.333 MiB/s │ [set device memory]                                                                                                                                                                                                                                                                                                                                                                                                           │
│  382 │ 17.43 ms │ 953.67 ns │       6 │      1 │   16 │                  - │           - │             - │ gpu_linear_copy_kernel_(CompilerMetadata<DynamicSize, DynamicCheck, void, CartesianIndices<1, Tuple<OneTo<Int64>>>, NDRange<1, DynamicSize, DynamicSize, CartesianIndices<1, Tuple<OneTo<Int64>>>, CartesianIndices<1, Tuple<OneTo<Int64>>>>>, CuDeviceArray<Int32, 1, 1>, Int64, SubArray<Int32, 1, CuDeviceArray<Int32, 1, 1>, Tuple<StepRange<Int64, Int64>>, true>, Int64, Int64)                                         │
│  394 │ 17.43 ms │   1.67 µs │       8 │      1 │   32 │   64 bytes dynamic │           - │             - │ scan                                                                                                                                                                                                                                                                                                                                                                                                                          │
│  400 │ 17.43 ms │   1.19 µs │    1024 │      7 │   32 │                  - │           - │             - │ aggregate_partial_scan(_, CuDeviceArray<Int32, 1, 1>, CuDeviceArray<Int32, 1, 1>, CartesianIndices<1, Tuple<OneTo<Int64>>>, CartesianIndices<0, Tuple<>>, CartesianIndices<0, Tuple<>>, CartesianIndices<2, Tuple<OneTo<Int64>, OneTo<Int64>>>, void)                                                                                                                                                                         │
│  408 │ 17.44 ms │  26.94 µs │    1024 │   6960 │   32 │                  - │           - │             - │ aggregate_partial_scan(_, CuDeviceArray<Int32, 1, 1>, CuDeviceArray<Int32, 1, 1>, CartesianIndices<1, Tuple<OneTo<Int64>>>, CartesianIndices<0, Tuple<>>, CartesianIndices<0, Tuple<>>, CartesianIndices<2, Tuple<OneTo<Int64>, OneTo<Int64>>>, void)                                                                                                                                                                         │
│  416 │ 17.47 ms │ 953.67 ns │     256 │      7 │   16 │                  - │           - │             - │ _cuda_hier_window_cum_kernel_(CuDeviceArray<Int32, 1, 1>, CuDeviceArray<Int32, 1, 1>, Int64, Int64)                                                                                                                                                                                                                                                                                                                           │
│  936 │ 17.56 ms │   2.62 µs │       - │      - │    - │                  - │   6.797 KiB │   2.472 GiB/s │ [copy device to pinned memory]                                                                                                                                                                                                                                                                                                                                                                                                │
│  986 │ 17.58 ms │  60.08 µs │     256 │  27840 │   32 │                  - │           - │             - │ _cuda_hier_route_compact_kernel_(CuDeviceArray<Int64, 1, 1>, CuDeviceArray<Int64, 2, 1>, CuDeviceArray<Int64, 1, 1>, CuDeviceArray<Int64, 1, 1>, CuDeviceArray<Int32, 1, 1>, CuDeviceArray<Int32, 1, 1>, CuDeviceArray<Int32, 1, 1>, CuDeviceArray<Int32, 1, 1>, CuDeviceArray<Int64, 2, 1>, CuDeviceArray<Int32, 2, 1>, Int64, Int64, Int64, Int64, Int64, Int64, Int64)                                                     │
│ 1006 │ 17.64 ms │   1.82 ms │      32 │  16384 │   38 │  128 bytes dynamic │           - │             - │ _cuda_hier_dense_fused_kernel_(CuDeviceArray<Float64, 2, 1>, CuDeviceArray<Float64, 2, 1>, CuDeviceArray<Float64, 3, 1>, CuDeviceArray<Int32, 1, 1>, CuDeviceArray<Int64, 1, 1>, CuDeviceArray<Int64, 1, 1>, CuDeviceArray<Float64, 2, 1>, CuDeviceArray<Float64, 2, 1>, CuDeviceArray<Int64, 1, 1>, CuDeviceArray<Int64, 1, 1>, Int64, CuDeviceArray<Float64, 2, 1>, CuDeviceArray<Float64, 2, 1>, Int64, Int64, Val<false>) │
│ 1018 │ 19.46 ms │ 357.39 µs │     256 │ 222720 │   32 │                  - │           - │             - │ _cuda_hier_route_flags_kernel_(CuDeviceArray<Int32, 1, 1>, CuDeviceArray<Int32, 1, 1>, CuDeviceArray<Int64, 2, 1>, CuDeviceArray<Int32, 2, 1>, CuDeviceArray<Int32, 2, 1>, Int64, Int64, Int64, Int64, Int64, Int64)                                                                                                                                                                                                          │
│ 1030 │ 19.82 ms │   1.02 ms │    1024 │  55680 │   32 │  8.000 KiB dynamic │           - │             - │ partial_scan(_, CuDeviceArray<Int32, 1, 1>, CuDeviceArray<Int32, 1, 1>, CartesianIndices<1, Tuple<OneTo<Int64>>>, CartesianIndices<0, Tuple<>>, CartesianIndices<0, Tuple<>>, CartesianIndices<2, Tuple<OneTo<Int64>, OneTo<Int64>>>, Int32, void, Val<true>)                                                                                                                                                                 │
│ 1036 │ 20.83 ms │ 715.26 ns │       - │      - │    - │                  - │ 217.500 KiB │ 290.000 GiB/s │ [set device memory]                                                                                                                                                                                                                                                                                                                                                                                                           │
│ 1048 │ 20.84 ms │   4.05 µs │    1024 │     55 │   16 │                  - │           - │             - │ gpu_linear_copy_kernel_(CompilerMetadata<DynamicSize, DynamicCheck, void, CartesianIndices<1, Tuple<OneTo<Int64>>>, NDRange<1, DynamicSize, DynamicSize, CartesianIndices<1, Tuple<OneTo<Int64>>>, CartesianIndices<1, Tuple<OneTo<Int64>>>>>, CuDeviceArray<Int32, 1, 1>, Int64, SubArray<Int32, 1, CuDeviceArray<Int32, 1, 1>, Tuple<StepRange<Int64, Int64>>, true>, Int64, Int64)                                         │
│ 1060 │ 20.84 ms │   4.05 µs │    1024 │     55 │   32 │  8.000 KiB dynamic │           - │             - │ partial_scan(_, CuDeviceArray<Int32, 1, 1>, CuDeviceArray<Int32, 1, 1>, CartesianIndices<1, Tuple<OneTo<Int64>>>, CartesianIndices<0, Tuple<>>, CartesianIndices<0, Tuple<>>, CartesianIndices<2, Tuple<OneTo<Int64>, OneTo<Int64>>>, Int32, void, Val<true>)                                                                                                                                                                 │
│ 1066 │ 20.85 ms │ 715.26 ns │       - │      - │    - │                  - │   220 bytes │ 293.333 MiB/s │ [set device memory]                                                                                                                                                                                                                                                                                                                                                                                                           │
│ 1078 │ 20.85 ms │ 953.67 ns │      54 │      1 │   16 │                  - │           - │             - │ gpu_linear_copy_kernel_(CompilerMetadata<DynamicSize, DynamicCheck, void, CartesianIndices<1, Tuple<OneTo<Int64>>>, NDRange<1, DynamicSize, DynamicSize, CartesianIndices<1, Tuple<OneTo<Int64>>>, CartesianIndices<1, Tuple<OneTo<Int64>>>>>, CuDeviceArray<Int32, 1, 1>, Int64, SubArray<Int32, 1, CuDeviceArray<Int32, 1, 1>, Tuple<StepRange<Int64, Int64>>, true>, Int64, Int64)                                         │
│ 1090 │ 20.85 ms │   1.91 µs │      64 │      1 │   32 │  512 bytes dynamic │           - │             - │ scan                                                                                                                                                                                                                                                                                                                                                                                                                          │
│ 1096 │ 20.86 ms │   1.43 µs │    1024 │     55 │   32 │                  - │           - │             - │ aggregate_partial_scan(_, CuDeviceArray<Int32, 1, 1>, CuDeviceArray<Int32, 1, 1>, CartesianIndices<1, Tuple<OneTo<Int64>>>, CartesianIndices<0, Tuple<>>, CartesianIndices<0, Tuple<>>, CartesianIndices<2, Tuple<OneTo<Int64>, OneTo<Int64>>>, void)                                                                                                                                                                         │
│ 1104 │ 20.86 ms │ 242.95 µs │    1024 │  55680 │   32 │                  - │           - │             - │ aggregate_partial_scan(_, CuDeviceArray<Int32, 1, 1>, CuDeviceArray<Int32, 1, 1>, CartesianIndices<1, Tuple<OneTo<Int64>>>, CartesianIndices<0, Tuple<>>, CartesianIndices<0, Tuple<>>, CartesianIndices<2, Tuple<OneTo<Int64>, OneTo<Int64>>>, void)                                                                                                                                                                         │
│ 1112 │ 21.11 ms │   1.67 µs │     256 │      7 │   16 │                  - │           - │             - │ _cuda_hier_window_cum_kernel_(CuDeviceArray<Int32, 1, 1>, CuDeviceArray<Int32, 1, 1>, Int64, Int64)                                                                                                                                                                                                                                                                                                                           │
│ 1632 │ 21.14 ms │   2.62 µs │       - │      - │    - │                  - │   6.797 KiB │   2.472 GiB/s │ [copy device to pinned memory]                                                                                                                                                                                                                                                                                                                                                                                                │
│ 1680 │ 21.16 ms │ 592.23 µs │     256 │ 222720 │   32 │                  - │           - │             - │ _cuda_hier_route_compact_kernel_(CuDeviceArray<Int64, 1, 1>, CuDeviceArray<Int64, 2, 1>, CuDeviceArray<Int64, 1, 1>, CuDeviceArray<Int64, 1, 1>, CuDeviceArray<Int32, 1, 1>, CuDeviceArray<Int32, 1, 1>, CuDeviceArray<Int32, 1, 1>, CuDeviceArray<Int32, 1, 1>, CuDeviceArray<Int64, 2, 1>, CuDeviceArray<Int32, 2, 1>, Int64, Int64, Int64, Int64, Int64, Int64, Int64)                                                     │
│ 1700 │ 21.75 ms │  21.05 ms │      32 │  16384 │   38 │  128 bytes dynamic │           - │             - │ _cuda_hier_dense_fused_kernel_(CuDeviceArray<Float64, 2, 1>, CuDeviceArray<Float64, 2, 1>, CuDeviceArray<Float64, 3, 1>, CuDeviceArray<Int32, 1, 1>, CuDeviceArray<Int64, 1, 1>, CuDeviceArray<Int64, 1, 1>, CuDeviceArray<Float64, 2, 1>, CuDeviceArray<Float64, 2, 1>, CuDeviceArray<Int64, 1, 1>, CuDeviceArray<Int64, 1, 1>, Int64, CuDeviceArray<Float64, 2, 1>, CuDeviceArray<Float64, 2, 1>, Int64, Int64, Val<false>) │
└──────┴──────────┴───────────┴─────────┴────────┴──────┴────────────────────┴─────────────┴───────────────┴───────────────────────────────────────────────────────────────────────────────────────────────────────────────────────────────────────────────────────────────────────────────────────────────────────────────────────────────────────────────────────────────────────────────────────────────────────────────────────────────────────────────────────────────────────────────────────────────────────────────────────────────┘


--- fused L2B+nearfield stage alone
Profiler ran for 54.67 ms, capturing 38 events.

Host-side activity: calling CUDA APIs took 39.58 µs (0.07% of the trace)
┌────┬──────────┬──────────┬──────────────────┐
│ ID │    Start │     Time │ Name             │
├────┼──────────┼──────────┼──────────────────┤
│  8 │ 16.36 ms │ 21.93 µs │ cuLaunchKernelEx │
│ 20 │  16.4 ms │   6.2 µs │ cuLaunchKernelEx │
│ 34 │ 16.41 ms │  6.44 µs │ cuLaunchKernelEx │
└────┴──────────┴──────────┴──────────────────┘

Device-side activity: GPU was busy for 38.27 ms (70.00% of the trace)
┌────┬──────────┬───────────┬─────────┬────────┬──────┬────────────────────────────────────────────────────────────────────────────────────────────────────────────────────────────────────────────────────────────────────────────────────────────────────────────────────────────────────────────────────────────────────────────────┐
│ ID │    Start │      Time │ Threads │ Blocks │ Regs │ Name                                                                                                                                                                                                                                                                           │
├────┼──────────┼───────────┼─────────┼────────┼──────┼────────────────────────────────────────────────────────────────────────────────────────────────────────────────────────────────────────────────────────────────────────────────────────────────────────────────────────────────────────────────────────────────────────────────┤
│  8 │ 16.38 ms │  10.49 µs │    1024 │   3907 │   18 │ gpu_fill_kernel_(CompilerMetadata<DynamicSize, DynamicCheck, void, CartesianIndices<1, Tuple<OneTo<Int64>>>, NDRange<1, DynamicSize, DynamicSize, CartesianIndices<1, Tuple<OneTo<Int64>>>, CartesianIndices<1, Tuple<OneTo<Int64>>>>>, CuDeviceArray<Float64, 2, 1>, Float64) │
│ 20 │  16.4 ms │  37.56 ms │     128 │  16384 │   52 │ _cuda_direct_pairs_output_kernel_(CuDeviceArray<Float64, 2, 1>, CuDeviceArray<Float64, 2, 1>, CuDeviceArray<Int64, 2, 1>, CuDeviceArray<Int64, 1, 1>, CuDeviceArray<Int64, 1, 1>, Int64)                                                                                       │
│ 34 │ 53.97 ms │ 697.14 µs │     128 │   8192 │  148 │ _cuda_l2b_output_kernel_(CuDeviceArray<Float64, 2, 1>, CuDeviceArray<Float64, 2, 1>, CuDeviceArray<Float64, 2, 1>, CuDeviceArray<Int64, 2, 1>, CuDeviceArray<Int64, 1, 1>, CuDeviceArray<Float64, 2, 1>, CuDeviceArray<Float64, 2, 1>, Int64, Int64, Val<false>, Int64)        │
└────┴──────────┴───────────┴─────────┴────────┴──────┴────────────────────────────────────────────────────────────────────────────────────────────────────────────────────────────────────────────────────────────────────────────────────────────────────────────────────────────────────────────────────────────────────────────────┘


==============================================================================
D. LEAF M2L ATOMIC vs BANDWIDTH A/B  (ell=5, K=1740, hier12/dense)
==============================================================================
prec         routes    atomic_ms     store_ms   nostore_ms
Float64    31307680       21.073       25.150       24.349
Float32    31307680       17.212       19.366       19.001

done.
DERISK_EXIT=0
