=== node: m13h-2-2
GPU 0: NVIDIA H200 (UUID: GPU-ab565dbd-eec6-7399-4e0d-9a0d1a6cf0d1)
CUDA_HOME=/apps/cudatoolkit/12.8.1
=== source manifest
SOURCE_MANIFEST=0e57eca91e2c725b
=== CUDA.jl precompile/versioninfo
CUDA toolchain: 
- runtime 12.8.0, local installation
- driver 580.159.4 for 13.0
- compiler 12.9.41, artifact installation

CUDA libraries: 
- cuBLAS: 12.8.4
- cuSPARSE: 12.5.8
- cuSOLVER: 11.7.3
- cuFFT: 11.3.3
- cuRAND: 10.3.9
- CUPTI: 2025.1.1 (API 12.8.0)
- NVML: 13.0.0+580.159.4

Julia packages: 
- CUDACore: 6.2.1
- GPUArrays: 11.5.8
- GPUCompiler: 1.23.0
- KernelAbstractions: 0.9.42
- CUDA_Driver_jll: 13.3.0+1
- CUDA_Compiler_jll: 0.4.4+1
- CUDA_Runtime_jll: 0.23.0+1
- CUDA_Runtime_Discovery: 2.1.0
- NVPTX_LLVM_Backend_jll: 22.1.7+1

Toolchain:
- Julia: 1.11.7
- LLVM: 16.0.6

Preferences:
- CUDA_Runtime_jll.local: true

1 device:
  0: NVIDIA H200 (sm_90, 139.797 GiB / 140.401 GiB available)
     compiles to sm_90a / PTX 8.8
=== test/cuda_radix_lifecycle_test.jl
Precompiling CUDA...
   2945.3 ms  ✓ CUDA_Driver_jll
   3031.3 ms  ✓ CUDA_Runtime_jll
   2252.0 ms  ✓ CUDA_Compiler_jll
   8214.6 ms  ✓ LLVM
   2473.4 ms  ✓ LLVM → BFloat16sExt
   3095.3 ms  ✓ GPUToolbox
   2859.0 ms  ✓ UnsafeAtomics → UnsafeAtomicsLLVM
   7844.4 ms  ✓ GPUArrays
  20867.6 ms  ✓ PrettyTables
  19498.2 ms  ✓ GPUCompiler
  21140.1 ms  ✓ CUDACore
   9867.2 ms  ✓ cuRAND
  10664.5 ms  ✓ cuFFT
  11476.2 ms  ✓ NVML
  11592.7 ms  ✓ CUPTI
  14081.8 ms  ✓ cuSPARSE
  16415.6 ms  ✓ cuBLAS
  15608.1 ms  ✓ CUDATools
  13710.5 ms  ✓ cuSOLVER
   9297.6 ms  ✓ CUDA
   9150.5 ms  ✓ Atomix → AtomixCUDAExt
  21 dependencies successfully precompiled in 105 seconds. 79 already precompiled.
Test Summary:                        | Pass  Total     Time
CUDA radix lifecycle gate (task 022) |  215    215  3m20.3s
Test Summary:                                                  | Pass  Total  Time
ConcatenatedFixedZM2L host parity (task 022 throughput repair) |   37     37  8.0s
LIFECYCLE_TEST_EXIT=0
=== test/cuda_radix_convection_test.jl (028)
Test Summary:                          | Pass  Total   Time
device convection lifecycle (task 028) |   24     24  54.7s
CONVECTION_TEST_EXIT=0
=== FM028_MODE=derisk
=== derisk

==============================================================================
A. EXACT L2B / nearfield split  (n=1000000, P=3, K=1740, hier12/dense)
==============================================================================
prec     ell    fused_ms     l2b_ms    near_ms   near_%    cells   interactions
Float64  5        52.821      0.965     51.856    98.2%    32768      4.833e+09
Float32  5        38.429      0.696     37.733    98.2%    32768      4.833e+09
wrote /home/rander39/FastMultipole-023/MATRIX_OPERATOR_REFACTOR/scripts/../data/feasibility_1m_10ms/derisk_m13h-2-2_20260731-102419.csv

==============================================================================
B. HOST ALLOCATION PROFILE — update_cuda_radix_state! (ell=5)
==============================================================================

---- refresh: update_cuda_radix_state!
measured host allocation: 8.23 MB
sampled 6884 allocations, 8.19 MB total

top allocation sites by bytes:
  site                                                    count           MB
  translate_batched_cuda.jl:824 _canonical_cuda_source        3        8.000
  translate_batched_cuda.jl:3324 _cuda_sortperm_into!      3296        0.083
  translate_batched_cuda.jl:3622 _cuda_update_radix_gr     1488        0.039
  translate_batched_cuda.jl:4027 _cuda_hier_generate_d      385        0.010
  translate_batched_cuda.jl:3721 update_cuda_radix_sta       50        0.007
  translate_batched_cuda.jl:3594 _cuda_update_radix_gr      269        0.007
  translate_batched_cuda.jl:3638 _cuda_update_radix_gr      180        0.004
  translate_batched_cuda.jl:3728 update_cuda_radix_sta        4        0.003
  translate_batched_cuda.jl:3210 _cuda_refresh_residen      170        0.002
  translate_batched_cuda.jl:3197 _cuda_refresh_residen      170        0.002
  translate_batched_cuda.jl:3762 update_cuda_radix_sta        2        0.002
  fm028_device_system.jl:64 source_to_buffer!                71        0.002
  translate_batched_cuda.jl:3618 _cuda_update_radix_gr       84        0.002
  translate_batched_cuda.jl:3707 update_cuda_radix_sta        4        0.002
  fm028_device_system.jl:65 source_to_buffer!                71        0.002
  fm028_device_system.jl:66 source_to_buffer!                71        0.002
  translate_batched_cuda.jl:3621 _cuda_update_radix_gr       84        0.002
  translate_batched_cuda.jl:3768 update_cuda_radix_sta        1        0.001
  translate_batched_cuda.jl:3691 update_cuda_radix_sta        1        0.001
  translate_batched_cuda.jl:3692 update_cuda_radix_sta        1        0.001

top allocation types by bytes:
  Profile.Allocs.BufferType                                   1        8.000
  CUDACore.CUstreamCaptureStatus_enum                      1539        0.018
  @NamedTuple{multipoles::FlatCoefficientBuffer{Float6       11        0.016
  Base.RefValue{CUDACore.CUlaunchConfig_st}                 178        0.011
  Memory{Ptr{Nothing}}                                      178        0.011
  Tuple{CuArray{UInt64, 1, CUDACore.DeviceMemory}, CuA      432        0.008
  CuDeviceVector{Int64, 1}                                  136        0.006
  Vector{CUDACore.CUlaunchAttribute_st}                     178        0.006
  Vector{Ptr{Nothing}}                                      178        0.006
  Tuple{Tuple{CuArray{UInt64, 1, CUDACore.DeviceMemory      172        0.006
  CUDACore.HostKernel{typeof(CUDACore.BitonicSortImpl.      133        0.005
  @NamedTuple{blocks::Tuple{Int64, Int64, Int64}, thre      132        0.005

---- lifecycle: run_cuda_radix_lifecycle!
measured host allocation: 49.42 MB
sampled 1363821 allocations, 34.56 MB total

top allocation sites by bytes:
  site                                                    count           MB
  translate_batched_cuda.jl:1206 _assert_cuda_scratch_  1346598       33.812
  translate_batched_cuda.jl:1254 _assert_cuda_scratch_     2148        0.264
  translate_batched_cuda.jl:1172 _assert_cuda_resident      108        0.147
  translate_batched.jl:2495 _stacked_y_dense!              2976        0.076
  translate_batched.jl:2494 _stacked_y_dense!              2976        0.076
  translate_batched_cuda.jl:4069 _cuda_hier_generate_w     1218        0.032
  translate_batched_cuda.jl:1210 _assert_cuda_scratch_      984        0.027
  translate_batched.jl:2974 _resident_stage_group_appl      958        0.021
  translate_batched.jl:2973 _resident_stage_group_appl      958        0.021
  translate_batched.jl:2489 _stacked_y_dense!              1164        0.019
  translate_batched.jl:2496 _stacked_y_dense!              1164        0.019
  translate_batched.jl:2978 _resident_stage_group_appl      582        0.010
  translate_batched.jl:2590 _matrix_col_view                180        0.007
  translate_batched_cuda.jl:1438 _gather_rotate_z!          440        0.006
  translate_batched_cuda.jl:1466 _rotate_z_scatter_acc      440        0.006
  translate_batched_cuda.jl:4080 _cuda_hier_generate_w      216        0.003
  translate_batched_cuda.jl:4297 _cuda_hier_dense_appl      196        0.003
  translate_batched_cuda.jl:4063 _cuda_hier_generate_w      116        0.002
  translate_batched_cuda.jl:4071 _cuda_hier_generate_w       56        0.001
  translate_batched.jl:2683 _zero_resident_nonleaf_mul       50        0.001

top allocation types by bytes:
  IOBuffer                                               225186       14.412
  Memory{UInt8}                                          450372       10.809
  String                                                 451464        6.873
  Int64                                                  222099        1.777
  FastMultipole.ResidentOperatorWorkspace{Float64, Com      192        0.157
  DeviceResidentRadixState{Float64, CompressedComplexB      108        0.147
  FastMultipole.ResidentOperatorGroup{CuArray{Int64, 1      780        0.075
  CUDACore.CUstreamCaptureStatus_enum                      5532        0.066
  Base.Broadcast.Broadcasted{CUDACore.CuArrayStyle{2,        60        0.014
  Base.Broadcast.Broadcasted{CUDACore.CuArrayStyle{2,        60        0.014
  Tuple{KernelAbstractions.CompilerMetadata{KernelAbst       20        0.010
  Tuple{KernelAbstractions.CompilerMetadata{KernelAbst       20        0.010

---- M2L stage alone: _launch_cuda_resident_m2l!
measured host allocation: 0.05 MB
sampled 1883 allocations, 0.04 MB total

top allocation sites by bytes:
  site                                                    count           MB
  translate_batched_cuda.jl:4069 _cuda_hier_generate_w     1214        0.032
  translate_batched_cuda.jl:4080 _cuda_hier_generate_w      216        0.003
  translate_batched_cuda.jl:4297 _cuda_hier_dense_appl      196        0.003
  translate_batched_cuda.jl:4063 _cuda_hier_generate_w      116        0.002
  translate_batched_cuda.jl:4071 _cuda_hier_generate_w       56        0.001
  translate_batched_cuda.jl:4356 _launch_cuda_hierarch       49        0.001
  translate_batched_cuda.jl:4067 _cuda_hier_generate_w        8        0.000
  translate_batched_cuda.jl:4068 _cuda_hier_generate_w        8        0.000
  translate_batched_cuda.jl:4074 _cuda_hier_generate_w       20        0.000

top allocation types by bytes:
  CUDACore.CUstreamCaptureStatus_enum                       576        0.007
  CuDeviceVector{Int32, 1}                                   96        0.004
  Memory{Ptr{Nothing}}                                       39        0.003
  Base.RefValue{CUDACore.CUlaunchConfig_st}                  39        0.002
  CUDACore.HostKernel{typeof(CUDACore.partial_scan), T       30        0.001
  SubArray{Int32, 1, CuArray{Int32, 1, CUDACore.Device       24        0.001
  Vector{Ptr{Nothing}}                                       39        0.001
  Vector{CUDACore.CUlaunchAttribute_st}                      39        0.001
  CartesianIndices{2, Tuple{Base.OneTo{Int64}, Base.On       42        0.001
  Tuple{KernelAbstractions.CompilerMetadata{KernelAbst        6        0.001
  Tuple{typeof(+), CuDeviceVector{Int32, 1}, CuDeviceV       10        0.001
  Base.Pairs{Symbol, Any, Tuple{Symbol, Symbol, Symbol       10        0.001

---- finalize: finalize_cuda_radix_output!
measured host allocation: 0.01 MB
sampled 283 allocations, 0.01 MB total

top allocation sites by bytes:
  site                                                    count           MB
  fm028_device_system.jl:77 buffer_to_target!                68        0.002
  translate_batched_cuda.jl:2980 #finalize_cuda_radix_       69        0.002
  fm028_device_system.jl:75 buffer_to_target!                68        0.002
  translate_batched_cuda.jl:1083 _copy_radix_output_to       49        0.001
  translate_batched_cuda.jl:1092 _copy_radix_output_to       29        0.000

top allocation types by bytes:
  CUDACore.CUstreamCaptureStatus_enum                        63        0.001
  Base.RefValue{CUDACore.CUlaunchConfig_st}                   5        0.000
  Memory{Ptr{Nothing}}                                        5        0.000
  Base.Broadcast.Broadcasted{CUDACore.CuArrayStyle{2,         3        0.000
  Int64                                                      32        0.000
  KernelAbstractions.CompilerMetadata{KernelAbstractio        9        0.000
  DataType                                                    4        0.000
  Tuple{KernelAbstractions.CompilerMetadata{KernelAbst        1        0.000
  Base.Broadcast.Broadcasted{CUDACore.CuArrayStyle{1,         3        0.000
  @NamedTuple{always_inline::Bool, maxthreads::Nothing       12        0.000
  Vector{Ptr{Nothing}}                                        5        0.000
  CUDACore.HostKernel{GPUArrays.var"#gpu_fill_kernel!#        4        0.000

---- full verdict step
measured host allocation: 57.66 MB
sampled 1371080 allocations, 42.75 MB total

top allocation sites by bytes:
  site                                                    count           MB
  translate_batched_cuda.jl:1206 _assert_cuda_scratch_  1346598       33.812
  translate_batched_cuda.jl:824 _canonical_cuda_source        3        8.000
  translate_batched_cuda.jl:1254 _assert_cuda_scratch_     2148        0.264
  translate_batched_cuda.jl:1172 _assert_cuda_resident      108        0.147
  translate_batched_cuda.jl:3324 _cuda_sortperm_into!      3296        0.083
  translate_batched.jl:2495 _stacked_y_dense!              2976        0.076
  translate_batched.jl:2494 _stacked_y_dense!              2976        0.076
  translate_batched_cuda.jl:3622 _cuda_update_radix_gr     1488        0.039
  translate_batched_cuda.jl:4069 _cuda_hier_generate_w     1214        0.032
  translate_batched_cuda.jl:1210 _assert_cuda_scratch_      984        0.027
  translate_batched.jl:2973 _resident_stage_group_appl      958        0.021
  translate_batched.jl:2974 _resident_stage_group_appl      958        0.021
  translate_batched.jl:2489 _stacked_y_dense!              1168        0.020
  translate_batched.jl:2496 _stacked_y_dense!              1168        0.020
  translate_batched_cuda.jl:4027 _cuda_hier_generate_d      385        0.010
  translate_batched.jl:2978 _resident_stage_group_appl      582        0.010
  translate_batched.jl:2590 _matrix_col_view                180        0.007
  translate_batched_cuda.jl:3721 update_cuda_radix_sta       50        0.007
  translate_batched_cuda.jl:3594 _cuda_update_radix_gr      269        0.007
  translate_batched_cuda.jl:1438 _gather_rotate_z!          440        0.006

top allocation types by bytes:
  IOBuffer                                               225186       14.412
  Memory{UInt8}                                          450372       10.809
  Profile.Allocs.BufferType                                   1        8.000
  String                                                 451464        6.873
  Int64                                                  222282        1.778
  FastMultipole.ResidentOperatorWorkspace{Float64, Com      195        0.159
  DeviceResidentRadixState{Float64, CompressedComplexB      108        0.147
  CUDACore.CUstreamCaptureStatus_enum                      7164        0.086
  FastMultipole.ResidentOperatorGroup{CuArray{Int64, 1      780        0.075
  Base.RefValue{CUDACore.CUlaunchConfig_st}                 309        0.020
  Memory{Ptr{Nothing}}                                      309        0.020
  @NamedTuple{multipoles::FlatCoefficientBuffer{Float6       11        0.016

==============================================================================
C. PER-KERNEL TRACE — one full lifecycle (ell=5, F64)
   look for: leaf-M2L kernel launch count, duration, occupancy, regs
==============================================================================

--- full lifecycle
Profiler ran for 118.22 ms, capturing 6440 events.

Host-side activity: calling CUDA APIs took 3.62 ms (3.06% of the trace)
┌──────┬──────────┬───────────┬────────┬─────────────────────────┬────────────────────────────┐
│   ID │    Start │      Time │ Thread │ Name                    │                    Details │
├──────┼──────────┼───────────┼────────┼─────────────────────────┼────────────────────────────┤
│    8 │ 18.19 ms │   36.0 µs │      1 │ cuLaunchKernelEx        │                          - │
│   20 │ 18.24 ms │   7.39 µs │      1 │ cuLaunchKernelEx        │                          - │
│   28 │ 30.94 ms │  10.73 µs │      1 │ cuLaunchKernelEx        │                          - │
│   56 │ 30.99 ms │   7.15 µs │      1 │ cuLaunchKernelEx        │                          - │
│   84 │ 31.02 ms │   5.48 µs │      1 │ cuLaunchKernelEx        │                          - │
│  102 │ 31.04 ms │   6.68 µs │      1 │ cuLaunchKernelEx        │                          - │
│  108 │ 31.07 ms │  10.01 µs │      1 │ cuMemAllocFromPoolAsync │     8 bytes, device memory │
│  112 │ 31.09 ms │  10.97 µs │      1 │ cuMemcpyHtoDAsync       │                          - │
│  114 │  31.1 ms │   3.34 µs │      1 │ cuMemAllocFromPoolAsync │     8 bytes, device memory │
│  118 │ 31.11 ms │   3.34 µs │      1 │ cuMemcpyHtoDAsync       │                          - │
│  130 │ 31.15 ms │   1.67 µs │      1 │ cudaGetDevice           │                          - │
│  131 │ 31.18 ms │    6.2 µs │      1 │ cudaFuncGetAttributes   │                          - │
│  132 │ 31.18 ms │   9.54 µs │      1 │ cudaLaunchKernelExC     │                          - │
│  133 │ 31.19 ms │ 476.84 ns │      1 │ cudaGetLastError        │                          - │
│  181 │ 31.23 ms │   6.44 µs │      1 │ cuLaunchKernelEx        │                          - │
│  229 │ 31.26 ms │   5.25 µs │      1 │ cuLaunchKernelEx        │                          - │
│  235 │ 31.27 ms │   1.91 µs │      1 │ cuMemAllocFromPoolAsync │     8 bytes, device memory │
│  239 │ 31.28 ms │   2.86 µs │      1 │ cuMemcpyHtoDAsync       │                          - │
│  241 │ 31.28 ms │   2.38 µs │      1 │ cuMemAllocFromPoolAsync │     8 bytes, device memory │
│  245 │ 31.29 ms │   2.62 µs │      1 │ cuMemcpyHtoDAsync       │                          - │
│  257 │  31.3 ms │ 238.42 ns │      1 │ cudaGetDevice           │                          - │
│  258 │  31.3 ms │   2.38 µs │      1 │ cudaFuncGetAttributes   │                          - │
│  259 │ 31.31 ms │   4.05 µs │      1 │ cudaLaunchKernelExC     │                          - │
│  260 │ 31.31 ms │ 238.42 ns │      1 │ cudaGetLastError        │                          - │
│  266 │ 31.32 ms │   2.86 µs │      1 │ cuMemAllocFromPoolAsync │     8 bytes, device memory │
│  270 │ 31.32 ms │   2.86 µs │      1 │ cuMemcpyHtoDAsync       │                          - │
│  272 │ 31.33 ms │    3.1 µs │      1 │ cuMemAllocFromPoolAsync │     8 bytes, device memory │
│  276 │ 31.33 ms │   2.86 µs │      1 │ cuMemcpyHtoDAsync       │                          - │
│  288 │ 31.34 ms │    0.0 ns │      1 │ cudaGetDevice           │                          - │
│  289 │ 31.34 ms │   2.15 µs │      1 │ cudaFuncGetAttributes   │                          - │
│  290 │ 31.35 ms │   3.81 µs │      1 │ cudaLaunchKernelExC     │                          - │
│  291 │ 31.35 ms │ 238.42 ns │      1 │ cudaGetLastError        │                          - │
│  297 │ 31.36 ms │    3.1 µs │      1 │ cuMemAllocFromPoolAsync │     8 bytes, device memory │
│  301 │ 31.36 ms │   2.62 µs │      1 │ cuMemcpyHtoDAsync       │                          - │
│  303 │ 31.37 ms │   1.67 µs │      1 │ cuMemAllocFromPoolAsync │     8 bytes, device memory │
│  307 │ 31.37 ms │   2.62 µs │      1 │ cuMemcpyHtoDAsync       │                          - │
│  319 │ 31.38 ms │ 238.42 ns │      1 │ cudaGetDevice           │                          - │
│  320 │ 31.38 ms │   1.67 µs │      1 │ cudaFuncGetAttributes   │                          - │
│  321 │ 31.38 ms │    3.1 µs │      1 │ cudaLaunchKernelExC     │                          - │
│  322 │ 31.39 ms │ 476.84 ns │      1 │ cudaGetLastError        │                          - │
│  370 │ 31.41 ms │   3.34 µs │      1 │ cuLaunchKernelEx        │                          - │
│  418 │ 31.43 ms │   3.34 µs │      1 │ cuLaunchKernelEx        │                          - │
│  424 │ 31.44 ms │   3.81 µs │      1 │ cuMemAllocFromPoolAsync │     8 bytes, device memory │
│  428 │ 31.44 ms │   2.86 µs │      1 │ cuMemcpyHtoDAsync       │                          - │
│  430 │ 31.45 ms │   1.43 µs │      1 │ cuMemAllocFromPoolAsync │     8 bytes, device memory │
│  434 │ 31.45 ms │   2.38 µs │      1 │ cuMemcpyHtoDAsync       │                          - │
│  446 │ 31.46 ms │    0.0 ns │      1 │ cudaGetDevice           │                          - │
│  447 │ 31.46 ms │   1.67 µs │      1 │ cudaFuncGetAttributes   │                          - │
│  448 │ 31.46 ms │    3.1 µs │      1 │ cudaLaunchKernelExC     │                          - │
│  449 │ 31.47 ms │    0.0 ns │      1 │ cudaGetLastError        │                          - │
│  467 │ 31.48 ms │   5.72 µs │      1 │ cuLaunchKernelEx        │                          - │
│  495 │  31.5 ms │   3.58 µs │      1 │ cuLaunchKernelEx        │                          - │
│  523 │ 31.52 ms │    3.1 µs │      1 │ cuLaunchKernelEx        │                          - │
│  541 │ 31.53 ms │   2.62 µs │      1 │ cuLaunchKernelEx        │                          - │
│  547 │ 31.54 ms │   2.86 µs │      1 │ cuMemAllocFromPoolAsync │     8 bytes, device memory │
│  551 │ 31.54 ms │   2.86 µs │      1 │ cuMemcpyHtoDAsync       │                          - │
│  553 │ 31.55 ms │   2.62 µs │      1 │ cuMemAllocFromPoolAsync │     8 bytes, device memory │
│  557 │ 31.55 ms │   2.62 µs │      1 │ cuMemcpyHtoDAsync       │                          - │
│  569 │ 31.56 ms │ 238.42 ns │      1 │ cudaGetDevice           │                          - │
│  570 │ 31.57 ms │   2.62 µs │      1 │ cudaFuncGetAttributes   │                          - │
│  571 │ 31.57 ms │   4.77 µs │      1 │ cudaLaunchKernelExC     │                          - │
│  572 │ 31.57 ms │ 238.42 ns │      1 │ cudaGetLastError        │                          - │
│  620 │ 31.59 ms │    3.1 µs │      1 │ cuLaunchKernelEx        │                          - │
│  668 │ 31.61 ms │    3.1 µs │      1 │ cuLaunchKernelEx        │                          - │
│  674 │ 31.62 ms │   2.62 µs │      1 │ cuMemAllocFromPoolAsync │     8 bytes, device memory │
│  678 │ 31.63 ms │   2.62 µs │      1 │ cuMemcpyHtoDAsync       │                          - │
│  680 │ 31.63 ms │   2.86 µs │      1 │ cuMemAllocFromPoolAsync │     8 bytes, device memory │
│  684 │ 31.63 ms │   2.62 µs │      1 │ cuMemcpyHtoDAsync       │                          - │
│  696 │ 31.65 ms │    0.0 ns │      1 │ cudaGetDevice           │                          - │
│  697 │ 31.65 ms │   2.15 µs │      1 │ cudaFuncGetAttributes   │                          - │
│  698 │ 31.65 ms │   3.58 µs │      1 │ cudaLaunchKernelExC     │                          - │
│  699 │ 31.65 ms │ 238.42 ns │      1 │ cudaGetLastError        │                          - │
│  705 │ 31.66 ms │   2.62 µs │      1 │ cuMemAllocFromPoolAsync │     8 bytes, device memory │
│  709 │ 31.66 ms │   2.86 µs │      1 │ cuMemcpyHtoDAsync       │                          - │
│  711 │ 31.67 ms │   1.43 µs │      1 │ cuMemAllocFromPoolAsync │     8 bytes, device memory │
│  715 │ 31.67 ms │   2.62 µs │      1 │ cuMemcpyHtoDAsync       │                          - │
│  727 │ 31.68 ms │ 238.42 ns │      1 │ cudaGetDevice           │                          - │
│  728 │ 31.69 ms │   2.15 µs │      1 │ cudaFuncGetAttributes   │                          - │
│  729 │ 31.69 ms │    3.1 µs │      1 │ cudaLaunchKernelExC     │                          - │
│  730 │ 31.69 ms │    0.0 ns │      1 │ cudaGetLastError        │                          - │
│  736 │  31.7 ms │   2.15 µs │      1 │ cuMemAllocFromPoolAsync │     8 bytes, device memory │
│  740 │  31.7 ms │   2.38 µs │      1 │ cuMemcpyHtoDAsync       │                          - │
│  742 │ 31.71 ms │   2.62 µs │      1 │ cuMemAllocFromPoolAsync │     8 bytes, device memory │
│  746 │ 31.71 ms │   2.38 µs │      1 │ cuMemcpyHtoDAsync       │                          - │
│  758 │ 31.72 ms │ 238.42 ns │      1 │ cudaGetDevice           │                          - │
│  759 │ 31.72 ms │   1.67 µs │      1 │ cudaFuncGetAttributes   │                          - │
│  760 │ 31.72 ms │    3.1 µs │      1 │ cudaLaunchKernelExC     │                          - │
│  761 │ 31.73 ms │ 238.42 ns │      1 │ cudaGetLastError        │                          - │
│  809 │ 31.75 ms │    3.1 µs │      1 │ cuLaunchKernelEx        │                          - │
│  857 │ 31.77 ms │    3.1 µs │      1 │ cuLaunchKernelEx        │                          - │
│  863 │ 31.77 ms │   2.15 µs │      1 │ cuMemAllocFromPoolAsync │     8 bytes, device memory │
│  867 │ 31.78 ms │   2.62 µs │      1 │ cuMemcpyHtoDAsync       │                          - │
│  869 │ 31.78 ms │   1.43 µs │      1 │ cuMemAllocFromPoolAsync │     8 bytes, device memory │
│  873 │ 31.79 ms │   2.38 µs │      1 │ cuMemcpyHtoDAsync       │                          - │
│  885 │  31.8 ms │    0.0 ns │      1 │ cudaGetDevice           │                          - │
│  886 │  31.8 ms │   1.91 µs │      1 │ cudaFuncGetAttributes   │                          - │
│  887 │  31.8 ms │   4.53 µs │      1 │ cudaLaunchKernelExC     │                          - │
│  888 │ 31.81 ms │    0.0 ns │      1 │ cudaGetLastError        │                          - │
│  906 │ 31.81 ms │    3.1 µs │      1 │ cuLaunchKernelEx        │                          - │
│  934 │ 31.83 ms │   3.34 µs │      1 │ cuLaunchKernelEx        │                          - │
│  962 │ 31.84 ms │    3.1 µs │      1 │ cuLaunchKernelEx        │                          - │
│  980 │ 31.85 ms │   2.62 µs │      1 │ cuLaunchKernelEx        │                          - │
│  986 │ 31.86 ms │   2.62 µs │      1 │ cuMemAllocFromPoolAsync │     8 bytes, device memory │
│  990 │ 31.86 ms │   2.86 µs │      1 │ cuMemcpyHtoDAsync       │                          - │
│  992 │ 31.87 ms │   1.91 µs │      1 │ cuMemAllocFromPoolAsync │     8 bytes, device memory │
│  996 │ 31.87 ms │   2.15 µs │      1 │ cuMemcpyHtoDAsync       │                          - │
│ 1008 │ 31.88 ms │ 238.42 ns │      1 │ cudaGetDevice           │                          - │
│ 1009 │ 31.88 ms │   2.15 µs │      1 │ cudaFuncGetAttributes   │                          - │
│ 1010 │ 31.89 ms │   3.34 µs │      1 │ cudaLaunchKernelExC     │                          - │
│ 1011 │ 31.89 ms │    0.0 ns │      1 │ cudaGetLastError        │                          - │
│ 1059 │ 31.91 ms │    3.1 µs │      1 │ cuLaunchKernelEx        │                          - │
│ 1107 │ 31.93 ms │    3.1 µs │      1 │ cuLaunchKernelEx        │                          - │
│ 1113 │ 31.94 ms │   1.91 µs │      1 │ cuMemAllocFromPoolAsync │     8 bytes, device memory │
│ 1117 │ 31.94 ms │   2.86 µs │      1 │ cuMemcpyHtoDAsync       │                          - │
│ 1119 │ 31.94 ms │   1.43 µs │      1 │ cuMemAllocFromPoolAsync │     8 bytes, device memory │
│ 1123 │ 31.95 ms │   2.15 µs │      1 │ cuMemcpyHtoDAsync       │                          - │
│ 1135 │ 31.96 ms │    0.0 ns │      1 │ cudaGetDevice           │                          - │
│ 1136 │ 31.96 ms │   1.91 µs │      1 │ cudaFuncGetAttributes   │                          - │
│ 1137 │ 31.96 ms │    3.1 µs │      1 │ cudaLaunchKernelExC     │                          - │
│ 1138 │ 31.97 ms │    0.0 ns │      1 │ cudaGetLastError        │                          - │
│ 1144 │ 31.98 ms │   2.38 µs │      1 │ cuMemAllocFromPoolAsync │     8 bytes, device memory │
│ 1148 │ 31.98 ms │   2.62 µs │      1 │ cuMemcpyHtoDAsync       │                          - │
│ 1150 │ 31.98 ms │   2.15 µs │      1 │ cuMemAllocFromPoolAsync │     8 bytes, device memory │
│ 1154 │ 31.99 ms │   2.62 µs │      1 │ cuMemcpyHtoDAsync       │                          - │
│ 1166 │  32.0 ms │ 476.84 ns │      1 │ cudaGetDevice           │                          - │
│ 1167 │  32.0 ms │   2.15 µs │      1 │ cudaFuncGetAttributes   │                          - │
│ 1168 │  32.0 ms │   3.34 µs │      1 │ cudaLaunchKernelExC     │                          - │
│ 1169 │ 32.01 ms │ 238.42 ns │      1 │ cudaGetLastError        │                          - │
│ 1175 │ 32.01 ms │   1.67 µs │      1 │ cuMemAllocFromPoolAsync │     8 bytes, device memory │
│ 1179 │ 32.02 ms │   2.38 µs │      1 │ cuMemcpyHtoDAsync       │                          - │
│ 1181 │ 32.02 ms │   1.19 µs │      1 │ cuMemAllocFromPoolAsync │     8 bytes, device memory │
│ 1185 │ 32.02 ms │   2.38 µs │      1 │ cuMemcpyHtoDAsync       │                          - │
│ 1197 │ 32.03 ms │ 238.42 ns │      1 │ cudaGetDevice           │                          - │
│ 1198 │ 32.04 ms │   2.15 µs │      1 │ cudaFuncGetAttributes   │                          - │
│ 1199 │ 32.04 ms │    3.1 µs │      1 │ cudaLaunchKernelExC     │                          - │
│ 1200 │ 32.04 ms │    0.0 ns │      1 │ cudaGetLastError        │                          - │
│ 1248 │ 32.06 ms │    3.1 µs │      1 │ cuLaunchKernelEx        │                          - │
│ 1296 │ 32.08 ms │   2.62 µs │      1 │ cuLaunchKernelEx        │                          - │
│ 1302 │ 32.09 ms │   2.62 µs │      1 │ cuMemAllocFromPoolAsync │     8 bytes, device memory │
│ 1306 │ 32.09 ms │   2.62 µs │      1 │ cuMemcpyHtoDAsync       │                          - │
│ 1308 │  32.1 ms │   2.15 µs │      1 │ cuMemAllocFromPoolAsync │     8 bytes, device memory │
│ 1312 │  32.1 ms │   2.15 µs │      1 │ cuMemcpyHtoDAsync       │                          - │
│ 1324 │ 32.11 ms │    0.0 ns │      1 │ cudaGetDevice           │                          - │
│ 1325 │ 32.11 ms │   2.15 µs │      1 │ cudaFuncGetAttributes   │                          - │
│ 1326 │ 32.11 ms │    3.1 µs │      1 │ cudaLaunchKernelExC     │                          - │
│ 1327 │ 32.12 ms │ 238.42 ns │      1 │ cudaGetLastError        │                          - │
│ 1345 │ 32.12 ms │   2.86 µs │      1 │ cuLaunchKernelEx        │                          - │
│ 1373 │ 32.14 ms │    3.1 µs │      1 │ cuLaunchKernelEx        │                          - │
│ 1401 │ 32.15 ms │   2.86 µs │      1 │ cuLaunchKernelEx        │                          - │
│ 1419 │ 32.16 ms │    3.1 µs │      1 │ cuLaunchKernelEx        │                          - │
│ 1425 │ 32.17 ms │   2.15 µs │      1 │ cuMemAllocFromPoolAsync │     8 bytes, device memory │
│ 1429 │ 32.17 ms │   2.86 µs │      1 │ cuMemcpyHtoDAsync       │                          - │
│ 1431 │ 32.18 ms │   1.43 µs │      1 │ cuMemAllocFromPoolAsync │     8 bytes, device memory │
│ 1435 │ 32.18 ms │   2.62 µs │      1 │ cuMemcpyHtoDAsync       │                          - │
│ 1447 │ 32.19 ms │    0.0 ns │      1 │ cudaGetDevice           │                          - │
│ 1448 │ 32.19 ms │   1.67 µs │      1 │ cudaFuncGetAttributes   │                          - │
│ 1449 │  32.2 ms │   2.86 µs │      1 │ cudaLaunchKernelExC     │                          - │
│ 1450 │  32.2 ms │    0.0 ns │      1 │ cudaGetLastError        │                          - │
│ 1498 │ 32.22 ms │   2.86 µs │      1 │ cuLaunchKernelEx        │                          - │
│ 1546 │ 32.24 ms │   2.86 µs │      1 │ cuLaunchKernelEx        │                          - │
│ 1552 │ 32.25 ms │   1.91 µs │      1 │ cuMemAllocFromPoolAsync │     8 bytes, device memory │
│ 1556 │ 32.25 ms │   2.38 µs │      1 │ cuMemcpyHtoDAsync       │                          - │
│ 1558 │ 32.25 ms │   2.62 µs │      1 │ cuMemAllocFromPoolAsync │     8 bytes, device memory │
│ 1562 │ 32.26 ms │   2.38 µs │      1 │ cuMemcpyHtoDAsync       │                          - │
│ 1574 │ 32.27 ms │    0.0 ns │      1 │ cudaGetDevice           │                          - │
│ 1575 │ 32.27 ms │   1.67 µs │      1 │ cudaFuncGetAttributes   │                          - │
│ 1576 │ 32.27 ms │    3.1 µs │      1 │ cudaLaunchKernelExC     │                          - │
│ 1577 │ 32.28 ms │ 238.42 ns │      1 │ cudaGetLastError        │                          - │
│ 1583 │ 32.28 ms │   2.62 µs │      1 │ cuMemAllocFromPoolAsync │     8 bytes, device memory │
│ 1587 │ 32.29 ms │   2.62 µs │      1 │ cuMemcpyHtoDAsync       │                          - │
│ 1589 │ 32.29 ms │   1.67 µs │      1 │ cuMemAllocFromPoolAsync │     8 bytes, device memory │
│ 1593 │ 32.29 ms │   2.38 µs │      1 │ cuMemcpyHtoDAsync       │                          - │
│ 1605 │  32.3 ms │ 238.42 ns │      1 │ cudaGetDevice           │                          - │
│ 1606 │ 32.31 ms │   2.15 µs │      1 │ cudaFuncGetAttributes   │                          - │
│ 1607 │ 32.31 ms │   3.34 µs │      1 │ cudaLaunchKernelExC     │                          - │
│ 1608 │ 32.31 ms │    0.0 ns │      1 │ cudaGetLastError        │                          - │
│ 1614 │ 32.32 ms │   2.15 µs │      1 │ cuMemAllocFromPoolAsync │     8 bytes, device memory │
│ 1618 │ 32.32 ms │   2.38 µs │      1 │ cuMemcpyHtoDAsync       │                          - │
│ 1620 │ 32.33 ms │   2.15 µs │      1 │ cuMemAllocFromPoolAsync │     8 bytes, device memory │
│ 1624 │ 32.33 ms │   2.15 µs │      1 │ cuMemcpyHtoDAsync       │                          - │
│ 1636 │ 32.34 ms │    0.0 ns │      1 │ cudaGetDevice           │                          - │
│ 1637 │ 32.34 ms │   1.91 µs │      1 │ cudaFuncGetAttributes   │                          - │
│ 1638 │ 32.34 ms │   3.34 µs │      1 │ cudaLaunchKernelExC     │                          - │
│ 1639 │ 32.35 ms │ 238.42 ns │      1 │ cudaGetLastError        │                          - │
│ 1687 │ 32.36 ms │   3.34 µs │      1 │ cuLaunchKernelEx        │                          - │
│ 1735 │ 32.38 ms │    3.1 µs │      1 │ cuLaunchKernelEx        │                          - │
│ 1741 │ 32.39 ms │   2.15 µs │      1 │ cuMemAllocFromPoolAsync │     8 bytes, device memory │
│ 1745 │  32.4 ms │   2.38 µs │      1 │ cuMemcpyHtoDAsync       │                          - │
│ 1747 │  32.4 ms │   1.67 µs │      1 │ cuMemAllocFromPoolAsync │     8 bytes, device memory │
│ 1751 │  32.4 ms │   2.38 µs │      1 │ cuMemcpyHtoDAsync       │                          - │
│ 1763 │ 32.41 ms │    0.0 ns │      1 │ cudaGetDevice           │                          - │
│ 1764 │ 32.42 ms │   1.91 µs │      1 │ cudaFuncGetAttributes   │                          - │
│ 1765 │ 32.42 ms │   3.34 µs │      1 │ cudaLaunchKernelExC     │                          - │
│ 1766 │ 32.42 ms │ 238.42 ns │      1 │ cudaGetLastError        │                          - │
│ 1784 │ 32.43 ms │    3.1 µs │      1 │ cuLaunchKernelEx        │                          - │
│ 1812 │ 32.44 ms │   2.86 µs │      1 │ cuLaunchKernelEx        │                          - │
│ 1840 │ 32.46 ms │    3.1 µs │      1 │ cuLaunchKernelEx        │                          - │
│ 1858 │ 32.47 ms │   2.86 µs │      1 │ cuLaunchKernelEx        │                          - │
│ 1864 │ 32.47 ms │   2.38 µs │      1 │ cuMemAllocFromPoolAsync │     8 bytes, device memory │
│ 1868 │ 32.48 ms │   2.62 µs │      1 │ cuMemcpyHtoDAsync       │                          - │
│ 1870 │ 32.48 ms │   3.34 µs │      1 │ cuMemAllocFromPoolAsync │     8 bytes, device memory │
│ 1874 │ 32.49 ms │   2.38 µs │      1 │ cuMemcpyHtoDAsync       │                          - │
│ 1886 │  32.5 ms │ 476.84 ns │      1 │ cudaGetLastError        │                          - │
│ 1887 │  32.5 ms │   7.63 µs │      1 │ cudaLaunchKernel        │                          - │
│ 1888 │ 32.51 ms │ 238.42 ns │      1 │ cudaGetLastError        │                          - │
│ 1936 │ 32.53 ms │   3.34 µs │      1 │ cuLaunchKernelEx        │                          - │
│ 1984 │ 32.55 ms │    3.1 µs │      1 │ cuLaunchKernelEx        │                          - │
│ 1990 │ 32.56 ms │   1.67 µs │      1 │ cuMemAllocFromPoolAsync │     8 bytes, device memory │
│ 1994 │ 32.56 ms │   2.38 µs │      1 │ cuMemcpyHtoDAsync       │                          - │
│ 1996 │ 32.56 ms │   1.91 µs │      1 │ cuMemAllocFromPoolAsync │     8 bytes, device memory │
│ 2000 │ 32.57 ms │   2.62 µs │      1 │ cuMemcpyHtoDAsync       │                          - │
│ 2012 │ 32.58 ms │    0.0 ns │      1 │ cudaGetLastError        │                          - │
│ 2013 │ 32.58 ms │    3.1 µs │      1 │ cudaLaunchKernel        │                          - │
│ 2014 │ 32.58 ms │    0.0 ns │      1 │ cudaGetLastError        │                          - │
│ 2020 │ 32.59 ms │    3.1 µs │      1 │ cuMemAllocFromPoolAsync │     8 bytes, device memory │
│ 2024 │ 32.59 ms │   2.38 µs │      1 │ cuMemcpyHtoDAsync       │                          - │
│ 2026 │  32.6 ms │   1.67 µs │      1 │ cuMemAllocFromPoolAsync │     8 bytes, device memory │
│ 2030 │  32.6 ms │   2.38 µs │      1 │ cuMemcpyHtoDAsync       │                          - │
│ 2042 │ 32.61 ms │    0.0 ns │      1 │ cudaGetLastError        │                          - │
│ 2043 │ 32.61 ms │    3.1 µs │      1 │ cudaLaunchKernel        │                          - │
│ 2044 │ 32.61 ms │    0.0 ns │      1 │ cudaGetLastError        │                          - │
│ 2050 │ 32.62 ms │   1.67 µs │      1 │ cuMemAllocFromPoolAsync │     8 bytes, device memory │
│ 2054 │ 32.62 ms │   2.38 µs │      1 │ cuMemcpyHtoDAsync       │                          - │
│ 2056 │ 32.63 ms │   1.19 µs │      1 │ cuMemAllocFromPoolAsync │     8 bytes, device memory │
│ 2060 │ 32.63 ms │   2.38 µs │      1 │ cuMemcpyHtoDAsync       │                          - │
│ 2072 │ 32.64 ms │ 238.42 ns │      1 │ cudaGetLastError        │                          - │
│ 2073 │ 32.64 ms │    3.1 µs │      1 │ cudaLaunchKernel        │                          - │
│ 2074 │ 32.64 ms │    0.0 ns │      1 │ cudaGetLastError        │                          - │
│ 2122 │ 32.66 ms │   3.34 µs │      1 │ cuLaunchKernelEx        │                          - │
│ 2170 │ 32.68 ms │   2.86 µs │      1 │ cuLaunchKernelEx        │                          - │
│ 2176 │ 32.69 ms │   3.34 µs │      1 │ cuMemAllocFromPoolAsync │     8 bytes, device memory │
│ 2180 │ 32.69 ms │   2.38 µs │      1 │ cuMemcpyHtoDAsync       │                          - │
│ 2182 │  32.7 ms │   1.19 µs │      1 │ cuMemAllocFromPoolAsync │     8 bytes, device memory │
│ 2186 │  32.7 ms │   2.15 µs │      1 │ cuMemcpyHtoDAsync       │                          - │
│ 2198 │ 32.71 ms │ 238.42 ns │      1 │ cudaGetLastError        │                          - │
│ 2199 │ 32.71 ms │    3.1 µs │      1 │ cudaLaunchKernel        │                          - │
│ 2200 │ 32.71 ms │    0.0 ns │      1 │ cudaGetLastError        │                          - │
│ 2218 │ 32.72 ms │   2.38 µs │      1 │ cuLaunchKernelEx        │                          - │
│ 2226 │ 39.34 ms │   7.87 µs │      1 │ cuLaunchKernelEx        │                          - │
│ 2238 │ 39.36 ms │   5.96 µs │      1 │ cuLaunchKernelEx        │                          - │
│ 2250 │  39.4 ms │   7.15 µs │      1 │ cuLaunchKernelEx        │                          - │
│ 2252 │ 39.41 ms │   6.44 µs │      1 │ cuMemAllocFromPoolAsync │   436 bytes, device memory │
│ 2256 │ 39.42 ms │   7.87 µs │      1 │ cuMemsetD32Async        │                          - │
│ 2268 │ 39.45 ms │   5.48 µs │      1 │ cuLaunchKernelEx        │                          - │
│ 2280 │ 39.48 ms │   6.68 µs │      1 │ cuLaunchKernelEx        │                          - │
│ 2286 │  39.5 ms │   5.25 µs │      1 │ cuLaunchKernelEx        │                          - │
│ 2288 │ 39.51 ms │   4.53 µs │      1 │ cuMemFreeAsync          │   436 bytes, device memory │
│ 2294 │ 39.52 ms │   5.25 µs │      1 │ cuLaunchKernelEx        │                          - │
│ 2300 │ 39.53 ms │   5.25 µs │      1 │ cuStreamSynchronize     │                          - │
│ 2304 │ 39.54 ms │  10.49 µs │      1 │ cuMemcpyDtoHAsync       │                          - │
│ 2334 │ 39.56 ms │   1.91 µs │      1 │ cuStreamSynchronize     │                          - │
│ 2356 │ 39.58 ms │   5.01 µs │      1 │ cuLaunchKernelEx        │                          - │
│ 2376 │  39.6 ms │   4.77 µs │      1 │ cuLaunchKernelEx        │                          - │
│ 2388 │ 39.61 ms │   3.34 µs │      1 │ cuLaunchKernelEx        │                          - │
│ 2400 │ 39.62 ms │    3.1 µs │      1 │ cuLaunchKernelEx        │                          - │
│ 2402 │ 39.63 ms │   5.96 µs │      1 │ cuMemAllocFromPoolAsync │   3.398 KiB, device memory │
│ 2406 │ 39.63 ms │   3.58 µs │      1 │ cuMemsetD32Async        │                          - │
│ 2418 │ 39.65 ms │   3.58 µs │      1 │ cuLaunchKernelEx        │                          - │
│ 2430 │ 39.66 ms │    3.1 µs │      1 │ cuLaunchKernelEx        │                          - │
│ 2436 │ 39.67 ms │   3.34 µs │      1 │ cuLaunchKernelEx        │                          - │
│ 2438 │ 39.68 ms │   1.67 µs │      1 │ cuMemFreeAsync          │   3.398 KiB, device memory │
│ 2444 │ 39.68 ms │   3.58 µs │      1 │ cuLaunchKernelEx        │                          - │
│ 2464 │ 39.69 ms │   2.86 µs │      1 │ cuStreamSynchronize     │                          - │
│ 2468 │ 39.69 ms │    3.1 µs │      1 │ cuMemcpyDtoHAsync       │                          - │
│ 2498 │ 39.71 ms │   1.67 µs │      1 │ cuStreamSynchronize     │                          - │
│ 2520 │ 39.71 ms │    3.1 µs │      1 │ cuLaunchKernelEx        │                          - │
│ 2540 │ 39.73 ms │   3.81 µs │      1 │ cuLaunchKernelEx        │                          - │
│ 2552 │ 39.73 ms │   2.62 µs │      1 │ cuLaunchKernelEx        │                          - │
│ 2564 │ 39.74 ms │    3.1 µs │      1 │ cuLaunchKernelEx        │                          - │
│ 2566 │ 39.75 ms │   2.15 µs │      1 │ cuMemAllocFromPoolAsync │  27.188 KiB, device memory │
│ 2570 │ 39.75 ms │   6.44 µs │      1 │ cuMemsetD32Async        │                          - │
│ 2582 │ 39.77 ms │    3.1 µs │      1 │ cuLaunchKernelEx        │                          - │
│ 2594 │ 39.78 ms │   2.86 µs │      1 │ cuLaunchKernelEx        │                          - │
│ 2596 │ 39.78 ms │   2.38 µs │      1 │ cuMemAllocFromPoolAsync │    28 bytes, device memory │
│ 2600 │ 39.79 ms │   2.15 µs │      1 │ cuMemsetD32Async        │                          - │
│ 2612 │  39.8 ms │   3.34 µs │      1 │ cuLaunchKernelEx        │                          - │
│ 2624 │ 39.81 ms │   2.86 µs │      1 │ cuLaunchKernelEx        │                          - │
│ 2630 │ 39.81 ms │    3.1 µs │      1 │ cuLaunchKernelEx        │                          - │
│ 2632 │ 39.82 ms │   2.62 µs │      1 │ cuMemFreeAsync          │    28 bytes, device memory │
│ 2638 │ 39.82 ms │   2.86 µs │      1 │ cuLaunchKernelEx        │                          - │
│ 2640 │ 39.83 ms │   1.43 µs │      1 │ cuMemFreeAsync          │  27.188 KiB, device memory │
│ 2646 │ 39.83 ms │    3.1 µs │      1 │ cuLaunchKernelEx        │                          - │
│ 3162 │ 40.11 ms │  13.11 µs │      2 │ cuStreamSynchronize     │                          - │
│ 3166 │ 40.14 ms │   4.29 µs │      1 │ cuMemcpyDtoHAsync       │                          - │
│ 3190 │ 40.16 ms │   2.38 µs │      1 │ cuStreamSynchronize     │                          - │
│ 3212 │ 40.16 ms │   4.05 µs │      1 │ cuLaunchKernelEx        │                          - │
│ 3232 │ 40.18 ms │   3.34 µs │      1 │ cuLaunchKernelEx        │                          - │
│ 3244 │ 40.18 ms │    3.1 µs │      1 │ cuLaunchKernelEx        │                          - │
│ 3256 │  40.2 ms │   2.86 µs │      1 │ cuLaunchKernelEx        │                          - │
│ 3258 │  40.2 ms │   4.05 µs │      1 │ cuMemAllocFromPoolAsync │ 217.500 KiB, device memory │
│ 3262 │ 40.21 ms │   3.58 µs │      1 │ cuMemsetD32Async        │                          - │
│ 3274 │ 40.22 ms │    3.1 µs │      1 │ cuLaunchKernelEx        │                          - │
│ 3286 │ 40.23 ms │   2.62 µs │      1 │ cuLaunchKernelEx        │                          - │
│ 3288 │ 40.23 ms │   1.91 µs │      1 │ cuMemAllocFromPoolAsync │   220 bytes, device memory │
│ 3292 │ 40.24 ms │   2.62 µs │      1 │ cuMemsetD32Async        │                          - │
│ 3304 │ 40.25 ms │    3.1 µs │      1 │ cuLaunchKernelEx        │                          - │
│ 3316 │ 40.26 ms │   2.62 µs │      1 │ cuLaunchKernelEx        │                          - │
│ 3322 │ 40.26 ms │    3.1 µs │      1 │ cuLaunchKernelEx        │                          - │
│ 3324 │ 40.27 ms │   1.91 µs │      1 │ cuMemFreeAsync          │   220 bytes, device memory │
│ 3330 │ 40.27 ms │    3.1 µs │      1 │ cuLaunchKernelEx        │                          - │
│ 3332 │ 40.28 ms │   1.19 µs │      1 │ cuMemFreeAsync          │ 217.500 KiB, device memory │
│ 3338 │ 40.28 ms │    3.1 µs │      1 │ cuLaunchKernelEx        │                          - │
│ 3854 │  40.5 ms │   3.61 ms │      2 │ cuStreamSynchronize     │                          - │
│ 3858 │ 44.12 ms │   3.81 µs │      1 │ cuMemcpyDtoHAsync       │                          - │
│ 3888 │ 44.13 ms │   1.91 µs │      1 │ cuStreamSynchronize     │                          - │
│ 3910 │ 44.14 ms │   3.58 µs │      1 │ cuLaunchKernelEx        │                          - │
│ 3930 │ 44.15 ms │   2.86 µs │      1 │ cuLaunchKernelEx        │                          - │
│ 3958 │ 50.55 ms │   7.87 µs │      1 │ cuLaunchKernelEx        │                          - │
│ 3986 │ 50.57 ms │   5.01 µs │      1 │ cuLaunchKernelEx        │                          - │
│ 4004 │ 50.59 ms │   4.29 µs │      1 │ cuLaunchKernelEx        │                          - │
│ 4010 │ 50.61 ms │  10.01 µs │      1 │ cuMemAllocFromPoolAsync │     8 bytes, device memory │
│ 4014 │ 50.62 ms │   7.87 µs │      1 │ cuMemcpyHtoDAsync       │                          - │
│ 4016 │ 50.64 ms │   1.67 µs │      1 │ cuMemAllocFromPoolAsync │     8 bytes, device memory │
│ 4020 │ 50.64 ms │    3.1 µs │      1 │ cuMemcpyHtoDAsync       │                          - │
│ 4032 │ 50.66 ms │ 715.26 ns │      1 │ cudaGetLastError        │                          - │
│ 4033 │ 50.67 ms │   6.44 µs │      1 │ cudaLaunchKernel        │                          - │
│ 4034 │ 50.67 ms │ 238.42 ns │      1 │ cudaGetLastError        │                          - │
│ 4082 │  50.7 ms │   5.01 µs │      1 │ cuLaunchKernelEx        │                          - │
│ 4130 │ 50.73 ms │   4.29 µs │      1 │ cuLaunchKernelEx        │                          - │
│ 4136 │ 50.74 ms │    3.1 µs │      1 │ cuMemAllocFromPoolAsync │     8 bytes, device memory │
│ 4140 │ 50.74 ms │    3.1 µs │      1 │ cuMemcpyHtoDAsync       │                          - │
│ 4142 │ 50.75 ms │   1.43 µs │      1 │ cuMemAllocFromPoolAsync │     8 bytes, device memory │
│ 4146 │ 50.75 ms │   2.15 µs │      1 │ cuMemcpyHtoDAsync       │                          - │
│ 4158 │ 50.76 ms │ 238.42 ns │      1 │ cudaGetLastError        │                          - │
│ 4159 │ 50.76 ms │   3.58 µs │      1 │ cudaLaunchKernel        │                          - │
│ 4160 │ 50.76 ms │    0.0 ns │      1 │ cudaGetLastError        │                          - │
│ 4166 │ 50.77 ms │   2.62 µs │      1 │ cuMemAllocFromPoolAsync │     8 bytes, device memory │
│ 4170 │ 50.78 ms │   2.62 µs │      1 │ cuMemcpyHtoDAsync       │                          - │
│ 4172 │ 50.78 ms │   1.19 µs │      1 │ cuMemAllocFromPoolAsync │     8 bytes, device memory │
│ 4176 │ 50.78 ms │   2.62 µs │      1 │ cuMemcpyHtoDAsync       │                          - │
│ 4188 │ 50.79 ms │ 238.42 ns │      1 │ cudaGetLastError        │                          - │
│ 4189 │ 50.79 ms │   3.34 µs │      1 │ cudaLaunchKernel        │                          - │
│ 4190 │  50.8 ms │    0.0 ns │      1 │ cudaGetLastError        │                          - │
│ 4196 │  50.8 ms │   2.62 µs │      1 │ cuMemAllocFromPoolAsync │     8 bytes, device memory │
│ 4200 │ 50.81 ms │   2.38 µs │      1 │ cuMemcpyHtoDAsync       │                          - │
│ 4202 │ 50.81 ms │   1.43 µs │      1 │ cuMemAllocFromPoolAsync │     8 bytes, device memory │
│ 4206 │ 50.82 ms │   2.15 µs │      1 │ cuMemcpyHtoDAsync       │                          - │
│ 4218 │ 50.82 ms │ 238.42 ns │      1 │ cudaGetLastError        │                          - │
│ 4219 │ 50.83 ms │   2.86 µs │      1 │ cudaLaunchKernel        │                          - │
│ 4220 │ 50.83 ms │    0.0 ns │      1 │ cudaGetLastError        │                          - │
│ 4268 │ 50.85 ms │    3.1 µs │      1 │ cuLaunchKernelEx        │                          - │
│ 4316 │ 50.87 ms │    3.1 µs │      1 │ cuLaunchKernelEx        │                          - │
│ 4322 │ 50.88 ms │   2.86 µs │      1 │ cuMemAllocFromPoolAsync │     8 bytes, device memory │
│ 4326 │ 50.88 ms │   2.86 µs │      1 │ cuMemcpyHtoDAsync       │                          - │
│ 4328 │ 50.88 ms │   1.19 µs │      1 │ cuMemAllocFromPoolAsync │     8 bytes, device memory │
│ 4332 │ 50.89 ms │   2.38 µs │      1 │ cuMemcpyHtoDAsync       │                          - │
│ 4344 │  50.9 ms │    0.0 ns │      1 │ cudaGetLastError        │                          - │
│ 4345 │  50.9 ms │    3.1 µs │      1 │ cudaLaunchKernel        │                          - │
│ 4346 │  50.9 ms │    0.0 ns │      1 │ cudaGetLastError        │                          - │
│ 4364 │ 50.91 ms │   5.01 µs │      1 │ cuLaunchKernelEx        │                          - │
│ 4392 │ 50.93 ms │   2.86 µs │      1 │ cuLaunchKernelEx        │                          - │
│ 4420 │ 50.94 ms │    3.1 µs │      1 │ cuLaunchKernelEx        │                          - │
│ 4438 │ 50.95 ms │   2.86 µs │      1 │ cuLaunchKernelEx        │                          - │
│ 4444 │ 50.96 ms │   1.67 µs │      1 │ cuMemAllocFromPoolAsync │     8 bytes, device memory │
│ 4448 │ 50.96 ms │   2.38 µs │      1 │ cuMemcpyHtoDAsync       │                          - │
│ 4450 │ 50.97 ms │    3.1 µs │      1 │ cuMemAllocFromPoolAsync │     8 bytes, device memory │
│ 4454 │ 50.97 ms │   2.62 µs │      1 │ cuMemcpyHtoDAsync       │                          - │
│ 4466 │ 50.99 ms │ 476.84 ns │      1 │ cudaGetDevice           │                          - │
│ 4467 │  51.0 ms │   3.81 µs │      1 │ cudaFuncGetAttributes   │                          - │
│ 4468 │ 51.01 ms │   5.01 µs │      1 │ cudaLaunchKernelExC     │                          - │
│ 4469 │ 51.01 ms │ 238.42 ns │      1 │ cudaGetLastError        │                          - │
│ 4517 │ 51.03 ms │    3.1 µs │      1 │ cuLaunchKernelEx        │                          - │
│ 4565 │ 51.05 ms │   2.86 µs │      1 │ cuLaunchKernelEx        │                          - │
│ 4571 │ 51.06 ms │   3.58 µs │      1 │ cuMemAllocFromPoolAsync │     8 bytes, device memory │
│ 4575 │ 51.06 ms │    3.1 µs │      1 │ cuMemcpyHtoDAsync       │                          - │
│ 4577 │ 51.07 ms │   1.19 µs │      1 │ cuMemAllocFromPoolAsync │     8 bytes, device memory │
│ 4581 │ 51.07 ms │   2.38 µs │      1 │ cuMemcpyHtoDAsync       │                          - │
│ 4593 │ 51.08 ms │    0.0 ns │      1 │ cudaGetDevice           │                          - │
│ 4594 │ 51.08 ms │   2.15 µs │      1 │ cudaFuncGetAttributes   │                          - │
│ 4595 │ 51.09 ms │   3.34 µs │      1 │ cudaLaunchKernelExC     │                          - │
│ 4596 │ 51.09 ms │    0.0 ns │      1 │ cudaGetLastError        │                          - │
│ 4602 │  51.1 ms │   1.43 µs │      1 │ cuMemAllocFromPoolAsync │     8 bytes, device memory │
│ 4606 │  51.1 ms │   2.62 µs │      1 │ cuMemcpyHtoDAsync       │                          - │
│ 4608 │ 51.11 ms │   1.43 µs │      1 │ cuMemAllocFromPoolAsync │     8 bytes, device memory │
│ 4612 │ 51.11 ms │   2.62 µs │      1 │ cuMemcpyHtoDAsync       │                          - │
│ 4624 │ 51.12 ms │ 238.42 ns │      1 │ cudaGetDevice           │                          - │
│ 4625 │ 51.12 ms │   1.67 µs │      1 │ cudaFuncGetAttributes   │                          - │
│ 4626 │ 51.12 ms │   3.34 µs │      1 │ cudaLaunchKernelExC     │                          - │
│ 4627 │ 51.13 ms │    0.0 ns │      1 │ cudaGetLastError        │                          - │
│ 4633 │ 51.13 ms │   2.62 µs │      1 │ cuMemAllocFromPoolAsync │     8 bytes, device memory │
│ 4637 │ 51.14 ms │   2.86 µs │      1 │ cuMemcpyHtoDAsync       │                          - │
│ 4639 │ 51.14 ms │   1.19 µs │      1 │ cuMemAllocFromPoolAsync │     8 bytes, device memory │
│ 4643 │ 51.14 ms │   2.38 µs │      1 │ cuMemcpyHtoDAsync       │                          - │
│ 4655 │ 51.15 ms │ 238.42 ns │      1 │ cudaGetDevice           │                          - │
│ 4656 │ 51.16 ms │   1.67 µs │      1 │ cudaFuncGetAttributes   │                          - │
│ 4657 │ 51.16 ms │    3.1 µs │      1 │ cudaLaunchKernelExC     │                          - │
│ 4658 │ 51.16 ms │ 238.42 ns │      1 │ cudaGetLastError        │                          - │
│ 4706 │ 51.18 ms │   2.86 µs │      1 │ cuLaunchKernelEx        │                          - │
│ 4754 │  51.2 ms │   2.86 µs │      1 │ cuLaunchKernelEx        │                          - │
│ 4760 │ 51.21 ms │   1.67 µs │      1 │ cuMemAllocFromPoolAsync │     8 bytes, device memory │
│ 4764 │ 51.21 ms │   2.62 µs │      1 │ cuMemcpyHtoDAsync       │                          - │
│ 4766 │ 51.22 ms │   1.67 µs │      1 │ cuMemAllocFromPoolAsync │     8 bytes, device memory │
│ 4770 │ 51.22 ms │   1.91 µs │      1 │ cuMemcpyHtoDAsync       │                          - │
│ 4782 │ 51.23 ms │    0.0 ns │      1 │ cudaGetDevice           │                          - │
│ 4783 │ 51.23 ms │   1.91 µs │      1 │ cudaFuncGetAttributes   │                          - │
│ 4784 │ 51.23 ms │    3.1 µs │      1 │ cudaLaunchKernelExC     │                          - │
│ 4785 │ 51.24 ms │ 238.42 ns │      1 │ cudaGetLastError        │                          - │
│ 4803 │ 51.24 ms │   2.86 µs │      1 │ cuLaunchKernelEx        │                          - │
│ 4831 │ 51.26 ms │   2.86 µs │      1 │ cuLaunchKernelEx        │                          - │
│ 4859 │ 51.27 ms │    3.1 µs │      1 │ cuLaunchKernelEx        │                          - │
│ 4877 │ 51.28 ms │   2.86 µs │      1 │ cuLaunchKernelEx        │                          - │
│ 4883 │ 51.29 ms │   2.86 µs │      1 │ cuMemAllocFromPoolAsync │     8 bytes, device memory │
│ 4887 │ 51.29 ms │   2.86 µs │      1 │ cuMemcpyHtoDAsync       │                          - │
│ 4889 │  51.3 ms │   1.19 µs │      1 │ cuMemAllocFromPoolAsync │     8 bytes, device memory │
│ 4893 │  51.3 ms │   1.91 µs │      1 │ cuMemcpyHtoDAsync       │                          - │
│ 4905 │ 51.31 ms │    0.0 ns │      1 │ cudaGetDevice           │                          - │
│ 4906 │ 51.32 ms │   1.67 µs │      1 │ cudaFuncGetAttributes   │                          - │
│ 4907 │ 51.32 ms │   2.86 µs │      1 │ cudaLaunchKernelExC     │                          - │
│ 4908 │ 51.32 ms │    0.0 ns │      1 │ cudaGetLastError        │                          - │
│ 4956 │ 51.34 ms │    3.1 µs │      1 │ cuLaunchKernelEx        │                          - │
│ 5004 │ 51.36 ms │    3.1 µs │      1 │ cuLaunchKernelEx        │                          - │
│ 5010 │ 51.37 ms │   1.91 µs │      1 │ cuMemAllocFromPoolAsync │     8 bytes, device memory │
│ 5014 │ 51.37 ms │   2.62 µs │      1 │ cuMemcpyHtoDAsync       │                          - │
│ 5016 │ 51.37 ms │   1.43 µs │      1 │ cuMemAllocFromPoolAsync │     8 bytes, device memory │
│ 5020 │ 51.38 ms │   2.15 µs │      1 │ cuMemcpyHtoDAsync       │                          - │
│ 5032 │ 51.39 ms │ 238.42 ns │      1 │ cudaGetDevice           │                          - │
│ 5033 │ 51.39 ms │   1.67 µs │      1 │ cudaFuncGetAttributes   │                          - │
│ 5034 │ 51.39 ms │    3.1 µs │      1 │ cudaLaunchKernelExC     │                          - │
│ 5035 │ 51.39 ms │    0.0 ns │      1 │ cudaGetLastError        │                          - │
│ 5041 │  51.4 ms │   2.62 µs │      1 │ cuMemAllocFromPoolAsync │     8 bytes, device memory │
│ 5045 │ 51.41 ms │   2.38 µs │      1 │ cuMemcpyHtoDAsync       │                          - │
│ 5047 │ 51.41 ms │   1.19 µs │      1 │ cuMemAllocFromPoolAsync │     8 bytes, device memory │
│ 5051 │ 51.41 ms │   2.15 µs │      1 │ cuMemcpyHtoDAsync       │                          - │
│ 5063 │ 51.42 ms │ 238.42 ns │      1 │ cudaGetDevice           │                          - │
│ 5064 │ 51.43 ms │   1.91 µs │      1 │ cudaFuncGetAttributes   │                          - │
│ 5065 │ 51.43 ms │    3.1 µs │      1 │ cudaLaunchKernelExC     │                          - │
│ 5066 │ 51.43 ms │    0.0 ns │      1 │ cudaGetLastError        │                          - │
│ 5072 │ 51.44 ms │   1.43 µs │      1 │ cuMemAllocFromPoolAsync │     8 bytes, device memory │
│ 5076 │ 51.44 ms │   2.38 µs │      1 │ cuMemcpyHtoDAsync       │                          - │
│ 5078 │ 51.45 ms │   1.19 µs │      1 │ cuMemAllocFromPoolAsync │     8 bytes, device memory │
│ 5082 │ 51.45 ms │   1.91 µs │      1 │ cuMemcpyHtoDAsync       │                          - │
│ 5094 │ 51.46 ms │    0.0 ns │      1 │ cudaGetDevice           │                          - │
│ 5095 │ 51.46 ms │   1.91 µs │      1 │ cudaFuncGetAttributes   │                          - │
│ 5096 │ 51.46 ms │    3.1 µs │      1 │ cudaLaunchKernelExC     │                          - │
│ 5097 │ 51.46 ms │ 238.42 ns │      1 │ cudaGetLastError        │                          - │
│ 5145 │ 51.48 ms │   2.62 µs │      1 │ cuLaunchKernelEx        │                          - │
│ 5193 │  51.5 ms │    3.1 µs │      1 │ cuLaunchKernelEx        │                          - │
│ 5199 │ 51.51 ms │    3.1 µs │      1 │ cuMemAllocFromPoolAsync │     8 bytes, device memory │
│ 5203 │ 51.51 ms │   2.62 µs │      1 │ cuMemcpyHtoDAsync       │                          - │
│ 5205 │ 51.52 ms │   1.67 µs │      1 │ cuMemAllocFromPoolAsync │     8 bytes, device memory │
│ 5209 │ 51.52 ms │   2.38 µs │      1 │ cuMemcpyHtoDAsync       │                          - │
│ 5221 │ 51.53 ms │    0.0 ns │      1 │ cudaGetDevice           │                          - │
│ 5222 │ 51.53 ms │   1.91 µs │      1 │ cudaFuncGetAttributes   │                          - │
│ 5223 │ 51.54 ms │    3.1 µs │      1 │ cudaLaunchKernelExC     │                          - │
│ 5224 │ 51.54 ms │ 238.42 ns │      1 │ cudaGetLastError        │                          - │
│ 5242 │ 51.55 ms │   2.62 µs │      1 │ cuLaunchKernelEx        │                          - │
│ 5270 │ 51.56 ms │    3.1 µs │      1 │ cuLaunchKernelEx        │                          - │
│ 5298 │ 51.57 ms │   2.86 µs │      1 │ cuLaunchKernelEx        │                          - │
│ 5316 │ 51.58 ms │   2.86 µs │      1 │ cuLaunchKernelEx        │                          - │
│ 5322 │ 51.59 ms │   1.91 µs │      1 │ cuMemAllocFromPoolAsync │     8 bytes, device memory │
│ 5326 │  51.6 ms │   2.86 µs │      1 │ cuMemcpyHtoDAsync       │                          - │
│ 5328 │  51.6 ms │   1.19 µs │      1 │ cuMemAllocFromPoolAsync │     8 bytes, device memory │
│ 5332 │  51.6 ms │   1.91 µs │      1 │ cuMemcpyHtoDAsync       │                          - │
│ 5344 │ 51.61 ms │ 238.42 ns │      1 │ cudaGetDevice           │                          - │
│ 5345 │ 51.62 ms │   2.15 µs │      1 │ cudaFuncGetAttributes   │                          - │
│ 5346 │ 51.62 ms │    3.1 µs │      1 │ cudaLaunchKernelExC     │                          - │
│ 5347 │ 51.62 ms │    0.0 ns │      1 │ cudaGetLastError        │                          - │
│ 5395 │ 51.64 ms │   2.86 µs │      1 │ cuLaunchKernelEx        │                          - │
│ 5443 │ 51.66 ms │    3.1 µs │      1 │ cuLaunchKernelEx        │                          - │
│ 5449 │ 51.67 ms │    3.1 µs │      1 │ cuMemAllocFromPoolAsync │     8 bytes, device memory │
│ 5453 │ 51.67 ms │   2.86 µs │      1 │ cuMemcpyHtoDAsync       │                          - │
│ 5455 │ 51.68 ms │   1.19 µs │      1 │ cuMemAllocFromPoolAsync │     8 bytes, device memory │
│ 5459 │ 51.68 ms │   2.38 µs │      1 │ cuMemcpyHtoDAsync       │                          - │
│ 5471 │ 51.69 ms │ 238.42 ns │      1 │ cudaGetDevice           │                          - │
│ 5472 │ 51.69 ms │   2.15 µs │      1 │ cudaFuncGetAttributes   │                          - │
│ 5473 │ 51.69 ms │   2.86 µs │      1 │ cudaLaunchKernelExC     │                          - │
│ 5474 │  51.7 ms │ 476.84 ns │      1 │ cudaGetLastError        │                          - │
│ 5480 │  51.7 ms │   1.67 µs │      1 │ cuMemAllocFromPoolAsync │     8 bytes, device memory │
│ 5484 │ 51.71 ms │   2.86 µs │      1 │ cuMemcpyHtoDAsync       │                          - │
│ 5486 │ 51.71 ms │   1.43 µs │      1 │ cuMemAllocFromPoolAsync │     8 bytes, device memory │
│ 5490 │ 51.71 ms │   1.91 µs │      1 │ cuMemcpyHtoDAsync       │                          - │
│ 5502 │ 51.72 ms │ 238.42 ns │      1 │ cudaGetDevice           │                          - │
│ 5503 │ 51.73 ms │   1.91 µs │      1 │ cudaFuncGetAttributes   │                          - │
│ 5504 │ 51.73 ms │    3.1 µs │      1 │ cudaLaunchKernelExC     │                          - │
│ 5505 │ 51.73 ms │    0.0 ns │      1 │ cudaGetLastError        │                          - │
│ 5511 │ 51.74 ms │   2.62 µs │      1 │ cuMemAllocFromPoolAsync │     8 bytes, device memory │
│ 5515 │ 51.74 ms │   2.86 µs │      1 │ cuMemcpyHtoDAsync       │                          - │
│ 5517 │ 51.75 ms │   1.43 µs │      1 │ cuMemAllocFromPoolAsync │     8 bytes, device memory │
│ 5521 │ 51.75 ms │   2.62 µs │      1 │ cuMemcpyHtoDAsync       │                          - │
│ 5533 │ 51.76 ms │    0.0 ns │      1 │ cudaGetDevice           │                          - │
│ 5534 │ 51.76 ms │   2.15 µs │      1 │ cudaFuncGetAttributes   │                          - │
│ 5535 │ 51.76 ms │   3.34 µs │      1 │ cudaLaunchKernelExC     │                          - │
│ 5536 │ 51.77 ms │ 238.42 ns │      1 │ cudaGetLastError        │                          - │
│ 5584 │ 51.79 ms │   2.86 µs │      1 │ cuLaunchKernelEx        │                          - │
│ 5632 │ 51.81 ms │   2.86 µs │      1 │ cuLaunchKernelEx        │                          - │
│ 5638 │ 51.81 ms │   2.15 µs │      1 │ cuMemAllocFromPoolAsync │     8 bytes, device memory │
│ 5642 │ 51.82 ms │   2.62 µs │      1 │ cuMemcpyHtoDAsync       │                          - │
│ 5644 │ 51.82 ms │   1.43 µs │      1 │ cuMemAllocFromPoolAsync │     8 bytes, device memory │
│ 5648 │ 51.83 ms │   1.91 µs │      1 │ cuMemcpyHtoDAsync       │                          - │
│ 5660 │ 51.83 ms │ 238.42 ns │      1 │ cudaGetDevice           │                          - │
│ 5661 │ 51.84 ms │   1.67 µs │      1 │ cudaFuncGetAttributes   │                          - │
│ 5662 │ 51.84 ms │   2.86 µs │      1 │ cudaLaunchKernelExC     │                          - │
│ 5663 │ 51.84 ms │    0.0 ns │      1 │ cudaGetLastError        │                          - │
│ 5681 │ 51.85 ms │   2.86 µs │      1 │ cuLaunchKernelEx        │                          - │
│ 5709 │ 51.86 ms │   2.86 µs │      1 │ cuLaunchKernelEx        │                          - │
│ 5737 │ 51.88 ms │    3.1 µs │      1 │ cuLaunchKernelEx        │                          - │
│ 5755 │ 51.89 ms │   2.62 µs │      1 │ cuLaunchKernelEx        │                          - │
│ 5761 │  51.9 ms │   3.34 µs │      1 │ cuMemAllocFromPoolAsync │     8 bytes, device memory │
│ 5765 │  51.9 ms │   2.62 µs │      1 │ cuMemcpyHtoDAsync       │                          - │
│ 5767 │ 51.91 ms │   1.19 µs │      1 │ cuMemAllocFromPoolAsync │     8 bytes, device memory │
│ 5771 │ 51.91 ms │   2.15 µs │      1 │ cuMemcpyHtoDAsync       │                          - │
│ 5783 │ 51.92 ms │    0.0 ns │      1 │ cudaGetDevice           │                          - │
│ 5784 │ 51.92 ms │   2.62 µs │      1 │ cudaFuncGetAttributes   │                          - │
│ 5785 │ 51.92 ms │   4.29 µs │      1 │ cudaLaunchKernelExC     │                          - │
│ 5786 │ 51.93 ms │    0.0 ns │      1 │ cudaGetLastError        │                          - │
│ 5834 │ 51.95 ms │    3.1 µs │      1 │ cuLaunchKernelEx        │                          - │
│ 5882 │ 51.97 ms │   5.72 µs │      1 │ cuLaunchKernelEx        │                          - │
│ 5888 │ 51.98 ms │   1.91 µs │      1 │ cuMemAllocFromPoolAsync │     8 bytes, device memory │
│ 5892 │ 51.98 ms │   2.86 µs │      1 │ cuMemcpyHtoDAsync       │                          - │
│ 5894 │ 51.99 ms │   1.67 µs │      1 │ cuMemAllocFromPoolAsync │     8 bytes, device memory │
│ 5898 │ 51.99 ms │   2.15 µs │      1 │ cuMemcpyHtoDAsync       │                          - │
│ 5910 │  52.0 ms │    0.0 ns │      1 │ cudaGetDevice           │                          - │
│ 5911 │  52.0 ms │   1.67 µs │      1 │ cudaFuncGetAttributes   │                          - │
│ 5912 │  52.0 ms │   3.34 µs │      1 │ cudaLaunchKernelExC     │                          - │
│ 5913 │ 52.01 ms │    0.0 ns │      1 │ cudaGetLastError        │                          - │
│ 5919 │ 52.02 ms │   2.62 µs │      1 │ cuMemAllocFromPoolAsync │     8 bytes, device memory │
│ 5923 │ 52.02 ms │   2.62 µs │      1 │ cuMemcpyHtoDAsync       │                          - │
│ 5925 │ 52.02 ms │   1.19 µs │      1 │ cuMemAllocFromPoolAsync │     8 bytes, device memory │
│ 5929 │ 52.03 ms │   2.38 µs │      1 │ cuMemcpyHtoDAsync       │                          - │
│ 5941 │ 52.04 ms │ 238.42 ns │      1 │ cudaGetDevice           │                          - │
│ 5942 │ 52.04 ms │   1.91 µs │      1 │ cudaFuncGetAttributes   │                          - │
│ 5943 │ 52.04 ms │    3.1 µs │      1 │ cudaLaunchKernelExC     │                          - │
│ 5944 │ 52.04 ms │ 238.42 ns │      1 │ cudaGetLastError        │                          - │
│ 5950 │ 52.05 ms │   1.67 µs │      1 │ cuMemAllocFromPoolAsync │     8 bytes, device memory │
│ 5954 │ 52.05 ms │   2.86 µs │      1 │ cuMemcpyHtoDAsync       │                          - │
│ 5956 │ 52.06 ms │   1.19 µs │      1 │ cuMemAllocFromPoolAsync │     8 bytes, device memory │
│ 5960 │ 52.06 ms │   2.38 µs │      1 │ cuMemcpyHtoDAsync       │                          - │
│ 5972 │ 52.07 ms │    0.0 ns │      1 │ cudaGetDevice           │                          - │
│ 5973 │ 52.07 ms │   1.67 µs │      1 │ cudaFuncGetAttributes   │                          - │
│ 5974 │ 52.07 ms │    3.1 µs │      1 │ cudaLaunchKernelExC     │                          - │
│ 5975 │ 52.08 ms │ 238.42 ns │      1 │ cudaGetLastError        │                          - │
│ 6023 │  52.1 ms │   2.62 µs │      1 │ cuLaunchKernelEx        │                          - │
│ 6071 │ 52.11 ms │   2.86 µs │      1 │ cuLaunchKernelEx        │                          - │
│ 6077 │ 52.12 ms │   2.38 µs │      1 │ cuMemAllocFromPoolAsync │     8 bytes, device memory │
│ 6081 │ 52.13 ms │   2.38 µs │      1 │ cuMemcpyHtoDAsync       │                          - │
│ 6083 │ 52.13 ms │   1.43 µs │      1 │ cuMemAllocFromPoolAsync │     8 bytes, device memory │
│ 6087 │ 52.14 ms │   2.15 µs │      1 │ cuMemcpyHtoDAsync       │                          - │
│ 6099 │ 52.14 ms │ 238.42 ns │      1 │ cudaGetDevice           │                          - │
│ 6100 │ 52.15 ms │   1.91 µs │      1 │ cudaFuncGetAttributes   │                          - │
│ 6101 │ 52.15 ms │    3.1 µs │      1 │ cudaLaunchKernelExC     │                          - │
│ 6102 │ 52.15 ms │    0.0 ns │      1 │ cudaGetLastError        │                          - │
│ 6120 │ 52.16 ms │   2.62 µs │      1 │ cuLaunchKernelEx        │                          - │
│ 6128 │ 58.43 ms │   7.15 µs │      1 │ cuLaunchKernelEx        │                          - │
│ 6140 │ 58.45 ms │   5.48 µs │      1 │ cuLaunchKernelEx        │                          - │
│ 6154 │ 58.47 ms │   6.44 µs │      1 │ cuLaunchKernelEx        │                          - │
└──────┴──────────┴───────────┴────────┴─────────────────────────┴────────────────────────────┘

Device-side activity: GPU was busy for 79.48 ms (67.23% of the trace)
┌──────┬───────────┬───────────┬─────────┬──────────┬──────┬────────────────────┬─────────────┬───────────────┬─────────────────────────────────────────────────────────────────────────────────────────────────────────────────────────────────────────────────────────────────────────────────────────────────────────────────────────────────────────────────────────────────────────────────────────────────────────────────────────────────────────────────────────────────────────────────────────────────────────────────────────────────────────────────────────────────────────────────────────────────────────────────────────────────────────────────────────────────────────────────────────────────────────────────────────────────────────────────────────────────────────────────────────────────────────────────────────────────────────────────────────────────────────────────────────────────────────────────────────────────────────────────────────────────────────────────────────────────────────────────────────────────────────────────────────────────────────────────────────────────────────────────────────────────────────────────────────────────────────────────────────────────────────────────┐
│   ID │     Start │      Time │ Threads │   Blocks │ Regs │         Shared Mem │        Size │    Throughput │ Name                                                                                                                                                                                                                                                                                                                                                                                                                                                                                                                                                                                                                                                                                                                                                                                                                                                                                                                                                                                                                                                                                                            │
├──────┼───────────┼───────────┼─────────┼──────────┼──────┼────────────────────┼─────────────┼───────────────┼─────────────────────────────────────────────────────────────────────────────────────────────────────────────────────────────────────────────────────────────────────────────────────────────────────────────────────────────────────────────────────────────────────────────────────────────────────────────────────────────────────────────────────────────────────────────────────────────────────────────────────────────────────────────────────────────────────────────────────────────────────────────────────────────────────────────────────────────────────────────────────────────────────────────────────────────────────────────────────────────────────────────────────────────────────────────────────────────────────────────────────────────────────────────────────────────────────────────────────────────────────────────────────────────────────────────────────────────────────────────────────────────────────────────────────────────────────────────────────────────────────────────────────────────────────────────────────────────────────────────────────────────────────────────────┤
│    8 │  18.22 ms │   2.86 µs │    1024 │      732 │   18 │                  - │           - │             - │ gpu_fill_kernel_(CompilerMetadata<DynamicSize, DynamicCheck, void, CartesianIndices<1, Tuple<OneTo<Int64>>>, NDRange<1, DynamicSize, DynamicSize, CartesianIndices<1, Tuple<OneTo<Int64>>>, CartesianIndices<1, Tuple<OneTo<Int64>>>>>, CuDeviceArray<Float64, 2, 1>, Float64)                                                                                                                                                                                                                                                                                                                                                                                                                                                                                                                                                                                                                                                                                                                                                                                                                                  │
│   20 │  18.25 ms │   1.02 ms │     128 │      256 │  110 │                  - │           - │             - │ _cuda_b2m_leaf_nodes_kernel_(CuDeviceArray<Float64, 2, 1>, CuDeviceArray<Float64, 2, 1>, CuDeviceArray<Float64, 2, 1>, CuDeviceArray<Int64, 2, 1>, CuDeviceArray<Int64, 1, 1>, Int64, Int64)                                                                                                                                                                                                                                                                                                                                                                                                                                                                                                                                                                                                                                                                                                                                                                                                                                                                                                                    │
│   28 │  30.95 ms │ 953.67 ns │    1024 │       92 │   18 │                  - │           - │             - │ gpu_fill_kernel_(CompilerMetadata<DynamicSize, DynamicCheck, void, CartesianIndices<1, Tuple<OneTo<Int64>>>, NDRange<1, DynamicSize, DynamicSize, CartesianIndices<1, Tuple<OneTo<Int64>>>, CartesianIndices<1, Tuple<OneTo<Int64>>>>>, CuDeviceArray<Float64, 2, 1>, Float64)                                                                                                                                                                                                                                                                                                                                                                                                                                                                                                                                                                                                                                                                                                                                                                                                                                  │
│   56 │   31.0 ms │   6.44 µs │    1024 │      512 │   30 │                  - │           - │             - │ gpu_broadcast_kernel_cartesian(CompilerMetadata<DynamicSize, DynamicCheck, void, CartesianIndices<2, Tuple<OneTo<Int64>, OneTo<Int64>>>, NDRange<2, DynamicSize, DynamicSize, CartesianIndices<2, Tuple<OneTo<Int64>, OneTo<Int64>>>, CartesianIndices<2, Tuple<OneTo<Int64>, OneTo<Int64>>>>>, CuDeviceArray<Float64, 2, 1>, Broadcasted<CuArrayStyle<2, DeviceMemory>, Tuple<OneTo<Int64>, OneTo<Int64>>, cos, Tuple<Broadcasted<CuArrayStyle<1, DeviceMemory>, void, _, Tuple<Extruded<CuDeviceArray<Float64, 1, 1>, Tuple<Bool>, Tuple<Int64>>, Extruded<Transpose<Float64, CuDeviceArray<Float64, 1, 1>>, Tuple<Bool, Bool>, Tuple<Int64, Int64>>>>>>)                                                                                                                                                                                                                                                                                                                                                                                                                                                     │
│   84 │  31.03 ms │   5.48 µs │    1024 │      512 │   30 │                  - │           - │             - │ gpu_broadcast_kernel_cartesian(CompilerMetadata<DynamicSize, DynamicCheck, void, CartesianIndices<2, Tuple<OneTo<Int64>, OneTo<Int64>>>, NDRange<2, DynamicSize, DynamicSize, CartesianIndices<2, Tuple<OneTo<Int64>, OneTo<Int64>>>, CartesianIndices<2, Tuple<OneTo<Int64>, OneTo<Int64>>>>>, CuDeviceArray<Float64, 2, 1>, Broadcasted<CuArrayStyle<2, DeviceMemory>, Tuple<OneTo<Int64>, OneTo<Int64>>, sin, Tuple<Broadcasted<CuArrayStyle<1, DeviceMemory>, void, _, Tuple<Extruded<CuDeviceArray<Float64, 1, 1>, Tuple<Bool>, Tuple<Int64>>, Extruded<Transpose<Float64, CuDeviceArray<Float64, 1, 1>>, Tuple<Bool, Bool>, Tuple<Int64, Int64>>>>>>)                                                                                                                                                                                                                                                                                                                                                                                                                                                     │
│  102 │  31.05 ms │   7.15 µs │     256 │     2048 │   32 │                  - │           - │             - │ _cuda_gather_rotate_z_kernel_(CuDeviceArray<Float64, 2, 1>, CuDeviceArray<Float64, 2, 1>, CuDeviceArray<Int64, 1, 1>, CuDeviceArray<Int64, 1, 1>, CuDeviceArray<Float64, 1, 1>, CuDeviceArray<Float64, 1, 1>, CuDeviceArray<Int64, 1, 1>, CuDeviceArray<Float64, 1, 1>, Float64)                                                                                                                                                                                                                                                                                                                                                                                                                                                                                                                                                                                                                                                                                                                                                                                                                                │
│  112 │   31.1 ms │ 953.67 ns │       - │        - │    - │                  - │     8 bytes │   8.000 MiB/s │ [copy pageable to device memory]                                                                                                                                                                                                                                                                                                                                                                                                                                                                                                                                                                                                                                                                                                                                                                                                                                                                                                                                                                                                                                                                                │
│  118 │  31.11 ms │ 715.26 ns │       - │        - │    - │                  - │     8 bytes │  10.667 MiB/s │ [copy pageable to device memory]                                                                                                                                                                                                                                                                                                                                                                                                                                                                                                                                                                                                                                                                                                                                                                                                                                                                                                                                                                                                                                                                                │
│  132 │  31.19 ms │   7.39 µs │     128 │      512 │  168 │ 72.000 KiB dynamic │           - │             - │ sm90_xmma_gemm_f64f64_f64f64_f64_nn_n_tilesize64x32x32_stage3_warpsize2x2x1_tensor16x8x16_execute_kernel__5x_cublas                                                                                                                                                                                                                                                                                                                                                                                                                                                                                                                                                                                                                                                                                                                                                                                                                                                                                                                                                                                             │
│  181 │  31.23 ms │   6.68 µs │    1024 │      512 │   26 │                  - │           - │             - │ gpu_broadcast_kernel_cartesian(CompilerMetadata<DynamicSize, DynamicCheck, void, CartesianIndices<2, Tuple<OneTo<Int64>, OneTo<Int64>>>, NDRange<2, DynamicSize, DynamicSize, CartesianIndices<2, Tuple<OneTo<Int64>, OneTo<Int64>>>, CartesianIndices<2, Tuple<OneTo<Int64>, OneTo<Int64>>>>>, SubArray<Float64, 2, CuDeviceArray<Float64, 2, 1>, Tuple<UnitRange<Int64>, Slice<OneTo<Int64>>>, false>, Broadcasted<CuArrayStyle<2, DeviceMemory>, Tuple<OneTo<Int64>, OneTo<Int64>>, _, Tuple<Broadcasted<CuArrayStyle<2, DeviceMemory>, void, _, Tuple<Extruded<CuDeviceArray<Float64, 2, 1>, Tuple<Bool, Bool>, Tuple<Int64, Int64>>, Extruded<SubArray<Float64, 2, CuDeviceArray<Float64, 2, 1>, Tuple<UnitRange<Int64>, Slice<OneTo<Int64>>>, false>, Tuple<Bool, Bool>, Tuple<Int64, Int64>>>>, Broadcasted<CuArrayStyle<2, DeviceMemory>, void, _, Tuple<Extruded<CuDeviceArray<Float64, 2, 1>, Tuple<Bool, Bool>, Tuple<Int64, Int64>>, Extruded<SubArray<Float64, 2, CuDeviceArray<Float64, 2, 1>, Tuple<UnitRange<Int64>, Slice<OneTo<Int64>>>, false>, Tuple<Bool, Bool>, Tuple<Int64, Int64>>>>>>) │
│  229 │  31.27 ms │    6.2 µs │    1024 │      512 │   26 │                  - │           - │             - │ gpu_broadcast_kernel_cartesian(CompilerMetadata<DynamicSize, DynamicCheck, void, CartesianIndices<2, Tuple<OneTo<Int64>, OneTo<Int64>>>, NDRange<2, DynamicSize, DynamicSize, CartesianIndices<2, Tuple<OneTo<Int64>, OneTo<Int64>>>, CartesianIndices<2, Tuple<OneTo<Int64>, OneTo<Int64>>>>>, SubArray<Float64, 2, CuDeviceArray<Float64, 2, 1>, Tuple<UnitRange<Int64>, Slice<OneTo<Int64>>>, false>, Broadcasted<CuArrayStyle<2, DeviceMemory>, Tuple<OneTo<Int64>, OneTo<Int64>>, _, Tuple<Broadcasted<CuArrayStyle<2, DeviceMemory>, void, _, Tuple<Extruded<CuDeviceArray<Float64, 2, 1>, Tuple<Bool, Bool>, Tuple<Int64, Int64>>, Extruded<SubArray<Float64, 2, CuDeviceArray<Float64, 2, 1>, Tuple<UnitRange<Int64>, Slice<OneTo<Int64>>>, false>, Tuple<Bool, Bool>, Tuple<Int64, Int64>>>>, Broadcasted<CuArrayStyle<2, DeviceMemory>, void, _, Tuple<Extruded<CuDeviceArray<Float64, 2, 1>, Tuple<Bool, Bool>, Tuple<Int64, Int64>>, Extruded<SubArray<Float64, 2, CuDeviceArray<Float64, 2, 1>, Tuple<UnitRange<Int64>, Slice<OneTo<Int64>>>, false>, Tuple<Bool, Bool>, Tuple<Int64, Int64>>>>>>) │
│  239 │  31.28 ms │ 715.26 ns │       - │        - │    - │                  - │     8 bytes │  10.667 MiB/s │ [copy pageable to device memory]                                                                                                                                                                                                                                                                                                                                                                                                                                                                                                                                                                                                                                                                                                                                                                                                                                                                                                                                                                                                                                                                                │
│  245 │  31.29 ms │ 715.26 ns │       - │        - │    - │                  - │     8 bytes │  10.667 MiB/s │ [copy pageable to device memory]                                                                                                                                                                                                                                                                                                                                                                                                                                                                                                                                                                                                                                                                                                                                                                                                                                                                                                                                                                                                                                                                                │
│  259 │  31.31 ms │   6.68 µs │     128 │      512 │  168 │ 72.000 KiB dynamic │           - │             - │ sm90_xmma_gemm_f64f64_f64f64_f64_nn_n_tilesize64x32x32_stage3_warpsize2x2x1_tensor16x8x16_execute_kernel__5x_cublas                                                                                                                                                                                                                                                                                                                                                                                                                                                                                                                                                                                                                                                                                                                                                                                                                                                                                                                                                                                             │
│  270 │  31.33 ms │ 953.67 ns │       - │        - │    - │                  - │     8 bytes │   8.000 MiB/s │ [copy pageable to device memory]                                                                                                                                                                                                                                                                                                                                                                                                                                                                                                                                                                                                                                                                                                                                                                                                                                                                                                                                                                                                                                                                                │
│  276 │  31.34 ms │ 953.67 ns │       - │        - │    - │                  - │     8 bytes │   8.000 MiB/s │ [copy pageable to device memory]                                                                                                                                                                                                                                                                                                                                                                                                                                                                                                                                                                                                                                                                                                                                                                                                                                                                                                                                                                                                                                                                                │
│  290 │  31.35 ms │    6.2 µs │     128 │      512 │  168 │ 72.000 KiB dynamic │           - │             - │ sm90_xmma_gemm_f64f64_f64f64_f64_nn_n_tilesize64x32x32_stage3_warpsize2x2x1_tensor16x8x16_execute_kernel__5x_cublas                                                                                                                                                                                                                                                                                                                                                                                                                                                                                                                                                                                                                                                                                                                                                                                                                                                                                                                                                                                             │
│  301 │  31.37 ms │ 953.67 ns │       - │        - │    - │                  - │     8 bytes │   8.000 MiB/s │ [copy pageable to device memory]                                                                                                                                                                                                                                                                                                                                                                                                                                                                                                                                                                                                                                                                                                                                                                                                                                                                                                                                                                                                                                                                                │
│  307 │  31.37 ms │   1.19 µs │       - │        - │    - │                  - │     8 bytes │   6.400 MiB/s │ [copy pageable to device memory]                                                                                                                                                                                                                                                                                                                                                                                                                                                                                                                                                                                                                                                                                                                                                                                                                                                                                                                                                                                                                                                                                │
│  321 │  31.39 ms │   6.68 µs │     128 │      512 │  168 │ 72.000 KiB dynamic │           - │             - │ sm90_xmma_gemm_f64f64_f64f64_f64_nn_n_tilesize64x32x32_stage3_warpsize2x2x1_tensor16x8x16_execute_kernel__5x_cublas                                                                                                                                                                                                                                                                                                                                                                                                                                                                                                                                                                                                                                                                                                                                                                                                                                                                                                                                                                                             │
│  370 │  31.41 ms │    6.2 µs │    1024 │      512 │   26 │                  - │           - │             - │ gpu_broadcast_kernel_cartesian(CompilerMetadata<DynamicSize, DynamicCheck, void, CartesianIndices<2, Tuple<OneTo<Int64>, OneTo<Int64>>>, NDRange<2, DynamicSize, DynamicSize, CartesianIndices<2, Tuple<OneTo<Int64>, OneTo<Int64>>>, CartesianIndices<2, Tuple<OneTo<Int64>, OneTo<Int64>>>>>, SubArray<Float64, 2, CuDeviceArray<Float64, 2, 1>, Tuple<UnitRange<Int64>, Slice<OneTo<Int64>>>, false>, Broadcasted<CuArrayStyle<2, DeviceMemory>, Tuple<OneTo<Int64>, OneTo<Int64>>, _, Tuple<Broadcasted<CuArrayStyle<2, DeviceMemory>, void, _, Tuple<Extruded<CuDeviceArray<Float64, 2, 1>, Tuple<Bool, Bool>, Tuple<Int64, Int64>>, Extruded<SubArray<Float64, 2, CuDeviceArray<Float64, 2, 1>, Tuple<UnitRange<Int64>, Slice<OneTo<Int64>>>, false>, Tuple<Bool, Bool>, Tuple<Int64, Int64>>>>, Broadcasted<CuArrayStyle<2, DeviceMemory>, void, _, Tuple<Extruded<CuDeviceArray<Float64, 2, 1>, Tuple<Bool, Bool>, Tuple<Int64, Int64>>, Extruded<SubArray<Float64, 2, CuDeviceArray<Float64, 2, 1>, Tuple<UnitRange<Int64>, Slice<OneTo<Int64>>>, false>, Tuple<Bool, Bool>, Tuple<Int64, Int64>>>>>>) │
│  418 │  31.43 ms │   6.44 µs │    1024 │      512 │   26 │                  - │           - │             - │ gpu_broadcast_kernel_cartesian(CompilerMetadata<DynamicSize, DynamicCheck, void, CartesianIndices<2, Tuple<OneTo<Int64>, OneTo<Int64>>>, NDRange<2, DynamicSize, DynamicSize, CartesianIndices<2, Tuple<OneTo<Int64>, OneTo<Int64>>>, CartesianIndices<2, Tuple<OneTo<Int64>, OneTo<Int64>>>>>, SubArray<Float64, 2, CuDeviceArray<Float64, 2, 1>, Tuple<UnitRange<Int64>, Slice<OneTo<Int64>>>, false>, Broadcasted<CuArrayStyle<2, DeviceMemory>, Tuple<OneTo<Int64>, OneTo<Int64>>, _, Tuple<Broadcasted<CuArrayStyle<2, DeviceMemory>, void, _, Tuple<Extruded<CuDeviceArray<Float64, 2, 1>, Tuple<Bool, Bool>, Tuple<Int64, Int64>>, Extruded<SubArray<Float64, 2, CuDeviceArray<Float64, 2, 1>, Tuple<UnitRange<Int64>, Slice<OneTo<Int64>>>, false>, Tuple<Bool, Bool>, Tuple<Int64, Int64>>>>, Broadcasted<CuArrayStyle<2, DeviceMemory>, void, _, Tuple<Extruded<CuDeviceArray<Float64, 2, 1>, Tuple<Bool, Bool>, Tuple<Int64, Int64>>, Extruded<SubArray<Float64, 2, CuDeviceArray<Float64, 2, 1>, Tuple<UnitRange<Int64>, Slice<OneTo<Int64>>>, false>, Tuple<Bool, Bool>, Tuple<Int64, Int64>>>>>>) │
│  428 │  31.45 ms │ 953.67 ns │       - │        - │    - │                  - │     8 bytes │   8.000 MiB/s │ [copy pageable to device memory]                                                                                                                                                                                                                                                                                                                                                                                                                                                                                                                                                                                                                                                                                                                                                                                                                                                                                                                                                                                                                                                                                │
│  434 │  31.45 ms │ 715.26 ns │       - │        - │    - │                  - │     8 bytes │  10.667 MiB/s │ [copy pageable to device memory]                                                                                                                                                                                                                                                                                                                                                                                                                                                                                                                                                                                                                                                                                                                                                                                                                                                                                                                                                                                                                                                                                │
│  448 │  31.47 ms │   6.68 µs │     128 │      512 │  168 │ 72.000 KiB dynamic │           - │             - │ sm90_xmma_gemm_f64f64_f64f64_f64_nn_n_tilesize64x32x32_stage3_warpsize2x2x1_tensor16x8x16_execute_kernel__5x_cublas                                                                                                                                                                                                                                                                                                                                                                                                                                                                                                                                                                                                                                                                                                                                                                                                                                                                                                                                                                                             │
│  467 │  31.49 ms │   8.11 µs │     256 │     2048 │   32 │                  - │           - │             - │ _cuda_rotate_z_scatter_accumulate_kernel_(CuDeviceArray<Float64, 2, 1>, CuDeviceArray<Float64, 2, 1>, CuDeviceArray<Int64, 1, 1>, CuDeviceArray<Int64, 1, 1>, CuDeviceArray<Float64, 1, 1>, CuDeviceArray<Float64, 1, 1>, CuDeviceArray<Int64, 1, 1>, CuDeviceArray<Float64, 1, 1>)                                                                                                                                                                                                                                                                                                                                                                                                                                                                                                                                                                                                                                                                                                                                                                                                                             │
│  495 │  31.51 ms │   2.38 µs │    1024 │       64 │   30 │                  - │           - │             - │ gpu_broadcast_kernel_cartesian(CompilerMetadata<DynamicSize, DynamicCheck, void, CartesianIndices<2, Tuple<OneTo<Int64>, OneTo<Int64>>>, NDRange<2, DynamicSize, DynamicSize, CartesianIndices<2, Tuple<OneTo<Int64>, OneTo<Int64>>>, CartesianIndices<2, Tuple<OneTo<Int64>, OneTo<Int64>>>>>, CuDeviceArray<Float64, 2, 1>, Broadcasted<CuArrayStyle<2, DeviceMemory>, Tuple<OneTo<Int64>, OneTo<Int64>>, cos, Tuple<Broadcasted<CuArrayStyle<1, DeviceMemory>, void, _, Tuple<Extruded<CuDeviceArray<Float64, 1, 1>, Tuple<Bool>, Tuple<Int64>>, Extruded<Transpose<Float64, CuDeviceArray<Float64, 1, 1>>, Tuple<Bool, Bool>, Tuple<Int64, Int64>>>>>>)                                                                                                                                                                                                                                                                                                                                                                                                                                                     │
│  523 │  31.52 ms │   2.62 µs │    1024 │       64 │   30 │                  - │           - │             - │ gpu_broadcast_kernel_cartesian(CompilerMetadata<DynamicSize, DynamicCheck, void, CartesianIndices<2, Tuple<OneTo<Int64>, OneTo<Int64>>>, NDRange<2, DynamicSize, DynamicSize, CartesianIndices<2, Tuple<OneTo<Int64>, OneTo<Int64>>>, CartesianIndices<2, Tuple<OneTo<Int64>, OneTo<Int64>>>>>, CuDeviceArray<Float64, 2, 1>, Broadcasted<CuArrayStyle<2, DeviceMemory>, Tuple<OneTo<Int64>, OneTo<Int64>>, sin, Tuple<Broadcasted<CuArrayStyle<1, DeviceMemory>, void, _, Tuple<Extruded<CuDeviceArray<Float64, 1, 1>, Tuple<Bool>, Tuple<Int64>>, Extruded<Transpose<Float64, CuDeviceArray<Float64, 1, 1>>, Tuple<Bool, Bool>, Tuple<Int64, Int64>>>>>>)                                                                                                                                                                                                                                                                                                                                                                                                                                                     │
│  541 │  31.53 ms │   2.86 µs │     256 │      256 │   32 │                  - │           - │             - │ _cuda_gather_rotate_z_kernel_(CuDeviceArray<Float64, 2, 1>, CuDeviceArray<Float64, 2, 1>, CuDeviceArray<Int64, 1, 1>, CuDeviceArray<Int64, 1, 1>, CuDeviceArray<Float64, 1, 1>, CuDeviceArray<Float64, 1, 1>, CuDeviceArray<Int64, 1, 1>, CuDeviceArray<Float64, 1, 1>, Float64)                                                                                                                                                                                                                                                                                                                                                                                                                                                                                                                                                                                                                                                                                                                                                                                                                                │
│  551 │  31.55 ms │ 715.26 ns │       - │        - │    - │                  - │     8 bytes │  10.667 MiB/s │ [copy pageable to device memory]                                                                                                                                                                                                                                                                                                                                                                                                                                                                                                                                                                                                                                                                                                                                                                                                                                                                                                                                                                                                                                                                                │
│  557 │  31.55 ms │ 953.67 ns │       - │        - │    - │                  - │     8 bytes │   8.000 MiB/s │ [copy pageable to device memory]                                                                                                                                                                                                                                                                                                                                                                                                                                                                                                                                                                                                                                                                                                                                                                                                                                                                                                                                                                                                                                                                                │
│  571 │  31.57 ms │   2.86 µs │     128 │      128 │  126 │ 80.000 KiB dynamic │           - │             - │ sm90_xmma_gemm_f64f64_f64f64_f64_nn_n_tilesize32x32x32_stage5_warpsize2x2x1_tensor16x8x16_execute_kernel__5x_cublas                                                                                                                                                                                                                                                                                                                                                                                                                                                                                                                                                                                                                                                                                                                                                                                                                                                                                                                                                                                             │
│  620 │   31.6 ms │   2.38 µs │    1024 │       64 │   26 │                  - │           - │             - │ gpu_broadcast_kernel_cartesian(CompilerMetadata<DynamicSize, DynamicCheck, void, CartesianIndices<2, Tuple<OneTo<Int64>, OneTo<Int64>>>, NDRange<2, DynamicSize, DynamicSize, CartesianIndices<2, Tuple<OneTo<Int64>, OneTo<Int64>>>, CartesianIndices<2, Tuple<OneTo<Int64>, OneTo<Int64>>>>>, SubArray<Float64, 2, CuDeviceArray<Float64, 2, 1>, Tuple<UnitRange<Int64>, Slice<OneTo<Int64>>>, false>, Broadcasted<CuArrayStyle<2, DeviceMemory>, Tuple<OneTo<Int64>, OneTo<Int64>>, _, Tuple<Broadcasted<CuArrayStyle<2, DeviceMemory>, void, _, Tuple<Extruded<CuDeviceArray<Float64, 2, 1>, Tuple<Bool, Bool>, Tuple<Int64, Int64>>, Extruded<SubArray<Float64, 2, CuDeviceArray<Float64, 2, 1>, Tuple<UnitRange<Int64>, Slice<OneTo<Int64>>>, false>, Tuple<Bool, Bool>, Tuple<Int64, Int64>>>>, Broadcasted<CuArrayStyle<2, DeviceMemory>, void, _, Tuple<Extruded<CuDeviceArray<Float64, 2, 1>, Tuple<Bool, Bool>, Tuple<Int64, Int64>>, Extruded<SubArray<Float64, 2, CuDeviceArray<Float64, 2, 1>, Tuple<UnitRange<Int64>, Slice<OneTo<Int64>>>, false>, Tuple<Bool, Bool>, Tuple<Int64, Int64>>>>>>) │
│  668 │  31.62 ms │   2.38 µs │    1024 │       64 │   26 │                  - │           - │             - │ gpu_broadcast_kernel_cartesian(CompilerMetadata<DynamicSize, DynamicCheck, void, CartesianIndices<2, Tuple<OneTo<Int64>, OneTo<Int64>>>, NDRange<2, DynamicSize, DynamicSize, CartesianIndices<2, Tuple<OneTo<Int64>, OneTo<Int64>>>, CartesianIndices<2, Tuple<OneTo<Int64>, OneTo<Int64>>>>>, SubArray<Float64, 2, CuDeviceArray<Float64, 2, 1>, Tuple<UnitRange<Int64>, Slice<OneTo<Int64>>>, false>, Broadcasted<CuArrayStyle<2, DeviceMemory>, Tuple<OneTo<Int64>, OneTo<Int64>>, _, Tuple<Broadcasted<CuArrayStyle<2, DeviceMemory>, void, _, Tuple<Extruded<CuDeviceArray<Float64, 2, 1>, Tuple<Bool, Bool>, Tuple<Int64, Int64>>, Extruded<SubArray<Float64, 2, CuDeviceArray<Float64, 2, 1>, Tuple<UnitRange<Int64>, Slice<OneTo<Int64>>>, false>, Tuple<Bool, Bool>, Tuple<Int64, Int64>>>>, Broadcasted<CuArrayStyle<2, DeviceMemory>, void, _, Tuple<Extruded<CuDeviceArray<Float64, 2, 1>, Tuple<Bool, Bool>, Tuple<Int64, Int64>>, Extruded<SubArray<Float64, 2, CuDeviceArray<Float64, 2, 1>, Tuple<UnitRange<Int64>, Slice<OneTo<Int64>>>, false>, Tuple<Bool, Bool>, Tuple<Int64, Int64>>>>>>) │
│  678 │  31.63 ms │ 715.26 ns │       - │        - │    - │                  - │     8 bytes │  10.667 MiB/s │ [copy pageable to device memory]                                                                                                                                                                                                                                                                                                                                                                                                                                                                                                                                                                                                                                                                                                                                                                                                                                                                                                                                                                                                                                                                                │
│  684 │  31.64 ms │ 715.26 ns │       - │        - │    - │                  - │     8 bytes │  10.667 MiB/s │ [copy pageable to device memory]                                                                                                                                                                                                                                                                                                                                                                                                                                                                                                                                                                                                                                                                                                                                                                                                                                                                                                                                                                                                                                                                                │
│  698 │  31.66 ms │   2.38 µs │     128 │      128 │  126 │ 80.000 KiB dynamic │           - │             - │ sm90_xmma_gemm_f64f64_f64f64_f64_nn_n_tilesize32x32x32_stage5_warpsize2x2x1_tensor16x8x16_execute_kernel__5x_cublas                                                                                                                                                                                                                                                                                                                                                                                                                                                                                                                                                                                                                                                                                                                                                                                                                                                                                                                                                                                             │
│  709 │  31.67 ms │ 953.67 ns │       - │        - │    - │                  - │     8 bytes │   8.000 MiB/s │ [copy pageable to device memory]                                                                                                                                                                                                                                                                                                                                                                                                                                                                                                                                                                                                                                                                                                                                                                                                                                                                                                                                                                                                                                                                                │
│  715 │  31.68 ms │ 715.26 ns │       - │        - │    - │                  - │     8 bytes │  10.667 MiB/s │ [copy pageable to device memory]                                                                                                                                                                                                                                                                                                                                                                                                                                                                                                                                                                                                                                                                                                                                                                                                                                                                                                                                                                                                                                                                                │
│  729 │  31.69 ms │   2.62 µs │     128 │      128 │  126 │ 80.000 KiB dynamic │           - │             - │ sm90_xmma_gemm_f64f64_f64f64_f64_nn_n_tilesize32x32x32_stage5_warpsize2x2x1_tensor16x8x16_execute_kernel__5x_cublas                                                                                                                                                                                                                                                                                                                                                                                                                                                                                                                                                                                                                                                                                                                                                                                                                                                                                                                                                                                             │
│  740 │  31.71 ms │ 715.26 ns │       - │        - │    - │                  - │     8 bytes │  10.667 MiB/s │ [copy pageable to device memory]                                                                                                                                                                                                                                                                                                                                                                                                                                                                                                                                                                                                                                                                                                                                                                                                                                                                                                                                                                                                                                                                                │
│  746 │  31.71 ms │ 953.67 ns │       - │        - │    - │                  - │     8 bytes │   8.000 MiB/s │ [copy pageable to device memory]                                                                                                                                                                                                                                                                                                                                                                                                                                                                                                                                                                                                                                                                                                                                                                                                                                                                                                                                                                                                                                                                                │
│  760 │  31.73 ms │   2.15 µs │     128 │      128 │  126 │ 80.000 KiB dynamic │           - │             - │ sm90_xmma_gemm_f64f64_f64f64_f64_nn_n_tilesize32x32x32_stage5_warpsize2x2x1_tensor16x8x16_execute_kernel__5x_cublas                                                                                                                                                                                                                                                                                                                                                                                                                                                                                                                                                                                                                                                                                                                                                                                                                                                                                                                                                                                             │
│  809 │  31.75 ms │   2.62 µs │    1024 │       64 │   26 │                  - │           - │             - │ gpu_broadcast_kernel_cartesian(CompilerMetadata<DynamicSize, DynamicCheck, void, CartesianIndices<2, Tuple<OneTo<Int64>, OneTo<Int64>>>, NDRange<2, DynamicSize, DynamicSize, CartesianIndices<2, Tuple<OneTo<Int64>, OneTo<Int64>>>, CartesianIndices<2, Tuple<OneTo<Int64>, OneTo<Int64>>>>>, SubArray<Float64, 2, CuDeviceArray<Float64, 2, 1>, Tuple<UnitRange<Int64>, Slice<OneTo<Int64>>>, false>, Broadcasted<CuArrayStyle<2, DeviceMemory>, Tuple<OneTo<Int64>, OneTo<Int64>>, _, Tuple<Broadcasted<CuArrayStyle<2, DeviceMemory>, void, _, Tuple<Extruded<CuDeviceArray<Float64, 2, 1>, Tuple<Bool, Bool>, Tuple<Int64, Int64>>, Extruded<SubArray<Float64, 2, CuDeviceArray<Float64, 2, 1>, Tuple<UnitRange<Int64>, Slice<OneTo<Int64>>>, false>, Tuple<Bool, Bool>, Tuple<Int64, Int64>>>>, Broadcasted<CuArrayStyle<2, DeviceMemory>, void, _, Tuple<Extruded<CuDeviceArray<Float64, 2, 1>, Tuple<Bool, Bool>, Tuple<Int64, Int64>>, Extruded<SubArray<Float64, 2, CuDeviceArray<Float64, 2, 1>, Tuple<UnitRange<Int64>, Slice<OneTo<Int64>>>, false>, Tuple<Bool, Bool>, Tuple<Int64, Int64>>>>>>) │
│  857 │  31.77 ms │   2.38 µs │    1024 │       64 │   26 │                  - │           - │             - │ gpu_broadcast_kernel_cartesian(CompilerMetadata<DynamicSize, DynamicCheck, void, CartesianIndices<2, Tuple<OneTo<Int64>, OneTo<Int64>>>, NDRange<2, DynamicSize, DynamicSize, CartesianIndices<2, Tuple<OneTo<Int64>, OneTo<Int64>>>, CartesianIndices<2, Tuple<OneTo<Int64>, OneTo<Int64>>>>>, SubArray<Float64, 2, CuDeviceArray<Float64, 2, 1>, Tuple<UnitRange<Int64>, Slice<OneTo<Int64>>>, false>, Broadcasted<CuArrayStyle<2, DeviceMemory>, Tuple<OneTo<Int64>, OneTo<Int64>>, _, Tuple<Broadcasted<CuArrayStyle<2, DeviceMemory>, void, _, Tuple<Extruded<CuDeviceArray<Float64, 2, 1>, Tuple<Bool, Bool>, Tuple<Int64, Int64>>, Extruded<SubArray<Float64, 2, CuDeviceArray<Float64, 2, 1>, Tuple<UnitRange<Int64>, Slice<OneTo<Int64>>>, false>, Tuple<Bool, Bool>, Tuple<Int64, Int64>>>>, Broadcasted<CuArrayStyle<2, DeviceMemory>, void, _, Tuple<Extruded<CuDeviceArray<Float64, 2, 1>, Tuple<Bool, Bool>, Tuple<Int64, Int64>>, Extruded<SubArray<Float64, 2, CuDeviceArray<Float64, 2, 1>, Tuple<UnitRange<Int64>, Slice<OneTo<Int64>>>, false>, Tuple<Bool, Bool>, Tuple<Int64, Int64>>>>>>) │
│  867 │  31.78 ms │ 715.26 ns │       - │        - │    - │                  - │     8 bytes │  10.667 MiB/s │ [copy pageable to device memory]                                                                                                                                                                                                                                                                                                                                                                                                                                                                                                                                                                                                                                                                                                                                                                                                                                                                                                                                                                                                                                                                                │
│  873 │  31.79 ms │ 953.67 ns │       - │        - │    - │                  - │     8 bytes │   8.000 MiB/s │ [copy pageable to device memory]                                                                                                                                                                                                                                                                                                                                                                                                                                                                                                                                                                                                                                                                                                                                                                                                                                                                                                                                                                                                                                                                                │
│  887 │  31.81 ms │   2.38 µs │     128 │      128 │  126 │ 80.000 KiB dynamic │           - │             - │ sm90_xmma_gemm_f64f64_f64f64_f64_nn_n_tilesize32x32x32_stage5_warpsize2x2x1_tensor16x8x16_execute_kernel__5x_cublas                                                                                                                                                                                                                                                                                                                                                                                                                                                                                                                                                                                                                                                                                                                                                                                                                                                                                                                                                                                             │
│  906 │  31.82 ms │    3.1 µs │     256 │      256 │   32 │                  - │           - │             - │ _cuda_rotate_z_scatter_accumulate_kernel_(CuDeviceArray<Float64, 2, 1>, CuDeviceArray<Float64, 2, 1>, CuDeviceArray<Int64, 1, 1>, CuDeviceArray<Int64, 1, 1>, CuDeviceArray<Float64, 1, 1>, CuDeviceArray<Float64, 1, 1>, CuDeviceArray<Int64, 1, 1>, CuDeviceArray<Float64, 1, 1>)                                                                                                                                                                                                                                                                                                                                                                                                                                                                                                                                                                                                                                                                                                                                                                                                                             │
│  934 │  31.83 ms │   2.38 µs │    1024 │        8 │   30 │                  - │           - │             - │ gpu_broadcast_kernel_cartesian(CompilerMetadata<DynamicSize, DynamicCheck, void, CartesianIndices<2, Tuple<OneTo<Int64>, OneTo<Int64>>>, NDRange<2, DynamicSize, DynamicSize, CartesianIndices<2, Tuple<OneTo<Int64>, OneTo<Int64>>>, CartesianIndices<2, Tuple<OneTo<Int64>, OneTo<Int64>>>>>, CuDeviceArray<Float64, 2, 1>, Broadcasted<CuArrayStyle<2, DeviceMemory>, Tuple<OneTo<Int64>, OneTo<Int64>>, cos, Tuple<Broadcasted<CuArrayStyle<1, DeviceMemory>, void, _, Tuple<Extruded<CuDeviceArray<Float64, 1, 1>, Tuple<Bool>, Tuple<Int64>>, Extruded<Transpose<Float64, CuDeviceArray<Float64, 1, 1>>, Tuple<Bool, Bool>, Tuple<Int64, Int64>>>>>>)                                                                                                                                                                                                                                                                                                                                                                                                                                                     │
│  962 │  31.85 ms │   2.15 µs │    1024 │        8 │   30 │                  - │           - │             - │ gpu_broadcast_kernel_cartesian(CompilerMetadata<DynamicSize, DynamicCheck, void, CartesianIndices<2, Tuple<OneTo<Int64>, OneTo<Int64>>>, NDRange<2, DynamicSize, DynamicSize, CartesianIndices<2, Tuple<OneTo<Int64>, OneTo<Int64>>>, CartesianIndices<2, Tuple<OneTo<Int64>, OneTo<Int64>>>>>, CuDeviceArray<Float64, 2, 1>, Broadcasted<CuArrayStyle<2, DeviceMemory>, Tuple<OneTo<Int64>, OneTo<Int64>>, sin, Tuple<Broadcasted<CuArrayStyle<1, DeviceMemory>, void, _, Tuple<Extruded<CuDeviceArray<Float64, 1, 1>, Tuple<Bool>, Tuple<Int64>>, Extruded<Transpose<Float64, CuDeviceArray<Float64, 1, 1>>, Tuple<Bool, Bool>, Tuple<Int64, Int64>>>>>>)                                                                                                                                                                                                                                                                                                                                                                                                                                                     │
│  980 │  31.86 ms │   2.62 µs │     256 │       32 │   32 │                  - │           - │             - │ _cuda_gather_rotate_z_kernel_(CuDeviceArray<Float64, 2, 1>, CuDeviceArray<Float64, 2, 1>, CuDeviceArray<Int64, 1, 1>, CuDeviceArray<Int64, 1, 1>, CuDeviceArray<Float64, 1, 1>, CuDeviceArray<Float64, 1, 1>, CuDeviceArray<Int64, 1, 1>, CuDeviceArray<Float64, 1, 1>, Float64)                                                                                                                                                                                                                                                                                                                                                                                                                                                                                                                                                                                                                                                                                                                                                                                                                                │
│  990 │  31.87 ms │ 715.26 ns │       - │        - │    - │                  - │     8 bytes │  10.667 MiB/s │ [copy pageable to device memory]                                                                                                                                                                                                                                                                                                                                                                                                                                                                                                                                                                                                                                                                                                                                                                                                                                                                                                                                                                                                                                                                                │
│  996 │  31.88 ms │ 715.26 ns │       - │        - │    - │                  - │     8 bytes │  10.667 MiB/s │ [copy pageable to device memory]                                                                                                                                                                                                                                                                                                                                                                                                                                                                                                                                                                                                                                                                                                                                                                                                                                                                                                                                                                                                                                                                                │
│ 1010 │  31.89 ms │   2.38 µs │     128 │       16 │  126 │ 80.000 KiB dynamic │           - │             - │ sm90_xmma_gemm_f64f64_f64f64_f64_nn_n_tilesize32x32x32_stage5_warpsize2x2x1_tensor16x8x16_execute_kernel__5x_cublas                                                                                                                                                                                                                                                                                                                                                                                                                                                                                                                                                                                                                                                                                                                                                                                                                                                                                                                                                                                             │
│ 1059 │  31.91 ms │   2.15 µs │    1024 │        8 │   26 │                  - │           - │             - │ gpu_broadcast_kernel_cartesian(CompilerMetadata<DynamicSize, DynamicCheck, void, CartesianIndices<2, Tuple<OneTo<Int64>, OneTo<Int64>>>, NDRange<2, DynamicSize, DynamicSize, CartesianIndices<2, Tuple<OneTo<Int64>, OneTo<Int64>>>, CartesianIndices<2, Tuple<OneTo<Int64>, OneTo<Int64>>>>>, SubArray<Float64, 2, CuDeviceArray<Float64, 2, 1>, Tuple<UnitRange<Int64>, Slice<OneTo<Int64>>>, false>, Broadcasted<CuArrayStyle<2, DeviceMemory>, Tuple<OneTo<Int64>, OneTo<Int64>>, _, Tuple<Broadcasted<CuArrayStyle<2, DeviceMemory>, void, _, Tuple<Extruded<CuDeviceArray<Float64, 2, 1>, Tuple<Bool, Bool>, Tuple<Int64, Int64>>, Extruded<SubArray<Float64, 2, CuDeviceArray<Float64, 2, 1>, Tuple<UnitRange<Int64>, Slice<OneTo<Int64>>>, false>, Tuple<Bool, Bool>, Tuple<Int64, Int64>>>>, Broadcasted<CuArrayStyle<2, DeviceMemory>, void, _, Tuple<Extruded<CuDeviceArray<Float64, 2, 1>, Tuple<Bool, Bool>, Tuple<Int64, Int64>>, Extruded<SubArray<Float64, 2, CuDeviceArray<Float64, 2, 1>, Tuple<UnitRange<Int64>, Slice<OneTo<Int64>>>, false>, Tuple<Bool, Bool>, Tuple<Int64, Int64>>>>>>) │
│ 1107 │  31.93 ms │   2.38 µs │    1024 │        8 │   26 │                  - │           - │             - │ gpu_broadcast_kernel_cartesian(CompilerMetadata<DynamicSize, DynamicCheck, void, CartesianIndices<2, Tuple<OneTo<Int64>, OneTo<Int64>>>, NDRange<2, DynamicSize, DynamicSize, CartesianIndices<2, Tuple<OneTo<Int64>, OneTo<Int64>>>, CartesianIndices<2, Tuple<OneTo<Int64>, OneTo<Int64>>>>>, SubArray<Float64, 2, CuDeviceArray<Float64, 2, 1>, Tuple<UnitRange<Int64>, Slice<OneTo<Int64>>>, false>, Broadcasted<CuArrayStyle<2, DeviceMemory>, Tuple<OneTo<Int64>, OneTo<Int64>>, _, Tuple<Broadcasted<CuArrayStyle<2, DeviceMemory>, void, _, Tuple<Extruded<CuDeviceArray<Float64, 2, 1>, Tuple<Bool, Bool>, Tuple<Int64, Int64>>, Extruded<SubArray<Float64, 2, CuDeviceArray<Float64, 2, 1>, Tuple<UnitRange<Int64>, Slice<OneTo<Int64>>>, false>, Tuple<Bool, Bool>, Tuple<Int64, Int64>>>>, Broadcasted<CuArrayStyle<2, DeviceMemory>, void, _, Tuple<Extruded<CuDeviceArray<Float64, 2, 1>, Tuple<Bool, Bool>, Tuple<Int64, Int64>>, Extruded<SubArray<Float64, 2, CuDeviceArray<Float64, 2, 1>, Tuple<UnitRange<Int64>, Slice<OneTo<Int64>>>, false>, Tuple<Bool, Bool>, Tuple<Int64, Int64>>>>>>) │
│ 1117 │  31.94 ms │ 953.67 ns │       - │        - │    - │                  - │     8 bytes │   8.000 MiB/s │ [copy pageable to device memory]                                                                                                                                                                                                                                                                                                                                                                                                                                                                                                                                                                                                                                                                                                                                                                                                                                                                                                                                                                                                                                                                                │
│ 1123 │  31.95 ms │ 715.26 ns │       - │        - │    - │                  - │     8 bytes │  10.667 MiB/s │ [copy pageable to device memory]                                                                                                                                                                                                                                                                                                                                                                                                                                                                                                                                                                                                                                                                                                                                                                                                                                                                                                                                                                                                                                                                                │
│ 1137 │  31.97 ms │   1.91 µs │     128 │       16 │  126 │ 80.000 KiB dynamic │           - │             - │ sm90_xmma_gemm_f64f64_f64f64_f64_nn_n_tilesize32x32x32_stage5_warpsize2x2x1_tensor16x8x16_execute_kernel__5x_cublas                                                                                                                                                                                                                                                                                                                                                                                                                                                                                                                                                                                                                                                                                                                                                                                                                                                                                                                                                                                             │
│ 1148 │  31.98 ms │ 953.67 ns │       - │        - │    - │                  - │     8 bytes │   8.000 MiB/s │ [copy pageable to device memory]                                                                                                                                                                                                                                                                                                                                                                                                                                                                                                                                                                                                                                                                                                                                                                                                                                                                                                                                                                                                                                                                                │
│ 1154 │  31.99 ms │ 715.26 ns │       - │        - │    - │                  - │     8 bytes │  10.667 MiB/s │ [copy pageable to device memory]                                                                                                                                                                                                                                                                                                                                                                                                                                                                                                                                                                                                                                                                                                                                                                                                                                                                                                                                                                                                                                                                                │
│ 1168 │  32.01 ms │   2.38 µs │     128 │       16 │  126 │ 80.000 KiB dynamic │           - │             - │ sm90_xmma_gemm_f64f64_f64f64_f64_nn_n_tilesize32x32x32_stage5_warpsize2x2x1_tensor16x8x16_execute_kernel__5x_cublas                                                                                                                                                                                                                                                                                                                                                                                                                                                                                                                                                                                                                                                                                                                                                                                                                                                                                                                                                                                             │
│ 1179 │  32.02 ms │ 715.26 ns │       - │        - │    - │                  - │     8 bytes │  10.667 MiB/s │ [copy pageable to device memory]                                                                                                                                                                                                                                                                                                                                                                                                                                                                                                                                                                                                                                                                                                                                                                                                                                                                                                                                                                                                                                                                                │
│ 1185 │  32.03 ms │ 715.26 ns │       - │        - │    - │                  - │     8 bytes │  10.667 MiB/s │ [copy pageable to device memory]                                                                                                                                                                                                                                                                                                                                                                                                                                                                                                                                                                                                                                                                                                                                                                                                                                                                                                                                                                                                                                                                                │
│ 1199 │  32.04 ms │   2.15 µs │     128 │       16 │  126 │ 80.000 KiB dynamic │           - │             - │ sm90_xmma_gemm_f64f64_f64f64_f64_nn_n_tilesize32x32x32_stage5_warpsize2x2x1_tensor16x8x16_execute_kernel__5x_cublas                                                                                                                                                                                                                                                                                                                                                                                                                                                                                                                                                                                                                                                                                                                                                                                                                                                                                                                                                                                             │
│ 1248 │  32.06 ms │   2.38 µs │    1024 │        8 │   26 │                  - │           - │             - │ gpu_broadcast_kernel_cartesian(CompilerMetadata<DynamicSize, DynamicCheck, void, CartesianIndices<2, Tuple<OneTo<Int64>, OneTo<Int64>>>, NDRange<2, DynamicSize, DynamicSize, CartesianIndices<2, Tuple<OneTo<Int64>, OneTo<Int64>>>, CartesianIndices<2, Tuple<OneTo<Int64>, OneTo<Int64>>>>>, SubArray<Float64, 2, CuDeviceArray<Float64, 2, 1>, Tuple<UnitRange<Int64>, Slice<OneTo<Int64>>>, false>, Broadcasted<CuArrayStyle<2, DeviceMemory>, Tuple<OneTo<Int64>, OneTo<Int64>>, _, Tuple<Broadcasted<CuArrayStyle<2, DeviceMemory>, void, _, Tuple<Extruded<CuDeviceArray<Float64, 2, 1>, Tuple<Bool, Bool>, Tuple<Int64, Int64>>, Extruded<SubArray<Float64, 2, CuDeviceArray<Float64, 2, 1>, Tuple<UnitRange<Int64>, Slice<OneTo<Int64>>>, false>, Tuple<Bool, Bool>, Tuple<Int64, Int64>>>>, Broadcasted<CuArrayStyle<2, DeviceMemory>, void, _, Tuple<Extruded<CuDeviceArray<Float64, 2, 1>, Tuple<Bool, Bool>, Tuple<Int64, Int64>>, Extruded<SubArray<Float64, 2, CuDeviceArray<Float64, 2, 1>, Tuple<UnitRange<Int64>, Slice<OneTo<Int64>>>, false>, Tuple<Bool, Bool>, Tuple<Int64, Int64>>>>>>) │
│ 1296 │  32.08 ms │   2.38 µs │    1024 │        8 │   26 │                  - │           - │             - │ gpu_broadcast_kernel_cartesian(CompilerMetadata<DynamicSize, DynamicCheck, void, CartesianIndices<2, Tuple<OneTo<Int64>, OneTo<Int64>>>, NDRange<2, DynamicSize, DynamicSize, CartesianIndices<2, Tuple<OneTo<Int64>, OneTo<Int64>>>, CartesianIndices<2, Tuple<OneTo<Int64>, OneTo<Int64>>>>>, SubArray<Float64, 2, CuDeviceArray<Float64, 2, 1>, Tuple<UnitRange<Int64>, Slice<OneTo<Int64>>>, false>, Broadcasted<CuArrayStyle<2, DeviceMemory>, Tuple<OneTo<Int64>, OneTo<Int64>>, _, Tuple<Broadcasted<CuArrayStyle<2, DeviceMemory>, void, _, Tuple<Extruded<CuDeviceArray<Float64, 2, 1>, Tuple<Bool, Bool>, Tuple<Int64, Int64>>, Extruded<SubArray<Float64, 2, CuDeviceArray<Float64, 2, 1>, Tuple<UnitRange<Int64>, Slice<OneTo<Int64>>>, false>, Tuple<Bool, Bool>, Tuple<Int64, Int64>>>>, Broadcasted<CuArrayStyle<2, DeviceMemory>, void, _, Tuple<Extruded<CuDeviceArray<Float64, 2, 1>, Tuple<Bool, Bool>, Tuple<Int64, Int64>>, Extruded<SubArray<Float64, 2, CuDeviceArray<Float64, 2, 1>, Tuple<UnitRange<Int64>, Slice<OneTo<Int64>>>, false>, Tuple<Bool, Bool>, Tuple<Int64, Int64>>>>>>) │
│ 1306 │   32.1 ms │ 715.26 ns │       - │        - │    - │                  - │     8 bytes │  10.667 MiB/s │ [copy pageable to device memory]                                                                                                                                                                                                                                                                                                                                                                                                                                                                                                                                                                                                                                                                                                                                                                                                                                                                                                                                                                                                                                                                                │
│ 1312 │   32.1 ms │ 715.26 ns │       - │        - │    - │                  - │     8 bytes │  10.667 MiB/s │ [copy pageable to device memory]                                                                                                                                                                                                                                                                                                                                                                                                                                                                                                                                                                                                                                                                                                                                                                                                                                                                                                                                                                                                                                                                                │
│ 1326 │  32.12 ms │   2.15 µs │     128 │       16 │  126 │ 80.000 KiB dynamic │           - │             - │ sm90_xmma_gemm_f64f64_f64f64_f64_nn_n_tilesize32x32x32_stage5_warpsize2x2x1_tensor16x8x16_execute_kernel__5x_cublas                                                                                                                                                                                                                                                                                                                                                                                                                                                                                                                                                                                                                                                                                                                                                                                                                                                                                                                                                                                             │
│ 1345 │  32.13 ms │   2.38 µs │     256 │       32 │   32 │                  - │           - │             - │ _cuda_rotate_z_scatter_accumulate_kernel_(CuDeviceArray<Float64, 2, 1>, CuDeviceArray<Float64, 2, 1>, CuDeviceArray<Int64, 1, 1>, CuDeviceArray<Int64, 1, 1>, CuDeviceArray<Float64, 1, 1>, CuDeviceArray<Float64, 1, 1>, CuDeviceArray<Int64, 1, 1>, CuDeviceArray<Float64, 1, 1>)                                                                                                                                                                                                                                                                                                                                                                                                                                                                                                                                                                                                                                                                                                                                                                                                                             │
│ 1373 │  32.14 ms │   2.15 µs │    1024 │        1 │   30 │                  - │           - │             - │ gpu_broadcast_kernel_cartesian(CompilerMetadata<DynamicSize, DynamicCheck, void, CartesianIndices<2, Tuple<OneTo<Int64>, OneTo<Int64>>>, NDRange<2, DynamicSize, DynamicSize, CartesianIndices<2, Tuple<OneTo<Int64>, OneTo<Int64>>>, CartesianIndices<2, Tuple<OneTo<Int64>, OneTo<Int64>>>>>, CuDeviceArray<Float64, 2, 1>, Broadcasted<CuArrayStyle<2, DeviceMemory>, Tuple<OneTo<Int64>, OneTo<Int64>>, cos, Tuple<Broadcasted<CuArrayStyle<1, DeviceMemory>, void, _, Tuple<Extruded<CuDeviceArray<Float64, 1, 1>, Tuple<Bool>, Tuple<Int64>>, Extruded<Transpose<Float64, CuDeviceArray<Float64, 1, 1>>, Tuple<Bool, Bool>, Tuple<Int64, Int64>>>>>>)                                                                                                                                                                                                                                                                                                                                                                                                                                                     │
│ 1401 │  32.16 ms │   2.15 µs │    1024 │        1 │   30 │                  - │           - │             - │ gpu_broadcast_kernel_cartesian(CompilerMetadata<DynamicSize, DynamicCheck, void, CartesianIndices<2, Tuple<OneTo<Int64>, OneTo<Int64>>>, NDRange<2, DynamicSize, DynamicSize, CartesianIndices<2, Tuple<OneTo<Int64>, OneTo<Int64>>>, CartesianIndices<2, Tuple<OneTo<Int64>, OneTo<Int64>>>>>, CuDeviceArray<Float64, 2, 1>, Broadcasted<CuArrayStyle<2, DeviceMemory>, Tuple<OneTo<Int64>, OneTo<Int64>>, sin, Tuple<Broadcasted<CuArrayStyle<1, DeviceMemory>, void, _, Tuple<Extruded<CuDeviceArray<Float64, 1, 1>, Tuple<Bool>, Tuple<Int64>>, Extruded<Transpose<Float64, CuDeviceArray<Float64, 1, 1>>, Tuple<Bool, Bool>, Tuple<Int64, Int64>>>>>>)                                                                                                                                                                                                                                                                                                                                                                                                                                                     │
│ 1419 │  32.17 ms │   2.15 µs │     256 │        4 │   32 │                  - │           - │             - │ _cuda_gather_rotate_z_kernel_(CuDeviceArray<Float64, 2, 1>, CuDeviceArray<Float64, 2, 1>, CuDeviceArray<Int64, 1, 1>, CuDeviceArray<Int64, 1, 1>, CuDeviceArray<Float64, 1, 1>, CuDeviceArray<Float64, 1, 1>, CuDeviceArray<Int64, 1, 1>, CuDeviceArray<Float64, 1, 1>, Float64)                                                                                                                                                                                                                                                                                                                                                                                                                                                                                                                                                                                                                                                                                                                                                                                                                                │
│ 1429 │  32.18 ms │ 715.26 ns │       - │        - │    - │                  - │     8 bytes │  10.667 MiB/s │ [copy pageable to device memory]                                                                                                                                                                                                                                                                                                                                                                                                                                                                                                                                                                                                                                                                                                                                                                                                                                                                                                                                                                                                                                                                                │
│ 1435 │  32.19 ms │ 953.67 ns │       - │        - │    - │                  - │     8 bytes │   8.000 MiB/s │ [copy pageable to device memory]                                                                                                                                                                                                                                                                                                                                                                                                                                                                                                                                                                                                                                                                                                                                                                                                                                                                                                                                                                                                                                                                                │
│ 1449 │   32.2 ms │   2.15 µs │     128 │        2 │  126 │ 80.000 KiB dynamic │           - │             - │ sm90_xmma_gemm_f64f64_f64f64_f64_nn_n_tilesize32x32x32_stage5_warpsize2x2x1_tensor16x8x16_execute_kernel__5x_cublas                                                                                                                                                                                                                                                                                                                                                                                                                                                                                                                                                                                                                                                                                                                                                                                                                                                                                                                                                                                             │
│ 1498 │  32.22 ms │   2.15 µs │    1024 │        1 │   26 │                  - │           - │             - │ gpu_broadcast_kernel_cartesian(CompilerMetadata<DynamicSize, DynamicCheck, void, CartesianIndices<2, Tuple<OneTo<Int64>, OneTo<Int64>>>, NDRange<2, DynamicSize, DynamicSize, CartesianIndices<2, Tuple<OneTo<Int64>, OneTo<Int64>>>, CartesianIndices<2, Tuple<OneTo<Int64>, OneTo<Int64>>>>>, SubArray<Float64, 2, CuDeviceArray<Float64, 2, 1>, Tuple<UnitRange<Int64>, Slice<OneTo<Int64>>>, false>, Broadcasted<CuArrayStyle<2, DeviceMemory>, Tuple<OneTo<Int64>, OneTo<Int64>>, _, Tuple<Broadcasted<CuArrayStyle<2, DeviceMemory>, void, _, Tuple<Extruded<CuDeviceArray<Float64, 2, 1>, Tuple<Bool, Bool>, Tuple<Int64, Int64>>, Extruded<SubArray<Float64, 2, CuDeviceArray<Float64, 2, 1>, Tuple<UnitRange<Int64>, Slice<OneTo<Int64>>>, false>, Tuple<Bool, Bool>, Tuple<Int64, Int64>>>>, Broadcasted<CuArrayStyle<2, DeviceMemory>, void, _, Tuple<Extruded<CuDeviceArray<Float64, 2, 1>, Tuple<Bool, Bool>, Tuple<Int64, Int64>>, Extruded<SubArray<Float64, 2, CuDeviceArray<Float64, 2, 1>, Tuple<UnitRange<Int64>, Slice<OneTo<Int64>>>, false>, Tuple<Bool, Bool>, Tuple<Int64, Int64>>>>>>) │
│ 1546 │  32.24 ms │   2.15 µs │    1024 │        1 │   26 │                  - │           - │             - │ gpu_broadcast_kernel_cartesian(CompilerMetadata<DynamicSize, DynamicCheck, void, CartesianIndices<2, Tuple<OneTo<Int64>, OneTo<Int64>>>, NDRange<2, DynamicSize, DynamicSize, CartesianIndices<2, Tuple<OneTo<Int64>, OneTo<Int64>>>, CartesianIndices<2, Tuple<OneTo<Int64>, OneTo<Int64>>>>>, SubArray<Float64, 2, CuDeviceArray<Float64, 2, 1>, Tuple<UnitRange<Int64>, Slice<OneTo<Int64>>>, false>, Broadcasted<CuArrayStyle<2, DeviceMemory>, Tuple<OneTo<Int64>, OneTo<Int64>>, _, Tuple<Broadcasted<CuArrayStyle<2, DeviceMemory>, void, _, Tuple<Extruded<CuDeviceArray<Float64, 2, 1>, Tuple<Bool, Bool>, Tuple<Int64, Int64>>, Extruded<SubArray<Float64, 2, CuDeviceArray<Float64, 2, 1>, Tuple<UnitRange<Int64>, Slice<OneTo<Int64>>>, false>, Tuple<Bool, Bool>, Tuple<Int64, Int64>>>>, Broadcasted<CuArrayStyle<2, DeviceMemory>, void, _, Tuple<Extruded<CuDeviceArray<Float64, 2, 1>, Tuple<Bool, Bool>, Tuple<Int64, Int64>>, Extruded<SubArray<Float64, 2, CuDeviceArray<Float64, 2, 1>, Tuple<UnitRange<Int64>, Slice<OneTo<Int64>>>, false>, Tuple<Bool, Bool>, Tuple<Int64, Int64>>>>>>) │
│ 1556 │  32.25 ms │ 715.26 ns │       - │        - │    - │                  - │     8 bytes │  10.667 MiB/s │ [copy pageable to device memory]                                                                                                                                                                                                                                                                                                                                                                                                                                                                                                                                                                                                                                                                                                                                                                                                                                                                                                                                                                                                                                                                                │
│ 1562 │  32.26 ms │ 953.67 ns │       - │        - │    - │                  - │     8 bytes │   8.000 MiB/s │ [copy pageable to device memory]                                                                                                                                                                                                                                                                                                                                                                                                                                                                                                                                                                                                                                                                                                                                                                                                                                                                                                                                                                                                                                                                                │
│ 1576 │  32.28 ms │   1.91 µs │     128 │        2 │  126 │ 80.000 KiB dynamic │           - │             - │ sm90_xmma_gemm_f64f64_f64f64_f64_nn_n_tilesize32x32x32_stage5_warpsize2x2x1_tensor16x8x16_execute_kernel__5x_cublas                                                                                                                                                                                                                                                                                                                                                                                                                                                                                                                                                                                                                                                                                                                                                                                                                                                                                                                                                                                             │
│ 1587 │  32.29 ms │ 953.67 ns │       - │        - │    - │                  - │     8 bytes │   8.000 MiB/s │ [copy pageable to device memory]                                                                                                                                                                                                                                                                                                                                                                                                                                                                                                                                                                                                                                                                                                                                                                                                                                                                                                                                                                                                                                                                                │
│ 1593 │   32.3 ms │ 715.26 ns │       - │        - │    - │                  - │     8 bytes │  10.667 MiB/s │ [copy pageable to device memory]                                                                                                                                                                                                                                                                                                                                                                                                                                                                                                                                                                                                                                                                                                                                                                                                                                                                                                                                                                                                                                                                                │
│ 1607 │  32.31 ms │   2.38 µs │     128 │        2 │  126 │ 80.000 KiB dynamic │           - │             - │ sm90_xmma_gemm_f64f64_f64f64_f64_nn_n_tilesize32x32x32_stage5_warpsize2x2x1_tensor16x8x16_execute_kernel__5x_cublas                                                                                                                                                                                                                                                                                                                                                                                                                                                                                                                                                                                                                                                                                                                                                                                                                                                                                                                                                                                             │
│ 1618 │  32.33 ms │ 715.26 ns │       - │        - │    - │                  - │     8 bytes │  10.667 MiB/s │ [copy pageable to device memory]                                                                                                                                                                                                                                                                                                                                                                                                                                                                                                                                                                                                                                                                                                                                                                                                                                                                                                                                                                                                                                                                                │
│ 1624 │  32.33 ms │ 715.26 ns │       - │        - │    - │                  - │     8 bytes │  10.667 MiB/s │ [copy pageable to device memory]                                                                                                                                                                                                                                                                                                                                                                                                                                                                                                                                                                                                                                                                                                                                                                                                                                                                                                                                                                                                                                                                                │
│ 1638 │  32.35 ms │   2.38 µs │     128 │        2 │  126 │ 80.000 KiB dynamic │           - │             - │ sm90_xmma_gemm_f64f64_f64f64_f64_nn_n_tilesize32x32x32_stage5_warpsize2x2x1_tensor16x8x16_execute_kernel__5x_cublas                                                                                                                                                                                                                                                                                                                                                                                                                                                                                                                                                                                                                                                                                                                                                                                                                                                                                                                                                                                             │
│ 1687 │  32.37 ms │   2.15 µs │    1024 │        1 │   26 │                  - │           - │             - │ gpu_broadcast_kernel_cartesian(CompilerMetadata<DynamicSize, DynamicCheck, void, CartesianIndices<2, Tuple<OneTo<Int64>, OneTo<Int64>>>, NDRange<2, DynamicSize, DynamicSize, CartesianIndices<2, Tuple<OneTo<Int64>, OneTo<Int64>>>, CartesianIndices<2, Tuple<OneTo<Int64>, OneTo<Int64>>>>>, SubArray<Float64, 2, CuDeviceArray<Float64, 2, 1>, Tuple<UnitRange<Int64>, Slice<OneTo<Int64>>>, false>, Broadcasted<CuArrayStyle<2, DeviceMemory>, Tuple<OneTo<Int64>, OneTo<Int64>>, _, Tuple<Broadcasted<CuArrayStyle<2, DeviceMemory>, void, _, Tuple<Extruded<CuDeviceArray<Float64, 2, 1>, Tuple<Bool, Bool>, Tuple<Int64, Int64>>, Extruded<SubArray<Float64, 2, CuDeviceArray<Float64, 2, 1>, Tuple<UnitRange<Int64>, Slice<OneTo<Int64>>>, false>, Tuple<Bool, Bool>, Tuple<Int64, Int64>>>>, Broadcasted<CuArrayStyle<2, DeviceMemory>, void, _, Tuple<Extruded<CuDeviceArray<Float64, 2, 1>, Tuple<Bool, Bool>, Tuple<Int64, Int64>>, Extruded<SubArray<Float64, 2, CuDeviceArray<Float64, 2, 1>, Tuple<UnitRange<Int64>, Slice<OneTo<Int64>>>, false>, Tuple<Bool, Bool>, Tuple<Int64, Int64>>>>>>) │
│ 1735 │  32.39 ms │   1.91 µs │    1024 │        1 │   26 │                  - │           - │             - │ gpu_broadcast_kernel_cartesian(CompilerMetadata<DynamicSize, DynamicCheck, void, CartesianIndices<2, Tuple<OneTo<Int64>, OneTo<Int64>>>, NDRange<2, DynamicSize, DynamicSize, CartesianIndices<2, Tuple<OneTo<Int64>, OneTo<Int64>>>, CartesianIndices<2, Tuple<OneTo<Int64>, OneTo<Int64>>>>>, SubArray<Float64, 2, CuDeviceArray<Float64, 2, 1>, Tuple<UnitRange<Int64>, Slice<OneTo<Int64>>>, false>, Broadcasted<CuArrayStyle<2, DeviceMemory>, Tuple<OneTo<Int64>, OneTo<Int64>>, _, Tuple<Broadcasted<CuArrayStyle<2, DeviceMemory>, void, _, Tuple<Extruded<CuDeviceArray<Float64, 2, 1>, Tuple<Bool, Bool>, Tuple<Int64, Int64>>, Extruded<SubArray<Float64, 2, CuDeviceArray<Float64, 2, 1>, Tuple<UnitRange<Int64>, Slice<OneTo<Int64>>>, false>, Tuple<Bool, Bool>, Tuple<Int64, Int64>>>>, Broadcasted<CuArrayStyle<2, DeviceMemory>, void, _, Tuple<Extruded<CuDeviceArray<Float64, 2, 1>, Tuple<Bool, Bool>, Tuple<Int64, Int64>>, Extruded<SubArray<Float64, 2, CuDeviceArray<Float64, 2, 1>, Tuple<UnitRange<Int64>, Slice<OneTo<Int64>>>, false>, Tuple<Bool, Bool>, Tuple<Int64, Int64>>>>>>) │
│ 1745 │   32.4 ms │ 715.26 ns │       - │        - │    - │                  - │     8 bytes │  10.667 MiB/s │ [copy pageable to device memory]                                                                                                                                                                                                                                                                                                                                                                                                                                                                                                                                                                                                                                                                                                                                                                                                                                                                                                                                                                                                                                                                                │
│ 1751 │  32.41 ms │ 953.67 ns │       - │        - │    - │                  - │     8 bytes │   8.000 MiB/s │ [copy pageable to device memory]                                                                                                                                                                                                                                                                                                                                                                                                                                                                                                                                                                                                                                                                                                                                                                                                                                                                                                                                                                                                                                                                                │
│ 1765 │  32.42 ms │   2.15 µs │     128 │        2 │  126 │ 80.000 KiB dynamic │           - │             - │ sm90_xmma_gemm_f64f64_f64f64_f64_nn_n_tilesize32x32x32_stage5_warpsize2x2x1_tensor16x8x16_execute_kernel__5x_cublas                                                                                                                                                                                                                                                                                                                                                                                                                                                                                                                                                                                                                                                                                                                                                                                                                                                                                                                                                                                             │
│ 1784 │  32.43 ms │   1.91 µs │     256 │        4 │   32 │                  - │           - │             - │ _cuda_rotate_z_scatter_accumulate_kernel_(CuDeviceArray<Float64, 2, 1>, CuDeviceArray<Float64, 2, 1>, CuDeviceArray<Int64, 1, 1>, CuDeviceArray<Int64, 1, 1>, CuDeviceArray<Float64, 1, 1>, CuDeviceArray<Float64, 1, 1>, CuDeviceArray<Int64, 1, 1>, CuDeviceArray<Float64, 1, 1>)                                                                                                                                                                                                                                                                                                                                                                                                                                                                                                                                                                                                                                                                                                                                                                                                                             │
│ 1812 │  32.45 ms │   1.67 µs │     128 │        1 │   30 │                  - │           - │             - │ gpu_broadcast_kernel_cartesian(CompilerMetadata<DynamicSize, DynamicCheck, void, CartesianIndices<2, Tuple<OneTo<Int64>, OneTo<Int64>>>, NDRange<2, DynamicSize, DynamicSize, CartesianIndices<2, Tuple<OneTo<Int64>, OneTo<Int64>>>, CartesianIndices<2, Tuple<OneTo<Int64>, OneTo<Int64>>>>>, CuDeviceArray<Float64, 2, 1>, Broadcasted<CuArrayStyle<2, DeviceMemory>, Tuple<OneTo<Int64>, OneTo<Int64>>, cos, Tuple<Broadcasted<CuArrayStyle<1, DeviceMemory>, void, _, Tuple<Extruded<CuDeviceArray<Float64, 1, 1>, Tuple<Bool>, Tuple<Int64>>, Extruded<Transpose<Float64, CuDeviceArray<Float64, 1, 1>>, Tuple<Bool, Bool>, Tuple<Int64, Int64>>>>>>)                                                                                                                                                                                                                                                                                                                                                                                                                                                     │
│ 1840 │  32.46 ms │   1.43 µs │     128 │        1 │   30 │                  - │           - │             - │ gpu_broadcast_kernel_cartesian(CompilerMetadata<DynamicSize, DynamicCheck, void, CartesianIndices<2, Tuple<OneTo<Int64>, OneTo<Int64>>>, NDRange<2, DynamicSize, DynamicSize, CartesianIndices<2, Tuple<OneTo<Int64>, OneTo<Int64>>>, CartesianIndices<2, Tuple<OneTo<Int64>, OneTo<Int64>>>>>, CuDeviceArray<Float64, 2, 1>, Broadcasted<CuArrayStyle<2, DeviceMemory>, Tuple<OneTo<Int64>, OneTo<Int64>>, sin, Tuple<Broadcasted<CuArrayStyle<1, DeviceMemory>, void, _, Tuple<Extruded<CuDeviceArray<Float64, 1, 1>, Tuple<Bool>, Tuple<Int64>>, Extruded<Transpose<Float64, CuDeviceArray<Float64, 1, 1>>, Tuple<Bool, Bool>, Tuple<Int64, Int64>>>>>>)                                                                                                                                                                                                                                                                                                                                                                                                                                                     │
│ 1858 │  32.47 ms │   1.67 µs │     256 │        1 │   32 │                  - │           - │             - │ _cuda_gather_rotate_z_kernel_(CuDeviceArray<Float64, 2, 1>, CuDeviceArray<Float64, 2, 1>, CuDeviceArray<Int64, 1, 1>, CuDeviceArray<Int64, 1, 1>, CuDeviceArray<Float64, 1, 1>, CuDeviceArray<Float64, 1, 1>, CuDeviceArray<Int64, 1, 1>, CuDeviceArray<Float64, 1, 1>, Float64)                                                                                                                                                                                                                                                                                                                                                                                                                                                                                                                                                                                                                                                                                                                                                                                                                                │
│ 1868 │  32.48 ms │ 715.26 ns │       - │        - │    - │                  - │     8 bytes │  10.667 MiB/s │ [copy pageable to device memory]                                                                                                                                                                                                                                                                                                                                                                                                                                                                                                                                                                                                                                                                                                                                                                                                                                                                                                                                                                                                                                                                                │
│ 1874 │  32.49 ms │ 953.67 ns │       - │        - │    - │                  - │     8 bytes │   8.000 MiB/s │ [copy pageable to device memory]                                                                                                                                                                                                                                                                                                                                                                                                                                                                                                                                                                                                                                                                                                                                                                                                                                                                                                                                                                                                                                                                                │
│ 1887 │  32.51 ms │   2.38 µs │     128 │      1×2 │   98 │  20.000 KiB static │           - │             - │ void gemmSN_NN_kernel<double, 128, 2, 4, 8, 4, 4, false, cublasGemvTensorStridedBatched<double const>, cublasGemvTensorStridedBatched<double const>, cublasGemvTensorStridedBatched<double>>(cublasGemmSmallNParams<cublasGemvTensorStridedBatched<double const>, cublasGemvTensorStridedBatched<double const>, cublasGemvTensorStridedBatched<double>, double>)                                                                                                                                                                                                                                                                                                                                                                                                                                                                                                                                                                                                                                                                                                                                                │
│ 1936 │  32.53 ms │   1.19 µs │     128 │        1 │   26 │                  - │           - │             - │ gpu_broadcast_kernel_cartesian(CompilerMetadata<DynamicSize, DynamicCheck, void, CartesianIndices<2, Tuple<OneTo<Int64>, OneTo<Int64>>>, NDRange<2, DynamicSize, DynamicSize, CartesianIndices<2, Tuple<OneTo<Int64>, OneTo<Int64>>>, CartesianIndices<2, Tuple<OneTo<Int64>, OneTo<Int64>>>>>, SubArray<Float64, 2, CuDeviceArray<Float64, 2, 1>, Tuple<UnitRange<Int64>, Slice<OneTo<Int64>>>, false>, Broadcasted<CuArrayStyle<2, DeviceMemory>, Tuple<OneTo<Int64>, OneTo<Int64>>, _, Tuple<Broadcasted<CuArrayStyle<2, DeviceMemory>, void, _, Tuple<Extruded<CuDeviceArray<Float64, 2, 1>, Tuple<Bool, Bool>, Tuple<Int64, Int64>>, Extruded<SubArray<Float64, 2, CuDeviceArray<Float64, 2, 1>, Tuple<UnitRange<Int64>, Slice<OneTo<Int64>>>, false>, Tuple<Bool, Bool>, Tuple<Int64, Int64>>>>, Broadcasted<CuArrayStyle<2, DeviceMemory>, void, _, Tuple<Extruded<CuDeviceArray<Float64, 2, 1>, Tuple<Bool, Bool>, Tuple<Int64, Int64>>, Extruded<SubArray<Float64, 2, CuDeviceArray<Float64, 2, 1>, Tuple<UnitRange<Int64>, Slice<OneTo<Int64>>>, false>, Tuple<Bool, Bool>, Tuple<Int64, Int64>>>>>>) │
│ 1984 │  32.55 ms │   1.67 µs │     128 │        1 │   26 │                  - │           - │             - │ gpu_broadcast_kernel_cartesian(CompilerMetadata<DynamicSize, DynamicCheck, void, CartesianIndices<2, Tuple<OneTo<Int64>, OneTo<Int64>>>, NDRange<2, DynamicSize, DynamicSize, CartesianIndices<2, Tuple<OneTo<Int64>, OneTo<Int64>>>, CartesianIndices<2, Tuple<OneTo<Int64>, OneTo<Int64>>>>>, SubArray<Float64, 2, CuDeviceArray<Float64, 2, 1>, Tuple<UnitRange<Int64>, Slice<OneTo<Int64>>>, false>, Broadcasted<CuArrayStyle<2, DeviceMemory>, Tuple<OneTo<Int64>, OneTo<Int64>>, _, Tuple<Broadcasted<CuArrayStyle<2, DeviceMemory>, void, _, Tuple<Extruded<CuDeviceArray<Float64, 2, 1>, Tuple<Bool, Bool>, Tuple<Int64, Int64>>, Extruded<SubArray<Float64, 2, CuDeviceArray<Float64, 2, 1>, Tuple<UnitRange<Int64>, Slice<OneTo<Int64>>>, false>, Tuple<Bool, Bool>, Tuple<Int64, Int64>>>>, Broadcasted<CuArrayStyle<2, DeviceMemory>, void, _, Tuple<Extruded<CuDeviceArray<Float64, 2, 1>, Tuple<Bool, Bool>, Tuple<Int64, Int64>>, Extruded<SubArray<Float64, 2, CuDeviceArray<Float64, 2, 1>, Tuple<UnitRange<Int64>, Slice<OneTo<Int64>>>, false>, Tuple<Bool, Bool>, Tuple<Int64, Int64>>>>>>) │
│ 1994 │  32.56 ms │ 715.26 ns │       - │        - │    - │                  - │     8 bytes │  10.667 MiB/s │ [copy pageable to device memory]                                                                                                                                                                                                                                                                                                                                                                                                                                                                                                                                                                                                                                                                                                                                                                                                                                                                                                                                                                                                                                                                                │
│ 2000 │  32.57 ms │ 715.26 ns │       - │        - │    - │                  - │     8 bytes │  10.667 MiB/s │ [copy pageable to device memory]                                                                                                                                                                                                                                                                                                                                                                                                                                                                                                                                                                                                                                                                                                                                                                                                                                                                                                                                                                                                                                                                                │
│ 2013 │  32.58 ms │   2.38 µs │     128 │      1×2 │   98 │  20.000 KiB static │           - │             - │ void gemmSN_NN_kernel<double, 128, 2, 4, 8, 4, 4, false, cublasGemvTensorStridedBatched<double const>, cublasGemvTensorStridedBatched<double const>, cublasGemvTensorStridedBatched<double>>(cublasGemmSmallNParams<cublasGemvTensorStridedBatched<double const>, cublasGemvTensorStridedBatched<double const>, cublasGemvTensorStridedBatched<double>, double>)                                                                                                                                                                                                                                                                                                                                                                                                                                                                                                                                                                                                                                                                                                                                                │
│ 2024 │   32.6 ms │ 953.67 ns │       - │        - │    - │                  - │     8 bytes │   8.000 MiB/s │ [copy pageable to device memory]                                                                                                                                                                                                                                                                                                                                                                                                                                                                                                                                                                                                                                                                                                                                                                                                                                                                                                                                                                                                                                                                                │
│ 2030 │   32.6 ms │ 476.84 ns │       - │        - │    - │                  - │     8 bytes │  16.000 MiB/s │ [copy pageable to device memory]                                                                                                                                                                                                                                                                                                                                                                                                                                                                                                                                                                                                                                                                                                                                                                                                                                                                                                                                                                                                                                                                                │
│ 2043 │  32.61 ms │   2.15 µs │     128 │      1×2 │   98 │  20.000 KiB static │           - │             - │ void gemmSN_NN_kernel<double, 128, 2, 4, 8, 4, 4, false, cublasGemvTensorStridedBatched<double const>, cublasGemvTensorStridedBatched<double const>, cublasGemvTensorStridedBatched<double>>(cublasGemmSmallNParams<cublasGemvTensorStridedBatched<double const>, cublasGemvTensorStridedBatched<double const>, cublasGemvTensorStridedBatched<double>, double>)                                                                                                                                                                                                                                                                                                                                                                                                                                                                                                                                                                                                                                                                                                                                                │
│ 2054 │  32.63 ms │ 715.26 ns │       - │        - │    - │                  - │     8 bytes │  10.667 MiB/s │ [copy pageable to device memory]                                                                                                                                                                                                                                                                                                                                                                                                                                                                                                                                                                                                                                                                                                                                                                                                                                                                                                                                                                                                                                                                                │
│ 2060 │  32.63 ms │ 715.26 ns │       - │        - │    - │                  - │     8 bytes │  10.667 MiB/s │ [copy pageable to device memory]                                                                                                                                                                                                                                                                                                                                                                                                                                                                                                                                                                                                                                                                                                                                                                                                                                                                                                                                                                                                                                                                                │
│ 2073 │  32.64 ms │   2.38 µs │     128 │      1×2 │   98 │  20.000 KiB static │           - │             - │ void gemmSN_NN_kernel<double, 128, 2, 4, 8, 4, 4, false, cublasGemvTensorStridedBatched<double const>, cublasGemvTensorStridedBatched<double const>, cublasGemvTensorStridedBatched<double>>(cublasGemmSmallNParams<cublasGemvTensorStridedBatched<double const>, cublasGemvTensorStridedBatched<double const>, cublasGemvTensorStridedBatched<double>, double>)                                                                                                                                                                                                                                                                                                                                                                                                                                                                                                                                                                                                                                                                                                                                                │
│ 2122 │  32.66 ms │   1.19 µs │     128 │        1 │   26 │                  - │           - │             - │ gpu_broadcast_kernel_cartesian(CompilerMetadata<DynamicSize, DynamicCheck, void, CartesianIndices<2, Tuple<OneTo<Int64>, OneTo<Int64>>>, NDRange<2, DynamicSize, DynamicSize, CartesianIndices<2, Tuple<OneTo<Int64>, OneTo<Int64>>>, CartesianIndices<2, Tuple<OneTo<Int64>, OneTo<Int64>>>>>, SubArray<Float64, 2, CuDeviceArray<Float64, 2, 1>, Tuple<UnitRange<Int64>, Slice<OneTo<Int64>>>, false>, Broadcasted<CuArrayStyle<2, DeviceMemory>, Tuple<OneTo<Int64>, OneTo<Int64>>, _, Tuple<Broadcasted<CuArrayStyle<2, DeviceMemory>, void, _, Tuple<Extruded<CuDeviceArray<Float64, 2, 1>, Tuple<Bool, Bool>, Tuple<Int64, Int64>>, Extruded<SubArray<Float64, 2, CuDeviceArray<Float64, 2, 1>, Tuple<UnitRange<Int64>, Slice<OneTo<Int64>>>, false>, Tuple<Bool, Bool>, Tuple<Int64, Int64>>>>, Broadcasted<CuArrayStyle<2, DeviceMemory>, void, _, Tuple<Extruded<CuDeviceArray<Float64, 2, 1>, Tuple<Bool, Bool>, Tuple<Int64, Int64>>, Extruded<SubArray<Float64, 2, CuDeviceArray<Float64, 2, 1>, Tuple<UnitRange<Int64>, Slice<OneTo<Int64>>>, false>, Tuple<Bool, Bool>, Tuple<Int64, Int64>>>>>>) │
│ 2170 │  32.68 ms │   1.19 µs │     128 │        1 │   26 │                  - │           - │             - │ gpu_broadcast_kernel_cartesian(CompilerMetadata<DynamicSize, DynamicCheck, void, CartesianIndices<2, Tuple<OneTo<Int64>, OneTo<Int64>>>, NDRange<2, DynamicSize, DynamicSize, CartesianIndices<2, Tuple<OneTo<Int64>, OneTo<Int64>>>, CartesianIndices<2, Tuple<OneTo<Int64>, OneTo<Int64>>>>>, SubArray<Float64, 2, CuDeviceArray<Float64, 2, 1>, Tuple<UnitRange<Int64>, Slice<OneTo<Int64>>>, false>, Broadcasted<CuArrayStyle<2, DeviceMemory>, Tuple<OneTo<Int64>, OneTo<Int64>>, _, Tuple<Broadcasted<CuArrayStyle<2, DeviceMemory>, void, _, Tuple<Extruded<CuDeviceArray<Float64, 2, 1>, Tuple<Bool, Bool>, Tuple<Int64, Int64>>, Extruded<SubArray<Float64, 2, CuDeviceArray<Float64, 2, 1>, Tuple<UnitRange<Int64>, Slice<OneTo<Int64>>>, false>, Tuple<Bool, Bool>, Tuple<Int64, Int64>>>>, Broadcasted<CuArrayStyle<2, DeviceMemory>, void, _, Tuple<Extruded<CuDeviceArray<Float64, 2, 1>, Tuple<Bool, Bool>, Tuple<Int64, Int64>>, Extruded<SubArray<Float64, 2, CuDeviceArray<Float64, 2, 1>, Tuple<UnitRange<Int64>, Slice<OneTo<Int64>>>, false>, Tuple<Bool, Bool>, Tuple<Int64, Int64>>>>>>) │
│ 2180 │   32.7 ms │ 953.67 ns │       - │        - │    - │                  - │     8 bytes │   8.000 MiB/s │ [copy pageable to device memory]                                                                                                                                                                                                                                                                                                                                                                                                                                                                                                                                                                                                                                                                                                                                                                                                                                                                                                                                                                                                                                                                                │
│ 2186 │   32.7 ms │ 715.26 ns │       - │        - │    - │                  - │     8 bytes │  10.667 MiB/s │ [copy pageable to device memory]                                                                                                                                                                                                                                                                                                                                                                                                                                                                                                                                                                                                                                                                                                                                                                                                                                                                                                                                                                                                                                                                                │
│ 2199 │  32.71 ms │   2.38 µs │     128 │      1×2 │   98 │  20.000 KiB static │           - │             - │ void gemmSN_NN_kernel<double, 128, 2, 4, 8, 4, 4, false, cublasGemvTensorStridedBatched<double const>, cublasGemvTensorStridedBatched<double const>, cublasGemvTensorStridedBatched<double>>(cublasGemmSmallNParams<cublasGemvTensorStridedBatched<double const>, cublasGemvTensorStridedBatched<double const>, cublasGemvTensorStridedBatched<double>, double>)                                                                                                                                                                                                                                                                                                                                                                                                                                                                                                                                                                                                                                                                                                                                                │
│ 2218 │  32.72 ms │   1.91 µs │     256 │        1 │   32 │                  - │           - │             - │ _cuda_rotate_z_scatter_accumulate_kernel_(CuDeviceArray<Float64, 2, 1>, CuDeviceArray<Float64, 2, 1>, CuDeviceArray<Int64, 1, 1>, CuDeviceArray<Int64, 1, 1>, CuDeviceArray<Float64, 1, 1>, CuDeviceArray<Float64, 1, 1>, CuDeviceArray<Int64, 1, 1>, CuDeviceArray<Float64, 1, 1>)                                                                                                                                                                                                                                                                                                                                                                                                                                                                                                                                                                                                                                                                                                                                                                                                                             │
│ 2226 │  39.35 ms │    3.1 µs │    1024 │      732 │   18 │                  - │           - │             - │ gpu_fill_kernel_(CompilerMetadata<DynamicSize, DynamicCheck, void, CartesianIndices<1, Tuple<OneTo<Int64>>>, NDRange<1, DynamicSize, DynamicSize, CartesianIndices<1, Tuple<OneTo<Int64>>>, CartesianIndices<1, Tuple<OneTo<Int64>>>>>, CuDeviceArray<Float64, 2, 1>, Float64)                                                                                                                                                                                                                                                                                                                                                                                                                                                                                                                                                                                                                                                                                                                                                                                                                                  │
│ 2238 │  39.37 ms │   2.62 µs │     256 │      435 │   32 │                  - │           - │             - │ _cuda_hier_route_flags_kernel_(CuDeviceArray<Int32, 1, 1>, CuDeviceArray<Int32, 1, 1>, CuDeviceArray<Int64, 2, 1>, CuDeviceArray<Int32, 2, 1>, CuDeviceArray<Int32, 2, 1>, Int64, Int64, Int64, Int64, Int64, Int64)                                                                                                                                                                                                                                                                                                                                                                                                                                                                                                                                                                                                                                                                                                                                                                                                                                                                                            │
│ 2250 │   39.4 ms │   4.77 µs │    1024 │      109 │   32 │  8.000 KiB dynamic │           - │             - │ partial_scan(_, CuDeviceArray<Int32, 1, 1>, CuDeviceArray<Int32, 1, 1>, CartesianIndices<1, Tuple<OneTo<Int64>>>, CartesianIndices<0, Tuple<>>, CartesianIndices<0, Tuple<>>, CartesianIndices<2, Tuple<OneTo<Int64>, OneTo<Int64>>>, Int32, void, Val<true>)                                                                                                                                                                                                                                                                                                                                                                                                                                                                                                                                                                                                                                                                                                                                                                                                                                                   │
│ 2256 │  39.43 ms │ 953.67 ns │       - │        - │    - │                  - │   436 bytes │ 436.000 MiB/s │ [set device memory]                                                                                                                                                                                                                                                                                                                                                                                                                                                                                                                                                                                                                                                                                                                                                                                                                                                                                                                                                                                                                                                                                             │
│ 2268 │  39.45 ms │ 953.67 ns │      64 │        2 │   16 │                  - │           - │             - │ gpu_linear_copy_kernel_(CompilerMetadata<DynamicSize, DynamicCheck, void, CartesianIndices<1, Tuple<OneTo<Int64>>>, NDRange<1, DynamicSize, DynamicSize, CartesianIndices<1, Tuple<OneTo<Int64>>>, CartesianIndices<1, Tuple<OneTo<Int64>>>>>, CuDeviceArray<Int32, 1, 1>, Int64, SubArray<Int32, 1, CuDeviceArray<Int32, 1, 1>, Tuple<StepRange<Int64, Int64>>, true>, Int64, Int64)                                                                                                                                                                                                                                                                                                                                                                                                                                                                                                                                                                                                                                                                                                                           │
│ 2280 │  39.49 ms │   2.15 µs │     128 │        1 │   32 │ 1024 bytes dynamic │           - │             - │ scan                                                                                                                                                                                                                                                                                                                                                                                                                                                                                                                                                                                                                                                                                                                                                                                                                                                                                                                                                                                                                                                                                                            │
│ 2286 │  39.51 ms │   1.43 µs │    1024 │      109 │   32 │                  - │           - │             - │ aggregate_partial_scan(_, CuDeviceArray<Int32, 1, 1>, CuDeviceArray<Int32, 1, 1>, CartesianIndices<1, Tuple<OneTo<Int64>>>, CartesianIndices<0, Tuple<>>, CartesianIndices<0, Tuple<>>, CartesianIndices<2, Tuple<OneTo<Int64>, OneTo<Int64>>>, void)                                                                                                                                                                                                                                                                                                                                                                                                                                                                                                                                                                                                                                                                                                                                                                                                                                                           │
│ 2294 │  39.53 ms │   1.67 µs │     256 │        7 │   16 │                  - │           - │             - │ _cuda_hier_window_cum_kernel_(CuDeviceArray<Int32, 1, 1>, CuDeviceArray<Int32, 1, 1>, Int64, Int64)                                                                                                                                                                                                                                                                                                                                                                                                                                                                                                                                                                                                                                                                                                                                                                                                                                                                                                                                                                                                             │
│ 2304 │  39.55 ms │   3.58 µs │       - │        - │    - │                  - │   6.797 KiB │   1.812 GiB/s │ [copy device to pinned memory]                                                                                                                                                                                                                                                                                                                                                                                                                                                                                                                                                                                                                                                                                                                                                                                                                                                                                                                                                                                                                                                                                  │
│ 2356 │  39.58 ms │   2.15 µs │     256 │      435 │   32 │                  - │           - │             - │ _cuda_hier_route_compact_kernel_(CuDeviceArray<Int64, 1, 1>, CuDeviceArray<Int64, 2, 1>, CuDeviceArray<Int64, 1, 1>, CuDeviceArray<Int64, 1, 1>, CuDeviceArray<Int32, 1, 1>, CuDeviceArray<Int32, 1, 1>, CuDeviceArray<Int32, 1, 1>, CuDeviceArray<Int32, 1, 1>, CuDeviceArray<Int64, 2, 1>, CuDeviceArray<Int32, 2, 1>, Int64, Int64, Int64, Int64, Int64, Int64, Int64)                                                                                                                                                                                                                                                                                                                                                                                                                                                                                                                                                                                                                                                                                                                                       │
│ 2376 │  39.61 ms │   5.25 µs │      32 │      752 │   37 │  128 bytes dynamic │           - │             - │ _cuda_hier_dense_fused_kernel_(CuDeviceArray<Float64, 2, 1>, CuDeviceArray<Float64, 2, 1>, CuDeviceArray<Float64, 3, 1>, CuDeviceArray<Int32, 1, 1>, CuDeviceArray<Int64, 1, 1>, CuDeviceArray<Int64, 1, 1>, CuDeviceArray<Float64, 2, 1>, CuDeviceArray<Float64, 2, 1>, CuDeviceArray<Int64, 1, 1>, CuDeviceArray<Int64, 1, 1>, Int64, CuDeviceArray<Float64, 2, 1>, CuDeviceArray<Float64, 2, 1>, Int64, Val<false>)                                                                                                                                                                                                                                                                                                                                                                                                                                                                                                                                                                                                                                                                                          │
│ 2388 │  39.62 ms │   7.15 µs │     256 │     3480 │   32 │                  - │           - │             - │ _cuda_hier_route_flags_kernel_(CuDeviceArray<Int32, 1, 1>, CuDeviceArray<Int32, 1, 1>, CuDeviceArray<Int64, 2, 1>, CuDeviceArray<Int32, 2, 1>, CuDeviceArray<Int32, 2, 1>, Int64, Int64, Int64, Int64, Int64, Int64)                                                                                                                                                                                                                                                                                                                                                                                                                                                                                                                                                                                                                                                                                                                                                                                                                                                                                            │
│ 2400 │  39.63 ms │  17.17 µs │    1024 │      870 │   32 │  8.000 KiB dynamic │           - │             - │ partial_scan(_, CuDeviceArray<Int32, 1, 1>, CuDeviceArray<Int32, 1, 1>, CartesianIndices<1, Tuple<OneTo<Int64>>>, CartesianIndices<0, Tuple<>>, CartesianIndices<0, Tuple<>>, CartesianIndices<2, Tuple<OneTo<Int64>, OneTo<Int64>>>, Int32, void, Val<true>)                                                                                                                                                                                                                                                                                                                                                                                                                                                                                                                                                                                                                                                                                                                                                                                                                                                   │
│ 2406 │  39.65 ms │   1.43 µs │       - │        - │    - │                  - │   3.398 KiB │   2.266 GiB/s │ [set device memory]                                                                                                                                                                                                                                                                                                                                                                                                                                                                                                                                                                                                                                                                                                                                                                                                                                                                                                                                                                                                                                                                                             │
│ 2418 │  39.65 ms │   1.43 µs │     512 │        2 │   16 │                  - │           - │             - │ gpu_linear_copy_kernel_(CompilerMetadata<DynamicSize, DynamicCheck, void, CartesianIndices<1, Tuple<OneTo<Int64>>>, NDRange<1, DynamicSize, DynamicSize, CartesianIndices<1, Tuple<OneTo<Int64>>>, CartesianIndices<1, Tuple<OneTo<Int64>>>>>, CuDeviceArray<Int32, 1, 1>, Int64, SubArray<Int32, 1, CuDeviceArray<Int32, 1, 1>, Tuple<StepRange<Int64, Int64>>, true>, Int64, Int64)                                                                                                                                                                                                                                                                                                                                                                                                                                                                                                                                                                                                                                                                                                                           │
│ 2430 │  39.67 ms │   3.81 µs │    1024 │        1 │   32 │  8.000 KiB dynamic │           - │             - │ scan                                                                                                                                                                                                                                                                                                                                                                                                                                                                                                                                                                                                                                                                                                                                                                                                                                                                                                                                                                                                                                                                                                            │
│ 2436 │  39.68 ms │   3.81 µs │    1024 │      870 │   32 │                  - │           - │             - │ aggregate_partial_scan(_, CuDeviceArray<Int32, 1, 1>, CuDeviceArray<Int32, 1, 1>, CartesianIndices<1, Tuple<OneTo<Int64>>>, CartesianIndices<0, Tuple<>>, CartesianIndices<0, Tuple<>>, CartesianIndices<2, Tuple<OneTo<Int64>, OneTo<Int64>>>, void)                                                                                                                                                                                                                                                                                                                                                                                                                                                                                                                                                                                                                                                                                                                                                                                                                                                           │
│ 2444 │  39.69 ms │   1.19 µs │     256 │        7 │   16 │                  - │           - │             - │ _cuda_hier_window_cum_kernel_(CuDeviceArray<Int32, 1, 1>, CuDeviceArray<Int32, 1, 1>, Int64, Int64)                                                                                                                                                                                                                                                                                                                                                                                                                                                                                                                                                                                                                                                                                                                                                                                                                                                                                                                                                                                                             │
│ 2468 │   39.7 ms │   2.38 µs │       - │        - │    - │                  - │   6.797 KiB │   2.719 GiB/s │ [copy device to pinned memory]                                                                                                                                                                                                                                                                                                                                                                                                                                                                                                                                                                                                                                                                                                                                                                                                                                                                                                                                                                                                                                                                                  │
│ 2520 │  39.72 ms │   5.72 µs │     256 │     3480 │   32 │                  - │           - │             - │ _cuda_hier_route_compact_kernel_(CuDeviceArray<Int64, 1, 1>, CuDeviceArray<Int64, 2, 1>, CuDeviceArray<Int64, 1, 1>, CuDeviceArray<Int64, 1, 1>, CuDeviceArray<Int32, 1, 1>, CuDeviceArray<Int32, 1, 1>, CuDeviceArray<Int32, 1, 1>, CuDeviceArray<Int32, 1, 1>, CuDeviceArray<Int64, 2, 1>, CuDeviceArray<Int32, 2, 1>, Int64, Int64, Int64, Int64, Int64, Int64, Int64)                                                                                                                                                                                                                                                                                                                                                                                                                                                                                                                                                                                                                                                                                                                                       │
│ 2540 │  39.73 ms │ 118.26 µs │      32 │   160192 │   37 │  128 bytes dynamic │           - │             - │ _cuda_hier_dense_fused_kernel_(CuDeviceArray<Float64, 2, 1>, CuDeviceArray<Float64, 2, 1>, CuDeviceArray<Float64, 3, 1>, CuDeviceArray<Int32, 1, 1>, CuDeviceArray<Int64, 1, 1>, CuDeviceArray<Int64, 1, 1>, CuDeviceArray<Float64, 2, 1>, CuDeviceArray<Float64, 2, 1>, CuDeviceArray<Int64, 1, 1>, CuDeviceArray<Int64, 1, 1>, Int64, CuDeviceArray<Float64, 2, 1>, CuDeviceArray<Float64, 2, 1>, Int64, Val<false>)                                                                                                                                                                                                                                                                                                                                                                                                                                                                                                                                                                                                                                                                                          │
│ 2552 │  39.85 ms │  44.11 µs │     256 │    27840 │   32 │                  - │           - │             - │ _cuda_hier_route_flags_kernel_(CuDeviceArray<Int32, 1, 1>, CuDeviceArray<Int32, 1, 1>, CuDeviceArray<Int64, 2, 1>, CuDeviceArray<Int32, 2, 1>, CuDeviceArray<Int32, 2, 1>, Int64, Int64, Int64, Int64, Int64, Int64)                                                                                                                                                                                                                                                                                                                                                                                                                                                                                                                                                                                                                                                                                                                                                                                                                                                                                            │
│ 2564 │   39.9 ms │  126.6 µs │    1024 │     6960 │   32 │  8.000 KiB dynamic │           - │             - │ partial_scan(_, CuDeviceArray<Int32, 1, 1>, CuDeviceArray<Int32, 1, 1>, CartesianIndices<1, Tuple<OneTo<Int64>>>, CartesianIndices<0, Tuple<>>, CartesianIndices<0, Tuple<>>, CartesianIndices<2, Tuple<OneTo<Int64>, OneTo<Int64>>>, Int32, void, Val<true>)                                                                                                                                                                                                                                                                                                                                                                                                                                                                                                                                                                                                                                                                                                                                                                                                                                                   │
│ 2570 │  40.02 ms │ 953.67 ns │       - │        - │    - │                  - │  27.188 KiB │  27.188 GiB/s │ [set device memory]                                                                                                                                                                                                                                                                                                                                                                                                                                                                                                                                                                                                                                                                                                                                                                                                                                                                                                                                                                                                                                                                                             │
│ 2582 │  40.03 ms │   1.91 µs │    1024 │        7 │   16 │                  - │           - │             - │ gpu_linear_copy_kernel_(CompilerMetadata<DynamicSize, DynamicCheck, void, CartesianIndices<1, Tuple<OneTo<Int64>>>, NDRange<1, DynamicSize, DynamicSize, CartesianIndices<1, Tuple<OneTo<Int64>>>, CartesianIndices<1, Tuple<OneTo<Int64>>>>>, CuDeviceArray<Int32, 1, 1>, Int64, SubArray<Int32, 1, CuDeviceArray<Int32, 1, 1>, Tuple<StepRange<Int64, Int64>>, true>, Int64, Int64)                                                                                                                                                                                                                                                                                                                                                                                                                                                                                                                                                                                                                                                                                                                           │
│ 2594 │  40.03 ms │   4.53 µs │    1024 │        7 │   32 │  8.000 KiB dynamic │           - │             - │ partial_scan(_, CuDeviceArray<Int32, 1, 1>, CuDeviceArray<Int32, 1, 1>, CartesianIndices<1, Tuple<OneTo<Int64>>>, CartesianIndices<0, Tuple<>>, CartesianIndices<0, Tuple<>>, CartesianIndices<2, Tuple<OneTo<Int64>, OneTo<Int64>>>, Int32, void, Val<true>)                                                                                                                                                                                                                                                                                                                                                                                                                                                                                                                                                                                                                                                                                                                                                                                                                                                   │
│ 2600 │  40.04 ms │ 953.67 ns │       - │        - │    - │                  - │    28 bytes │  28.000 MiB/s │ [set device memory]                                                                                                                                                                                                                                                                                                                                                                                                                                                                                                                                                                                                                                                                                                                                                                                                                                                                                                                                                                                                                                                                                             │
│ 2612 │  40.04 ms │   1.19 µs │       6 │        1 │   16 │                  - │           - │             - │ gpu_linear_copy_kernel_(CompilerMetadata<DynamicSize, DynamicCheck, void, CartesianIndices<1, Tuple<OneTo<Int64>>>, NDRange<1, DynamicSize, DynamicSize, CartesianIndices<1, Tuple<OneTo<Int64>>>, CartesianIndices<1, Tuple<OneTo<Int64>>>>>, CuDeviceArray<Int32, 1, 1>, Int64, SubArray<Int32, 1, CuDeviceArray<Int32, 1, 1>, Tuple<StepRange<Int64, Int64>>, true>, Int64, Int64)                                                                                                                                                                                                                                                                                                                                                                                                                                                                                                                                                                                                                                                                                                                           │
│ 2624 │  40.04 ms │   1.67 µs │       8 │        1 │   32 │   64 bytes dynamic │           - │             - │ scan                                                                                                                                                                                                                                                                                                                                                                                                                                                                                                                                                                                                                                                                                                                                                                                                                                                                                                                                                                                                                                                                                                            │
│ 2630 │  40.04 ms │ 953.67 ns │    1024 │        7 │   32 │                  - │           - │             - │ aggregate_partial_scan(_, CuDeviceArray<Int32, 1, 1>, CuDeviceArray<Int32, 1, 1>, CartesianIndices<1, Tuple<OneTo<Int64>>>, CartesianIndices<0, Tuple<>>, CartesianIndices<0, Tuple<>>, CartesianIndices<2, Tuple<OneTo<Int64>, OneTo<Int64>>>, void)                                                                                                                                                                                                                                                                                                                                                                                                                                                                                                                                                                                                                                                                                                                                                                                                                                                           │
│ 2638 │  40.05 ms │  26.23 µs │    1024 │     6960 │   32 │                  - │           - │             - │ aggregate_partial_scan(_, CuDeviceArray<Int32, 1, 1>, CuDeviceArray<Int32, 1, 1>, CartesianIndices<1, Tuple<OneTo<Int64>>>, CartesianIndices<0, Tuple<>>, CartesianIndices<0, Tuple<>>, CartesianIndices<2, Tuple<OneTo<Int64>, OneTo<Int64>>>, void)                                                                                                                                                                                                                                                                                                                                                                                                                                                                                                                                                                                                                                                                                                                                                                                                                                                           │
│ 2646 │  40.08 ms │   1.19 µs │     256 │        7 │   16 │                  - │           - │             - │ _cuda_hier_window_cum_kernel_(CuDeviceArray<Int32, 1, 1>, CuDeviceArray<Int32, 1, 1>, Int64, Int64)                                                                                                                                                                                                                                                                                                                                                                                                                                                                                                                                                                                                                                                                                                                                                                                                                                                                                                                                                                                                             │
│ 3166 │  40.15 ms │   2.62 µs │       - │        - │    - │                  - │   6.797 KiB │   2.472 GiB/s │ [copy device to pinned memory]                                                                                                                                                                                                                                                                                                                                                                                                                                                                                                                                                                                                                                                                                                                                                                                                                                                                                                                                                                                                                                                                                  │
│ 3212 │  40.17 ms │   60.8 µs │     256 │    27840 │   32 │                  - │           - │             - │ _cuda_hier_route_compact_kernel_(CuDeviceArray<Int64, 1, 1>, CuDeviceArray<Int64, 2, 1>, CuDeviceArray<Int64, 1, 1>, CuDeviceArray<Int64, 1, 1>, CuDeviceArray<Int32, 1, 1>, CuDeviceArray<Int32, 1, 1>, CuDeviceArray<Int32, 1, 1>, CuDeviceArray<Int32, 1, 1>, CuDeviceArray<Int64, 2, 1>, CuDeviceArray<Int32, 2, 1>, Int64, Int64, Int64, Int64, Int64, Int64, Int64)                                                                                                                                                                                                                                                                                                                                                                                                                                                                                                                                                                                                                                                                                                                                       │
│ 3232 │  40.23 ms │   2.21 ms │      32 │  2874464 │   37 │  128 bytes dynamic │           - │             - │ _cuda_hier_dense_fused_kernel_(CuDeviceArray<Float64, 2, 1>, CuDeviceArray<Float64, 2, 1>, CuDeviceArray<Float64, 3, 1>, CuDeviceArray<Int32, 1, 1>, CuDeviceArray<Int64, 1, 1>, CuDeviceArray<Int64, 1, 1>, CuDeviceArray<Float64, 2, 1>, CuDeviceArray<Float64, 2, 1>, CuDeviceArray<Int64, 1, 1>, CuDeviceArray<Int64, 1, 1>, Int64, CuDeviceArray<Float64, 2, 1>, CuDeviceArray<Float64, 2, 1>, Int64, Val<false>)                                                                                                                                                                                                                                                                                                                                                                                                                                                                                                                                                                                                                                                                                          │
│ 3244 │  42.45 ms │ 357.15 µs │     256 │   222720 │   32 │                  - │           - │             - │ _cuda_hier_route_flags_kernel_(CuDeviceArray<Int32, 1, 1>, CuDeviceArray<Int32, 1, 1>, CuDeviceArray<Int64, 2, 1>, CuDeviceArray<Int32, 2, 1>, CuDeviceArray<Int32, 2, 1>, Int64, Int64, Int64, Int64, Int64, Int64)                                                                                                                                                                                                                                                                                                                                                                                                                                                                                                                                                                                                                                                                                                                                                                                                                                                                                            │
│ 3256 │  42.81 ms │   1.02 ms │    1024 │    55680 │   32 │  8.000 KiB dynamic │           - │             - │ partial_scan(_, CuDeviceArray<Int32, 1, 1>, CuDeviceArray<Int32, 1, 1>, CartesianIndices<1, Tuple<OneTo<Int64>>>, CartesianIndices<0, Tuple<>>, CartesianIndices<0, Tuple<>>, CartesianIndices<2, Tuple<OneTo<Int64>, OneTo<Int64>>>, Int32, void, Val<true>)                                                                                                                                                                                                                                                                                                                                                                                                                                                                                                                                                                                                                                                                                                                                                                                                                                                   │
│ 3262 │  43.83 ms │   1.19 µs │       - │        - │    - │                  - │ 217.500 KiB │ 174.000 GiB/s │ [set device memory]                                                                                                                                                                                                                                                                                                                                                                                                                                                                                                                                                                                                                                                                                                                                                                                                                                                                                                                                                                                                                                                                                             │
│ 3274 │  43.83 ms │   4.05 µs │    1024 │       55 │   16 │                  - │           - │             - │ gpu_linear_copy_kernel_(CompilerMetadata<DynamicSize, DynamicCheck, void, CartesianIndices<1, Tuple<OneTo<Int64>>>, NDRange<1, DynamicSize, DynamicSize, CartesianIndices<1, Tuple<OneTo<Int64>>>, CartesianIndices<1, Tuple<OneTo<Int64>>>>>, CuDeviceArray<Int32, 1, 1>, Int64, SubArray<Int32, 1, CuDeviceArray<Int32, 1, 1>, Tuple<StepRange<Int64, Int64>>, true>, Int64, Int64)                                                                                                                                                                                                                                                                                                                                                                                                                                                                                                                                                                                                                                                                                                                           │
│ 3286 │  43.83 ms │   4.05 µs │    1024 │       55 │   32 │  8.000 KiB dynamic │           - │             - │ partial_scan(_, CuDeviceArray<Int32, 1, 1>, CuDeviceArray<Int32, 1, 1>, CartesianIndices<1, Tuple<OneTo<Int64>>>, CartesianIndices<0, Tuple<>>, CartesianIndices<0, Tuple<>>, CartesianIndices<2, Tuple<OneTo<Int64>, OneTo<Int64>>>, Int32, void, Val<true>)                                                                                                                                                                                                                                                                                                                                                                                                                                                                                                                                                                                                                                                                                                                                                                                                                                                   │
│ 3292 │  43.84 ms │ 953.67 ns │       - │        - │    - │                  - │   220 bytes │ 220.000 MiB/s │ [set device memory]                                                                                                                                                                                                                                                                                                                                                                                                                                                                                                                                                                                                                                                                                                                                                                                                                                                                                                                                                                                                                                                                                             │
│ 3304 │  43.84 ms │ 953.67 ns │      54 │        1 │   16 │                  - │           - │             - │ gpu_linear_copy_kernel_(CompilerMetadata<DynamicSize, DynamicCheck, void, CartesianIndices<1, Tuple<OneTo<Int64>>>, NDRange<1, DynamicSize, DynamicSize, CartesianIndices<1, Tuple<OneTo<Int64>>>, CartesianIndices<1, Tuple<OneTo<Int64>>>>>, CuDeviceArray<Int32, 1, 1>, Int64, SubArray<Int32, 1, CuDeviceArray<Int32, 1, 1>, Tuple<StepRange<Int64, Int64>>, true>, Int64, Int64)                                                                                                                                                                                                                                                                                                                                                                                                                                                                                                                                                                                                                                                                                                                           │
│ 3316 │  43.84 ms │   2.15 µs │      64 │        1 │   32 │  512 bytes dynamic │           - │             - │ scan                                                                                                                                                                                                                                                                                                                                                                                                                                                                                                                                                                                                                                                                                                                                                                                                                                                                                                                                                                                                                                                                                                            │
│ 3322 │  43.85 ms │   1.43 µs │    1024 │       55 │   32 │                  - │           - │             - │ aggregate_partial_scan(_, CuDeviceArray<Int32, 1, 1>, CuDeviceArray<Int32, 1, 1>, CartesianIndices<1, Tuple<OneTo<Int64>>>, CartesianIndices<0, Tuple<>>, CartesianIndices<0, Tuple<>>, CartesianIndices<2, Tuple<OneTo<Int64>, OneTo<Int64>>>, void)                                                                                                                                                                                                                                                                                                                                                                                                                                                                                                                                                                                                                                                                                                                                                                                                                                                           │
│ 3330 │  43.85 ms │ 243.43 µs │    1024 │    55680 │   32 │                  - │           - │             - │ aggregate_partial_scan(_, CuDeviceArray<Int32, 1, 1>, CuDeviceArray<Int32, 1, 1>, CartesianIndices<1, Tuple<OneTo<Int64>>>, CartesianIndices<0, Tuple<>>, CartesianIndices<0, Tuple<>>, CartesianIndices<2, Tuple<OneTo<Int64>, OneTo<Int64>>>, void)                                                                                                                                                                                                                                                                                                                                                                                                                                                                                                                                                                                                                                                                                                                                                                                                                                                           │
│ 3338 │   44.1 ms │   1.67 µs │     256 │        7 │   16 │                  - │           - │             - │ _cuda_hier_window_cum_kernel_(CuDeviceArray<Int32, 1, 1>, CuDeviceArray<Int32, 1, 1>, Int64, Int64)                                                                                                                                                                                                                                                                                                                                                                                                                                                                                                                                                                                                                                                                                                                                                                                                                                                                                                                                                                                                             │
│ 3858 │  44.13 ms │   2.38 µs │       - │        - │    - │                  - │   6.797 KiB │   2.719 GiB/s │ [copy device to pinned memory]                                                                                                                                                                                                                                                                                                                                                                                                                                                                                                                                                                                                                                                                                                                                                                                                                                                                                                                                                                                                                                                                                  │
│ 3910 │  44.15 ms │ 594.38 µs │     256 │   222720 │   32 │                  - │           - │             - │ _cuda_hier_route_compact_kernel_(CuDeviceArray<Int64, 1, 1>, CuDeviceArray<Int64, 2, 1>, CuDeviceArray<Int64, 1, 1>, CuDeviceArray<Int64, 1, 1>, CuDeviceArray<Int32, 1, 1>, CuDeviceArray<Int32, 1, 1>, CuDeviceArray<Int32, 1, 1>, CuDeviceArray<Int32, 1, 1>, CuDeviceArray<Int64, 2, 1>, CuDeviceArray<Int32, 2, 1>, Int64, Int64, Int64, Int64, Int64, Int64, Int64)                                                                                                                                                                                                                                                                                                                                                                                                                                                                                                                                                                                                                                                                                                                                       │
│ 3930 │  44.74 ms │   20.3 ms │      32 │ 31307680 │   37 │  128 bytes dynamic │           - │             - │ _cuda_hier_dense_fused_kernel_(CuDeviceArray<Float64, 2, 1>, CuDeviceArray<Float64, 2, 1>, CuDeviceArray<Float64, 3, 1>, CuDeviceArray<Int32, 1, 1>, CuDeviceArray<Int64, 1, 1>, CuDeviceArray<Int64, 1, 1>, CuDeviceArray<Float64, 2, 1>, CuDeviceArray<Float64, 2, 1>, CuDeviceArray<Int64, 1, 1>, CuDeviceArray<Int64, 1, 1>, Int64, CuDeviceArray<Float64, 2, 1>, CuDeviceArray<Float64, 2, 1>, Int64, Val<false>)                                                                                                                                                                                                                                                                                                                                                                                                                                                                                                                                                                                                                                                                                          │
│ 3958 │  65.04 ms │   1.91 µs │     128 │        1 │   30 │                  - │           - │             - │ gpu_broadcast_kernel_cartesian(CompilerMetadata<DynamicSize, DynamicCheck, void, CartesianIndices<2, Tuple<OneTo<Int64>, OneTo<Int64>>>, NDRange<2, DynamicSize, DynamicSize, CartesianIndices<2, Tuple<OneTo<Int64>, OneTo<Int64>>>, CartesianIndices<2, Tuple<OneTo<Int64>, OneTo<Int64>>>>>, CuDeviceArray<Float64, 2, 1>, Broadcasted<CuArrayStyle<2, DeviceMemory>, Tuple<OneTo<Int64>, OneTo<Int64>>, cos, Tuple<Broadcasted<CuArrayStyle<1, DeviceMemory>, void, _, Tuple<Extruded<CuDeviceArray<Float64, 1, 1>, Tuple<Bool>, Tuple<Int64>>, Extruded<Transpose<Float64, CuDeviceArray<Float64, 1, 1>>, Tuple<Bool, Bool>, Tuple<Int64, Int64>>>>>>)                                                                                                                                                                                                                                                                                                                                                                                                                                                     │
│ 3986 │  65.04 ms │   1.67 µs │     128 │        1 │   30 │                  - │           - │             - │ gpu_broadcast_kernel_cartesian(CompilerMetadata<DynamicSize, DynamicCheck, void, CartesianIndices<2, Tuple<OneTo<Int64>, OneTo<Int64>>>, NDRange<2, DynamicSize, DynamicSize, CartesianIndices<2, Tuple<OneTo<Int64>, OneTo<Int64>>>, CartesianIndices<2, Tuple<OneTo<Int64>, OneTo<Int64>>>>>, CuDeviceArray<Float64, 2, 1>, Broadcasted<CuArrayStyle<2, DeviceMemory>, Tuple<OneTo<Int64>, OneTo<Int64>>, sin, Tuple<Broadcasted<CuArrayStyle<1, DeviceMemory>, void, _, Tuple<Extruded<CuDeviceArray<Float64, 1, 1>, Tuple<Bool>, Tuple<Int64>>, Extruded<Transpose<Float64, CuDeviceArray<Float64, 1, 1>>, Tuple<Bool, Bool>, Tuple<Int64, Int64>>>>>>)                                                                                                                                                                                                                                                                                                                                                                                                                                                     │
│ 4004 │  65.05 ms │   2.15 µs │     256 │        1 │   32 │                  - │           - │             - │ _cuda_gather_rotate_z_kernel_(CuDeviceArray<Float64, 2, 1>, CuDeviceArray<Float64, 2, 1>, CuDeviceArray<Int64, 1, 1>, CuDeviceArray<Int64, 1, 1>, CuDeviceArray<Float64, 1, 1>, CuDeviceArray<Float64, 1, 1>, CuDeviceArray<Int64, 1, 1>, CuDeviceArray<Float64, 1, 1>, Float64)                                                                                                                                                                                                                                                                                                                                                                                                                                                                                                                                                                                                                                                                                                                                                                                                                                │
│ 4014 │  65.05 ms │ 953.67 ns │       - │        - │    - │                  - │     8 bytes │   8.000 MiB/s │ [copy pageable to device memory]                                                                                                                                                                                                                                                                                                                                                                                                                                                                                                                                                                                                                                                                                                                                                                                                                                                                                                                                                                                                                                                                                │
│ 4020 │  65.05 ms │ 953.67 ns │       - │        - │    - │                  - │     8 bytes │   8.000 MiB/s │ [copy pageable to device memory]                                                                                                                                                                                                                                                                                                                                                                                                                                                                                                                                                                                                                                                                                                                                                                                                                                                                                                                                                                                                                                                                                │
│ 4033 │  65.05 ms │   2.38 µs │     128 │      1×2 │   98 │  20.000 KiB static │           - │             - │ void gemmSN_NN_kernel<double, 128, 2, 4, 8, 4, 4, false, cublasGemvTensorStridedBatched<double const>, cublasGemvTensorStridedBatched<double const>, cublasGemvTensorStridedBatched<double>>(cublasGemmSmallNParams<cublasGemvTensorStridedBatched<double const>, cublasGemvTensorStridedBatched<double const>, cublasGemvTensorStridedBatched<double>, double>)                                                                                                                                                                                                                                                                                                                                                                                                                                                                                                                                                                                                                                                                                                                                                │
│ 4082 │  65.06 ms │   1.43 µs │     128 │        1 │   26 │                  - │           - │             - │ gpu_broadcast_kernel_cartesian(CompilerMetadata<DynamicSize, DynamicCheck, void, CartesianIndices<2, Tuple<OneTo<Int64>, OneTo<Int64>>>, NDRange<2, DynamicSize, DynamicSize, CartesianIndices<2, Tuple<OneTo<Int64>, OneTo<Int64>>>, CartesianIndices<2, Tuple<OneTo<Int64>, OneTo<Int64>>>>>, SubArray<Float64, 2, CuDeviceArray<Float64, 2, 1>, Tuple<UnitRange<Int64>, Slice<OneTo<Int64>>>, false>, Broadcasted<CuArrayStyle<2, DeviceMemory>, Tuple<OneTo<Int64>, OneTo<Int64>>, _, Tuple<Broadcasted<CuArrayStyle<2, DeviceMemory>, void, _, Tuple<Extruded<CuDeviceArray<Float64, 2, 1>, Tuple<Bool, Bool>, Tuple<Int64, Int64>>, Extruded<SubArray<Float64, 2, CuDeviceArray<Float64, 2, 1>, Tuple<UnitRange<Int64>, Slice<OneTo<Int64>>>, false>, Tuple<Bool, Bool>, Tuple<Int64, Int64>>>>, Broadcasted<CuArrayStyle<2, DeviceMemory>, void, _, Tuple<Extruded<CuDeviceArray<Float64, 2, 1>, Tuple<Bool, Bool>, Tuple<Int64, Int64>>, Extruded<SubArray<Float64, 2, CuDeviceArray<Float64, 2, 1>, Tuple<UnitRange<Int64>, Slice<OneTo<Int64>>>, false>, Tuple<Bool, Bool>, Tuple<Int64, Int64>>>>>>) │
│ 4130 │  65.06 ms │   1.19 µs │     128 │        1 │   26 │                  - │           - │             - │ gpu_broadcast_kernel_cartesian(CompilerMetadata<DynamicSize, DynamicCheck, void, CartesianIndices<2, Tuple<OneTo<Int64>, OneTo<Int64>>>, NDRange<2, DynamicSize, DynamicSize, CartesianIndices<2, Tuple<OneTo<Int64>, OneTo<Int64>>>, CartesianIndices<2, Tuple<OneTo<Int64>, OneTo<Int64>>>>>, SubArray<Float64, 2, CuDeviceArray<Float64, 2, 1>, Tuple<UnitRange<Int64>, Slice<OneTo<Int64>>>, false>, Broadcasted<CuArrayStyle<2, DeviceMemory>, Tuple<OneTo<Int64>, OneTo<Int64>>, _, Tuple<Broadcasted<CuArrayStyle<2, DeviceMemory>, void, _, Tuple<Extruded<CuDeviceArray<Float64, 2, 1>, Tuple<Bool, Bool>, Tuple<Int64, Int64>>, Extruded<SubArray<Float64, 2, CuDeviceArray<Float64, 2, 1>, Tuple<UnitRange<Int64>, Slice<OneTo<Int64>>>, false>, Tuple<Bool, Bool>, Tuple<Int64, Int64>>>>, Broadcasted<CuArrayStyle<2, DeviceMemory>, void, _, Tuple<Extruded<CuDeviceArray<Float64, 2, 1>, Tuple<Bool, Bool>, Tuple<Int64, Int64>>, Extruded<SubArray<Float64, 2, CuDeviceArray<Float64, 2, 1>, Tuple<UnitRange<Int64>, Slice<OneTo<Int64>>>, false>, Tuple<Bool, Bool>, Tuple<Int64, Int64>>>>>>) │
│ 4140 │  65.06 ms │ 715.26 ns │       - │        - │    - │                  - │     8 bytes │  10.667 MiB/s │ [copy pageable to device memory]                                                                                                                                                                                                                                                                                                                                                                                                                                                                                                                                                                                                                                                                                                                                                                                                                                                                                                                                                                                                                                                                                │
│ 4146 │  65.07 ms │ 715.26 ns │       - │        - │    - │                  - │     8 bytes │  10.667 MiB/s │ [copy pageable to device memory]                                                                                                                                                                                                                                                                                                                                                                                                                                                                                                                                                                                                                                                                                                                                                                                                                                                                                                                                                                                                                                                                                │
│ 4159 │  65.07 ms │   2.86 µs │     128 │      1×2 │   98 │  20.000 KiB static │           - │             - │ void gemmSN_NN_kernel<double, 128, 2, 4, 8, 4, 4, false, cublasGemvTensorStridedBatched<double const>, cublasGemvTensorStridedBatched<double const>, cublasGemvTensorStridedBatched<double>>(cublasGemmSmallNParams<cublasGemvTensorStridedBatched<double const>, cublasGemvTensorStridedBatched<double const>, cublasGemvTensorStridedBatched<double>, double>)                                                                                                                                                                                                                                                                                                                                                                                                                                                                                                                                                                                                                                                                                                                                                │
│ 4170 │  65.07 ms │   1.19 µs │       - │        - │    - │                  - │     8 bytes │   6.400 MiB/s │ [copy pageable to device memory]                                                                                                                                                                                                                                                                                                                                                                                                                                                                                                                                                                                                                                                                                                                                                                                                                                                                                                                                                                                                                                                                                │
│ 4176 │  65.08 ms │ 953.67 ns │       - │        - │    - │                  - │     8 bytes │   8.000 MiB/s │ [copy pageable to device memory]                                                                                                                                                                                                                                                                                                                                                                                                                                                                                                                                                                                                                                                                                                                                                                                                                                                                                                                                                                                                                                                                                │
│ 4189 │  65.08 ms │   2.15 µs │     128 │      1×2 │   98 │  20.000 KiB static │           - │             - │ void gemmSN_NN_kernel<double, 128, 2, 4, 8, 4, 4, false, cublasGemvTensorStridedBatched<double const>, cublasGemvTensorStridedBatched<double const>, cublasGemvTensorStridedBatched<double>>(cublasGemmSmallNParams<cublasGemvTensorStridedBatched<double const>, cublasGemvTensorStridedBatched<double const>, cublasGemvTensorStridedBatched<double>, double>)                                                                                                                                                                                                                                                                                                                                                                                                                                                                                                                                                                                                                                                                                                                                                │
│ 4200 │  65.08 ms │ 715.26 ns │       - │        - │    - │                  - │     8 bytes │  10.667 MiB/s │ [copy pageable to device memory]                                                                                                                                                                                                                                                                                                                                                                                                                                                                                                                                                                                                                                                                                                                                                                                                                                                                                                                                                                                                                                                                                │
│ 4206 │  65.08 ms │   1.19 µs │       - │        - │    - │                  - │     8 bytes │   6.400 MiB/s │ [copy pageable to device memory]                                                                                                                                                                                                                                                                                                                                                                                                                                                                                                                                                                                                                                                                                                                                                                                                                                                                                                                                                                                                                                                                                │
│ 4219 │  65.09 ms │   1.91 µs │     128 │      1×2 │   98 │  20.000 KiB static │           - │             - │ void gemmSN_NN_kernel<double, 128, 2, 4, 8, 4, 4, false, cublasGemvTensorStridedBatched<double const>, cublasGemvTensorStridedBatched<double const>, cublasGemvTensorStridedBatched<double>>(cublasGemmSmallNParams<cublasGemvTensorStridedBatched<double const>, cublasGemvTensorStridedBatched<double const>, cublasGemvTensorStridedBatched<double>, double>)                                                                                                                                                                                                                                                                                                                                                                                                                                                                                                                                                                                                                                                                                                                                                │
│ 4268 │  65.09 ms │   1.19 µs │     128 │        1 │   26 │                  - │           - │             - │ gpu_broadcast_kernel_cartesian(CompilerMetadata<DynamicSize, DynamicCheck, void, CartesianIndices<2, Tuple<OneTo<Int64>, OneTo<Int64>>>, NDRange<2, DynamicSize, DynamicSize, CartesianIndices<2, Tuple<OneTo<Int64>, OneTo<Int64>>>, CartesianIndices<2, Tuple<OneTo<Int64>, OneTo<Int64>>>>>, SubArray<Float64, 2, CuDeviceArray<Float64, 2, 1>, Tuple<UnitRange<Int64>, Slice<OneTo<Int64>>>, false>, Broadcasted<CuArrayStyle<2, DeviceMemory>, Tuple<OneTo<Int64>, OneTo<Int64>>, _, Tuple<Broadcasted<CuArrayStyle<2, DeviceMemory>, void, _, Tuple<Extruded<CuDeviceArray<Float64, 2, 1>, Tuple<Bool, Bool>, Tuple<Int64, Int64>>, Extruded<SubArray<Float64, 2, CuDeviceArray<Float64, 2, 1>, Tuple<UnitRange<Int64>, Slice<OneTo<Int64>>>, false>, Tuple<Bool, Bool>, Tuple<Int64, Int64>>>>, Broadcasted<CuArrayStyle<2, DeviceMemory>, void, _, Tuple<Extruded<CuDeviceArray<Float64, 2, 1>, Tuple<Bool, Bool>, Tuple<Int64, Int64>>, Extruded<SubArray<Float64, 2, CuDeviceArray<Float64, 2, 1>, Tuple<UnitRange<Int64>, Slice<OneTo<Int64>>>, false>, Tuple<Bool, Bool>, Tuple<Int64, Int64>>>>>>) │
│ 4316 │  65.09 ms │   1.43 µs │     128 │        1 │   26 │                  - │           - │             - │ gpu_broadcast_kernel_cartesian(CompilerMetadata<DynamicSize, DynamicCheck, void, CartesianIndices<2, Tuple<OneTo<Int64>, OneTo<Int64>>>, NDRange<2, DynamicSize, DynamicSize, CartesianIndices<2, Tuple<OneTo<Int64>, OneTo<Int64>>>, CartesianIndices<2, Tuple<OneTo<Int64>, OneTo<Int64>>>>>, SubArray<Float64, 2, CuDeviceArray<Float64, 2, 1>, Tuple<UnitRange<Int64>, Slice<OneTo<Int64>>>, false>, Broadcasted<CuArrayStyle<2, DeviceMemory>, Tuple<OneTo<Int64>, OneTo<Int64>>, _, Tuple<Broadcasted<CuArrayStyle<2, DeviceMemory>, void, _, Tuple<Extruded<CuDeviceArray<Float64, 2, 1>, Tuple<Bool, Bool>, Tuple<Int64, Int64>>, Extruded<SubArray<Float64, 2, CuDeviceArray<Float64, 2, 1>, Tuple<UnitRange<Int64>, Slice<OneTo<Int64>>>, false>, Tuple<Bool, Bool>, Tuple<Int64, Int64>>>>, Broadcasted<CuArrayStyle<2, DeviceMemory>, void, _, Tuple<Extruded<CuDeviceArray<Float64, 2, 1>, Tuple<Bool, Bool>, Tuple<Int64, Int64>>, Extruded<SubArray<Float64, 2, CuDeviceArray<Float64, 2, 1>, Tuple<UnitRange<Int64>, Slice<OneTo<Int64>>>, false>, Tuple<Bool, Bool>, Tuple<Int64, Int64>>>>>>) │
│ 4326 │   65.1 ms │ 953.67 ns │       - │        - │    - │                  - │     8 bytes │   8.000 MiB/s │ [copy pageable to device memory]                                                                                                                                                                                                                                                                                                                                                                                                                                                                                                                                                                                                                                                                                                                                                                                                                                                                                                                                                                                                                                                                                │
│ 4332 │   65.1 ms │ 476.84 ns │       - │        - │    - │                  - │     8 bytes │  16.000 MiB/s │ [copy pageable to device memory]                                                                                                                                                                                                                                                                                                                                                                                                                                                                                                                                                                                                                                                                                                                                                                                                                                                                                                                                                                                                                                                                                │
│ 4345 │   65.1 ms │   2.38 µs │     128 │      1×2 │   98 │  20.000 KiB static │           - │             - │ void gemmSN_NN_kernel<double, 128, 2, 4, 8, 4, 4, false, cublasGemvTensorStridedBatched<double const>, cublasGemvTensorStridedBatched<double const>, cublasGemvTensorStridedBatched<double>>(cublasGemmSmallNParams<cublasGemvTensorStridedBatched<double const>, cublasGemvTensorStridedBatched<double const>, cublasGemvTensorStridedBatched<double>, double>)                                                                                                                                                                                                                                                                                                                                                                                                                                                                                                                                                                                                                                                                                                                                                │
│ 4364 │   65.1 ms │   1.91 µs │     256 │        1 │   32 │                  - │           - │             - │ _cuda_rotate_z_scatter_accumulate_kernel_(CuDeviceArray<Float64, 2, 1>, CuDeviceArray<Float64, 2, 1>, CuDeviceArray<Int64, 1, 1>, CuDeviceArray<Int64, 1, 1>, CuDeviceArray<Float64, 1, 1>, CuDeviceArray<Float64, 1, 1>, CuDeviceArray<Int64, 1, 1>, CuDeviceArray<Float64, 1, 1>)                                                                                                                                                                                                                                                                                                                                                                                                                                                                                                                                                                                                                                                                                                                                                                                                                             │
│ 4392 │  65.11 ms │   1.91 µs │    1024 │        1 │   30 │                  - │           - │             - │ gpu_broadcast_kernel_cartesian(CompilerMetadata<DynamicSize, DynamicCheck, void, CartesianIndices<2, Tuple<OneTo<Int64>, OneTo<Int64>>>, NDRange<2, DynamicSize, DynamicSize, CartesianIndices<2, Tuple<OneTo<Int64>, OneTo<Int64>>>, CartesianIndices<2, Tuple<OneTo<Int64>, OneTo<Int64>>>>>, CuDeviceArray<Float64, 2, 1>, Broadcasted<CuArrayStyle<2, DeviceMemory>, Tuple<OneTo<Int64>, OneTo<Int64>>, cos, Tuple<Broadcasted<CuArrayStyle<1, DeviceMemory>, void, _, Tuple<Extruded<CuDeviceArray<Float64, 1, 1>, Tuple<Bool>, Tuple<Int64>>, Extruded<Transpose<Float64, CuDeviceArray<Float64, 1, 1>>, Tuple<Bool, Bool>, Tuple<Int64, Int64>>>>>>)                                                                                                                                                                                                                                                                                                                                                                                                                                                     │
│ 4420 │  65.11 ms │   1.91 µs │    1024 │        1 │   30 │                  - │           - │             - │ gpu_broadcast_kernel_cartesian(CompilerMetadata<DynamicSize, DynamicCheck, void, CartesianIndices<2, Tuple<OneTo<Int64>, OneTo<Int64>>>, NDRange<2, DynamicSize, DynamicSize, CartesianIndices<2, Tuple<OneTo<Int64>, OneTo<Int64>>>, CartesianIndices<2, Tuple<OneTo<Int64>, OneTo<Int64>>>>>, CuDeviceArray<Float64, 2, 1>, Broadcasted<CuArrayStyle<2, DeviceMemory>, Tuple<OneTo<Int64>, OneTo<Int64>>, sin, Tuple<Broadcasted<CuArrayStyle<1, DeviceMemory>, void, _, Tuple<Extruded<CuDeviceArray<Float64, 1, 1>, Tuple<Bool>, Tuple<Int64>>, Extruded<Transpose<Float64, CuDeviceArray<Float64, 1, 1>>, Tuple<Bool, Bool>, Tuple<Int64, Int64>>>>>>)                                                                                                                                                                                                                                                                                                                                                                                                                                                     │
│ 4438 │  65.11 ms │   2.62 µs │     256 │        4 │   32 │                  - │           - │             - │ _cuda_gather_rotate_z_kernel_(CuDeviceArray<Float64, 2, 1>, CuDeviceArray<Float64, 2, 1>, CuDeviceArray<Int64, 1, 1>, CuDeviceArray<Int64, 1, 1>, CuDeviceArray<Float64, 1, 1>, CuDeviceArray<Float64, 1, 1>, CuDeviceArray<Int64, 1, 1>, CuDeviceArray<Float64, 1, 1>, Float64)                                                                                                                                                                                                                                                                                                                                                                                                                                                                                                                                                                                                                                                                                                                                                                                                                                │
│ 4448 │  65.12 ms │ 953.67 ns │       - │        - │    - │                  - │     8 bytes │   8.000 MiB/s │ [copy pageable to device memory]                                                                                                                                                                                                                                                                                                                                                                                                                                                                                                                                                                                                                                                                                                                                                                                                                                                                                                                                                                                                                                                                                │
│ 4454 │  65.12 ms │   1.19 µs │       - │        - │    - │                  - │     8 bytes │   6.400 MiB/s │ [copy pageable to device memory]                                                                                                                                                                                                                                                                                                                                                                                                                                                                                                                                                                                                                                                                                                                                                                                                                                                                                                                                                                                                                                                                                │
│ 4468 │  65.12 ms │   2.38 µs │     128 │        2 │  126 │ 80.000 KiB dynamic │           - │             - │ sm90_xmma_gemm_f64f64_f64f64_f64_nn_n_tilesize32x32x32_stage5_warpsize2x2x1_tensor16x8x16_execute_kernel__5x_cublas                                                                                                                                                                                                                                                                                                                                                                                                                                                                                                                                                                                                                                                                                                                                                                                                                                                                                                                                                                                             │
│ 4517 │  65.13 ms │   2.15 µs │    1024 │        1 │   26 │                  - │           - │             - │ gpu_broadcast_kernel_cartesian(CompilerMetadata<DynamicSize, DynamicCheck, void, CartesianIndices<2, Tuple<OneTo<Int64>, OneTo<Int64>>>, NDRange<2, DynamicSize, DynamicSize, CartesianIndices<2, Tuple<OneTo<Int64>, OneTo<Int64>>>, CartesianIndices<2, Tuple<OneTo<Int64>, OneTo<Int64>>>>>, SubArray<Float64, 2, CuDeviceArray<Float64, 2, 1>, Tuple<UnitRange<Int64>, Slice<OneTo<Int64>>>, false>, Broadcasted<CuArrayStyle<2, DeviceMemory>, Tuple<OneTo<Int64>, OneTo<Int64>>, _, Tuple<Broadcasted<CuArrayStyle<2, DeviceMemory>, void, _, Tuple<Extruded<CuDeviceArray<Float64, 2, 1>, Tuple<Bool, Bool>, Tuple<Int64, Int64>>, Extruded<SubArray<Float64, 2, CuDeviceArray<Float64, 2, 1>, Tuple<UnitRange<Int64>, Slice<OneTo<Int64>>>, false>, Tuple<Bool, Bool>, Tuple<Int64, Int64>>>>, Broadcasted<CuArrayStyle<2, DeviceMemory>, void, _, Tuple<Extruded<CuDeviceArray<Float64, 2, 1>, Tuple<Bool, Bool>, Tuple<Int64, Int64>>, Extruded<SubArray<Float64, 2, CuDeviceArray<Float64, 2, 1>, Tuple<UnitRange<Int64>, Slice<OneTo<Int64>>>, false>, Tuple<Bool, Bool>, Tuple<Int64, Int64>>>>>>) │
│ 4565 │  65.13 ms │   2.15 µs │    1024 │        1 │   26 │                  - │           - │             - │ gpu_broadcast_kernel_cartesian(CompilerMetadata<DynamicSize, DynamicCheck, void, CartesianIndices<2, Tuple<OneTo<Int64>, OneTo<Int64>>>, NDRange<2, DynamicSize, DynamicSize, CartesianIndices<2, Tuple<OneTo<Int64>, OneTo<Int64>>>, CartesianIndices<2, Tuple<OneTo<Int64>, OneTo<Int64>>>>>, SubArray<Float64, 2, CuDeviceArray<Float64, 2, 1>, Tuple<UnitRange<Int64>, Slice<OneTo<Int64>>>, false>, Broadcasted<CuArrayStyle<2, DeviceMemory>, Tuple<OneTo<Int64>, OneTo<Int64>>, _, Tuple<Broadcasted<CuArrayStyle<2, DeviceMemory>, void, _, Tuple<Extruded<CuDeviceArray<Float64, 2, 1>, Tuple<Bool, Bool>, Tuple<Int64, Int64>>, Extruded<SubArray<Float64, 2, CuDeviceArray<Float64, 2, 1>, Tuple<UnitRange<Int64>, Slice<OneTo<Int64>>>, false>, Tuple<Bool, Bool>, Tuple<Int64, Int64>>>>, Broadcasted<CuArrayStyle<2, DeviceMemory>, void, _, Tuple<Extruded<CuDeviceArray<Float64, 2, 1>, Tuple<Bool, Bool>, Tuple<Int64, Int64>>, Extruded<SubArray<Float64, 2, CuDeviceArray<Float64, 2, 1>, Tuple<UnitRange<Int64>, Slice<OneTo<Int64>>>, false>, Tuple<Bool, Bool>, Tuple<Int64, Int64>>>>>>) │
│ 4575 │  65.13 ms │ 715.26 ns │       - │        - │    - │                  - │     8 bytes │  10.667 MiB/s │ [copy pageable to device memory]                                                                                                                                                                                                                                                                                                                                                                                                                                                                                                                                                                                                                                                                                                                                                                                                                                                                                                                                                                                                                                                                                │
│ 4581 │  65.14 ms │ 953.67 ns │       - │        - │    - │                  - │     8 bytes │   8.000 MiB/s │ [copy pageable to device memory]                                                                                                                                                                                                                                                                                                                                                                                                                                                                                                                                                                                                                                                                                                                                                                                                                                                                                                                                                                                                                                                                                │
│ 4595 │  65.14 ms │   1.91 µs │     128 │        2 │  126 │ 80.000 KiB dynamic │           - │             - │ sm90_xmma_gemm_f64f64_f64f64_f64_nn_n_tilesize32x32x32_stage5_warpsize2x2x1_tensor16x8x16_execute_kernel__5x_cublas                                                                                                                                                                                                                                                                                                                                                                                                                                                                                                                                                                                                                                                                                                                                                                                                                                                                                                                                                                                             │
│ 4606 │  65.14 ms │   1.19 µs │       - │        - │    - │                  - │     8 bytes │   6.400 MiB/s │ [copy pageable to device memory]                                                                                                                                                                                                                                                                                                                                                                                                                                                                                                                                                                                                                                                                                                                                                                                                                                                                                                                                                                                                                                                                                │
│ 4612 │  65.15 ms │ 953.67 ns │       - │        - │    - │                  - │     8 bytes │   8.000 MiB/s │ [copy pageable to device memory]                                                                                                                                                                                                                                                                                                                                                                                                                                                                                                                                                                                                                                                                                                                                                                                                                                                                                                                                                                                                                                                                                │
│ 4626 │  65.15 ms │   2.62 µs │     128 │        2 │  126 │ 80.000 KiB dynamic │           - │             - │ sm90_xmma_gemm_f64f64_f64f64_f64_nn_n_tilesize32x32x32_stage5_warpsize2x2x1_tensor16x8x16_execute_kernel__5x_cublas                                                                                                                                                                                                                                                                                                                                                                                                                                                                                                                                                                                                                                                                                                                                                                                                                                                                                                                                                                                             │
│ 4637 │  65.15 ms │ 953.67 ns │       - │        - │    - │                  - │     8 bytes │   8.000 MiB/s │ [copy pageable to device memory]                                                                                                                                                                                                                                                                                                                                                                                                                                                                                                                                                                                                                                                                                                                                                                                                                                                                                                                                                                                                                                                                                │
│ 4643 │  65.15 ms │ 715.26 ns │       - │        - │    - │                  - │     8 bytes │  10.667 MiB/s │ [copy pageable to device memory]                                                                                                                                                                                                                                                                                                                                                                                                                                                                                                                                                                                                                                                                                                                                                                                                                                                                                                                                                                                                                                                                                │
│ 4657 │  65.16 ms │   2.38 µs │     128 │        2 │  126 │ 80.000 KiB dynamic │           - │             - │ sm90_xmma_gemm_f64f64_f64f64_f64_nn_n_tilesize32x32x32_stage5_warpsize2x2x1_tensor16x8x16_execute_kernel__5x_cublas                                                                                                                                                                                                                                                                                                                                                                                                                                                                                                                                                                                                                                                                                                                                                                                                                                                                                                                                                                                             │
│ 4706 │  65.16 ms │   2.38 µs │    1024 │        1 │   26 │                  - │           - │             - │ gpu_broadcast_kernel_cartesian(CompilerMetadata<DynamicSize, DynamicCheck, void, CartesianIndices<2, Tuple<OneTo<Int64>, OneTo<Int64>>>, NDRange<2, DynamicSize, DynamicSize, CartesianIndices<2, Tuple<OneTo<Int64>, OneTo<Int64>>>, CartesianIndices<2, Tuple<OneTo<Int64>, OneTo<Int64>>>>>, SubArray<Float64, 2, CuDeviceArray<Float64, 2, 1>, Tuple<UnitRange<Int64>, Slice<OneTo<Int64>>>, false>, Broadcasted<CuArrayStyle<2, DeviceMemory>, Tuple<OneTo<Int64>, OneTo<Int64>>, _, Tuple<Broadcasted<CuArrayStyle<2, DeviceMemory>, void, _, Tuple<Extruded<CuDeviceArray<Float64, 2, 1>, Tuple<Bool, Bool>, Tuple<Int64, Int64>>, Extruded<SubArray<Float64, 2, CuDeviceArray<Float64, 2, 1>, Tuple<UnitRange<Int64>, Slice<OneTo<Int64>>>, false>, Tuple<Bool, Bool>, Tuple<Int64, Int64>>>>, Broadcasted<CuArrayStyle<2, DeviceMemory>, void, _, Tuple<Extruded<CuDeviceArray<Float64, 2, 1>, Tuple<Bool, Bool>, Tuple<Int64, Int64>>, Extruded<SubArray<Float64, 2, CuDeviceArray<Float64, 2, 1>, Tuple<UnitRange<Int64>, Slice<OneTo<Int64>>>, false>, Tuple<Bool, Bool>, Tuple<Int64, Int64>>>>>>) │
│ 4754 │  65.16 ms │   1.91 µs │    1024 │        1 │   26 │                  - │           - │             - │ gpu_broadcast_kernel_cartesian(CompilerMetadata<DynamicSize, DynamicCheck, void, CartesianIndices<2, Tuple<OneTo<Int64>, OneTo<Int64>>>, NDRange<2, DynamicSize, DynamicSize, CartesianIndices<2, Tuple<OneTo<Int64>, OneTo<Int64>>>, CartesianIndices<2, Tuple<OneTo<Int64>, OneTo<Int64>>>>>, SubArray<Float64, 2, CuDeviceArray<Float64, 2, 1>, Tuple<UnitRange<Int64>, Slice<OneTo<Int64>>>, false>, Broadcasted<CuArrayStyle<2, DeviceMemory>, Tuple<OneTo<Int64>, OneTo<Int64>>, _, Tuple<Broadcasted<CuArrayStyle<2, DeviceMemory>, void, _, Tuple<Extruded<CuDeviceArray<Float64, 2, 1>, Tuple<Bool, Bool>, Tuple<Int64, Int64>>, Extruded<SubArray<Float64, 2, CuDeviceArray<Float64, 2, 1>, Tuple<UnitRange<Int64>, Slice<OneTo<Int64>>>, false>, Tuple<Bool, Bool>, Tuple<Int64, Int64>>>>, Broadcasted<CuArrayStyle<2, DeviceMemory>, void, _, Tuple<Extruded<CuDeviceArray<Float64, 2, 1>, Tuple<Bool, Bool>, Tuple<Int64, Int64>>, Extruded<SubArray<Float64, 2, CuDeviceArray<Float64, 2, 1>, Tuple<UnitRange<Int64>, Slice<OneTo<Int64>>>, false>, Tuple<Bool, Bool>, Tuple<Int64, Int64>>>>>>) │
│ 4764 │  65.17 ms │ 715.26 ns │       - │        - │    - │                  - │     8 bytes │  10.667 MiB/s │ [copy pageable to device memory]                                                                                                                                                                                                                                                                                                                                                                                                                                                                                                                                                                                                                                                                                                                                                                                                                                                                                                                                                                                                                                                                                │
│ 4770 │  65.17 ms │ 715.26 ns │       - │        - │    - │                  - │     8 bytes │  10.667 MiB/s │ [copy pageable to device memory]                                                                                                                                                                                                                                                                                                                                                                                                                                                                                                                                                                                                                                                                                                                                                                                                                                                                                                                                                                                                                                                                                │
│ 4784 │  65.17 ms │   2.38 µs │     128 │        2 │  126 │ 80.000 KiB dynamic │           - │             - │ sm90_xmma_gemm_f64f64_f64f64_f64_nn_n_tilesize32x32x32_stage5_warpsize2x2x1_tensor16x8x16_execute_kernel__5x_cublas                                                                                                                                                                                                                                                                                                                                                                                                                                                                                                                                                                                                                                                                                                                                                                                                                                                                                                                                                                                             │
│ 4803 │  65.18 ms │   2.15 µs │     256 │        4 │   32 │                  - │           - │             - │ _cuda_rotate_z_scatter_accumulate_kernel_(CuDeviceArray<Float64, 2, 1>, CuDeviceArray<Float64, 2, 1>, CuDeviceArray<Int64, 1, 1>, CuDeviceArray<Int64, 1, 1>, CuDeviceArray<Float64, 1, 1>, CuDeviceArray<Float64, 1, 1>, CuDeviceArray<Int64, 1, 1>, CuDeviceArray<Float64, 1, 1>)                                                                                                                                                                                                                                                                                                                                                                                                                                                                                                                                                                                                                                                                                                                                                                                                                             │
│ 4831 │  65.18 ms │   2.15 µs │    1024 │        8 │   30 │                  - │           - │             - │ gpu_broadcast_kernel_cartesian(CompilerMetadata<DynamicSize, DynamicCheck, void, CartesianIndices<2, Tuple<OneTo<Int64>, OneTo<Int64>>>, NDRange<2, DynamicSize, DynamicSize, CartesianIndices<2, Tuple<OneTo<Int64>, OneTo<Int64>>>, CartesianIndices<2, Tuple<OneTo<Int64>, OneTo<Int64>>>>>, CuDeviceArray<Float64, 2, 1>, Broadcasted<CuArrayStyle<2, DeviceMemory>, Tuple<OneTo<Int64>, OneTo<Int64>>, cos, Tuple<Broadcasted<CuArrayStyle<1, DeviceMemory>, void, _, Tuple<Extruded<CuDeviceArray<Float64, 1, 1>, Tuple<Bool>, Tuple<Int64>>, Extruded<Transpose<Float64, CuDeviceArray<Float64, 1, 1>>, Tuple<Bool, Bool>, Tuple<Int64, Int64>>>>>>)                                                                                                                                                                                                                                                                                                                                                                                                                                                     │
│ 4859 │  65.18 ms │   1.91 µs │    1024 │        8 │   30 │                  - │           - │             - │ gpu_broadcast_kernel_cartesian(CompilerMetadata<DynamicSize, DynamicCheck, void, CartesianIndices<2, Tuple<OneTo<Int64>, OneTo<Int64>>>, NDRange<2, DynamicSize, DynamicSize, CartesianIndices<2, Tuple<OneTo<Int64>, OneTo<Int64>>>, CartesianIndices<2, Tuple<OneTo<Int64>, OneTo<Int64>>>>>, CuDeviceArray<Float64, 2, 1>, Broadcasted<CuArrayStyle<2, DeviceMemory>, Tuple<OneTo<Int64>, OneTo<Int64>>, sin, Tuple<Broadcasted<CuArrayStyle<1, DeviceMemory>, void, _, Tuple<Extruded<CuDeviceArray<Float64, 1, 1>, Tuple<Bool>, Tuple<Int64>>, Extruded<Transpose<Float64, CuDeviceArray<Float64, 1, 1>>, Tuple<Bool, Bool>, Tuple<Int64, Int64>>>>>>)                                                                                                                                                                                                                                                                                                                                                                                                                                                     │
│ 4877 │  65.19 ms │   2.38 µs │     256 │       32 │   32 │                  - │           - │             - │ _cuda_gather_rotate_z_kernel_(CuDeviceArray<Float64, 2, 1>, CuDeviceArray<Float64, 2, 1>, CuDeviceArray<Int64, 1, 1>, CuDeviceArray<Int64, 1, 1>, CuDeviceArray<Float64, 1, 1>, CuDeviceArray<Float64, 1, 1>, CuDeviceArray<Int64, 1, 1>, CuDeviceArray<Float64, 1, 1>, Float64)                                                                                                                                                                                                                                                                                                                                                                                                                                                                                                                                                                                                                                                                                                                                                                                                                                │
│ 4887 │  65.19 ms │   1.19 µs │       - │        - │    - │                  - │     8 bytes │   6.400 MiB/s │ [copy pageable to device memory]                                                                                                                                                                                                                                                                                                                                                                                                                                                                                                                                                                                                                                                                                                                                                                                                                                                                                                                                                                                                                                                                                │
│ 4893 │  65.19 ms │ 953.67 ns │       - │        - │    - │                  - │     8 bytes │   8.000 MiB/s │ [copy pageable to device memory]                                                                                                                                                                                                                                                                                                                                                                                                                                                                                                                                                                                                                                                                                                                                                                                                                                                                                                                                                                                                                                                                                │
│ 4907 │   65.2 ms │   2.15 µs │     128 │       16 │  126 │ 80.000 KiB dynamic │           - │             - │ sm90_xmma_gemm_f64f64_f64f64_f64_nn_n_tilesize32x32x32_stage5_warpsize2x2x1_tensor16x8x16_execute_kernel__5x_cublas                                                                                                                                                                                                                                                                                                                                                                                                                                                                                                                                                                                                                                                                                                                                                                                                                                                                                                                                                                                             │
│ 4956 │   65.2 ms │   2.15 µs │    1024 │        8 │   26 │                  - │           - │             - │ gpu_broadcast_kernel_cartesian(CompilerMetadata<DynamicSize, DynamicCheck, void, CartesianIndices<2, Tuple<OneTo<Int64>, OneTo<Int64>>>, NDRange<2, DynamicSize, DynamicSize, CartesianIndices<2, Tuple<OneTo<Int64>, OneTo<Int64>>>, CartesianIndices<2, Tuple<OneTo<Int64>, OneTo<Int64>>>>>, SubArray<Float64, 2, CuDeviceArray<Float64, 2, 1>, Tuple<UnitRange<Int64>, Slice<OneTo<Int64>>>, false>, Broadcasted<CuArrayStyle<2, DeviceMemory>, Tuple<OneTo<Int64>, OneTo<Int64>>, _, Tuple<Broadcasted<CuArrayStyle<2, DeviceMemory>, void, _, Tuple<Extruded<CuDeviceArray<Float64, 2, 1>, Tuple<Bool, Bool>, Tuple<Int64, Int64>>, Extruded<SubArray<Float64, 2, CuDeviceArray<Float64, 2, 1>, Tuple<UnitRange<Int64>, Slice<OneTo<Int64>>>, false>, Tuple<Bool, Bool>, Tuple<Int64, Int64>>>>, Broadcasted<CuArrayStyle<2, DeviceMemory>, void, _, Tuple<Extruded<CuDeviceArray<Float64, 2, 1>, Tuple<Bool, Bool>, Tuple<Int64, Int64>>, Extruded<SubArray<Float64, 2, CuDeviceArray<Float64, 2, 1>, Tuple<UnitRange<Int64>, Slice<OneTo<Int64>>>, false>, Tuple<Bool, Bool>, Tuple<Int64, Int64>>>>>>) │
│ 5004 │   65.2 ms │   2.38 µs │    1024 │        8 │   26 │                  - │           - │             - │ gpu_broadcast_kernel_cartesian(CompilerMetadata<DynamicSize, DynamicCheck, void, CartesianIndices<2, Tuple<OneTo<Int64>, OneTo<Int64>>>, NDRange<2, DynamicSize, DynamicSize, CartesianIndices<2, Tuple<OneTo<Int64>, OneTo<Int64>>>, CartesianIndices<2, Tuple<OneTo<Int64>, OneTo<Int64>>>>>, SubArray<Float64, 2, CuDeviceArray<Float64, 2, 1>, Tuple<UnitRange<Int64>, Slice<OneTo<Int64>>>, false>, Broadcasted<CuArrayStyle<2, DeviceMemory>, Tuple<OneTo<Int64>, OneTo<Int64>>, _, Tuple<Broadcasted<CuArrayStyle<2, DeviceMemory>, void, _, Tuple<Extruded<CuDeviceArray<Float64, 2, 1>, Tuple<Bool, Bool>, Tuple<Int64, Int64>>, Extruded<SubArray<Float64, 2, CuDeviceArray<Float64, 2, 1>, Tuple<UnitRange<Int64>, Slice<OneTo<Int64>>>, false>, Tuple<Bool, Bool>, Tuple<Int64, Int64>>>>, Broadcasted<CuArrayStyle<2, DeviceMemory>, void, _, Tuple<Extruded<CuDeviceArray<Float64, 2, 1>, Tuple<Bool, Bool>, Tuple<Int64, Int64>>, Extruded<SubArray<Float64, 2, CuDeviceArray<Float64, 2, 1>, Tuple<UnitRange<Int64>, Slice<OneTo<Int64>>>, false>, Tuple<Bool, Bool>, Tuple<Int64, Int64>>>>>>) │
│ 5014 │  65.21 ms │ 715.26 ns │       - │        - │    - │                  - │     8 bytes │  10.667 MiB/s │ [copy pageable to device memory]                                                                                                                                                                                                                                                                                                                                                                                                                                                                                                                                                                                                                                                                                                                                                                                                                                                                                                                                                                                                                                                                                │
│ 5020 │  65.21 ms │ 953.67 ns │       - │        - │    - │                  - │     8 bytes │   8.000 MiB/s │ [copy pageable to device memory]                                                                                                                                                                                                                                                                                                                                                                                                                                                                                                                                                                                                                                                                                                                                                                                                                                                                                                                                                                                                                                                                                │
│ 5034 │  65.21 ms │   2.15 µs │     128 │       16 │  126 │ 80.000 KiB dynamic │           - │             - │ sm90_xmma_gemm_f64f64_f64f64_f64_nn_n_tilesize32x32x32_stage5_warpsize2x2x1_tensor16x8x16_execute_kernel__5x_cublas                                                                                                                                                                                                                                                                                                                                                                                                                                                                                                                                                                                                                                                                                                                                                                                                                                                                                                                                                                                             │
│ 5045 │  65.21 ms │ 953.67 ns │       - │        - │    - │                  - │     8 bytes │   8.000 MiB/s │ [copy pageable to device memory]                                                                                                                                                                                                                                                                                                                                                                                                                                                                                                                                                                                                                                                                                                                                                                                                                                                                                                                                                                                                                                                                                │
│ 5051 │  65.22 ms │   1.43 µs │       - │        - │    - │                  - │     8 bytes │   5.333 MiB/s │ [copy pageable to device memory]                                                                                                                                                                                                                                                                                                                                                                                                                                                                                                                                                                                                                                                                                                                                                                                                                                                                                                                                                                                                                                                                                │
│ 5065 │  65.22 ms │   2.38 µs │     128 │       16 │  126 │ 80.000 KiB dynamic │           - │             - │ sm90_xmma_gemm_f64f64_f64f64_f64_nn_n_tilesize32x32x32_stage5_warpsize2x2x1_tensor16x8x16_execute_kernel__5x_cublas                                                                                                                                                                                                                                                                                                                                                                                                                                                                                                                                                                                                                                                                                                                                                                                                                                                                                                                                                                                             │
│ 5076 │  65.22 ms │   1.19 µs │       - │        - │    - │                  - │     8 bytes │   6.400 MiB/s │ [copy pageable to device memory]                                                                                                                                                                                                                                                                                                                                                                                                                                                                                                                                                                                                                                                                                                                                                                                                                                                                                                                                                                                                                                                                                │
│ 5082 │  65.23 ms │ 715.26 ns │       - │        - │    - │                  - │     8 bytes │  10.667 MiB/s │ [copy pageable to device memory]                                                                                                                                                                                                                                                                                                                                                                                                                                                                                                                                                                                                                                                                                                                                                                                                                                                                                                                                                                                                                                                                                │
│ 5096 │  65.23 ms │   2.15 µs │     128 │       16 │  126 │ 80.000 KiB dynamic │           - │             - │ sm90_xmma_gemm_f64f64_f64f64_f64_nn_n_tilesize32x32x32_stage5_warpsize2x2x1_tensor16x8x16_execute_kernel__5x_cublas                                                                                                                                                                                                                                                                                                                                                                                                                                                                                                                                                                                                                                                                                                                                                                                                                                                                                                                                                                                             │
│ 5145 │  65.23 ms │   2.38 µs │    1024 │        8 │   26 │                  - │           - │             - │ gpu_broadcast_kernel_cartesian(CompilerMetadata<DynamicSize, DynamicCheck, void, CartesianIndices<2, Tuple<OneTo<Int64>, OneTo<Int64>>>, NDRange<2, DynamicSize, DynamicSize, CartesianIndices<2, Tuple<OneTo<Int64>, OneTo<Int64>>>, CartesianIndices<2, Tuple<OneTo<Int64>, OneTo<Int64>>>>>, SubArray<Float64, 2, CuDeviceArray<Float64, 2, 1>, Tuple<UnitRange<Int64>, Slice<OneTo<Int64>>>, false>, Broadcasted<CuArrayStyle<2, DeviceMemory>, Tuple<OneTo<Int64>, OneTo<Int64>>, _, Tuple<Broadcasted<CuArrayStyle<2, DeviceMemory>, void, _, Tuple<Extruded<CuDeviceArray<Float64, 2, 1>, Tuple<Bool, Bool>, Tuple<Int64, Int64>>, Extruded<SubArray<Float64, 2, CuDeviceArray<Float64, 2, 1>, Tuple<UnitRange<Int64>, Slice<OneTo<Int64>>>, false>, Tuple<Bool, Bool>, Tuple<Int64, Int64>>>>, Broadcasted<CuArrayStyle<2, DeviceMemory>, void, _, Tuple<Extruded<CuDeviceArray<Float64, 2, 1>, Tuple<Bool, Bool>, Tuple<Int64, Int64>>, Extruded<SubArray<Float64, 2, CuDeviceArray<Float64, 2, 1>, Tuple<UnitRange<Int64>, Slice<OneTo<Int64>>>, false>, Tuple<Bool, Bool>, Tuple<Int64, Int64>>>>>>) │
│ 5193 │  65.24 ms │   2.38 µs │    1024 │        8 │   26 │                  - │           - │             - │ gpu_broadcast_kernel_cartesian(CompilerMetadata<DynamicSize, DynamicCheck, void, CartesianIndices<2, Tuple<OneTo<Int64>, OneTo<Int64>>>, NDRange<2, DynamicSize, DynamicSize, CartesianIndices<2, Tuple<OneTo<Int64>, OneTo<Int64>>>, CartesianIndices<2, Tuple<OneTo<Int64>, OneTo<Int64>>>>>, SubArray<Float64, 2, CuDeviceArray<Float64, 2, 1>, Tuple<UnitRange<Int64>, Slice<OneTo<Int64>>>, false>, Broadcasted<CuArrayStyle<2, DeviceMemory>, Tuple<OneTo<Int64>, OneTo<Int64>>, _, Tuple<Broadcasted<CuArrayStyle<2, DeviceMemory>, void, _, Tuple<Extruded<CuDeviceArray<Float64, 2, 1>, Tuple<Bool, Bool>, Tuple<Int64, Int64>>, Extruded<SubArray<Float64, 2, CuDeviceArray<Float64, 2, 1>, Tuple<UnitRange<Int64>, Slice<OneTo<Int64>>>, false>, Tuple<Bool, Bool>, Tuple<Int64, Int64>>>>, Broadcasted<CuArrayStyle<2, DeviceMemory>, void, _, Tuple<Extruded<CuDeviceArray<Float64, 2, 1>, Tuple<Bool, Bool>, Tuple<Int64, Int64>>, Extruded<SubArray<Float64, 2, CuDeviceArray<Float64, 2, 1>, Tuple<UnitRange<Int64>, Slice<OneTo<Int64>>>, false>, Tuple<Bool, Bool>, Tuple<Int64, Int64>>>>>>) │
│ 5203 │  65.24 ms │ 715.26 ns │       - │        - │    - │                  - │     8 bytes │  10.667 MiB/s │ [copy pageable to device memory]                                                                                                                                                                                                                                                                                                                                                                                                                                                                                                                                                                                                                                                                                                                                                                                                                                                                                                                                                                                                                                                                                │
│ 5209 │  65.24 ms │   1.19 µs │       - │        - │    - │                  - │     8 bytes │   6.400 MiB/s │ [copy pageable to device memory]                                                                                                                                                                                                                                                                                                                                                                                                                                                                                                                                                                                                                                                                                                                                                                                                                                                                                                                                                                                                                                                                                │
│ 5223 │  65.24 ms │   2.15 µs │     128 │       16 │  126 │ 80.000 KiB dynamic │           - │             - │ sm90_xmma_gemm_f64f64_f64f64_f64_nn_n_tilesize32x32x32_stage5_warpsize2x2x1_tensor16x8x16_execute_kernel__5x_cublas                                                                                                                                                                                                                                                                                                                                                                                                                                                                                                                                                                                                                                                                                                                                                                                                                                                                                                                                                                                             │
│ 5242 │  65.25 ms │   2.38 µs │     256 │       32 │   32 │                  - │           - │             - │ _cuda_rotate_z_scatter_accumulate_kernel_(CuDeviceArray<Float64, 2, 1>, CuDeviceArray<Float64, 2, 1>, CuDeviceArray<Int64, 1, 1>, CuDeviceArray<Int64, 1, 1>, CuDeviceArray<Float64, 1, 1>, CuDeviceArray<Float64, 1, 1>, CuDeviceArray<Int64, 1, 1>, CuDeviceArray<Float64, 1, 1>)                                                                                                                                                                                                                                                                                                                                                                                                                                                                                                                                                                                                                                                                                                                                                                                                                             │
│ 5270 │  65.25 ms │   2.62 µs │    1024 │       64 │   30 │                  - │           - │             - │ gpu_broadcast_kernel_cartesian(CompilerMetadata<DynamicSize, DynamicCheck, void, CartesianIndices<2, Tuple<OneTo<Int64>, OneTo<Int64>>>, NDRange<2, DynamicSize, DynamicSize, CartesianIndices<2, Tuple<OneTo<Int64>, OneTo<Int64>>>, CartesianIndices<2, Tuple<OneTo<Int64>, OneTo<Int64>>>>>, CuDeviceArray<Float64, 2, 1>, Broadcasted<CuArrayStyle<2, DeviceMemory>, Tuple<OneTo<Int64>, OneTo<Int64>>, cos, Tuple<Broadcasted<CuArrayStyle<1, DeviceMemory>, void, _, Tuple<Extruded<CuDeviceArray<Float64, 1, 1>, Tuple<Bool>, Tuple<Int64>>, Extruded<Transpose<Float64, CuDeviceArray<Float64, 1, 1>>, Tuple<Bool, Bool>, Tuple<Int64, Int64>>>>>>)                                                                                                                                                                                                                                                                                                                                                                                                                                                     │
│ 5298 │  65.25 ms │   2.38 µs │    1024 │       64 │   30 │                  - │           - │             - │ gpu_broadcast_kernel_cartesian(CompilerMetadata<DynamicSize, DynamicCheck, void, CartesianIndices<2, Tuple<OneTo<Int64>, OneTo<Int64>>>, NDRange<2, DynamicSize, DynamicSize, CartesianIndices<2, Tuple<OneTo<Int64>, OneTo<Int64>>>, CartesianIndices<2, Tuple<OneTo<Int64>, OneTo<Int64>>>>>, CuDeviceArray<Float64, 2, 1>, Broadcasted<CuArrayStyle<2, DeviceMemory>, Tuple<OneTo<Int64>, OneTo<Int64>>, sin, Tuple<Broadcasted<CuArrayStyle<1, DeviceMemory>, void, _, Tuple<Extruded<CuDeviceArray<Float64, 1, 1>, Tuple<Bool>, Tuple<Int64>>, Extruded<Transpose<Float64, CuDeviceArray<Float64, 1, 1>>, Tuple<Bool, Bool>, Tuple<Int64, Int64>>>>>>)                                                                                                                                                                                                                                                                                                                                                                                                                                                     │
│ 5316 │  65.26 ms │   2.86 µs │     256 │      256 │   32 │                  - │           - │             - │ _cuda_gather_rotate_z_kernel_(CuDeviceArray<Float64, 2, 1>, CuDeviceArray<Float64, 2, 1>, CuDeviceArray<Int64, 1, 1>, CuDeviceArray<Int64, 1, 1>, CuDeviceArray<Float64, 1, 1>, CuDeviceArray<Float64, 1, 1>, CuDeviceArray<Int64, 1, 1>, CuDeviceArray<Float64, 1, 1>, Float64)                                                                                                                                                                                                                                                                                                                                                                                                                                                                                                                                                                                                                                                                                                                                                                                                                                │
│ 5326 │  65.26 ms │ 715.26 ns │       - │        - │    - │                  - │     8 bytes │  10.667 MiB/s │ [copy pageable to device memory]                                                                                                                                                                                                                                                                                                                                                                                                                                                                                                                                                                                                                                                                                                                                                                                                                                                                                                                                                                                                                                                                                │
│ 5332 │  65.27 ms │   1.19 µs │       - │        - │    - │                  - │     8 bytes │   6.400 MiB/s │ [copy pageable to device memory]                                                                                                                                                                                                                                                                                                                                                                                                                                                                                                                                                                                                                                                                                                                                                                                                                                                                                                                                                                                                                                                                                │
│ 5346 │  65.27 ms │   2.86 µs │     128 │      128 │  126 │ 80.000 KiB dynamic │           - │             - │ sm90_xmma_gemm_f64f64_f64f64_f64_nn_n_tilesize32x32x32_stage5_warpsize2x2x1_tensor16x8x16_execute_kernel__5x_cublas                                                                                                                                                                                                                                                                                                                                                                                                                                                                                                                                                                                                                                                                                                                                                                                                                                                                                                                                                                                             │
│ 5395 │  65.27 ms │   2.62 µs │    1024 │       64 │   26 │                  - │           - │             - │ gpu_broadcast_kernel_cartesian(CompilerMetadata<DynamicSize, DynamicCheck, void, CartesianIndices<2, Tuple<OneTo<Int64>, OneTo<Int64>>>, NDRange<2, DynamicSize, DynamicSize, CartesianIndices<2, Tuple<OneTo<Int64>, OneTo<Int64>>>, CartesianIndices<2, Tuple<OneTo<Int64>, OneTo<Int64>>>>>, SubArray<Float64, 2, CuDeviceArray<Float64, 2, 1>, Tuple<UnitRange<Int64>, Slice<OneTo<Int64>>>, false>, Broadcasted<CuArrayStyle<2, DeviceMemory>, Tuple<OneTo<Int64>, OneTo<Int64>>, _, Tuple<Broadcasted<CuArrayStyle<2, DeviceMemory>, void, _, Tuple<Extruded<CuDeviceArray<Float64, 2, 1>, Tuple<Bool, Bool>, Tuple<Int64, Int64>>, Extruded<SubArray<Float64, 2, CuDeviceArray<Float64, 2, 1>, Tuple<UnitRange<Int64>, Slice<OneTo<Int64>>>, false>, Tuple<Bool, Bool>, Tuple<Int64, Int64>>>>, Broadcasted<CuArrayStyle<2, DeviceMemory>, void, _, Tuple<Extruded<CuDeviceArray<Float64, 2, 1>, Tuple<Bool, Bool>, Tuple<Int64, Int64>>, Extruded<SubArray<Float64, 2, CuDeviceArray<Float64, 2, 1>, Tuple<UnitRange<Int64>, Slice<OneTo<Int64>>>, false>, Tuple<Bool, Bool>, Tuple<Int64, Int64>>>>>>) │
│ 5443 │  65.28 ms │   2.62 µs │    1024 │       64 │   26 │                  - │           - │             - │ gpu_broadcast_kernel_cartesian(CompilerMetadata<DynamicSize, DynamicCheck, void, CartesianIndices<2, Tuple<OneTo<Int64>, OneTo<Int64>>>, NDRange<2, DynamicSize, DynamicSize, CartesianIndices<2, Tuple<OneTo<Int64>, OneTo<Int64>>>, CartesianIndices<2, Tuple<OneTo<Int64>, OneTo<Int64>>>>>, SubArray<Float64, 2, CuDeviceArray<Float64, 2, 1>, Tuple<UnitRange<Int64>, Slice<OneTo<Int64>>>, false>, Broadcasted<CuArrayStyle<2, DeviceMemory>, Tuple<OneTo<Int64>, OneTo<Int64>>, _, Tuple<Broadcasted<CuArrayStyle<2, DeviceMemory>, void, _, Tuple<Extruded<CuDeviceArray<Float64, 2, 1>, Tuple<Bool, Bool>, Tuple<Int64, Int64>>, Extruded<SubArray<Float64, 2, CuDeviceArray<Float64, 2, 1>, Tuple<UnitRange<Int64>, Slice<OneTo<Int64>>>, false>, Tuple<Bool, Bool>, Tuple<Int64, Int64>>>>, Broadcasted<CuArrayStyle<2, DeviceMemory>, void, _, Tuple<Extruded<CuDeviceArray<Float64, 2, 1>, Tuple<Bool, Bool>, Tuple<Int64, Int64>>, Extruded<SubArray<Float64, 2, CuDeviceArray<Float64, 2, 1>, Tuple<UnitRange<Int64>, Slice<OneTo<Int64>>>, false>, Tuple<Bool, Bool>, Tuple<Int64, Int64>>>>>>) │
│ 5453 │  65.28 ms │   1.67 µs │       - │        - │    - │                  - │     8 bytes │   4.571 MiB/s │ [copy pageable to device memory]                                                                                                                                                                                                                                                                                                                                                                                                                                                                                                                                                                                                                                                                                                                                                                                                                                                                                                                                                                                                                                                                                │
│ 5459 │  65.28 ms │ 476.84 ns │       - │        - │    - │                  - │     8 bytes │  16.000 MiB/s │ [copy pageable to device memory]                                                                                                                                                                                                                                                                                                                                                                                                                                                                                                                                                                                                                                                                                                                                                                                                                                                                                                                                                                                                                                                                                │
│ 5473 │  65.29 ms │   2.38 µs │     128 │      128 │  126 │ 80.000 KiB dynamic │           - │             - │ sm90_xmma_gemm_f64f64_f64f64_f64_nn_n_tilesize32x32x32_stage5_warpsize2x2x1_tensor16x8x16_execute_kernel__5x_cublas                                                                                                                                                                                                                                                                                                                                                                                                                                                                                                                                                                                                                                                                                                                                                                                                                                                                                                                                                                                             │
│ 5484 │  65.29 ms │ 715.26 ns │       - │        - │    - │                  - │     8 bytes │  10.667 MiB/s │ [copy pageable to device memory]                                                                                                                                                                                                                                                                                                                                                                                                                                                                                                                                                                                                                                                                                                                                                                                                                                                                                                                                                                                                                                                                                │
│ 5490 │  65.29 ms │ 953.67 ns │       - │        - │    - │                  - │     8 bytes │   8.000 MiB/s │ [copy pageable to device memory]                                                                                                                                                                                                                                                                                                                                                                                                                                                                                                                                                                                                                                                                                                                                                                                                                                                                                                                                                                                                                                                                                │
│ 5504 │   65.3 ms │   2.38 µs │     128 │      128 │  126 │ 80.000 KiB dynamic │           - │             - │ sm90_xmma_gemm_f64f64_f64f64_f64_nn_n_tilesize32x32x32_stage5_warpsize2x2x1_tensor16x8x16_execute_kernel__5x_cublas                                                                                                                                                                                                                                                                                                                                                                                                                                                                                                                                                                                                                                                                                                                                                                                                                                                                                                                                                                                             │
│ 5515 │   65.3 ms │ 715.26 ns │       - │        - │    - │                  - │     8 bytes │  10.667 MiB/s │ [copy pageable to device memory]                                                                                                                                                                                                                                                                                                                                                                                                                                                                                                                                                                                                                                                                                                                                                                                                                                                                                                                                                                                                                                                                                │
│ 5521 │   65.3 ms │ 953.67 ns │       - │        - │    - │                  - │     8 bytes │   8.000 MiB/s │ [copy pageable to device memory]                                                                                                                                                                                                                                                                                                                                                                                                                                                                                                                                                                                                                                                                                                                                                                                                                                                                                                                                                                                                                                                                                │
│ 5535 │   65.3 ms │   2.62 µs │     128 │      128 │  126 │ 80.000 KiB dynamic │           - │             - │ sm90_xmma_gemm_f64f64_f64f64_f64_nn_n_tilesize32x32x32_stage5_warpsize2x2x1_tensor16x8x16_execute_kernel__5x_cublas                                                                                                                                                                                                                                                                                                                                                                                                                                                                                                                                                                                                                                                                                                                                                                                                                                                                                                                                                                                             │
│ 5584 │  65.31 ms │   2.62 µs │    1024 │       64 │   26 │                  - │           - │             - │ gpu_broadcast_kernel_cartesian(CompilerMetadata<DynamicSize, DynamicCheck, void, CartesianIndices<2, Tuple<OneTo<Int64>, OneTo<Int64>>>, NDRange<2, DynamicSize, DynamicSize, CartesianIndices<2, Tuple<OneTo<Int64>, OneTo<Int64>>>, CartesianIndices<2, Tuple<OneTo<Int64>, OneTo<Int64>>>>>, SubArray<Float64, 2, CuDeviceArray<Float64, 2, 1>, Tuple<UnitRange<Int64>, Slice<OneTo<Int64>>>, false>, Broadcasted<CuArrayStyle<2, DeviceMemory>, Tuple<OneTo<Int64>, OneTo<Int64>>, _, Tuple<Broadcasted<CuArrayStyle<2, DeviceMemory>, void, _, Tuple<Extruded<CuDeviceArray<Float64, 2, 1>, Tuple<Bool, Bool>, Tuple<Int64, Int64>>, Extruded<SubArray<Float64, 2, CuDeviceArray<Float64, 2, 1>, Tuple<UnitRange<Int64>, Slice<OneTo<Int64>>>, false>, Tuple<Bool, Bool>, Tuple<Int64, Int64>>>>, Broadcasted<CuArrayStyle<2, DeviceMemory>, void, _, Tuple<Extruded<CuDeviceArray<Float64, 2, 1>, Tuple<Bool, Bool>, Tuple<Int64, Int64>>, Extruded<SubArray<Float64, 2, CuDeviceArray<Float64, 2, 1>, Tuple<UnitRange<Int64>, Slice<OneTo<Int64>>>, false>, Tuple<Bool, Bool>, Tuple<Int64, Int64>>>>>>) │
│ 5632 │  65.31 ms │   2.62 µs │    1024 │       64 │   26 │                  - │           - │             - │ gpu_broadcast_kernel_cartesian(CompilerMetadata<DynamicSize, DynamicCheck, void, CartesianIndices<2, Tuple<OneTo<Int64>, OneTo<Int64>>>, NDRange<2, DynamicSize, DynamicSize, CartesianIndices<2, Tuple<OneTo<Int64>, OneTo<Int64>>>, CartesianIndices<2, Tuple<OneTo<Int64>, OneTo<Int64>>>>>, SubArray<Float64, 2, CuDeviceArray<Float64, 2, 1>, Tuple<UnitRange<Int64>, Slice<OneTo<Int64>>>, false>, Broadcasted<CuArrayStyle<2, DeviceMemory>, Tuple<OneTo<Int64>, OneTo<Int64>>, _, Tuple<Broadcasted<CuArrayStyle<2, DeviceMemory>, void, _, Tuple<Extruded<CuDeviceArray<Float64, 2, 1>, Tuple<Bool, Bool>, Tuple<Int64, Int64>>, Extruded<SubArray<Float64, 2, CuDeviceArray<Float64, 2, 1>, Tuple<UnitRange<Int64>, Slice<OneTo<Int64>>>, false>, Tuple<Bool, Bool>, Tuple<Int64, Int64>>>>, Broadcasted<CuArrayStyle<2, DeviceMemory>, void, _, Tuple<Extruded<CuDeviceArray<Float64, 2, 1>, Tuple<Bool, Bool>, Tuple<Int64, Int64>>, Extruded<SubArray<Float64, 2, CuDeviceArray<Float64, 2, 1>, Tuple<UnitRange<Int64>, Slice<OneTo<Int64>>>, false>, Tuple<Bool, Bool>, Tuple<Int64, Int64>>>>>>) │
│ 5642 │  65.32 ms │ 715.26 ns │       - │        - │    - │                  - │     8 bytes │  10.667 MiB/s │ [copy pageable to device memory]                                                                                                                                                                                                                                                                                                                                                                                                                                                                                                                                                                                                                                                                                                                                                                                                                                                                                                                                                                                                                                                                                │
│ 5648 │  65.32 ms │ 953.67 ns │       - │        - │    - │                  - │     8 bytes │   8.000 MiB/s │ [copy pageable to device memory]                                                                                                                                                                                                                                                                                                                                                                                                                                                                                                                                                                                                                                                                                                                                                                                                                                                                                                                                                                                                                                                                                │
│ 5662 │  65.32 ms │   2.38 µs │     128 │      128 │  126 │ 80.000 KiB dynamic │           - │             - │ sm90_xmma_gemm_f64f64_f64f64_f64_nn_n_tilesize32x32x32_stage5_warpsize2x2x1_tensor16x8x16_execute_kernel__5x_cublas                                                                                                                                                                                                                                                                                                                                                                                                                                                                                                                                                                                                                                                                                                                                                                                                                                                                                                                                                                                             │
│ 5681 │  65.32 ms │   2.86 µs │     256 │      256 │   32 │                  - │           - │             - │ _cuda_rotate_z_scatter_accumulate_kernel_(CuDeviceArray<Float64, 2, 1>, CuDeviceArray<Float64, 2, 1>, CuDeviceArray<Int64, 1, 1>, CuDeviceArray<Int64, 1, 1>, CuDeviceArray<Float64, 1, 1>, CuDeviceArray<Float64, 1, 1>, CuDeviceArray<Int64, 1, 1>, CuDeviceArray<Float64, 1, 1>)                                                                                                                                                                                                                                                                                                                                                                                                                                                                                                                                                                                                                                                                                                                                                                                                                             │
│ 5709 │  65.33 ms │   5.72 µs │    1024 │      512 │   30 │                  - │           - │             - │ gpu_broadcast_kernel_cartesian(CompilerMetadata<DynamicSize, DynamicCheck, void, CartesianIndices<2, Tuple<OneTo<Int64>, OneTo<Int64>>>, NDRange<2, DynamicSize, DynamicSize, CartesianIndices<2, Tuple<OneTo<Int64>, OneTo<Int64>>>, CartesianIndices<2, Tuple<OneTo<Int64>, OneTo<Int64>>>>>, CuDeviceArray<Float64, 2, 1>, Broadcasted<CuArrayStyle<2, DeviceMemory>, Tuple<OneTo<Int64>, OneTo<Int64>>, cos, Tuple<Broadcasted<CuArrayStyle<1, DeviceMemory>, void, _, Tuple<Extruded<CuDeviceArray<Float64, 1, 1>, Tuple<Bool>, Tuple<Int64>>, Extruded<Transpose<Float64, CuDeviceArray<Float64, 1, 1>>, Tuple<Bool, Bool>, Tuple<Int64, Int64>>>>>>)                                                                                                                                                                                                                                                                                                                                                                                                                                                     │
│ 5737 │  65.34 ms │   5.25 µs │    1024 │      512 │   30 │                  - │           - │             - │ gpu_broadcast_kernel_cartesian(CompilerMetadata<DynamicSize, DynamicCheck, void, CartesianIndices<2, Tuple<OneTo<Int64>, OneTo<Int64>>>, NDRange<2, DynamicSize, DynamicSize, CartesianIndices<2, Tuple<OneTo<Int64>, OneTo<Int64>>>, CartesianIndices<2, Tuple<OneTo<Int64>, OneTo<Int64>>>>>, CuDeviceArray<Float64, 2, 1>, Broadcasted<CuArrayStyle<2, DeviceMemory>, Tuple<OneTo<Int64>, OneTo<Int64>>, sin, Tuple<Broadcasted<CuArrayStyle<1, DeviceMemory>, void, _, Tuple<Extruded<CuDeviceArray<Float64, 1, 1>, Tuple<Bool>, Tuple<Int64>>, Extruded<Transpose<Float64, CuDeviceArray<Float64, 1, 1>>, Tuple<Bool, Bool>, Tuple<Int64, Int64>>>>>>)                                                                                                                                                                                                                                                                                                                                                                                                                                                     │
│ 5755 │  65.34 ms │    6.2 µs │     256 │     2048 │   32 │                  - │           - │             - │ _cuda_gather_rotate_z_kernel_(CuDeviceArray<Float64, 2, 1>, CuDeviceArray<Float64, 2, 1>, CuDeviceArray<Int64, 1, 1>, CuDeviceArray<Int64, 1, 1>, CuDeviceArray<Float64, 1, 1>, CuDeviceArray<Float64, 1, 1>, CuDeviceArray<Int64, 1, 1>, CuDeviceArray<Float64, 1, 1>, Float64)                                                                                                                                                                                                                                                                                                                                                                                                                                                                                                                                                                                                                                                                                                                                                                                                                                │
│ 5765 │  65.35 ms │ 953.67 ns │       - │        - │    - │                  - │     8 bytes │   8.000 MiB/s │ [copy pageable to device memory]                                                                                                                                                                                                                                                                                                                                                                                                                                                                                                                                                                                                                                                                                                                                                                                                                                                                                                                                                                                                                                                                                │
│ 5771 │  65.35 ms │ 953.67 ns │       - │        - │    - │                  - │     8 bytes │   8.000 MiB/s │ [copy pageable to device memory]                                                                                                                                                                                                                                                                                                                                                                                                                                                                                                                                                                                                                                                                                                                                                                                                                                                                                                                                                                                                                                                                                │
│ 5785 │  65.36 ms │   7.39 µs │     128 │      512 │  168 │ 72.000 KiB dynamic │           - │             - │ sm90_xmma_gemm_f64f64_f64f64_f64_nn_n_tilesize64x32x32_stage3_warpsize2x2x1_tensor16x8x16_execute_kernel__5x_cublas                                                                                                                                                                                                                                                                                                                                                                                                                                                                                                                                                                                                                                                                                                                                                                                                                                                                                                                                                                                             │
│ 5834 │  65.37 ms │   6.68 µs │    1024 │      512 │   26 │                  - │           - │             - │ gpu_broadcast_kernel_cartesian(CompilerMetadata<DynamicSize, DynamicCheck, void, CartesianIndices<2, Tuple<OneTo<Int64>, OneTo<Int64>>>, NDRange<2, DynamicSize, DynamicSize, CartesianIndices<2, Tuple<OneTo<Int64>, OneTo<Int64>>>, CartesianIndices<2, Tuple<OneTo<Int64>, OneTo<Int64>>>>>, SubArray<Float64, 2, CuDeviceArray<Float64, 2, 1>, Tuple<UnitRange<Int64>, Slice<OneTo<Int64>>>, false>, Broadcasted<CuArrayStyle<2, DeviceMemory>, Tuple<OneTo<Int64>, OneTo<Int64>>, _, Tuple<Broadcasted<CuArrayStyle<2, DeviceMemory>, void, _, Tuple<Extruded<CuDeviceArray<Float64, 2, 1>, Tuple<Bool, Bool>, Tuple<Int64, Int64>>, Extruded<SubArray<Float64, 2, CuDeviceArray<Float64, 2, 1>, Tuple<UnitRange<Int64>, Slice<OneTo<Int64>>>, false>, Tuple<Bool, Bool>, Tuple<Int64, Int64>>>>, Broadcasted<CuArrayStyle<2, DeviceMemory>, void, _, Tuple<Extruded<CuDeviceArray<Float64, 2, 1>, Tuple<Bool, Bool>, Tuple<Int64, Int64>>, Extruded<SubArray<Float64, 2, CuDeviceArray<Float64, 2, 1>, Tuple<UnitRange<Int64>, Slice<OneTo<Int64>>>, false>, Tuple<Bool, Bool>, Tuple<Int64, Int64>>>>>>) │
│ 5882 │  65.37 ms │   6.44 µs │    1024 │      512 │   26 │                  - │           - │             - │ gpu_broadcast_kernel_cartesian(CompilerMetadata<DynamicSize, DynamicCheck, void, CartesianIndices<2, Tuple<OneTo<Int64>, OneTo<Int64>>>, NDRange<2, DynamicSize, DynamicSize, CartesianIndices<2, Tuple<OneTo<Int64>, OneTo<Int64>>>, CartesianIndices<2, Tuple<OneTo<Int64>, OneTo<Int64>>>>>, SubArray<Float64, 2, CuDeviceArray<Float64, 2, 1>, Tuple<UnitRange<Int64>, Slice<OneTo<Int64>>>, false>, Broadcasted<CuArrayStyle<2, DeviceMemory>, Tuple<OneTo<Int64>, OneTo<Int64>>, _, Tuple<Broadcasted<CuArrayStyle<2, DeviceMemory>, void, _, Tuple<Extruded<CuDeviceArray<Float64, 2, 1>, Tuple<Bool, Bool>, Tuple<Int64, Int64>>, Extruded<SubArray<Float64, 2, CuDeviceArray<Float64, 2, 1>, Tuple<UnitRange<Int64>, Slice<OneTo<Int64>>>, false>, Tuple<Bool, Bool>, Tuple<Int64, Int64>>>>, Broadcasted<CuArrayStyle<2, DeviceMemory>, void, _, Tuple<Extruded<CuDeviceArray<Float64, 2, 1>, Tuple<Bool, Bool>, Tuple<Int64, Int64>>, Extruded<SubArray<Float64, 2, CuDeviceArray<Float64, 2, 1>, Tuple<UnitRange<Int64>, Slice<OneTo<Int64>>>, false>, Tuple<Bool, Bool>, Tuple<Int64, Int64>>>>>>) │
│ 5892 │  65.38 ms │ 953.67 ns │       - │        - │    - │                  - │     8 bytes │   8.000 MiB/s │ [copy pageable to device memory]                                                                                                                                                                                                                                                                                                                                                                                                                                                                                                                                                                                                                                                                                                                                                                                                                                                                                                                                                                                                                                                                                │
│ 5898 │  65.38 ms │   1.19 µs │       - │        - │    - │                  - │     8 bytes │   6.400 MiB/s │ [copy pageable to device memory]                                                                                                                                                                                                                                                                                                                                                                                                                                                                                                                                                                                                                                                                                                                                                                                                                                                                                                                                                                                                                                                                                │
│ 5912 │  65.39 ms │   6.44 µs │     128 │      512 │  168 │ 72.000 KiB dynamic │           - │             - │ sm90_xmma_gemm_f64f64_f64f64_f64_nn_n_tilesize64x32x32_stage3_warpsize2x2x1_tensor16x8x16_execute_kernel__5x_cublas                                                                                                                                                                                                                                                                                                                                                                                                                                                                                                                                                                                                                                                                                                                                                                                                                                                                                                                                                                                             │
│ 5923 │  65.39 ms │   1.19 µs │       - │        - │    - │                  - │     8 bytes │   6.400 MiB/s │ [copy pageable to device memory]                                                                                                                                                                                                                                                                                                                                                                                                                                                                                                                                                                                                                                                                                                                                                                                                                                                                                                                                                                                                                                                                                │
│ 5929 │   65.4 ms │ 715.26 ns │       - │        - │    - │                  - │     8 bytes │  10.667 MiB/s │ [copy pageable to device memory]                                                                                                                                                                                                                                                                                                                                                                                                                                                                                                                                                                                                                                                                                                                                                                                                                                                                                                                                                                                                                                                                                │
│ 5943 │   65.4 ms │    6.2 µs │     128 │      512 │  168 │ 72.000 KiB dynamic │           - │             - │ sm90_xmma_gemm_f64f64_f64f64_f64_nn_n_tilesize64x32x32_stage3_warpsize2x2x1_tensor16x8x16_execute_kernel__5x_cublas                                                                                                                                                                                                                                                                                                                                                                                                                                                                                                                                                                                                                                                                                                                                                                                                                                                                                                                                                                                             │
│ 5954 │  65.41 ms │ 715.26 ns │       - │        - │    - │                  - │     8 bytes │  10.667 MiB/s │ [copy pageable to device memory]                                                                                                                                                                                                                                                                                                                                                                                                                                                                                                                                                                                                                                                                                                                                                                                                                                                                                                                                                                                                                                                                                │
│ 5960 │  65.41 ms │ 953.67 ns │       - │        - │    - │                  - │     8 bytes │   8.000 MiB/s │ [copy pageable to device memory]                                                                                                                                                                                                                                                                                                                                                                                                                                                                                                                                                                                                                                                                                                                                                                                                                                                                                                                                                                                                                                                                                │
│ 5974 │  65.41 ms │   6.91 µs │     128 │      512 │  168 │ 72.000 KiB dynamic │           - │             - │ sm90_xmma_gemm_f64f64_f64f64_f64_nn_n_tilesize64x32x32_stage3_warpsize2x2x1_tensor16x8x16_execute_kernel__5x_cublas                                                                                                                                                                                                                                                                                                                                                                                                                                                                                                                                                                                                                                                                                                                                                                                                                                                                                                                                                                                             │
│ 6023 │  65.42 ms │   6.44 µs │    1024 │      512 │   26 │                  - │           - │             - │ gpu_broadcast_kernel_cartesian(CompilerMetadata<DynamicSize, DynamicCheck, void, CartesianIndices<2, Tuple<OneTo<Int64>, OneTo<Int64>>>, NDRange<2, DynamicSize, DynamicSize, CartesianIndices<2, Tuple<OneTo<Int64>, OneTo<Int64>>>, CartesianIndices<2, Tuple<OneTo<Int64>, OneTo<Int64>>>>>, SubArray<Float64, 2, CuDeviceArray<Float64, 2, 1>, Tuple<UnitRange<Int64>, Slice<OneTo<Int64>>>, false>, Broadcasted<CuArrayStyle<2, DeviceMemory>, Tuple<OneTo<Int64>, OneTo<Int64>>, _, Tuple<Broadcasted<CuArrayStyle<2, DeviceMemory>, void, _, Tuple<Extruded<CuDeviceArray<Float64, 2, 1>, Tuple<Bool, Bool>, Tuple<Int64, Int64>>, Extruded<SubArray<Float64, 2, CuDeviceArray<Float64, 2, 1>, Tuple<UnitRange<Int64>, Slice<OneTo<Int64>>>, false>, Tuple<Bool, Bool>, Tuple<Int64, Int64>>>>, Broadcasted<CuArrayStyle<2, DeviceMemory>, void, _, Tuple<Extruded<CuDeviceArray<Float64, 2, 1>, Tuple<Bool, Bool>, Tuple<Int64, Int64>>, Extruded<SubArray<Float64, 2, CuDeviceArray<Float64, 2, 1>, Tuple<UnitRange<Int64>, Slice<OneTo<Int64>>>, false>, Tuple<Bool, Bool>, Tuple<Int64, Int64>>>>>>) │
│ 6071 │  65.43 ms │    6.2 µs │    1024 │      512 │   26 │                  - │           - │             - │ gpu_broadcast_kernel_cartesian(CompilerMetadata<DynamicSize, DynamicCheck, void, CartesianIndices<2, Tuple<OneTo<Int64>, OneTo<Int64>>>, NDRange<2, DynamicSize, DynamicSize, CartesianIndices<2, Tuple<OneTo<Int64>, OneTo<Int64>>>, CartesianIndices<2, Tuple<OneTo<Int64>, OneTo<Int64>>>>>, SubArray<Float64, 2, CuDeviceArray<Float64, 2, 1>, Tuple<UnitRange<Int64>, Slice<OneTo<Int64>>>, false>, Broadcasted<CuArrayStyle<2, DeviceMemory>, Tuple<OneTo<Int64>, OneTo<Int64>>, _, Tuple<Broadcasted<CuArrayStyle<2, DeviceMemory>, void, _, Tuple<Extruded<CuDeviceArray<Float64, 2, 1>, Tuple<Bool, Bool>, Tuple<Int64, Int64>>, Extruded<SubArray<Float64, 2, CuDeviceArray<Float64, 2, 1>, Tuple<UnitRange<Int64>, Slice<OneTo<Int64>>>, false>, Tuple<Bool, Bool>, Tuple<Int64, Int64>>>>, Broadcasted<CuArrayStyle<2, DeviceMemory>, void, _, Tuple<Extruded<CuDeviceArray<Float64, 2, 1>, Tuple<Bool, Bool>, Tuple<Int64, Int64>>, Extruded<SubArray<Float64, 2, CuDeviceArray<Float64, 2, 1>, Tuple<UnitRange<Int64>, Slice<OneTo<Int64>>>, false>, Tuple<Bool, Bool>, Tuple<Int64, Int64>>>>>>) │
│ 6081 │  65.44 ms │ 715.26 ns │       - │        - │    - │                  - │     8 bytes │  10.667 MiB/s │ [copy pageable to device memory]                                                                                                                                                                                                                                                                                                                                                                                                                                                                                                                                                                                                                                                                                                                                                                                                                                                                                                                                                                                                                                                                                │
│ 6087 │  65.44 ms │ 953.67 ns │       - │        - │    - │                  - │     8 bytes │   8.000 MiB/s │ [copy pageable to device memory]                                                                                                                                                                                                                                                                                                                                                                                                                                                                                                                                                                                                                                                                                                                                                                                                                                                                                                                                                                                                                                                                                │
│ 6101 │  65.44 ms │   6.91 µs │     128 │      512 │  168 │ 72.000 KiB dynamic │           - │             - │ sm90_xmma_gemm_f64f64_f64f64_f64_nn_n_tilesize64x32x32_stage3_warpsize2x2x1_tensor16x8x16_execute_kernel__5x_cublas                                                                                                                                                                                                                                                                                                                                                                                                                                                                                                                                                                                                                                                                                                                                                                                                                                                                                                                                                                                             │
│ 6120 │  65.45 ms │   8.34 µs │     256 │     2048 │   32 │                  - │           - │             - │ _cuda_rotate_z_scatter_accumulate_kernel_(CuDeviceArray<Float64, 2, 1>, CuDeviceArray<Float64, 2, 1>, CuDeviceArray<Int64, 1, 1>, CuDeviceArray<Int64, 1, 1>, CuDeviceArray<Float64, 1, 1>, CuDeviceArray<Float64, 1, 1>, CuDeviceArray<Int64, 1, 1>, CuDeviceArray<Float64, 1, 1>)                                                                                                                                                                                                                                                                                                                                                                                                                                                                                                                                                                                                                                                                                                                                                                                                                             │
│ 6128 │  65.46 ms │  10.25 µs │    1024 │     3907 │   18 │                  - │           - │             - │ gpu_fill_kernel_(CompilerMetadata<DynamicSize, DynamicCheck, void, CartesianIndices<1, Tuple<OneTo<Int64>>>, NDRange<1, DynamicSize, DynamicSize, CartesianIndices<1, Tuple<OneTo<Int64>>>, CartesianIndices<1, Tuple<OneTo<Int64>>>>>, CuDeviceArray<Float64, 2, 1>, Float64)                                                                                                                                                                                                                                                                                                                                                                                                                                                                                                                                                                                                                                                                                                                                                                                                                                  │
│ 6140 │  65.47 ms │  51.81 ms │     128 │    40545 │   60 │                  - │           - │             - │ _cuda_direct_pairs_output_kernel_(CuDeviceArray<Float64, 2, 1>, CuDeviceArray<Float64, 2, 1>, CuDeviceArray<Int64, 2, 1>, CuDeviceArray<Int64, 1, 1>, CuDeviceArray<Int64, 1, 1>, Int64)                                                                                                                                                                                                                                                                                                                                                                                                                                                                                                                                                                                                                                                                                                                                                                                                                                                                                                                        │
│ 6154 │ 117.28 ms │ 939.61 µs │     128 │      256 │  148 │                  - │           - │             - │ _cuda_l2b_output_kernel_(CuDeviceArray<Float64, 2, 1>, CuDeviceArray<Float64, 2, 1>, CuDeviceArray<Float64, 2, 1>, CuDeviceArray<Int64, 2, 1>, CuDeviceArray<Int64, 1, 1>, CuDeviceArray<Float64, 2, 1>, CuDeviceArray<Float64, 2, 1>, Int64, Int64, Val<false>, Int64)                                                                                                                                                                                                                                                                                                                                                                                                                                                                                                                                                                                                                                                                                                                                                                                                                                         │
└──────┴───────────┴───────────┴─────────┴──────────┴──────┴────────────────────┴─────────────┴───────────────┴─────────────────────────────────────────────────────────────────────────────────────────────────────────────────────────────────────────────────────────────────────────────────────────────────────────────────────────────────────────────────────────────────────────────────────────────────────────────────────────────────────────────────────────────────────────────────────────────────────────────────────────────────────────────────────────────────────────────────────────────────────────────────────────────────────────────────────────────────────────────────────────────────────────────────────────────────────────────────────────────────────────────────────────────────────────────────────────────────────────────────────────────────────────────────────────────────────────────────────────────────────────────────────────────────────────────────────────────────────────────────────────────────────────────────────────────────────────────────────────────────────────────────────────────────────────────────────────────────────────────────────────────────────────────────┘


--- M2L stage alone (isolates the leaf apply)
Profiler ran for 42.57 ms, capturing 1750 events.

Host-side activity: calling CUDA APIs took 3.63 ms (8.52% of the trace)
┌──────┬──────────┬──────────┬────────┬─────────────────────────┬────────────────────────────┐
│   ID │    Start │     Time │ Thread │ Name                    │                    Details │
├──────┼──────────┼──────────┼────────┼─────────────────────────┼────────────────────────────┤
│    8 │ 16.77 ms │ 32.19 µs │      1 │ cuLaunchKernelEx        │                          - │
│   20 │ 16.82 ms │  7.87 µs │      1 │ cuLaunchKernelEx        │                          - │
│   32 │ 16.86 ms │  5.96 µs │      1 │ cuLaunchKernelEx        │                          - │
│   34 │ 16.87 ms │ 10.25 µs │      1 │ cuMemAllocFromPoolAsync │   436 bytes, device memory │
│   38 │ 16.89 ms │   9.3 µs │      1 │ cuMemsetD32Async        │                          - │
│   50 │ 16.92 ms │  5.96 µs │      1 │ cuLaunchKernelEx        │                          - │
│   62 │ 16.96 ms │  5.72 µs │      1 │ cuLaunchKernelEx        │                          - │
│   68 │ 16.99 ms │  5.96 µs │      1 │ cuLaunchKernelEx        │                          - │
│   70 │ 16.99 ms │  5.25 µs │      1 │ cuMemFreeAsync          │   436 bytes, device memory │
│   76 │ 17.01 ms │  5.25 µs │      1 │ cuLaunchKernelEx        │                          - │
│   82 │ 17.02 ms │  4.77 µs │      1 │ cuStreamSynchronize     │                          - │
│   86 │ 17.03 ms │ 11.21 µs │      1 │ cuMemcpyDtoHAsync       │                          - │
│  108 │ 17.05 ms │  1.67 µs │      1 │ cuStreamSynchronize     │                          - │
│  130 │ 17.07 ms │  5.48 µs │      1 │ cuLaunchKernelEx        │                          - │
│  150 │ 17.09 ms │  5.25 µs │      1 │ cuLaunchKernelEx        │                          - │
│  162 │  17.1 ms │  3.34 µs │      1 │ cuLaunchKernelEx        │                          - │
│  174 │ 17.12 ms │  3.58 µs │      1 │ cuLaunchKernelEx        │                          - │
│  176 │ 17.12 ms │  5.25 µs │      1 │ cuMemAllocFromPoolAsync │   3.398 KiB, device memory │
│  180 │ 17.13 ms │  3.58 µs │      1 │ cuMemsetD32Async        │                          - │
│  192 │ 17.14 ms │  4.05 µs │      1 │ cuLaunchKernelEx        │                          - │
│  204 │ 17.16 ms │   3.1 µs │      1 │ cuLaunchKernelEx        │                          - │
│  210 │ 17.17 ms │  3.34 µs │      1 │ cuLaunchKernelEx        │                          - │
│  212 │ 17.17 ms │ 17.17 µs │      1 │ cuMemFreeAsync          │   3.398 KiB, device memory │
│  218 │ 17.19 ms │  3.81 µs │      1 │ cuLaunchKernelEx        │                          - │
│  238 │  17.2 ms │  2.86 µs │      1 │ cuStreamSynchronize     │                          - │
│  242 │ 17.21 ms │  3.81 µs │      1 │ cuMemcpyDtoHAsync       │                          - │
│  270 │ 17.22 ms │  1.91 µs │      1 │ cuStreamSynchronize     │                          - │
│  292 │ 17.23 ms │  2.86 µs │      1 │ cuLaunchKernelEx        │                          - │
│  312 │ 17.24 ms │  3.34 µs │      1 │ cuLaunchKernelEx        │                          - │
│  324 │ 17.25 ms │  2.86 µs │      1 │ cuLaunchKernelEx        │                          - │
│  336 │ 17.26 ms │   3.1 µs │      1 │ cuLaunchKernelEx        │                          - │
│  338 │ 17.26 ms │  2.15 µs │      1 │ cuMemAllocFromPoolAsync │  27.188 KiB, device memory │
│  342 │ 17.27 ms │   6.2 µs │      1 │ cuMemsetD32Async        │                          - │
│  354 │ 17.28 ms │  3.34 µs │      1 │ cuLaunchKernelEx        │                          - │
│  366 │ 17.29 ms │  2.86 µs │      1 │ cuLaunchKernelEx        │                          - │
│  368 │  17.3 ms │  3.34 µs │      1 │ cuMemAllocFromPoolAsync │    28 bytes, device memory │
│  372 │  17.3 ms │  2.62 µs │      1 │ cuMemsetD32Async        │                          - │
│  384 │ 17.31 ms │  3.34 µs │      1 │ cuLaunchKernelEx        │                          - │
│  396 │ 17.32 ms │  2.86 µs │      1 │ cuLaunchKernelEx        │                          - │
│  402 │ 17.33 ms │  2.86 µs │      1 │ cuLaunchKernelEx        │                          - │
│  404 │ 17.33 ms │  1.91 µs │      1 │ cuMemFreeAsync          │    28 bytes, device memory │
│  410 │ 17.34 ms │  3.34 µs │      1 │ cuLaunchKernelEx        │                          - │
│  412 │ 17.34 ms │  1.43 µs │      1 │ cuMemFreeAsync          │  27.188 KiB, device memory │
│  418 │ 17.35 ms │  3.34 µs │      1 │ cuLaunchKernelEx        │                          - │
│  934 │ 17.63 ms │ 26.46 µs │      2 │ cuStreamSynchronize     │                          - │
│  938 │ 17.68 ms │  4.53 µs │      1 │ cuMemcpyDtoHAsync       │                          - │
│  962 │ 17.69 ms │  1.91 µs │      1 │ cuStreamSynchronize     │                          - │
│  984 │  17.7 ms │  3.58 µs │      1 │ cuLaunchKernelEx        │                          - │
│ 1004 │ 17.71 ms │  3.34 µs │      1 │ cuLaunchKernelEx        │                          - │
│ 1016 │ 17.72 ms │   3.1 µs │      1 │ cuLaunchKernelEx        │                          - │
│ 1028 │ 17.73 ms │   3.1 µs │      1 │ cuLaunchKernelEx        │                          - │
│ 1030 │ 17.73 ms │  5.01 µs │      1 │ cuMemAllocFromPoolAsync │ 217.500 KiB, device memory │
│ 1034 │ 17.74 ms │  3.58 µs │      1 │ cuMemsetD32Async        │                          - │
│ 1046 │ 17.75 ms │   3.1 µs │      1 │ cuLaunchKernelEx        │                          - │
│ 1058 │ 17.77 ms │  2.62 µs │      1 │ cuLaunchKernelEx        │                          - │
│ 1060 │ 17.77 ms │  1.91 µs │      1 │ cuMemAllocFromPoolAsync │   220 bytes, device memory │
│ 1064 │ 17.77 ms │  2.15 µs │      1 │ cuMemsetD32Async        │                          - │
│ 1076 │ 17.78 ms │   3.1 µs │      1 │ cuLaunchKernelEx        │                          - │
│ 1088 │ 17.79 ms │  2.86 µs │      1 │ cuLaunchKernelEx        │                          - │
│ 1094 │  17.8 ms │  2.86 µs │      1 │ cuLaunchKernelEx        │                          - │
│ 1096 │ 17.81 ms │  1.91 µs │      1 │ cuMemFreeAsync          │   220 bytes, device memory │
│ 1102 │ 17.81 ms │   3.1 µs │      1 │ cuLaunchKernelEx        │                          - │
│ 1104 │ 17.81 ms │  1.19 µs │      1 │ cuMemFreeAsync          │ 217.500 KiB, device memory │
│ 1110 │ 17.82 ms │   3.1 µs │      1 │ cuLaunchKernelEx        │                          - │
│ 1626 │ 18.04 ms │   3.6 ms │      2 │ cuStreamSynchronize     │                          - │
│ 1630 │ 21.65 ms │  4.53 µs │      1 │ cuMemcpyDtoHAsync       │                          - │
│ 1658 │ 21.67 ms │  2.15 µs │      1 │ cuStreamSynchronize     │                          - │
│ 1680 │ 21.68 ms │  3.58 µs │      1 │ cuLaunchKernelEx        │                          - │
│ 1700 │ 21.69 ms │   3.1 µs │      1 │ cuLaunchKernelEx        │                          - │
└──────┴──────────┴──────────┴────────┴─────────────────────────┴────────────────────────────┘

Device-side activity: GPU was busy for 25.19 ms (59.18% of the trace)
┌──────┬──────────┬───────────┬─────────┬──────────┬──────┬────────────────────┬─────────────┬───────────────┬────────────────────────────────────────────────────────────────────────────────────────────────────────────────────────────────────────────────────────────────────────────────────────────────────────────────────────────────────────────────────────────────────────────────────────────────────────────────────────────────────────────────────────────────────────────────────────────────────────────────────────┐
│   ID │    Start │      Time │ Threads │   Blocks │ Regs │         Shared Mem │        Size │    Throughput │ Name                                                                                                                                                                                                                                                                                                                                                                                                                   │
├──────┼──────────┼───────────┼─────────┼──────────┼──────┼────────────────────┼─────────────┼───────────────┼────────────────────────────────────────────────────────────────────────────────────────────────────────────────────────────────────────────────────────────────────────────────────────────────────────────────────────────────────────────────────────────────────────────────────────────────────────────────────────────────────────────────────────────────────────────────────────────────────────────────────────┤
│    8 │  16.8 ms │   2.62 µs │    1024 │      732 │   18 │                  - │           - │             - │ gpu_fill_kernel_(CompilerMetadata<DynamicSize, DynamicCheck, void, CartesianIndices<1, Tuple<OneTo<Int64>>>, NDRange<1, DynamicSize, DynamicSize, CartesianIndices<1, Tuple<OneTo<Int64>>>, CartesianIndices<1, Tuple<OneTo<Int64>>>>>, CuDeviceArray<Float64, 2, 1>, Float64)                                                                                                                                         │
│   20 │ 16.83 ms │   2.86 µs │     256 │      435 │   32 │                  - │           - │             - │ _cuda_hier_route_flags_kernel_(CuDeviceArray<Int32, 1, 1>, CuDeviceArray<Int32, 1, 1>, CuDeviceArray<Int64, 2, 1>, CuDeviceArray<Int32, 2, 1>, CuDeviceArray<Int32, 2, 1>, Int64, Int64, Int64, Int64, Int64, Int64)                                                                                                                                                                                                   │
│   32 │ 16.87 ms │   4.53 µs │    1024 │      109 │   32 │  8.000 KiB dynamic │           - │             - │ partial_scan(_, CuDeviceArray<Int32, 1, 1>, CuDeviceArray<Int32, 1, 1>, CartesianIndices<1, Tuple<OneTo<Int64>>>, CartesianIndices<0, Tuple<>>, CartesianIndices<0, Tuple<>>, CartesianIndices<2, Tuple<OneTo<Int64>, OneTo<Int64>>>, Int32, void, Val<true>)                                                                                                                                                          │
│   38 │  16.9 ms │ 715.26 ns │       - │        - │    - │                  - │   436 bytes │ 581.333 MiB/s │ [set device memory]                                                                                                                                                                                                                                                                                                                                                                                                    │
│   50 │ 16.93 ms │   1.19 µs │      64 │        2 │   16 │                  - │           - │             - │ gpu_linear_copy_kernel_(CompilerMetadata<DynamicSize, DynamicCheck, void, CartesianIndices<1, Tuple<OneTo<Int64>>>, NDRange<1, DynamicSize, DynamicSize, CartesianIndices<1, Tuple<OneTo<Int64>>>, CartesianIndices<1, Tuple<OneTo<Int64>>>>>, CuDeviceArray<Int32, 1, 1>, Int64, SubArray<Int32, 1, CuDeviceArray<Int32, 1, 1>, Tuple<StepRange<Int64, Int64>>, true>, Int64, Int64)                                  │
│   62 │ 16.97 ms │   1.91 µs │     128 │        1 │   32 │ 1024 bytes dynamic │           - │             - │ scan                                                                                                                                                                                                                                                                                                                                                                                                                   │
│   68 │ 16.99 ms │   1.43 µs │    1024 │      109 │   32 │                  - │           - │             - │ aggregate_partial_scan(_, CuDeviceArray<Int32, 1, 1>, CuDeviceArray<Int32, 1, 1>, CartesianIndices<1, Tuple<OneTo<Int64>>>, CartesianIndices<0, Tuple<>>, CartesianIndices<0, Tuple<>>, CartesianIndices<2, Tuple<OneTo<Int64>, OneTo<Int64>>>, void)                                                                                                                                                                  │
│   76 │ 17.02 ms │ 953.67 ns │     256 │        7 │   16 │                  - │           - │             - │ _cuda_hier_window_cum_kernel_(CuDeviceArray<Int32, 1, 1>, CuDeviceArray<Int32, 1, 1>, Int64, Int64)                                                                                                                                                                                                                                                                                                                    │
│   86 │ 17.04 ms │   2.62 µs │       - │        - │    - │                  - │   6.797 KiB │   2.472 GiB/s │ [copy device to pinned memory]                                                                                                                                                                                                                                                                                                                                                                                         │
│  130 │ 17.07 ms │   2.15 µs │     256 │      435 │   32 │                  - │           - │             - │ _cuda_hier_route_compact_kernel_(CuDeviceArray<Int64, 1, 1>, CuDeviceArray<Int64, 2, 1>, CuDeviceArray<Int64, 1, 1>, CuDeviceArray<Int64, 1, 1>, CuDeviceArray<Int32, 1, 1>, CuDeviceArray<Int32, 1, 1>, CuDeviceArray<Int32, 1, 1>, CuDeviceArray<Int32, 1, 1>, CuDeviceArray<Int64, 2, 1>, CuDeviceArray<Int32, 2, 1>, Int64, Int64, Int64, Int64, Int64, Int64, Int64)                                              │
│  150 │  17.1 ms │   5.72 µs │      32 │      752 │   37 │  128 bytes dynamic │           - │             - │ _cuda_hier_dense_fused_kernel_(CuDeviceArray<Float64, 2, 1>, CuDeviceArray<Float64, 2, 1>, CuDeviceArray<Float64, 3, 1>, CuDeviceArray<Int32, 1, 1>, CuDeviceArray<Int64, 1, 1>, CuDeviceArray<Int64, 1, 1>, CuDeviceArray<Float64, 2, 1>, CuDeviceArray<Float64, 2, 1>, CuDeviceArray<Int64, 1, 1>, CuDeviceArray<Int64, 1, 1>, Int64, CuDeviceArray<Float64, 2, 1>, CuDeviceArray<Float64, 2, 1>, Int64, Val<false>) │
│  162 │ 17.11 ms │   6.68 µs │     256 │     3480 │   32 │                  - │           - │             - │ _cuda_hier_route_flags_kernel_(CuDeviceArray<Int32, 1, 1>, CuDeviceArray<Int32, 1, 1>, CuDeviceArray<Int64, 2, 1>, CuDeviceArray<Int32, 2, 1>, CuDeviceArray<Int32, 2, 1>, Int64, Int64, Int64, Int64, Int64, Int64)                                                                                                                                                                                                   │
│  174 │ 17.12 ms │  17.17 µs │    1024 │      870 │   32 │  8.000 KiB dynamic │           - │             - │ partial_scan(_, CuDeviceArray<Int32, 1, 1>, CuDeviceArray<Int32, 1, 1>, CartesianIndices<1, Tuple<OneTo<Int64>>>, CartesianIndices<0, Tuple<>>, CartesianIndices<0, Tuple<>>, CartesianIndices<2, Tuple<OneTo<Int64>, OneTo<Int64>>>, Int32, void, Val<true>)                                                                                                                                                          │
│  180 │ 17.14 ms │   1.19 µs │       - │        - │    - │                  - │   3.398 KiB │   2.719 GiB/s │ [set device memory]                                                                                                                                                                                                                                                                                                                                                                                                    │
│  192 │ 17.15 ms │   1.67 µs │     512 │        2 │   16 │                  - │           - │             - │ gpu_linear_copy_kernel_(CompilerMetadata<DynamicSize, DynamicCheck, void, CartesianIndices<1, Tuple<OneTo<Int64>>>, NDRange<1, DynamicSize, DynamicSize, CartesianIndices<1, Tuple<OneTo<Int64>>>, CartesianIndices<1, Tuple<OneTo<Int64>>>>>, CuDeviceArray<Int32, 1, 1>, Int64, SubArray<Int32, 1, CuDeviceArray<Int32, 1, 1>, Tuple<StepRange<Int64, Int64>>, true>, Int64, Int64)                                  │
│  204 │ 17.16 ms │   4.05 µs │    1024 │        1 │   32 │  8.000 KiB dynamic │           - │             - │ scan                                                                                                                                                                                                                                                                                                                                                                                                                   │
│  210 │ 17.17 ms │   3.81 µs │    1024 │      870 │   32 │                  - │           - │             - │ aggregate_partial_scan(_, CuDeviceArray<Int32, 1, 1>, CuDeviceArray<Int32, 1, 1>, CartesianIndices<1, Tuple<OneTo<Int64>>>, CartesianIndices<0, Tuple<>>, CartesianIndices<0, Tuple<>>, CartesianIndices<2, Tuple<OneTo<Int64>, OneTo<Int64>>>, void)                                                                                                                                                                  │
│  218 │  17.2 ms │   1.43 µs │     256 │        7 │   16 │                  - │           - │             - │ _cuda_hier_window_cum_kernel_(CuDeviceArray<Int32, 1, 1>, CuDeviceArray<Int32, 1, 1>, Int64, Int64)                                                                                                                                                                                                                                                                                                                    │
│  242 │ 17.21 ms │   2.38 µs │       - │        - │    - │                  - │   6.797 KiB │   2.719 GiB/s │ [copy device to pinned memory]                                                                                                                                                                                                                                                                                                                                                                                         │
│  292 │ 17.23 ms │   5.72 µs │     256 │     3480 │   32 │                  - │           - │             - │ _cuda_hier_route_compact_kernel_(CuDeviceArray<Int64, 1, 1>, CuDeviceArray<Int64, 2, 1>, CuDeviceArray<Int64, 1, 1>, CuDeviceArray<Int64, 1, 1>, CuDeviceArray<Int32, 1, 1>, CuDeviceArray<Int32, 1, 1>, CuDeviceArray<Int32, 1, 1>, CuDeviceArray<Int32, 1, 1>, CuDeviceArray<Int64, 2, 1>, CuDeviceArray<Int32, 2, 1>, Int64, Int64, Int64, Int64, Int64, Int64, Int64)                                              │
│  312 │ 17.24 ms │ 118.49 µs │      32 │   160192 │   37 │  128 bytes dynamic │           - │             - │ _cuda_hier_dense_fused_kernel_(CuDeviceArray<Float64, 2, 1>, CuDeviceArray<Float64, 2, 1>, CuDeviceArray<Float64, 3, 1>, CuDeviceArray<Int32, 1, 1>, CuDeviceArray<Int64, 1, 1>, CuDeviceArray<Int64, 1, 1>, CuDeviceArray<Float64, 2, 1>, CuDeviceArray<Float64, 2, 1>, CuDeviceArray<Int64, 1, 1>, CuDeviceArray<Int64, 1, 1>, Int64, CuDeviceArray<Float64, 2, 1>, CuDeviceArray<Float64, 2, 1>, Int64, Val<false>) │
│  324 │ 17.36 ms │  44.11 µs │     256 │    27840 │   32 │                  - │           - │             - │ _cuda_hier_route_flags_kernel_(CuDeviceArray<Int32, 1, 1>, CuDeviceArray<Int32, 1, 1>, CuDeviceArray<Int64, 2, 1>, CuDeviceArray<Int32, 2, 1>, CuDeviceArray<Int32, 2, 1>, Int64, Int64, Int64, Int64, Int64, Int64)                                                                                                                                                                                                   │
│  336 │ 17.41 ms │  126.6 µs │    1024 │     6960 │   32 │  8.000 KiB dynamic │           - │             - │ partial_scan(_, CuDeviceArray<Int32, 1, 1>, CuDeviceArray<Int32, 1, 1>, CartesianIndices<1, Tuple<OneTo<Int64>>>, CartesianIndices<0, Tuple<>>, CartesianIndices<0, Tuple<>>, CartesianIndices<2, Tuple<OneTo<Int64>, OneTo<Int64>>>, Int32, void, Val<true>)                                                                                                                                                          │
│  342 │ 17.54 ms │ 953.67 ns │       - │        - │    - │                  - │  27.188 KiB │  27.188 GiB/s │ [set device memory]                                                                                                                                                                                                                                                                                                                                                                                                    │
│  354 │ 17.54 ms │   2.38 µs │    1024 │        7 │   16 │                  - │           - │             - │ gpu_linear_copy_kernel_(CompilerMetadata<DynamicSize, DynamicCheck, void, CartesianIndices<1, Tuple<OneTo<Int64>>>, NDRange<1, DynamicSize, DynamicSize, CartesianIndices<1, Tuple<OneTo<Int64>>>, CartesianIndices<1, Tuple<OneTo<Int64>>>>>, CuDeviceArray<Int32, 1, 1>, Int64, SubArray<Int32, 1, CuDeviceArray<Int32, 1, 1>, Tuple<StepRange<Int64, Int64>>, true>, Int64, Int64)                                  │
│  366 │ 17.54 ms │   4.05 µs │    1024 │        7 │   32 │  8.000 KiB dynamic │           - │             - │ partial_scan(_, CuDeviceArray<Int32, 1, 1>, CuDeviceArray<Int32, 1, 1>, CartesianIndices<1, Tuple<OneTo<Int64>>>, CartesianIndices<0, Tuple<>>, CartesianIndices<0, Tuple<>>, CartesianIndices<2, Tuple<OneTo<Int64>, OneTo<Int64>>>, Int32, void, Val<true>)                                                                                                                                                          │
│  372 │ 17.55 ms │ 715.26 ns │       - │        - │    - │                  - │    28 bytes │  37.333 MiB/s │ [set device memory]                                                                                                                                                                                                                                                                                                                                                                                                    │
│  384 │ 17.55 ms │ 715.26 ns │       6 │        1 │   16 │                  - │           - │             - │ gpu_linear_copy_kernel_(CompilerMetadata<DynamicSize, DynamicCheck, void, CartesianIndices<1, Tuple<OneTo<Int64>>>, NDRange<1, DynamicSize, DynamicSize, CartesianIndices<1, Tuple<OneTo<Int64>>>, CartesianIndices<1, Tuple<OneTo<Int64>>>>>, CuDeviceArray<Int32, 1, 1>, Int64, SubArray<Int32, 1, CuDeviceArray<Int32, 1, 1>, Tuple<StepRange<Int64, Int64>>, true>, Int64, Int64)                                  │
│  396 │ 17.55 ms │   1.67 µs │       8 │        1 │   32 │   64 bytes dynamic │           - │             - │ scan                                                                                                                                                                                                                                                                                                                                                                                                                   │
│  402 │ 17.55 ms │ 953.67 ns │    1024 │        7 │   32 │                  - │           - │             - │ aggregate_partial_scan(_, CuDeviceArray<Int32, 1, 1>, CuDeviceArray<Int32, 1, 1>, CartesianIndices<1, Tuple<OneTo<Int64>>>, CartesianIndices<0, Tuple<>>, CartesianIndices<0, Tuple<>>, CartesianIndices<2, Tuple<OneTo<Int64>, OneTo<Int64>>>, void)                                                                                                                                                                  │
│  410 │ 17.56 ms │   26.7 µs │    1024 │     6960 │   32 │                  - │           - │             - │ aggregate_partial_scan(_, CuDeviceArray<Int32, 1, 1>, CuDeviceArray<Int32, 1, 1>, CartesianIndices<1, Tuple<OneTo<Int64>>>, CartesianIndices<0, Tuple<>>, CartesianIndices<0, Tuple<>>, CartesianIndices<2, Tuple<OneTo<Int64>, OneTo<Int64>>>, void)                                                                                                                                                                  │
│  418 │ 17.59 ms │   1.43 µs │     256 │        7 │   16 │                  - │           - │             - │ _cuda_hier_window_cum_kernel_(CuDeviceArray<Int32, 1, 1>, CuDeviceArray<Int32, 1, 1>, Int64, Int64)                                                                                                                                                                                                                                                                                                                    │
│  938 │ 17.68 ms │   2.62 µs │       - │        - │    - │                  - │   6.797 KiB │   2.472 GiB/s │ [copy device to pinned memory]                                                                                                                                                                                                                                                                                                                                                                                         │
│  984 │  17.7 ms │  59.84 µs │     256 │    27840 │   32 │                  - │           - │             - │ _cuda_hier_route_compact_kernel_(CuDeviceArray<Int64, 1, 1>, CuDeviceArray<Int64, 2, 1>, CuDeviceArray<Int64, 1, 1>, CuDeviceArray<Int64, 1, 1>, CuDeviceArray<Int32, 1, 1>, CuDeviceArray<Int32, 1, 1>, CuDeviceArray<Int32, 1, 1>, CuDeviceArray<Int32, 1, 1>, CuDeviceArray<Int64, 2, 1>, CuDeviceArray<Int32, 2, 1>, Int64, Int64, Int64, Int64, Int64, Int64, Int64)                                              │
│ 1004 │ 17.76 ms │   2.22 ms │      32 │  2874464 │   37 │  128 bytes dynamic │           - │             - │ _cuda_hier_dense_fused_kernel_(CuDeviceArray<Float64, 2, 1>, CuDeviceArray<Float64, 2, 1>, CuDeviceArray<Float64, 3, 1>, CuDeviceArray<Int32, 1, 1>, CuDeviceArray<Int64, 1, 1>, CuDeviceArray<Int64, 1, 1>, CuDeviceArray<Float64, 2, 1>, CuDeviceArray<Float64, 2, 1>, CuDeviceArray<Int64, 1, 1>, CuDeviceArray<Int64, 1, 1>, Int64, CuDeviceArray<Float64, 2, 1>, CuDeviceArray<Float64, 2, 1>, Int64, Val<false>) │
│ 1016 │ 19.98 ms │ 356.67 µs │     256 │   222720 │   32 │                  - │           - │             - │ _cuda_hier_route_flags_kernel_(CuDeviceArray<Int32, 1, 1>, CuDeviceArray<Int32, 1, 1>, CuDeviceArray<Int64, 2, 1>, CuDeviceArray<Int32, 2, 1>, CuDeviceArray<Int32, 2, 1>, Int64, Int64, Int64, Int64, Int64, Int64)                                                                                                                                                                                                   │
│ 1028 │ 20.34 ms │   1.02 ms │    1024 │    55680 │   32 │  8.000 KiB dynamic │           - │             - │ partial_scan(_, CuDeviceArray<Int32, 1, 1>, CuDeviceArray<Int32, 1, 1>, CartesianIndices<1, Tuple<OneTo<Int64>>>, CartesianIndices<0, Tuple<>>, CartesianIndices<0, Tuple<>>, CartesianIndices<2, Tuple<OneTo<Int64>, OneTo<Int64>>>, Int32, void, Val<true>)                                                                                                                                                          │
│ 1034 │ 21.36 ms │ 953.67 ns │       - │        - │    - │                  - │ 217.500 KiB │ 217.500 GiB/s │ [set device memory]                                                                                                                                                                                                                                                                                                                                                                                                    │
│ 1046 │ 21.36 ms │   4.05 µs │    1024 │       55 │   16 │                  - │           - │             - │ gpu_linear_copy_kernel_(CompilerMetadata<DynamicSize, DynamicCheck, void, CartesianIndices<1, Tuple<OneTo<Int64>>>, NDRange<1, DynamicSize, DynamicSize, CartesianIndices<1, Tuple<OneTo<Int64>>>, CartesianIndices<1, Tuple<OneTo<Int64>>>>>, CuDeviceArray<Int32, 1, 1>, Int64, SubArray<Int32, 1, CuDeviceArray<Int32, 1, 1>, Tuple<StepRange<Int64, Int64>>, true>, Int64, Int64)                                  │
│ 1058 │ 21.36 ms │   4.05 µs │    1024 │       55 │   32 │  8.000 KiB dynamic │           - │             - │ partial_scan(_, CuDeviceArray<Int32, 1, 1>, CuDeviceArray<Int32, 1, 1>, CartesianIndices<1, Tuple<OneTo<Int64>>>, CartesianIndices<0, Tuple<>>, CartesianIndices<0, Tuple<>>, CartesianIndices<2, Tuple<OneTo<Int64>, OneTo<Int64>>>, Int32, void, Val<true>)                                                                                                                                                          │
│ 1064 │ 21.37 ms │ 715.26 ns │       - │        - │    - │                  - │   220 bytes │ 293.333 MiB/s │ [set device memory]                                                                                                                                                                                                                                                                                                                                                                                                    │
│ 1076 │ 21.37 ms │   1.19 µs │      54 │        1 │   16 │                  - │           - │             - │ gpu_linear_copy_kernel_(CompilerMetadata<DynamicSize, DynamicCheck, void, CartesianIndices<1, Tuple<OneTo<Int64>>>, NDRange<1, DynamicSize, DynamicSize, CartesianIndices<1, Tuple<OneTo<Int64>>>, CartesianIndices<1, Tuple<OneTo<Int64>>>>>, CuDeviceArray<Int32, 1, 1>, Int64, SubArray<Int32, 1, CuDeviceArray<Int32, 1, 1>, Tuple<StepRange<Int64, Int64>>, true>, Int64, Int64)                                  │
│ 1088 │ 21.38 ms │   1.67 µs │      64 │        1 │   32 │  512 bytes dynamic │           - │             - │ scan                                                                                                                                                                                                                                                                                                                                                                                                                   │
│ 1094 │ 21.38 ms │   1.43 µs │    1024 │       55 │   32 │                  - │           - │             - │ aggregate_partial_scan(_, CuDeviceArray<Int32, 1, 1>, CuDeviceArray<Int32, 1, 1>, CartesianIndices<1, Tuple<OneTo<Int64>>>, CartesianIndices<0, Tuple<>>, CartesianIndices<0, Tuple<>>, CartesianIndices<2, Tuple<OneTo<Int64>, OneTo<Int64>>>, void)                                                                                                                                                                  │
│ 1102 │ 21.38 ms │  243.9 µs │    1024 │    55680 │   32 │                  - │           - │             - │ aggregate_partial_scan(_, CuDeviceArray<Int32, 1, 1>, CuDeviceArray<Int32, 1, 1>, CartesianIndices<1, Tuple<OneTo<Int64>>>, CartesianIndices<0, Tuple<>>, CartesianIndices<0, Tuple<>>, CartesianIndices<2, Tuple<OneTo<Int64>, OneTo<Int64>>>, void)                                                                                                                                                                  │
│ 1110 │ 21.63 ms │   1.67 µs │     256 │        7 │   16 │                  - │           - │             - │ _cuda_hier_window_cum_kernel_(CuDeviceArray<Int32, 1, 1>, CuDeviceArray<Int32, 1, 1>, Int64, Int64)                                                                                                                                                                                                                                                                                                                    │
│ 1630 │ 21.66 ms │   2.15 µs │       - │        - │    - │                  - │   6.797 KiB │   3.021 GiB/s │ [copy device to pinned memory]                                                                                                                                                                                                                                                                                                                                                                                         │
│ 1680 │ 21.68 ms │  593.9 µs │     256 │   222720 │   32 │                  - │           - │             - │ _cuda_hier_route_compact_kernel_(CuDeviceArray<Int64, 1, 1>, CuDeviceArray<Int64, 2, 1>, CuDeviceArray<Int64, 1, 1>, CuDeviceArray<Int64, 1, 1>, CuDeviceArray<Int32, 1, 1>, CuDeviceArray<Int32, 1, 1>, CuDeviceArray<Int32, 1, 1>, CuDeviceArray<Int32, 1, 1>, CuDeviceArray<Int64, 2, 1>, CuDeviceArray<Int32, 2, 1>, Int64, Int64, Int64, Int64, Int64, Int64, Int64)                                              │
│ 1700 │ 22.28 ms │  20.28 ms │      32 │ 31307680 │   37 │  128 bytes dynamic │           - │             - │ _cuda_hier_dense_fused_kernel_(CuDeviceArray<Float64, 2, 1>, CuDeviceArray<Float64, 2, 1>, CuDeviceArray<Float64, 3, 1>, CuDeviceArray<Int32, 1, 1>, CuDeviceArray<Int64, 1, 1>, CuDeviceArray<Int64, 1, 1>, CuDeviceArray<Float64, 2, 1>, CuDeviceArray<Float64, 2, 1>, CuDeviceArray<Int64, 1, 1>, CuDeviceArray<Int64, 1, 1>, Int64, CuDeviceArray<Float64, 2, 1>, CuDeviceArray<Float64, 2, 1>, Int64, Val<false>) │
└──────┴──────────┴───────────┴─────────┴──────────┴──────┴────────────────────┴─────────────┴───────────────┴────────────────────────────────────────────────────────────────────────────────────────────────────────────────────────────────────────────────────────────────────────────────────────────────────────────────────────────────────────────────────────────────────────────────────────────────────────────────────────────────────────────────────────────────────────────────────────────────────────────────────────┘


--- fused L2B+nearfield stage alone
Profiler ran for 69.43 ms, capturing 38 events.

Host-side activity: calling CUDA APIs took 40.53 µs (0.06% of the trace)
┌────┬──────────┬──────────┬──────────────────┐
│ ID │    Start │     Time │ Name             │
├────┼──────────┼──────────┼──────────────────┤
│  8 │ 16.68 ms │ 22.89 µs │ cuLaunchKernelEx │
│ 20 │ 16.72 ms │  7.15 µs │ cuLaunchKernelEx │
│ 34 │ 16.74 ms │   6.2 µs │ cuLaunchKernelEx │
└────┴──────────┴──────────┴──────────────────┘

Device-side activity: GPU was busy for 52.71 ms (75.92% of the trace)
┌────┬──────────┬───────────┬─────────┬────────┬──────┬────────────────────────────────────────────────────────────────────────────────────────────────────────────────────────────────────────────────────────────────────────────────────────────────────────────────────────────────────────────────────────────────────────────────┐
│ ID │    Start │      Time │ Threads │ Blocks │ Regs │ Name                                                                                                                                                                                                                                                                           │
├────┼──────────┼───────────┼─────────┼────────┼──────┼────────────────────────────────────────────────────────────────────────────────────────────────────────────────────────────────────────────────────────────────────────────────────────────────────────────────────────────────────────────────────────────────────────────────┤
│  8 │  16.7 ms │  10.49 µs │    1024 │   3907 │   18 │ gpu_fill_kernel_(CompilerMetadata<DynamicSize, DynamicCheck, void, CartesianIndices<1, Tuple<OneTo<Int64>>>, NDRange<1, DynamicSize, DynamicSize, CartesianIndices<1, Tuple<OneTo<Int64>>>, CartesianIndices<1, Tuple<OneTo<Int64>>>>>, CuDeviceArray<Float64, 2, 1>, Float64) │
│ 20 │ 16.72 ms │  51.76 ms │     128 │  40545 │   60 │ _cuda_direct_pairs_output_kernel_(CuDeviceArray<Float64, 2, 1>, CuDeviceArray<Float64, 2, 1>, CuDeviceArray<Int64, 2, 1>, CuDeviceArray<Int64, 1, 1>, CuDeviceArray<Int64, 1, 1>, Int64)                                                                                       │
│ 34 │ 68.48 ms │ 941.04 µs │     128 │    256 │  148 │ _cuda_l2b_output_kernel_(CuDeviceArray<Float64, 2, 1>, CuDeviceArray<Float64, 2, 1>, CuDeviceArray<Float64, 2, 1>, CuDeviceArray<Int64, 2, 1>, CuDeviceArray<Int64, 1, 1>, CuDeviceArray<Float64, 2, 1>, CuDeviceArray<Float64, 2, 1>, Int64, Int64, Val<false>, Int64)        │
└────┴──────────┴───────────┴─────────┴────────┴──────┴────────────────────────────────────────────────────────────────────────────────────────────────────────────────────────────────────────────────────────────────────────────────────────────────────────────────────────────────────────────────────────────────────────────────┘


done.
DERISK_EXIT=0
