level,q_parent,q_child,offset,orbit,routes,admissible_rank,sigma,relative_tail_at_rank7
2,6,6,-3:-3:-3,3:3:3,1,13,689.2243632052567:659.3762832954089:178.7852712578928:120.48857860768129:81.33685081526615:12.936114325911094:11.937347952091395:3.8350911382040476:3.1482645928122928:1.3992223544468574:0.5638112417688077:0.3490665785277965:0.28876003416924423:0.0707143414039634:0.045764332443814074:0.029099544859400195,0.005304984251541295
2,6,6,-2:-3:-3,3:3:2,2,13,1155.0106200519601:1100.6508402792504:367.0917661655808:256.08259641709003:168.11997129996098:30.93727786184253:29.044796185007616:5.490347158203076:4.750447290877257:2.2748772210780257:0.7318998631518929:0.6393409018457484:0.4771585629830934:0.0976518838723782:0.06775339998455185:0.03821367575970407,0.004613080225583568
2,6,6,-1:-3:-3,3:3:1,3,13,1614.4136127109982:1548.387296947149:609.321381093069:440.759988573929:282.7793713032:59.67379154506707:56.91631253286756:7.088907938752301:6.277625033509502:3.1807500710279566:1.0022622674696358:0.9974775764314713:0.6180296561632976:0.12279841399695536:0.08949547287570306:0.04607103946748682,0.004250397931982995
2,6,6,0:-3:-3,3:3:0,4,13,1810.859281262403:1747.0864218221013:729.9706464413548:538.5326519542747:343.4485612891743:76.70398490101401:73.62013961083795:7.790302478523374:6.9282592825556835:3.5829928686357713:1.1881436462567714:1.154328409623803:0.6624370491834076:0.13357986289654145:0.09913051496458683:0.04928656624372674,0.0041383316094943615
2,6,6,1:-3:-3,3:3:1,3,13,1614.413612710999:1548.3872969471486:609.3213810930689:440.75998857392864:282.77937130319987:59.673791545067125:56.91631253286753:7.088907938752334:6.277625033509502:3.180750071027962:1.0022622674696458:0.9974775764314634:0.6180296561633021:0.12279841399696952:0.08949547287567819:0.04607103946747723,0.004250397931983004
2,6,6,2:-3:-3,3:3:2,2,13,1155.0106200519601:1100.6508402792504:367.09176616558085:256.08259641709003:168.11997129996107:30.937277861842528:29.044796185007613:5.490347158203078:4.750447290877267:2.274877221078031:0.7318998631518916:0.6393409018457483:0.4771585629831002:0.09765188387238687:0.06775339998454127:0.03821367575970696,0.004613080225583573
2,6,6,3:-3:-3,3:3:3,1,13,689.2243632052563:659.3762832954089:178.7852712578928:120.48857860768122:81.33685081526615:12.936114325911118:11.937347952091391:3.835091138204048:3.148264592812294:1.39922235444686:0.5638112417688054:0.34906657852780454:0.288760034169243:0.07071434140394886:0.045764332443821026:0.029099544859389825,0.005304984251541299
2,6,6,-3:-2:-3,3:3:2,2,13,1155.0106200519606:1100.6508402792504:367.09176616558096:256.0825964170901:168.11997129996095:30.937277861842603:29.044796185007655:5.4903471582030585:4.7504472908772595:2.274877221078031:0.7318998631518843:0.6393409018457462:0.47715856298310266:0.09765188387238129:0.06775339998454212:0.038213675759721344,0.00461308022558356
2,6,6,-2:-2:-3,3:2:2,4,12,2033.1778392565518:1979.936528634598:877.9822387721708:665.302867466642:423.04806222256576:100.63267264745011:97.23510568261847:8.609830624215201:7.667559354663363:4.049602976825262:1.426464771300247:1.3652314674732315:0.7061011488622285:0.1459814599151682:0.11043224747689645:0.052887365088391286,0.004030193129812271
2,6,6,-1:-2:-3,3:2:1,6,12,2998.575780277279:2874.4741246480944:1512.1527215173328:1348.707431991894:892.2630149704713:268.527468123611:264.79410108190143:12.125696099712322:10.535412543779435:5.942159398877141:2.7275951146217263:2.593544741444784:0.8440548457070345:0.1971098851303569:0.1594342308838647:0.06681765106727168,0.003718256029500438
2,6,6,0:-2:-3,3:2:0,8,12,3510.1868610325428:3214.309244234436:1773.326383181335:1747.5686242932422:1211.0948694968924:402.97986157982274:399.5483075304785:13.808577423559615:11.737423437962079:6.7877412385759905:3.5406561393359737:3.391815867050905:0.8954832993176502:0.2209441874101259:0.1836388689391069:0.07289910128771407,0.003610589369101336
2,6,6,1:-2:-3,3:2:1,6,12,2998.575780277281:2874.474124648094:1512.152721517333:1348.7074319918938:892.2630149704717:268.52746812361096:264.7941010819013:12.125696099712373:10.535412543779449:5.942159398877115:2.7275951146216855:2.593544741444851:0.8440548457069998:0.19710988513036481:0.15943423088385827:0.0668176510672703,0.0037182560295004456
2,6,6,2:-2:-3,3:2:2,4,12,2033.1778392565527:1979.936528634598:877.9822387721705:665.3028674666423:423.04806222256593:100.63267264745019:97.23510568261845:8.60983062421521:7.667559354663364:4.049602976825264:1.4264647713002567:1.365231467473183:0.7061011488622423:0.14598145991519634:0.11043224747689287:0.052887365088424516,0.004030193129812272
2,6,6,3:-2:-3,3:3:2,2,13,1155.01062005196:1100.6508402792506:367.0917661655808:256.08259641709014:168.11997129996098:30.937277861842517:29.04479618500763:5.490347158203077:4.7504472908772515:2.2748772210780346:0.7318998631518748:0.6393409018457412:0.47715856298309267:0.09765188387238848:0.0677533999845476:0.0382136757596997,0.004613080225583566
2,6,6,-3:-1:-3,3:3:1,3,13,1614.413612710999:1548.387296947149:609.3213810930691:440.7599885739289:282.77937130320004:59.67379154506706:56.91631253286753:7.088907938752305:6.277625033509509:3.1807500710279544:1.0022622674696098:0.9974775764315024:0.6180296561633446:0.12279841399693923:0.08949547287566459:0.04607103946742753,0.004250397931982997
2,6,6,-2:-1:-3,3:2:1,6,12,2998.5757802772796:2874.4741246480944:1512.152721517333:1348.707431991894:892.2630149704715:268.5274681236111:264.7941010819016:12.125696099712322:10.535412543779527:5.942159398877094:2.7275951146216277:2.593544741444818:0.844054845707077:0.19710988513043987:0.15943423088386854:0.06681765106726789,0.003718256029500445
2,6,6,-1:-1:-3,3:1:1,9,12,4898.448181304326:3966.761679679736:2980.0409713573863:2496.9669320016296:2302.989752100345:1103.4405098078296:1100.4467770007163:18.09189876073422:14.470880272818988:9.09006203591757:6.599661883453363:6.468916928412265:1.008825808223594:0.2855497476029929:0.2542922765474912:0.08837298566763943,0.0033586685364146505
2,6,6,0:-1:-3,3:1:0,12,12,5668.838577639553:4366.996379598617:3836.2452098729996:3608.305026505276:2718.3891891687845:2115.2365852038433:2109.1694765720094:20.16770478095325:15.911909433009104:11.044354193962635:9.650833227487867:9.55483117855596:1.0680733108812115:0.33040459869423605:0.3087548059322251:0.09841150721701517,0.0031872871757597744
2,6,6,1:-1:-3,3:1:1,9,12,4898.448181304328:3966.7616796797342:2980.0409713573877:2496.9669320016305:2302.9897521003454:1103.4405098078291:1100.446777000716:18.091898760734278:14.470880272819:9.090062035917546:6.599661883453404:6.468916928412165:1.0088258082235717:0.2855497476030015:0.2542922765473149:0.08837298566762458,0.0033586685364146527
2,6,6,2:-1:-3,3:2:1,6,12,2998.5757802772787:2874.4741246480944:1512.1527215173323:1348.7074319918943:892.2630149704706:268.5274681236109:264.79410108190143:12.125696099712409:10.535412543779483:5.942159398877127:2.7275951146217596:2.593544741444944:0.844054845707046:0.19710988513038416:0.15943423088381925:0.06681765106727931,0.003718256029500462
2,6,6,3:-1:-3,3:3:1,3,13,1614.4136127109982:1548.3872969471493:609.3213810930689:440.7599885739285:282.7793713031999:59.6737915450672:56.916312532867536:7.088907938752347:6.2776250335095:3.18075007102798:1.0022622674696264:0.9974775764315003:0.6180296561633558:0.1227984139969644:0.08949547287564713:0.04607103946746369,0.004250397931983012
2,6,6,-3:0:-3,3:3:0,4,13,1810.8592812624022:1747.0864218221016:729.970646441355:538.5326519542746:343.4485612891743:76.703984901014:73.62013961083794:7.7903024785233645:6.928259282555684:3.5829928686357784:1.188143646256767:1.1543284096237838:0.6624370491834026:0.1335798628965361:0.09913051496458593:0.04928656624373562,0.00413833160949436
2,6,6,-2:0:-3,3:2:0,8,12,3510.1868610325437:3214.3092442344373:1773.3263831813354:1747.5686242932425:1211.094869496892:402.9798615798228:399.5483075304788:13.808577423559703:11.737423437962034:6.78774123857596:3.540656139336024:3.3918158670507292:0.8954832993176869:0.22094418741012442:0.18363886893911602:0.07289910128774968,0.003610589369101336
2,6,6,-1:0:-3,3:1:0,12,12,5668.838577639552:4366.996379598617:3836.2452098729996:3608.3050265052775:2718.389189168784:2115.2365852038433:2109.16947657201:20.167704780953194:15.911909433008967:11.044354193962628:9.650833227487974:9.554831178555963:1.0680733108812028:0.33040459869427347:0.3087548059323309:0.09841150721701562,0.0031872871757597666
2,6,6,0:0:-3,3:0:0,16,12,4774.186933397548:4774.119245499286:4774.11924549928:4772.302615707385:4772.302615707383:4695.722787295598:4695.722787295598:17.680942537805556:17.284554719379226:17.284554719379155:15.021983861380882:15.021983861380841:1.1205733967597133:0.3881052323989573:0.38810523239877315:0.11064566143440276,0.0029368618302295455
2,6,6,1:0:-3,3:1:0,12,12,5668.838577639553:4366.996379598616:3836.245209872998:3608.305026505277:2718.389189168784:2115.2365852038424:2109.16947657201:20.167704780953272:15.911909433009013:11.044354193962635:9.65083322748783:9.55483117855596:1.068073310881243:0.3304045986942932:0.3087548059323483:0.09841150721700126,0.00318728717575977
2,6,6,2:0:-3,3:2:0,8,12,3510.186861032545:3214.3092442344373:1773.3263831813356:1747.5686242932425:1211.0948694968922:402.9798615798229:399.5483075304786:13.808577423559646:11.737423437962063:6.78774123857596:3.5406561393360207:3.3918158670509215:0.8954832993176969:0.22094418741015218:0.18363886893907902:0.07289910128773412,0.003610589369101338
2,6,6,3:0:-3,3:3:0,4,13,1810.859281262402:1747.0864218221013:729.9706464413549:538.5326519542749:343.4485612891743:76.70398490101391:73.62013961083797:7.790302478523373:6.928259282555672:3.582992868635783:1.1881436462567445:1.1543284096239061:0.6624370491833796:0.13357986289653304:0.09913051496457691:0.04928656624374647,0.004138331609494362
2,6,6,-3:1:-3,3:3:1,3,13,1614.413612710999:1548.387296947149:609.3213810930691:440.7599885739289:282.77937130320004:59.67379154506706:56.91631253286753:7.088907938752305:6.277625033509509:3.1807500710279544:1.0022622674696098:0.9974775764315024:0.6180296561633446:0.12279841399693923:0.08949547287566459:0.04607103946742753,0.004250397931982997
2,6,6,-2:1:-3,3:2:1,6,12,2998.5757802772796:2874.4741246480944:1512.152721517333:1348.707431991894:892.2630149704715:268.5274681236111:264.7941010819016:12.125696099712322:10.535412543779527:5.942159398877094:2.7275951146216277:2.593544741444818:0.844054845707077:0.19710988513043987:0.15943423088386854:0.06681765106726789,0.003718256029500445
2,6,6,-1:1:-3,3:1:1,9,12,4898.448181304326:3966.761679679736:2980.0409713573863:2496.9669320016296:2302.989752100345:1103.4405098078296:1100.4467770007163:18.09189876073422:14.470880272818988:9.09006203591757:6.599661883453363:6.468916928412265:1.008825808223594:0.2855497476029929:0.2542922765474912:0.08837298566763943,0.0033586685364146505
2,6,6,0:1:-3,3:1:0,12,12,5668.838577639553:4366.996379598617:3836.2452098729996:3608.305026505276:2718.3891891687845:2115.2365852038433:2109.1694765720094:20.16770478095325:15.911909433009104:11.044354193962635:9.650833227487867:9.55483117855596:1.0680733108812115:0.33040459869423605:0.3087548059322251:0.09841150721701517,0.0031872871757597744
2,6,6,1:1:-3,3:1:1,9,12,4898.448181304328:3966.7616796797342:2980.0409713573877:2496.9669320016305:2302.9897521003454:1103.4405098078291:1100.446777000716:18.091898760734278:14.470880272819:9.090062035917546:6.599661883453404:6.468916928412165:1.0088258082235717:0.2855497476030015:0.2542922765473149:0.08837298566762458,0.0033586685364146527
2,6,6,2:1:-3,3:2:1,6,12,2998.5757802772787:2874.4741246480944:1512.1527215173323:1348.7074319918943:892.2630149704706:268.5274681236109:264.79410108190143:12.125696099712409:10.535412543779483:5.942159398877127:2.7275951146217596:2.593544741444944:0.844054845707046:0.19710988513038416:0.15943423088381925:0.06681765106727931,0.003718256029500462
2,6,6,3:1:-3,3:3:1,3,13,1614.4136127109982:1548.3872969471493:609.3213810930689:440.7599885739285:282.7793713031999:59.6737915450672:56.916312532867536:7.088907938752347:6.2776250335095:3.18075007102798:1.0022622674696264:0.9974775764315003:0.6180296561633558:0.1227984139969644:0.08949547287564713:0.04607103946746369,0.004250397931983012
2,6,6,-3:2:-3,3:3:2,2,13,1155.0106200519606:1100.6508402792504:367.09176616558096:256.0825964170901:168.11997129996095:30.937277861842603:29.044796185007655:5.4903471582030585:4.7504472908772595:2.274877221078031:0.7318998631518843:0.6393409018457462:0.47715856298310266:0.09765188387238129:0.06775339998454212:0.038213675759721344,0.00461308022558356
2,6,6,-2:2:-3,3:2:2,4,12,2033.1778392565518:1979.936528634598:877.9822387721708:665.302867466642:423.04806222256576:100.63267264745011:97.23510568261847:8.609830624215201:7.667559354663363:4.049602976825262:1.426464771300247:1.3652314674732315:0.7061011488622285:0.1459814599151682:0.11043224747689645:0.052887365088391286,0.004030193129812271
2,6,6,-1:2:-3,3:2:1,6,12,2998.575780277279:2874.4741246480944:1512.1527215173328:1348.707431991894:892.2630149704713:268.527468123611:264.79410108190143:12.125696099712322:10.535412543779435:5.942159398877141:2.7275951146217263:2.593544741444784:0.8440548457070345:0.1971098851303569:0.1594342308838647:0.06681765106727168,0.003718256029500438
2,6,6,0:2:-3,3:2:0,8,12,3510.1868610325428:3214.309244234436:1773.326383181335:1747.5686242932422:1211.0948694968924:402.97986157982274:399.5483075304785:13.808577423559615:11.737423437962079:6.7877412385759905:3.5406561393359737:3.391815867050905:0.8954832993176502:0.2209441874101259:0.1836388689391069:0.07289910128771407,0.003610589369101336
2,6,6,1:2:-3,3:2:1,6,12,2998.575780277281:2874.474124648094:1512.152721517333:1348.7074319918938:892.2630149704717:268.52746812361096:264.7941010819013:12.125696099712373:10.535412543779449:5.942159398877115:2.7275951146216855:2.593544741444851:0.8440548457069998:0.19710988513036481:0.15943423088385827:0.0668176510672703,0.0037182560295004456
2,6,6,2:2:-3,3:2:2,4,12,2033.1778392565527:1979.936528634598:877.9822387721705:665.3028674666423:423.04806222256593:100.63267264745019:97.23510568261845:8.60983062421521:7.667559354663364:4.049602976825264:1.4264647713002567:1.365231467473183:0.7061011488622423:0.14598145991519634:0.11043224747689287:0.052887365088424516,0.004030193129812272
2,6,6,3:2:-3,3:3:2,2,13,1155.01062005196:1100.6508402792506:367.0917661655808:256.08259641709014:168.11997129996098:30.937277861842517:29.04479618500763:5.490347158203077:4.7504472908772515:2.2748772210780346:0.7318998631518748:0.6393409018457412:0.47715856298309267:0.09765188387238848:0.0677533999845476:0.0382136757596997,0.004613080225583566
2,6,6,-3:3:-3,3:3:3,1,13,689.2243632052567:659.3762832954089:178.7852712578928:120.48857860768129:81.33685081526615:12.936114325911094:11.937347952091395:3.8350911382040476:3.1482645928122928:1.3992223544468574:0.5638112417688077:0.3490665785277965:0.28876003416924423:0.0707143414039634:0.045764332443814074:0.029099544859400195,0.005304984251541295
2,6,6,-2:3:-3,3:3:2,2,13,1155.0106200519601:1100.6508402792504:367.0917661655808:256.08259641709003:168.11997129996098:30.93727786184253:29.044796185007616:5.490347158203076:4.750447290877257:2.2748772210780257:0.7318998631518929:0.6393409018457484:0.4771585629830934:0.0976518838723782:0.06775339998455185:0.03821367575970407,0.004613080225583568
2,6,6,-1:3:-3,3:3:1,3,13,1614.4136127109982:1548.387296947149:609.321381093069:440.759988573929:282.7793713032:59.67379154506707:56.91631253286756:7.088907938752301:6.277625033509502:3.1807500710279566:1.0022622674696358:0.9974775764314713:0.6180296561632976:0.12279841399695536:0.08949547287570306:0.04607103946748682,0.004250397931982995
2,6,6,0:3:-3,3:3:0,4,13,1810.859281262403:1747.0864218221013:729.9706464413548:538.5326519542747:343.4485612891743:76.70398490101401:73.62013961083795:7.790302478523374:6.9282592825556835:3.5829928686357713:1.1881436462567714:1.154328409623803:0.6624370491834076:0.13357986289654145:0.09913051496458683:0.04928656624372674,0.0041383316094943615
2,6,6,1:3:-3,3:3:1,3,13,1614.413612710999:1548.3872969471486:609.3213810930689:440.75998857392864:282.77937130319987:59.673791545067125:56.91631253286753:7.088907938752334:6.277625033509502:3.180750071027962:1.0022622674696458:0.9974775764314634:0.6180296561633021:0.12279841399696952:0.08949547287567819:0.04607103946747723,0.004250397931983004
2,6,6,2:3:-3,3:3:2,2,13,1155.0106200519601:1100.6508402792504:367.09176616558085:256.08259641709003:168.11997129996107:30.937277861842528:29.044796185007613:5.490347158203078:4.750447290877267:2.274877221078031:0.7318998631518916:0.6393409018457483:0.4771585629831002:0.09765188387238687:0.06775339998454127:0.03821367575970696,0.004613080225583573
2,6,6,3:3:-3,3:3:3,1,13,689.2243632052563:659.3762832954089:178.7852712578928:120.48857860768122:81.33685081526615:12.936114325911118:11.937347952091391:3.835091138204048:3.148264592812294:1.39922235444686:0.5638112417688054:0.34906657852780454:0.288760034169243:0.07071434140394886:0.045764332443821026:0.029099544859389825,0.005304984251541299
2,6,6,-3:-3:-2,3:3:2,2,11,2017.367872753758:1994.9858742293331:368.1901384117683:226.7494699793341:149.24869464230585:19.821460962440703:17.862555529951944:7.286524647932619:5.955857822644378:2.163533692248686:0.7306440653933625:0.4884578201579472:0.380881001657218:0.10288624749481019:0.05968498917185697:0.04345336512364332,0.0033767176298102786
2,6,6,-2:-3:-2,3:2:2,4,11,4384.586820125407:4270.621732344058:889.5510753388967:573.3033178901802:385.0306837413442:53.596968299151996:48.477195842079084:12.285713668362039:10.601033021638532:4.095829021552323:1.0481820035324534:0.9869868441294554:0.6523524988364846:0.1541830968307203:0.0936033573236643:0.06146535784785693,0.0027011556163192172
2,6,6,-1:-3:-2,3:2:1,6,10,7650.014674873478:7368.492750538877:1741.7195786684429:1159.8992824510692:782.4568080493119:116.0624391212631:105.74935421272706:18.066579270859737:16.180049631718617:6.639984479137712:1.6971009601392737:1.5879793157809587:0.865246189654075:0.20851771464150487:0.13119163237894094:0.07839193533660382,0.0023278018949306123
2,6,6,0:-3:-2,3:2:0,8,10,9385.297809486849:9005.863875639767:2256.74202423139:1520.295560800201:1023.1531519020954:156.9204715609977:143.56952260239163:20.88106063859353:18.949915921629927:7.980852141803888:2.0946994956300857:1.9127230764010639:0.9433374282230118:0.23386198853556703:0.14921098168383404:0.08570085651920814,0.0022099919704868464
2,6,6,1:-3:-2,3:2:1,6,10,7650.014674873478:7368.492750538877:1741.719578668443:1159.8992824510688:782.456808049312:116.06243912126314:105.74935421272707:18.06657927085972:16.180049631718624:6.6399844791377625:1.6971009601392548:1.5879793157809818:0.8652461896540076:0.20851771464142163:0.1311916323787235:0.07839193533687049,0.0023278018949306127
2,6,6,2:-3:-2,3:2:2,4,11,4384.586820125406:4270.62173234406:889.5510753388968:573.3033178901804:385.0306837413439:53.59696829915198:48.47719584207909:12.285713668362021:10.601033021638584:4.095829021552335:1.0481820035324578:0.9869868441294574:0.6523524988364574:0.15418309683074474:0.09360335732367538:0.061465357847899596,0.0027011556163192203
2,6,6,3:-3:-2,3:3:2,2,11,2017.3678727537572:1994.985874229333:368.19013841176843:226.74946997933395:149.24869464230576:19.821460962440717:17.86255552995193:7.286524647932621:5.955857822644399:2.163533692248696:0.7306440653933534:0.48845782015797523:0.38088100165722194:0.10288624749477691:0.0596849891719187:0.043453365123598785,0.0033767176298102855
2,6,6,-3:-2:-2,3:2:2,4,11,4384.586820125408:4270.621732344061:889.5510753388968:573.3033178901804:385.03068374134403:53.59696829915192:48.47719584207912:12.285713668362032:10.601033021638617:4.095829021552325:1.0481820035324223:0.9869868441294865:0.6523524988363993:0.15418309683071607:0.0936033573236488:0.061465357847866865,0.0027011556163192233
2,6,6,-2:-2:-2,2:2:2,8,10,11636.205666938895:11127.010395076264:2990.3142837646924:2038.465069375429:1364.287688399539:218.42201253227728:200.91887516239564:24.375564393067627:22.419898506384527:9.725296181302431:2.6364178948396613:2.3652205890973197:1.0284675698512171:0.264631287707125:0.17146669276599208:0.09415604741321323,0.002096200958246566
2,6,6,-1:-2:-2,2:2:1,12,11,23694.65025242086:22629.30332159609:8246.646923213118:5898.668082118191:3790.71678613054:756.8006824780392:715.4716156889123:41.98044956795971:39.89508939764219:19.38352435652864:6.204380776986423:5.466100365325153:1.3642292524906678:0.41177029110737906:0.28324424538659987:0.1297089626578955,0.001785684850079138
2,6,6,0:-2:-2,2:2:0,16,11,30630.22942669805:29554.327512692507:12314.367499493539:9132.112439361881:5779.87525958507:1300.6352233967039:1246.9039426057532:52.28651931558426:49.669140126489594:25.238685686659554:8.961334786281935:7.954094225533361:1.5215930208620259:0.49307751535999933:0.3487483117307119:0.1467603664346723,0.0016948020408758372
2,6,6,1:-2:-2,2:2:1,12,11,23694.650252420863:22629.3033215961:8246.646923213122:5898.66808211819:3790.7167861305397:756.8006824780374:715.4716156889125:41.98044956795955:39.89508939764236:19.383524356528582:6.204380776986502:5.466100365324997:1.3642292524902884:0.41177029110750696:0.28324424538653564:0.12970896265788448,0.001785684850079137
2,6,6,2:-2:-2,2:2:2,8,10,11636.205666938893:11127.010395076266:2990.3142837646915:2038.465069375429:1364.2876883995393:218.4220125322773:200.91887516239566:24.375564393067556:22.41989850638456:9.7252961813024:2.6364178948393895:2.365220589097172:1.0284675698511219:0.26463128770727623:0.171466692765865:0.09415604741345722,0.0020962009582465623
2,6,6,3:-2:-2,3:2:2,4,11,4384.586820125407:4270.621732344061:889.5510753388961:573.3033178901807:385.0306837413442:53.59696829915196:48.47719584207903:12.28571366836201:10.601033021638624:4.095829021552353:1.048182003532435:0.9869868441295288:0.652352498836438:0.1541830968307198:0.09360335732366185:0.06146535784790633,0.002701155616319224
2,6,6,-3:-1:-2,3:2:1,6,10,7650.01467487348:7368.492750538878:1741.719578668444:1159.8992824510692:782.4568080493119:116.0624391212631:105.7493542127271:18.0665792708597:16.18004963171861:6.639984479137793:1.6971009601391767:1.587979315780975:0.8652461896540725:0.20851771464156832:0.13119163237883122:0.07839193533678562,0.0023278018949306105
2,6,6,-2:-1:-2,2:2:1,12,11,23694.65025242086:22629.303321596104:8246.64692321312:5898.668082118186:3790.7167861305384:756.80068247804:715.4716156889128:41.98044956795926:39.895089397642245:19.38352435652889:6.204380776986547:5.466100365325195:1.3642292524901563:0.4117702911075422:0.2832442453868558:0.1297089626574603,0.0017856848500791324
2,6,6,2:-1:-2,2:2:1,12,11,23694.650252420863:22629.30332159609:8246.646923213118:5898.668082118186:3790.71678613054:756.800682478038:715.4716156889124:41.98044956795955:39.89508939764202:19.383524356528373:6.204380776986773:5.4661003653250955:1.364229252490539:0.411770291107503:0.28324424538619486:0.1297089626582676,0.00178568485007913
2,6,6,3:-1:-2,3:2:1,6,10,7650.014674873476:7368.492750538879:1741.7195786684438:1159.8992824510685:782.4568080493118:116.06243912126313:105.74935421272711:18.066579270859666:16.18004963171861:6.639984479137714:1.6971009601393097:1.5879793157809985:0.8652461896540168:0.20851771464149102:0.13119163237872863:0.07839193533675985,0.0023278018949306075
2,6,6,-3:0:-2,3:2:0,8,10,9385.297809486847:9005.863875639765:2256.74202423139:1520.2955608002003:1023.1531519020953:156.9204715609977:143.56952260239163:20.881060638593546:18.949915921629902:7.980852141803886:2.0946994956301253:1.9127230764010403:0.9433374282231052:0.23386198853561732:0.14921098168387031:0.0857008565192104,0.002209991970486847
2,6,6,-2:0:-2,2:2:0,16,11,30630.229426698035:29554.32751269251:12314.367499493525:9132.112439361881:5779.875259585071:1300.6352233967032:1246.9039426057536:52.28651931558477:49.66914012648947:25.238685686659473:8.961334786282052:7.954094225533547:1.5215930208624349:0.49307751536013605:0.34874831173055537:0.14676036643477136,0.0016948020408758435
2,6,6,2:0:-2,2:2:0,16,11,30630.22942669804:29554.32751269251:12314.36749949353:9132.112439361883:5779.875259585075:1300.6352233967023:1246.9039426057532:52.28651931558476:49.66914012648993:25.238685686659448:8.96133478628218:7.95409422553328:1.5215930208623518:0.49307751536022426:0.3487483117306471:0.1467603664347795,0.0016948020408758494
2,6,6,3:0:-2,3:2:0,8,10,9385.297809486847:9005.863875639765:2256.7420242313897:1520.295560800201:1023.153151902095:156.92047156099758:143.56952260239166:20.881060638593556:18.949915921629927:7.980852141803875:2.094699495630106:1.9127230764010876:0.9433374282230144:0.23386198853561896:0.149210981683886:0.0857008565192221,0.002209991970486848
2,6,6,-3:1:-2,3:2:1,6,10,7650.01467487348:7368.492750538878:1741.719578668444:1159.8992824510692:782.4568080493119:116.0624391212631:105.7493542127271:18.0665792708597:16.18004963171861:6.639984479137793:1.6971009601391767:1.587979315780975:0.8652461896540725:0.20851771464156832:0.13119163237883122:0.07839193533678562,0.0023278018949306105
2,6,6,-2:1:-2,2:2:1,12,11,23694.65025242086:22629.303321596104:8246.64692321312:5898.668082118186:3790.7167861305384:756.80068247804:715.4716156889128:41.98044956795926:39.895089397642245:19.38352435652889:6.204380776986547:5.466100365325195:1.3642292524901563:0.4117702911075422:0.2832442453868558:0.1297089626574603,0.0017856848500791324
2,6,6,2:1:-2,2:2:1,12,11,23694.650252420863:22629.30332159609:8246.646923213118:5898.668082118186:3790.71678613054:756.800682478038:715.4716156889124:41.98044956795955:39.89508939764202:19.383524356528373:6.204380776986773:5.4661003653250955:1.364229252490539:0.411770291107503:0.28324424538619486:0.1297089626582676,0.00178568485007913
2,6,6,3:1:-2,3:2:1,6,10,7650.014674873476:7368.492750538879:1741.7195786684438:1159.8992824510685:782.4568080493118:116.06243912126313:105.74935421272711:18.066579270859666:16.18004963171861:6.639984479137714:1.6971009601393097:1.5879793157809985:0.8652461896540168:0.20851771464149102:0.13119163237872863:0.07839193533675985,0.0023278018949306075
2,6,6,-3:2:-2,3:2:2,4,11,4384.586820125408:4270.621732344061:889.5510753388968:573.3033178901804:385.03068374134403:53.59696829915192:48.47719584207912:12.285713668362032:10.601033021638617:4.095829021552325:1.0481820035324223:0.9869868441294865:0.6523524988363993:0.15418309683071607:0.0936033573236488:0.061465357847866865,0.0027011556163192233
2,6,6,-2:2:-2,2:2:2,8,10,11636.205666938895:11127.010395076264:2990.3142837646924:2038.465069375429:1364.287688399539:218.42201253227728:200.91887516239564:24.375564393067627:22.419898506384527:9.725296181302431:2.6364178948396613:2.3652205890973197:1.0284675698512171:0.264631287707125:0.17146669276599208:0.09415604741321323,0.002096200958246566
2,6,6,-1:2:-2,2:2:1,12,11,23694.65025242086:22629.30332159609:8246.646923213118:5898.668082118191:3790.71678613054:756.8006824780392:715.4716156889123:41.98044956795971:39.89508939764219:19.38352435652864:6.204380776986423:5.466100365325153:1.3642292524906678:0.41177029110737906:0.28324424538659987:0.1297089626578955,0.001785684850079138
2,6,6,0:2:-2,2:2:0,16,11,30630.22942669805:29554.327512692507:12314.367499493539:9132.112439361881:5779.87525958507:1300.6352233967039:1246.9039426057532:52.28651931558426:49.669140126489594:25.238685686659554:8.961334786281935:7.954094225533361:1.5215930208620259:0.49307751535999933:0.3487483117307119:0.1467603664346723,0.0016948020408758372
2,6,6,1:2:-2,2:2:1,12,11,23694.650252420863:22629.3033215961:8246.646923213122:5898.66808211819:3790.7167861305397:756.8006824780374:715.4716156889125:41.98044956795955:39.89508939764236:19.383524356528582:6.204380776986502:5.466100365324997:1.3642292524902884:0.41177029110750696:0.28324424538653564:0.12970896265788448,0.001785684850079137
2,6,6,2:2:-2,2:2:2,8,10,11636.205666938893:11127.010395076266:2990.3142837646915:2038.465069375429:1364.2876883995393:218.4220125322773:200.91887516239566:24.375564393067556:22.41989850638456:9.7252961813024:2.6364178948393895:2.365220589097172:1.0284675698511219:0.26463128770727623:0.171466692765865:0.09415604741345722,0.0020962009582465623
2,6,6,3:2:-2,3:2:2,4,11,4384.586820125407:4270.621732344061:889.5510753388961:573.3033178901807:385.0306837413442:53.59696829915196:48.47719584207903:12.28571366836201:10.601033021638624:4.095829021552353:1.048182003532435:0.9869868441295288:0.652352498836438:0.1541830968307198:0.09360335732366185:0.06146535784790633,0.002701155616319224
2,6,6,-3:3:-2,3:3:2,2,11,2017.367872753758:1994.9858742293331:368.1901384117683:226.7494699793341:149.24869464230585:19.821460962440703:17.862555529951944:7.286524647932619:5.955857822644378:2.163533692248686:0.7306440653933625:0.4884578201579472:0.380881001657218:0.10288624749481019:0.05968498917185697:0.04345336512364332,0.0033767176298102786
2,6,6,-2:3:-2,3:2:2,4,11,4384.586820125407:4270.621732344058:889.5510753388967:573.3033178901802:385.0306837413442:53.596968299151996:48.477195842079084:12.285713668362039:10.601033021638532:4.095829021552323:1.0481820035324534:0.9869868441294554:0.6523524988364846:0.1541830968307203:0.0936033573236643:0.06146535784785693,0.0027011556163192172
2,6,6,-1:3:-2,3:2:1,6,10,7650.014674873478:7368.492750538877:1741.7195786684429:1159.8992824510692:782.4568080493119:116.0624391212631:105.74935421272706:18.066579270859737:16.180049631718617:6.639984479137712:1.6971009601392737:1.5879793157809587:0.865246189654075:0.20851771464150487:0.13119163237894094:0.07839193533660382,0.0023278018949306123
2,6,6,0:3:-2,3:2:0,8,10,9385.297809486849:9005.863875639767:2256.74202423139:1520.295560800201:1023.1531519020954:156.9204715609977:143.56952260239163:20.88106063859353:18.949915921629927:7.980852141803888:2.0946994956300857:1.9127230764010639:0.9433374282230118:0.23386198853556703:0.14921098168383404:0.08570085651920814,0.0022099919704868464
2,6,6,1:3:-2,3:2:1,6,10,7650.014674873478:7368.492750538877:1741.719578668443:1159.8992824510688:782.456808049312:116.06243912126314:105.74935421272707:18.06657927085972:16.180049631718624:6.6399844791377625:1.6971009601392548:1.5879793157809818:0.8652461896540076:0.20851771464142163:0.1311916323787235:0.07839193533687049,0.0023278018949306127
2,6,6,2:3:-2,3:2:2,4,11,4384.586820125406:4270.62173234406:889.5510753388968:573.3033178901804:385.0306837413439:53.59696829915198:48.47719584207909:12.285713668362021:10.601033021638584:4.095829021552335:1.0481820035324578:0.9869868441294574:0.6523524988364574:0.15418309683074474:0.09360335732367538:0.061465357847899596,0.0027011556163192203
2,6,6,3:3:-2,3:3:2,2,11,2017.3678727537572:1994.985874229333:368.19013841176843:226.74946997933395:149.24869464230576:19.821460962440717:17.86255552995193:7.286524647932621:5.955857822644399:2.163533692248696:0.7306440653933534:0.48845782015797523:0.38088100165722194:0.10288624749477691:0.0596849891719187:0.043453365123598785,0.0033767176298102855
2,6,6,-3:-3:-1,3:3:1,3,10,4585.502987739377:4430.908224178483:653.0260901055228:354.83301517310315:206.88305034265184:26.615281818252413:24.19521999549318:12.208855189324154:9.530872901412058:2.8380649986119377:0.8765416043029712:0.6155342201694513:0.46692045756245126:0.13364028430844319:0.0698143077716575:0.05864510405306881,0.002458383490141389
2,6,6,-2:-3:-1,3:2:1,6,10,12717.53226108004:12382.65972076052:1871.7122374256573:1039.8532065546715:616.7174127409498:79.52457244973009:71.97898159520345:24.5627501230065:19.84173728554575:5.971923774671963:1.3760403475845502:1.3474353059260047:0.8354063497991812:0.215392110555112:0.11251595719420829:0.0897908131428668,0.0018001915151464863
2,6,6,-1:-3:-1,3:1:1,9,10,28145.563430596674:27611.465844577695:4291.945598113466:2437.247518859228:1473.0168405109284:190.5016176147884:171.76664631720158:42.6801383127417:35.307178648834046:10.842389105074858:2.511789242028729:2.28348187170609:1.1590765049957272:0.31287560773600626:0.16505112066031688:0.12100244616368117,0.0014223347643644811
2,6,6,0:-3:-1,3:1:0,12,10,38393.533434816985:37793.59864460324:5954.727931392289:3415.3964587168193:2082.310472645493:269.7581577927411:242.87855286083078:53.05201802284967:44.295151185727924:13.752428766852146:3.216967652293939:2.852409337167145:1.2968077974718444:0.3623635393970786:0.19216942412818575:0.13508067360513895,0.0012991889375278901
2,6,6,1:-3:-1,3:1:1,9,10,28145.56343059667:27611.4658445777:4291.945598113465:2437.2475188592275:1473.0168405109287:190.50161761478827:171.76664631720158:42.68013831274174:35.30717864883409:10.842389105075137:2.5117892420287804:2.2834818717058782:1.159076504995314:0.31287560773582085:0.16505112066115524:0.12100244616360466,0.0014223347643644835
2,6,6,2:-3:-1,3:2:1,6,10,12717.532261080043:12382.659720760523:1871.7122374256571:1039.853206554672:616.71741274095:79.52457244973004:71.97898159520341:24.562750123006463:19.841737285545733:5.971923774672038:1.3760403475845195:1.3474353059260997:0.8354063497991707:0.21539211055508012:0.11251595719424536:0.08979081314287476,0.0018001915151464847
2,6,6,3:-3:-1,3:3:1,3,10,4585.502987739378:4430.908224178483:653.0260901055227:354.83301517310315:206.8830503426517:26.61528181825242:24.1952199954932:12.20885518932408:9.530872901412044:2.838064998611971:0.8765416043029859:0.615534220169446:0.4669204575624636:0.13364028430841524:0.06981430777182647:0.05864510405305522,0.00245838349014138
2,6,6,-3:-2:-1,3:2:1,6,10,12717.532261080049:12382.659720760525:1871.7122374256587:1039.8532065546726:616.7174127409497:79.52457244973007:71.97898159520341:24.562750123006378:19.84173728554573:5.971923774672078:1.3760403475845333:1.3474353059261015:0.8354063497991561:0.2153921105550613:0.1125159571942314:0.08979081314291273,0.001800191515146481
2,6,6,-2:-2:-1,2:2:1,12,10,53970.57827921942:53344.58982728866:8548.673931319807:4962.4208239676045:3057.301138568874:397.0449085692946:356.9609178704235:67.4111131746411:56.86895409320288:17.909409065034755:4.233439584457793:3.676942727459959:1.4618395755213378:0.42605578155815943:0.2274059910544731:0.15185260730459715,0.001177494934636937
2,6,6,2:-2:-1,2:2:1,12,10,53970.57827921942:53344.589827288684:8548.673931319805:4962.4208239676045:3057.301138568875:397.04490856929436:356.9609178704239:67.41111317464116:56.8689540932032:17.909409065034655:4.23343958445795:3.676942727460074:1.461839575521587:0.42605578155821816:0.22740599105441292:0.15185260730484862,0.0011774949346369397
2,6,6,3:-2:-1,3:2:1,6,10,12717.532261080047:12382.659720760525:1871.712237425658:1039.8532065546722:616.7174127409502:79.52457244973016:71.97898159520341:24.56275012300639:19.841737285545776:5.971923774672055:1.3760403475845484:1.3474353059260038:0.8354063497991344:0.21539211055511007:0.11251595719410519:0.0897908131429361,0.0018001915151464828
2,6,6,-3:-1:-1,3:1:1,9,10,28145.563430596667:27611.465844577706:4291.945598113466:2437.247518859227:1473.0168405109287:190.5016176147884:171.76664631720158:42.6801383127419:35.30717864883402:10.842389105075847:2.5117892420290513:2.283481871705833:1.1590765049951854:0.31287560773584144:0.16505112065988975:0.12100244616424925,0.001422334764364489
2,6,6,3:-1:-1,3:1:1,9,10,28145.56343059667:27611.4658445777:4291.945598113465:2437.2475188592284:1473.0168405109287:190.50161761478824:171.76664631720158:42.680138312741825:35.30717864883402:10.842389105075215:2.5117892420290118:2.2834818717060177:1.1590765049956142:0.31287560773595563:0.1650511206618521:0.12100244616299231,0.0014223347643644848
2,6,6,-3:0:-1,3:1:0,12,10,38393.533434816985:37793.598644603255:5954.72793139229:3415.39645871682:2082.3104726454935:269.75815779274103:242.8785528608309:53.052018022850056:44.2951511857278:13.752428766853077:3.2169676522937105:2.8524093371672463:1.2968077974720167:0.3623635393970511:0.19216942412847654:0.13508067360511006,0.0012991889375278973
2,6,6,3:0:-1,3:1:0,12,10,38393.53343481699:37793.598644603255:5954.727931392289:3415.396458716819:2082.3104726454935:269.75815779274114:242.8785528608308:53.05201802285006:44.29515118572781:13.752428766852903:3.2169676522937034:2.852409337167677:1.2968077974719028:0.3623635393970418:0.19216942412842117:0.13508067360516837,0.0012991889375278968
2,6,6,-3:1:-1,3:1:1,9,10,28145.563430596667:27611.465844577706:4291.945598113466:2437.247518859227:1473.0168405109287:190.5016176147884:171.76664631720158:42.6801383127419:35.30717864883402:10.842389105075847:2.5117892420290513:2.283481871705833:1.1590765049951854:0.31287560773584144:0.16505112065988975:0.12100244616424925,0.001422334764364489
2,6,6,3:1:-1,3:1:1,9,10,28145.56343059667:27611.4658445777:4291.945598113465:2437.2475188592284:1473.0168405109287:190.50161761478824:171.76664631720158:42.680138312741825:35.30717864883402:10.842389105075215:2.5117892420290118:2.2834818717060177:1.1590765049956142:0.31287560773595563:0.1650511206618521:0.12100244616299231,0.0014223347643644848
2,6,6,-3:2:-1,3:2:1,6,10,12717.532261080049:12382.659720760525:1871.7122374256587:1039.8532065546726:616.7174127409497:79.52457244973007:71.97898159520341:24.562750123006378:19.84173728554573:5.971923774672078:1.3760403475845333:1.3474353059261015:0.8354063497991561:0.2153921105550613:0.1125159571942314:0.08979081314291273,0.001800191515146481
2,6,6,-2:2:-1,2:2:1,12,10,53970.57827921942:53344.58982728866:8548.673931319807:4962.4208239676045:3057.301138568874:397.0449085692946:356.9609178704235:67.4111131746411:56.86895409320288:17.909409065034755:4.233439584457793:3.676942727459959:1.4618395755213378:0.42605578155815943:0.2274059910544731:0.15185260730459715,0.001177494934636937
2,6,6,2:2:-1,2:2:1,12,10,53970.57827921942:53344.589827288684:8548.673931319805:4962.4208239676045:3057.301138568875:397.04490856929436:356.9609178704239:67.41111317464116:56.8689540932032:17.909409065034655:4.23343958445795:3.676942727460074:1.461839575521587:0.42605578155821816:0.22740599105441292:0.15185260730484862,0.0011774949346369397
2,6,6,3:2:-1,3:2:1,6,10,12717.532261080047:12382.659720760525:1871.712237425658:1039.8532065546722:616.7174127409502:79.52457244973016:71.97898159520341:24.56275012300639:19.841737285545776:5.971923774672055:1.3760403475845484:1.3474353059260038:0.8354063497991344:0.21539211055511007:0.11251595719410519:0.0897908131429361,0.0018001915151464828
2,6,6,-3:3:-1,3:3:1,3,10,4585.502987739377:4430.908224178483:653.0260901055228:354.83301517310315:206.88305034265184:26.615281818252413:24.19521999549318:12.208855189324154:9.530872901412058:2.8380649986119377:0.8765416043029712:0.6155342201694513:0.46692045756245126:0.13364028430844319:0.0698143077716575:0.05864510405306881,0.002458383490141389
2,6,6,-2:3:-1,3:2:1,6,10,12717.53226108004:12382.65972076052:1871.7122374256573:1039.8532065546715:616.7174127409498:79.52457244973009:71.97898159520345:24.5627501230065:19.84173728554575:5.971923774671963:1.3760403475845502:1.3474353059260047:0.8354063497991812:0.215392110555112:0.11251595719420829:0.0897908131428668,0.0018001915151464863
2,6,6,-1:3:-1,3:1:1,9,10,28145.563430596674:27611.465844577695:4291.945598113466:2437.247518859228:1473.0168405109284:190.5016176147884:171.76664631720158:42.6801383127417:35.307178648834046:10.842389105074858:2.511789242028729:2.28348187170609:1.1590765049957272:0.31287560773600626:0.16505112066031688:0.12100244616368117,0.0014223347643644811
2,6,6,0:3:-1,3:1:0,12,10,38393.533434816985:37793.59864460324:5954.727931392289:3415.3964587168193:2082.310472645493:269.7581577927411:242.87855286083078:53.05201802284967:44.295151185727924:13.752428766852146:3.216967652293939:2.852409337167145:1.2968077974718444:0.3623635393970786:0.19216942412818575:0.13508067360513895,0.0012991889375278901
2,6,6,1:3:-1,3:1:1,9,10,28145.56343059667:27611.4658445777:4291.945598113465:2437.2475188592275:1473.0168405109287:190.50161761478827:171.76664631720158:42.68013831274174:35.30717864883409:10.842389105075137:2.5117892420287804:2.2834818717058782:1.159076504995314:0.31287560773582085:0.16505112066115524:0.12100244616360466,0.0014223347643644835
2,6,6,2:3:-1,3:2:1,6,10,12717.532261080043:12382.659720760523:1871.7122374256571:1039.853206554672:616.71741274095:79.52457244973004:71.97898159520341:24.562750123006463:19.841737285545733:5.971923774672038:1.3760403475845195:1.3474353059260997:0.8354063497991707:0.21539211055508012:0.11251595719424536:0.08979081314287476,0.0018001915151464847
2,6,6,3:3:-1,3:3:1,3,10,4585.502987739378:4430.908224178483:653.0260901055227:354.83301517310315:206.8830503426517:26.61528181825242:24.1952199954932:12.20885518932408:9.530872901412044:2.838064998611971:0.8765416043029859:0.615534220169446:0.4669204575624636:0.13364028430841524:0.06981430777182647:0.05864510405305522,0.00245838349014138
2,6,6,-3:-3:0,3:3:0,4,10,6277.296010212299:5939.654812087835:811.2497547288143:418.4261821634209:228.00546164924393:29.609040016247295:27.334116633179868:14.938630139429437:11.363153901439219:3.1003534569109092:0.9375994190383723:0.6692624344017494:0.5058875391707166:0.1469768798181207:0.07224950791793683:0.06675482185387284,0.002193211110146249
2,6,6,-2:-3:0,3:2:0,8,10,19549.544624584025:18505.20794486016:2521.713501691318:1304.0506278948226:706.6410070967614:92.0780202282818:85.08059395095871:32.57360785139469:25.30959587395068:6.749382909102982:1.5322023880065923:1.5131980215573995:0.9266250834774364:0.24424122692892558:0.1136537652348428:0.10917455873100022,0.0015461359008155351
2,6,6,-1:-3:0,3:1:0,12,9,48884.47605870912:46283.5632036253:6298.58719813366:3262.1932644594735:1761.9950516519862:230.1758264603638:212.68822979330656:61.583139222179845:48.36440914053378:12.717512588450848:2.9197162335767843:2.6590118936416363:1.3183920037372372:0.3663689144495923:0.1731259815549294:0.14768881214346857,0.0011731572202284069
2,6,6,0:-3:0,3:0:0,16,9,70642.69369869483:66889.11843876004:9098.677720581201:4714.821959345592:2543.883660202199:332.6161587536269:307.3280576157542:79.65223753377573:62.75886271229041:16.42400642129853:3.8012810182936363:3.3866017365266985:1.4962070662900837:0.4308137112843512:0.20465569018768234:0.1655146625375687,0.0010511680144538475
2,6,6,1:-3:0,3:1:0,12,9,48884.47605870911:46283.56320362531:6298.587198133657:3262.1932644594744:1761.9950516519862:230.1758264603638:212.68822979330616:61.58313922217966:48.36440914053367:12.717512588450811:2.9197162335766498:2.6590118936419502:1.3183920037378507:0.366368914449659:0.17312598155428072:0.14768881214341253,0.0011731572202284043
2,6,6,2:-3:0,3:2:0,8,10,19549.544624584036:18505.20794486018:2521.713501691318:1304.0506278948228:706.641007096761:92.07802022828174:85.08059395095862:32.573607851394556:25.309595873950776:6.7493829091029305:1.532202388006633:1.5131980215574097:0.9266250834774563:0.24424122692892272:0.11365376523480038:0.10917455873096174,0.0015461359008155319
2,6,6,3:-3:0,3:3:0,4,10,6277.296010212299:5939.654812087833:811.249754728814:418.4261821634207:228.00546164924384:29.609040016247288:27.334116633179814:14.93863013942942:11.363153901439192:3.1003534569109337:0.9375994190383831:0.6692624344017356:0.5058875391707183:0.146976879818126:0.07224950791794464:0.06675482185407561,0.002193211110146247
2,6,6,-3:-2:0,3:2:0,8,10,19549.544624584043:18505.20794486018:2521.7135016913176:1304.0506278948237:706.6410070967614:92.07802022828177:85.08059395095869:32.57360785139458:25.30959587395058:6.7493829091030015:1.532202388006484:1.5131980215574092:0.9266250834773079:0.2442412269289337:0.11365376523475616:0.10917455873099757,0.0015461359008155278
2,6,6,-2:-2:0,2:2:0,16,9,106621.93981533467:100964.10278680116:13727.676755331395:7117.1065374730515:3835.9734820794765:502.0226420434761:463.81553971332806:106.2843100437549:84.00297450365605:21.877823389707856:5.105131606432671:4.467607027946513:1.718535222986877:0.5161265319791164:0.24649874875075525:0.1870963675302481,0.000930293722274483
2,6,6,2:-2:0,2:2:0,16,9,106621.93981533467:100964.10278680116:13727.676755331393:7117.1065374730515:3835.973482079476:502.022642043476:463.8155397133281:106.28431004375486:84.00297450365602:21.877823389707594:5.105131606432739:4.4676070279484925:1.718535222986714:0.5161265319797237:0.246498748747963:0.18709636752990833,0.0009302937222744827
2,6,6,3:-2:0,3:2:0,8,10,19549.544624584032:18505.207944860158:2521.7135016913176:1304.0506278948235:706.6410070967614:92.07802022828186:85.08059395095873:32.57360785139461:25.309595873950723:6.749382909102997:1.53220238800658:1.5131980215573975:0.926625083477424:0.2442412269289525:0.11365376523481387:0.10917455873097837,0.0015461359008155334
2,6,6,-3:-1:0,3:1:0,12,9,48884.4760587091:46283.56320362532:6298.587198133654:3262.193264459474:1761.9950516519862:230.17582646036405:212.6882297933063:61.58313922217979:48.36440914053371:12.71751258845063:2.9197162335766715:2.6590118936419493:1.3183920037378116:0.36636891444967074:0.1731259815539858:0.14768881214346172,0.0011731572202284054
2,6,6,3:-1:0,3:1:0,12,9,48884.4760587091:46283.56320362531:6298.587198133657:3262.193264459473:1761.9950516519857:230.17582646036388:212.68822979330656:61.58313922217971:48.36440914053371:12.717512588451017:2.919716233576684:2.6590118936422042:1.3183920037375578:0.36636891444960223:0.1731259815557937:0.1476888121435444,0.0011731572202284058
2,6,6,-3:0:0,3:0:0,16,9,70642.69369869483:66889.11843876005:9098.677720581201:4714.821959345594:2543.883660202198:332.6161587536272:307.3280576157538:79.65223753377555:62.75886271229046:16.42400642129865:3.8012810182938646:3.3866017365266514:1.496207066289984:0.43081371128437024:0.20465569018770063:0.16551466253757208,0.0010511680144538467
2,6,6,3:0:0,3:0:0,16,9,70642.69369869483:66889.11843876002:9098.6777205812:4714.821959345593:2543.883660202198:332.61615875362685:307.32805761575446:79.65223753377559:62.7588627122904:16.424006421298678:3.801281018293795:3.3866017365266536:1.496207066289984:0.43081371128437174:0.20465569018768848:0.1655146625375711,0.0010511680144538469
2,6,6,-3:1:0,3:1:0,12,9,48884.4760587091:46283.56320362532:6298.587198133654:3262.193264459474:1761.9950516519862:230.17582646036405:212.6882297933063:61.58313922217979:48.36440914053371:12.71751258845063:2.9197162335766715:2.6590118936419493:1.3183920037378116:0.36636891444967074:0.1731259815539858:0.14768881214346172,0.0011731572202284054
2,6,6,3:1:0,3:1:0,12,9,48884.4760587091:46283.56320362531:6298.587198133657:3262.193264459473:1761.9950516519857:230.17582646036388:212.68822979330656:61.58313922217971:48.36440914053371:12.717512588451017:2.919716233576684:2.6590118936422042:1.3183920037375578:0.36636891444960223:0.1731259815557937:0.1476888121435444,0.0011731572202284058
2,6,6,-3:2:0,3:2:0,8,10,19549.544624584043:18505.20794486018:2521.7135016913176:1304.0506278948237:706.6410070967614:92.07802022828177:85.08059395095869:32.57360785139458:25.30959587395058:6.7493829091030015:1.532202388006484:1.5131980215574092:0.9266250834773079:0.2442412269289337:0.11365376523475616:0.10917455873099757,0.0015461359008155278
2,6,6,-2:2:0,2:2:0,16,9,106621.93981533467:100964.10278680116:13727.676755331395:7117.1065374730515:3835.9734820794765:502.0226420434761:463.81553971332806:106.2843100437549:84.00297450365605:21.877823389707856:5.105131606432671:4.467607027946513:1.718535222986877:0.5161265319791164:0.24649874875075525:0.1870963675302481,0.000930293722274483
2,6,6,2:2:0,2:2:0,16,9,106621.93981533467:100964.10278680116:13727.676755331393:7117.1065374730515:3835.973482079476:502.022642043476:463.8155397133281:106.28431004375486:84.00297450365602:21.877823389707594:5.105131606432739:4.4676070279484925:1.718535222986714:0.5161265319797237:0.246498748747963:0.18709636752990833,0.0009302937222744827
2,6,6,3:2:0,3:2:0,8,10,19549.544624584032:18505.207944860158:2521.7135016913176:1304.0506278948235:706.6410070967614:92.07802022828186:85.08059395095873:32.57360785139461:25.309595873950723:6.749382909102997:1.53220238800658:1.5131980215573975:0.926625083477424:0.2442412269289525:0.11365376523481387:0.10917455873097837,0.0015461359008155334
2,6,6,-3:3:0,3:3:0,4,10,6277.296010212299:5939.654812087835:811.2497547288143:418.4261821634209:228.00546164924393:29.609040016247295:27.334116633179868:14.938630139429437:11.363153901439219:3.1003534569109092:0.9375994190383723:0.6692624344017494:0.5058875391707166:0.1469768798181207:0.07224950791793683:0.06675482185387284,0.002193211110146249
2,6,6,-2:3:0,3:2:0,8,10,19549.544624584025:18505.20794486016:2521.713501691318:1304.0506278948226:706.6410070967614:92.0780202282818:85.08059395095871:32.57360785139469:25.30959587395068:6.749382909102982:1.5322023880065923:1.5131980215573995:0.9266250834774364:0.24424122692892558:0.1136537652348428:0.10917455873100022,0.0015461359008155351
2,6,6,-1:3:0,3:1:0,12,9,48884.47605870912:46283.5632036253:6298.58719813366:3262.1932644594735:1761.9950516519862:230.1758264603638:212.68822979330656:61.583139222179845:48.36440914053378:12.717512588450848:2.9197162335767843:2.6590118936416363:1.3183920037372372:0.3663689144495923:0.1731259815549294:0.14768881214346857,0.0011731572202284069
2,6,6,0:3:0,3:0:0,16,9,70642.69369869483:66889.11843876004:9098.677720581201:4714.821959345592:2543.883660202199:332.6161587536269:307.3280576157542:79.65223753377573:62.75886271229041:16.42400642129853:3.8012810182936363:3.3866017365266985:1.4962070662900837:0.4308137112843512:0.20465569018768234:0.1655146625375687,0.0010511680144538475
2,6,6,1:3:0,3:1:0,12,9,48884.47605870911:46283.56320362531:6298.587198133657:3262.1932644594744:1761.9950516519862:230.1758264603638:212.68822979330616:61.58313922217966:48.36440914053367:12.717512588450811:2.9197162335766498:2.6590118936419502:1.3183920037378507:0.366368914449659:0.17312598155428072:0.14768881214341253,0.0011731572202284043
2,6,6,2:3:0,3:2:0,8,10,19549.544624584036:18505.20794486018:2521.713501691318:1304.0506278948228:706.641007096761:92.07802022828174:85.08059395095862:32.573607851394556:25.309595873950776:6.7493829091029305:1.532202388006633:1.5131980215574097:0.9266250834774563:0.24424122692892272:0.11365376523480038:0.10917455873096174,0.0015461359008155319
2,6,6,3:3:0,3:3:0,4,10,6277.296010212299:5939.654812087833:811.249754728814:418.4261821634207:228.00546164924384:29.609040016247288:27.334116633179814:14.93863013942942:11.363153901439192:3.1003534569109337:0.9375994190383831:0.6692624344017356:0.5058875391707183:0.146976879818126:0.07224950791794464:0.06675482185407561,0.002193211110146247
2,6,6,-3:-3:1,3:3:1,3,10,4585.502987739377:4430.908224178481:653.0260901055227:354.83301517310304:206.8830503426519:26.61528181825245:24.195219995493193:12.208855189324112:9.530872901412042:2.8380649986118986:0.8765416043029932:0.6155342201694083:0.46692045756243067:0.13364028430848493:0.06981430777138152:0.058645104053029515,0.0024583834901413817
2,6,6,-2:-3:1,3:2:1,6,10,12717.532261080038:12382.659720760525:1871.712237425658:1039.8532065546715:616.71741274095:79.52457244973007:71.97898159520344:24.562750123006413:19.841737285545726:5.971923774672121:1.3760403475845282:1.34743530592607:0.8354063497991765:0.21539211055514876:0.11251595719414671:0.08979081314292232,0.0018001915151464834
2,6,6,-1:-3:1,3:1:1,9,10,28145.563430596674:27611.465844577728:4291.94559811347:2437.2475188592284:1473.0168405109296:190.5016176147881:171.76664631720175:42.680138312741654:35.30717864883411:10.842389105075046:2.511789242028741:2.2834818717059386:1.1590765049952196:0.3128756077358132:0.16505112066164898:0.12100244616324088,0.0014223347643644811
2,6,6,0:-3:1,3:1:0,12,10,38393.53343481696:37793.59864460324:5954.727931392289:3415.3964587168184:2082.3104726454935:269.75815779274103:242.87855286083052:53.05201802284958:44.29515118572787:13.752428766852175:3.2169676522937425:2.852409337167297:1.296807797472003:0.36236353939706484:0.19216942412815982:0.13508067360515796,0.0012991889375278886
2,6,6,1:-3:1,3:1:1,9,10,28145.56343059667:27611.46584457771:4291.945598113468:2437.247518859229:1473.016840510929:190.50161761478816:171.76664631720195:42.680138312741796:35.30717864883404:10.842389105075144:2.5117892420288483:2.2834818717059875:1.1590765049957656:0.31287560773587303:0.16505112066103608:0.12100244616291383,0.0014223347643644842
2,6,6,2:-3:1,3:2:1,6,10,12717.532261080043:12382.65972076052:1871.7122374256583:1039.8532065546722:616.7174127409504:79.5245724497301:71.97898159520341:24.562750123006424:19.841737285545733:5.971923774672167:1.3760403475845522:1.3474353059264323:0.8354063497991199:0.21539211055512428:0.11251595719419939:0.08979081314290627,0.0018001915151464854
2,6,6,3:-3:1,3:3:1,3,10,4585.502987739379:4430.908224178484:653.0260901055226:354.83301517310326:206.88305034265196:26.615281818252416:24.195219995493215:12.208855189324108:9.530872901412035:2.838064998611934:0.8765416043029933:0.615534220169441:0.46692045756246814:0.13364028430845792:0.0698143077716434:0.058645104053049624,0.002458383490141381
2,6,6,-3:-2:1,3:2:1,6,10,12717.53226108005:12382.659720760525:1871.712237425659:1039.853206554672:616.7174127409501:79.52457244973007:71.97898159520338:24.5627501230064:19.841737285545744:5.971923774672075:1.3760403475845255:1.347435305926096:0.8354063497992068:0.21539211055510957:0.11251595719424684:0.08979081314287181,0.0018001915151464824
2,6,6,-2:-2:1,2:2:1,12,10,53970.57827921943:53344.58982728871:8548.673931319809:4962.420823967602:3057.301138568874:397.04490856929453:356.9609178704238:67.4111131746412:56.86895409320295:17.90940906503434:4.233439584457839:3.6769427274600175:1.4618395755215772:0.426055781558429:0.22740599105296644:0.15185260730619407,0.0011774949346369367
2,6,6,2:-2:1,2:2:1,12,10,53970.57827921943:53344.58982728871:8548.673931319805:4962.420823967602:3057.301138568875:397.0449085692946:356.9609178704237:67.41111317464106:56.8689540932029:17.909409065033742:4.233439584457247:3.6769427274602497:1.4618395755213602:0.42605578155845086:0.22740599105388282:0.15185260730599986,0.0011774949346369332
2,6,6,3:-2:1,3:2:1,6,10,12717.532261080049:12382.65972076052:1871.7122374256583:1039.8532065546717:616.7174127409505:79.5245724497301:71.97898159520335:24.562750123006467:19.841737285545747:5.971923774672046:1.376040347584485:1.347435305926024:0.835406349799191:0.2153921105550718:0.11251595719410869:0.0897908131429342,0.0018001915151464852
2,6,6,-3:-1:1,3:1:1,9,10,28145.56343059667:27611.46584457771:4291.945598113468:2437.247518859228:1473.0168405109284:190.50161761478827:171.76664631720175:42.680138312741974:35.307178648833975:10.84238910507581:2.511789242029059:2.283481871705949:1.1590765049956022:0.3128756077357562:0.16505112066123023:0.12100244616361902,0.0014223347643644898
2,6,6,3:-1:1,3:1:1,9,10,28145.56343059667:27611.465844577713:4291.945598113468:2437.247518859228:1473.0168405109287:190.50161761478836:171.76664631720183:42.68013831274186:35.30717864883407:10.842389105075528:2.511789242029176:2.2834818717059897:1.1590765049954883:0.3128756077362232:0.1650511206605441:0.12100244616385775,0.001422334764364488
2,6,6,-3:0:1,3:1:0,12,10,38393.53343481696:37793.59864460326:5954.727931392289:3415.3964587168184:2082.310472645493:269.7581577927411:242.87855286083047:53.05201802284988:44.29515118572796:13.752428766853662:3.2169676522938335:2.852409337166859:1.2968077974720185:0.3623635393971216:0.19216942412840374:0.13508067360526113,0.0012991889375278986
2,6,6,3:0:1,3:1:0,12,10,38393.53343481696:37793.598644603255:5954.727931392288:3415.396458716817:2082.310472645493:269.75815779274103:242.87855286083044:53.05201802284996:44.29515118572794:13.752428766852105:3.2169676522936608:2.8524093371675314:1.2968077974721:0.36236353939706933:0.19216942412816904:0.1350806736052235,0.0012991889375278942
2,6,6,-3:1:1,3:1:1,9,10,28145.56343059667:27611.46584457771:4291.945598113468:2437.247518859228:1473.0168405109284:190.50161761478827:171.76664631720175:42.680138312741974:35.307178648833975:10.84238910507581:2.511789242029059:2.283481871705949:1.1590765049956022:0.3128756077357562:0.16505112066123023:0.12100244616361902,0.0014223347643644898
2,6,6,3:1:1,3:1:1,9,10,28145.56343059667:27611.465844577713:4291.945598113468:2437.247518859228:1473.0168405109287:190.50161761478836:171.76664631720183:42.68013831274186:35.30717864883407:10.842389105075528:2.511789242029176:2.2834818717059897:1.1590765049954883:0.3128756077362232:0.1650511206605441:0.12100244616385775,0.001422334764364488
2,6,6,-3:2:1,3:2:1,6,10,12717.53226108005:12382.659720760525:1871.712237425659:1039.853206554672:616.7174127409501:79.52457244973007:71.97898159520338:24.5627501230064:19.841737285545744:5.971923774672075:1.3760403475845255:1.347435305926096:0.8354063497992068:0.21539211055510957:0.11251595719424684:0.08979081314287181,0.0018001915151464824
2,6,6,-2:2:1,2:2:1,12,10,53970.57827921943:53344.58982728871:8548.673931319809:4962.420823967602:3057.301138568874:397.04490856929453:356.9609178704238:67.4111131746412:56.86895409320295:17.90940906503434:4.233439584457839:3.6769427274600175:1.4618395755215772:0.426055781558429:0.22740599105296644:0.15185260730619407,0.0011774949346369367
2,6,6,2:2:1,2:2:1,12,10,53970.57827921943:53344.58982728871:8548.673931319805:4962.420823967602:3057.301138568875:397.0449085692946:356.9609178704237:67.41111317464106:56.8689540932029:17.909409065033742:4.233439584457247:3.6769427274602497:1.4618395755213602:0.42605578155845086:0.22740599105388282:0.15185260730599986,0.0011774949346369332
2,6,6,3:2:1,3:2:1,6,10,12717.532261080049:12382.65972076052:1871.7122374256583:1039.8532065546717:616.7174127409505:79.5245724497301:71.97898159520335:24.562750123006467:19.841737285545747:5.971923774672046:1.376040347584485:1.347435305926024:0.835406349799191:0.2153921105550718:0.11251595719410869:0.0897908131429342,0.0018001915151464852
2,6,6,-3:3:1,3:3:1,3,10,4585.502987739377:4430.908224178481:653.0260901055227:354.83301517310304:206.8830503426519:26.61528181825245:24.195219995493193:12.208855189324112:9.530872901412042:2.8380649986118986:0.8765416043029932:0.6155342201694083:0.46692045756243067:0.13364028430848493:0.06981430777138152:0.058645104053029515,0.0024583834901413817
2,6,6,-2:3:1,3:2:1,6,10,12717.532261080038:12382.659720760525:1871.712237425658:1039.8532065546715:616.71741274095:79.52457244973007:71.97898159520344:24.562750123006413:19.841737285545726:5.971923774672121:1.3760403475845282:1.34743530592607:0.8354063497991765:0.21539211055514876:0.11251595719414671:0.08979081314292232,0.0018001915151464834
2,6,6,-1:3:1,3:1:1,9,10,28145.563430596674:27611.465844577728:4291.94559811347:2437.2475188592284:1473.0168405109296:190.5016176147881:171.76664631720175:42.680138312741654:35.30717864883411:10.842389105075046:2.511789242028741:2.2834818717059386:1.1590765049952196:0.3128756077358132:0.16505112066164898:0.12100244616324088,0.0014223347643644811
2,6,6,0:3:1,3:1:0,12,10,38393.53343481696:37793.59864460324:5954.727931392289:3415.3964587168184:2082.3104726454935:269.75815779274103:242.87855286083052:53.05201802284958:44.29515118572787:13.752428766852175:3.2169676522937425:2.852409337167297:1.296807797472003:0.36236353939706484:0.19216942412815982:0.13508067360515796,0.0012991889375278886
2,6,6,1:3:1,3:1:1,9,10,28145.56343059667:27611.46584457771:4291.945598113468:2437.247518859229:1473.016840510929:190.50161761478816:171.76664631720195:42.680138312741796:35.30717864883404:10.842389105075144:2.5117892420288483:2.2834818717059875:1.1590765049957656:0.31287560773587303:0.16505112066103608:0.12100244616291383,0.0014223347643644842
2,6,6,2:3:1,3:2:1,6,10,12717.532261080043:12382.65972076052:1871.7122374256583:1039.8532065546722:616.7174127409504:79.5245724497301:71.97898159520341:24.562750123006424:19.841737285545733:5.971923774672167:1.3760403475845522:1.3474353059264323:0.8354063497991199:0.21539211055512428:0.11251595719419939:0.08979081314290627,0.0018001915151464854
2,6,6,3:3:1,3:3:1,3,10,4585.502987739379:4430.908224178484:653.0260901055226:354.83301517310326:206.88305034265196:26.615281818252416:24.195219995493215:12.208855189324108:9.530872901412035:2.838064998611934:0.8765416043029933:0.615534220169441:0.46692045756246814:0.13364028430845792:0.0698143077716434:0.058645104053049624,0.002458383490141381
2,6,6,-3:-3:2,3:3:2,2,11,2017.3678727537588:1994.985874229333:368.1901384117686:226.7494699793341:149.24869464230588:19.82146096244071:17.862555529951923:7.286524647932601:5.9558578226444086:2.163533692248683:0.7306440653933464:0.4884578201579624:0.38088100165721545:0.10288624749481146:0.05968498917182146:0.043453365123648974,0.0033767176298102794
2,6,6,-2:-3:2,3:2:2,4,11,4384.586820125406:4270.621732344056:889.5510753388967:573.3033178901803:385.0306837413444:53.59696829915196:48.47719584207907:12.285713668362048:10.601033021638596:4.095829021552342:1.0481820035324678:0.9869868441294968:0.6523524988364673:0.15418309683071163:0.09360335732361671:0.06146535784785837,0.0027011556163192268
2,6,6,-1:-3:2,3:2:1,6,10,7650.0146748734805:7368.492750538879:1741.7195786684433:1159.8992824510685:782.4568080493119:116.06243912126328:105.74935421272706:18.066579270859673:16.18004963171857:6.639984479137683:1.697100960139269:1.5879793157810294:0.8652461896539435:0.2085177146414273:0.1311916323787714:0.07839193533692981,0.002327801894930604
2,6,6,0:-3:2,3:2:0,8,10,9385.29780948685:9005.863875639765:2256.7420242313906:1520.2955608002014:1023.1531519020951:156.92047156099756:143.56952260239154:20.881060638593585:18.949915921629934:7.98085214180385:2.0946994956301084:1.9127230764011058:0.9433374282230049:0.23386198853558426:0.14921098168388378:0.08570085651922037,0.002209991970486849
2,6,6,1:-3:2,3:2:1,6,10,7650.014674873475:7368.492750538875:1741.7195786684433:1159.8992824510697:782.4568080493118:116.06243912126301:105.7493542127272:18.066579270859666:16.180049631718664:6.639984479137737:1.6971009601392457:1.58797931578091:0.8652461896539893:0.20851771464149182:0.13119163237874895:0.0783919353368398,0.002327801894930611
2,6,6,2:-3:2,3:2:2,4,11,4384.586820125403:4270.621732344057:889.5510753388968:573.3033178901804:385.0306837413443:53.59696829915198:48.47719584207906:12.285713668362053:10.601033021638571:4.095829021552301:1.04818200353245:0.9869868441294098:0.6523524988364389:0.154183096830697:0.09360335732367375:0.06146535784788134,0.0027011556163192224
2,6,6,3:-3:2,3:3:2,2,11,2017.3678727537592:1994.9858742293331:368.19013841176854:226.74946997933404:149.24869464230588:19.821460962440728:17.86255552995193:7.28652464793258:5.955857822644402:2.163533692248691:0.7306440653933762:0.4884578201579671:0.3808810016572212:0.10288624749478971:0.059684989171910105:0.04345336512360085,0.0033767176298102734
2,6,6,-3:-2:2,3:2:2,4,11,4384.586820125408:4270.62173234406:889.5510753388972:573.3033178901806:385.0306837413444:53.59696829915196:48.47719584207902:12.285713668362044:10.601033021638589:4.0958290215522695:1.0481820035324636:0.9869868441294695:0.6523524988364291:0.15418309683073106:0.09360335732365938:0.06146535784789851,0.0027011556163192207
2,6,6,-2:-2:2,2:2:2,8,10,11636.205666938899:11127.010395076266:2990.314283764693:2038.4650693754293:1364.28768839954:218.42201253227776:200.91887516239578:24.375564393067716:22.41989850638446:9.72529618130259:2.636417894839901:2.3652205890972358:1.028467569851341:0.26463128770730754:0.17146669276611934:0.09415604741321179,0.002096200958246571
2,6,6,-1:-2:2,2:2:1,12,11,23694.650252420866:22629.303321596097:8246.646923213118:5898.668082118192:3790.716786130543:756.8006824780356:715.471615688911:41.980449567959354:39.89508939764203:19.383524356528586:6.204380776986294:5.4661003653253415:1.364229252489696:0.4117702911073049:0.28324424538698:0.12970896265798465,0.0017856848500791265
2,6,6,0:-2:2,2:2:0,16,11,30630.22942669803:29554.327512692485:12314.367499493535:9132.112439361887:5779.875259585075:1300.6352233967039:1246.9039426057543:52.28651931558411:49.66914012648972:25.23868568665949:8.961334786282173:7.954094225533228:1.5215930208621071:0.49307751536004335:0.34874831173138293:0.14676036643415286,0.001694802040875838
2,6,6,1:-2:2,2:2:1,12,11,23694.650252420877:22629.303321596104:8246.646923213124:5898.66808211819:3790.7167861305415:756.8006824780371:715.4716156889124:41.98044956795947:39.89508939764194:19.383524356528536:6.204380776986605:5.466100365325137:1.3642292524902186:0.41177029110742425:0.283244245387035:0.12970896265744758,0.001785684850079127
2,6,6,2:-2:2,2:2:2,8,10,11636.2056669389:11127.010395076264:2990.314283764694:2038.46506937543:1364.2876883995395:218.4220125322775:200.91887516239578:24.37556439306759:22.41989850638458:9.72529618130234:2.636417894839718:2.365220589097337:1.0284675698511265:0.26463128770726563:0.17146669276571117:0.09415604741339459,0.0020962009582465658
2,6,6,3:-2:2,3:2:2,4,11,4384.586820125406:4270.621732344058:889.5510753388967:573.3033178901806:385.0306837413444:53.596968299152046:48.47719584207903:12.285713668362082:10.601033021638578:4.09582902155234:1.0481820035324356:0.9869868441294727:0.6523524988364405:0.15418309683069037:0.09360335732366087:0.06146535784789001,0.002701155616319227
2,6,6,-3:-1:2,3:2:1,6,10,7650.014674873482:7368.492750538876:1741.719578668443:1159.8992824510701:782.4568080493117:116.0624391212629:105.74935421272718:18.06657927085974:16.180049631718628:6.639984479137719:1.6971009601392526:1.5879793157809532:0.8652461896539428:0.20851771464163776:0.13119163237858028:0.07839193533693704,0.0023278018949306127
2,6,6,-2:-1:2,2:2:1,12,11,23694.65025242088:22629.303321596097:8246.646923213126:5898.668082118189:3790.716786130542:756.8006824780392:715.4716156889122:41.98044956795937:39.895089397642515:19.383524356528387:6.204380776986373:5.466100365325438:1.3642292524901791:0.4117702911075419:0.28324424538703424:0.1297089626575168,0.0017856848500791345
2,6,6,2:-1:2,2:2:1,12,11,23694.650252420866:22629.303321596097:8246.64692321312:5898.668082118189:3790.716786130543:756.8006824780362:715.4716156889109:41.98044956795933:39.89508939764276:19.383524356528476:6.204380776986121:5.466100365324814:1.3642292524904638:0.41177029110740293:0.28324424538706705:0.12970896265726248,0.0017856848500791378
2,6,6,3:-1:2,3:2:1,6,10,7650.014674873478:7368.492750538876:1741.7195786684438:1159.8992824510706:782.4568080493115:116.06243912126297:105.74935421272708:18.066579270859677:16.180049631718607:6.6399844791377145:1.6971009601392681:1.5879793157809132:0.8652461896539335:0.20851771464132937:0.13119163237886766:0.07839193533687316,0.0023278018949306066
2,6,6,-3:0:2,3:2:0,8,10,9385.297809486854:9005.863875639765:2256.7420242313906:1520.2955608002026:1023.1531519020953:156.9204715609973:143.5695226023916:20.88106063859357:18.949915921629923:7.980852141803856:2.0946994956301257:1.9127230764010499:0.9433374282230399:0.23386198853562049:0.14921098168385494:0.08570085651920897,0.0022099919704868473
2,6,6,-2:0:2,2:2:0,16,11,30630.22942669802:29554.327512692496:12314.367499493543:9132.112439361888:5779.875259585075:1300.6352233967039:1246.9039426057534:52.28651931558456:49.66914012648987:25.23868568665956:8.961334786282048:7.95409422553353:1.5215930208622865:0.49307751536006267:0.34874831173052984:0.14676036643503831,0.0016948020408758474
2,6,6,2:0:2,2:2:0,16,11,30630.22942669801:29554.327512692485:12314.367499493534:9132.112439361887:5779.8752595850765:1300.6352233967034:1246.9039426057532:52.28651931558464:49.669140126489715:25.238685686659533:8.961334786282189:7.954094225533688:1.5215930208623156:0.49307751536017336:0.34874831173011633:0.14676036643506674,0.0016948020408758477
2,6,6,3:0:2,3:2:0,8,10,9385.297809486854:9005.863875639765:2256.7420242313915:1520.2955608002017:1023.1531519020953:156.9204715609976:143.56952260239154:20.881060638593556:18.949915921629927:7.980852141803849:2.094699495630188:1.91272307640107:0.9433374282229618:0.2338619885355911:0.14921098168385638:0.08570085651919951,0.002209991970486847
2,6,6,-3:1:2,3:2:1,6,10,7650.014674873482:7368.492750538876:1741.719578668443:1159.8992824510701:782.4568080493117:116.0624391212629:105.74935421272718:18.06657927085974:16.180049631718628:6.639984479137719:1.6971009601392526:1.5879793157809532:0.8652461896539428:0.20851771464163776:0.13119163237858028:0.07839193533693704,0.0023278018949306127
2,6,6,-2:1:2,2:2:1,12,11,23694.65025242088:22629.303321596097:8246.646923213126:5898.668082118189:3790.716786130542:756.8006824780392:715.4716156889122:41.98044956795937:39.895089397642515:19.383524356528387:6.204380776986373:5.466100365325438:1.3642292524901791:0.4117702911075419:0.28324424538703424:0.1297089626575168,0.0017856848500791345
2,6,6,2:1:2,2:2:1,12,11,23694.650252420866:22629.303321596097:8246.64692321312:5898.668082118189:3790.716786130543:756.8006824780362:715.4716156889109:41.98044956795933:39.89508939764276:19.383524356528476:6.204380776986121:5.466100365324814:1.3642292524904638:0.41177029110740293:0.28324424538706705:0.12970896265726248,0.0017856848500791378
2,6,6,3:1:2,3:2:1,6,10,7650.014674873478:7368.492750538876:1741.7195786684438:1159.8992824510706:782.4568080493115:116.06243912126297:105.74935421272708:18.066579270859677:16.180049631718607:6.6399844791377145:1.6971009601392681:1.5879793157809132:0.8652461896539335:0.20851771464132937:0.13119163237886766:0.07839193533687316,0.0023278018949306066
2,6,6,-3:2:2,3:2:2,4,11,4384.586820125408:4270.62173234406:889.5510753388972:573.3033178901806:385.0306837413444:53.59696829915196:48.47719584207902:12.285713668362044:10.601033021638589:4.0958290215522695:1.0481820035324636:0.9869868441294695:0.6523524988364291:0.15418309683073106:0.09360335732365938:0.06146535784789851,0.0027011556163192207
2,6,6,-2:2:2,2:2:2,8,10,11636.205666938899:11127.010395076266:2990.314283764693:2038.4650693754293:1364.28768839954:218.42201253227776:200.91887516239578:24.375564393067716:22.41989850638446:9.72529618130259:2.636417894839901:2.3652205890972358:1.028467569851341:0.26463128770730754:0.17146669276611934:0.09415604741321179,0.002096200958246571
2,6,6,-1:2:2,2:2:1,12,11,23694.650252420866:22629.303321596097:8246.646923213118:5898.668082118192:3790.716786130543:756.8006824780356:715.471615688911:41.980449567959354:39.89508939764203:19.383524356528586:6.204380776986294:5.4661003653253415:1.364229252489696:0.4117702911073049:0.28324424538698:0.12970896265798465,0.0017856848500791265
2,6,6,0:2:2,2:2:0,16,11,30630.22942669803:29554.327512692485:12314.367499493535:9132.112439361887:5779.875259585075:1300.6352233967039:1246.9039426057543:52.28651931558411:49.66914012648972:25.23868568665949:8.961334786282173:7.954094225533228:1.5215930208621071:0.49307751536004335:0.34874831173138293:0.14676036643415286,0.001694802040875838
2,6,6,1:2:2,2:2:1,12,11,23694.650252420877:22629.303321596104:8246.646923213124:5898.66808211819:3790.7167861305415:756.8006824780371:715.4716156889124:41.98044956795947:39.89508939764194:19.383524356528536:6.204380776986605:5.466100365325137:1.3642292524902186:0.41177029110742425:0.283244245387035:0.12970896265744758,0.001785684850079127
2,6,6,2:2:2,2:2:2,8,10,11636.2056669389:11127.010395076264:2990.314283764694:2038.46506937543:1364.2876883995395:218.4220125322775:200.91887516239578:24.37556439306759:22.41989850638458:9.72529618130234:2.636417894839718:2.365220589097337:1.0284675698511265:0.26463128770726563:0.17146669276571117:0.09415604741339459,0.0020962009582465658
2,6,6,3:2:2,3:2:2,4,11,4384.586820125406:4270.621732344058:889.5510753388967:573.3033178901806:385.0306837413444:53.596968299152046:48.47719584207903:12.285713668362082:10.601033021638578:4.09582902155234:1.0481820035324356:0.9869868441294727:0.6523524988364405:0.15418309683069037:0.09360335732366087:0.06146535784789001,0.002701155616319227
2,6,6,-3:3:2,3:3:2,2,11,2017.3678727537588:1994.985874229333:368.1901384117686:226.7494699793341:149.24869464230588:19.82146096244071:17.862555529951923:7.286524647932601:5.9558578226444086:2.163533692248683:0.7306440653933464:0.4884578201579624:0.38088100165721545:0.10288624749481146:0.05968498917182146:0.043453365123648974,0.0033767176298102794
2,6,6,-2:3:2,3:2:2,4,11,4384.586820125406:4270.621732344056:889.5510753388967:573.3033178901803:385.0306837413444:53.59696829915196:48.47719584207907:12.285713668362048:10.601033021638596:4.095829021552342:1.0481820035324678:0.9869868441294968:0.6523524988364673:0.15418309683071163:0.09360335732361671:0.06146535784785837,0.0027011556163192268
2,6,6,-1:3:2,3:2:1,6,10,7650.0146748734805:7368.492750538879:1741.7195786684433:1159.8992824510685:782.4568080493119:116.06243912126328:105.74935421272706:18.066579270859673:16.18004963171857:6.639984479137683:1.697100960139269:1.5879793157810294:0.8652461896539435:0.2085177146414273:0.1311916323787714:0.07839193533692981,0.002327801894930604
2,6,6,0:3:2,3:2:0,8,10,9385.29780948685:9005.863875639765:2256.7420242313906:1520.2955608002014:1023.1531519020951:156.92047156099756:143.56952260239154:20.881060638593585:18.949915921629934:7.98085214180385:2.0946994956301084:1.9127230764011058:0.9433374282230049:0.23386198853558426:0.14921098168388378:0.08570085651922037,0.002209991970486849
2,6,6,1:3:2,3:2:1,6,10,7650.014674873475:7368.492750538875:1741.7195786684433:1159.8992824510697:782.4568080493118:116.06243912126301:105.7493542127272:18.066579270859666:16.180049631718664:6.639984479137737:1.6971009601392457:1.58797931578091:0.8652461896539893:0.20851771464149182:0.13119163237874895:0.0783919353368398,0.002327801894930611
2,6,6,2:3:2,3:2:2,4,11,4384.586820125403:4270.621732344057:889.5510753388968:573.3033178901804:385.0306837413443:53.59696829915198:48.47719584207906:12.285713668362053:10.601033021638571:4.095829021552301:1.04818200353245:0.9869868441294098:0.6523524988364389:0.154183096830697:0.09360335732367375:0.06146535784788134,0.0027011556163192224
2,6,6,3:3:2,3:3:2,2,11,2017.3678727537592:1994.9858742293331:368.19013841176854:226.74946997933404:149.24869464230588:19.821460962440728:17.86255552995193:7.28652464793258:5.955857822644402:2.163533692248691:0.7306440653933762:0.4884578201579671:0.3808810016572212:0.10288624749478971:0.059684989171910105:0.04345336512360085,0.0033767176298102734
2,6,6,-3:-3:3,3:3:3,1,13,689.2243632052571:659.376283295409:178.78527125789293:120.4885786076813:81.33685081526617:12.936114325911111:11.937347952091388:3.835091138204035:3.1482645928122883:1.3992223544468494:0.5638112417688024:0.34906657852779066:0.2887600341692401:0.07071434140395687:0.04576433244381462:0.02909954485941065,0.005304984251541278
2,6,6,-2:-3:3,3:3:2,2,13,1155.01062005196:1100.6508402792495:367.091766165581:256.0825964170899:168.11997129996095:30.937277861842585:29.044796185007616:5.490347158203042:4.7504472908772595:2.27487722107802:0.7318998631518772:0.6393409018457651:0.4771585629830782:0.09765188387238431:0.0677533999845454:0.03821367575971647,0.004613080225583555
2,6,6,-1:-3:3,3:3:1,3,13,1614.4136127109987:1548.3872969471495:609.3213810930692:440.759988573929:282.77937130320015:59.67379154506724:56.91631253286748:7.088907938752289:6.277625033509528:3.180750071027957:1.0022622674696262:0.9974775764314804:0.6180296561632981:0.1227984139969817:0.08949547287565457:0.04607103946744167,0.0042503979319829955
2,6,6,0:-3:3,3:3:0,4,13,1810.8592812624013:1747.0864218221006:729.9706464413549:538.5326519542747:343.4485612891744:76.70398490101387:73.62013961083787:7.790302478523356:6.928259282555704:3.5829928686357406:1.18814364625676:1.1543284096237878:0.6624370491834004:0.1335798628965413:0.09913051496458408:0.04928656624373167,0.004138331609494359
2,6,6,1:-3:3,3:3:1,3,13,1614.413612710999:1548.3872969471483:609.3213810930691:440.75998857392864:282.7793713032001:59.67379154506726:56.916312532867444:7.088907938752319:6.2776250335095245:3.1807500710279673:1.0022622674696178:0.997477576431477:0.6180296561632955:0.12279841399698106:0.08949547287569669:0.04607103946738878,0.004250397931983006
2,6,6,2:-3:3,3:3:2,2,13,1155.0106200519601:1100.6508402792497:367.0917661655809:256.08259641709014:168.11997129996107:30.937277861842528:29.044796185007616:5.4903471582030985:4.750447290877248:2.2748772210780244:0.7318998631518999:0.6393409018457565:0.4771585629830944:0.09765188387239328:0.06775339998453668:0.03821367575970051,0.0046130802255835756
2,6,6,3:-3:3,3:3:3,1,13,689.2243632052573:659.376283295409:178.78527125789293:120.48857860768125:81.33685081526615:12.9361143259111:11.93734795209137:3.8350911382040493:3.1482645928122923:1.3992223544468518:0.5638112417688068:0.34906657852779277:0.28876003416923923:0.07071434140395617:0.04576433244380405:0.029099544859394595,0.005304984251541291
2,6,6,-3:-2:3,3:3:2,2,13,1155.0106200519606:1100.6508402792508:367.0917661655811:256.0825964170899:168.119971299961:30.937277861842606:29.044796185007645:5.490347158203071:4.75044729087723:2.2748772210780386:0.7318998631518818:0.6393409018457435:0.4771585629831095:0.09765188387238387:0.06775339998452727:0.038213675759706,0.004613080225583556
2,6,6,-2:-2:3,3:2:2,4,12,2033.177839256552:1979.9365286345972:877.9822387721711:665.3028674666419:423.0480622225661:100.63267264745028:97.23510568261847:8.609830624215192:7.667559354663341:4.049602976825242:1.4264647713002279:1.3652314674732444:0.7061011488622589:0.1459814599152039:0.11043224747689229:0.0528873650883929,0.004030193129812264
2,6,6,-1:-2:3,3:2:1,6,12,2998.5757802772787:2874.474124648093:1512.1527215173335:1348.7074319918938:892.2630149704711:268.52746812361084:264.79410108190154:12.125696099712329:10.5354125437795:5.942159398877117:2.72759511462175:2.5935447414448496:0.8440548457070347:0.1971098851304261:0.15943423088385675:0.06681765106732443,0.0037182560295004503
2,6,6,0:-2:3,3:2:0,8,12,3510.186861032542:3214.3092442344378:1773.3263831813344:1747.5686242932416:1211.0948694968927:402.9798615798233:399.54830753047855:13.808577423559672:11.737423437962041:6.787741238576035:3.5406561393360336:3.39181586705092:0.895483299317683:0.2209441874101369:0.18363886893912862:0.07289910128771594,0.003610589369101345
2,6,6,1:-2:3,3:2:1,6,12,2998.5757802772778:2874.474124648094:1512.1527215173335:1348.7074319918945:892.2630149704713:268.527468123611:264.79410108190103:12.125696099712373:10.535412543779534:5.942159398877133:2.7275951146217636:2.5935447414448203:0.8440548457070198:0.19710988513038719:0.15943423088386444:0.06681765106720605,0.0037182560295004616
2,6,6,2:-2:3,3:2:2,4,12,2033.177839256552:1979.9365286345972:877.9822387721708:665.3028674666425:423.0480622225662:100.63267264745026:97.23510568261845:8.609830624215139:7.667559354663395:4.049602976825287:1.4264647713002558:1.3652314674731791:0.7061011488621974:0.14598145991525976:0.11043224747686663:0.05288736508840276,0.004030193129812266
2,6,6,3:-2:3,3:3:2,2,13,1155.0106200519597:1100.65084027925:367.091766165581:256.0825964170901:168.11997129996107:30.93727786184252:29.0447961850076:5.490347158203062:4.750447290877271:2.274877221078022:0.7318998631518899:0.6393409018457434:0.47715856298308784:0.09765188387237642:0.06775339998453672:0.038213675759703886,0.004613080225583567
2,6,6,-3:-1:3,3:3:1,3,13,1614.413612710999:1548.3872969471486:609.3213810930691:440.75998857392864:282.77937130320015:59.673791545067175:56.91631253286743:7.088907938752305:6.277625033509465:3.1807500710279553:1.002262267469643:0.9974775764314524:0.6180296561633036:0.1227984139969848:0.089495472875693:0.046071039467457636,0.004250397931982985
2,6,6,-2:-1:3,3:2:1,6,12,2998.5757802772796:2874.474124648094:1512.1527215173332:1348.707431991894:892.2630149704715:268.5274681236108:264.7941010819017:12.12569609971239:10.535412543779465:5.942159398877141:2.7275951146216904:2.5935447414448136:0.8440548457070646:0.1971098851303641:0.15943423088382663:0.06681765106728453,0.0037182560295004516
2,6,6,-1:-1:3,3:1:1,9,12,4898.448181304322:3966.761679679734:2980.040971357385:2496.9669320016296:2302.989752100344:1103.44050980783:1100.446777000717:18.091898760734324:14.4708802728188:9.09006203591758:6.599661883453476:6.4689169284122725:1.008825808223656:0.2855497476029186:0.2542922765474168:0.08837298566786596,0.0033586685364146523
2,6,6,0:-1:3,3:1:0,12,12,5668.838577639555:4366.996379598622:3836.245209873003:3608.30502650528:2718.3891891687877:2115.236585203843:2109.169476572008:20.167704780953272:15.911909433008988:11.044354193962645:9.650833227487736:9.554831178555961:1.068073310881173:0.3304045986942069:0.30875480593225274:0.09841150721672094,0.0031872871757597635
2,6,6,1:-1:3,3:1:1,9,12,4898.448181304323:3966.761679679734:2980.040971357385:2496.9669320016296:2302.9897521003445:1103.4405098078307:1100.446777000717:18.091898760734217:14.470880272818851:9.090062035917633:6.599661883453398:6.468916928412202:1.008825808223522:0.2855497476029396:0.2542922765473503:0.08837298566797101,0.0033586685364146436
2,6,6,2:-1:3,3:2:1,6,12,2998.575780277277:2874.474124648093:1512.152721517333:1348.7074319918936:892.2630149704715:268.52746812361084:264.7941010819015:12.125696099712394:10.535412543779483:5.9421593988771075:2.7275951146217756:2.5935447414447648:0.8440548457070428:0.1971098851303916:0.15943423088381772:0.06681765106728493,0.0037182560295004555
2,6,6,3:-1:3,3:3:1,3,13,1614.4136127109996:1548.387296947149:609.3213810930691:440.7599885739287:282.7793713032001:59.67379154506718:56.91631253286744:7.088907938752337:6.277625033509509:3.180750071027943:1.0022622674696138:0.9974775764314714:0.6180296561632883:0.12279841399698961:0.08949547287567398:0.046071039467455915,0.0042503979319830016
2,6,6,-3:0:3,3:3:0,4,13,1810.8592812624015:1747.0864218221004:729.970646441355:538.532651954275:343.44856128917434:76.70398490101392:73.62013961083784:7.790302478523343:6.92825928255571:3.582992868635742:1.1881436462567674:1.1543284096237874:0.6624370491834031:0.13357986289654075:0.09913051496458629:0.04928656624373917,0.004138331609494357
2,6,6,-2:0:3,3:2:0,8,12,3510.1868610325405:3214.3092442344378:1773.3263831813344:1747.5686242932416:1211.0948694968924:402.9798615798231:399.54830753047884:13.808577423559633:11.737423437962038:6.787741238576048:3.5406561393360287:3.3918158670511533:0.895483299317692:0.2209441874101382:0.18363886893907727:0.07289910128770041,0.0036105893691013476
2,6,6,-1:0:3,3:1:0,12,12,5668.838577639555:4366.996379598619:3836.2452098730023:3608.3050265052793:2718.389189168787:2115.236585203843:2109.1694765720085:20.167704780953226:15.911909433009008:11.044354193962686:9.65083322748784:9.554831178555965:1.068073310881236:0.33040459869421906:0.3087548059323841:0.0984115072169659,0.0031872871757597674
2,6,6,0:0:3,3:0:0,16,12,4774.186933397547:4774.119245499285:4774.11924549928:4772.302615707386:4772.302615707383:4695.722787295598:4695.722787295596:17.68094253780556:17.28455471937919:17.28455471937889:15.02198386138093:15.021983861380896:1.1205733967597133:0.3881052323988958:0.3881052323986147:0.11064566143440281,0.0029368618302295373
2,6,6,1:0:3,3:1:0,12,12,5668.838577639554:4366.996379598618:3836.2452098730023:3608.30502650528:2718.3891891687877:2115.236585203843:2109.1694765720085:20.167704780953237:15.911909433009091:11.044354193962688:9.65083322748761:9.554831178555943:1.0680733108812146:0.33040459869425504:0.30875480593237226:0.09841150721681813,0.003187287175759764
2,6,6,2:0:3,3:2:0,8,12,3510.1868610325396:3214.309244234438:1773.3263831813356:1747.5686242932418:1211.0948694968924:402.9798615798229:399.5483075304786:13.808577423559683:11.73742343796202:6.787741238576027:3.5406561393360483:3.3918158670509313:0.8954832993177156:0.220944187410146:0.1836388689391136:0.07289910128764254,0.003610589369101345
2,6,6,3:0:3,3:3:0,4,13,1810.8592812624017:1747.0864218221004:729.9706464413553:538.5326519542747:343.4485612891743:76.70398490101392:73.62013961083788:7.790302478523351:6.928259282555704:3.582992868635738:1.1881436462567736:1.1543284096237307:0.6624370491834125:0.13357986289654414:0.0991305149645804:0.049286566243730436,0.0041383316094943555
2,6,6,-3:1:3,3:3:1,3,13,1614.413612710999:1548.3872969471486:609.3213810930691:440.75998857392864:282.77937130320015:59.673791545067175:56.91631253286743:7.088907938752305:6.277625033509465:3.1807500710279553:1.002262267469643:0.9974775764314524:0.6180296561633036:0.1227984139969848:0.089495472875693:0.046071039467457636,0.004250397931982985
2,6,6,-2:1:3,3:2:1,6,12,2998.5757802772796:2874.474124648094:1512.1527215173332:1348.707431991894:892.2630149704715:268.5274681236108:264.7941010819017:12.12569609971239:10.535412543779465:5.942159398877141:2.7275951146216904:2.5935447414448136:0.8440548457070646:0.1971098851303641:0.15943423088382663:0.06681765106728453,0.0037182560295004516
2,6,6,-1:1:3,3:1:1,9,12,4898.448181304322:3966.761679679734:2980.040971357385:2496.9669320016296:2302.989752100344:1103.44050980783:1100.446777000717:18.091898760734324:14.4708802728188:9.09006203591758:6.599661883453476:6.4689169284122725:1.008825808223656:0.2855497476029186:0.2542922765474168:0.08837298566786596,0.0033586685364146523
2,6,6,0:1:3,3:1:0,12,12,5668.838577639555:4366.996379598622:3836.245209873003:3608.30502650528:2718.3891891687877:2115.236585203843:2109.169476572008:20.167704780953272:15.911909433008988:11.044354193962645:9.650833227487736:9.554831178555961:1.068073310881173:0.3304045986942069:0.30875480593225274:0.09841150721672094,0.0031872871757597635
2,6,6,1:1:3,3:1:1,9,12,4898.448181304323:3966.761679679734:2980.040971357385:2496.9669320016296:2302.9897521003445:1103.4405098078307:1100.446777000717:18.091898760734217:14.470880272818851:9.090062035917633:6.599661883453398:6.468916928412202:1.008825808223522:0.2855497476029396:0.2542922765473503:0.08837298566797101,0.0033586685364146436
2,6,6,2:1:3,3:2:1,6,12,2998.575780277277:2874.474124648093:1512.152721517333:1348.7074319918936:892.2630149704715:268.52746812361084:264.7941010819015:12.125696099712394:10.535412543779483:5.9421593988771075:2.7275951146217756:2.5935447414447648:0.8440548457070428:0.1971098851303916:0.15943423088381772:0.06681765106728493,0.0037182560295004555
2,6,6,3:1:3,3:3:1,3,13,1614.4136127109996:1548.387296947149:609.3213810930691:440.7599885739287:282.7793713032001:59.67379154506718:56.91631253286744:7.088907938752337:6.277625033509509:3.180750071027943:1.0022622674696138:0.9974775764314714:0.6180296561632883:0.12279841399698961:0.08949547287567398:0.046071039467455915,0.0042503979319830016
2,6,6,-3:2:3,3:3:2,2,13,1155.0106200519606:1100.6508402792508:367.0917661655811:256.0825964170899:168.119971299961:30.937277861842606:29.044796185007645:5.490347158203071:4.75044729087723:2.2748772210780386:0.7318998631518818:0.6393409018457435:0.4771585629831095:0.09765188387238387:0.06775339998452727:0.038213675759706,0.004613080225583556
2,6,6,-2:2:3,3:2:2,4,12,2033.177839256552:1979.9365286345972:877.9822387721711:665.3028674666419:423.0480622225661:100.63267264745028:97.23510568261847:8.609830624215192:7.667559354663341:4.049602976825242:1.4264647713002279:1.3652314674732444:0.7061011488622589:0.1459814599152039:0.11043224747689229:0.0528873650883929,0.004030193129812264
2,6,6,-1:2:3,3:2:1,6,12,2998.5757802772787:2874.474124648093:1512.1527215173335:1348.7074319918938:892.2630149704711:268.52746812361084:264.79410108190154:12.125696099712329:10.5354125437795:5.942159398877117:2.72759511462175:2.5935447414448496:0.8440548457070347:0.1971098851304261:0.15943423088385675:0.06681765106732443,0.0037182560295004503
2,6,6,0:2:3,3:2:0,8,12,3510.186861032542:3214.3092442344378:1773.3263831813344:1747.5686242932416:1211.0948694968927:402.9798615798233:399.54830753047855:13.808577423559672:11.737423437962041:6.787741238576035:3.5406561393360336:3.39181586705092:0.895483299317683:0.2209441874101369:0.18363886893912862:0.07289910128771594,0.003610589369101345
2,6,6,1:2:3,3:2:1,6,12,2998.5757802772778:2874.474124648094:1512.1527215173335:1348.7074319918945:892.2630149704713:268.527468123611:264.79410108190103:12.125696099712373:10.535412543779534:5.942159398877133:2.7275951146217636:2.5935447414448203:0.8440548457070198:0.19710988513038719:0.15943423088386444:0.06681765106720605,0.0037182560295004616
2,6,6,2:2:3,3:2:2,4,12,2033.177839256552:1979.9365286345972:877.9822387721708:665.3028674666425:423.0480622225662:100.63267264745026:97.23510568261845:8.609830624215139:7.667559354663395:4.049602976825287:1.4264647713002558:1.3652314674731791:0.7061011488621974:0.14598145991525976:0.11043224747686663:0.05288736508840276,0.004030193129812266
2,6,6,3:2:3,3:3:2,2,13,1155.0106200519597:1100.65084027925:367.091766165581:256.0825964170901:168.11997129996107:30.93727786184252:29.0447961850076:5.490347158203062:4.750447290877271:2.274877221078022:0.7318998631518899:0.6393409018457434:0.47715856298308784:0.09765188387237642:0.06775339998453672:0.038213675759703886,0.004613080225583567
2,6,6,-3:3:3,3:3:3,1,13,689.2243632052571:659.376283295409:178.78527125789293:120.4885786076813:81.33685081526617:12.936114325911111:11.937347952091388:3.835091138204035:3.1482645928122883:1.3992223544468494:0.5638112417688024:0.34906657852779066:0.2887600341692401:0.07071434140395687:0.04576433244381462:0.02909954485941065,0.005304984251541278
2,6,6,-2:3:3,3:3:2,2,13,1155.01062005196:1100.6508402792495:367.091766165581:256.0825964170899:168.11997129996095:30.937277861842585:29.044796185007616:5.490347158203042:4.7504472908772595:2.27487722107802:0.7318998631518772:0.6393409018457651:0.4771585629830782:0.09765188387238431:0.0677533999845454:0.03821367575971647,0.004613080225583555
2,6,6,-1:3:3,3:3:1,3,13,1614.4136127109987:1548.3872969471495:609.3213810930692:440.759988573929:282.77937130320015:59.67379154506724:56.91631253286748:7.088907938752289:6.277625033509528:3.180750071027957:1.0022622674696262:0.9974775764314804:0.6180296561632981:0.1227984139969817:0.08949547287565457:0.04607103946744167,0.0042503979319829955
2,6,6,0:3:3,3:3:0,4,13,1810.8592812624013:1747.0864218221006:729.9706464413549:538.5326519542747:343.4485612891744:76.70398490101387:73.62013961083787:7.790302478523356:6.928259282555704:3.5829928686357406:1.18814364625676:1.1543284096237878:0.6624370491834004:0.1335798628965413:0.09913051496458408:0.04928656624373167,0.004138331609494359
2,6,6,1:3:3,3:3:1,3,13,1614.413612710999:1548.3872969471483:609.3213810930691:440.75998857392864:282.7793713032001:59.67379154506726:56.916312532867444:7.088907938752319:6.2776250335095245:3.1807500710279673:1.0022622674696178:0.997477576431477:0.6180296561632955:0.12279841399698106:0.08949547287569669:0.04607103946738878,0.004250397931983006
2,6,6,2:3:3,3:3:2,2,13,1155.0106200519601:1100.6508402792497:367.0917661655809:256.08259641709014:168.11997129996107:30.937277861842528:29.044796185007616:5.4903471582030985:4.750447290877248:2.2748772210780244:0.7318998631518999:0.6393409018457565:0.4771585629830944:0.09765188387239328:0.06775339998453668:0.03821367575970051,0.0046130802255835756
2,6,6,3:3:3,3:3:3,1,13,689.2243632052573:659.376283295409:178.78527125789293:120.48857860768125:81.33685081526615:12.9361143259111:11.93734795209137:3.8350911382040493:3.1482645928122923:1.3992223544468518:0.5638112417688068:0.34906657852779277:0.28876003416923923:0.07071434140395617:0.04576433244380405:0.029099544859394595,0.005304984251541291
3,6,6,-3:-3:-5,5:3:3,18,12,8644.763605216991:8629.528308001361:4146.34914571758:3350.15866020152:2136.89390560821:569.5835180301129:556.0236757849875:23.785622864067598:21.68413795528862:11.691543684416967:4.811873798570798:4.439532329797264:1.103596729488612:0.3054957266915572:0.23358976936728235:0.09816853927169165,0.0025799808189835047
3,6,6,-2:-3:-5,5:3:2,36,12,11229.474687100108:10622.319522162192:5682.6899609715965:5224.944977216121:3487.3850492631386:1086.4643639551014:1073.209976938149:29.82492226281179:26.301861446591506:14.736958140328587:7.342975371310158:6.891536982821665:1.2209179888359118:0.3692367480541522:0.29405144383805215:0.11243453551491867,0.002464758854740446
3,6,6,-1:-3:-5,5:3:1,42,12,13366.441656572499:11968.96945145856:6936.713188038957:6702.365553656189:4920.226116227271:1720.5762465512107:1708.7535663556666:34.572518684941834:29.531875538202698:17.01240547727733:9.852146240250445:9.383535520090442:1.3003863659242532:0.41873391034822643:0.34379990196339333:0.12278626673966403,0.00239082858043125
3,6,6,0:-3:-5,5:3:0,48,12,14196.27105419233:12441.34541663638:7637.649462412941:7047.99870972637:5569.664280733769:2037.4897803641459:2026.2142024414727:36.36533873731489:30.67870331241055:17.876711320170898:10.957856257901268:10.493640460137042:1.3283456613233133:0.437697925282961:0.3635850996862954:0.12660612018936235,0.0023644494115864054
3,6,6,1:-3:-5,5:3:1,42,12,13366.44165657251:11968.969451458557:6936.713188038954:6702.365553656191:4920.226116227267:1720.5762465512128:1708.753566355667:34.57251868494192:29.531875538202637:17.012405477277284:9.85214624025009:9.383535520090339:1.3003863659242:0.4187339103483351:0.34379990196341104:0.12278626674015998,0.0023908285804312463
3,6,6,2:-3:-5,5:3:2,36,12,11229.474687100097:10622.319522162197:5682.6899609716:5224.9449772161215:3487.3850492631373:1086.4643639551007:1073.209976938149:29.824922262811974:26.301861446591445:14.736958140328628:7.342975371310166:6.891536982821673:1.2209179888360406:0.36923674805423146:0.2940514438380105:0.11243453551505239,0.0024647588547404525
3,6,6,3:-3:-5,5:3:3,18,12,8644.763605216991:8629.528308001365:4146.34914571758:3350.1586602015213:2136.8939056082136:569.5835180301126:556.0236757849875:23.785622864067584:21.684137955288488:11.691543684417008:4.81187379857069:4.439532329796975:1.1035967294886202:0.3054957266913518:0.23358976936718298:0.09816853927167739,0.0025799808189834942
3,6,6,-3:-2:-5,5:3:2,36,12,11229.474687100108:10622.319522162186:5682.689960971598:5224.944977216123:3487.385049263141:1086.464363955101:1073.209976938149:29.824922262811903:26.30186144659133:14.736958140328598:7.3429753713101515:6.891536982821944:1.2209179888360968:0.3692367480540859:0.2940514438379447:0.11243453551469007,0.0024647588547404477
3,6,6,-2:-2:-5,5:2:2,72,12,15085.113373381866:12924.027766720268:8412.438251828133:7400.0535036615165:6330.316926745145:2435.497005227218:2424.6772144061124:38.25746947221775:31.855465400007713:18.81229071593465:12.24612216885081:11.793007590341201:1.356942757977808:0.45811476961225467:0.38537552557439597:0.13063550960377823,0.0023368152938197
3,6,6,-1:-2:-5,5:2:1,84,12,18033.41279933909:14423.034882688495:11205.358724853006:9585.230036490279:8452.649754580925:4452.541102749997:4441.051754448073:44.29843184735704:35.509655354946325:22.288412309406926:17.66789059471228:17.29055947592339:1.4450122467210673:0.5298077917927468:0.4664455769374112:0.14416543344686644,0.002242666152393033
3,6,6,0:-2:-5,5:2:0,96,12,19050.827557680277:14935.67968653405:12285.850070268141:10973.468234152595:8928.424287055594:5596.393346284315:5582.8098034113755:46.23941758194203:36.742924306843236:23.829802316440812:20.21942749306177:19.87374283177518:1.4741518542606136:0.557897242391051:0.5004472316350803:0.14922871167865107,0.0022055822282110935
3,6,6,1:-2:-5,5:2:1,84,12,18033.41279933909:14423.034882688491:11205.358724853015:9585.23003649028:8452.649754580925:4452.541102749999:4441.051754448073:44.2984318473573:35.50965535494654:22.288412309407228:17.66789059471194:17.290559475923494:1.4450122467209436:0.5298077917923504:0.4664455769372536:0.1441654334477486,0.002242666152393044
3,6,6,2:-2:-5,5:2:2,72,12,15085.113373381871:12924.027766720272:8412.438251828133:7400.053503661516:6330.316926745145:2435.497005227218:2424.677214406112:38.2574694722177:31.855465400007667:18.812290715934644:12.246122168850638:11.79300759034205:1.3569427579777753:0.4581147696118467:0.38537552557454563:0.13063550960371573,0.002336815293819702
3,6,6,3:-2:-5,5:3:2,36,12,11229.4746871001:10622.319522162188:5682.689960971599:5224.944977216121:3487.3850492631386:1086.4643639551005:1073.2099769381489:29.824922262811928:26.301861446591396:14.736958140328595:7.34297537131024:6.891536982821702:1.2209179888361603:0.3692367480542257:0.2940514438379937:0.11243453551494526,0.0024647588547404508
3,6,6,-3:-1:-5,5:3:1,42,12,13366.441656572499:11968.96945145856:6936.713188038953:6702.3655536561855:4920.226116227264:1720.5762465512114:1708.7535663556669:34.572518684941755:29.531875538202726:17.01240547727718:9.85214624025016:9.383535520090472:1.3003863659243304:0.4187339103485163:0.3437999019635305:0.12278626673979223,0.0023908285804312445
3,6,6,-2:-1:-5,5:2:1,84,12,18033.412799339098:14423.0348826885:11205.358724853013:9585.230036490282:8452.649754580923:4452.541102749999:4441.051754448074:44.298431847357:35.509655354946155:22.288412309407274:17.667890594712908:17.290559475923896:1.4450122467212705:0.5298077917926795:0.466445576937267:0.14416543344739777,0.0022426661523930426
3,6,6,-1:-1:-5,5:1:1,98,12,20799.405760599268:15972.740264271459:14608.760164042409:14121.717169401787:10395.972469827087:9313.51683479246:9263.265042655517:49.022017601181865:39.16947478314646:28.28395043386144:27.0867233631075:26.7102417974648:1.5284894151152184:0.6220230544233858:0.5839960333126261:0.1603457924093552,0.0021165606890784466
3,6,6,0:-1:-5,5:1:0,112,12,20992.49813391361:16494.486062168675:15812.192168392608:15672.962733606671:12467.602445959119:12380.257583748804:11685.235289362628:48.80870346904259:40.33816939907839:32.113147467157255:31.74939906576708:31.19415802443982:1.5512335567366933:0.6587824516322344:0.6364672437384205:0.16646568778205642,0.002061102242168044
3,6,6,1:-1:-5,5:1:1,98,12,20799.405760599268:15972.740264271453:14608.7601640424:14121.717169401785:10395.97246982709:9313.516834792461:9263.265042655514:49.0220176011819:39.16947478314694:28.28395043386174:27.08672336310643:26.710241797465365:1.5284894151153772:0.6220230544228545:0.5839960333113914:0.1603457924094118,0.0021165606890784514
3,6,6,2:-1:-5,5:2:1,84,12,18033.41279933909:14423.034882688491:11205.35872485301:9585.23003649028:8452.649754580927:4452.541102749993:4441.051754448073:44.29843184735721:35.509655354946666:22.28841230940696:17.667890594712823:17.29055947592357:1.4450122467212838:0.5298077917926562:0.4664455769373652:0.14416543344683516,0.00224266615239305
3,6,6,3:-1:-5,5:3:1,42,12,13366.441656572504:11968.969451458555:6936.713188038954:6702.365553656191:4920.226116227267:1720.5762465512112:1708.753566355666:34.57251868494182:29.53187553820293:17.01240547727755:9.852146240250205:9.383535520090339:1.3003863659243986:0.4187339103486398:0.34379990196351284:0.12278626673982931,0.0023908285804312575
3,6,6,-3:0:-5,5:3:0,48,12,14196.27105419233:12441.345416636377:7637.649462412943:7047.998709726368:5569.664280733767:2037.489780364145:2026.214202441473:36.365338737314936:30.678703312410768:17.87671132017091:10.957856257901051:10.49364046013737:1.328345661323494:0.43769792528292845:0.3635850996863695:0.12660612018933468,0.0023644494115864136
3,6,6,-2:0:-5,5:2:0,96,12,19050.827557680273:14935.67968653405:12285.85007026815:10973.4682341526:8928.424287055592:5596.393346284313:5582.8098034113755:46.23941758194244:36.74292430684334:23.82980231644041:20.219427493062163:19.873742831775267:1.474151854261194:0.5578972423912659:0.500447231635118:0.14922871167865515,0.0022055822282111047
3,6,6,-1:0:-5,5:1:0,112,12,20992.49813391361:16494.486062168668:15812.19216839261:15672.96273360667:12467.60244595912:12380.257583748804:11685.235289362628:48.808703469042285:40.33816939907844:32.11314746715731:31.749399065767324:31.19415802443981:1.5512335567364224:0.658782451632005:0.636467243738723:0.16646568778091192,0.002061102242168043
3,6,6,0:0:-5,5:0:0,128,12,17019.19779136572:17019.117474720322:17019.117474720286:17015.99426372692:17015.994263726912:16825.623733560093:16825.623733560085:41.90758829053421:41.46112026257604:41.46112026257547:37.56409134872822:37.56409134872784:1.5680958849353115:0.6992646573708724:0.6992646573702366:0.1730115500466346,0.001995386386548457
3,6,6,1:0:-5,5:1:0,112,12,20992.49813391361:16494.486062168675:15812.19216839261:15672.962733606668:12467.602445959119:12380.257583748802:11685.235289362628:48.80870346904218:40.33816939907839:32.113147467157404:31.74939906576736:31.194158024439883:1.5512335567362843:0.6587824516318495:0.6364672437387026:0.16646568778043658,0.0020611022421680425
3,6,6,2:0:-5,5:2:0,96,12,19050.827557680263:14935.679686534046:12285.850070268143:10973.468234152597:8928.42428705559:5596.393346284314:5582.809803411377:46.23941758194199:36.74292430684328:23.829802316440794:20.21942749306208:19.87374283177518:1.4741518542606997:0.5578972423913745:0.5004472316350109:0.14922871167859275,0.002205582228211097
3,6,6,3:0:-5,5:3:0,48,12,14196.271054192328:12441.345416636388:7637.649462412942:7047.998709726371:5569.664280733761:2037.4897803641454:2026.2142024414725:36.36533873731506:30.67870331241088:17.876711320170962:10.95785625790092:10.49364046013712:1.3283456613234927:0.4376979252829504:0.36358509968628056:0.12660612018926187,0.002364449411586417
3,6,6,-3:1:-5,5:3:1,42,12,13366.441656572499:11968.96945145856:6936.713188038953:6702.3655536561855:4920.226116227264:1720.5762465512114:1708.7535663556669:34.572518684941755:29.531875538202726:17.01240547727718:9.85214624025016:9.383535520090472:1.3003863659243304:0.4187339103485163:0.3437999019635305:0.12278626673979223,0.0023908285804312445
3,6,6,-2:1:-5,5:2:1,84,12,18033.412799339098:14423.0348826885:11205.358724853013:9585.230036490282:8452.649754580923:4452.541102749999:4441.051754448074:44.298431847357:35.509655354946155:22.288412309407274:17.667890594712908:17.290559475923896:1.4450122467212705:0.5298077917926795:0.466445576937267:0.14416543344739777,0.0022426661523930426
3,6,6,-1:1:-5,5:1:1,98,12,20799.405760599268:15972.740264271459:14608.760164042409:14121.717169401787:10395.972469827087:9313.51683479246:9263.265042655517:49.022017601181865:39.16947478314646:28.28395043386144:27.0867233631075:26.7102417974648:1.5284894151152184:0.6220230544233858:0.5839960333126261:0.1603457924093552,0.0021165606890784466
3,6,6,0:1:-5,5:1:0,112,12,20992.49813391361:16494.486062168675:15812.192168392608:15672.962733606671:12467.602445959119:12380.257583748804:11685.235289362628:48.80870346904259:40.33816939907839:32.113147467157255:31.74939906576708:31.19415802443982:1.5512335567366933:0.6587824516322344:0.6364672437384205:0.16646568778205642,0.002061102242168044
3,6,6,1:1:-5,5:1:1,98,12,20799.405760599268:15972.740264271453:14608.7601640424:14121.717169401785:10395.97246982709:9313.516834792461:9263.265042655514:49.0220176011819:39.16947478314694:28.28395043386174:27.08672336310643:26.710241797465365:1.5284894151153772:0.6220230544228545:0.5839960333113914:0.1603457924094118,0.0021165606890784514
3,6,6,2:1:-5,5:2:1,84,12,18033.41279933909:14423.034882688491:11205.35872485301:9585.23003649028:8452.649754580927:4452.541102749993:4441.051754448073:44.29843184735721:35.509655354946666:22.28841230940696:17.667890594712823:17.29055947592357:1.4450122467212838:0.5298077917926562:0.4664455769373652:0.14416543344683516,0.00224266615239305
3,6,6,3:1:-5,5:3:1,42,12,13366.441656572504:11968.969451458555:6936.713188038954:6702.365553656191:4920.226116227267:1720.5762465512112:1708.753566355666:34.57251868494182:29.53187553820293:17.01240547727755:9.852146240250205:9.383535520090339:1.3003863659243986:0.4187339103486398:0.34379990196351284:0.12278626673982931,0.0023908285804312575
3,6,6,-3:2:-5,5:3:2,36,12,11229.474687100108:10622.319522162186:5682.689960971598:5224.944977216123:3487.385049263141:1086.464363955101:1073.209976938149:29.824922262811903:26.30186144659133:14.736958140328598:7.3429753713101515:6.891536982821944:1.2209179888360968:0.3692367480540859:0.2940514438379447:0.11243453551469007,0.0024647588547404477
3,6,6,-2:2:-5,5:2:2,72,12,15085.113373381866:12924.027766720268:8412.438251828133:7400.0535036615165:6330.316926745145:2435.497005227218:2424.6772144061124:38.25746947221775:31.855465400007713:18.81229071593465:12.24612216885081:11.793007590341201:1.356942757977808:0.45811476961225467:0.38537552557439597:0.13063550960377823,0.0023368152938197
3,6,6,-1:2:-5,5:2:1,84,12,18033.41279933909:14423.034882688495:11205.358724853006:9585.230036490279:8452.649754580925:4452.541102749997:4441.051754448073:44.29843184735704:35.509655354946325:22.288412309406926:17.66789059471228:17.29055947592339:1.4450122467210673:0.5298077917927468:0.4664455769374112:0.14416543344686644,0.002242666152393033
3,6,6,0:2:-5,5:2:0,96,12,19050.827557680277:14935.67968653405:12285.850070268141:10973.468234152595:8928.424287055594:5596.393346284315:5582.8098034113755:46.23941758194203:36.742924306843236:23.829802316440812:20.21942749306177:19.87374283177518:1.4741518542606136:0.557897242391051:0.5004472316350803:0.14922871167865107,0.0022055822282110935
3,6,6,1:2:-5,5:2:1,84,12,18033.41279933909:14423.034882688491:11205.358724853015:9585.23003649028:8452.649754580925:4452.541102749999:4441.051754448073:44.2984318473573:35.50965535494654:22.288412309407228:17.66789059471194:17.290559475923494:1.4450122467209436:0.5298077917923504:0.4664455769372536:0.1441654334477486,0.002242666152393044
3,6,6,2:2:-5,5:2:2,72,12,15085.113373381871:12924.027766720272:8412.438251828133:7400.053503661516:6330.316926745145:2435.497005227218:2424.677214406112:38.2574694722177:31.855465400007667:18.812290715934644:12.246122168850638:11.79300759034205:1.3569427579777753:0.4581147696118467:0.38537552557454563:0.13063550960371573,0.002336815293819702
3,6,6,3:2:-5,5:3:2,36,12,11229.4746871001:10622.319522162188:5682.689960971599:5224.944977216121:3487.3850492631386:1086.4643639551005:1073.2099769381489:29.824922262811928:26.301861446591396:14.736958140328595:7.34297537131024:6.891536982821702:1.2209179888361603:0.3692367480542257:0.2940514438379937:0.11243453551494526,0.0024647588547404508
3,6,6,-3:3:-5,5:3:3,18,12,8644.763605216991:8629.528308001361:4146.34914571758:3350.15866020152:2136.89390560821:569.5835180301129:556.0236757849875:23.785622864067598:21.68413795528862:11.691543684416967:4.811873798570798:4.439532329797264:1.103596729488612:0.3054957266915572:0.23358976936728235:0.09816853927169165,0.0025799808189835047
3,6,6,-2:3:-5,5:3:2,36,12,11229.474687100108:10622.319522162192:5682.6899609715965:5224.944977216121:3487.3850492631386:1086.4643639551014:1073.209976938149:29.82492226281179:26.301861446591506:14.736958140328587:7.342975371310158:6.891536982821665:1.2209179888359118:0.3692367480541522:0.29405144383805215:0.11243453551491867,0.002464758854740446
3,6,6,-1:3:-5,5:3:1,42,12,13366.441656572499:11968.96945145856:6936.713188038957:6702.365553656189:4920.226116227271:1720.5762465512107:1708.7535663556666:34.572518684941834:29.531875538202698:17.01240547727733:9.852146240250445:9.383535520090442:1.3003863659242532:0.41873391034822643:0.34379990196339333:0.12278626673966403,0.00239082858043125
3,6,6,0:3:-5,5:3:0,48,12,14196.27105419233:12441.34541663638:7637.649462412941:7047.99870972637:5569.664280733769:2037.4897803641459:2026.2142024414727:36.36533873731489:30.67870331241055:17.876711320170898:10.957856257901268:10.493640460137042:1.3283456613233133:0.437697925282961:0.3635850996862954:0.12660612018936235,0.0023644494115864054
3,6,6,1:3:-5,5:3:1,42,12,13366.44165657251:11968.969451458557:6936.713188038954:6702.365553656191:4920.226116227267:1720.5762465512128:1708.753566355667:34.57251868494192:29.531875538202637:17.012405477277284:9.85214624025009:9.383535520090339:1.3003863659242:0.4187339103483351:0.34379990196341104:0.12278626674015998,0.0023908285804312463
3,6,6,2:3:-5,5:3:2,36,12,11229.474687100097:10622.319522162197:5682.6899609716:5224.9449772161215:3487.3850492631373:1086.4643639551007:1073.209976938149:29.824922262811974:26.301861446591445:14.736958140328628:7.342975371310166:6.891536982821673:1.2209179888360406:0.36923674805423146:0.2940514438380105:0.11243453551505239,0.0024647588547404525
3,6,6,3:3:-5,5:3:3,18,12,8644.763605216991:8629.528308001365:4146.34914571758:3350.1586602015213:2136.8939056082136:569.5835180301126:556.0236757849875:23.785622864067584:21.684137955288488:11.691543684417008:4.81187379857069:4.439532329796975:1.1035967294886202:0.3054957266913518:0.23358976936718298:0.09816853927167739,0.0025799808189834942
3,6,6,-3:-3:-4,4:3:3,36,11,26915.628861205518:25801.344416880096:10042.010937755673:7292.668035271621:4647.046538810674:981.3780292714079:933.995569223627:46.700476798185065:44.43719002832064:22.074608058539642:7.405072949482977:6.541272972842748:1.4389715706144843:0.4494241015670873:0.3132430357694399:0.1377947604857161,0.001739408080501347
3,6,6,-2:-3:-4,4:3:2,72,11,37259.33521389851:36626.12379841329:16858.82698836111:13140.641192462786:8302.392337600699:2086.740256350911:2024.3547497903207:62.848750859435214:59.05551696930224:31.048000746344012:12.31018144237266:11.058103092256921:1.6630930586092028:0.5730469932902106:0.4158938463133579:0.1621931905585678,0.0016306054102903271
3,6,6,-1:-3:-4,4:3:1,84,11,46249.972483184516:45297.8591036779:22969.101445731296:19573.08639165478:12632.726686147585:3623.2062928548758:3557.135384802729:77.15556151658753:70.62979228563854:38.40598825315583:17.740399349151645:16.238256111874865:1.8298521388842934:0.6768195540438313:0.507386775205243:0.1806147994538949,0.0015680163338875073
3,6,6,0:-3:-4,4:3:0,96,12,50281.979657007796:48301.98947149093:25319.98824370624:22527.293657225113:14776.924737936404:4455.098275820695:4389.958686147565:83.04681706499379:75.02755713184088:41.270783541417245:20.307872503500295:18.73630858421608:1.8917976470746458:0.7184631129445439:0.5456126875841012:0.1875734056997484,0.001546886368680657
3,6,6,1:-3:-4,4:3:1,84,11,46249.972483184516:45297.85910367791:22969.101445731292:19573.086391654764:12632.726686147584:3623.206292854878:3557.135384802726:77.15556151658778:70.62979228563805:38.405988253155925:17.740399349150984:16.23825611187364:1.8298521388834978:0.6768195540437602:0.507386775204237:0.18061479945492412,0.0015680163338875023
3,6,6,2:-3:-4,4:3:2,72,11,37259.3352138985:36626.12379841328:16858.82698836111:13140.641192462792:8302.392337600704:2086.740256350912:2024.3547497903241:62.84875085943523:59.055516969302495:31.048000746343885:12.31018144237287:11.058103092257202:1.663093058609649:0.5730469932898136:0.4158938463137792:0.1621931905585654,0.0016306054102903308
3,6,6,3:-3:-4,4:3:3,36,11,26915.628861205518:25801.344416880092:10042.010937755675:7292.66803527162:4647.046538810674:981.3780292714071:933.9955692236271:46.700476798185065:44.437190028320664:22.074608058539813:7.405072949483094:6.541272972843683:1.4389715706145294:0.44942410156713164:0.31324303576928925:0.13779476048617942,0.0017394080805013517
3,6,6,-3:-2:-4,4:3:2,72,11,37259.33521389852:36626.1237984133:16858.8269883611:13140.641192462792:8302.392337600702:2086.7402563509145:2024.3547497903237:62.84875085943474:59.05551696930235:31.048000746343742:12.310181442373176:11.058103092257792:1.6630930586095203:0.5730469932900077:0.41589384631340204:0.16219319055839784,0.001630605410290324
3,6,6,-2:-2:-4,4:2:2,144,12,54853.02599427804:51464.14327753326:27777.37799933748:26020.573939661892:17460.669107866837:5555.374839956191:5492.516193333262:89.61768224051232:79.70205749122564:44.38116098301548:23.432926528626265:21.809410157228683:1.9570719568596007:0.7645027043778184:0.5889690070997179:0.1950114395909053,0.001525260831752909
3,6,6,-1:-2:-4,4:2:1,168,12,72466.861792512:61803.00953079172:40719.32978909087:35459.566771812286:30777.175165575347:12000.441458053616:11948.534587751625:113.85387359143965:95.25093189206254:55.76991235490681:38.166855811341186:36.5961119638217:2.17120373146751:0.9365049770383045:0.7626081679927262:0.22075844281434656,0.001453952435266286
3,6,6,0:-2:-4,4:2:0,192,12,79630.28468422961:65483.0020716979:47321.411338144:38917.10442033669:37210.47938768488:16261.547602172897:16210.068681721952:123.25758366326748:100.8196155867582:60.70091663272693:45.99634860357917:44.545460166526155:2.246458742190233:1.0084972542772028:0.8417665255873348:0.23071693564526927,0.0014262903282717585
3,6,6,1:-2:-4,4:2:1,168,12,72466.86179251202:61803.00953079174:40719.3297890909:35459.56677181227:30777.175165575354:12000.441458053616:11948.534587751625:113.8538735914395:95.25093189206093:55.76991235490517:38.16685581134169:36.59611196382246:2.1712037314657686:0.936504977038802:0.762608167993361:0.22075844281315013,0.0014539524352662743
3,6,6,2:-2:-4,4:2:2,144,12,54853.02599427804:51464.14327753323:27777.377999337474:26020.57393966189:17460.669107866837:5555.374839956191:5492.516193333261:89.61768224051309:79.7020574912246:44.38116098301537:23.43292652862478:21.809410157228726:1.9570719568604231:0.7645027043788893:0.5889690070989292:0.19501143959077002,0.0015252608317529051
3,6,6,3:-2:-4,4:3:2,72,11,37259.33521389851:36626.12379841331:16858.826988361103:13140.641192462794:8302.392337600702:2086.7402563509117:2024.3547497903212:62.848750859434986:59.05551696930283:31.04800074634402:12.310181442373233:11.058103092256355:1.663093058609171:0.5730469932903419:0.4158938463133788:0.16219319055824932,0.0016306054102903308
3,6,6,-3:-1:-4,4:3:1,84,11,46249.9724831845:45297.85910367793:22969.10144573129:19573.08639165477:12632.72668614758:3623.2062928548744:3557.1353848027265:77.15556151658764:70.62979228563752:38.405988253155385:17.74039934915196:16.23825611187419:1.8298521388831197:0.6768195540440168:0.5073867752041429:0.1806147994545343,0.0015680163338874964
3,6,6,-2:-1:-4,4:2:1,168,12,72466.86179251199:61803.00953079176:40719.32978909091:35459.5667718123:30777.17516557536:12000.441458053625:11948.534587751627:113.85387359143917:95.25093189206106:55.769912354906296:38.16685581134188:36.59611196381677:2.171203731466571:0.9365049770385722:0.7626081679934967:0.2207584428152101,0.0014539524352662658
3,6,6,-1:-1:-4,4:1:1,196,12,94517.65232916016:73071.87596474291:63104.58637044644:58485.14841942315:44814.82635797129:33013.95992342809:32923.041489681105:141.17156419748565:112.07987700900797:74.95411976220764:69.99393447611796:68.69267970899186:2.3895571468453274:1.1832370094047853:1.0553290556408736:0.25324996481994194,0.0013586984406622528
3,6,6,0:-1:-4,4:1:0,224,12,99760.26276683403:76934.33273102187:71892.84260137391:70378.11428112694:52217.08226309645:50142.32965782467:49477.36492110933:145.42284710316116:117.53265547715944:89.40076316762895:88.77964400768174:85.38733169834863:2.4442442808562923:1.2902896670287947:1.2068501153197946:0.26607131612990564,0.0013137931019615375
3,6,6,1:-1:-4,4:1:1,196,12,94517.65232916013:73071.87596474295:63104.586370446435:58485.14841942317:44814.82635797131:33013.959923428105:32923.0414896811:141.17156419748744:112.07987700900689:74.95411976220602:69.99393447611727:68.69267970898392:2.3895571468484897:1.1832370094035554:1.0553290556407802:0.253249964821642,0.001358698440662236
3,6,6,2:-1:-4,4:2:1,168,12,72466.86179251196:61803.00953079176:40719.32978909087:35459.56677181229:30777.175165575354:12000.441458053618:11948.534587751621:113.85387359144036:95.25093189206206:55.76991235490591:38.16685581134363:36.5961119638175:2.1712037314665964:0.93650497703855:0.7626081679931455:0.22075844281556414,0.0014539524352662817
3,6,6,3:-1:-4,4:3:1,84,11,46249.972483184494:45297.85910367791:22969.101445731292:19573.086391654768:12632.72668614759:3623.206292854878:3557.1353848027243:77.15556151658737:70.62979228563695:38.405988253155115:17.740399349151584:16.23825611187471:1.8298521388826625:0.6768195540429134:0.5073867752036135:0.18061479945440598,0.0015680163338874886
3,6,6,-3:0:-4,4:3:0,96,12,50281.9796570078:48301.989471490946:25319.988243706244:22527.29365722511:14776.92473793641:4455.0982758206965:4389.9586861475655:83.04681706499403:75.0275571318399:41.27078354141721:20.307872503499325:18.736308584214317:1.8917976470751685:0.7184631129446386:0.5456126875844172:0.1875734056996828,0.0015468863686806456
3,6,6,-2:0:-4,4:2:0,192,12,79630.28468422961:65483.00207169792:47321.411338144004:38917.10442033671:37210.479387684885:16261.54760217288:16210.068681721963:123.2575836632678:100.81961558675766:60.70091663272678:45.99634860358058:44.545460166517756:2.24645874219015:1.0084972542766606:0.8417665255869856:0.23071693564634668,0.0014262903282717438
3,6,6,-1:0:-4,4:1:0,224,12,99760.26276683406:76934.33273102187:71892.84260137392:70378.11428112695:52217.08226309644:50142.329657824666:49477.36492110934:145.42284710316474:117.53265547715853:89.40076316762946:88.77964400768406:85.3873316983489:2.444244280857245:1.290289667029467:1.2068501153199307:0.26607131613565776,0.0013137931019615526
3,6,6,0:0:-4,4:0:0,256,12,80817.50096783096:80817.40145471194:80817.40145471181:80811.3265769876:80811.32657698757:80230.82606105837:80230.82606105835:123.21991719313228:122.68866383295283:122.68866383295101:115.10074602010214:115.10074602010107:2.4642430856758795:1.4143618155959845:1.4143618155917286:0.28013656441427875,0.001255741864465379
3,6,6,1:0:-4,4:1:0,224,12,99760.26276683403:76934.33273102186:71892.84260137391:70378.11428112695:52217.08226309644:50142.329657824666:49477.36492110933:145.4228471031649:117.53265547715925:89.40076316762892:88.77964400768361:85.38733169834899:2.4442442808571676:1.2902896670295225:1.2068501153190099:0.26607131613611057,0.0013137931019615537
3,6,6,2:0:-4,4:2:0,192,12,79630.2846842296:65483.002071697934:47321.411338144:38917.104420336706:37210.47938768488:16261.547602172894:16210.068681721967:123.25758366326792:100.81961558675982:60.70091663272685:45.996348603576585:44.54546016653042:2.2464587421902475:1.0084972542776707:0.8417665255880358:0.2307169356466622,0.0014262903282717706
3,6,6,3:0:-4,4:3:0,96,12,50281.97965700779:48301.98947149096:25319.988243706233:22527.293657225106:14776.92473793641:4455.098275820695:4389.958686147566:83.04681706499413:75.02755713183934:41.270783541417096:20.30787250349957:18.73630858421333:1.891797647075084:0.7184631129443751:0.5456126875843899:0.1875734056995626,0.0015468863686806406
3,6,6,-3:1:-4,4:3:1,84,11,46249.9724831845:45297.85910367793:22969.10144573129:19573.08639165477:12632.72668614758:3623.2062928548744:3557.1353848027265:77.15556151658764:70.62979228563752:38.405988253155385:17.74039934915196:16.23825611187419:1.8298521388831197:0.6768195540440168:0.5073867752041429:0.1806147994545343,0.0015680163338874964
3,6,6,-2:1:-4,4:2:1,168,12,72466.86179251199:61803.00953079176:40719.32978909091:35459.5667718123:30777.17516557536:12000.441458053625:11948.534587751627:113.85387359143917:95.25093189206106:55.769912354906296:38.16685581134188:36.59611196381677:2.171203731466571:0.9365049770385722:0.7626081679934967:0.2207584428152101,0.0014539524352662658
3,6,6,-1:1:-4,4:1:1,196,12,94517.65232916016:73071.87596474291:63104.58637044644:58485.14841942315:44814.82635797129:33013.95992342809:32923.041489681105:141.17156419748565:112.07987700900797:74.95411976220764:69.99393447611796:68.69267970899186:2.3895571468453274:1.1832370094047853:1.0553290556408736:0.25324996481994194,0.0013586984406622528
3,6,6,0:1:-4,4:1:0,224,12,99760.26276683403:76934.33273102187:71892.84260137391:70378.11428112694:52217.08226309645:50142.32965782467:49477.36492110933:145.42284710316116:117.53265547715944:89.40076316762895:88.77964400768174:85.38733169834863:2.4442442808562923:1.2902896670287947:1.2068501153197946:0.26607131612990564,0.0013137931019615375
3,6,6,1:1:-4,4:1:1,196,12,94517.65232916013:73071.87596474295:63104.586370446435:58485.14841942317:44814.82635797131:33013.959923428105:32923.0414896811:141.17156419748744:112.07987700900689:74.95411976220602:69.99393447611727:68.69267970898392:2.3895571468484897:1.1832370094035554:1.0553290556407802:0.253249964821642,0.001358698440662236
3,6,6,2:1:-4,4:2:1,168,12,72466.86179251196:61803.00953079176:40719.32978909087:35459.56677181229:30777.175165575354:12000.441458053618:11948.534587751621:113.85387359144036:95.25093189206206:55.76991235490591:38.16685581134363:36.5961119638175:2.1712037314665964:0.93650497703855:0.7626081679931455:0.22075844281556414,0.0014539524352662817
3,6,6,3:1:-4,4:3:1,84,11,46249.972483184494:45297.85910367791:22969.101445731292:19573.086391654768:12632.72668614759:3623.206292854878:3557.1353848027243:77.15556151658737:70.62979228563695:38.405988253155115:17.740399349151584:16.23825611187471:1.8298521388826625:0.6768195540429134:0.5073867752036135:0.18061479945440598,0.0015680163338874886
3,6,6,-3:2:-4,4:3:2,72,11,37259.33521389852:36626.1237984133:16858.8269883611:13140.641192462792:8302.392337600702:2086.7402563509145:2024.3547497903237:62.84875085943474:59.05551696930235:31.048000746343742:12.310181442373176:11.058103092257792:1.6630930586095203:0.5730469932900077:0.41589384631340204:0.16219319055839784,0.001630605410290324
3,6,6,-2:2:-4,4:2:2,144,12,54853.02599427804:51464.14327753326:27777.37799933748:26020.573939661892:17460.669107866837:5555.374839956191:5492.516193333262:89.61768224051232:79.70205749122564:44.38116098301548:23.432926528626265:21.809410157228683:1.9570719568596007:0.7645027043778184:0.5889690070997179:0.1950114395909053,0.001525260831752909
3,6,6,-1:2:-4,4:2:1,168,12,72466.861792512:61803.00953079172:40719.32978909087:35459.566771812286:30777.175165575347:12000.441458053616:11948.534587751625:113.85387359143965:95.25093189206254:55.76991235490681:38.166855811341186:36.5961119638217:2.17120373146751:0.9365049770383045:0.7626081679927262:0.22075844281434656,0.001453952435266286
3,6,6,0:2:-4,4:2:0,192,12,79630.28468422961:65483.0020716979:47321.411338144:38917.10442033669:37210.47938768488:16261.547602172897:16210.068681721952:123.25758366326748:100.8196155867582:60.70091663272693:45.99634860357917:44.545460166526155:2.246458742190233:1.0084972542772028:0.8417665255873348:0.23071693564526927,0.0014262903282717585
3,6,6,1:2:-4,4:2:1,168,12,72466.86179251202:61803.00953079174:40719.3297890909:35459.56677181227:30777.175165575354:12000.441458053616:11948.534587751625:113.8538735914395:95.25093189206093:55.76991235490517:38.16685581134169:36.59611196382246:2.1712037314657686:0.936504977038802:0.762608167993361:0.22075844281315013,0.0014539524352662743
3,6,6,2:2:-4,4:2:2,144,12,54853.02599427804:51464.14327753323:27777.377999337474:26020.57393966189:17460.669107866837:5555.374839956191:5492.516193333261:89.61768224051309:79.7020574912246:44.38116098301537:23.43292652862478:21.809410157228726:1.9570719568604231:0.7645027043788893:0.5889690070989292:0.19501143959077002,0.0015252608317529051
3,6,6,3:2:-4,4:3:2,72,11,37259.33521389851:36626.12379841331:16858.826988361103:13140.641192462794:8302.392337600702:2086.7402563509117:2024.3547497903212:62.848750859434986:59.05551696930283:31.04800074634402:12.310181442373233:11.058103092256355:1.663093058609171:0.5730469932903419:0.4158938463133788:0.16219319055824932,0.0016306054102903308
3,6,6,-3:3:-4,4:3:3,36,11,26915.628861205518:25801.344416880096:10042.010937755673:7292.668035271621:4647.046538810674:981.3780292714079:933.995569223627:46.700476798185065:44.43719002832064:22.074608058539642:7.405072949482977:6.541272972842748:1.4389715706144843:0.4494241015670873:0.3132430357694399:0.1377947604857161,0.001739408080501347
3,6,6,-2:3:-4,4:3:2,72,11,37259.33521389851:36626.12379841329:16858.82698836111:13140.641192462786:8302.392337600699:2086.740256350911:2024.3547497903207:62.848750859435214:59.05551696930224:31.048000746344012:12.31018144237266:11.058103092256921:1.6630930586092028:0.5730469932902106:0.4158938463133579:0.1621931905585678,0.0016306054102903271
3,6,6,-1:3:-4,4:3:1,84,11,46249.972483184516:45297.8591036779:22969.101445731296:19573.08639165478:12632.726686147585:3623.2062928548758:3557.135384802729:77.15556151658753:70.62979228563854:38.40598825315583:17.740399349151645:16.238256111874865:1.8298521388842934:0.6768195540438313:0.507386775205243:0.1806147994538949,0.0015680163338875073
3,6,6,0:3:-4,4:3:0,96,12,50281.979657007796:48301.98947149093:25319.98824370624:22527.293657225113:14776.924737936404:4455.098275820695:4389.958686147565:83.04681706499379:75.02755713184088:41.270783541417245:20.307872503500295:18.73630858421608:1.8917976470746458:0.7184631129445439:0.5456126875841012:0.1875734056997484,0.001546886368680657
3,6,6,1:3:-4,4:3:1,84,11,46249.972483184516:45297.85910367791:22969.101445731292:19573.086391654764:12632.726686147584:3623.206292854878:3557.135384802726:77.15556151658778:70.62979228563805:38.405988253155925:17.740399349150984:16.23825611187364:1.8298521388834978:0.6768195540437602:0.507386775204237:0.18061479945492412,0.0015680163338875023
3,6,6,2:3:-4,4:3:2,72,11,37259.3352138985:36626.12379841328:16858.82698836111:13140.641192462792:8302.392337600704:2086.740256350912:2024.3547497903241:62.84875085943523:59.055516969302495:31.048000746343885:12.31018144237287:11.058103092257202:1.663093058609649:0.5730469932898136:0.4158938463137792:0.1621931905585654,0.0016306054102903308
3,6,6,3:3:-4,4:3:3,36,11,26915.628861205518:25801.344416880092:10042.010937755675:7292.66803527162:4647.046538810674:981.3780292714071:933.9955692236271:46.700476798185065:44.437190028320664:22.074608058539813:7.405072949483094:6.541272972843683:1.4389715706145294:0.44942410156713164:0.31324303576928925:0.13779476048617942,0.0017394080805013517
3,6,6,-3:-5:-3,5:3:3,18,10,23066.72004381509:22615.129054218036:4412.118409932816:2802.130761071186:1857.6058310390922:253.02368602747305:227.77370035272622:37.84111943640405:33.40561479306897:12.27187446484508:3.0103427170657664:2.662993575135868:1.1758760409397004:0.31971764823651566:0.18706260102287828:0.11566246686983131,0.0015899901358843525
3,6,6,-2:-5:-3,5:3:2,36,10,33315.13661305367:32426.03600614566:6748.846749652918:4378.530660201492:2929.497612676112:409.7749588682206:369.9232804034196:48.95858929981282:44.04454489599532:16.774542690394572:4.224252640689083:3.657230285711838:1.343577009022105:0.38665410278634166:0.22963888310765498:0.13287481865141365,0.0014426527669899854
3,6,6,-1:-5:-3,5:3:1,42,10,42312.46638325801:40986.28707109578:8967.740390032915:5899.269799751901:3962.1497489772855:567.2617440791407:513.5277253912566:57.97567736258021:52.81662775107:20.65438777149805:5.305303305674531:4.54831650485346:1.465012846904407:0.4386452686142857:0.2632579999811706:0.1452617858298836,0.001356614665823255
3,6,6,0:-5:-3,5:3:0,48,10,45979.073517513214:44464.36769180105:9916.427430834323:6554.4851499076585:4405.709569867463:636.7645183153995:577.1284232576593:61.50599521871929:56.28049811664134:22.22510964209139:5.752028148274264:4.917698992059017:1.5100331013306116:0.45856721830176267:0.27626165441772166:0.14981031862366387,0.0013283951842187264
3,6,6,1:-5:-3,5:3:1,42,10,42312.466383258026:40986.287071095816:8967.740390032915:5899.269799751904:3962.149748977287:567.2617440791402:513.527725391256:57.975677362580214:52.81662775106986:20.654387771498083:5.305303305674428:4.548316504853286:1.465012846904714:0.43864526861430914:0.2632579999819745:0.14526178582932397,0.0013566146658232526
3,6,6,2:-5:-3,5:3:2,36,10,33315.13661305366:32426.036006145652:6748.8467496529165:4378.530660201491:2929.497612676112:409.7749588682205:369.92328040341994:48.95858929981295:44.04454489599539:16.774542690394238:4.224252640689426:3.6572302857117194:1.3435770090222698:0.3866541027863771:0.22963888310816:0.13287481865052544,0.0014426527669899874
3,6,6,3:-5:-3,5:3:3,18,10,23066.72004381508:22615.129054218036:4412.118409932813:2802.1307610711865:1857.605831039091:253.02368602747268:227.77370035272628:37.84111943640422:33.40561479306909:12.271874464844958:3.010342717065991:2.6629935751359843:1.1758760409397524:0.3197176482364925:0.18706260102283884:0.11566246686979556,0.001589990135884359
3,6,6,-3:-4:-3,4:3:3,36,10,45979.07351751323:44464.36769180108:9916.427430834321:6554.485149907665:4405.70956986746:636.7645183153984:577.1284232576597:61.50599521871958:56.28049811664146:22.225109642091503:5.7520281482751905:4.917698992059564:1.5100331013304857:0.45856721830172126:0.27626165441793327:0.14981031862335592,0.0013283951842187319
3,6,6,-2:-4:-3,4:3:2,72,10,71663.95928943597:68728.18515749495:17286.789908498205:11710.2581505863:7854.874278934107:1212.767620798871:1108.5824835680305:84.6756950405279:79.32679144542294:33.18131856347809:9.013980540387536:7.63336578829768:1.7808741932157746:0.5848626066050661:0.3602027195974934:0.17650035405218933,0.0011914830359858071
3,6,6,-1:-4:-3,4:3:1,84,10,95863.65922712229:91537.3553235445:25415.21768617986:17484.258088422925:11627.637120921285:1909.1487567939987:1759.166372978289:104.96820204584681:99.7887503847419:43.56339647921902:12.348754349188587:10.44266239426292:1.993373272883241:0.6908894393642316:0.43262425978375624:0.19655595849902138,0.001113518546665397
3,6,6,0:-4:-3,4:3:0,96,10,106089.76545171288:101189.37865421743:29205.065889920763:20201.50524959729:13374.26125892008:2253.100958692689:2083.0135755578713:113.28799659454752:108.20579422777196:47.99103812004771:13.847398291484337:11.715938624154473:2.075605444897217:0.7334397855814503:0.4621828410453832:0.2041106818686302,0.0010884100676864662
3,6,6,1:-4:-3,4:3:1,84,10,95863.65922712226:91537.35532354444:25415.21768617986:17484.25808842292:11627.637120921283:1909.1487567939967:1759.166372978289:104.96820204584697:99.78875038474129:43.563396479220955:12.348754349186043:10.44266239426181:1.9933732728817988:0.6908894393645899:0.43262425978377006:0.1965559585024459,0.001113518546665397
3,6,6,2:-4:-3,4:3:2,72,10,71663.959289436:68728.18515749498:17286.7899084982:11710.258150586296:7854.874278934109:1212.7676207988718:1108.5824835680303:84.67569504052834:79.32679144542259:33.18131856347815:9.013980540389197:7.633365788297343:1.7808741932171688:0.5848626066049046:0.3602027195971397:0.1765003540515025,0.0011914830359858089
3,6,6,3:-4:-3,4:3:3,36,10,45979.073517513214:44464.36769180108:9916.427430834321:6554.485149907661:4405.709569867464:636.7645183153993:577.1284232576595:61.505995218719576:56.28049811664135:22.2251096420918:5.752028148275249:4.917698992059412:1.510033101330589:0.45856721830183245:0.27626165441737455:0.1498103186242005,0.001328395184218732
3,6,6,-5:-3:-3,5:3:3,18,10,23066.720043815087:22615.129054218032:4412.118409932814:2802.130761071185:1857.6058310390927:253.02368602747305:227.7737003527263:37.841119436404256:33.405614793069:12.271874464845029:3.0103427170657797:2.662993575136018:1.1758760409398012:0.3197176482364415:0.18706260102285088:0.11566246686991956,0.0015899901358843577
3,6,6,-4:-3:-3,4:3:3,36,10,45979.073517513214:44464.36769180106:9916.427430834321:6554.485149907658:4405.709569867466:636.7645183153994:577.1284232576586:61.50599521871974:56.280498116641084:22.225109642091507:5.752028148274969:4.917698992059006:1.5100331013307724:0.4585672183019266:0.27626165441771083:0.1498103186235772,0.00132839518421873
3,6,6,-3:-3:-3,3:3:3,81,10,86814.87439338816:83006.46958100173:22238.829296159805:15218.9265029237:10158.075790186931:1630.1108762904362:1497.588247883009:97.49778619102364:92.23917105718563:39.66740686786015:11.068517946356343:9.360225599821218:1.9172634311525276:0.6522544095239445:0.4060307313179714:0.18946251812168752,0.0011390908831312642
3,6,6,-2:-3:-3,3:3:2,126,10,145706.79297790566:138827.79556096968:45943.11030893814:32402.746695685306:21053.704411086386:3910.6750490670897:3660.7437671499133:144.85805270957567:140.0218317928516:65.43540681496665:20.241765653472065:17.221321811751956:2.367161304646512:0.8909597982989699:0.5740860178469015:0.23004472149020672,0.0010162770464845355
3,6,6,-1:-3:-3,3:3:1,147,10,203818.54477429093:195498.95768134738:76566.80683646332:55827.66658044304:35454.033778110315:7556.025709758201:7193.063005283036:191.37903757652577:185.57270650015434:91.93750684414171:31.73291854969048:27.38534407331028:2.7489407607650027:1.1132155159838544:0.7388007410063467:0.2622999472762957,0.00094976921990005
3,6,6,0:-3:-3,3:3:0,168,10,228670.8202453822:220651.0066029802:91849.11026579437:68233.89304497092:43077.7827555065:9718.011940899536:9312.529716241263:212.03398708691867:204.94984381198816:103.6025270635448:37.62928647708699:32.71974076145867:2.9030173685738148:1.2083888109799363:0.8118927987024523:0.2748857376665861,0.0009289490545892667
3,6,6,1:-3:-3,3:3:1,147,10,203818.54477429093:195498.95768134732:76566.80683646334:55827.66658044299:35454.03377811029:7556.025709758203:7193.063005283031:191.3790375765241:185.57270650015104:91.93750684414726:31.732918549687007:27.385344073310353:2.7489407607611014:1.1132155159830426:0.7388007410113439:0.26229994726586003,0.0009497692199000435
3,6,6,2:-3:-3,3:3:2,126,10,145706.79297790566:138827.79556096977:45943.11030893815:32402.746695685328:21053.70441108637:3910.6750490670784:3660.7437671499138:144.8580527095767:140.02183179284907:65.43540681496589:20.24176565347369:17.221321811749622:2.3671613046468285:0.8909597982972727:0.5740860178438504:0.23004472148970903,0.0010162770464845292
3,6,6,3:-3:-3,3:3:3,81,10,86814.87439338816:83006.46958100173:22238.829296159805:15218.926502923703:10158.075790186931:1630.1108762904366:1497.588247883009:97.4977861910237:92.23917105718547:39.66740686786098:11.068517946356385:9.360225599822495:1.9172634311516559:0.6522544095236331:0.40603073131840295:0.18946251812236897,0.0011390908831312662
3,6,6,4:-3:-3,4:3:3,36,10,45979.073517513214:44464.36769180106:9916.427430834321:6554.485149907658:4405.709569867466:636.7645183153994:577.1284232576586:61.50599521871974:56.280498116641084:22.225109642091507:5.752028148274969:4.917698992059006:1.5100331013307724:0.4585672183019266:0.27626165441771083:0.1498103186235772,0.00132839518421873
3,6,6,5:-3:-3,5:3:3,18,10,23066.72004381508:22615.129054218025:4412.118409932813:2802.130761071185:1857.6058310390927:253.0236860274724:227.7737003527261:37.84111943640436:33.40561479306899:12.271874464845046:3.0103427170657455:2.6629935751359683:1.1758760409399114:0.3197176482364738:0.18706260102287534:0.11566246686984695,0.001589990135884361
3,6,6,-5:-2:-3,5:3:2,36,10,33315.13661305367:32426.036006145656:6748.846749652917:4378.530660201492:2929.497612676111:409.7749588682207:369.9232804034194:48.95858929981278:44.04454489599546:16.77454269039452:4.22425264068873:3.657230285711876:1.3435770090222865:0.38665410278601503:0.22963888310769562:0.13287481865159453,0.0014426527669899863
3,6,6,-4:-2:-3,4:3:2,72,10,71663.95928943601:68728.185157495:17286.78990849819:11710.258150586302:7854.874278934112:1212.7676207988713:1108.5824835680312:84.67569504052773:79.3267914454228:33.18131856347904:9.013980540390392:7.633365788295495:1.7808741932160412:0.5848626066057492:0.3602027195978442:0.17650035405169112,0.0011914830359858076
3,6,6,-3:-2:-3,3:3:2,126,10,145706.79297790572:138827.7955609698:45943.11030893817:32402.746695685335:21053.70441108638:3910.6750490670884:3660.743767149913:144.85805270957624:140.0218317928512:65.43540681496732:20.241765653472363:17.22132181175377:2.367161304645425:0.8909597982986583:0.574086017843152:0.2300447214905973,0.0010162770464845372
3,6,6,-2:-2:-3,3:2:2,180,10,256796.9516558182:250125.43229997085:110613.21114510555:84321.90054460338:53085.77266709802:12757.229564873254:12310.950867171887:236.34671085370928:226.9336900133007:117.03813285245889:45.19975477406793:39.67182211591799:3.0736163810320574:1.317794974747391:0.8979166233798411:0.28860132712319136,0.0009087419135126051
3,6,6,-1:-2:-3,3:2:1,210,10,379072.91540246643:363228.6732786962:191062.12202643402:171051.5643768873:112206.39319016282:34111.691701740034:33621.895812539995:342.33236241658983:311.6992701255454:170.49537865461033:86.72254799268579:79.34830308515936:3.7057540758180356:1.7682608493414773:1.2772067534898526:0.3383971235741493,0.0008497363337410823
3,6,6,0:-2:-3,3:2:0,240,10,443855.98670940025:406218.8913304903:224143.03096892044:221645.40230771818:152481.71231269118:51236.92507119836:50785.733222585084:393.6136101931654:346.88612364520935:194.0150016813177:112.80967780442855:105.16425516661873:3.9616917386911434:1.9780123938536847:1.4698002702947204:0.35873812356522344,0.0008290861220954231
3,6,6,1:-2:-3,3:2:1,210,10,379072.91540246655:363228.6732786961:191062.12202643396:171051.56437688734:112206.39319016281:34111.69170174007:33621.89581253996:342.3323624165916:311.69927012555365:170.49537865460525:86.72254799269385:79.34830308516935:3.705754075812743:1.768260849336248:1.2772067534848754:0.338397123574556,0.0008497363337410948
3,6,6,2:-2:-3,3:2:2,180,10,256796.9516558182:250125.43229997097:110613.21114510552:84321.90054460341:53085.77266709801:12757.22956487325:12310.950867171898:236.34671085371005:226.9336900133023:117.03813285246028:45.199754774068126:39.67182211591553:3.0736163810363766:1.3177949747473297:0.8979166233846038:0.28860132711716807,0.0009087419135126095
3,6,6,3:-2:-3,3:3:2,126,10,145706.79297790572:138827.79556096983:45943.11030893813:32402.746695685342:21053.704411086368:3910.675049067073:3660.7437671499156:144.85805270957636:140.0218317928509:65.4354068149662:20.241765653472633:17.22132181174926:2.3671613046463587:0.8909597982977696:0.5740860178430958:0.23004472149083802,0.0010162770464845333
3,6,6,4:-2:-3,4:3:2,72,10,71663.95928943602:68728.185157495:17286.78990849819:11710.258150586296:7854.8742789341095:1212.7676207988723:1108.5824835680307:84.67569504052805:79.3267914454221:33.181318563478385:9.013980540390246:7.633365788296829:1.7808741932158256:0.5848626066053997:0.36020271959711836:0.1765003540527044,0.001191483035985804
3,6,6,5:-2:-3,5:3:2,36,10,33315.13661305366:32426.03600614565:6748.846749652917:4378.530660201493:2929.4976126761117:409.7749588682197:369.92328040341954:48.958589299812786:44.04454489599552:16.77454269039458:4.224252640689132:3.657230285711634:1.3435770090223198:0.3866541027870004:0.2296388831079091:0.13287481865057824,0.0014426527669899882
3,6,6,-5:-1:-3,5:3:1,42,10,42312.466383258026:40986.2870710958:8967.740390032914:5899.269799751899:3962.1497489772864:567.2617440791411:513.5277253912562:57.97567736258009:52.81662775106977:20.65438777149835:5.305303305674676:4.548316504853318:1.4650128469043187:0.4386452686140505:0.26325799998064636:0.14526178582974555,0.0013566146658232517
3,6,6,-4:-1:-3,4:3:1,84,10,95863.65922712228:91537.35532354453:25415.21768617986:17484.258088422917:11627.637120921285:1909.1487567940005:1759.1663729782904:104.96820204584694:99.78875038474204:43.5633964792193:12.348754349189898:10.44266239426271:1.9933732728842797:0.6908894393619076:0.4326242597829988:0.19655595849841206,0.0011135185466653993
3,6,6,-3:-1:-3,3:3:1,147,10,203818.5447742909:195498.95768134727:76566.80683646335:55827.66658044303:35454.033778110315:7556.0257097582:7193.063005283026:191.37903757652336:185.57270650015244:91.93750684413716:31.732918549685348:27.38534407330827:2.748940760759025:1.1132155159845691:0.7388007410089517:0.2622999472750853,0.000949769219900033
3,6,6,-2:-1:-3,3:2:1,210,10,379072.91540246655:363228.67327869614:191062.122026434:171051.5643768874:112206.39319016274:34111.69170174008:33621.89581253997:342.3323624165936:311.6992701255482:170.49537865460692:86.72254799269034:79.34830308516038:3.7057540758123895:1.768260849331636:1.2772067534847407:0.33839712357506474,0.0008497363337410888
3,6,6,-1:-1:-3,3:1:1,245,11,619563.1976813407:501415.77578530856:377719.3511566666:315517.34425115306:290845.0676971078:140644.36337411954:140240.9508460522:524.2878281196199:425.7592910225021:258.55347687518736:211.64384682358846:205.22214092664723:4.520889706847336:2.5460457117728494:2.0604779465266576:0.4073820947875671,0.0007803856509352383
3,6,6,0:-1:-3,3:1:0,280,12,716966.091801796:552069.0950983282:485789.25471359637:456467.9074962412:343321.57849295624:270100.084035773:269239.24247592967:587.097134606317:466.4594544693061:318.6338995687836:310.9284569100496:302.36321007811455:4.767226791494774:2.940090875745384:2.558918658987321:0.4369172721858658,0.0007470607040511431
3,6,6,1:-1:-3,3:1:1,245,11,619563.1976813409:501415.7757853089:377719.35115666647:315517.3442511533:290845.06769710773:140644.36337411948:140240.95084605223:524.2878281196276:425.7592910224927:258.5534768751874:211.64384682359832:205.2221409266584:4.520889706835225:2.5460457117731807:2.06047794652984:0.4073820947821243,0.0007803856509352435
3,6,6,2:-1:-3,3:2:1,210,10,379072.9154024665:363228.67327869625:191062.122026434:171051.56437688728:112206.39319016277:34111.691701740005:33621.895812539966:342.33236241659085:311.69927012554945:170.49537865460707:86.72254799268875:79.34830308516578:3.705754075817607:1.7682608493356655:1.2772067534966358:0.33839712357182555,0.0008497363337410882
3,6,6,3:-1:-3,3:3:1,147,10,203818.54477429093:195498.95768134735:76566.80683646332:55827.66658044303:35454.033778110315:7556.025709758209:7193.063005283032:191.37903757652222:185.5727065001511:91.9375068441391:31.73291854968973:27.38534407330708:2.7489407607609437:1.1132155159867052:0.7388007410105109:0.2622999472709334,0.0009497692199000308
3,6,6,4:-1:-3,4:3:1,84,10,95863.6592271223:91537.35532354447:25415.21768617984:17484.258088422932:11627.637120921288:1909.1487567939982:1759.1663729782879:104.96820204584715:99.7887503847423:43.56339647921878:12.34875434918858:10.442662394261758:1.993373272884403:0.690889439366218:0.4326242597815197:0.19655595850046753,0.0011135185466653998
3,6,6,5:-1:-3,5:3:1,42,10,42312.466383258004:40986.2870710958:8967.740390032915:5899.269799751899:3962.1497489772855:567.2617440791405:513.5277253912567:57.97567736257984:52.816627751070044:20.654387771498264:5.305303305674697:4.548316504853103:1.4650128469045476:0.4386452686135763:0.2632579999820528:0.1452617858285501,0.0013566146658232515
3,6,6,-5:0:-3,5:3:0,48,10,45979.07351751321:44464.367691801075:9916.42743083432:6554.485149907657:4405.709569867463:636.7645183153996:577.1284232576598:61.50599521871975:56.28049811664122:22.2251096420915:5.752028148274848:4.917698992059026:1.5100331013308381:0.4585672183018132:0.27626165441782125:0.1498103186236437,0.0013283951842187308
3,6,6,-4:0:-3,4:3:0,96,10,106089.7654517129:101189.37865421745:29205.065889920763:20201.50524959727:13374.26125892008:2253.100958692688:2083.0135755578717:113.28799659454738:108.20579422777085:47.99103812004759:13.847398291483998:11.715938624154736:2.075605444898014:0.733439785582091:0.46218284104562696:0.20411068186759637,0.0010884100676864603
3,6,6,-3:0:-3,3:3:0,168,10,228670.82024538223:220651.00660298023:91849.11026579441:68233.89304497092:43077.78275550639:9718.011940899536:9312.529716241259:212.03398708691978:204.94984381198836:103.60252706354423:37.629286477086914:32.719740761458496:2.9030173685718847:1.2083888109804768:0.811892798701345:0.2748857376654135,0.0009289490545892686
3,6,6,-2:0:-3,3:2:0,240,10,443855.9867094003:406218.8913304904:224143.03096892044:221645.40230771806:152481.7123126912:51236.92507119833:50785.733222585135:393.6136101931577:346.88612364523163:194.01500168132185:112.80967780444055:105.16425516662213:3.9616917386819206:1.9780123938569671:1.469800270303635:0.3587381235667578,0.0008290861220954407
3,6,6,-1:0:-3,3:1:0,280,12,716966.0918017961:552069.0950983283:485789.2547135965:456467.90749624115:343321.57849295606:270100.08403577283:269239.24247592967:587.0971346063142:466.45945446931:318.63389956879143:310.92845691003134:302.3632100781291:4.767226791490322:2.940090875746488:2.558918659006271:0.43691727219094745,0.0007470607040511443
3,6,6,0:0:-3,3:0:0,320,12,603511.6964095671:603511.5646044072:603511.5646044062:603497.2107962363:603497.210796236:601052.5167738366:601052.5167738365:505.1849173659372:504.5019172500158:504.50191725000866:486.56397034161506:486.56397034160193:4.775139509915809:3.4466919792202244:3.4466919791942114:0.47112627799141465,0.0006975850985987465
3,6,6,1:0:-3,3:1:0,280,12,716966.091801796:552069.0950983282:485789.2547135965:456467.90749624115:343321.57849295606:270100.08403577283:269239.24247592967:587.0971346063143:466.4594544693015:318.6338995687767:310.9284569100581:302.36321007810454:4.767226791491751:2.9400908757464275:2.5589186590078126:0.4369172721896568,0.0007470607040511376
3,6,6,2:0:-3,3:2:0,240,10,443855.9867094003:406218.8913304903:224143.03096892056:221645.40230771812:152481.71231269118:51236.92507119832:50785.733222585106:393.61361019315757:346.8861236452018:194.01500168132353:112.80967780442786:105.16425516662224:3.9616917386809662:1.978012393855266:1.4698002703019124:0.3587381235671757,0.0008290861220954124
3,6,6,3:0:-3,3:3:0,168,10,228670.8202453821:220651.00660298023:91849.11026579443:68233.89304497094:43077.78275550637:9718.01194089953:9312.529716241263:212.0339870869198:204.9498438119831:103.60252706354424:37.62928647708493:32.7197407614588:2.903017368574586:1.2083888109802228:0.8118927987016229:0.27488573766575525,0.0009289490545892583
3,6,6,4:0:-3,4:3:0,96,10,106089.76545171285:101189.37865421745:29205.065889920766:20201.505249597278:13374.261258920074:2253.1009586926875:2083.013575557873:113.28799659454748:108.20579422777097:47.991038120047534:13.847398291484142:11.71593862415494:2.0756054448978354:0.7334397855811442:0.4621828410457984:0.20411068186759432,0.0010884100676864616
3,6,6,5:0:-3,5:3:0,48,10,45979.073517513214:44464.36769180107:9916.427430834321:6554.485149907655:4405.709569867465:636.7645183153999:577.1284232576597:61.505995218719676:56.28049811664142:22.225109642091486:5.752028148275371:4.917698992059143:1.510033101330812:0.4585672183018333:0.27626165441778056:0.14981031862366184,0.0013283951842187327
3,6,6,-5:1:-3,5:3:1,42,10,42312.466383258026:40986.2870710958:8967.740390032914:5899.269799751899:3962.1497489772864:567.2617440791411:513.5277253912562:57.97567736258009:52.81662775106977:20.65438777149835:5.305303305674676:4.548316504853318:1.4650128469043187:0.4386452686140505:0.26325799998064636:0.14526178582974555,0.0013566146658232517
3,6,6,-4:1:-3,4:3:1,84,10,95863.65922712228:91537.35532354453:25415.21768617986:17484.258088422917:11627.637120921285:1909.1487567940005:1759.1663729782904:104.96820204584694:99.78875038474204:43.5633964792193:12.348754349189898:10.44266239426271:1.9933732728842797:0.6908894393619076:0.4326242597829988:0.19655595849841206,0.0011135185466653993
3,6,6,-3:1:-3,3:3:1,147,10,203818.5447742909:195498.95768134727:76566.80683646335:55827.66658044303:35454.033778110315:7556.0257097582:7193.063005283026:191.37903757652336:185.57270650015244:91.93750684413716:31.732918549685348:27.38534407330827:2.748940760759025:1.1132155159845691:0.7388007410089517:0.2622999472750853,0.000949769219900033
3,6,6,-2:1:-3,3:2:1,210,10,379072.91540246655:363228.67327869614:191062.122026434:171051.5643768874:112206.39319016274:34111.69170174008:33621.89581253997:342.3323624165936:311.6992701255482:170.49537865460692:86.72254799269034:79.34830308516038:3.7057540758123895:1.768260849331636:1.2772067534847407:0.33839712357506474,0.0008497363337410888
3,6,6,-1:1:-3,3:1:1,245,11,619563.1976813407:501415.77578530856:377719.3511566666:315517.34425115306:290845.0676971078:140644.36337411954:140240.9508460522:524.2878281196199:425.7592910225021:258.55347687518736:211.64384682358846:205.22214092664723:4.520889706847336:2.5460457117728494:2.0604779465266576:0.4073820947875671,0.0007803856509352383
3,6,6,0:1:-3,3:1:0,280,12,716966.091801796:552069.0950983282:485789.25471359637:456467.9074962412:343321.57849295624:270100.084035773:269239.24247592967:587.097134606317:466.4594544693061:318.6338995687836:310.9284569100496:302.36321007811455:4.767226791494774:2.940090875745384:2.558918658987321:0.4369172721858658,0.0007470607040511431
3,6,6,1:1:-3,3:1:1,245,11,619563.1976813409:501415.7757853089:377719.35115666647:315517.3442511533:290845.06769710773:140644.36337411948:140240.95084605223:524.2878281196276:425.7592910224927:258.5534768751874:211.64384682359832:205.2221409266584:4.520889706835225:2.5460457117731807:2.06047794652984:0.4073820947821243,0.0007803856509352435
3,6,6,2:1:-3,3:2:1,210,10,379072.9154024665:363228.67327869625:191062.122026434:171051.56437688728:112206.39319016277:34111.691701740005:33621.895812539966:342.33236241659085:311.69927012554945:170.49537865460707:86.72254799268875:79.34830308516578:3.705754075817607:1.7682608493356655:1.2772067534966358:0.33839712357182555,0.0008497363337410882
3,6,6,3:1:-3,3:3:1,147,10,203818.54477429093:195498.95768134735:76566.80683646332:55827.66658044303:35454.033778110315:7556.025709758209:7193.063005283032:191.37903757652222:185.5727065001511:91.9375068441391:31.73291854968973:27.38534407330708:2.7489407607609437:1.1132155159867052:0.7388007410105109:0.2622999472709334,0.0009497692199000308
3,6,6,4:1:-3,4:3:1,84,10,95863.6592271223:91537.35532354447:25415.21768617984:17484.258088422932:11627.637120921288:1909.1487567939982:1759.1663729782879:104.96820204584715:99.7887503847423:43.56339647921878:12.34875434918858:10.442662394261758:1.993373272884403:0.690889439366218:0.4326242597815197:0.19655595850046753,0.0011135185466653998
3,6,6,5:1:-3,5:3:1,42,10,42312.466383258004:40986.2870710958:8967.740390032915:5899.269799751899:3962.1497489772855:567.2617440791405:513.5277253912567:57.97567736257984:52.816627751070044:20.654387771498264:5.305303305674697:4.548316504853103:1.4650128469045476:0.4386452686135763:0.2632579999820528:0.1452617858285501,0.0013566146658232515
3,6,6,-5:2:-3,5:3:2,36,10,33315.13661305367:32426.036006145656:6748.846749652917:4378.530660201492:2929.497612676111:409.7749588682207:369.9232804034194:48.95858929981278:44.04454489599546:16.77454269039452:4.22425264068873:3.657230285711876:1.3435770090222865:0.38665410278601503:0.22963888310769562:0.13287481865159453,0.0014426527669899863
3,6,6,-4:2:-3,4:3:2,72,10,71663.95928943601:68728.185157495:17286.78990849819:11710.258150586302:7854.874278934112:1212.7676207988713:1108.5824835680312:84.67569504052773:79.3267914454228:33.18131856347904:9.013980540390392:7.633365788295495:1.7808741932160412:0.5848626066057492:0.3602027195978442:0.17650035405169112,0.0011914830359858076
3,6,6,-3:2:-3,3:3:2,126,10,145706.79297790572:138827.7955609698:45943.11030893817:32402.746695685335:21053.70441108638:3910.6750490670884:3660.743767149913:144.85805270957624:140.0218317928512:65.43540681496732:20.241765653472363:17.22132181175377:2.367161304645425:0.8909597982986583:0.574086017843152:0.2300447214905973,0.0010162770464845372
3,6,6,-2:2:-3,3:2:2,180,10,256796.9516558182:250125.43229997085:110613.21114510555:84321.90054460338:53085.77266709802:12757.229564873254:12310.950867171887:236.34671085370928:226.9336900133007:117.03813285245889:45.19975477406793:39.67182211591799:3.0736163810320574:1.317794974747391:0.8979166233798411:0.28860132712319136,0.0009087419135126051
3,6,6,-1:2:-3,3:2:1,210,10,379072.91540246643:363228.6732786962:191062.12202643402:171051.5643768873:112206.39319016282:34111.691701740034:33621.895812539995:342.33236241658983:311.6992701255454:170.49537865461033:86.72254799268579:79.34830308515936:3.7057540758180356:1.7682608493414773:1.2772067534898526:0.3383971235741493,0.0008497363337410823
3,6,6,0:2:-3,3:2:0,240,10,443855.98670940025:406218.8913304903:224143.03096892044:221645.40230771818:152481.71231269118:51236.92507119836:50785.733222585084:393.6136101931654:346.88612364520935:194.0150016813177:112.80967780442855:105.16425516661873:3.9616917386911434:1.9780123938536847:1.4698002702947204:0.35873812356522344,0.0008290861220954231
3,6,6,1:2:-3,3:2:1,210,10,379072.91540246655:363228.6732786961:191062.12202643396:171051.56437688734:112206.39319016281:34111.69170174007:33621.89581253996:342.3323624165916:311.69927012555365:170.49537865460525:86.72254799269385:79.34830308516935:3.705754075812743:1.768260849336248:1.2772067534848754:0.338397123574556,0.0008497363337410948
3,6,6,2:2:-3,3:2:2,180,10,256796.9516558182:250125.43229997097:110613.21114510552:84321.90054460341:53085.77266709801:12757.22956487325:12310.950867171898:236.34671085371005:226.9336900133023:117.03813285246028:45.199754774068126:39.67182211591553:3.0736163810363766:1.3177949747473297:0.8979166233846038:0.28860132711716807,0.0009087419135126095
3,6,6,3:2:-3,3:3:2,126,10,145706.79297790572:138827.79556096983:45943.11030893813:32402.746695685342:21053.704411086368:3910.675049067073:3660.7437671499156:144.85805270957636:140.0218317928509:65.4354068149662:20.241765653472633:17.22132181174926:2.3671613046463587:0.8909597982977696:0.5740860178430958:0.23004472149083802,0.0010162770464845333
3,6,6,4:2:-3,4:3:2,72,10,71663.95928943602:68728.185157495:17286.78990849819:11710.258150586296:7854.8742789341095:1212.7676207988723:1108.5824835680307:84.67569504052805:79.3267914454221:33.181318563478385:9.013980540390246:7.633365788296829:1.7808741932158256:0.5848626066053997:0.36020271959711836:0.1765003540527044,0.001191483035985804
3,6,6,5:2:-3,5:3:2,36,10,33315.13661305366:32426.03600614565:6748.846749652917:4378.530660201493:2929.4976126761117:409.7749588682197:369.92328040341954:48.958589299812786:44.04454489599552:16.77454269039458:4.224252640689132:3.657230285711634:1.3435770090223198:0.3866541027870004:0.2296388831079091:0.13287481865057824,0.0014426527669899882
3,6,6,-5:3:-3,5:3:3,18,10,23066.720043815087:22615.129054218032:4412.118409932814:2802.130761071185:1857.6058310390927:253.02368602747305:227.7737003527263:37.841119436404256:33.405614793069:12.271874464845029:3.0103427170657797:2.662993575136018:1.1758760409398012:0.3197176482364415:0.18706260102285088:0.11566246686991956,0.0015899901358843577
3,6,6,-4:3:-3,4:3:3,36,10,45979.073517513214:44464.36769180106:9916.427430834321:6554.485149907658:4405.709569867466:636.7645183153994:577.1284232576586:61.50599521871974:56.280498116641084:22.225109642091507:5.752028148274969:4.917698992059006:1.5100331013307724:0.4585672183019266:0.27626165441771083:0.1498103186235772,0.00132839518421873
3,6,6,-3:3:-3,3:3:3,81,10,86814.87439338816:83006.46958100173:22238.829296159805:15218.9265029237:10158.075790186931:1630.1108762904362:1497.588247883009:97.49778619102364:92.23917105718563:39.66740686786015:11.068517946356343:9.360225599821218:1.9172634311525276:0.6522544095239445:0.4060307313179714:0.18946251812168752,0.0011390908831312642
3,6,6,-2:3:-3,3:3:2,126,10,145706.79297790566:138827.79556096968:45943.11030893814:32402.746695685306:21053.704411086386:3910.6750490670897:3660.7437671499133:144.85805270957567:140.0218317928516:65.43540681496665:20.241765653472065:17.221321811751956:2.367161304646512:0.8909597982989699:0.5740860178469015:0.23004472149020672,0.0010162770464845355
3,6,6,-1:3:-3,3:3:1,147,10,203818.54477429093:195498.95768134738:76566.80683646332:55827.66658044304:35454.033778110315:7556.025709758201:7193.063005283036:191.37903757652577:185.57270650015434:91.93750684414171:31.73291854969048:27.38534407331028:2.7489407607650027:1.1132155159838544:0.7388007410063467:0.2622999472762957,0.00094976921990005
3,6,6,0:3:-3,3:3:0,168,10,228670.8202453822:220651.0066029802:91849.11026579437:68233.89304497092:43077.7827555065:9718.011940899536:9312.529716241263:212.03398708691867:204.94984381198816:103.6025270635448:37.62928647708699:32.71974076145867:2.9030173685738148:1.2083888109799363:0.8118927987024523:0.2748857376665861,0.0009289490545892667
3,6,6,1:3:-3,3:3:1,147,10,203818.54477429093:195498.95768134732:76566.80683646334:55827.66658044299:35454.03377811029:7556.025709758203:7193.063005283031:191.3790375765241:185.57270650015104:91.93750684414726:31.732918549687007:27.385344073310353:2.7489407607611014:1.1132155159830426:0.7388007410113439:0.26229994726586003,0.0009497692199000435
3,6,6,2:3:-3,3:3:2,126,10,145706.79297790566:138827.79556096977:45943.11030893815:32402.746695685328:21053.70441108637:3910.6750490670784:3660.7437671499138:144.8580527095767:140.02183179284907:65.43540681496589:20.24176565347369:17.221321811749622:2.3671613046468285:0.8909597982972727:0.5740860178438504:0.23004472148970903,0.0010162770464845292
3,6,6,3:3:-3,3:3:3,81,10,86814.87439338816:83006.46958100173:22238.829296159805:15218.926502923703:10158.075790186931:1630.1108762904366:1497.588247883009:97.4977861910237:92.23917105718547:39.66740686786098:11.068517946356385:9.360225599822495:1.9172634311516559:0.6522544095236331:0.40603073131840295:0.18946251812236897,0.0011390908831312662
3,6,6,4:3:-3,4:3:3,36,10,45979.073517513214:44464.36769180106:9916.427430834321:6554.485149907658:4405.709569867466:636.7645183153994:577.1284232576586:61.50599521871974:56.280498116641084:22.225109642091507:5.752028148274969:4.917698992059006:1.5100331013307724:0.4585672183019266:0.27626165441771083:0.1498103186235772,0.00132839518421873
3,6,6,5:3:-3,5:3:3,18,10,23066.72004381508:22615.129054218025:4412.118409932813:2802.130761071185:1857.6058310390927:253.0236860274724:227.7737003527261:37.84111943640436:33.40561479306899:12.271874464845046:3.0103427170657455:2.6629935751359683:1.1758760409399114:0.3197176482364738:0.18706260102287534:0.11566246686984695,0.001589990135884361
3,6,6,-3:4:-3,4:3:3,36,10,45979.07351751323:44464.36769180108:9916.427430834321:6554.485149907665:4405.70956986746:636.7645183153984:577.1284232576597:61.50599521871958:56.28049811664146:22.225109642091503:5.7520281482751905:4.917698992059564:1.5100331013304857:0.45856721830172126:0.27626165441793327:0.14981031862335592,0.0013283951842187319
3,6,6,-2:4:-3,4:3:2,72,10,71663.95928943597:68728.18515749495:17286.789908498205:11710.2581505863:7854.874278934107:1212.767620798871:1108.5824835680305:84.6756950405279:79.32679144542294:33.18131856347809:9.013980540387536:7.63336578829768:1.7808741932157746:0.5848626066050661:0.3602027195974934:0.17650035405218933,0.0011914830359858071
3,6,6,-1:4:-3,4:3:1,84,10,95863.65922712229:91537.3553235445:25415.21768617986:17484.258088422925:11627.637120921285:1909.1487567939987:1759.166372978289:104.96820204584681:99.7887503847419:43.56339647921902:12.348754349188587:10.44266239426292:1.993373272883241:0.6908894393642316:0.43262425978375624:0.19655595849902138,0.001113518546665397
3,6,6,0:4:-3,4:3:0,96,10,106089.76545171288:101189.37865421743:29205.065889920763:20201.50524959729:13374.26125892008:2253.100958692689:2083.0135755578713:113.28799659454752:108.20579422777196:47.99103812004771:13.847398291484337:11.715938624154473:2.075605444897217:0.7334397855814503:0.4621828410453832:0.2041106818686302,0.0010884100676864662
3,6,6,1:4:-3,4:3:1,84,10,95863.65922712226:91537.35532354444:25415.21768617986:17484.25808842292:11627.637120921283:1909.1487567939967:1759.166372978289:104.96820204584697:99.78875038474129:43.563396479220955:12.348754349186043:10.44266239426181:1.9933732728817988:0.6908894393645899:0.43262425978377006:0.1965559585024459,0.001113518546665397
3,6,6,2:4:-3,4:3:2,72,10,71663.959289436:68728.18515749498:17286.7899084982:11710.258150586296:7854.874278934109:1212.7676207988718:1108.5824835680303:84.67569504052834:79.32679144542259:33.18131856347815:9.013980540389197:7.633365788297343:1.7808741932171688:0.5848626066049046:0.3602027195971397:0.1765003540515025,0.0011914830359858089
3,6,6,3:4:-3,4:3:3,36,10,45979.073517513214:44464.36769180108:9916.427430834321:6554.485149907661:4405.709569867464:636.7645183153993:577.1284232576595:61.505995218719576:56.28049811664135:22.2251096420918:5.752028148275249:4.917698992059412:1.510033101330589:0.45856721830183245:0.27626165441737455:0.1498103186242005,0.001328395184218732
3,6,6,-3:5:-3,5:3:3,18,10,23066.72004381509:22615.129054218036:4412.118409932816:2802.130761071186:1857.6058310390922:253.02368602747305:227.77370035272622:37.84111943640405:33.40561479306897:12.27187446484508:3.0103427170657664:2.662993575135868:1.1758760409397004:0.31971764823651566:0.18706260102287828:0.11566246686983131,0.0015899901358843525
3,6,6,-2:5:-3,5:3:2,36,10,33315.13661305367:32426.03600614566:6748.846749652918:4378.530660201492:2929.497612676112:409.7749588682206:369.9232804034196:48.95858929981282:44.04454489599532:16.774542690394572:4.224252640689083:3.657230285711838:1.343577009022105:0.38665410278634166:0.22963888310765498:0.13287481865141365,0.0014426527669899854
3,6,6,-1:5:-3,5:3:1,42,10,42312.46638325801:40986.28707109578:8967.740390032915:5899.269799751901:3962.1497489772855:567.2617440791407:513.5277253912566:57.97567736258021:52.81662775107:20.65438777149805:5.305303305674531:4.54831650485346:1.465012846904407:0.4386452686142857:0.2632579999811706:0.1452617858298836,0.001356614665823255
3,6,6,0:5:-3,5:3:0,48,10,45979.073517513214:44464.36769180105:9916.427430834323:6554.4851499076585:4405.709569867463:636.7645183153995:577.1284232576593:61.50599521871929:56.28049811664134:22.22510964209139:5.752028148274264:4.917698992059017:1.5100331013306116:0.45856721830176267:0.27626165441772166:0.14981031862366387,0.0013283951842187264
3,6,6,1:5:-3,5:3:1,42,10,42312.466383258026:40986.287071095816:8967.740390032915:5899.269799751904:3962.149748977287:567.2617440791402:513.527725391256:57.975677362580214:52.81662775106986:20.654387771498083:5.305303305674428:4.548316504853286:1.465012846904714:0.43864526861430914:0.2632579999819745:0.14526178582932397,0.0013566146658232526
3,6,6,2:5:-3,5:3:2,36,10,33315.13661305366:32426.036006145652:6748.8467496529165:4378.530660201491:2929.497612676112:409.7749588682205:369.92328040341994:48.95858929981295:44.04454489599539:16.774542690394238:4.224252640689426:3.6572302857117194:1.3435770090222698:0.3866541027863771:0.22963888310816:0.13287481865052544,0.0014426527669899874
3,6,6,3:5:-3,5:3:3,18,10,23066.72004381508:22615.129054218036:4412.118409932813:2802.1307610711865:1857.605831039091:253.02368602747268:227.77370035272628:37.84111943640422:33.40561479306909:12.271874464844958:3.010342717065991:2.6629935751359843:1.1758760409397524:0.3197176482364925:0.18706260102283884:0.11566246686979556,0.001589990135884359
3,6,6,-3:-5:-2,5:3:2,36,10,45333.83935489345:44712.35653294901:7101.253789931072:4096.339366775972:2509.9632981293817:325.5210290453234:292.87060604464205:59.62226907864742:50.03091584359134:15.636818873550945:3.6765234684955983:3.2249082930039323:1.3752120451457888:0.39210439375909817:0.2085798134489917:0.1430849302893993,0.0012381565972825847
3,6,6,-2:-5:-2,5:2:2,72,9,71329.2916295541:70758.45984671108:11520.12079938031:6759.490300469684:4202.950272106147:547.2945145686355:491.52699898337636:82.07853157631953:69.84894726069211:22.296279742655994:5.315890917719754:4.555801863877394:1.6112802532947839:0.48687207521391557:0.2613522497704192:0.16668691621811896,0.001087223768089416
3,6,6,-1:-5:-2,5:2:1,84,9,96546.92379862494:96182.69778692538:15967.994484867637:9488.415139227727:5962.433927931722:779.4033575907162:699.3402166240575:101.70840331758038:87.40847360881195:28.371209150339695:6.829091109550443:5.783219898632748:1.7916275138467317:0.5633398938801094:0.3044007916420242:0.18397997969744234,0.0009978717888001305
3,6,6,0:-5:-2,5:2:0,96,9,107442.65146476658:107207.01592179836:17933.287867618506:10706.58046309317:6753.913093234064:884.3276957416201:793.2821318105368:109.73145109612038:94.64146231312247:30.917221676369902:7.467732159911276:6.300703065549918:1.8605422693947522:0.5933047517532692:0.3213722398250208:0.19039805182952954,0.0009683067764991488
3,6,6,1:-5:-2,5:2:1,84,9,96546.92379862495:96182.69778692543:15967.994484867642:9488.415139227724:5962.433927931723:779.4033575907172:699.3402166240577:101.70840331758005:87.40847360881165:28.371209150340192:6.829091109549983:5.783219898632625:1.7916275138468487:0.5633398938802203:0.30440079164320427:0.18397997969564323,0.0009978717888001272
3,6,6,2:-5:-2,5:2:2,72,9,71329.2916295541:70758.45984671106:11520.120799380315:6759.49030046968:4202.950272106145:547.294514568635:491.5269989833766:82.07853157631905:69.84894726069173:22.29627974265426:5.315890917718424:4.555801863877785:1.611280253295156:0.4868720752141068:0.2613522497712312:0.1666869162173615,0.0010872237680894063
3,6,6,3:-5:-2,5:3:2,36,10,45333.839354893455:44712.35653294901:7101.253789931069:4096.33936677597:2509.9632981293817:325.52102904532285:292.87060604464205:59.62226907864747:50.03091584359145:15.63681887355095:3.6765234684956014:3.2249082930037885:1.3752120451457233:0.3921043937590875:0.20857981344867427:0.14308493028953748,0.0012381565972825865
3,6,6,-3:-4:-2,4:3:2,72,9,107442.65146476658:107207.01592179826:17933.287867618517:10706.580463093176:6753.913093234068:884.3276957416216:793.2821318105367:109.73145109612051:94.6414623131217:30.91722167637152:7.467732159909836:6.3007030655500165:1.8605422693928473:0.5933047517531395:0.32137223982392843:0.19039805183096137,0.0009683067764991485
3,6,6,-2:-4:-2,4:2:2,144,9,195002.89205680683:193582.24041128444:34271.00181091933:21048.956419445436:13572.16472914722:1800.4734896186676:1614.236391125316:166.98410097161423:147.0671890142062:50.05098262418455:12.341391553422119:10.241770947885563:2.2995956060500435:0.7919026586083191:0.43516666481611666:0.2288448963362782,0.000822355685722907
3,6,6,-1:-4:-2,4:2:1,168,9,294793.6502469531:290510.4084888356:54138.95891677058:33983.36443198092:22240.810793471584:2994.488725573446:2686.9799366090256:223.4946079592603:199.9862675003686:70.43265670689053:17.661862397340027:14.537307057987562:2.6753181105441297:0.9703520402685297:0.5391904130727844:0.2586955997100128,0.0007365962651190321
3,6,6,0:-4:-2,4:2:0,192,9,342110.73762059154:336204.9940429119:63998.59644550638:40503.00531764926:26641.579086209418:3612.3221459091787:3243.398110985706:248.32785559702248:223.552318304719:79.8161710593582:20.152780334830258:16.54859562274733:2.8286480232058646:1.0450490675124922:0.5831977624816393:0.2701741329705528,0.0007083934640342426
3,6,6,1:-4:-2,4:2:1,168,9,294793.6502469532:290510.40848883556:54138.95891677057:33983.36443198091:22240.810793471588:2994.4887255734457:2686.979936609022:223.49460795926052:199.98626750036945:70.43265670689354:17.661862397338755:14.537307057989173:2.6753181105494854:0.9703520402676296:0.5391904130608671:0.2586955997195779,0.0007365962651190355
3,6,6,2:-4:-2,4:2:2,144,9,195002.89205680686:193582.2404112844:34271.00181091935:21048.956419445436:13572.164729147218:1800.473489618666:1614.236391125316:166.9841009716149:147.06718901420675:50.0509826241907:12.341391553424783:10.241770947885808:2.299595606048655:0.791902658608215:0.4351666648181318:0.22884489633513524,0.0008223556857229155
3,6,6,3:-4:-2,4:3:2,72,9,107442.65146476658:107207.0159217983:17933.287867618517:10706.580463093176:6753.913093234066:884.3276957416202:793.2821318105367:109.73145109612004:94.6414623131219:30.917221676371334:7.467732159912028:6.300703065550648:1.86054226939388:0.5933047517537371:0.32137223982538005:0.19039805183004246,0.0009683067764991475
3,6,6,-5:-3:-2,5:3:2,36,10,45333.83935489345:44712.35653294899:7101.253789931073:4096.339366775972:2509.963298129382:325.5210290453235:292.870606044642:59.62226907864761:50.03091584359143:15.636818873551215:3.676523468495669:3.224908293003887:1.3752120451458272:0.3921043937590197:0.20857981344875057:0.14308493028925043,0.001238156597282589
3,6,6,-4:-3:-2,4:3:2,72,9,107442.6514647665:107207.01592179826:17933.287867618514:10706.58046309317:6753.913093234068:884.3276957416202:793.2821318105373:109.73145109611997:94.64146231312222:30.91722167637009:7.467732159911252:6.300703065551331:1.8605422693940912:0.5933047517531799:0.32137223982556334:0.1903980518303381,0.0009683067764991471
3,6,6,-3:-3:-2,3:3:2,126,9,255503.65717962934:252447.26829855196:46162.782050737354:28754.04097432564:18723.733001245182:2506.285700275226:2247.9501322572123:202.01443687281628:179.7494101271084:62.52188189670642:15.58190726005808:12.858207332844382:2.5374232178973615:0.9040676682789035:0.5003655165308394:0.2480371793623649,0.0007650031926679476
3,6,6,-2:-3:-2,3:2:2,180,9,556339.861886717:541588.4844699446:111944.19529134783:72825.71075059466:48568.00971733728:6799.185946660017:6126.972146580296:350.9857651109721:322.64514467664543:121.11409035394281:31.411120108000592:25.65657546427665:3.4111581614118567:1.3374548677823077:0.7579697252086595:0.31065181473095665,0.0006252774610893113
3,6,6,-1:-3:-2,3:2:1,210,9,971694.4152719651:935629.7134549919:219735.63040490483:147493.80174761507:98973.48741660557:14746.620797001919:13397.96322680473:524.7612513408181:495.02419918649485:199.0730858194299:53.947330756444515:44.03080202641172:4.27774477793138:1.7948666927291945:1.0390353528495968:0.36363157487948405,0.0005453040588054798
3,6,6,0:-3:-2,3:2:0,240,9,1.192506258923713e6:1.1440033071425674e6:284982.10406623164:193389.77744930872:129518.86379722424:19947.582919398785:18204.211416420636:609.7325200401028:580.7571031009916:240.34035576122375:66.5659108435776:54.41706402709175:4.666073699803346:2.0078595342274688:1.1730310138672566:0.38521651227191944,0.00051967006030477
3,6,6,1:-3:-2,3:2:1,210,9,971694.4152719649:935629.7134549917:219735.6304049048:147493.80174761507:98973.48741660557:14746.620797001906:13397.963226804739:524.7612513408197:495.02419918649514:199.07308581943363:53.94733075643782:44.03080202641034:4.277744777917857:1.7948666927305355:1.0390353528869338:0.3636315748434944,0.000545304058805481
3,6,6,2:-3:-2,3:2:2,180,9,556339.861886717:541588.4844699447:111944.19529134776:72825.7107505947:48568.00971733724:6799.185946660015:6126.9721465802995:350.98576511097195:322.6451446766441:121.11409035395515:31.41112010799756:25.65657546428143:3.4111581614116013:1.3374548677850722:0.7579697252105931:0.31065181472470577,0.0006252774610893138
3,6,6,3:-3:-2,3:3:2,126,9,255503.65717962917:252447.26829855196:46162.78205073734:28754.040974325635:18723.733001245182:2506.285700275226:2247.950132257211:202.01443687281707:179.74941012710855:62.52188189670803:15.58190726006141:12.85820733284527:2.537423217898742:0.9040676682788282:0.500365516525782:0.24803717936689523,0.000765003192667951
3,6,6,4:-3:-2,4:3:2,72,9,107442.6514647665:107207.01592179826:17933.287867618514:10706.58046309317:6753.913093234068:884.3276957416202:793.2821318105373:109.73145109611997:94.64146231312222:30.91722167637009:7.467732159911252:6.300703065551331:1.8605422693940912:0.5933047517531799:0.32137223982556334:0.1903980518303381,0.0009683067764991471
3,6,6,5:-3:-2,5:3:2,36,10,45333.83935489343:44712.35653294898:7101.253789931071:4096.339366775967:2509.9632981293807:325.5210290453233:292.8706060446418:59.622269078647314:50.030915843591444:15.636818873550975:3.676523468495732:3.224908293003829:1.3752120451456706:0.39210439375906625:0.20857981344869034:0.14308493028942426,0.0012381565972825854
3,6,6,-5:-2:-2,5:2:2,72,9,71329.29162955408:70758.45984671108:11520.120799380315:6759.490300469681:4202.950272106145:547.2945145686355:491.5269989833764:82.0785315763196:69.84894726069193:22.296279742657443:5.315890917719284:4.555801863877036:1.6112802532944634:0.486872075214157:0.2613522497720057:0.16668691621750997,0.001087223768089418
3,6,6,-4:-2:-2,4:2:2,144,9,195002.89205680686:193582.2404112845:34271.00181091935:21048.956419445443:13572.16472914722:1800.4734896186662:1614.236391125318:166.9841009716147:147.06718901420578:50.050982624189785:12.34139155342666:10.241770947886149:2.2995956060489244:0.7919026586068884:0.43516666481734684:0.2288448963353603,0.000822355685722912
3,6,6,-3:-2:-2,3:2:2,180,9,556339.8618867175:541588.4844699448:111944.19529134785:72825.71075059466:48568.0097173373:6799.185946660019:6126.972146580298:350.9857651109724:322.6451446766422:121.11409035395954:31.41112010800249:25.65657546428118:3.411158161405632:1.3374548677808336:0.7579697252067715:0.3106518147285681,0.0006252774610893141
3,6,6,-2:-2:-2,2:2:2,216,9,1.4789866328810565e6:1.4140107113633712e6:378009.0640298659:259394.71927442096:172817.0825293544:27778.639964839484:25496.487127426688:715.4939521967568:688.239826482863:294.1274289385918:83.76125189595244:68.68760758049291:5.12575758666846:2.2662127790945616:1.3382099159310443:0.40939774790727396,0.0004947356653122045
3,6,6,-1:-2:-2,2:2:1,252,9,3.0142352091604224e6:2.8788284929267922e6:1.0462931236606296e6:751390.1124393456:480812.78142454114:96383.49002469746:91018.74912244854:1252.00534405739:1229.934750387442:592.2029601105361:197.13750612222472:165.91921411168934:7.170614489754739:3.4993060870466772:2.1675048195477227:0.5040482025883399,0.00042589780181606185
3,6,6,0:-2:-2,2:2:0,288,9,3.897417097408581e6:3.7609017869826523e6:1.5644420467868831e6:1.163656899091182e6:733356.6950440941:165728.24704777636:158763.1554484363:1568.8512502042577:1532.6974744694608:772.1168704702641:284.8926976637989:244.35756615727738:8.203453538156895:4.179605343553969:2.6556880613846876:0.5464748839659762,0.0004055717113550609
3,6,6,1:-2:-2,2:2:1,252,9,3.014235209160423e6:2.8788284929267922e6:1.04629312366063e6:751390.1124393456:480812.78142454114:96383.49002469743:91018.74912244847:1252.0053440573895:1229.9347503874358:592.2029601105206:197.13750612229205:165.91921411168784:7.17061448974031:3.499306087028859:2.1675048195575854:0.5040482025922779,0.00042589780181606125
3,6,6,2:-2:-2,2:2:2,216,9,1.4789866328810563e6:1.4140107113633712e6:378009.064029866:259394.71927442084:172817.0825293544:27778.639964839524:25496.487127426677:715.4939521967567:688.2398264828665:294.12742893858814:83.76125189595217:68.68760758049318:5.125757586662726:2.2662127790870117:1.3382099159108145:0.40939774790546307,0.0004947356653122052
3,6,6,3:-2:-2,3:2:2,180,9,556339.8618867171:541588.4844699448:111944.19529134776:72825.7107505947:48568.00971733728:6799.185946660023:6126.972146580294:350.98576511097184:322.645144676644:121.11409035395037:31.41112010799595:25.656575464278873:3.411158161405073:1.3374548677806568:0.7579697252075401:0.3106518147318996,0.0006252774610893116
3,6,6,4:-2:-2,4:2:2,144,9,195002.89205680686:193582.2404112845:34271.00181091933:21048.95641944544:13572.16472914722:1800.473489618667:1614.2363911253165:166.98410097161408:147.06718901420604:50.05098262419181:12.341391553425643:10.24177094788611:2.2995956060481246:0.7919026586085537:0.435166664818191:0.22884489633671687,0.0008223556857229126
3,6,6,5:-2:-2,5:2:2,72,9,71329.29162955409:70758.45984671105:11520.120799380307:6759.490300469679:4202.950272106145:547.2945145686352:491.5269989833766:82.07853157631916:69.848947260692:22.296279742658374:5.315890917718517:4.555801863876561:1.6112802532946249:0.48687207521420006:0.26135224977132804:0.16668691621712503,0.001087223768089417
3,6,6,-5:-1:-2,5:2:1,84,9,96546.923798625:96182.69778692542:15967.994484867648:9488.415139227725:5962.433927931725:779.4033575907176:699.3402166240573:101.70840331758001:87.40847360881243:28.371209150334668:6.829091109550228:5.783219898633063:1.791627513847593:0.5633398938798366:0.30440079164126654:0.1839799796990827,0.0009978717888001227
3,6,6,-4:-1:-2,4:2:1,168,9,294793.65024695324:290510.40848883556:54138.95891677059:33983.36443198096:22240.81079347158:2994.4887255734448:2686.9799366090238:223.49460795925827:199.98626750037002:70.43265670689544:17.661862397338467:14.537307057989288:2.675318110543343:0.9703520402707373:0.5391904130641592:0.2586955997155038,0.0007365962651190334
3,6,6,-3:-1:-2,3:2:1,210,9,971694.4152719653:935629.7134549918:219735.63040490486:147493.80174761495:98973.48741660554:14746.620797001911:13397.963226804744:524.7612513408191:495.02419918650025:199.07308581943283:53.94733075642764:44.030802026411486:4.277744777921164:1.7948666927375727:1.0390353528560494:0.36363157487933523,0.0005453040588054824
3,6,6,-2:-1:-2,2:2:1,252,9,3.014235209160426e6:2.8788284929267922e6:1.0462931236606305e6:751390.1124393457:480812.78142454097:96383.49002469741:91018.74912244851:1252.0053440573888:1229.9347503874312:592.2029601105362:197.1375061222889:165.91921411165941:7.170614489816188:3.4993060870213815:2.167504819505582:0.5040482025681736,0.0004258978018160608
3,6,6,2:-1:-2,2:2:1,252,9,3.014235209160424e6:2.878828492926791e6:1.0462931236606303e6:751390.1124393458:480812.781424541:96383.49002469753:91018.74912244848:1252.00534405738:1229.934750387438:592.2029601105176:197.1375061222873:165.91921411168133:7.170614489784776:3.4993060870519233:2.1675048194966178:0.5040482025758994,0.0004258978018160597
3,6,6,3:-1:-2,3:2:1,210,9,971694.4152719649:935629.7134549915:219735.63040490483:147493.80174761498:98973.4874166056:14746.620797001911:13397.963226804748:524.7612513408238:495.0241991864949:199.07308581954348:53.94733075645577:44.03080202642201:4.277744777908885:1.794866692729433:1.0390353528660505:0.3636315748551412,0.0005453040588055056
3,6,6,4:-1:-2,4:2:1,168,9,294793.65024695307:290510.40848883556:54138.95891677056:33983.36443198092:22240.8107934716:2994.4887255734466:2686.979936609023:223.4946079592619:199.98626750036811:70.43265670691207:17.661862397340208:14.5373070579903:2.6753181105386483:0.9703520402600232:0.5391904130694656:0.25869559971338196,0.000736596265119046
3,6,6,5:-1:-2,5:2:1,84,9,96546.9237986249:96182.69778692538:15967.994484867633:9488.415139227724:5962.433927931725:779.4033575907159:699.3402166240563:101.70840331758009:87.40847360881179:28.37120915034521:6.829091109550514:5.783219898631792:1.7916275138472306:0.5633398938797153:0.3044007916463973:0.18397997969551347,0.000997871788800136
3,6,6,-5:0:-2,5:2:0,96,9,107442.65146476655:107207.0159217983:17933.28786761851:10706.58046309317:6753.913093234066:884.3276957416202:793.2821318105364:109.73145109612015:94.6414623131222:30.91722167636956:7.467732159911296:6.300703065550393:1.8605422693942701:0.5933047517534333:0.3213722398250921:0.19039805182968086,0.0009683067764991466
3,6,6,-4:0:-2,4:2:0,192,9,342110.7376205917:336204.9940429119:63998.596445506344:40503.005317649244:26641.579086209418:3612.3221459091806:3243.3981109857054:248.32785559702202:223.55231830471638:79.81617105935864:20.152780334828492:16.548595622745445:2.828648023205587:1.0450490675126494:0.5831977624818371:0.27017413297157583,0.0007083934640342382
3,6,6,-3:0:-2,3:2:0,240,9,1.1925062589237117e6:1.1440033071425674e6:284982.1040662316:193389.77744930878:129518.8637972242:19947.582919398777:18204.211416420632:609.7325200401:580.7571031009952:240.34035576122398:66.56591084358143:54.41706402709768:4.666073699802861:2.0078595342282117:1.1730310138648026:0.3852165122682585,0.0005196700603047709
3,6,6,-2:0:-2,2:2:0,288,9,3.897417097408581e6:3.7609017869826523e6:1.5644420467868831e6:1.1636568990911825e6:733356.6950440946:165728.2470477762:158763.1554484363:1568.8512502042472:1532.6974744694687:772.116870470272:284.8926976637867:244.3575661573821:8.203453538118985:4.179605343558281:2.6556880613849105:0.5464748839613218,0.00040557171135506255
3,6,6,2:0:-2,2:2:0,288,9,3.8974170974085797e6:3.7609017869826523e6:1.564442046786883e6:1.1636568990911825e6:733356.6950440946:165728.24704777618:158763.1554484363:1568.8512502042468:1532.697474469479:772.116870470272:284.8926976637916:244.3575661573979:8.20345353812496:4.1796053435417235:2.655688061387752:0.5464748839618945,0.000405571711355064
3,6,6,3:0:-2,3:2:0,240,9,1.1925062589237124e6:1.1440033071425676e6:284982.1040662315:193389.77744930875:129518.86379722423:19947.5829193988:18204.211416420632:609.7325200401004:580.7571031009893:240.34035576122383:66.56591084358344:54.41706402708492:4.666073699804981:2.0078595342281944:1.1730310138653437:0.3852165122688467,0.0005196700603047682
3,6,6,4:0:-2,4:2:0,192,9,342110.73762059165:336204.99404291186:63998.59644550634:40503.00531764924:26641.579086209433:3612.322145909179:3243.3981109857045:248.32785559702174:223.55231830471627:79.81617105935878:20.1527803348309:16.548595622749072:2.828648023206783:1.0450490675112767:0.5831977624822603:0.27017413297161536,0.0007083934640342385
3,6,6,5:0:-2,5:2:0,96,9,107442.65146476656:107207.0159217983:17933.28786761851:10706.580463093174:6753.913093234068:884.3276957416205:793.2821318105363:109.73145109612004:94.64146231312195:30.91722167637037:7.467732159911056:6.300703065550009:1.8605422693943416:0.5933047517532607:0.32137223982499036:0.19039805182986455,0.0009683067764991458
3,6,6,-5:1:-2,5:2:1,84,9,96546.923798625:96182.69778692542:15967.994484867648:9488.415139227725:5962.433927931725:779.4033575907176:699.3402166240573:101.70840331758001:87.40847360881243:28.371209150334668:6.829091109550228:5.783219898633063:1.791627513847593:0.5633398938798366:0.30440079164126654:0.1839799796990827,0.0009978717888001227
3,6,6,-4:1:-2,4:2:1,168,9,294793.65024695324:290510.40848883556:54138.95891677059:33983.36443198096:22240.81079347158:2994.4887255734448:2686.9799366090238:223.49460795925827:199.98626750037002:70.43265670689544:17.661862397338467:14.537307057989288:2.675318110543343:0.9703520402707373:0.5391904130641592:0.2586955997155038,0.0007365962651190334
3,6,6,-3:1:-2,3:2:1,210,9,971694.4152719653:935629.7134549918:219735.63040490486:147493.80174761495:98973.48741660554:14746.620797001911:13397.963226804744:524.7612513408191:495.02419918650025:199.07308581943283:53.94733075642764:44.030802026411486:4.277744777921164:1.7948666927375727:1.0390353528560494:0.36363157487933523,0.0005453040588054824
3,6,6,-2:1:-2,2:2:1,252,9,3.014235209160426e6:2.8788284929267922e6:1.0462931236606305e6:751390.1124393457:480812.78142454097:96383.49002469741:91018.74912244851:1252.0053440573888:1229.9347503874312:592.2029601105362:197.1375061222889:165.91921411165941:7.170614489816188:3.4993060870213815:2.167504819505582:0.5040482025681736,0.0004258978018160608
3,6,6,2:1:-2,2:2:1,252,9,3.014235209160424e6:2.878828492926791e6:1.0462931236606303e6:751390.1124393458:480812.781424541:96383.49002469753:91018.74912244848:1252.00534405738:1229.934750387438:592.2029601105176:197.1375061222873:165.91921411168133:7.170614489784776:3.4993060870519233:2.1675048194966178:0.5040482025758994,0.0004258978018160597
3,6,6,3:1:-2,3:2:1,210,9,971694.4152719649:935629.7134549915:219735.63040490483:147493.80174761498:98973.4874166056:14746.620797001911:13397.963226804748:524.7612513408238:495.0241991864949:199.07308581954348:53.94733075645577:44.03080202642201:4.277744777908885:1.794866692729433:1.0390353528660505:0.3636315748551412,0.0005453040588055056
3,6,6,4:1:-2,4:2:1,168,9,294793.65024695307:290510.40848883556:54138.95891677056:33983.36443198092:22240.8107934716:2994.4887255734466:2686.979936609023:223.4946079592619:199.98626750036811:70.43265670691207:17.661862397340208:14.5373070579903:2.6753181105386483:0.9703520402600232:0.5391904130694656:0.25869559971338196,0.000736596265119046
3,6,6,5:1:-2,5:2:1,84,9,96546.9237986249:96182.69778692538:15967.994484867633:9488.415139227724:5962.433927931725:779.4033575907159:699.3402166240563:101.70840331758009:87.40847360881179:28.37120915034521:6.829091109550514:5.783219898631792:1.7916275138472306:0.5633398938797153:0.3044007916463973:0.18397997969551347,0.000997871788800136
3,6,6,-5:2:-2,5:2:2,72,9,71329.29162955408:70758.45984671108:11520.120799380315:6759.490300469681:4202.950272106145:547.2945145686355:491.5269989833764:82.0785315763196:69.84894726069193:22.296279742657443:5.315890917719284:4.555801863877036:1.6112802532944634:0.486872075214157:0.2613522497720057:0.16668691621750997,0.001087223768089418
3,6,6,-4:2:-2,4:2:2,144,9,195002.89205680686:193582.2404112845:34271.00181091935:21048.956419445443:13572.16472914722:1800.4734896186662:1614.236391125318:166.9841009716147:147.06718901420578:50.050982624189785:12.34139155342666:10.241770947886149:2.2995956060489244:0.7919026586068884:0.43516666481734684:0.2288448963353603,0.000822355685722912
3,6,6,-3:2:-2,3:2:2,180,9,556339.8618867175:541588.4844699448:111944.19529134785:72825.71075059466:48568.0097173373:6799.185946660019:6126.972146580298:350.9857651109724:322.6451446766422:121.11409035395954:31.41112010800249:25.65657546428118:3.411158161405632:1.3374548677808336:0.7579697252067715:0.3106518147285681,0.0006252774610893141
3,6,6,-2:2:-2,2:2:2,216,9,1.4789866328810565e6:1.4140107113633712e6:378009.0640298659:259394.71927442096:172817.0825293544:27778.639964839484:25496.487127426688:715.4939521967568:688.239826482863:294.1274289385918:83.76125189595244:68.68760758049291:5.12575758666846:2.2662127790945616:1.3382099159310443:0.40939774790727396,0.0004947356653122045
3,6,6,-1:2:-2,2:2:1,252,9,3.0142352091604224e6:2.8788284929267922e6:1.0462931236606296e6:751390.1124393456:480812.78142454114:96383.49002469746:91018.74912244854:1252.00534405739:1229.934750387442:592.2029601105361:197.13750612222472:165.91921411168934:7.170614489754739:3.4993060870466772:2.1675048195477227:0.5040482025883399,0.00042589780181606185
3,6,6,0:2:-2,2:2:0,288,9,3.897417097408581e6:3.7609017869826523e6:1.5644420467868831e6:1.163656899091182e6:733356.6950440941:165728.24704777636:158763.1554484363:1568.8512502042577:1532.6974744694608:772.1168704702641:284.8926976637989:244.35756615727738:8.203453538156895:4.179605343553969:2.6556880613846876:0.5464748839659762,0.0004055717113550609
3,6,6,1:2:-2,2:2:1,252,9,3.014235209160423e6:2.8788284929267922e6:1.04629312366063e6:751390.1124393456:480812.78142454114:96383.49002469743:91018.74912244847:1252.0053440573895:1229.9347503874358:592.2029601105206:197.13750612229205:165.91921411168784:7.17061448974031:3.499306087028859:2.1675048195575854:0.5040482025922779,0.00042589780181606125
3,6,6,2:2:-2,2:2:2,216,9,1.4789866328810563e6:1.4140107113633712e6:378009.064029866:259394.71927442084:172817.0825293544:27778.639964839524:25496.487127426677:715.4939521967567:688.2398264828665:294.12742893858814:83.76125189595217:68.68760758049318:5.125757586662726:2.2662127790870117:1.3382099159108145:0.40939774790546307,0.0004947356653122052
3,6,6,3:2:-2,3:2:2,180,9,556339.8618867171:541588.4844699448:111944.19529134776:72825.7107505947:48568.00971733728:6799.185946660023:6126.972146580294:350.98576511097184:322.645144676644:121.11409035395037:31.41112010799595:25.656575464278873:3.411158161405073:1.3374548677806568:0.7579697252075401:0.3106518147318996,0.0006252774610893116
3,6,6,4:2:-2,4:2:2,144,9,195002.89205680686:193582.2404112845:34271.00181091933:21048.95641944544:13572.16472914722:1800.473489618667:1614.2363911253165:166.98410097161408:147.06718901420604:50.05098262419181:12.341391553425643:10.24177094788611:2.2995956060481246:0.7919026586085537:0.435166664818191:0.22884489633671687,0.0008223556857229126
3,6,6,5:2:-2,5:2:2,72,9,71329.29162955409:70758.45984671105:11520.120799380307:6759.490300469679:4202.950272106145:547.2945145686352:491.5269989833766:82.07853157631916:69.848947260692:22.296279742658374:5.315890917718517:4.555801863876561:1.6112802532946249:0.48687207521420006:0.26135224977132804:0.16668691621712503,0.001087223768089417
3,6,6,-5:3:-2,5:3:2,36,10,45333.83935489345:44712.35653294899:7101.253789931073:4096.339366775972:2509.963298129382:325.5210290453235:292.870606044642:59.62226907864761:50.03091584359143:15.636818873551215:3.676523468495669:3.224908293003887:1.3752120451458272:0.3921043937590197:0.20857981344875057:0.14308493028925043,0.001238156597282589
3,6,6,-4:3:-2,4:3:2,72,9,107442.6514647665:107207.01592179826:17933.287867618514:10706.58046309317:6753.913093234068:884.3276957416202:793.2821318105373:109.73145109611997:94.64146231312222:30.91722167637009:7.467732159911252:6.300703065551331:1.8605422693940912:0.5933047517531799:0.32137223982556334:0.1903980518303381,0.0009683067764991471
3,6,6,-3:3:-2,3:3:2,126,9,255503.65717962934:252447.26829855196:46162.782050737354:28754.04097432564:18723.733001245182:2506.285700275226:2247.9501322572123:202.01443687281628:179.7494101271084:62.52188189670642:15.58190726005808:12.858207332844382:2.5374232178973615:0.9040676682789035:0.5003655165308394:0.2480371793623649,0.0007650031926679476
3,6,6,-2:3:-2,3:2:2,180,9,556339.861886717:541588.4844699446:111944.19529134783:72825.71075059466:48568.00971733728:6799.185946660017:6126.972146580296:350.9857651109721:322.64514467664543:121.11409035394281:31.411120108000592:25.65657546427665:3.4111581614118567:1.3374548677823077:0.7579697252086595:0.31065181473095665,0.0006252774610893113
3,6,6,-1:3:-2,3:2:1,210,9,971694.4152719651:935629.7134549919:219735.63040490483:147493.80174761507:98973.48741660557:14746.620797001919:13397.96322680473:524.7612513408181:495.02419918649485:199.0730858194299:53.947330756444515:44.03080202641172:4.27774477793138:1.7948666927291945:1.0390353528495968:0.36363157487948405,0.0005453040588054798
3,6,6,0:3:-2,3:2:0,240,9,1.192506258923713e6:1.1440033071425674e6:284982.10406623164:193389.77744930872:129518.86379722424:19947.582919398785:18204.211416420636:609.7325200401028:580.7571031009916:240.34035576122375:66.5659108435776:54.41706402709175:4.666073699803346:2.0078595342274688:1.1730310138672566:0.38521651227191944,0.00051967006030477
3,6,6,1:3:-2,3:2:1,210,9,971694.4152719649:935629.7134549917:219735.6304049048:147493.80174761507:98973.48741660557:14746.620797001906:13397.963226804739:524.7612513408197:495.02419918649514:199.07308581943363:53.94733075643782:44.03080202641034:4.277744777917857:1.7948666927305355:1.0390353528869338:0.3636315748434944,0.000545304058805481
3,6,6,2:3:-2,3:2:2,180,9,556339.861886717:541588.4844699447:111944.19529134776:72825.7107505947:48568.00971733724:6799.185946660015:6126.9721465802995:350.98576511097195:322.6451446766441:121.11409035395515:31.41112010799756:25.65657546428143:3.4111581614116013:1.3374548677850722:0.7579697252105931:0.31065181472470577,0.0006252774610893138
3,6,6,3:3:-2,3:3:2,126,9,255503.65717962917:252447.26829855196:46162.78205073734:28754.040974325635:18723.733001245182:2506.285700275226:2247.950132257211:202.01443687281707:179.74941012710855:62.52188189670803:15.58190726006141:12.85820733284527:2.537423217898742:0.9040676682788282:0.500365516525782:0.24803717936689523,0.000765003192667951
3,6,6,4:3:-2,4:3:2,72,9,107442.6514647665:107207.01592179826:17933.287867618514:10706.58046309317:6753.913093234068:884.3276957416202:793.2821318105373:109.73145109611997:94.64146231312222:30.91722167637009:7.467732159911252:6.300703065551331:1.8605422693940912:0.5933047517531799:0.32137223982556334:0.1903980518303381,0.0009683067764991471
3,6,6,5:3:-2,5:3:2,36,10,45333.83935489343:44712.35653294898:7101.253789931071:4096.339366775967:2509.9632981293807:325.5210290453233:292.8706060446418:59.622269078647314:50.030915843591444:15.636818873550975:3.676523468495732:3.224908293003829:1.3752120451456706:0.39210439375906625:0.20857981344869034:0.14308493028942426,0.0012381565972825854
3,6,6,-3:4:-2,4:3:2,72,9,107442.65146476658:107207.01592179826:17933.287867618517:10706.580463093176:6753.913093234068:884.3276957416216:793.2821318105367:109.73145109612051:94.6414623131217:30.91722167637152:7.467732159909836:6.3007030655500165:1.8605422693928473:0.5933047517531395:0.32137223982392843:0.19039805183096137,0.0009683067764991485
3,6,6,-2:4:-2,4:2:2,144,9,195002.89205680683:193582.24041128444:34271.00181091933:21048.956419445436:13572.16472914722:1800.4734896186676:1614.236391125316:166.98410097161423:147.0671890142062:50.05098262418455:12.341391553422119:10.241770947885563:2.2995956060500435:0.7919026586083191:0.43516666481611666:0.2288448963362782,0.000822355685722907
3,6,6,-1:4:-2,4:2:1,168,9,294793.6502469531:290510.4084888356:54138.95891677058:33983.36443198092:22240.810793471584:2994.488725573446:2686.9799366090256:223.4946079592603:199.9862675003686:70.43265670689053:17.661862397340027:14.537307057987562:2.6753181105441297:0.9703520402685297:0.5391904130727844:0.2586955997100128,0.0007365962651190321
3,6,6,0:4:-2,4:2:0,192,9,342110.73762059154:336204.9940429119:63998.59644550638:40503.00531764926:26641.579086209418:3612.3221459091787:3243.398110985706:248.32785559702248:223.552318304719:79.8161710593582:20.152780334830258:16.54859562274733:2.8286480232058646:1.0450490675124922:0.5831977624816393:0.2701741329705528,0.0007083934640342426
3,6,6,1:4:-2,4:2:1,168,9,294793.6502469532:290510.40848883556:54138.95891677057:33983.36443198091:22240.810793471588:2994.4887255734457:2686.979936609022:223.49460795926052:199.98626750036945:70.43265670689354:17.661862397338755:14.537307057989173:2.6753181105494854:0.9703520402676296:0.5391904130608671:0.2586955997195779,0.0007365962651190355
3,6,6,2:4:-2,4:2:2,144,9,195002.89205680686:193582.2404112844:34271.00181091935:21048.956419445436:13572.164729147218:1800.473489618666:1614.236391125316:166.9841009716149:147.06718901420675:50.0509826241907:12.341391553424783:10.241770947885808:2.299595606048655:0.791902658608215:0.4351666648181318:0.22884489633513524,0.0008223556857229155
3,6,6,3:4:-2,4:3:2,72,9,107442.65146476658:107207.0159217983:17933.287867618517:10706.580463093176:6753.913093234066:884.3276957416202:793.2821318105367:109.73145109612004:94.6414623131219:30.917221676371334:7.467732159912028:6.300703065550648:1.86054226939388:0.5933047517537371:0.32137223982538005:0.19039805183004246,0.0009683067764991475
3,6,6,-3:5:-2,5:3:2,36,10,45333.83935489345:44712.35653294901:7101.253789931072:4096.339366775972:2509.9632981293817:325.5210290453234:292.87060604464205:59.62226907864742:50.03091584359134:15.636818873550945:3.6765234684955983:3.2249082930039323:1.3752120451457888:0.39210439375909817:0.2085798134489917:0.1430849302893993,0.0012381565972825847
3,6,6,-2:5:-2,5:2:2,72,9,71329.2916295541:70758.45984671108:11520.12079938031:6759.490300469684:4202.950272106147:547.2945145686355:491.52699898337636:82.07853157631953:69.84894726069211:22.296279742655994:5.315890917719754:4.555801863877394:1.6112802532947839:0.48687207521391557:0.2613522497704192:0.16668691621811896,0.001087223768089416
3,6,6,-1:5:-2,5:2:1,84,9,96546.92379862494:96182.69778692538:15967.994484867637:9488.415139227727:5962.433927931722:779.4033575907162:699.3402166240575:101.70840331758038:87.40847360881195:28.371209150339695:6.829091109550443:5.783219898632748:1.7916275138467317:0.5633398938801094:0.3044007916420242:0.18397997969744234,0.0009978717888001305
3,6,6,0:5:-2,5:2:0,96,9,107442.65146476658:107207.01592179836:17933.287867618506:10706.58046309317:6753.913093234064:884.3276957416201:793.2821318105368:109.73145109612038:94.64146231312247:30.917221676369902:7.467732159911276:6.300703065549918:1.8605422693947522:0.5933047517532692:0.3213722398250208:0.19039805182952954,0.0009683067764991488
3,6,6,1:5:-2,5:2:1,84,9,96546.92379862495:96182.69778692543:15967.994484867642:9488.415139227724:5962.433927931723:779.4033575907172:699.3402166240577:101.70840331758005:87.40847360881165:28.371209150340192:6.829091109549983:5.783219898632625:1.7916275138468487:0.5633398938802203:0.30440079164320427:0.18397997969564323,0.0009978717888001272
3,6,6,2:5:-2,5:2:2,72,9,71329.2916295541:70758.45984671106:11520.120799380315:6759.49030046968:4202.950272106145:547.294514568635:491.5269989833766:82.07853157631905:69.84894726069173:22.29627974265426:5.315890917718424:4.555801863877785:1.611280253295156:0.4868720752141068:0.2613522497712312:0.1666869162173615,0.0010872237680894063
3,6,6,3:5:-2,5:3:2,36,10,45333.839354893455:44712.35653294901:7101.253789931069:4096.33936677597:2509.9632981293817:325.52102904532285:292.87060604464205:59.62226907864747:50.03091584359145:15.63681887355095:3.6765234684956014:3.2249082930037885:1.3752120451457233:0.3921043937590875:0.20857981344867427:0.14308493028953748,0.0012381565972825865
3,6,6,-3:-5:-1,5:3:1,42,9,72842.36555031507:69772.57695775604:9883.528796606994:5269.02963296788:2951.8957461884274:383.57789880864544:350.64375720266924:81.76725672678596:65.65565495103765:18.027495679740838:4.190166048904454:3.685947816929924:1.536824612231748:0.44861323252047464:0.22072858534091713:0.16614585687370692,0.0010495389009444439
3,6,6,-2:-5:-1,5:2:1,84,9,123430.20603110548:118462.99528264148:16885.870914212912:9051.457160876646:5095.756656029463:662.3412808958385:604.4197598097065:118.4268517996401:95.75945731317867:26.36188193754888:6.190486078465856:5.329536818569747:1.8372696581758847:0.5681334950917742:0.2813254526737213:0.1949750807420962,0.0008987588357768807
3,6,6,-1:-5:-1,5:1:1,98,9,176814.2186918151:169956.56793746614:24346.58879880161:13105.103093310108:7407.35383284734:962.8773285839977:877.5423339348656:152.54603109924616:123.92318401924155:34.21901030316615:8.085960488949727:6.883754558287811:2.0760453124418268:0.667396094746829:0.3319366937909305:0.2163885697484255,0.0008091258744069103
3,6,6,0:-5:-1,5:1:0,112,9,201062.781523517:193376.75111918594:27755.16880916722:14963.549448677964:8471.03889774306:1101.1559158659645:1003.0840406323913:167.02112623298123:135.9074548942789:37.578754826463616:8.898592221160596:7.548862964430397:2.1693955694364293:0.7069716288974693:0.35217271969349034:0.22440248950224315,0.0007793861306908701
3,6,6,1:-5:-1,5:1:1,98,9,176814.21869181524:169956.5679374663:24346.58879880161:13105.10309331011:7407.353832847342:962.8773285839973:877.5423339348657:152.54603109924574:123.92318401924187:34.21901030316483:8.085960488949476:6.883754558288041:2.07604531244127:0.6673960947466128:0.33193669379471324:0.2163885697490014,0.0008091258744069083
3,6,6,2:-5:-1,5:2:1,84,9,123430.20603110538:118462.99528264142:16885.87091421292:9051.457160876633:5095.756656029459:662.3412808958382:604.4197598097069:118.42685179964009:95.75945731317844:26.361881937549683:6.19048607846581:5.329536818569676:1.8372696581766739:0.5681334950915413:0.28132545267010833:0.1949750807424338,0.000898758835776881
3,6,6,3:-5:-1,5:3:1,42,9,72842.36555031508:69772.57695775607:9883.528796606994:5269.029632967878:2951.8957461884283:383.5778988086456:350.64375720266935:81.7672567267865:65.65565495103759:18.027495679742174:4.190166048905846:3.6859478169303292:1.5368246122318103:0.4486132325206368:0.22072858534076253:0.1661458568739087,0.0010495389009444502
3,6,6,-3:-4:-1,4:3:1,84,9,201062.781523517:193376.75111918594:27755.168809167215:14963.54944867797:8471.038897743063:1101.1559158659643:1003.0840406323917:167.02112623298126:135.907454894279:37.578754826462244:8.898592221160895:7.548862964430288:2.1693955694367357:0.7069716288967467:0.3521727196925562:0.224402489503172,0.0007793861306908697
3,6,6,-2:-4:-1,4:2:1,168,9,415010.37651742226:400618.0358787274:58231.40324438325:31711.501061392948:18137.862680913604:2357.560609233572:2141.391835079064:278.7873917435938:229.0187212964232:63.97872993434604:15.314146526950596:12.777729741843382:2.7917549623086:0.9788118703272465:0.4918804708466798:0.2732250859351087,0.0006317205463462198
3,6,6,-1:-4:-1,4:1:1,196,9,697960.6570936205:675873.5436817971:99345.26564958191:54568.98330448994:31495.294253456097:4093.272756648443:3709.6217530901313:403.0530205002074:333.4916163136856:94.14045474168316:22.687177025062137:18.751825146007757:3.3631558899431817:1.2371467658563708:0.6255773621858588:0.3121940603253193,0.0005439576292846033
3,6,6,0:-4:-1,4:1:0,224,9,845671.1604135555:819958.6040160374:121086.31447527836:66746.13700751969:38667.40076325122:5025.233790025768:4550.3284710023:461.92460400109815:383.26916770385435:108.6857356246605:26.25429838387863:21.632624767452057:3.606972325800106:1.3492452174777279:0.6838292862094453:0.3274537815592561,0.0005148470491095757
3,6,6,1:-4:-1,4:1:1,196,9,697960.6570936198:675873.543681797:99345.26564958188:54568.98330448993:31495.294253456083:4093.272756648447:3709.6217530901295:403.05302050020754:333.49161631368435:94.14045474168627:22.687177025064187:18.751825146006848:3.3631558899405896:1.2371467658571178:0.6255773622115619:0.31219406031593583,0.0005439576292846036
3,6,6,2:-4:-1,4:2:1,168,9,415010.37651742256:400618.03587872774:58231.40324438323:31711.501061392944:18137.862680913604:2357.5606092335715:2141.3918350790636:278.78739174359475:229.01872129642283:63.978729934346056:15.314146526949765:12.777729741841409:2.7917549623122517:0.9788118703253623:0.4918804708477978:0.2732250859348076,0.0006317205463462201
3,6,6,3:-4:-1,4:3:1,84,9,201062.78152351698:193376.7511191859:27755.168809167204:14963.54944867797:8471.038897743058:1101.1559158659643:1003.0840406323924:167.02112623298123:135.90745489427968:37.5787548264631:8.898592221161367:7.548862964431512:2.1693955694377833:0.7069716288971232:0.35217271969028563:0.22440248950258548,0.000779386130690872
3,6,6,-5:-3:-1,5:3:1,42,9,72842.3655503151:69772.57695775606:9883.528796606992:5269.0296329678795:2951.895746188427:383.5778988086458:350.64375720266935:81.76725672678644:65.65565495103776:18.02749567974105:4.19016604890446:3.6859478169300126:1.5368246122321032:0.4486132325211546:0.22072858534081416:0.16614585687371441,0.0010495389009444484
3,6,6,-4:-3:-1,4:3:1,84,9,201062.781523517:193376.75111918588:27755.168809167208:14963.549448677959:8471.038897743061:1101.1559158659632:1003.0840406323924:167.0211262329814:135.90745489427968:37.578754826465136:8.898592221160717:7.548862964429968:2.16939556943688:0.7069716288978443:0.35217271969115926:0.2244024895022896,0.0007793861306908733
3,6,6,-3:-3:-1,3:3:1,147,9,581823.5365857665:562763.3966355408:82377.6922335833:45105.97442812487:25946.822185509438:3372.3019747333274:3058.670183145189:354.22132284680725:292.33492703545795:82.19648050886599:19.763207340196807:16.386180977478187:3.149194494436014:1.1396341837963084:0.5750177111562051:0.2981649501826232,0.0005731408479854565
3,6,6,-2:-3:-1,3:2:1,210,9,1.6172619261500605e6:1.5757533156018294e6:236973.2153738773:132408.37605354452:77808.54430829885:10112.94220961138:9130.071449335117:732.6584940264221:614.0832050723911:177.3855412529488:43.17576299449836:35.24184184766744:4.592132285215451:1.8108235080534145:0.9250012961122098:0.3826340398871068,0.00042797114430789574
3,6,6,-1:-3:-1,3:1:1,245,8,3.5839724025481557e6:3.517744488321563e6:544553.7325941118:310659.192904639:186490.2938573955:24265.901837507077:21828.40838234687:1292.7675913660598:1099.2738236838431:327.24937777824:80.38779148601012:64.98091610448694:6.244481487435975:2.6078620628253093:1.3457421275764914:0.4586237561218585,0.00034186033688180087
3,6,6,0:-3:-1,3:1:0,280,8,4.891069700399252e6:4.816803701066049e6:756053.0859728464:435484.808475125:263930.64176127745:34378.32768872835:30884.36262133273:1614.8269252833825:1381.9598840157323:417.35628156670396:102.91528953447441:82.91375300602053:7.06497274548741:3.011682216100951:1.5607460618641384:0.4910366109672716,0.00031336193572680687
3,6,6,1:-3:-1,3:1:1,245,8,3.5839724025481557e6:3.5177444883215623e6:544553.7325941118:310659.1929046389:186490.29385739547:24265.901837507066:21828.408382346857:1292.767591366051:1099.2738236838431:327.249377778233:80.38779148600952:64.98091610448313:6.244481487404295:2.607862062823926:1.3457421275486843:0.4586237561142167,0.0003418603368817992
3,6,6,2:-3:-1,3:2:1,210,9,1.6172619261500612e6:1.5757533156018294e6:236973.2153738772:132408.3760535445:77808.54430829886:10112.942209611387:9130.071449335117:732.6584940264208:614.0832050723868:177.38554125295263:43.17576299449899:35.241841847666514:4.592132285214528:1.81082350805143:0.9250012961129974:0.38263403989063466,0.0004279711443078944
3,6,6,3:-3:-1,3:3:1,147,9,581823.5365857664:562763.3966355403:82377.6922335833:45105.97442812488:25946.822185509438:3372.301974733326:3058.670183145189:354.22132284680634:292.3349270354576:82.19648050886796:19.76320734019821:16.386180977478674:3.1491944944298247:1.1396341837926784:0.5750177111686611:0.2981649501741293,0.0005731408479854561
3,6,6,4:-3:-1,4:3:1,84,9,201062.781523517:193376.75111918588:27755.168809167208:14963.549448677959:8471.038897743061:1101.1559158659632:1003.0840406323924:167.0211262329814:135.90745489427968:37.578754826465136:8.898592221160717:7.548862964429968:2.16939556943688:0.7069716288978443:0.35217271969115926:0.2244024895022896,0.0007793861306908733
3,6,6,5:-3:-1,5:3:1,42,9,72842.36555031504:69772.57695775601:9883.52879660699:5269.029632967873:2951.8957461884274:383.57789880864533:350.6437572026693:81.76725672678637:65.65565495103753:18.0274956797427:4.190166048905062:3.685947816929769:1.5368246122321303:0.4486132325203697:0.22072858534089834:0.16614585687373712,0.00104953890094445
3,6,6,-5:-2:-1,5:2:1,84,9,123430.20603110548:118462.99528264147:16885.87091421292:9051.457160876638:5095.756656029463:662.3412808958382:604.4197598097062:118.42685179964016:95.75945731317836:26.361881937547636:6.190486078465919:5.329536818570514:1.8372696581761752:0.5681334950926947:0.2813254526700711:0.19497508074225375,0.0008987588357768787
3,6,6,-4:-2:-1,4:2:1,168,9,415010.37651742285:400618.0358787275:58231.40324438325:31711.501061392944:18137.862680913615:2357.5606092335706:2141.391835079064:278.7873917435957:229.01872129642288:63.97872993433606:15.314146526948388:12.777729741843581:2.7917549623117077:0.9788118703282124:0.491880470846972:0.2732250859357795,0.0006317205463462183
3,6,6,-3:-2:-1,3:2:1,210,9,1.617261926150061e6:1.5757533156018306e6:236973.2153738773:132408.3760535446:77808.54430829885:10112.942209611392:9130.071449335126:732.6584940264186:614.0832050723903:177.3855412529453:43.175762994496:35.241841847666734:4.592132285219366:1.8108235080461053:0.9250012961045316:0.3826340398835053,0.00042797114430789384
3,6,6,-2:-2:-1,2:2:1,252,8,6.878489725774784e6:6.801368412545738e6:1.086150373234069e6:632955.1919187891:387949.23641548795:50623.2677845001:45418.75219355151:2061.7528136242768:1777.9658433257498:546.522350883655:135.38003344080343:108.70249498486527:8.107083933773195:3.5308645038103785:1.838837505922607:0.5285094754308639,0.00028499134233915183
3,6,6,2:-2:-1,2:2:1,252,8,6.8784897257747855e6:6.801368412545738e6:1.0861503732340687e6:632955.1919187892:387949.2364154878:50623.26778450009:45418.752193551496:2061.752813624288:1777.9658433257569:546.5223508836331:135.38003344082952:108.70249498485451:8.10708393380207:3.5308645038263617:1.8388375057843958:0.5285094755145631,0.00028499134233915275
3,6,6,3:-2:-1,3:2:1,210,9,1.617261926150061e6:1.5757533156018308e6:236973.21537387732:132408.37605354455:77808.54430829885:10112.942209611387:9130.071449335124:732.658494026419:614.08320507239:177.3855412529487:43.17576299450101:35.241841847666386:4.592132285211374:1.810823508053577:0.9250012961149142:0.38263403988436007,0.0004279711443078942
3,6,6,4:-2:-1,4:2:1,168,9,415010.3765174223:400618.0358787276:58231.40324438323:31711.501061392948:18137.862680913604:2357.560609233572:2141.3918350790655:278.7873917435955:229.018721296423:63.97872993434458:15.314146526949864:12.777729741840863:2.7917549623110047:0.9788118703290757:0.4918804708477186:0.2732250859354731,0.000631720546346221
3,6,6,5:-2:-1,5:2:1,84,9,123430.20603110542:118462.99528264141:16885.870914212916:9051.457160876636:5095.756656029462:662.3412808958378:604.4197598097065:118.42685179964:95.75945731317898:26.361881937550045:6.190486078465769:5.329536818569916:1.8372696581762513:0.5681334950920642:0.2813254526748277:0.19497508074114142,0.0008987588357768829
3,6,6,-5:-1:-1,5:1:1,98,9,176814.21869181527:169956.56793746632:24346.58879880163:13105.103093310114:7407.353832847342:962.8773285839975:877.5423339348656:152.54603109924622:123.92318401924132:34.2190103031644:8.08596048894786:6.883754558288029:2.0760453124409124:0.6673960947459844:0.33193669379446494:0.21638856974884815,0.0008091258744069076
3,6,6,-4:-1:-1,4:1:1,196,9,697960.6570936202:675873.5436817971:99345.26564958194:54568.98330448999:31495.29425345607:4093.2727566484446:3709.6217530901295:403.05302050020526:333.4916163136837:94.14045474168628:22.68717702506793:18.751825146006723:3.363155889942716:1.2371467658596933:0.6255773621682832:0.3121940603374801,0.0005439576292846013
3,6,6,-3:-1:-1,3:1:1,245,8,3.583972402548155e6:3.517744488321563e6:544553.7325941116:310659.19290463894:186490.2938573954:24265.90183750705:21828.408382346875:1292.7675913660566:1099.2738236838466:327.2493777782134:80.3877914860141:64.98091610447463:6.2444814874022985:2.6078620628282905:1.345742127497046:0.4586237561717265,0.00034186033688179973
3,6,6,3:-1:-1,3:1:1,245,8,3.5839724025481553e6:3.5177444883215623e6:544553.7325941118:310659.1929046388:186490.2938573954:24265.90183750706:21828.40838234686:1292.7675913660387:1099.273823683841:327.24937777819423:80.38779148600366:64.98091610447777:6.244481487422614:2.6078620628305247:1.3457421276596095:0.45862375608477013,0.00034186033688179566
3,6,6,4:-1:-1,4:1:1,196,9,697960.6570936199:675873.5436817969:99345.26564958194:54568.983304489964:31495.29425345608:4093.2727566484436:3709.621753090131:403.05302050020805:333.4916163136818:94.14045474171365:22.687177025070387:18.751825146004133:3.3631558899478744:1.2371467658574766:0.6255773621871998:0.3121940603247959,0.0005439576292846075
3,6,6,5:-1:-1,5:1:1,98,9,176814.2186918152:169956.56793746614:24346.588798801615:13105.1030933101:7407.3538328473405:962.8773285839976:877.5423339348658:152.54603109924568:123.92318401924064:34.21901030316562:8.08596048894947:6.883754558288297:2.0760453124408182:0.6673960947473997:0.331936693793017:0.21638856974817716,0.0008091258744069059
3,6,6,-5:0:-1,5:1:0,112,9,201062.78152351695:193376.75111918594:27755.168809167208:14963.549448677964:8471.038897743061:1101.1559158659638:1003.0840406323914:167.02112623298112:135.90745489427908:37.57875482646202:8.898592221160696:7.548862964430815:2.169395569436611:0.7069716288976514:0.35217271969329245:0.2244024895021965,0.0007793861306908693
3,6,6,-4:0:-1,4:1:0,224,9,845671.1604135553:819958.604016037:121086.31447527837:66746.1370075197:38667.40076325122:5025.233790025767:4550.328471002302:461.9246040011019:383.2691677038513:108.68573562467209:26.2542983838773:21.632624767450135:3.6069723258002924:1.3492452174797103:0.68382928621023:0.32745378155971355,0.0005148470491095783
3,6,6,-3:0:-1,3:1:0,280,8,4.891069700399252e6:4.816803701066051e6:756053.0859728467:435484.80847512523:263930.6417612775:34378.32768872834:30884.36262133274:1614.8269252833788:1381.9598840157273:417.35628156697:102.91528953450728:82.91375300595985:7.064972745494598:3.0116822161001084:1.5607460618580338:0.4910366109621932,0.0003133619357268132
3,6,6,3:0:-1,3:1:0,280,8,4.891069700399252e6:4.816803701066051e6:756053.0859728467:435484.80847512494:263930.6417612775:34378.32768872834:30884.362621332726:1614.8269252833836:1381.959884015688:417.35628156663057:102.9152895345185:82.91375300602454:7.064972745497336:3.0116822161011547:1.56074606186263:0.49103661095868356,0.0003133619357268011
3,6,6,4:0:-1,4:1:0,224,9,845671.1604135553:819958.6040160372:121086.31447527837:66746.1370075197:38667.40076325123:5025.23379002577:4550.328471002302:461.92460400110224:383.26916770385264:108.68573562462205:26.254298383878552:21.632624767460026:3.60697232579885:1.349245217475378:0.6838292862091585:0.32745378155894356,0.000514847049109572
3,6,6,5:0:-1,5:1:0,112,9,201062.78152351695:193376.7511191859:27755.16880916722:14963.549448677968:8471.038897743058:1101.155915865964:1003.0840406323911:167.02112623298135:135.9074548942795:37.578754826464284:8.89859222116063:7.548862964430456:2.1693955694366527:0.7069716288974449:0.3521727196936549:0.22440248950210284,0.0007793861306908725
3,6,6,-5:1:-1,5:1:1,98,9,176814.21869181527:169956.56793746632:24346.58879880163:13105.103093310114:7407.353832847342:962.8773285839975:877.5423339348656:152.54603109924622:123.92318401924132:34.2190103031644:8.08596048894786:6.883754558288029:2.0760453124409124:0.6673960947459844:0.33193669379446494:0.21638856974884815,0.0008091258744069076
3,6,6,-4:1:-1,4:1:1,196,9,697960.6570936202:675873.5436817971:99345.26564958194:54568.98330448999:31495.29425345607:4093.2727566484446:3709.6217530901295:403.05302050020526:333.4916163136837:94.14045474168628:22.68717702506793:18.751825146006723:3.363155889942716:1.2371467658596933:0.6255773621682832:0.3121940603374801,0.0005439576292846013
3,6,6,-3:1:-1,3:1:1,245,8,3.583972402548155e6:3.517744488321563e6:544553.7325941116:310659.19290463894:186490.2938573954:24265.90183750705:21828.408382346875:1292.7675913660566:1099.2738236838466:327.2493777782134:80.3877914860141:64.98091610447463:6.2444814874022985:2.6078620628282905:1.345742127497046:0.4586237561717265,0.00034186033688179973
3,6,6,3:1:-1,3:1:1,245,8,3.5839724025481553e6:3.5177444883215623e6:544553.7325941118:310659.1929046388:186490.2938573954:24265.90183750706:21828.40838234686:1292.7675913660387:1099.273823683841:327.24937777819423:80.38779148600366:64.98091610447777:6.244481487422614:2.6078620628305247:1.3457421276596095:0.45862375608477013,0.00034186033688179566
3,6,6,4:1:-1,4:1:1,196,9,697960.6570936199:675873.5436817969:99345.26564958194:54568.983304489964:31495.29425345608:4093.2727566484436:3709.621753090131:403.05302050020805:333.4916163136818:94.14045474171365:22.687177025070387:18.751825146004133:3.3631558899478744:1.2371467658574766:0.6255773621871998:0.3121940603247959,0.0005439576292846075
3,6,6,5:1:-1,5:1:1,98,9,176814.2186918152:169956.56793746614:24346.588798801615:13105.1030933101:7407.3538328473405:962.8773285839976:877.5423339348658:152.54603109924568:123.92318401924064:34.21901030316562:8.08596048894947:6.883754558288297:2.0760453124408182:0.6673960947473997:0.331936693793017:0.21638856974817716,0.0008091258744069059
3,6,6,-5:2:-1,5:2:1,84,9,123430.20603110548:118462.99528264147:16885.87091421292:9051.457160876638:5095.756656029463:662.3412808958382:604.4197598097062:118.42685179964016:95.75945731317836:26.361881937547636:6.190486078465919:5.329536818570514:1.8372696581761752:0.5681334950926947:0.2813254526700711:0.19497508074225375,0.0008987588357768787
3,6,6,-4:2:-1,4:2:1,168,9,415010.37651742285:400618.0358787275:58231.40324438325:31711.501061392944:18137.862680913615:2357.5606092335706:2141.391835079064:278.7873917435957:229.01872129642288:63.97872993433606:15.314146526948388:12.777729741843581:2.7917549623117077:0.9788118703282124:0.491880470846972:0.2732250859357795,0.0006317205463462183
3,6,6,-3:2:-1,3:2:1,210,9,1.617261926150061e6:1.5757533156018306e6:236973.2153738773:132408.3760535446:77808.54430829885:10112.942209611392:9130.071449335126:732.6584940264186:614.0832050723903:177.3855412529453:43.175762994496:35.241841847666734:4.592132285219366:1.8108235080461053:0.9250012961045316:0.3826340398835053,0.00042797114430789384
3,6,6,-2:2:-1,2:2:1,252,8,6.878489725774784e6:6.801368412545738e6:1.086150373234069e6:632955.1919187891:387949.23641548795:50623.2677845001:45418.75219355151:2061.7528136242768:1777.9658433257498:546.522350883655:135.38003344080343:108.70249498486527:8.107083933773195:3.5308645038103785:1.838837505922607:0.5285094754308639,0.00028499134233915183
3,6,6,2:2:-1,2:2:1,252,8,6.8784897257747855e6:6.801368412545738e6:1.0861503732340687e6:632955.1919187892:387949.2364154878:50623.26778450009:45418.752193551496:2061.752813624288:1777.9658433257569:546.5223508836331:135.38003344082952:108.70249498485451:8.10708393380207:3.5308645038263617:1.8388375057843958:0.5285094755145631,0.00028499134233915275
3,6,6,3:2:-1,3:2:1,210,9,1.617261926150061e6:1.5757533156018308e6:236973.21537387732:132408.37605354455:77808.54430829885:10112.942209611387:9130.071449335124:732.658494026419:614.08320507239:177.3855412529487:43.17576299450101:35.241841847666386:4.592132285211374:1.810823508053577:0.9250012961149142:0.38263403988436007,0.0004279711443078942
3,6,6,4:2:-1,4:2:1,168,9,415010.3765174223:400618.0358787276:58231.40324438323:31711.501061392948:18137.862680913604:2357.560609233572:2141.3918350790655:278.7873917435955:229.018721296423:63.97872993434458:15.314146526949864:12.777729741840863:2.7917549623110047:0.9788118703290757:0.4918804708477186:0.2732250859354731,0.000631720546346221
3,6,6,5:2:-1,5:2:1,84,9,123430.20603110542:118462.99528264141:16885.870914212916:9051.457160876636:5095.756656029462:662.3412808958378:604.4197598097065:118.42685179964:95.75945731317898:26.361881937550045:6.190486078465769:5.329536818569916:1.8372696581762513:0.5681334950920642:0.2813254526748277:0.19497508074114142,0.0008987588357768829
3,6,6,-5:3:-1,5:3:1,42,9,72842.3655503151:69772.57695775606:9883.528796606992:5269.0296329678795:2951.895746188427:383.5778988086458:350.64375720266935:81.76725672678644:65.65565495103776:18.02749567974105:4.19016604890446:3.6859478169300126:1.5368246122321032:0.4486132325211546:0.22072858534081416:0.16614585687371441,0.0010495389009444484
3,6,6,-4:3:-1,4:3:1,84,9,201062.781523517:193376.75111918588:27755.168809167208:14963.549448677959:8471.038897743061:1101.1559158659632:1003.0840406323924:167.0211262329814:135.90745489427968:37.578754826465136:8.898592221160717:7.548862964429968:2.16939556943688:0.7069716288978443:0.35217271969115926:0.2244024895022896,0.0007793861306908733
3,6,6,-3:3:-1,3:3:1,147,9,581823.5365857665:562763.3966355408:82377.6922335833:45105.97442812487:25946.822185509438:3372.3019747333274:3058.670183145189:354.22132284680725:292.33492703545795:82.19648050886599:19.763207340196807:16.386180977478187:3.149194494436014:1.1396341837963084:0.5750177111562051:0.2981649501826232,0.0005731408479854565
3,6,6,-2:3:-1,3:2:1,210,9,1.6172619261500605e6:1.5757533156018294e6:236973.2153738773:132408.37605354452:77808.54430829885:10112.94220961138:9130.071449335117:732.6584940264221:614.0832050723911:177.3855412529488:43.17576299449836:35.24184184766744:4.592132285215451:1.8108235080534145:0.9250012961122098:0.3826340398871068,0.00042797114430789574
3,6,6,-1:3:-1,3:1:1,245,8,3.5839724025481557e6:3.517744488321563e6:544553.7325941118:310659.192904639:186490.2938573955:24265.901837507077:21828.40838234687:1292.7675913660598:1099.2738236838431:327.24937777824:80.38779148601012:64.98091610448694:6.244481487435975:2.6078620628253093:1.3457421275764914:0.4586237561218585,0.00034186033688180087
3,6,6,0:3:-1,3:1:0,280,8,4.891069700399252e6:4.816803701066049e6:756053.0859728464:435484.808475125:263930.64176127745:34378.32768872835:30884.36262133273:1614.8269252833825:1381.9598840157323:417.35628156670396:102.91528953447441:82.91375300602053:7.06497274548741:3.011682216100951:1.5607460618641384:0.4910366109672716,0.00031336193572680687
3,6,6,1:3:-1,3:1:1,245,8,3.5839724025481557e6:3.5177444883215623e6:544553.7325941118:310659.1929046389:186490.29385739547:24265.901837507066:21828.408382346857:1292.767591366051:1099.2738236838431:327.249377778233:80.38779148600952:64.98091610448313:6.244481487404295:2.607862062823926:1.3457421275486843:0.4586237561142167,0.0003418603368817992
3,6,6,2:3:-1,3:2:1,210,9,1.6172619261500612e6:1.5757533156018294e6:236973.2153738772:132408.3760535445:77808.54430829886:10112.942209611387:9130.071449335117:732.6584940264208:614.0832050723868:177.38554125295263:43.17576299449899:35.241841847666514:4.592132285214528:1.81082350805143:0.9250012961129974:0.38263403989063466,0.0004279711443078944
3,6,6,3:3:-1,3:3:1,147,9,581823.5365857664:562763.3966355403:82377.6922335833:45105.97442812488:25946.822185509438:3372.301974733326:3058.670183145189:354.22132284680634:292.3349270354576:82.19648050886796:19.76320734019821:16.386180977478674:3.1491944944298247:1.1396341837926784:0.5750177111686611:0.2981649501741293,0.0005731408479854561
3,6,6,4:3:-1,4:3:1,84,9,201062.781523517:193376.75111918588:27755.168809167208:14963.549448677959:8471.038897743061:1101.1559158659632:1003.0840406323924:167.0211262329814:135.90745489427968:37.578754826465136:8.898592221160717:7.548862964429968:2.16939556943688:0.7069716288978443:0.35217271969115926:0.2244024895022896,0.0007793861306908733
3,6,6,5:3:-1,5:3:1,42,9,72842.36555031504:69772.57695775601:9883.52879660699:5269.029632967873:2951.8957461884274:383.57789880864533:350.6437572026693:81.76725672678637:65.65565495103753:18.0274956797427:4.190166048905062:3.685947816929769:1.5368246122321303:0.4486132325203697:0.22072858534089834:0.16614585687373712,0.00104953890094445
3,6,6,-3:4:-1,4:3:1,84,9,201062.781523517:193376.75111918594:27755.168809167215:14963.54944867797:8471.038897743063:1101.1559158659643:1003.0840406323917:167.02112623298126:135.907454894279:37.578754826462244:8.898592221160895:7.548862964430288:2.1693955694367357:0.7069716288967467:0.3521727196925562:0.224402489503172,0.0007793861306908697
3,6,6,-2:4:-1,4:2:1,168,9,415010.37651742226:400618.0358787274:58231.40324438325:31711.501061392948:18137.862680913604:2357.560609233572:2141.391835079064:278.7873917435938:229.0187212964232:63.97872993434604:15.314146526950596:12.777729741843382:2.7917549623086:0.9788118703272465:0.4918804708466798:0.2732250859351087,0.0006317205463462198
3,6,6,-1:4:-1,4:1:1,196,9,697960.6570936205:675873.5436817971:99345.26564958191:54568.98330448994:31495.294253456097:4093.272756648443:3709.6217530901313:403.0530205002074:333.4916163136856:94.14045474168316:22.687177025062137:18.751825146007757:3.3631558899431817:1.2371467658563708:0.6255773621858588:0.3121940603253193,0.0005439576292846033
3,6,6,0:4:-1,4:1:0,224,9,845671.1604135555:819958.6040160374:121086.31447527836:66746.13700751969:38667.40076325122:5025.233790025768:4550.3284710023:461.92460400109815:383.26916770385435:108.6857356246605:26.25429838387863:21.632624767452057:3.606972325800106:1.3492452174777279:0.6838292862094453:0.3274537815592561,0.0005148470491095757
3,6,6,1:4:-1,4:1:1,196,9,697960.6570936198:675873.543681797:99345.26564958188:54568.98330448993:31495.294253456083:4093.272756648447:3709.6217530901295:403.05302050020754:333.49161631368435:94.14045474168627:22.687177025064187:18.751825146006848:3.3631558899405896:1.2371467658571178:0.6255773622115619:0.31219406031593583,0.0005439576292846036
3,6,6,2:4:-1,4:2:1,168,9,415010.37651742256:400618.03587872774:58231.40324438323:31711.501061392944:18137.862680913604:2357.5606092335715:2141.3918350790636:278.78739174359475:229.01872129642283:63.978729934346056:15.314146526949765:12.777729741841409:2.7917549623122517:0.9788118703253623:0.4918804708477978:0.2732250859348076,0.0006317205463462201
3,6,6,3:4:-1,4:3:1,84,9,201062.78152351698:193376.7511191859:27755.168809167204:14963.54944867797:8471.038897743058:1101.1559158659643:1003.0840406323924:167.02112623298123:135.90745489427968:37.5787548264631:8.898592221161367:7.548862964431512:2.1693955694377833:0.7069716288971232:0.35217271969028563:0.22440248950258548,0.000779386130690872
3,6,6,-3:5:-1,5:3:1,42,9,72842.36555031507:69772.57695775604:9883.528796606994:5269.02963296788:2951.8957461884274:383.57789880864544:350.64375720266924:81.76725672678596:65.65565495103765:18.027495679740838:4.190166048904454:3.685947816929924:1.536824612231748:0.44861323252047464:0.22072858534091713:0.16614585687370692,0.0010495389009444439
3,6,6,-2:5:-1,5:2:1,84,9,123430.20603110548:118462.99528264148:16885.870914212912:9051.457160876646:5095.756656029463:662.3412808958385:604.4197598097065:118.4268517996401:95.75945731317867:26.36188193754888:6.190486078465856:5.329536818569747:1.8372696581758847:0.5681334950917742:0.2813254526737213:0.1949750807420962,0.0008987588357768807
3,6,6,-1:5:-1,5:1:1,98,9,176814.2186918151:169956.56793746614:24346.58879880161:13105.103093310108:7407.35383284734:962.8773285839977:877.5423339348656:152.54603109924616:123.92318401924155:34.21901030316615:8.085960488949727:6.883754558287811:2.0760453124418268:0.667396094746829:0.3319366937909305:0.2163885697484255,0.0008091258744069103
3,6,6,0:5:-1,5:1:0,112,9,201062.781523517:193376.75111918594:27755.16880916722:14963.549448677964:8471.03889774306:1101.1559158659645:1003.0840406323913:167.02112623298123:135.9074548942789:37.578754826463616:8.898592221160596:7.548862964430397:2.1693955694364293:0.7069716288974693:0.35217271969349034:0.22440248950224315,0.0007793861306908701
3,6,6,1:5:-1,5:1:1,98,9,176814.21869181524:169956.5679374663:24346.58879880161:13105.10309331011:7407.353832847342:962.8773285839973:877.5423339348657:152.54603109924574:123.92318401924187:34.21901030316483:8.085960488949476:6.883754558288041:2.07604531244127:0.6673960947466128:0.33193669379471324:0.2163885697490014,0.0008091258744069083
3,6,6,2:5:-1,5:2:1,84,9,123430.20603110538:118462.99528264142:16885.87091421292:9051.457160876633:5095.756656029459:662.3412808958382:604.4197598097069:118.42685179964009:95.75945731317844:26.361881937549683:6.19048607846581:5.329536818569676:1.8372696581766739:0.5681334950915413:0.28132545267010833:0.1949750807424338,0.000898758835776881
3,6,6,3:5:-1,5:3:1,42,9,72842.36555031508:69772.57695775607:9883.528796606994:5269.029632967878:2951.8957461884283:383.5778988086456:350.64375720266935:81.7672567267865:65.65565495103759:18.027495679742174:4.190166048905846:3.6859478169303292:1.5368246122318103:0.4486132325206368:0.22072858534076253:0.1661458568739087,0.0010495389009444502
3,6,6,-3:-5:0,5:3:0,48,9,86262.58940045116:81682.08829432266:11108.442347046192:5757.713059676676:3104.9288859382623:406.16014865321654:375.26596166419625:91.61065242237004:72.29449769735758:18.87404120941407:4.386183120736921:3.8712338787517337:1.6005736066097256:0.47031998398784697:0.2240193881633098:0.17576798141177868,0.0009905934380752457
3,6,6,-2:-5:0,5:2:0,96,9,150413.88066597597:142440.1208990617:19360.578992543054:10041.269400512198:5407.76680317853:708.228140025892:654.2748603931179:135.3388084924387:107.20566564551542:27.818932979516127:6.531811946553799:5.651275252657424:1.928565436934417:0.6000530940352901:0.28774905937473283:0.20649462813511357,0.000840351259114289
3,6,6,-1:-5:0,5:1:0,112,9,220335.1748115191:208666.2178062236:28352.70838668761:14710.522024080123:7916.192859227197:1037.490383269303:958.3637564618316:177.04489893687756:140.54450490743173:36.33586747962275:8.585035726284707:7.353090807970634:2.1931173742292636:0.7089800006050667:0.34138437468088323:0.22948140150950935,0.0007510062695979331
3,6,6,0:-5:0,5:0:0,128,9,252718.55084201746:239338.94446685337:32516.815765850897:16873.136856453664:9077.595078903816:1189.9911392061147:1099.1961832654465:195.00198701962927:154.90789082275617:39.99983497150799:9.470532485301058:8.086225050538356:2.2974458796251045:0.7526969757820655:0.3629354708027471:0.23811765014218111,0.0007213552732121339
3,6,6,1:-5:0,5:1:0,112,9,220335.1748115192:208666.21780622375:28352.708386687613:14710.522024080132:7916.192859227198:1037.490383269304:958.3637564618339:177.04489893687793:140.5445049074319:36.33586747962241:8.58503572628537:7.3530908079659465:2.1931173742289736:0.7089800006048047:0.34138437467329275:0.22948140150921886,0.0007510062695979332
3,6,6,2:-5:0,5:2:0,96,9,150413.88066597594:142440.12089906173:19360.57899254303:10041.269400512187:5407.7668031785315:708.2281400258919:654.2748603931182:135.33880849243857:107.20566564551537:27.818932979516244:6.531811946553603:5.651275252659239:1.9285654369342782:0.6000530940354242:0.28774905937527095:0.20649462813501437,0.0008403512591142888
3,6,6,3:-5:0,5:3:0,48,9,86262.5894004512:81682.08829432266:11108.442347046192:5757.713059676679:3104.9288859382623:406.1601486532161:375.26596166419586:91.61065242236984:72.29449769735766:18.87404120941406:4.386183120737369:3.8712338787508265:1.6005736066098941:0.47031998398784514:0.2240193881636398:0.17576798141181604,0.0009905934380752444
3,6,6,-3:-4:0,4:3:0,96,9,252718.55084201737:239338.94446685349:32516.81576585088:16873.13685645367:9077.595078903814:1189.9911392061151:1099.1961832654463:195.001987019629:154.90789082275643:39.999834971507646:9.470532485303867:8.08622505051385:2.2974458796278787:0.7526969757822327:0.36293547080150396:0.23811765014326583,0.0007213552732121318
3,6,6,-2:-4:0,4:2:0,192,9,551449.266436062:522301.5580747194:70921.49210845133:36824.436464281316:19785.515357614895:2596.890332895811:2398.293311824761:338.2349703978676:269.5981707133877:69.18158829798934:16.553666286105283:13.935162289781559:3.005452710618074:1.0572290350056135:0.5133461284860723:0.29112297582747804,0.0005740605676322136
3,6,6,-1:-4:0,4:1:0,224,9,973530.7470448536:922123.2865710485:125170.86929650453:65016.407753972606:34905.84820093664:4584.899873085049:4233.721511782868:505.64773953964925:403.81318906423627:103.2299393248963:24.85957962559202:20.769271322538756:3.673893069430503:1.3531733198083444:0.6598444517416692:0.33393441534523166,0.0004864366370032713
3,6,6,0:-4:0,4:0:0,256,9,1.2034769939650914e6:1.1399477313858967e6:154721.93748592894:80375.79526629951:43140.86585383249:5667.999866026931:5233.623490836895:587.5818463607355:469.53883266454557:119.87908930563057:28.93111024614874:24.112873769652417:3.964326223499576:1.483490642318499:0.7244248119642915:0.3508299442057599,0.0004573516488229277
3,6,6,1:-4:0,4:1:0,224,9,973530.7470448532:922123.2865710485:125170.86929650458:65016.407753972635:34905.84820093665:4584.899873085048:4233.721511782863:505.6477395396494:403.8131890642358:103.22993932489425:24.859579625589276:20.76927132249564:3.67389306943917:1.3531733198069715:0.6598444517299794:0.33393441534793317,0.0004864366370032701
3,6,6,2:-4:0,4:2:0,192,9,551449.2664360623:522301.55807471985:70921.49210845135:36824.43646428131:19785.515357614895:2596.8903328958127:2398.293311824764:338.23497039786787:269.59817071338887:69.18158829798872:16.553666286106466:13.935162289846023:3.0054527106058417:1.0572290350048408:0.5133461284858958:0.29112297582571334,0.000574060567632217
3,6,6,3:-4:0,4:3:0,96,9,252718.55084201737:239338.94446685325:32516.81576585088:16873.136856453668:9077.595078903812:1189.991139206116:1099.1961832654463:195.00198701962904:154.90789082275603:39.99983497150781:9.470532485303618:8.086225050554175:2.297445879621613:0.7526969757823194:0.3629354708002916:0.2381176501412898,0.000721355273212135
3,6,6,-5:-3:0,5:3:0,48,9,86262.58940045122:81682.08829432272:11108.442347046195:5757.713059676678:3104.928885938262:406.1601486532162:375.26596166419637:91.61065242236982:72.29449769735729:18.87404120941396:4.386183120737145:3.8712338787502927:1.600573606610028:0.4703199839878413:0.22401938816342168:0.17576798141181632,0.0009905934380752416
3,6,6,-4:-3:0,4:3:0,96,9,252718.5508420173:239338.9444668533:32516.8157658509:16873.136856453664:9077.595078903818:1189.9911392061144:1099.1961832654465:195.00198701962884:154.90789082275555:39.99983497150776:9.470532485303503:8.086225050538504:2.2974458796251422:0.7526969757820818:0.36293547080157434:0.23811765014187353,0.0007213552732121323
3,6,6,-3:-3:0,3:3:0,168,9,797132.1408377478:755025.8077592471:102499.90132529347:53234.03638039395:28587.518087403107:3754.042739497584:3466.657370242754:438.92870504195116:350.30962283134687:89.66616295918851:21.546952363336942:18.046051680709272:3.421575628109264:1.240738542463434:0.6041578507074168:0.31846786787528614,0.0005155828471764071
3,6,6,-2:-3:0,3:2:0,240,8,2.4880932716761976e6:2.356878628600737e6:319788.251693725:166186.80957559994:89130.47804478696:11719.18853441011:10819.516452104357:983.3784562034971:787.2531167951796:200.22340783824902:48.63552574900135:40.2569325886301:5.168871742289727:2.031724804104963:0.9964347197866852:0.4126034339480373,0.00037045999931749476
3,6,6,-1:-3:0,3:1:0,280,8,6.229874210182481e6:5.9016459118866455e6:800492.394678073:416151.3566201753:223022.5023756421:29346.32456930474:27089.27710596431:1887.187294863625:1513.446985432672:383.4229820820262:93.7473422907431:77.09358888429169:7.298764392015524:3.020625108074669:1.4879151498554102:0.49966532793153273,0.0002841050464928116
3,6,6,0:-3:0,3:0:0,320,8,9.00673755472678e6:8.532359117407864e6:1.1571941006805154e6:601663.319513347:322359.50321535463:42428.47936644214:39163.18920288859:2452.597468743069:1967.9962916744114:497.92954223603164:122.01175867452598:100.12667153552341:8.406945663264194:3.541379211417636:1.746993032454432:0.5376162352987135,0.0002554375235620056
3,6,6,1:-3:0,3:1:0,280,8,6.229874210182479e6:5.901645911886641e6:800492.3946780724:416151.35662017483:223022.50237564207:29346.32456930472:27089.277105964306:1887.187294863625:1513.4469854326696:383.42298208203556:93.7473422907534:77.0935888844905:7.298764392039429:3.0206251080939346:1.4879151498407734:0.49966532789031054,0.0002841050464928126
3,6,6,2:-3:0,3:2:0,240,8,2.4880932716761976e6:2.3568786286007385e6:319788.25169372506:166186.80957560003:89130.47804478694:11719.188534410107:10819.516452104335:983.3784562034992:787.2531167951795:200.2234078382517:48.63552574900148:40.2569325885922:5.168871742301787:2.031724804107113:0.9964347197770486:0.4126034339475297,0.0003704599993174948
3,6,6,3:-3:0,3:3:0,168,9,797132.1408377478:755025.8077592473:102499.9013252934:53234.03638039395:28587.518087403107:3754.042739497584:3466.657370242754:438.928705041951:350.3096228313466:89.66616295919077:21.546952363338434:18.04605168073288:3.4215756281095655:1.2407385424621014:0.6041578506805821:0.3184678678722043,0.0005155828471764079
3,6,6,4:-3:0,4:3:0,96,9,252718.5508420173:239338.9444668533:32516.8157658509:16873.136856453664:9077.595078903818:1189.9911392061144:1099.1961832654465:195.00198701962884:154.90789082275555:39.99983497150776:9.470532485303503:8.086225050538504:2.2974458796251422:0.7526969757820818:0.36293547080157434:0.23811765014187353,0.0007213552732121323
3,6,6,5:-3:0,5:3:0,48,9,86262.58940045116:81682.08829432263:11108.442347046195:5757.713059676671:3104.9288859382605:406.160148653216:375.2659616641958:91.61065242236975:72.29449769735734:18.87404120941404:4.386183120737175:3.8712338787509344:1.6005736066102034:0.47031998398781494:0.2240193881635594:0.17576798141171945,0.0009905934380752424
3,6,6,-5:-2:0,5:2:0,96,9,150413.88066597594:142440.12089906173:19360.578992543054:10041.269400512196:5407.76680317853:708.2281400258922:654.2748603931182:135.3388084924388:107.20566564551532:27.81893297951621:6.531811946553567:5.651275252657454:1.9285654369346454:0.6000530940352741:0.2877490593719482:0.2064946281348202,0.0008403512591142891
3,6,6,-4:-2:0,4:2:0,192,9,551449.2664360624:522301.55807472:70921.49210845135:36824.436464281316:19785.515357614888:2596.8903328958118:2398.2933118247643:338.23497039786645:269.5981707133883:69.1815882979883:16.553666286105933:13.935162289811261:3.005452710613261:1.057229035004917:0.5133461284863576:0.29112297582619234,0.0005740605676322135
3,6,6,-3:-2:0,3:2:0,240,8,2.4880932716762004e6:2.3568786286007366e6:319788.25169372506:166186.80957560003:89130.47804478699:11719.188534410112:10819.51645210434:983.3784562034983:787.2531167951768:200.2234078382512:48.635525749000436:40.25693258871504:5.1688717422911905:2.0317248041056906:0.9964347197807542:0.4126034339455482,0.0003704599993174952
3,6,6,-2:-2:0,2:2:0,288,7,1.3599983310219966e7:1.2883911369828036e7:1.7471809532140319e6:908528.1006011813:486648.1200704019:64068.468122732054:59134.5594618853:3287.970406970731:2639.782802194806:667.0254364336336:163.8068250345658:134.1475191145665:9.86292892475299:4.230004071947658:2.0897745086735133:0.5821837735111937,0.00022682809875333406
3,6,6,2:-2:0,2:2:0,288,7,1.359998331021996e7:1.2883911369828047e7:1.7471809532140302e6:908528.1006011821:486648.1200704018:64068.46812273212:59134.55946188527:3287.9704069707295:2639.7828021948067:667.0254364336295:163.80682503456575:134.14751911471282:9.862928924730868:4.230004071950956:2.0897745086335666:0.5821837734545949,0.00022682809875333417
3,6,6,3:-2:0,3:2:0,240,8,2.4880932716761986e6:2.356878628600737e6:319788.25169372495:166186.80957560005:89130.47804478696:11719.188534410117:10819.51645210435:983.3784562034994:787.2531167951777:200.22340783824947:48.63552574900217:40.256932588349045:5.16887174234153:2.0317248041047953:0.9964347197690565:0.4126034339565642,0.00037045999931749227
3,6,6,4:-2:0,4:2:0,192,9,551449.2664360619:522301.5580747197:70921.49210845132:36824.4364642813:19785.515357614895:2596.890332895809:2398.293311824763:338.2349703978669:269.5981707133884:69.18158829798892:16.553666286105745:13.935162289864463:3.005452710602459:1.0572290350048137:0.5133461284832603:0.291122975825442,0.0005740605676322167
3,6,6,5:-2:0,5:2:0,96,9,150413.8806659759:142440.12089906173:19360.578992543033:10041.269400512185:5407.76680317853:708.2281400258921:654.2748603931184:135.33880849243886:107.20566564551541:27.818932979516028:6.5318119465536215:5.651275252658512:1.928565436935332:0.6000530940352818:0.28774905937226813:0.20649462813476308,0.0008403512591142897
3,6,6,-5:-1:0,5:1:0,112,9,220335.17481151922:208666.21780622366:28352.70838668762:14710.522024080134:7916.192859227199:1037.4903832693035:958.3637564618311:177.04489893687827:140.54450490743176:36.33586747962258:8.585035726285202:7.35309080798678:2.1931173742257255:0.7089800006044772:0.3413843746742647:0.2294814015092499,0.0007510062695979362
3,6,6,-4:-1:0,4:1:0,224,9,973530.7470448537:922123.2865710491:125170.86929650455:65016.40775397266:34905.84820093665:4584.899873085054:4233.721511782867:505.6477395396495:403.8131890642373:103.22993932489577:24.859579625590058:20.76927132249337:3.673893069438521:1.353173319806845:0.6598444517402462:0.33393441535061086,0.00048643663700327064
3,6,6,-3:-1:0,3:1:0,280,8,6.229874210182478e6:5.901645911886643e6:800492.3946780729:416151.35662017524:223022.502375642:29346.32456930474:27089.27710596433:1887.1872948636285:1513.4469854326694:383.422982082066:93.74734229077102:77.09358888417357:7.298764392023368:3.020625108072418:1.4879151498455696:0.499665327934678,0.0002841050464928123
3,6,6,3:-1:0,3:1:0,280,8,6.2298742101824805e6:5.901645911886645e6:800492.3946780722:416151.35662017507:223022.5023756422:29346.324569304736:27089.277105964316:1887.1872948636258:1513.4469854326703:383.4229820820526:93.7473422907557:77.09358888407618:7.298764392031244:3.0206251080779607:1.4879151499982095:0.4996653279538395,0.0002841050464928114
3,6,6,4:-1:0,4:1:0,224,9,973530.7470448536:922123.2865710484:125170.8692965045:65016.407753972635:34905.848200936634:4584.89987308505:4233.721511782865:505.6477395396483:403.81318906423536:103.229939324897:24.859579625589816:20.7692713225543:3.6738930694276832:1.353173319807228:0.6598444517501876:0.33393441534218476,0.00048643663700327085
3,6,6,5:-1:0,5:1:0,112,9,220335.1748115191:208666.21780622366:28352.70838668761:14710.522024080123:7916.192859227197:1037.4903832693037:958.3637564618333:177.04489893687773:140.54450490743193:36.33586747962282:8.585035726285186:7.353090807985051:2.1931173742273664:0.7089800006047982:0.34138437467663163:0.22948140150886007,0.0007510062695979355
3,6,6,-5:0:0,5:0:0,128,9,252718.55084201743:239338.94446685343:32516.81576585087:16873.136856453664:9077.595078903812:1189.9911392061144:1099.1961832654463:195.001987019629:154.90789082275586:39.999834971508136:9.470532485303613:8.086225050538228:2.2974458796248114:0.7526969757820455:0.3629354708026867:0.23811765014224084,0.0007213552732121331
3,6,6,-4:0:0,4:0:0,256,9,1.2034769939650914e6:1.1399477313858971e6:154721.93748592885:80375.79526629948:43140.865853832496:5667.999866026931:5233.623490836897:587.5818463607371:469.53883266454267:119.87908930563046:28.931110246151007:24.112873769652662:3.964326223499751:1.4834906423184115:0.7244248119642975:0.3508299442057608,0.00045735164882292734
3,6,6,-3:0:0,3:0:0,320,8,9.006737554726778e6:8.532359117407864e6:1.1571941006805159e6:601663.3195133472:322359.5032153547:42428.47936644214:39163.189202888614:2452.597468743062:1967.996291674409:497.92954223603624:122.0117586745315:100.12667153552262:8.406945663257257:3.5413792114453164:1.7469930324563872:0.537616235299575,0.0002554375235620052
3,6,6,3:0:0,3:0:0,320,8,9.006737554726778e6:8.532359117407862e6:1.1571941006805159e6:601663.3195133468:322359.5032153547:42428.47936644215:39163.18920288866:2452.5974687430626:1967.9962916744087:497.9295422360385:122.01175867451568:100.12667153552255:8.406945663257313:3.5413792114452525:1.746993032452614:0.537616235299561,0.00025543752356200523
3,6,6,4:0:0,4:0:0,256,9,1.2034769939650914e6:1.1399477313858974e6:154721.93748592882:80375.79526629945:43140.865853832496:5667.999866026933:5233.623490836892:587.5818463607368:469.53883266454653:119.87908930563063:28.931110246129563:24.112873769652648:3.96432622349976:1.4834906423185021:0.7244248119643141:0.35082994420576463,0.00045735164882292805
3,6,6,5:0:0,5:0:0,128,9,252718.5508420175:239338.94446685328:32516.815765850923:16873.136856453668:9077.595078903814:1189.991139206114:1099.1961832654463:195.001987019629:154.90789082275631:39.99983497150885:9.470532485303526:8.086225050538223:2.297445879624804:0.7526969757820567:0.36293547080272137:0.23811765014224157,0.0007213552732121343
3,6,6,-5:1:0,5:1:0,112,9,220335.17481151922:208666.21780622366:28352.70838668762:14710.522024080134:7916.192859227199:1037.4903832693035:958.3637564618311:177.04489893687827:140.54450490743176:36.33586747962258:8.585035726285202:7.35309080798678:2.1931173742257255:0.7089800006044772:0.3413843746742647:0.2294814015092499,0.0007510062695979362
3,6,6,-4:1:0,4:1:0,224,9,973530.7470448537:922123.2865710491:125170.86929650455:65016.40775397266:34905.84820093665:4584.899873085054:4233.721511782867:505.6477395396495:403.8131890642373:103.22993932489577:24.859579625590058:20.76927132249337:3.673893069438521:1.353173319806845:0.6598444517402462:0.33393441535061086,0.00048643663700327064
3,6,6,-3:1:0,3:1:0,280,8,6.229874210182478e6:5.901645911886643e6:800492.3946780729:416151.35662017524:223022.502375642:29346.32456930474:27089.27710596433:1887.1872948636285:1513.4469854326694:383.422982082066:93.74734229077102:77.09358888417357:7.298764392023368:3.020625108072418:1.4879151498455696:0.499665327934678,0.0002841050464928123
3,6,6,3:1:0,3:1:0,280,8,6.2298742101824805e6:5.901645911886645e6:800492.3946780722:416151.35662017507:223022.5023756422:29346.324569304736:27089.277105964316:1887.1872948636258:1513.4469854326703:383.4229820820526:93.7473422907557:77.09358888407618:7.298764392031244:3.0206251080779607:1.4879151499982095:0.4996653279538395,0.0002841050464928114
3,6,6,4:1:0,4:1:0,224,9,973530.7470448536:922123.2865710484:125170.8692965045:65016.407753972635:34905.848200936634:4584.89987308505:4233.721511782865:505.6477395396483:403.81318906423536:103.229939324897:24.859579625589816:20.7692713225543:3.6738930694276832:1.353173319807228:0.6598444517501876:0.33393441534218476,0.00048643663700327085
3,6,6,5:1:0,5:1:0,112,9,220335.1748115191:208666.21780622366:28352.70838668761:14710.522024080123:7916.192859227197:1037.4903832693037:958.3637564618333:177.04489893687773:140.54450490743193:36.33586747962282:8.585035726285186:7.353090807985051:2.1931173742273664:0.7089800006047982:0.34138437467663163:0.22948140150886007,0.0007510062695979355
3,6,6,-5:2:0,5:2:0,96,9,150413.88066597594:142440.12089906173:19360.578992543054:10041.269400512196:5407.76680317853:708.2281400258922:654.2748603931182:135.3388084924388:107.20566564551532:27.81893297951621:6.531811946553567:5.651275252657454:1.9285654369346454:0.6000530940352741:0.2877490593719482:0.2064946281348202,0.0008403512591142891
3,6,6,-4:2:0,4:2:0,192,9,551449.2664360624:522301.55807472:70921.49210845135:36824.436464281316:19785.515357614888:2596.8903328958118:2398.2933118247643:338.23497039786645:269.5981707133883:69.1815882979883:16.553666286105933:13.935162289811261:3.005452710613261:1.057229035004917:0.5133461284863576:0.29112297582619234,0.0005740605676322135
3,6,6,-3:2:0,3:2:0,240,8,2.4880932716762004e6:2.3568786286007366e6:319788.25169372506:166186.80957560003:89130.47804478699:11719.188534410112:10819.51645210434:983.3784562034983:787.2531167951768:200.2234078382512:48.635525749000436:40.25693258871504:5.1688717422911905:2.0317248041056906:0.9964347197807542:0.4126034339455482,0.0003704599993174952
3,6,6,-2:2:0,2:2:0,288,7,1.3599983310219966e7:1.2883911369828036e7:1.7471809532140319e6:908528.1006011813:486648.1200704019:64068.468122732054:59134.5594618853:3287.970406970731:2639.782802194806:667.0254364336336:163.8068250345658:134.1475191145665:9.86292892475299:4.230004071947658:2.0897745086735133:0.5821837735111937,0.00022682809875333406
3,6,6,2:2:0,2:2:0,288,7,1.359998331021996e7:1.2883911369828047e7:1.7471809532140302e6:908528.1006011821:486648.1200704018:64068.46812273212:59134.55946188527:3287.9704069707295:2639.7828021948067:667.0254364336295:163.80682503456575:134.14751911471282:9.862928924730868:4.230004071950956:2.0897745086335666:0.5821837734545949,0.00022682809875333417
3,6,6,3:2:0,3:2:0,240,8,2.4880932716761986e6:2.356878628600737e6:319788.25169372495:166186.80957560005:89130.47804478696:11719.188534410117:10819.51645210435:983.3784562034994:787.2531167951777:200.22340783824947:48.63552574900217:40.256932588349045:5.16887174234153:2.0317248041047953:0.9964347197690565:0.4126034339565642,0.00037045999931749227
3,6,6,4:2:0,4:2:0,192,9,551449.2664360619:522301.5580747197:70921.49210845132:36824.4364642813:19785.515357614895:2596.890332895809:2398.293311824763:338.2349703978669:269.5981707133884:69.18158829798892:16.553666286105745:13.935162289864463:3.005452710602459:1.0572290350048137:0.5133461284832603:0.291122975825442,0.0005740605676322167
3,6,6,5:2:0,5:2:0,96,9,150413.8806659759:142440.12089906173:19360.578992543033:10041.269400512185:5407.76680317853:708.2281400258921:654.2748603931184:135.33880849243886:107.20566564551541:27.818932979516028:6.5318119465536215:5.651275252658512:1.928565436935332:0.6000530940352818:0.28774905937226813:0.20649462813476308,0.0008403512591142897
3,6,6,-5:3:0,5:3:0,48,9,86262.58940045122:81682.08829432272:11108.442347046195:5757.713059676678:3104.928885938262:406.1601486532162:375.26596166419637:91.61065242236982:72.29449769735729:18.87404120941396:4.386183120737145:3.8712338787502927:1.600573606610028:0.4703199839878413:0.22401938816342168:0.17576798141181632,0.0009905934380752416
3,6,6,-4:3:0,4:3:0,96,9,252718.5508420173:239338.9444668533:32516.8157658509:16873.136856453664:9077.595078903818:1189.9911392061144:1099.1961832654465:195.00198701962884:154.90789082275555:39.99983497150776:9.470532485303503:8.086225050538504:2.2974458796251422:0.7526969757820818:0.36293547080157434:0.23811765014187353,0.0007213552732121323
3,6,6,-3:3:0,3:3:0,168,9,797132.1408377478:755025.8077592471:102499.90132529347:53234.03638039395:28587.518087403107:3754.042739497584:3466.657370242754:438.92870504195116:350.30962283134687:89.66616295918851:21.546952363336942:18.046051680709272:3.421575628109264:1.240738542463434:0.6041578507074168:0.31846786787528614,0.0005155828471764071
3,6,6,-2:3:0,3:2:0,240,8,2.4880932716761976e6:2.356878628600737e6:319788.251693725:166186.80957559994:89130.47804478696:11719.18853441011:10819.516452104357:983.3784562034971:787.2531167951796:200.22340783824902:48.63552574900135:40.2569325886301:5.168871742289727:2.031724804104963:0.9964347197866852:0.4126034339480373,0.00037045999931749476
3,6,6,-1:3:0,3:1:0,280,8,6.229874210182481e6:5.9016459118866455e6:800492.394678073:416151.3566201753:223022.5023756421:29346.32456930474:27089.27710596431:1887.187294863625:1513.446985432672:383.4229820820262:93.7473422907431:77.09358888429169:7.298764392015524:3.020625108074669:1.4879151498554102:0.49966532793153273,0.0002841050464928116
3,6,6,0:3:0,3:0:0,320,8,9.00673755472678e6:8.532359117407864e6:1.1571941006805154e6:601663.319513347:322359.50321535463:42428.47936644214:39163.18920288859:2452.597468743069:1967.9962916744114:497.92954223603164:122.01175867452598:100.12667153552341:8.406945663264194:3.541379211417636:1.746993032454432:0.5376162352987135,0.0002554375235620056
3,6,6,1:3:0,3:1:0,280,8,6.229874210182479e6:5.901645911886641e6:800492.3946780724:416151.35662017483:223022.50237564207:29346.32456930472:27089.277105964306:1887.187294863625:1513.4469854326696:383.42298208203556:93.7473422907534:77.0935888844905:7.298764392039429:3.0206251080939346:1.4879151498407734:0.49966532789031054,0.0002841050464928126
3,6,6,2:3:0,3:2:0,240,8,2.4880932716761976e6:2.3568786286007385e6:319788.25169372506:166186.80957560003:89130.47804478694:11719.188534410107:10819.516452104335:983.3784562034992:787.2531167951795:200.2234078382517:48.63552574900148:40.2569325885922:5.168871742301787:2.031724804107113:0.9964347197770486:0.4126034339475297,0.0003704599993174948
3,6,6,3:3:0,3:3:0,168,9,797132.1408377478:755025.8077592473:102499.9013252934:53234.03638039395:28587.518087403107:3754.042739497584:3466.657370242754:438.928705041951:350.3096228313466:89.66616295919077:21.546952363338434:18.04605168073288:3.4215756281095655:1.2407385424621014:0.6041578506805821:0.3184678678722043,0.0005155828471764079
3,6,6,4:3:0,4:3:0,96,9,252718.5508420173:239338.9444668533:32516.8157658509:16873.136856453664:9077.595078903818:1189.9911392061144:1099.1961832654465:195.00198701962884:154.90789082275555:39.99983497150776:9.470532485303503:8.086225050538504:2.2974458796251422:0.7526969757820818:0.36293547080157434:0.23811765014187353,0.0007213552732121323
3,6,6,5:3:0,5:3:0,48,9,86262.58940045116:81682.08829432263:11108.442347046195:5757.713059676671:3104.9288859382605:406.160148653216:375.2659616641958:91.61065242236975:72.29449769735734:18.87404120941404:4.386183120737175:3.8712338787509344:1.6005736066102034:0.47031998398781494:0.2240193881635594:0.17576798141171945,0.0009905934380752424
3,6,6,-3:4:0,4:3:0,96,9,252718.55084201737:239338.94446685349:32516.81576585088:16873.13685645367:9077.595078903814:1189.9911392061151:1099.1961832654463:195.001987019629:154.90789082275643:39.999834971507646:9.470532485303867:8.08622505051385:2.2974458796278787:0.7526969757822327:0.36293547080150396:0.23811765014326583,0.0007213552732121318
3,6,6,-2:4:0,4:2:0,192,9,551449.266436062:522301.5580747194:70921.49210845133:36824.436464281316:19785.515357614895:2596.890332895811:2398.293311824761:338.2349703978676:269.5981707133877:69.18158829798934:16.553666286105283:13.935162289781559:3.005452710618074:1.0572290350056135:0.5133461284860723:0.29112297582747804,0.0005740605676322136
3,6,6,-1:4:0,4:1:0,224,9,973530.7470448536:922123.2865710485:125170.86929650453:65016.407753972606:34905.84820093664:4584.899873085049:4233.721511782868:505.64773953964925:403.81318906423627:103.2299393248963:24.85957962559202:20.769271322538756:3.673893069430503:1.3531733198083444:0.6598444517416692:0.33393441534523166,0.0004864366370032713
3,6,6,0:4:0,4:0:0,256,9,1.2034769939650914e6:1.1399477313858967e6:154721.93748592894:80375.79526629951:43140.86585383249:5667.999866026931:5233.623490836895:587.5818463607355:469.53883266454557:119.87908930563057:28.93111024614874:24.112873769652417:3.964326223499576:1.483490642318499:0.7244248119642915:0.3508299442057599,0.0004573516488229277
3,6,6,1:4:0,4:1:0,224,9,973530.7470448532:922123.2865710485:125170.86929650458:65016.407753972635:34905.84820093665:4584.899873085048:4233.721511782863:505.6477395396494:403.8131890642358:103.22993932489425:24.859579625589276:20.76927132249564:3.67389306943917:1.3531733198069715:0.6598444517299794:0.33393441534793317,0.0004864366370032701
3,6,6,2:4:0,4:2:0,192,9,551449.2664360623:522301.55807471985:70921.49210845135:36824.43646428131:19785.515357614895:2596.8903328958127:2398.293311824764:338.23497039786787:269.59817071338887:69.18158829798872:16.553666286106466:13.935162289846023:3.0054527106058417:1.0572290350048408:0.5133461284858958:0.29112297582571334,0.000574060567632217
3,6,6,3:4:0,4:3:0,96,9,252718.55084201737:239338.94446685325:32516.81576585088:16873.136856453668:9077.595078903812:1189.991139206116:1099.1961832654463:195.00198701962904:154.90789082275603:39.99983497150781:9.470532485303618:8.086225050554175:2.297445879621613:0.7526969757823194:0.3629354708002916:0.2381176501412898,0.000721355273212135
3,6,6,-3:5:0,5:3:0,48,9,86262.58940045116:81682.08829432266:11108.442347046192:5757.713059676676:3104.9288859382623:406.16014865321654:375.26596166419625:91.61065242237004:72.29449769735758:18.87404120941407:4.386183120736921:3.8712338787517337:1.6005736066097256:0.47031998398784697:0.2240193881633098:0.17576798141177868,0.0009905934380752457
3,6,6,-2:5:0,5:2:0,96,9,150413.88066597597:142440.1208990617:19360.578992543054:10041.269400512198:5407.76680317853:708.228140025892:654.2748603931179:135.3388084924387:107.20566564551542:27.818932979516127:6.531811946553799:5.651275252657424:1.928565436934417:0.6000530940352901:0.28774905937473283:0.20649462813511357,0.000840351259114289
3,6,6,-1:5:0,5:1:0,112,9,220335.1748115191:208666.2178062236:28352.70838668761:14710.522024080123:7916.192859227197:1037.490383269303:958.3637564618316:177.04489893687756:140.54450490743173:36.33586747962275:8.585035726284707:7.353090807970634:2.1931173742292636:0.7089800006050667:0.34138437468088323:0.22948140150950935,0.0007510062695979331
3,6,6,0:5:0,5:0:0,128,9,252718.55084201746:239338.94446685337:32516.815765850897:16873.136856453664:9077.595078903816:1189.9911392061147:1099.1961832654465:195.00198701962927:154.90789082275617:39.99983497150799:9.470532485301058:8.086225050538356:2.2974458796251045:0.7526969757820655:0.3629354708027471:0.23811765014218111,0.0007213552732121339
3,6,6,1:5:0,5:1:0,112,9,220335.1748115192:208666.21780622375:28352.708386687613:14710.522024080132:7916.192859227198:1037.490383269304:958.3637564618339:177.04489893687793:140.5445049074319:36.33586747962241:8.58503572628537:7.3530908079659465:2.1931173742289736:0.7089800006048047:0.34138437467329275:0.22948140150921886,0.0007510062695979332
3,6,6,2:5:0,5:2:0,96,9,150413.88066597594:142440.12089906173:19360.57899254303:10041.269400512187:5407.7668031785315:708.2281400258919:654.2748603931182:135.33880849243857:107.20566564551537:27.818932979516244:6.531811946553603:5.651275252659239:1.9285654369342782:0.6000530940354242:0.28774905937527095:0.20649462813501437,0.0008403512591142888
3,6,6,3:5:0,5:3:0,48,9,86262.5894004512:81682.08829432266:11108.442347046192:5757.713059676679:3104.9288859382623:406.1601486532161:375.26596166419586:91.61065242236984:72.29449769735766:18.87404120941406:4.386183120737369:3.8712338787508265:1.6005736066098941:0.47031998398784514:0.2240193881636398:0.17576798141181604,0.0009905934380752444
3,6,6,-3:-5:1,5:3:1,42,9,72842.36555031507:69772.57695775606:9883.52879660699:5269.029632967878:2951.8957461884274:383.5778988086454:350.64375720266963:81.76725672678616:65.65565495103738:18.027495679741136:4.1901660489050006:3.685947816930001:1.5368246122319087:0.4486132325210617:0.22072858534098833:0.16614585687370617,0.0010495389009444445
3,6,6,-2:-5:1,5:2:1,84,9,123430.20603110554:118462.9952826415:16885.87091421292:9051.457160876636:5095.756656029462:662.341280895838:604.4197598097072:118.42685179963988:95.75945731317843:26.361881937550542:6.190486078466511:5.32953681857009:1.8372696581767987:0.5681334950923097:0.2813254526694271:0.19497508074174189,0.0008987588357768803
3,6,6,-1:-5:1,5:1:1,98,9,176814.21869181513:169956.56793746608:24346.58879880161:13105.103093310105:7407.3538328473405:962.8773285839976:877.5423339348656:152.54603109924605:123.92318401924112:34.21901030316519:8.08596048894938:6.88375455828813:2.076045312441841:0.6673960947468022:0.33193669379320534:0.21638856974880563,0.0008091258744069083
3,6,6,0:-5:1,5:1:0,112,9,201062.78152351707:193376.75111918597:27755.168809167233:14963.549448677968:8471.038897743063:1101.1559158659638:1003.0840406323946:167.0211262329818:135.90745489427917:37.57875482646349:8.89859222116018:7.548862964430585:2.1693955694366736:0.7069716288974954:0.3521727196941329:0.224402489502748,0.0007793861306908722
3,6,6,1:-5:1,5:1:1,98,9,176814.21869181524:169956.5679374663:24346.588798801622:13105.103093310116:7407.353832847343:962.8773285839982:877.5423339348656:152.54603109924636:123.92318401924135:34.219010303165525:8.085960488949436:6.883754558288326:2.076045312441128:0.6673960947467789:0.33193669378718643:0.21638856975126333,0.0008091258744069092
3,6,6,2:-5:1,5:2:1,84,9,123430.20603110541:118462.99528264142:16885.870914212905:9051.457160876638:5095.75665602946:662.3412808958382:604.4197598097069:118.42685179963969:95.75945731317836:26.36188193755026:6.1904860784659075:5.32953681857015:1.8372696581761838:0.568133495092482:0.281325452670029:0.1949750807421299,0.0008987588357768797
3,6,6,3:-5:1,5:3:1,42,9,72842.36555031508:69772.57695775606:9883.528796606994:5269.029632967876:2951.8957461884283:383.57789880864544:350.64375720266975:81.76725672678631:65.6556549510377:18.027495679741296:4.190166048905471:3.6859478169298727:1.5368246122315223:0.4486132325204967:0.2207285853410137:0.16614585687352892,0.0010495389009444478
3,6,6,-3:-4:1,4:3:1,84,9,201062.78152351716:193376.75111918608:27755.168809167244:14963.549448677977:8471.038897743061:1101.1559158659643:1003.0840406323944:167.021126232981:135.90745489427923:37.57875482645987:8.898592221158728:7.548862964430387:2.1693955694365115:0.7069716288972494:0.3521727196958609:0.22440248950081831,0.0007793861306908671
3,6,6,-2:-4:1,4:2:1,168,9,415010.3765174222:400618.0358787274:58231.40324438325:31711.501061392944:18137.8626809136:2357.5606092335724:2141.391835079065:278.7873917435957:229.01872129642342:63.97872993434769:15.314146526950074:12.77772974184184:2.791754962310622:0.9788118703273515:0.4918804708481043:0.27322508593569633,0.0006317205463462229
3,6,6,-1:-4:1,4:1:1,196,9,697960.6570936205:675873.5436817971:99345.26564958185:54568.98330448998:31495.294253456097:4093.27275664844:3709.621753090131:403.0530205002093:333.49161631368423:94.14045474168226:22.687177025064425:18.751825146007825:3.3631558899455913:1.2371467658567146:0.6255773621638452:0.3121940603377628,0.000543957629284604
3,6,6,0:-4:1,4:1:0,224,9,845671.1604135552:819958.6040160373:121086.31447527833:66746.1370075197:38667.40076325122:5025.233790025766:4550.328471002298:461.9246040010999:383.2691677038521:108.68573562466014:26.25429838387992:21.63262476745245:3.6069723257981776:1.3492452174775982:0.6838292862096852:0.32745378156141736,0.0005148470491095758
3,6,6,1:-4:1,4:1:1,196,9,697960.6570936202:675873.5436817972:99345.26564958188:54568.983304489935:31495.294253456083:4093.272756648445:3709.621753090131:403.0530205002072:333.49161631368406:94.14045474168284:22.687177025064802:18.751825146007324:3.363155889939652:1.237146765857965:0.6255773621622019:0.31219406033186003,0.0005439576292846023
3,6,6,2:-4:1,4:2:1,168,9,415010.3765174225:400618.0358787275:58231.40324438325:31711.501061392944:18137.862680913597:2357.5606092335715:2141.391835079065:278.78739174359504:229.01872129642322:63.97872993434514:15.31414652695017:12.777729741842453:2.791754962309158:0.9788118703258157:0.49188047085056136:0.2732250859368301,0.000631720546346221
3,6,6,3:-4:1,4:3:1,84,9,201062.7815235171:193376.75111918594:27755.168809167244:14963.549448677968:8471.038897743065:1101.1559158659645:1003.084040632394:167.02112623298137:135.90745489428008:37.578754826464206:8.898592221161033:7.5488629644308:2.1693955694362255:0.7069716288976605:0.3521727196920144:0.224402489502537,0.0007793861306908733
3,6,6,-5:-3:1,5:3:1,42,9,72842.36555031508:69772.57695775604:9883.528796606995:5269.029632967878:2951.8957461884274:383.5778988086456:350.6437572026693:81.76725672678644:65.65565495103772:18.02749567974171:4.190166048904988:3.6859478169299136:1.5368246122319584:0.44861323252088137:0.2207285853409328:0.1661458568737868,0.0010495389009444495
3,6,6,-4:-3:1,4:3:1,84,9,201062.7815235172:193376.75111918602:27755.168809167237:14963.549448677966:8471.038897743067:1101.1559158659643:1003.0840406323933:167.0211262329812:135.90745489427943:37.5787548264627:8.89859222116018:7.548862964430295:2.1693955694364027:0.7069716288975091:0.3521727196924907:0.2244024895028895,0.00077938613069087
3,6,6,-3:-3:1,3:3:1,147,9,581823.5365857665:562763.3966355405:82377.6922335833:45105.97442812489:25946.822185509438:3372.301974733328:3058.670183145189:354.2213228468082:292.33492703545716:82.19648050886545:19.763207340196022:16.386180977478105:3.1491944944273356:1.1396341837934603:0.5750177111525112:0.298164950191149,0.0005731408479854567
3,6,6,-2:-3:1,3:2:1,210,9,1.6172619261500603e6:1.57575331560183e6:236973.21537387726:132408.37605354446:77808.5443082989:10112.942209611407:9130.071449335124:732.658494026419:614.0832050723951:177.38554125295184:43.175762994496225:35.2418418476686:4.592132285213546:1.8108235080490778:0.9250012960973985:0.3826340398877434,0.00042797114430789595
3,6,6,-1:-3:1,3:1:1,245,8,3.5839724025481585e6:3.517744488321564e6:544553.7325941124:310659.19290463906:186490.29385739565:24265.90183750708:21828.40838234689:1292.7675913660557:1099.2738236838325:327.24937777823504:80.38779148600858:64.98091610448984:6.244481487455915:2.6078620628269102:1.3457421275593457:0.45862375611678974,0.00034186033688179854
3,6,6,0:-3:1,3:1:0,280,8,4.891069700399248e6:4.816803701066049e6:756053.0859728466:435484.8084751248:263930.6417612774:34378.32768872834:30884.362621332693:1614.8269252833752:1381.9598840157191:417.3562815667041:102.91528953455301:82.91375300601835:7.064972745496736:3.0116822161002554:1.5607460618543054:0.49103661095527984,0.0003133619357268055
3,6,6,1:-3:1,3:1:1,245,8,3.583972402548157e6:3.5177444883215646e6:544553.7325941123:310659.19290463894:186490.2938573955:24265.901837507077:21828.408382346905:1292.7675913660537:1099.2738236838409:327.24937777825284:80.38779148600791:64.98091610448247:6.244481487431031:2.6078620628134366:1.3457421274498085:0.4586237561801993,0.0003418603368818
3,6,6,2:-3:1,3:2:1,210,9,1.6172619261500617e6:1.57575331560183e6:236973.21537387735:132408.37605354455:77808.5443082989:10112.942209611385:9130.071449335122:732.6584940264208:614.0832050723934:177.38554125295173:43.17576299449978:35.24184184766691:4.592132285214645:1.8108235080524329:0.9250012960985683:0.38263403989414835,0.000427971144307896
3,6,6,3:-3:1,3:3:1,147,9,581823.5365857665:562763.3966355406:82377.69223358328:45105.97442812488:25946.822185509438:3372.301974733327:3058.670183145193:354.22132284680595:292.33492703545903:82.19648050886914:19.763207340200044:16.386180977479015:3.1491944944298993:1.13963418379316:0.5750177111780278:0.2981649501706296,0.000573140847985457
3,6,6,4:-3:1,4:3:1,84,9,201062.7815235172:193376.75111918602:27755.168809167237:14963.549448677966:8471.038897743067:1101.1559158659643:1003.0840406323933:167.0211262329812:135.90745489427943:37.5787548264627:8.89859222116018:7.548862964430295:2.1693955694364027:0.7069716288975091:0.3521727196924907:0.2244024895028895,0.00077938613069087
3,6,6,5:-3:1,5:3:1,42,9,72842.36555031504:69772.57695775604:9883.528796606992:5269.029632967873:2951.895746188427:383.5778988086456:350.6437572026695:81.7672567267863:65.65565495103738:18.027495679740657:4.190166048904176:3.68594781692992:1.5368246122317348:0.4486132325211738:0.22072858534082235:0.16614585687360856,0.0010495389009444443
3,6,6,-5:-2:1,5:2:1,84,9,123430.20603110545:118462.99528264142:16885.870914212905:9051.457160876635:5095.756656029463:662.3412808958383:604.4197598097066:118.42685179964036:95.75945731317867:26.361881937550987:6.190486078465863:5.329536818569695:1.8372696581773407:0.5681334950919793:0.2813254526740755:0.19497508074029624,0.0008987588357768844
3,6,6,-4:-2:1,4:2:1,168,9,415010.37651742273:400618.03587872745:58231.40324438325:31711.501061392955:18137.862680913604:2357.5606092335724:2141.391835079064:278.7873917435969:229.01872129642325:63.978729934344635:15.314146526950637:12.77772974184211:2.7917549623106086:0.978811870324435:0.49188047084951847:0.2732250859350698,0.000631720546346223
3,6,6,-3:-2:1,3:2:1,210,9,1.6172619261500612e6:1.5757533156018304e6:236973.2153738774:132408.37605354463:77808.54430829894:10112.942209611398:9130.071449335117:732.6584940264165:614.0832050723893:177.3855412529497:43.17576299450204:35.24184184766622:4.592132285215219:1.8108235080525266:0.9250012960985816:0.3826340398879505,0.0004279711443078933
3,6,6,-2:-2:1,2:2:1,252,8,6.8784897257747855e6:6.801368412545739e6:1.0861503732340685e6:632955.1919187885:387949.23641548795:50623.26778450008:45418.75219355152:2061.7528136242713:1777.9658433257707:546.5223508836634:135.3800334408149:108.70249498486587:8.107083933763933:3.5308645037869026:1.838837505850945:0.5285094754498472,0.0002849913423391529
3,6,6,2:-2:1,2:2:1,252,8,6.878489725774784e6:6.801368412545738e6:1.0861503732340685e6:632955.1919187885:387949.2364154881:50623.26778450007:45418.75219355153:2061.752813624276:1777.9658433257582:546.5223508836837:135.38003344082267:108.70249498486996:8.107083933799593:3.5308645038380173:1.8388375057026023:0.5285094755084265,0.00028499134233915297
3,6,6,3:-2:1,3:2:1,210,9,1.617261926150061e6:1.5757533156018297e6:236973.21537387726:132408.37605354458:77808.5443082989:10112.942209611392:9130.071449335115:732.6584940264169:614.0832050723906:177.38554125291373:43.175762994501206:35.24184184766673:4.592132285221024:1.8108235080487245:0.9250012961073801:0.38263403988477207,0.000427971144307891
3,6,6,4:-2:1,4:2:1,168,9,415010.37651742215:400618.0358787275:58231.403244383255:31711.50106139293:18137.862680913597:2357.560609233571:2141.3918350790664:278.7873917435964:229.01872129642382:63.97872993434132:15.314146526949118:12.777729741842885:2.791754962310591:0.9788118703269479:0.4918804708492901:0.27322508593607603,0.0006317205463462223
3,6,6,5:-2:1,5:2:1,84,9,123430.2060311054:118462.9952826415:16885.870914212905:9051.457160876638:5095.75665602946:662.3412808958384:604.4197598097068:118.42685179963979:95.75945731317861:26.361881937549818:6.190486078465782:5.329536818570153:1.8372696581764354:0.5681334950918886:0.2813254526727641:0.1949750807414708,0.0008987588357768803
3,6,6,-5:-1:1,5:1:1,98,9,176814.21869181521:169956.5679374662:24346.58879880163:13105.103093310114:7407.353832847344:962.8773285839982:877.5423339348657:152.5460310992467:123.9231840192411:34.219010303163735:8.08596048894979:6.883754558288364:2.076045312441015:0.6673960947456965:0.33193669379276275:0.21638856974842988,0.0008091258744069087
3,6,6,-4:-1:1,4:1:1,196,9,697960.6570936205:675873.5436817975:99345.26564958192:54568.98330448995:31495.294253456075:4093.2727566484427:3709.6217530901345:403.0530205002058:333.4916163136839:94.14045474168098:22.687177025065424:18.751825146007814:3.3631558899419978:1.2371467658553976:0.6255773621744638:0.31219406033493047,0.0005439576292846006
3,6,6,-3:-1:1,3:1:1,245,8,3.5839724025481557e6:3.517744488321563e6:544553.7325941123:310659.1929046387:186490.2938573955:24265.901837507077:21828.408382346886:1292.7675913660598:1099.273823683841:327.2493777782362:80.38779148602923:64.98091610448282:6.244481487435181:2.607862062869043:1.3457421275407149:0.45862375614123263,0.0003418603368818006
3,6,6,3:-1:1,3:1:1,245,8,3.5839724025481557e6:3.517744488321563e6:544553.7325941122:310659.192904639:186490.29385739547:24265.901837507074:21828.408382346905:1292.767591366048:1099.273823683845:327.2493777780902:80.38779148601937:64.98091610447918:6.244481487422388:2.607862062833592:1.345742127447025:0.4586237562027132,0.0003418603368817937
3,6,6,4:-1:1,4:1:1,196,9,697960.6570936204:675873.5436817972:99345.26564958191:54568.98330448994:31495.294253456075:4093.272756648442:3709.6217530901317:403.0530205002075:333.4916163136838:94.14045474168472:22.687177025066816:18.751825146007572:3.363155889943031:1.2371467658598656:0.6255773621773238:0.3121940603333803,0.0005439576292846027
3,6,6,5:-1:1,5:1:1,98,9,176814.21869181521:169956.5679374661:24346.588798801626:13105.103093310106:7407.353832847342:962.8773285839981:877.5423339348661:152.54603109924633:123.9231840192412:34.21901030316608:8.085960488950748:6.883754558288308:2.076045312441009:0.6673960947469931:0.331936693794604:0.21638856974880447,0.0008091258744069098
3,6,6,-5:0:1,5:1:0,112,9,201062.78152351713:193376.75111918597:27755.16880916724:14963.54944867797:8471.038897743061:1101.1559158659643:1003.0840406323944:167.02112623298171:135.9074548942794:37.57875482647758:8.89859222116018:7.548862964428809:2.1693955694372127:0.7069716288976272:0.35217271969457553:0.224402489502277,0.0007793861306908806
3,6,6,-4:0:1,4:1:0,224,9,845671.160413555:819958.6040160372:121086.31447527833:66746.13700751969:38667.40076325122:5025.233790025765:4550.328471002303:461.9246040011023:383.2691677038537:108.68573562466499:26.25429838387888:21.63262476745289:3.6069723257999526:1.3492452174775402:0.6838292862104605:0.32745378156021315,0.000514847049109579
3,6,6,-3:0:1,3:1:0,280,8,4.891069700399248e6:4.816803701066052e6:756053.0859728468:435484.8084751248:263930.64176127734:34378.32768872836:30884.362621332682:1614.826925283384:1381.9598840157246:417.35628156695066:102.91528953453474:82.91375300597589:7.064972745494538:3.0116822161041044:1.5607460618698414:0.49103661095958523,0.00031336193572681326
3,6,6,3:0:1,3:1:0,280,8,4.891069700399247e6:4.816803701066053e6:756053.0859728467:435484.8084751248:263930.64176127745:34378.32768872835:30884.36262133268:1614.8269252833848:1381.9598840157164:417.35628156673727:102.91528953452213:82.91375300606245:7.064972745525728:3.011682216096647:1.560746061872481:0.4910366109572608,0.0003133619357268072
3,6,6,4:0:1,4:1:0,224,9,845671.1604135552:819958.6040160378:121086.3144752783:66746.13700751969:38667.40076325123:5025.233790025765:4550.328471002301:461.92460400110247:383.2691677038543:108.68573562471076:26.254298383879497:21.632624767446696:3.606972325798925:1.3492452174783556:0.6838292862107489:0.3274537815605554,0.0005148470491095859
3,6,6,5:0:1,5:1:0,112,9,201062.7815235172:193376.75111918585:27755.16880916723:14963.549448677972:8471.038897743067:1101.1559158659636:1003.0840406323946:167.02112623298183:135.90745489427883:37.578754826464355:8.898592221160499:7.548862964430531:2.1693955694373552:0.7069716288978783:0.3521727196939532:0.22440248950224184,0.0007793861306908722
3,6,6,-5:1:1,5:1:1,98,9,176814.21869181521:169956.5679374662:24346.58879880163:13105.103093310114:7407.353832847344:962.8773285839982:877.5423339348657:152.5460310992467:123.9231840192411:34.219010303163735:8.08596048894979:6.883754558288364:2.076045312441015:0.6673960947456965:0.33193669379276275:0.21638856974842988,0.0008091258744069087
3,6,6,-4:1:1,4:1:1,196,9,697960.6570936205:675873.5436817975:99345.26564958192:54568.98330448995:31495.294253456075:4093.2727566484427:3709.6217530901345:403.0530205002058:333.4916163136839:94.14045474168098:22.687177025065424:18.751825146007814:3.3631558899419978:1.2371467658553976:0.6255773621744638:0.31219406033493047,0.0005439576292846006
3,6,6,-3:1:1,3:1:1,245,8,3.5839724025481557e6:3.517744488321563e6:544553.7325941123:310659.1929046387:186490.2938573955:24265.901837507077:21828.408382346886:1292.7675913660598:1099.273823683841:327.2493777782362:80.38779148602923:64.98091610448282:6.244481487435181:2.607862062869043:1.3457421275407149:0.45862375614123263,0.0003418603368818006
3,6,6,3:1:1,3:1:1,245,8,3.5839724025481557e6:3.517744488321563e6:544553.7325941122:310659.192904639:186490.29385739547:24265.901837507074:21828.408382346905:1292.767591366048:1099.273823683845:327.2493777780902:80.38779148601937:64.98091610447918:6.244481487422388:2.607862062833592:1.345742127447025:0.4586237562027132,0.0003418603368817937
3,6,6,4:1:1,4:1:1,196,9,697960.6570936204:675873.5436817972:99345.26564958191:54568.98330448994:31495.294253456075:4093.272756648442:3709.6217530901317:403.0530205002075:333.4916163136838:94.14045474168472:22.687177025066816:18.751825146007572:3.363155889943031:1.2371467658598656:0.6255773621773238:0.3121940603333803,0.0005439576292846027
3,6,6,5:1:1,5:1:1,98,9,176814.21869181521:169956.5679374661:24346.588798801626:13105.103093310106:7407.353832847342:962.8773285839981:877.5423339348661:152.54603109924633:123.9231840192412:34.21901030316608:8.085960488950748:6.883754558288308:2.076045312441009:0.6673960947469931:0.331936693794604:0.21638856974880447,0.0008091258744069098
3,6,6,-5:2:1,5:2:1,84,9,123430.20603110545:118462.99528264142:16885.870914212905:9051.457160876635:5095.756656029463:662.3412808958383:604.4197598097066:118.42685179964036:95.75945731317867:26.361881937550987:6.190486078465863:5.329536818569695:1.8372696581773407:0.5681334950919793:0.2813254526740755:0.19497508074029624,0.0008987588357768844
3,6,6,-4:2:1,4:2:1,168,9,415010.37651742273:400618.03587872745:58231.40324438325:31711.501061392955:18137.862680913604:2357.5606092335724:2141.391835079064:278.7873917435969:229.01872129642325:63.978729934344635:15.314146526950637:12.77772974184211:2.7917549623106086:0.978811870324435:0.49188047084951847:0.2732250859350698,0.000631720546346223
3,6,6,-3:2:1,3:2:1,210,9,1.6172619261500612e6:1.5757533156018304e6:236973.2153738774:132408.37605354463:77808.54430829894:10112.942209611398:9130.071449335117:732.6584940264165:614.0832050723893:177.3855412529497:43.17576299450204:35.24184184766622:4.592132285215219:1.8108235080525266:0.9250012960985816:0.3826340398879505,0.0004279711443078933
3,6,6,-2:2:1,2:2:1,252,8,6.8784897257747855e6:6.801368412545739e6:1.0861503732340685e6:632955.1919187885:387949.23641548795:50623.26778450008:45418.75219355152:2061.7528136242713:1777.9658433257707:546.5223508836634:135.3800334408149:108.70249498486587:8.107083933763933:3.5308645037869026:1.838837505850945:0.5285094754498472,0.0002849913423391529
3,6,6,2:2:1,2:2:1,252,8,6.878489725774784e6:6.801368412545738e6:1.0861503732340685e6:632955.1919187885:387949.2364154881:50623.26778450007:45418.75219355153:2061.752813624276:1777.9658433257582:546.5223508836837:135.38003344082267:108.70249498486996:8.107083933799593:3.5308645038380173:1.8388375057026023:0.5285094755084265,0.00028499134233915297
3,6,6,3:2:1,3:2:1,210,9,1.617261926150061e6:1.5757533156018297e6:236973.21537387726:132408.37605354458:77808.5443082989:10112.942209611392:9130.071449335115:732.6584940264169:614.0832050723906:177.38554125291373:43.175762994501206:35.24184184766673:4.592132285221024:1.8108235080487245:0.9250012961073801:0.38263403988477207,0.000427971144307891
3,6,6,4:2:1,4:2:1,168,9,415010.37651742215:400618.0358787275:58231.403244383255:31711.50106139293:18137.862680913597:2357.560609233571:2141.3918350790664:278.7873917435964:229.01872129642382:63.97872993434132:15.314146526949118:12.777729741842885:2.791754962310591:0.9788118703269479:0.4918804708492901:0.27322508593607603,0.0006317205463462223
3,6,6,5:2:1,5:2:1,84,9,123430.2060311054:118462.9952826415:16885.870914212905:9051.457160876638:5095.75665602946:662.3412808958384:604.4197598097068:118.42685179963979:95.75945731317861:26.361881937549818:6.190486078465782:5.329536818570153:1.8372696581764354:0.5681334950918886:0.2813254526727641:0.1949750807414708,0.0008987588357768803
3,6,6,-5:3:1,5:3:1,42,9,72842.36555031508:69772.57695775604:9883.528796606995:5269.029632967878:2951.8957461884274:383.5778988086456:350.6437572026693:81.76725672678644:65.65565495103772:18.02749567974171:4.190166048904988:3.6859478169299136:1.5368246122319584:0.44861323252088137:0.2207285853409328:0.1661458568737868,0.0010495389009444495
3,6,6,-4:3:1,4:3:1,84,9,201062.7815235172:193376.75111918602:27755.168809167237:14963.549448677966:8471.038897743067:1101.1559158659643:1003.0840406323933:167.0211262329812:135.90745489427943:37.5787548264627:8.89859222116018:7.548862964430295:2.1693955694364027:0.7069716288975091:0.3521727196924907:0.2244024895028895,0.00077938613069087
3,6,6,-3:3:1,3:3:1,147,9,581823.5365857665:562763.3966355405:82377.6922335833:45105.97442812489:25946.822185509438:3372.301974733328:3058.670183145189:354.2213228468082:292.33492703545716:82.19648050886545:19.763207340196022:16.386180977478105:3.1491944944273356:1.1396341837934603:0.5750177111525112:0.298164950191149,0.0005731408479854567
3,6,6,-2:3:1,3:2:1,210,9,1.6172619261500603e6:1.57575331560183e6:236973.21537387726:132408.37605354446:77808.5443082989:10112.942209611407:9130.071449335124:732.658494026419:614.0832050723951:177.38554125295184:43.175762994496225:35.2418418476686:4.592132285213546:1.8108235080490778:0.9250012960973985:0.3826340398877434,0.00042797114430789595
3,6,6,-1:3:1,3:1:1,245,8,3.5839724025481585e6:3.517744488321564e6:544553.7325941124:310659.19290463906:186490.29385739565:24265.90183750708:21828.40838234689:1292.7675913660557:1099.2738236838325:327.24937777823504:80.38779148600858:64.98091610448984:6.244481487455915:2.6078620628269102:1.3457421275593457:0.45862375611678974,0.00034186033688179854
3,6,6,0:3:1,3:1:0,280,8,4.891069700399248e6:4.816803701066049e6:756053.0859728466:435484.8084751248:263930.6417612774:34378.32768872834:30884.362621332693:1614.8269252833752:1381.9598840157191:417.3562815667041:102.91528953455301:82.91375300601835:7.064972745496736:3.0116822161002554:1.5607460618543054:0.49103661095527984,0.0003133619357268055
3,6,6,1:3:1,3:1:1,245,8,3.583972402548157e6:3.5177444883215646e6:544553.7325941123:310659.19290463894:186490.2938573955:24265.901837507077:21828.408382346905:1292.7675913660537:1099.2738236838409:327.24937777825284:80.38779148600791:64.98091610448247:6.244481487431031:2.6078620628134366:1.3457421274498085:0.4586237561801993,0.0003418603368818
3,6,6,2:3:1,3:2:1,210,9,1.6172619261500617e6:1.57575331560183e6:236973.21537387735:132408.37605354455:77808.5443082989:10112.942209611385:9130.071449335122:732.6584940264208:614.0832050723934:177.38554125295173:43.17576299449978:35.24184184766691:4.592132285214645:1.8108235080524329:0.9250012960985683:0.38263403989414835,0.000427971144307896
3,6,6,3:3:1,3:3:1,147,9,581823.5365857665:562763.3966355406:82377.69223358328:45105.97442812488:25946.822185509438:3372.301974733327:3058.670183145193:354.22132284680595:292.33492703545903:82.19648050886914:19.763207340200044:16.386180977479015:3.1491944944298993:1.13963418379316:0.5750177111780278:0.2981649501706296,0.000573140847985457
3,6,6,4:3:1,4:3:1,84,9,201062.7815235172:193376.75111918602:27755.168809167237:14963.549448677966:8471.038897743067:1101.1559158659643:1003.0840406323933:167.0211262329812:135.90745489427943:37.5787548264627:8.89859222116018:7.548862964430295:2.1693955694364027:0.7069716288975091:0.3521727196924907:0.2244024895028895,0.00077938613069087
3,6,6,5:3:1,5:3:1,42,9,72842.36555031504:69772.57695775604:9883.528796606992:5269.029632967873:2951.895746188427:383.5778988086456:350.6437572026695:81.7672567267863:65.65565495103738:18.027495679740657:4.190166048904176:3.68594781692992:1.5368246122317348:0.4486132325211738:0.22072858534082235:0.16614585687360856,0.0010495389009444443
3,6,6,-3:4:1,4:3:1,84,9,201062.78152351716:193376.75111918608:27755.168809167244:14963.549448677977:8471.038897743061:1101.1559158659643:1003.0840406323944:167.021126232981:135.90745489427923:37.57875482645987:8.898592221158728:7.548862964430387:2.1693955694365115:0.7069716288972494:0.3521727196958609:0.22440248950081831,0.0007793861306908671
3,6,6,-2:4:1,4:2:1,168,9,415010.3765174222:400618.0358787274:58231.40324438325:31711.501061392944:18137.8626809136:2357.5606092335724:2141.391835079065:278.7873917435957:229.01872129642342:63.97872993434769:15.314146526950074:12.77772974184184:2.791754962310622:0.9788118703273515:0.4918804708481043:0.27322508593569633,0.0006317205463462229
3,6,6,-1:4:1,4:1:1,196,9,697960.6570936205:675873.5436817971:99345.26564958185:54568.98330448998:31495.294253456097:4093.27275664844:3709.621753090131:403.0530205002093:333.49161631368423:94.14045474168226:22.687177025064425:18.751825146007825:3.3631558899455913:1.2371467658567146:0.6255773621638452:0.3121940603377628,0.000543957629284604
3,6,6,0:4:1,4:1:0,224,9,845671.1604135552:819958.6040160373:121086.31447527833:66746.1370075197:38667.40076325122:5025.233790025766:4550.328471002298:461.9246040010999:383.2691677038521:108.68573562466014:26.25429838387992:21.63262476745245:3.6069723257981776:1.3492452174775982:0.6838292862096852:0.32745378156141736,0.0005148470491095758
3,6,6,1:4:1,4:1:1,196,9,697960.6570936202:675873.5436817972:99345.26564958188:54568.983304489935:31495.294253456083:4093.272756648445:3709.621753090131:403.0530205002072:333.49161631368406:94.14045474168284:22.687177025064802:18.751825146007324:3.363155889939652:1.237146765857965:0.6255773621622019:0.31219406033186003,0.0005439576292846023
3,6,6,2:4:1,4:2:1,168,9,415010.3765174225:400618.0358787275:58231.40324438325:31711.501061392944:18137.862680913597:2357.5606092335715:2141.391835079065:278.78739174359504:229.01872129642322:63.97872993434514:15.31414652695017:12.777729741842453:2.791754962309158:0.9788118703258157:0.49188047085056136:0.2732250859368301,0.000631720546346221
3,6,6,3:4:1,4:3:1,84,9,201062.7815235171:193376.75111918594:27755.168809167244:14963.549448677968:8471.038897743065:1101.1559158659645:1003.084040632394:167.02112623298137:135.90745489428008:37.578754826464206:8.898592221161033:7.5488629644308:2.1693955694362255:0.7069716288976605:0.3521727196920144:0.224402489502537,0.0007793861306908733
3,6,6,-3:5:1,5:3:1,42,9,72842.36555031507:69772.57695775606:9883.52879660699:5269.029632967878:2951.8957461884274:383.5778988086454:350.64375720266963:81.76725672678616:65.65565495103738:18.027495679741136:4.1901660489050006:3.685947816930001:1.5368246122319087:0.4486132325210617:0.22072858534098833:0.16614585687370617,0.0010495389009444445
3,6,6,-2:5:1,5:2:1,84,9,123430.20603110554:118462.9952826415:16885.87091421292:9051.457160876636:5095.756656029462:662.341280895838:604.4197598097072:118.42685179963988:95.75945731317843:26.361881937550542:6.190486078466511:5.32953681857009:1.8372696581767987:0.5681334950923097:0.2813254526694271:0.19497508074174189,0.0008987588357768803
3,6,6,-1:5:1,5:1:1,98,9,176814.21869181513:169956.56793746608:24346.58879880161:13105.103093310105:7407.3538328473405:962.8773285839976:877.5423339348656:152.54603109924605:123.92318401924112:34.21901030316519:8.08596048894938:6.88375455828813:2.076045312441841:0.6673960947468022:0.33193669379320534:0.21638856974880563,0.0008091258744069083
3,6,6,0:5:1,5:1:0,112,9,201062.78152351707:193376.75111918597:27755.168809167233:14963.549448677968:8471.038897743063:1101.1559158659638:1003.0840406323946:167.0211262329818:135.90745489427917:37.57875482646349:8.89859222116018:7.548862964430585:2.1693955694366736:0.7069716288974954:0.3521727196941329:0.224402489502748,0.0007793861306908722
3,6,6,1:5:1,5:1:1,98,9,176814.21869181524:169956.5679374663:24346.588798801622:13105.103093310116:7407.353832847343:962.8773285839982:877.5423339348656:152.54603109924636:123.92318401924135:34.219010303165525:8.085960488949436:6.883754558288326:2.076045312441128:0.6673960947467789:0.33193669378718643:0.21638856975126333,0.0008091258744069092
3,6,6,2:5:1,5:2:1,84,9,123430.20603110541:118462.99528264142:16885.870914212905:9051.457160876638:5095.75665602946:662.3412808958382:604.4197598097069:118.42685179963969:95.75945731317836:26.36188193755026:6.1904860784659075:5.32953681857015:1.8372696581761838:0.568133495092482:0.281325452670029:0.1949750807421299,0.0008987588357768797
3,6,6,3:5:1,5:3:1,42,9,72842.36555031508:69772.57695775606:9883.528796606994:5269.029632967876:2951.8957461884283:383.57789880864544:350.64375720266975:81.76725672678631:65.6556549510377:18.027495679741296:4.190166048905471:3.6859478169298727:1.5368246122315223:0.4486132325204967:0.2207285853410137:0.16614585687352892,0.0010495389009444478
3,6,6,-3:-5:2,5:3:2,36,10,45333.83935489346:44712.356532949016:7101.253789931076:4096.339366775975:2509.963298129384:325.5210290453234:292.8706060446419:59.62226907864744:50.0309158435916:15.636818873550887:3.676523468495557:3.224908293003921:1.3752120451457408:0.39210439375909667:0.20857981344904444:0.14308493028944125,0.0012381565972825871
3,6,6,-2:-5:2,5:2:2,72,9,71329.2916295541:70758.45984671118:11520.120799380318:6759.490300469685:4202.950272106147:547.2945145686352:491.52699898337573:82.07853157631953:69.84894726069221:22.296279742655774:5.315890917718774:4.55580186387745:1.6112802532945985:0.48687207521409875:0.26135224977095356:0.16668691621678192,0.0010872237680894148
3,6,6,-1:-5:2,5:2:1,84,9,96546.92379862492:96182.69778692539:15967.99448486762:9488.415139227718:5962.433927931721:779.4033575907159:699.3402166240569:101.70840331758029:87.40847360881192:28.371209150339876:6.829091109550344:5.783219898632897:1.7916275138479718:0.5633398938800196:0.3044007916462995:0.1839799796968511,0.0009978717888001302
3,6,6,0:-5:2,5:2:0,96,9,107442.65146476655:107207.01592179826:17933.287867618517:10706.580463093176:6753.913093234068:884.3276957416206:793.2821318105371:109.73145109612084:94.64146231312174:30.917221676370044:7.467732159911045:6.300703065550304:1.8605422693945446:0.5933047517532981:0.3213722398251453:0.1903980518297515,0.0009683067764991487
3,6,6,1:-5:2,5:2:1,84,9,96546.92379862496:96182.69778692543:15967.994484867628:9488.415139227722:5962.433927931723:779.4033575907156:699.3402166240566:101.70840331758019:87.40847360881173:28.37120915034062:6.829091109550764:5.783219898632386:1.7916275138460918:0.5633398938801627:0.3044007916423809:0.18397997969801325,0.0009978717888001294
3,6,6,2:-5:2,5:2:2,72,9,71329.29162955406:70758.45984671108:11520.120799380318:6759.490300469681:4202.950272106146:547.294514568635:491.5269989833756:82.07853157631901:69.84894726069213:22.296279742654328:5.315890917719539:4.555801863877454:1.611280253294478:0.4868720752139629:0.26135224977317273:0.16668691621655832,0.0010872237680894096
3,6,6,3:-5:2,5:3:2,36,10,45333.83935489348:44712.356532948994:7101.253789931076:4096.339366775971:2509.9632981293844:325.5210290453233:292.87060604464165:59.62226907864735:50.03091584359158:15.636818873551151:3.676523468495568:3.224908293004012:1.3752120451457803:0.3921043937590649:0.20857981344869644:0.1430849302893778,0.0012381565972825867
3,6,6,-3:-4:2,4:3:2,72,9,107442.65146476653:107207.01592179835:17933.28786761852:10706.580463093176:6753.9130932340695:884.3276957416203:793.2821318105376:109.73145109611991:94.64146231312243:30.91722167637087:7.467732159911821:6.300703065550632:1.860542269394394:0.5933047517534117:0.32137223982345925:0.19039805183022285,0.0009683067764991482
3,6,6,-2:-4:2,4:2:2,144,9,195002.8920568069:193582.24041128453:34271.00181091936:21048.956419445443:13572.164729147222:1800.4734896186687:1614.2363911253146:166.98410097161428:147.06718901420652:50.05098262418835:12.341391553426611:10.241770947886117:2.29959560605191:0.7919026586084386:0.43516666481688104:0.22884489633475302,0.0008223556857229116
3,6,6,-1:-4:2,4:2:1,168,9,294793.6502469533:290510.40848883556:54138.958916770585:33983.36443198095:22240.810793471603:2994.4887255734466:2686.979936609022:223.4946079592604:199.9862675003692:70.43265670689134:17.661862397339537:14.537307057988853:2.675318110550547:0.9703520402663498:0.5391904130673839:0.25869559970891115,0.0007365962651190336
3,6,6,0:-4:2,4:2:0,192,9,342110.73762059177:336204.99404291174:63998.5964455064:40503.00531764926:26641.579086209444:3612.3221459091765:3243.398110985708:248.32785559702242:223.55231830471828:79.81617105935877:20.152780334832073:16.548595622748586:2.8286480232057962:1.0450490675124617:0.5831977624808106:0.2701741329710342,0.0007083934640342422
3,6,6,1:-4:2,4:2:1,168,9,294793.650246953:290510.4084888355:54138.958916770585:33983.36443198095:22240.81079347159:2994.4887255734448:2686.979936609025:223.49460795926063:199.98626750036922:70.43265670689604:17.661862397340084:14.537307057989219:2.675318110545573:0.9703520402675168:0.539190413077449:0.25869559970762235,0.0007365962651190371
3,6,6,2:-4:2,4:2:2,144,9,195002.89205680694:193582.24041128453:34271.00181091936:21048.95641944545:13572.164729147225:1800.4734896186683:1614.2363911253144:166.98410097161477:147.0671890142067:50.05098262418934:12.341391553426005:10.241770947886575:2.2995956060507052:0.7919026586084089:0.4351666648180235:0.22884489633497207,0.000822355685722914
3,6,6,3:-4:2,4:3:2,72,9,107442.6514647665:107207.01592179826:17933.287867618525:10706.580463093176:6753.91309323407:884.32769574162:793.2821318105375:109.73145109612057:94.64146231312239:30.917221676370584:7.467732159909464:6.3007030655499445:1.8605422693946925:0.5933047517529515:0.3213722398248456:0.19039805182880642,0.0009683067764991506
3,6,6,-5:-3:2,5:3:2,36,10,45333.83935489346:44712.35653294901:7101.25378993108:4096.339366775972:2509.963298129383:325.52102904532336:292.8706060446417:59.622269078647506:50.03091584359153:15.636818873551315:3.6765234684955654:3.2249082930036916:1.3752120451455994:0.3921043937589855:0.20857981344891402:0.14308493028944017,0.0012381565972825882
3,6,6,-4:-3:2,4:3:2,72,9,107442.65146476653:107207.01592179817:17933.28786761852:10706.580463093174:6753.913093234067:884.32769574162:793.2821318105377:109.73145109612013:94.64146231312192:30.917221676363148:7.467732159909009:6.300703065549818:1.8605422693962173:0.593304751752412:0.3213722398266861:0.19039805182858424,0.0009683067764991364
3,6,6,-3:-3:2,3:3:2,126,9,255503.65717962943:252447.26829855185:46162.78205073738:28754.04097432565:18723.7330012452:2506.285700275226:2247.9501322572114:202.01443687281736:179.74941012710823:62.52188189670802:15.581907260059298:12.858207332848265:2.537423217897606:0.9040676682792725:0.500365516527433:0.24803717936942524,0.000765003192667951
3,6,6,-2:-3:2,3:2:2,180,9,556339.8618867174:541588.4844699444:111944.19529134782:72825.71075059466:48568.0097173373:6799.185946660014:6126.972146580295:350.9857651109726:322.6451446766462:121.1140903539567:31.411120107998233:25.65657546427964:3.4111581614055546:1.3374548677807951:0.7579697252112491:0.3106518147264648,0.0006252774610893166
3,6,6,-1:-3:2,3:2:1,210,9,971694.4152719658:935629.7134549917:219735.6304049049:147493.801747615:98973.48741660552:14746.62079700192:13397.963226804746:524.7612513408206:495.0241991864941:199.07308581943548:53.94733075644404:44.03080202640909:4.277744777917386:1.794866692736477:1.0390353528604495:0.36363157485987224,0.0005453040588054815
3,6,6,0:-3:2,3:2:0,240,9,1.192506258923713e6:1.1440033071425674e6:284982.1040662317:193389.77744930887:129518.86379722427:19947.582919398756:18204.211416420643:609.732520040107:580.7571031009935:240.34035576122358:66.5659108435793:54.417064027094405:4.666073699803943:2.007859534228267:1.1730310138641218:0.38521651227060033,0.0005196700603047726
3,6,6,1:-3:2,3:2:1,210,9,971694.4152719644:935629.7134549915:219735.63040490492:147493.80174761513:98973.4874166055:14746.620797001888:13397.963226804743:524.7612513408217:495.0241991864939:199.07308581943872:53.9473307564374:44.030802026410996:4.277744777935497:1.7948666927339232:1.0390353528681708:0.36363157487034986,0.0005453040588054827
3,6,6,2:-3:2,3:2:2,180,9,556339.8618867168:541588.4844699444:111944.19529134782:72825.71075059463:48568.00971733729:6799.185946660026:6126.972146580293:350.98576511097144:322.64514467664475:121.11409035395137:31.411120107996815:25.656575464279683:3.4111581614029505:1.3374548677825016:0.7579697252108044:0.31065181472671294,0.0006252774610893129
3,6,6,3:-3:2,3:3:2,126,9,255503.6571796293:252447.2682985519:46162.78205073738:28754.040974325635:18723.7330012452:2506.285700275228:2247.950132257214:202.0144368728166:179.74941012710815:62.52188189670726:15.581907260061346:12.858207332846368:2.537423217897822:0.9040676682776146:0.5003655165268844:0.24803717936528907,0.0007650031926679491
3,6,6,4:-3:2,4:3:2,72,9,107442.65146476653:107207.01592179817:17933.28786761852:10706.580463093174:6753.913093234067:884.32769574162:793.2821318105377:109.73145109612013:94.64146231312192:30.917221676363148:7.467732159909009:6.300703065549818:1.8605422693962173:0.593304751752412:0.3213722398266861:0.19039805182858424,0.0009683067764991364
3,6,6,5:-3:2,5:3:2,36,10,45333.839354893455:44712.35653294901:7101.253789931076:4096.339366775968:2509.9632981293817:325.52102904532376:292.87060604464193:59.62226907864727:50.03091584359155:15.636818873550766:3.6765234684956165:3.2249082930039252:1.375212045145785:0.3921043937591591:0.20857981344866422:0.14308493028932823,0.0012381565972825845
3,6,6,-5:-2:2,5:2:2,72,9,71329.29162955408:70758.4598467111:11520.120799380315:6759.49030046968:4202.950272106146:547.2945145686351:491.5269989833763:82.07853157631934:69.84894726069203:22.296279742652864:5.315890917718832:4.555801863877543:1.611280253295914:0.48687207521387016:0.26135224977260685:0.16668691621640763,0.0010872237680894078
3,6,6,-4:-2:2,4:2:2,144,9,195002.8920568069:193582.24041128458:34271.00181091936:21048.956419445458:13572.164729147224:1800.4734896186667:1614.2363911253142:166.9841009716141:147.06718901420615:50.05098262418697:12.34139155342235:10.241770947885676:2.29959560604894:0.7919026586087916:0.43516666481725264:0.2288448963351122,0.0008223556857229082
3,6,6,-3:-2:2,3:2:2,180,9,556339.8618867174:541588.4844699446:111944.19529134789:72825.71075059472:48568.00971733729:6799.185946660014:6126.972146580294:350.98576511097025:322.64514467664316:121.11409035396913:31.41112010800246:25.656575464281058:3.4111581613995305:1.3374548677854887:0.757969725215363:0.31065181472492776,0.000625277461089316
3,6,6,-2:-2:2,2:2:2,216,9,1.4789866328810563e6:1.4140107113633703e6:378009.0640298661:259394.71927442087:172817.0825293545:27778.639964839527:25496.487127426728:715.4939521967605:688.2398264828572:294.1274289385806:83.76125189594703:68.68760758049365:5.125757586676555:2.2662127791007354:1.3382099159014564:0.40939774790148603,0.0004947356653122024
3,6,6,-1:-2:2,2:2:1,252,9,3.014235209160425e6:2.878828492926792e6:1.04629312366063e6:751390.1124393459:480812.7814245413:96383.49002469714:91018.74912244832:1252.005344057398:1229.9347503874053:592.202960110532:197.13750612231044:165.91921411162687:7.170614489796578:3.4993060870716284:2.167504819455982:0.5040482025565064,0.0004258978018160579
3,6,6,0:-2:2,2:2:0,288,9,3.89741709740858e6:3.7609017869826504e6:1.564442046786883e6:1.1636568990911818e6:733356.6950440943:165728.2470477763:158763.1554484362:1568.851250204252:1532.6974744694378:772.1168704702723:284.89269766371365:244.35756615740104:8.20345353813161:4.17960534353839:2.6556880613641582:0.5464748839634042,0.0004055717113550586
3,6,6,1:-2:2,2:2:1,252,9,3.014235209160425e6:2.878828492926793e6:1.0462931236606308e6:751390.1124393457:480812.7814245413:96383.49002469734:91018.7491224484:1252.0053440574006:1229.934750387401:592.2029601105364:197.1375061223457:165.91921411167945:7.170614489815441:3.4993060870504573:2.167504819484491:0.5040482025790347,0.0004258978018160599
3,6,6,2:-2:2,2:2:2,216,9,1.4789866328810565e6:1.4140107113633708e6:378009.064029866:259394.71927442087:172817.08252935437:27778.639964839553:25496.487127426746:715.4939521967592:688.2398264828626:294.12742893861525:83.76125189596058:68.68760758049817:5.125757586660794:2.2662127790991664:1.3382099158983516:0.4093977479156719,0.0004947356653122089
3,6,6,3:-2:2,3:2:2,180,9,556339.8618867171:541588.4844699445:111944.19529134785:72825.71075059474:48568.0097173373:6799.185946660026:6126.9721465802895:350.9857651109716:322.6451446766436:121.11409035395285:31.411120107993362:25.65657546428164:3.4111581614070334:1.3374548677862128:0.7579697252142581:0.3106518147232897,0.0006252774610893122
3,6,6,4:-2:2,4:2:2,144,9,195002.89205680683:193582.24041128453:34271.00181091935:21048.95641944545:13572.164729147218:1800.4734896186694:1614.2363911253146:166.98410097161414:147.06718901420666:50.05098262417873:12.341391553421973:10.241770947885326:2.2995956060512035:0.7919026586083678:0.4351666648180767:0.22884489633512856,0.000822355685722903
3,6,6,5:-2:2,5:2:2,72,9,71329.29162955406:70758.45984671109:11520.120799380311:6759.490300469678:4202.950272106146:547.2945145686352:491.5269989833758:82.07853157631914:69.84894726069226:22.29627974265579:5.315890917718615:4.55580186387707:1.6112802532947694:0.4868720752141826:0.2613522497700546:0.1666869162181067,0.001087223768089413
3,6,6,-5:-1:2,5:2:1,84,9,96546.92379862496:96182.6977869254:15967.994484867628:9488.415139227727:5962.43392793172:779.4033575907163:699.3402166240567:101.70840331758039:87.40847360881166:28.3712091503424:6.829091109550027:5.783219898632377:1.791627513846456:0.5633398938793683:0.3044007916425568:0.18397997969841318,0.0009978717888001324
3,6,6,-4:-1:2,4:2:1,168,9,294793.650246953:290510.4084888355:54138.958916770614:33983.364431980954:22240.810793471603:2994.4887255734484:2686.979936609021:223.49460795926:199.9862675003685:70.43265670690232:17.661862397338155:14.537307057989654:2.6753181105388206:0.9703520402643766:0.5391904130701327:0.2586955997157394,0.0007365962651190381
3,6,6,-3:-1:2,3:2:1,210,9,971694.4152719649:935629.7134549915:219735.63040490498:147493.8017476151:98973.48741660552:14746.620797001899:13397.963226804754:524.7612513408194:495.0241991864951:199.073085819438:53.947330756433885:44.03080202641278:4.2777447779396915:1.7948666927192092:1.0390353528771665:0.36363157484113384,0.0005453040588054817
3,6,6,-2:-1:2,2:2:1,252,9,3.014235209160427e6:2.8788284929267927e6:1.0462931236606303e6:751390.1124393458:480812.78142454143:96383.49002469733:91018.74912244835:1252.0053440573915:1229.934750387426:592.2029601105377:197.13750612232002:165.91921411165634:7.170614489823586:3.49930608704001:2.1675048195174735:0.5040482025523655,0.00042589780181606114
3,6,6,2:-1:2,2:2:1,252,9,3.014235209160425e6:2.8788284929267913e6:1.0462931236606298e6:751390.1124393457:480812.7814245415:96383.49002469708:91018.7491224483:1252.0053440573854:1229.9347503874246:592.2029601105538:197.13750612224953:165.91921411169017:7.170614489807395:3.4993060870449417:2.1675048195356275:0.504048202560224,0.0004258978018160603
3,6,6,3:-1:2,3:2:1,210,9,971694.415271965:935629.7134549912:219735.63040490486:147493.80174761513:98973.48741660552:14746.620797001882:13397.96322680475:524.7612513408176:495.0241991864954:199.07308581943275:53.94733075643912:44.030802026411806:4.277744777915251:1.7948666927583714:1.039035352850572:0.36363157488662395,0.0005453040588054803
3,6,6,4:-1:2,4:2:1,168,9,294793.6502469532:290510.4084888355:54138.9589167706:33983.36443198094:22240.810793471595:2994.4887255734475:2686.9799366090224:223.49460795926038:199.98626750037005:70.43265670689719:17.661862397335792:14.537307057989267:2.6753181105465518:0.9703520402634563:0.5391904130750742:0.25869559970589884,0.0007365962651190378
3,6,6,5:-1:2,5:2:1,84,9,96546.92379862492:96182.69778692536:15967.994484867626:9488.415139227718:5962.433927931719:779.4033575907156:699.3402166240568:101.70840331758048:87.40847360881209:28.37120915034148:6.8290911095509905:5.783219898632544:1.791627513846116:0.5633398938796296:0.3044007916414996:0.18397997969870167,0.0009978717888001342
3,6,6,-5:0:2,5:2:0,96,9,107442.65146476655:107207.0159217983:17933.287867618517:10706.580463093174:6753.913093234068:884.3276957416202:793.2821318105376:109.73145109612075:94.64146231312189:30.91722167637726:7.467732159911335:6.300703065547783:1.8605422693947749:0.5933047517534606:0.3213722398251761:0.19039805182985922,0.0009683067764991579
3,6,6,-4:0:2,4:2:0,192,9,342110.73762059177:336204.9940429117:63998.59644550638:40503.00531764927:26641.579086209425:3612.322145909178:3243.398110985708:248.32785559702089:223.55231830471467:79.81617105938098:20.152780334829416:16.548595622742017:2.828648023205792:1.0450490675121096:0.5831977624820391:0.27017413297323484,0.0007083934640342449
3,6,6,-3:0:2,3:2:0,240,9,1.1925062589237127e6:1.1440033071425676e6:284982.10406623164:193389.77744930898:129518.86379722424:19947.58291939877:18204.211416420647:609.7325200401026:580.7571031009977:240.34035576122355:66.56591084358057:54.417064027091804:4.666073699802713:2.0078595342238277:1.1730310138636906:0.38521651226921955,0.0005196700603047724
3,6,6,-2:0:2,2:2:0,288,9,3.897417097408579e6:3.7609017869826504e6:1.5644420467868831e6:1.1636568990911823e6:733356.6950440946:165728.2470477764:158763.15544843627:1568.8512502042483:1532.697474469429:772.1168704702711:284.8926976638402:244.35756615738825:8.203453538129576:4.179605343544403:2.6556880613516896:0.5464748839661224,0.00040557171135505957
3,6,6,2:0:2,2:2:0,288,9,3.8974170974085783e6:3.7609017869826495e6:1.5644420467868824e6:1.1636568990911823e6:733356.6950440947:165728.24704777627:158763.15544843627:1568.8512502042443:1532.6974744694598:772.1168704702787:284.8926976637681:244.35756615742454:8.203453538286968:4.179605343545763:2.6556880613534717:0.5464748839603061,0.00040557171135506234
3,6,6,3:0:2,3:2:0,240,9,1.1925062589237124e6:1.1440033071425671e6:284982.10406623164:193389.77744930884:129518.86379722429:19947.582919398767:18204.21141642064:609.7325200401033:580.7571031009938:240.34035576122292:66.56591084358078:54.417064027091435:4.666073699803637:2.007859534231219:1.173031013863739:0.38521651226972115,0.0005196700603047711
3,6,6,4:0:2,4:2:0,192,9,342110.7376205917:336204.99404291174:63998.59644550638:40503.00531764927:26641.579086209436:3612.322145909177:3243.3981109857086:248.327855597021:223.55231830471376:79.81617105935916:20.152780334829714:16.548595622748152:2.8286480232059:1.0450490675112145:0.5831977624823773:0.27017413297211723,0.000708393464034234
3,6,6,5:0:2,5:2:0,96,9,107442.65146476656:107207.01592179826:17933.287867618514:10706.580463093178:6753.913093234066:884.327695741621:793.2821318105374:109.73145109612028:94.64146231312239:30.917221676370342:7.467732159911341:6.300703065550156:1.8605422693944915:0.5933047517532215:0.3213722398250193:0.1903980518296565,0.0009683067764991492
3,6,6,-5:1:2,5:2:1,84,9,96546.92379862496:96182.6977869254:15967.994484867628:9488.415139227727:5962.43392793172:779.4033575907163:699.3402166240567:101.70840331758039:87.40847360881166:28.3712091503424:6.829091109550027:5.783219898632377:1.791627513846456:0.5633398938793683:0.3044007916425568:0.18397997969841318,0.0009978717888001324
3,6,6,-4:1:2,4:2:1,168,9,294793.650246953:290510.4084888355:54138.958916770614:33983.364431980954:22240.810793471603:2994.4887255734484:2686.979936609021:223.49460795926:199.9862675003685:70.43265670690232:17.661862397338155:14.537307057989654:2.6753181105388206:0.9703520402643766:0.5391904130701327:0.2586955997157394,0.0007365962651190381
3,6,6,-3:1:2,3:2:1,210,9,971694.4152719649:935629.7134549915:219735.63040490498:147493.8017476151:98973.48741660552:14746.620797001899:13397.963226804754:524.7612513408194:495.0241991864951:199.073085819438:53.947330756433885:44.03080202641278:4.2777447779396915:1.7948666927192092:1.0390353528771665:0.36363157484113384,0.0005453040588054817
3,6,6,-2:1:2,2:2:1,252,9,3.014235209160427e6:2.8788284929267927e6:1.0462931236606303e6:751390.1124393458:480812.78142454143:96383.49002469733:91018.74912244835:1252.0053440573915:1229.934750387426:592.2029601105377:197.13750612232002:165.91921411165634:7.170614489823586:3.49930608704001:2.1675048195174735:0.5040482025523655,0.00042589780181606114
3,6,6,2:1:2,2:2:1,252,9,3.014235209160425e6:2.8788284929267913e6:1.0462931236606298e6:751390.1124393457:480812.7814245415:96383.49002469708:91018.7491224483:1252.0053440573854:1229.9347503874246:592.2029601105538:197.13750612224953:165.91921411169017:7.170614489807395:3.4993060870449417:2.1675048195356275:0.504048202560224,0.0004258978018160603
3,6,6,3:1:2,3:2:1,210,9,971694.415271965:935629.7134549912:219735.63040490486:147493.80174761513:98973.48741660552:14746.620797001882:13397.96322680475:524.7612513408176:495.0241991864954:199.07308581943275:53.94733075643912:44.030802026411806:4.277744777915251:1.7948666927583714:1.039035352850572:0.36363157488662395,0.0005453040588054803
3,6,6,4:1:2,4:2:1,168,9,294793.6502469532:290510.4084888355:54138.9589167706:33983.36443198094:22240.810793471595:2994.4887255734475:2686.9799366090224:223.49460795926038:199.98626750037005:70.43265670689719:17.661862397335792:14.537307057989267:2.6753181105465518:0.9703520402634563:0.5391904130750742:0.25869559970589884,0.0007365962651190378
3,6,6,5:1:2,5:2:1,84,9,96546.92379862492:96182.69778692536:15967.994484867626:9488.415139227718:5962.433927931719:779.4033575907156:699.3402166240568:101.70840331758048:87.40847360881209:28.37120915034148:6.8290911095509905:5.783219898632544:1.791627513846116:0.5633398938796296:0.3044007916414996:0.18397997969870167,0.0009978717888001342
3,6,6,-5:2:2,5:2:2,72,9,71329.29162955408:70758.4598467111:11520.120799380315:6759.49030046968:4202.950272106146:547.2945145686351:491.5269989833763:82.07853157631934:69.84894726069203:22.296279742652864:5.315890917718832:4.555801863877543:1.611280253295914:0.48687207521387016:0.26135224977260685:0.16668691621640763,0.0010872237680894078
3,6,6,-4:2:2,4:2:2,144,9,195002.8920568069:193582.24041128458:34271.00181091936:21048.956419445458:13572.164729147224:1800.4734896186667:1614.2363911253142:166.9841009716141:147.06718901420615:50.05098262418697:12.34139155342235:10.241770947885676:2.29959560604894:0.7919026586087916:0.43516666481725264:0.2288448963351122,0.0008223556857229082
3,6,6,-3:2:2,3:2:2,180,9,556339.8618867174:541588.4844699446:111944.19529134789:72825.71075059472:48568.00971733729:6799.185946660014:6126.972146580294:350.98576511097025:322.64514467664316:121.11409035396913:31.41112010800246:25.656575464281058:3.4111581613995305:1.3374548677854887:0.757969725215363:0.31065181472492776,0.000625277461089316
3,6,6,-2:2:2,2:2:2,216,9,1.4789866328810563e6:1.4140107113633703e6:378009.0640298661:259394.71927442087:172817.0825293545:27778.639964839527:25496.487127426728:715.4939521967605:688.2398264828572:294.1274289385806:83.76125189594703:68.68760758049365:5.125757586676555:2.2662127791007354:1.3382099159014564:0.40939774790148603,0.0004947356653122024
3,6,6,-1:2:2,2:2:1,252,9,3.014235209160425e6:2.878828492926792e6:1.04629312366063e6:751390.1124393459:480812.7814245413:96383.49002469714:91018.74912244832:1252.005344057398:1229.9347503874053:592.202960110532:197.13750612231044:165.91921411162687:7.170614489796578:3.4993060870716284:2.167504819455982:0.5040482025565064,0.0004258978018160579
3,6,6,0:2:2,2:2:0,288,9,3.89741709740858e6:3.7609017869826504e6:1.564442046786883e6:1.1636568990911818e6:733356.6950440943:165728.2470477763:158763.1554484362:1568.851250204252:1532.6974744694378:772.1168704702723:284.89269766371365:244.35756615740104:8.20345353813161:4.17960534353839:2.6556880613641582:0.5464748839634042,0.0004055717113550586
3,6,6,1:2:2,2:2:1,252,9,3.014235209160425e6:2.878828492926793e6:1.0462931236606308e6:751390.1124393457:480812.7814245413:96383.49002469734:91018.7491224484:1252.0053440574006:1229.934750387401:592.2029601105364:197.1375061223457:165.91921411167945:7.170614489815441:3.4993060870504573:2.167504819484491:0.5040482025790347,0.0004258978018160599
3,6,6,2:2:2,2:2:2,216,9,1.4789866328810565e6:1.4140107113633708e6:378009.064029866:259394.71927442087:172817.08252935437:27778.639964839553:25496.487127426746:715.4939521967592:688.2398264828626:294.12742893861525:83.76125189596058:68.68760758049817:5.125757586660794:2.2662127790991664:1.3382099158983516:0.4093977479156719,0.0004947356653122089
3,6,6,3:2:2,3:2:2,180,9,556339.8618867171:541588.4844699445:111944.19529134785:72825.71075059474:48568.0097173373:6799.185946660026:6126.9721465802895:350.9857651109716:322.6451446766436:121.11409035395285:31.411120107993362:25.65657546428164:3.4111581614070334:1.3374548677862128:0.7579697252142581:0.3106518147232897,0.0006252774610893122
3,6,6,4:2:2,4:2:2,144,9,195002.89205680683:193582.24041128453:34271.00181091935:21048.95641944545:13572.164729147218:1800.4734896186694:1614.2363911253146:166.98410097161414:147.06718901420666:50.05098262417873:12.341391553421973:10.241770947885326:2.2995956060512035:0.7919026586083678:0.4351666648180767:0.22884489633512856,0.000822355685722903
3,6,6,5:2:2,5:2:2,72,9,71329.29162955406:70758.45984671109:11520.120799380311:6759.490300469678:4202.950272106146:547.2945145686352:491.5269989833758:82.07853157631914:69.84894726069226:22.29627974265579:5.315890917718615:4.55580186387707:1.6112802532947694:0.4868720752141826:0.2613522497700546:0.1666869162181067,0.001087223768089413
3,6,6,-5:3:2,5:3:2,36,10,45333.83935489346:44712.35653294901:7101.25378993108:4096.339366775972:2509.963298129383:325.52102904532336:292.8706060446417:59.622269078647506:50.03091584359153:15.636818873551315:3.6765234684955654:3.2249082930036916:1.3752120451455994:0.3921043937589855:0.20857981344891402:0.14308493028944017,0.0012381565972825882
3,6,6,-4:3:2,4:3:2,72,9,107442.65146476653:107207.01592179817:17933.28786761852:10706.580463093174:6753.913093234067:884.32769574162:793.2821318105377:109.73145109612013:94.64146231312192:30.917221676363148:7.467732159909009:6.300703065549818:1.8605422693962173:0.593304751752412:0.3213722398266861:0.19039805182858424,0.0009683067764991364
3,6,6,-3:3:2,3:3:2,126,9,255503.65717962943:252447.26829855185:46162.78205073738:28754.04097432565:18723.7330012452:2506.285700275226:2247.9501322572114:202.01443687281736:179.74941012710823:62.52188189670802:15.581907260059298:12.858207332848265:2.537423217897606:0.9040676682792725:0.500365516527433:0.24803717936942524,0.000765003192667951
3,6,6,-2:3:2,3:2:2,180,9,556339.8618867174:541588.4844699444:111944.19529134782:72825.71075059466:48568.0097173373:6799.185946660014:6126.972146580295:350.9857651109726:322.6451446766462:121.1140903539567:31.411120107998233:25.65657546427964:3.4111581614055546:1.3374548677807951:0.7579697252112491:0.3106518147264648,0.0006252774610893166
3,6,6,-1:3:2,3:2:1,210,9,971694.4152719658:935629.7134549917:219735.6304049049:147493.801747615:98973.48741660552:14746.62079700192:13397.963226804746:524.7612513408206:495.0241991864941:199.07308581943548:53.94733075644404:44.03080202640909:4.277744777917386:1.794866692736477:1.0390353528604495:0.36363157485987224,0.0005453040588054815
3,6,6,0:3:2,3:2:0,240,9,1.192506258923713e6:1.1440033071425674e6:284982.1040662317:193389.77744930887:129518.86379722427:19947.582919398756:18204.211416420643:609.732520040107:580.7571031009935:240.34035576122358:66.5659108435793:54.417064027094405:4.666073699803943:2.007859534228267:1.1730310138641218:0.38521651227060033,0.0005196700603047726
3,6,6,1:3:2,3:2:1,210,9,971694.4152719644:935629.7134549915:219735.63040490492:147493.80174761513:98973.4874166055:14746.620797001888:13397.963226804743:524.7612513408217:495.0241991864939:199.07308581943872:53.9473307564374:44.030802026410996:4.277744777935497:1.7948666927339232:1.0390353528681708:0.36363157487034986,0.0005453040588054827
3,6,6,2:3:2,3:2:2,180,9,556339.8618867168:541588.4844699444:111944.19529134782:72825.71075059463:48568.00971733729:6799.185946660026:6126.972146580293:350.98576511097144:322.64514467664475:121.11409035395137:31.411120107996815:25.656575464279683:3.4111581614029505:1.3374548677825016:0.7579697252108044:0.31065181472671294,0.0006252774610893129
3,6,6,3:3:2,3:3:2,126,9,255503.6571796293:252447.2682985519:46162.78205073738:28754.040974325635:18723.7330012452:2506.285700275228:2247.950132257214:202.0144368728166:179.74941012710815:62.52188189670726:15.581907260061346:12.858207332846368:2.537423217897822:0.9040676682776146:0.5003655165268844:0.24803717936528907,0.0007650031926679491
3,6,6,4:3:2,4:3:2,72,9,107442.65146476653:107207.01592179817:17933.28786761852:10706.580463093174:6753.913093234067:884.32769574162:793.2821318105377:109.73145109612013:94.64146231312192:30.917221676363148:7.467732159909009:6.300703065549818:1.8605422693962173:0.593304751752412:0.3213722398266861:0.19039805182858424,0.0009683067764991364
3,6,6,5:3:2,5:3:2,36,10,45333.839354893455:44712.35653294901:7101.253789931076:4096.339366775968:2509.9632981293817:325.52102904532376:292.87060604464193:59.62226907864727:50.03091584359155:15.636818873550766:3.6765234684956165:3.2249082930039252:1.375212045145785:0.3921043937591591:0.20857981344866422:0.14308493028932823,0.0012381565972825845
3,6,6,-3:4:2,4:3:2,72,9,107442.65146476653:107207.01592179835:17933.28786761852:10706.580463093176:6753.9130932340695:884.3276957416203:793.2821318105376:109.73145109611991:94.64146231312243:30.91722167637087:7.467732159911821:6.300703065550632:1.860542269394394:0.5933047517534117:0.32137223982345925:0.19039805183022285,0.0009683067764991482
3,6,6,-2:4:2,4:2:2,144,9,195002.8920568069:193582.24041128453:34271.00181091936:21048.956419445443:13572.164729147222:1800.4734896186687:1614.2363911253146:166.98410097161428:147.06718901420652:50.05098262418835:12.341391553426611:10.241770947886117:2.29959560605191:0.7919026586084386:0.43516666481688104:0.22884489633475302,0.0008223556857229116
3,6,6,-1:4:2,4:2:1,168,9,294793.6502469533:290510.40848883556:54138.958916770585:33983.36443198095:22240.810793471603:2994.4887255734466:2686.979936609022:223.4946079592604:199.9862675003692:70.43265670689134:17.661862397339537:14.537307057988853:2.675318110550547:0.9703520402663498:0.5391904130673839:0.25869559970891115,0.0007365962651190336
3,6,6,0:4:2,4:2:0,192,9,342110.73762059177:336204.99404291174:63998.5964455064:40503.00531764926:26641.579086209444:3612.3221459091765:3243.398110985708:248.32785559702242:223.55231830471828:79.81617105935877:20.152780334832073:16.548595622748586:2.8286480232057962:1.0450490675124617:0.5831977624808106:0.2701741329710342,0.0007083934640342422
3,6,6,1:4:2,4:2:1,168,9,294793.650246953:290510.4084888355:54138.958916770585:33983.36443198095:22240.81079347159:2994.4887255734448:2686.979936609025:223.49460795926063:199.98626750036922:70.43265670689604:17.661862397340084:14.537307057989219:2.675318110545573:0.9703520402675168:0.539190413077449:0.25869559970762235,0.0007365962651190371
3,6,6,2:4:2,4:2:2,144,9,195002.89205680694:193582.24041128453:34271.00181091936:21048.95641944545:13572.164729147225:1800.4734896186683:1614.2363911253144:166.98410097161477:147.0671890142067:50.05098262418934:12.341391553426005:10.241770947886575:2.2995956060507052:0.7919026586084089:0.4351666648180235:0.22884489633497207,0.000822355685722914
3,6,6,3:4:2,4:3:2,72,9,107442.6514647665:107207.01592179826:17933.287867618525:10706.580463093176:6753.91309323407:884.32769574162:793.2821318105375:109.73145109612057:94.64146231312239:30.917221676370584:7.467732159909464:6.3007030655499445:1.8605422693946925:0.5933047517529515:0.3213722398248456:0.19039805182880642,0.0009683067764991506
3,6,6,-3:5:2,5:3:2,36,10,45333.83935489346:44712.356532949016:7101.253789931076:4096.339366775975:2509.963298129384:325.5210290453234:292.8706060446419:59.62226907864744:50.0309158435916:15.636818873550887:3.676523468495557:3.224908293003921:1.3752120451457408:0.39210439375909667:0.20857981344904444:0.14308493028944125,0.0012381565972825871
3,6,6,-2:5:2,5:2:2,72,9,71329.2916295541:70758.45984671118:11520.120799380318:6759.490300469685:4202.950272106147:547.2945145686352:491.52699898337573:82.07853157631953:69.84894726069221:22.296279742655774:5.315890917718774:4.55580186387745:1.6112802532945985:0.48687207521409875:0.26135224977095356:0.16668691621678192,0.0010872237680894148
3,6,6,-1:5:2,5:2:1,84,9,96546.92379862492:96182.69778692539:15967.99448486762:9488.415139227718:5962.433927931721:779.4033575907159:699.3402166240569:101.70840331758029:87.40847360881192:28.371209150339876:6.829091109550344:5.783219898632897:1.7916275138479718:0.5633398938800196:0.3044007916462995:0.1839799796968511,0.0009978717888001302
3,6,6,0:5:2,5:2:0,96,9,107442.65146476655:107207.01592179826:17933.287867618517:10706.580463093176:6753.913093234068:884.3276957416206:793.2821318105371:109.73145109612084:94.64146231312174:30.917221676370044:7.467732159911045:6.300703065550304:1.8605422693945446:0.5933047517532981:0.3213722398251453:0.1903980518297515,0.0009683067764991487
3,6,6,1:5:2,5:2:1,84,9,96546.92379862496:96182.69778692543:15967.994484867628:9488.415139227722:5962.433927931723:779.4033575907156:699.3402166240566:101.70840331758019:87.40847360881173:28.37120915034062:6.829091109550764:5.783219898632386:1.7916275138460918:0.5633398938801627:0.3044007916423809:0.18397997969801325,0.0009978717888001294
3,6,6,2:5:2,5:2:2,72,9,71329.29162955406:70758.45984671108:11520.120799380318:6759.490300469681:4202.950272106146:547.294514568635:491.5269989833756:82.07853157631901:69.84894726069213:22.296279742654328:5.315890917719539:4.555801863877454:1.611280253294478:0.4868720752139629:0.26135224977317273:0.16668691621655832,0.0010872237680894096
3,6,6,3:5:2,5:3:2,36,10,45333.83935489348:44712.356532948994:7101.253789931076:4096.339366775971:2509.9632981293844:325.5210290453233:292.87060604464165:59.62226907864735:50.03091584359158:15.636818873551151:3.676523468495568:3.224908293004012:1.3752120451457803:0.3921043937590649:0.20857981344869644:0.1430849302893778,0.0012381565972825867
3,6,6,-3:-5:3,5:3:3,18,10,23066.72004381509:22615.12905421804:4412.118409932818:2802.1307610711865:1857.6058310390933:253.02368602747276:227.77370035272637:37.8411194364042:33.4056147930691:12.271874464845084:3.0103427170656896:2.6629935751360416:1.1758760409398576:0.31971764823654114:0.18706260102305722:0.1156624668698991,0.0015899901358843588
3,6,6,-2:-5:3,5:3:2,36,10,33315.13661305366:32426.03600614565:6748.846749652919:4378.530660201492:2929.497612676113:409.774958868221:369.9232804034204:48.95858929981292:44.0445448959955:16.77454269039464:4.224252640688983:3.6572302857115333:1.3435770090223007:0.38665410278602985:0.2296388831077668:0.1328748186508343,0.0014426527669899897
3,6,6,-1:-5:3,5:3:1,42,10,42312.466383257975:40986.28707109576:8967.740390032917:5899.269799751897:3962.149748977288:567.2617440791403:513.5277253912574:57.9756773625799:52.81662775106992:20.654387771498264:5.305303305674379:4.5483165048532825:1.4650128469042354:0.4386452686143623:0.26325799998111243:0.1452617858296279,0.001356614665823252
3,6,6,0:-5:3,5:3:0,48,10,45979.073517513156:44464.367691801024:9916.427430834327:6554.485149907663:4405.709569867467:636.7645183153987:577.12842325766:61.50599521871921:56.2804981166411:22.225109642091518:5.752028148273478:4.917698992059313:1.5100331013307973:0.4585672183018215:0.2762616544175803:0.1498103186237574,0.0013283951842187243
3,6,6,1:-5:3,5:3:1,42,10,42312.466383258026:40986.28707109578:8967.740390032926:5899.269799751903:3962.1497489772873:567.2617440791411:513.5277253912567:57.97567736258:52.816627751069824:20.65438777149815:5.305303305674712:4.54831650485316:1.465012846904695:0.4386452686143432:0.2632579999798969:0.1452617858304869,0.0013566146658232506
3,6,6,2:-5:3,5:3:2,36,10,33315.13661305364:32426.036006145627:6748.846749652916:4378.530660201489:2929.4976126761117:409.77495886822066:369.92328040342045:48.95858929981278:44.04454489599539:16.77454269039455:4.224252640688997:3.657230285711664:1.343577009022292:0.3866541027863182:0.22963888310775343:0.13287481865060657,0.0014426527669899865
3,6,6,3:-5:3,5:3:3,18,10,23066.7200438151:22615.129054218043:4412.118409932817:2802.1307610711856:1857.6058310390938:253.023686027473:227.77370035272634:37.84111943640415:33.40561479306903:12.271874464844975:3.0103427170657784:2.6629935751360034:1.1758760409397777:0.319717648236577:0.1870626010230319:0.1156624668699247,0.0015899901358843547
3,6,6,-3:-4:3,4:3:3,36,10,45979.073517513185:44464.36769180103:9916.427430834328:6554.485149907665:4405.709569867469:636.7645183153993:577.1284232576602:61.50599521871943:56.2804981166413:22.225109642091557:5.752028148274558:4.917698992059129:1.5100331013310535:0.4585672183018022:0.2762616544171498:0.14981031862372296,0.001328395184218729
3,6,6,-2:-4:3,4:3:2,72,10,71663.95928943598:68728.18515749494:17286.789908498202:11710.258150586298:7854.874278934112:1212.767620798871:1108.5824835680319:84.67569504052813:79.32679144542172:33.181318563478335:9.01398054038994:7.633365788296811:1.7808741932162822:0.5848626066048233:0.3602027195964182:0.17650035405307118,0.0011914830359858026
3,6,6,-1:-4:3,4:3:1,84,10,95863.65922712232:91537.35532354446:25415.217686179876:17484.25808842293:11627.637120921296:1909.1487567939987:1759.1663729782877:104.96820204584685:99.788750384742:43.56339647921878:12.348754349188948:10.44266239426252:1.993373272882876:0.6908894393650875:0.43262425978227265:0.19655595850288432,0.0011135185466653972
3,6,6,0:-4:3,4:3:0,96,10,106089.76545171296:101189.37865421746:29205.065889920777:20201.50524959728:13374.261258920093:2253.10095869269:2083.013575557869:113.28799659454721:108.20579422777219:47.99103812004773:13.847398291482806:11.715938624154504:2.0756054448974877:0.7334397855816146:0.46218284104473767:0.2041106818683175,0.0010884100676864644
3,6,6,1:-4:3,4:3:1,84,10,95863.6592271222:91537.35532354441:25415.21768617987:17484.258088422914:11627.63712092129:1909.1487567939982:1759.1663729782883:104.96820204584685:99.78875038474281:43.56339647921981:12.348754349189482:10.442662394263097:1.9933732728829057:0.6908894393648864:0.4326242597833704:0.19655595850107563,0.0011135185466654048
3,6,6,2:-4:3,4:3:2,72,10,71663.95928943598:68728.18515749493:17286.78990849821:11710.2581505863:7854.87427893411:1212.767620798872:1108.5824835680323:84.67569504052777:79.32679144542217:33.18131856347841:9.01398054038998:7.633365788296093:1.7808741932162084:0.5848626066053411:0.3602027195965721:0.1765003540520544,0.0011914830359858028
3,6,6,3:-4:3,4:3:3,36,10,45979.07351751317:44464.36769180102:9916.427430834328:6554.485149907662:4405.7095698674675:636.7645183153993:577.1284232576595:61.505995218719654:56.280498116641326:22.225109642091418:5.752028148274654:4.917698992059026:1.510033101330554:0.45856721830158265:0.2762616544175669:0.14981031862467517,0.001328395184218732
3,6,6,-5:-3:3,5:3:3,18,10,23066.720043815098:22615.129054218043:4412.118409932817:2802.130761071185:1857.605831039093:253.02368602747268:227.773700352726:37.84111943640428:33.40561479306894:12.271874464844997:3.010342717065837:2.6629935751359155:1.1758760409398468:0.319717648236618:0.18706260102283415:0.11566246686987558,0.0015899901358843562
3,6,6,-4:-3:3,4:3:3,36,10,45979.073517513156:44464.36769180101:9916.427430834328:6554.48514990766:4405.7095698674675:636.7645183153996:577.1284232576603:61.50599521871943:56.280498116641205:22.225109642091635:5.7520281482749125:4.917698992059391:1.5100331013303903:0.45856721830167946:0.27626165441735756:0.1498103186241239,0.0013283951842187297
3,6,6,-3:-3:3,3:3:3,81,10,86814.87439338824:83006.46958100176:22238.82929615982:15218.926502923705:10158.075790186938:1630.1108762904357:1497.5882478830079:97.49778619102354:92.23917105718549:39.66740686786075:11.068517946356543:9.360225599823519:1.9172634311520504:0.6522544095241782:0.4060307313178769:0.18946251812313936,0.0011390908831312649
3,6,6,-2:-3:3,3:3:2,126,10,145706.79297790563:138827.79556096965:45943.11030893819:32402.7466956853:21053.70441108638:3910.675049067093:3660.7437671499156:144.85805270957528:140.02183179285032:65.43540681496785:20.241765653475202:17.221321811752578:2.367161304645703:0.8909597982977903:0.5740860178436431:0.23004472148953925,0.0010162770464845338
3,6,6,-1:-3:3,3:3:1,147,10,203818.544774291:195498.95768134732:76566.8068364634:55827.666580443045:35454.03377811033:7556.025709758213:7193.063005283035:191.37903757652376:185.5727065001514:91.93750684414495:31.73291854969066:27.385344073310904:2.748940760763627:1.1132155159822579:0.7388007410086403:0.2622999472721584,0.0009497692199000427
3,6,6,0:-3:3,3:3:0,168,10,228670.82024538206:220651.0066029801:91849.11026579441:68233.8930449709:43077.782755506385:9718.01194089954:9312.529716241246:212.03398708691876:204.94984381198444:103.60252706354466:37.629286477084456:32.719740761456706:2.9030173685739067:1.2083888109801253:0.8118927986992015:0.27488573766785507,0.0009289490545892587
3,6,6,1:-3:3,3:3:1,147,10,203818.54477429087:195498.9576813473:76566.80683646335:55827.666580442994:35454.03377811033:7556.0257097582125:7193.063005283022:191.37903757652555:185.57270650014928:91.93750684414668:31.732918549690527:27.38534407330992:2.7489407607627183:1.11321551598296:0.738800741009561:0.2622999472741925,0.000949769219900044
3,6,6,2:-3:3,3:3:2,126,10,145706.79297790566:138827.79556096962:45943.11030893816:32402.74669568532:21053.70441108638:3910.6750490670815:3660.7437671499147:144.85805270957525:140.02183179284904:65.43540681496683:20.241765653474435:17.221321811750546:2.3671613046461846:0.8909597982970796:0.5740860178450139:0.23004472148974478,0.001016277046484527
3,6,6,3:-3:3,3:3:3,81,10,86814.87439338827:83006.46958100182:22238.82929615981:15218.926502923709:10158.075790186942:1630.1108762904332:1497.5882478830074:97.4977861910235:92.2391710571853:39.667406867860585:11.068517946356307:9.360225599822325:1.917263431152204:0.652254409523908:0.4060307313173449:0.18946251812355344,0.001139090883131262
3,6,6,4:-3:3,4:3:3,36,10,45979.073517513156:44464.36769180101:9916.427430834328:6554.48514990766:4405.7095698674675:636.7645183153996:577.1284232576603:61.50599521871943:56.280498116641205:22.225109642091635:5.7520281482749125:4.917698992059391:1.5100331013303903:0.45856721830167946:0.27626165441735756:0.1498103186241239,0.0013283951842187297
3,6,6,5:-3:3,5:3:3,18,10,23066.720043815072:22615.12905421803:4412.118409932812:2802.130761071186:1857.6058310390936:253.02368602747288:227.77370035272622:37.84111943640411:33.405614793069084:12.27187446484518:3.010342717065816:2.6629935751359204:1.1758760409397222:0.3197176482364944:0.18706260102297612:0.11566246686997217,0.0015899901358843581
3,6,6,-5:-2:3,5:3:2,36,10,33315.13661305366:32426.036006145645:6748.84674965292:4378.530660201491:2929.4976126761117:409.77495886822123:369.92328040342045:48.958589299812886:44.04454489599565:16.77454269039459:4.2242526406895555:3.657230285711738:1.3435770090223462:0.38665410278564305:0.22963888310818234:0.1328748186501146,0.0014426527669899921
3,6,6,-4:-2:3,4:3:2,72,10,71663.95928943601:68728.18515749497:17286.78990849821:11710.258150586296:7854.874278934115:1212.767620798873:1108.5824835680319:84.67569504052771:79.32679144542266:33.18131856347864:9.013980540389506:7.633365788297668:1.7808741932163397:0.5848626066055074:0.36020271959807154:0.17650035405211684,0.0011914830359858067
3,6,6,-3:-2:3,3:3:2,126,10,145706.7929779057:138827.79556096968:45943.11030893819:32402.74669568532:21053.704411086383:3910.6750490670847:3660.743767149916:144.858052709576:140.02183179284995:65.43540681496633:20.241765653471475:17.22132181175183:2.367161304646282:0.8909597982986528:0.5740860178426684:0.2300447214907161,0.0010162770464845305
3,6,6,-2:-2:3,3:2:2,180,10,256796.9516558182:250125.43229997074:110613.21114510563:84321.90054460338:53085.77266709807:12757.22956487327:12310.950867171894:236.34671085371141:226.93369001330186:117.03813285245887:45.19975477407107:39.67182211591852:3.073616381037806:1.3177949747440378:0.8979166233802077:0.288601327120224,0.000908741913512612
3,6,6,-1:-2:3,3:2:1,210,10,379072.9154024665:363228.6732786962:191062.12202643405:171051.56437688725:112206.39319016275:34111.69170174005:33621.89581253994:342.3323624165948:311.6992701255584:170.49537865461167:86.72254799268289:79.34830308515878:3.7057540758181235:1.7682608493378695:1.277206753493895:0.33839712357448226,0.0008497363337411011
3,6,6,0:-2:3,3:2:0,240,10,443855.9867094:406218.89133049047:224143.0309689204:221645.402307718:152481.71231269115:51236.925071198355:50785.7332225851:393.61361019316456:346.88612364520884:194.01500168131818:112.80967780442734:105.16425516661488:3.9616917386828514:1.978012393853725:1.4698002703142985:0.3587381235597318,0.0008290861220954208
3,6,6,1:-2:3,3:2:1,210,10,379072.91540246655:363228.67327869625:191062.12202643396:171051.5643768874:112206.39319016284:34111.69170174004:33621.89581253992:342.3323624165916:311.699270125551:170.49537865460897:86.7225479926905:79.34830308516395:3.705754075815143:1.7682608493344294:1.277206753500139:0.3383971235713908,0.0008497363337410916
3,6,6,2:-2:3,3:2:2,180,10,256796.95165581827:250125.43229997068:110613.2111451056:84321.90054460338:53085.77266709806:12757.229564873256:12310.950867171896:236.3467108537098:226.93369001330245:117.03813285245826:45.19975477407119:39.67182211591786:3.0736163810324197:1.3177949747459299:0.8979166233859606:0.28860132711935055,0.0009087419135126095
3,6,6,3:-2:3,3:3:2,126,10,145706.79297790572:138827.7955609697:45943.110308938165:32402.74669568533:21053.704411086375:3910.6750490670847:3660.7437671499083:144.8580527095764:140.0218317928496:65.43540681496684:20.241765653474182:17.221321811750283:2.367161304646799:0.8909597982979695:0.5740860178410674:0.23004472149218538,0.001016277046484532
3,6,6,4:-2:3,4:3:2,72,10,71663.95928943601:68728.18515749494:17286.789908498202:11710.258150586302:7854.8742789341095:1212.7676207988711:1108.5824835680319:84.6756950405281:79.3267914454235:33.18131856347836:9.013980540390055:7.633365788297323:1.780874193216043:0.5848626066051855:0.36020271959693995:0.1765003540521761,0.0011914830359858143
3,6,6,5:-2:3,5:3:2,36,10,33315.136613053655:32426.036006145627:6748.846749652916:4378.530660201494:2929.497612676112:409.77495886822055:369.9232804034206:48.958589299812665:44.04454489599552:16.7745426903944:4.22425264068921:3.657230285711561:1.3435770090226615:0.38665410278670514:0.2296388831087058:0.13287481864987902,0.0014426527669899858
3,6,6,-5:-1:3,5:3:1,42,10,42312.46638325803:40986.287071095794:8967.740390032923:5899.269799751904:3962.1497489772873:567.2617440791402:513.5277253912573:57.97567736258002:52.81662775107001:20.654387771498612:5.305303305674361:4.548316504853355:1.4650128469044896:0.43864526861445624:0.26325799998058574:0.14526178582970153,0.001356614665823254
3,6,6,-4:-1:3,4:3:1,84,10,95863.65922712232:91537.35532354446:25415.21768617987:17484.258088422917:11627.637120921298:1909.1487567939976:1759.166372978289:104.96820204584667:99.78875038474192:43.56339647921871:12.34875434918944:10.442662394261458:1.9933732728840305:0.690889439367543:0.43262425977924013:0.1965559585018843,0.0011135185466653952
3,6,6,-3:-1:3,3:3:1,147,10,203818.54477429096:195498.9576813473:76566.80683646335:55827.666580443016:35454.03377811033:7556.025709758207:7193.063005283028:191.37903757652188:185.57270650015016:91.93750684414117:31.732918549690137:27.38534407330977:2.7489407607583733:1.1132155159836592:0.7388007410093252:0.2622999472709711,0.0009497692199000313
3,6,6,-2:-1:3,3:2:1,210,10,379072.9154024667:363228.67327869625:191062.12202643394:171051.5643768874:112206.39319016285:34111.69170174004:33621.89581254:342.3323624165894:311.6992701255535:170.49537865460718:86.72254799269112:79.3483030851612:3.7057540758108285:1.7682608493397105:1.2772067534991287:0.33839712357694546,0.00084973633374109
3,6,6,-1:-1:3,3:1:1,245,11,619563.1976813404:501415.7757853086:377719.3511566662:315517.34425115323:290845.0676971078:140644.36337411968:140240.95084605226:524.2878281196272:425.7592910224934:258.5534768751859:211.643846823599:205.2221409266678:4.520889706813732:2.5460457117603346:2.0604779465280285:0.40738209477959936,0.0007803856509352461
3,6,6,0:-1:3,3:1:0,280,12,716966.0918017962:552069.0950983287:485789.25471359695:456467.90749624127:343321.57849295647:270100.08403577283:269239.2424759294:587.0971346063232:466.45945446930136:318.6338995688053:310.92845691005215:302.3632100781417:4.767226791518594:2.9400908757526163:2.5589186589884405:0.4369172722101357,0.0007470607040511581
3,6,6,1:-1:3,3:1:1,245,11,619563.1976813403:501415.7757853087:377719.3511566662:315517.34425115323:290845.0676971078:140644.36337411962:140240.95084605235:524.2878281196237:425.75929102248944:258.5534768751916:211.64384682360588:205.22214092665422:4.520889706813051:2.5460457117420647:2.060477946532278:0.4073820947771803,0.0007803856509352418
3,6,6,2:-1:3,3:2:1,210,10,379072.91540246643:363228.6732786961:191062.12202643394:171051.5643768873:112206.39319016285:34111.69170174004:33621.89581253997:342.33236241659347:311.69927012555144:170.49537865461136:86.72254799269115:79.34830308516979:3.7057540758199203:1.7682608493416287:1.2772067534920506:0.3383971235718917,0.0008497363337410975
3,6,6,3:-1:3,3:3:1,147,10,203818.54477429093:195498.95768134732:76566.80683646335:55827.66658044302:35454.03377811034:7556.025709758212:7193.063005283017:191.37903757652293:185.57270650015016:91.93750684414937:31.732918549688247:27.385344073310772:2.748940760761711:1.1132155159844446:0.7388007410102639:0.26229994727358075,0.000949769219900042
3,6,6,4:-1:3,4:3:1,84,10,95863.65922712225:91537.35532354444:25415.217686179865:17484.25808842292:11627.637120921294:1909.1487567940003:1759.1663729782886:104.96820204584654:99.7887503847429:43.563396479218476:12.348754349187809:10.442662394262422:1.9933732728830273:0.690889439365283:0.4326242597813966:0.19655595850242066,0.0011135185466653991
3,6,6,5:-1:3,5:3:1,42,10,42312.466383258:40986.28707109577:8967.74039003292:5899.2697997519:3962.149748977284:567.2617440791407:513.5277253912569:57.975677362579866:52.816627751069745:20.654387771497902:5.305303305674552:4.548316504853111:1.4650128469045045:0.4386452686143413:0.2632579999809477:0.14526178582954888,0.0013566146658232476
3,6,6,-5:0:3,5:3:0,48,10,45979.07351751315:44464.36769180102:9916.427430834325:6554.485149907661:4405.709569867467:636.7645183153984:577.1284232576602:61.505995218719626:56.28049811664116:22.225109642091493:5.752028148275014:4.91769899205895:1.5100331013306596:0.4585672183018816:0.2762616544176492:0.14981031862382854,0.001328395184218731
3,6,6,-4:0:3,4:3:0,96,10,106089.76545171297:101189.37865421748:29205.065889920774:20201.505249597292:13374.261258920098:2253.100958692686:2083.013575557869:113.2879965945468:108.20579422777074:47.99103812004779:13.847398291483916:11.715938624154973:2.0756054448966297:0.7334397855813902:0.46218284104451757:0.20411068186859185,0.0010884100676864573
3,6,6,-3:0:3,3:3:0,168,10,228670.82024538206:220651.00660298005:91849.11026579441:68233.89304497093:43077.78275550638:9718.011940899534:9312.529716241246:212.03398708692004:204.9498438119856:103.60252706354473:37.629286477086985:32.71974076145901:2.9030173685767395:1.2083888109805265:0.8118927986986356:0.2748857376670502,0.0009289490545892652
3,6,6,-2:0:3,3:2:0,240,10,443855.98670939985:406218.89133049047:224143.03096892053:221645.40230771812:152481.71231269115:51236.925071198406:50785.7332225851:393.61361019316007:346.886123645208:194.01500168131878:112.8096778044257:105.1642551666201:3.961691738678674:1.9780123938610508:1.4698002703133493:0.3587381235570904,0.000829086122095417
3,6,6,-1:0:3,3:1:0,280,12,716966.0918017965:552069.0950983287:485789.254713597:456467.90749624127:343321.5784929564:270100.0840357729:269239.24247592955:587.0971346063149:466.4594544693091:318.6338995687667:310.9284569100346:302.36321007809283:4.767226791524003:2.940090875753336:2.5589186590093735:0.43691727220832854,0.0007470607040511284
3,6,6,0:0:3,3:0:0,320,12,603511.6964095671:603511.5646044071:603511.5646044066:603497.2107962365:603497.2107962361:601052.5167738369:601052.5167738365:505.18491736593734:504.5019172499989:504.50191724995256:486.5639703416155:486.5639703415796:4.77513950991581:3.446691979229581:3.446691979204326:0.47112627799141427,0.0006975850985987196
3,6,6,1:0:3,3:1:0,280,12,716966.0918017962:552069.0950983284:485789.25471359666:456467.90749624127:343321.57849295635:270100.08403577283:269239.24247592955:587.0971346063147:466.4594544693105:318.6338995687971:310.92845691003095:302.36321007814456:4.767226791523585:2.9400908757540023:2.558918659009132:0.4369172722086535,0.0007470607040511502
3,6,6,2:0:3,3:2:0,240,10,443855.98670939996:406218.8913304908:224143.03096892044:221645.40230771803:152481.7123126912:51236.92507119842:50785.733222585084:393.6136101931598:346.8861236452135:194.01500168131855:112.80967780443827:105.16425516661452:3.961691738679758:1.9780123938593988:1.4698002703115325:0.3587381235565537,0.0008290861220954229
3,6,6,3:0:3,3:3:0,168,10,228670.82024538208:220651.00660298008:91849.11026579441:68233.89304497094:43077.78275550641:9718.011940899547:9312.529716241243:212.0339870869196:204.9498438119856:103.60252706354447:37.62928647708587:32.7197407614572:2.903017368573635:1.2083888109796428:0.8118927986985298:0.274885737667485,0.0009289490545892628
3,6,6,4:0:3,4:3:0,96,10,106089.76545171288:101189.37865421748:29205.065889920785:20201.505249597296:13374.2612589201:2253.1009586926884:2083.0135755578694:113.28799659454674:108.205794227771:47.99103812004771:13.847398291484042:11.715938624154829:2.0756054448963623:0.7334397855817062:0.46218284104411717:0.20411068186846726,0.0010884100676864582
3,6,6,5:0:3,5:3:0,48,10,45979.07351751313:44464.36769180102:9916.427430834327:6554.4851499076585:4405.709569867467:636.7645183153988:577.1284232576602:61.50599521871957:56.280498116641155:22.22510964209151:5.752028148275394:4.917698992059269:1.5100331013306836:0.4585672183016233:0.27626165441752143:0.14981031862398198,0.001328395184218731
3,6,6,-5:1:3,5:3:1,42,10,42312.46638325803:40986.287071095794:8967.740390032923:5899.269799751904:3962.1497489772873:567.2617440791402:513.5277253912573:57.97567736258002:52.81662775107001:20.654387771498612:5.305303305674361:4.548316504853355:1.4650128469044896:0.43864526861445624:0.26325799998058574:0.14526178582970153,0.001356614665823254
3,6,6,-4:1:3,4:3:1,84,10,95863.65922712232:91537.35532354446:25415.21768617987:17484.258088422917:11627.637120921298:1909.1487567939976:1759.166372978289:104.96820204584667:99.78875038474192:43.56339647921871:12.34875434918944:10.442662394261458:1.9933732728840305:0.690889439367543:0.43262425977924013:0.1965559585018843,0.0011135185466653952
3,6,6,-3:1:3,3:3:1,147,10,203818.54477429096:195498.9576813473:76566.80683646335:55827.666580443016:35454.03377811033:7556.025709758207:7193.063005283028:191.37903757652188:185.57270650015016:91.93750684414117:31.732918549690137:27.38534407330977:2.7489407607583733:1.1132155159836592:0.7388007410093252:0.2622999472709711,0.0009497692199000313
3,6,6,-2:1:3,3:2:1,210,10,379072.9154024667:363228.67327869625:191062.12202643394:171051.5643768874:112206.39319016285:34111.69170174004:33621.89581254:342.3323624165894:311.6992701255535:170.49537865460718:86.72254799269112:79.3483030851612:3.7057540758108285:1.7682608493397105:1.2772067534991287:0.33839712357694546,0.00084973633374109
3,6,6,-1:1:3,3:1:1,245,11,619563.1976813404:501415.7757853086:377719.3511566662:315517.34425115323:290845.0676971078:140644.36337411968:140240.95084605226:524.2878281196272:425.7592910224934:258.5534768751859:211.643846823599:205.2221409266678:4.520889706813732:2.5460457117603346:2.0604779465280285:0.40738209477959936,0.0007803856509352461
3,6,6,0:1:3,3:1:0,280,12,716966.0918017962:552069.0950983287:485789.25471359695:456467.90749624127:343321.57849295647:270100.08403577283:269239.2424759294:587.0971346063232:466.45945446930136:318.6338995688053:310.92845691005215:302.3632100781417:4.767226791518594:2.9400908757526163:2.5589186589884405:0.4369172722101357,0.0007470607040511581
3,6,6,1:1:3,3:1:1,245,11,619563.1976813403:501415.7757853087:377719.3511566662:315517.34425115323:290845.0676971078:140644.36337411962:140240.95084605235:524.2878281196237:425.75929102248944:258.5534768751916:211.64384682360588:205.22214092665422:4.520889706813051:2.5460457117420647:2.060477946532278:0.4073820947771803,0.0007803856509352418
3,6,6,2:1:3,3:2:1,210,10,379072.91540246643:363228.6732786961:191062.12202643394:171051.5643768873:112206.39319016285:34111.69170174004:33621.89581253997:342.33236241659347:311.69927012555144:170.49537865461136:86.72254799269115:79.34830308516979:3.7057540758199203:1.7682608493416287:1.2772067534920506:0.3383971235718917,0.0008497363337410975
3,6,6,3:1:3,3:3:1,147,10,203818.54477429093:195498.95768134732:76566.80683646335:55827.66658044302:35454.03377811034:7556.025709758212:7193.063005283017:191.37903757652293:185.57270650015016:91.93750684414937:31.732918549688247:27.385344073310772:2.748940760761711:1.1132155159844446:0.7388007410102639:0.26229994727358075,0.000949769219900042
3,6,6,4:1:3,4:3:1,84,10,95863.65922712225:91537.35532354444:25415.217686179865:17484.25808842292:11627.637120921294:1909.1487567940003:1759.1663729782886:104.96820204584654:99.7887503847429:43.563396479218476:12.348754349187809:10.442662394262422:1.9933732728830273:0.690889439365283:0.4326242597813966:0.19655595850242066,0.0011135185466653991
3,6,6,5:1:3,5:3:1,42,10,42312.466383258:40986.28707109577:8967.74039003292:5899.2697997519:3962.149748977284:567.2617440791407:513.5277253912569:57.975677362579866:52.816627751069745:20.654387771497902:5.305303305674552:4.548316504853111:1.4650128469045045:0.4386452686143413:0.2632579999809477:0.14526178582954888,0.0013566146658232476
3,6,6,-5:2:3,5:3:2,36,10,33315.13661305366:32426.036006145645:6748.84674965292:4378.530660201491:2929.4976126761117:409.77495886822123:369.92328040342045:48.958589299812886:44.04454489599565:16.77454269039459:4.2242526406895555:3.657230285711738:1.3435770090223462:0.38665410278564305:0.22963888310818234:0.1328748186501146,0.0014426527669899921
3,6,6,-4:2:3,4:3:2,72,10,71663.95928943601:68728.18515749497:17286.78990849821:11710.258150586296:7854.874278934115:1212.767620798873:1108.5824835680319:84.67569504052771:79.32679144542266:33.18131856347864:9.013980540389506:7.633365788297668:1.7808741932163397:0.5848626066055074:0.36020271959807154:0.17650035405211684,0.0011914830359858067
3,6,6,-3:2:3,3:3:2,126,10,145706.7929779057:138827.79556096968:45943.11030893819:32402.74669568532:21053.704411086383:3910.6750490670847:3660.743767149916:144.858052709576:140.02183179284995:65.43540681496633:20.241765653471475:17.22132181175183:2.367161304646282:0.8909597982986528:0.5740860178426684:0.2300447214907161,0.0010162770464845305
3,6,6,-2:2:3,3:2:2,180,10,256796.9516558182:250125.43229997074:110613.21114510563:84321.90054460338:53085.77266709807:12757.22956487327:12310.950867171894:236.34671085371141:226.93369001330186:117.03813285245887:45.19975477407107:39.67182211591852:3.073616381037806:1.3177949747440378:0.8979166233802077:0.288601327120224,0.000908741913512612
3,6,6,-1:2:3,3:2:1,210,10,379072.9154024665:363228.6732786962:191062.12202643405:171051.56437688725:112206.39319016275:34111.69170174005:33621.89581253994:342.3323624165948:311.6992701255584:170.49537865461167:86.72254799268289:79.34830308515878:3.7057540758181235:1.7682608493378695:1.277206753493895:0.33839712357448226,0.0008497363337411011
3,6,6,0:2:3,3:2:0,240,10,443855.9867094:406218.89133049047:224143.0309689204:221645.402307718:152481.71231269115:51236.925071198355:50785.7332225851:393.61361019316456:346.88612364520884:194.01500168131818:112.80967780442734:105.16425516661488:3.9616917386828514:1.978012393853725:1.4698002703142985:0.3587381235597318,0.0008290861220954208
3,6,6,1:2:3,3:2:1,210,10,379072.91540246655:363228.67327869625:191062.12202643396:171051.5643768874:112206.39319016284:34111.69170174004:33621.89581253992:342.3323624165916:311.699270125551:170.49537865460897:86.7225479926905:79.34830308516395:3.705754075815143:1.7682608493344294:1.277206753500139:0.3383971235713908,0.0008497363337410916
3,6,6,2:2:3,3:2:2,180,10,256796.95165581827:250125.43229997068:110613.2111451056:84321.90054460338:53085.77266709806:12757.229564873256:12310.950867171896:236.3467108537098:226.93369001330245:117.03813285245826:45.19975477407119:39.67182211591786:3.0736163810324197:1.3177949747459299:0.8979166233859606:0.28860132711935055,0.0009087419135126095
3,6,6,3:2:3,3:3:2,126,10,145706.79297790572:138827.7955609697:45943.110308938165:32402.74669568533:21053.704411086375:3910.6750490670847:3660.7437671499083:144.8580527095764:140.0218317928496:65.43540681496684:20.241765653474182:17.221321811750283:2.367161304646799:0.8909597982979695:0.5740860178410674:0.23004472149218538,0.001016277046484532
3,6,6,4:2:3,4:3:2,72,10,71663.95928943601:68728.18515749494:17286.789908498202:11710.258150586302:7854.8742789341095:1212.7676207988711:1108.5824835680319:84.6756950405281:79.3267914454235:33.18131856347836:9.013980540390055:7.633365788297323:1.780874193216043:0.5848626066051855:0.36020271959693995:0.1765003540521761,0.0011914830359858143
3,6,6,5:2:3,5:3:2,36,10,33315.136613053655:32426.036006145627:6748.846749652916:4378.530660201494:2929.497612676112:409.77495886822055:369.9232804034206:48.958589299812665:44.04454489599552:16.7745426903944:4.22425264068921:3.657230285711561:1.3435770090226615:0.38665410278670514:0.2296388831087058:0.13287481864987902,0.0014426527669899858
3,6,6,-5:3:3,5:3:3,18,10,23066.720043815098:22615.129054218043:4412.118409932817:2802.130761071185:1857.605831039093:253.02368602747268:227.773700352726:37.84111943640428:33.40561479306894:12.271874464844997:3.010342717065837:2.6629935751359155:1.1758760409398468:0.319717648236618:0.18706260102283415:0.11566246686987558,0.0015899901358843562
3,6,6,-4:3:3,4:3:3,36,10,45979.073517513156:44464.36769180101:9916.427430834328:6554.48514990766:4405.7095698674675:636.7645183153996:577.1284232576603:61.50599521871943:56.280498116641205:22.225109642091635:5.7520281482749125:4.917698992059391:1.5100331013303903:0.45856721830167946:0.27626165441735756:0.1498103186241239,0.0013283951842187297
3,6,6,-3:3:3,3:3:3,81,10,86814.87439338824:83006.46958100176:22238.82929615982:15218.926502923705:10158.075790186938:1630.1108762904357:1497.5882478830079:97.49778619102354:92.23917105718549:39.66740686786075:11.068517946356543:9.360225599823519:1.9172634311520504:0.6522544095241782:0.4060307313178769:0.18946251812313936,0.0011390908831312649
3,6,6,-2:3:3,3:3:2,126,10,145706.79297790563:138827.79556096965:45943.11030893819:32402.7466956853:21053.70441108638:3910.675049067093:3660.7437671499156:144.85805270957528:140.02183179285032:65.43540681496785:20.241765653475202:17.221321811752578:2.367161304645703:0.8909597982977903:0.5740860178436431:0.23004472148953925,0.0010162770464845338
3,6,6,-1:3:3,3:3:1,147,10,203818.544774291:195498.95768134732:76566.8068364634:55827.666580443045:35454.03377811033:7556.025709758213:7193.063005283035:191.37903757652376:185.5727065001514:91.93750684414495:31.73291854969066:27.385344073310904:2.748940760763627:1.1132155159822579:0.7388007410086403:0.2622999472721584,0.0009497692199000427
3,6,6,0:3:3,3:3:0,168,10,228670.82024538206:220651.0066029801:91849.11026579441:68233.8930449709:43077.782755506385:9718.01194089954:9312.529716241246:212.03398708691876:204.94984381198444:103.60252706354466:37.629286477084456:32.719740761456706:2.9030173685739067:1.2083888109801253:0.8118927986992015:0.27488573766785507,0.0009289490545892587
3,6,6,1:3:3,3:3:1,147,10,203818.54477429087:195498.9576813473:76566.80683646335:55827.666580442994:35454.03377811033:7556.0257097582125:7193.063005283022:191.37903757652555:185.57270650014928:91.93750684414668:31.732918549690527:27.38534407330992:2.7489407607627183:1.11321551598296:0.738800741009561:0.2622999472741925,0.000949769219900044
3,6,6,2:3:3,3:3:2,126,10,145706.79297790566:138827.79556096962:45943.11030893816:32402.74669568532:21053.70441108638:3910.6750490670815:3660.7437671499147:144.85805270957525:140.02183179284904:65.43540681496683:20.241765653474435:17.221321811750546:2.3671613046461846:0.8909597982970796:0.5740860178450139:0.23004472148974478,0.001016277046484527
3,6,6,3:3:3,3:3:3,81,10,86814.87439338827:83006.46958100182:22238.82929615981:15218.926502923709:10158.075790186942:1630.1108762904332:1497.5882478830074:97.4977861910235:92.2391710571853:39.667406867860585:11.068517946356307:9.360225599822325:1.917263431152204:0.652254409523908:0.4060307313173449:0.18946251812355344,0.001139090883131262
3,6,6,4:3:3,4:3:3,36,10,45979.073517513156:44464.36769180101:9916.427430834328:6554.48514990766:4405.7095698674675:636.7645183153996:577.1284232576603:61.50599521871943:56.280498116641205:22.225109642091635:5.7520281482749125:4.917698992059391:1.5100331013303903:0.45856721830167946:0.27626165441735756:0.1498103186241239,0.0013283951842187297
3,6,6,5:3:3,5:3:3,18,10,23066.720043815072:22615.12905421803:4412.118409932812:2802.130761071186:1857.6058310390936:253.02368602747288:227.77370035272622:37.84111943640411:33.405614793069084:12.27187446484518:3.010342717065816:2.6629935751359204:1.1758760409397222:0.3197176482364944:0.18706260102297612:0.11566246686997217,0.0015899901358843581
3,6,6,-3:4:3,4:3:3,36,10,45979.073517513185:44464.36769180103:9916.427430834328:6554.485149907665:4405.709569867469:636.7645183153993:577.1284232576602:61.50599521871943:56.2804981166413:22.225109642091557:5.752028148274558:4.917698992059129:1.5100331013310535:0.4585672183018022:0.2762616544171498:0.14981031862372296,0.001328395184218729
3,6,6,-2:4:3,4:3:2,72,10,71663.95928943598:68728.18515749494:17286.789908498202:11710.258150586298:7854.874278934112:1212.767620798871:1108.5824835680319:84.67569504052813:79.32679144542172:33.181318563478335:9.01398054038994:7.633365788296811:1.7808741932162822:0.5848626066048233:0.3602027195964182:0.17650035405307118,0.0011914830359858026
3,6,6,-1:4:3,4:3:1,84,10,95863.65922712232:91537.35532354446:25415.217686179876:17484.25808842293:11627.637120921296:1909.1487567939987:1759.1663729782877:104.96820204584685:99.788750384742:43.56339647921878:12.348754349188948:10.44266239426252:1.993373272882876:0.6908894393650875:0.43262425978227265:0.19655595850288432,0.0011135185466653972
3,6,6,0:4:3,4:3:0,96,10,106089.76545171296:101189.37865421746:29205.065889920777:20201.50524959728:13374.261258920093:2253.10095869269:2083.013575557869:113.28799659454721:108.20579422777219:47.99103812004773:13.847398291482806:11.715938624154504:2.0756054448974877:0.7334397855816146:0.46218284104473767:0.2041106818683175,0.0010884100676864644
3,6,6,1:4:3,4:3:1,84,10,95863.6592271222:91537.35532354441:25415.21768617987:17484.258088422914:11627.63712092129:1909.1487567939982:1759.1663729782883:104.96820204584685:99.78875038474281:43.56339647921981:12.348754349189482:10.442662394263097:1.9933732728829057:0.6908894393648864:0.4326242597833704:0.19655595850107563,0.0011135185466654048
3,6,6,2:4:3,4:3:2,72,10,71663.95928943598:68728.18515749493:17286.78990849821:11710.2581505863:7854.87427893411:1212.767620798872:1108.5824835680323:84.67569504052777:79.32679144542217:33.18131856347841:9.01398054038998:7.633365788296093:1.7808741932162084:0.5848626066053411:0.3602027195965721:0.1765003540520544,0.0011914830359858028
3,6,6,3:4:3,4:3:3,36,10,45979.07351751317:44464.36769180102:9916.427430834328:6554.485149907662:4405.7095698674675:636.7645183153993:577.1284232576595:61.505995218719654:56.280498116641326:22.225109642091418:5.752028148274654:4.917698992059026:1.510033101330554:0.45856721830158265:0.2762616544175669:0.14981031862467517,0.001328395184218732
3,6,6,-3:5:3,5:3:3,18,10,23066.72004381509:22615.12905421804:4412.118409932818:2802.1307610711865:1857.6058310390933:253.02368602747276:227.77370035272637:37.8411194364042:33.4056147930691:12.271874464845084:3.0103427170656896:2.6629935751360416:1.1758760409398576:0.31971764823654114:0.18706260102305722:0.1156624668698991,0.0015899901358843588
3,6,6,-2:5:3,5:3:2,36,10,33315.13661305366:32426.03600614565:6748.846749652919:4378.530660201492:2929.497612676113:409.774958868221:369.9232804034204:48.95858929981292:44.0445448959955:16.77454269039464:4.224252640688983:3.6572302857115333:1.3435770090223007:0.38665410278602985:0.2296388831077668:0.1328748186508343,0.0014426527669899897
3,6,6,-1:5:3,5:3:1,42,10,42312.466383257975:40986.28707109576:8967.740390032917:5899.269799751897:3962.149748977288:567.2617440791403:513.5277253912574:57.9756773625799:52.81662775106992:20.654387771498264:5.305303305674379:4.5483165048532825:1.4650128469042354:0.4386452686143623:0.26325799998111243:0.1452617858296279,0.001356614665823252
3,6,6,0:5:3,5:3:0,48,10,45979.073517513156:44464.367691801024:9916.427430834327:6554.485149907663:4405.709569867467:636.7645183153987:577.12842325766:61.50599521871921:56.2804981166411:22.225109642091518:5.752028148273478:4.917698992059313:1.5100331013307973:0.4585672183018215:0.2762616544175803:0.1498103186237574,0.0013283951842187243
3,6,6,1:5:3,5:3:1,42,10,42312.466383258026:40986.28707109578:8967.740390032926:5899.269799751903:3962.1497489772873:567.2617440791411:513.5277253912567:57.97567736258:52.816627751069824:20.65438777149815:5.305303305674712:4.54831650485316:1.465012846904695:0.4386452686143432:0.2632579999798969:0.1452617858304869,0.0013566146658232506
3,6,6,2:5:3,5:3:2,36,10,33315.13661305364:32426.036006145627:6748.846749652916:4378.530660201489:2929.4976126761117:409.77495886822066:369.92328040342045:48.95858929981278:44.04454489599539:16.77454269039455:4.224252640688997:3.657230285711664:1.343577009022292:0.3866541027863182:0.22963888310775343:0.13287481865060657,0.0014426527669899865
3,6,6,3:5:3,5:3:3,18,10,23066.7200438151:22615.129054218043:4412.118409932817:2802.1307610711856:1857.6058310390938:253.023686027473:227.77370035272634:37.84111943640415:33.40561479306903:12.271874464844975:3.0103427170657784:2.6629935751360034:1.1758760409397777:0.319717648236577:0.1870626010230319:0.1156624668699247,0.0015899901358843547
3,6,6,-3:-3:4,4:3:3,36,11,26915.628861205492:25801.34441688007:10042.010937755684:7292.66803527162:4647.046538810675:981.3780292714068:933.9955692236284:46.700476798184845:44.437190028320884:22.074608058540043:7.405072949482938:6.541272972843036:1.4389715706141752:0.44942410156676676:0.31324303577006324:0.13779476048585665,0.001739408080501352
3,6,6,-2:-3:4,4:3:2,72,11,37259.335213898514:36626.12379841329:16858.826988361125:13140.641192462792:8302.392337600706:2086.7402563509113:2024.3547497903219:62.84875085943496:59.05551696930248:31.0480007463438:12.31018144237267:11.058103092258383:1.6630930586086705:0.5730469932902844:0.41589384631314125:0.16219319055816173,0.0016306054102903282
3,6,6,-1:-3:4,4:3:1,84,11,46249.972483184494:45297.8591036779:22969.101445731307:19573.086391654768:12632.726686147595:3623.206292854874:3557.1353848027284:77.15556151658778:70.6297922856382:38.4059882531557:17.74039934915045:16.238256111873497:1.8298521388833575:0.6768195540432791:0.507386775204472:0.18061479945481626,0.001568016333887501
3,6,6,0:-3:4,4:3:0,96,12,50281.97965700775:48301.98947149096:25319.98824370623:22527.29365722509:14776.924737936411:4455.098275820696:4389.958686147561:83.04681706499395:75.02755713184017:41.27078354141749:20.30787250350031:18.73630858421414:1.8917976470747442:0.718463112944537:0.5456126875848663:0.18757340569929895,0.0015468863686806504
3,6,6,1:-3:4,4:3:1,84,11,46249.97248318447:45297.859103677874:22969.101445731307:19573.08639165477:12632.72668614759:3623.2062928548744:3557.135384802727:77.15556151658782:70.6297922856387:38.40598825315609:17.740399349150827:16.23825611187414:1.8298521388829125:0.6768195540431892:0.5073867752036819:0.18061479945454345,0.0015680163338875103
3,6,6,2:-3:4,4:3:2,72,11,37259.33521389851:36626.12379841329:16858.82698836111:13140.641192462792:8302.392337600719:2086.740256350911:2024.3547497903232:62.84875085943503:59.055516969302104:31.0480007463442:12.310181442372945:11.05810309225768:1.663093058608545:0.5730469932899261:0.4158938463144675:0.16219319055780765,0.0016306054102903267
3,6,6,3:-3:4,4:3:3,36,11,26915.628861205507:25801.34441688008:10042.010937755673:7292.668035271622:4647.046538810676:981.3780292714084:933.9955692236275:46.70047679818492:44.437190028320664:22.074608058540196:7.405072949483085:6.541272972843126:1.438971570614588:0.44942410156745904:0.3132430357695587:0.1377947604859579,0.0017394080805013513
3,6,6,-3:-2:4,4:3:2,72,11,37259.33521389852:36626.123798413304:16858.82698836112:13140.641192462794:8302.392337600713:2086.740256350913:2024.354749790323:62.8487508594347:59.05551696930271:31.048000746344037:12.310181442372604:11.05810309225647:1.66309305860887:0.573046993289851:0.41589384631380477:0.1621931905580455,0.0016306054102903245
3,6,6,-2:-2:4,4:2:2,144,12,54853.02599427799:51464.143277533214:27777.37799933748:26020.573939661896:17460.66910786684:5555.37483995619:5492.516193333263:89.61768224051242:79.70205749122493:44.38116098301594:23.432926528625483:21.809410157229678:1.957071956860876:0.7645027043790145:0.588969007098912:0.19501143959154946,0.0015252608317529086
3,6,6,-1:-2:4,4:2:1,168,12,72466.86179251196:61803.00953079173:40719.32978909088:35459.56677181226:30777.17516557537:12000.441458053616:11948.534587751616:113.8538735914393:95.25093189206147:55.769912354906154:38.166855811341435:36.596111963820704:2.171203731467111:0.9365049770388875:0.7626081679937091:0.22075844281443022,0.0014539524352662758
3,6,6,0:-2:4,4:2:0,192,12,79630.28468422963:65483.00207169794:47321.41133814401:38917.10442033672:37210.479387684885:16261.547602172885:16210.068681721952:123.2575836632679:100.81961558675945:60.7009166327273:45.99634860357893:44.54546016652533:2.246458742189542:1.0084972542774173:0.8417665255880706:0.23071693564729256,0.0014262903282717644
3,6,6,1:-2:4,4:2:1,168,12,72466.86179251198:61803.00953079176:40719.329789090916:35459.56677181227:30777.175165575358:12000.441458053614:11948.534587751621:113.85387359143982:95.2509318920628:55.769912354905685:38.16685581134337:36.596111963817684:2.171203731467518:0.9365049770383453:0.7626081679944808:0.22075844281170437,0.0014539524352662817
3,6,6,2:-2:4,4:2:2,144,12,54853.02599427799:51464.143277533214:27777.377999337474:26020.573939661896:17460.669107866845:5555.374839956191:5492.516193333263:89.61768224051231:79.70205749122404:44.38116098301595:23.43292652862523:21.80941015722901:1.9570719568599946:0.7645027043785559:0.5889690070991522:0.195011439590733,0.0015252608317528993
3,6,6,3:-2:4,4:3:2,72,11,37259.33521389852:36626.12379841329:16858.82698836113:13140.64119246279:8302.39233760071:2086.7402563509117:2024.3547497903246:62.848750859434766:59.05551696930238:31.048000746343856:12.310181442372885:11.05810309225659:1.663093058608586:0.5730469932899996:0.415893846314024:0.16219319055742779,0.0016306054102903215
3,6,6,-3:-1:4,4:3:1,84,11,46249.97248318447:45297.859103677874:22969.101445731307:19573.086391654768:12632.726686147587:3623.2062928548767:3557.135384802727:77.15556151658738:70.62979228563798:38.405988253155684:17.740399349151073:16.238256111870623:1.8298521388840017:0.676819554043701:0.5073867752042651:0.18061479945587447,0.0015680163338874923
3,6,6,-2:-1:4,4:2:1,168,12,72466.86179251196:61803.00953079177:40719.32978909091:35459.566771812286:30777.17516557538:12000.441458053618:11948.534587751627:113.85387359143894:95.25093189206264:55.7699123549062:38.16685581134238:36.596111963813996:2.171203731467464:0.93650497703753:0.7626081679942719:0.22075844281352866,0.001453952435266268
3,6,6,-1:-1:4,4:1:1,196,12,94517.65232916012:73071.87596474294:63104.58637044645:58485.14841942318:44814.82635797131:33013.9599234281:32923.04148968108:141.17156419748665:112.07987700900748:74.95411976220922:69.99393447611742:68.69267970899658:2.3895571468457857:1.1832370094007487:1.0553290556436306:0.25324996482265144,0.0013586984406622666
3,6,6,0:-1:4,4:1:0,224,12,99760.262766834:76934.33273102184:71892.8426013739:70378.11428112692:52217.08226309644:50142.32965782468:49477.36492110935:145.42284710316073:117.53265547716005:89.40076316762928:88.77964400768326:85.3873316983488:2.4442442808570237:1.2902896670302006:1.206850115318748:0.26607131613672347,0.001313793101961542
3,6,6,1:-1:4,4:1:1,196,12,94517.65232916013:73071.87596474293:63104.58637044646:58485.148419423174:44814.82635797129:33013.959923428105:32923.04148968108:141.17156419748574:112.07987700900665:74.95411976220589:69.99393447611878:68.69267970898682:2.389557146845821:1.1832370094035043:1.0553290556428765:0.2532499648212814,0.001358698440662237
3,6,6,2:-1:4,4:2:1,168,12,72466.86179251196:61803.00953079173:40719.32978909089:35459.56677181227:30777.17516557536:12000.441458053618:11948.534587751623:113.85387359143901:95.25093189206197:55.76991235490639:38.16685581134236:36.596111963814856:2.1712037314674597:0.9365049770382157:0.7626081679941197:0.22075844281284737,0.0014539524352662678
3,6,6,3:-1:4,4:3:1,84,11,46249.972483184494:45297.85910367787:22969.1014457313:19573.08639165477:12632.72668614759:3623.206292854872:3557.135384802727:77.15556151658777:70.62979228563744:38.405988253156195:17.740399349151573:16.238256111872552:1.8298521388823576:0.6768195540428965:0.5073867752035518:0.1806147994560339,0.0015680163338874975
3,6,6,-3:0:4,4:3:0,96,12,50281.97965700774:48301.98947149096:25319.988243706233:22527.29365722509:14776.924737936408:4455.098275820696:4389.958686147561:83.04681706499466:75.02755713183905:41.270783541416854:20.30787250349984:18.736308584214665:1.891797647075222:0.7184631129445238:0.5456126875846644:0.18757340569934025,0.0015468863686806456
3,6,6,-2:0:4,4:2:0,192,12,79630.2846842296:65483.00207169794:47321.411338144:38917.10442033671:37210.47938768487:16261.547602172885:16210.068681721958:123.2575836632686:100.81961558675707:60.70091663272737:45.99634860358164:44.545460166527626:2.2464587421906392:1.0084972542773556:0.8417665255869164:0.230716935647306,0.001426290328271768
3,6,6,-1:0:4,4:1:0,224,12,99760.262766834:76934.33273102186:71892.84260137388:70378.11428112694:52217.08226309645:50142.329657824645:49477.36492110935:145.4228471031644:117.53265547715976:89.40076316762828:88.77964400768391:85.38733169834704:2.4442442808588436:1.2902896670295283:1.2068501153180742:0.2660713161368687,0.001313793101961549
3,6,6,0:0:4,4:0:0,256,12,80817.50096783093:80817.40145471193:80817.40145471184:80811.32657698757:80811.32657698756:80230.82606105838:80230.82606105832:123.21991719313247:122.68866383295229:122.68866383295084:115.10074602010334:115.1007460201024:2.4642430856758817:1.4143618155934474:1.4143618155932678:0.28013656441420515,0.001255741864465383
3,6,6,1:0:4,4:1:0,224,12,99760.26276683401:76934.33273102183:71892.84260137385:70378.11428112694:52217.08226309644:50142.32965782465:49477.36492110935:145.42284710316434:117.53265547715921:89.40076316762851:88.77964400768386:85.38733169834707:2.444244280858726:1.2902896670298245:1.2068501153183104:0.26607131613574,0.0013137931019615479
3,6,6,2:0:4,4:2:0,192,12,79630.28468422958:65483.00207169791:47321.411338144026:38917.10442033672:37210.47938768488:16261.547602172886:16210.068681721963:123.25758366326822:100.81961558675859:60.700916632727406:45.996348603580316:44.54546016652572:2.24645874219056:1.008497254277016:0.841766525586694:0.23071693564753995,0.0014262903282717663
3,6,6,3:0:4,4:3:0,96,12,50281.979657007745:48301.98947149094:25319.988243706244:22527.293657225102:14776.924737936404:4455.098275820691:4389.95868614756:83.04681706499467:75.02755713183997:41.27078354141693:20.307872503499407:18.736308584219923:1.8917976470750018:0.7184631129444813:0.5456126875848144:0.18757340569959613,0.0015468863686806623
3,6,6,-3:1:4,4:3:1,84,11,46249.97248318447:45297.859103677874:22969.101445731307:19573.086391654768:12632.726686147587:3623.2062928548767:3557.135384802727:77.15556151658738:70.62979228563798:38.405988253155684:17.740399349151073:16.238256111870623:1.8298521388840017:0.676819554043701:0.5073867752042651:0.18061479945587447,0.0015680163338874923
3,6,6,-2:1:4,4:2:1,168,12,72466.86179251196:61803.00953079177:40719.32978909091:35459.566771812286:30777.17516557538:12000.441458053618:11948.534587751627:113.85387359143894:95.25093189206264:55.7699123549062:38.16685581134238:36.596111963813996:2.171203731467464:0.93650497703753:0.7626081679942719:0.22075844281352866,0.001453952435266268
3,6,6,-1:1:4,4:1:1,196,12,94517.65232916012:73071.87596474294:63104.58637044645:58485.14841942318:44814.82635797131:33013.9599234281:32923.04148968108:141.17156419748665:112.07987700900748:74.95411976220922:69.99393447611742:68.69267970899658:2.3895571468457857:1.1832370094007487:1.0553290556436306:0.25324996482265144,0.0013586984406622666
3,6,6,0:1:4,4:1:0,224,12,99760.262766834:76934.33273102184:71892.8426013739:70378.11428112692:52217.08226309644:50142.32965782468:49477.36492110935:145.42284710316073:117.53265547716005:89.40076316762928:88.77964400768326:85.3873316983488:2.4442442808570237:1.2902896670302006:1.206850115318748:0.26607131613672347,0.001313793101961542
3,6,6,1:1:4,4:1:1,196,12,94517.65232916013:73071.87596474293:63104.58637044646:58485.148419423174:44814.82635797129:33013.959923428105:32923.04148968108:141.17156419748574:112.07987700900665:74.95411976220589:69.99393447611878:68.69267970898682:2.389557146845821:1.1832370094035043:1.0553290556428765:0.2532499648212814,0.001358698440662237
3,6,6,2:1:4,4:2:1,168,12,72466.86179251196:61803.00953079173:40719.32978909089:35459.56677181227:30777.17516557536:12000.441458053618:11948.534587751623:113.85387359143901:95.25093189206197:55.76991235490639:38.16685581134236:36.596111963814856:2.1712037314674597:0.9365049770382157:0.7626081679941197:0.22075844281284737,0.0014539524352662678
3,6,6,3:1:4,4:3:1,84,11,46249.972483184494:45297.85910367787:22969.1014457313:19573.08639165477:12632.72668614759:3623.206292854872:3557.135384802727:77.15556151658777:70.62979228563744:38.405988253156195:17.740399349151573:16.238256111872552:1.8298521388823576:0.6768195540428965:0.5073867752035518:0.1806147994560339,0.0015680163338874975
3,6,6,-3:2:4,4:3:2,72,11,37259.33521389852:36626.123798413304:16858.82698836112:13140.641192462794:8302.392337600713:2086.740256350913:2024.354749790323:62.8487508594347:59.05551696930271:31.048000746344037:12.310181442372604:11.05810309225647:1.66309305860887:0.573046993289851:0.41589384631380477:0.1621931905580455,0.0016306054102903245
3,6,6,-2:2:4,4:2:2,144,12,54853.02599427799:51464.143277533214:27777.37799933748:26020.573939661896:17460.66910786684:5555.37483995619:5492.516193333263:89.61768224051242:79.70205749122493:44.38116098301594:23.432926528625483:21.809410157229678:1.957071956860876:0.7645027043790145:0.588969007098912:0.19501143959154946,0.0015252608317529086
3,6,6,-1:2:4,4:2:1,168,12,72466.86179251196:61803.00953079173:40719.32978909088:35459.56677181226:30777.17516557537:12000.441458053616:11948.534587751616:113.8538735914393:95.25093189206147:55.769912354906154:38.166855811341435:36.596111963820704:2.171203731467111:0.9365049770388875:0.7626081679937091:0.22075844281443022,0.0014539524352662758
3,6,6,0:2:4,4:2:0,192,12,79630.28468422963:65483.00207169794:47321.41133814401:38917.10442033672:37210.479387684885:16261.547602172885:16210.068681721952:123.2575836632679:100.81961558675945:60.7009166327273:45.99634860357893:44.54546016652533:2.246458742189542:1.0084972542774173:0.8417665255880706:0.23071693564729256,0.0014262903282717644
3,6,6,1:2:4,4:2:1,168,12,72466.86179251198:61803.00953079176:40719.329789090916:35459.56677181227:30777.175165575358:12000.441458053614:11948.534587751621:113.85387359143982:95.2509318920628:55.769912354905685:38.16685581134337:36.596111963817684:2.171203731467518:0.9365049770383453:0.7626081679944808:0.22075844281170437,0.0014539524352662817
3,6,6,2:2:4,4:2:2,144,12,54853.02599427799:51464.143277533214:27777.377999337474:26020.573939661896:17460.669107866845:5555.374839956191:5492.516193333263:89.61768224051231:79.70205749122404:44.38116098301595:23.43292652862523:21.80941015722901:1.9570719568599946:0.7645027043785559:0.5889690070991522:0.195011439590733,0.0015252608317528993
3,6,6,3:2:4,4:3:2,72,11,37259.33521389852:36626.12379841329:16858.82698836113:13140.64119246279:8302.39233760071:2086.7402563509117:2024.3547497903246:62.848750859434766:59.05551696930238:31.048000746343856:12.310181442372885:11.05810309225659:1.663093058608586:0.5730469932899996:0.415893846314024:0.16219319055742779,0.0016306054102903215
3,6,6,-3:3:4,4:3:3,36,11,26915.628861205492:25801.34441688007:10042.010937755684:7292.66803527162:4647.046538810675:981.3780292714068:933.9955692236284:46.700476798184845:44.437190028320884:22.074608058540043:7.405072949482938:6.541272972843036:1.4389715706141752:0.44942410156676676:0.31324303577006324:0.13779476048585665,0.001739408080501352
3,6,6,-2:3:4,4:3:2,72,11,37259.335213898514:36626.12379841329:16858.826988361125:13140.641192462792:8302.392337600706:2086.7402563509113:2024.3547497903219:62.84875085943496:59.05551696930248:31.0480007463438:12.31018144237267:11.058103092258383:1.6630930586086705:0.5730469932902844:0.41589384631314125:0.16219319055816173,0.0016306054102903282
3,6,6,-1:3:4,4:3:1,84,11,46249.972483184494:45297.8591036779:22969.101445731307:19573.086391654768:12632.726686147595:3623.206292854874:3557.1353848027284:77.15556151658778:70.6297922856382:38.4059882531557:17.74039934915045:16.238256111873497:1.8298521388833575:0.6768195540432791:0.507386775204472:0.18061479945481626,0.001568016333887501
3,6,6,0:3:4,4:3:0,96,12,50281.97965700775:48301.98947149096:25319.98824370623:22527.29365722509:14776.924737936411:4455.098275820696:4389.958686147561:83.04681706499395:75.02755713184017:41.27078354141749:20.30787250350031:18.73630858421414:1.8917976470747442:0.718463112944537:0.5456126875848663:0.18757340569929895,0.0015468863686806504
3,6,6,1:3:4,4:3:1,84,11,46249.97248318447:45297.859103677874:22969.101445731307:19573.08639165477:12632.72668614759:3623.2062928548744:3557.135384802727:77.15556151658782:70.6297922856387:38.40598825315609:17.740399349150827:16.23825611187414:1.8298521388829125:0.6768195540431892:0.5073867752036819:0.18061479945454345,0.0015680163338875103
3,6,6,2:3:4,4:3:2,72,11,37259.33521389851:36626.12379841329:16858.82698836111:13140.641192462792:8302.392337600719:2086.740256350911:2024.3547497903232:62.84875085943503:59.055516969302104:31.0480007463442:12.310181442372945:11.05810309225768:1.663093058608545:0.5730469932899261:0.4158938463144675:0.16219319055780765,0.0016306054102903267
3,6,6,3:3:4,4:3:3,36,11,26915.628861205507:25801.34441688008:10042.010937755673:7292.668035271622:4647.046538810676:981.3780292714084:933.9955692236275:46.70047679818492:44.437190028320664:22.074608058540196:7.405072949483085:6.541272972843126:1.438971570614588:0.44942410156745904:0.3132430357695587:0.1377947604859579,0.0017394080805013513
3,6,6,-3:-3:5,5:3:3,18,12,8644.763605216991:8629.528308001363:4146.349145717584:3350.1586602015204:2136.893905608212:569.5835180301128:556.0236757849876:23.785622864067648:21.684137955288413:11.6915436844169:4.811873798570647:4.439532329797178:1.103596729488614:0.3054957266914404:0.23358976936737355:0.09816853927161975,0.002579980818983493
3,6,6,-2:-3:5,5:3:2,36,12,11229.474687100097:10622.319522162185:5682.689960971598:5224.944977216121:3487.3850492631414:1086.4643639551005:1073.2099769381498:29.82492226281189:26.30186144659132:14.736958140328555:7.342975371310315:6.891536982821471:1.2209179888360513:0.36923674805423157:0.2940514438380758:0.11243453551465692,0.0024647588547404447
3,6,6,-1:-3:5,5:3:1,42,12,13366.441656572508:11968.969451458554:6936.713188038954:6702.365553656189:4920.226116227268:1720.5762465512119:1708.7535663556669:34.57251868494165:29.531875538202446:17.012405477277348:9.852146240250336:9.38353552009024:1.3003863659240344:0.41873391034838836:0.34379990196326604:0.12278626673980146,0.0023908285804312354
3,6,6,0:-3:5,5:3:0,48,12,14196.271054192319:12441.345416636377:7637.649462412945:7047.998709726368:5569.664280733767:2037.4897803641463:2026.2142024414723:36.36533873731468:30.67870331241085:17.876711320171026:10.957856257901408:10.493640460136941:1.3283456613233555:0.4376979252828251:0.3635850996863635:0.12660612018917256,0.0023644494115864097
3,6,6,1:-3:5,5:3:1,42,12,13366.441656572506:11968.969451458563:6936.71318803896:6702.365553656204:4920.22611622727:1720.5762465512128:1708.7535663556666:34.57251868494181:29.53187553820287:17.012405477277543:9.852146240250692:9.38353552008986:1.300386365924251:0.41873391034833884:0.3437999019635159:0.1227862667396187,0.002390828580431254
3,6,6,2:-3:5,5:3:2,36,12,11229.474687100103:10622.319522162194:5682.689960971601:5224.9449772161215:3487.3850492631386:1086.4643639550998:1073.2099769381484:29.82492226281183:26.301861446591328:14.736958140328628:7.342975371310278:6.891536982821652:1.2209179888358954:0.36923674805419954:0.29405144383796117:0.11243453551497706,0.0024647588547404443
3,6,6,3:-3:5,5:3:3,18,12,8644.763605216993:8629.528308001361:4146.34914571758:3350.1586602015204:2136.8939056082118:569.5835180301124:556.0236757849877:23.78562286406748:21.684137955288513:11.69154368441695:4.811873798570704:4.439532329797064:1.1035967294884181:0.305495726691765:0.23358976936727105:0.09816853927173204,0.00257998081898349
3,6,6,-3:-2:5,5:3:2,36,12,11229.4746871001:10622.319522162188:5682.689960971604:5224.9449772161215:3487.3850492631404:1086.4643639550995:1073.2099769381502:29.824922262811793:26.30186144659135:14.736958140328545:7.34297537131007:6.8915369828217345:1.2209179888360435:0.36923674805406603:0.29405144383790716:0.11243453551484484,0.002464758854740441
3,6,6,-2:-2:5,5:2:2,72,12,15085.113373381871:12924.027766720277:8412.438251828129:7400.053503661513:6330.316926745142:2435.497005227217:2424.677214406111:38.25746947221811:31.85546540000784:18.81229071593447:12.246122168850652:11.793007590342462:1.356942757977513:0.45811476961298586:0.38537552557437965:0.13063550960378664,0.0023368152938197198
3,6,6,-1:-2:5,5:2:1,84,12,18033.412799339094:14423.03488268851:11205.358724853006:9585.230036490279:8452.64975458093:4452.541102749994:4441.05175444807:44.298431847356966:35.50965535494674:22.28841230940725:17.667890594712865:17.290559475923462:1.4450122467208144:0.5298077917925272:0.46644557693726313:0.1441654334472425,0.0022426661523930478
3,6,6,0:-2:5,5:2:0,96,12,19050.827557680266:14935.679686534042:12285.850070268141:10973.468234152597:8928.424287055588:5596.393346284313:5582.809803411378:46.2394175819421:36.74292430684347:23.82980231644077:20.219427493062025:19.873742831775257:1.4741518542610759:0.5578972423911084:0.5004472316354441:0.14922871167820634,0.0022055822282111034
3,6,6,1:-2:5,5:2:1,84,12,18033.412799339098:14423.0348826885:11205.358724853013:9585.230036490284:8452.649754580927:4452.541102749997:4441.051754448072:44.29843184735734:35.50965535494669:22.28841230940704:17.667890594712098:17.290559475923285:1.4450122467215707:0.5298077917925326:0.46644557693713573:0.14416543344679983,0.0022426661523930447
3,6,6,2:-2:5,5:2:2,72,12,15085.11337338186:12924.027766720274:8412.438251828127:7400.053503661516:6330.316926745141:2435.4970052272174:2424.6772144061097:38.257469472217764:31.855465400007603:18.81229071593423:12.246122168850782:11.793007590342:1.3569427579772786:0.4581147696123856:0.38537552557459925:0.13063550960301837,0.002336815293819698
3,6,6,3:-2:5,5:3:2,36,12,11229.474687100103:10622.319522162197:5682.689960971601:5224.94497721612:3487.385049263139:1086.4643639551:1073.2099769381489:29.824922262812002:26.30186144659146:14.736958140328698:7.3429753713103025:6.891536982821585:1.2209179888361632:0.369236748054264:0.29405144383807796:0.11243453551468217,0.0024647588547404564
3,6,6,-3:-1:5,5:3:1,42,12,13366.441656572508:11968.969451458557:6936.713188038956:6702.36555365619:4920.22611622727:1720.5762465512114:1708.7535663556669:34.57251868494209:29.531875538202527:17.012405477277312:9.852146240250232:9.383535520090748:1.3003863659245762:0.41873391034847224:0.3437999019633165:0.12278626673979767,0.0023908285804312545
3,6,6,-2:-1:5,5:2:1,84,12,18033.412799339094:14423.034882688504:11205.35872485301:9585.230036490282:8452.649754580929:4452.541102749999:4441.051754448074:44.298431847356774:35.50965535494617:22.28841230940713:17.66789059471277:17.29055947592393:1.4450122467207116:0.5298077917925846:0.46644557693753186:0.14416543344677613,0.0022426661523930343
3,6,6,-1:-1:5,5:1:1,98,12,20799.40576059927:15972.740264271459:14608.7601640424:14121.717169401785:10395.972469827084:9313.51683479245:9263.265042655501:49.02201760118218:39.16947478314671:28.283950433861897:27.086723363106778:26.710241797464626:1.5284894151148023:0.6220230544227705:0.5839960333119352:0.1603457924093699,0.002116560689078451
3,6,6,0:-1:5,5:1:0,112,12,20992.49813391361:16494.486062168675:15812.19216839261:15672.962733606679:12467.602445959119:12380.2575837488:11685.235289362632:48.80870346904266:40.338169399078396:32.1131474671571:31.749399065767005:31.194158024439762:1.551233556736293:0.6587824516319155:0.6364672437393837:0.16646568777918944,0.002061102242168042
3,6,6,1:-1:5,5:1:1,98,12,20799.405760599268:15972.740264271459:14608.7601640424:14121.717169401789:10395.972469827084:9313.51683479245:9263.265042655514:49.02201760118236:39.16947478314605:28.283950433861992:27.086723363106678:26.710241797465095:1.5284894151150865:0.6220230544227322:0.5839960333119344:0.1603457924089189,0.0021165606890784497
3,6,6,2:-1:5,5:2:1,84,12,18033.412799339087:14423.034882688504:11205.358724853006:9585.230036490273:8452.64975458093:4452.541102749995:4441.051754448071:44.29843184735699:35.509655354946595:22.288412309407086:17.66789059471295:17.290559475923022:1.4450122467208553:0.5298077917924277:0.4664455769373989:0.14416543344732433,0.0022426661523930413
3,6,6,3:-1:5,5:3:1,42,12,13366.441656572502:11968.969451458559:6936.713188038955:6702.365553656199:4920.226116227272:1720.5762465512132:1708.7535663556666:34.57251868494174:29.53187553820294:17.012405477277493:9.852146240250674:9.38353552009066:1.3003863659242665:0.4187339103485437:0.34379990196326005:0.12278626673969495,0.002390828580431261
3,6,6,-3:0:5,5:3:0,48,12,14196.27105419232:12441.345416636386:7637.649462412945:7047.998709726372:5569.6642807337685:2037.4897803641456:2026.2142024414723:36.36533873731497:30.678703312411116:17.876711320170976:10.957856257901046:10.493640460138991:1.3283456613232774:0.4376979252830544:0.3635850996862277:0.12660612018913023,0.0023644494115864383
3,6,6,-2:0:5,5:2:0,96,12,19050.82755768026:14935.679686534048:12285.85007026814:10973.468234152599:8928.424287055588:5596.393346284314:5582.80980341138:46.23941758194189:36.742924306843385:23.829802316440833:20.219427493061655:19.87374283177538:1.474151854261038:0.5578972423910691:0.5004472316352243:0.14922871167839546,0.0022055822282110956
3,6,6,-1:0:5,5:1:0,112,12,20992.498133913607:16494.486062168668:15812.192168392618:15672.962733606671:12467.602445959119:12380.257583748795:11685.235289362632:48.80870346904217:40.338169399078026:32.11314746715736:31.749399065766976:31.194158024439837:1.5512335567360438:0.6587824516319362:0.6364672437388291:0.1664656877786163,0.0020611022421680334
3,6,6,0:0:5,5:0:0,128,12,17019.197791365717:17019.117474720322:17019.117474720293:17015.994263726938:17015.994263726916:16825.623733560085:16825.62373356008:41.90758829053432:41.4611202625761:41.46112026257557:37.56409134872833:37.56409134872816:1.568095884935195:0.6992646573708374:0.6992646573707827:0.173011550046706,0.0019953863865484634
3,6,6,1:0:5,5:1:0,112,12,20992.49813391361:16494.48606216867:15812.19216839261:15672.962733606671:12467.602445959115:12380.257583748797:11685.23528936263:48.80870346904219:40.338169399078296:32.11314746715733:31.749399065767268:31.194158024439812:1.5512335567360804:0.6587824516319317:0.6364672437388562:0.1664656877792538,0.0020611022421680395
3,6,6,2:0:5,5:2:0,96,12,19050.827557680263:14935.679686534048:12285.850070268138:10973.4682341526:8928.42428705559:5596.393346284313:5582.809803411376:46.239417581942035:36.74292430684348:23.82980231644087:20.219427493061996:19.873742831775278:1.474151854260979:0.5578972423909633:0.5004472316350084:0.14922871167840276,0.0022055822282111026
3,6,6,3:0:5,5:3:0,48,12,14196.271054192322:12441.345416636379:7637.649462412942:7047.998709726371:5569.664280733767:2037.4897803641456:2026.2142024414725:36.365338737314794:30.678703312410885:17.87671132017102:10.957856257901215:10.493640460137076:1.328345661323437:0.4376979252829934:0.363585099686337:0.1266061201890808,0.0023644494115864128
3,6,6,-3:1:5,5:3:1,42,12,13366.441656572508:11968.969451458557:6936.713188038956:6702.36555365619:4920.22611622727:1720.5762465512114:1708.7535663556669:34.57251868494209:29.531875538202527:17.012405477277312:9.852146240250232:9.383535520090748:1.3003863659245762:0.41873391034847224:0.3437999019633165:0.12278626673979767,0.0023908285804312545
3,6,6,-2:1:5,5:2:1,84,12,18033.412799339094:14423.034882688504:11205.35872485301:9585.230036490282:8452.649754580929:4452.541102749999:4441.051754448074:44.298431847356774:35.50965535494617:22.28841230940713:17.66789059471277:17.29055947592393:1.4450122467207116:0.5298077917925846:0.46644557693753186:0.14416543344677613,0.0022426661523930343
3,6,6,-1:1:5,5:1:1,98,12,20799.40576059927:15972.740264271459:14608.7601640424:14121.717169401785:10395.972469827084:9313.51683479245:9263.265042655501:49.02201760118218:39.16947478314671:28.283950433861897:27.086723363106778:26.710241797464626:1.5284894151148023:0.6220230544227705:0.5839960333119352:0.1603457924093699,0.002116560689078451
3,6,6,0:1:5,5:1:0,112,12,20992.49813391361:16494.486062168675:15812.19216839261:15672.962733606679:12467.602445959119:12380.2575837488:11685.235289362632:48.80870346904266:40.338169399078396:32.1131474671571:31.749399065767005:31.194158024439762:1.551233556736293:0.6587824516319155:0.6364672437393837:0.16646568777918944,0.002061102242168042
3,6,6,1:1:5,5:1:1,98,12,20799.405760599268:15972.740264271459:14608.7601640424:14121.717169401789:10395.972469827084:9313.51683479245:9263.265042655514:49.02201760118236:39.16947478314605:28.283950433861992:27.086723363106678:26.710241797465095:1.5284894151150865:0.6220230544227322:0.5839960333119344:0.1603457924089189,0.0021165606890784497
3,6,6,2:1:5,5:2:1,84,12,18033.412799339087:14423.034882688504:11205.358724853006:9585.230036490273:8452.64975458093:4452.541102749995:4441.051754448071:44.29843184735699:35.509655354946595:22.288412309407086:17.66789059471295:17.290559475923022:1.4450122467208553:0.5298077917924277:0.4664455769373989:0.14416543344732433,0.0022426661523930413
3,6,6,3:1:5,5:3:1,42,12,13366.441656572502:11968.969451458559:6936.713188038955:6702.365553656199:4920.226116227272:1720.5762465512132:1708.7535663556666:34.57251868494174:29.53187553820294:17.012405477277493:9.852146240250674:9.38353552009066:1.3003863659242665:0.4187339103485437:0.34379990196326005:0.12278626673969495,0.002390828580431261
3,6,6,-3:2:5,5:3:2,36,12,11229.4746871001:10622.319522162188:5682.689960971604:5224.9449772161215:3487.3850492631404:1086.4643639550995:1073.2099769381502:29.824922262811793:26.30186144659135:14.736958140328545:7.34297537131007:6.8915369828217345:1.2209179888360435:0.36923674805406603:0.29405144383790716:0.11243453551484484,0.002464758854740441
3,6,6,-2:2:5,5:2:2,72,12,15085.113373381871:12924.027766720277:8412.438251828129:7400.053503661513:6330.316926745142:2435.497005227217:2424.677214406111:38.25746947221811:31.85546540000784:18.81229071593447:12.246122168850652:11.793007590342462:1.356942757977513:0.45811476961298586:0.38537552557437965:0.13063550960378664,0.0023368152938197198
3,6,6,-1:2:5,5:2:1,84,12,18033.412799339094:14423.03488268851:11205.358724853006:9585.230036490279:8452.64975458093:4452.541102749994:4441.05175444807:44.298431847356966:35.50965535494674:22.28841230940725:17.667890594712865:17.290559475923462:1.4450122467208144:0.5298077917925272:0.46644557693726313:0.1441654334472425,0.0022426661523930478
3,6,6,0:2:5,5:2:0,96,12,19050.827557680266:14935.679686534042:12285.850070268141:10973.468234152597:8928.424287055588:5596.393346284313:5582.809803411378:46.2394175819421:36.74292430684347:23.82980231644077:20.219427493062025:19.873742831775257:1.4741518542610759:0.5578972423911084:0.5004472316354441:0.14922871167820634,0.0022055822282111034
3,6,6,1:2:5,5:2:1,84,12,18033.412799339098:14423.0348826885:11205.358724853013:9585.230036490284:8452.649754580927:4452.541102749997:4441.051754448072:44.29843184735734:35.50965535494669:22.28841230940704:17.667890594712098:17.290559475923285:1.4450122467215707:0.5298077917925326:0.46644557693713573:0.14416543344679983,0.0022426661523930447
3,6,6,2:2:5,5:2:2,72,12,15085.11337338186:12924.027766720274:8412.438251828127:7400.053503661516:6330.316926745141:2435.4970052272174:2424.6772144061097:38.257469472217764:31.855465400007603:18.81229071593423:12.246122168850782:11.793007590342:1.3569427579772786:0.4581147696123856:0.38537552557459925:0.13063550960301837,0.002336815293819698
3,6,6,3:2:5,5:3:2,36,12,11229.474687100103:10622.319522162197:5682.689960971601:5224.94497721612:3487.385049263139:1086.4643639551:1073.2099769381489:29.824922262812002:26.30186144659146:14.736958140328698:7.3429753713103025:6.891536982821585:1.2209179888361632:0.369236748054264:0.29405144383807796:0.11243453551468217,0.0024647588547404564
3,6,6,-3:3:5,5:3:3,18,12,8644.763605216991:8629.528308001363:4146.349145717584:3350.1586602015204:2136.893905608212:569.5835180301128:556.0236757849876:23.785622864067648:21.684137955288413:11.6915436844169:4.811873798570647:4.439532329797178:1.103596729488614:0.3054957266914404:0.23358976936737355:0.09816853927161975,0.002579980818983493
3,6,6,-2:3:5,5:3:2,36,12,11229.474687100097:10622.319522162185:5682.689960971598:5224.944977216121:3487.3850492631414:1086.4643639551005:1073.2099769381498:29.82492226281189:26.30186144659132:14.736958140328555:7.342975371310315:6.891536982821471:1.2209179888360513:0.36923674805423157:0.2940514438380758:0.11243453551465692,0.0024647588547404447
3,6,6,-1:3:5,5:3:1,42,12,13366.441656572508:11968.969451458554:6936.713188038954:6702.365553656189:4920.226116227268:1720.5762465512119:1708.7535663556669:34.57251868494165:29.531875538202446:17.012405477277348:9.852146240250336:9.38353552009024:1.3003863659240344:0.41873391034838836:0.34379990196326604:0.12278626673980146,0.0023908285804312354
3,6,6,0:3:5,5:3:0,48,12,14196.271054192319:12441.345416636377:7637.649462412945:7047.998709726368:5569.664280733767:2037.4897803641463:2026.2142024414723:36.36533873731468:30.67870331241085:17.876711320171026:10.957856257901408:10.493640460136941:1.3283456613233555:0.4376979252828251:0.3635850996863635:0.12660612018917256,0.0023644494115864097
3,6,6,1:3:5,5:3:1,42,12,13366.441656572506:11968.969451458563:6936.71318803896:6702.365553656204:4920.22611622727:1720.5762465512128:1708.7535663556666:34.57251868494181:29.53187553820287:17.012405477277543:9.852146240250692:9.38353552008986:1.300386365924251:0.41873391034833884:0.3437999019635159:0.1227862667396187,0.002390828580431254
3,6,6,2:3:5,5:3:2,36,12,11229.474687100103:10622.319522162194:5682.689960971601:5224.9449772161215:3487.3850492631386:1086.4643639550998:1073.2099769381484:29.82492226281183:26.301861446591328:14.736958140328628:7.342975371310278:6.891536982821652:1.2209179888358954:0.36923674805419954:0.29405144383796117:0.11243453551497706,0.0024647588547404443
3,6,6,3:3:5,5:3:3,18,12,8644.763605216993:8629.528308001361:4146.34914571758:3350.1586602015204:2136.8939056082118:569.5835180301124:556.0236757849877:23.78562286406748:21.684137955288513:11.69154368441695:4.811873798570704:4.439532329797064:1.1035967294884181:0.305495726691765:0.23358976936727105:0.09816853927173204,0.00257998081898349
4,6,6,-3:-3:-5,5:3:3,294,9,1.0965916224270079e6:1.0949093159830235e6:525583.7908788057:426014.2909981397:269984.83185356535:72467.36555480852:70701.0130762889:694.2403220818223:656.6418529461506:348.1365116659787:152.88347856520974:135.97919852607396:5.336888906128497:2.658010008581399:1.8062042404365817:0.4297511957743516,0.0006048111474269936
4,6,6,-2:-3:-5,5:3:2,588,10,1.4251769652310817e6:1.34767707434051e6:720999.1217811998:664545.5047533648:441085.56592853845:138358.95304320217:136632.17868846704:880.0300618115946:795.99279778399:437.16106471292983:233.81322916964763:214.45952984799538:6.035213703854966:3.2033459624881067:2.2692678919041867:0.4698599905380694,0.0005806876245767975
4,6,6,-1:-3:-5,5:3:1,630,10,1.6966743867839826e6:1.5186562144024905e6:882239.4707518935:850512.3283469398:622897.6996141602:219267.67366036415:217723.46664672028:1026.6800144350764:892.8467529861664:503.301038403974:314.32406671513354:294.6955553070261:6.514775506082627:3.6265123542551705:2.6582083632779074:0.49782111819261243,0.0005651668826777271
4,6,6,0:-3:-5,5:3:0,672,10,1.802095803656e6:1.5786333733887663e6:971342.6195349026:894359.3140029883:705372.9062619248:259726.26254809758:258250.72709792826:1082.0955656779431:927.0812828922:528.4427126878279:349.87683818772854:330.53881357272115:6.683136782747215:3.7885833948465293:2.8152052829573577:0.5079265662933755,0.0005596282204334479
4,6,6,1:-3:-5,5:3:1,630,10,1.6966743867839824e6:1.5186562144024905e6:882239.4707518931:850512.3283469395:622897.6996141596:219267.67366036415:217723.46664672022:1026.6800144350736:892.8467529862733:503.30103840401165:314.3240667150753:294.6955553070341:6.5147755060491574:3.6265123542766884:2.658208363272161:0.49782111819804703,0.0005651668826777507
4,6,6,2:-3:-5,5:3:2,588,10,1.4251769652310812e6:1.3476770743405102e6:720999.1217811997:664545.5047533647:441085.5659285383:138358.95304320203:136632.17868846701:880.0300618115948:795.9927977839919:437.1610647129461:233.8132291696592:214.45952984799248:6.0352137038538665:3.2033459624565017:2.269267891894087:0.46985999055355765,0.0005806876245768013
4,6,6,3:-3:-5,5:3:3,294,9,1.0965916224270072e6:1.0949093159830235e6:525583.7908788056:426014.2909981397:269984.83185356524:72467.36555480852:70701.01307628893:694.2403220818206:656.6418529461614:348.13651166595616:152.88347856518672:135.9791985260336:5.336888906137638:2.6580100085661775:1.8062042404102274:0.429751195777111,0.0006048111474269877
4,6,6,-3:-2:-5,5:3:2,588,10,1.4251769652310817e6:1.3476770743405109e6:720999.1217811994:664545.5047533647:441085.5659285386:138358.95304320208:136632.17868846704:880.0300618116053:795.9927977839861:437.16106471294177:233.8132291696502:214.4595298479881:6.035213703838563:3.203345962481568:2.2692678918781346:0.469859990561041,0.000580687624576801
4,6,6,-2:-2:-5,5:2:2,1176,10,1.9149992096469162e6:1.6399207172353615e6:1.0698025577481918e6:938999.115292401:802008.3554425914:310555.0369431429:309135.3250284263:1140.572040350471:962.113063740972:555.7175366333831:391.34930662778584:372.54495104791215:6.854328277295556:3.9630387422651405:2.9898199100585177:0.5184719462840045,0.000553829218762135
4,6,6,-1:-2:-5,5:2:1,1260,10,2.2893176891159927e6:1.8302712749702334e6:1.424388581153357e6:1.216180711247762e6:1.0720008139741297e6:568373.8195255526:566844.5207815255:1326.9692435369395:1070.1718393221831:658.3001935189704:566.3681459214783:550.3238890188497:7.364090559601151:4.575403048531408:3.658330307830141:0.5530961714888487,0.0005341140099146612
4,6,6,0:-2:-5,5:2:0,1344,10,2.418429267735718e6:1.895378381772989e6:1.5613940912871875e6:1.392764622695583e6:1.1323009751614416e6:714705.3705797086:712881.5101404458:1386.640621068871:1106.3538418490912:705.271103158601:648.9440819447459:633.0577589034167:7.519113245329782:4.815243450654256:3.94993715640323:0.5657701778736337,0.0005263616330783476
4,6,6,1:-2:-5,5:2:1,1260,10,2.289317689115993e6:1.8302712749702346e6:1.4243885811533574e6:1.2161807112477622e6:1.0720008139741302e6:568373.8195255527:566844.5207815256:1326.9692435369495:1070.1718393221836:658.3001935189836:566.3681459214959:550.3238890188757:7.364090559684806:4.57540304852904:3.6583303078101377:0.5530961714600262,0.0005341140099146674
4,6,6,2:-2:-5,5:2:2,1176,10,1.9149992096469167e6:1.6399207172353622e6:1.0698025577481927e6:938999.1152924013:802008.3554425911:310555.0369431428:309135.32502842654:1140.572040350462:962.1130637409193:555.7175366333739:391.34930662778356:372.5449510479378:6.854328277230513:3.963038742233974:2.989819910058076:0.5184719463030137,0.0005538292187621235
4,6,6,3:-2:-5,5:3:2,588,10,1.4251769652310822e6:1.3476770743405106e6:720999.1217811997:664545.5047533646:441085.5659285385:138358.95304320208:136632.178688467:880.0300618115959:795.9927977839886:437.16106471292903:233.8132291696631:214.45952984797847:6.035213703808338:3.203345962465234:2.269267891914292:0.46985999054864974,0.0005806876245767972
4,6,6,-3:-1:-5,5:3:1,630,10,1.6966743867839817e6:1.5186562144024903e6:882239.4707518939:850512.3283469401:622897.6996141596:219267.67366036397:217723.46664672025:1026.6800144350686:892.8467529862014:503.3010384039555:314.3240667151286:294.69555530704224:6.514775506110049:3.626512354262818:2.658208363288743:0.4978211181793845,0.0005651668826777316
4,6,6,-2:-1:-5,5:2:1,1260,10,2.2893176891159927e6:1.830271274970235e6:1.4243885811533572e6:1.216180711247763e6:1.07200081397413e6:568373.8195255524:566844.5207815258:1326.9692435369302:1070.171839322157:658.3001935189315:566.3681459214952:550.3238890187924:7.364090559634692:4.575403048514869:3.6583303078536025:0.5530961715102211,0.0005341140099146492
4,6,6,-1:-1:-5,5:1:1,1350,11,2.640453472763969e6:2.0271062715350331e6:1.8555371325107403e6:1.7930472844397994e6:1.3191020732449805e6:1.1906261650617304e6:1.1833796009911557e6:1471.4150360673716:1177.0511130813727:874.1395494863217:871.6507696883821:820.4960483134057:7.746969438130716:5.362627335143078:4.710522132022154:0.5931169187559393,0.0005077185462777022
4,6,6,0:-1:-5,5:1:0,1440,11,2.665131690080326e6:2.0933859153953174e6:2.0076942784936593e6:1.9898570581493468e6:1.5940896023952684e6:1.583570571100684e6:1.4824733351164833e6:1463.8636259252105:1210.8542683564126:1023.5077322138105:1023.1296985878806:933.608449426113:7.761984599190231:5.676324995096612:5.242715354045769:0.6079124748852999,0.0004960417077771692
4,6,6,1:-1:-5,5:1:1,1350,11,2.640453472763969e6:2.0271062715350336e6:1.8555371325107415e6:1.7930472844397996e6:1.3191020732449803e6:1.1906261650617307e6:1.1833796009911567e6:1471.4150360673823:1177.051113081328:874.1395494863964:871.6507696884628:820.496048313377:7.7469694381976035:5.362627335075367:4.710522131972706:0.5931169188129062,0.0005077185462777087
4,6,6,2:-1:-5,5:2:1,1260,10,2.2893176891159923e6:1.8302712749702334e6:1.4243885811533567e6:1.216180711247762e6:1.07200081397413e6:568373.8195255526:566844.5207815255:1326.9692435369384:1070.1718393221263:658.3001935189383:566.3681459215247:550.3238890188052:7.364090559671989:4.575403048513051:3.6583303078511507:0.5530961714942563,0.0005341140099146504
4,6,6,3:-1:-5,5:3:1,630,10,1.6966743867839826e6:1.5186562144024912e6:882239.4707518932:850512.3283469399:622897.6996141599:219267.67366036403:217723.46664672028:1026.6800144350757:892.8467529862409:503.30103840397067:314.3240667150903:294.6955553070524:6.51477550605345:3.6265123541966977:2.6582083632939533:0.4978211182167308,0.0005651668826777413
4,6,6,-3:0:-5,5:3:0,672,10,1.8020958036559997e6:1.5786333733887654e6:971342.6195349024:894359.3140029889:705372.9062619248:259726.26254809755:258250.72709792835:1082.0955656779342:927.081282892203:528.4427126878278:349.87683818776753:330.5388135727575:6.683136782733147:3.7885833948511314:2.8152052829694556:0.5079265662848104,0.0005596282204334521
4,6,6,-2:0:-5,5:2:0,1344,10,2.4184292677357183e6:1.8953783817729885e6:1.5613940912871882e6:1.3927646226955827e6:1.1323009751614416e6:714705.3705797088:712881.5101404457:1386.6406210688651:1106.3538418490925:705.2711031585893:648.9440819447007:633.0577589034633:7.519113245355451:4.815243450625537:3.9499371563845487:0.5657701778731645,0.0005263616330783458
4,6,6,-1:0:-5,5:1:0,1440,11,2.665131690080326e6:2.0933859153953176e6:2.007694278493659e6:1.9898570581493464e6:1.5940896023952677e6:1.5835705711006853e6:1.4824733351164833e6:1463.8636259251728:1210.8542683564242:1023.507732213861:1023.1296985877491:933.6084494261607:7.761984599148482:5.676324995114371:5.2427153540766565:0.6079124748913692,0.0004960417077771633
4,6,6,0:0:-5,5:0:0,1536,11,2.159786447796153e6:2.159786290034373e6:2.1597862900343686e6:2.1597615176260695e6:2.1597615176260686e6:2.1536798378956914e6:2.15367983789569e6:1243.9984212119184:1243.1900564013772:1243.190056401333:1212.2281581188904:1212.2281581188602:7.569306237725573:6.021729932173225:6.021729932119201:0.6235520048274765,0.0004821263587188529
4,6,6,1:0:-5,5:1:0,1440,11,2.6651316900803265e6:2.0933859153953176e6:2.0076942784936593e6:1.9898570581493462e6:1.5940896023952675e6:1.5835705711006846e6:1.4824733351164833e6:1463.863625925173:1210.8542683564222:1023.5077322139404:1023.1296985878265:933.6084494261622:7.761984599155314:5.676324995115191:5.242715354078036:0.6079124749047085,0.0004960417077771753
4,6,6,2:0:-5,5:2:0,1344,10,2.4184292677357183e6:1.8953783817729885e6:1.5613940912871875e6:1.3927646226955827e6:1.1323009751614414e6:714705.3705797087:712881.5101404459:1386.6406210688651:1106.353841849091:705.2711031585865:648.9440819447384:633.0577589034294:7.519113245354556:4.815243450622882:3.9499371563907446:0.5657701778703869,0.0005263616330783459
4,6,6,3:0:-5,5:3:0,672,10,1.802095803656e6:1.578633373388764e6:971342.6195349029:894359.314002989:705372.9062619245:259726.26254809767:258250.72709792847:1082.095565677934:927.0812828921819:528.4427126878272:349.876838187778:330.538813572786:6.683136782733359:3.7885833948503387:2.81520528296499:0.507926566285714,0.0005596282204334506
4,6,6,-3:1:-5,5:3:1,630,10,1.6966743867839817e6:1.5186562144024903e6:882239.4707518939:850512.3283469401:622897.6996141596:219267.67366036397:217723.46664672025:1026.6800144350686:892.8467529862014:503.3010384039555:314.3240667151286:294.69555530704224:6.514775506110049:3.626512354262818:2.658208363288743:0.4978211181793845,0.0005651668826777316
4,6,6,-2:1:-5,5:2:1,1260,10,2.2893176891159927e6:1.830271274970235e6:1.4243885811533572e6:1.216180711247763e6:1.07200081397413e6:568373.8195255524:566844.5207815258:1326.9692435369302:1070.171839322157:658.3001935189315:566.3681459214952:550.3238890187924:7.364090559634692:4.575403048514869:3.6583303078536025:0.5530961715102211,0.0005341140099146492
4,6,6,-1:1:-5,5:1:1,1350,11,2.640453472763969e6:2.0271062715350331e6:1.8555371325107403e6:1.7930472844397994e6:1.3191020732449805e6:1.1906261650617304e6:1.1833796009911557e6:1471.4150360673716:1177.0511130813727:874.1395494863217:871.6507696883821:820.4960483134057:7.746969438130716:5.362627335143078:4.710522132022154:0.5931169187559393,0.0005077185462777022
4,6,6,0:1:-5,5:1:0,1440,11,2.665131690080326e6:2.0933859153953174e6:2.0076942784936593e6:1.9898570581493468e6:1.5940896023952684e6:1.583570571100684e6:1.4824733351164833e6:1463.8636259252105:1210.8542683564126:1023.5077322138105:1023.1296985878806:933.608449426113:7.761984599190231:5.676324995096612:5.242715354045769:0.6079124748852999,0.0004960417077771692
4,6,6,1:1:-5,5:1:1,1350,11,2.640453472763969e6:2.0271062715350336e6:1.8555371325107415e6:1.7930472844397996e6:1.3191020732449803e6:1.1906261650617307e6:1.1833796009911567e6:1471.4150360673823:1177.051113081328:874.1395494863964:871.6507696884628:820.496048313377:7.7469694381976035:5.362627335075367:4.710522131972706:0.5931169188129062,0.0005077185462777087
4,6,6,2:1:-5,5:2:1,1260,10,2.2893176891159923e6:1.8302712749702334e6:1.4243885811533567e6:1.216180711247762e6:1.07200081397413e6:568373.8195255526:566844.5207815255:1326.9692435369384:1070.1718393221263:658.3001935189383:566.3681459215247:550.3238890188052:7.364090559671989:4.575403048513051:3.6583303078511507:0.5530961714942563,0.0005341140099146504
4,6,6,3:1:-5,5:3:1,630,10,1.6966743867839826e6:1.5186562144024912e6:882239.4707518932:850512.3283469399:622897.6996141599:219267.67366036403:217723.46664672028:1026.6800144350757:892.8467529862409:503.30103840397067:314.3240667150903:294.6955553070524:6.51477550605345:3.6265123541966977:2.6582083632939533:0.4978211182167308,0.0005651668826777413
4,6,6,-3:2:-5,5:3:2,588,10,1.4251769652310817e6:1.3476770743405109e6:720999.1217811994:664545.5047533647:441085.5659285386:138358.95304320208:136632.17868846704:880.0300618116053:795.9927977839861:437.16106471294177:233.8132291696502:214.4595298479881:6.035213703838563:3.203345962481568:2.2692678918781346:0.469859990561041,0.000580687624576801
4,6,6,-2:2:-5,5:2:2,1176,10,1.9149992096469162e6:1.6399207172353615e6:1.0698025577481918e6:938999.115292401:802008.3554425914:310555.0369431429:309135.3250284263:1140.572040350471:962.113063740972:555.7175366333831:391.34930662778584:372.54495104791215:6.854328277295556:3.9630387422651405:2.9898199100585177:0.5184719462840045,0.000553829218762135
4,6,6,-1:2:-5,5:2:1,1260,10,2.2893176891159927e6:1.8302712749702334e6:1.424388581153357e6:1.216180711247762e6:1.0720008139741297e6:568373.8195255526:566844.5207815255:1326.9692435369395:1070.1718393221831:658.3001935189704:566.3681459214783:550.3238890188497:7.364090559601151:4.575403048531408:3.658330307830141:0.5530961714888487,0.0005341140099146612
4,6,6,0:2:-5,5:2:0,1344,10,2.418429267735718e6:1.895378381772989e6:1.5613940912871875e6:1.392764622695583e6:1.1323009751614416e6:714705.3705797086:712881.5101404458:1386.640621068871:1106.3538418490912:705.271103158601:648.9440819447459:633.0577589034167:7.519113245329782:4.815243450654256:3.94993715640323:0.5657701778736337,0.0005263616330783476
4,6,6,1:2:-5,5:2:1,1260,10,2.289317689115993e6:1.8302712749702346e6:1.4243885811533574e6:1.2161807112477622e6:1.0720008139741302e6:568373.8195255527:566844.5207815256:1326.9692435369495:1070.1718393221836:658.3001935189836:566.3681459214959:550.3238890188757:7.364090559684806:4.57540304852904:3.6583303078101377:0.5530961714600262,0.0005341140099146674
4,6,6,2:2:-5,5:2:2,1176,10,1.9149992096469167e6:1.6399207172353622e6:1.0698025577481927e6:938999.1152924013:802008.3554425911:310555.0369431428:309135.32502842654:1140.572040350462:962.1130637409193:555.7175366333739:391.34930662778356:372.5449510479378:6.854328277230513:3.963038742233974:2.989819910058076:0.5184719463030137,0.0005538292187621235
4,6,6,3:2:-5,5:3:2,588,10,1.4251769652310822e6:1.3476770743405106e6:720999.1217811997:664545.5047533646:441085.5659285385:138358.95304320208:136632.178688467:880.0300618115959:795.9927977839886:437.16106471292903:233.8132291696631:214.45952984797847:6.035213703808338:3.203345962465234:2.269267891914292:0.46985999054864974,0.0005806876245767972
4,6,6,-3:3:-5,5:3:3,294,9,1.0965916224270079e6:1.0949093159830235e6:525583.7908788057:426014.2909981397:269984.83185356535:72467.36555480852:70701.0130762889:694.2403220818223:656.6418529461506:348.1365116659787:152.88347856520974:135.97919852607396:5.336888906128497:2.658010008581399:1.8062042404365817:0.4297511957743516,0.0006048111474269936
4,6,6,-2:3:-5,5:3:2,588,10,1.4251769652310817e6:1.34767707434051e6:720999.1217811998:664545.5047533648:441085.56592853845:138358.95304320217:136632.17868846704:880.0300618115946:795.99279778399:437.16106471292983:233.81322916964763:214.45952984799538:6.035213703854966:3.2033459624881067:2.2692678919041867:0.4698599905380694,0.0005806876245767975
4,6,6,-1:3:-5,5:3:1,630,10,1.6966743867839826e6:1.5186562144024905e6:882239.4707518935:850512.3283469398:622897.6996141602:219267.67366036415:217723.46664672028:1026.6800144350764:892.8467529861664:503.301038403974:314.32406671513354:294.6955553070261:6.514775506082627:3.6265123542551705:2.6582083632779074:0.49782111819261243,0.0005651668826777271
4,6,6,0:3:-5,5:3:0,672,10,1.802095803656e6:1.5786333733887663e6:971342.6195349026:894359.3140029883:705372.9062619248:259726.26254809758:258250.72709792826:1082.0955656779431:927.0812828922:528.4427126878279:349.87683818772854:330.53881357272115:6.683136782747215:3.7885833948465293:2.8152052829573577:0.5079265662933755,0.0005596282204334479
4,6,6,1:3:-5,5:3:1,630,10,1.6966743867839824e6:1.5186562144024905e6:882239.4707518931:850512.3283469395:622897.6996141596:219267.67366036415:217723.46664672022:1026.6800144350736:892.8467529862733:503.30103840401165:314.3240667150753:294.6955553070341:6.5147755060491574:3.6265123542766884:2.658208363272161:0.49782111819804703,0.0005651668826777507
4,6,6,2:3:-5,5:3:2,588,10,1.4251769652310812e6:1.3476770743405102e6:720999.1217811997:664545.5047533647:441085.5659285383:138358.95304320203:136632.17868846701:880.0300618115948:795.9927977839919:437.1610647129461:233.8132291696592:214.45952984799248:6.0352137038538665:3.2033459624565017:2.269267891894087:0.46985999055355765,0.0005806876245768013
4,6,6,3:3:-5,5:3:3,294,9,1.0965916224270072e6:1.0949093159830235e6:525583.7908788056:426014.2909981397:269984.83185356524:72467.36555480852:70701.01307628893:694.2403220818206:656.6418529461614:348.13651166595616:152.88347856518672:135.9791985260336:5.336888906137638:2.6580100085661775:1.8062042404102274:0.429751195777111,0.0006048111474269877
4,6,6,-3:-3:-4,4:3:3,588,9,3.4243911332323793e6:3.2828649202627037e6:1.2749240474251048e6:929117.0996707449:589522.8656144694:125015.77919136341:118869.57509418667:1396.8652890872581:1370.6740589705648:675.0108737270425:235.34069360338947:199.7649647069861:7.657098692362149:3.814429361889065:2.3907845663394243:0.5243600325060542,0.00041555539484163027
4,6,6,-2:-3:-4,4:3:2,1176,9,4.741594700391796e6:4.661653574273329e6:2.143744953240009e6:1.6748086069956662e6:1.0537498010763947e6:266007.29706381075:257927.54476743552:1895.5387216494992:1823.0358692292352:949.5696151384956:391.64715250618406:342.719175696571:9.156048304543377:4.848213354125188:3.158841498018133:0.5836714244609204,0.0003911830504548903
4,6,6,-1:-3:-4,4:3:1,1260,9,5.887465153308801e6:5.765245184510757e6:2.922860606921925e6:2.4950519354032953e6:1.6041347895142164e6:462097.73857092636:453545.1435824065:2340.471957828679:2180.223528078194:1172.766629035856:565.0731367976733:507.7458298378295:10.299363854526202:5.715276207660038:3.84966755627254:0.6268648778507231,0.0003771376574900117
4,6,6,0:-3:-4,4:3:0,1344,9,6.4010628143074075e6:6.1477956502117645e6:3.2225655233718855e6:2.8717316372999963e6:1.8768232920660186e6:568304.5413713921:559872.1450212793:2524.233291464595:2315.6336859326143:1259.2766257457706:647.1921049791205:587.6105688818087:10.728235034239042:6.063081674248352:4.140263467318414:0.6428915355402008,0.0003723937802954784
4,6,6,1:-3:-4,4:3:1,1260,9,5.887465153308802e6:5.765245184510758e6:2.9228606069219257e6:2.495051935403296e6:1.6041347895142164e6:462097.7385709261:453545.1435824063:2340.471957828663:2180.223528078233:1172.766629035836:565.0731367976331:507.7458298378397:10.299363854471187:5.715276207636476:3.849667556361659:0.6268648778106032,0.0003771376574900118
4,6,6,2:-3:-4,4:3:2,1176,9,4.741594700391797e6:4.661653574273328e6:2.1437449532400095e6:1.6748086069956666e6:1.0537498010763954e6:266007.2970638107:257927.54476743581:1895.5387216495044:1823.0358692292345:949.5696151385451:391.64715250613847:342.7191756966077:9.156048304707248:4.848213354146897:3.1588414979612067:0.5836714244279616,0.0003911830504548928
4,6,6,3:-3:-4,4:3:3,588,9,3.424391133232376e6:3.2828649202627046e6:1.2749240474251045e6:929117.0996707443:589522.8656144699:125015.77919136352:118869.57509418669:1396.8652890872634:1370.6740589705507:675.0108737270477:235.34069360338756:199.76496470697936:7.657098692417545:3.8144293618366207:2.390784566254489:0.5243600324764911,0.0004155553948416296
4,6,6,-3:-2:-4,4:3:2,1176,9,4.741594700391797e6:4.661653574273334e6:2.14374495324001e6:1.6748086069956669e6:1.0537498010763947e6:266007.2970638107:257927.54476743587:1895.538721649493:1823.0358692292718:949.5696151383678:391.6471525060932:342.71917569657074:9.156048304644168:4.848213354086947:3.158841497960278:0.5836714244577772,0.0003911830504548852
4,6,6,-2:-2:-4,4:2:2,2352,9,6.983353635000017e6:6.550467363984484e6:3.5357511114515024e6:3.317103966213877e6:2.218259700671362e6:708807.384912092:700667.9391978887:2729.425000242958:2459.3419182107486:1353.0378467927812:747.2374885959689:686.0486829845131:11.181862355492854:6.447520921565173:4.4713802476250235:0.659868373766643,0.00036753893831793083
4,6,6,-1:-2:-4,4:2:1,2520,9,9.227089645939235e6:7.867049563216518e6:5.190339344972044e6:4.513777081480277e6:3.9139806889972505e6:1.5323465379497856e6:1.5255933878785793e6:3487.044997968139:2935.3027842306333:1696.2703990211826:1220.0459990802601:1161.5036927264257:12.673131057863355:7.883140830169202:5.816079346339616:0.717576708475071,0.0003515577704420568
4,6,6,0:-2:-4,4:2:0,2688,9,1.013933970346682e7:8.335699065477084e6:6.03116674256443e6:4.953436215393433e6:4.734063002702691e6:2.0771704962144e6:2.0704457016910068e6:3780.8466948152677:3104.800985632933:1845.743475596457:1471.8799526908554:1417.6443877502304:13.191490067236897:8.48378093422915:6.441152327205209:0.7395224245901776,0.00034538199988518986
4,6,6,1:-2:-4,4:2:1,2520,9,9.22708964593924e6:7.867049563216521e6:5.190339344972045e6:4.51377708148028e6:3.913980688997251e6:1.5323465379497865e6:1.5255933878785789e6:3487.0449979681744:2935.30278423021:1696.2703990210748:1220.0459990804545:1161.5036927267483:12.673131057971698:7.883140830239303:5.816079346247963:0.717576708478915,0.00035155777044204746
4,6,6,2:-2:-4,4:2:2,2352,9,6.983353635000017e6:6.550467363984488e6:3.5357511114515006e6:3.3171039662138764e6:2.2182597006713618e6:708807.3849120921:700667.9391978887:2729.425000242974:2459.3419182108196:1353.0378467928115:747.2374885960435:686.0486829844886:11.18186235534829:6.447520921568231:4.471380247575799:0.6598683737675322,0.0003675389383179374
4,6,6,3:-2:-4,4:3:2,1176,9,4.741594700391797e6:4.66165357427333e6:2.143744953240009e6:1.6748086069956673e6:1.053749801076395e6:266007.2970638111:257927.54476743567:1895.5387216495021:1823.0358692292605:949.5696151385172:391.6471525062764:342.7191756965714:9.156048304566369:4.8482133541381005:3.1588414980461423:0.5836714244372215,0.00039118305045489555
4,6,6,-3:-1:-4,4:3:1,1260,9,5.887465153308801e6:5.765245184510754e6:2.9228606069219266e6:2.4950519354032953e6:1.6041347895142157e6:462097.73857092607:453545.1435824064:2340.4719578286695:2180.223528078152:1172.7666290357456:565.0731367975892:507.74582983774576:10.299363854577427:5.715276207626981:3.8496675564336478:0.6268648778337187,0.00037713765749000145
4,6,6,-2:-1:-4,4:2:1,2520,9,9.22708964593924e6:7.867049563216518e6:5.190339344972044e6:4.513777081480276e6:3.91398068899725e6:1.532346537949787e6:1.5255933878785786e6:3487.044997968149:2935.302784230503:1696.2703990210516:1220.0459990802096:1161.5036927264466:12.673131057478269:7.883140830290641:5.8160793464111435:0.7175767083270254,0.0003515577704420486
4,6,6,-1:-1:-4,4:1:1,2700,9,1.2034636347513199e7:9.302251159186369e6:8.039309100802889e6:7.446817303539092e6:5.702655822196264e6:4.220742949334552e6:4.208637211529121e6:4338.903832641584:3445.5067904709645:2301.17560494352:2245.4403791365894:2177.9647417133747:14.117831093463563:9.9411842020762:8.186243824834415:0.78855550144924,0.00033034520969830127
4,6,6,0:-1:-4,4:1:0,2880,9,1.2702638376471695e7:9.794261363258041e6:9.155981431608014e6:8.961909713543141e6:6.656009034470814e6:6.414015743617245e6:6.317508081075489e6:4469.229516726538:3609.358523581326:2852.958446717729:2852.1542757559587:2614.963840052278:14.34834538822183:10.833772810588355:9.520716516663677:0.8161275025886701,0.0003203520383368741
4,6,6,1:-1:-4,4:1:1,2700,9,1.2034636347513199e7:9.302251159186369e6:8.039309100802884e6:7.446817303539091e6:5.702655822196264e6:4.220742949334551e6:4.208637211529122e6:4338.903832641568:3445.506790471083:2301.17560494349:2245.440379136653:2177.964741713369:14.11783109441883:9.941184202032415:8.186243824713959:0.7885555013656453,0.0003303452096983043
4,6,6,2:-1:-4,4:2:1,2520,9,9.227089645939235e6:7.867049563216517e6:5.1903393449720405e6:4.513777081480274e6:3.9139806889972487e6:1.5323465379497851e6:1.5255933878785786e6:3487.044997968157:2935.302784230394:1696.2703990212035:1220.0459990802706:1161.503692726548:12.67313105792374:7.883140830251594:5.816079346223404:0.7175767085118075,0.000351557770442051
4,6,6,3:-1:-4,4:3:1,1260,9,5.887465153308803e6:5.765245184510761e6:2.922860606921927e6:2.4950519354032935e6:1.6041347895142147e6:462097.7385709261:453545.1435824066:2340.4719578286526:2180.2235280781506:1172.7666290358445:565.0731367977222:507.74582983787326:10.299363854635907:5.715276207589959:3.8496675564754734:0.6268648778271515,0.000377137657490008
4,6,6,-3:0:-4,4:3:0,1344,9,6.401062814307408e6:6.14779565021177e6:3.222565523371887e6:2.871731637299996e6:1.8768232920660197e6:568304.5413713921:559872.1450212793:2524.2332914645867:2315.6336859325097:1259.276625745788:647.1921049791879:587.6105688817348:10.72823503425956:6.063081674245404:4.140263467224245:0.6428915355869271,0.00037239378029547184
4,6,6,-2:0:-4,4:2:0,2688,9,1.0139339703466816e7:8.335699065477083e6:6.031166742564431e6:4.953436215393431e6:4.734063002702689e6:2.0771704962143998e6:2.0704457016910063e6:3780.8466948152673:3104.8009856328663:1845.743475596572:1471.8799526909645:1417.644387750638:13.191490067042949:8.483780934237842:6.441152327202069:0.7395224246190062,0.000345381999885198
4,6,6,-1:0:-4,4:1:0,2880,9,1.2702638376471695e7:9.794261363258043e6:9.155981431608012e6:8.96190971354314e6:6.656009034470813e6:6.414015743617247e6:6.317508081075488e6:4469.229516726657:3609.3585235812666:2852.9584467177565:2852.1542757562697:2614.963840052329:14.348345388233007:10.833772810171293:9.52071651656225:0.816127502655792,0.00032035203833688216
4,6,6,0:0:-4,4:0:0,3072,9,1.0288150325151214e7:1.0288150128357526e7:1.0288150128357507e7:1.0288101794086335e7:1.0288101794086333e7:1.026954573581547e7:1.0269545735815465e7:3764.596385604776:3763.597049223998:3763.597049223893:3703.182111507329:3703.1821115071643:13.747342837554564:11.868049924088783:11.868049923773535:0.8461456370772829,0.00030737427076092986
4,6,6,1:0:-4,4:1:0,2880,9,1.2702638376471695e7:9.794261363258041e6:9.155981431608014e6:8.96190971354314e6:6.656009034470813e6:6.414015743617243e6:6.317508081075488e6:4469.229516726657:3609.3585235813794:2852.95844671787:2852.1542757556963:2614.9638400523336:14.348345388215291:10.83377281017434:9.520716516569571:0.8161275026313415,0.0003203520383368771
4,6,6,2:0:-4,4:2:0,2688,9,1.013933970346682e7:8.3356990654770825e6:6.031166742564428e6:4.953436215393432e6:4.734063002702691e6:2.0771704962144e6:2.0704457016910058e6:3780.8466948152654:3104.800985632831:1845.743475596557:1471.879952690813:1417.6443877506993:13.191490067065198:8.483780934258391:6.441152327242627:0.7395224246147636,0.0003453819998851949
4,6,6,3:0:-4,4:3:0,1344,9,6.401062814307408e6:6.147795650211767e6:3.222565523371885e6:2.8717316372999973e6:1.87682329206602e6:568304.5413713924:559872.1450212793:2524.2332914645863:2315.6336859326448:1259.2766257457888:647.1921049791056:587.6105688817869:10.728235034329611:6.063081674244736:4.140263467223938:0.6428915355778548,0.0003723937802954796
4,6,6,-3:1:-4,4:3:1,1260,9,5.887465153308801e6:5.765245184510754e6:2.9228606069219266e6:2.4950519354032953e6:1.6041347895142157e6:462097.73857092607:453545.1435824064:2340.4719578286695:2180.223528078152:1172.7666290357456:565.0731367975892:507.74582983774576:10.299363854577427:5.715276207626981:3.8496675564336478:0.6268648778337187,0.00037713765749000145
4,6,6,-2:1:-4,4:2:1,2520,9,9.22708964593924e6:7.867049563216518e6:5.190339344972044e6:4.513777081480276e6:3.91398068899725e6:1.532346537949787e6:1.5255933878785786e6:3487.044997968149:2935.302784230503:1696.2703990210516:1220.0459990802096:1161.5036927264466:12.673131057478269:7.883140830290641:5.8160793464111435:0.7175767083270254,0.0003515577704420486
4,6,6,-1:1:-4,4:1:1,2700,9,1.2034636347513199e7:9.302251159186369e6:8.039309100802889e6:7.446817303539092e6:5.702655822196264e6:4.220742949334552e6:4.208637211529121e6:4338.903832641584:3445.5067904709645:2301.17560494352:2245.4403791365894:2177.9647417133747:14.117831093463563:9.9411842020762:8.186243824834415:0.78855550144924,0.00033034520969830127
4,6,6,0:1:-4,4:1:0,2880,9,1.2702638376471695e7:9.794261363258041e6:9.155981431608014e6:8.961909713543141e6:6.656009034470814e6:6.414015743617245e6:6.317508081075489e6:4469.229516726538:3609.358523581326:2852.958446717729:2852.1542757559587:2614.963840052278:14.34834538822183:10.833772810588355:9.520716516663677:0.8161275025886701,0.0003203520383368741
4,6,6,1:1:-4,4:1:1,2700,9,1.2034636347513199e7:9.302251159186369e6:8.039309100802884e6:7.446817303539091e6:5.702655822196264e6:4.220742949334551e6:4.208637211529122e6:4338.903832641568:3445.506790471083:2301.17560494349:2245.440379136653:2177.964741713369:14.11783109441883:9.941184202032415:8.186243824713959:0.7885555013656453,0.0003303452096983043
4,6,6,2:1:-4,4:2:1,2520,9,9.227089645939235e6:7.867049563216517e6:5.1903393449720405e6:4.513777081480274e6:3.9139806889972487e6:1.5323465379497851e6:1.5255933878785786e6:3487.044997968157:2935.302784230394:1696.2703990212035:1220.0459990802706:1161.503692726548:12.67313105792374:7.883140830251594:5.816079346223404:0.7175767085118075,0.000351557770442051
4,6,6,3:1:-4,4:3:1,1260,9,5.887465153308803e6:5.765245184510761e6:2.922860606921927e6:2.4950519354032935e6:1.6041347895142147e6:462097.7385709261:453545.1435824066:2340.4719578286526:2180.2235280781506:1172.7666290358445:565.0731367977222:507.74582983787326:10.299363854635907:5.715276207589959:3.8496675564754734:0.6268648778271515,0.000377137657490008
4,6,6,-3:2:-4,4:3:2,1176,9,4.741594700391797e6:4.661653574273334e6:2.14374495324001e6:1.6748086069956669e6:1.0537498010763947e6:266007.2970638107:257927.54476743587:1895.538721649493:1823.0358692292718:949.5696151383678:391.6471525060932:342.71917569657074:9.156048304644168:4.848213354086947:3.158841497960278:0.5836714244577772,0.0003911830504548852
4,6,6,-2:2:-4,4:2:2,2352,9,6.983353635000017e6:6.550467363984484e6:3.5357511114515024e6:3.317103966213877e6:2.218259700671362e6:708807.384912092:700667.9391978887:2729.425000242958:2459.3419182107486:1353.0378467927812:747.2374885959689:686.0486829845131:11.181862355492854:6.447520921565173:4.4713802476250235:0.659868373766643,0.00036753893831793083
4,6,6,-1:2:-4,4:2:1,2520,9,9.227089645939235e6:7.867049563216518e6:5.190339344972044e6:4.513777081480277e6:3.9139806889972505e6:1.5323465379497856e6:1.5255933878785793e6:3487.044997968139:2935.3027842306333:1696.2703990211826:1220.0459990802601:1161.5036927264257:12.673131057863355:7.883140830169202:5.816079346339616:0.717576708475071,0.0003515577704420568
4,6,6,0:2:-4,4:2:0,2688,9,1.013933970346682e7:8.335699065477084e6:6.03116674256443e6:4.953436215393433e6:4.734063002702691e6:2.0771704962144e6:2.0704457016910068e6:3780.8466948152677:3104.800985632933:1845.743475596457:1471.8799526908554:1417.6443877502304:13.191490067236897:8.48378093422915:6.441152327205209:0.7395224245901776,0.00034538199988518986
4,6,6,1:2:-4,4:2:1,2520,9,9.22708964593924e6:7.867049563216521e6:5.190339344972045e6:4.51377708148028e6:3.913980688997251e6:1.5323465379497865e6:1.5255933878785789e6:3487.0449979681744:2935.30278423021:1696.2703990210748:1220.0459990804545:1161.5036927267483:12.673131057971698:7.883140830239303:5.816079346247963:0.717576708478915,0.00035155777044204746
4,6,6,2:2:-4,4:2:2,2352,9,6.983353635000017e6:6.550467363984488e6:3.5357511114515006e6:3.3171039662138764e6:2.2182597006713618e6:708807.3849120921:700667.9391978887:2729.425000242974:2459.3419182108196:1353.0378467928115:747.2374885960435:686.0486829844886:11.18186235534829:6.447520921568231:4.471380247575799:0.6598683737675322,0.0003675389383179374
4,6,6,3:2:-4,4:3:2,1176,9,4.741594700391797e6:4.66165357427333e6:2.143744953240009e6:1.6748086069956673e6:1.053749801076395e6:266007.2970638111:257927.54476743567:1895.5387216495021:1823.0358692292605:949.5696151385172:391.6471525062764:342.7191756965714:9.156048304566369:4.8482133541381005:3.1588414980461423:0.5836714244372215,0.00039118305045489555
4,6,6,-3:3:-4,4:3:3,588,9,3.4243911332323793e6:3.2828649202627037e6:1.2749240474251048e6:929117.0996707449:589522.8656144694:125015.77919136341:118869.57509418667:1396.8652890872581:1370.6740589705648:675.0108737270425:235.34069360338947:199.7649647069861:7.657098692362149:3.814429361889065:2.3907845663394243:0.5243600325060542,0.00041555539484163027
4,6,6,-2:3:-4,4:3:2,1176,9,4.741594700391796e6:4.661653574273329e6:2.143744953240009e6:1.6748086069956662e6:1.0537498010763947e6:266007.29706381075:257927.54476743552:1895.5387216494992:1823.0358692292352:949.5696151384956:391.64715250618406:342.719175696571:9.156048304543377:4.848213354125188:3.158841498018133:0.5836714244609204,0.0003911830504548903
4,6,6,-1:3:-4,4:3:1,1260,9,5.887465153308801e6:5.765245184510757e6:2.922860606921925e6:2.4950519354032953e6:1.6041347895142164e6:462097.73857092636:453545.1435824065:2340.471957828679:2180.223528078194:1172.766629035856:565.0731367976733:507.7458298378295:10.299363854526202:5.715276207660038:3.84966755627254:0.6268648778507231,0.0003771376574900117
4,6,6,0:3:-4,4:3:0,1344,9,6.4010628143074075e6:6.1477956502117645e6:3.2225655233718855e6:2.8717316372999963e6:1.8768232920660186e6:568304.5413713921:559872.1450212793:2524.233291464595:2315.6336859326143:1259.2766257457706:647.1921049791205:587.6105688818087:10.728235034239042:6.063081674248352:4.140263467318414:0.6428915355402008,0.0003723937802954784
4,6,6,1:3:-4,4:3:1,1260,9,5.887465153308802e6:5.765245184510758e6:2.9228606069219257e6:2.495051935403296e6:1.6041347895142164e6:462097.7385709261:453545.1435824063:2340.471957828663:2180.223528078233:1172.766629035836:565.0731367976331:507.7458298378397:10.299363854471187:5.715276207636476:3.849667556361659:0.6268648778106032,0.0003771376574900118
4,6,6,2:3:-4,4:3:2,1176,9,4.741594700391797e6:4.661653574273328e6:2.1437449532400095e6:1.6748086069956666e6:1.0537498010763954e6:266007.2970638107:257927.54476743581:1895.5387216495044:1823.0358692292345:949.5696151385451:391.64715250613847:342.7191756966077:9.156048304707248:4.848213354146897:3.1588414979612067:0.5836714244279616,0.0003911830504548928
4,6,6,3:3:-4,4:3:3,588,9,3.424391133232376e6:3.2828649202627046e6:1.2749240474251045e6:929117.0996707443:589522.8656144699:125015.77919136352:118869.57509418669:1396.8652890872634:1370.6740589705507:675.0108737270477:235.34069360338756:199.76496470697936:7.657098692417545:3.8144293618366207:2.390784566254489:0.5243600324764911,0.0004155553948416296
4,6,6,-3:-5:-3,5:3:3,294,9,2.936887204361164e6:2.8783753923052116e6:558949.0599613826:356994.60178463795:235579.95662936787:32217.506529843216:28930.01418120538:1135.8240421393846:1035.9538333594069:372.75493685544967:95.96618779299249:77.18971623261965:6.1859068858197785:2.690034234002382:1.47754608830603:0.45660866319824994,0.00038028724710001725
4,6,6,-2:-5:-3,5:3:2,588,9,4.2436315957541745e6:4.1292503255918077e6:855763.1637300221:558070.7090037774:371986.5541947896:52205.60000913285:47026.92777955869:1478.3651808546035:1369.2216178980557:512.8017853679827:134.60413017968472:108.20254441355925:7.220738140753369:3.242080303484821:1.8006852042355677:0.49868214637812946,0.00034655526347514184
4,6,6,-1:-5:-3,5:3:1,630,8,5.391115032830289e6:5.220969653312322e6:1.1377895843312095e6:752094.0032262205:503466.90772334655:72292.6618888446:65318.33709134676:1756.7772708302737:1644.3008094150848:633.8146227199102:169.0120503049556:135.95337592150537:8.006136135788735:3.6704592130993965:2.0552495295595166:0.5279876210104667,0.000326719644620242
4,6,6,0:-5:-3,5:3:0,672,8,5.858790592084461e6:5.664601204812934e6:1.2584126564441852e6:835699.648311712:559954.163773674:81158.72058258057:73421.46719649153:1865.8932135825264:1752.9759105362182:682.8700086066781:183.23069716536216:147.46042889035095:8.30317609540257:3.8345276990295347:2.153620524028669:0.5385746107521672,0.00032019200835204964
4,6,6,1:-5:-3,5:3:1,630,8,5.39111503283029e6:5.220969653312329e6:1.1377895843312093e6:752094.0032262212:503466.9077233468:72292.66188884457:65318.33709134673:1756.7772708302846:1644.3008094150744:633.81462271985:169.01205030492036:135.95337592147624:8.00613613578899:3.6704592130934803:2.0552495296065993:0.5279876209864551,0.00032671964462023935
4,6,6,2:-5:-3,5:3:2,588,9,4.2436315957541745e6:4.1292503255918054e6:855763.1637300221:558070.7090037765:371986.5541947898:52205.60000913288:47026.927779558646:1478.3651808546024:1369.2216178980943:512.801785367802:134.60413017981912:108.20254441355381:7.220738140786614:3.2420803034674353:1.8006852042706492:0.4986821464413926,0.0003465552634751401
4,6,6,3:-5:-3,5:3:3,294,9,2.936887204361165e6:2.8783753923052116e6:558949.0599613829:356994.6017846378:235579.95662936787:32217.506529843195:28930.014181205355:1135.8240421393925:1035.9538333594382:372.75493685554187:95.96618779299104:77.18971623265534:6.185906885893589:2.6900342339941896:1.4775460883188285:0.4566086632051766,0.0003802872471000291
4,6,6,-3:-4:-3,4:3:3,588,8,5.858790592084461e6:5.664601204812934e6:1.2584126564441847e6:835699.6483117127:559954.1637736739:81158.72058258057:73421.46719649152:1865.893213582533:1752.9759105362114:682.8700086071027:183.23069716539155:147.46042889042815:8.303176095400099:3.8345276990234285:2.153620524087421:0.5385746107403878,0.0003201920083520636
4,6,6,-2:-4:-3,4:3:2,1176,8,9.135460644623639e6:8.760132800214889e6:2.196192978387632e6:1.4937146714315847e6:999316.3927733698:154653.0298306958:141163.41919961252:2583.265098819718:2476.5458633221624:1025.715095085528:287.0647411796309:232.21415707936532:10.140253057502512:4.873851747670633:2.7879409152012102:0.5991387543628206,0.00028837275435283205
4,6,6,-1:-4:-3,4:3:1,1260,8,1.2223247009599881e7:1.167078636375446e7:3.231397974006247e6:2.230809742059777e6:1.4799735396847003e6:243531.2399269781:224135.54123356758:3212.962681826851:3119.432646257941:1351.206691771624:393.243799817433:320.1830334099912:11.626204866822867:5.74556609693251:3.334873281024255:0.6432332225857558,0.0002701469976097151
4,6,6,0:-4:-3,4:3:0,1344,8,1.3528166777335305e7:1.2902604118543357e7:3.714307689244665e6:2.5777280348182665e6:1.7025005209031662e6:287435.69002866576:265448.83874653134:3471.459509712329:3383.9490364312496:1490.100689265898:440.970609610967:360.1377700895091:12.209102592851321:6.09523839235457:3.558124662736699:0.6595924268666536,0.00026426199455158834
4,6,6,1:-4:-3,4:3:1,1260,8,1.2223247009599876e7:1.1670786363754459e7:3.2313979740062463e6:2.2308097420597775e6:1.4799735396846996e6:243531.2399269778:224135.5412335675:3212.9626818268457:3119.4326462579315:1351.206691771421:393.2437998173506:320.18303340999074:11.62620486689085:5.745566096899008:3.334873280991835:0.6432332227333766,0.00027014699760971096
4,6,6,2:-4:-3,4:3:2,1176,8,9.13546064462364e6:8.760132800214896e6:2.1961929783876315e6:1.4937146714315861e6:999316.3927733705:154653.02983069548:141163.41919961246:2583.2650988197047:2476.5458633221497:1025.715095085413:287.06474117961596:232.2141570792721:10.140253057456558:4.873851747637603:2.787940915343486:0.5991387542534495,0.00028837275435282766
4,6,6,3:-4:-3,4:3:3,588,8,5.858790592084464e6:5.664601204812933e6:1.2584126564441847e6:835699.6483117125:559954.1637736739:81158.72058258057:73421.4671964915:1865.8932135825212:1752.9759105362239:682.8700086067032:183.23069716534076:147.46042889034578:8.303176095453546:3.834527698994014:2.153620523970153:0.5385746107805004,0.00032019200835205024
4,6,6,-5:-3:-3,5:3:3,294,9,2.936887204361165e6:2.8783753923052135e6:558949.0599613829:356994.6017846379:235579.95662936775:32217.506529843253:28930.01418120537:1135.824042139389:1035.9538333594246:372.75493685529483:95.96618779297962:77.18971623261162:6.1859068859323605:2.6900342340201036:1.4775460882925056:0.45660866319597493,0.00038028724710001166
4,6,6,-4:-3:-3,4:3:3,588,8,5.858790592084462e6:5.664601204812932e6:1.2584126564441847e6:835699.6483117121:559954.1637736739:81158.72058258057:73421.46719649145:1865.8932135825169:1752.975910536183:682.8700086067295:183.23069716537307:147.46042889034013:8.303176095400811:3.8345276990346857:2.1536205240673643:0.5385746107007486,0.0003201920083520477
4,6,6,-3:-3:-3,3:3:3,1225,8,1.1068609809290534e7:1.0582110741165504e7:2.8267692698051874e6:1.9416067939092743e6:1.2927460885487753e6:207915.67166566473:190770.94295094183:2981.0132508895745:2882.2036304564203:1229.0214287504423:352.47754314305524:286.25600813500336:11.090372967428499:5.427993853969472:3.134037924960444:0.6277546039335059,0.0002761331673350231
4,6,6,-2:-3:-3,3:3:2,1862,8,1.8583954376405567e7:1.7706597941440754e7:5.848405233483556e6:4.135696731046033e6:2.6808859375613583e6:499057.5723327999:466787.52585332625:4453.966400437928:4383.919926240051:2037.371394969361:644.6812836655095:533.367189680766:14.303524956769483:7.389079244188038:4.403798156629021:0.714906756907055,0.0002473172656526075
4,6,6,-1:-3:-3,3:3:1,1995,7,2.6000590180658467e7:2.494052192957024e7:9.756252334034678e6:7.127321088939869e6:4.515606831680255e6:964589.006710858:917776.9949004921:5906.467753526346:5815.2885765184665:2867.704496300185:1011.0416738274506:854.6238214401019:17.096611654531156:9.213351820619236:5.6507488733515085:0.7822856203853022,0.00023165217029943555
4,6,6,0:-3:-3,3:3:0,2128,7,2.9172514186044905e7:2.815116692980559e7:1.1707343498560749e7:8.711873861208595e6:5.4870442092110785e6:1.2407405378934848e6:1.1884627172339142e6:6553.161981239115:6423.90270641695:3232.394317880353:1199.1565021514002:1023.7584672923302:18.236452782595336:9.994181211275658:6.205088218878762:0.8082542950353208,0.0002267424059830282
4,6,6,1:-3:-3,3:3:1,1995,7,2.6000590180658467e7:2.494052192957023e7:9.756252334034678e6:7.127321088939869e6:4.515606831680244e6:964589.0067108567:917776.9949004916:5906.467753526391:5815.288576518435:2867.704496300167:1011.041673827827:854.62382143988:17.09661165554429:9.213351820900847:5.650748872889913:0.782285620172203,0.0002316521702994363
4,6,6,2:-3:-3,3:3:2,1862,8,1.8583954376405567e7:1.7706597941440757e7:5.848405233483558e6:4.135696731046036e6:2.6808859375613583e6:499057.57233279996:466787.52585332585:4453.966400437912:4383.919926240037:2037.3713949693135:644.6812836654748:533.3671896806142:14.30352495698424:7.389079244057796:4.403798156408916:0.714906757021642,0.00024731726565260564
4,6,6,3:-3:-3,3:3:3,1225,8,1.1068609809290532e7:1.0582110741165502e7:2.826769269805188e6:1.9416067939092738e6:1.2927460885487744e6:207915.67166566497:190770.94295094183:2981.013250889561:2882.203630456507:1229.021428750264:352.4775431431045:286.25600813502143:11.090372967412668:5.4279938541547015:3.1340379249678834:0.627754604051921,0.00027613316733502325
4,6,6,4:-3:-3,4:3:3,588,8,5.858790592084462e6:5.664601204812932e6:1.2584126564441847e6:835699.6483117121:559954.1637736739:81158.72058258057:73421.46719649145:1865.8932135825169:1752.975910536183:682.8700086067295:183.23069716537307:147.46042889034013:8.303176095400811:3.8345276990346857:2.1536205240673643:0.5385746107007486,0.0003201920083520477
4,6,6,5:-3:-3,5:3:3,294,9,2.936887204361163e6:2.8783753923052107e6:558949.0599613828:356994.60178463795:235579.95662936787:32217.506529843173:28930.01418120534:1135.824042139387:1035.953833359409:372.7549368552396:95.96618779298028:77.18971623261363:6.185906885892481:2.690034233994294:1.477546088302881:0.45660866320384347,0.000380287247100006
4,6,6,-5:-2:-3,5:3:2,588,9,4.243631595754175e6:4.129250325591807e6:855763.1637300217:558070.7090037774:371986.55419479:52205.60000913287:47026.92777955864:1478.3651808546233:1369.221617898079:512.8017853683283:134.60413017978667:108.20254441362252:7.220738140755869:3.2420803035569516:1.800685204156343:0.4986821463813391,0.0003465552634751625
4,6,6,-4:-2:-3,4:3:2,1176,8,9.13546064462364e6:8.760132800214894e6:2.1961929783876315e6:1.493714671431586e6:999316.3927733704:154653.02983069562:141163.41919961237:2583.26509881971:2476.545863322091:1025.7150950862508:287.064741179706:232.21415707943018:10.140253057268787:4.873851747730323:2.787940915133522:0.5991387543697851,0.00028837275435284387
4,6,6,-3:-2:-3,3:3:2,1862,8,1.8583954376405586e7:1.7706597941440754e7:5.848405233483557e6:4.1356967310460354e6:2.680885937561358e6:499057.5723328007:466787.5258533267:4453.966400437888:4383.919926240067:2037.3713949692365:644.681283665827:533.3671896805284:14.303524956914746:7.389079243964676:4.403798156374194:0.7149067570629088,0.00024731726565260575
4,6,6,-2:-2:-3,3:2:2,2548,7,3.2762308778111443e7:3.1913527309373632e7:1.4103469724547897e7:1.076674220274158e7:6.762442501080901e6:1.628989621360881e6:1.5714704347878029e6:7315.706812990093:7114.086629638742:3651.694711192021:1440.7962525641985:1244.592751436426:19.505592725898524:10.891570928157213:6.8583585742722315:0.8363913439823953,0.00022197560323438919
4,6,6,-1:-2:-3,3:2:1,2730,7,4.837346574646699e7:4.634634965529139e7:2.437841481925549e7:2.1844395735900767e7:1.4300428246934319e7:4.3579303833081415e6:4.294833089282087e6:10652.244927560982:9770.892863201803:5312.071525551083:2768.07997817755:2510.5672636331824:24.262043534138567:14.584639151709423:9.750391186474074:0.9374870467822151,0.00020805513751336467
4,6,6,0:-2:-3,3:2:0,2912,7,5.664344877909308e7:5.183321516135704e7:2.8601990824865438e7:2.830571259199758e7:1.9438732390859187e7:6.547205651168714e6:6.489054061699323e6:12270.57792856129:10870.87876299099:6039.8468925876905:3603.3006289639366:3337.369551308492:26.208101439316817:16.30349352216713:11.22670442193124:0.978449275405851,0.00020318815152696085
4,6,6,1:-2:-3,3:2:1,2730,7,4.837346574646699e7:4.634634965529141e7:2.4378414819255497e7:2.1844395735900767e7:1.4300428246934315e7:4.357930383308144e6:4.294833089282085e6:10652.244927561022:9770.892863201265:5312.071525552449:2768.07997817864:2510.5672636334393:24.262043534481794:14.584639151121612:9.750391186970434:0.937487045756392,0.00020805513751336968
4,6,6,2:-2:-3,3:2:2,2548,7,3.276230877811145e7:3.1913527309373632e7:1.4103469724547891e7:1.0766742202741582e7:6.76244250108091e6:1.6289896213608815e6:1.5714704347878024e6:7315.706812990043:7114.086629638352:3651.694711192016:1440.7962525641378:1244.5927514362654:19.50559272587362:10.891570927755618:6.858358574320906:0.8363913438669812,0.00022197560323438284
4,6,6,3:-2:-3,3:3:2,1862,8,1.8583954376405578e7:1.7706597941440757e7:5.848405233483557e6:4.1356967310460387e6:2.680885937561357e6:499057.57233279984:466787.52585332637:4453.966400437931:4383.919926240004:2037.3713949692487:644.6812836656554:533.3671896806238:14.303524957029815:7.389079244074538:4.403798156273106:0.7149067570484569,0.00024731726565260516
4,6,6,4:-2:-3,4:3:2,1176,8,9.135460644623635e6:8.760132800214889e6:2.1961929783876315e6:1.4937146714315852e6:999316.3927733703:154653.02983069542:141163.41919961246:2583.265098819691:2476.54586332215:1025.7150950851646:287.0647411793443:232.21415707935898:10.140253057531002:4.873851747636611:2.7879409152591603:0.599138754246903,0.00028837275435282067
4,6,6,5:-2:-3,5:3:2,588,9,4.243631595754173e6:4.1292503255918045e6:855763.1637300224:558070.7090037775:371986.55419478996:52205.60000913289:47026.92777955862:1478.365180854615:1369.221617898052:512.801785367958:134.6041301797562:108.20254441356134:7.220738140760807:3.242080303407717:1.800685204252441:0.49868214638547415,0.00034655526347514287
4,6,6,-5:-1:-3,5:3:1,630,8,5.391115032830289e6:5.220969653312326e6:1.13778958433121e6:752094.0032262208:503466.9077233464:72292.66188884455:65318.33709134669:1756.7772708302755:1644.300809415075:633.8146227198281:169.01205030496934:135.95337592147152:8.006136135898851:3.6704592130582254:2.055249529730732:0.5279876209421382,0.0003267196446202384
4,6,6,-4:-1:-3,4:3:1,1260,8,1.2223247009599885e7:1.1670786363754466e7:3.2313979740062477e6:2.230809742059776e6:1.4799735396846991e6:243531.23992697845:224135.54123356772:3212.962681826834:3119.4326462578724:1351.2066917716409:393.2437998175778:320.18303340996687:11.626204866737067:5.745566096800348:3.3348732808344366:0.6432332228719365,0.0002701469976097126
4,6,6,-3:-1:-3,3:3:1,1995,7,2.6000590180658445e7:2.494052192957024e7:9.756252334034678e6:7.127321088939869e6:4.515606831680255e6:964589.006710857:917776.9949004913:5906.4677535263145:5815.288576518424:2867.7044963003173:1011.0416738273299:854.623821439777:17.09661165536144:9.213351820504228:5.650748873240233:0.7822856203195467,0.00023165217029943433
4,6,6,-2:-1:-3,3:2:1,2730,7,4.837346574646701e7:4.634634965529139e7:2.437841481925549e7:2.1844395735900782e7:1.4300428246934311e7:4.357930383308143e6:4.294833089282083e6:10652.244927560907:9770.892863200783:5312.071525550811:2768.0799781774463:2510.56726363328:24.262043533299774:14.584639151660191:9.75039118720312:0.9374870457006385,0.00020805513751335448
4,6,6,-1:-1:-3,3:1:1,2925,7,7.907111738185535e7:6.398360438963008e7:4.8229356272024795e7:4.025740698637967e7:3.710588754344832e7:1.798318074864475e7:1.7930880875349574e7:16394.997155923284:13327.176431104423:8041.963836413064:6773.886923929142:6549.7033682433075:30.486145729819718:20.956686863208787:15.797151542105532:1.0759667556333283,0.00019175177856623155
4,6,6,0:-1:-3,3:1:0,3120,7,9.15009547846082e7:7.044930911573842e7:6.201353183531309e7:5.8256700338980585e7:4.3801532376526475e7:3.455173971303927e7:3.443869578802334e7:18372.29356110478:14587.69860588445:10051.535010383253:9965.096157673861:9545.102910449756:32.328951272627826:24.183526906814496:19.7435458435153:1.1350104109112873,0.00018396430911210435
4,6,6,1:-1:-3,3:1:1,2925,7,7.907111738185534e7:6.398360438963007e7:4.8229356272024795e7:4.0257406986379676e7:3.7105887543448314e7:1.798318074864475e7:1.7930880875349574e7:16394.99715592347:13327.17643110367:8041.963836412391:6773.886923929714:6549.703368245214:30.486145731942273:20.956686862315713:15.797151540811797:1.0759667547236351,0.00019175177856623287
4,6,6,2:-1:-3,3:2:1,2730,7,4.8373465746467e7:4.634634965529141e7:2.4378414819255486e7:2.1844395735900775e7:1.4300428246934308e7:4.357930383308144e6:4.294833089282095e6:10652.24492756096:9770.892863203599:5312.0715255517825:2768.079978177259:2510.567263634307:24.26204353381826:14.584639151608199:9.750391186854559:0.9374870462546844,0.00020805513751338372
4,6,6,3:-1:-3,3:3:1,1995,7,2.6000590180658445e7:2.4940521929570235e7:9.756252334034683e6:7.127321088939869e6:4.515606831680243e6:964589.0067108576:917776.9949004914:5906.467753526332:5815.288576518605:2867.704496300164:1011.041673827254:854.6238214400378:17.096611655064354:9.213351820997412:5.650748873087425:0.7822856199750864,0.00023165217029943688
4,6,6,4:-1:-3,4:3:1,1260,8,1.2223247009599883e7:1.1670786363754459e7:3.2313979740062463e6:2.230809742059776e6:1.4799735396847003e6:243531.239926978:224135.54123356752:3212.962681826826:3119.432646257921:1351.2066917714114:393.243799817501:320.18303341001325:11.626204866865665:5.745566097135794:3.334873280807317:0.6432332228017891,0.00027014699760971036
4,6,6,5:-1:-3,5:3:1,630,8,5.391115032830287e6:5.2209696533123255e6:1.1377895843312095e6:752094.0032262205:503466.9077233467:72292.66188884457:65318.33709134679:1756.7772708302834:1644.3008094150907:633.8146227198306:169.012050304888:135.95337592147604:8.006136135861622:3.6704592131123888:2.05524952960033:0.527987621015993,0.00032671964462023995
4,6,6,-5:0:-3,5:3:0,672,8,5.858790592084459e6:5.664601204812932e6:1.258412656444185e6:835699.6483117117:559954.1637736739:81158.72058258054:73421.46719649152:1865.8932135825214:1752.9759105362248:682.8700086064424:183.23069716527806:147.46042889049244:8.303176095406146:3.83452769904801:2.153620524038065:0.5385746107474707,0.00032019200835204287
4,6,6,-4:0:-3,4:3:0,1344,8,1.3528166777335305e7:1.2902604118543353e7:3.7143076892446666e6:2.5777280348182656e6:1.7025005209031648e6:287435.6900286655:265448.83874653146:3471.459509712336:3383.949036431294:1490.1006892659018:440.97060961094826:360.1377700895657:12.209102592834686:6.095238392332949:3.5581246628873284:0.6595924268618651,0.0002642619945515904
4,6,6,-3:0:-3,3:3:0,2128,7,2.9172514186044868e7:2.8151166929805584e7:1.1707343498560753e7:8.711873861208595e6:5.4870442092110915e6:1.2407405378934857e6:1.188462717233914e6:6553.161981239181:6423.902706416986:3232.3943178803547:1199.1565021516312:1023.758467292435:18.23645278275203:9.994181211225202:6.2050882189483065:0.8082542949398512,0.00022674240598303077
4,6,6,-2:0:-3,3:2:0,2912,7,5.66434487790931e7:5.1833215161357045e7:2.860199082486542e7:2.830571259199757e7:1.9438732390859183e7:6.547205651168716e6:6.489054061699322e6:12270.577928561715:10870.878762991364:6039.84689258778:3603.3006289639375:3337.3695513051525:26.208101439598952:16.30349352239495:11.226704421947884:0.978449275502075,0.00020318815152696
4,6,6,-1:0:-3,3:1:0,3120,7,9.15009547846082e7:7.044930911573838e7:6.2013531835313074e7:5.825670033898061e7:4.3801532376526475e7:3.455173971303928e7:3.443869578802336e7:18372.293561103113:14587.698605883885:10051.53501038278:9965.09615767245:9545.102910447778:32.32895127367466:24.18352690807046:19.743545843389626:1.1350104118005144,0.00018396430911208765
4,6,6,0:0:-3,3:0:0,3328,7,7.701301963907209e7:7.701301937710002e7:7.701301937709996e7:7.701290489770843e7:7.701290489770842e7:7.693472214705108e7:7.693472214705107e7:15761.923391735614:15760.602167083145:15760.602167082989:15617.505110339343:15617.505110338807:30.773341241779015:28.331128165767463:28.331128159220633:1.2033483689463709,0.0001723863707396276
4,6,6,1:0:-3,3:1:0,3120,7,9.15009547846082e7:7.044930911573839e7:6.201353183531312e7:5.8256700338980615e7:4.380153237652648e7:3.455173971303927e7:3.443869578802337e7:18372.29356110311:14587.698605883837:10051.535010383646:9965.096157672655:9545.102910448195:32.328951273650105:24.1835269081721:19.743545843244142:1.1350104119205886,0.00018396430911209064
4,6,6,2:0:-3,3:2:0,2912,7,5.66434487790931e7:5.183321516135704e7:2.8601990824865423e7:2.830571259199758e7:1.9438732390859187e7:6.547205651168718e6:6.489054061699323e6:12270.577928561715:10870.87876299143:6039.846892587793:3603.3006289640575:3337.36955130571:26.2081014398573:16.303493522432156:11.226704421950197:0.9784492754817754,0.00020318815152696196
4,6,6,3:0:-3,3:3:0,2128,7,2.9172514186044876e7:2.8151166929805588e7:1.1707343498560749e7:8.711873861208593e6:5.487044209211079e6:1.2407405378934848e6:1.1884627172339137e6:6553.161981239191:6423.9027064169395:3232.394317880301:1199.156502151602:1023.7584672924295:18.236452782850037:9.994181211130542:6.205088218956331:0.8082542949507825,0.00022674240598302968
4,6,6,4:0:-3,4:3:0,1344,8,1.3528166777335303e7:1.2902604118543351e7:3.714307689244666e6:2.577728034818266e6:1.7025005209031643e6:287435.69002866576:265448.83874653134:3471.4595097123347:3383.9490364312337:1490.100689265901:440.97060961095866:360.1377700895022:12.209102592842124:6.0952383923498195:3.558124662894497:0.6595924268654659,0.00026426199455158807
4,6,6,5:0:-3,5:3:0,672,8,5.858790592084463e6:5.664601204812932e6:1.258412656444185e6:835699.6483117122:559954.1637736737:81158.72058258051:73421.46719649153:1865.8932135825169:1752.9759105362307:682.8700086066817:183.2306971653476:147.46042889035465:8.303176095398756:3.834527699013239:2.1536205240375117:0.538574610752686,0.0003201920083520499
4,6,6,-5:1:-3,5:3:1,630,8,5.391115032830289e6:5.220969653312326e6:1.13778958433121e6:752094.0032262208:503466.9077233464:72292.66188884455:65318.33709134669:1756.7772708302755:1644.300809415075:633.8146227198281:169.01205030496934:135.95337592147152:8.006136135898851:3.6704592130582254:2.055249529730732:0.5279876209421382,0.0003267196446202384
4,6,6,-4:1:-3,4:3:1,1260,8,1.2223247009599885e7:1.1670786363754466e7:3.2313979740062477e6:2.230809742059776e6:1.4799735396846991e6:243531.23992697845:224135.54123356772:3212.962681826834:3119.4326462578724:1351.2066917716409:393.2437998175778:320.18303340996687:11.626204866737067:5.745566096800348:3.3348732808344366:0.6432332228719365,0.0002701469976097126
4,6,6,-3:1:-3,3:3:1,1995,7,2.6000590180658445e7:2.494052192957024e7:9.756252334034678e6:7.127321088939869e6:4.515606831680255e6:964589.006710857:917776.9949004913:5906.4677535263145:5815.288576518424:2867.7044963003173:1011.0416738273299:854.623821439777:17.09661165536144:9.213351820504228:5.650748873240233:0.7822856203195467,0.00023165217029943433
4,6,6,-2:1:-3,3:2:1,2730,7,4.837346574646701e7:4.634634965529139e7:2.437841481925549e7:2.1844395735900782e7:1.4300428246934311e7:4.357930383308143e6:4.294833089282083e6:10652.244927560907:9770.892863200783:5312.071525550811:2768.0799781774463:2510.56726363328:24.262043533299774:14.584639151660191:9.75039118720312:0.9374870457006385,0.00020805513751335448
4,6,6,-1:1:-3,3:1:1,2925,7,7.907111738185535e7:6.398360438963008e7:4.8229356272024795e7:4.025740698637967e7:3.710588754344832e7:1.798318074864475e7:1.7930880875349574e7:16394.997155923284:13327.176431104423:8041.963836413064:6773.886923929142:6549.7033682433075:30.486145729819718:20.956686863208787:15.797151542105532:1.0759667556333283,0.00019175177856623155
4,6,6,0:1:-3,3:1:0,3120,7,9.15009547846082e7:7.044930911573842e7:6.201353183531309e7:5.8256700338980585e7:4.3801532376526475e7:3.455173971303927e7:3.443869578802334e7:18372.29356110478:14587.69860588445:10051.535010383253:9965.096157673861:9545.102910449756:32.328951272627826:24.183526906814496:19.7435458435153:1.1350104109112873,0.00018396430911210435
4,6,6,1:1:-3,3:1:1,2925,7,7.907111738185534e7:6.398360438963007e7:4.8229356272024795e7:4.0257406986379676e7:3.7105887543448314e7:1.798318074864475e7:1.7930880875349574e7:16394.99715592347:13327.17643110367:8041.963836412391:6773.886923929714:6549.703368245214:30.486145731942273:20.956686862315713:15.797151540811797:1.0759667547236351,0.00019175177856623287
4,6,6,2:1:-3,3:2:1,2730,7,4.8373465746467e7:4.634634965529141e7:2.4378414819255486e7:2.1844395735900775e7:1.4300428246934308e7:4.357930383308144e6:4.294833089282095e6:10652.24492756096:9770.892863203599:5312.0715255517825:2768.079978177259:2510.567263634307:24.26204353381826:14.584639151608199:9.750391186854559:0.9374870462546844,0.00020805513751338372
4,6,6,3:1:-3,3:3:1,1995,7,2.6000590180658445e7:2.4940521929570235e7:9.756252334034683e6:7.127321088939869e6:4.515606831680243e6:964589.0067108576:917776.9949004914:5906.467753526332:5815.288576518605:2867.704496300164:1011.041673827254:854.6238214400378:17.096611655064354:9.213351820997412:5.650748873087425:0.7822856199750864,0.00023165217029943688
4,6,6,4:1:-3,4:3:1,1260,8,1.2223247009599883e7:1.1670786363754459e7:3.2313979740062463e6:2.230809742059776e6:1.4799735396847003e6:243531.239926978:224135.54123356752:3212.962681826826:3119.432646257921:1351.2066917714114:393.243799817501:320.18303341001325:11.626204866865665:5.745566097135794:3.334873280807317:0.6432332228017891,0.00027014699760971036
4,6,6,5:1:-3,5:3:1,630,8,5.391115032830287e6:5.2209696533123255e6:1.1377895843312095e6:752094.0032262205:503466.9077233467:72292.66188884457:65318.33709134679:1756.7772708302834:1644.3008094150907:633.8146227198306:169.012050304888:135.95337592147604:8.006136135861622:3.6704592131123888:2.05524952960033:0.527987621015993,0.00032671964462023995
4,6,6,-5:2:-3,5:3:2,588,9,4.243631595754175e6:4.129250325591807e6:855763.1637300217:558070.7090037774:371986.55419479:52205.60000913287:47026.92777955864:1478.3651808546233:1369.221617898079:512.8017853683283:134.60413017978667:108.20254441362252:7.220738140755869:3.2420803035569516:1.800685204156343:0.4986821463813391,0.0003465552634751625
4,6,6,-4:2:-3,4:3:2,1176,8,9.13546064462364e6:8.760132800214894e6:2.1961929783876315e6:1.493714671431586e6:999316.3927733704:154653.02983069562:141163.41919961237:2583.26509881971:2476.545863322091:1025.7150950862508:287.064741179706:232.21415707943018:10.140253057268787:4.873851747730323:2.787940915133522:0.5991387543697851,0.00028837275435284387
4,6,6,-3:2:-3,3:3:2,1862,8,1.8583954376405586e7:1.7706597941440754e7:5.848405233483557e6:4.1356967310460354e6:2.680885937561358e6:499057.5723328007:466787.5258533267:4453.966400437888:4383.919926240067:2037.3713949692365:644.681283665827:533.3671896805284:14.303524956914746:7.389079243964676:4.403798156374194:0.7149067570629088,0.00024731726565260575
4,6,6,-2:2:-3,3:2:2,2548,7,3.2762308778111443e7:3.1913527309373632e7:1.4103469724547897e7:1.076674220274158e7:6.762442501080901e6:1.628989621360881e6:1.5714704347878029e6:7315.706812990093:7114.086629638742:3651.694711192021:1440.7962525641985:1244.592751436426:19.505592725898524:10.891570928157213:6.8583585742722315:0.8363913439823953,0.00022197560323438919
4,6,6,-1:2:-3,3:2:1,2730,7,4.837346574646699e7:4.634634965529139e7:2.437841481925549e7:2.1844395735900767e7:1.4300428246934319e7:4.3579303833081415e6:4.294833089282087e6:10652.244927560982:9770.892863201803:5312.071525551083:2768.07997817755:2510.5672636331824:24.262043534138567:14.584639151709423:9.750391186474074:0.9374870467822151,0.00020805513751336467
4,6,6,0:2:-3,3:2:0,2912,7,5.664344877909308e7:5.183321516135704e7:2.8601990824865438e7:2.830571259199758e7:1.9438732390859187e7:6.547205651168714e6:6.489054061699323e6:12270.57792856129:10870.87876299099:6039.8468925876905:3603.3006289639366:3337.369551308492:26.208101439316817:16.30349352216713:11.22670442193124:0.978449275405851,0.00020318815152696085
4,6,6,1:2:-3,3:2:1,2730,7,4.837346574646699e7:4.634634965529141e7:2.4378414819255497e7:2.1844395735900767e7:1.4300428246934315e7:4.357930383308144e6:4.294833089282085e6:10652.244927561022:9770.892863201265:5312.071525552449:2768.07997817864:2510.5672636334393:24.262043534481794:14.584639151121612:9.750391186970434:0.937487045756392,0.00020805513751336968
4,6,6,2:2:-3,3:2:2,2548,7,3.276230877811145e7:3.1913527309373632e7:1.4103469724547891e7:1.0766742202741582e7:6.76244250108091e6:1.6289896213608815e6:1.5714704347878024e6:7315.706812990043:7114.086629638352:3651.694711192016:1440.7962525641378:1244.5927514362654:19.50559272587362:10.891570927755618:6.858358574320906:0.8363913438669812,0.00022197560323438284
4,6,6,3:2:-3,3:3:2,1862,8,1.8583954376405578e7:1.7706597941440757e7:5.848405233483557e6:4.1356967310460387e6:2.680885937561357e6:499057.57233279984:466787.52585332637:4453.966400437931:4383.919926240004:2037.3713949692487:644.6812836656554:533.3671896806238:14.303524957029815:7.389079244074538:4.403798156273106:0.7149067570484569,0.00024731726565260516
4,6,6,4:2:-3,4:3:2,1176,8,9.135460644623635e6:8.760132800214889e6:2.1961929783876315e6:1.4937146714315852e6:999316.3927733703:154653.02983069542:141163.41919961246:2583.265098819691:2476.54586332215:1025.7150950851646:287.0647411793443:232.21415707935898:10.140253057531002:4.873851747636611:2.7879409152591603:0.599138754246903,0.00028837275435282067
4,6,6,5:2:-3,5:3:2,588,9,4.243631595754173e6:4.1292503255918045e6:855763.1637300224:558070.7090037775:371986.55419478996:52205.60000913289:47026.92777955862:1478.365180854615:1369.221617898052:512.801785367958:134.6041301797562:108.20254441356134:7.220738140760807:3.242080303407717:1.800685204252441:0.49868214638547415,0.00034655526347514287
4,6,6,-5:3:-3,5:3:3,294,9,2.936887204361165e6:2.8783753923052135e6:558949.0599613829:356994.6017846379:235579.95662936775:32217.506529843253:28930.01418120537:1135.824042139389:1035.9538333594246:372.75493685529483:95.96618779297962:77.18971623261162:6.1859068859323605:2.6900342340201036:1.4775460882925056:0.45660866319597493,0.00038028724710001166
4,6,6,-4:3:-3,4:3:3,588,8,5.858790592084462e6:5.664601204812932e6:1.2584126564441847e6:835699.6483117121:559954.1637736739:81158.72058258057:73421.46719649145:1865.8932135825169:1752.975910536183:682.8700086067295:183.23069716537307:147.46042889034013:8.303176095400811:3.8345276990346857:2.1536205240673643:0.5385746107007486,0.0003201920083520477
4,6,6,-3:3:-3,3:3:3,1225,8,1.1068609809290534e7:1.0582110741165504e7:2.8267692698051874e6:1.9416067939092743e6:1.2927460885487753e6:207915.67166566473:190770.94295094183:2981.0132508895745:2882.2036304564203:1229.0214287504423:352.47754314305524:286.25600813500336:11.090372967428499:5.427993853969472:3.134037924960444:0.6277546039335059,0.0002761331673350231
4,6,6,-2:3:-3,3:3:2,1862,8,1.8583954376405567e7:1.7706597941440754e7:5.848405233483556e6:4.135696731046033e6:2.6808859375613583e6:499057.5723327999:466787.52585332625:4453.966400437928:4383.919926240051:2037.371394969361:644.6812836655095:533.367189680766:14.303524956769483:7.389079244188038:4.403798156629021:0.714906756907055,0.0002473172656526075
4,6,6,-1:3:-3,3:3:1,1995,7,2.6000590180658467e7:2.494052192957024e7:9.756252334034678e6:7.127321088939869e6:4.515606831680255e6:964589.006710858:917776.9949004921:5906.467753526346:5815.2885765184665:2867.704496300185:1011.0416738274506:854.6238214401019:17.096611654531156:9.213351820619236:5.6507488733515085:0.7822856203853022,0.00023165217029943555
4,6,6,0:3:-3,3:3:0,2128,7,2.9172514186044905e7:2.815116692980559e7:1.1707343498560749e7:8.711873861208595e6:5.4870442092110785e6:1.2407405378934848e6:1.1884627172339142e6:6553.161981239115:6423.90270641695:3232.394317880353:1199.1565021514002:1023.7584672923302:18.236452782595336:9.994181211275658:6.205088218878762:0.8082542950353208,0.0002267424059830282
4,6,6,1:3:-3,3:3:1,1995,7,2.6000590180658467e7:2.494052192957023e7:9.756252334034678e6:7.127321088939869e6:4.515606831680244e6:964589.0067108567:917776.9949004916:5906.467753526391:5815.288576518435:2867.704496300167:1011.041673827827:854.62382143988:17.09661165554429:9.213351820900847:5.650748872889913:0.782285620172203,0.0002316521702994363
4,6,6,2:3:-3,3:3:2,1862,8,1.8583954376405567e7:1.7706597941440757e7:5.848405233483558e6:4.135696731046036e6:2.6808859375613583e6:499057.57233279996:466787.52585332585:4453.966400437912:4383.919926240037:2037.3713949693135:644.6812836654748:533.3671896806142:14.30352495698424:7.389079244057796:4.403798156408916:0.714906757021642,0.00024731726565260564
4,6,6,3:3:-3,3:3:3,1225,8,1.1068609809290532e7:1.0582110741165502e7:2.826769269805188e6:1.9416067939092738e6:1.2927460885487744e6:207915.67166566497:190770.94295094183:2981.013250889561:2882.203630456507:1229.021428750264:352.4775431431045:286.25600813502143:11.090372967412668:5.4279938541547015:3.1340379249678834:0.627754604051921,0.00027613316733502325
4,6,6,4:3:-3,4:3:3,588,8,5.858790592084462e6:5.664601204812932e6:1.2584126564441847e6:835699.6483117121:559954.1637736739:81158.72058258057:73421.46719649145:1865.8932135825169:1752.975910536183:682.8700086067295:183.23069716537307:147.46042889034013:8.303176095400811:3.8345276990346857:2.1536205240673643:0.5385746107007486,0.0003201920083520477
4,6,6,5:3:-3,5:3:3,294,9,2.936887204361163e6:2.8783753923052107e6:558949.0599613828:356994.60178463795:235579.95662936787:32217.506529843173:28930.01418120534:1135.824042139387:1035.953833359409:372.7549368552396:95.96618779298028:77.18971623261363:6.185906885892481:2.690034233994294:1.477546088302881:0.45660866320384347,0.000380287247100006
4,6,6,-3:4:-3,4:3:3,588,8,5.858790592084461e6:5.664601204812934e6:1.2584126564441847e6:835699.6483117127:559954.1637736739:81158.72058258057:73421.46719649152:1865.893213582533:1752.9759105362114:682.8700086071027:183.23069716539155:147.46042889042815:8.303176095400099:3.8345276990234285:2.153620524087421:0.5385746107403878,0.0003201920083520636
4,6,6,-2:4:-3,4:3:2,1176,8,9.135460644623639e6:8.760132800214889e6:2.196192978387632e6:1.4937146714315847e6:999316.3927733698:154653.0298306958:141163.41919961252:2583.265098819718:2476.5458633221624:1025.715095085528:287.0647411796309:232.21415707936532:10.140253057502512:4.873851747670633:2.7879409152012102:0.5991387543628206,0.00028837275435283205
4,6,6,-1:4:-3,4:3:1,1260,8,1.2223247009599881e7:1.167078636375446e7:3.231397974006247e6:2.230809742059777e6:1.4799735396847003e6:243531.2399269781:224135.54123356758:3212.962681826851:3119.432646257941:1351.206691771624:393.243799817433:320.1830334099912:11.626204866822867:5.74556609693251:3.334873281024255:0.6432332225857558,0.0002701469976097151
4,6,6,0:4:-3,4:3:0,1344,8,1.3528166777335305e7:1.2902604118543357e7:3.714307689244665e6:2.5777280348182665e6:1.7025005209031662e6:287435.69002866576:265448.83874653134:3471.459509712329:3383.9490364312496:1490.100689265898:440.970609610967:360.1377700895091:12.209102592851321:6.09523839235457:3.558124662736699:0.6595924268666536,0.00026426199455158834
4,6,6,1:4:-3,4:3:1,1260,8,1.2223247009599876e7:1.1670786363754459e7:3.2313979740062463e6:2.2308097420597775e6:1.4799735396846996e6:243531.2399269778:224135.5412335675:3212.9626818268457:3119.4326462579315:1351.206691771421:393.2437998173506:320.18303340999074:11.62620486689085:5.745566096899008:3.334873280991835:0.6432332227333766,0.00027014699760971096
4,6,6,2:4:-3,4:3:2,1176,8,9.13546064462364e6:8.760132800214896e6:2.1961929783876315e6:1.4937146714315861e6:999316.3927733705:154653.02983069548:141163.41919961246:2583.2650988197047:2476.5458633221497:1025.715095085413:287.06474117961596:232.2141570792721:10.140253057456558:4.873851747637603:2.787940915343486:0.5991387542534495,0.00028837275435282766
4,6,6,3:4:-3,4:3:3,588,8,5.858790592084464e6:5.664601204812933e6:1.2584126564441847e6:835699.6483117125:559954.1637736739:81158.72058258057:73421.4671964915:1865.8932135825212:1752.9759105362239:682.8700086067032:183.23069716534076:147.46042889034578:8.303176095453546:3.834527698994014:2.153620523970153:0.5385746107805004,0.00032019200835205024
4,6,6,-3:5:-3,5:3:3,294,9,2.936887204361164e6:2.8783753923052116e6:558949.0599613826:356994.60178463795:235579.95662936787:32217.506529843216:28930.01418120538:1135.8240421393846:1035.9538333594069:372.75493685544967:95.96618779299249:77.18971623261965:6.1859068858197785:2.690034234002382:1.47754608830603:0.45660866319824994,0.00038028724710001725
4,6,6,-2:5:-3,5:3:2,588,9,4.2436315957541745e6:4.1292503255918077e6:855763.1637300221:558070.7090037774:371986.5541947896:52205.60000913285:47026.92777955869:1478.3651808546035:1369.2216178980557:512.8017853679827:134.60413017968472:108.20254441355925:7.220738140753369:3.242080303484821:1.8006852042355677:0.49868214637812946,0.00034655526347514184
4,6,6,-1:5:-3,5:3:1,630,8,5.391115032830289e6:5.220969653312322e6:1.1377895843312095e6:752094.0032262205:503466.90772334655:72292.6618888446:65318.33709134676:1756.7772708302737:1644.3008094150848:633.8146227199102:169.0120503049556:135.95337592150537:8.006136135788735:3.6704592130993965:2.0552495295595166:0.5279876210104667,0.000326719644620242
4,6,6,0:5:-3,5:3:0,672,8,5.858790592084461e6:5.664601204812934e6:1.2584126564441852e6:835699.648311712:559954.163773674:81158.72058258057:73421.46719649153:1865.8932135825264:1752.9759105362182:682.8700086066781:183.23069716536216:147.46042889035095:8.30317609540257:3.8345276990295347:2.153620524028669:0.5385746107521672,0.00032019200835204964
4,6,6,1:5:-3,5:3:1,630,8,5.39111503283029e6:5.220969653312329e6:1.1377895843312093e6:752094.0032262212:503466.9077233468:72292.66188884457:65318.33709134673:1756.7772708302846:1644.3008094150744:633.81462271985:169.01205030492036:135.95337592147624:8.00613613578899:3.6704592130934803:2.0552495296065993:0.5279876209864551,0.00032671964462023935
4,6,6,2:5:-3,5:3:2,588,9,4.2436315957541745e6:4.1292503255918054e6:855763.1637300221:558070.7090037765:371986.5541947898:52205.60000913288:47026.927779558646:1478.3651808546024:1369.2216178980943:512.801785367802:134.60413017981912:108.20254441355381:7.220738140786614:3.2420803034674353:1.8006852042706492:0.4986821464413926,0.0003465552634751401
4,6,6,3:5:-3,5:3:3,294,9,2.936887204361165e6:2.8783753923052116e6:558949.0599613829:356994.6017846378:235579.95662936787:32217.506529843195:28930.014181205355:1135.8240421393925:1035.9538333594382:372.75493685554187:95.96618779299104:77.18971623265534:6.185906885893589:2.6900342339941896:1.4775460883188285:0.4566086632051766,0.0003802872471000291
4,6,6,-3:-5:-2,5:3:2,588,8,5.776483072160833e6:5.699686404500289e6:901937.0263243833:522398.0359250146:318315.89374764374:41494.5282797513:37252.71019731637:1819.194862130206:1562.5384875875313:475.85268624772664:117.59376418305006:94.5803033827061:7.553372633792702:3.254179845093707:1.690408514567727:0.509060780993718,0.0002991592270751854
4,6,6,-2:-5:-2,5:2:2,1176,8,9.093812737443788e6:9.024178336887201e6:1.4644403869954662e6:862390.7443375025:533774.3990686028:69803.10212116851:62569.19498552622:2519.20046705137:2187.241024047876:683.2395671309285:169.9456991437087:136.11426436081717:9.089757169898814:4.0261574917293546:2.105794341260042:0.5608004874475817,0.0002638133836648931
4,6,6,-1:-5:-2,5:2:1,1260,8,1.2312832842805758e7:1.227012664602202e7:2.0308907295748882e6:1.2108622287183632e6:757864.2566937653:99438.21614788381:89063.72765262045:3132.484130521487:2741.470416829439:873.0566719307994:218.25906619379617:174.38185035123266:10.310573523526289:4.648434855294939:2.44339206711515:0.5976180733766593,0.0002427401127932035
4,6,6,0:-5:-2,5:2:0,1344,7,1.3703870569083808e7:1.3677794429981146e7:2.2812323571511316e6:1.366434608426001e6:858705.2587712995:112836.31938522913:101043.09987020055:3383.421246360765:2969.9103081258245:952.74075945003:238.64770396481774:190.52137693488936:10.784930231891899:4.8921598929696:2.5762646823773343:0.6110892628199369,0.00023574312860391786
4,6,6,1:-5:-2,5:2:1,1260,8,1.231283284280577e7:1.2270126646022031e7:2.0308907295748885e6:1.2108622287183634e6:757864.2566937654:99438.21614788394:89063.72765262041:3132.484130521492:2741.4704168294143:873.0566719306827:218.25906619380441:174.3818503512329:10.310573523510932:4.648434855308621:2.4433920670907483:0.5976180733265749,0.0002427401127932013
4,6,6,2:-5:-2,5:2:2,1176,8,9.093812737443786e6:9.024178336887194e6:1.4644403869954653e6:862390.7443375028:533774.3990686032:69803.10212116847:62569.19498552623:2519.200467051371:2187.241024047894:683.2395671309329:169.94569914369322:136.11426436080868:9.089757169943102:4.026157491748451:2.1057943413687186:0.5608004874127435,0.0002638133836648942
4,6,6,3:-5:-2,5:3:2,588,8,5.776483072160832e6:5.699686404500288e6:901937.0263243833:522398.035925014:318315.89374764374:41494.5282797513:37252.71019731638:1819.1948621302017:1562.5384875875743:475.85268624772857:117.59376418306012:94.58030338271361:7.553372633785285:3.254179845087542:1.69040851456668:0.509060781004476,0.0002991592270751885
4,6,6,-3:-4:-2,4:3:2,1176,7,1.3703870569083812e7:1.367779442998115e7:2.2812323571511316e6:1.3664346084260012e6:858705.2587712992:112836.31938522923:101043.09987020065:3383.421246360773:2969.910308125838:952.7407594501179:238.647703964933:190.5213769348984:10.784930231874435:4.892159892958329:2.576264682513038:0.6110892628248151,0.00023574312860391979
4,6,6,-2:-4:-2,4:2:2,2352,7,2.4890647140761252e7:2.4703896386077493e7:4.3631611118580615e6:2.6875348870661994e6:1.7279650115439151e6:229846.35704535397:205770.21144176184:5177.387347289091:4627.425659381574:1553.246120277452:394.21811335792023:313.63342147467296:13.87923112957457:6.506178584496348:3.4650000616279373:0.6900703699700472,0.00020102639143608465
4,6,6,-1:-4:-2,4:2:1,2520,7,3.763854294409071e7:3.708515207726696e7:6.896104521105679e6:4.340119031354788e6:2.8339066877938164e6:382381.764042731:342677.742664571:6951.868493080985:6302.583926192907:2194.9650693276717:564.0292479867434:448.17808006396854:16.596185230067704:7.9550176798824666:4.275311329781555:0.7498717642013812,0.00018049216295636396
4,6,6,0:-4:-2,4:2:0,2688,7,4.3683837803411886e7:4.292282458092775e7:8.153396336653778e6:5.173207041711889e6:3.3955374583415817e6:461319.0818274743:413705.7183504249:7732.454771279991:7049.00467746686:2490.860614820859:643.5274046440662:511.27704579844755:17.717816267197843:8.561191309137786:4.617737371969694:0.7726115272445332,0.0001737176482772723
4,6,6,1:-4:-2,4:2:1,2520,7,3.763854294409069e7:3.7085152077266954e7:6.896104521105677e6:4.340119031354783e6:2.8339066877938174e6:382381.7640427312:342677.7426645707:6951.868493080937:6302.583926192992:2194.9650693275357:564.0292479866238:448.1780800637265:16.59618522995231:7.955017679882861:4.275311329258841:0.7498717637662834,0.00018049216295636344
4,6,6,2:-4:-2,4:2:2,2352,7,2.489064714076126e7:2.4703896386077493e7:4.363161111858062e6:2.687534887066199e6:1.7279650115439156e6:229846.35704535394:205770.2114417618:5177.387347289108:4627.425659381685:1553.246120278104:394.2181133580382:313.63342147479887:13.87923112950664:6.50617858451516:3.4650000616500574:0.6900703699385017,0.00020102639143609137
4,6,6,3:-4:-2,4:3:2,1176,7,1.3703870569083806e7:1.3677794429981144e7:2.2812323571511316e6:1.3664346084260007e6:858705.2587712987:112836.31938522909:101043.09987020076:3383.4212463607596:2969.910308125797:952.7407594500345:238.6477039649029:190.52137693490684:10.784930231892575:4.892159892945434:2.5762646824377917:0.6110892629005579,0.00023574312860391713
4,6,6,-5:-3:-2,5:3:2,588,8,5.776483072160833e6:5.699686404500289e6:901937.0263243832:522398.0359250146:318315.8937476436:41494.52827975125:37252.710197316366:1819.1948621301894:1562.5384875875511:475.8526862478756:117.59376418305374:94.58030338272401:7.553372633758174:3.2541798450709245:1.6904085145519538:0.5090607810009702,0.00029915922707518907
4,6,6,-4:-3:-2,4:3:2,1176,7,1.3703870569083802e7:1.3677794429981144e7:2.281232357151132e6:1.3664346084260007e6:858705.2587712992:112836.31938522909:101043.09987020076:3383.421246360742:2969.9103081258118:952.740759449838:238.64770396496243:190.5213769348528:10.78493023194367:4.892159892955674:2.5762646825049265:0.6110892627948623,0.00023574312860391493
4,6,6,-3:-3:-2,3:3:2,1862,7,3.2619113404051475e7:3.2222785044517975e7:5.879121126177459e6:3.6719509071635352e6:2.3851306053139977e6:320010.5259261053:286641.42384654813:6277.039876054561:5661.804873758279:1945.7112229942559:497.64575890657244:395.54705490156505:15.593348121006928:7.416977755181963:3.9730447256001566:0.7286393617942689,0.00018730491060294085
4,6,6,-2:-3:-2,3:2:2,2548,7,7.105760048798908e7:6.916546472188611e7:1.4269231431445332e7:9.304001510217823e6:6.1947702848149175e6:868543.626666182:781899.8535977439:10962.867408316935:10189.56041274493:3795.2997559243486:1002.833397527746:797.6006890024099:22.028814754126696:10.932844955978416:5.976300902322259:0.8519849035054032,0.00015369095846594658
4,6,6,-1:-3:-2,3:2:1,2730,7,1.2414002680544154e8:1.1952427035777384e8:2.8025945479330298e7:1.884829230225602e7:1.263220020819282e7:1.8842836006796174e6:1.71067622596211e6:16439.597179626388:15657.156303648695:6263.113173754103:1722.1042729731691:1377.0868538538734:28.545088778367603:14.64003073826738:8.15880101235891:0.9546318406883068,0.0001343361652125049
4,6,6,0:-3:-2,3:2:0,2912,7,1.5236262336254779e8:1.461578622985213e8:3.635609618524897e7:2.471551566703469e7:1.653378521914477e7:2.5490841983793555e6:2.3247627515100366e6:19120.123111489447:18377.616780553202:7570.954655653278:2124.8797976051205:1705.354480508673:31.493270645268492:16.365459045326336:9.198890825520307:0.9962242620785928,0.00012811521392047128
4,6,6,1:-3:-2,3:2:1,2730,7,1.2414002680544145e8:1.1952427035777386e8:2.8025945479330294e7:1.8848292302256007e7:1.263220020819282e7:1.8842836006796216e6:1.7106762259621092e6:16439.59717962641:15657.156303648355:6263.113173754904:1722.104272973509:1377.0868538549553:28.545088780062603:14.640030738005745:8.15880101388048:0.954631839562818,0.00013433616521250547
4,6,6,2:-3:-2,3:2:2,2548,7,7.105760048798904e7:6.916546472188611e7:1.4269231431445336e7:9.30400151021783e6:6.194770284814922e6:868543.6266661828:781899.8535977438:10962.867408316955:10189.56041274521:3795.2997559237483:1002.8333975280217:797.6006890026538:22.028814754520017:10.93284495599514:5.976300903241006:0.851984903351945,0.00015369095846594745
4,6,6,3:-3:-2,3:3:2,1862,7,3.2619113404051438e7:3.2222785044517968e7:5.879121126177461e6:3.6719509071635315e6:2.385130605313996e6:320010.52592610545:286641.4238465482:6277.039876054582:5661.804873758578:1945.7112229944123:497.6457589066284:395.5470549014582:15.593348120854786:7.416977755460834:3.9730447258143786:0.7286393618367096,0.0001873049106029462
4,6,6,4:-3:-2,4:3:2,1176,7,1.3703870569083802e7:1.3677794429981144e7:2.281232357151132e6:1.3664346084260007e6:858705.2587712992:112836.31938522909:101043.09987020076:3383.421246360742:2969.9103081258118:952.740759449838:238.64770396496243:190.5213769348528:10.78493023194367:4.892159892955674:2.5762646825049265:0.6110892627948623,0.00023574312860391493
4,6,6,5:-3:-2,5:3:2,588,8,5.77648307216083e6:5.699686404500291e6:901937.0263243832:522398.0359250142:318315.8937476434:41494.52827975123:37252.71019731639:1819.1948621301954:1562.5384875875623:475.8526862476994:117.59376418301181:94.58030338271297:7.553372633782674:3.254179845096506:1.690408514551281:0.5090607810046973,0.00029915922707518603
4,6,6,-5:-2:-2,5:2:2,1176,8,9.093812737443784e6:9.024178336887203e6:1.464440386995466e6:862390.7443375023:533774.3990686027:69803.10212116849:62569.194985526214:2519.2004670513543:2187.2410240478725:683.2395671309239:169.94569914364965:136.11426436080947:9.08975716984877:4.02615749172175:2.1057943413300406:0.5608004874795224,0.0002638133836648917
4,6,6,-4:-2:-2,4:2:2,2352,7,2.4890647140761267e7:2.470389638607751e7:4.363161111858063e6:2.687534887066201e6:1.7279650115439142e6:229846.357045354:205770.21144176208:5177.387347289102:4627.425659381625:1553.246120277349:394.2181133580189:313.6334214746578:13.879231129707748:6.506178584706442:3.4650000619155263:0.690070369847492,0.00020102639143608522
4,6,6,-3:-2:-2,3:2:2,2548,7,7.10576004879891e7:6.916546472188613e7:1.4269231431445338e7:9.304001510217834e6:6.194770284814921e6:868543.6266661802:781899.8535977443:10962.86740831695:10189.560412745433:3795.2997559242017:1002.8333975283472:797.6006890029361:22.028814754505998:10.932844955635813:5.976300902153742:0.8519849037458123,0.00015369095846595024
4,6,6,-2:-2:-2,2:2:2,2744,7,1.8898028071927065e8:1.8067141094991472e8:4.823598458367803e7:3.315395062320071e7:2.2064495657332987e7:3.5501416204916635e6:3.256618510750654e6:22458.306679532205:21788.84656582588:9276.418488640318:2673.792008080735:2156.9657780056655:35.00037046403539:18.457825656418997:10.480942899984093:1.042735802756542,0.00012205643559405921
4,6,6,-1:-2:-2,2:2:1,2940,7,3.852311820569632e8:3.679314730328168e8:1.336327468895052e8:9.606220288823886e7:6.140671875569946e7:1.2321667910337446e7:1.1632503270485053e7:39418.73470533326:38983.742554107324:18730.62311528884:6294.4110346771095:5244.175517111748:50.763789552499226:28.43912781204946:16.919460584189114:1.2246054483763638,0.00010529496411369808
4,6,6,0:-2:-2,2:2:0,3136,7,4.981335560532896e8:4.806996302290961e8:1.9987587671503454e8:1.487809340337971e8:9.366710923476365e7:2.1189222945210256e7:2.0294797213363655e7:49455.490246801426:48592.36323596278:24431.07121714993:9098.31232709916:7741.963379378062:58.799152970847175:33.94331756128218:20.71225512716772:1.3062858892289442,0.00010033854308544082
4,6,6,1:-2:-2,2:2:1,2940,7,3.852311820569633e8:3.67931473032817e8:1.336327468895052e8:9.606220288823892e7:6.140671875569946e7:1.232166791033744e7:1.163250327048505e7:39418.734705332936:38983.742554106364:18730.62311528565:6294.411034682921:5244.175517105757:50.76378955323707:28.439127809821066:16.91946058702939:1.2246054469293963,0.00010529496411369487
4,6,6,2:-2:-2,2:2:2,2744,7,1.8898028071927068e8:1.8067141094991475e8:4.823598458367803e7:3.315395062320071e7:2.2064495657332983e7:3.5501416204916653e6:3.256618510750653e6:22458.306679532034:21788.846565825526:9276.418488628788:2673.7920080781546:2156.965778003838:35.00037046847652:18.457825657324026:10.480942893203514:1.0427358032181278,0.00012205643559404454
4,6,6,3:-2:-2,3:2:2,2548,7,7.105760048798908e7:6.916546472188611e7:1.4269231431445334e7:9.304001510217836e6:6.194770284814923e6:868543.6266661815:781899.8535977436:10962.867408316903:10189.560412745004:3795.2997559254895:1002.8333975281776:797.6006890029112:22.028814754040493:10.932844955877856:5.976300902857741:0.8519849033578004,0.00015369095846595016
4,6,6,4:-2:-2,4:2:2,2352,7,2.4890647140761256e7:2.4703896386077486e7:4.363161111858062e6:2.687534887066199e6:1.7279650115439158e6:229846.35704535386:205770.21144176176:5177.387347289128:4627.425659381715:1553.2461202774132:394.21811335797827:313.63342147470377:13.879231129793897:6.506178584496972:3.4650000617093553:0.6900703699193206,0.00020102639143608793
4,6,6,5:-2:-2,5:2:2,1176,8,9.093812737443786e6:9.024178336887194e6:1.4644403869954657e6:862390.7443375023:533774.3990686026:69803.10212116847:62569.19498552622:2519.2004670513506:2187.241024047874:683.2395671309188:169.94569914370027:136.1142643608117:9.08975716986284:4.026157491726644:2.105794341403767:0.5608004873981183,0.0002638133836648918
4,6,6,-5:-1:-2,5:2:1,1260,8,1.2312832842805771e7:1.2270126646022027e7:2.030890729574888e6:1.2108622287183632e6:757864.2566937653:99438.21614788393:89063.72765262038:3132.484130521488:2741.4704168294566:873.0566719323388:218.25906619395303:174.38185035140845:10.310573523602674:4.648434855179037:2.4433920669984732:0.5976180733532015,0.00024274011279322287
4,6,6,-4:-1:-2,4:2:1,2520,7,3.7638542944090724e7:3.708515207726696e7:6.896104521105678e6:4.340119031354787e6:2.833906687793817e6:382381.76404273097:342677.7426645707:6951.8684930809495:6302.583926192961:2194.965069327394:564.0292479868098:448.1780800638826:16.59618522969056:7.955017679644999:4.275311330029996:0.7498717639854423,0.00018049216295636287
4,6,6,-3:-1:-2,3:2:1,2730,7,1.2414002680544157e8:1.1952427035777383e8:2.8025945479330294e7:1.884829230225601e7:1.2632200208192816e7:1.884283600679621e6:1.71067622596211e6:16439.59717962635:15657.156303648786:6263.113173753683:1722.1042729740113:1377.0868538551247:28.54508878111321:14.640030734640975:8.15880101270652:0.9546318391570717,0.00013433616521250523
4,6,6,-2:-1:-2,2:2:1,2940,7,3.852311820569634e8:3.67931473032817e8:1.3363274688950528e8:9.606220288823894e7:6.1406718755699456e7:1.2321667910337448e7:1.1632503270485071e7:39418.7347053328:38983.742554103315:18730.623115280796:6294.411034682288:5244.175517108799:50.76378955378672:28.439127812652103:16.919460586825856:1.2246054458190685,0.00010529496411368873
4,6,6,2:-1:-2,2:2:1,2940,7,3.852311820569633e8:3.67931473032817e8:1.3363274688950516e8:9.606220288823889e7:6.140671875569945e7:1.2321667910337444e7:1.1632503270485053e7:39418.734705332354:38983.74255409995:18730.62311527918:6294.411034684936:5244.175517106585:50.76378955598374:28.439127811306403:16.91946058621309:1.224605445562778,0.00010529496411368349
4,6,6,3:-1:-2,3:2:1,2730,7,1.241400268054415e8:1.1952427035777381e8:2.8025945479330298e7:1.884829230225601e7:1.2632200208192816e7:1.8842836006796206e6:1.7106762259621094e6:16439.59717962628:15657.156303648062:6263.113173754694:1722.1042729739504:1377.0868538549391:28.545088779391264:14.64003073732694:8.158801012587181:0.9546318422171142,0.00013433616521250368
4,6,6,4:-1:-2,4:2:1,2520,7,3.763854294409069e7:3.708515207726697e7:6.896104521105678e6:4.340119031354785e6:2.833906687793816e6:382381.7640427309:342677.7426645712:6951.868493080935:6302.583926193032:2194.965069327661:564.0292479867529:448.17808006396797:16.59618522965862:7.955017678801434:4.275311329498742:0.7498717642616626,0.00018049216295636474
4,6,6,5:-1:-2,5:2:1,1260,8,1.2312832842805766e7:1.227012664602202e7:2.0308907295748878e6:1.2108622287183637e6:757864.256693765:99438.21614788381:89063.72765262038:3132.4841305214813:2741.4704168294293:873.0566719308041:218.25906619386876:174.38185035123948:10.310573523738201:4.6484348551852115:2.4433920670830274:0.5976180733292362,0.0002427401127932032
4,6,6,-5:0:-2,5:2:0,1344,7,1.3703870569083804e7:1.3677794429981142e7:2.281232357151131e6:1.3664346084260012e6:858705.2587712996:112836.31938522916:101043.0998702006:3383.421246360766:2969.910308125822:952.7407594501676:238.64770396498201:190.52137693486782:10.784930231859915:4.892159892954292:2.5762646824758604:0.6110892628302719,0.00023574312860391973
4,6,6,-4:0:-2,4:2:0,2688,7,4.3683837803411886e7:4.292282458092775e7:8.153396336653781e6:5.173207041711889e6:3.3955374583415803e6:461319.0818274744:413705.718350425:7732.454771279973:7049.00467746685:2490.860614822754:643.5274046444354:511.2770457976406:17.717816267260012:8.561191308961373:4.6177373719718275:0.772611527289119,0.00017371764827727877
4,6,6,-3:0:-2,3:2:0,2912,7,1.5236262336254784e8:1.4615786229852128e8:3.635609618524898e7:2.4715515667034697e7:1.6533785219144767e7:2.549084198379355e6:2.3247627515100376e6:19120.12311148943:18377.61678055377:7570.954655653408:2124.879797606222:1705.3544805086808:31.49327064592557:16.365459045960588:9.198890825803705:0.9962242621720527,0.0001281152139204735
4,6,6,-2:0:-2,2:2:0,3136,7,4.981335560532896e8:4.8069963022909606e8:1.998758767150346e8:1.487809340337971e8:9.366710923476373e7:2.1189222945210252e7:2.0294797213363655e7:49455.49024680178:48592.36323596262:24431.071217150264:9098.312327094385:7741.963379377474:58.79915297403018:33.94331756105687:20.712255126076144:1.3062858902527972,0.0001003385430854403
4,6,6,2:0:-2,2:2:0,3136,7,4.981335560532898e8:4.806996302290959e8:1.9987587671503466e8:1.4878093403379706e8:9.36671092347637e7:2.118922294521025e7:2.029479721336365e7:49455.49024680266:48592.36323596056:24431.071217151053:9098.312327091746:7741.963379378438:58.79915297359527:33.943317561184955:20.7122551262282:1.3062858900344234,0.00010033854308543933
4,6,6,3:0:-2,3:2:0,2912,7,1.523626233625478e8:1.4615786229852128e8:3.635609618524896e7:2.4715515667034697e7:1.6533785219144762e7:2.5490841983793536e6:2.3247627515100376e6:19120.12311148947:18377.616780552853:7570.954655653132:2124.8797976054802:1705.354480508573:31.493270645864445:16.365459044386558:9.198890825777223:0.9962242621516954,0.0001281152139204702
4,6,6,4:0:-2,4:2:0,2688,7,4.3683837803411864e7:4.292282458092776e7:8.153396336653779e6:5.17320704171189e6:3.3955374583415817e6:461319.08182747464:413705.7183504249:7732.454771279935:7049.00467746685:2490.86061481949:643.527404644064:511.27704579880344:17.71781626724241:8.561191309241309:4.617737371969838:0.772611527282455,0.00017371764827726677
4,6,6,5:0:-2,5:2:0,1344,7,1.3703870569083804e7:1.3677794429981133e7:2.2812323571511307e6:1.3664346084260016e6:858705.2587713001:112836.31938522913:101043.0998702006:3383.421246360766:2969.910308125862:952.7407594498798:238.6477039649032:190.52137693491608:10.78493023185912:4.892159892985798:2.576264682474181:0.611089262832588,0.00023574312860391794
4,6,6,-5:1:-2,5:2:1,1260,8,1.2312832842805771e7:1.2270126646022027e7:2.030890729574888e6:1.2108622287183632e6:757864.2566937653:99438.21614788393:89063.72765262038:3132.484130521488:2741.4704168294566:873.0566719323388:218.25906619395303:174.38185035140845:10.310573523602674:4.648434855179037:2.4433920669984732:0.5976180733532015,0.00024274011279322287
4,6,6,-4:1:-2,4:2:1,2520,7,3.7638542944090724e7:3.708515207726696e7:6.896104521105678e6:4.340119031354787e6:2.833906687793817e6:382381.76404273097:342677.7426645707:6951.8684930809495:6302.583926192961:2194.965069327394:564.0292479868098:448.1780800638826:16.59618522969056:7.955017679644999:4.275311330029996:0.7498717639854423,0.00018049216295636287
4,6,6,-3:1:-2,3:2:1,2730,7,1.2414002680544157e8:1.1952427035777383e8:2.8025945479330294e7:1.884829230225601e7:1.2632200208192816e7:1.884283600679621e6:1.71067622596211e6:16439.59717962635:15657.156303648786:6263.113173753683:1722.1042729740113:1377.0868538551247:28.54508878111321:14.640030734640975:8.15880101270652:0.9546318391570717,0.00013433616521250523
4,6,6,-2:1:-2,2:2:1,2940,7,3.852311820569634e8:3.67931473032817e8:1.3363274688950528e8:9.606220288823894e7:6.1406718755699456e7:1.2321667910337448e7:1.1632503270485071e7:39418.7347053328:38983.742554103315:18730.623115280796:6294.411034682288:5244.175517108799:50.76378955378672:28.439127812652103:16.919460586825856:1.2246054458190685,0.00010529496411368873
4,6,6,2:1:-2,2:2:1,2940,7,3.852311820569633e8:3.67931473032817e8:1.3363274688950516e8:9.606220288823889e7:6.140671875569945e7:1.2321667910337444e7:1.1632503270485053e7:39418.734705332354:38983.74255409995:18730.62311527918:6294.411034684936:5244.175517106585:50.76378955598374:28.439127811306403:16.91946058621309:1.224605445562778,0.00010529496411368349
4,6,6,3:1:-2,3:2:1,2730,7,1.241400268054415e8:1.1952427035777381e8:2.8025945479330298e7:1.884829230225601e7:1.2632200208192816e7:1.8842836006796206e6:1.7106762259621094e6:16439.59717962628:15657.156303648062:6263.113173754694:1722.1042729739504:1377.0868538549391:28.545088779391264:14.64003073732694:8.158801012587181:0.9546318422171142,0.00013433616521250368
4,6,6,4:1:-2,4:2:1,2520,7,3.763854294409069e7:3.708515207726697e7:6.896104521105678e6:4.340119031354785e6:2.833906687793816e6:382381.7640427309:342677.7426645712:6951.868493080935:6302.583926193032:2194.965069327661:564.0292479867529:448.17808006396797:16.59618522965862:7.955017678801434:4.275311329498742:0.7498717642616626,0.00018049216295636474
4,6,6,5:1:-2,5:2:1,1260,8,1.2312832842805766e7:1.227012664602202e7:2.0308907295748878e6:1.2108622287183637e6:757864.256693765:99438.21614788381:89063.72765262038:3132.4841305214813:2741.4704168294293:873.0566719308041:218.25906619386876:174.38185035123948:10.310573523738201:4.6484348551852115:2.4433920670830274:0.5976180733292362,0.0002427401127932032
4,6,6,-5:2:-2,5:2:2,1176,8,9.093812737443784e6:9.024178336887203e6:1.464440386995466e6:862390.7443375023:533774.3990686027:69803.10212116849:62569.194985526214:2519.2004670513543:2187.2410240478725:683.2395671309239:169.94569914364965:136.11426436080947:9.08975716984877:4.02615749172175:2.1057943413300406:0.5608004874795224,0.0002638133836648917
4,6,6,-4:2:-2,4:2:2,2352,7,2.4890647140761267e7:2.470389638607751e7:4.363161111858063e6:2.687534887066201e6:1.7279650115439142e6:229846.357045354:205770.21144176208:5177.387347289102:4627.425659381625:1553.246120277349:394.2181133580189:313.6334214746578:13.879231129707748:6.506178584706442:3.4650000619155263:0.690070369847492,0.00020102639143608522
4,6,6,-3:2:-2,3:2:2,2548,7,7.10576004879891e7:6.916546472188613e7:1.4269231431445338e7:9.304001510217834e6:6.194770284814921e6:868543.6266661802:781899.8535977443:10962.86740831695:10189.560412745433:3795.2997559242017:1002.8333975283472:797.6006890029361:22.028814754505998:10.932844955635813:5.976300902153742:0.8519849037458123,0.00015369095846595024
4,6,6,-2:2:-2,2:2:2,2744,7,1.8898028071927065e8:1.8067141094991472e8:4.823598458367803e7:3.315395062320071e7:2.2064495657332987e7:3.5501416204916635e6:3.256618510750654e6:22458.306679532205:21788.84656582588:9276.418488640318:2673.792008080735:2156.9657780056655:35.00037046403539:18.457825656418997:10.480942899984093:1.042735802756542,0.00012205643559405921
4,6,6,-1:2:-2,2:2:1,2940,7,3.852311820569632e8:3.679314730328168e8:1.336327468895052e8:9.606220288823886e7:6.140671875569946e7:1.2321667910337446e7:1.1632503270485053e7:39418.73470533326:38983.742554107324:18730.62311528884:6294.4110346771095:5244.175517111748:50.763789552499226:28.43912781204946:16.919460584189114:1.2246054483763638,0.00010529496411369808
4,6,6,0:2:-2,2:2:0,3136,7,4.981335560532896e8:4.806996302290961e8:1.9987587671503454e8:1.487809340337971e8:9.366710923476365e7:2.1189222945210256e7:2.0294797213363655e7:49455.490246801426:48592.36323596278:24431.07121714993:9098.31232709916:7741.963379378062:58.799152970847175:33.94331756128218:20.71225512716772:1.3062858892289442,0.00010033854308544082
4,6,6,1:2:-2,2:2:1,2940,7,3.852311820569633e8:3.67931473032817e8:1.336327468895052e8:9.606220288823892e7:6.140671875569946e7:1.232166791033744e7:1.163250327048505e7:39418.734705332936:38983.742554106364:18730.62311528565:6294.411034682921:5244.175517105757:50.76378955323707:28.439127809821066:16.91946058702939:1.2246054469293963,0.00010529496411369487
4,6,6,2:2:-2,2:2:2,2744,7,1.8898028071927068e8:1.8067141094991475e8:4.823598458367803e7:3.315395062320071e7:2.2064495657332983e7:3.5501416204916653e6:3.256618510750653e6:22458.306679532034:21788.846565825526:9276.418488628788:2673.7920080781546:2156.965778003838:35.00037046847652:18.457825657324026:10.480942893203514:1.0427358032181278,0.00012205643559404454
4,6,6,3:2:-2,3:2:2,2548,7,7.105760048798908e7:6.916546472188611e7:1.4269231431445334e7:9.304001510217836e6:6.194770284814923e6:868543.6266661815:781899.8535977436:10962.867408316903:10189.560412745004:3795.2997559254895:1002.8333975281776:797.6006890029112:22.028814754040493:10.932844955877856:5.976300902857741:0.8519849033578004,0.00015369095846595016
4,6,6,4:2:-2,4:2:2,2352,7,2.4890647140761256e7:2.4703896386077486e7:4.363161111858062e6:2.687534887066199e6:1.7279650115439158e6:229846.35704535386:205770.21144176176:5177.387347289128:4627.425659381715:1553.2461202774132:394.21811335797827:313.63342147470377:13.879231129793897:6.506178584496972:3.4650000617093553:0.6900703699193206,0.00020102639143608793
4,6,6,5:2:-2,5:2:2,1176,8,9.093812737443786e6:9.024178336887194e6:1.4644403869954657e6:862390.7443375023:533774.3990686026:69803.10212116847:62569.19498552622:2519.2004670513506:2187.241024047874:683.2395671309188:169.94569914370027:136.1142643608117:9.08975716986284:4.026157491726644:2.105794341403767:0.5608004873981183,0.0002638133836648918
4,6,6,-5:3:-2,5:3:2,588,8,5.776483072160833e6:5.699686404500289e6:901937.0263243832:522398.0359250146:318315.8937476436:41494.52827975125:37252.710197316366:1819.1948621301894:1562.5384875875511:475.8526862478756:117.59376418305374:94.58030338272401:7.553372633758174:3.2541798450709245:1.6904085145519538:0.5090607810009702,0.00029915922707518907
4,6,6,-4:3:-2,4:3:2,1176,7,1.3703870569083802e7:1.3677794429981144e7:2.281232357151132e6:1.3664346084260007e6:858705.2587712992:112836.31938522909:101043.09987020076:3383.421246360742:2969.9103081258118:952.740759449838:238.64770396496243:190.5213769348528:10.78493023194367:4.892159892955674:2.5762646825049265:0.6110892627948623,0.00023574312860391493
4,6,6,-3:3:-2,3:3:2,1862,7,3.2619113404051475e7:3.2222785044517975e7:5.879121126177459e6:3.6719509071635352e6:2.3851306053139977e6:320010.5259261053:286641.42384654813:6277.039876054561:5661.804873758279:1945.7112229942559:497.64575890657244:395.54705490156505:15.593348121006928:7.416977755181963:3.9730447256001566:0.7286393617942689,0.00018730491060294085
4,6,6,-2:3:-2,3:2:2,2548,7,7.105760048798908e7:6.916546472188611e7:1.4269231431445332e7:9.304001510217823e6:6.1947702848149175e6:868543.626666182:781899.8535977439:10962.867408316935:10189.56041274493:3795.2997559243486:1002.833397527746:797.6006890024099:22.028814754126696:10.932844955978416:5.976300902322259:0.8519849035054032,0.00015369095846594658
4,6,6,-1:3:-2,3:2:1,2730,7,1.2414002680544154e8:1.1952427035777384e8:2.8025945479330298e7:1.884829230225602e7:1.263220020819282e7:1.8842836006796174e6:1.71067622596211e6:16439.597179626388:15657.156303648695:6263.113173754103:1722.1042729731691:1377.0868538538734:28.545088778367603:14.64003073826738:8.15880101235891:0.9546318406883068,0.0001343361652125049
4,6,6,0:3:-2,3:2:0,2912,7,1.5236262336254779e8:1.461578622985213e8:3.635609618524897e7:2.471551566703469e7:1.653378521914477e7:2.5490841983793555e6:2.3247627515100366e6:19120.123111489447:18377.616780553202:7570.954655653278:2124.8797976051205:1705.354480508673:31.493270645268492:16.365459045326336:9.198890825520307:0.9962242620785928,0.00012811521392047128
4,6,6,1:3:-2,3:2:1,2730,7,1.2414002680544145e8:1.1952427035777386e8:2.8025945479330294e7:1.8848292302256007e7:1.263220020819282e7:1.8842836006796216e6:1.7106762259621092e6:16439.59717962641:15657.156303648355:6263.113173754904:1722.104272973509:1377.0868538549553:28.545088780062603:14.640030738005745:8.15880101388048:0.954631839562818,0.00013433616521250547
4,6,6,2:3:-2,3:2:2,2548,7,7.105760048798904e7:6.916546472188611e7:1.4269231431445336e7:9.30400151021783e6:6.194770284814922e6:868543.6266661828:781899.8535977438:10962.867408316955:10189.56041274521:3795.2997559237483:1002.8333975280217:797.6006890026538:22.028814754520017:10.93284495599514:5.976300903241006:0.851984903351945,0.00015369095846594745
4,6,6,3:3:-2,3:3:2,1862,7,3.2619113404051438e7:3.2222785044517968e7:5.879121126177461e6:3.6719509071635315e6:2.385130605313996e6:320010.52592610545:286641.4238465482:6277.039876054582:5661.804873758578:1945.7112229944123:497.6457589066284:395.5470549014582:15.593348120854786:7.416977755460834:3.9730447258143786:0.7286393618367096,0.0001873049106029462
4,6,6,4:3:-2,4:3:2,1176,7,1.3703870569083802e7:1.3677794429981144e7:2.281232357151132e6:1.3664346084260007e6:858705.2587712992:112836.31938522909:101043.09987020076:3383.421246360742:2969.9103081258118:952.740759449838:238.64770396496243:190.5213769348528:10.78493023194367:4.892159892955674:2.5762646825049265:0.6110892627948623,0.00023574312860391493
4,6,6,5:3:-2,5:3:2,588,8,5.77648307216083e6:5.699686404500291e6:901937.0263243832:522398.0359250142:318315.8937476434:41494.52827975123:37252.71019731639:1819.1948621301954:1562.5384875875623:475.8526862476994:117.59376418301181:94.58030338271297:7.553372633782674:3.254179845096506:1.690408514551281:0.5090607810046973,0.00029915922707518603
4,6,6,-3:4:-2,4:3:2,1176,7,1.3703870569083812e7:1.367779442998115e7:2.2812323571511316e6:1.3664346084260012e6:858705.2587712992:112836.31938522923:101043.09987020065:3383.421246360773:2969.910308125838:952.7407594501179:238.647703964933:190.5213769348984:10.784930231874435:4.892159892958329:2.576264682513038:0.6110892628248151,0.00023574312860391979
4,6,6,-2:4:-2,4:2:2,2352,7,2.4890647140761252e7:2.4703896386077493e7:4.3631611118580615e6:2.6875348870661994e6:1.7279650115439151e6:229846.35704535397:205770.21144176184:5177.387347289091:4627.425659381574:1553.246120277452:394.21811335792023:313.63342147467296:13.87923112957457:6.506178584496348:3.4650000616279373:0.6900703699700472,0.00020102639143608465
4,6,6,-1:4:-2,4:2:1,2520,7,3.763854294409071e7:3.708515207726696e7:6.896104521105679e6:4.340119031354788e6:2.8339066877938164e6:382381.764042731:342677.742664571:6951.868493080985:6302.583926192907:2194.9650693276717:564.0292479867434:448.17808006396854:16.596185230067704:7.9550176798824666:4.275311329781555:0.7498717642013812,0.00018049216295636396
4,6,6,0:4:-2,4:2:0,2688,7,4.3683837803411886e7:4.292282458092775e7:8.153396336653778e6:5.173207041711889e6:3.3955374583415817e6:461319.0818274743:413705.7183504249:7732.454771279991:7049.00467746686:2490.860614820859:643.5274046440662:511.27704579844755:17.717816267197843:8.561191309137786:4.617737371969694:0.7726115272445332,0.0001737176482772723
4,6,6,1:4:-2,4:2:1,2520,7,3.763854294409069e7:3.7085152077266954e7:6.896104521105677e6:4.340119031354783e6:2.8339066877938174e6:382381.7640427312:342677.7426645707:6951.868493080937:6302.583926192992:2194.9650693275357:564.0292479866238:448.1780800637265:16.59618522995231:7.955017679882861:4.275311329258841:0.7498717637662834,0.00018049216295636344
4,6,6,2:4:-2,4:2:2,2352,7,2.489064714076126e7:2.4703896386077493e7:4.363161111858062e6:2.687534887066199e6:1.7279650115439156e6:229846.35704535394:205770.2114417618:5177.387347289108:4627.425659381685:1553.246120278104:394.2181133580382:313.63342147479887:13.87923112950664:6.50617858451516:3.4650000616500574:0.6900703699385017,0.00020102639143609137
4,6,6,3:4:-2,4:3:2,1176,7,1.3703870569083806e7:1.3677794429981144e7:2.2812323571511316e6:1.3664346084260007e6:858705.2587712987:112836.31938522909:101043.09987020076:3383.4212463607596:2969.910308125797:952.7407594500345:238.6477039649029:190.52137693490684:10.784930231892575:4.892159892945434:2.5762646824377917:0.6110892629005579,0.00023574312860391713
4,6,6,-3:5:-2,5:3:2,588,8,5.776483072160833e6:5.699686404500289e6:901937.0263243833:522398.0359250146:318315.89374764374:41494.5282797513:37252.71019731637:1819.194862130206:1562.5384875875313:475.85268624772664:117.59376418305006:94.5803033827061:7.553372633792702:3.254179845093707:1.690408514567727:0.509060780993718,0.0002991592270751854
4,6,6,-2:5:-2,5:2:2,1176,8,9.093812737443788e6:9.024178336887201e6:1.4644403869954662e6:862390.7443375025:533774.3990686028:69803.10212116851:62569.19498552622:2519.20046705137:2187.241024047876:683.2395671309285:169.9456991437087:136.11426436081717:9.089757169898814:4.0261574917293546:2.105794341260042:0.5608004874475817,0.0002638133836648931
4,6,6,-1:5:-2,5:2:1,1260,8,1.2312832842805758e7:1.227012664602202e7:2.0308907295748882e6:1.2108622287183632e6:757864.2566937653:99438.21614788381:89063.72765262045:3132.484130521487:2741.470416829439:873.0566719307994:218.25906619379617:174.38185035123266:10.310573523526289:4.648434855294939:2.44339206711515:0.5976180733766593,0.0002427401127932035
4,6,6,0:5:-2,5:2:0,1344,7,1.3703870569083808e7:1.3677794429981146e7:2.2812323571511316e6:1.366434608426001e6:858705.2587712995:112836.31938522913:101043.09987020055:3383.421246360765:2969.9103081258245:952.74075945003:238.64770396481774:190.52137693488936:10.784930231891899:4.8921598929696:2.5762646823773343:0.6110892628199369,0.00023574312860391786
4,6,6,1:5:-2,5:2:1,1260,8,1.231283284280577e7:1.2270126646022031e7:2.0308907295748885e6:1.2108622287183634e6:757864.2566937654:99438.21614788394:89063.72765262041:3132.484130521492:2741.4704168294143:873.0566719306827:218.25906619380441:174.3818503512329:10.310573523510932:4.648434855308621:2.4433920670907483:0.5976180733265749,0.0002427401127932013
4,6,6,2:5:-2,5:2:2,1176,8,9.093812737443786e6:9.024178336887194e6:1.4644403869954653e6:862390.7443375028:533774.3990686032:69803.10212116847:62569.19498552623:2519.200467051371:2187.241024047894:683.2395671309329:169.94569914369322:136.11426436080868:9.089757169943102:4.026157491748451:2.1057943413687186:0.5608004874127435,0.0002638133836648942
4,6,6,3:5:-2,5:3:2,588,8,5.776483072160832e6:5.699686404500288e6:901937.0263243833:522398.035925014:318315.89374764374:41494.5282797513:37252.71019731638:1819.1948621302017:1562.5384875875743:475.85268624772857:117.59376418306012:94.58030338271361:7.553372633785285:3.254179845087542:1.69040851456668:0.509060781004476,0.0002991592270751885
4,6,6,-3:-5:-1,5:3:1,630,8,9.287420635829035e6:8.900049323479667e6:1.257012634845682e6:672360.5579840585:374303.91808645526:48929.31866904779:44665.07784494503:2516.881286793254:2058.4899683955973:548.3775665333:134.35084718591838:109.33763621095301:8.6528682847202:3.6924218229026358:1.8473126542298486:0.5457070672556827,0.0002550216950919527
4,6,6,-2:-5:-1,5:2:1,1260,7,1.574605190022203e7:1.5118161168554462e7:2.149513971870057e6:1.1555096351057135e6:647066.7593481862:84536.46231325489:77041.96840820156:3666.544515712636:3010.4008984380084:807.6281341099508:198.39872639101267:160.85291826350212:10.65762991272889:4.658862375719444:2.3384588680716893:0.605052428407081,0.00021930279044809445
4,6,6,-1:-5:-1,5:1:1,1350,7,2.2563712703186534e7:2.169597568656049e7:3.100897390918596e6:1.673422686044268e6:941394.1813542271:122934.19732132896:111899.3943128358:4739.020510803685:3902.1639358922716:1052.8922755829115:259.0769020304836:209.53939480779295:12.306781128232494:5.460661972663838:2.747031408322273:0.6479819120856648,0.00019792092447098455
4,6,6,0:-5:-1,5:1:0,1440,7,2.566094936117175e7:2.468806855835261e7:3.535659576803087e6:1.9108938202661388e6:1.076880217556575e6:140603.3725339912:127924.52573930094:5194.541178825643:4281.881711543584:1157.9518905708105:285.0882914230173:230.38274277442625:12.961018892170035:5.780170739478867:2.9100992616745014:0.6638467407365655,0.00019080221650304374
4,6,6,1:-5:-1,5:1:1,1350,7,2.256371270318655e7:2.16959756865605e7:3.100897390918599e6:1.6734226860442692e6:941394.1813542278:122934.19732132889:111899.39431283582:4739.020510803699:3902.163935892246:1052.892275582855:259.0769020304586:209.53939480780122:12.306781128298306:5.460661972632826:2.7470314083040015:0.647981912030581,0.0001979209244709839
4,6,6,2:-5:-1,5:2:1,1260,7,1.574605190022202e7:1.511816116855446e7:2.1495139718700554e6:1.1555096351057133e6:647066.7593481863:84536.46231325484:77041.96840820154:3666.5445157126305:3010.400898438003:807.6281341100238:198.3987263910248:160.8529182634931:10.657629912715135:4.658862375749972:2.3384588680698064:0.6050524283916724,0.0002193027904480947
4,6,6,3:-5:-1,5:3:1,630,8,9.287420635829037e6:8.900049323479667e6:1.257012634845682e6:672360.5579840578:374303.91808645515:48929.31866904779:44665.077844945015:2516.8812867932434:2058.4899683955723:548.3775665333939:134.35084718593134:109.33763621094943:8.652868284745312:3.6924218228772347:1.8473126542226972:0.5457070672652157,0.00025502169509195206
4,6,6,-3:-4:-1,4:3:1,1260,7,2.5660949361171775e7:2.4688068558352616e7:3.535659576803087e6:1.910893820266139e6:1.076880217556575e6:140603.3725339912:127924.52573930091:5194.541178825636:4281.8817115435895:1157.9518905707846:285.0882914231668:230.38274277442517:12.961018892106999:5.7801707394677:2.9100992618518124:0.6638467407181952,0.00019080221650304366
4,6,6,-2:-4:-1,4:2:1,2520,7,5.299535614726069e7:5.117067803530277e7:7.424524103004648e6:4.0513747820263007e6:2.309009008529005e6:301180.1133742848:273272.6103731181:8718.624024718794:7235.463275876394:1985.9802391322023:490.4063971049073:394.4907327144059:17.41525503960275:7.972979964325011:4.0328332063565515:0.7587351243634222,0.00015527745657550684
4,6,6,-1:-4:-1,4:1:1,2700,7,8.915631086179216e7:8.635361787086883e7:1.2673243495399334e7:6.973354906240628e6:4.012807174879801e6:523066.59446701553:473586.7407190343:12645.701387187893:10553.86113455745:2935.3214298065973:726.3190393580174:582.4243428594968:21.598528249917273:10.054728675291962:5.1039747949937935:0.8329700689414369,0.0001340237681770902
4,6,6,0:-4:-1,4:1:0,2880,7,1.0803637866823019e8:1.0477277177134545e8:1.5449403956938248e7:8.530192258425977e6:4.927972455088289e6:642217.9393836866:580990.9655235653:14508.24208673835:12135.993844258752:3393.9272541183755:840.4439462282932:673.1698750202885:23.401866890223268:10.957603665488:5.5700074575818315:0.861806558359833,0.00012695107384310485
4,6,6,1:-4:-1,4:1:1,2700,7,8.915631086179213e7:8.63536178708688e7:1.2673243495399335e7:6.973354906240633e6:4.0128071748797996e6:523066.59446701565:473586.74071903474:12645.701387187803:10553.861134557474:2935.3214298067683:726.3190393578308:582.4243428595377:21.598528249119898:10.054728675336085:5.103974796576752:0.8329700687117384,0.00013402376817708996
4,6,6,2:-4:-1,4:2:1,2520,7,5.2995356147260696e7:5.117067803530276e7:7.42452410300465e6:4.0513747820263025e6:2.309009008529004e6:301180.1133742846:273272.6103731178:8718.624024718825:7235.463275876399:1985.9802391320652:490.40639710496464:394.49073271448066:17.41525503954194:7.972979964162691:4.032833206023253:0.758735124365535,0.00015527745657550692
4,6,6,3:-4:-1,4:3:1,1260,7,2.5660949361171775e7:2.46880685583526e7:3.5356595768030873e6:1.910893820266138e6:1.0768802175565748e6:140603.37253399118:127924.525739301:5194.541178825645:4281.881711543627:1157.951890570813:285.0882914231314:230.3827427744166:12.961018892236043:5.780170739497401:2.9100992618293082:0.6638467406322672,0.00019080221650304458
4,6,6,-5:-3:-1,5:3:1,630,8,9.287420635829035e6:8.900049323479667e6:1.2570126348456817e6:672360.5579840584:374303.9180864552:48929.318669047825:44665.077844944986:2516.8812867932593:2058.48996839559:548.37756653341:134.35084718593146:109.33763621094583:8.652868284718343:3.6924218229544383:1.8473126542228706:0.5457070672631745,0.00025502169509195407
4,6,6,-4:-3:-1,4:3:1,1260,7,2.5660949361171767e7:2.46880685583526e7:3.535659576803086e6:1.9108938202661374e6:1.0768802175565753e6:140603.37253399115:127924.52573930105:5194.54117882565:4281.881711543615:1157.9518905708348:285.08829142312345:230.38274277442721:12.961018892078961:5.780170739547488:2.9100992614094694:0.6638467408612553,0.0001908022165030446
4,6,6,-3:-3:-1,3:3:1,1995,7,7.431304228147708e7:7.189513234165087e7:1.050688491685575e7:5.763591693883259e6:3.3049579913162794e6:430895.89349587803:390432.42877127696:11101.703582291799:9246.189468994504:2559.0802161387805:632.7659724413038:507.96048388857486:20.024272159308484:9.269127737724965:4.699184606685268:0.8063562141364189,0.0001411026553637649
4,6,6,-2:-3:-1,3:2:1,2730,7,2.0667628006965265e8:2.0140431078741643e8:3.0251211584786635e7:1.6926163657219317e7:9.92456519452461e6:1.2927667184557891e6:1.1661961793656538e6:23084.293371212494:19477.67713965267:5564.297708629232:1381.7620167773562:1102.5697906026287:30.766039121806713:14.673258145968648:7.496556166845385:0.9654208644972586,0.00010577609801860019
4,6,6,-1:-3:-1,3:1:1,2925,7,4.5815893521867985e8:4.4974710360972947e8:6.955178722952572e7:3.972261306915362e7:2.3806721951371558e7:3.102781519554093e6:2.789280976665793e6:40858.15624790965:34926.75985840355:10312.039886046852:2571.9965304719367:2043.214680967649:43.29933345310262:21.08430706883742:10.850649736117415:1.1073699881322252,8.468805201584603e-5
4,6,6,0:-3:-1,3:1:0,3120,7,6.253199135711269e8:6.158912730574356e8:9.658143204662938e7:5.568824055933946e7:3.370175084934658e7:4.396185404106244e6:3.9470008841502964e6:51088.736666698824:43933.49701848188:13171.387963429928:3292.48205726849:2611.2985496431297:49.57777286994198:24.330907089789676:12.562577804828566:1.1679006665416414,7.768722843674507e-5
4,6,6,1:-3:-1,3:1:1,2925,7,4.581589352186798e8:4.497471036097291e8:6.955178722952572e7:3.972261306915361e7:2.380672195137157e7:3.102781519554091e6:2.7892809766657897e6:40858.15624790942:34926.75985840446:10312.039886046728:2571.996530471175:2043.2146809679025:43.29933345913148:21.084307068642424:10.850649722232022:1.1073699946184974,8.468805201584664e-5
4,6,6,2:-3:-1,3:2:1,2730,7,2.066762800696527e8:2.0140431078741652e8:3.025121158478664e7:1.69261636572193e7:9.924565194524612e6:1.2927667184557894e6:1.1661961793656524e6:23084.29337121237:19477.677139652424:5564.297708630081:1381.7620167770206:1102.569790602654:30.766039121004987:14.67325814576941:7.496556167121957:0.9654208647117853,0.00010577609801859977
4,6,6,3:-3:-1,3:3:1,1995,7,7.431304228147711e7:7.189513234165086e7:1.050688491685575e7:5.763591693883255e6:3.304957991316282e6:430895.89349587815:390432.42877127696:11101.70358229189:9246.189468994553:2559.080216138771:632.7659724413039:507.9604838885835:20.024272159070797:9.269127737460565:4.699184609814923:0.8063562130961416,0.0001411026553637658
4,6,6,4:-3:-1,4:3:1,1260,7,2.5660949361171767e7:2.46880685583526e7:3.535659576803086e6:1.9108938202661374e6:1.0768802175565753e6:140603.37253399115:127924.52573930105:5194.54117882565:4281.881711543615:1157.9518905708348:285.08829142312345:230.38274277442721:12.961018892078961:5.780170739547488:2.9100992614094694:0.6638467408612553,0.0001908022165030446
4,6,6,5:-3:-1,5:3:1,630,8,9.287420635829033e6:8.900049323479664e6:1.2570126348456817e6:672360.5579840577:374303.9180864552:48929.31866904773:44665.07784494499:2516.881286793254:2058.489968395594:548.3775665333923:134.3508471859492:109.33763621094955:8.652868284715536:3.6924218229332086:1.8473126542285918:0.5457070672581984,0.00025502169509195385
4,6,6,-5:-2:-1,5:2:1,1260,7,1.5746051900222026e7:1.5118161168554472e7:2.1495139718700573e6:1.155509635105713e6:647066.7593481862:84536.46231325492:77041.96840820156:3666.5445157126346:3010.4008984379893:807.628134109989:198.39872639103137:160.8529182634843:10.657629912671165:4.658862375809743:2.338458867658721:0.6050524284884392,0.00021930279044809407
4,6,6,-4:-2:-1,4:2:1,2520,7,5.2995356147260725e7:5.117067803530275e7:7.4245241030046465e6:4.0513747820263035e6:2.309009008529006e6:301180.1133742848:273272.6103731176:8718.624024718843:7235.4632758764465:1985.9802391321864:490.40639710508816:394.4907327143935:17.41525503943999:7.972979964312489:4.0328332059328:0.7587351244291689,0.0001552774565755078
4,6,6,-3:-2:-1,3:2:1,2730,7,2.0667628006965283e8:2.0140431078741652e8:3.025121158478665e7:1.692616365721931e7:9.92456519452461e6:1.2927667184557891e6:1.1661961793656538e6:23084.293371212425:19477.677139652616:5564.297708629954:1381.7620167772843:1102.5697906028565:30.766039121073625:14.673258146148498:7.496556167781121:0.9654208643995428,0.00010577609801860026
4,6,6,-2:-2:-1,2:2:1,2940,7,8.795049366381041e8:8.697256859834996e8:1.3877285547032976e8:8.094692858458364e7:4.955147135035044e7:6.474072040309294e6:5.805274911459665e6:65293.918302994:56555.07638542476:17273.915922060856:4330.73986074717:3428.957609816675:57.5890783160914:28.503913281861422:14.775468924408479:1.2379655733381492,7.070710726766917e-5
4,6,6,2:-2:-1,2:2:1,2940,7,8.795049366381042e8:8.697256859834992e8:1.387728554703297e8:8.094692858458361e7:4.955147135035044e7:6.474072040309291e6:5.805274911459664e6:65293.91830299437:56555.07638542374:17273.915922060427:4330.739860746007:3428.957609816764:57.58907831405977:28.503913282472983:14.775468932681365:1.2379655725036962,7.070710726766875e-5
4,6,6,3:-2:-1,3:2:1,2730,7,2.066762800696527e8:2.0140431078741652e8:3.025121158478665e7:1.6926163657219313e7:9.924565194524612e6:1.29276671845579e6:1.1661961793656526e6:23084.293371212523:19477.677139652304:5564.297708630023:1381.762016776947:1102.5697906027997:30.76603912097316:14.673258145407477:7.496556167273844:0.9654208647504909,0.00010577609801859987
4,6,6,4:-2:-1,4:2:1,2520,7,5.299535614726069e7:5.117067803530274e7:7.424524103004646e6:4.0513747820262997e6:2.3090090085290046e6:301180.11337428476:273272.61037311796:8718.624024718809:7235.463275876498:1985.9802391322282:490.4063971049659:394.49073271446696:17.415255039530518:7.9729799639320875:4.032833205967341:0.7587351243643531,0.000155277456575508
4,6,6,5:-2:-1,5:2:1,1260,7,1.5746051900222026e7:1.5118161168554457e7:2.149513971870056e6:1.155509635105713e6:647066.7593481862:84536.46231325492:77041.96840820157:3666.5445157126455:3010.400898438001:807.6281341099872:198.3987263910395:160.85291826352832:10.657629912723522:4.6588623755961915:2.338458867783113:0.6050524284604133,0.000219302790448095
4,6,6,-5:-1:-1,5:1:1,1350,7,2.256371270318654e7:2.1695975686560497e7:3.1008973909185985e6:1.6734226860442692e6:941394.1813542275:122934.19732132895:111899.39431283569:4739.0205108036635:3902.163935892246:1052.892275582951:259.07690203051203:209.5393948078015:12.306781128439555:5.46066197271859:2.747031408395451:0.6479819119612004,0.0001979209244709837
4,6,6,-4:-1:-1,4:1:1,2700,7,8.915631086179216e7:8.635361787086882e7:1.2673243495399337e7:6.97335490624063e6:4.012807174879801e6:523066.59446701576:473586.74071903445:12645.701387187817:10553.861134557495:2935.3214298066996:726.3190393583579:582.4243428594922:21.598528249506213:10.054728674651198:5.1039747971307285:0.8329700680978361,0.0001340237681770902
4,6,6,-3:-1:-1,3:1:1,2925,7,4.5815893521867967e8:4.497471036097291e8:6.955178722952572e7:3.972261306915361e7:2.3806721951371547e7:3.1027815195540907e6:2.789280976665794e6:40858.15624790967:34926.75985840448:10312.039886047518:2571.996530472116:2043.2146809671444:43.299333456936004:21.084307072606723:10.850649728591483:1.1073699933066206,8.468805201584721e-5
4,6,6,3:-1:-1,3:1:1,2925,7,4.581589352186797e8:4.49747103609729e8:6.955178722952572e7:3.9722613069153585e7:2.3806721951371558e7:3.102781519554092e6:2.789280976665791e6:40858.15624790975:34926.759858404745:10312.03988604713:2571.996530472978:2043.214680967373:43.299333456632155:21.08430706721709:10.850649732493304:1.1073699922144409,8.468805201584752e-5
4,6,6,4:-1:-1,4:1:1,2700,7,8.915631086179216e7:8.63536178708688e7:1.2673243495399334e7:6.973354906240635e6:4.012807174879802e6:523066.5944670154:473586.7407190346:12645.70138718778:10553.861134557417:2935.3214298068365:726.3190393583761:582.4243428595374:21.598528249635983:10.054728675354843:5.103974796077802:0.8329700683033339,0.0001340237681770898
4,6,6,5:-1:-1,5:1:1,1350,7,2.256371270318653e7:2.1695975686560493e7:3.1008973909185985e6:1.6734226860442676e6:941394.1813542274:122934.19732132895:111899.39431283574:4739.020510803674:3902.16393589226:1052.8922755829244:259.0769020303769:209.53939480780195:12.306781128442159:5.460661972586428:2.7470314083162237:0.6479819119703754,0.00019792092447098398
4,6,6,-5:0:-1,5:1:0,1440,7,2.566094936117176e7:2.4688068558352616e7:3.5356595768030873e6:1.910893820266139e6:1.076880217556575e6:140603.37253399123:127924.52573930092:5194.541178825632:4281.8817115435695:1157.9518905708167:285.0882914231421:230.38274277441758:12.961018892152047:5.780170739482034:2.910099261729581:0.6638467407225738,0.00019080221650304336
4,6,6,-4:0:-1,4:1:0,2880,7,1.0803637866823022e8:1.0477277177134544e8:1.5449403956938252e7:8.530192258425977e6:4.927972455088291e6:642217.939383686:580990.9655235655:14508.242086738463:12135.99384425868:3393.9272541178634:840.4439462321056:673.1698750203869:23.401866890608087:10.957603665245733:5.570007457658522:0.861806558452961,0.0001269510738431056
4,6,6,-3:0:-1,3:1:0,3120,7,6.253199135711268e8:6.158912730574356e8:9.65814320466294e7:5.568824055933947e7:3.370175084934661e7:4.396185404106248e6:3.9470008841502983e6:51088.73666669875:43933.497018481634:13171.387963429986:3292.482057268207:2611.2985496432157:49.577772870110735:24.330907090415785:12.56257781021888:1.167900666086157,7.768722843674481e-5
4,6,6,3:0:-1,3:1:0,3120,7,6.253199135711269e8:6.158912730574354e8:9.65814320466294e7:5.5688240559339434e7:3.37017508493466e7:4.396185404106249e6:3.9470008841502997e6:51088.736666698744:43933.4970184819:13171.38796343776:3292.482057263872:2611.2985496416336:49.5777728704865:24.330907089125947:12.562577810192153:1.1679006660715776,7.768722843674641e-5
4,6,6,4:0:-1,4:1:0,2880,7,1.0803637866823022e8:1.0477277177134542e8:1.5449403956938254e7:8.530192258425973e6:4.927972455088289e6:642217.9393836864:580990.9655235655:14508.242086738433:12135.993844258757:3393.9272541091705:840.4439462315421:673.1698750218961:23.401866890557493:10.957603665187317:5.570007457620367:0.86180655845434,0.00012695107384309587
4,6,6,5:0:-1,5:1:0,1440,7,2.5660949361171756e7:2.468806855835261e7:3.5356595768030863e6:1.9108938202661385e6:1.076880217556575e6:140603.3725339912:127924.52573930095:5194.541178825623:4281.881711543616:1157.9518905704065:285.08829142305075:230.38274277442264:12.961018892167516:5.7801707394492965:2.9100992617314225:0.6638467407238783,0.000190802216503042
4,6,6,-5:1:-1,5:1:1,1350,7,2.256371270318654e7:2.1695975686560497e7:3.1008973909185985e6:1.6734226860442692e6:941394.1813542275:122934.19732132895:111899.39431283569:4739.0205108036635:3902.163935892246:1052.892275582951:259.07690203051203:209.5393948078015:12.306781128439555:5.46066197271859:2.747031408395451:0.6479819119612004,0.0001979209244709837
4,6,6,-4:1:-1,4:1:1,2700,7,8.915631086179216e7:8.635361787086882e7:1.2673243495399337e7:6.97335490624063e6:4.012807174879801e6:523066.59446701576:473586.74071903445:12645.701387187817:10553.861134557495:2935.3214298066996:726.3190393583579:582.4243428594922:21.598528249506213:10.054728674651198:5.1039747971307285:0.8329700680978361,0.0001340237681770902
4,6,6,-3:1:-1,3:1:1,2925,7,4.5815893521867967e8:4.497471036097291e8:6.955178722952572e7:3.972261306915361e7:2.3806721951371547e7:3.1027815195540907e6:2.789280976665794e6:40858.15624790967:34926.75985840448:10312.039886047518:2571.996530472116:2043.2146809671444:43.299333456936004:21.084307072606723:10.850649728591483:1.1073699933066206,8.468805201584721e-5
4,6,6,3:1:-1,3:1:1,2925,7,4.581589352186797e8:4.49747103609729e8:6.955178722952572e7:3.9722613069153585e7:2.3806721951371558e7:3.102781519554092e6:2.789280976665791e6:40858.15624790975:34926.759858404745:10312.03988604713:2571.996530472978:2043.214680967373:43.299333456632155:21.08430706721709:10.850649732493304:1.1073699922144409,8.468805201584752e-5
4,6,6,4:1:-1,4:1:1,2700,7,8.915631086179216e7:8.63536178708688e7:1.2673243495399334e7:6.973354906240635e6:4.012807174879802e6:523066.5944670154:473586.7407190346:12645.70138718778:10553.861134557417:2935.3214298068365:726.3190393583761:582.4243428595374:21.598528249635983:10.054728675354843:5.103974796077802:0.8329700683033339,0.0001340237681770898
4,6,6,5:1:-1,5:1:1,1350,7,2.256371270318653e7:2.1695975686560493e7:3.1008973909185985e6:1.6734226860442676e6:941394.1813542274:122934.19732132895:111899.39431283574:4739.020510803674:3902.16393589226:1052.8922755829244:259.0769020303769:209.53939480780195:12.306781128442159:5.460661972586428:2.7470314083162237:0.6479819119703754,0.00019792092447098398
4,6,6,-5:2:-1,5:2:1,1260,7,1.5746051900222026e7:1.5118161168554472e7:2.1495139718700573e6:1.155509635105713e6:647066.7593481862:84536.46231325492:77041.96840820156:3666.5445157126346:3010.4008984379893:807.628134109989:198.39872639103137:160.8529182634843:10.657629912671165:4.658862375809743:2.338458867658721:0.6050524284884392,0.00021930279044809407
4,6,6,-4:2:-1,4:2:1,2520,7,5.2995356147260725e7:5.117067803530275e7:7.4245241030046465e6:4.0513747820263035e6:2.309009008529006e6:301180.1133742848:273272.6103731176:8718.624024718843:7235.4632758764465:1985.9802391321864:490.40639710508816:394.4907327143935:17.41525503943999:7.972979964312489:4.0328332059328:0.7587351244291689,0.0001552774565755078
4,6,6,-3:2:-1,3:2:1,2730,7,2.0667628006965283e8:2.0140431078741652e8:3.025121158478665e7:1.692616365721931e7:9.92456519452461e6:1.2927667184557891e6:1.1661961793656538e6:23084.293371212425:19477.677139652616:5564.297708629954:1381.7620167772843:1102.5697906028565:30.766039121073625:14.673258146148498:7.496556167781121:0.9654208643995428,0.00010577609801860026
4,6,6,-2:2:-1,2:2:1,2940,7,8.795049366381041e8:8.697256859834996e8:1.3877285547032976e8:8.094692858458364e7:4.955147135035044e7:6.474072040309294e6:5.805274911459665e6:65293.918302994:56555.07638542476:17273.915922060856:4330.73986074717:3428.957609816675:57.5890783160914:28.503913281861422:14.775468924408479:1.2379655733381492,7.070710726766917e-5
4,6,6,2:2:-1,2:2:1,2940,7,8.795049366381042e8:8.697256859834992e8:1.387728554703297e8:8.094692858458361e7:4.955147135035044e7:6.474072040309291e6:5.805274911459664e6:65293.91830299437:56555.07638542374:17273.915922060427:4330.739860746007:3428.957609816764:57.58907831405977:28.503913282472983:14.775468932681365:1.2379655725036962,7.070710726766875e-5
4,6,6,3:2:-1,3:2:1,2730,7,2.066762800696527e8:2.0140431078741652e8:3.025121158478665e7:1.6926163657219313e7:9.924565194524612e6:1.29276671845579e6:1.1661961793656526e6:23084.293371212523:19477.677139652304:5564.297708630023:1381.762016776947:1102.5697906027997:30.76603912097316:14.673258145407477:7.496556167273844:0.9654208647504909,0.00010577609801859987
4,6,6,4:2:-1,4:2:1,2520,7,5.299535614726069e7:5.117067803530274e7:7.424524103004646e6:4.0513747820262997e6:2.3090090085290046e6:301180.11337428476:273272.61037311796:8718.624024718809:7235.463275876498:1985.9802391322282:490.4063971049659:394.49073271446696:17.415255039530518:7.9729799639320875:4.032833205967341:0.7587351243643531,0.000155277456575508
4,6,6,5:2:-1,5:2:1,1260,7,1.5746051900222026e7:1.5118161168554457e7:2.149513971870056e6:1.155509635105713e6:647066.7593481862:84536.46231325492:77041.96840820157:3666.5445157126455:3010.400898438001:807.6281341099872:198.3987263910395:160.85291826352832:10.657629912723522:4.6588623755961915:2.338458867783113:0.6050524284604133,0.000219302790448095
4,6,6,-5:3:-1,5:3:1,630,8,9.287420635829035e6:8.900049323479667e6:1.2570126348456817e6:672360.5579840584:374303.9180864552:48929.318669047825:44665.077844944986:2516.8812867932593:2058.48996839559:548.37756653341:134.35084718593146:109.33763621094583:8.652868284718343:3.6924218229544383:1.8473126542228706:0.5457070672631745,0.00025502169509195407
4,6,6,-4:3:-1,4:3:1,1260,7,2.5660949361171767e7:2.46880685583526e7:3.535659576803086e6:1.9108938202661374e6:1.0768802175565753e6:140603.37253399115:127924.52573930105:5194.54117882565:4281.881711543615:1157.9518905708348:285.08829142312345:230.38274277442721:12.961018892078961:5.780170739547488:2.9100992614094694:0.6638467408612553,0.0001908022165030446
4,6,6,-3:3:-1,3:3:1,1995,7,7.431304228147708e7:7.189513234165087e7:1.050688491685575e7:5.763591693883259e6:3.3049579913162794e6:430895.89349587803:390432.42877127696:11101.703582291799:9246.189468994504:2559.0802161387805:632.7659724413038:507.96048388857486:20.024272159308484:9.269127737724965:4.699184606685268:0.8063562141364189,0.0001411026553637649
4,6,6,-2:3:-1,3:2:1,2730,7,2.0667628006965265e8:2.0140431078741643e8:3.0251211584786635e7:1.6926163657219317e7:9.92456519452461e6:1.2927667184557891e6:1.1661961793656538e6:23084.293371212494:19477.67713965267:5564.297708629232:1381.7620167773562:1102.5697906026287:30.766039121806713:14.673258145968648:7.496556166845385:0.9654208644972586,0.00010577609801860019
4,6,6,-1:3:-1,3:1:1,2925,7,4.5815893521867985e8:4.4974710360972947e8:6.955178722952572e7:3.972261306915362e7:2.3806721951371558e7:3.102781519554093e6:2.789280976665793e6:40858.15624790965:34926.75985840355:10312.039886046852:2571.9965304719367:2043.214680967649:43.29933345310262:21.08430706883742:10.850649736117415:1.1073699881322252,8.468805201584603e-5
4,6,6,0:3:-1,3:1:0,3120,7,6.253199135711269e8:6.158912730574356e8:9.658143204662938e7:5.568824055933946e7:3.370175084934658e7:4.396185404106244e6:3.9470008841502964e6:51088.736666698824:43933.49701848188:13171.387963429928:3292.48205726849:2611.2985496431297:49.57777286994198:24.330907089789676:12.562577804828566:1.1679006665416414,7.768722843674507e-5
4,6,6,1:3:-1,3:1:1,2925,7,4.581589352186798e8:4.497471036097291e8:6.955178722952572e7:3.972261306915361e7:2.380672195137157e7:3.102781519554091e6:2.7892809766657897e6:40858.15624790942:34926.75985840446:10312.039886046728:2571.996530471175:2043.2146809679025:43.29933345913148:21.084307068642424:10.850649722232022:1.1073699946184974,8.468805201584664e-5
4,6,6,2:3:-1,3:2:1,2730,7,2.066762800696527e8:2.0140431078741652e8:3.025121158478664e7:1.69261636572193e7:9.924565194524612e6:1.2927667184557894e6:1.1661961793656524e6:23084.29337121237:19477.677139652424:5564.297708630081:1381.7620167770206:1102.569790602654:30.766039121004987:14.67325814576941:7.496556167121957:0.9654208647117853,0.00010577609801859977
4,6,6,3:3:-1,3:3:1,1995,7,7.431304228147711e7:7.189513234165086e7:1.050688491685575e7:5.763591693883255e6:3.304957991316282e6:430895.89349587815:390432.42877127696:11101.70358229189:9246.189468994553:2559.080216138771:632.7659724413039:507.9604838885835:20.024272159070797:9.269127737460565:4.699184609814923:0.8063562130961416,0.0001411026553637658
4,6,6,4:3:-1,4:3:1,1260,7,2.5660949361171767e7:2.46880685583526e7:3.535659576803086e6:1.9108938202661374e6:1.0768802175565753e6:140603.37253399115:127924.52573930105:5194.54117882565:4281.881711543615:1157.9518905708348:285.08829142312345:230.38274277442721:12.961018892078961:5.780170739547488:2.9100992614094694:0.6638467408612553,0.0001908022165030446
4,6,6,5:3:-1,5:3:1,630,8,9.287420635829033e6:8.900049323479664e6:1.2570126348456817e6:672360.5579840577:374303.9180864552:48929.31866904773:44665.07784494499:2516.881286793254:2058.489968395594:548.3775665333923:134.3508471859492:109.33763621094955:8.652868284715536:3.6924218229332086:1.8473126542285918:0.5457070672581984,0.00025502169509195385
4,6,6,-3:4:-1,4:3:1,1260,7,2.5660949361171775e7:2.4688068558352616e7:3.535659576803087e6:1.910893820266139e6:1.076880217556575e6:140603.3725339912:127924.52573930091:5194.541178825636:4281.8817115435895:1157.9518905707846:285.0882914231668:230.38274277442517:12.961018892106999:5.7801707394677:2.9100992618518124:0.6638467407181952,0.00019080221650304366
4,6,6,-2:4:-1,4:2:1,2520,7,5.299535614726069e7:5.117067803530277e7:7.424524103004648e6:4.0513747820263007e6:2.309009008529005e6:301180.1133742848:273272.6103731181:8718.624024718794:7235.463275876394:1985.9802391322023:490.4063971049073:394.4907327144059:17.41525503960275:7.972979964325011:4.0328332063565515:0.7587351243634222,0.00015527745657550684
4,6,6,-1:4:-1,4:1:1,2700,7,8.915631086179216e7:8.635361787086883e7:1.2673243495399334e7:6.973354906240628e6:4.012807174879801e6:523066.59446701553:473586.7407190343:12645.701387187893:10553.86113455745:2935.3214298065973:726.3190393580174:582.4243428594968:21.598528249917273:10.054728675291962:5.1039747949937935:0.8329700689414369,0.0001340237681770902
4,6,6,0:4:-1,4:1:0,2880,7,1.0803637866823019e8:1.0477277177134545e8:1.5449403956938248e7:8.530192258425977e6:4.927972455088289e6:642217.9393836866:580990.9655235653:14508.24208673835:12135.993844258752:3393.9272541183755:840.4439462282932:673.1698750202885:23.401866890223268:10.957603665488:5.5700074575818315:0.861806558359833,0.00012695107384310485
4,6,6,1:4:-1,4:1:1,2700,7,8.915631086179213e7:8.63536178708688e7:1.2673243495399335e7:6.973354906240633e6:4.0128071748797996e6:523066.59446701565:473586.74071903474:12645.701387187803:10553.861134557474:2935.3214298067683:726.3190393578308:582.4243428595377:21.598528249119898:10.054728675336085:5.103974796576752:0.8329700687117384,0.00013402376817708996
4,6,6,2:4:-1,4:2:1,2520,7,5.2995356147260696e7:5.117067803530276e7:7.42452410300465e6:4.0513747820263025e6:2.309009008529004e6:301180.1133742846:273272.6103731178:8718.624024718825:7235.463275876399:1985.9802391320652:490.40639710496464:394.49073271448066:17.41525503954194:7.972979964162691:4.032833206023253:0.758735124365535,0.00015527745657550692
4,6,6,3:4:-1,4:3:1,1260,7,2.5660949361171775e7:2.46880685583526e7:3.5356595768030873e6:1.910893820266138e6:1.0768802175565748e6:140603.37253399118:127924.525739301:5194.541178825645:4281.881711543627:1157.951890570813:285.0882914231314:230.3827427744166:12.961018892236043:5.780170739497401:2.9100992618293082:0.6638467406322672,0.00019080221650304458
4,6,6,-3:5:-1,5:3:1,630,8,9.287420635829035e6:8.900049323479667e6:1.257012634845682e6:672360.5579840585:374303.91808645526:48929.31866904779:44665.07784494503:2516.881286793254:2058.4899683955973:548.3775665333:134.35084718591838:109.33763621095301:8.6528682847202:3.6924218229026358:1.8473126542298486:0.5457070672556827,0.0002550216950919527
4,6,6,-2:5:-1,5:2:1,1260,7,1.574605190022203e7:1.5118161168554462e7:2.149513971870057e6:1.1555096351057135e6:647066.7593481862:84536.46231325489:77041.96840820156:3666.544515712636:3010.4008984380084:807.6281341099508:198.39872639101267:160.85291826350212:10.65762991272889:4.658862375719444:2.3384588680716893:0.605052428407081,0.00021930279044809445
4,6,6,-1:5:-1,5:1:1,1350,7,2.2563712703186534e7:2.169597568656049e7:3.100897390918596e6:1.673422686044268e6:941394.1813542271:122934.19732132896:111899.3943128358:4739.020510803685:3902.1639358922716:1052.8922755829115:259.0769020304836:209.53939480779295:12.306781128232494:5.460661972663838:2.747031408322273:0.6479819120856648,0.00019792092447098455
4,6,6,0:5:-1,5:1:0,1440,7,2.566094936117175e7:2.468806855835261e7:3.535659576803087e6:1.9108938202661388e6:1.076880217556575e6:140603.3725339912:127924.52573930094:5194.541178825643:4281.881711543584:1157.9518905708105:285.0882914230173:230.38274277442625:12.961018892170035:5.780170739478867:2.9100992616745014:0.6638467407365655,0.00019080221650304374
4,6,6,1:5:-1,5:1:1,1350,7,2.256371270318655e7:2.16959756865605e7:3.100897390918599e6:1.6734226860442692e6:941394.1813542278:122934.19732132889:111899.39431283582:4739.020510803699:3902.163935892246:1052.892275582855:259.0769020304586:209.53939480780122:12.306781128298306:5.460661972632826:2.7470314083040015:0.647981912030581,0.0001979209244709839
4,6,6,2:5:-1,5:2:1,1260,7,1.574605190022202e7:1.511816116855446e7:2.1495139718700554e6:1.1555096351057133e6:647066.7593481863:84536.46231325484:77041.96840820154:3666.5445157126305:3010.400898438003:807.6281341100238:198.3987263910248:160.8529182634931:10.657629912715135:4.658862375749972:2.3384588680698064:0.6050524283916724,0.0002193027904480947
4,6,6,3:5:-1,5:3:1,630,8,9.287420635829037e6:8.900049323479667e6:1.257012634845682e6:672360.5579840578:374303.91808645515:48929.31866904779:44665.077844945015:2516.8812867932434:2058.4899683955723:548.3775665333939:134.35084718593134:109.33763621094943:8.652868284745312:3.6924218228772347:1.8473126542226972:0.5457070672652157,0.00025502169509195206
4,6,6,-3:-5:0,5:3:0,672,8,1.1000655575218232e7:1.0421351739978697e7:1.41331077383128e6:734871.7950780214:393680.0179609953:51822.274326516446:47832.74763322569:2827.4507435298465:2269.4187127844716:573.8175222586041:140.76190824947167:115.3939033362811:9.082539687001598:3.8603578802054455:1.905750074166815:0.5589560658079288,0.0002411255723680351
4,6,6,-2:-5:0,5:2:0,1344,7,1.919212672018316e7:1.818185749417003e7:2.4654332277774564e6:1.2821343750708455e6:686637.7056258965:90415.18706412654:83448.86923646105:4201.214984491013:3374.385038932405:851.8053748988336:209.53119778076956:171.33049633574635:11.285948770674235:4.906802325257994:2.426826802594565:0.621239830740013,0.00020540893172645925
4,6,6,-1:-5:0,5:1:0,1440,7,2.8123034979031317e7:2.6642999798544943e7:3.612459459374476e6:1.8788108743816668e6:1.0059923610939173e6:132493.03617123837:122279.5768447652:5514.487276361298:4431.006163636234:1117.4250996092321:275.32590419499655:224.78903179131885:13.12244245526864:5.7844950684957785:2.86410330098353:0.6665780265940339,0.0001840220775836976
4,6,6,0:-5:0,5:0:0,1536,7,3.2259909718157846e7:3.0562298268165745e7:4.143755906887987e6:2.1551996163488203e6:1.1539092224302362e6:151984.13826625235:140266.19680196384:6080.5803941331305:4886.534605360022:1231.8946025414639:303.6985189941805:247.82940489271695:13.856817013706419:6.136566734675978:3.039554974621723:0.683397527631835,0.0001769002799148502
4,6,6,1:-5:0,5:1:0,1440,7,2.812303497903133e7:2.6642999798544966e7:3.612459459374481e6:1.8788108743816686e6:1.0059923610939169e6:132493.03617123837:122279.57684476527:5514.487276361311:4431.006163636246:1117.4250996092408:275.32590419499326:224.789031791634:13.122442455305665:5.784495068542069:2.864103300896653:0.666578026506916,0.0001840220775836982
4,6,6,2:-5:0,5:2:0,1344,7,1.9192126720183156e7:1.818185749417001e7:2.465433227777456e6:1.2821343750708452e6:686637.7056258965:90415.18706412647:83448.8692364609:4201.214984491019:3374.385038932404:851.805374898801:209.53119778074856:171.33049633551332:11.28594877060903:4.906802325199998:2.4268268026583373:0.6212398307857431,0.000205408931726459
4,6,6,3:-5:0,5:3:0,672,8,1.1000655575218232e7:1.0421351739978695e7:1.41331077383128e6:734871.7950780215:393680.0179609954:51822.274326516366:47832.747633225634:2827.450743529851:2269.4187127844666:573.8175222585564:140.76190824945417:115.39390333713466:9.082539686963225:3.860357880214165:1.9057500741697935:0.5589560658029702,0.00024112557236803634
4,6,6,-3:-4:0,4:3:0,1344,7,3.225990971815786e7:3.0562298268165756e7:4.1437559068879876e6:2.1551996163488203e6:1.1539092224302373e6:151984.13826625256:140266.19680196373:6080.580394133128:4886.534605360008:1231.8946025414668:303.6985189941803:247.82940489279795:13.856817013739585:6.1365667347028285:3.0395549745470127:0.6833975276144914,0.00017690027991484997
4,6,6,-2:-4:0,4:2:0,2688,7,7.043192884185801e7:6.672707260776914e7:9.045899247369085e6:4.705559672863175e6:2.518594282504459e6:331838.21056786686:306231.7120135545:10604.870929996425:8528.089309282921:2146.3710097934077:530.6143219318163:431.9264502201151:18.941466656043502:8.586983999903085:4.261222211290382:0.784789424390052,0.00014134468645978713
4,6,6,-1:-4:0,4:1:0,2880,7,1.2438161579308587e8:1.1784046640935476e8:1.5973830627194589e7:8.310138958340071e6:4.447060209626995e6:586038.7869189082:540793.206340483:15904.914058927641:12795.266771242857:3217.1331463741794:796.6515637820477:647.5290177734947:23.84670597847897:10.965855460125283:5.447827707002326:0.8651603458341723,0.00012005384128845456
4,6,6,0:-4:0,4:0:0,3072,7,1.5377713557082495e8:1.4569073921016356e8:1.9748535346817236e7:1.027418349622045e7:5.497745867597911e6:724546.7975722688:668597.8189233586:18501.7056774952:14886.293573454814:3741.636017308516:927.0496905968787:753.1503573304669:25.998885519662483:12.012849441809633:5.97021048763589:0.8966548386847478,0.00011296394406475295
4,6,6,1:-4:0,4:1:0,2880,7,1.2438161579308587e8:1.1784046640935478e8:1.5973830627194578e7:8.310138958340067e6:4.447060209626994e6:586038.786918908:540793.2063404823:15904.914058927607:12795.266771242912:3217.133146374011:796.6515637821664:647.5290177771216:23.846705978779372:10.965855460610516:5.447827706638342:0.8651603453872044,0.00012005384128845512
4,6,6,2:-4:0,4:2:0,2688,7,7.043192884185803e7:6.6727072607769124e7:9.04589924736908e6:4.705559672863176e6:2.518594282504459e6:331838.210567867:306231.7120135545:10604.870929996478:8528.089309282903:2146.3710097934104:530.6143219317977:431.9264502198831:18.94146665607771:8.586983999890593:4.261222211414029:0.7847894244305181,0.00014134468645978735
4,6,6,3:-4:0,4:3:0,1344,7,3.2259909718157846e7:3.0562298268165734e7:4.143755906887985e6:2.1551996163488207e6:1.1539092224302364e6:151984.1382662525:140266.19680196367:6080.580394133124:4886.534605360015:1231.8946025414618:303.69851899415556:247.82940489253875:13.856817013740384:6.136566734672224:3.039554974455682:0.6833975276427164,0.00017690027991484986
4,6,6,-5:-3:0,5:3:0,672,8,1.1000655575218234e7:1.0421351739978699e7:1.4133107738312802e6:734871.7950780214:393680.0179609955:51822.27432651642:47832.74763322573:2827.450743529853:2269.4187127844657:573.8175222585757:140.76190824947852:115.39390333760866:9.082539686865571:3.8603578802100187:1.9057500741724378:0.5589560657969163,0.00024112557236803753
4,6,6,-4:-3:0,4:3:0,1344,7,3.2259909718157843e7:3.0562298268165752e7:4.143755906887985e6:2.1551996163488203e6:1.1539092224302369e6:151984.13826625256:140266.1968019636:6080.5803941331205:4886.534605360003:1231.894602541454:303.6985189941543:247.8294048931833:13.85681701359975:6.13656673466983:3.0395549743640635:0.6833975275647699,0.00017690027991485002
4,6,6,-3:-3:0,3:3:0,2128,7,1.0183319399332115e8:9.647742466316381e7:1.3078321379378287e7:6.803587838875889e6:3.6410790751655633e6:479794.2645222215:442757.82490257657:13791.593388156867:11093.67542713831:2790.228297102001:690.5532925959881:561.5659374601432:21.98632661806205:10.062294992438146:4.997068367644664:0.8362328855770595,0.0001271472603338024
4,6,6,-2:-3:0,3:2:0,2912,7,3.180261590793537e8:3.013066964828139e8:4.0839151861647524e7:2.124852373540478e7:1.136799895524353e7:1.4984808869556743e6:1.3827081205416906e6:31061.9456223473:25001.87408349254:6277.872430850911:1558.0498575561833:1263.9414852443304:35.016571087330036:16.415018633508115:8.167219871590111:1.0112222709264844,9.171532710771377e-5
4,6,6,-1:-3:0,3:1:0,3120,7,7.965581072503592e8:7.546909733486769e8:1.0228268006024583e8:5.322231141015619e7:2.8468658763166904e7:3.753356029559061e6:3.463216426535955e6:59794.864649840245:48147.63650817984:12077.543070982842:3002.454919644253:2432.169843332503:51.188753160250116:24.349324650913147:12.128595443237824:1.172230078966729,7.049820466605034e-5
4,6,6,0:-3:0,3:0:0,3328,7,1.1517360938114665e9:1.0912056025142903e9:1.4788627657266736e8:7.695426485953562e7:4.116031219095864e7:5.427001936592426e6:5.007411926144294e6:77788.77024421374:62644.549736252746:15708.734410321927:3907.3514573799553:3163.672353646127:59.67477303647648:28.525505633517888:14.214148291723161:1.2425209411062943,6.343280328572664e-5
4,6,6,1:-3:0,3:1:0,3120,7,7.96558107250359e8:7.546909733486766e8:1.022826800602458e8:5.322231141015618e7:2.8468658763166923e7:3.7533560295590595e6:3.463216426535956e6:59794.864649840034:48147.63650817975:12077.543070983056:3002.454919644314:2432.1698433359943:51.188753157799376:24.34932465166458:12.128595441231395:1.172230078026483,7.04982046660503e-5
4,6,6,2:-3:0,3:2:0,2912,7,3.1802615907935375e8:3.0130669648281413e8:4.083915186164754e7:2.124852373540478e7:1.136799895524353e7:1.4984808869556743e6:1.3827081205416871e6:31061.945622347204:25001.87408349251:6277.872430850251:1558.0498575577565:1263.9414852446907:35.0165710879781:16.41501863345493:8.167219870927664:1.0112222707528986,9.171532710771342e-5
4,6,6,3:-3:0,3:3:0,2128,7,1.0183319399332115e8:9.647742466316386e7:1.3078321379378287e7:6.803587838875889e6:3.6410790751655614e6:479794.2645222213:442757.8249025768:13791.59338815684:11093.675427138283:2790.2282971019704:690.5532925959569:561.5659374604269:21.98632661782353:10.062294992239032:4.997068369858388:0.8362328855862201,0.00012714726033380213
4,6,6,4:-3:0,4:3:0,1344,7,3.2259909718157843e7:3.0562298268165752e7:4.143755906887985e6:2.1551996163488203e6:1.1539092224302369e6:151984.13826625256:140266.1968019636:6080.5803941331205:4886.534605360003:1231.894602541454:303.6985189941543:247.8294048931833:13.85681701359975:6.13656673466983:3.0395549743640635:0.6833975275647699,0.00017690027991485002
4,6,6,5:-3:0,5:3:0,672,8,1.1000655575218232e7:1.0421351739978693e7:1.4133107738312792e6:734871.7950780211:393680.01796099544:51822.27432651639:47832.74763322565:2827.4507435298433:2269.4187127844634:573.8175222585984:140.7619082494858:115.39390333690133:9.082539687102818:3.8603578802260823:1.9057500741701359:0.5589560658128263,0.00024112557236803588
4,6,6,-5:-2:0,5:2:0,1344,7,1.9192126720183164e7:1.818185749417003e7:2.465433227777457e6:1.2821343750708455e6:686637.7056258965:90415.18706412651:83448.86923646099:4201.214984491006:3374.3850389324025:851.805374898768:209.53119778073315:171.33049633566085:11.2859487706702:4.906802325241421:2.4268268024196407:0.621239830749826,0.00020540893172645843
4,6,6,-4:-2:0,4:2:0,2688,7,7.043192884185804e7:6.672707260776917e7:9.04589924736909e6:4.705559672863176e6:2.5185942825044584e6:331838.2105678669:306231.7120135541:10604.870929996452:8528.089309282925:2146.3710097933217:530.6143219316793:431.9264502202284:18.9414666561984:8.586983999950963:4.261222211414413:0.7847894243203174,0.0001413446864597872
4,6,6,-3:-2:0,3:2:0,2912,7,3.1802615907935405e8:3.013066964828141e8:4.083915186164755e7:2.124852373540479e7:1.1367998955243535e7:1.498480886955675e6:1.382708120541688e6:31061.945622347248:25001.87408349259:6277.872430850531:1558.049857556472:1263.9414852446146:35.016571086285595:16.415018633482592:8.167219870842871:1.0112222708877134,9.171532710771357e-5
4,6,6,-2:-2:0,2:2:0,3136,7,1.7392864175118997e9:1.647883977571075e9:2.2332444614541698e8:1.1621288082273158e8:6.215455122235379e7:8.19563920390473e6:7.561877216204885e6:104389.70611861779:84077.37596307346:21076.145839405573:5245.36891339361:4244.994899168577:70.87479458237493:34.04648979419739:16.971643386145757:1.3252540700945734,5.6370879036541356e-5
4,6,6,2:-2:0,2:2:0,3136,7,1.7392864175118997e9:1.6478839775710747e9:2.23324446145417e8:1.1621288082273164e8:6.2154551222353764e7:8.195639203904729e6:7.561877216204884e6:104389.70611861735:84077.37596307344:21076.145839404708:5245.368913394165:4244.994899135883:70.87479457458731:34.04648979365094:16.971643410946896:1.32525407820953,5.637087903654074e-5
4,6,6,3:-2:0,3:2:0,2912,7,3.180261590793539e8:3.01306696482814e8:4.083915186164755e7:2.1248523735404782e7:1.1367998955243533e7:1.4984808869556754e6:1.382708120541689e6:31061.945622347328:25001.874083492614:6277.87243085036:1558.0498575567376:1263.9414852440389:35.016571087030464:16.4150186334425:8.16721987083752:1.0112222709991556,9.171532710771369e-5
4,6,6,4:-2:0,4:2:0,2688,7,7.0431928841858e7:6.672707260776914e7:9.04589924736908e6:4.705559672863175e6:2.5185942825044594e6:331838.21056786727:306231.71201355424:10604.870929996472:8528.089309282912:2146.371009793192:530.6143219316078:431.92645022046213:18.941466656023948:8.58698399992851:4.2612222115703595:0.7847894242971827,0.00014134468645978713
4,6,6,5:-2:0,5:2:0,1344,7,1.9192126720183156e7:1.818185749417002e7:2.465433227777456e6:1.2821343750708452e6:686637.7056258965:90415.18706412653:83448.86923646093:4201.214984491008:3374.385038932405:851.8053748988413:209.53119778080645:171.33049633556632:11.285948770685357:4.906802325253122:2.4268268024755155:0.6212398307223493,0.00020540893172645906
4,6,6,-5:-1:0,5:1:0,1440,7,2.812303497903133e7:2.6642999798544962e7:3.6124594593744786e6:1.8788108743816672e6:1.0059923610939172e6:132493.03617123832:122279.57684476509:5514.487276361316:4431.006163636227:1117.4250996092292:275.32590419501514:224.7890317914539:13.122442455302325:5.784495068499615:2.8641033010077948:0.6665780265515201,0.00018402207758369782
4,6,6,-4:-1:0,4:1:0,2880,7,1.243816157930859e8:1.1784046640935484e8:1.5973830627194582e7:8.310138958340069e6:4.447060209626995e6:586038.7869189077:540793.2063404813:15904.914058927598:12795.266771242845:3217.1331463743263:796.6515637823196:647.5290177747637:23.84670597947625:10.965855460478199:5.447827707488603:0.8651603456988992,0.00012005384128845471
4,6,6,-3:-1:0,3:1:0,3120,7,7.965581072503588e8:7.546909733486767e8:1.0228268006024587e8:5.322231141015617e7:2.846865876316691e7:3.753356029559057e6:3.4632164265359533e6:59794.86464984026:48147.63650817974:12077.543070982383:3002.4549196391376:2432.1698433224046:51.18875315145369:24.349324651304617:12.128595432163651:1.1722300800184315,7.049820466604978e-5
4,6,6,3:-1:0,3:1:0,3120,7,7.96558107250359e8:7.546909733486767e8:1.0228268006024586e8:5.3222311410156175e7:2.8468658763166916e7:3.7533560295590595e6:3.4632164265359524e6:59794.8646498401:48147.63650817944:12077.543070985754:3002.454919639172:2432.169843331352:51.18875315717495:24.34932465174208:12.128595446269962:1.172230078650909,7.049820466605022e-5
4,6,6,4:-1:0,4:1:0,2880,7,1.2438161579308586e8:1.1784046640935476e8:1.5973830627194574e7:8.310138958340075e6:4.447060209626993e6:586038.7869189079:540793.2063404819:15904.914058927608:12795.266771242841:3217.1331463739834:796.6515637823114:647.5290177750019:23.846705979364437:10.965855460443475:5.447827705228257:0.8651603455924076,0.0001200538412884545
4,6,6,5:-1:0,5:1:0,1440,7,2.8123034979031317e7:2.6642999798544966e7:3.6124594593744786e6:1.8788108743816668e6:1.0059923610939168e6:132493.0361712384:122279.57684476534:5514.487276361318:4431.00616363623:1117.425099609227:275.325904195:224.78903179118478:13.122442455311221:5.7844950684869305:2.8641033008480643:0.6665780266173993,0.00018402207758369773
4,6,6,-5:0:0,5:0:0,1536,7,3.2259909718157846e7:3.0562298268165745e7:4.143755906887986e6:2.155199616348821e6:1.1539092224302362e6:151984.13826625244:140266.19680196376:6080.580394133127:4886.534605359972:1231.8946025414582:303.69851899420325:247.82940489271806:13.856817013716693:6.136566734672784:3.0395549746220616:0.6833975276280809,0.00017690027991484945
4,6,6,-4:0:0,4:0:0,3072,7,1.5377713557082492e8:1.4569073921016347e8:1.9748535346817236e7:1.0274183496220456e7:5.497745867597909e6:724546.7975722695:668597.8189233589:18501.705677495123:14886.293573454881:3741.6360173084836:927.049690596866:753.1503573304655:25.99888551962702:12.012849441818876:5.970210487633325:0.8966548386867921,0.00011296394406475291
4,6,6,-3:0:0,3:0:0,3328,7,1.1517360938114665e9:1.0912056025142903e9:1.4788627657266736e8:7.695426485953559e7:4.116031219095864e7:5.427001936592429e6:5.00741192614429e6:77788.77024421367:62644.54973625252:15708.734410321993:3907.3514573775255:3163.672353645447:59.67477303650817:28.525505633804617:14.214148291715933:1.2425209410909737,6.343280328572647e-5
4,6,6,3:0:0,3:0:0,3328,7,1.1517360938114665e9:1.09120560251429e9:1.4788627657266736e8:7.695426485953559e7:4.116031219095864e7:5.42700193659243e6:5.007411926144294e6:77788.77024421367:62644.54973625259:15708.734410322195:3907.351457379878:3163.6723536465315:59.67477303633545:28.52550563380631:14.214148291688876:1.2425209410767422,6.343280328572658e-5
4,6,6,4:0:0,4:0:0,3072,7,1.5377713557082495e8:1.456907392101636e8:1.9748535346817233e7:1.0274183496220466e7:5.49774586759791e6:724546.7975722691:668597.8189233595:18501.705677495127:14886.293573455287:3741.6360173082817:927.049690596687:753.1503573304657:25.998885519626736:12.0128494417992:5.970210487666775:0.8966548386867907,0.00011296394406475383
4,6,6,5:0:0,5:0:0,1536,7,3.2259909718157846e7:3.0562298268165737e7:4.143755906887987e6:2.1551996163488207e6:1.1539092224302366e6:151984.1382662526:140266.1968019638:6080.580394133125:4886.534605360005:1231.8946025414862:303.69851899413135:247.8294048927192:13.856817013716666:6.136566734674689:3.0395549746294757:0.6833975276280833,0.00017690027991484994
4,6,6,-5:1:0,5:1:0,1440,7,2.812303497903133e7:2.6642999798544962e7:3.6124594593744786e6:1.8788108743816672e6:1.0059923610939172e6:132493.03617123832:122279.57684476509:5514.487276361316:4431.006163636227:1117.4250996092292:275.32590419501514:224.7890317914539:13.122442455302325:5.784495068499615:2.8641033010077948:0.6665780265515201,0.00018402207758369782
4,6,6,-4:1:0,4:1:0,2880,7,1.243816157930859e8:1.1784046640935484e8:1.5973830627194582e7:8.310138958340069e6:4.447060209626995e6:586038.7869189077:540793.2063404813:15904.914058927598:12795.266771242845:3217.1331463743263:796.6515637823196:647.5290177747637:23.84670597947625:10.965855460478199:5.447827707488603:0.8651603456988992,0.00012005384128845471
4,6,6,-3:1:0,3:1:0,3120,7,7.965581072503588e8:7.546909733486767e8:1.0228268006024587e8:5.322231141015617e7:2.846865876316691e7:3.753356029559057e6:3.4632164265359533e6:59794.86464984026:48147.63650817974:12077.543070982383:3002.4549196391376:2432.1698433224046:51.18875315145369:24.349324651304617:12.128595432163651:1.1722300800184315,7.049820466604978e-5
4,6,6,3:1:0,3:1:0,3120,7,7.96558107250359e8:7.546909733486767e8:1.0228268006024586e8:5.3222311410156175e7:2.8468658763166916e7:3.7533560295590595e6:3.4632164265359524e6:59794.8646498401:48147.63650817944:12077.543070985754:3002.454919639172:2432.169843331352:51.18875315717495:24.34932465174208:12.128595446269962:1.172230078650909,7.049820466605022e-5
4,6,6,4:1:0,4:1:0,2880,7,1.2438161579308586e8:1.1784046640935476e8:1.5973830627194574e7:8.310138958340075e6:4.447060209626993e6:586038.7869189079:540793.2063404819:15904.914058927608:12795.266771242841:3217.1331463739834:796.6515637823114:647.5290177750019:23.846705979364437:10.965855460443475:5.447827705228257:0.8651603455924076,0.0001200538412884545
4,6,6,5:1:0,5:1:0,1440,7,2.8123034979031317e7:2.6642999798544966e7:3.6124594593744786e6:1.8788108743816668e6:1.0059923610939168e6:132493.0361712384:122279.57684476534:5514.487276361318:4431.00616363623:1117.425099609227:275.325904195:224.78903179118478:13.122442455311221:5.7844950684869305:2.8641033008480643:0.6665780266173993,0.00018402207758369773
4,6,6,-5:2:0,5:2:0,1344,7,1.9192126720183164e7:1.818185749417003e7:2.465433227777457e6:1.2821343750708455e6:686637.7056258965:90415.18706412651:83448.86923646099:4201.214984491006:3374.3850389324025:851.805374898768:209.53119778073315:171.33049633566085:11.2859487706702:4.906802325241421:2.4268268024196407:0.621239830749826,0.00020540893172645843
4,6,6,-4:2:0,4:2:0,2688,7,7.043192884185804e7:6.672707260776917e7:9.04589924736909e6:4.705559672863176e6:2.5185942825044584e6:331838.2105678669:306231.7120135541:10604.870929996452:8528.089309282925:2146.3710097933217:530.6143219316793:431.9264502202284:18.9414666561984:8.586983999950963:4.261222211414413:0.7847894243203174,0.0001413446864597872
4,6,6,-3:2:0,3:2:0,2912,7,3.1802615907935405e8:3.013066964828141e8:4.083915186164755e7:2.124852373540479e7:1.1367998955243535e7:1.498480886955675e6:1.382708120541688e6:31061.945622347248:25001.87408349259:6277.872430850531:1558.049857556472:1263.9414852446146:35.016571086285595:16.415018633482592:8.167219870842871:1.0112222708877134,9.171532710771357e-5
4,6,6,-2:2:0,2:2:0,3136,7,1.7392864175118997e9:1.647883977571075e9:2.2332444614541698e8:1.1621288082273158e8:6.215455122235379e7:8.19563920390473e6:7.561877216204885e6:104389.70611861779:84077.37596307346:21076.145839405573:5245.36891339361:4244.994899168577:70.87479458237493:34.04648979419739:16.971643386145757:1.3252540700945734,5.6370879036541356e-5
4,6,6,2:2:0,2:2:0,3136,7,1.7392864175118997e9:1.6478839775710747e9:2.23324446145417e8:1.1621288082273164e8:6.2154551222353764e7:8.195639203904729e6:7.561877216204884e6:104389.70611861735:84077.37596307344:21076.145839404708:5245.368913394165:4244.994899135883:70.87479457458731:34.04648979365094:16.971643410946896:1.32525407820953,5.637087903654074e-5
4,6,6,3:2:0,3:2:0,2912,7,3.180261590793539e8:3.01306696482814e8:4.083915186164755e7:2.1248523735404782e7:1.1367998955243533e7:1.4984808869556754e6:1.382708120541689e6:31061.945622347328:25001.874083492614:6277.87243085036:1558.0498575567376:1263.9414852440389:35.016571087030464:16.4150186334425:8.16721987083752:1.0112222709991556,9.171532710771369e-5
4,6,6,4:2:0,4:2:0,2688,7,7.0431928841858e7:6.672707260776914e7:9.04589924736908e6:4.705559672863175e6:2.5185942825044594e6:331838.21056786727:306231.71201355424:10604.870929996472:8528.089309282912:2146.371009793192:530.6143219316078:431.92645022046213:18.941466656023948:8.58698399992851:4.2612222115703595:0.7847894242971827,0.00014134468645978713
4,6,6,5:2:0,5:2:0,1344,7,1.9192126720183156e7:1.818185749417002e7:2.465433227777456e6:1.2821343750708452e6:686637.7056258965:90415.18706412653:83448.86923646093:4201.214984491008:3374.385038932405:851.8053748988413:209.53119778080645:171.33049633556632:11.285948770685357:4.906802325253122:2.4268268024755155:0.6212398307223493,0.00020540893172645906
4,6,6,-5:3:0,5:3:0,672,8,1.1000655575218234e7:1.0421351739978699e7:1.4133107738312802e6:734871.7950780214:393680.0179609955:51822.27432651642:47832.74763322573:2827.450743529853:2269.4187127844657:573.8175222585757:140.76190824947852:115.39390333760866:9.082539686865571:3.8603578802100187:1.9057500741724378:0.5589560657969163,0.00024112557236803753
4,6,6,-4:3:0,4:3:0,1344,7,3.2259909718157843e7:3.0562298268165752e7:4.143755906887985e6:2.1551996163488203e6:1.1539092224302369e6:151984.13826625256:140266.1968019636:6080.5803941331205:4886.534605360003:1231.894602541454:303.6985189941543:247.8294048931833:13.85681701359975:6.13656673466983:3.0395549743640635:0.6833975275647699,0.00017690027991485002
4,6,6,-3:3:0,3:3:0,2128,7,1.0183319399332115e8:9.647742466316381e7:1.3078321379378287e7:6.803587838875889e6:3.6410790751655633e6:479794.2645222215:442757.82490257657:13791.593388156867:11093.67542713831:2790.228297102001:690.5532925959881:561.5659374601432:21.98632661806205:10.062294992438146:4.997068367644664:0.8362328855770595,0.0001271472603338024
4,6,6,-2:3:0,3:2:0,2912,7,3.180261590793537e8:3.013066964828139e8:4.0839151861647524e7:2.124852373540478e7:1.136799895524353e7:1.4984808869556743e6:1.3827081205416906e6:31061.9456223473:25001.87408349254:6277.872430850911:1558.0498575561833:1263.9414852443304:35.016571087330036:16.415018633508115:8.167219871590111:1.0112222709264844,9.171532710771377e-5
4,6,6,-1:3:0,3:1:0,3120,7,7.965581072503592e8:7.546909733486769e8:1.0228268006024583e8:5.322231141015619e7:2.8468658763166904e7:3.753356029559061e6:3.463216426535955e6:59794.864649840245:48147.63650817984:12077.543070982842:3002.454919644253:2432.169843332503:51.188753160250116:24.349324650913147:12.128595443237824:1.172230078966729,7.049820466605034e-5
4,6,6,0:3:0,3:0:0,3328,7,1.1517360938114665e9:1.0912056025142903e9:1.4788627657266736e8:7.695426485953562e7:4.116031219095864e7:5.427001936592426e6:5.007411926144294e6:77788.77024421374:62644.549736252746:15708.734410321927:3907.3514573799553:3163.672353646127:59.67477303647648:28.525505633517888:14.214148291723161:1.2425209411062943,6.343280328572664e-5
4,6,6,1:3:0,3:1:0,3120,7,7.96558107250359e8:7.546909733486766e8:1.022826800602458e8:5.322231141015618e7:2.8468658763166923e7:3.7533560295590595e6:3.463216426535956e6:59794.864649840034:48147.63650817975:12077.543070983056:3002.454919644314:2432.1698433359943:51.188753157799376:24.34932465166458:12.128595441231395:1.172230078026483,7.04982046660503e-5
4,6,6,2:3:0,3:2:0,2912,7,3.1802615907935375e8:3.0130669648281413e8:4.083915186164754e7:2.124852373540478e7:1.136799895524353e7:1.4984808869556743e6:1.3827081205416871e6:31061.945622347204:25001.87408349251:6277.872430850251:1558.0498575577565:1263.9414852446907:35.0165710879781:16.41501863345493:8.167219870927664:1.0112222707528986,9.171532710771342e-5
4,6,6,3:3:0,3:3:0,2128,7,1.0183319399332115e8:9.647742466316386e7:1.3078321379378287e7:6.803587838875889e6:3.6410790751655614e6:479794.2645222213:442757.8249025768:13791.59338815684:11093.675427138283:2790.2282971019704:690.5532925959569:561.5659374604269:21.98632661782353:10.062294992239032:4.997068369858388:0.8362328855862201,0.00012714726033380213
4,6,6,4:3:0,4:3:0,1344,7,3.2259909718157843e7:3.0562298268165752e7:4.143755906887985e6:2.1551996163488203e6:1.1539092224302369e6:151984.13826625256:140266.1968019636:6080.5803941331205:4886.534605360003:1231.894602541454:303.6985189941543:247.8294048931833:13.85681701359975:6.13656673466983:3.0395549743640635:0.6833975275647699,0.00017690027991485002
4,6,6,5:3:0,5:3:0,672,8,1.1000655575218232e7:1.0421351739978693e7:1.4133107738312792e6:734871.7950780211:393680.01796099544:51822.27432651639:47832.74763322565:2827.4507435298433:2269.4187127844634:573.8175222585984:140.7619082494858:115.39390333690133:9.082539687102818:3.8603578802260823:1.9057500741701359:0.5589560658128263,0.00024112557236803588
4,6,6,-3:4:0,4:3:0,1344,7,3.225990971815786e7:3.0562298268165756e7:4.1437559068879876e6:2.1551996163488203e6:1.1539092224302373e6:151984.13826625256:140266.19680196373:6080.580394133128:4886.534605360008:1231.8946025414668:303.6985189941803:247.82940489279795:13.856817013739585:6.1365667347028285:3.0395549745470127:0.6833975276144914,0.00017690027991484997
4,6,6,-2:4:0,4:2:0,2688,7,7.043192884185801e7:6.672707260776914e7:9.045899247369085e6:4.705559672863175e6:2.518594282504459e6:331838.21056786686:306231.7120135545:10604.870929996425:8528.089309282921:2146.3710097934077:530.6143219318163:431.9264502201151:18.941466656043502:8.586983999903085:4.261222211290382:0.784789424390052,0.00014134468645978713
4,6,6,-1:4:0,4:1:0,2880,7,1.2438161579308587e8:1.1784046640935476e8:1.5973830627194589e7:8.310138958340071e6:4.447060209626995e6:586038.7869189082:540793.206340483:15904.914058927641:12795.266771242857:3217.1331463741794:796.6515637820477:647.5290177734947:23.84670597847897:10.965855460125283:5.447827707002326:0.8651603458341723,0.00012005384128845456
4,6,6,0:4:0,4:0:0,3072,7,1.5377713557082495e8:1.4569073921016356e8:1.9748535346817236e7:1.027418349622045e7:5.497745867597911e6:724546.7975722688:668597.8189233586:18501.7056774952:14886.293573454814:3741.636017308516:927.0496905968787:753.1503573304669:25.998885519662483:12.012849441809633:5.97021048763589:0.8966548386847478,0.00011296394406475295
4,6,6,1:4:0,4:1:0,2880,7,1.2438161579308587e8:1.1784046640935478e8:1.5973830627194578e7:8.310138958340067e6:4.447060209626994e6:586038.786918908:540793.2063404823:15904.914058927607:12795.266771242912:3217.133146374011:796.6515637821664:647.5290177771216:23.846705978779372:10.965855460610516:5.447827706638342:0.8651603453872044,0.00012005384128845512
4,6,6,2:4:0,4:2:0,2688,7,7.043192884185803e7:6.6727072607769124e7:9.04589924736908e6:4.705559672863176e6:2.518594282504459e6:331838.210567867:306231.7120135545:10604.870929996478:8528.089309282903:2146.3710097934104:530.6143219317977:431.9264502198831:18.94146665607771:8.586983999890593:4.261222211414029:0.7847894244305181,0.00014134468645978735
4,6,6,3:4:0,4:3:0,1344,7,3.2259909718157846e7:3.0562298268165734e7:4.143755906887985e6:2.1551996163488207e6:1.1539092224302364e6:151984.1382662525:140266.19680196367:6080.580394133124:4886.534605360015:1231.8946025414618:303.69851899415556:247.82940489253875:13.856817013740384:6.136566734672224:3.039554974455682:0.6833975276427164,0.00017690027991484986
4,6,6,-3:5:0,5:3:0,672,8,1.1000655575218232e7:1.0421351739978697e7:1.41331077383128e6:734871.7950780214:393680.0179609953:51822.274326516446:47832.74763322569:2827.4507435298465:2269.4187127844716:573.8175222586041:140.76190824947167:115.3939033362811:9.082539687001598:3.8603578802054455:1.905750074166815:0.5589560658079288,0.0002411255723680351
4,6,6,-2:5:0,5:2:0,1344,7,1.919212672018316e7:1.818185749417003e7:2.4654332277774564e6:1.2821343750708455e6:686637.7056258965:90415.18706412654:83448.86923646105:4201.214984491013:3374.385038932405:851.8053748988336:209.53119778076956:171.33049633574635:11.285948770674235:4.906802325257994:2.426826802594565:0.621239830740013,0.00020540893172645925
4,6,6,-1:5:0,5:1:0,1440,7,2.8123034979031317e7:2.6642999798544943e7:3.612459459374476e6:1.8788108743816668e6:1.0059923610939173e6:132493.03617123837:122279.5768447652:5514.487276361298:4431.006163636234:1117.4250996092321:275.32590419499655:224.78903179131885:13.12244245526864:5.7844950684957785:2.86410330098353:0.6665780265940339,0.0001840220775836976
4,6,6,0:5:0,5:0:0,1536,7,3.2259909718157846e7:3.0562298268165745e7:4.143755906887987e6:2.1551996163488203e6:1.1539092224302362e6:151984.13826625235:140266.19680196384:6080.5803941331305:4886.534605360022:1231.8946025414639:303.6985189941805:247.82940489271695:13.856817013706419:6.136566734675978:3.039554974621723:0.683397527631835,0.0001769002799148502
4,6,6,1:5:0,5:1:0,1440,7,2.812303497903133e7:2.6642999798544966e7:3.612459459374481e6:1.8788108743816686e6:1.0059923610939169e6:132493.03617123837:122279.57684476527:5514.487276361311:4431.006163636246:1117.4250996092408:275.32590419499326:224.789031791634:13.122442455305665:5.784495068542069:2.864103300896653:0.666578026506916,0.0001840220775836982
4,6,6,2:5:0,5:2:0,1344,7,1.9192126720183156e7:1.818185749417001e7:2.465433227777456e6:1.2821343750708452e6:686637.7056258965:90415.18706412647:83448.8692364609:4201.214984491019:3374.385038932404:851.805374898801:209.53119778074856:171.33049633551332:11.28594877060903:4.906802325199998:2.4268268026583373:0.6212398307857431,0.000205408931726459
4,6,6,3:5:0,5:3:0,672,8,1.1000655575218232e7:1.0421351739978695e7:1.41331077383128e6:734871.7950780215:393680.0179609954:51822.274326516366:47832.747633225634:2827.450743529851:2269.4187127844666:573.8175222585564:140.76190824945417:115.39390333713466:9.082539686963225:3.860357880214165:1.9057500741697935:0.5589560658029702,0.00024112557236803634
4,6,6,-3:-5:1,5:3:1,630,8,9.287420635829037e6:8.90004932347966e6:1.2570126348456817e6:672360.5579840584:374303.9180864553:48929.31866904775:44665.07784494497:2516.881286793249:2058.4899683955587:548.3775665333925:134.3508471859334:109.33763621094643:8.652868284739036:3.6924218228882024:1.8473126542660216:0.5457070672615811,0.00025502169509195185
4,6,6,-2:-5:1,5:2:1,1260,7,1.5746051900222033e7:1.5118161168554468e7:2.1495139718700554e6:1.1555096351057135e6:647066.7593481862:84536.46231325493:77041.96840820156:3666.5445157126355:3010.400898437988:807.6281341100149:198.39872639101768:160.85291826352002:10.65762991278461:4.658862375688788:2.338458867928526:0.6050524284231067,0.0002193027904480943
4,6,6,-1:-5:1,5:1:1,1350,7,2.256371270318653e7:2.1695975686560474e7:3.1008973909185957e6:1.6734226860442671e6:941394.1813542279:122934.19732132896:111899.39431283578:4739.020510803699:3902.1639358922503:1052.8922755829615:259.0769020304561:209.5393948078127:12.306781128253453:5.460661972646394:2.747031408271648:0.647981911966083,0.00019792092447098477
4,6,6,0:-5:1,5:1:0,1440,7,2.5660949361171775e7:2.468806855835261e7:3.5356595768030914e6:1.9108938202661402e6:1.0768802175565755e6:140603.3725339912:127924.52573930123:5194.541178825668:4281.881711543557:1157.9518905708126:285.0882914235318:230.38274277442238:12.961018892222269:5.780170739479578:2.9100992616382166:0.6638467407379819,0.00019080221650304434
4,6,6,1:-5:1,5:1:1,1350,7,2.2563712703186553e7:2.16959756865605e7:3.100897390918597e6:1.673422686044269e6:941394.181354228:122934.19732132897:111899.39431283581:4739.020510803716:3902.1639358922503:1052.892275582941:259.0769020304815:209.53939480780042:12.30678112838328:5.460661972634909:2.747031408023883:0.6479819120863426,0.00019792092447098487
4,6,6,2:-5:1,5:2:1,1260,7,1.574605190022202e7:1.5118161168554464e7:2.149513971870055e6:1.1555096351057133e6:647066.7593481863:84536.4623132549:77041.96840820152:3666.5445157126196:3010.4008984380102:807.6281341099508:198.3987263910147:160.85291826349174:10.657629912778665:4.658862375723783:2.3384588680251848:0.6050524283752048,0.00021930279044809394
4,6,6,3:-5:1,5:3:1,630,8,9.287420635829039e6:8.90004932347967e6:1.2570126348456822e6:672360.5579840579:374303.9180864552:48929.31866904775:44665.07784494503:2516.8812867932456:2058.4899683956055:548.3775665333918:134.35084718593876:109.33763621094432:8.652868284739018:3.6924218228926993:1.8473126542318457:0.5457070672594251,0.00025502169509195375
4,6,6,-3:-4:1,4:3:1,1260,7,2.56609493611718e7:2.4688068558352627e7:3.5356595768030896e6:1.9108938202661402e6:1.0768802175565758e6:140603.3725339913:127924.52573930117:5194.541178825666:4281.881711543495:1157.9518905707707:285.0882914231272:230.38274277441076:12.961018892172573:5.780170739468379:2.910099262060315:0.6638467406495038,0.0001908022165030424
4,6,6,-2:-4:1,4:2:1,2520,7,5.299535614726069e7:5.117067803530273e7:7.424524103004651e6:4.0513747820262997e6:2.3090090085290046e6:301180.1133742846:273272.610373118:8718.624024718789:7235.463275876424:1985.980239132147:490.40639710494673:394.49073271443524:17.415255039434125:7.972979964216918:4.032833206047529:0.7587351243824129,0.00015527745657550697
4,6,6,-1:-4:1,4:1:1,2700,7,8.915631086179219e7:8.635361787086889e7:1.2673243495399328e7:6.973354906240632e6:4.012807174879799e6:523066.59446701553:473586.74071903445:12645.701387187884:10553.86113455746:2935.321429806669:726.3190393580048:582.4243428595876:21.598528249661417:10.054728675343249:5.103974794963329:0.8329700688602036,0.0001340237681770902
4,6,6,0:-4:1,4:1:0,2880,7,1.0803637866823025e8:1.0477277177134548e8:1.5449403956938254e7:8.530192258425977e6:4.927972455088291e6:642217.9393836863:580990.9655235658:14508.242086738357:12135.993844258413:3393.9272541183764:840.4439462394399:673.1698750202966:23.401866890446797:10.95760366547404:5.570007457574675:0.8618065584485305,0.00012695107384310664
4,6,6,1:-4:1,4:1:1,2700,7,8.915631086179216e7:8.63536178708688e7:1.267324349539933e7:6.973354906240632e6:4.0128071748797996e6:523066.5944670154:473586.740719035:12645.701387187832:10553.861134557463:2935.3214298068524:726.3190393578767:582.4243428594926:21.598528250028703:10.054728675555845:5.103974795081871:0.8329700682631281,0.00013402376817709018
4,6,6,2:-4:1,4:2:1,2520,7,5.2995356147260696e7:5.117067803530276e7:7.424524103004648e6:4.0513747820263035e6:2.3090090085290056e6:301180.11337428476:273272.6103731177:8718.62402471881:7235.463275876343:1985.980239132119:490.40639710490734:394.4907327144564:17.41525503975841:7.9729799640230015:4.032833206273281:0.7587351242997469,0.0001552774565755064
4,6,6,3:-4:1,4:3:1,1260,7,2.5660949361171782e7:2.46880685583526e7:3.5356595768030896e6:1.9108938202661392e6:1.0768802175565758e6:140603.37253399115:127924.52573930108:5194.541178825646:4281.881711543589:1157.951890570821:285.0882914231691:230.3827427744206:12.961018892113001:5.780170739486294:2.910099261697437:0.6638467407480385,0.00019080221650304404
4,6,6,-5:-3:1,5:3:1,630,8,9.287420635829037e6:8.900049323479664e6:1.2570126348456824e6:672360.5579840584:374303.9180864552:48929.31866904774:44665.07784494501:2516.8812867932593:2058.489968395576:548.3775665334201:134.35084718593092:109.33763621095409:8.65286828470469:3.692421822889523:1.8473126542506093:0.5457070672570907,0.0002550216950919536
4,6,6,-4:-3:1,4:3:1,1260,7,2.5660949361171775e7:2.4688068558352597e7:3.535659576803089e6:1.9108938202661392e6:1.0768802175565755e6:140603.37253399126:127924.52573930123:5194.541178825656:4281.881711543568:1157.951890570789:285.08829142312266:230.38274277442684:12.961018892217716:5.78017073941371:2.910099261999335:0.6638467406553576,0.00019080221650304372
4,6,6,-3:-3:1,3:3:1,1995,7,7.43130422814771e7:7.189513234165087e7:1.050688491685575e7:5.763591693883255e6:3.304957991316282e6:430895.8934958784:390432.4287712771:11101.703582291831:9246.189468994402:2559.08021613876:632.7659724412392:507.96048388857014:20.024272159141855:9.26912773773886:4.699184605364567:0.8063562142552695,0.00014110265536376442
4,6,6,-2:-3:1,3:2:1,2730,7,2.066762800696526e8:2.014043107874165e8:3.025121158478664e7:1.6926163657219306e7:9.924565194524618e6:1.2927667184557908e6:1.166196179365653e6:23084.293371212385:19477.67713965255:5564.297708629855:1381.7620167771881:1102.5697906028772:30.766039121634822:14.673258146099485:7.496556166587424:0.965420864511244,0.00010577609801860004
4,6,6,-1:-3:1,3:1:1,2925,7,4.5815893521868e8:4.4974710360972965e8:6.955178722952577e7:3.9722613069153614e7:2.380672195137157e7:3.1027815195540925e6:2.7892809766657925e6:40858.156247909916:34926.75985840419:10312.039886046934:2571.996530471608:2043.214680968456:43.29933345992626:21.08430706938049:10.850649724282768:1.107369997369293,8.468805201584699e-5
4,6,6,0:-3:1,3:1:0,3120,7,6.253199135711265e8:6.158912730574355e8:9.658143204662938e7:5.568824055933942e7:3.370175084934659e7:4.396185404106247e6:3.947000884150292e6:51088.73666669859:43933.49701848145:13171.38796342992:3292.4820572678614:2611.298549643211:49.57777286925307:24.3309070896871:12.562577807212122:1.1679006664230116,7.768722843674455e-5
4,6,6,1:-3:1,3:1:1,2925,7,4.581589352186798e8:4.4974710360972935e8:6.955178722952574e7:3.9722613069153614e7:2.380672195137157e7:3.1027815195540925e6:2.7892809766657962e6:40858.156247909705:34926.759858404184:10312.039886046015:2571.99653047247:2043.2146809665373:43.29933345736617:21.084307068495097:10.85064972506253:1.1073699945921358,8.468805201584649e-5
4,6,6,2:-3:1,3:2:1,2730,7,2.0667628006965268e8:2.0140431078741637e8:3.025121158478664e7:1.692616365721931e7:9.924565194524614e6:1.2927667184557894e6:1.1661961793656526e6:23084.293371212458:19477.677139651987:5564.297708629834:1381.7620167771445:1102.569790602689:30.766039120656277:14.673258145385885:7.496556166924226:0.965420864658044,0.00010577609801859895
4,6,6,3:-3:1,3:3:1,1995,7,7.431304228147711e7:7.18951323416509e7:1.050688491685575e7:5.763591693883258e6:3.3049579913162813e6:430895.8934958783:390432.4287712771:11101.703582291871:9246.189468994682:2559.080216138871:632.7659724413684:507.960483888592:20.02427215878664:9.269127737474482:4.699184605628342:0.8063562146856443,0.00014110265536376658
4,6,6,4:-3:1,4:3:1,1260,7,2.5660949361171775e7:2.4688068558352597e7:3.535659576803089e6:1.9108938202661392e6:1.0768802175565755e6:140603.37253399126:127924.52573930123:5194.541178825656:4281.881711543568:1157.951890570789:285.08829142312266:230.38274277442684:12.961018892217716:5.78017073941371:2.910099261999335:0.6638467406553576,0.00019080221650304372
4,6,6,5:-3:1,5:3:1,630,8,9.287420635829035e6:8.90004932347967e6:1.2570126348456822e6:672360.5579840579:374303.91808645515:48929.3186690478:44665.077844945015:2516.881286793254:2058.4899683955987:548.3775665334858:134.3508471859531:109.33763621094877:8.65286828471583:3.692421822876929:1.8473126542366571:0.5457070672672123,0.0002550216950919552
4,6,6,-5:-2:1,5:2:1,1260,7,1.5746051900222035e7:1.5118161168554464e7:2.149513971870055e6:1.155509635105713e6:647066.7593481863:84536.46231325493:77041.96840820149:3666.5445157126524:3010.400898438007:807.6281341100055:198.39872639101438:160.85291826351065:10.657629912706177:4.6588623755733245:2.338458867965936:0.6050524283913239,0.00021930279044809532
4,6,6,-4:-2:1,4:2:1,2520,7,5.2995356147260725e7:5.117067803530276e7:7.424524103004649e6:4.0513747820263e6:2.3090090085290046e6:301180.11337428476:273272.61037311767:8718.62402471883:7235.463275876355:1985.9802391322914:490.4063971049473:394.49073271450413:17.415255039461705:7.9729799641948835:4.032833205976911:0.7587351244185184,0.00015527745657550705
4,6,6,-3:-2:1,3:2:1,2730,7,2.0667628006965283e8:2.0140431078741652e8:3.025121158478666e7:1.6926163657219313e7:9.924565194524618e6:1.2927667184557898e6:1.1661961793656517e6:23084.2933712125:19477.6771396522:5564.297708629765:1381.7620167771038:1102.569790602744:30.76603912120994:14.67325814600759:7.49655616677534:0.9654208646590673,0.0001057760980185994
4,6,6,-2:-2:1,2:2:1,2940,7,8.79504936638104e8:8.697256859834995e8:1.387728554703297e8:8.09469285845836e7:4.955147135035046e7:6.474072040309295e6:5.805274911459665e6:65293.918302993894:56555.076385425644:17273.915922061708:4330.739860745979:3428.9576098161183:57.58907831410303:28.50391328092101:14.77546892766021:1.237965575948668,7.070710726766964e-5
4,6,6,2:-2:1,2:2:1,2940,7,8.795049366381041e8:8.697256859834994e8:1.3877285547032976e8:8.094692858458361e7:4.9551471350350484e7:6.474072040309294e6:5.805274911459663e6:65293.91830299439:56555.07638542637:17273.915922060212:4330.739860747336:3428.957609816817:57.58907831507061:28.503913278815833:14.775468930449794:1.2379655706046289,7.070710726767013e-5
4,6,6,3:-2:1,3:2:1,2730,7,2.0667628006965274e8:2.0140431078741646e8:3.025121158478665e7:1.6926163657219313e7:9.924565194524618e6:1.2927667184557891e6:1.166196179365653e6:23084.293371212476:19477.67713965234:5564.2977086297715:1381.7620167770885:1102.5697906025903:30.766039120850728:14.673258146732882:7.496556166703555:0.9654208646640822,0.00010577609801859968
4,6,6,4:-2:1,4:2:1,2520,7,5.2995356147260666e7:5.117067803530276e7:7.4245241030046465e6:4.0513747820262997e6:2.3090090085290032e6:301180.1133742846:273272.6103731179:8718.624024718807:7235.463275876376:1985.98023913219:490.40639710505627:394.4907327144211:17.415255039440023:7.97297996421811:4.032833205856967:0.7587351243785844,0.00015527745657550692
4,6,6,5:-2:1,5:2:1,1260,7,1.574605190022202e7:1.5118161168554455e7:2.1495139718700554e6:1.1555096351057133e6:647066.7593481862:84536.46231325492:77041.96840820154:3666.5445157126383:3010.4008984379916:807.6281341100134:198.39872639103928:160.852918263506:10.657629912691895:4.6588623758127605:2.3384588680040315:0.6050524283995113,0.0002193027904480947
4,6,6,-5:-1:1,5:1:1,1350,7,2.2563712703186546e7:2.1695975686560497e7:3.1008973909185985e6:1.6734226860442678e6:941394.1813542279:122934.197321329:111899.39431283582:4739.020510803694:3902.163935892272:1052.8922755829267:259.07690203042023:209.53939480781327:12.30678112842089:5.460661972636873:2.747031408409136:0.6479819119819452,0.0001979209244709847
4,6,6,-4:-1:1,4:1:1,2700,7,8.915631086179219e7:8.635361787086886e7:1.2673243495399332e7:6.973354906240634e6:4.0128071748798015e6:523066.59446701506:473586.74071903515:12645.70138718782:10553.861134557463:2935.3214298067774:726.3190393583002:582.4243428595599:21.598528249571807:10.054728674759138:5.103974796551043:0.8329700683018705,0.00013402376817709012
4,6,6,-3:-1:1,3:1:1,2925,7,4.5815893521867967e8:4.4974710360972935e8:6.955178722952576e7:3.9722613069153614e7:2.380672195137156e7:3.1027815195540935e6:2.7892809766657935e6:40858.1562479097:34926.75985840429:10312.039886046838:2571.9965304728307:2043.214680967336:43.29933345533112:21.084307065779303:10.850649728814094:1.1073699931269498,8.46880520158469e-5
4,6,6,3:-1:1,3:1:1,2925,7,4.581589352186798e8:4.497471036097293e8:6.955178722952579e7:3.97226130691536e7:2.380672195137155e7:3.1027815195540916e6:2.7892809766657944e6:40858.15624790995:34926.75985840418:10312.03988604693:2571.996530471496:2043.214680967717:43.2993334544656:21.084307068896734:10.850649723273381:1.10736999564493,8.468805201584703e-5
4,6,6,4:-1:1,4:1:1,2700,7,8.915631086179219e7:8.635361787086885e7:1.2673243495399328e7:6.973354906240635e6:4.0128071748798024e6:523066.5944670155:473586.74071903474:12645.701387187864:10553.861134557514:2935.321429806771:726.3190393578684:582.4243428595644:21.598528249523618:10.054728676004034:5.103974797722524:0.8329700681858736,0.00013402376817709047
4,6,6,5:-1:1,5:1:1,1350,7,2.2563712703186534e7:2.169597568656048e7:3.100897390918597e6:1.6734226860442678e6:941394.1813542279:122934.19732132893:111899.3943128358:4739.020510803691:3902.1639358922785:1052.8922755829535:259.0769020305726:209.53939480781463:12.306781128417132:5.460661972545655:2.7470314085460954:0.64798191191339,0.00019792092447098523
4,6,6,-5:0:1,5:1:0,1440,7,2.5660949361171775e7:2.4688068558352597e7:3.5356595768030887e6:1.9108938202661409e6:1.0768802175565755e6:140603.37253399123:127924.52573930124:5194.541178825626:4281.881711543585:1157.9518905708842:285.0882914231498:230.38274277441647:12.961018892139371:5.78017073938343:2.91009926168717:0.663846740725715,0.00019080221650304385
4,6,6,-4:0:1,4:1:0,2880,7,1.0803637866823025e8:1.0477277177134548e8:1.5449403956938256e7:8.530192258425975e6:4.927972455088294e6:642217.9393836864:580990.9655235661:14508.242086738413:12135.993844258657:3393.9272541178366:840.443946232081:673.1698750204152:23.401866890607085:10.957603665554533:5.570007458028173:0.8618065584435991,0.0001269510738431052
4,6,6,-3:0:1,3:1:0,3120,7,6.253199135711265e8:6.158912730574353e8:9.65814320466294e7:5.5688240559339434e7:3.370175084934659e7:4.396185404106245e6:3.9470008841502923e6:51088.7366666984:43933.497018481976:13171.3879634304:3292.482057267805:2611.298549643207:49.57777287020862:24.330907089889294:12.562577809794023:1.167900666092759,7.768722843674489e-5
4,6,6,3:0:1,3:1:0,3120,7,6.253199135711265e8:6.158912730574353e8:9.658143204662938e7:5.568824055933942e7:3.370175084934659e7:4.396185404106247e6:3.9470008841502937e6:51088.73666669845:43933.49701848207:13171.38796340937:3292.482057267924:2611.2985496469432:49.57777287043651:24.33090708948483:12.56257780986493:1.1679006660823277,7.768722843674062e-5
4,6,6,4:0:1,4:1:0,2880,7,1.0803637866823025e8:1.0477277177134544e8:1.544940395693826e7:8.530192258425977e6:4.927972455088293e6:642217.9393836864:580990.9655235659:14508.242086738399:12135.993844258666:3393.927254116447:840.4439462322641:673.1698750207757:23.401866890522957:10.957603665605703:5.570007458008013:0.8618065584417799,0.0001269510738431037
4,6,6,5:0:1,5:1:0,1440,7,2.5660949361171775e7:2.4688068558352593e7:3.535659576803089e6:1.9108938202661397e6:1.0768802175565758e6:140603.37253399118:127924.52573930127:5194.541178825638:4281.881711543534:1157.951890568725:285.0882914230878:230.3827427746633:12.961018892167907:5.7801707395366915:2.9100992616761614:0.6638467407235001,0.0001908022165030332
4,6,6,-5:1:1,5:1:1,1350,7,2.2563712703186546e7:2.1695975686560497e7:3.1008973909185985e6:1.6734226860442678e6:941394.1813542279:122934.197321329:111899.39431283582:4739.020510803694:3902.163935892272:1052.8922755829267:259.07690203042023:209.53939480781327:12.30678112842089:5.460661972636873:2.747031408409136:0.6479819119819452,0.0001979209244709847
4,6,6,-4:1:1,4:1:1,2700,7,8.915631086179219e7:8.635361787086886e7:1.2673243495399332e7:6.973354906240634e6:4.0128071748798015e6:523066.59446701506:473586.74071903515:12645.70138718782:10553.861134557463:2935.3214298067774:726.3190393583002:582.4243428595599:21.598528249571807:10.054728674759138:5.103974796551043:0.8329700683018705,0.00013402376817709012
4,6,6,-3:1:1,3:1:1,2925,7,4.5815893521867967e8:4.4974710360972935e8:6.955178722952576e7:3.9722613069153614e7:2.380672195137156e7:3.1027815195540935e6:2.7892809766657935e6:40858.1562479097:34926.75985840429:10312.039886046838:2571.9965304728307:2043.214680967336:43.29933345533112:21.084307065779303:10.850649728814094:1.1073699931269498,8.46880520158469e-5
4,6,6,3:1:1,3:1:1,2925,7,4.581589352186798e8:4.497471036097293e8:6.955178722952579e7:3.97226130691536e7:2.380672195137155e7:3.1027815195540916e6:2.7892809766657944e6:40858.15624790995:34926.75985840418:10312.03988604693:2571.996530471496:2043.214680967717:43.2993334544656:21.084307068896734:10.850649723273381:1.10736999564493,8.468805201584703e-5
4,6,6,4:1:1,4:1:1,2700,7,8.915631086179219e7:8.635361787086885e7:1.2673243495399328e7:6.973354906240635e6:4.0128071748798024e6:523066.5944670155:473586.74071903474:12645.701387187864:10553.861134557514:2935.321429806771:726.3190393578684:582.4243428595644:21.598528249523618:10.054728676004034:5.103974797722524:0.8329700681858736,0.00013402376817709047
4,6,6,5:1:1,5:1:1,1350,7,2.2563712703186534e7:2.169597568656048e7:3.100897390918597e6:1.6734226860442678e6:941394.1813542279:122934.19732132893:111899.3943128358:4739.020510803691:3902.1639358922785:1052.8922755829535:259.0769020305726:209.53939480781463:12.306781128417132:5.460661972545655:2.7470314085460954:0.64798191191339,0.00019792092447098523
4,6,6,-5:2:1,5:2:1,1260,7,1.5746051900222035e7:1.5118161168554464e7:2.149513971870055e6:1.155509635105713e6:647066.7593481863:84536.46231325493:77041.96840820149:3666.5445157126524:3010.400898438007:807.6281341100055:198.39872639101438:160.85291826351065:10.657629912706177:4.6588623755733245:2.338458867965936:0.6050524283913239,0.00021930279044809532
4,6,6,-4:2:1,4:2:1,2520,7,5.2995356147260725e7:5.117067803530276e7:7.424524103004649e6:4.0513747820263e6:2.3090090085290046e6:301180.11337428476:273272.61037311767:8718.62402471883:7235.463275876355:1985.9802391322914:490.4063971049473:394.49073271450413:17.415255039461705:7.9729799641948835:4.032833205976911:0.7587351244185184,0.00015527745657550705
4,6,6,-3:2:1,3:2:1,2730,7,2.0667628006965283e8:2.0140431078741652e8:3.025121158478666e7:1.6926163657219313e7:9.924565194524618e6:1.2927667184557898e6:1.1661961793656517e6:23084.2933712125:19477.6771396522:5564.297708629765:1381.7620167771038:1102.569790602744:30.76603912120994:14.67325814600759:7.49655616677534:0.9654208646590673,0.0001057760980185994
4,6,6,-2:2:1,2:2:1,2940,7,8.79504936638104e8:8.697256859834995e8:1.387728554703297e8:8.09469285845836e7:4.955147135035046e7:6.474072040309295e6:5.805274911459665e6:65293.918302993894:56555.076385425644:17273.915922061708:4330.739860745979:3428.9576098161183:57.58907831410303:28.50391328092101:14.77546892766021:1.237965575948668,7.070710726766964e-5
4,6,6,2:2:1,2:2:1,2940,7,8.795049366381041e8:8.697256859834994e8:1.3877285547032976e8:8.094692858458361e7:4.9551471350350484e7:6.474072040309294e6:5.805274911459663e6:65293.91830299439:56555.07638542637:17273.915922060212:4330.739860747336:3428.957609816817:57.58907831507061:28.503913278815833:14.775468930449794:1.2379655706046289,7.070710726767013e-5
4,6,6,3:2:1,3:2:1,2730,7,2.0667628006965274e8:2.0140431078741646e8:3.025121158478665e7:1.6926163657219313e7:9.924565194524618e6:1.2927667184557891e6:1.166196179365653e6:23084.293371212476:19477.67713965234:5564.2977086297715:1381.7620167770885:1102.5697906025903:30.766039120850728:14.673258146732882:7.496556166703555:0.9654208646640822,0.00010577609801859968
4,6,6,4:2:1,4:2:1,2520,7,5.2995356147260666e7:5.117067803530276e7:7.4245241030046465e6:4.0513747820262997e6:2.3090090085290032e6:301180.1133742846:273272.6103731179:8718.624024718807:7235.463275876376:1985.98023913219:490.40639710505627:394.4907327144211:17.415255039440023:7.97297996421811:4.032833205856967:0.7587351243785844,0.00015527745657550692
4,6,6,5:2:1,5:2:1,1260,7,1.574605190022202e7:1.5118161168554455e7:2.1495139718700554e6:1.1555096351057133e6:647066.7593481862:84536.46231325492:77041.96840820154:3666.5445157126383:3010.4008984379916:807.6281341100134:198.39872639103928:160.852918263506:10.657629912691895:4.6588623758127605:2.3384588680040315:0.6050524283995113,0.0002193027904480947
4,6,6,-5:3:1,5:3:1,630,8,9.287420635829037e6:8.900049323479664e6:1.2570126348456824e6:672360.5579840584:374303.9180864552:48929.31866904774:44665.07784494501:2516.8812867932593:2058.489968395576:548.3775665334201:134.35084718593092:109.33763621095409:8.65286828470469:3.692421822889523:1.8473126542506093:0.5457070672570907,0.0002550216950919536
4,6,6,-4:3:1,4:3:1,1260,7,2.5660949361171775e7:2.4688068558352597e7:3.535659576803089e6:1.9108938202661392e6:1.0768802175565755e6:140603.37253399126:127924.52573930123:5194.541178825656:4281.881711543568:1157.951890570789:285.08829142312266:230.38274277442684:12.961018892217716:5.78017073941371:2.910099261999335:0.6638467406553576,0.00019080221650304372
4,6,6,-3:3:1,3:3:1,1995,7,7.43130422814771e7:7.189513234165087e7:1.050688491685575e7:5.763591693883255e6:3.304957991316282e6:430895.8934958784:390432.4287712771:11101.703582291831:9246.189468994402:2559.08021613876:632.7659724412392:507.96048388857014:20.024272159141855:9.26912773773886:4.699184605364567:0.8063562142552695,0.00014110265536376442
4,6,6,-2:3:1,3:2:1,2730,7,2.066762800696526e8:2.014043107874165e8:3.025121158478664e7:1.6926163657219306e7:9.924565194524618e6:1.2927667184557908e6:1.166196179365653e6:23084.293371212385:19477.67713965255:5564.297708629855:1381.7620167771881:1102.5697906028772:30.766039121634822:14.673258146099485:7.496556166587424:0.965420864511244,0.00010577609801860004
4,6,6,-1:3:1,3:1:1,2925,7,4.5815893521868e8:4.4974710360972965e8:6.955178722952577e7:3.9722613069153614e7:2.380672195137157e7:3.1027815195540925e6:2.7892809766657925e6:40858.156247909916:34926.75985840419:10312.039886046934:2571.996530471608:2043.214680968456:43.29933345992626:21.08430706938049:10.850649724282768:1.107369997369293,8.468805201584699e-5
4,6,6,0:3:1,3:1:0,3120,7,6.253199135711265e8:6.158912730574355e8:9.658143204662938e7:5.568824055933942e7:3.370175084934659e7:4.396185404106247e6:3.947000884150292e6:51088.73666669859:43933.49701848145:13171.38796342992:3292.4820572678614:2611.298549643211:49.57777286925307:24.3309070896871:12.562577807212122:1.1679006664230116,7.768722843674455e-5
4,6,6,1:3:1,3:1:1,2925,7,4.581589352186798e8:4.4974710360972935e8:6.955178722952574e7:3.9722613069153614e7:2.380672195137157e7:3.1027815195540925e6:2.7892809766657962e6:40858.156247909705:34926.759858404184:10312.039886046015:2571.99653047247:2043.2146809665373:43.29933345736617:21.084307068495097:10.85064972506253:1.1073699945921358,8.468805201584649e-5
4,6,6,2:3:1,3:2:1,2730,7,2.0667628006965268e8:2.0140431078741637e8:3.025121158478664e7:1.692616365721931e7:9.924565194524614e6:1.2927667184557894e6:1.1661961793656526e6:23084.293371212458:19477.677139651987:5564.297708629834:1381.7620167771445:1102.569790602689:30.766039120656277:14.673258145385885:7.496556166924226:0.965420864658044,0.00010577609801859895
4,6,6,3:3:1,3:3:1,1995,7,7.431304228147711e7:7.18951323416509e7:1.050688491685575e7:5.763591693883258e6:3.3049579913162813e6:430895.8934958783:390432.4287712771:11101.703582291871:9246.189468994682:2559.080216138871:632.7659724413684:507.960483888592:20.02427215878664:9.269127737474482:4.699184605628342:0.8063562146856443,0.00014110265536376658
4,6,6,4:3:1,4:3:1,1260,7,2.5660949361171775e7:2.4688068558352597e7:3.535659576803089e6:1.9108938202661392e6:1.0768802175565755e6:140603.37253399126:127924.52573930123:5194.541178825656:4281.881711543568:1157.951890570789:285.08829142312266:230.38274277442684:12.961018892217716:5.78017073941371:2.910099261999335:0.6638467406553576,0.00019080221650304372
4,6,6,5:3:1,5:3:1,630,8,9.287420635829035e6:8.90004932347967e6:1.2570126348456822e6:672360.5579840579:374303.91808645515:48929.3186690478:44665.077844945015:2516.881286793254:2058.4899683955987:548.3775665334858:134.3508471859531:109.33763621094877:8.65286828471583:3.692421822876929:1.8473126542366571:0.5457070672672123,0.0002550216950919552
4,6,6,-3:4:1,4:3:1,1260,7,2.56609493611718e7:2.4688068558352627e7:3.5356595768030896e6:1.9108938202661402e6:1.0768802175565758e6:140603.3725339913:127924.52573930117:5194.541178825666:4281.881711543495:1157.9518905707707:285.0882914231272:230.38274277441076:12.961018892172573:5.780170739468379:2.910099262060315:0.6638467406495038,0.0001908022165030424
4,6,6,-2:4:1,4:2:1,2520,7,5.299535614726069e7:5.117067803530273e7:7.424524103004651e6:4.0513747820262997e6:2.3090090085290046e6:301180.1133742846:273272.610373118:8718.624024718789:7235.463275876424:1985.980239132147:490.40639710494673:394.49073271443524:17.415255039434125:7.972979964216918:4.032833206047529:0.7587351243824129,0.00015527745657550697
4,6,6,-1:4:1,4:1:1,2700,7,8.915631086179219e7:8.635361787086889e7:1.2673243495399328e7:6.973354906240632e6:4.012807174879799e6:523066.59446701553:473586.74071903445:12645.701387187884:10553.86113455746:2935.321429806669:726.3190393580048:582.4243428595876:21.598528249661417:10.054728675343249:5.103974794963329:0.8329700688602036,0.0001340237681770902
4,6,6,0:4:1,4:1:0,2880,7,1.0803637866823025e8:1.0477277177134548e8:1.5449403956938254e7:8.530192258425977e6:4.927972455088291e6:642217.9393836863:580990.9655235658:14508.242086738357:12135.993844258413:3393.9272541183764:840.4439462394399:673.1698750202966:23.401866890446797:10.95760366547404:5.570007457574675:0.8618065584485305,0.00012695107384310664
4,6,6,1:4:1,4:1:1,2700,7,8.915631086179216e7:8.63536178708688e7:1.267324349539933e7:6.973354906240632e6:4.0128071748797996e6:523066.5944670154:473586.740719035:12645.701387187832:10553.861134557463:2935.3214298068524:726.3190393578767:582.4243428594926:21.598528250028703:10.054728675555845:5.103974795081871:0.8329700682631281,0.00013402376817709018
4,6,6,2:4:1,4:2:1,2520,7,5.2995356147260696e7:5.117067803530276e7:7.424524103004648e6:4.0513747820263035e6:2.3090090085290056e6:301180.11337428476:273272.6103731177:8718.62402471881:7235.463275876343:1985.980239132119:490.40639710490734:394.4907327144564:17.41525503975841:7.9729799640230015:4.032833206273281:0.7587351242997469,0.0001552774565755064
4,6,6,3:4:1,4:3:1,1260,7,2.5660949361171782e7:2.46880685583526e7:3.5356595768030896e6:1.9108938202661392e6:1.0768802175565758e6:140603.37253399115:127924.52573930108:5194.541178825646:4281.881711543589:1157.951890570821:285.0882914231691:230.3827427744206:12.961018892113001:5.780170739486294:2.910099261697437:0.6638467407480385,0.00019080221650304404
4,6,6,-3:5:1,5:3:1,630,8,9.287420635829037e6:8.90004932347966e6:1.2570126348456817e6:672360.5579840584:374303.9180864553:48929.31866904775:44665.07784494497:2516.881286793249:2058.4899683955587:548.3775665333925:134.3508471859334:109.33763621094643:8.652868284739036:3.6924218228882024:1.8473126542660216:0.5457070672615811,0.00025502169509195185
4,6,6,-2:5:1,5:2:1,1260,7,1.5746051900222033e7:1.5118161168554468e7:2.1495139718700554e6:1.1555096351057135e6:647066.7593481862:84536.46231325493:77041.96840820156:3666.5445157126355:3010.400898437988:807.6281341100149:198.39872639101768:160.85291826352002:10.65762991278461:4.658862375688788:2.338458867928526:0.6050524284231067,0.0002193027904480943
4,6,6,-1:5:1,5:1:1,1350,7,2.256371270318653e7:2.1695975686560474e7:3.1008973909185957e6:1.6734226860442671e6:941394.1813542279:122934.19732132896:111899.39431283578:4739.020510803699:3902.1639358922503:1052.8922755829615:259.0769020304561:209.5393948078127:12.306781128253453:5.460661972646394:2.747031408271648:0.647981911966083,0.00019792092447098477
4,6,6,0:5:1,5:1:0,1440,7,2.5660949361171775e7:2.468806855835261e7:3.5356595768030914e6:1.9108938202661402e6:1.0768802175565755e6:140603.3725339912:127924.52573930123:5194.541178825668:4281.881711543557:1157.9518905708126:285.0882914235318:230.38274277442238:12.961018892222269:5.780170739479578:2.9100992616382166:0.6638467407379819,0.00019080221650304434
4,6,6,1:5:1,5:1:1,1350,7,2.2563712703186553e7:2.16959756865605e7:3.100897390918597e6:1.673422686044269e6:941394.181354228:122934.19732132897:111899.39431283581:4739.020510803716:3902.1639358922503:1052.892275582941:259.0769020304815:209.53939480780042:12.30678112838328:5.460661972634909:2.747031408023883:0.6479819120863426,0.00019792092447098487
4,6,6,2:5:1,5:2:1,1260,7,1.574605190022202e7:1.5118161168554464e7:2.149513971870055e6:1.1555096351057133e6:647066.7593481863:84536.4623132549:77041.96840820152:3666.5445157126196:3010.4008984380102:807.6281341099508:198.3987263910147:160.85291826349174:10.657629912778665:4.658862375723783:2.3384588680251848:0.6050524283752048,0.00021930279044809394
4,6,6,3:5:1,5:3:1,630,8,9.287420635829039e6:8.90004932347967e6:1.2570126348456822e6:672360.5579840579:374303.9180864552:48929.31866904775:44665.07784494503:2516.8812867932456:2058.4899683956055:548.3775665333918:134.35084718593876:109.33763621094432:8.652868284739018:3.6924218228926993:1.8473126542318457:0.5457070672594251,0.00025502169509195375
4,6,6,-3:-5:2,5:3:2,588,8,5.776483072160834e6:5.699686404500294e6:901937.0263243838:522398.0359250146:318315.8937476441:41494.52827975129:37252.710197316344:1819.1948621302065:1562.5384875875295:475.85268624773573:117.59376418300772:94.5803033827196:7.553372633859017:3.254179845098073:1.690408514562276:0.5090607809981383,0.00029915922707518517
4,6,6,-2:-5:2,5:2:2,1176,8,9.093812737443788e6:9.024178336887205e6:1.4644403869954664e6:862390.7443375026:533774.3990686028:69803.10212116853:62569.194985526134:2519.2004670513807:2187.241024047863:683.2395671310136:169.9456991437161:136.1142643608396:9.089757169929381:4.0261574917690846:2.1057943414242613:0.5608004873733323,0.0002638133836648944
4,6,6,-1:-5:2,5:2:1,1260,8,1.2312832842805758e7:1.2270126646022025e7:2.0308907295748866e6:1.210862228718363e6:757864.256693765:99438.21614788393:89063.7276526204:3132.4841305214977:2741.4704168294224:873.0566719307774:218.2590661938094:174.38185035121444:10.310573523604248:4.648434855300884:2.4433920669540363:0.5976180733421463,0.0002427401127932031
4,6,6,0:-5:2,5:2:0,1344,7,1.37038705690838e7:1.3677794429981139e7:2.2812323571511325e6:1.366434608426001e6:858705.2587712999:112836.31938522919:101043.09987020062:3383.421246360758:2969.9103081258054:952.7407594500322:238.64770396490798:190.5213769348903:10.784930231830407:4.892159892969236:2.5762646825068316:0.6110892628192856,0.00023574312860391735
4,6,6,1:-5:2,5:2:1,1260,8,1.2312832842805767e7:1.227012664602203e7:2.0308907295748866e6:1.210862228718363e6:757864.2566937656:99438.21614788388:89063.72765262033:3132.484130521506:2741.4704168294297:873.0566719307617:218.2590661938219:174.38185035121577:10.310573523886621:4.648434855314215:2.4433920672289258:0.597618073217686,0.00024274011279320346
4,6,6,2:-5:2,5:2:2,1176,8,9.093812737443782e6:9.024178336887196e6:1.4644403869954671e6:862390.7443375025:533774.3990686028:69803.10212116841:62569.19498552615:2519.2004670513684:2187.2410240478594:683.239567130931:169.94569914369896:136.11426436079034:9.089757169819324:4.026157491728002:2.105794341423533:0.5608004874212976,0.00026381338366489223
4,6,6,3:-5:2,5:3:2,588,8,5.776483072160833e6:5.699686404500292e6:901937.0263243837:522398.0359250142:318315.89374764403:41494.52827975131:37252.71019731636:1819.1948621302079:1562.5384875875625:475.85268624776614:117.59376418304772:94.58030338270943:7.553372633766224:3.2541798450931605:1.690408514572058:0.5090607810011524,0.0002991592270751889
4,6,6,-3:-4:2,4:3:2,1176,7,1.3703870569083812e7:1.3677794429981146e7:2.281232357151132e6:1.3664346084260014e6:858705.2587712993:112836.31938522913:101043.09987020073:3383.421246360744:2969.9103081258313:952.7407594500517:238.64770396489786:190.52137693493557:10.784930231891897:4.892159892930902:2.576264682496499:0.6110892627849276,0.00023574312860391778
4,6,6,-2:-4:2,4:2:2,2352,7,2.4890647140761245e7:2.470389638607749e7:4.363161111858065e6:2.6875348870662004e6:1.7279650115439163e6:229846.35704535389:205770.21144176164:5177.38734728909:4627.425659381643:1553.2461202773225:394.21811335796644:313.63342147464346:13.879231129617628:6.50617858451919:3.4650000618185426:0.6900703699426305,0.0002010263914360852
4,6,6,-1:-4:2,4:2:1,2520,7,3.7638542944090694e7:3.708515207726695e7:6.8961045211056825e6:4.340119031354789e6:2.8339066877938183e6:382381.7640427312:342677.7426645711:6951.86849308088:6302.583926192894:2194.9650693276167:564.0292479867346:448.17808006379823:16.59618522925353:7.9550176798314425:4.2753113296418075:0.7498717638704854,0.00018049216295636206
4,6,6,0:-4:2,4:2:0,2688,7,4.36838378034119e7:4.292282458092774e7:8.15339633665378e6:5.173207041711889e6:3.3955374583415855e6:461319.08182747464:413705.71835042496:7732.4547712800495:7049.004677466844:2490.8606148208482:643.5274046442947:511.27704579844374:17.717816267456683:8.561191309124888:4.617737371566693:0.7726115273041917,0.00017371764827727297
4,6,6,1:-4:2,4:2:1,2520,7,3.763854294409069e7:3.708515207726695e7:6.896104521105677e6:4.340119031354788e6:2.833906687793818e6:382381.76404273114:342677.7426645711:6951.868493080944:6302.583926192919:2194.9650693276876:564.0292479866748:448.1780800638984:16.596185229439417:7.955017679710042:4.275311329698469:0.7498717638517579,0.00018049216295636352
4,6,6,2:-4:2,4:2:2,2352,7,2.4890647140761264e7:2.4703896386077497e7:4.363161111858064e6:2.6875348870662022e6:1.7279650115439168e6:229846.3570453537:205770.21144176164:5177.387347289098:4627.425659381601:1553.2461202772545:394.218113357953:313.6334214746524:13.879231129826941:6.506178584483834:3.4650000618762187:0.6900703698907904,0.00020102639143608408
4,6,6,3:-4:2,4:3:2,1176,7,1.3703870569083806e7:1.3677794429981146e7:2.281232357151132e6:1.3664346084260019e6:858705.2587712994:112836.319385229:101043.09987020072:3383.421246360744:2969.910308125821:952.7407594498338:238.6477039647111:190.52137693486475:10.78493023186269:4.8921598929629475:2.576264682357429:0.6110892627797974,0.00023574312860391456
4,6,6,-5:-3:2,5:3:2,588,8,5.776483072160835e6:5.699686404500292e6:901937.0263243841:522398.0359250146:318315.893747644:41494.52827975125:37252.71019731636:1819.1948621302038:1562.5384875875498:475.8526862477577:117.59376418303381:94.58030338271614:7.553372633774055:3.254179845097975:1.6904085145615353:0.5090607809992131,0.0002991592270751872
4,6,6,-4:-3:2,4:3:2,1176,7,1.3703870569083808e7:1.3677794429981137e7:2.2812323571511325e6:1.3664346084260014e6:858705.2587712994:112836.31938522906:101043.09987020072:3383.4212463607537:2969.9103081258513:952.7407594500405:238.64770396487836:190.52137693489337:10.784930231833492:4.892159893027357:2.5762646823563795:0.6110892629566331,0.00023574312860391865
4,6,6,-3:-3:2,3:3:2,1862,7,3.2619113404051486e7:3.222278504451796e7:5.879121126177462e6:3.6719509071635325e6:2.3851306053139996e6:320010.52592610556:286641.42384654796:6277.039876054589:5661.804873758278:1945.7112229943043:497.6457589065995:395.5470549014566:15.593348120756973:7.416977755602524:3.9730447260476645:0.7286393617446121,0.0001873049106029414
4,6,6,-2:-3:2,3:2:2,2548,7,7.105760048798908e7:6.916546472188605e7:1.4269231431445336e7:9.304001510217827e6:6.194770284814921e6:868543.626666182:781899.8535977432:10962.867408316804:10189.560412744926:3795.2997559248233:1002.833397527815:797.6006890028738:22.028814753830343:10.932844955875469:5.976300902746958:0.8519849035391572,0.00015369095846594715
4,6,6,-1:-3:2,3:2:1,2730,7,1.2414002680544156e8:1.1952427035777386e8:2.80259454793303e7:1.8848292302256007e7:1.2632200208192812e7:1.884283600679622e6:1.710676225962109e6:16439.597179626475:15657.156303648215:6263.113173754615:1722.1042729738285:1377.0868538554478:28.54508878005741:14.640030738583514:8.158801014568967:0.9546318407406356,0.000134336165212505
4,6,6,0:-3:2,3:2:0,2912,7,1.5236262336254784e8:1.461578622985213e8:3.635609618524899e7:2.471551566703471e7:1.653378521914477e7:2.5490841983793546e6:2.3247627515100385e6:19120.123111489596:18377.616780552904:7570.9546556532105:2124.879797604659:1705.3544805085237:31.49327064581694:16.365459045262092:9.198890824662756:0.9962242624139707,0.0001281152139204705
4,6,6,1:-3:2,3:2:1,2730,7,1.241400268054415e8:1.195242703577738e8:2.802594547933031e7:1.8848292302256014e7:1.2632200208192812e7:1.8842836006796167e6:1.7106762259621108e6:16439.597179626435:15657.156303648191:6263.113173754813:1722.1042729729777:1377.0868538543994:28.545088780435545:14.640030737373255:8.158801011752585:0.9546318403516639,0.0001343361652125044
4,6,6,2:-3:2,3:2:2,2548,7,7.105760048798904e7:6.916546472188605e7:1.4269231431445332e7:9.304001510217827e6:6.194770284814922e6:868543.6266661837:781899.8535977445:10962.867408316923:10189.560412744948:3795.2997559249425:1002.8333975282101:797.6006890031535:22.028814753765506:10.932844956233723:5.976300902867182:0.8519849033055727,0.00015369095846594886
4,6,6,3:-3:2,3:3:2,1862,7,3.261911340405147e7:3.2222785044517945e7:5.879121126177465e6:3.6719509071635315e6:2.385130605313999e6:320010.5259261056:286641.42384654784:6277.039876054599:5661.804873758116:1945.7112229944375:497.6457589066885:395.5470549015386:15.59334812075854:7.416977755304233:3.973044725826134:0.7286393618198664,0.0001873049106029402
4,6,6,4:-3:2,4:3:2,1176,7,1.3703870569083808e7:1.3677794429981137e7:2.2812323571511325e6:1.3664346084260014e6:858705.2587712994:112836.31938522906:101043.09987020072:3383.4212463607537:2969.9103081258513:952.7407594500405:238.64770396487836:190.52137693489337:10.784930231833492:4.892159893027357:2.5762646823563795:0.6110892629566331,0.00023574312860391865
4,6,6,5:-3:2,5:3:2,588,8,5.776483072160832e6:5.699686404500294e6:901937.0263243838:522398.035925014:318315.89374764386:41494.52827975127:37252.71019731638:1819.1948621302047:1562.538487587561:475.8526862478303:117.59376418305665:94.58030338272394:7.553372633804948:3.25417984508116:1.690408514541975:0.5090607809973404,0.00029915922707519004
4,6,6,-5:-2:2,5:2:2,1176,8,9.093812737443782e6:9.024178336887201e6:1.4644403869954676e6:862390.7443375025:533774.3990686025:69803.10212116851:62569.19498552615:2519.200467051361:2187.241024047887:683.2395671309239:169.9456991436779:136.11426436082633:9.08975716987097:4.0261574917693554:2.1057943413748017:0.5608004874410754,0.000263813383664893
4,6,6,-4:-2:2,4:2:2,2352,7,2.4890647140761267e7:2.4703896386077497e7:4.363161111858064e6:2.687534887066202e6:1.7279650115439156e6:229846.35704535397:205770.21144176167:5177.387347289092:4627.425659381587:1553.2461202773302:394.21811335793427:313.6334214745639:13.879231129787867:6.506178584566338:3.465000061705027:0.6900703699455639,0.000201026391436084
4,6,6,-3:-2:2,3:2:2,2548,7,7.105760048798911e7:6.916546472188611e7:1.4269231431445347e7:9.304001510217838e6:6.194770284814928e6:868543.6266661813:781899.8535977433:10962.86740831696:10189.560412745112:3795.2997559270984:1002.8333975281649:797.6006890033561:22.028814754429426:10.932844955808903:5.976300902505397:0.8519849033398339,0.00015369095846595537
4,6,6,-2:-2:2,2:2:2,2744,7,1.889802807192707e8:1.8067141094991475e8:4.823598458367803e7:3.315395062320071e7:2.2064495657332994e7:3.5501416204916667e6:3.2566185107506565e6:22458.30667953216:21788.84656582446:9276.418488637482:2673.792008080103:2156.9657780048133:35.000370464876234:18.45782565545845:10.480942899507971:1.042735802706279,0.0001220564355940522
4,6,6,-1:-2:2,2:2:1,2940,7,3.8523118205696344e8:3.6793147303281695e8:1.3363274688950528e8:9.606220288823892e7:6.1406718755699456e7:1.23216679103374e7:1.163250327048503e7:39418.73470533214:38983.742554103985:18730.62311528514:6294.411034682639:5244.175517105348:50.76378954943708:28.439127811732842:16.919460586503668:1.224605446633173,0.00010529496411369071
4,6,6,0:-2:2,2:2:0,3136,7,4.9813355605328953e8:4.806996302290958e8:1.998758767150345e8:1.487809340337972e8:9.36671092347637e7:2.1189222945210263e7:2.0294797213363666e7:49455.490246801535:48592.36323596676:24431.071217150555:9098.312327098447:7741.963379377768:58.79915297077605:33.943317561625506:20.712255131477527:1.3062858884685353,0.00010033854308544456
4,6,6,1:-2:2,2:2:1,2940,7,3.8523118205696344e8:3.679314730328171e8:1.3363274688950525e8:9.606220288823895e7:6.140671875569948e7:1.2321667910337403e7:1.163250327048504e7:39418.73470533245:38983.742554102464:18730.62311528086:6294.411034677981:5244.175517109737:50.76378954995498:28.43912781115546:16.919460588116177:1.2246054456466515,0.00010529496411368666
4,6,6,2:-2:2,2:2:2,2744,7,1.8898028071927065e8:1.806714109499147e8:4.823598458367802e7:3.315395062320071e7:2.2064495657332998e7:3.5501416204916653e6:3.2566185107506556e6:22458.30667953224:21788.846565824508:9276.41848864042:2673.7920080787:2156.9657780059024:35.00037046605606:18.45782565599127:10.48094289397852:1.042735802943345,0.00012205643559405545
4,6,6,3:-2:2,3:2:2,2548,7,7.105760048798911e7:6.916546472188608e7:1.4269231431445334e7:9.304001510217825e6:6.194770284814925e6:868543.6266661824:781899.8535977429:10962.867408316934:10189.560412745263:3795.2997559221703:1002.8333975275171:797.6006890026184:22.028814755061674:10.932844956221828:5.976300903435872:0.8519849034048307,0.0001536909584659434
4,6,6,4:-2:2,4:2:2,2352,7,2.4890647140761245e7:2.4703896386077486e7:4.363161111858063e6:2.6875348870662027e6:1.7279650115439168e6:229846.3570453537:205770.21144176155:5177.387347289126:4627.425659381595:1553.246120277313:394.2181133579155:313.6334214746419:13.87923112986292:6.506178584579262:3.465000061816503:0.6900703699644811,0.00020102639143608494
4,6,6,5:-2:2,5:2:2,1176,8,9.093812737443784e6:9.024178336887201e6:1.4644403869954667e6:862390.7443375026:533774.3990686027:69803.10212116846:62569.194985526134:2519.2004670513584:2187.2410240478785:683.2395671309071:169.94569914370425:136.11426436081697:9.089757169871028:4.026157491774852:2.1057943413749522:0.5608004874678516,0.0002638133836648923
4,6,6,-5:-1:2,5:2:1,1260,8,1.2312832842805764e7:1.2270126646022033e7:2.030890729574887e6:1.2108622287183625e6:757864.2566937653:99438.21614788397:89063.72765262028:3132.484130521477:2741.4704168294284:873.0566719308317:218.25906619380117:174.38185035122456:10.310573523725038:4.648434855263434:2.4433920668185904:0.5976180734660964,0.0002427401127932029
4,6,6,-4:-1:2,4:2:1,2520,7,3.7638542944090694e7:3.7085152077266954e7:6.8961045211056825e6:4.3401190313547915e6:2.8339066877938164e6:382381.7640427312:342677.7426645709:6951.868493080961:6302.5839261929295:2194.965069327975:564.0292479864997:448.1780800639641:16.596185229729418:7.955017680134939:4.2753113304390755:0.7498717637992134,0.00018049216295636496
4,6,6,-3:-1:2,3:2:1,2730,7,1.2414002680544154e8:1.1952427035777381e8:2.8025945479330298e7:1.8848292302256007e7:1.2632200208192814e7:1.8842836006796202e6:1.7106762259621115e6:16439.59717962637:15657.156303648286:6263.113173750652:1722.1042729736598:1377.0868538540171:28.545088779861576:14.640030739099917:8.15880101262152:0.9546318408553675,0.00013433616521249837
4,6,6,-2:-1:2,2:2:1,2940,7,3.8523118205696344e8:3.6793147303281707e8:1.3363274688950525e8:9.606220288823895e7:6.140671875569948e7:1.2321667910337422e7:1.1632503270485038e7:39418.73470533256:38983.742554106255:18730.623115285736:6294.411034683636:5244.175517107924:50.763789559239875:28.439127811947372:16.919460580262925:1.2246054466781728,0.0001052949641136948
4,6,6,2:-1:2,2:2:1,2940,7,3.852311820569633e8:3.67931473032817e8:1.3363274688950524e8:9.606220288823897e7:6.140671875569948e7:1.2321667910337409e7:1.163250327048503e7:39418.73470533278:38983.74255410551:18730.62311528733:6294.411034685124:5244.175517109572:50.76378955319991:28.439127814187646:16.919460587392553:1.2246054462784173,0.00010529496411369566
4,6,6,3:-1:2,3:2:1,2730,7,1.241400268054415e8:1.1952427035777381e8:2.8025945479330305e7:1.8848292302256014e7:1.263220020819282e7:1.884283600679619e6:1.710676225962112e6:16439.597179626486:15657.156303648344:6263.113173757771:1722.1042729734206:1377.0868538549862:28.54508877990262:14.640030740000169:8.158801013881137:0.9546318403937124,0.00013433616521251002
4,6,6,4:-1:2,4:2:1,2520,7,3.763854294409069e7:3.708515207726694e7:6.896104521105679e6:4.340119031354789e6:2.8339066877938183e6:382381.7640427308:342677.74266457104:6951.868493080953:6302.583926192833:2194.9650693273834:564.0292479867554:448.1780800637897:16.59618522976406:7.9550176796629:4.275311329799384:0.7498717642867138,0.00018049216295636133
4,6,6,5:-1:2,5:2:1,1260,8,1.231283284280576e7:1.227012664602202e7:2.0308907295748864e6:1.2108622287183623e6:757864.2566937652:99438.21614788385:89063.7276526204:3132.48413052148:2741.4704168294484:873.0566719307482:218.25906619382127:174.38185035123402:10.310573523767298:4.6484348554397465:2.443392066956497:0.5976180733801426,0.00024274011279320308
4,6,6,-5:0:2,5:2:0,1344,7,1.37038705690838e7:1.3677794429981142e7:2.2812323571511325e6:1.3664346084260019e6:858705.258771299:112836.31938522922:101043.09987020068:3383.421246360746:2969.9103081258054:952.7407594504294:238.64770396494575:190.52137693481973:10.784930231860821:4.892159892943531:2.5762646824143873:0.611089262836437,0.00023574312860392103
4,6,6,-4:0:2,4:2:0,2688,7,4.368383780341186e7:4.292282458092772e7:8.153396336653784e6:5.173207041711886e6:3.3955374583415845e6:461319.08182747464:413705.71835042484:7732.4547712799595:7049.004677466842:2490.860614820839:643.5274046446623:511.27704579858124:17.717816267283798:8.561191309049926:4.6177373715642585:0.7726115273227865,0.00017371764827727243
4,6,6,-3:0:2,3:2:0,2912,7,1.5236262336254784e8:1.461578622985213e8:3.6356096185249e7:2.47155156670347e7:1.6533785219144782e7:2.549084198379357e6:2.3247627515100376e6:19120.12311148952:18377.61678055326:7570.954655653448:2124.879797606042:1705.354480508696:31.49327064612197:16.365459045786626:9.198890824641175:0.9962242623654576,0.00012811521392047223
4,6,6,-2:0:2,2:2:0,3136,7,4.9813355605328935e8:4.806996302290957e8:1.9987587671503457e8:1.4878093403379717e8:9.366710923476371e7:2.118922294521027e7:2.0294797213363666e7:49455.490246802045:48592.36323595956:24431.07121715054:9098.312327091166:7741.963379377742:58.79915297152233:33.943317560139285:20.712255132555605:1.306285889158317,0.00010033854308543749
4,6,6,2:0:2,2:2:0,3136,7,4.9813355605328953e8:4.8069963022909576e8:1.998758767150346e8:1.4878093403379712e8:9.366710923476373e7:2.118922294521029e7:2.029479721336366e7:49455.49024680174:48592.36323596135:24431.071217150093:9098.312327092348:7741.9633793775665:58.79915297052569:33.94331756020569:20.71225513231493:1.3062858891622633,0.00010033854308543875
4,6,6,3:0:2,3:2:0,2912,7,1.523626233625479e8:1.4615786229852125e8:3.6356096185249e7:2.471551566703471e7:1.6533785219144767e7:2.549084198379351e6:2.3247627515100385e6:19120.123111489538:18377.616780552606:7570.954655654013:2124.8797976058295:1705.3544805076924:31.49327064613702:16.365459044682023:9.198890824704737:0.996224262346063,0.0001281152139204706
4,6,6,4:0:2,4:2:0,2688,7,4.368383780341186e7:4.292282458092772e7:8.153396336653788e6:5.173207041711891e6:3.3955374583415845e6:461319.0818274749:413705.7183504249:7732.454771279987:7049.004677466889:2490.860614822269:643.5274046442759:511.2770457978881:17.71781626726013:8.561191309080483:4.617737371549683:0.7726115273301645,0.0001737176482772777
4,6,6,5:0:2,5:2:0,1344,7,1.37038705690838e7:1.3677794429981139e7:2.281232357151133e6:1.3664346084260014e6:858705.258771299:112836.31938522926:101043.09987020065:3383.4212463607532:2969.910308125778:952.740759448877:238.64770396493097:190.52137693512773:10.784930231872682:4.892159892995657:2.5762646824172286:0.6110892628303255,0.0002357431286039046
4,6,6,-5:1:2,5:2:1,1260,8,1.2312832842805764e7:1.2270126646022033e7:2.030890729574887e6:1.2108622287183625e6:757864.2566937653:99438.21614788397:89063.72765262028:3132.484130521477:2741.4704168294284:873.0566719308317:218.25906619380117:174.38185035122456:10.310573523725038:4.648434855263434:2.4433920668185904:0.5976180734660964,0.0002427401127932029
4,6,6,-4:1:2,4:2:1,2520,7,3.7638542944090694e7:3.7085152077266954e7:6.8961045211056825e6:4.3401190313547915e6:2.8339066877938164e6:382381.7640427312:342677.7426645709:6951.868493080961:6302.5839261929295:2194.965069327975:564.0292479864997:448.1780800639641:16.596185229729418:7.955017680134939:4.2753113304390755:0.7498717637992134,0.00018049216295636496
4,6,6,-3:1:2,3:2:1,2730,7,1.2414002680544154e8:1.1952427035777381e8:2.8025945479330298e7:1.8848292302256007e7:1.2632200208192814e7:1.8842836006796202e6:1.7106762259621115e6:16439.59717962637:15657.156303648286:6263.113173750652:1722.1042729736598:1377.0868538540171:28.545088779861576:14.640030739099917:8.15880101262152:0.9546318408553675,0.00013433616521249837
4,6,6,-2:1:2,2:2:1,2940,7,3.8523118205696344e8:3.6793147303281707e8:1.3363274688950525e8:9.606220288823895e7:6.140671875569948e7:1.2321667910337422e7:1.1632503270485038e7:39418.73470533256:38983.742554106255:18730.623115285736:6294.411034683636:5244.175517107924:50.763789559239875:28.439127811947372:16.919460580262925:1.2246054466781728,0.0001052949641136948
4,6,6,2:1:2,2:2:1,2940,7,3.852311820569633e8:3.67931473032817e8:1.3363274688950524e8:9.606220288823897e7:6.140671875569948e7:1.2321667910337409e7:1.163250327048503e7:39418.73470533278:38983.74255410551:18730.62311528733:6294.411034685124:5244.175517109572:50.76378955319991:28.439127814187646:16.919460587392553:1.2246054462784173,0.00010529496411369566
4,6,6,3:1:2,3:2:1,2730,7,1.241400268054415e8:1.1952427035777381e8:2.8025945479330305e7:1.8848292302256014e7:1.263220020819282e7:1.884283600679619e6:1.710676225962112e6:16439.597179626486:15657.156303648344:6263.113173757771:1722.1042729734206:1377.0868538549862:28.54508877990262:14.640030740000169:8.158801013881137:0.9546318403937124,0.00013433616521251002
4,6,6,4:1:2,4:2:1,2520,7,3.763854294409069e7:3.708515207726694e7:6.896104521105679e6:4.340119031354789e6:2.8339066877938183e6:382381.7640427308:342677.74266457104:6951.868493080953:6302.583926192833:2194.9650693273834:564.0292479867554:448.1780800637897:16.59618522976406:7.9550176796629:4.275311329799384:0.7498717642867138,0.00018049216295636133
4,6,6,5:1:2,5:2:1,1260,8,1.231283284280576e7:1.227012664602202e7:2.0308907295748864e6:1.2108622287183623e6:757864.2566937652:99438.21614788385:89063.7276526204:3132.48413052148:2741.4704168294484:873.0566719307482:218.25906619382127:174.38185035123402:10.310573523767298:4.6484348554397465:2.443392066956497:0.5976180733801426,0.00024274011279320308
4,6,6,-5:2:2,5:2:2,1176,8,9.093812737443782e6:9.024178336887201e6:1.4644403869954676e6:862390.7443375025:533774.3990686025:69803.10212116851:62569.19498552615:2519.200467051361:2187.241024047887:683.2395671309239:169.9456991436779:136.11426436082633:9.08975716987097:4.0261574917693554:2.1057943413748017:0.5608004874410754,0.000263813383664893
4,6,6,-4:2:2,4:2:2,2352,7,2.4890647140761267e7:2.4703896386077497e7:4.363161111858064e6:2.687534887066202e6:1.7279650115439156e6:229846.35704535397:205770.21144176167:5177.387347289092:4627.425659381587:1553.2461202773302:394.21811335793427:313.6334214745639:13.879231129787867:6.506178584566338:3.465000061705027:0.6900703699455639,0.000201026391436084
4,6,6,-3:2:2,3:2:2,2548,7,7.105760048798911e7:6.916546472188611e7:1.4269231431445347e7:9.304001510217838e6:6.194770284814928e6:868543.6266661813:781899.8535977433:10962.86740831696:10189.560412745112:3795.2997559270984:1002.8333975281649:797.6006890033561:22.028814754429426:10.932844955808903:5.976300902505397:0.8519849033398339,0.00015369095846595537
4,6,6,-2:2:2,2:2:2,2744,7,1.889802807192707e8:1.8067141094991475e8:4.823598458367803e7:3.315395062320071e7:2.2064495657332994e7:3.5501416204916667e6:3.2566185107506565e6:22458.30667953216:21788.84656582446:9276.418488637482:2673.792008080103:2156.9657780048133:35.000370464876234:18.45782565545845:10.480942899507971:1.042735802706279,0.0001220564355940522
4,6,6,-1:2:2,2:2:1,2940,7,3.8523118205696344e8:3.6793147303281695e8:1.3363274688950528e8:9.606220288823892e7:6.1406718755699456e7:1.23216679103374e7:1.163250327048503e7:39418.73470533214:38983.742554103985:18730.62311528514:6294.411034682639:5244.175517105348:50.76378954943708:28.439127811732842:16.919460586503668:1.224605446633173,0.00010529496411369071
4,6,6,0:2:2,2:2:0,3136,7,4.9813355605328953e8:4.806996302290958e8:1.998758767150345e8:1.487809340337972e8:9.36671092347637e7:2.1189222945210263e7:2.0294797213363666e7:49455.490246801535:48592.36323596676:24431.071217150555:9098.312327098447:7741.963379377768:58.79915297077605:33.943317561625506:20.712255131477527:1.3062858884685353,0.00010033854308544456
4,6,6,1:2:2,2:2:1,2940,7,3.8523118205696344e8:3.679314730328171e8:1.3363274688950525e8:9.606220288823895e7:6.140671875569948e7:1.2321667910337403e7:1.163250327048504e7:39418.73470533245:38983.742554102464:18730.62311528086:6294.411034677981:5244.175517109737:50.76378954995498:28.43912781115546:16.919460588116177:1.2246054456466515,0.00010529496411368666
4,6,6,2:2:2,2:2:2,2744,7,1.8898028071927065e8:1.806714109499147e8:4.823598458367802e7:3.315395062320071e7:2.2064495657332998e7:3.5501416204916653e6:3.2566185107506556e6:22458.30667953224:21788.846565824508:9276.41848864042:2673.7920080787:2156.9657780059024:35.00037046605606:18.45782565599127:10.48094289397852:1.042735802943345,0.00012205643559405545
4,6,6,3:2:2,3:2:2,2548,7,7.105760048798911e7:6.916546472188608e7:1.4269231431445334e7:9.304001510217825e6:6.194770284814925e6:868543.6266661824:781899.8535977429:10962.867408316934:10189.560412745263:3795.2997559221703:1002.8333975275171:797.6006890026184:22.028814755061674:10.932844956221828:5.976300903435872:0.8519849034048307,0.0001536909584659434
4,6,6,4:2:2,4:2:2,2352,7,2.4890647140761245e7:2.4703896386077486e7:4.363161111858063e6:2.6875348870662027e6:1.7279650115439168e6:229846.3570453537:205770.21144176155:5177.387347289126:4627.425659381595:1553.246120277313:394.2181133579155:313.6334214746419:13.87923112986292:6.506178584579262:3.465000061816503:0.6900703699644811,0.00020102639143608494
4,6,6,5:2:2,5:2:2,1176,8,9.093812737443784e6:9.024178336887201e6:1.4644403869954667e6:862390.7443375026:533774.3990686027:69803.10212116846:62569.194985526134:2519.2004670513584:2187.2410240478785:683.2395671309071:169.94569914370425:136.11426436081697:9.089757169871028:4.026157491774852:2.1057943413749522:0.5608004874678516,0.0002638133836648923
4,6,6,-5:3:2,5:3:2,588,8,5.776483072160835e6:5.699686404500292e6:901937.0263243841:522398.0359250146:318315.893747644:41494.52827975125:37252.71019731636:1819.1948621302038:1562.5384875875498:475.8526862477577:117.59376418303381:94.58030338271614:7.553372633774055:3.254179845097975:1.6904085145615353:0.5090607809992131,0.0002991592270751872
4,6,6,-4:3:2,4:3:2,1176,7,1.3703870569083808e7:1.3677794429981137e7:2.2812323571511325e6:1.3664346084260014e6:858705.2587712994:112836.31938522906:101043.09987020072:3383.4212463607537:2969.9103081258513:952.7407594500405:238.64770396487836:190.52137693489337:10.784930231833492:4.892159893027357:2.5762646823563795:0.6110892629566331,0.00023574312860391865
4,6,6,-3:3:2,3:3:2,1862,7,3.2619113404051486e7:3.222278504451796e7:5.879121126177462e6:3.6719509071635325e6:2.3851306053139996e6:320010.52592610556:286641.42384654796:6277.039876054589:5661.804873758278:1945.7112229943043:497.6457589065995:395.5470549014566:15.593348120756973:7.416977755602524:3.9730447260476645:0.7286393617446121,0.0001873049106029414
4,6,6,-2:3:2,3:2:2,2548,7,7.105760048798908e7:6.916546472188605e7:1.4269231431445336e7:9.304001510217827e6:6.194770284814921e6:868543.626666182:781899.8535977432:10962.867408316804:10189.560412744926:3795.2997559248233:1002.833397527815:797.6006890028738:22.028814753830343:10.932844955875469:5.976300902746958:0.8519849035391572,0.00015369095846594715
4,6,6,-1:3:2,3:2:1,2730,7,1.2414002680544156e8:1.1952427035777386e8:2.80259454793303e7:1.8848292302256007e7:1.2632200208192812e7:1.884283600679622e6:1.710676225962109e6:16439.597179626475:15657.156303648215:6263.113173754615:1722.1042729738285:1377.0868538554478:28.54508878005741:14.640030738583514:8.158801014568967:0.9546318407406356,0.000134336165212505
4,6,6,0:3:2,3:2:0,2912,7,1.5236262336254784e8:1.461578622985213e8:3.635609618524899e7:2.471551566703471e7:1.653378521914477e7:2.5490841983793546e6:2.3247627515100385e6:19120.123111489596:18377.616780552904:7570.9546556532105:2124.879797604659:1705.3544805085237:31.49327064581694:16.365459045262092:9.198890824662756:0.9962242624139707,0.0001281152139204705
4,6,6,1:3:2,3:2:1,2730,7,1.241400268054415e8:1.195242703577738e8:2.802594547933031e7:1.8848292302256014e7:1.2632200208192812e7:1.8842836006796167e6:1.7106762259621108e6:16439.597179626435:15657.156303648191:6263.113173754813:1722.1042729729777:1377.0868538543994:28.545088780435545:14.640030737373255:8.158801011752585:0.9546318403516639,0.0001343361652125044
4,6,6,2:3:2,3:2:2,2548,7,7.105760048798904e7:6.916546472188605e7:1.4269231431445332e7:9.304001510217827e6:6.194770284814922e6:868543.6266661837:781899.8535977445:10962.867408316923:10189.560412744948:3795.2997559249425:1002.8333975282101:797.6006890031535:22.028814753765506:10.932844956233723:5.976300902867182:0.8519849033055727,0.00015369095846594886
4,6,6,3:3:2,3:3:2,1862,7,3.261911340405147e7:3.2222785044517945e7:5.879121126177465e6:3.6719509071635315e6:2.385130605313999e6:320010.5259261056:286641.42384654784:6277.039876054599:5661.804873758116:1945.7112229944375:497.6457589066885:395.5470549015386:15.59334812075854:7.416977755304233:3.973044725826134:0.7286393618198664,0.0001873049106029402
4,6,6,4:3:2,4:3:2,1176,7,1.3703870569083808e7:1.3677794429981137e7:2.2812323571511325e6:1.3664346084260014e6:858705.2587712994:112836.31938522906:101043.09987020072:3383.4212463607537:2969.9103081258513:952.7407594500405:238.64770396487836:190.52137693489337:10.784930231833492:4.892159893027357:2.5762646823563795:0.6110892629566331,0.00023574312860391865
4,6,6,5:3:2,5:3:2,588,8,5.776483072160832e6:5.699686404500294e6:901937.0263243838:522398.035925014:318315.89374764386:41494.52827975127:37252.71019731638:1819.1948621302047:1562.538487587561:475.8526862478303:117.59376418305665:94.58030338272394:7.553372633804948:3.25417984508116:1.690408514541975:0.5090607809973404,0.00029915922707519004
4,6,6,-3:4:2,4:3:2,1176,7,1.3703870569083812e7:1.3677794429981146e7:2.281232357151132e6:1.3664346084260014e6:858705.2587712993:112836.31938522913:101043.09987020073:3383.421246360744:2969.9103081258313:952.7407594500517:238.64770396489786:190.52137693493557:10.784930231891897:4.892159892930902:2.576264682496499:0.6110892627849276,0.00023574312860391778
4,6,6,-2:4:2,4:2:2,2352,7,2.4890647140761245e7:2.470389638607749e7:4.363161111858065e6:2.6875348870662004e6:1.7279650115439163e6:229846.35704535389:205770.21144176164:5177.38734728909:4627.425659381643:1553.2461202773225:394.21811335796644:313.63342147464346:13.879231129617628:6.50617858451919:3.4650000618185426:0.6900703699426305,0.0002010263914360852
4,6,6,-1:4:2,4:2:1,2520,7,3.7638542944090694e7:3.708515207726695e7:6.8961045211056825e6:4.340119031354789e6:2.8339066877938183e6:382381.7640427312:342677.7426645711:6951.86849308088:6302.583926192894:2194.9650693276167:564.0292479867346:448.17808006379823:16.59618522925353:7.9550176798314425:4.2753113296418075:0.7498717638704854,0.00018049216295636206
4,6,6,0:4:2,4:2:0,2688,7,4.36838378034119e7:4.292282458092774e7:8.15339633665378e6:5.173207041711889e6:3.3955374583415855e6:461319.08182747464:413705.71835042496:7732.4547712800495:7049.004677466844:2490.8606148208482:643.5274046442947:511.27704579844374:17.717816267456683:8.561191309124888:4.617737371566693:0.7726115273041917,0.00017371764827727297
4,6,6,1:4:2,4:2:1,2520,7,3.763854294409069e7:3.708515207726695e7:6.896104521105677e6:4.340119031354788e6:2.833906687793818e6:382381.76404273114:342677.7426645711:6951.868493080944:6302.583926192919:2194.9650693276876:564.0292479866748:448.1780800638984:16.596185229439417:7.955017679710042:4.275311329698469:0.7498717638517579,0.00018049216295636352
4,6,6,2:4:2,4:2:2,2352,7,2.4890647140761264e7:2.4703896386077497e7:4.363161111858064e6:2.6875348870662022e6:1.7279650115439168e6:229846.3570453537:205770.21144176164:5177.387347289098:4627.425659381601:1553.2461202772545:394.218113357953:313.6334214746524:13.879231129826941:6.506178584483834:3.4650000618762187:0.6900703698907904,0.00020102639143608408
4,6,6,3:4:2,4:3:2,1176,7,1.3703870569083806e7:1.3677794429981146e7:2.281232357151132e6:1.3664346084260019e6:858705.2587712994:112836.319385229:101043.09987020072:3383.421246360744:2969.910308125821:952.7407594498338:238.6477039647111:190.52137693486475:10.78493023186269:4.8921598929629475:2.576264682357429:0.6110892627797974,0.00023574312860391456
4,6,6,-3:5:2,5:3:2,588,8,5.776483072160834e6:5.699686404500294e6:901937.0263243838:522398.0359250146:318315.8937476441:41494.52827975129:37252.710197316344:1819.1948621302065:1562.5384875875295:475.85268624773573:117.59376418300772:94.5803033827196:7.553372633859017:3.254179845098073:1.690408514562276:0.5090607809981383,0.00029915922707518517
4,6,6,-2:5:2,5:2:2,1176,8,9.093812737443788e6:9.024178336887205e6:1.4644403869954664e6:862390.7443375026:533774.3990686028:69803.10212116853:62569.194985526134:2519.2004670513807:2187.241024047863:683.2395671310136:169.9456991437161:136.1142643608396:9.089757169929381:4.0261574917690846:2.1057943414242613:0.5608004873733323,0.0002638133836648944
4,6,6,-1:5:2,5:2:1,1260,8,1.2312832842805758e7:1.2270126646022025e7:2.0308907295748866e6:1.210862228718363e6:757864.256693765:99438.21614788393:89063.7276526204:3132.4841305214977:2741.4704168294224:873.0566719307774:218.2590661938094:174.38185035121444:10.310573523604248:4.648434855300884:2.4433920669540363:0.5976180733421463,0.0002427401127932031
4,6,6,0:5:2,5:2:0,1344,7,1.37038705690838e7:1.3677794429981139e7:2.2812323571511325e6:1.366434608426001e6:858705.2587712999:112836.31938522919:101043.09987020062:3383.421246360758:2969.9103081258054:952.7407594500322:238.64770396490798:190.5213769348903:10.784930231830407:4.892159892969236:2.5762646825068316:0.6110892628192856,0.00023574312860391735
4,6,6,1:5:2,5:2:1,1260,8,1.2312832842805767e7:1.227012664602203e7:2.0308907295748866e6:1.210862228718363e6:757864.2566937656:99438.21614788388:89063.72765262033:3132.484130521506:2741.4704168294297:873.0566719307617:218.2590661938219:174.38185035121577:10.310573523886621:4.648434855314215:2.4433920672289258:0.597618073217686,0.00024274011279320346
4,6,6,2:5:2,5:2:2,1176,8,9.093812737443782e6:9.024178336887196e6:1.4644403869954671e6:862390.7443375025:533774.3990686028:69803.10212116841:62569.19498552615:2519.2004670513684:2187.2410240478594:683.239567130931:169.94569914369896:136.11426436079034:9.089757169819324:4.026157491728002:2.105794341423533:0.5608004874212976,0.00026381338366489223
4,6,6,3:5:2,5:3:2,588,8,5.776483072160833e6:5.699686404500292e6:901937.0263243837:522398.0359250142:318315.89374764403:41494.52827975131:37252.71019731636:1819.1948621302079:1562.5384875875625:475.85268624776614:117.59376418304772:94.58030338270943:7.553372633766224:3.2541798450931605:1.690408514572058:0.5090607810011524,0.0002991592270751889
4,6,6,-3:-5:3,5:3:3,294,9,2.936887204361167e6:2.8783753923052126e6:558949.0599613833:356994.6017846382:235579.95662936807:32217.506529843227:28930.01418120537:1135.8240421393903:1035.953833359416:372.75493685539726:95.96618779296341:77.18971623262603:6.185906885864585:2.6900342340043197:1.477546088268269:0.45660866321417015,0.00038028724710001616
4,6,6,-2:-5:3,5:3:2,588,9,4.243631595754173e6:4.129250325591805e6:855763.1637300219:558070.7090037772:371986.55419478985:52205.60000913292:47026.92777955874:1478.3651808546063:1369.2216178980395:512.8017853678879:134.6041301797201:108.2025444135513:7.220738140748504:3.2420803034577124:1.8006852042179695:0.49868214638515446,0.00034655526347513707
4,6,6,-1:-5:3,5:3:1,630,8,5.391115032830283e6:5.22096965331232e6:1.1377895843312102e6:752094.0032262208:503466.9077233468:72292.66188884444:65318.33709134684:1756.7772708302703:1644.300809415083:633.8146227198861:169.01205030494194:135.95337592147663:8.006136135719887:3.670459213106119:2.055249529614194:0.5279876209962211,0.0003267196446202406
4,6,6,0:-5:3,5:3:0,672,8,5.858790592084455e6:5.664601204812928e6:1.2584126564441845e6:835699.6483117124:559954.1637736746:81158.7205825806:73421.46719649163:1865.893213582525:1752.9759105362023:682.8700086066751:183.23069716531745:147.46042889034703:8.30317609543962:3.8345276990274564:2.15362052402116:0.5385746107509467,0.0003201920083520481
4,6,6,1:-5:3,5:3:1,630,8,5.391115032830289e6:5.2209696533123255e6:1.1377895843312105e6:752094.0032262211:503466.9077233464:72292.66188884457:65318.337091346715:1756.7772708302828:1644.3008094150796:633.8146227198348:169.01205030493404:135.95337592147783:8.006136135825365:3.670459213105033:2.055249529597746:0.5279876211104841,0.0003267196446202394
4,6,6,2:-5:3,5:3:2,588,9,4.243631595754171e6:4.1292503255918045e6:855763.1637300217:558070.7090037767:371986.55419478967:52205.60000913292:47026.92777955874:1478.3651808545928:1369.2216178980655:512.8017853679486:134.60413017974406:108.20254441356337:7.2207381408288684:3.242080303482915:1.8006852042909476:0.49868214628315327,0.0003465552634751413
4,6,6,3:-5:3,5:3:3,294,9,2.936887204361167e6:2.878375392305213e6:558949.059961383:356994.6017846378:235579.95662936804:32217.506529843224:28930.014181205344:1135.82404213939:1035.9538333594144:372.75493685553454:95.96618779298917:77.18971623265054:6.185906885854806:2.6900342340088255:1.4775460882552136:0.45660866320967425,0.0003802872471000241
4,6,6,-3:-4:3,4:3:3,588,8,5.858790592084457e6:5.664601204812928e6:1.2584126564441856e6:835699.6483117123:559954.1637736744:81158.72058258063:73421.46719649162:1865.8932135825135:1752.9759105362075:682.8700086068054:183.2306971652462:147.46042889038193:8.303176095291287:3.8345276990265185:2.1536205241061386:0.5385746106930315,0.0003201920083520511
4,6,6,-2:-4:3,4:3:2,1176,8,9.135460644623626e6:8.760132800214885e6:2.1961929783876324e6:1.4937146714315868e6:999316.3927733699:154653.0298306954:141163.41919961252:2583.2650988197106:2476.5458633220815:1025.7150950853477:287.06474117953906:232.21415707936407:10.140253057369595:4.873851747665729:2.787940915173315:0.5991387542681531,0.00028837275435282343
4,6,6,-1:-4:3,4:3:1,1260,8,1.2223247009599876e7:1.1670786363754455e7:3.231397974006247e6:2.2308097420597766e6:1.4799735396847012e6:243531.23992697793:224135.5412335675:3212.962681826842:3119.432646257928:1351.2066917714542:393.243799817341:320.18303341002377:11.626204866946782:5.745566096916779:3.3348732810697066:0.6432332228989496,0.00027014699760971123
4,6,6,0:-4:3,4:3:0,1344,8,1.3528166777335314e7:1.2902604118543357e7:3.7143076892446694e6:2.5777280348182674e6:1.7025005209031678e6:287435.6900286653:265448.838746531:3471.45950971233:3383.94903643125:1490.100689265902:440.97060961095303:360.13777008950285:12.209102592864616:6.095238392347979:3.558124662719704:0.6595924268701943,0.00026426199455158834
4,6,6,1:-4:3,4:3:1,1260,8,1.2223247009599874e7:1.1670786363754451e7:3.2313979740062472e6:2.230809742059776e6:1.4799735396847003e6:243531.2399269781:224135.5412335675:3212.962681826842:3119.432646257911:1351.2066917715358:393.2437998173188:320.18303340990366:11.62620486690659:5.745566096965455:3.33487328113129:0.6432332227813632,0.00027014699760971144
4,6,6,2:-4:3,4:3:2,1176,8,9.13546064462364e6:8.760132800214885e6:2.1961929783876333e6:1.4937146714315861e6:999316.3927733704:154653.0298306956:141163.41919961254:2583.265098819721:2476.5458633220946:1025.7150950858381:287.0647411795957:232.21415707940676:10.140253057453071:4.873851747595215:2.7879409152348855:0.5991387543742455,0.0002883727543528353
4,6,6,3:-4:3,4:3:3,588,8,5.858790592084454e6:5.664601204812924e6:1.2584126564441859e6:835699.6483117118:559954.1637736742:81158.7205825806:73421.46719649159:1865.8932135825232:1752.9759105361643:682.8700086067404:183.23069716538944:147.46042889035775:8.303176095468478:3.83452769909721:2.153620524006855:0.5385746107969527,0.00032019200835204785
4,6,6,-5:-3:3,5:3:3,294,9,2.936887204361167e6:2.878375392305211e6:558949.0599613831:356994.601784638:235579.95662936804:32217.506529843216:28930.014181205326:1135.8240421393923:1035.9538333594162:372.7549368556362:95.96618779303799:77.18971623266034:6.185906885851119:2.6900342340046186:1.4775460882806113:0.45660866320869864,0.0003802872471000315
4,6,6,-4:-3:3,4:3:3,588,8,5.858790592084456e6:5.664601204812924e6:1.2584126564441859e6:835699.6483117121:559954.1637736746:81158.72058258051:73421.46719649163:1865.8932135825273:1752.9759105362054:682.8700086066601:183.23069716531117:147.46042889037238:8.303176095383362:3.8345276990321207:2.153620524047351:0.538574610773496,0.00032019200835204823
4,6,6,-3:-3:3,3:3:3,1225,8,1.1068609809290541e7:1.0582110741165511e7:2.826769269805189e6:1.941606793909275e6:1.2927460885487755e6:207915.67166566488:190770.94295094162:2981.0132508895963:2882.203630456292:1229.0214287509868:352.4775431431584:286.2560081350883:11.090372967437494:5.4279938540170365:3.134037924905991:0.627754604041354,0.00027613316733502905
4,6,6,-2:-3:3,3:3:2,1862,8,1.858395437640557e7:1.7706597941440746e7:5.848405233483557e6:4.135696731046035e6:2.6808859375613583e6:499057.5723328008:466787.52585332637:4453.966400437937:4383.919926240026:2037.3713949692362:644.6812836653453:533.3671896805947:14.303524957016705:7.3890792441058215:4.403798156279809:0.7149067570462554,0.0002473172656526046
4,6,6,-1:-3:3,3:3:1,1995,7,2.600059018065845e7:2.494052192957023e7:9.75625233403468e6:7.127321088939875e6:4.515606831680247e6:964589.0067108581:917776.9949004919:5906.4677535263445:5815.288576518543:2867.7044963002295:1011.0416738274274:854.623821439773:17.09661165470663:9.213351820758565:5.650748873285337:0.7822856201242497,0.00023165217029943644
4,6,6,0:-3:3,3:3:0,2128,7,2.9172514186044853e7:2.8151166929805566e7:1.1707343498560753e7:8.711873861208593e6:5.487044209211081e6:1.2407405378934862e6:1.1884627172339123e6:6553.161981239112:6423.902706417018:3232.3943178803174:1199.1565021515028:1023.7584672925876:18.236452782344802:9.994181211241541:6.2050882193491175:0.808254294838436,0.00022674240598303
4,6,6,1:-3:3,3:3:1,1995,7,2.6000590180658463e7:2.4940521929570217e7:9.756252334034687e6:7.127321088939869e6:4.515606831680247e6:964589.0067108583:917776.9949004899:5906.467753526398:5815.288576518283:2867.7044963002545:1011.0416738276027:854.6238214399177:17.09661165565908:9.213351820710285:5.650748873615881:0.7822856204230104,0.00023165217029943408
4,6,6,2:-3:3,3:3:2,1862,8,1.8583954376405556e7:1.7706597941440742e7:5.848405233483556e6:4.135696731046037e6:2.680885937561358e6:499057.5723328:466787.5258533261:4453.96640043796:4383.919926240229:2037.3713949692217:644.6812836653189:533.3671896806815:14.303524956966118:7.38907924410489:4.403798156412502:0.7149067570276164,0.0002473172656526103
4,6,6,3:-3:3,3:3:3,1225,8,1.1068609809290545e7:1.058211074116551e7:2.8267692698051897e6:1.941606793909274e6:1.2927460885487753e6:207915.67166566502:190770.9429509416:2981.0132508895604:2882.203630456497:1229.0214287503272:352.4775431432144:286.2560081349529:11.090372967475567:5.427993854059563:3.1340379249243604:0.6277546041037685,0.000276133167335024
4,6,6,4:-3:3,4:3:3,588,8,5.858790592084456e6:5.664601204812924e6:1.2584126564441859e6:835699.6483117121:559954.1637736746:81158.72058258051:73421.46719649163:1865.8932135825273:1752.9759105362054:682.8700086066601:183.23069716531117:147.46042889037238:8.303176095383362:3.8345276990321207:2.153620524047351:0.538574610773496,0.00032019200835204823
4,6,6,5:-3:3,5:3:3,294,9,2.9368872043611654e6:2.8783753923052126e6:558949.059961383:356994.60178463784:235579.95662936804:32217.506529843224:28930.014181205344:1135.8240421393916:1035.9538333594292:372.7549368554816:95.96618779289162:77.18971623264126:6.185906885840457:2.690034234014309:1.4775460882929525:0.45660866320847715,0.00038028724710002234
4,6,6,-5:-2:3,5:3:2,588,9,4.243631595754172e6:4.129250325591805e6:855763.1637300217:558070.7090037769:371986.55419478996:52205.600009132875:47026.927779558755:1478.3651808546113:1369.2216178980543:512.8017853679881:134.60413017971658:108.20254441354723:7.2207381408126405:3.242080303510199:1.800685204335037:0.4986821462929168,0.00034655526347514336
4,6,6,-4:-2:3,4:3:2,1176,8,9.135460644623639e6:8.760132800214885e6:2.196192978387633e6:1.493714671431586e6:999316.3927733704:154653.02983069565:141163.4191996126:2583.2650988197074:2476.545863322119:1025.715095085625:287.06474117955213:232.214157079395:10.140253057502106:4.8738517477354275:2.7879409151671886:0.5991387542842511,0.0002883727543528311
4,6,6,-3:-2:3,3:3:2,1862,8,1.8583954376405574e7:1.770659794144075e7:5.848405233483561e6:4.1356967310460377e6:2.680885937561358e6:499057.5723328003:466787.52585332637:4453.9664004378965:4383.919926240047:2037.3713949692326:644.6812836654204:533.3671896806934:14.303524956621208:7.389079243948327:4.403798156701977:0.7149067570107128,0.00024731726565260456
4,6,6,-2:-2:3,3:2:2,2548,7,3.2762308778111443e7:3.1913527309373617e7:1.4103469724547893e7:1.0766742202741586e7:6.7624425010809135e6:1.6289896213608824e6:1.5714704347878026e6:7315.706812990154:7114.086629638872:3651.6947111924305:1440.7962525643384:1244.5927514362727:19.505592726252264:10.891570927097055:6.858358574707574:0.8363913436809981,0.0002219756032343945
4,6,6,-1:-2:3,3:2:1,2730,7,4.837346574646697e7:4.6346349655291416e7:2.4378414819255505e7:2.1844395735900763e7:1.4300428246934317e7:4.3579303833081415e6:4.294833089282086e6:10652.244927560727:9770.892863202253:5312.0715255513405:2768.079978177523:2510.567263632822:24.26204353518191:14.584639151493189:9.750391186732049:0.9374870459811243,0.0002080551375133664
4,6,6,0:-2:3,3:2:0,2912,7,5.6643448779093035e7:5.183321516135705e7:2.860199082486542e7:2.8305712591997575e7:1.943873239085918e7:6.547205651168716e6:6.489054061699322e6:12270.577928561224:10870.878762992625:6039.846892587514:3603.3006289637724:3337.3695513041453:26.20810143862093:16.303493521989367:11.226704421621431:0.9784492755685669,0.00020318815152696142
4,6,6,1:-2:3,3:2:1,2730,7,4.837346574646698e7:4.634634965529142e7:2.437841481925551e7:2.1844395735900767e7:1.4300428246934319e7:4.357930383308142e6:4.294833089282081e6:10652.244927560843:9770.89286320159:5312.0715255518:2768.0799781777823:2510.5672636331183:24.26204353401605:14.584639151967556:9.750391187169674:0.9374870460357089,0.00020805513751336524
4,6,6,2:-2:3,3:2:2,2548,7,3.2762308778111447e7:3.1913527309373613e7:1.4103469724547898e7:1.0766742202741584e7:6.76244250108091e6:1.6289896213608827e6:1.5714704347878026e6:7315.70681299006:7114.086629638512:3651.694711192166:1440.7962525639655:1244.5927514363552:19.505592725826023:10.891570927278092:6.858358574301329:0.8363913440276571,0.00022197560323438596
4,6,6,3:-2:3,3:3:2,1862,8,1.8583954376405567e7:1.770659794144075e7:5.8484052334835585e6:4.135696731046036e6:2.6808859375613574e6:499057.5723328007:466787.52585332573:4453.966400437885:4383.919926240004:2037.3713949692371:644.6812836651538:533.3671896808036:14.303524956729843:7.389079244246348:4.403798156568313:0.7149067569943234,0.0002473172656526027
4,6,6,4:-2:3,4:3:2,1176,8,9.135460644623635e6:8.760132800214883e6:2.1961929783876324e6:1.4937146714315864e6:999316.3927733706:154653.02983069557:141163.41919961252:2583.2650988197156:2476.545863322127:1025.7150950860462:287.06474117955185:232.21415707945306:10.140253057472352:4.873851747606364:2.787940915234716:0.5991387543053398,0.00028837275435284116
4,6,6,5:-2:3,5:3:2,588,9,4.243631595754173e6:4.129250325591803e6:855763.1637300219:558070.7090037771:371986.5541947899:52205.600009132875:47026.92777955868:1478.3651808546165:1369.2216178980593:512.8017853680316:134.60413017973164:108.20254441355736:7.220738140746346:3.2420803034972874:1.8006852041984347:0.49868214634465474,0.00034655526347514645
4,6,6,-5:-1:3,5:3:1,630,8,5.3911150328302905e6:5.220969653312324e6:1.1377895843312107e6:752094.0032262213:503466.9077233469:72292.66188884455:65318.337091346744:1756.7772708302725:1644.300809415093:633.814622719579:169.01205030491062:135.9533759214093:8.006136135886292:3.670459213059965:2.0552495296711646:0.5279876210298878,0.0003267196446202304
4,6,6,-4:-1:3,4:3:1,1260,8,1.222324700959989e7:1.167078636375446e7:3.2313979740062472e6:2.230809742059777e6:1.4799735396847015e6:243531.23992697804:224135.5412335672:3212.962681826844:3119.432646257911:1351.2066917714938:393.243799817309:320.18303341000075:11.626204866800352:5.745566097096938:3.3348732809032717:0.6432332227304273,0.0002701469976097109
4,6,6,-3:-1:3,3:3:1,1995,7,2.6000590180658456e7:2.4940521929570228e7:9.756252334034683e6:7.127321088939874e6:4.515606831680247e6:964589.0067108582:917776.9949004907:5906.467753526371:5815.2885765183955:2867.704496300147:1011.0416738277634:854.6238214399498:17.096611654974275:9.213351820377575:5.650748873285825:0.7822856202922254,0.00023165217029943511
4,6,6,-2:-1:3,3:2:1,2730,7,4.837346574646698e7:4.63463496552914e7:2.4378414819255505e7:2.1844395735900775e7:1.430042824693432e7:4.357930383308138e6:4.294833089282087e6:10652.244927561067:9770.892863201912:5312.071525551616:2768.079978178:2510.5672636330582:24.262043535522068:14.584639151717818:9.75039118657623:0.9374870460702139,0.00020805513751336947
4,6,6,-1:-1:3,3:1:1,2925,7,7.907111738185526e7:6.398360438963005e7:4.822935627202475e7:4.025740698637968e7:3.710588754344833e7:1.7983180748644758e7:1.7930880875349578e7:16394.997155923757:13327.176431105805:8041.963836412593:6773.886923927736:6549.703368244823:30.48614573146024:20.956686864182664:15.797151542997343:1.0759667553882832,0.000191751778566239
4,6,6,0:-1:3,3:1:0,3120,7,9.150095478460826e7:7.044930911573845e7:6.201353183531312e7:5.8256700338980645e7:4.3801532376526535e7:3.455173971303927e7:3.443869578802333e7:18372.29356110386:14587.698605883652:10051.535010386182:9965.096157671705:9545.102910450292:32.32895127393057:24.183526906171856:19.743545845314543:1.135010411150919,0.00018396430911210083
4,6,6,1:-1:3,3:1:1,2925,7,7.907111738185526e7:6.398360438963008e7:4.822935627202475e7:4.0257406986379676e7:3.710588754344832e7:1.798318074864476e7:1.7930880875349585e7:16394.997155923476:13327.176431103338:8041.963836412363:6773.886923927797:6549.703368244623:30.486145730709705:20.956686865472065:15.797151540342778:1.0759667557792028,0.0001917517785662261
4,6,6,2:-1:3,3:2:1,2730,7,4.8373465746466964e7:4.634634965529139e7:2.4378414819255516e7:2.184439573590076e7:1.4300428246934317e7:4.357930383308145e6:4.294833089282087e6:10652.244927561022:9770.892863201441:5312.071525551194:2768.079978177712:2510.5672636323566:24.262043534267168:14.584639152568785:9.750391185555769:0.9374870465376773,0.0002080551375133613
4,6,6,3:-1:3,3:3:1,1995,7,2.600059018065846e7:2.494052192957023e7:9.756252334034681e6:7.127321088939869e6:4.515606831680243e6:964589.0067108585:917776.9949004903:5906.467753526371:5815.28857651858:2867.704496300327:1011.0416738277885:854.6238214398976:17.096611655267758:9.21335182020013:5.650748873241625:0.7822856202510834,0.00023165217029943972
4,6,6,4:-1:3,4:3:1,1260,8,1.2223247009599878e7:1.1670786363754455e7:3.231397974006246e6:2.2308097420597766e6:1.4799735396847015e6:243531.2399269782:224135.54123356732:3212.962681826901:3119.432646257911:1351.2066917729423:393.2437998173127:320.1830334102408:11.626204866918945:5.745566096876227:3.334873280850078:0.643233222680684,0.00027014699760973817
4,6,6,5:-1:3,5:3:1,630,8,5.391115032830287e6:5.22096965331232e6:1.1377895843312102e6:752094.0032262205:503466.9077233469:72292.66188884451:65318.33709134677:1756.777270830272:1644.3008094150948:633.8146227201026:169.0120503049581:135.9533759215268:8.006136135779823:3.6704592131004987:2.0552495296043625:0.5279876210574167,0.0003267196446202494
4,6,6,-5:0:3,5:3:0,672,8,5.858790592084453e6:5.664601204812925e6:1.2584126564441852e6:835699.6483117118:559954.1637736742:81158.72058258062:73421.46719649166:1865.8932135825148:1752.9759105362161:682.8700086067337:183.23069716529926:147.4604288903318:8.30317609541771:3.8345276990370465:2.1536205239978106:0.5385746107603281,0.0003201920083520501
4,6,6,-4:0:3,4:3:0,1344,8,1.3528166777335312e7:1.2902604118543357e7:3.7143076892446685e6:2.577728034818268e6:1.7025005209031675e6:287435.69002866524:265448.8387465309:3471.4595097123224:3383.949036431319:1490.1006892659002:440.97060961095735:360.13777008956106:12.209102592871332:6.095238392365978:3.5581246627247394:0.6595924269000806,0.0002642619945515906
4,6,6,-3:0:3,3:3:0,2128,7,2.917251418604485e7:2.8151166929805573e7:1.170734349856076e7:8.711873861208595e6:5.487044209211083e6:1.2407405378934867e6:1.1884627172339128e6:6553.161981239148:6423.902706416946:3232.3943178803493:1199.1565021515794:1023.7584672924274:18.23645278246923:9.994181211323:6.205088219424167:0.8082542948635192,0.0002267424059830295
4,6,6,-2:0:3,3:2:0,2912,7,5.664344877909304e7:5.183321516135702e7:2.8601990824865427e7:2.830571259199757e7:1.943873239085918e7:6.547205651168716e6:6.489054061699322e6:12270.577928561503:10870.878762991484:6039.846892587568:3603.300628963889:3337.3695513052508:26.20810143864227:16.30349352205795:11.226704421969854:0.9784492757073817,0.00020318815152695863
4,6,6,-1:0:3,3:1:0,3120,7,9.150095478460824e7:7.04493091157384e7:6.201353183531315e7:5.825670033898063e7:4.380153237652652e7:3.455173971303925e7:3.443869578802334e7:18372.293561103223:14587.698605883596:10051.535010383393:9965.096157674276:9545.102910448013:32.32895127435535:24.18352690682718:19.743545844670113:1.1350104113666797,0.00018396430911209289
4,6,6,0:0:3,3:0:0,3328,7,7.701301963907209e7:7.701301937710005e7:7.701301937709992e7:7.701290489770848e7:7.701290489770845e7:7.69347221470511e7:7.693472214705108e7:15761.923391735636:15760.602167084682:15760.602167074137:15617.505110339376:15617.505110339347:30.77334124177053:28.331128163615322:28.331128162981656:1.2033483689508506,0.00017238637073961274
4,6,6,1:0:3,3:1:0,3120,7,9.150095478460824e7:7.044930911573844e7:6.2013531835313156e7:5.825670033898063e7:4.380153237652652e7:3.455173971303924e7:3.443869578802334e7:18372.293561103223:14587.69860588381:10051.535010386142:9965.096157672957:9545.102910449546:32.32895127443605:24.18352690665235:19.74354584495714:1.1350104111627544,0.0001839643091120999
4,6,6,2:0:3,3:2:0,2912,7,5.6643448779093035e7:5.183321516135707e7:2.860199082486542e7:2.8305712591997594e7:1.943873239085918e7:6.547205651168721e6:6.489054061699322e6:12270.577928561504:10870.87876299088:6039.846892587559:3603.3006289644395:3337.369551304598:26.208101437979444:16.303493522151495:11.22670442205568:0.9784492757135022,0.00020318815152695438
4,6,6,3:0:3,3:3:0,2128,7,2.9172514186044868e7:2.815116692980557e7:1.1707343498560753e7:8.711873861208592e6:5.4870442092110785e6:1.2407405378934857e6:1.1884627172339126e6:6553.161981239131:6423.902706416923:3232.394317880307:1199.1565021516296:1023.7584672924266:18.236452782466014:9.994181211279203:6.205088219457864:0.808254294861165,0.0002267424059830287
4,6,6,4:0:3,4:3:0,1344,8,1.3528166777335316e7:1.290260411854336e7:3.714307689244671e6:2.5777280348182674e6:1.7025005209031675e6:287435.69002866547:265448.8387465309:3471.4595097123324:3383.949036431229:1490.1006892659054:440.9706096109661:360.1377700895049:12.209102592865857:6.095238392304175:3.558124662724733:0.6595924268927675,0.00026426199455158774
4,6,6,5:0:3,5:3:0,672,8,5.858790592084453e6:5.664601204812926e6:1.258412656444185e6:835699.648311712:559954.1637736742:81158.72058258057:73421.46719649168:1865.893213582514:1752.975910536197:682.8700086066742:183.23069716533422:147.46042889034337:8.303176095422513:3.8345276990282464:2.1536205239981925:0.5385746107594236,0.00032019200835204693
4,6,6,-5:1:3,5:3:1,630,8,5.3911150328302905e6:5.220969653312324e6:1.1377895843312107e6:752094.0032262213:503466.9077233469:72292.66188884455:65318.337091346744:1756.7772708302725:1644.300809415093:633.814622719579:169.01205030491062:135.9533759214093:8.006136135886292:3.670459213059965:2.0552495296711646:0.5279876210298878,0.0003267196446202304
4,6,6,-4:1:3,4:3:1,1260,8,1.222324700959989e7:1.167078636375446e7:3.2313979740062472e6:2.230809742059777e6:1.4799735396847015e6:243531.23992697804:224135.5412335672:3212.962681826844:3119.432646257911:1351.2066917714938:393.243799817309:320.18303341000075:11.626204866800352:5.745566097096938:3.3348732809032717:0.6432332227304273,0.0002701469976097109
4,6,6,-3:1:3,3:3:1,1995,7,2.6000590180658456e7:2.4940521929570228e7:9.756252334034683e6:7.127321088939874e6:4.515606831680247e6:964589.0067108582:917776.9949004907:5906.467753526371:5815.2885765183955:2867.704496300147:1011.0416738277634:854.6238214399498:17.096611654974275:9.213351820377575:5.650748873285825:0.7822856202922254,0.00023165217029943511
4,6,6,-2:1:3,3:2:1,2730,7,4.837346574646698e7:4.63463496552914e7:2.4378414819255505e7:2.1844395735900775e7:1.430042824693432e7:4.357930383308138e6:4.294833089282087e6:10652.244927561067:9770.892863201912:5312.071525551616:2768.079978178:2510.5672636330582:24.262043535522068:14.584639151717818:9.75039118657623:0.9374870460702139,0.00020805513751336947
4,6,6,-1:1:3,3:1:1,2925,7,7.907111738185526e7:6.398360438963005e7:4.822935627202475e7:4.025740698637968e7:3.710588754344833e7:1.7983180748644758e7:1.7930880875349578e7:16394.997155923757:13327.176431105805:8041.963836412593:6773.886923927736:6549.703368244823:30.48614573146024:20.956686864182664:15.797151542997343:1.0759667553882832,0.000191751778566239
4,6,6,0:1:3,3:1:0,3120,7,9.150095478460826e7:7.044930911573845e7:6.201353183531312e7:5.8256700338980645e7:4.3801532376526535e7:3.455173971303927e7:3.443869578802333e7:18372.29356110386:14587.698605883652:10051.535010386182:9965.096157671705:9545.102910450292:32.32895127393057:24.183526906171856:19.743545845314543:1.135010411150919,0.00018396430911210083
4,6,6,1:1:3,3:1:1,2925,7,7.907111738185526e7:6.398360438963008e7:4.822935627202475e7:4.0257406986379676e7:3.710588754344832e7:1.798318074864476e7:1.7930880875349585e7:16394.997155923476:13327.176431103338:8041.963836412363:6773.886923927797:6549.703368244623:30.486145730709705:20.956686865472065:15.797151540342778:1.0759667557792028,0.0001917517785662261
4,6,6,2:1:3,3:2:1,2730,7,4.8373465746466964e7:4.634634965529139e7:2.4378414819255516e7:2.184439573590076e7:1.4300428246934317e7:4.357930383308145e6:4.294833089282087e6:10652.244927561022:9770.892863201441:5312.071525551194:2768.079978177712:2510.5672636323566:24.262043534267168:14.584639152568785:9.750391185555769:0.9374870465376773,0.0002080551375133613
4,6,6,3:1:3,3:3:1,1995,7,2.600059018065846e7:2.494052192957023e7:9.756252334034681e6:7.127321088939869e6:4.515606831680243e6:964589.0067108585:917776.9949004903:5906.467753526371:5815.28857651858:2867.704496300327:1011.0416738277885:854.6238214398976:17.096611655267758:9.21335182020013:5.650748873241625:0.7822856202510834,0.00023165217029943972
4,6,6,4:1:3,4:3:1,1260,8,1.2223247009599878e7:1.1670786363754455e7:3.231397974006246e6:2.2308097420597766e6:1.4799735396847015e6:243531.2399269782:224135.54123356732:3212.962681826901:3119.432646257911:1351.2066917729423:393.2437998173127:320.1830334102408:11.626204866918945:5.745566096876227:3.334873280850078:0.643233222680684,0.00027014699760973817
4,6,6,5:1:3,5:3:1,630,8,5.391115032830287e6:5.22096965331232e6:1.1377895843312102e6:752094.0032262205:503466.9077233469:72292.66188884451:65318.33709134677:1756.777270830272:1644.3008094150948:633.8146227201026:169.0120503049581:135.9533759215268:8.006136135779823:3.6704592131004987:2.0552495296043625:0.5279876210574167,0.0003267196446202494
4,6,6,-5:2:3,5:3:2,588,9,4.243631595754172e6:4.129250325591805e6:855763.1637300217:558070.7090037769:371986.55419478996:52205.600009132875:47026.927779558755:1478.3651808546113:1369.2216178980543:512.8017853679881:134.60413017971658:108.20254441354723:7.2207381408126405:3.242080303510199:1.800685204335037:0.4986821462929168,0.00034655526347514336
4,6,6,-4:2:3,4:3:2,1176,8,9.135460644623639e6:8.760132800214885e6:2.196192978387633e6:1.493714671431586e6:999316.3927733704:154653.02983069565:141163.4191996126:2583.2650988197074:2476.545863322119:1025.715095085625:287.06474117955213:232.214157079395:10.140253057502106:4.8738517477354275:2.7879409151671886:0.5991387542842511,0.0002883727543528311
4,6,6,-3:2:3,3:3:2,1862,8,1.8583954376405574e7:1.770659794144075e7:5.848405233483561e6:4.1356967310460377e6:2.680885937561358e6:499057.5723328003:466787.52585332637:4453.9664004378965:4383.919926240047:2037.3713949692326:644.6812836654204:533.3671896806934:14.303524956621208:7.389079243948327:4.403798156701977:0.7149067570107128,0.00024731726565260456
4,6,6,-2:2:3,3:2:2,2548,7,3.2762308778111443e7:3.1913527309373617e7:1.4103469724547893e7:1.0766742202741586e7:6.7624425010809135e6:1.6289896213608824e6:1.5714704347878026e6:7315.706812990154:7114.086629638872:3651.6947111924305:1440.7962525643384:1244.5927514362727:19.505592726252264:10.891570927097055:6.858358574707574:0.8363913436809981,0.0002219756032343945
4,6,6,-1:2:3,3:2:1,2730,7,4.837346574646697e7:4.6346349655291416e7:2.4378414819255505e7:2.1844395735900763e7:1.4300428246934317e7:4.3579303833081415e6:4.294833089282086e6:10652.244927560727:9770.892863202253:5312.0715255513405:2768.079978177523:2510.567263632822:24.26204353518191:14.584639151493189:9.750391186732049:0.9374870459811243,0.0002080551375133664
4,6,6,0:2:3,3:2:0,2912,7,5.6643448779093035e7:5.183321516135705e7:2.860199082486542e7:2.8305712591997575e7:1.943873239085918e7:6.547205651168716e6:6.489054061699322e6:12270.577928561224:10870.878762992625:6039.846892587514:3603.3006289637724:3337.3695513041453:26.20810143862093:16.303493521989367:11.226704421621431:0.9784492755685669,0.00020318815152696142
4,6,6,1:2:3,3:2:1,2730,7,4.837346574646698e7:4.634634965529142e7:2.437841481925551e7:2.1844395735900767e7:1.4300428246934319e7:4.357930383308142e6:4.294833089282081e6:10652.244927560843:9770.89286320159:5312.0715255518:2768.0799781777823:2510.5672636331183:24.26204353401605:14.584639151967556:9.750391187169674:0.9374870460357089,0.00020805513751336524
4,6,6,2:2:3,3:2:2,2548,7,3.2762308778111447e7:3.1913527309373613e7:1.4103469724547898e7:1.0766742202741584e7:6.76244250108091e6:1.6289896213608827e6:1.5714704347878026e6:7315.70681299006:7114.086629638512:3651.694711192166:1440.7962525639655:1244.5927514363552:19.505592725826023:10.891570927278092:6.858358574301329:0.8363913440276571,0.00022197560323438596
4,6,6,3:2:3,3:3:2,1862,8,1.8583954376405567e7:1.770659794144075e7:5.8484052334835585e6:4.135696731046036e6:2.6808859375613574e6:499057.5723328007:466787.52585332573:4453.966400437885:4383.919926240004:2037.3713949692371:644.6812836651538:533.3671896808036:14.303524956729843:7.389079244246348:4.403798156568313:0.7149067569943234,0.0002473172656526027
4,6,6,4:2:3,4:3:2,1176,8,9.135460644623635e6:8.760132800214883e6:2.1961929783876324e6:1.4937146714315864e6:999316.3927733706:154653.02983069557:141163.41919961252:2583.2650988197156:2476.545863322127:1025.7150950860462:287.06474117955185:232.21415707945306:10.140253057472352:4.873851747606364:2.787940915234716:0.5991387543053398,0.00028837275435284116
4,6,6,5:2:3,5:3:2,588,9,4.243631595754173e6:4.129250325591803e6:855763.1637300219:558070.7090037771:371986.5541947899:52205.600009132875:47026.92777955868:1478.3651808546165:1369.2216178980593:512.8017853680316:134.60413017973164:108.20254441355736:7.220738140746346:3.2420803034972874:1.8006852041984347:0.49868214634465474,0.00034655526347514645
4,6,6,-5:3:3,5:3:3,294,9,2.936887204361167e6:2.878375392305211e6:558949.0599613831:356994.601784638:235579.95662936804:32217.506529843216:28930.014181205326:1135.8240421393923:1035.9538333594162:372.7549368556362:95.96618779303799:77.18971623266034:6.185906885851119:2.6900342340046186:1.4775460882806113:0.45660866320869864,0.0003802872471000315
4,6,6,-4:3:3,4:3:3,588,8,5.858790592084456e6:5.664601204812924e6:1.2584126564441859e6:835699.6483117121:559954.1637736746:81158.72058258051:73421.46719649163:1865.8932135825273:1752.9759105362054:682.8700086066601:183.23069716531117:147.46042889037238:8.303176095383362:3.8345276990321207:2.153620524047351:0.538574610773496,0.00032019200835204823
4,6,6,-3:3:3,3:3:3,1225,8,1.1068609809290541e7:1.0582110741165511e7:2.826769269805189e6:1.941606793909275e6:1.2927460885487755e6:207915.67166566488:190770.94295094162:2981.0132508895963:2882.203630456292:1229.0214287509868:352.4775431431584:286.2560081350883:11.090372967437494:5.4279938540170365:3.134037924905991:0.627754604041354,0.00027613316733502905
4,6,6,-2:3:3,3:3:2,1862,8,1.858395437640557e7:1.7706597941440746e7:5.848405233483557e6:4.135696731046035e6:2.6808859375613583e6:499057.5723328008:466787.52585332637:4453.966400437937:4383.919926240026:2037.3713949692362:644.6812836653453:533.3671896805947:14.303524957016705:7.3890792441058215:4.403798156279809:0.7149067570462554,0.0002473172656526046
4,6,6,-1:3:3,3:3:1,1995,7,2.600059018065845e7:2.494052192957023e7:9.75625233403468e6:7.127321088939875e6:4.515606831680247e6:964589.0067108581:917776.9949004919:5906.4677535263445:5815.288576518543:2867.7044963002295:1011.0416738274274:854.623821439773:17.09661165470663:9.213351820758565:5.650748873285337:0.7822856201242497,0.00023165217029943644
4,6,6,0:3:3,3:3:0,2128,7,2.9172514186044853e7:2.8151166929805566e7:1.1707343498560753e7:8.711873861208593e6:5.487044209211081e6:1.2407405378934862e6:1.1884627172339123e6:6553.161981239112:6423.902706417018:3232.3943178803174:1199.1565021515028:1023.7584672925876:18.236452782344802:9.994181211241541:6.2050882193491175:0.808254294838436,0.00022674240598303
4,6,6,1:3:3,3:3:1,1995,7,2.6000590180658463e7:2.4940521929570217e7:9.756252334034687e6:7.127321088939869e6:4.515606831680247e6:964589.0067108583:917776.9949004899:5906.467753526398:5815.288576518283:2867.7044963002545:1011.0416738276027:854.6238214399177:17.09661165565908:9.213351820710285:5.650748873615881:0.7822856204230104,0.00023165217029943408
4,6,6,2:3:3,3:3:2,1862,8,1.8583954376405556e7:1.7706597941440742e7:5.848405233483556e6:4.135696731046037e6:2.680885937561358e6:499057.5723328:466787.5258533261:4453.96640043796:4383.919926240229:2037.3713949692217:644.6812836653189:533.3671896806815:14.303524956966118:7.38907924410489:4.403798156412502:0.7149067570276164,0.0002473172656526103
4,6,6,3:3:3,3:3:3,1225,8,1.1068609809290545e7:1.058211074116551e7:2.8267692698051897e6:1.941606793909274e6:1.2927460885487753e6:207915.67166566502:190770.9429509416:2981.0132508895604:2882.203630456497:1229.0214287503272:352.4775431432144:286.2560081349529:11.090372967475567:5.427993854059563:3.1340379249243604:0.6277546041037685,0.000276133167335024
4,6,6,4:3:3,4:3:3,588,8,5.858790592084456e6:5.664601204812924e6:1.2584126564441859e6:835699.6483117121:559954.1637736746:81158.72058258051:73421.46719649163:1865.8932135825273:1752.9759105362054:682.8700086066601:183.23069716531117:147.46042889037238:8.303176095383362:3.8345276990321207:2.153620524047351:0.538574610773496,0.00032019200835204823
4,6,6,5:3:3,5:3:3,294,9,2.9368872043611654e6:2.8783753923052126e6:558949.059961383:356994.60178463784:235579.95662936804:32217.506529843224:28930.014181205344:1135.8240421393916:1035.9538333594292:372.7549368554816:95.96618779289162:77.18971623264126:6.185906885840457:2.690034234014309:1.4775460882929525:0.45660866320847715,0.00038028724710002234
4,6,6,-3:4:3,4:3:3,588,8,5.858790592084457e6:5.664601204812928e6:1.2584126564441856e6:835699.6483117123:559954.1637736744:81158.72058258063:73421.46719649162:1865.8932135825135:1752.9759105362075:682.8700086068054:183.2306971652462:147.46042889038193:8.303176095291287:3.8345276990265185:2.1536205241061386:0.5385746106930315,0.0003201920083520511
4,6,6,-2:4:3,4:3:2,1176,8,9.135460644623626e6:8.760132800214885e6:2.1961929783876324e6:1.4937146714315868e6:999316.3927733699:154653.0298306954:141163.41919961252:2583.2650988197106:2476.5458633220815:1025.7150950853477:287.06474117953906:232.21415707936407:10.140253057369595:4.873851747665729:2.787940915173315:0.5991387542681531,0.00028837275435282343
4,6,6,-1:4:3,4:3:1,1260,8,1.2223247009599876e7:1.1670786363754455e7:3.231397974006247e6:2.2308097420597766e6:1.4799735396847012e6:243531.23992697793:224135.5412335675:3212.962681826842:3119.432646257928:1351.2066917714542:393.243799817341:320.18303341002377:11.626204866946782:5.745566096916779:3.3348732810697066:0.6432332228989496,0.00027014699760971123
4,6,6,0:4:3,4:3:0,1344,8,1.3528166777335314e7:1.2902604118543357e7:3.7143076892446694e6:2.5777280348182674e6:1.7025005209031678e6:287435.6900286653:265448.838746531:3471.45950971233:3383.94903643125:1490.100689265902:440.97060961095303:360.13777008950285:12.209102592864616:6.095238392347979:3.558124662719704:0.6595924268701943,0.00026426199455158834
4,6,6,1:4:3,4:3:1,1260,8,1.2223247009599874e7:1.1670786363754451e7:3.2313979740062472e6:2.230809742059776e6:1.4799735396847003e6:243531.2399269781:224135.5412335675:3212.962681826842:3119.432646257911:1351.2066917715358:393.2437998173188:320.18303340990366:11.62620486690659:5.745566096965455:3.33487328113129:0.6432332227813632,0.00027014699760971144
4,6,6,2:4:3,4:3:2,1176,8,9.13546064462364e6:8.760132800214885e6:2.1961929783876333e6:1.4937146714315861e6:999316.3927733704:154653.0298306956:141163.41919961254:2583.265098819721:2476.5458633220946:1025.7150950858381:287.0647411795957:232.21415707940676:10.140253057453071:4.873851747595215:2.7879409152348855:0.5991387543742455,0.0002883727543528353
4,6,6,3:4:3,4:3:3,588,8,5.858790592084454e6:5.664601204812924e6:1.2584126564441859e6:835699.6483117118:559954.1637736742:81158.7205825806:73421.46719649159:1865.8932135825232:1752.9759105361643:682.8700086067404:183.23069716538944:147.46042889035775:8.303176095468478:3.83452769909721:2.153620524006855:0.5385746107969527,0.00032019200835204785
4,6,6,-3:5:3,5:3:3,294,9,2.936887204361167e6:2.8783753923052126e6:558949.0599613833:356994.6017846382:235579.95662936807:32217.506529843227:28930.01418120537:1135.8240421393903:1035.953833359416:372.75493685539726:95.96618779296341:77.18971623262603:6.185906885864585:2.6900342340043197:1.477546088268269:0.45660866321417015,0.00038028724710001616
4,6,6,-2:5:3,5:3:2,588,9,4.243631595754173e6:4.129250325591805e6:855763.1637300219:558070.7090037772:371986.55419478985:52205.60000913292:47026.92777955874:1478.3651808546063:1369.2216178980395:512.8017853678879:134.6041301797201:108.2025444135513:7.220738140748504:3.2420803034577124:1.8006852042179695:0.49868214638515446,0.00034655526347513707
4,6,6,-1:5:3,5:3:1,630,8,5.391115032830283e6:5.22096965331232e6:1.1377895843312102e6:752094.0032262208:503466.9077233468:72292.66188884444:65318.33709134684:1756.7772708302703:1644.300809415083:633.8146227198861:169.01205030494194:135.95337592147663:8.006136135719887:3.670459213106119:2.055249529614194:0.5279876209962211,0.0003267196446202406
4,6,6,0:5:3,5:3:0,672,8,5.858790592084455e6:5.664601204812928e6:1.2584126564441845e6:835699.6483117124:559954.1637736746:81158.7205825806:73421.46719649163:1865.893213582525:1752.9759105362023:682.8700086066751:183.23069716531745:147.46042889034703:8.30317609543962:3.8345276990274564:2.15362052402116:0.5385746107509467,0.0003201920083520481
4,6,6,1:5:3,5:3:1,630,8,5.391115032830289e6:5.2209696533123255e6:1.1377895843312105e6:752094.0032262211:503466.9077233464:72292.66188884457:65318.337091346715:1756.7772708302828:1644.3008094150796:633.8146227198348:169.01205030493404:135.95337592147783:8.006136135825365:3.670459213105033:2.055249529597746:0.5279876211104841,0.0003267196446202394
4,6,6,2:5:3,5:3:2,588,9,4.243631595754171e6:4.1292503255918045e6:855763.1637300217:558070.7090037767:371986.55419478967:52205.60000913292:47026.92777955874:1478.3651808545928:1369.2216178980655:512.8017853679486:134.60413017974406:108.20254441356337:7.2207381408288684:3.242080303482915:1.8006852042909476:0.49868214628315327,0.0003465552634751413
4,6,6,3:5:3,5:3:3,294,9,2.936887204361167e6:2.878375392305213e6:558949.059961383:356994.6017846378:235579.95662936804:32217.506529843224:28930.014181205344:1135.82404213939:1035.9538333594144:372.75493685553454:95.96618779298917:77.18971623265054:6.185906885854806:2.6900342340088255:1.4775460882552136:0.45660866320967425,0.0003802872471000241
4,6,6,-3:-3:4,4:3:3,588,9,3.4243911332323737e6:3.2828649202627013e6:1.274924047425106e6:929117.0996707447:589522.8656144696:125015.77919136359:118869.5750941867:1396.8652890872552:1370.6740589705578:675.0108737270464:235.34069360332734:199.76496470700837:7.657098692304878:3.8144293619453533:2.3907845664338736:0.5243600324387603,0.00041555539484162875
4,6,6,-2:-3:4,4:3:2,1176,9,4.741594700391801e6:4.66165357427333e6:2.143744953240011e6:1.6748086069956662e6:1.0537498010763964e6:266007.2970638109:257927.54476743581:1895.5387216494812:1823.0358692292425:949.5696151384733:391.64715250622277:342.7191756965985:9.156048304535728:4.8482133540959484:3.1588414980744983:0.5836714244138737,0.0003911830504548893
4,6,6,-1:-3:4,4:3:1,1260,9,5.8874651533088e6:5.765245184510756e6:2.922860606921928e6:2.4950519354032963e6:1.6041347895142168e6:462097.7385709257:453545.1435824065:2340.471957828662:2180.2235280783334:1172.766629035815:565.073136797883:507.7458298378992:10.299363854781335:5.7152762077259895:3.8496675562630647:0.6268648778533459,0.0003771376574900232
4,6,6,0:-3:4,4:3:0,1344,9,6.401062814307402e6:6.147795650211767e6:3.222565523371884e6:2.8717316372999963e6:1.8768232920660202e6:568304.5413713924:559872.1450212788:2524.233291464615:2315.633685932564:1259.2766257458154:647.1921049790462:587.6105688817377:10.728235034386014:6.06308167423649:4.1402634672207395:0.6428915356574876,0.0003723937802954759
4,6,6,1:-3:4,4:3:1,1260,9,5.887465153308798e6:5.765245184510758e6:2.922860606921929e6:2.4950519354032944e6:1.604134789514217e6:462097.738570926:453545.1435824067:2340.4719578286818:2180.2235280782356:1172.7666290357852:565.0731367975714:507.74582983781465:10.299363854697955:5.715276207671266:3.8496675563255534:0.6268648778433433,0.0003771376574900103
4,6,6,2:-3:4,4:3:2,1176,9,4.741594700391801e6:4.66165357427333e6:2.143744953240011e6:1.6748086069956673e6:1.0537498010763961e6:266007.2970638108:257927.54476743584:1895.5387216494946:1823.0358692293555:949.5696151384439:391.6471525059638:342.7191756966088:9.156048304613236:4.84821335408142:3.158841497910797:0.5836714244215148,0.00039118305045489436
4,6,6,3:-3:4,4:3:3,588,9,3.4243911332323756e6:3.2828649202627e6:1.2749240474251057e6:929117.0996707445:589522.8656144695:125015.77919136349:118869.57509418679:1396.865289087267:1370.6740589705682:675.01087372705:235.3406936033419:199.7649647069928:7.657098692393112:3.814429361924367:2.3907845662974085:0.5243600324877321,0.00041555539484163184
4,6,6,-3:-2:4,4:3:2,1176,9,4.7415947003918e6:4.661653574273333e6:2.1437449532400114e6:1.6748086069956673e6:1.0537498010763964e6:266007.29706381063:257927.54476743576:1895.538721649518:1823.0358692292318:949.5696151383902:391.64715250626097:342.7191756964907:9.156048304737753:4.84821335415468:3.1588414979236683:0.5836714244479204,0.0003911830504548868
4,6,6,-2:-2:4,4:2:2,2352,9,6.983353635000011e6:6.550467363984486e6:3.535751111451503e6:3.317103966213879e6:2.218259700671363e6:708807.3849120917:700667.9391978893:2729.425000242946:2459.3419182106945:1353.0378467928517:747.2374885960515:686.048682984419:11.181862355449816:6.44752092175966:4.471380247501241:0.6598683738766192,0.00036753893831792926
4,6,6,-1:-2:4,4:2:1,2520,9,9.22708964593923e6:7.867049563216518e6:5.190339344972045e6:4.51377708148028e6:3.9139806889972496e6:1.5323465379497863e6:1.5255933878785784e6:3487.0449979681894:2935.3027842307015:1696.2703990212003:1220.0459990801314:1161.50369272669:12.6731310578031:7.88314083027035:5.81607934631749:0.7175767084787517,0.00035155777044206416
4,6,6,0:-2:4,4:2:0,2688,9,1.0139339703466814e7:8.335699065477085e6:6.031166742564435e6:4.953436215393433e6:4.734063002702691e6:2.0771704962143998e6:2.0704457016910068e6:3780.846694815304:3104.8009856328595:1845.743475596461:1471.8799526907223:1417.644387750462:13.19149006734374:8.483780934230396:6.441152327149225:0.7395224246411568,0.00034538199988519034
4,6,6,1:-2:4,4:2:1,2520,9,9.227089645939237e6:7.867049563216516e6:5.190339344972046e6:4.513777081480275e6:3.913980688997254e6:1.5323465379497868e6:1.525593387878578e6:3487.0449979681302:2935.302784230363:1696.2703990212383:1220.0459990803697:1161.5036927264428:12.67313105775625:7.883140830183864:5.816079346212305:0.717576708450702,0.0003515577704420491
4,6,6,2:-2:4,4:2:2,2352,9,6.98335363500001e6:6.550467363984483e6:3.535751111451503e6:3.3171039662138782e6:2.2182597006713627e6:708807.3849120915:700667.9391978888:2729.4250002429512:2459.3419182107946:1353.0378467928058:747.2374885959472:686.0486829844642:11.181862355577202:6.4475209214533695:4.47138024746619:0.6598683738505332,0.0003675389383179327
4,6,6,3:-2:4,4:3:2,1176,9,4.7415947003918e6:4.661653574273332e6:2.143744953240011e6:1.6748086069956673e6:1.053749801076396e6:266007.29706381087:257927.544767436:1895.5387216495033:1823.0358692292853:949.5696151384606:391.6471525061856:342.7191756965916:9.156048304663667:4.848213354067262:3.1588414979576016:0.583671424443602,0.00039118305045489365
4,6,6,-3:-1:4,4:3:1,1260,9,5.887465153308799e6:5.765245184510759e6:2.9228606069219275e6:2.495051935403296e6:1.6041347895142164e6:462097.7385709262:453545.1435824064:2340.471957828679:2180.223528078091:1172.7666290357006:565.0731367976812:507.7458298377665:10.29936385474254:5.715276207583569:3.8496675564632876:0.6268648778233036,0.0003771376574899983
4,6,6,-2:-1:4,4:2:1,2520,9,9.227089645939235e6:7.8670495632165205e6:5.190339344972045e6:4.513777081480275e6:3.9139806889972524e6:1.5323465379497875e6:1.5255933878785782e6:3487.044997968209:2935.302784230628:1696.2703990210898:1220.0459990801853:1161.5036927261713:12.67313105815772:7.883140830298429:5.816079346354803:0.7175767084824664,0.0003515577704420526
4,6,6,-1:-1:4,4:1:1,2700,9,1.2034636347513197e7:9.302251159186373e6:8.039309100802887e6:7.44681730353909e6:5.702655822196262e6:4.22074294933455e6:4.208637211529118e6:4338.903832641619:3445.506790471136:2301.1756049435658:2245.4403791366576:2177.964741713423:14.11783109403916:9.94118420224854:8.186243824969699:0.7885555012793222,0.00033034520969830934
4,6,6,0:-1:4,4:1:0,2880,9,1.2702638376471687e7:9.794261363258041e6:9.15598143160801e6:8.961909713543141e6:6.6560090344708115e6:6.414015743617244e6:6.317508081075489e6:4469.229516726466:3609.358523581239:2852.958446718303:2852.1542757564434:2614.9638400521594:14.348345388521395:10.8337728103264:9.520716516851033:0.8161275026325775,0.00032035203833688595
4,6,6,1:-1:4,4:1:1,2700,9,1.2034636347513197e7:9.30225115918637e6:8.039309100802892e6:7.446817303539093e6:5.702655822196264e6:4.220742949334552e6:4.208637211529118e6:4338.903832641603:3445.5067904711195:2301.175604943546:2245.440379136774:2177.9647417134115:14.117831093645925:9.94118420204004:8.18624382493637:0.7885555012228943,0.0003303452096983098
4,6,6,2:-1:4,4:2:1,2520,9,9.22708964593923e6:7.867049563216514e6:5.190339344972046e6:4.513777081480274e6:3.913980688997251e6:1.5323465379497868e6:1.5255933878785782e6:3487.044997968188:2935.302784230628:1696.2703990211614:1220.0459990801867:1161.5036927265287:12.673131057980102:7.883140830465323:5.816079346251016:0.7175767083901216,0.0003515577704420589
4,6,6,3:-1:4,4:3:1,1260,9,5.887465153308798e6:5.765245184510761e6:2.92286060692193e6:2.495051935403295e6:1.604134789514217e6:462097.73857092595:453545.1435824065:2340.471957828652:2180.223528078243:1172.7666290356851:565.0731367977575:507.74582983794596:10.299363854658413:5.715276207600464:3.8496675563883636:0.6268648779420359,0.0003771376574900102
4,6,6,-3:0:4,4:3:0,1344,9,6.4010628143074e6:6.147795650211765e6:3.2225655233718846e6:2.8717316372999963e6:1.8768232920660197e6:568304.541371392:559872.1450212786:2524.2332914646136:2315.633685932596:1259.2766257458218:647.192104979109:587.6105688817419:10.72823503433851:6.06308167421494:4.140263467148727:0.6428915356675151,0.00037239378029547916
4,6,6,-2:0:4,4:2:0,2688,9,1.0139339703466818e7:8.335699065477085e6:6.031166742564432e6:4.953436215393433e6:4.73406300270269e6:2.0771704962143993e6:2.0704457016910075e6:3780.846694815231:3104.8009856328695:1845.7434755964646:1471.8799526908701:1417.6443877503466:13.1914900672712:8.4837809341291:6.441152327201979:0.7395224246739712,0.0003453819998851883
4,6,6,-1:0:4,4:1:0,2880,9,1.2702638376471687e7:9.79426136325804e6:9.155981431608012e6:8.961909713543141e6:6.6560090344708115e6:6.414015743617246e6:6.317508081075488e6:4469.2295167266:3609.3585235812966:2852.958446717828:2852.1542757560715:2614.963840052296:14.348345388053131:10.833772810407597:9.520716516614566:0.8161275027797273,0.0003203520383368788
4,6,6,0:0:4,4:0:0,3072,9,1.0288150325151213e7:1.0288150128357526e7:1.0288150128357515e7:1.0288101794086332e7:1.028810179408633e7:1.0269545735815467e7:1.0269545735815465e7:3764.5963856047756:3763.5970492241186:3763.597049224044:3703.182111507619:3703.1821115073317:13.747342837554571:11.86804992406135:11.868049923615079:0.8461456370772831,0.0003073742707609418
4,6,6,1:0:4,4:1:0,2880,9,1.2702638376471687e7:9.794261363258041e6:9.15598143160801e6:8.96190971354314e6:6.6560090344708115e6:6.4140157436172385e6:6.317508081075489e6:4469.2295167266:3609.358523581297:2852.9584467162967:2852.154275756296:2614.963840052241:14.348345388065955:10.83377281042849:9.520716516588548:0.8161275028558317,0.0003203520383368568
4,6,6,2:0:4,4:2:0,2688,9,1.0139339703466816e7:8.335699065477084e6:6.031166742564433e6:4.953436215393434e6:4.73406300270269e6:2.0771704962143998e6:2.0704457016910063e6:3780.846694815231:3104.8009856329413:1845.743475596464:1471.8799526908183:1417.6443877505917:13.191490067286662:8.483780934129923:6.441152327148463:0.7395224246783839,0.00034538199988519376
4,6,6,3:0:4,4:3:0,1344,9,6.401062814307405e6:6.147795650211766e6:3.2225655233718837e6:2.8717316372999945e6:1.8768232920660204e6:568304.5413713917:559872.1450212785:2524.233291464614:2315.633685932617:1259.2766257458222:647.1921049791006:587.6105688817657:10.728235034389156:6.063081674207919:4.140263467143981:0.6428915356659252,0.0003723937802954807
4,6,6,-3:1:4,4:3:1,1260,9,5.887465153308799e6:5.765245184510759e6:2.9228606069219275e6:2.495051935403296e6:1.6041347895142164e6:462097.7385709262:453545.1435824064:2340.471957828679:2180.223528078091:1172.7666290357006:565.0731367976812:507.7458298377665:10.29936385474254:5.715276207583569:3.8496675564632876:0.6268648778233036,0.0003771376574899983
4,6,6,-2:1:4,4:2:1,2520,9,9.227089645939235e6:7.8670495632165205e6:5.190339344972045e6:4.513777081480275e6:3.9139806889972524e6:1.5323465379497875e6:1.5255933878785782e6:3487.044997968209:2935.302784230628:1696.2703990210898:1220.0459990801853:1161.5036927261713:12.67313105815772:7.883140830298429:5.816079346354803:0.7175767084824664,0.0003515577704420526
4,6,6,-1:1:4,4:1:1,2700,9,1.2034636347513197e7:9.302251159186373e6:8.039309100802887e6:7.44681730353909e6:5.702655822196262e6:4.22074294933455e6:4.208637211529118e6:4338.903832641619:3445.506790471136:2301.1756049435658:2245.4403791366576:2177.964741713423:14.11783109403916:9.94118420224854:8.186243824969699:0.7885555012793222,0.00033034520969830934
4,6,6,0:1:4,4:1:0,2880,9,1.2702638376471687e7:9.794261363258041e6:9.15598143160801e6:8.961909713543141e6:6.6560090344708115e6:6.414015743617244e6:6.317508081075489e6:4469.229516726466:3609.358523581239:2852.958446718303:2852.1542757564434:2614.9638400521594:14.348345388521395:10.8337728103264:9.520716516851033:0.8161275026325775,0.00032035203833688595
4,6,6,1:1:4,4:1:1,2700,9,1.2034636347513197e7:9.30225115918637e6:8.039309100802892e6:7.446817303539093e6:5.702655822196264e6:4.220742949334552e6:4.208637211529118e6:4338.903832641603:3445.5067904711195:2301.175604943546:2245.440379136774:2177.9647417134115:14.117831093645925:9.94118420204004:8.18624382493637:0.7885555012228943,0.0003303452096983098
4,6,6,2:1:4,4:2:1,2520,9,9.22708964593923e6:7.867049563216514e6:5.190339344972046e6:4.513777081480274e6:3.913980688997251e6:1.5323465379497868e6:1.5255933878785782e6:3487.044997968188:2935.302784230628:1696.2703990211614:1220.0459990801867:1161.5036927265287:12.673131057980102:7.883140830465323:5.816079346251016:0.7175767083901216,0.0003515577704420589
4,6,6,3:1:4,4:3:1,1260,9,5.887465153308798e6:5.765245184510761e6:2.92286060692193e6:2.495051935403295e6:1.604134789514217e6:462097.73857092595:453545.1435824065:2340.471957828652:2180.223528078243:1172.7666290356851:565.0731367977575:507.74582983794596:10.299363854658413:5.715276207600464:3.8496675563883636:0.6268648779420359,0.0003771376574900102
4,6,6,-3:2:4,4:3:2,1176,9,4.7415947003918e6:4.661653574273333e6:2.1437449532400114e6:1.6748086069956673e6:1.0537498010763964e6:266007.29706381063:257927.54476743576:1895.538721649518:1823.0358692292318:949.5696151383902:391.64715250626097:342.7191756964907:9.156048304737753:4.84821335415468:3.1588414979236683:0.5836714244479204,0.0003911830504548868
4,6,6,-2:2:4,4:2:2,2352,9,6.983353635000011e6:6.550467363984486e6:3.535751111451503e6:3.317103966213879e6:2.218259700671363e6:708807.3849120917:700667.9391978893:2729.425000242946:2459.3419182106945:1353.0378467928517:747.2374885960515:686.048682984419:11.181862355449816:6.44752092175966:4.471380247501241:0.6598683738766192,0.00036753893831792926
4,6,6,-1:2:4,4:2:1,2520,9,9.22708964593923e6:7.867049563216518e6:5.190339344972045e6:4.51377708148028e6:3.9139806889972496e6:1.5323465379497863e6:1.5255933878785784e6:3487.0449979681894:2935.3027842307015:1696.2703990212003:1220.0459990801314:1161.50369272669:12.6731310578031:7.88314083027035:5.81607934631749:0.7175767084787517,0.00035155777044206416
4,6,6,0:2:4,4:2:0,2688,9,1.0139339703466814e7:8.335699065477085e6:6.031166742564435e6:4.953436215393433e6:4.734063002702691e6:2.0771704962143998e6:2.0704457016910068e6:3780.846694815304:3104.8009856328595:1845.743475596461:1471.8799526907223:1417.644387750462:13.19149006734374:8.483780934230396:6.441152327149225:0.7395224246411568,0.00034538199988519034
4,6,6,1:2:4,4:2:1,2520,9,9.227089645939237e6:7.867049563216516e6:5.190339344972046e6:4.513777081480275e6:3.913980688997254e6:1.5323465379497868e6:1.525593387878578e6:3487.0449979681302:2935.302784230363:1696.2703990212383:1220.0459990803697:1161.5036927264428:12.67313105775625:7.883140830183864:5.816079346212305:0.717576708450702,0.0003515577704420491
4,6,6,2:2:4,4:2:2,2352,9,6.98335363500001e6:6.550467363984483e6:3.535751111451503e6:3.3171039662138782e6:2.2182597006713627e6:708807.3849120915:700667.9391978888:2729.4250002429512:2459.3419182107946:1353.0378467928058:747.2374885959472:686.0486829844642:11.181862355577202:6.4475209214533695:4.47138024746619:0.6598683738505332,0.0003675389383179327
4,6,6,3:2:4,4:3:2,1176,9,4.7415947003918e6:4.661653574273332e6:2.143744953240011e6:1.6748086069956673e6:1.053749801076396e6:266007.29706381087:257927.544767436:1895.5387216495033:1823.0358692292853:949.5696151384606:391.6471525061856:342.7191756965916:9.156048304663667:4.848213354067262:3.1588414979576016:0.583671424443602,0.00039118305045489365
4,6,6,-3:3:4,4:3:3,588,9,3.4243911332323737e6:3.2828649202627013e6:1.274924047425106e6:929117.0996707447:589522.8656144696:125015.77919136359:118869.5750941867:1396.8652890872552:1370.6740589705578:675.0108737270464:235.34069360332734:199.76496470700837:7.657098692304878:3.8144293619453533:2.3907845664338736:0.5243600324387603,0.00041555539484162875
4,6,6,-2:3:4,4:3:2,1176,9,4.741594700391801e6:4.66165357427333e6:2.143744953240011e6:1.6748086069956662e6:1.0537498010763964e6:266007.2970638109:257927.54476743581:1895.5387216494812:1823.0358692292425:949.5696151384733:391.64715250622277:342.7191756965985:9.156048304535728:4.8482133540959484:3.1588414980744983:0.5836714244138737,0.0003911830504548893
4,6,6,-1:3:4,4:3:1,1260,9,5.8874651533088e6:5.765245184510756e6:2.922860606921928e6:2.4950519354032963e6:1.6041347895142168e6:462097.7385709257:453545.1435824065:2340.471957828662:2180.2235280783334:1172.766629035815:565.073136797883:507.7458298378992:10.299363854781335:5.7152762077259895:3.8496675562630647:0.6268648778533459,0.0003771376574900232
4,6,6,0:3:4,4:3:0,1344,9,6.401062814307402e6:6.147795650211767e6:3.222565523371884e6:2.8717316372999963e6:1.8768232920660202e6:568304.5413713924:559872.1450212788:2524.233291464615:2315.633685932564:1259.2766257458154:647.1921049790462:587.6105688817377:10.728235034386014:6.06308167423649:4.1402634672207395:0.6428915356574876,0.0003723937802954759
4,6,6,1:3:4,4:3:1,1260,9,5.887465153308798e6:5.765245184510758e6:2.922860606921929e6:2.4950519354032944e6:1.604134789514217e6:462097.738570926:453545.1435824067:2340.4719578286818:2180.2235280782356:1172.7666290357852:565.0731367975714:507.74582983781465:10.299363854697955:5.715276207671266:3.8496675563255534:0.6268648778433433,0.0003771376574900103
4,6,6,2:3:4,4:3:2,1176,9,4.741594700391801e6:4.66165357427333e6:2.143744953240011e6:1.6748086069956673e6:1.0537498010763961e6:266007.2970638108:257927.54476743584:1895.5387216494946:1823.0358692293555:949.5696151384439:391.6471525059638:342.7191756966088:9.156048304613236:4.84821335408142:3.158841497910797:0.5836714244215148,0.00039118305045489436
4,6,6,3:3:4,4:3:3,588,9,3.4243911332323756e6:3.2828649202627e6:1.2749240474251057e6:929117.0996707445:589522.8656144695:125015.77919136349:118869.57509418679:1396.865289087267:1370.6740589705682:675.01087372705:235.3406936033419:199.7649647069928:7.657098692393112:3.814429361924367:2.3907845662974085:0.5243600324877321,0.00041555539484163184
4,6,6,-3:-3:5,5:3:3,294,9,1.0965916224270072e6:1.0949093159830235e6:525583.7908788061:426014.29099813965:269984.8318535656:72467.36555480851:70701.01307628892:694.2403220818228:656.6418529461548:348.1365116659598:152.88347856520625:135.9791985260554:5.33688890614933:2.6580100085703324:1.8062042404245613:0.42975119577240495,0.00060481114742699
4,6,6,-2:-3:5,5:3:2,588,10,1.4251769652310812e6:1.3476770743405104e6:720999.1217811995:664545.5047533646:441085.5659285386:138358.953043202:136632.17868846713:880.0300618115937:795.9927977839585:437.1610647129318:233.81322916966562:214.45952984799533:6.035213703834677:3.203345962459392:2.269267891906525:0.4698599905552379,0.0005806876245767903
4,6,6,-1:-3:5,5:3:1,630,10,1.6966743867839822e6:1.5186562144024908e6:882239.4707518935:850512.3283469406:622897.6996141602:219267.67366036426:217723.4666467203:1026.6800144350793:892.846752986207:503.3010384039677:314.3240667151467:294.6955553070234:6.514775506122262:3.6265123541851003:2.6582083632664797:0.497821118187905,0.0005651668826777369
4,6,6,0:-3:5,5:3:0,672,10,1.802095803655999e6:1.5786333733887651e6:971342.6195349029:894359.3140029886:705372.9062619249:259726.26254809758:258250.7270979284:1082.0955656779356:927.0812828922058:528.4427126878227:349.8768381877542:330.53881357279124:6.683136782675551:3.7885833948403023:2.815205283014647:0.5079265662482494,0.000559628220433454
4,6,6,1:-3:5,5:3:1,630,10,1.6966743867839817e6:1.5186562144024905e6:882239.4707518931:850512.32834694:622897.6996141599:219267.67366036423:217723.46664672016:1026.6800144350825:892.8467529862764:503.3010384040013:314.32406671508113:294.6955553070357:6.514775506055213:3.6265123542572435:2.6582083632837565:0.49782111818973507,0.0005651668826777531
4,6,6,2:-3:5,5:3:2,588,10,1.4251769652310815e6:1.3476770743405109e6:720999.1217811998:664545.5047533645:441085.56592853845:138358.95304320197:136632.178688467:880.030061811594:795.9927977839999:437.1610647129453:233.8132291696589:214.45952984800283:6.035213703846346:3.203345962490809:2.2692678918932043:0.4698599905823025,0.0005806876245768037
4,6,6,3:-3:5,5:3:3,294,9,1.0965916224270072e6:1.0949093159830235e6:525583.7908788061:426014.2909981397:269984.8318535655:72467.36555480848:70701.01307628889:694.2403220818256:656.6418529461477:348.13651166600465:152.88347856521224:135.9791985260527:5.336888906150645:2.6580100086018708:1.806204240420432:0.4297511957825862,0.0006048111474269978
4,6,6,-3:-2:5,5:3:2,588,10,1.4251769652310815e6:1.347677074340511e6:720999.1217811998:664545.5047533651:441085.5659285387:138358.95304320203:136632.17868846722:880.0300618116036:795.9927977840032:437.1610647129374:233.81322916965195:214.459529848009:6.035213703833029:3.2033459624809906:2.26926789190203:0.4698599905626264,0.0005806876245768062
4,6,6,-2:-2:5,5:2:2,1176,10,1.9149992096469158e6:1.6399207172353622e6:1.0698025577481922e6:938999.1152924009:802008.3554425914:310555.0369431427:309135.3250284261:1140.5720403504706:962.1130637409515:555.7175366333752:391.3493066277381:372.54495104792767:6.854328277166586:3.963038742227419:2.9898199100989014:0.5184719463141849,0.0005538292187621274
4,6,6,-1:-2:5,5:2:1,1260,10,2.2893176891159927e6:1.8302712749702348e6:1.4243885811533565e6:1.2161807112477617e6:1.07200081397413e6:568373.8195255521:566844.5207815255:1326.9692435369443:1070.171839322081:658.3001935189566:566.3681459215181:550.3238890188128:7.36409055975966:4.575403048518318:3.658330307901158:0.5530961714408507,0.0005341140099146466
4,6,6,0:-2:5,5:2:0,1344,10,2.4184292677357174e6:1.895378381772988e6:1.561394091287188e6:1.3927646226955827e6:1.1323009751614411e6:714705.3705797086:712881.5101404457:1386.6406210688726:1106.3538418491169:705.2711031586066:648.9440819446626:633.0577589035095:7.51911324531715:4.8152434506501445:3.949937156444796:0.5657701778601368,0.0005263616330783524
4,6,6,1:-2:5,5:2:1,1260,10,2.2893176891159927e6:1.830271274970235e6:1.424388581153357e6:1.216180711247762e6:1.07200081397413e6:568373.8195255526:566844.5207815255:1326.9692435369595:1070.1718393221863:658.3001935189753:566.368145921477:550.3238890187645:7.364090559730579:4.5754030485371455:3.658330307818477:0.5530961715086541,0.0005341140099146594
4,6,6,2:-2:5,5:2:2,1176,10,1.9149992096469165e6:1.639920717235362e6:1.0698025577481925e6:938999.1152924015:802008.3554425914:310555.03694314294:309135.3250284261:1140.5720403504583:962.1130637409898:555.7175366333721:391.3493066277617:372.5449510479211:6.854328277142586:3.963038742151132:2.989819910111466:0.5184719463139982,0.0005538292187621327
4,6,6,3:-2:5,5:3:2,588,10,1.4251769652310815e6:1.3476770743405104e6:720999.1217811998:664545.5047533647:441085.56592853845:138358.95304320205:136632.178688467:880.0300618116029:795.9927977840252:437.161064712959:233.81322916964064:214.4595298479742:6.0352137038210225:3.2033459624564515:2.269267891885341:0.46985999055594263,0.0005806876245768117
4,6,6,-3:-1:5,5:3:1,630,10,1.6966743867839817e6:1.5186562144024903e6:882239.4707518929:850512.3283469398:622897.6996141603:219267.67366036406:217723.46664672028:1026.6800144350757:892.8467529862471:503.3010384039724:314.3240667150891:294.6955553070543:6.5147755060630095:3.626512354268295:2.6582083632555187:0.49782111819550906,0.0005651668826777434
4,6,6,-2:-1:5,5:2:1,1260,10,2.289317689115993e6:1.8302712749702353e6:1.424388581153357e6:1.2161807112477617e6:1.0720008139741302e6:568373.8195255526:566844.5207815255:1326.9692435369377:1070.1718393221456:658.3001935189685:566.3681459214868:550.3238890187855:7.3640905595422455:4.575403048494423:3.658330307828897:0.553096171473022,0.0005341140099146508
4,6,6,-1:-1:5,5:1:1,1350,11,2.6404534727639686e6:2.0271062715350334e6:1.8555371325107405e6:1.7930472844397996e6:1.3191020732449805e6:1.1906261650617295e6:1.183379600991155e6:1471.41503606737:1177.0511130813356:874.1395494862644:871.6507696884488:820.4960483134099:7.74696943801221:5.362627335173939:4.710522131998018:0.5931169187669642,0.0005077185462776993
4,6,6,0:-1:5,5:1:0,1440,11,2.665131690080326e6:2.0933859153953174e6:2.0076942784936596e6:1.9898570581493473e6:1.5940896023952684e6:1.5835705711006848e6:1.482473335116483e6:1463.8636259251803:1210.8542683564388:1023.5077322138416:1023.1296985875421:933.6084494260972:7.7619845991763645:5.676324995063031:5.242715354095769:0.607912474875859,0.0004960417077771436
4,6,6,1:-1:5,5:1:1,1350,11,2.640453472763968e6:2.0271062715350334e6:1.8555371325107408e6:1.7930472844397998e6:1.3191020732449803e6:1.1906261650617293e6:1.1833796009911553e6:1471.4150360673623:1177.0511130813265:874.1395494861795:871.6507696884528:820.4960483133517:7.746969438135459:5.362627335091023:4.710522131985017:0.5931169187963572,0.0005077185462776868
4,6,6,2:-1:5,5:2:1,1260,10,2.2893176891159927e6:1.8302712749702353e6:1.4243885811533565e6:1.2161807112477615e6:1.07200081397413e6:568373.8195255522:566844.5207815255:1326.969243536923:1070.17183932212:658.3001935189563:566.3681459215175:550.3238890187739:7.364090559733896:4.575403048512164:3.658330307806818:0.5530961714360664,0.0005341140099146453
4,6,6,3:-1:5,5:3:1,630,10,1.6966743867839815e6:1.51865621440249e6:882239.4707518931:850512.3283469401:622897.6996141601:219267.67366036415:217723.46664672025:1026.6800144350686:892.8467529862514:503.3010384039777:314.32406671509597:294.69555530706106:6.514775506048075:3.6265123542559303:2.6582083632771525:0.4978211181656421,0.0005651668826777442
4,6,6,-3:0:5,5:3:0,672,10,1.8020958036559985e6:1.5786333733887658e6:971342.6195349032:894359.3140029884:705372.9062619245:259726.2625480977:258250.72709792838:1082.0955656779358:927.0812828922157:528.4427126878224:349.87683818774696:330.53881357278465:6.683136782717884:3.7885833948480956:2.8152052829861214:0.507926566274891,0.000559628220433455
4,6,6,-2:0:5,5:2:0,1344,10,2.418429267735718e6:1.8953783817729887e6:1.5613940912871875e6:1.3927646226955825e6:1.1323009751614411e6:714705.3705797087:712881.5101404459:1386.640621068835:1106.3538418490682:705.271103158613:648.9440819447786:633.0577589034358:7.519113245327466:4.815243450683752:3.9499371563967944:0.5657701778349679,0.0005263616330783438
4,6,6,-1:0:5,5:1:0,1440,11,2.665131690080326e6:2.0933859153953171e6:2.0076942784936596e6:1.9898570581493468e6:1.5940896023952684e6:1.583570571100684e6:1.4824733351164833e6:1463.863625925152:1210.8542683564158:1023.5077322140303:1023.1296985876785:933.6084494261185:7.761984599142184:5.676324995118006:5.242715354046289:0.6079124748169368,0.0004960417077771649
4,6,6,0:0:5,5:0:0,1536,11,2.1597864477961524e6:2.159786290034373e6:2.159786290034369e6:2.1597615176260695e6:2.159761517626069e6:2.153679837895691e6:2.1536798378956905e6:1243.9984212119184:1243.1900564013458:1243.1900564011742:1212.2281581188624:1212.2281581187515:7.5693062377255735:6.021729932148313:6.021729932091644:0.623552004827477,0.00048212635871882725
4,6,6,1:0:5,5:1:0,1440,11,2.665131690080326e6:2.0933859153953171e6:2.007694278493659e6:1.9898570581493464e6:1.5940896023952682e6:1.583570571100684e6:1.4824733351164833e6:1463.8636259251564:1210.8542683564197:1023.5077322139226:1023.1296985876778:933.6084494261227:7.761984599153186:5.676324995080169:5.242715354086464:0.6079124748593304,0.0004960417077771576
4,6,6,2:0:5,5:2:0,1344,10,2.418429267735718e6:1.8953783817729885e6:1.5613940912871875e6:1.3927646226955825e6:1.1323009751614411e6:714705.3705797087:712881.5101404459:1386.6406210688347:1106.3538418490987:705.2711031586255:648.9440819447191:633.0577589035953:7.519113245324054:4.815243450684859:3.9499371564000425:0.5657701778341931,0.0005263616330783562
4,6,6,3:0:5,5:3:0,672,10,1.8020958036559992e6:1.5786333733887647e6:971342.6195349029:894359.3140029886:705372.9062619249:259726.26254809753:258250.7270979283:1082.0955656779354:927.0812828921943:528.4427126878244:349.8768381877681:330.5388135727782:6.6831367827171:3.788583394852716:2.815205282987823:0.5079265662711367,0.0005596282204334519
4,6,6,-3:1:5,5:3:1,630,10,1.6966743867839817e6:1.5186562144024903e6:882239.4707518929:850512.3283469398:622897.6996141603:219267.67366036406:217723.46664672028:1026.6800144350757:892.8467529862471:503.3010384039724:314.3240667150891:294.6955553070543:6.5147755060630095:3.626512354268295:2.6582083632555187:0.49782111819550906,0.0005651668826777434
4,6,6,-2:1:5,5:2:1,1260,10,2.289317689115993e6:1.8302712749702353e6:1.424388581153357e6:1.2161807112477617e6:1.0720008139741302e6:568373.8195255526:566844.5207815255:1326.9692435369377:1070.1718393221456:658.3001935189685:566.3681459214868:550.3238890187855:7.3640905595422455:4.575403048494423:3.658330307828897:0.553096171473022,0.0005341140099146508
4,6,6,-1:1:5,5:1:1,1350,11,2.6404534727639686e6:2.0271062715350334e6:1.8555371325107405e6:1.7930472844397996e6:1.3191020732449805e6:1.1906261650617295e6:1.183379600991155e6:1471.41503606737:1177.0511130813356:874.1395494862644:871.6507696884488:820.4960483134099:7.74696943801221:5.362627335173939:4.710522131998018:0.5931169187669642,0.0005077185462776993
4,6,6,0:1:5,5:1:0,1440,11,2.665131690080326e6:2.0933859153953174e6:2.0076942784936596e6:1.9898570581493473e6:1.5940896023952684e6:1.5835705711006848e6:1.482473335116483e6:1463.8636259251803:1210.8542683564388:1023.5077322138416:1023.1296985875421:933.6084494260972:7.7619845991763645:5.676324995063031:5.242715354095769:0.607912474875859,0.0004960417077771436
4,6,6,1:1:5,5:1:1,1350,11,2.640453472763968e6:2.0271062715350334e6:1.8555371325107408e6:1.7930472844397998e6:1.3191020732449803e6:1.1906261650617293e6:1.1833796009911553e6:1471.4150360673623:1177.0511130813265:874.1395494861795:871.6507696884528:820.4960483133517:7.746969438135459:5.362627335091023:4.710522131985017:0.5931169187963572,0.0005077185462776868
4,6,6,2:1:5,5:2:1,1260,10,2.2893176891159927e6:1.8302712749702353e6:1.4243885811533565e6:1.2161807112477615e6:1.07200081397413e6:568373.8195255522:566844.5207815255:1326.969243536923:1070.17183932212:658.3001935189563:566.3681459215175:550.3238890187739:7.364090559733896:4.575403048512164:3.658330307806818:0.5530961714360664,0.0005341140099146453
4,6,6,3:1:5,5:3:1,630,10,1.6966743867839815e6:1.51865621440249e6:882239.4707518931:850512.3283469401:622897.6996141601:219267.67366036415:217723.46664672025:1026.6800144350686:892.8467529862514:503.3010384039777:314.32406671509597:294.69555530706106:6.514775506048075:3.6265123542559303:2.6582083632771525:0.4978211181656421,0.0005651668826777442
4,6,6,-3:2:5,5:3:2,588,10,1.4251769652310815e6:1.347677074340511e6:720999.1217811998:664545.5047533651:441085.5659285387:138358.95304320203:136632.17868846722:880.0300618116036:795.9927977840032:437.1610647129374:233.81322916965195:214.459529848009:6.035213703833029:3.2033459624809906:2.26926789190203:0.4698599905626264,0.0005806876245768062
4,6,6,-2:2:5,5:2:2,1176,10,1.9149992096469158e6:1.6399207172353622e6:1.0698025577481922e6:938999.1152924009:802008.3554425914:310555.0369431427:309135.3250284261:1140.5720403504706:962.1130637409515:555.7175366333752:391.3493066277381:372.54495104792767:6.854328277166586:3.963038742227419:2.9898199100989014:0.5184719463141849,0.0005538292187621274
4,6,6,-1:2:5,5:2:1,1260,10,2.2893176891159927e6:1.8302712749702348e6:1.4243885811533565e6:1.2161807112477617e6:1.07200081397413e6:568373.8195255521:566844.5207815255:1326.9692435369443:1070.171839322081:658.3001935189566:566.3681459215181:550.3238890188128:7.36409055975966:4.575403048518318:3.658330307901158:0.5530961714408507,0.0005341140099146466
4,6,6,0:2:5,5:2:0,1344,10,2.4184292677357174e6:1.895378381772988e6:1.561394091287188e6:1.3927646226955827e6:1.1323009751614411e6:714705.3705797086:712881.5101404457:1386.6406210688726:1106.3538418491169:705.2711031586066:648.9440819446626:633.0577589035095:7.51911324531715:4.8152434506501445:3.949937156444796:0.5657701778601368,0.0005263616330783524
4,6,6,1:2:5,5:2:1,1260,10,2.2893176891159927e6:1.830271274970235e6:1.424388581153357e6:1.216180711247762e6:1.07200081397413e6:568373.8195255526:566844.5207815255:1326.9692435369595:1070.1718393221863:658.3001935189753:566.368145921477:550.3238890187645:7.364090559730579:4.5754030485371455:3.658330307818477:0.5530961715086541,0.0005341140099146594
4,6,6,2:2:5,5:2:2,1176,10,1.9149992096469165e6:1.639920717235362e6:1.0698025577481925e6:938999.1152924015:802008.3554425914:310555.03694314294:309135.3250284261:1140.5720403504583:962.1130637409898:555.7175366333721:391.3493066277617:372.5449510479211:6.854328277142586:3.963038742151132:2.989819910111466:0.5184719463139982,0.0005538292187621327
4,6,6,3:2:5,5:3:2,588,10,1.4251769652310815e6:1.3476770743405104e6:720999.1217811998:664545.5047533647:441085.56592853845:138358.95304320205:136632.178688467:880.0300618116029:795.9927977840252:437.161064712959:233.81322916964064:214.4595298479742:6.0352137038210225:3.2033459624564515:2.269267891885341:0.46985999055594263,0.0005806876245768117
4,6,6,-3:3:5,5:3:3,294,9,1.0965916224270072e6:1.0949093159830235e6:525583.7908788061:426014.29099813965:269984.8318535656:72467.36555480851:70701.01307628892:694.2403220818228:656.6418529461548:348.1365116659598:152.88347856520625:135.9791985260554:5.33688890614933:2.6580100085703324:1.8062042404245613:0.42975119577240495,0.00060481114742699
4,6,6,-2:3:5,5:3:2,588,10,1.4251769652310812e6:1.3476770743405104e6:720999.1217811995:664545.5047533646:441085.5659285386:138358.953043202:136632.17868846713:880.0300618115937:795.9927977839585:437.1610647129318:233.81322916966562:214.45952984799533:6.035213703834677:3.203345962459392:2.269267891906525:0.4698599905552379,0.0005806876245767903
4,6,6,-1:3:5,5:3:1,630,10,1.6966743867839822e6:1.5186562144024908e6:882239.4707518935:850512.3283469406:622897.6996141602:219267.67366036426:217723.4666467203:1026.6800144350793:892.846752986207:503.3010384039677:314.3240667151467:294.6955553070234:6.514775506122262:3.6265123541851003:2.6582083632664797:0.497821118187905,0.0005651668826777369
4,6,6,0:3:5,5:3:0,672,10,1.802095803655999e6:1.5786333733887651e6:971342.6195349029:894359.3140029886:705372.9062619249:259726.26254809758:258250.7270979284:1082.0955656779356:927.0812828922058:528.4427126878227:349.8768381877542:330.53881357279124:6.683136782675551:3.7885833948403023:2.815205283014647:0.5079265662482494,0.000559628220433454
4,6,6,1:3:5,5:3:1,630,10,1.6966743867839817e6:1.5186562144024905e6:882239.4707518931:850512.32834694:622897.6996141599:219267.67366036423:217723.46664672016:1026.6800144350825:892.8467529862764:503.3010384040013:314.32406671508113:294.6955553070357:6.514775506055213:3.6265123542572435:2.6582083632837565:0.49782111818973507,0.0005651668826777531
4,6,6,2:3:5,5:3:2,588,10,1.4251769652310815e6:1.3476770743405109e6:720999.1217811998:664545.5047533645:441085.56592853845:138358.95304320197:136632.178688467:880.030061811594:795.9927977839999:437.1610647129453:233.8132291696589:214.45952984800283:6.035213703846346:3.203345962490809:2.2692678918932043:0.4698599905823025,0.0005806876245768037
4,6,6,3:3:5,5:3:3,294,9,1.0965916224270072e6:1.0949093159830235e6:525583.7908788061:426014.2909981397:269984.8318535655:72467.36555480848:70701.01307628889:694.2403220818256:656.6418529461477:348.13651166600465:152.88347856521224:135.9791985260527:5.336888906150645:2.6580100086018708:1.806204240420432:0.4297511957825862,0.0006048111474269978
5,6,6,-3:-3:-5,5:3:3,3150,7,1.4005105681908712e8:1.3984505053284344e8:6.711310333267193e7:5.444070466831388e7:3.444792235840724e7:9.261749981335541e6:9.034628422073787e6:21753.1517413475:20714.4738999855:10943.240485379552:4880.514803277956:4304.2042803389795:36.722935953862105:21.738742698455916:13.920385030051472:1.1005543558232558,0.00014892302877934926
5,6,6,-2:-3:-5,5:3:2,6300,7,1.8203922962455565e8:1.7212572548128858e8:9.208760454049714e7:8.492671197822683e7:5.629307737596682e7:1.7687159302129168e7:1.7465130476978023e7:27636.01481460371:25106.717488147093:13730.064869047663:7469.372027526283:6813.04062627032:42.136600031820656:26.175653922718723:17.487071573209864:1.1791032072571752,0.00014312727462656053
5,6,6,-1:-3:-5,5:3:1,6510,7,2.1672630174352598e8:1.9396727630383778e8:1.1274640544427128e8:1.0863391368635269e8:7.95144251401923e7:2.803513902937544e7:2.7836465859653424e7:32283.921838866638:28154.381114917644:15797.628947281437:10047.358345641514:9383.249453199085:45.87999108979394:29.617771158433097:20.489585563007665:1.2338834987474518,0.00013940279426235852
5,6,6,0:-3:-5,5:3:0,6720,7,2.3019495033319956e8:2.016290468021968e8:1.2413188638572943e8:1.1423400655500147e8:9.005043199150074e7:3.3210397641497668e7:3.3020473469066657e7:34040.49969823108:29230.366376195732:16583.74402992388:11186.424106161196:10532.468229850801:47.19956446769744:30.935934075487506:21.70347045851586:1.253693046169009,0.00013807528938928994
5,6,6,1:-3:-5,5:3:1,6510,7,2.1672630174352592e8:1.9396727630383772e8:1.1274640544427122e8:1.0863391368635271e8:7.951442514019227e7:2.8035139029375467e7:2.7836465859653432e7:32283.92183886675:28154.381114917156:15797.62894728353:10047.358345644914:9383.249453199047:45.87999108493982:29.61777115783771:20.48958556901404:1.2338834969637056,0.000139402794262362
5,6,6,2:-3:-5,5:3:2,6300,7,1.8203922962455574e8:1.721257254812886e8:9.208760454049711e7:8.49267119782268e7:5.629307737596679e7:1.7687159302129164e7:1.7465130476978023e7:27636.014814603484:25106.71748814655:13730.064869046737:7469.372027525464:6813.040626269997:42.13660002832909:26.175653923668815:17.48707157579393:1.1791032049543513,0.00014312727462655704
5,6,6,3:-3:-5,5:3:3,3150,7,1.400510568190872e8:1.3984505053284344e8:6.711310333267193e7:5.444070466831389e7:3.444792235840722e7:9.261749981335547e6:9.034628422073783e6:21753.151741347563:20714.473899983164:10943.240485379873:4880.514803278759:4304.204280339577:36.72293595290408:21.738742698904115:13.920385026380364:1.1005543559692452,0.000148923028779344
5,6,6,-3:-2:-5,5:3:2,6300,7,1.820392296245557e8:1.7212572548128867e8:9.208760454049711e7:8.492671197822681e7:5.629307737596682e7:1.768715930212916e7:1.746513047697803e7:27636.014814603375:25106.717488145558:13730.06486904562:7469.372027525024:6813.04062627032:42.13660003003225:26.17565392545071:17.48707157754863:1.1791032056425899,0.0001431272746265533
5,6,6,-2:-2:-5,5:2:2,12600,7,2.4461903347044867e8:2.0945824223622212e8:1.3671194814453182e8:1.1993462752889879e8:1.0239653478737764e8:3.971272309590871e7:3.952986527174721e7:35894.010978852:30330.62531291891:17437.064699078623:12515.583008267375:11879.808902645382:48.54441910240366:32.354736656157044:23.055021562419356:1.274373388666234,0.00013668657432714084
5,6,6,-1:-2:-5,5:2:1,13020,7,2.9243480975902474e8:2.3377531781996745e8:1.8200589814816645e8:1.5533136578014526e8:1.369047253242724e8:7.270178877068378e7:7.250412607686394e7:41799.52458720628:33718.65172981353:20659.03975386666:18128.91172816857:17581.070958577067:52.568573267635465:37.33433419246005:28.247601843515636:1.3423474991193645,0.0001319755140457556
5,6,6,0:-2:-5,5:2:0,13440,7,3.0892585604267204e8:2.4209298725828204e8:1.995010827918921e8:1.7789817143825504e8:1.446044179491691e8:9.142958656917803e7:9.11933434321771e7:43688.0706595524:34850.810580582176:22157.78065597989:20779.129605742935:20217.20611770614:53.79643085445664:39.28443110263933:30.52562898806849:1.3672613882625375,0.0001301267958943852
5,6,6,1:-2:-5,5:2:1,13020,7,2.9243480975902486e8:2.3377531781996757e8:1.8200589814816642e8:1.553313657801453e8:1.369047253242724e8:7.270178877068381e7:7.250412607686396e7:41799.524587206644:33718.65172981987:20659.03975386463:18128.911728169795:17581.070958572283:52.5685732637321:37.334334189039744:28.247601836840047:1.3423474982001156,0.00013197551404575973
5,6,6,2:-2:-5,5:2:2,12600,7,2.446190334704487e8:2.0945824223622224e8:1.3671194814453188e8:1.1993462752889878e8:1.0239653478737763e8:3.971272309590873e7:3.952986527174719e7:35894.010978852486:30330.625312927998:17437.06469907912:12515.583008264264:11879.80890264573:48.544419092576746:32.354736645109504:23.055021564305513:1.2743733884606785,0.00013668657432715377
5,6,6,3:-2:-5,5:3:2,6300,7,1.8203922962455574e8:1.7212572548128867e8:9.20876045404971e7:8.492671197822683e7:5.629307737596679e7:1.768715930212917e7:1.746513047697803e7:27636.014814603936:25106.717488146365:13730.064869047308:7469.372027526344:6813.040626269328:42.13660002806133:26.175653927700413:17.487071574992488:1.1791032053972812,0.00014312727462655853
5,6,6,-3:-1:-5,5:3:1,6510,7,2.1672630174352598e8:1.9396727630383766e8:1.1274640544427125e8:1.0863391368635277e8:7.951442514019227e7:2.8035139029375438e7:2.7836465859653432e7:32283.92183886695:28154.381114917756:15797.628947282334:10047.358345642873:9383.249453202427:45.879991086417945:29.61777115852284:20.489585562648138:1.2338834979054856,0.00013940279426236294
5,6,6,-2:-1:-5,5:2:1,13020,7,2.924348097590248e8:2.337753178199674e8:1.8200589814816657e8:1.5533136578014526e8:1.3690472532427236e8:7.270178877068383e7:7.250412607686399e7:41799.52458720542:33718.651729822814:20659.0397538599:18128.911728158302:17581.070958569926:52.56857327876314:37.33433419942768:28.24760184598676:1.3423474954496522,0.0001319755140457498
5,6,6,-1:-1:-5,5:1:1,13454,7,3.3728884047201097e8:2.5892235270087677e8:2.3704938139449582e8:2.290470236466018e8:1.684846343932453e8:1.5235156912134293e8:1.5139576097850513e8:46363.570646535845:37059.18081410948:27935.065771804915:27930.558306515304:25808.250903209835:55.56317728028356:43.73470137350605:36.543761014791826:1.4210850924143785,0.00012568344238710665
5,6,6,0:-1:-5,5:1:0,13888,7,3.404469408784859e8:2.6739048692580613e8:2.5646536954565048e8:2.541821223956949e8:2.0399097747925502e8:2.0266129056904277e8:1.8933745487153035e8:46114.15917689906:38113.265336547745:32796.943079424906:32787.55902203519:29331.139583918684:55.52187396156867:46.28486100072431:40.91160102082729:1.4502462436904888,0.00012289818681782887
5,6,6,1:-1:-5,5:1:1,13454,7,3.3728884047201097e8:2.5892235270087674e8:2.370493813944958e8:2.2904702364660177e8:1.6848463439324525e8:1.523515691213429e8:1.5139576097850516e8:46363.570646534296:37059.18081411111:27935.06577180036:27930.558306524916:25808.25090320858:55.56317726798951:43.73470136978679:36.54376100866479:1.4210850940445512,0.00012568344238710877
5,6,6,2:-1:-5,5:2:1,13020,7,2.924348097590249e8:2.3377531781996733e8:1.8200589814816648e8:1.5533136578014535e8:1.3690472532427242e8:7.270178877068381e7:7.250412607686399e7:41799.52458720427:33718.65172981375:20659.03975386118:18128.91172816724:17581.070958572844:52.568573276779404:37.33433418851902:28.247601845637128:1.3423474967299578,0.00013197551404574596
5,6,6,3:-1:-5,5:3:1,6510,7,2.1672630174352592e8:1.9396727630383772e8:1.1274640544427125e8:1.0863391368635266e8:7.95144251401923e7:2.803513902937545e7:2.7836465859653432e7:32283.921838866827:28154.381114914388:15797.62894728477:10047.358345643655:9383.249453202008:45.879991090624735:29.617771155584094:20.489585568429497:1.2338834975584696,0.00013940279426235953
5,6,6,-3:0:-5,5:3:0,6720,7,2.3019495033319962e8:2.0162904680219677e8:1.2413188638572937e8:1.1423400655500145e8:9.00504319915007e7:3.3210397641497675e7:3.302047346906665e7:34040.49969823217:29230.366376198566:16583.744029924463:11186.424106160457:10532.468229856822:47.19956447195781:30.93593407796841:21.70347045859668:1.2536930471209493,0.00013807528938930008
5,6,6,-2:0:-5,5:2:0,13440,7,3.0892585604267204e8:2.42092987258282e8:1.9950108279189205e8:1.7789817143825504e8:1.4460441794916913e8:9.142958656917803e7:9.11933434321771e7:43688.07065955044:34850.81058058152:22157.78065597721:20779.12960573872:20217.206117714413:53.79643085288949:39.28443109534043:30.52562898339741:1.3672613876454291,0.00013012679589438265
5,6,6,-1:0:-5,5:1:0,13888,7,3.404469408784859e8:2.6739048692580625e8:2.564653695456505e8:2.5418212239569488e8:2.0399097747925496e8:2.026612905690427e8:1.8933745487153038e8:46114.15917689264:38113.265336547905:32796.94307941767:32787.55902203272:29331.13958391423:55.52187396002324:46.28486100201718:40.91160101938675:1.4502462415169768,0.0001228981868178151
5,6,6,0:0:-5,5:0:0,14336,7,2.7586574896570796e8:2.758657486515383e8:2.758657486515377e8:2.758655508926491e8:2.7586555089264905e8:2.756710192506485e8:2.756710192506483e8:39122.1874881456:39120.60722143865:39120.607221438535:38873.410431255135:38873.41043125478:51.99158271944125:49.092612905234546:49.09261289484355:1.4811033924794301,0.000119574396385533
5,6,6,1:0:-5,5:1:0,13888,7,3.404469408784859e8:2.6739048692580628e8:2.5646536954565045e8:2.5418212239569488e8:2.0399097747925496e8:2.0266129056904274e8:1.8933745487153038e8:46114.15917689265:38113.26533654787:32796.94307942724:32787.55902204099:29331.139583914293:55.52187396015984:46.28486100206669:40.91160101940268:1.4502462420309952,0.00012289818681782602
5,6,6,2:0:-5,5:2:0,13440,7,3.0892585604267204e8:2.4209298725828204e8:1.9950108279189214e8:1.7789817143825504e8:1.4460441794916913e8:9.142958656917806e7:9.11933434321771e7:43688.070659550416:34850.810580581034:22157.7806559757:20779.129605742146:20217.206117702317:53.796430852428124:39.28443109569517:30.52562898267576:1.3672613877956763,0.00013012679589437603
5,6,6,3:0:-5,5:3:0,6720,7,2.3019495033319965e8:2.016290468021967e8:1.2413188638572942e8:1.1423400655500141e8:9.005043199150077e7:3.321039764149769e7:3.302047346906666e7:34040.499698232175:29230.36637619718:16583.744029924557:11186.42410615852:10532.468229851254:47.19956447143824:30.935934078046866:21.703470458977602:1.2536930471527212,0.00013807528938929354
5,6,6,-3:1:-5,5:3:1,6510,7,2.1672630174352598e8:1.9396727630383766e8:1.1274640544427125e8:1.0863391368635277e8:7.951442514019227e7:2.8035139029375438e7:2.7836465859653432e7:32283.92183886695:28154.381114917756:15797.628947282334:10047.358345642873:9383.249453202427:45.879991086417945:29.61777115852284:20.489585562648138:1.2338834979054856,0.00013940279426236294
5,6,6,-2:1:-5,5:2:1,13020,7,2.924348097590248e8:2.337753178199674e8:1.8200589814816657e8:1.5533136578014526e8:1.3690472532427236e8:7.270178877068383e7:7.250412607686399e7:41799.52458720542:33718.651729822814:20659.0397538599:18128.911728158302:17581.070958569926:52.56857327876314:37.33433419942768:28.24760184598676:1.3423474954496522,0.0001319755140457498
5,6,6,-1:1:-5,5:1:1,13454,7,3.3728884047201097e8:2.5892235270087677e8:2.3704938139449582e8:2.290470236466018e8:1.684846343932453e8:1.5235156912134293e8:1.5139576097850513e8:46363.570646535845:37059.18081410948:27935.065771804915:27930.558306515304:25808.250903209835:55.56317728028356:43.73470137350605:36.543761014791826:1.4210850924143785,0.00012568344238710665
5,6,6,0:1:-5,5:1:0,13888,7,3.404469408784859e8:2.6739048692580613e8:2.5646536954565048e8:2.541821223956949e8:2.0399097747925502e8:2.0266129056904277e8:1.8933745487153035e8:46114.15917689906:38113.265336547745:32796.943079424906:32787.55902203519:29331.139583918684:55.52187396156867:46.28486100072431:40.91160102082729:1.4502462436904888,0.00012289818681782887
5,6,6,1:1:-5,5:1:1,13454,7,3.3728884047201097e8:2.5892235270087674e8:2.370493813944958e8:2.2904702364660177e8:1.6848463439324525e8:1.523515691213429e8:1.5139576097850516e8:46363.570646534296:37059.18081411111:27935.06577180036:27930.558306524916:25808.25090320858:55.56317726798951:43.73470136978679:36.54376100866479:1.4210850940445512,0.00012568344238710877
5,6,6,2:1:-5,5:2:1,13020,7,2.924348097590249e8:2.3377531781996733e8:1.8200589814816648e8:1.5533136578014535e8:1.3690472532427242e8:7.270178877068381e7:7.250412607686399e7:41799.52458720427:33718.65172981375:20659.03975386118:18128.91172816724:17581.070958572844:52.568573276779404:37.33433418851902:28.247601845637128:1.3423474967299578,0.00013197551404574596
5,6,6,3:1:-5,5:3:1,6510,7,2.1672630174352592e8:1.9396727630383772e8:1.1274640544427125e8:1.0863391368635266e8:7.95144251401923e7:2.803513902937545e7:2.7836465859653432e7:32283.921838866827:28154.381114914388:15797.62894728477:10047.358345643655:9383.249453202008:45.879991090624735:29.617771155584094:20.489585568429497:1.2338834975584696,0.00013940279426235953
5,6,6,-3:2:-5,5:3:2,6300,7,1.820392296245557e8:1.7212572548128867e8:9.208760454049711e7:8.492671197822681e7:5.629307737596682e7:1.768715930212916e7:1.746513047697803e7:27636.014814603375:25106.717488145558:13730.06486904562:7469.372027525024:6813.04062627032:42.13660003003225:26.17565392545071:17.48707157754863:1.1791032056425899,0.0001431272746265533
5,6,6,-2:2:-5,5:2:2,12600,7,2.4461903347044867e8:2.0945824223622212e8:1.3671194814453182e8:1.1993462752889879e8:1.0239653478737764e8:3.971272309590871e7:3.952986527174721e7:35894.010978852:30330.62531291891:17437.064699078623:12515.583008267375:11879.808902645382:48.54441910240366:32.354736656157044:23.055021562419356:1.274373388666234,0.00013668657432714084
5,6,6,-1:2:-5,5:2:1,13020,7,2.9243480975902474e8:2.3377531781996745e8:1.8200589814816645e8:1.5533136578014526e8:1.369047253242724e8:7.270178877068378e7:7.250412607686394e7:41799.52458720628:33718.65172981353:20659.03975386666:18128.91172816857:17581.070958577067:52.568573267635465:37.33433419246005:28.247601843515636:1.3423474991193645,0.0001319755140457556
5,6,6,0:2:-5,5:2:0,13440,7,3.0892585604267204e8:2.4209298725828204e8:1.995010827918921e8:1.7789817143825504e8:1.446044179491691e8:9.142958656917803e7:9.11933434321771e7:43688.0706595524:34850.810580582176:22157.78065597989:20779.129605742935:20217.20611770614:53.79643085445664:39.28443110263933:30.52562898806849:1.3672613882625375,0.0001301267958943852
5,6,6,1:2:-5,5:2:1,13020,7,2.9243480975902486e8:2.3377531781996757e8:1.8200589814816642e8:1.553313657801453e8:1.369047253242724e8:7.270178877068381e7:7.250412607686396e7:41799.524587206644:33718.65172981987:20659.03975386463:18128.911728169795:17581.070958572283:52.5685732637321:37.334334189039744:28.247601836840047:1.3423474982001156,0.00013197551404575973
5,6,6,2:2:-5,5:2:2,12600,7,2.446190334704487e8:2.0945824223622224e8:1.3671194814453188e8:1.1993462752889878e8:1.0239653478737763e8:3.971272309590873e7:3.952986527174719e7:35894.010978852486:30330.625312927998:17437.06469907912:12515.583008264264:11879.80890264573:48.544419092576746:32.354736645109504:23.055021564305513:1.2743733884606785,0.00013668657432715377
5,6,6,3:2:-5,5:3:2,6300,7,1.8203922962455574e8:1.7212572548128867e8:9.20876045404971e7:8.492671197822683e7:5.629307737596679e7:1.768715930212917e7:1.746513047697803e7:27636.014814603936:25106.717488146365:13730.064869047308:7469.372027526344:6813.040626269328:42.13660002806133:26.175653927700413:17.487071574992488:1.1791032053972812,0.00014312727462655853
5,6,6,-3:3:-5,5:3:3,3150,7,1.4005105681908712e8:1.3984505053284344e8:6.711310333267193e7:5.444070466831388e7:3.444792235840724e7:9.261749981335541e6:9.034628422073787e6:21753.1517413475:20714.4738999855:10943.240485379552:4880.514803277956:4304.2042803389795:36.722935953862105:21.738742698455916:13.920385030051472:1.1005543558232558,0.00014892302877934926
5,6,6,-2:3:-5,5:3:2,6300,7,1.8203922962455565e8:1.7212572548128858e8:9.208760454049714e7:8.492671197822683e7:5.629307737596682e7:1.7687159302129168e7:1.7465130476978023e7:27636.01481460371:25106.717488147093:13730.064869047663:7469.372027526283:6813.04062627032:42.136600031820656:26.175653922718723:17.487071573209864:1.1791032072571752,0.00014312727462656053
5,6,6,-1:3:-5,5:3:1,6510,7,2.1672630174352598e8:1.9396727630383778e8:1.1274640544427128e8:1.0863391368635269e8:7.95144251401923e7:2.803513902937544e7:2.7836465859653424e7:32283.921838866638:28154.381114917644:15797.628947281437:10047.358345641514:9383.249453199085:45.87999108979394:29.617771158433097:20.489585563007665:1.2338834987474518,0.00013940279426235852
5,6,6,0:3:-5,5:3:0,6720,7,2.3019495033319956e8:2.016290468021968e8:1.2413188638572943e8:1.1423400655500147e8:9.005043199150074e7:3.3210397641497668e7:3.3020473469066657e7:34040.49969823108:29230.366376195732:16583.74402992388:11186.424106161196:10532.468229850801:47.19956446769744:30.935934075487506:21.70347045851586:1.253693046169009,0.00013807528938928994
5,6,6,1:3:-5,5:3:1,6510,7,2.1672630174352592e8:1.9396727630383772e8:1.1274640544427122e8:1.0863391368635271e8:7.951442514019227e7:2.8035139029375467e7:2.7836465859653432e7:32283.92183886675:28154.381114917156:15797.62894728353:10047.358345644914:9383.249453199047:45.87999108493982:29.61777115783771:20.48958556901404:1.2338834969637056,0.000139402794262362
5,6,6,2:3:-5,5:3:2,6300,7,1.8203922962455574e8:1.721257254812886e8:9.208760454049711e7:8.49267119782268e7:5.629307737596679e7:1.7687159302129164e7:1.7465130476978023e7:27636.014814603484:25106.71748814655:13730.064869046737:7469.372027525464:6813.040626269997:42.13660002832909:26.175653923668815:17.48707157579393:1.1791032049543513,0.00014312727462655704
5,6,6,3:3:-5,5:3:3,3150,7,1.400510568190872e8:1.3984505053284344e8:6.711310333267193e7:5.444070466831389e7:3.444792235840722e7:9.261749981335547e6:9.034628422073783e6:21753.151741347563:20714.473899983164:10943.240485379873:4880.514803278759:4304.204280339577:36.72293595290408:21.738742698904115:13.920385026380364:1.1005543559692452,0.000148923028779344
5,6,6,-3:-3:-4,4:3:3,6300,7,4.376636523211197e8:4.195852482209416e8:1.6286019553760064e8:1.187888046294675e8:7.529324463432363e7:1.5982940503146468e7:1.5193533644243192e7:44005.58614411871:43450.66877610513:21355.256563117982:7514.911974447982:6321.3861556206975:54.54347930283927:30.988907277971094:18.653902528168842:1.26368819285587,0.00010277324855430969
5,6,6,-2:-3:-4,4:3:2,12600,7,6.060505227027535e8:5.958550325135416e8:2.7395099624458116e8:2.1414649781176963e8:1.3459872622710726e8:3.401390362439413e7:3.2976581876437202e7:59818.95138374636:57803.217279656514:30045.284344592746:12510.724018767432:10879.467003720278:66.24430990994014:39.35176242669736:24.62353495088758:1.3780613199190408,9.682928340280753e-5
5,6,6,-1:-3:-4,4:3:1,13020,7,7.525669144515618e8:7.369105298971831e8:3.735830455506205e8:3.190383895527057e8:2.049244250623351e8:5.9094871699377805e7:5.7997002269153014e7:73952.04221808788:69128.02794725161:37094.450671258775:18057.150109920258:16151.909582706234:75.22026574673447:46.364234991920625:29.996991471246584:1.4616368548126897,9.340420903881342e-5
5,6,6,0:-3:-4,4:3:0,13440,7,8.18227890789688e8:7.85814353932846e8:4.119071771566516e8:3.672067925794899e8:2.39772355180493e8:7.268046556438011e7:7.159802009611186e7:79793.29486861982:73418.75870997498:39823.593240650254:20684.49493437167:18706.166808904498:78.59874545507151:49.176817568420404:32.258368528912236:1.49271415529884,9.224773759377305e-5
5,6,6,1:-3:-4,4:3:1,13020,7,7.525669144515615e8:7.369105298971828e8:3.735830455506205e8:3.1903838955270535e8:2.0492442506233504e8:5.909487169937775e7:5.799700226915303e7:73952.04221808794:69128.02794724784:37094.450671263425:18057.150109920203:16151.909582713613:75.22026574085658:46.36423498152201:29.99699150249599:1.4616368537584186,9.340420903881373e-5
5,6,6,2:-3:-4,4:3:2,12600,7,6.060505227027537e8:5.958550325135417e8:2.7395099624458116e8:2.1414649781176972e8:1.3459872622710726e8:3.401390362439414e7:3.2976581876437254e7:59818.95138374711:57803.217279650795:30045.284344593:12510.724018738125:10879.467003725853:66.244309906177:39.35176242377741:24.62353495597308:1.3780613186267034,9.682928340280051e-5
5,6,6,3:-3:-4,4:3:3,6300,7,4.3766365232111967e8:4.195852482209417e8:1.6286019553760064e8:1.1878880462946753e8:7.529324463432366e7:1.5982940503146451e7:1.51935336442432e7:44005.58614411829:43450.668776101484:21355.256563109906:7514.9119744441605:6321.386155620615:54.543479298401714:30.9889072896798:18.653902550114527:1.2636881960315145,0.00010277324855430081
5,6,6,-3:-2:-4,4:3:2,12600,7,6.06050522702754e8:5.958550325135419e8:2.739509962445811e8:2.1414649781176978e8:1.3459872622710726e8:3.401390362439416e7:3.2976581876437254e7:59818.95138374765:57803.21727965723:30045.284344587708:12510.724018762485:10879.46700372577:66.2443099104323:39.35176243138298:24.623534951496154:1.3780613201042815,9.682928340280707e-5
5,6,6,-2:-2:-4,4:2:2,25200,7,8.926718822477441e8:8.372903640083674e8:4.519520821589917e8:4.2415796622160167e8:2.834099548886707e8:9.065410998380956e7:8.96092021030615e7:86317.51507634256:77970.6107055739:42780.19518091483:23886.182235699725:21856.186656076836:82.17956481870102:52.2854541684461:34.83576481785336:1.5256749590192804,9.106456795075898e-5
5,6,6,-1:-2:-4,4:2:1,26040,7,1.1795251640091891e9:1.0055979792323968e9:6.636696543417562e8:5.769724211983753e8:5.001817494808336e8:1.9602105664772442e8:1.9515311947459084e8:110412.37938831793:93029.63228382083:53602.99626911911:39026.69253479051:37087.310960140734:94.0154545435475:63.89262782914276:45.3103106071628:1.6380375189624332,8.717446818170482e-5
5,6,6,0:-2:-4,4:2:0,26880,7,1.296144742743244e9:1.0655095660456405e9:7.711599052419817e8:6.331540887739029e8:6.050466080597851e8:2.6573926648252106e8:2.6487410849186e8:119754.84045389673:98384.66964458924:58323.61907155955:47095.99651104938:45297.40767003118:98.16128437161176:68.74830826488002:50.18415306624492:1.6808982257873113,8.56740321920025e-5
5,6,6,1:-2:-4,4:2:1,26040,7,1.1795251640091891e9:1.0055979792323965e9:6.636696543417569e8:5.769724211983752e8:5.0018174948083407e8:1.9602105664772442e8:1.9515311947459072e8:110412.37938831767:93029.63228382214:53602.996269110066:39026.69253480093:37087.31096016193:94.01545456672929:63.892627840787306:45.31031059935438:1.638037516542926,8.717446818170745e-5
5,6,6,2:-2:-4,4:2:2,25200,7,8.926718822477442e8:8.372903640083678e8:4.519520821589917e8:4.241579662216016e8:2.8340995488867074e8:9.065410998380956e7:8.96092021030615e7:86317.51507634262:77970.61070558957:42780.19518091247:23886.182235700715:21856.186656083904:82.17956481140297:52.28545415905991:34.835764807375405:1.5256749620107193,9.10645679507662e-5
5,6,6,3:-2:-4,4:3:2,12600,7,6.060505227027539e8:5.958550325135419e8:2.739509962445811e8:2.1414649781176975e8:1.3459872622710735e8:3.401390362439417e7:3.297658187643723e7:59818.95138374678:57803.21727965186:30045.28434459215:12510.724018754048:10879.467003726519:66.24430990986639:39.351762424313605:24.62353495534341:1.378061319446735,9.682928340280317e-5
5,6,6,-3:-1:-4,4:3:1,13020,7,7.525669144515616e8:7.369105298971828e8:3.735830455506206e8:3.1903838955270565e8:2.0492442506233504e8:5.909487169937775e7:5.799700226915302e7:73952.04221808819:69128.02794724077:37094.45067125732:18057.150109926584:16151.909582723374:75.22026576021348:46.364234956545914:29.996991479198073:1.4616368539909317,9.340420903881045e-5
5,6,6,-2:-1:-4,4:2:1,26040,7,1.179525164009189e9:1.0055979792323968e9:6.636696543417565e8:5.769724211983753e8:5.001817494808337e8:1.960210566477245e8:1.9515311947459084e8:110412.37938832073:93029.63228387987:53602.99626912313:39026.69253480949:37087.310960151306:94.01545453663566:63.89262784405279:45.31031060588907:1.6380375148542141,8.717446818172825e-5
5,6,6,-1:-1:-4,4:1:1,26908,7,1.5384166444742124e9:1.189075843422127e9:1.0278147855637803e9:9.519408689899701e8:7.2887803902953e8:5.400927894316199e8:5.385279575293165e8:137486.08782677012:109132.66139159966:73066.00332234347:71896.52079849073:69364.3036993581:105.65133155733561:80.52910762914645:63.82458589269528:1.7769183872193255,8.202709251529491e-5
5,6,6,0:-1:-4,4:1:0,27776,7,1.6238252033592e9:1.2519779960221128e9:1.1704858200059576e9:1.1456402004690154e9:8.511245277043347e8:8.208586595007159e8:8.081129705385798e8:141607.67994319418:114292.77996138425:91357.37526389712:91307.17621259957:82709.30191278616:107.54549666140598:87.74362656922985:74.3502745430523:1.8310645894629183,7.960467795063276e-5
5,6,6,1:-1:-4,4:1:1,26908,7,1.5384166444742124e9:1.189075843422127e9:1.0278147855637807e9:9.519408689899702e8:7.288780390295302e8:5.400927894316201e8:5.385279575293167e8:137486.08782677076:109132.66139157592:73066.00332235702:71896.52079849456:69364.30369936967:105.6513315867211:80.52910758704397:63.824585905906574:1.776918380589668,8.202709251529412e-5
5,6,6,2:-1:-4,4:2:1,26040,7,1.1795251640091894e9:1.0055979792323965e9:6.636696543417566e8:5.769724211983751e8:5.001817494808336e8:1.9602105664772442e8:1.951531194745908e8:110412.37938832013:93029.63228384838:53602.99626912688:39026.692534825175:37087.31096015006:94.01545458120462:63.89262785120258:45.310310604670875:1.6380375205657098,8.717446818172097e-5
5,6,6,3:-1:-4,4:3:1,13020,7,7.525669144515616e8:7.369105298971823e8:3.7358304555062044e8:3.1903838955270547e8:2.0492442506233504e8:5.9094871699377745e7:5.799700226915302e7:73952.04221809056:69128.02794724418:37094.450671263105:18057.150109918362:16151.909582710057:75.2202657515933:46.36423498376337:29.99699148816597:1.4616368510779711,9.34042090388125e-5
5,6,6,-3:0:-4,4:3:0,13440,7,8.182278907896874e8:7.858143539328465e8:4.1190717715665156e8:3.672067925794897e8:2.3977235518049288e8:7.268046556438012e7:7.15980200961119e7:79793.2948686224:73418.7587099719:39823.593240656126:20684.49493437237:18706.16680894697:78.59874547343165:49.176817564962654:32.258368517602605:1.4927141585874708,9.224773759377975e-5
5,6,6,-2:0:-4,4:2:0,26880,7,1.296144742743244e9:1.0655095660456403e9:7.711599052419817e8:6.331540887739029e8:6.050466080597851e8:2.6573926648252115e8:2.6487410849186e8:119754.8404538977:98384.66964456103:58323.61907155842:47095.996511020385:45297.40767007076:98.16128434135359:68.74830827040887:50.18415303333278:1.680898220785237,8.56740321919963e-5
5,6,6,-1:0:-4,4:1:0,27776,7,1.6238252033592002e9:1.2519779960221126e9:1.1704858200059576e9:1.1456402004690151e9:8.511245277043346e8:8.208586595007159e8:8.081129705385795e8:141607.67994318774:114292.77996138622:91357.3752638704:91307.17621264176:82709.30191275541:107.5454966796873:87.74362653388692:74.35027451950691:1.8310645890282566,7.96046779506302e-5
5,6,6,0:0:-4,4:0:0,28672,7,1.3150958740583622e9:1.315095873665851e9:1.315095873665848e9:1.3150954875162191e9:1.315095487516219e9:1.31450185418438e9:1.3145018541843798e9:119147.01603554745:119145.04597692747:119145.04597692708:118662.36039640362:118662.36039639203:99.69328982312159:96.10285894066577:96.10285890393548:1.8901358641671877,7.645549003291848e-5
5,6,6,1:0:-4,4:1:0,27776,7,1.6238252033592002e9:1.2519779960221128e9:1.1704858200059578e9:1.1456402004690151e9:8.511245277043346e8:8.208586595007159e8:8.081129705385795e8:141607.67994318777:114292.77996138402:91357.37526386963:91307.17621262145:82709.30191275345:107.54549668017047:87.74362653355207:74.35027452690063:1.8310645882697163,7.960467795062693e-5
5,6,6,2:0:-4,4:2:0,26880,7,1.2961447427432444e9:1.0655095660456406e9:7.711599052419822e8:6.33154088773903e8:6.05046608059785e8:2.6573926648252115e8:2.6487410849185994e8:119754.84045389772:98384.66964457501:58323.619071558394:47095.996511042526:45297.40767005956:98.16128433960714:68.74830826973634:50.184153032955614:1.6808982209816248,8.567403219200146e-5
5,6,6,3:0:-4,4:3:0,13440,7,8.182278907896874e8:7.858143539328465e8:4.1190717715665174e8:3.672067925794897e8:2.397723551804929e8:7.268046556438005e7:7.15980200961119e7:79793.2948686224:73418.75870997543:39823.59324065607:20684.494934375052:18706.1668089455:78.59874547257691:49.17681756527514:32.25836851755091:1.4927141586130437,9.224773759378161e-5
5,6,6,-3:1:-4,4:3:1,13020,7,7.525669144515616e8:7.369105298971828e8:3.735830455506206e8:3.1903838955270565e8:2.0492442506233504e8:5.909487169937775e7:5.799700226915302e7:73952.04221808819:69128.02794724077:37094.45067125732:18057.150109926584:16151.909582723374:75.22026576021348:46.364234956545914:29.996991479198073:1.4616368539909317,9.340420903881045e-5
5,6,6,-2:1:-4,4:2:1,26040,7,1.179525164009189e9:1.0055979792323968e9:6.636696543417565e8:5.769724211983753e8:5.001817494808337e8:1.960210566477245e8:1.9515311947459084e8:110412.37938832073:93029.63228387987:53602.99626912313:39026.69253480949:37087.310960151306:94.01545453663566:63.89262784405279:45.31031060588907:1.6380375148542141,8.717446818172825e-5
5,6,6,-1:1:-4,4:1:1,26908,7,1.5384166444742124e9:1.189075843422127e9:1.0278147855637803e9:9.519408689899701e8:7.2887803902953e8:5.400927894316199e8:5.385279575293165e8:137486.08782677012:109132.66139159966:73066.00332234347:71896.52079849073:69364.3036993581:105.65133155733561:80.52910762914645:63.82458589269528:1.7769183872193255,8.202709251529491e-5
5,6,6,0:1:-4,4:1:0,27776,7,1.6238252033592e9:1.2519779960221128e9:1.1704858200059576e9:1.1456402004690154e9:8.511245277043347e8:8.208586595007159e8:8.081129705385798e8:141607.67994319418:114292.77996138425:91357.37526389712:91307.17621259957:82709.30191278616:107.54549666140598:87.74362656922985:74.3502745430523:1.8310645894629183,7.960467795063276e-5
5,6,6,1:1:-4,4:1:1,26908,7,1.5384166444742124e9:1.189075843422127e9:1.0278147855637807e9:9.519408689899702e8:7.288780390295302e8:5.400927894316201e8:5.385279575293167e8:137486.08782677076:109132.66139157592:73066.00332235702:71896.52079849456:69364.30369936967:105.6513315867211:80.52910758704397:63.824585905906574:1.776918380589668,8.202709251529412e-5
5,6,6,2:1:-4,4:2:1,26040,7,1.1795251640091894e9:1.0055979792323965e9:6.636696543417566e8:5.769724211983751e8:5.001817494808336e8:1.9602105664772442e8:1.951531194745908e8:110412.37938832013:93029.63228384838:53602.99626912688:39026.692534825175:37087.31096015006:94.01545458120462:63.89262785120258:45.310310604670875:1.6380375205657098,8.717446818172097e-5
5,6,6,3:1:-4,4:3:1,13020,7,7.525669144515616e8:7.369105298971823e8:3.7358304555062044e8:3.1903838955270547e8:2.0492442506233504e8:5.9094871699377745e7:5.799700226915302e7:73952.04221809056:69128.02794724418:37094.450671263105:18057.150109918362:16151.909582710057:75.2202657515933:46.36423498376337:29.99699148816597:1.4616368510779711,9.34042090388125e-5
5,6,6,-3:2:-4,4:3:2,12600,7,6.06050522702754e8:5.958550325135419e8:2.739509962445811e8:2.1414649781176978e8:1.3459872622710726e8:3.401390362439416e7:3.2976581876437254e7:59818.95138374765:57803.21727965723:30045.284344587708:12510.724018762485:10879.46700372577:66.2443099104323:39.35176243138298:24.623534951496154:1.3780613201042815,9.682928340280707e-5
5,6,6,-2:2:-4,4:2:2,25200,7,8.926718822477441e8:8.372903640083674e8:4.519520821589917e8:4.2415796622160167e8:2.834099548886707e8:9.065410998380956e7:8.96092021030615e7:86317.51507634256:77970.6107055739:42780.19518091483:23886.182235699725:21856.186656076836:82.17956481870102:52.2854541684461:34.83576481785336:1.5256749590192804,9.106456795075898e-5
5,6,6,-1:2:-4,4:2:1,26040,7,1.1795251640091891e9:1.0055979792323968e9:6.636696543417562e8:5.769724211983753e8:5.001817494808336e8:1.9602105664772442e8:1.9515311947459084e8:110412.37938831793:93029.63228382083:53602.99626911911:39026.69253479051:37087.310960140734:94.0154545435475:63.89262782914276:45.3103106071628:1.6380375189624332,8.717446818170482e-5
5,6,6,0:2:-4,4:2:0,26880,7,1.296144742743244e9:1.0655095660456405e9:7.711599052419817e8:6.331540887739029e8:6.050466080597851e8:2.6573926648252106e8:2.6487410849186e8:119754.84045389673:98384.66964458924:58323.61907155955:47095.99651104938:45297.40767003118:98.16128437161176:68.74830826488002:50.18415306624492:1.6808982257873113,8.56740321920025e-5
5,6,6,1:2:-4,4:2:1,26040,7,1.1795251640091891e9:1.0055979792323965e9:6.636696543417569e8:5.769724211983752e8:5.0018174948083407e8:1.9602105664772442e8:1.9515311947459072e8:110412.37938831767:93029.63228382214:53602.996269110066:39026.69253480093:37087.31096016193:94.01545456672929:63.892627840787306:45.31031059935438:1.638037516542926,8.717446818170745e-5
5,6,6,2:2:-4,4:2:2,25200,7,8.926718822477442e8:8.372903640083678e8:4.519520821589917e8:4.241579662216016e8:2.8340995488867074e8:9.065410998380956e7:8.96092021030615e7:86317.51507634262:77970.61070558957:42780.19518091247:23886.182235700715:21856.186656083904:82.17956481140297:52.28545415905991:34.835764807375405:1.5256749620107193,9.10645679507662e-5
5,6,6,3:2:-4,4:3:2,12600,7,6.060505227027539e8:5.958550325135419e8:2.739509962445811e8:2.1414649781176975e8:1.3459872622710735e8:3.401390362439417e7:3.297658187643723e7:59818.95138374678:57803.21727965186:30045.28434459215:12510.724018754048:10879.467003726519:66.24430990986639:39.351762424313605:24.62353495534341:1.378061319446735,9.682928340280317e-5
5,6,6,-3:3:-4,4:3:3,6300,7,4.376636523211197e8:4.195852482209416e8:1.6286019553760064e8:1.187888046294675e8:7.529324463432363e7:1.5982940503146468e7:1.5193533644243192e7:44005.58614411871:43450.66877610513:21355.256563117982:7514.911974447982:6321.3861556206975:54.54347930283927:30.988907277971094:18.653902528168842:1.26368819285587,0.00010277324855430969
5,6,6,-2:3:-4,4:3:2,12600,7,6.060505227027535e8:5.958550325135416e8:2.7395099624458116e8:2.1414649781176963e8:1.3459872622710726e8:3.401390362439413e7:3.2976581876437202e7:59818.95138374636:57803.217279656514:30045.284344592746:12510.724018767432:10879.467003720278:66.24430990994014:39.35176242669736:24.62353495088758:1.3780613199190408,9.682928340280753e-5
5,6,6,-1:3:-4,4:3:1,13020,7,7.525669144515618e8:7.369105298971831e8:3.735830455506205e8:3.190383895527057e8:2.049244250623351e8:5.9094871699377805e7:5.7997002269153014e7:73952.04221808788:69128.02794725161:37094.450671258775:18057.150109920258:16151.909582706234:75.22026574673447:46.364234991920625:29.996991471246584:1.4616368548126897,9.340420903881342e-5
5,6,6,0:3:-4,4:3:0,13440,7,8.18227890789688e8:7.85814353932846e8:4.119071771566516e8:3.672067925794899e8:2.39772355180493e8:7.268046556438011e7:7.159802009611186e7:79793.29486861982:73418.75870997498:39823.593240650254:20684.49493437167:18706.166808904498:78.59874545507151:49.176817568420404:32.258368528912236:1.49271415529884,9.224773759377305e-5
5,6,6,1:3:-4,4:3:1,13020,7,7.525669144515615e8:7.369105298971828e8:3.735830455506205e8:3.1903838955270535e8:2.0492442506233504e8:5.909487169937775e7:5.799700226915303e7:73952.04221808794:69128.02794724784:37094.450671263425:18057.150109920203:16151.909582713613:75.22026574085658:46.36423498152201:29.99699150249599:1.4616368537584186,9.340420903881373e-5
5,6,6,2:3:-4,4:3:2,12600,7,6.060505227027537e8:5.958550325135417e8:2.7395099624458116e8:2.1414649781176972e8:1.3459872622710726e8:3.401390362439414e7:3.2976581876437254e7:59818.95138374711:57803.217279650795:30045.284344593:12510.724018738125:10879.467003725853:66.244309906177:39.35176242377741:24.62353495597308:1.3780613186267034,9.682928340280051e-5
5,6,6,3:3:-4,4:3:3,6300,7,4.3766365232111967e8:4.195852482209417e8:1.6286019553760064e8:1.1878880462946753e8:7.529324463432366e7:1.5982940503146451e7:1.51935336442432e7:44005.58614411829:43450.668776101484:21355.256563109906:7514.9119744441605:6321.386155620615:54.543479298401714:30.9889072896798:18.653902550114527:1.2636881960315145,0.00010277324855430081
5,6,6,-3:-5:-3,5:3:3,3150,7,3.754255586327631e8:3.679159002550821e8:7.13632816637663e7:4.5641854520454854e7:3.0085845860159427e7:4.1188077273642668e6:3.6961228919746163e6:35825.53639549032:32883.484674535815:11767.68880110047:3066.8211888224937:2426.648286018064:42.99417132963074:21.804805646665276:11.742764734787087:1.1165707453720806,9.410184914942884e-5
5,6,6,-2:-5:-3,5:3:2,6300,7,5.425281917066185e8:5.2787175399452657e8:1.092830180636124e8:7.13571914593534e7:4.752085492540512e7:6.674878915977757e6:6.009408888474785e6:46686.05231844983:43491.03122421699:16217.277665038457:4301.302961488736:3409.179783308147:50.95445408643632:26.25527422903999:14.283843394167675:1.1961097411453716,8.583394532132318e-5
5,6,6,-1:-5:-3,5:3:1,6510,7,6.892732990882566e8:6.674850724105201e8:1.4531919544979155e8:9.617205301441367e7:6.432832809509609e7:9.243760944294611e6:8.347843558010137e6:55517.58968519243:52248.812399521186:20064.89002895165:5400.656299452274:4289.309684603847:57.023594709398786:29.707911794987083:16.28504756883864:1.2515830067066358,8.096527148306321e-5
5,6,6,0:-5:-3,5:3:0,6720,7,7.490832819732196e8:7.242202855673504e8:1.6073326615210474e8:1.0686522762737879e8:7.15496134011492e7:1.0377652749532392e7:9.383839518982297e6:58979.6938450745:55709.15968755862:21625.138183645606:5854.958321765143:4654.463456551791:59.324149325548646:31.03010399013401:17.058273459786925:1.2716436326722238,7.936196220722739e-5
5,6,6,1:-5:-3,5:3:1,6510,7,6.892732990882572e8:6.674850724105208e8:1.4531919544979155e8:9.617205301441373e7:6.432832809509607e7:9.24376094429461e6:8.347843558010124e6:55517.589685192106:52248.81239952208:20064.890028956037:5400.656299450374:4289.3096846083445:57.02359470745233:29.707911792673492:16.28504757477548:1.2515830069190639,8.096527148306474e-5
5,6,6,2:-5:-3,5:3:2,6300,7,5.425281917066182e8:5.278717539945263e8:1.092830180636124e8:7.135719145935342e7:4.75208549254051e7:6.674878915977762e6:6.009408888474783e6:46686.05231844979:43491.03122421687:16217.2776650378:4301.302961488639:3409.1797833082665:50.954454082176404:26.25527422806797:14.283843395819103:1.196109734307713,8.583394532132285e-5
5,6,6,3:-5:-3,5:3:3,3150,7,3.7542555863276345e8:3.679159002550821e8:7.136328166376626e7:4.564185452045486e7:3.0085845860159427e7:4.1188077273642644e6:3.6961228919746117e6:35825.536395490075:32883.48467453616:11767.688801100205:3066.8211888212845:2426.648286019846:42.994171329775654:21.804805647558556:11.742764733574566:1.1165707457255967,9.41018491494288e-5
5,6,6,-3:-4:-3,4:3:3,6300,7,7.490832819732199e8:7.242202855673506e8:1.6073326615210474e8:1.0686522762737888e8:7.154961340114918e7:1.0377652749532392e7:9.383839518982295e6:58979.693845074486:55709.15968755425:21625.13818363787:5854.958321772835:4654.4634565504:59.32414933985502:31.030103988078842:17.058273465610366:1.2716436367615873,7.936196220722322e-5
5,6,6,-2:-4:-3,4:3:2,12600,7,1.1681472263967438e9:1.1201231095555704e9:2.805903255894331e8:1.91029822385092e8:1.2772080517787766e8:1.9777455945188913e7:1.8045721963697914e7:81749.92414910045:78752.62182735332:32535.135847811172:9172.738940210309:7346.617638091233:73.60361363565417:39.404125332915314:22.04350472885194:1.3866561393665258,7.153898204828349e-5
5,6,6,-1:-4:-3,4:3:1,13020,7,1.56307280443843e9:1.4924032301330814e9:4.129300292038238e8:2.853149597610529e8:1.8917367212371692e8:3.1145592663261082e7:2.8656453978525832e7:101747.48453057728:99230.18078442736:42897.98985706557:12565.764564262556:10144.388008645601:85.20567201859379:46.42596336469913:26.34155542189317:1.4707010476008269,6.705261527913396e-5
5,6,6,0:-4:-3,4:3:0,13440,7,1.729974536825101e9:1.6499601340469406e9:4.7467272944509256e8:3.2969214142458934e8:2.176242256602419e8:3.676147186476149e7:3.3940092157074146e7:109959.04320687157:107656.19668372978:47320.727968047024:14091.01115284898:11415.956310422438:89.76702804662798:49.24230275378174:28.095976489170727:1.501953328421727,6.560320072308227e-5
5,6,6,1:-4:-3,4:3:1,13020,7,1.56307280443843e9:1.49240323013308e9:4.1293002920382375e8:2.8531495976105267e8:1.8917367212371683e8:3.114559266326103e7:2.8656453978525843e7:101747.48453057857:99230.18078443523:42897.98985708543:12565.764564274445:10144.388008636346:85.2056720101029:46.42596336604508:26.341555425806295:1.4707010579061863,6.705261527913944e-5
5,6,6,2:-4:-3,4:3:2,12600,7,1.1681472263967445e9:1.1201231095555704e9:2.805903255894331e8:1.91029822385092e8:1.2772080517787762e8:1.9777455945188902e7:1.804572196369792e7:81749.92414909987:78752.6218273529:32535.135847818634:9172.738940209236:7346.617638098467:73.60361363991012:39.40412533196838:22.043504742518905:1.3866561388428125,7.153898204828451e-5
5,6,6,3:-4:-3,4:3:3,6300,7,7.490832819732203e8:7.242202855673503e8:1.6073326615210468e8:1.0686522762737879e8:7.154961340114915e7:1.0377652749532387e7:9.383839518982295e6:58979.69384507423:55709.15968755732:21625.13818364039:5854.958321772904:4654.463456547805:59.32414932032818:31.030103992838598:17.05827345299875:1.271643632312792,7.936196220722541e-5
5,6,6,-5:-3:-3,5:3:3,3150,7,3.754255586327634e8:3.679159002550822e8:7.136328166376631e7:4.564185452045487e7:3.0085845860159412e7:4.1188077273642677e6:3.6961228919746107e6:35825.53639549027:32883.484674536645:11767.68880109759:3066.821188822366:2426.6482860193555:42.99417133196064:21.804805647254817:11.74276473665591:1.1165707449912812,9.41018491494286e-5
5,6,6,-4:-3:-3,4:3:3,6300,7,7.490832819732198e8:7.242202855673501e8:1.6073326615210474e8:1.0686522762737882e8:7.154961340114917e7:1.0377652749532398e7:9.383839518982284e6:58979.69384507428:55709.1596875538:21625.13818364853:5854.958321774682:4654.463456553561:59.324149328927184:31.03010398763412:17.058273462230332:1.2716436355604248,7.936196220722568e-5
5,6,6,-3:-3:-3,3:3:3,12825,7,1.4153940417992432e9:1.3531569490483027e9:3.611995858769147e8:2.4832119950051537e8:1.6523624305725735e8:2.6590042754004475e7:2.438955012109224e7:94380.39368319228:91673.59254291689:39007.56676327062:11263.012668362324:9065.037519977:81.01744444852186:43.868004566810875:24.763303512222386:1.4411669466115296,6.85265592728983e-5
5,6,6,-2:-3:-3,3:3:2,19350,7,2.3766318255573316e9:2.2644348977221293e9:7.475706014591688e8:5.289912438361148e8:3.427125053351747e8:6.383150945649867e7:5.969183539331956e7:141181.92571093157:139510.51918406808:64747.76962442301:20601.851069678276:16933.449496782294:106.1958303679366:59.661835718805094:34.74205457074214:1.6079184366973192,6.142795437425254e-5
5,6,6,-1:-3:-3,3:3:1,19995,7,3.3252715475398235e9:3.1897412930405183e9:1.2473932529383976e9:9.117032788337691e8:5.772865695173384e8:1.2338506479047802e8:1.1738162864217721e8:187376.18797723937:185104.6728308028:91180.15694560243:32313.690523343223:27178.651794858877:128.1839350283463:74.35026215812618:44.543246365380114:1.7376076215272431,5.756594986044084e-5
5,6,6,0:-3:-3,3:3:0,20640,7,3.7309860644846168e9:3.6004231810995903e9:1.4969723133508954e9:1.1144160860743856e9:7.01490772654835e8:1.587137418866713e8:1.520099310648524e8:207956.96043841244:204488.8498033756:102783.3374808869:38328.477471475926:32577.1585620514:137.1791162573318:80.6364822582377:48.90104070561147:1.7877670814536286,5.63552654228542e-5
5,6,6,1:-3:-3,3:3:1,19995,7,3.325271547539822e9:3.1897412930405188e9:1.2473932529383974e9:9.117032788337696e8:5.772865695173384e8:1.23385064790478e8:1.1738162864217734e8:187376.1879772443:185104.67283078708:91180.1569456189:32313.690523362995:27178.65179486684:128.18393503061364:74.35026216729031:44.54324635893841:1.7376076556935804,5.756594986044111e-5
5,6,6,2:-3:-3,3:3:2,19350,7,2.3766318255573316e9:2.2644348977221284e9:7.47570601459169e8:5.289912438361147e8:3.427125053351746e8:6.383150945649848e7:5.969183539331957e7:141181.92571093657:139510.5191840414:64747.76962449889:20601.85106965111:16933.449496748715:106.19583035779488:59.66183572488863:34.74205458151202:1.6079184278595537,6.14279543742536e-5
5,6,6,3:-3:-3,3:3:3,12825,7,1.415394041799243e9:1.3531569490483022e9:3.611995858769146e8:2.4832119950051543e8:1.652362430572574e8:2.6590042754004486e7:2.4389550121092226e7:94380.39368319181:91673.59254291025:39007.566763267074:11263.012668354406:9065.037519986403:81.01744445343378:43.86800457896469:24.763303508022044:1.44116694880729,6.852655927289547e-5
5,6,6,4:-3:-3,4:3:3,6300,7,7.490832819732198e8:7.242202855673501e8:1.6073326615210474e8:1.0686522762737882e8:7.154961340114917e7:1.0377652749532398e7:9.383839518982284e6:58979.69384507428:55709.1596875538:21625.13818364853:5854.958321774682:4654.463456553561:59.324149328927184:31.03010398763412:17.058273462230332:1.2716436355604248,7.936196220722568e-5
5,6,6,5:-3:-3,5:3:3,3150,7,3.754255586327631e8:3.679159002550821e8:7.136328166376625e7:4.564185452045486e7:3.008584586015944e7:4.118807727364262e6:3.6961228919746093e6:35825.536395490075:32883.48467453485:11767.6888011017:3066.8211888207375:2426.6482860195215:42.994171329510735:21.804805646652067:11.742764734788862:1.1165707452043072,9.41018491494278e-5
5,6,6,-5:-2:-3,5:3:2,6300,7,5.425281917066183e8:5.2787175399452645e8:1.0928301806361239e8:7.135719145935346e7:4.752085492540511e7:6.674878915977759e6:6.009408888474783e6:46686.052318449714:43491.03122421525:16217.27766504046:4301.302961487172:3409.1797833070186:50.954454084726365:26.255274227581015:14.283843391815477:1.196109735753687,8.583394532132205e-5
5,6,6,-4:-2:-3,4:3:2,12600,7,1.1681472263967447e9:1.1201231095555708e9:2.805903255894331e8:1.910298223850921e8:1.2772080517787772e8:1.9777455945188902e7:1.804572196369791e7:81749.92414909936:78752.62182735163:32535.135847802536:9172.738940205194:7346.617638102794:73.60361363799149:39.40412532627089:22.043504748637975:1.386656136548454,7.153898204828108e-5
5,6,6,-3:-2:-3,3:3:2,19350,7,2.376631825557334e9:2.2644348977221293e9:7.475706014591693e8:5.289912438361145e8:3.427125053351747e8:6.3831509456498675e7:5.9691835393319614e7:141181.92571092767:139510.51918405446:64747.76962433099:20601.851069650802:16933.449496767043:106.19583035181586:59.66183571573013:34.74205453855092:1.6079184383123077,6.142795437423968e-5
5,6,6,-2:-2:-3,3:2:2,26100,7,4.190150390561401e9:4.0816752195365233e9:1.8034957192905796e9:1.3772988451193652e9:8.645630424116449e8:2.0838486064810348e8:2.0100953224248347e8:232234.91948239203:226468.51674480824:116118.14949171364:46055.66506469237:39629.37353507764:147.20835672102942:87.86064260240377:54.036995788500064:1.8422216454869738,5.517979469204947e-5
5,6,6,-1:-2:-3,3:2:1,26970,7,6.187101982141132e9:5.927659841466197e9:3.1179734083461666e9:2.7944797564906793e9:1.8284874816387978e9:5.5754692099961e8:5.494573850525081e8:338560.4240370597:311041.59831484006:168859.52261743642:88516.0771474985:80106.15466207515:184.92172140256594:117.58664178225672:76.77777278911938:2.038743748712717,5.174754064002606e-5
5,6,6,0:-2:-3,3:2:0,27840,7,7.2449498492321005e9:6.6294735127483015e9:3.658249202267695e9:3.621058391107087e9:2.485650021477184e9:8.376856500987767e8:8.302293393148309e8:390162.5444523923:346033.7655889424:191955.30733603437:115246.39191747793:106567.781136617:200.41588619116754:131.42029607877367:88.38731414758371:2.1187321174969034,5.0548145166357374e-5
5,6,6,1:-2:-3,3:2:1,26970,7,6.187101982141132e9:5.927659841466196e9:3.1179734083461676e9:2.79447975649068e9:1.8284874816387975e9:5.57546920999611e8:5.494573850525051e8:338560.4240370509:311041.5983147513:168859.5226174682:88516.07714744846:80106.1546621849:184.9217215116842:117.58664170912533:76.77777276877399:2.038743725623778,5.174754064002183e-5
5,6,6,2:-2:-3,3:2:2,26100,7,4.1901503905614e9:4.0816752195365233e9:1.8034957192905798e9:1.377298845119366e9:8.645630424116459e8:2.083848606481035e8:2.0100953224248347e8:232234.91948238554:226468.51674485416:116118.14949170339:46055.66506471603:39629.37353506739:147.20835669123576:87.86064260022626:54.036995741443704:1.8422216409571646,5.5179794692053226e-5
5,6,6,3:-2:-3,3:3:2,19350,7,2.376631825557334e9:2.264434897722129e9:7.47570601459169e8:5.289912438361151e8:3.427125053351747e8:6.3831509456498556e7:5.96918353933196e7:141181.92571093523:139510.51918402917:64747.76962448206:20601.8510696441:16933.449496766552:106.19583036153011:59.66183572472335:34.742054555773464:1.607918433886571,6.142795437424967e-5
5,6,6,4:-2:-3,4:3:2,12600,7,1.1681472263967435e9:1.1201231095555701e9:2.80590325589433e8:1.9102982238509205e8:1.2772080517787765e8:1.9777455945188906e7:1.8045721963697933e7:81749.92414910095:78752.62182734691:32535.135847864425:9172.738940211142:7346.61763810771:73.60361363531729:39.404125335897454:22.043504740773184:1.3866561386010077,7.153898204829059e-5
5,6,6,5:-2:-3,5:3:2,6300,7,5.425281917066182e8:5.2787175399452627e8:1.0928301806361239e8:7.135719145935343e7:4.752085492540511e7:6.674878915977754e6:6.009408888474784e6:46686.05231844944:43491.03122421747:16217.277665040474:4301.302961488595:3409.1797833108094:50.95445408722393:26.255274227185442:14.283843397622022:1.1961097328756758,8.583394532132406e-5
5,6,6,-5:-1:-3,5:3:1,6510,7,6.892732990882571e8:6.674850724105204e8:1.4531919544979155e8:9.617205301441373e7:6.4328328095096104e7:9.24376094429461e6:8.34784355801012e6:55517.58968519203:52248.81239952145:20064.89002895179:5400.6562994509:4289.309684606972:57.023594709156:29.7079117845661:16.285047578451156:1.2515830060068056,8.096527148306314e-5
5,6,6,-4:-1:-3,4:3:1,13020,7,1.5630728044384298e9:1.492403230133081e9:4.1293002920382375e8:2.853149597610527e8:1.8917367212371686e8:3.1145592663261108e7:2.865645397852587e7:101747.48453057813:99230.18078443418:42897.98985709908:12565.764564275976:10144.388008647955:85.20567203048665:46.425963367679934:26.341555394656677:1.4707010445695081,6.705261527914116e-5
5,6,6,-3:-1:-3,3:3:1,19995,7,3.325271547539824e9:3.189741293040517e9:1.247393252938397e9:9.117032788337692e8:5.772865695173384e8:1.2338506479047784e8:1.1738162864217718e8:187376.18797723626:185104.6728307862:91180.15694557948:32313.690523339654:27178.651794853675:128.183935033603:74.35026222641274:44.54324634793204:1.737607637484782,5.7565949860436496e-5
5,6,6,-2:-1:-3,3:2:1,26970,7,6.187101982141131e9:5.927659841466197e9:3.1179734083461676e9:2.79447975649068e9:1.8284874816387973e9:5.575469209996103e8:5.494573850525059e8:338560.4240370647:311041.59831484663:168859.52261749277:88516.07714752843:80106.15466216102:184.92172157592412:117.58664179780546:76.777772610948:2.0387437480814925,5.174754064003072e-5
5,6,6,-1:-1:-3,3:1:1,27869,7,1.0113686808539673e10:8.183616707680704e9:6.169562615257442e9:5.148843284421952e9:4.745669635586684e9:2.301227769226113e9:2.294512029681602e9:521677.50438831426:424096.8859540988:255535.20625557183:216769.20975691825:209443.4166712201:234.69483604288794:168.8664223579215:124.3248855559673:2.3099095827446394,4.7733458350056645e-5
5,6,6,0:-1:-3,3:1:0,28768,7,1.1703505691598415e10:9.01065768024589e9:7.9323764153012495e9:7.451391025180275e9:5.602035758920213e9:4.421946258368744e9:4.407383913294531e9:584684.4182837409:464101.8155592669:320893.03546183027:319002.8743772088:304047.8521223144:249.71479098501408:194.83176345458284:155.3596898507061:2.4261287495019928,4.5820048632846805e-5
5,6,6,1:-1:-3,3:1:1,27869,7,1.0113686808539675e10:8.18361670768071e9:6.1695626152574415e9:5.14884328442195e9:4.745669635586685e9:2.301227769226112e9:2.2945120296816015e9:521677.50438831333:424096.88595408306:255535.20625560134:216769.2097571459:209443.41667107266:234.6948353356611:168.8664223947185:124.32488573744197:2.3099095734059554,4.773345835005811e-5
5,6,6,2:-1:-3,3:2:1,26970,7,6.18710198214113e9:5.927659841466191e9:3.1179734083461676e9:2.7944797564906774e9:1.8284874816387975e9:5.575469209996097e8:5.494573850525059e8:338560.4240370575:311041.5983149262:168859.52261749897:88516.07714743794:80106.15466211902:184.92172137238924:117.58664171017878:76.77777265225619:2.0387437360341636,5.174754064003317e-5
5,6,6,3:-1:-3,3:3:1,19995,7,3.3252715475398216e9:3.1897412930405188e9:1.2473932529383972e9:9.117032788337691e8:5.772865695173385e8:1.2338506479047792e8:1.173816286421772e8:187376.1879772193:185104.6728307959:91180.15694529221:32313.690523366986:27178.651794820526:128.1839350770969:74.35026214621666:44.543246319958676:1.7376076460283214,5.756594986041652e-5
5,6,6,4:-1:-3,4:3:1,13020,7,1.56307280443843e9:1.4924032301330805e9:4.129300292038235e8:2.853149597610528e8:1.891736721237169e8:3.1145592663261052e7:2.8656453978525832e7:101747.48453057893:99230.18078442226:42897.989857125925:12565.764564262883:10144.388008645916:85.20567201788178:46.425963351194575:26.34155541390491:1.4707010523383859,6.705261527914074e-5
5,6,6,5:-1:-3,5:3:1,6510,7,6.89273299088257e8:6.674850724105202e8:1.4531919544979146e8:9.617205301441365e7:6.432832809509609e7:9.243760944294594e6:8.347843558010136e6:55517.58968519183:52248.81239952155:20064.8900289576:5400.656299448869:4289.309684607837:57.02359471118607:29.707911793740532:16.28504756918536:1.2515830088423607,8.096527148306451e-5
5,6,6,-5:0:-3,5:3:0,6720,7,7.490832819732196e8:7.242202855673503e8:1.6073326615210465e8:1.0686522762737882e8:7.15496134011492e7:1.037765274953238e7:9.383839518982293e6:58979.69384507406:55709.15968755358:21625.138183645595:5854.958321776238:4654.463456551631:59.324149324817526:31.030103995094745:17.058273463181354:1.2716436332915897,7.936196220722469e-5
5,6,6,-4:0:-3,4:3:0,13440,7,1.7299745368251011e9:1.6499601340469406e9:4.746727294450927e8:3.296921414245896e8:2.1762422566024184e8:3.676147186476149e7:3.394009215707416e7:109959.04320687313:107656.19668373864:47320.72796804902:14091.01115280371:11415.956310419426:89.7670280474781:49.24230275019711:28.095976483004403:1.5019533254057793,6.560320072308364e-5
5,6,6,-3:0:-3,3:3:0,20640,7,3.7309860644846168e9:3.600423181099589e9:1.4969723133508956e9:1.114416086074386e9:7.014907726548353e8:1.5871374188667127e8:1.5200993106485245e8:207956.9604384109:204488.84980339135:102783.33748088803:38328.47747145547:32577.15856203079:137.17911624010912:80.63648226262386:48.90104069905265:1.787767082032807,5.635526542285511e-5
5,6,6,-2:0:-3,3:2:0,27840,7,7.244949849232101e9:6.629473512748301e9:3.6582492022676973e9:3.6210583911070867e9:2.4856500214771833e9:8.376856500987766e8:8.30229339314831e8:390162.5444523821:346033.76558900485:191955.3073360109:115246.39191748317:106567.78113654656:200.4158862492364:131.42029604355542:88.38731412139603:2.1187321254281293,5.054814516635829e-5
5,6,6,-1:0:-3,3:1:0,28768,7,1.1703505691598415e10:9.010657680245895e9:7.932376415301249e9:7.451391025180273e9:5.602035758920213e9:4.421946258368745e9:4.407383913294532e9:584684.418283873:464101.8155589421:320893.035461459:319002.87437702174:304047.85212236154:249.71479105173202:194.83176325994688:155.3596898534561:2.426128740620801,4.582004863283404e-5
5,6,6,0:0:-3,3:0:0,29696,7,9.850146817680422e9:9.850146817157282e9:9.850146817157267e9:9.850145902020561e9:9.850145902020557e9:9.847644434822542e9:9.847644434822542e9:501287.5276596416:501284.9063464729:501284.9063464695:500140.98654474:500140.9865445376:232.95611861483093:228.2040929573963:228.20409237611446:2.5610354897368452,4.297477312710211e-5
5,6,6,1:0:-3,3:1:0,28768,7,1.1703505691598415e10:9.01065768024589e9:7.932376415301251e9:7.451391025180273e9:5.602035758920213e9:4.421946258368742e9:4.407383913294532e9:584684.418283873:464101.8155591537:320893.0354617264:319002.87437715876:304047.8521224465:249.7147910509765:194.8317632630152:155.35968987355403:2.426128740808755,4.5820048632847646e-5
5,6,6,2:0:-3,3:2:0,27840,7,7.2449498492321e9:6.629473512748303e9:3.658249202267699e9:3.621058391107087e9:2.4856500214771833e9:8.376856500987767e8:8.30229339314831e8:390162.5444523824:346033.7655889848:191955.3073360103:115246.3919175541:106567.78113648246:200.41588623620854:131.4202960508219:88.38731415299291:2.1187321251868365,5.054814516635745e-5
5,6,6,3:0:-3,3:3:0,20640,7,3.7309860644846163e9:3.6004231810995893e9:1.4969723133508952e9:1.1144160860743856e9:7.014907726548351e8:1.5871374188667133e8:1.520099310648525e8:207956.96043840976:204488.8498034196:102783.33748088335:38328.47747147494:32577.158562024986:137.17911625749073:80.636482268461:48.901040709825374:1.787767081730546,5.635526542285833e-5
5,6,6,4:0:-3,4:3:0,13440,7,1.729974536825101e9:1.6499601340469403e9:4.7467272944509274e8:3.296921414245894e8:2.1762422566024187e8:3.6761471864761494e7:3.394009215707416e7:109959.04320687256:107656.19668373559:47320.727968046165:14091.011152801842:11415.956310412794:89.76702804673053:49.24230275228189:28.095976482530403:1.5019533255527975,6.560320072308208e-5
5,6,6,5:0:-3,5:3:0,6720,7,7.490832819732193e8:7.242202855673503e8:1.6073326615210474e8:1.0686522762737888e8:7.154961340114917e7:1.0377652749532381e7:9.383839518982291e6:58979.69384507429:55709.1596875537:21625.138183638126:5854.958321781683:4654.463456556845:59.324149324545004:31.03010398840925:17.058273463213663:1.2716436332301284,7.936196220722376e-5
5,6,6,-5:1:-3,5:3:1,6510,7,6.892732990882571e8:6.674850724105204e8:1.4531919544979155e8:9.617205301441373e7:6.4328328095096104e7:9.24376094429461e6:8.34784355801012e6:55517.58968519203:52248.81239952145:20064.89002895179:5400.6562994509:4289.309684606972:57.023594709156:29.7079117845661:16.285047578451156:1.2515830060068056,8.096527148306314e-5
5,6,6,-4:1:-3,4:3:1,13020,7,1.5630728044384298e9:1.492403230133081e9:4.1293002920382375e8:2.853149597610527e8:1.8917367212371686e8:3.1145592663261108e7:2.865645397852587e7:101747.48453057813:99230.18078443418:42897.98985709908:12565.764564275976:10144.388008647955:85.20567203048665:46.425963367679934:26.341555394656677:1.4707010445695081,6.705261527914116e-5
5,6,6,-3:1:-3,3:3:1,19995,7,3.325271547539824e9:3.189741293040517e9:1.247393252938397e9:9.117032788337692e8:5.772865695173384e8:1.2338506479047784e8:1.1738162864217718e8:187376.18797723626:185104.6728307862:91180.15694557948:32313.690523339654:27178.651794853675:128.183935033603:74.35026222641274:44.54324634793204:1.737607637484782,5.7565949860436496e-5
5,6,6,-2:1:-3,3:2:1,26970,7,6.187101982141131e9:5.927659841466197e9:3.1179734083461676e9:2.79447975649068e9:1.8284874816387973e9:5.575469209996103e8:5.494573850525059e8:338560.4240370647:311041.59831484663:168859.52261749277:88516.07714752843:80106.15466216102:184.92172157592412:117.58664179780546:76.777772610948:2.0387437480814925,5.174754064003072e-5
5,6,6,-1:1:-3,3:1:1,27869,7,1.0113686808539673e10:8.183616707680704e9:6.169562615257442e9:5.148843284421952e9:4.745669635586684e9:2.301227769226113e9:2.294512029681602e9:521677.50438831426:424096.8859540988:255535.20625557183:216769.20975691825:209443.4166712201:234.69483604288794:168.8664223579215:124.3248855559673:2.3099095827446394,4.7733458350056645e-5
5,6,6,0:1:-3,3:1:0,28768,7,1.1703505691598415e10:9.01065768024589e9:7.9323764153012495e9:7.451391025180275e9:5.602035758920213e9:4.421946258368744e9:4.407383913294531e9:584684.4182837409:464101.8155592669:320893.03546183027:319002.8743772088:304047.8521223144:249.71479098501408:194.83176345458284:155.3596898507061:2.4261287495019928,4.5820048632846805e-5
5,6,6,1:1:-3,3:1:1,27869,7,1.0113686808539675e10:8.18361670768071e9:6.1695626152574415e9:5.14884328442195e9:4.745669635586685e9:2.301227769226112e9:2.2945120296816015e9:521677.50438831333:424096.88595408306:255535.20625560134:216769.2097571459:209443.41667107266:234.6948353356611:168.8664223947185:124.32488573744197:2.3099095734059554,4.773345835005811e-5
5,6,6,2:1:-3,3:2:1,26970,7,6.18710198214113e9:5.927659841466191e9:3.1179734083461676e9:2.7944797564906774e9:1.8284874816387975e9:5.575469209996097e8:5.494573850525059e8:338560.4240370575:311041.5983149262:168859.52261749897:88516.07714743794:80106.15466211902:184.92172137238924:117.58664171017878:76.77777265225619:2.0387437360341636,5.174754064003317e-5
5,6,6,3:1:-3,3:3:1,19995,7,3.3252715475398216e9:3.1897412930405188e9:1.2473932529383972e9:9.117032788337691e8:5.772865695173385e8:1.2338506479047792e8:1.173816286421772e8:187376.1879772193:185104.6728307959:91180.15694529221:32313.690523366986:27178.651794820526:128.1839350770969:74.35026214621666:44.543246319958676:1.7376076460283214,5.756594986041652e-5
5,6,6,4:1:-3,4:3:1,13020,7,1.56307280443843e9:1.4924032301330805e9:4.129300292038235e8:2.853149597610528e8:1.891736721237169e8:3.1145592663261052e7:2.8656453978525832e7:101747.48453057893:99230.18078442226:42897.989857125925:12565.764564262883:10144.388008645916:85.20567201788178:46.425963351194575:26.34155541390491:1.4707010523383859,6.705261527914074e-5
5,6,6,5:1:-3,5:3:1,6510,7,6.89273299088257e8:6.674850724105202e8:1.4531919544979146e8:9.617205301441365e7:6.432832809509609e7:9.243760944294594e6:8.347843558010136e6:55517.58968519183:52248.81239952155:20064.8900289576:5400.656299448869:4289.309684607837:57.02359471118607:29.707911793740532:16.28504756918536:1.2515830088423607,8.096527148306451e-5
5,6,6,-5:2:-3,5:3:2,6300,7,5.425281917066183e8:5.2787175399452645e8:1.0928301806361239e8:7.135719145935346e7:4.752085492540511e7:6.674878915977759e6:6.009408888474783e6:46686.052318449714:43491.03122421525:16217.27766504046:4301.302961487172:3409.1797833070186:50.954454084726365:26.255274227581015:14.283843391815477:1.196109735753687,8.583394532132205e-5
5,6,6,-4:2:-3,4:3:2,12600,7,1.1681472263967447e9:1.1201231095555708e9:2.805903255894331e8:1.910298223850921e8:1.2772080517787772e8:1.9777455945188902e7:1.804572196369791e7:81749.92414909936:78752.62182735163:32535.135847802536:9172.738940205194:7346.617638102794:73.60361363799149:39.40412532627089:22.043504748637975:1.386656136548454,7.153898204828108e-5
5,6,6,-3:2:-3,3:3:2,19350,7,2.376631825557334e9:2.2644348977221293e9:7.475706014591693e8:5.289912438361145e8:3.427125053351747e8:6.3831509456498675e7:5.9691835393319614e7:141181.92571092767:139510.51918405446:64747.76962433099:20601.851069650802:16933.449496767043:106.19583035181586:59.66183571573013:34.74205453855092:1.6079184383123077,6.142795437423968e-5
5,6,6,-2:2:-3,3:2:2,26100,7,4.190150390561401e9:4.0816752195365233e9:1.8034957192905796e9:1.3772988451193652e9:8.645630424116449e8:2.0838486064810348e8:2.0100953224248347e8:232234.91948239203:226468.51674480824:116118.14949171364:46055.66506469237:39629.37353507764:147.20835672102942:87.86064260240377:54.036995788500064:1.8422216454869738,5.517979469204947e-5
5,6,6,-1:2:-3,3:2:1,26970,7,6.187101982141132e9:5.927659841466197e9:3.1179734083461666e9:2.7944797564906793e9:1.8284874816387978e9:5.5754692099961e8:5.494573850525081e8:338560.4240370597:311041.59831484006:168859.52261743642:88516.0771474985:80106.15466207515:184.92172140256594:117.58664178225672:76.77777278911938:2.038743748712717,5.174754064002606e-5
5,6,6,0:2:-3,3:2:0,27840,7,7.2449498492321005e9:6.6294735127483015e9:3.658249202267695e9:3.621058391107087e9:2.485650021477184e9:8.376856500987767e8:8.302293393148309e8:390162.5444523923:346033.7655889424:191955.30733603437:115246.39191747793:106567.781136617:200.41588619116754:131.42029607877367:88.38731414758371:2.1187321174969034,5.0548145166357374e-5
5,6,6,1:2:-3,3:2:1,26970,7,6.187101982141132e9:5.927659841466196e9:3.1179734083461676e9:2.79447975649068e9:1.8284874816387975e9:5.57546920999611e8:5.494573850525051e8:338560.4240370509:311041.5983147513:168859.5226174682:88516.07714744846:80106.1546621849:184.9217215116842:117.58664170912533:76.77777276877399:2.038743725623778,5.174754064002183e-5
5,6,6,2:2:-3,3:2:2,26100,7,4.1901503905614e9:4.0816752195365233e9:1.8034957192905798e9:1.377298845119366e9:8.645630424116459e8:2.083848606481035e8:2.0100953224248347e8:232234.91948238554:226468.51674485416:116118.14949170339:46055.66506471603:39629.37353506739:147.20835669123576:87.86064260022626:54.036995741443704:1.8422216409571646,5.5179794692053226e-5
5,6,6,3:2:-3,3:3:2,19350,7,2.376631825557334e9:2.264434897722129e9:7.47570601459169e8:5.289912438361151e8:3.427125053351747e8:6.3831509456498556e7:5.96918353933196e7:141181.92571093523:139510.51918402917:64747.76962448206:20601.8510696441:16933.449496766552:106.19583036153011:59.66183572472335:34.742054555773464:1.607918433886571,6.142795437424967e-5
5,6,6,4:2:-3,4:3:2,12600,7,1.1681472263967435e9:1.1201231095555701e9:2.80590325589433e8:1.9102982238509205e8:1.2772080517787765e8:1.9777455945188906e7:1.8045721963697933e7:81749.92414910095:78752.62182734691:32535.135847864425:9172.738940211142:7346.61763810771:73.60361363531729:39.404125335897454:22.043504740773184:1.3866561386010077,7.153898204829059e-5
5,6,6,5:2:-3,5:3:2,6300,7,5.425281917066182e8:5.2787175399452627e8:1.0928301806361239e8:7.135719145935343e7:4.752085492540511e7:6.674878915977754e6:6.009408888474784e6:46686.05231844944:43491.03122421747:16217.277665040474:4301.302961488595:3409.1797833108094:50.95445408722393:26.255274227185442:14.283843397622022:1.1961097328756758,8.583394532132406e-5
5,6,6,-5:3:-3,5:3:3,3150,7,3.754255586327634e8:3.679159002550822e8:7.136328166376631e7:4.564185452045487e7:3.0085845860159412e7:4.1188077273642677e6:3.6961228919746107e6:35825.53639549027:32883.484674536645:11767.68880109759:3066.821188822366:2426.6482860193555:42.99417133196064:21.804805647254817:11.74276473665591:1.1165707449912812,9.41018491494286e-5
5,6,6,-4:3:-3,4:3:3,6300,7,7.490832819732198e8:7.242202855673501e8:1.6073326615210474e8:1.0686522762737882e8:7.154961340114917e7:1.0377652749532398e7:9.383839518982284e6:58979.69384507428:55709.1596875538:21625.13818364853:5854.958321774682:4654.463456553561:59.324149328927184:31.03010398763412:17.058273462230332:1.2716436355604248,7.936196220722568e-5
5,6,6,-3:3:-3,3:3:3,12825,7,1.4153940417992432e9:1.3531569490483027e9:3.611995858769147e8:2.4832119950051537e8:1.6523624305725735e8:2.6590042754004475e7:2.438955012109224e7:94380.39368319228:91673.59254291689:39007.56676327062:11263.012668362324:9065.037519977:81.01744444852186:43.868004566810875:24.763303512222386:1.4411669466115296,6.85265592728983e-5
5,6,6,-2:3:-3,3:3:2,19350,7,2.3766318255573316e9:2.2644348977221293e9:7.475706014591688e8:5.289912438361148e8:3.427125053351747e8:6.383150945649867e7:5.969183539331956e7:141181.92571093157:139510.51918406808:64747.76962442301:20601.851069678276:16933.449496782294:106.1958303679366:59.661835718805094:34.74205457074214:1.6079184366973192,6.142795437425254e-5
5,6,6,-1:3:-3,3:3:1,19995,7,3.3252715475398235e9:3.1897412930405183e9:1.2473932529383976e9:9.117032788337691e8:5.772865695173384e8:1.2338506479047802e8:1.1738162864217721e8:187376.18797723937:185104.6728308028:91180.15694560243:32313.690523343223:27178.651794858877:128.1839350283463:74.35026215812618:44.543246365380114:1.7376076215272431,5.756594986044084e-5
5,6,6,0:3:-3,3:3:0,20640,7,3.7309860644846168e9:3.6004231810995903e9:1.4969723133508954e9:1.1144160860743856e9:7.01490772654835e8:1.587137418866713e8:1.520099310648524e8:207956.96043841244:204488.8498033756:102783.3374808869:38328.477471475926:32577.1585620514:137.1791162573318:80.6364822582377:48.90104070561147:1.7877670814536286,5.63552654228542e-5
5,6,6,1:3:-3,3:3:1,19995,7,3.325271547539822e9:3.1897412930405188e9:1.2473932529383974e9:9.117032788337696e8:5.772865695173384e8:1.23385064790478e8:1.1738162864217734e8:187376.1879772443:185104.67283078708:91180.1569456189:32313.690523362995:27178.65179486684:128.18393503061364:74.35026216729031:44.54324635893841:1.7376076556935804,5.756594986044111e-5
5,6,6,2:3:-3,3:3:2,19350,7,2.3766318255573316e9:2.2644348977221284e9:7.47570601459169e8:5.289912438361147e8:3.427125053351746e8:6.383150945649848e7:5.969183539331957e7:141181.92571093657:139510.5191840414:64747.76962449889:20601.85106965111:16933.449496748715:106.19583035779488:59.66183572488863:34.74205458151202:1.6079184278595537,6.14279543742536e-5
5,6,6,3:3:-3,3:3:3,12825,7,1.415394041799243e9:1.3531569490483022e9:3.611995858769146e8:2.4832119950051543e8:1.652362430572574e8:2.6590042754004486e7:2.4389550121092226e7:94380.39368319181:91673.59254291025:39007.566763267074:11263.012668354406:9065.037519986403:81.01744445343378:43.86800457896469:24.763303508022044:1.44116694880729,6.852655927289547e-5
5,6,6,4:3:-3,4:3:3,6300,7,7.490832819732198e8:7.242202855673501e8:1.6073326615210474e8:1.0686522762737882e8:7.154961340114917e7:1.0377652749532398e7:9.383839518982284e6:58979.69384507428:55709.1596875538:21625.13818364853:5854.958321774682:4654.463456553561:59.324149328927184:31.03010398763412:17.058273462230332:1.2716436355604248,7.936196220722568e-5
5,6,6,5:3:-3,5:3:3,3150,7,3.754255586327631e8:3.679159002550821e8:7.136328166376625e7:4.564185452045486e7:3.008584586015944e7:4.118807727364262e6:3.6961228919746093e6:35825.536395490075:32883.48467453485:11767.6888011017:3066.8211888207375:2426.6482860195215:42.994171329510735:21.804805646652067:11.742764734788862:1.1165707452043072,9.41018491494278e-5
5,6,6,-3:4:-3,4:3:3,6300,7,7.490832819732199e8:7.242202855673506e8:1.6073326615210474e8:1.0686522762737888e8:7.154961340114918e7:1.0377652749532392e7:9.383839518982295e6:58979.693845074486:55709.15968755425:21625.13818363787:5854.958321772835:4654.4634565504:59.32414933985502:31.030103988078842:17.058273465610366:1.2716436367615873,7.936196220722322e-5
5,6,6,-2:4:-3,4:3:2,12600,7,1.1681472263967438e9:1.1201231095555704e9:2.805903255894331e8:1.91029822385092e8:1.2772080517787766e8:1.9777455945188913e7:1.8045721963697914e7:81749.92414910045:78752.62182735332:32535.135847811172:9172.738940210309:7346.617638091233:73.60361363565417:39.404125332915314:22.04350472885194:1.3866561393665258,7.153898204828349e-5
5,6,6,-1:4:-3,4:3:1,13020,7,1.56307280443843e9:1.4924032301330814e9:4.129300292038238e8:2.853149597610529e8:1.8917367212371692e8:3.1145592663261082e7:2.8656453978525832e7:101747.48453057728:99230.18078442736:42897.98985706557:12565.764564262556:10144.388008645601:85.20567201859379:46.42596336469913:26.34155542189317:1.4707010476008269,6.705261527913396e-5
5,6,6,0:4:-3,4:3:0,13440,7,1.729974536825101e9:1.6499601340469406e9:4.7467272944509256e8:3.2969214142458934e8:2.176242256602419e8:3.676147186476149e7:3.3940092157074146e7:109959.04320687157:107656.19668372978:47320.727968047024:14091.01115284898:11415.956310422438:89.76702804662798:49.24230275378174:28.095976489170727:1.501953328421727,6.560320072308227e-5
5,6,6,1:4:-3,4:3:1,13020,7,1.56307280443843e9:1.49240323013308e9:4.1293002920382375e8:2.8531495976105267e8:1.8917367212371683e8:3.114559266326103e7:2.8656453978525843e7:101747.48453057857:99230.18078443523:42897.98985708543:12565.764564274445:10144.388008636346:85.2056720101029:46.42596336604508:26.341555425806295:1.4707010579061863,6.705261527913944e-5
5,6,6,2:4:-3,4:3:2,12600,7,1.1681472263967445e9:1.1201231095555704e9:2.805903255894331e8:1.91029822385092e8:1.2772080517787762e8:1.9777455945188902e7:1.804572196369792e7:81749.92414909987:78752.6218273529:32535.135847818634:9172.738940209236:7346.617638098467:73.60361363991012:39.40412533196838:22.043504742518905:1.3866561388428125,7.153898204828451e-5
5,6,6,3:4:-3,4:3:3,6300,7,7.490832819732203e8:7.242202855673503e8:1.6073326615210468e8:1.0686522762737879e8:7.154961340114915e7:1.0377652749532387e7:9.383839518982295e6:58979.69384507423:55709.15968755732:21625.13818364039:5854.958321772904:4654.463456547805:59.32414932032818:31.030103992838598:17.05827345299875:1.271643632312792,7.936196220722541e-5
5,6,6,-3:5:-3,5:3:3,3150,7,3.754255586327631e8:3.679159002550821e8:7.13632816637663e7:4.5641854520454854e7:3.0085845860159427e7:4.1188077273642668e6:3.6961228919746163e6:35825.53639549032:32883.484674535815:11767.68880110047:3066.8211888224937:2426.648286018064:42.99417132963074:21.804805646665276:11.742764734787087:1.1165707453720806,9.410184914942884e-5
5,6,6,-2:5:-3,5:3:2,6300,7,5.425281917066185e8:5.2787175399452657e8:1.092830180636124e8:7.13571914593534e7:4.752085492540512e7:6.674878915977757e6:6.009408888474785e6:46686.05231844983:43491.03122421699:16217.277665038457:4301.302961488736:3409.179783308147:50.95445408643632:26.25527422903999:14.283843394167675:1.1961097411453716,8.583394532132318e-5
5,6,6,-1:5:-3,5:3:1,6510,7,6.892732990882566e8:6.674850724105201e8:1.4531919544979155e8:9.617205301441367e7:6.432832809509609e7:9.243760944294611e6:8.347843558010137e6:55517.58968519243:52248.812399521186:20064.89002895165:5400.656299452274:4289.309684603847:57.023594709398786:29.707911794987083:16.28504756883864:1.2515830067066358,8.096527148306321e-5
5,6,6,0:5:-3,5:3:0,6720,7,7.490832819732196e8:7.242202855673504e8:1.6073326615210474e8:1.0686522762737879e8:7.15496134011492e7:1.0377652749532392e7:9.383839518982297e6:58979.6938450745:55709.15968755862:21625.138183645606:5854.958321765143:4654.463456551791:59.324149325548646:31.03010399013401:17.058273459786925:1.2716436326722238,7.936196220722739e-5
5,6,6,1:5:-3,5:3:1,6510,7,6.892732990882572e8:6.674850724105208e8:1.4531919544979155e8:9.617205301441373e7:6.432832809509607e7:9.24376094429461e6:8.347843558010124e6:55517.589685192106:52248.81239952208:20064.890028956037:5400.656299450374:4289.3096846083445:57.02359470745233:29.707911792673492:16.28504757477548:1.2515830069190639,8.096527148306474e-5
5,6,6,2:5:-3,5:3:2,6300,7,5.425281917066182e8:5.278717539945263e8:1.092830180636124e8:7.135719145935342e7:4.75208549254051e7:6.674878915977762e6:6.009408888474783e6:46686.05231844979:43491.03122421687:16217.2776650378:4301.302961488639:3409.1797833082665:50.954454082176404:26.25527422806797:14.283843395819103:1.196109734307713,8.583394532132285e-5
5,6,6,3:5:-3,5:3:3,3150,7,3.7542555863276345e8:3.679159002550821e8:7.136328166376626e7:4.564185452045486e7:3.0085845860159427e7:4.1188077273642644e6:3.6961228919746117e6:35825.536395490075:32883.48467453616:11767.688801100205:3066.8211888212845:2426.648286019846:42.994171329775654:21.804805647558556:11.742764733574566:1.1165707457255967,9.41018491494288e-5
5,6,6,-3:-5:-2,5:3:2,6300,7,7.385592133519704e8:7.288137019167138e8:1.1522699950909728e8:6.680523225856577e7:4.06518687636352e7:5.306402407186613e6:4.761193921202509e6:57583.412069106795:49688.39962794917:15028.871795955994:3761.921108230302:2981.109826090068:53.327783290647155:26.280151641063245:13.594522616171576:1.2015868571794117,7.41942161756362e-5
5,6,6,-2:-5:-2,5:2:2,12600,7,1.16285664522976e9:1.1540489434851665e9:1.8712885127204597e8:1.1029586089727604e8:6.819121125201571e7:8.92748060247376e6:7.998212818095915e6:79840.58653533614:69603.40132498853:21619.648608350344:5436.148235895987:4298.74072416587:65.17363036120709:32.484022389531106:16.898669141280493:1.2984507544546877,6.548967617610995e-5
5,6,6,-1:-5:-2,5:2:1,13020,7,1.5746100768288157e9:1.5692641075817204e9:2.5954323069296053e8:1.548736783095853e8:9.683911262874907e7:1.2718449884224989e7:1.1386195836309789e7:99350.9316454372:87277.5601554403:27657.269566792078:6981.1636426734785:5513.806342341677:74.62873849332824:37.48360108395768:19.58255543873978:1.3675666934751936,6.029216055327198e-5
5,6,6,0:-5:-2,5:2:0,13440,7,1.7525478480832918e9:1.7493357837697256e9:2.9154837143507123e8:1.747756773979087e8:1.0973191978108945e8:1.4432402288115397e7:1.2918132465797886e7:107336.0988261914:94563.59225310336:30192.90387721763:7633.161970206895:6026.491592136681:78.31078878862593:39.44152393472376:20.638604685983548:1.392900031502946,5.85651292716447e-5
5,6,6,1:-5:-2,5:2:1,13020,7,1.574610076828817e9:1.5692641075817206e9:2.5954323069296056e8:1.5487367830958536e8:9.683911262874907e7:1.2718449884225003e7:1.1386195836309794e7:99350.9316454364:87277.5601554403:27657.26956678951:6981.163642670268:5513.8063423345075:74.62873847479804:37.48360108235565:19.58255543285224:1.367566704560404,6.029216055327126e-5
5,6,6,2:-5:-2,5:2:2,12600,7,1.1628566452297595e9:1.154048943485167e9:1.8712885127204585e8:1.1029586089727604e8:6.819121125201574e7:8.927480602473762e6:7.998212818095915e6:79840.58653533658:69603.40132498911:21619.648608346182:5436.148235894367:4298.740724165586:65.17363035036482:32.48402238705827:16.898669150512998:1.2984507501103195,6.548967617610981e-5
5,6,6,3:-5:-2,5:3:2,6300,7,7.385592133519704e8:7.288137019167134e8:1.1522699950909731e8:6.680523225856578e7:4.065186876363521e7:5.306402407186614e6:4.76119392120251e6:57583.41206910678:49688.39962794957:15028.87179595799:3761.9211082314673:2981.109826091159:53.32778329912901:26.280151641659113:13.594522619878514:1.201586856350715,7.419421617563691e-5
5,6,6,-3:-4:-2,4:3:2,12600,7,1.7525478480832918e9:1.749335783769726e9:2.9154837143507123e8:1.7477567739790866e8:1.097319197810894e8:1.4432402288115388e7:1.2918132465797897e7:107336.09882619075:94563.59225310198:30192.90387721975:7633.161970217606:6026.491592139572:78.31078879283356:39.44152393566442:20.63860469066233:1.3929000303965116,5.856512927164459e-5
5,6,6,-2:-4:-2,4:2:2,25200,7,3.183783233271472e9:3.1597283619075627e9:5.577398514240264e8:3.4378952727749074e8:2.208869081196301e8:2.940163353446261e7:2.6311984429320294e7:164447.62240441213:147443.7108381414:49315.24332481709:12607.954445121275:9940.263724308126:102.41675319657298:52.40482845559135:27.699208531066787:1.5419460902252375,4.9986656155537414e-5
5,6,6,-1:-4:-2,4:2:1,26040,7,4.8147062767807e9:4.743715116519706e9:8.816335859258956e8:5.552238454520307e8:3.6233174132014483e8:4.891673522993294e7:4.382334224903828e7:220967.6681365422:200903.14854311213:69766.66327717817:18038.0274275625:14221.467802595065:123.67712372408715:64.03858432680813:34.13379935103854:1.6554047554259117,4.4905246831201275e-5
5,6,6,0:-4:-2,4:2:0,26880,7,5.588143787001824e9:5.490579184619251e9:1.0424160076620426e9:6.618135662260779e8:4.341675309909536e8:5.901610670934714e7:5.290877033681199e7:245836.69459905458:224727.22316007823:79200.46978262822:20580.139457924495:16230.231657728047:132.47327910778145:68.90538634674591:36.852410146730776:1.6986847539092673,4.3227619595126146e-5
5,6,6,1:-4:-2,4:2:1,26040,7,4.814706276780699e9:4.743715116519704e9:8.816335859258953e8:5.552238454520303e8:3.623317413201449e8:4.891673522993292e7:4.382334224903825e7:220967.66813654377:200903.14854311736:69766.6632772082:18038.027427555204:14221.467802627063:123.67712378509546:64.03858431923184:34.133799318622984:1.6554047548846473,4.4905246831203105e-5
5,6,6,2:-4:-2,4:2:2,25200,7,3.1837832332714734e9:3.1597283619075637e9:5.577398514240264e8:3.4378952727749074e8:2.208869081196301e8:2.9401633534462597e7:2.6311984429320283e7:164447.62240441205:147443.7108381395:49315.24332481577:12607.954445112982:9940.263724315295:102.41675316634701:52.404828454330854:27.69920850019103:1.5419460957173312,4.9986656155537014e-5
5,6,6,3:-4:-2,4:3:2,12600,7,1.7525478480832915e9:1.749335783769726e9:2.9154837143507123e8:1.7477567739790872e8:1.097319197810893e8:1.443240228811538e7:1.2918132465797901e7:107336.09882619124:94563.59225310209:30192.903877216275:7633.161970213747:6026.491592138844:78.3107888008268:39.44152393712298:20.638604664615634:1.3929000310292339,5.856512927164439e-5
5,6,6,-5:-3:-2,5:3:2,6300,7,7.385592133519708e8:7.288137019167132e8:1.1522699950909731e8:6.6805232258565776e7:4.065186876363518e7:5.306402407186614e6:4.761193921202514e6:57583.41206910673:49688.39962795079:15028.871795957622:3761.921108232531:2981.109826092001:53.32778329656342:26.28015164189851:13.594522615895544:1.2015868575796593,7.419421617563763e-5
5,6,6,-4:-3:-2,4:3:2,12600,7,1.7525478480832908e9:1.749335783769725e9:2.9154837143507123e8:1.7477567739790863e8:1.097319197810894e8:1.4432402288115397e7:1.2918132465797912e7:107336.09882619207:94563.59225310081:30192.90387721841:7633.161970215257:6026.49159213587:78.31078878963116:39.441523939281566:20.63860467658022:1.3929000338615378,5.856512927164449e-5
5,6,6,-3:-3:-2,3:3:2,19350,7,4.1725283701834207e9:4.1216416789810257e9:7.51585943659972e8:4.697361803985859e8:3.049331625301599e8:4.0936973098996006e7:3.665575840378745e7:199470.76867834257:180452.48093420253:61821.5263795658:15915.279803033027:12546.379611922088:115.82153191487961:59.7185347300103:31.733777385350525:1.6150613913712957,4.659174124042903e-5
5,6,6,-2:-3:-2,3:2:2,26100,7,9.09046776672413e9:8.848156530195541e9:1.824567536341314e9:1.1903472719192348e9:7.922358814363198e8:1.1111879327256563e8:1.0000884114977479e8:348782.9164602099:324982.24352848495:120806.46292367796:32069.698365527493:25350.530717049962:166.36160700541274:87.94421786051765:47.636312956540756:1.850324649856424,3.826478947344406e-5
5,6,6,-1:-3:-2,3:2:1,26970,7,1.5882370821565817e10:1.5291581100324545e10:3.58413257938169e9:2.4115940540699153e9:1.6157670814865649e9:2.410846521425622e8:2.1883118361101997e8:523378.46314120176:499557.78487555066:199562.77848453386:55070.411279336695:43824.72158092857:217.76107001202985:117.6985556863398:64.9565527405319:2.047657013764033,3.346362700368615e-5
5,6,6,0:-3:-2,3:2:0,27840,7,1.949354431685791e10:1.8699461414585e10:4.649709100175348e9:3.162360283263255e9:2.1149085371838038e9:3.2614964637751037e8:2.973986439841051e8:608851.8320043359:586428.8830143493:241312.7172936918:67950.68134580682:54295.8227618298:241.06617365665124:131.545399629215:73.20988707045244:2.1279761980805088,3.191947588389273e-5
5,6,6,1:-3:-2,3:2:1,26970,7,1.5882370821565817e10:1.529158110032454e10:3.5841325793816915e9:2.411594054069916e9:1.6157670814865642e9:2.4108465214256206e8:2.188311836110201e8:523378.4631411959:499557.7848755172:199562.77848447327:55070.41127933888:43824.72158087665:217.7610696114422:117.69855571053856:64.9565530759845:2.0476569186723843,3.346362700368415e-5
5,6,6,2:-3:-2,3:2:2,26100,7,9.09046776672413e9:8.848156530195545e9:1.8245675363413131e9:1.1903472719192352e9:7.922358814363198e8:1.1111879327256566e8:1.0000884114977477e8:348782.9164602094:324982.24352850585:120806.46292365614:32069.698365495937:25350.530717017748:166.36160706444298:87.94421784707546:47.63631282670255:1.8503246511198623,3.8264789473444394e-5
5,6,6,3:-3:-2,3:3:2,19350,7,4.172528370183419e9:4.1216416789810257e9:7.515859436599715e8:4.6973618039858574e8:3.0493316253015983e8:4.093697309899601e7:3.665575840378746e7:199470.76867834307:180452.48093419085:61821.52637960709:15915.2798030154:12546.37961192909:115.82153194091505:59.718534726172045:31.73377739709397:1.615061372745922,4.659174124042924e-5
5,6,6,4:-3:-2,4:3:2,12600,7,1.7525478480832908e9:1.749335783769725e9:2.9154837143507123e8:1.7477567739790863e8:1.097319197810894e8:1.4432402288115397e7:1.2918132465797912e7:107336.09882619207:94563.59225310081:30192.90387721841:7633.161970215257:6026.49159213587:78.31078878963116:39.441523939281566:20.63860467658022:1.3929000338615378,5.856512927164449e-5
5,6,6,5:-3:-2,5:3:2,6300,7,7.385592133519702e8:7.288137019167137e8:1.1522699950909728e8:6.680523225856576e7:4.06518687636352e7:5.306402407186609e6:4.761193921202511e6:57583.412069106715:49688.39962795178:15028.87179595816:3761.921108231441:2981.109826091659:53.32778329905078:26.280151640946702:13.594522618797043:1.2015868575859505,7.419421617563828e-5
5,6,6,-5:-2:-2,5:2:2,12600,7,1.1628566452297595e9:1.1540489434851673e9:1.8712885127204597e8:1.1029586089727601e8:6.819121125201572e7:8.92748060247376e6:7.99821281809591e6:79840.58653533588:69603.40132498712:21619.648608348438:5436.148235894212:4298.740724164671:65.17363035723567:32.48402238882312:16.898669155533497:1.2984507522349666,6.548967617610896e-5
5,6,6,-4:-2:-2,4:2:2,25200,7,3.1837832332714753e9:3.1597283619075656e9:5.577398514240266e8:3.4378952727749074e8:2.2088690811962995e8:2.940163353446261e7:2.6311984429320347e7:164447.62240441237:147443.71083814822:49315.243324818504:12607.954445125915:9940.263724310855:102.41675318160421:52.40482845782976:27.699208497141942:1.5419460956403945,4.998665615553854e-5
5,6,6,-3:-2:-2,3:2:2,26100,7,9.090467766724134e9:8.848156530195547e9:1.8245675363413143e9:1.1903472719192352e9:7.922358814363197e8:1.111187932725657e8:1.0000884114977479e8:348782.9164602074:324982.24352853:120806.46292368171:32069.6983654782:25350.5307170657:166.36160704362385:87.94421784875456:47.63631291324446:1.850324657132385,3.826478947344609e-5
5,6,6,-2:-2:-2,2:2:2,27000,7,2.417894999580519e10:2.3115683434219677e10:6.1694550953559065e9:4.242154171548278e9:2.8224749372725077e9:4.542428446870802e8:4.1662638428837913e8:715309.5268483155:695362.8314924053:295762.7393354319:85504.68743357559:68706.08101593982:268.821081875632:148.33592037176408:83.38294761677476:2.218020248222317,3.0415142822302558e-5
5,6,6,-1:-2:-2,2:2:1,27900,7,4.929073611137017e10:4.70774203102678e10:1.709565547302853e10:1.2292264464453392e10:7.855692645878296e9:1.576681282327377e9:1.4883882710031683e9:1.2563953608074468e6:1.2444859878205624e6:597630.2618184723:201302.95342789646:167297.84269982297:393.8816475007964:228.42149027799496:134.47222961815447:2.5721176157112,2.6251455150867204e-5
5,6,6,0:-2:-2,2:2:0,28800,7,6.373761412531202e10:6.150736377613866e10:2.557222366454881e10:1.903861855834305e10:1.198294286270846e10:2.711453518726383e9:2.596873711568116e9:1.5767561641322756e6:1.5513240634581577e6:779595.5334966765:290992.5891267133:247125.7947759956:457.77706608145735:272.5795401269417:164.56899472486154:2.732037618528519,2.5019838050226107e-5
5,6,6,1:-2:-2,2:2:1,27900,7,4.92907361113702e10:4.70774203102678e10:1.7095655473028532e10:1.22922644644534e10:7.855692645878296e9:1.5766812823273766e9:1.4883882710031683e9:1.2563953608074356e6:1.2444859878201154e6:597630.2618187978:201302.9534274902:167297.84269864473:393.88164718783474:228.4214901288947:134.47223005327842:2.5721175713591693,2.6251455150862356e-5
5,6,6,2:-2:-2,2:2:2,27000,7,2.4178949995805183e10:2.311568343421968e10:6.169455095355909e9:4.2421541715482764e9:2.822474937272507e9:4.5424284468708026e8:4.166263842883795e8:715309.526848332:695362.8314923366:295762.73933537985:85504.68743359114:68706.08101582895:268.82108185628425:148.33592079437494:83.38294793511614:2.218020341785136,3.0415142822300965e-5
5,6,6,3:-2:-2,3:2:2,26100,7,9.090467766724133e9:8.848156530195543e9:1.8245675363413136e9:1.190347271919235e9:7.922358814363196e8:1.1111879327256559e8:1.0000884114977473e8:348782.9164602095:324982.24352852575:120806.46292369501:32069.69836553546:25350.530717048303:166.36160703175287:87.9442179031453:47.636312766805666:1.8503246554804669,3.8264789473446474e-5
5,6,6,4:-2:-2,4:2:2,25200,7,3.183783233271472e9:3.1597283619075627e9:5.577398514240265e8:3.437895272774908e8:2.208869081196302e8:2.9401633534462575e7:2.6311984429320287e7:164447.62240441088:147443.71083814072:49315.24332482568:12607.954445114772:9940.263724308164:102.41675318282859:52.40482846487846:27.69920848968721:1.541946093946978,4.9986656155537455e-5
5,6,6,5:-2:-2,5:2:2,12600,7,1.1628566452297595e9:1.1540489434851663e9:1.8712885127204585e8:1.102958608972759e8:6.819121125201574e7:8.927480602473754e6:7.998212818095913e6:79840.58653533629:69603.401324986:21619.64860834847:5436.148235894793:4298.7407241656665:65.17363035638378:32.484022395169106:16.898669132109166:1.2984507536387904,6.548967617610878e-5
5,6,6,-5:-1:-2,5:2:1,13020,7,1.5746100768288171e9:1.56926410758172e9:2.5954323069296056e8:1.5487367830958533e8:9.683911262874912e7:1.2718449884224996e7:1.1386195836309785e7:99350.931645437:87277.56015544003:27657.269566789077:6981.16364267362:5513.806342336713:74.6287384735407:37.48360109015827:19.58255539379842:1.3675667125435595,6.029216055327145e-5
5,6,6,-4:-1:-2,4:2:1,26040,7,4.8147062767807e9:4.743715116519705e9:8.816335859258959e8:5.552238454520303e8:3.623317413201449e8:4.891673522993292e7:4.382334224903826e7:220967.66813654362:200903.14854311745:69766.66327719604:18038.02742756497:14221.467802608147:123.67712373480543:64.03858436026944:34.133799347249564:1.6554047633993083,4.490524683120265e-5
5,6,6,-3:-1:-2,3:2:1,26970,7,1.5882370821565811e10:1.529158110032454e10:3.5841325793816915e9:2.411594054069915e9:1.6157670814865646e9:2.4108465214256215e8:2.1883118361102e8:523378.4631411976:499557.78487557045:199562.778484888:55070.411279279484:43824.721580998805:217.76106945090356:117.69855560560774:64.95655276709692:2.0476569395419038,3.346362700369076e-5
5,6,6,-2:-1:-2,2:2:1,27900,7,4.929073611137016e10:4.707742031026779e10:1.7095655473028536e10:1.2292264464453402e10:7.8556926458783e9:1.5766812823273728e9:1.4883882710031683e9:1.256395360807408e6:1.2444859878201145e6:597630.261818404:201302.9534273459:167297.8426987839:393.8816470940843:228.42149072325364:134.47223030837213:2.5721175449007196,2.625145515086032e-5
5,6,6,2:-1:-2,2:2:1,27900,7,4.929073611137017e10:4.707742031026779e10:1.7095655473028534e10:1.2292264464453394e10:7.855692645878297e9:1.5766812823273773e9:1.4883882710031679e9:1.2563953608074437e6:1.2444859878203354e6:597630.2618188278:201302.95342770527:167297.84269899313:393.8816475975972:228.4214903099374:134.47223013978953:2.572117535895699,2.6251455150865358e-5
5,6,6,3:-1:-2,3:2:1,26970,7,1.5882370821565813e10:1.5291581100324543e10:3.584132579381691e9:2.4115940540699153e9:1.6157670814865649e9:2.4108465214256215e8:2.1883118361102003e8:523378.4631411954:499557.7848755637:199562.7784845818:55070.41127935035:43824.721580948026:217.76106948659043:117.69855584705282:64.95655265413224:2.047657038083364,3.346362700368699e-5
5,6,6,4:-1:-2,4:2:1,26040,7,4.814706276780699e9:4.743715116519705e9:8.816335859258958e8:5.552238454520305e8:3.623317413201448e8:4.891673522993293e7:4.3823342249038234e7:220967.66813654106:200903.14854311963:69766.66327718814:18038.027427561068:14221.46780260794:123.67712374562869:64.03858438146163:34.13379933952326:1.6554047659514224,4.49052468312023e-5
5,6,6,5:-1:-2,5:2:1,13020,7,1.5746100768288162e9:1.5692641075817196e9:2.595432306929606e8:1.5487367830958527e8:9.683911262874909e7:1.2718449884224987e7:1.1386195836309776e7:99350.93164543723:87277.56015544108:27657.269566788174:6981.163642672367:5513.80634233866:74.62873847587207:37.48360107424184:19.58255544254994:1.3675666893883447,6.0292160553271786e-5
5,6,6,-5:0:-2,5:2:0,13440,7,1.7525478480832915e9:1.7493357837697246e9:2.9154837143507123e8:1.7477567739790872e8:1.0973191978108943e8:1.443240228811539e7:1.2918132465797888e7:107336.09882619158:94563.59225310339:30192.903877216577:7633.161970219272:6026.491592136765:78.31078878645468:39.441523933822786:20.63860468147745:1.392900032483157,5.856512927164494e-5
5,6,6,-4:0:-2,4:2:0,26880,7,5.5881437870018215e9:5.490579184619251e9:1.0424160076620423e9:6.618135662260777e8:4.341675309909537e8:5.901610670934709e7:5.2908770336812e7:245836.69459905406:224727.22316007887:79200.46978263491:20580.139457910143:16230.231657725646:132.47327913873437:68.90538636816663:36.852410144481176:1.6986847519738355,4.3227619595126234e-5
5,6,6,-3:0:-2,3:2:0,27840,7,1.949354431685791e10:1.8699461414584988e10:4.649709100175348e9:3.1623602832632556e9:2.1149085371838043e9:3.2614964637751055e8:2.973986439841051e8:608851.8320043355:586428.883014382:241312.7172936999:67950.68134571362:54295.82276186689:241.06617359802857:131.5453995627509:73.2098870963011:2.1279762120215135,3.191947588389341e-5
5,6,6,-2:0:-2,2:2:0,28800,7,6.3737614125311966e10:6.150736377613865e10:2.557222366454881e10:1.9038618558343044e10:1.1982942862708477e10:2.711453518726384e9:2.5968737115681157e9:1.5767561641322684e6:1.551324063458178e6:779595.5334966049:290992.5891260782:247125.7947758997:457.77706571975943:272.57953989276723:164.5689949623964:2.7320376692401593,2.5019838050225037e-5
5,6,6,2:0:-2,2:2:0,28800,7,6.3737614125311966e10:6.150736377613864e10:2.5572223664548813e10:1.9038618558343044e10:1.1982942862708467e10:2.711453518726383e9:2.596873711568116e9:1.5767561641322859e6:1.551324063457706e6:779595.5334968051:290992.5891271996:247125.79477608541:457.7770657535963:272.57954039925664:164.5689946639384:2.732037673259895,2.501983805022425e-5
5,6,6,3:0:-2,3:2:0,27840,7,1.9493544316857918e10:1.869946141458499e10:4.649709100175349e9:3.162360283263255e9:2.1149085371838048e9:3.261496463775102e8:2.9739864398410517e8:608851.8320043359:586428.8830143933:241312.7172934997:67950.68134588916:54295.82276185948:241.06617362560286:131.54539973403533:73.20988711208138:2.127976213200651,3.191947588389218e-5
5,6,6,4:0:-2,4:2:0,26880,7,5.588143787001823e9:5.490579184619251e9:1.0424160076620427e9:6.618135662260777e8:4.341675309909536e8:5.90161067093471e7:5.2908770336812e7:245836.69459905478:224727.22316008367:79200.46978254491:20580.13945792246:16230.231657749375:132.47327913994724:68.90538632578742:36.85241014315614:1.6986847518518662,4.322761959512431e-5
5,6,6,5:0:-2,5:2:0,13440,7,1.7525478480832915e9:1.7493357837697253e9:2.915483714350711e8:1.7477567739790875e8:1.0973191978108943e8:1.4432402288115382e7:1.291813246579789e7:107336.09882619149:94563.59225309995:30192.903877225694:7633.161970216262:6026.491592136144:78.31078878713187:39.44152393581781:20.638604681734975:1.3929000324610892,5.8565129271644705e-5
5,6,6,-5:1:-2,5:2:1,13020,7,1.5746100768288171e9:1.56926410758172e9:2.5954323069296056e8:1.5487367830958533e8:9.683911262874912e7:1.2718449884224996e7:1.1386195836309785e7:99350.931645437:87277.56015544003:27657.269566789077:6981.16364267362:5513.806342336713:74.6287384735407:37.48360109015827:19.58255539379842:1.3675667125435595,6.029216055327145e-5
5,6,6,-4:1:-2,4:2:1,26040,7,4.8147062767807e9:4.743715116519705e9:8.816335859258959e8:5.552238454520303e8:3.623317413201449e8:4.891673522993292e7:4.382334224903826e7:220967.66813654362:200903.14854311745:69766.66327719604:18038.02742756497:14221.467802608147:123.67712373480543:64.03858436026944:34.133799347249564:1.6554047633993083,4.490524683120265e-5
5,6,6,-3:1:-2,3:2:1,26970,7,1.5882370821565811e10:1.529158110032454e10:3.5841325793816915e9:2.411594054069915e9:1.6157670814865646e9:2.4108465214256215e8:2.1883118361102e8:523378.4631411976:499557.78487557045:199562.778484888:55070.411279279484:43824.721580998805:217.76106945090356:117.69855560560774:64.95655276709692:2.0476569395419038,3.346362700369076e-5
5,6,6,-2:1:-2,2:2:1,27900,7,4.929073611137016e10:4.707742031026779e10:1.7095655473028536e10:1.2292264464453402e10:7.8556926458783e9:1.5766812823273728e9:1.4883882710031683e9:1.256395360807408e6:1.2444859878201145e6:597630.261818404:201302.9534273459:167297.8426987839:393.8816470940843:228.42149072325364:134.47223030837213:2.5721175449007196,2.625145515086032e-5
5,6,6,2:1:-2,2:2:1,27900,7,4.929073611137017e10:4.707742031026779e10:1.7095655473028534e10:1.2292264464453394e10:7.855692645878297e9:1.5766812823273773e9:1.4883882710031679e9:1.2563953608074437e6:1.2444859878203354e6:597630.2618188278:201302.95342770527:167297.84269899313:393.8816475975972:228.4214903099374:134.47223013978953:2.572117535895699,2.6251455150865358e-5
5,6,6,3:1:-2,3:2:1,26970,7,1.5882370821565813e10:1.5291581100324543e10:3.584132579381691e9:2.4115940540699153e9:1.6157670814865649e9:2.4108465214256215e8:2.1883118361102003e8:523378.4631411954:499557.7848755637:199562.7784845818:55070.41127935035:43824.721580948026:217.76106948659043:117.69855584705282:64.95655265413224:2.047657038083364,3.346362700368699e-5
5,6,6,4:1:-2,4:2:1,26040,7,4.814706276780699e9:4.743715116519705e9:8.816335859258958e8:5.552238454520305e8:3.623317413201448e8:4.891673522993293e7:4.3823342249038234e7:220967.66813654106:200903.14854311963:69766.66327718814:18038.027427561068:14221.46780260794:123.67712374562869:64.03858438146163:34.13379933952326:1.6554047659514224,4.49052468312023e-5
5,6,6,5:1:-2,5:2:1,13020,7,1.5746100768288162e9:1.5692641075817196e9:2.595432306929606e8:1.5487367830958527e8:9.683911262874909e7:1.2718449884224987e7:1.1386195836309776e7:99350.93164543723:87277.56015544108:27657.269566788174:6981.163642672367:5513.80634233866:74.62873847587207:37.48360107424184:19.58255544254994:1.3675666893883447,6.0292160553271786e-5
5,6,6,-5:2:-2,5:2:2,12600,7,1.1628566452297595e9:1.1540489434851673e9:1.8712885127204597e8:1.1029586089727601e8:6.819121125201572e7:8.92748060247376e6:7.99821281809591e6:79840.58653533588:69603.40132498712:21619.648608348438:5436.148235894212:4298.740724164671:65.17363035723567:32.48402238882312:16.898669155533497:1.2984507522349666,6.548967617610896e-5
5,6,6,-4:2:-2,4:2:2,25200,7,3.1837832332714753e9:3.1597283619075656e9:5.577398514240266e8:3.4378952727749074e8:2.2088690811962995e8:2.940163353446261e7:2.6311984429320347e7:164447.62240441237:147443.71083814822:49315.243324818504:12607.954445125915:9940.263724310855:102.41675318160421:52.40482845782976:27.699208497141942:1.5419460956403945,4.998665615553854e-5
5,6,6,-3:2:-2,3:2:2,26100,7,9.090467766724134e9:8.848156530195547e9:1.8245675363413143e9:1.1903472719192352e9:7.922358814363197e8:1.111187932725657e8:1.0000884114977479e8:348782.9164602074:324982.24352853:120806.46292368171:32069.6983654782:25350.5307170657:166.36160704362385:87.94421784875456:47.63631291324446:1.850324657132385,3.826478947344609e-5
5,6,6,-2:2:-2,2:2:2,27000,7,2.417894999580519e10:2.3115683434219677e10:6.1694550953559065e9:4.242154171548278e9:2.8224749372725077e9:4.542428446870802e8:4.1662638428837913e8:715309.5268483155:695362.8314924053:295762.7393354319:85504.68743357559:68706.08101593982:268.821081875632:148.33592037176408:83.38294761677476:2.218020248222317,3.0415142822302558e-5
5,6,6,-1:2:-2,2:2:1,27900,7,4.929073611137017e10:4.70774203102678e10:1.709565547302853e10:1.2292264464453392e10:7.855692645878296e9:1.576681282327377e9:1.4883882710031683e9:1.2563953608074468e6:1.2444859878205624e6:597630.2618184723:201302.95342789646:167297.84269982297:393.8816475007964:228.42149027799496:134.47222961815447:2.5721176157112,2.6251455150867204e-5
5,6,6,0:2:-2,2:2:0,28800,7,6.373761412531202e10:6.150736377613866e10:2.557222366454881e10:1.903861855834305e10:1.198294286270846e10:2.711453518726383e9:2.596873711568116e9:1.5767561641322756e6:1.5513240634581577e6:779595.5334966765:290992.5891267133:247125.7947759956:457.77706608145735:272.5795401269417:164.56899472486154:2.732037618528519,2.5019838050226107e-5
5,6,6,1:2:-2,2:2:1,27900,7,4.92907361113702e10:4.70774203102678e10:1.7095655473028532e10:1.22922644644534e10:7.855692645878296e9:1.5766812823273766e9:1.4883882710031683e9:1.2563953608074356e6:1.2444859878201154e6:597630.2618187978:201302.9534274902:167297.84269864473:393.88164718783474:228.4214901288947:134.47223005327842:2.5721175713591693,2.6251455150862356e-5
5,6,6,2:2:-2,2:2:2,27000,7,2.4178949995805183e10:2.311568343421968e10:6.169455095355909e9:4.2421541715482764e9:2.822474937272507e9:4.5424284468708026e8:4.166263842883795e8:715309.526848332:695362.8314923366:295762.73933537985:85504.68743359114:68706.08101582895:268.82108185628425:148.33592079437494:83.38294793511614:2.218020341785136,3.0415142822300965e-5
5,6,6,3:2:-2,3:2:2,26100,7,9.090467766724133e9:8.848156530195543e9:1.8245675363413136e9:1.190347271919235e9:7.922358814363196e8:1.1111879327256559e8:1.0000884114977473e8:348782.9164602095:324982.24352852575:120806.46292369501:32069.69836553546:25350.530717048303:166.36160703175287:87.9442179031453:47.636312766805666:1.8503246554804669,3.8264789473446474e-5
5,6,6,4:2:-2,4:2:2,25200,7,3.183783233271472e9:3.1597283619075627e9:5.577398514240265e8:3.437895272774908e8:2.208869081196302e8:2.9401633534462575e7:2.6311984429320287e7:164447.62240441088:147443.71083814072:49315.24332482568:12607.954445114772:9940.263724308164:102.41675318282859:52.40482846487846:27.69920848968721:1.541946093946978,4.9986656155537455e-5
5,6,6,5:2:-2,5:2:2,12600,7,1.1628566452297595e9:1.1540489434851663e9:1.8712885127204585e8:1.102958608972759e8:6.819121125201574e7:8.927480602473754e6:7.998212818095913e6:79840.58653533629:69603.401324986:21619.64860834847:5436.148235894793:4298.7407241656665:65.17363035638378:32.484022395169106:16.898669132109166:1.2984507536387904,6.548967617610878e-5
5,6,6,-5:3:-2,5:3:2,6300,7,7.385592133519708e8:7.288137019167132e8:1.1522699950909731e8:6.6805232258565776e7:4.065186876363518e7:5.306402407186614e6:4.761193921202514e6:57583.41206910673:49688.39962795079:15028.871795957622:3761.921108232531:2981.109826092001:53.32778329656342:26.28015164189851:13.594522615895544:1.2015868575796593,7.419421617563763e-5
5,6,6,-4:3:-2,4:3:2,12600,7,1.7525478480832908e9:1.749335783769725e9:2.9154837143507123e8:1.7477567739790863e8:1.097319197810894e8:1.4432402288115397e7:1.2918132465797912e7:107336.09882619207:94563.59225310081:30192.90387721841:7633.161970215257:6026.49159213587:78.31078878963116:39.441523939281566:20.63860467658022:1.3929000338615378,5.856512927164449e-5
5,6,6,-3:3:-2,3:3:2,19350,7,4.1725283701834207e9:4.1216416789810257e9:7.51585943659972e8:4.697361803985859e8:3.049331625301599e8:4.0936973098996006e7:3.665575840378745e7:199470.76867834257:180452.48093420253:61821.5263795658:15915.279803033027:12546.379611922088:115.82153191487961:59.7185347300103:31.733777385350525:1.6150613913712957,4.659174124042903e-5
5,6,6,-2:3:-2,3:2:2,26100,7,9.09046776672413e9:8.848156530195541e9:1.824567536341314e9:1.1903472719192348e9:7.922358814363198e8:1.1111879327256563e8:1.0000884114977479e8:348782.9164602099:324982.24352848495:120806.46292367796:32069.698365527493:25350.530717049962:166.36160700541274:87.94421786051765:47.636312956540756:1.850324649856424,3.826478947344406e-5
5,6,6,-1:3:-2,3:2:1,26970,7,1.5882370821565817e10:1.5291581100324545e10:3.58413257938169e9:2.4115940540699153e9:1.6157670814865649e9:2.410846521425622e8:2.1883118361101997e8:523378.46314120176:499557.78487555066:199562.77848453386:55070.411279336695:43824.72158092857:217.76107001202985:117.6985556863398:64.9565527405319:2.047657013764033,3.346362700368615e-5
5,6,6,0:3:-2,3:2:0,27840,7,1.949354431685791e10:1.8699461414585e10:4.649709100175348e9:3.162360283263255e9:2.1149085371838038e9:3.2614964637751037e8:2.973986439841051e8:608851.8320043359:586428.8830143493:241312.7172936918:67950.68134580682:54295.8227618298:241.06617365665124:131.545399629215:73.20988707045244:2.1279761980805088,3.191947588389273e-5
5,6,6,1:3:-2,3:2:1,26970,7,1.5882370821565817e10:1.529158110032454e10:3.5841325793816915e9:2.411594054069916e9:1.6157670814865642e9:2.4108465214256206e8:2.188311836110201e8:523378.4631411959:499557.7848755172:199562.77848447327:55070.41127933888:43824.72158087665:217.7610696114422:117.69855571053856:64.9565530759845:2.0476569186723843,3.346362700368415e-5
5,6,6,2:3:-2,3:2:2,26100,7,9.09046776672413e9:8.848156530195545e9:1.8245675363413131e9:1.1903472719192352e9:7.922358814363198e8:1.1111879327256566e8:1.0000884114977477e8:348782.9164602094:324982.24352850585:120806.46292365614:32069.698365495937:25350.530717017748:166.36160706444298:87.94421784707546:47.63631282670255:1.8503246511198623,3.8264789473444394e-5
5,6,6,3:3:-2,3:3:2,19350,7,4.172528370183419e9:4.1216416789810257e9:7.515859436599715e8:4.6973618039858574e8:3.0493316253015983e8:4.093697309899601e7:3.665575840378746e7:199470.76867834307:180452.48093419085:61821.52637960709:15915.2798030154:12546.37961192909:115.82153194091505:59.718534726172045:31.73377739709397:1.615061372745922,4.659174124042924e-5
5,6,6,4:3:-2,4:3:2,12600,7,1.7525478480832908e9:1.749335783769725e9:2.9154837143507123e8:1.7477567739790863e8:1.097319197810894e8:1.4432402288115397e7:1.2918132465797912e7:107336.09882619207:94563.59225310081:30192.90387721841:7633.161970215257:6026.49159213587:78.31078878963116:39.441523939281566:20.63860467658022:1.3929000338615378,5.856512927164449e-5
5,6,6,5:3:-2,5:3:2,6300,7,7.385592133519702e8:7.288137019167137e8:1.1522699950909728e8:6.680523225856576e7:4.06518687636352e7:5.306402407186609e6:4.761193921202511e6:57583.412069106715:49688.39962795178:15028.87179595816:3761.921108231441:2981.109826091659:53.32778329905078:26.280151640946702:13.594522618797043:1.2015868575859505,7.419421617563828e-5
5,6,6,-3:4:-2,4:3:2,12600,7,1.7525478480832918e9:1.749335783769726e9:2.9154837143507123e8:1.7477567739790866e8:1.097319197810894e8:1.4432402288115388e7:1.2918132465797897e7:107336.09882619075:94563.59225310198:30192.90387721975:7633.161970217606:6026.491592139572:78.31078879283356:39.44152393566442:20.63860469066233:1.3929000303965116,5.856512927164459e-5
5,6,6,-2:4:-2,4:2:2,25200,7,3.183783233271472e9:3.1597283619075627e9:5.577398514240264e8:3.4378952727749074e8:2.208869081196301e8:2.940163353446261e7:2.6311984429320294e7:164447.62240441213:147443.7108381414:49315.24332481709:12607.954445121275:9940.263724308126:102.41675319657298:52.40482845559135:27.699208531066787:1.5419460902252375,4.9986656155537414e-5
5,6,6,-1:4:-2,4:2:1,26040,7,4.8147062767807e9:4.743715116519706e9:8.816335859258956e8:5.552238454520307e8:3.6233174132014483e8:4.891673522993294e7:4.382334224903828e7:220967.6681365422:200903.14854311213:69766.66327717817:18038.0274275625:14221.467802595065:123.67712372408715:64.03858432680813:34.13379935103854:1.6554047554259117,4.4905246831201275e-5
5,6,6,0:4:-2,4:2:0,26880,7,5.588143787001824e9:5.490579184619251e9:1.0424160076620426e9:6.618135662260779e8:4.341675309909536e8:5.901610670934714e7:5.290877033681199e7:245836.69459905458:224727.22316007823:79200.46978262822:20580.139457924495:16230.231657728047:132.47327910778145:68.90538634674591:36.852410146730776:1.6986847539092673,4.3227619595126146e-5
5,6,6,1:4:-2,4:2:1,26040,7,4.814706276780699e9:4.743715116519704e9:8.816335859258953e8:5.552238454520303e8:3.623317413201449e8:4.891673522993292e7:4.382334224903825e7:220967.66813654377:200903.14854311736:69766.6632772082:18038.027427555204:14221.467802627063:123.67712378509546:64.03858431923184:34.133799318622984:1.6554047548846473,4.4905246831203105e-5
5,6,6,2:4:-2,4:2:2,25200,7,3.1837832332714734e9:3.1597283619075637e9:5.577398514240264e8:3.4378952727749074e8:2.208869081196301e8:2.9401633534462597e7:2.6311984429320283e7:164447.62240441205:147443.7108381395:49315.24332481577:12607.954445112982:9940.263724315295:102.41675316634701:52.404828454330854:27.69920850019103:1.5419460957173312,4.9986656155537014e-5
5,6,6,3:4:-2,4:3:2,12600,7,1.7525478480832915e9:1.749335783769726e9:2.9154837143507123e8:1.7477567739790872e8:1.097319197810893e8:1.443240228811538e7:1.2918132465797901e7:107336.09882619124:94563.59225310209:30192.903877216275:7633.161970213747:6026.491592138844:78.3107888008268:39.44152393712298:20.638604664615634:1.3929000310292339,5.856512927164439e-5
5,6,6,-3:5:-2,5:3:2,6300,7,7.385592133519704e8:7.288137019167138e8:1.1522699950909728e8:6.680523225856577e7:4.06518687636352e7:5.306402407186613e6:4.761193921202509e6:57583.412069106795:49688.39962794917:15028.871795955994:3761.921108230302:2981.109826090068:53.327783290647155:26.280151641063245:13.594522616171576:1.2015868571794117,7.41942161756362e-5
5,6,6,-2:5:-2,5:2:2,12600,7,1.16285664522976e9:1.1540489434851665e9:1.8712885127204597e8:1.1029586089727604e8:6.819121125201571e7:8.92748060247376e6:7.998212818095915e6:79840.58653533614:69603.40132498853:21619.648608350344:5436.148235895987:4298.74072416587:65.17363036120709:32.484022389531106:16.898669141280493:1.2984507544546877,6.548967617610995e-5
5,6,6,-1:5:-2,5:2:1,13020,7,1.5746100768288157e9:1.5692641075817204e9:2.5954323069296053e8:1.548736783095853e8:9.683911262874907e7:1.2718449884224989e7:1.1386195836309789e7:99350.9316454372:87277.5601554403:27657.269566792078:6981.1636426734785:5513.806342341677:74.62873849332824:37.48360108395768:19.58255543873978:1.3675666934751936,6.029216055327198e-5
5,6,6,0:5:-2,5:2:0,13440,7,1.7525478480832918e9:1.7493357837697256e9:2.9154837143507123e8:1.747756773979087e8:1.0973191978108945e8:1.4432402288115397e7:1.2918132465797886e7:107336.0988261914:94563.59225310336:30192.90387721763:7633.161970206895:6026.491592136681:78.31078878862593:39.44152393472376:20.638604685983548:1.392900031502946,5.85651292716447e-5
5,6,6,1:5:-2,5:2:1,13020,7,1.574610076828817e9:1.5692641075817206e9:2.5954323069296056e8:1.5487367830958536e8:9.683911262874907e7:1.2718449884225003e7:1.1386195836309794e7:99350.9316454364:87277.5601554403:27657.26956678951:6981.163642670268:5513.8063423345075:74.62873847479804:37.48360108235565:19.58255543285224:1.367566704560404,6.029216055327126e-5
5,6,6,2:5:-2,5:2:2,12600,7,1.1628566452297595e9:1.154048943485167e9:1.8712885127204585e8:1.1029586089727604e8:6.819121125201574e7:8.927480602473762e6:7.998212818095915e6:79840.58653533658:69603.40132498911:21619.648608346182:5436.148235894367:4298.740724165586:65.17363035036482:32.48402238705827:16.898669150512998:1.2984507501103195,6.548967617610981e-5
5,6,6,3:5:-2,5:3:2,6300,7,7.385592133519704e8:7.288137019167134e8:1.1522699950909731e8:6.680523225856578e7:4.065186876363521e7:5.306402407186614e6:4.76119392120251e6:57583.41206910678:49688.39962794957:15028.87179595799:3761.9211082314673:2981.109826091159:53.32778329912901:26.280151641659113:13.594522619878514:1.201586856350715,7.419421617563691e-5
5,6,6,-3:-5:-1,5:3:1,6510,7,1.187635851659482e9:1.1382256997254136e9:1.6064286009923887e8:8.599582041611323e7:4.780022924049813e7:6.258370822073972e6:5.710423978920544e6:79820.43979114214:65523.87990746501:17316.620303067248:4301.175130658097:3454.088537215754:61.626101290268906:29.7529738937303:14.97458546002258:1.2607410668161152,6.332798132093536e-5
5,6,6,-2:-5:-1,5:2:1,13020,7,2.0138117998192868e9:1.9336892821969593e9:2.7476250112157136e8:1.4780687648501965e8:8.26616459355474e7:1.081386007125306e7:9.85133157781992e6:116427.62547374531:95893.72712091966:25552.865550160484:6350.954945659978:5091.040991775773:77.09221979738395:37.50492097884172:18.912565844697294:1.3712932690054473,5.450959522551898e-5
5,6,6,-1:-5:-1,5:1:1,13454,7,2.885978875616934e9:2.7752232948953075e9:3.9642560494008344e8:2.1406925503956887e8:1.2028623868069945e8:1.5726633784993848e7:1.4309871936142538e7:150596.26696250984:124354.30212364055:33351.89419924798:8292.795739597215:6639.317285596872:89.87156657901069:43.93464414549481:22.186362435031562:1.4515536640312974,4.922272009492294e-5
5,6,6,0:-5:-1,5:1:0,13888,7,3.2822155270158887e9:3.1580296279372735e9:4.520263551193281e8:2.444524503141796e8:1.3760735165754476e8:1.7987364758502617e7:1.6359699593610296e7:165113.01396357352:136475.02520812766:36694.145940954266:9125.19965599527:7302.4141706343735:94.95251233068001:46.49650181910944:23.4925713777491:1.4812801703950758,4.746121290434804e-5
5,6,6,1:-5:-1,5:1:1,13454,7,2.8859788756169357e9:2.775223294895312e9:3.964256049400833e8:2.1406925503956893e8:1.2028623868069948e8:1.5726633784993848e7:1.4309871936142553e7:150596.26696251196:124354.30212364091:33351.89419926101:8292.795739591584:6639.317285586319:89.87156657858256:43.934644151497665:22.18636241370393:1.4515536681066108,4.922272009492374e-5
5,6,6,2:-5:-1,5:2:1,13020,7,2.0138117998192856e9:1.9336892821969583e9:2.747625011215713e8:1.4780687648501965e8:8.266164593554743e7:1.0813860071253061e7:9.851331577819925e6:116427.62547374611:95893.72712091972:25552.865550160674:6350.954945660241:5091.040991773584:77.09221981020654:37.504920982208006:18.91256582396139:1.3712932699836191,5.450959522551923e-5
5,6,6,3:-5:-1,5:3:1,6510,7,1.1876358516594818e9:1.138225699725413e9:1.6064286009923893e8:8.599582041611324e7:4.780022924049814e7:6.25837082207397e6:5.710423978920544e6:79820.4397911422:65523.8799074653:17316.620303067593:4301.175130657751:3454.0885372156467:61.62610130564211:29.752973882696065:14.974585464543988:1.2607410671799557,6.332798132093555e-5
5,6,6,-3:-4:-1,4:3:1,13020,7,3.282215527015891e9:3.158029627937275e9:4.520263551193281e8:2.4445245031417978e8:1.3760735165754485e8:1.7987364758502632e7:1.6359699593610277e7:165113.01396357646:136475.02520812908:36694.14594099293:9125.19965598393:7302.414170628836:94.95251233478523:46.49650181600314:23.49257137553534:1.4812801684277694,4.7461212904349964e-5
5,6,6,-2:-4:-1,4:2:1,26040,7,6.77939740447534e9:6.546390583072646e9:9.494164219104234e8:5.183298701427276e8:2.951540165380788e8:3.853375985622831e7:3.495306753198595e7:277473.6742161847:230781.70497465096:63056.6957108744:15695.417863571218:12526.762586648942:129.67203826606826:64.07506908226152:32.4812204187984:1.6598375204683395,3.866072722985976e-5
5,6,6,-1:-4:-1,4:1:1,26908,7,1.140619159295589e10:1.104821796213084e10:1.6208114763728058e9:8.92222524921367e8:5.130509656494074e8:6.692644204119842e7:6.058004345412862e7:402752.5206622074:336772.4862920864:93308.84151126948:23244.308752285713:18514.29433557511:162.42465481036498:80.7591819079319:41.05149277955221:1.8004259734515853,3.3387659443547326e-5
5,6,6,0:-4:-1,4:1:0,27776,7,1.3821982716073513e10:1.3405111729405415e10:1.9759468408737688e9:1.0914389183263752e9:6.301010139489415e8:8.21734817131599e7:7.432126747378607e7:462186.1066023029:387314.71841472626:107929.45585643676:26896.070102974987:21406.554706531428:176.5749433097945:87.99435975453899:44.77912029831793:1.8552399273688123,3.163160037166545e-5
5,6,6,1:-4:-1,4:1:1,26908,7,1.1406191592955885e10:1.1048217962130838e10:1.6208114763728054e9:8.922225249213667e8:5.1305096564940715e8:6.692644204119841e7:6.05800434541286e7:402752.5206622189:336772.4862920934:93308.84151132542:23244.308752281937:18514.294335550632:162.42465491094154:80.75918189953131:41.05149277503425:1.8004259648665573,3.33876594435487e-5
5,6,6,2:-4:-1,4:2:1,26040,7,6.779397404475344e9:6.546390583072647e9:9.494164219104238e8:5.183298701427278e8:2.951540165380788e8:3.85337598562283e7:3.495306753198591e7:277473.67421618046:230781.70497464805:63056.69571089:15695.417863567596:12526.762586663155:129.6720382626133:64.07506908980776:32.48122045586182:1.6598375195432784,3.866072722985953e-5
5,6,6,3:-4:-1,4:3:1,13020,7,3.2822155270158896e9:3.1580296279372725e9:4.520263551193281e8:2.4445245031417966e8:1.3760735165754473e8:1.7987364758502617e7:1.6359699593610287e7:165113.0139635741:136475.025208133:36694.14594095325:9125.199655997414:7302.414170633773:94.95251232873866:46.49650181832478:23.49257138978569:1.4812801703174732,4.746121290434884e-5
5,6,6,-5:-3:-1,5:3:1,6510,7,1.187635851659482e9:1.1382256997254133e9:1.6064286009923896e8:8.599582041611324e7:4.780022924049812e7:6.258370822073973e6:5.710423978920542e6:79820.43979114179:65523.87990746415:17316.620303068954:4301.175130656266:3454.088537216159:61.62610129596994:29.75297389208154:14.974585462435003:1.2607410667157235,6.332798132093502e-5
5,6,6,-4:-3:-1,4:3:1,13020,7,3.2822155270158896e9:3.158029627937274e9:4.52026355119328e8:2.4445245031417957e8:1.376073516575448e8:1.798736475850262e7:1.6359699593610298e7:165113.01396357376:136475.02520813173:36694.14594095732:9125.199655997661:7302.4141706325145:94.95251232859191:46.49650182185836:23.492571404464798:1.4812801662108448,4.746121290434874e-5
5,6,6,-3:-3:-1,3:3:1,19995,7,9.506964088105146e9:9.198158092760412e9:1.343692398548061e9:7.374208631516944e8:4.225211557288058e8:5.513210573654225e7:4.994158036641421e7:353490.71277969744:295001.75620112434:81316.88117628785:20250.767323486474:16141.458441877312:150.08614357463787:74.46337534582592:37.813210848916796:1.7499359548705309,3.5144599117811095e-5
5,6,6,-2:-3:-1,3:2:1,26970,7,2.6443941361342773e10:2.5770429238083557e10:3.869567627810397e9:2.165841988246758e9:1.26923597564873e9:1.6542257947206828e8:1.4919582739044663e8:735931.68484229:621893.6078345124:177157.0869137148:44216.68346397772:35098.62058176391:234.50035905389595:117.76569971853412:60.18381999009735:2.053063478023083,2.6370206755362827e-5
5,6,6,-1:-3:-1,3:1:1,27869,7,5.862553742010171e10:5.7550891385307655e10:8.89781765858546e9:5.083158920424804e9:3.045224423061297e9:3.970553128602366e8:3.568776433995931e8:1.303514694528257e6:1.1156481652894458e6:328701.73832891474:82299.41186165738:65111.74039942123:333.4322020172762:169.12371193537805:86.990792981527:2.3260341702784304,2.1124580638912466e-5
5,6,6,0:-3:-1,3:1:0,28768,7,8.00174320995881e10:7.881301764274294e10:1.2356263505541935e10:7.12637381669559e9:4.311235292360364e9:5.625798636374245e8:5.050199675743037e8:1.6302979984201114e6:1.4035500874213625e6:420008.3966509591:105351.60378822326:83244.6122769944:383.0993519756191:195.1286698788802:100.66928408532728:2.4430296407753214,1.9381849290438686e-5
5,6,6,1:-3:-1,3:1:1,27869,7,5.862553742010169e10:5.75508913853077e10:8.897817658585463e9:5.083158920424804e9:3.045224423061297e9:3.9705531286023647e8:3.5687764339959294e8:1.3035146945281567e6:1.1156481652895964e6:328701.73832845216:82299.41186173221:65111.74039928364:333.43220220081844:169.1237118135408:86.99079307990344:2.3260342461878385,2.1124580638911656e-5
5,6,6,2:-3:-1,3:2:1,26970,7,2.6443941361342777e10:2.5770429238083565e10:3.8695676278103967e9:2.1658419882467585e9:1.2692359756487305e9:1.654225794720681e8:1.4919582739044645e8:735931.6848422277:621893.6078346333:177157.08691395103:44216.68346380073:35098.62058181623:234.50035910218546:117.76569968025447:60.183819882982675:2.053063454635087,2.637020675536461e-5
5,6,6,3:-3:-1,3:3:1,19995,7,9.506964088105146e9:9.198158092760414e9:1.3436923985480607e9:7.374208631516939e8:4.225211557288058e8:5.513210573654231e7:4.994158036641424e7:353490.71277969977:295001.7562010455:81316.88117633433:20250.767323416127:16141.458441876708:150.08614358219526:74.46337536749986:37.81321089438135:1.749935983146095,3.514459911780786e-5
5,6,6,4:-3:-1,4:3:1,13020,7,3.2822155270158896e9:3.158029627937274e9:4.52026355119328e8:2.4445245031417957e8:1.376073516575448e8:1.798736475850262e7:1.6359699593610298e7:165113.01396357376:136475.02520813173:36694.14594095732:9125.199655997661:7302.4141706325145:94.95251232859191:46.49650182185836:23.492571404464798:1.4812801662108448,4.746121290434874e-5
5,6,6,5:-3:-1,5:3:1,6510,7,1.1876358516594818e9:1.138225699725413e9:1.6064286009923884e8:8.599582041611323e7:4.780022924049811e7:6.258370822073969e6:5.710423978920545e6:79820.43979114118:65523.87990746437:17316.620303068215:4301.175130656694:3454.088537215729:61.62610129509661:29.75297388704517:14.974585465027019:1.2607410666395173,6.332798132093476e-5
5,6,6,-5:-2:-1,5:2:1,13020,7,2.0138117998192863e9:1.9336892821969593e9:2.7476250112157136e8:1.478068764850196e8:8.266164593554738e7:1.0813860071253063e7:9.851331577819914e6:116427.62547374748:95893.72712091876:25552.86555015907:6350.954945673793:5091.040991776269:77.09221981112165:37.504920958641954:18.9125658176854:1.3712932738299761,5.450959522551949e-5
5,6,6,-4:-2:-1,4:2:1,26040,7,6.779397404475346e9:6.546390583072645e9:9.494164219104238e8:5.183298701427279e8:2.9515401653807884e8:3.853375985622829e7:3.495306753198591e7:277473.6742161835:230781.70497464755:63056.695710903645:15695.417863555918:12526.762586650251:129.6720382469483:64.07506909696852:32.48122042703431:1.6598375195242698,3.866072722985989e-5
5,6,6,-3:-2:-1,3:2:1,26970,7,2.64439413613428e10:2.5770429238083576e10:3.869567627810399e9:2.1658419882467604e9:1.2692359756487305e9:1.654225794720682e8:1.4919582739044672e8:735931.6848422365:621893.6078344845:177157.0869138835:44216.6834639366:35098.62058179985:234.50035910748366:117.76569969073046:60.18382012592196:2.053063445918566,2.637020675536206e-5
5,6,6,-2:-2:-1,2:2:1,27900,7,1.1254657441660258e11:1.1129775399288773e11:1.7754818035464e10:1.0358925521460941e10:6.339212855487376e9:8.285029759084691e8:7.428113725709661e8:2.0841008550073372e6:1.8070358520203682e6:551043.1636767016:138570.69718019263:109349.47087005015:446.5488730353421:228.5519206824771:118.3479882747659:2.5788395555262595,1.7643634631162895e-5
5,6,6,2:-2:-1,2:2:1,27900,7,1.125465744166026e11:1.1129775399288768e11:1.7754818035463997e10:1.0358925521460941e10:6.339212855487378e9:8.285029759084691e8:7.428113725709662e8:2.0841008550074967e6:1.807035852020734e6:551043.1636767518:138570.6971799518:109349.47087000671:446.54887274911925:228.55192126074496:118.34798837879826:2.5788397821103515,1.7643634631165084e-5
5,6,6,3:-2:-1,3:2:1,26970,7,2.644394136134278e10:2.577042923808357e10:3.869567627810398e9:2.165841988246759e9:1.26923597564873e9:1.6542257947206834e8:1.4919582739044672e8:735931.6848422528:621893.6078344522:177157.08691399085:44216.68346400411:35098.62058178185:234.50035908099795:117.76569972882095:60.18381989369191:2.0530634845750506,2.6370206755362434e-5
5,6,6,4:-2:-1,4:2:1,26040,7,6.77939740447534e9:6.546390583072645e9:9.494164219104238e8:5.183298701427275e8:2.951540165380787e8:3.8533759856228314e7:3.495306753198594e7:277473.674216182:230781.70497465364:63056.69571088583:15695.417863530136:12526.762586649213:129.67203824439014:64.07506910178107:32.48122045856625:1.6598375163724066,3.866072722985975e-5
5,6,6,5:-2:-1,5:2:1,13020,7,2.013811799819286e9:1.9336892821969593e9:2.7476250112157124e8:1.4780687648501968e8:8.26616459355474e7:1.0813860071253067e7:9.85133157781992e6:116427.62547374607:95893.72712091882:25552.86555016653:6350.954945665759:5091.040991773371:77.09221981029869:37.504920984738746:18.91256584743787:1.3712932637010755,5.450959522551943e-5
5,6,6,-5:-1:-1,5:1:1,13454,7,2.8859788756169357e9:2.7752232948953094e9:3.964256049400834e8:2.14069255039569e8:1.2028623868069948e8:1.5726633784993839e7:1.4309871936142538e7:150596.26696251024:124354.3021236404:33351.89419924135:8292.795739598203:6639.317285593909:89.87156657863167:43.93464415258448:22.18636242117198:1.4515536605818564,4.9222720094922666e-5
5,6,6,-4:-1:-1,4:1:1,26908,7,1.140619159295589e10:1.1048217962130846e10:1.6208114763728058e9:8.92222524921367e8:5.13050965649407e8:6.6926442041198365e7:6.058004345412859e7:402752.5206622035:336772.4862920616:93308.84151127796:23244.3087524095:18514.294335588274:162.4246548679098:80.75918187193508:41.05149272489556:1.8004259961584033,3.338765944354661e-5
5,6,6,-3:-1:-1,3:1:1,27869,7,5.862553742010168e10:5.755089138530767e10:8.89781765858546e9:5.083158920424805e9:3.045224423061295e9:3.9705531286023617e8:3.5687764339959306e8:1.3035146945282123e6:1.1156481652894795e6:328701.7383292112:82299.41186175338:65111.74039936939:333.4322024173292:169.12371214384348:86.99079330815542:2.3260342309268074,2.112458063891303e-5
5,6,6,3:-1:-1,3:1:1,27869,7,5.862553742010171e10:5.755089138530769e10:8.897817658585463e9:5.083158920424804e9:3.045224423061295e9:3.9705531286023664e8:3.568776433995931e8:1.3035146945282142e6:1.115648165289428e6:328701.7383289063:82299.41186172485:65111.74039933799:333.4322023585465:169.12371168642852:86.99079372079142:2.326034053259557,2.1124580638911924e-5
5,6,6,4:-1:-1,4:1:1,26908,7,1.1406191592955889e10:1.1048217962130846e10:1.6208114763728056e9:8.922225249213673e8:5.1305096564940727e8:6.69264420411984e7:6.058004345412861e7:402752.52066221234:336772.486292078:93308.84151132072:23244.308752262645:18514.29433556765:162.4246548875945:80.75918187956266:41.05149273176022:1.8004259960436235,3.338765944354769e-5
5,6,6,5:-1:-1,5:1:1,13454,7,2.885978875616934e9:2.7752232948953094e9:3.964256049400834e8:2.140692550395688e8:1.2028623868069947e8:1.572663378499384e7:1.4309871936142549e7:150596.26696251016:124354.30212364273:33351.89419924889:8292.795739563991:6639.317285595523:89.87156657957627:43.9346441251005:22.18636244821772:1.45155365882946,4.9222720094923005e-5
5,6,6,-5:0:-1,5:1:0,13888,7,3.2822155270158887e9:3.1580296279372716e9:4.520263551193282e8:2.444524503141796e8:1.3760735165754482e8:1.7987364758502636e7:1.6359699593610277e7:165113.0139635753:136475.0252081296:36694.14594094806:9125.199655999655:7302.414170633685:94.9525123310841:46.496501827079676:23.49257138338907:1.4812801703767724,4.7461212904348406e-5
5,6,6,-4:0:-1,4:1:0,27776,7,1.3821982716073507e10:1.3405111729405416e10:1.9759468408737688e9:1.0914389183263755e9:6.301010139489416e8:8.217348171315998e7:7.43212674737861e7:462186.1066023051:387314.71841472655:107929.45585642563:26896.070103011625:21406.554706531984:176.57494329061112:87.99435976962835:44.77912028155981:1.8552399326779,3.163160037166553e-5
5,6,6,-3:0:-1,3:1:0,28768,7,8.001743209958809e10:7.881301764274297e10:1.2356263505541933e10:7.126373816695586e9:4.311235292360364e9:5.625798636374251e8:5.050199675743039e8:1.630297998420103e6:1.4035500874213995e6:420008.39665001805:105351.60378802751:83244.61227682621:383.0993520461798:195.12866985920155:100.66928425296165:2.4430296679758983,1.938184929043711e-5
5,6,6,3:0:-1,3:1:0,28768,7,8.001743209958809e10:7.881301764274294e10:1.2356263505541935e10:7.126373816695589e9:4.311235292360365e9:5.625798636374247e8:5.050199675743038e8:1.6302979984201058e6:1.4035500874213974e6:420008.39665098395:105351.60378819778:83244.61227697894:383.099352015995:195.12866987999666:100.66928424949876:2.4430296671085983,1.9381849290438865e-5
5,6,6,4:0:-1,4:1:0,27776,7,1.3821982716073507e10:1.3405111729405416e10:1.9759468408737688e9:1.0914389183263755e9:6.301010139489413e8:8.21734817131599e7:7.432126747378612e7:462186.10660230496:387314.7184147269:107929.45585654529:26896.070102976963:21406.55470650867:176.57494329242016:87.99435971967372:44.779120281819225:1.855239932663593,3.16316003716665e-5
5,6,6,5:0:-1,5:1:0,13888,7,3.2822155270158887e9:3.1580296279372735e9:4.520263551193281e8:2.444524503141797e8:1.3760735165754482e8:1.7987364758502625e7:1.6359699593610277e7:165113.01396357443:136475.02520812876:36694.145940954055:9125.199655997549:7302.414170635265:94.95251233185714:46.49650180740783:23.49257138338762:1.481280170380747,4.746121290434835e-5
5,6,6,-5:1:-1,5:1:1,13454,7,2.8859788756169357e9:2.7752232948953094e9:3.964256049400834e8:2.14069255039569e8:1.2028623868069948e8:1.5726633784993839e7:1.4309871936142538e7:150596.26696251024:124354.3021236404:33351.89419924135:8292.795739598203:6639.317285593909:89.87156657863167:43.93464415258448:22.18636242117198:1.4515536605818564,4.9222720094922666e-5
5,6,6,-4:1:-1,4:1:1,26908,7,1.140619159295589e10:1.1048217962130846e10:1.6208114763728058e9:8.92222524921367e8:5.13050965649407e8:6.6926442041198365e7:6.058004345412859e7:402752.5206622035:336772.4862920616:93308.84151127796:23244.3087524095:18514.294335588274:162.4246548679098:80.75918187193508:41.05149272489556:1.8004259961584033,3.338765944354661e-5
5,6,6,-3:1:-1,3:1:1,27869,7,5.862553742010168e10:5.755089138530767e10:8.89781765858546e9:5.083158920424805e9:3.045224423061295e9:3.9705531286023617e8:3.5687764339959306e8:1.3035146945282123e6:1.1156481652894795e6:328701.7383292112:82299.41186175338:65111.74039936939:333.4322024173292:169.12371214384348:86.99079330815542:2.3260342309268074,2.112458063891303e-5
5,6,6,3:1:-1,3:1:1,27869,7,5.862553742010171e10:5.755089138530769e10:8.897817658585463e9:5.083158920424804e9:3.045224423061295e9:3.9705531286023664e8:3.568776433995931e8:1.3035146945282142e6:1.115648165289428e6:328701.7383289063:82299.41186172485:65111.74039933799:333.4322023585465:169.12371168642852:86.99079372079142:2.326034053259557,2.1124580638911924e-5
5,6,6,4:1:-1,4:1:1,26908,7,1.1406191592955889e10:1.1048217962130846e10:1.6208114763728056e9:8.922225249213673e8:5.1305096564940727e8:6.69264420411984e7:6.058004345412861e7:402752.52066221234:336772.486292078:93308.84151132072:23244.308752262645:18514.29433556765:162.4246548875945:80.75918187956266:41.05149273176022:1.8004259960436235,3.338765944354769e-5
5,6,6,5:1:-1,5:1:1,13454,7,2.885978875616934e9:2.7752232948953094e9:3.964256049400834e8:2.140692550395688e8:1.2028623868069947e8:1.572663378499384e7:1.4309871936142549e7:150596.26696251016:124354.30212364273:33351.89419924889:8292.795739563991:6639.317285595523:89.87156657957627:43.9346441251005:22.18636244821772:1.45155365882946,4.9222720094923005e-5
5,6,6,-5:2:-1,5:2:1,13020,7,2.0138117998192863e9:1.9336892821969593e9:2.7476250112157136e8:1.478068764850196e8:8.266164593554738e7:1.0813860071253063e7:9.851331577819914e6:116427.62547374748:95893.72712091876:25552.86555015907:6350.954945673793:5091.040991776269:77.09221981112165:37.504920958641954:18.9125658176854:1.3712932738299761,5.450959522551949e-5
5,6,6,-4:2:-1,4:2:1,26040,7,6.779397404475346e9:6.546390583072645e9:9.494164219104238e8:5.183298701427279e8:2.9515401653807884e8:3.853375985622829e7:3.495306753198591e7:277473.6742161835:230781.70497464755:63056.695710903645:15695.417863555918:12526.762586650251:129.6720382469483:64.07506909696852:32.48122042703431:1.6598375195242698,3.866072722985989e-5
5,6,6,-3:2:-1,3:2:1,26970,7,2.64439413613428e10:2.5770429238083576e10:3.869567627810399e9:2.1658419882467604e9:1.2692359756487305e9:1.654225794720682e8:1.4919582739044672e8:735931.6848422365:621893.6078344845:177157.0869138835:44216.6834639366:35098.62058179985:234.50035910748366:117.76569969073046:60.18382012592196:2.053063445918566,2.637020675536206e-5
5,6,6,-2:2:-1,2:2:1,27900,7,1.1254657441660258e11:1.1129775399288773e11:1.7754818035464e10:1.0358925521460941e10:6.339212855487376e9:8.285029759084691e8:7.428113725709661e8:2.0841008550073372e6:1.8070358520203682e6:551043.1636767016:138570.69718019263:109349.47087005015:446.5488730353421:228.5519206824771:118.3479882747659:2.5788395555262595,1.7643634631162895e-5
5,6,6,2:2:-1,2:2:1,27900,7,1.125465744166026e11:1.1129775399288768e11:1.7754818035463997e10:1.0358925521460941e10:6.339212855487378e9:8.285029759084691e8:7.428113725709662e8:2.0841008550074967e6:1.807035852020734e6:551043.1636767518:138570.6971799518:109349.47087000671:446.54887274911925:228.55192126074496:118.34798837879826:2.5788397821103515,1.7643634631165084e-5
5,6,6,3:2:-1,3:2:1,26970,7,2.644394136134278e10:2.577042923808357e10:3.869567627810398e9:2.165841988246759e9:1.26923597564873e9:1.6542257947206834e8:1.4919582739044672e8:735931.6848422528:621893.6078344522:177157.08691399085:44216.68346400411:35098.62058178185:234.50035908099795:117.76569972882095:60.18381989369191:2.0530634845750506,2.6370206755362434e-5
5,6,6,4:2:-1,4:2:1,26040,7,6.77939740447534e9:6.546390583072645e9:9.494164219104238e8:5.183298701427275e8:2.951540165380787e8:3.8533759856228314e7:3.495306753198594e7:277473.674216182:230781.70497465364:63056.69571088583:15695.417863530136:12526.762586649213:129.67203824439014:64.07506910178107:32.48122045856625:1.6598375163724066,3.866072722985975e-5
5,6,6,5:2:-1,5:2:1,13020,7,2.013811799819286e9:1.9336892821969593e9:2.7476250112157124e8:1.4780687648501968e8:8.26616459355474e7:1.0813860071253067e7:9.85133157781992e6:116427.62547374607:95893.72712091882:25552.86555016653:6350.954945665759:5091.040991773371:77.09221981029869:37.504920984738746:18.91256584743787:1.3712932637010755,5.450959522551943e-5
5,6,6,-5:3:-1,5:3:1,6510,7,1.187635851659482e9:1.1382256997254133e9:1.6064286009923896e8:8.599582041611324e7:4.780022924049812e7:6.258370822073973e6:5.710423978920542e6:79820.43979114179:65523.87990746415:17316.620303068954:4301.175130656266:3454.088537216159:61.62610129596994:29.75297389208154:14.974585462435003:1.2607410667157235,6.332798132093502e-5
5,6,6,-4:3:-1,4:3:1,13020,7,3.2822155270158896e9:3.158029627937274e9:4.52026355119328e8:2.4445245031417957e8:1.376073516575448e8:1.798736475850262e7:1.6359699593610298e7:165113.01396357376:136475.02520813173:36694.14594095732:9125.199655997661:7302.4141706325145:94.95251232859191:46.49650182185836:23.492571404464798:1.4812801662108448,4.746121290434874e-5
5,6,6,-3:3:-1,3:3:1,19995,7,9.506964088105146e9:9.198158092760412e9:1.343692398548061e9:7.374208631516944e8:4.225211557288058e8:5.513210573654225e7:4.994158036641421e7:353490.71277969744:295001.75620112434:81316.88117628785:20250.767323486474:16141.458441877312:150.08614357463787:74.46337534582592:37.813210848916796:1.7499359548705309,3.5144599117811095e-5
5,6,6,-2:3:-1,3:2:1,26970,7,2.6443941361342773e10:2.5770429238083557e10:3.869567627810397e9:2.165841988246758e9:1.26923597564873e9:1.6542257947206828e8:1.4919582739044663e8:735931.68484229:621893.6078345124:177157.0869137148:44216.68346397772:35098.62058176391:234.50035905389595:117.76569971853412:60.18381999009735:2.053063478023083,2.6370206755362827e-5
5,6,6,-1:3:-1,3:1:1,27869,7,5.862553742010171e10:5.7550891385307655e10:8.89781765858546e9:5.083158920424804e9:3.045224423061297e9:3.970553128602366e8:3.568776433995931e8:1.303514694528257e6:1.1156481652894458e6:328701.73832891474:82299.41186165738:65111.74039942123:333.4322020172762:169.12371193537805:86.990792981527:2.3260341702784304,2.1124580638912466e-5
5,6,6,0:3:-1,3:1:0,28768,7,8.00174320995881e10:7.881301764274294e10:1.2356263505541935e10:7.12637381669559e9:4.311235292360364e9:5.625798636374245e8:5.050199675743037e8:1.6302979984201114e6:1.4035500874213625e6:420008.3966509591:105351.60378822326:83244.6122769944:383.0993519756191:195.1286698788802:100.66928408532728:2.4430296407753214,1.9381849290438686e-5
5,6,6,1:3:-1,3:1:1,27869,7,5.862553742010169e10:5.75508913853077e10:8.897817658585463e9:5.083158920424804e9:3.045224423061297e9:3.9705531286023647e8:3.5687764339959294e8:1.3035146945281567e6:1.1156481652895964e6:328701.73832845216:82299.41186173221:65111.74039928364:333.43220220081844:169.1237118135408:86.99079307990344:2.3260342461878385,2.1124580638911656e-5
5,6,6,2:3:-1,3:2:1,26970,7,2.6443941361342777e10:2.5770429238083565e10:3.8695676278103967e9:2.1658419882467585e9:1.2692359756487305e9:1.654225794720681e8:1.4919582739044645e8:735931.6848422277:621893.6078346333:177157.08691395103:44216.68346380073:35098.62058181623:234.50035910218546:117.76569968025447:60.183819882982675:2.053063454635087,2.637020675536461e-5
5,6,6,3:3:-1,3:3:1,19995,7,9.506964088105146e9:9.198158092760414e9:1.3436923985480607e9:7.374208631516939e8:4.225211557288058e8:5.513210573654231e7:4.994158036641424e7:353490.71277969977:295001.7562010455:81316.88117633433:20250.767323416127:16141.458441876708:150.08614358219526:74.46337536749986:37.81321089438135:1.749935983146095,3.514459911780786e-5
5,6,6,4:3:-1,4:3:1,13020,7,3.2822155270158896e9:3.158029627937274e9:4.52026355119328e8:2.4445245031417957e8:1.376073516575448e8:1.798736475850262e7:1.6359699593610298e7:165113.01396357376:136475.02520813173:36694.14594095732:9125.199655997661:7302.4141706325145:94.95251232859191:46.49650182185836:23.492571404464798:1.4812801662108448,4.746121290434874e-5
5,6,6,5:3:-1,5:3:1,6510,7,1.1876358516594818e9:1.138225699725413e9:1.6064286009923884e8:8.599582041611323e7:4.780022924049811e7:6.258370822073969e6:5.710423978920545e6:79820.43979114118:65523.87990746437:17316.620303068215:4301.175130656694:3454.088537215729:61.62610129509661:29.75297388704517:14.974585465027019:1.2607410666395173,6.332798132093476e-5
5,6,6,-3:4:-1,4:3:1,13020,7,3.282215527015891e9:3.158029627937275e9:4.520263551193281e8:2.4445245031417978e8:1.3760735165754485e8:1.7987364758502632e7:1.6359699593610277e7:165113.01396357646:136475.02520812908:36694.14594099293:9125.19965598393:7302.414170628836:94.95251233478523:46.49650181600314:23.49257137553534:1.4812801684277694,4.7461212904349964e-5
5,6,6,-2:4:-1,4:2:1,26040,7,6.77939740447534e9:6.546390583072646e9:9.494164219104234e8:5.183298701427276e8:2.951540165380788e8:3.853375985622831e7:3.495306753198595e7:277473.6742161847:230781.70497465096:63056.6957108744:15695.417863571218:12526.762586648942:129.67203826606826:64.07506908226152:32.4812204187984:1.6598375204683395,3.866072722985976e-5
5,6,6,-1:4:-1,4:1:1,26908,7,1.140619159295589e10:1.104821796213084e10:1.6208114763728058e9:8.92222524921367e8:5.130509656494074e8:6.692644204119842e7:6.058004345412862e7:402752.5206622074:336772.4862920864:93308.84151126948:23244.308752285713:18514.29433557511:162.42465481036498:80.7591819079319:41.05149277955221:1.8004259734515853,3.3387659443547326e-5
5,6,6,0:4:-1,4:1:0,27776,7,1.3821982716073513e10:1.3405111729405415e10:1.9759468408737688e9:1.0914389183263752e9:6.301010139489415e8:8.21734817131599e7:7.432126747378607e7:462186.1066023029:387314.71841472626:107929.45585643676:26896.070102974987:21406.554706531428:176.5749433097945:87.99435975453899:44.77912029831793:1.8552399273688123,3.163160037166545e-5
5,6,6,1:4:-1,4:1:1,26908,7,1.1406191592955885e10:1.1048217962130838e10:1.6208114763728054e9:8.922225249213667e8:5.1305096564940715e8:6.692644204119841e7:6.05800434541286e7:402752.5206622189:336772.4862920934:93308.84151132542:23244.308752281937:18514.294335550632:162.42465491094154:80.75918189953131:41.05149277503425:1.8004259648665573,3.33876594435487e-5
5,6,6,2:4:-1,4:2:1,26040,7,6.779397404475344e9:6.546390583072647e9:9.494164219104238e8:5.183298701427278e8:2.951540165380788e8:3.85337598562283e7:3.495306753198591e7:277473.67421618046:230781.70497464805:63056.69571089:15695.417863567596:12526.762586663155:129.6720382626133:64.07506908980776:32.48122045586182:1.6598375195432784,3.866072722985953e-5
5,6,6,3:4:-1,4:3:1,13020,7,3.2822155270158896e9:3.1580296279372725e9:4.520263551193281e8:2.4445245031417966e8:1.3760735165754473e8:1.7987364758502617e7:1.6359699593610287e7:165113.0139635741:136475.025208133:36694.14594095325:9125.199655997414:7302.414170633773:94.95251232873866:46.49650181832478:23.49257138978569:1.4812801703174732,4.746121290434884e-5
5,6,6,-3:5:-1,5:3:1,6510,7,1.187635851659482e9:1.1382256997254136e9:1.6064286009923887e8:8.599582041611323e7:4.780022924049813e7:6.258370822073972e6:5.710423978920544e6:79820.43979114214:65523.87990746501:17316.620303067248:4301.175130658097:3454.088537215754:61.626101290268906:29.7529738937303:14.97458546002258:1.2607410668161152,6.332798132093536e-5
5,6,6,-2:5:-1,5:2:1,13020,7,2.0138117998192868e9:1.9336892821969593e9:2.7476250112157136e8:1.4780687648501965e8:8.26616459355474e7:1.081386007125306e7:9.85133157781992e6:116427.62547374531:95893.72712091966:25552.865550160484:6350.954945659978:5091.040991775773:77.09221979738395:37.50492097884172:18.912565844697294:1.3712932690054473,5.450959522551898e-5
5,6,6,-1:5:-1,5:1:1,13454,7,2.885978875616934e9:2.7752232948953075e9:3.9642560494008344e8:2.1406925503956887e8:1.2028623868069945e8:1.5726633784993848e7:1.4309871936142538e7:150596.26696250984:124354.30212364055:33351.89419924798:8292.795739597215:6639.317285596872:89.87156657901069:43.93464414549481:22.186362435031562:1.4515536640312974,4.922272009492294e-5
5,6,6,0:5:-1,5:1:0,13888,7,3.2822155270158887e9:3.1580296279372735e9:4.520263551193281e8:2.444524503141796e8:1.3760735165754476e8:1.7987364758502617e7:1.6359699593610296e7:165113.01396357352:136475.02520812766:36694.145940954266:9125.19965599527:7302.4141706343735:94.95251233068001:46.49650181910944:23.4925713777491:1.4812801703950758,4.746121290434804e-5
5,6,6,1:5:-1,5:1:1,13454,7,2.8859788756169357e9:2.775223294895312e9:3.964256049400833e8:2.1406925503956893e8:1.2028623868069948e8:1.5726633784993848e7:1.4309871936142553e7:150596.26696251196:124354.30212364091:33351.89419926101:8292.795739591584:6639.317285586319:89.87156657858256:43.934644151497665:22.18636241370393:1.4515536681066108,4.922272009492374e-5
5,6,6,2:5:-1,5:2:1,13020,7,2.0138117998192856e9:1.9336892821969583e9:2.747625011215713e8:1.4780687648501965e8:8.266164593554743e7:1.0813860071253061e7:9.851331577819925e6:116427.62547374611:95893.72712091972:25552.865550160674:6350.954945660241:5091.040991773584:77.09221981020654:37.504920982208006:18.91256582396139:1.3712932699836191,5.450959522551923e-5
5,6,6,3:5:-1,5:3:1,6510,7,1.1876358516594818e9:1.138225699725413e9:1.6064286009923893e8:8.599582041611324e7:4.780022924049814e7:6.25837082207397e6:5.710423978920544e6:79820.4397911422:65523.8799074653:17316.620303067593:4301.175130657751:3454.0885372156467:61.62610130564211:29.752973882696065:14.974585464543988:1.2607410671799557,6.332798132093555e-5
5,6,6,-3:-5:0,5:3:0,6720,7,1.4067848087380435e9:1.3328529506220975e9:1.8063325100112474e8:9.399594299653909e7:5.027376666059574e7:6.628832253779271e6:6.11627633382398e6:89723.36959249122:72260.26201420063:18116.926622071922:4507.622766080178:3648.8211893516827:64.86542207202378:31.08306446830477:15.491495017326235:1.2821068119768486,5.9901406865899256e-5
5,6,6,-2:-5:0,5:2:0,13440,7,2.454659531465872e9:2.325670717577274e9:3.151730841072119e8:1.6401252212260616e8:8.771527066964966e7:1.1566622211253302e7:1.067206373773386e7:133484.95986884116:107521.41865217664:26946.200950794006:6709.11414314898:5427.636029694167:81.86417069817053:39.47144058263994:19.681477080573117:1.397958201482177,5.1076714387322e-5
5,6,6,-1:-5:0,5:1:0,13888,7,3.5972097684675026e9:3.40819285859012e9:4.618663507546323e8:2.403555142510898e8:1.285380862379126e8:1.695058260071662e7:1.5639452476983124e7:175343.13425791942:141251.30640947714:35390.39935841049:8815.277680964262:7128.960390993499:96.09494033524315:46.50531846422389:23.195331432508507:1.482619106101474,4.5784500180502106e-5
5,6,6,0:-5:0,5:0:0,14336,7,4.126468435192832e9:3.909645712940293e9:5.298179319937416e8:2.757196470184417e8:1.4744791440395513e8:1.944458098237506e7:1.7940471496467914e7:193391.36107111594:155795.33060317845:39031.10860016221:9723.49531458755:7862.5042889459:101.79804582785567:49.326487423177944:24.60476681901438:1.5141010371966799,4.402086180756506e-5
5,6,6,1:-5:0,5:1:0,13888,7,3.5972097684675055e9:3.4081928585901246e9:4.6186635075463235e8:2.4035551425109e8:1.2853808623791258e8:1.6950582600716628e7:1.563945247698314e7:175343.13425791953:141251.30640947755:35390.39935840397:8815.277680925625:7128.960391014519:96.09494034172347:46.50531846568733:23.19533141030843:1.48261910215272,4.5784500180501754e-5
5,6,6,2:-5:0,5:2:0,13440,7,2.454659531465872e9:2.325670717577274e9:3.1517308410721165e8:1.6401252212260598e8:8.771527066964965e7:1.1566622211253302e7:1.0672063737733856e7:133484.95986884192:107521.41865217638:26946.200950797:6709.114143136507:5427.636029713408:81.86417070394285:39.47144058461037:19.681477065047066:1.397958199901263,5.10767143873223e-5
5,6,6,3:-5:0,5:3:0,6720,7,1.4067848087380435e9:1.3328529506220982e9:1.806332510011246e8:9.399594299653907e7:5.027376666059574e7:6.628832253779271e6:6.116276333823969e6:89723.36959249101:72260.26201420053:18116.92662207199:4507.622766077812:3648.8211893517273:64.86542207252054:31.083064468393342:15.491495017680123:1.2821068117913819,5.990140686589909e-5
5,6,6,-3:-4:0,4:3:0,13440,7,4.1264684351928344e9:3.9096457129402943e9:5.298179319937415e8:2.7571964701844174e8:1.4744791440395525e8:1.9444580982375078e7:1.7940471496467914e7:193391.36107111545:155795.33060317807:39031.10860015915:9723.495314595131:7862.504288935847:101.7980458235954:49.32648742382271:24.604766851269357:1.5141010389798533,4.402086180756484e-5
5,6,6,-2:-4:0,4:2:0,26880,7,9.010397551349924e9:8.536998830040987e9:1.156857631719204e9:6.020567635283452e8:3.219395060396286e8:4.245902513322949e7:3.917391740691798e7:337704.65278023976:272096.22045186756:68139.05739029883:16986.846467195912:13727.551675341543:141.43002010578476:68.95773903413283:34.4134131641191:1.7047458654800096,3.5205913789388896e-5
5,6,6,-1:-4:0,4:1:0,27776,7,1.59135085699204e10:1.507747600515735e10:2.0431234537840157e9:1.0633151645628388e9:5.685627423125676e8:7.498866636089015e7:6.91859054827511e7:506856.26951078133:408423.7493258201:102252.70124749382:25502.02335883795:20601.574299418902:179.83306092563333:88.01107314941876:43.934488735748:1.856887255955457,2.9919536961569988e-5
5,6,6,0:-4:0,4:0:0,28672,7,1.9674934920020573e10:1.8641312472769466e10:2.5260360236660876e9:1.3146502524704385e9:7.029425057627344e8:9.27137618291597e7:8.553907255414264e7:589755.8016343466:475238.8399523113:118970.45091446883:29675.636999666356:23970.348974560937:196.7194878681059:96.39583953333383:48.1246681348249:1.9167378344821433,2.8157842834438362e-5
5,6,6,1:-4:0,4:1:0,27776,7,1.5913508569920403e10:1.5077476005157345e10:2.0431234537840157e9:1.0633151645628389e9:5.685627423125675e8:7.498866636089018e7:6.918590548275113e7:506856.2695107805:408423.7493258183:102252.70124744921:25502.023358826726:20601.57429923042:179.8330609362815:88.01107310629935:43.93448908435442:1.8568872858014118,2.9919536961569314e-5
5,6,6,2:-4:0,4:2:0,26880,7,9.010397551349928e9:8.536998830040995e9:1.156857631719204e9:6.020567635283458e8:3.2193950603962857e8:4.2459025133229434e7:3.917391740691801e7:337704.6527802408:272096.22045186855:68139.05739034162:16986.846467139418:13727.55167525498:141.43002011041906:68.95773903432485:34.41341312911363:1.704745865239948,3.5205913789389126e-5
5,6,6,3:-4:0,4:3:0,13440,7,4.126468435192833e9:3.909645712940292e9:5.2981793199374145e8:2.7571964701844156e8:1.474479144039552e8:1.9444580982375063e7:1.7940471496467903e7:193391.3610711162:155795.33060317842:39031.10860016427:9723.49531458455:7862.504288933425:101.79804582446248:49.326487424708446:24.60476687227052:1.514101038873616,4.4020861807565065e-5
5,6,6,-5:-3:0,5:3:0,6720,7,1.4067848087380433e9:1.3328529506220973e9:1.8063325100112474e8:9.399594299653897e7:5.027376666059573e7:6.628832253779272e6:6.116276333823978e6:89723.3695924912:72260.26201420062:18116.926622073195:4507.622766077384:3648.8211893507278:64.86542207253609:31.083064468052832:15.491495019536666:1.2821068119030359,5.990140686589928e-5
5,6,6,-4:-3:0,4:3:0,13440,7,4.126468435192832e9:3.9096457129402924e9:5.298179319937417e8:2.7571964701844174e8:1.474479144039552e8:1.944458098237507e7:1.7940471496467914e7:193391.36107111519:155795.33060317827:39031.10860015173:9723.495314592426:7862.5042889375445:101.79804582633741:49.3264874226986:24.60476684686291:1.5141010380932372,4.4020861807564645e-5
5,6,6,-3:-3:0,3:3:0,20640,7,1.3028287171711895e10:1.2343819092461712e10:1.672701404375154e9:8.705275672912655e8:4.654850445726875e8:6.13925681971088e7:5.6642115335979596e7:439400.77837033465:354057.2024247496:88649.0014011188:22106.124717773182:17860.34633912336:165.25294942089656:80.77451821707666:40.31822937950391:1.802027857548488,3.168144677259597e-5
5,6,6,-2:-3:0,3:2:0,27840,7,4.069300306619177e10:3.855532401828297e10:5.224427204185897e9:2.719062831192048e9:1.4538124464159238e9:1.917583487986652e8:1.7691701859397244e8:990852.52029334:798526.3745031712:199851.0927436265:49871.31480071134:40269.00521865777:267.6471590726777:131.6454751710786:65.7414144923104:2.1354624078141837,2.287405369951478e-5
5,6,6,-1:-3:0,3:1:0,28768,7,1.0193180283771246e11:9.657745474309908e10:1.308643504208972e10:6.811014173687504e9:3.641501494456844e9:4.8033905851530284e8:4.4315761438185185e8:1.9088100613893385e6:1.5384499950955852e6:384937.87758647994:96098.89436887097:77568.33958352532:395.2969184991548:195.1657805070005:97.49010181191525:2.4451680130371543,1.759220263660886e-5
5,6,6,0:-3:0,3:0:0,29696,7,1.4738626041415112e11:1.3964440107568823e11:1.892196424034238e10:9.848269777802464e9:5.26528442567805e9:6.945386506002456e8:6.407742585726036e8:2.4838282865327536e6:2.001961336127613e6:500871.4343819354:125059.06621662133:100932.26350789462:462.4242175854201:228.59539586956765:114.19986739370572:2.5810916509233595,1.5832015899220444e-5
5,6,6,1:-3:0,3:1:0,28768,7,1.0193180283771245e11:9.657745474309909e10:1.3086435042089718e10:6.811014173687501e9:3.641501494456844e9:4.803390585153025e8:4.431576143818521e8:1.9088100613893312e6:1.538449995095585e6:384937.8775869101:96098.89436865639:77568.33956004202:395.2969192995269:195.1657804295444:97.49010056882295:2.445167919600903,1.7592202636604043e-5
5,6,6,2:-3:0,3:2:0,27840,7,4.069300306619178e10:3.855532401828299e10:5.224427204185898e9:2.719062831192048e9:1.4538124464159236e9:1.9175834879866493e8:1.769170185939727e8:990852.5202933383:798526.3745031782:199851.0927435372:49871.31480087747:40269.00521802416:267.64715907076163:131.64547515607927:65.74141450021455:2.13546241869009,2.2874053699514346e-5
5,6,6,3:-3:0,3:3:0,20640,7,1.3028287171711895e10:1.234381909246171e10:1.6727014043751528e9:8.70527567291265e8:4.654850445726877e8:6.139256819710882e7:5.6642115335979536e7:439400.7783703354:354057.2024247502:88649.00140115827:22106.124717735398:17860.346339181728:165.25294941030398:80.77451821070768:40.31822931371356:1.8020278683381599,3.168144677259638e-5
5,6,6,4:-3:0,4:3:0,13440,7,4.126468435192832e9:3.9096457129402924e9:5.298179319937417e8:2.7571964701844174e8:1.474479144039552e8:1.944458098237507e7:1.7940471496467914e7:193391.36107111519:155795.33060317827:39031.10860015173:9723.495314592426:7862.5042889375445:101.79804582633741:49.3264874226986:24.60476684686291:1.5141010380932372,4.4020861807564645e-5
5,6,6,5:-3:0,5:3:0,6720,7,1.4067848087380428e9:1.3328529506220965e9:1.8063325100112468e8:9.399594299653901e7:5.027376666059574e7:6.628832253779268e6:6.116276333823968e6:89723.36959249125:72260.26201420049:18116.92662207272:4507.6227660776985:3648.8211893493167:64.86542207221576:31.083064468434582:15.491495017092527:1.282106812110456,5.9901406865899236e-5
5,6,6,-5:-2:0,5:2:0,13440,7,2.454659531465873e9:2.325670717577275e9:3.151730841072118e8:1.6401252212260598e8:8.771527066964959e7:1.1566622211253304e7:1.067206373773386e7:133484.9598688406:107521.41865217632:26946.20095080788:6709.114143141205:5427.6360297004985:81.8641706984692:39.47144058202145:19.681477050582856:1.3979582014644185,5.1076714387322414e-5
5,6,6,-4:-2:0,4:2:0,26880,7,9.010397551349928e9:8.53699883004099e9:1.1568576317192042e9:6.020567635283462e8:3.2193950603962845e8:4.245902513322944e7:3.917391740691797e7:337704.6527802404:272096.220451869:68139.05739034827:16986.84646721109:13727.551675272303:141.4300201063484:68.95773903332469:34.41341317185897:1.70474586765268,3.520591378938949e-5
5,6,6,-3:-2:0,3:2:0,27840,7,4.06930030661918e10:3.855532401828298e10:5.224427204185902e9:2.719062831192048e9:1.4538124464159238e9:1.917583487986651e8:1.7691701859397262e8:990852.5202933393:798526.3745031734:199851.09274341428:49871.314800882334:40269.005218108316:267.6471591066779:131.64547515386906:65.74141447569899:2.135462425775705,2.287405369951401e-5
5,6,6,-2:-2:0,2:2:0,28800,7,2.225803934311877e11:2.1088899225351706e11:2.857549043716835e10:1.4872730257616848e10:7.951440112963567e9:1.0488842127901509e9:9.676861151077895e8:3.3340185521140494e6:2.6872963595814863e6:672278.8496084842:167880.22857114722:135476.24066019827:551.1245414613966:272.7871027300984:136.28976505165133:2.741549834488759,1.4072044161230642e-5
5,6,6,2:-2:0,2:2:0,28800,7,2.2258039343118765e11:2.1088899225351712e11:2.857549043716835e10:1.487273025761685e10:7.95144011296357e9:1.0488842127901502e9:9.676861151077886e8:3.3340185521140667e6:2.6872963595814877e6:672278.8496084677:167880.2285711863:135476.24069853456:551.1245405654723:272.78710406722615:136.28976670704427:2.7415498045262647,1.4072044161234563e-5
5,6,6,3:-2:0,3:2:0,27840,7,4.069300306619179e10:3.855532401828296e10:5.2244272041859e9:2.719062831192048e9:1.4538124464159236e9:1.9175834879866514e8:1.7691701859397265e8:990852.5202933379:798526.3745031763:199851.0927433687:49871.31480085952:40269.00521822089:267.6471590412703:131.64547517521382:65.74141447977912:2.135462405421677,2.2874053699513957e-5
5,6,6,4:-2:0,4:2:0,26880,7,9.010397551349922e9:8.536998830040985e9:1.156857631719204e9:6.020567635283457e8:3.2193950603962857e8:4.245902513322944e7:3.917391740691802e7:337704.6527802412:272096.22045186773:68139.05739040334:16986.846467201918:13727.551675354463:141.43002010105832:68.95773903484172:34.41341316020692:1.7047458670087683,3.520591378939036e-5
5,6,6,5:-2:0,5:2:0,13440,7,2.454659531465872e9:2.325670717577275e9:3.1517308410721165e8:1.6401252212260604e8:8.771527066964959e7:1.1566622211253298e7:1.0672063737733856e7:133484.9598688404:107521.41865217664:26946.200950804065:6709.11414313592:5427.636029693807:81.86417071154145:39.4714405823622:19.681477066838163:1.3979582008918712,5.1076714387322136e-5
5,6,6,-5:-1:0,5:1:0,13888,7,3.5972097684675055e9:3.4081928585901237e9:4.618663507546325e8:2.4035551425109e8:1.285380862379126e8:1.695058260071662e7:1.5639452476983136e7:175343.13425791965:141251.30640947766:35390.3993583976:8815.277680949042:7128.960390980622:96.09494034360333:46.505318461986924:23.195331455609846:1.4826191040267036,4.578450018050157e-5
5,6,6,-4:-1:0,4:1:0,27776,7,1.591350856992041e10:1.5077476005157358e10:2.0431234537840164e9:1.06331516456284e9:5.685627423125676e8:7.498866636089016e7:6.918590548275104e7:506856.2695107836:408423.749325819:102252.70124744848:25502.023358859093:20601.57429946912:179.8330609152601:88.01107315780244:43.93448891863403:1.8568872748006333,2.9919536961569812e-5
5,6,6,-3:-1:0,3:1:0,28768,7,1.0193180283771242e11:9.657745474309904e10:1.3086435042089716e10:6.811014173687501e9:3.6415014944568458e9:4.8033905851530254e8:4.431576143818517e8:1.9088100613893324e6:1.5384499950955797e6:384937.8775864459:96098.89436914385:77568.33958078756:395.2969186345591:195.1657804605681:97.4901029074728:2.445167980574522,1.7592202636608245e-5
5,6,6,3:-1:0,3:1:0,28768,7,1.0193180283771242e11:9.657745474309906e10:1.3086435042089722e10:6.811014173687504e9:3.641501494456843e9:4.8033905851530254e8:4.4315761438185185e8:1.908810061389335e6:1.5384499950955813e6:384937.877586679:96098.89436900157:77568.33958138594:395.29691846326244:195.1657804424064:97.4901012567486:2.4451680760809924,1.759220263660861e-5
5,6,6,4:-1:0,4:1:0,27776,7,1.59135085699204e10:1.5077476005157349e10:2.0431234537840157e9:1.0633151645628394e9:5.685627423125675e8:7.498866636089024e7:6.918590548275109e7:506856.2695107819:408423.74932581955:102252.70124742432:25502.02335882078:20601.574298624833:179.83306100765995:88.01107315416674:43.934488788655564:1.856887272792636,2.991953696156835e-5
5,6,6,5:-1:0,5:1:0,13888,7,3.597209768467502e9:3.408192858590122e9:4.6186635075463253e8:2.4035551425108996e8:1.2853808623791254e8:1.695058260071661e7:1.5639452476983147e7:175343.13425791942:141251.30640947795:35390.399358411254:8815.277680954288:7128.960390809126:96.0949403598656:46.50531846318842:23.195331492308064:1.4826191084001104,4.578450018050099e-5
5,6,6,-5:0:0,5:0:0,14336,7,4.126468435192832e9:3.909645712940293e9:5.298179319937416e8:2.757196470184418e8:1.4744791440395513e8:1.9444580982375074e7:1.794047149646793e7:193391.3610711156:155795.33060317815:39031.108600161824:9723.495314500342:7862.504288944333:101.79804582710506:49.326487423455596:24.60476681908758:1.5141010371506798,4.4020861807564374e-5
5,6,6,-4:0:0,4:0:0,28672,7,1.9674934920020576e10:1.8641312472769463e10:2.526036023666086e9:1.3146502524704382e9:7.029425057627344e8:9.271376182915975e7:8.553907255414268e7:589755.8016343445:475238.83995232254:118970.45091446534:29675.6369996771:23970.34897455524:196.71948787011516:96.39583952668067:48.124668159641594:1.916737834501633,2.8157842834438545e-5
5,6,6,-3:0:0,3:0:0,29696,7,1.473862604141511e11:1.3964440107568826e11:1.8921964240342377e10:9.848269777802464e9:5.26528442567805e9:6.945386506002455e8:6.407742585726042e8:2.483828286532758e6:2.0019613361275902e6:500871.4343818935:125059.0662167688:100932.26350729044:462.42421748571593:228.59539599318202:114.19986733035923:2.5810916553873073,1.5832015899220295e-5
5,6,6,3:0:0,3:0:0,29696,7,1.473862604141511e11:1.3964440107568826e11:1.8921964240342384e10:9.848269777802464e9:5.26528442567805e9:6.945386506002455e8:6.40774258572604e8:2.4838282865327573e6:2.0019613361276137e6:500871.43438193906:125059.06621661472:100932.2635077541:462.4242175431182:228.5953959922156:114.19986733047146:2.5810916534192443,1.5832015899220437e-5
5,6,6,4:0:0,4:0:0,28672,7,1.9674934920020576e10:1.8641312472769463e10:2.526036023666086e9:1.314650252470439e9:7.029425057627343e8:9.271376182915963e7:8.553907255414256e7:589755.8016343445:475238.83995231317:118970.45091446633:29675.63699966778:23970.348974561537:196.7194878683826:96.3958395269009:48.124668159598194:1.9167378345038824,2.8157842834438335e-5
5,6,6,5:0:0,5:0:0,14336,7,4.126468435192832e9:3.909645712940293e9:5.298179319937418e8:2.757196470184418e8:1.4744791440395513e8:1.944458098237506e7:1.7940471496467933e7:193391.36107111565:155795.33060317862:39031.10860016174:9723.495314587466:7862.504288940326:101.79804582633082:49.32648742337611:24.60476681911247:1.5141010370843335,4.402086180756499e-5
5,6,6,-5:1:0,5:1:0,13888,7,3.5972097684675055e9:3.4081928585901237e9:4.618663507546325e8:2.4035551425109e8:1.285380862379126e8:1.695058260071662e7:1.5639452476983136e7:175343.13425791965:141251.30640947766:35390.3993583976:8815.277680949042:7128.960390980622:96.09494034360333:46.505318461986924:23.195331455609846:1.4826191040267036,4.578450018050157e-5
5,6,6,-4:1:0,4:1:0,27776,7,1.591350856992041e10:1.5077476005157358e10:2.0431234537840164e9:1.06331516456284e9:5.685627423125676e8:7.498866636089016e7:6.918590548275104e7:506856.2695107836:408423.749325819:102252.70124744848:25502.023358859093:20601.57429946912:179.8330609152601:88.01107315780244:43.93448891863403:1.8568872748006333,2.9919536961569812e-5
5,6,6,-3:1:0,3:1:0,28768,7,1.0193180283771242e11:9.657745474309904e10:1.3086435042089716e10:6.811014173687501e9:3.6415014944568458e9:4.8033905851530254e8:4.431576143818517e8:1.9088100613893324e6:1.5384499950955797e6:384937.8775864459:96098.89436914385:77568.33958078756:395.2969186345591:195.1657804605681:97.4901029074728:2.445167980574522,1.7592202636608245e-5
5,6,6,3:1:0,3:1:0,28768,7,1.0193180283771242e11:9.657745474309906e10:1.3086435042089722e10:6.811014173687504e9:3.641501494456843e9:4.8033905851530254e8:4.4315761438185185e8:1.908810061389335e6:1.5384499950955813e6:384937.877586679:96098.89436900157:77568.33958138594:395.29691846326244:195.1657804424064:97.4901012567486:2.4451680760809924,1.759220263660861e-5
5,6,6,4:1:0,4:1:0,27776,7,1.59135085699204e10:1.5077476005157349e10:2.0431234537840157e9:1.0633151645628394e9:5.685627423125675e8:7.498866636089024e7:6.918590548275109e7:506856.2695107819:408423.74932581955:102252.70124742432:25502.02335882078:20601.574298624833:179.83306100765995:88.01107315416674:43.934488788655564:1.856887272792636,2.991953696156835e-5
5,6,6,5:1:0,5:1:0,13888,7,3.597209768467502e9:3.408192858590122e9:4.6186635075463253e8:2.4035551425108996e8:1.2853808623791254e8:1.695058260071661e7:1.5639452476983147e7:175343.13425791942:141251.30640947795:35390.399358411254:8815.277680954288:7128.960390809126:96.0949403598656:46.50531846318842:23.195331492308064:1.4826191084001104,4.578450018050099e-5
5,6,6,-5:2:0,5:2:0,13440,7,2.454659531465873e9:2.325670717577275e9:3.151730841072118e8:1.6401252212260598e8:8.771527066964959e7:1.1566622211253304e7:1.067206373773386e7:133484.9598688406:107521.41865217632:26946.20095080788:6709.114143141205:5427.6360297004985:81.8641706984692:39.47144058202145:19.681477050582856:1.3979582014644185,5.1076714387322414e-5
5,6,6,-4:2:0,4:2:0,26880,7,9.010397551349928e9:8.53699883004099e9:1.1568576317192042e9:6.020567635283462e8:3.2193950603962845e8:4.245902513322944e7:3.917391740691797e7:337704.6527802404:272096.220451869:68139.05739034827:16986.84646721109:13727.551675272303:141.4300201063484:68.95773903332469:34.41341317185897:1.70474586765268,3.520591378938949e-5
5,6,6,-3:2:0,3:2:0,27840,7,4.06930030661918e10:3.855532401828298e10:5.224427204185902e9:2.719062831192048e9:1.4538124464159238e9:1.917583487986651e8:1.7691701859397262e8:990852.5202933393:798526.3745031734:199851.09274341428:49871.314800882334:40269.005218108316:267.6471591066779:131.64547515386906:65.74141447569899:2.135462425775705,2.287405369951401e-5
5,6,6,-2:2:0,2:2:0,28800,7,2.225803934311877e11:2.1088899225351706e11:2.857549043716835e10:1.4872730257616848e10:7.951440112963567e9:1.0488842127901509e9:9.676861151077895e8:3.3340185521140494e6:2.6872963595814863e6:672278.8496084842:167880.22857114722:135476.24066019827:551.1245414613966:272.7871027300984:136.28976505165133:2.741549834488759,1.4072044161230642e-5
5,6,6,2:2:0,2:2:0,28800,7,2.2258039343118765e11:2.1088899225351712e11:2.857549043716835e10:1.487273025761685e10:7.95144011296357e9:1.0488842127901502e9:9.676861151077886e8:3.3340185521140667e6:2.6872963595814877e6:672278.8496084677:167880.2285711863:135476.24069853456:551.1245405654723:272.78710406722615:136.28976670704427:2.7415498045262647,1.4072044161234563e-5
5,6,6,3:2:0,3:2:0,27840,7,4.069300306619179e10:3.855532401828296e10:5.2244272041859e9:2.719062831192048e9:1.4538124464159236e9:1.9175834879866514e8:1.7691701859397265e8:990852.5202933379:798526.3745031763:199851.0927433687:49871.31480085952:40269.00521822089:267.6471590412703:131.64547517521382:65.74141447977912:2.135462405421677,2.2874053699513957e-5
5,6,6,4:2:0,4:2:0,26880,7,9.010397551349922e9:8.536998830040985e9:1.156857631719204e9:6.020567635283457e8:3.2193950603962857e8:4.245902513322944e7:3.917391740691802e7:337704.6527802412:272096.22045186773:68139.05739040334:16986.846467201918:13727.551675354463:141.43002010105832:68.95773903484172:34.41341316020692:1.7047458670087683,3.520591378939036e-5
5,6,6,5:2:0,5:2:0,13440,7,2.454659531465872e9:2.325670717577275e9:3.1517308410721165e8:1.6401252212260604e8:8.771527066964959e7:1.1566622211253298e7:1.0672063737733856e7:133484.9598688404:107521.41865217664:26946.200950804065:6709.11414313592:5427.636029693807:81.86417071154145:39.4714405823622:19.681477066838163:1.3979582008918712,5.1076714387322136e-5
5,6,6,-5:3:0,5:3:0,6720,7,1.4067848087380433e9:1.3328529506220973e9:1.8063325100112474e8:9.399594299653897e7:5.027376666059573e7:6.628832253779272e6:6.116276333823978e6:89723.3695924912:72260.26201420062:18116.926622073195:4507.622766077384:3648.8211893507278:64.86542207253609:31.083064468052832:15.491495019536666:1.2821068119030359,5.990140686589928e-5
5,6,6,-4:3:0,4:3:0,13440,7,4.126468435192832e9:3.9096457129402924e9:5.298179319937417e8:2.7571964701844174e8:1.474479144039552e8:1.944458098237507e7:1.7940471496467914e7:193391.36107111519:155795.33060317827:39031.10860015173:9723.495314592426:7862.5042889375445:101.79804582633741:49.3264874226986:24.60476684686291:1.5141010380932372,4.4020861807564645e-5
5,6,6,-3:3:0,3:3:0,20640,7,1.3028287171711895e10:1.2343819092461712e10:1.672701404375154e9:8.705275672912655e8:4.654850445726875e8:6.13925681971088e7:5.6642115335979596e7:439400.77837033465:354057.2024247496:88649.0014011188:22106.124717773182:17860.34633912336:165.25294942089656:80.77451821707666:40.31822937950391:1.802027857548488,3.168144677259597e-5
5,6,6,-2:3:0,3:2:0,27840,7,4.069300306619177e10:3.855532401828297e10:5.224427204185897e9:2.719062831192048e9:1.4538124464159238e9:1.917583487986652e8:1.7691701859397244e8:990852.52029334:798526.3745031712:199851.0927436265:49871.31480071134:40269.00521865777:267.6471590726777:131.6454751710786:65.7414144923104:2.1354624078141837,2.287405369951478e-5
5,6,6,-1:3:0,3:1:0,28768,7,1.0193180283771246e11:9.657745474309908e10:1.308643504208972e10:6.811014173687504e9:3.641501494456844e9:4.8033905851530284e8:4.4315761438185185e8:1.9088100613893385e6:1.5384499950955852e6:384937.87758647994:96098.89436887097:77568.33958352532:395.2969184991548:195.1657805070005:97.49010181191525:2.4451680130371543,1.759220263660886e-5
5,6,6,0:3:0,3:0:0,29696,7,1.4738626041415112e11:1.3964440107568823e11:1.892196424034238e10:9.848269777802464e9:5.26528442567805e9:6.945386506002456e8:6.407742585726036e8:2.4838282865327536e6:2.001961336127613e6:500871.4343819354:125059.06621662133:100932.26350789462:462.4242175854201:228.59539586956765:114.19986739370572:2.5810916509233595,1.5832015899220444e-5
5,6,6,1:3:0,3:1:0,28768,7,1.0193180283771245e11:9.657745474309909e10:1.3086435042089718e10:6.811014173687501e9:3.641501494456844e9:4.803390585153025e8:4.431576143818521e8:1.9088100613893312e6:1.538449995095585e6:384937.8775869101:96098.89436865639:77568.33956004202:395.2969192995269:195.1657804295444:97.49010056882295:2.445167919600903,1.7592202636604043e-5
5,6,6,2:3:0,3:2:0,27840,7,4.069300306619178e10:3.855532401828299e10:5.224427204185898e9:2.719062831192048e9:1.4538124464159236e9:1.9175834879866493e8:1.769170185939727e8:990852.5202933383:798526.3745031782:199851.0927435372:49871.31480087747:40269.00521802416:267.64715907076163:131.64547515607927:65.74141450021455:2.13546241869009,2.2874053699514346e-5
5,6,6,3:3:0,3:3:0,20640,7,1.3028287171711895e10:1.234381909246171e10:1.6727014043751528e9:8.70527567291265e8:4.654850445726877e8:6.139256819710882e7:5.6642115335979536e7:439400.7783703354:354057.2024247502:88649.00140115827:22106.124717735398:17860.346339181728:165.25294941030398:80.77451821070768:40.31822931371356:1.8020278683381599,3.168144677259638e-5
5,6,6,4:3:0,4:3:0,13440,7,4.126468435192832e9:3.9096457129402924e9:5.298179319937417e8:2.7571964701844174e8:1.474479144039552e8:1.944458098237507e7:1.7940471496467914e7:193391.36107111519:155795.33060317827:39031.10860015173:9723.495314592426:7862.5042889375445:101.79804582633741:49.3264874226986:24.60476684686291:1.5141010380932372,4.4020861807564645e-5
5,6,6,5:3:0,5:3:0,6720,7,1.4067848087380428e9:1.3328529506220965e9:1.8063325100112468e8:9.399594299653901e7:5.027376666059574e7:6.628832253779268e6:6.116276333823968e6:89723.36959249125:72260.26201420049:18116.92662207272:4507.6227660776985:3648.8211893493167:64.86542207221576:31.083064468434582:15.491495017092527:1.282106812110456,5.9901406865899236e-5
5,6,6,-3:4:0,4:3:0,13440,7,4.1264684351928344e9:3.9096457129402943e9:5.298179319937415e8:2.7571964701844174e8:1.4744791440395525e8:1.9444580982375078e7:1.7940471496467914e7:193391.36107111545:155795.33060317807:39031.10860015915:9723.495314595131:7862.504288935847:101.7980458235954:49.32648742382271:24.604766851269357:1.5141010389798533,4.402086180756484e-5
5,6,6,-2:4:0,4:2:0,26880,7,9.010397551349924e9:8.536998830040987e9:1.156857631719204e9:6.020567635283452e8:3.219395060396286e8:4.245902513322949e7:3.917391740691798e7:337704.65278023976:272096.22045186756:68139.05739029883:16986.846467195912:13727.551675341543:141.43002010578476:68.95773903413283:34.4134131641191:1.7047458654800096,3.5205913789388896e-5
5,6,6,-1:4:0,4:1:0,27776,7,1.59135085699204e10:1.507747600515735e10:2.0431234537840157e9:1.0633151645628388e9:5.685627423125676e8:7.498866636089015e7:6.91859054827511e7:506856.26951078133:408423.7493258201:102252.70124749382:25502.02335883795:20601.574299418902:179.83306092563333:88.01107314941876:43.934488735748:1.856887255955457,2.9919536961569988e-5
5,6,6,0:4:0,4:0:0,28672,7,1.9674934920020573e10:1.8641312472769466e10:2.5260360236660876e9:1.3146502524704385e9:7.029425057627344e8:9.27137618291597e7:8.553907255414264e7:589755.8016343466:475238.8399523113:118970.45091446883:29675.636999666356:23970.348974560937:196.7194878681059:96.39583953333383:48.1246681348249:1.9167378344821433,2.8157842834438362e-5
5,6,6,1:4:0,4:1:0,27776,7,1.5913508569920403e10:1.5077476005157345e10:2.0431234537840157e9:1.0633151645628389e9:5.685627423125675e8:7.498866636089018e7:6.918590548275113e7:506856.2695107805:408423.7493258183:102252.70124744921:25502.023358826726:20601.57429923042:179.8330609362815:88.01107310629935:43.93448908435442:1.8568872858014118,2.9919536961569314e-5
5,6,6,2:4:0,4:2:0,26880,7,9.010397551349928e9:8.536998830040995e9:1.156857631719204e9:6.020567635283458e8:3.2193950603962857e8:4.2459025133229434e7:3.917391740691801e7:337704.6527802408:272096.22045186855:68139.05739034162:16986.846467139418:13727.55167525498:141.43002011041906:68.95773903432485:34.41341312911363:1.704745865239948,3.5205913789389126e-5
5,6,6,3:4:0,4:3:0,13440,7,4.126468435192833e9:3.909645712940292e9:5.2981793199374145e8:2.7571964701844156e8:1.474479144039552e8:1.9444580982375063e7:1.7940471496467903e7:193391.3610711162:155795.33060317842:39031.10860016427:9723.49531458455:7862.504288933425:101.79804582446248:49.326487424708446:24.60476687227052:1.514101038873616,4.4020861807565065e-5
5,6,6,-3:5:0,5:3:0,6720,7,1.4067848087380435e9:1.3328529506220975e9:1.8063325100112474e8:9.399594299653909e7:5.027376666059574e7:6.628832253779271e6:6.11627633382398e6:89723.36959249122:72260.26201420063:18116.926622071922:4507.622766080178:3648.8211893516827:64.86542207202378:31.08306446830477:15.491495017326235:1.2821068119768486,5.9901406865899256e-5
5,6,6,-2:5:0,5:2:0,13440,7,2.454659531465872e9:2.325670717577274e9:3.151730841072119e8:1.6401252212260616e8:8.771527066964966e7:1.1566622211253302e7:1.067206373773386e7:133484.95986884116:107521.41865217664:26946.200950794006:6709.11414314898:5427.636029694167:81.86417069817053:39.47144058263994:19.681477080573117:1.397958201482177,5.1076714387322e-5
5,6,6,-1:5:0,5:1:0,13888,7,3.5972097684675026e9:3.40819285859012e9:4.618663507546323e8:2.403555142510898e8:1.285380862379126e8:1.695058260071662e7:1.5639452476983124e7:175343.13425791942:141251.30640947714:35390.39935841049:8815.277680964262:7128.960390993499:96.09494033524315:46.50531846422389:23.195331432508507:1.482619106101474,4.5784500180502106e-5
5,6,6,0:5:0,5:0:0,14336,7,4.126468435192832e9:3.909645712940293e9:5.298179319937416e8:2.757196470184417e8:1.4744791440395513e8:1.944458098237506e7:1.7940471496467914e7:193391.36107111594:155795.33060317845:39031.10860016221:9723.49531458755:7862.5042889459:101.79804582785567:49.326487423177944:24.60476681901438:1.5141010371966799,4.402086180756506e-5
5,6,6,1:5:0,5:1:0,13888,7,3.5972097684675055e9:3.4081928585901246e9:4.6186635075463235e8:2.4035551425109e8:1.2853808623791258e8:1.6950582600716628e7:1.563945247698314e7:175343.13425791953:141251.30640947755:35390.39935840397:8815.277680925625:7128.960391014519:96.09494034172347:46.50531846568733:23.19533141030843:1.48261910215272,4.5784500180501754e-5
5,6,6,2:5:0,5:2:0,13440,7,2.454659531465872e9:2.325670717577274e9:3.1517308410721165e8:1.6401252212260598e8:8.771527066964965e7:1.1566622211253302e7:1.0672063737733856e7:133484.95986884192:107521.41865217638:26946.200950797:6709.114143136507:5427.636029713408:81.86417070394285:39.47144058461037:19.681477065047066:1.397958199901263,5.10767143873223e-5
5,6,6,3:5:0,5:3:0,6720,7,1.4067848087380435e9:1.3328529506220982e9:1.806332510011246e8:9.399594299653907e7:5.027376666059574e7:6.628832253779271e6:6.116276333823969e6:89723.36959249101:72260.26201420053:18116.92662207199:4507.622766077812:3648.8211893517273:64.86542207252054:31.083064468393342:15.491495017680123:1.2821068117913819,5.990140686589909e-5
5,6,6,-3:-5:1,5:3:1,6510,7,1.187635851659482e9:1.138225699725413e9:1.6064286009923884e8:8.599582041611327e7:4.7800229240498126e7:6.2583708220739635e6:5.7104239789205445e6:79820.43979114147:65523.87990746498:17316.620303067924:4301.175130657731:3454.0885372153:61.626101295638385:29.75297388682995:14.97458546516109:1.2607410672689185,6.332798132093511e-5
5,6,6,-2:-5:1,5:2:1,13020,7,2.0138117998192875e9:1.933689282196959e9:2.7476250112157124e8:1.4780687648501968e8:8.266164593554741e7:1.081386007125306e7:9.85133157781992e6:116427.62547374397:95893.72712091907:25552.865550156486:6350.954945660541:5091.040991772783:77.09221980298572:37.50492097016103:18.912565855495302:1.3712932729743617,5.450959522551822e-5
5,6,6,-1:-5:1,5:1:1,13454,7,2.885978875616934e9:2.775223294895309e9:3.9642560494008315e8:2.1406925503956884e8:1.2028623868069957e8:1.5726633784993835e7:1.4309871936142543e7:150596.2669625082:124354.30212364071:33351.89419924557:8292.795739597881:6639.317285595466:89.87156659911349:43.934644146228514:22.186362480061725:1.4515536546338077,4.9222720094922544e-5
5,6,6,0:-5:1,5:1:0,13888,7,3.282215527015891e9:3.1580296279372745e9:4.520263551193285e8:2.4445245031417987e8:1.3760735165754482e8:1.798736475850263e7:1.6359699593610315e7:165113.01396357408:136475.02520812943:36694.145940954215:9125.199655998507:7302.4141706348855:94.95251233698255:46.496501818964404:23.492571379989208:1.481280169573585,4.746121290434838e-5
5,6,6,1:-5:1,5:1:1,13454,7,2.8859788756169367e9:2.7752232948953104e9:3.964256049400834e8:2.1406925503956878e8:1.2028623868069963e8:1.5726633784993839e7:1.4309871936142543e7:150596.26696250902:124354.3021236417:33351.894199183924:8292.795739597897:6639.3172855977045:89.87156658243039:43.934644146434444:22.18636247020894:1.4515536523965302,4.9222720094920254e-5
5,6,6,2:-5:1,5:2:1,13020,7,2.0138117998192856e9:1.9336892821969583e9:2.747625011215712e8:1.4780687648501965e8:8.266164593554743e7:1.0813860071253063e7:9.851331577819921e6:116427.62547374616:95893.72712091966:25552.865550162016:6350.954945660051:5091.040991774767:77.09221981027737:37.50492097343349:18.912565832032175:1.371293270835761,5.450959522551932e-5
5,6,6,3:-5:1,5:3:1,6510,7,1.1876358516594818e9:1.1382256997254133e9:1.606428600992389e8:8.59958204161133e7:4.780022924049815e7:6.258370822073968e6:5.710423978920544e6:79820.4397911419:65523.87990746476:17316.620303066393:4301.175130657741:3454.088537215085:61.62610129540779:29.75297388736219:14.974585468610176:1.260741066668569,6.332798132093506e-5
5,6,6,-3:-4:1,4:3:1,13020,7,3.282215527015893e9:3.1580296279372754e9:4.520263551193285e8:2.4445245031417975e8:1.3760735165754488e8:1.798736475850263e7:1.6359699593610313e7:165113.0139635723:136475.0252081238:36694.14594098036:9125.19965599133:7302.414170632805:94.95251232198292:46.49650181941634:23.49257137392475:1.4812801746185436,4.746121290434817e-5
5,6,6,-2:-4:1,4:2:1,26040,7,6.779397404475339e9:6.546390583072647e9:9.494164219104233e8:5.1832987014272743e8:2.951540165380788e8:3.853375985622831e7:3.495306753198595e7:277473.6742161812:230781.70497467415:63056.69571086999:15695.417863570487:12526.762586654908:129.6720382037:64.07506909778152:32.48122046835997:1.6598375157779228,3.866072722986096e-5
5,6,6,-1:-4:1,4:1:1,26908,7,1.1406191592955893e10:1.104821796213084e10:1.620811476372804e9:8.922225249213669e8:5.130509656494071e8:6.692644204119832e7:6.058004345412866e7:402752.5206622084:336772.48629208264:93308.8415113308:23244.30875227379:18514.29433557594:162.4246548379312:80.75918189727854:41.05149288596959:1.8004259196820755,3.3387659443547854e-5
5,6,6,0:-4:1,4:1:0,27776,7,1.3821982716073511e10:1.3405111729405405e10:1.9759468408737679e9:1.0914389183263757e9:6.301010139489415e8:8.217348171315989e7:7.432126747378615e7:462186.1066023015:387314.718414729:107929.45585643649:26896.070102972903:21406.554706530118:176.57494333948782:87.9943597626039:44.77912027930982:1.855239936586124,3.1631600371665484e-5
5,6,6,1:-4:1,4:1:1,26908,7,1.140619159295589e10:1.104821796213084e10:1.620811476372804e9:8.922225249213673e8:5.130509656494073e8:6.692644204119836e7:6.05800434541286e7:402752.520662211:336772.48629207327:93308.84151129225:23244.308752282606:18514.294335584196:162.42465487954553:80.75918190594106:41.05149271770693:1.800425979119466,3.338765944354724e-5
5,6,6,2:-4:1,4:2:1,26040,7,6.77939740447534e9:6.546390583072647e9:9.494164219104233e8:5.183298701427274e8:2.951540165380787e8:3.853375985622831e7:3.495306753198593e7:277473.6742161858:230781.704974649:63056.695710911066:15695.417863563282:12526.76258665263:129.67203825882237:64.07506909284866:32.48122044601868:1.6598375112063526,3.8660727229860355e-5
5,6,6,3:-4:1,4:3:1,13020,7,3.2822155270158925e9:3.158029627937274e9:4.5202635511932844e8:2.4445245031417978e8:1.376073516575449e8:1.7987364758502625e7:1.6359699593610292e7:165113.0139635735:136475.0252081311:36694.14594094103:9125.199656006325:7302.414170637048:94.95251233006904:46.4965018255374:23.49257139464777:1.481280171656971,4.746121290434811e-5
5,6,6,-5:-3:1,5:3:1,6510,7,1.187635851659482e9:1.1382256997254133e9:1.6064286009923887e8:8.599582041611329e7:4.780022924049815e7:6.25837082207397e6:5.7104239789205445e6:79820.43979114167:65523.87990746639:17316.620303067702:4301.175130661355:3454.08853721584:61.626101298318964:29.752973882336196:14.974585463095606:1.2607410672967827,6.33279813209358e-5
5,6,6,-4:-3:1,4:3:1,13020,7,3.282215527015892e9:3.1580296279372735e9:4.520263551193284e8:2.4445245031417972e8:1.376073516575449e8:1.7987364758502603e7:1.6359699593610313e7:165113.01396357443:136475.02520812835:36694.14594095807:9125.199655994882:7302.414170633452:94.95251232861128:46.49650182181536:23.49257141188085:1.481280167144688,4.7461212904348385e-5
5,6,6,-3:-3:1,3:3:1,19995,7,9.506964088105148e9:9.19815809276041e9:1.343692398548061e9:7.374208631516939e8:4.22521155728806e8:5.5132105736542284e7:4.9941580366414264e7:353490.71277969866:295001.75620103115:81316.88117634249:20250.76732341684:16141.45844187464:150.0861435860103:74.46337537042027:37.813210774280776:1.7499359721544672,3.514459911780723e-5
5,6,6,-2:-3:1,3:2:1,26970,7,2.644394136134277e10:2.577042923808357e10:3.8695676278103986e9:2.165841988246758e9:1.2692359756487308e9:1.654225794720684e8:1.4919582739044663e8:735931.6848422203:621893.6078345139:177157.08691403602:44216.68346378119:35098.620581773816:234.5003591336697:117.76569967920129:60.18381989955912:2.053063468564503,2.6370206755362776e-5
5,6,6,-1:-3:1,3:1:1,27869,7,5.862553742010172e10:5.755089138530767e10:8.897817658585472e9:5.083158920424805e9:3.0452244230612965e9:3.970553128602365e8:3.568776433995935e8:1.303514694528203e6:1.115648165289516e6:328701.73832907865:82299.41186166451:65111.740399228576:333.4322022838896:169.12371168677936:86.99079314893368:2.3260342496872317,2.112458063891281e-5
5,6,6,0:-3:1,3:1:0,28768,7,8.001743209958803e10:7.881301764274297e10:1.2356263505541937e10:7.126373816695586e9:4.311235292360364e9:5.625798636374248e8:5.050199675743037e8:1.6302979984201125e6:1.403550087421434e6:420008.3966509609:105351.60378816407:83244.61227700308:383.0993520504926:195.12866989414238:100.66928437412292:2.4430296625156678,1.9381849290439082e-5
5,6,6,1:-3:1,3:1:1,27869,7,5.862553742010171e10:5.755089138530769e10:8.89781765858547e9:5.083158920424807e9:3.045224423061297e9:3.970553128602364e8:3.5687764339959353e8:1.3035146945281026e6:1.115648165289514e6:328701.73832946416:82299.41186166946:65111.74039922681:333.4322026241808:169.12371177812858:86.99079235711432:2.3260344978791374,2.1124580638912767e-5
5,6,6,2:-3:1,3:2:1,26970,7,2.6443941361342777e10:2.577042923808356e10:3.869567627810397e9:2.1658419882467594e9:1.26923597564873e9:1.6542257947206825e8:1.4919582739044663e8:735931.6848422217:621893.6078344844:177157.08691410156:44216.68346366165:35098.62058179401:234.5003592045514:117.76569965494926:60.183819895044635:2.0530634727026986,2.6370206755362495e-5
5,6,6,3:-3:1,3:3:1,19995,7,9.506964088105145e9:9.198158092760412e9:1.3436923985480607e9:7.374208631516944e8:4.22521155728806e8:5.513210573654228e7:4.994158036641428e7:353490.7127796991:295001.7562010443:81316.8811763259:20250.767323423617:16141.458441878196:150.08614358678926:74.46337541362284:37.81321048283643:1.7499360449895651,3.51445991178077e-5
5,6,6,4:-3:1,4:3:1,13020,7,3.282215527015892e9:3.1580296279372735e9:4.520263551193284e8:2.4445245031417972e8:1.376073516575449e8:1.7987364758502603e7:1.6359699593610313e7:165113.01396357443:136475.02520812835:36694.14594095807:9125.199655994882:7302.414170633452:94.95251232861128:46.49650182181536:23.49257141188085:1.481280167144688,4.7461212904348385e-5
5,6,6,5:-3:1,5:3:1,6510,7,1.1876358516594818e9:1.1382256997254128e9:1.6064286009923884e8:8.599582041611321e7:4.780022924049813e7:6.258370822073968e6:5.710423978920539e6:79820.43979114165:65523.87990746549:17316.620303068474:4301.1751306583:3454.088537215647:61.626101296830235:29.75297388895467:14.9745854658837:1.2607410666899972,6.332798132093547e-5
5,6,6,-5:-2:1,5:2:1,13020,7,2.0138117998192873e9:1.933689282196959e9:2.7476250112157124e8:1.4780687648501968e8:8.266164593554738e7:1.0813860071253063e7:9.851331577819927e6:116427.62547374469:95893.72712091835:25552.865550160775:6350.954945662335:5091.040991776058:77.09221981035476:37.50492095293267:18.912565833740235:1.3712932705899425,5.450959522551856e-5
5,6,6,-4:-2:1,4:2:1,26040,7,6.779397404475345e9:6.546390583072646e9:9.494164219104234e8:5.1832987014272755e8:2.951540165380787e8:3.853375985622829e7:3.4953067531985916e7:277473.6742161826:230781.7049746323:63056.69571088512:15695.417863506056:12526.76258665555:129.67203824337054:64.07506907188805:32.48122044037498:1.659837517561731,3.866072722985826e-5
5,6,6,-3:-2:1,3:2:1,26970,7,2.64439413613428e10:2.5770429238083576e10:3.869567627810399e9:2.1658419882467604e9:1.269235975648731e9:1.6542257947206834e8:1.4919582739044654e8:735931.6848422269:621893.6078345448:177157.0869139554:44216.68346376701:35098.620581753465:234.5003590235337:117.76569970645349:60.18381974328391:2.053063478114738,2.6370206755362993e-5
5,6,6,-2:-2:1,2:2:1,27900,7,1.1254657441660257e11:1.1129775399288774e11:1.7754818035464e10:1.035892552146094e10:6.339212855487381e9:8.285029759084694e8:7.428113725709665e8:2.0841008550074873e6:1.807035852020875e6:551043.1636763036:138570.6971800276:109349.47087003425:446.5488730354473:228.551920457887:118.34798934465618:2.578839212697975,1.7643634631165084e-5
5,6,6,2:-2:1,2:2:1,27900,7,1.1254657441660258e11:1.1129775399288777e11:1.7754818035463997e10:1.0358925521460943e10:6.33921285548738e9:8.285029759084687e8:7.428113725709668e8:2.0841008550074592e6:1.8070358520208579e6:551043.1636763035:138570.69718006885:109349.47087014974:446.5488731955209:228.55192088481346:118.34799091239424:2.5788390402839547,1.7643634631164928e-5
5,6,6,3:-2:1,3:2:1,26970,7,2.6443941361342793e10:2.5770429238083557e10:3.8695676278104e9:2.165841988246759e9:1.2692359756487303e9:1.6542257947206828e8:1.491958273904465e8:735931.6848422438:621893.6078343918:177157.08691391643:44216.68346385547:35098.62058180378:234.50035912612444:117.76569966369753:60.18381980945605:2.053063466783811,2.63702067553607e-5
5,6,6,4:-2:1,4:2:1,26040,7,6.779397404475339e9:6.546390583072645e9:9.49416421910423e8:5.183298701427275e8:2.9515401653807884e8:3.8533759856228285e7:3.495306753198595e7:277473.67421618477:230781.70497464726:63056.695710879205:15695.417863592238:12526.76258665126:129.67203824393232:64.07506911876034:32.48122041631932:1.659837520542762,3.866072722985971e-5
5,6,6,5:-2:1,5:2:1,13020,7,2.013811799819286e9:1.933689282196959e9:2.747625011215711e8:1.4780687648501965e8:8.26616459355474e7:1.0813860071253067e7:9.851331577819914e6:116427.62547374584:95893.7271209222:25552.865550156926:6350.954945684741:5091.04099177291:77.0922198092769:37.50492098593891:18.912565848132562:1.371293266687285,5.450959522551982e-5
5,6,6,-5:-1:1,5:1:1,13454,7,2.8859788756169357e9:2.7752232948953104e9:3.9642560494008344e8:2.1406925503956878e8:1.2028623868069953e8:1.5726633784993842e7:1.4309871936142545e7:150596.26696250954:124354.30212363793:33351.8941992506:8292.795739595698:6639.317285593215:89.8715665742641:43.93464414453106:22.1863624043488:1.4515536761407837,4.92227200949225e-5
5,6,6,-4:-1:1,4:1:1,26908,7,1.1406191592955889e10:1.1048217962130844e10:1.620811476372804e9:8.922225249213675e8:5.130509656494071e8:6.692644204119835e7:6.058004345412867e7:402752.5206622131:336772.4862921152:93308.84151133122:23244.30875225155:18514.294335570426:162.42465485956356:80.75918204945533:41.05149275561008:1.8004259946888268,3.338765944354929e-5
5,6,6,-3:-1:1,3:1:1,27869,7,5.86255374201017e10:5.755089138530771e10:8.897817658585466e9:5.083158920424803e9:3.0452244230612965e9:3.970553128602367e8:3.568776433995934e8:1.3035146945281588e6:1.1156481652894248e6:328701.73832886067:82299.41186291909:65111.74039932834:333.43220231547053:169.12371180749378:86.99079325102315:2.3260342955139954,2.1124580638911975e-5
5,6,6,3:-1:1,3:1:1,27869,7,5.8625537420101715e10:5.755089138530771e10:8.897817658585466e9:5.083158920424805e9:3.045224423061295e9:3.9705531286023647e8:3.568776433995936e8:1.3035146945282181e6:1.115648165289415e6:328701.73832909245:82299.41186183004:65111.740399314425:333.4322023030627:169.12371171264076:86.9907931298194:2.326034195874105,2.1124580638912327e-5
5,6,6,4:-1:1,4:1:1,26908,7,1.1406191592955894e10:1.1048217962130842e10:1.6208114763728046e9:8.922225249213672e8:5.130509656494072e8:6.692644204119835e7:6.058004345412863e7:402752.52066220925:336772.48629207804:93308.84151129964:23244.308752293768:18514.294335573268:162.42465485571836:80.75918199279991:41.05149258056492:1.8004260475802762,3.338765944354742e-5
5,6,6,5:-1:1,5:1:1,13454,7,2.885978875616934e9:2.7752232948953085e9:3.964256049400834e8:2.1406925503956884e8:1.2028623868069954e8:1.572663378499384e7:1.4309871936142549e7:150596.26696250707:124354.3021236404:33351.89419924868:8292.795739540616:6639.317285594745:89.87156657981154:43.934644151852396:22.18636241085954:1.4515536692262316,4.922272009492181e-5
5,6,6,-5:0:1,5:1:0,13888,7,3.282215527015891e9:3.1580296279372754e9:4.520263551193285e8:2.4445245031417972e8:1.3760735165754488e8:1.7987364758502632e7:1.6359699593610305e7:165113.01396357513:136475.0252081284:36694.14594093247:9125.199655998205:7302.414170631264:94.95251233122855:46.49650182491415:23.49257138008114:1.4812801702370064,4.746121290434757e-5
5,6,6,-4:0:1,4:1:0,27776,7,1.3821982716073511e10:1.3405111729405413e10:1.9759468408737683e9:1.091438918326376e9:6.301010139489416e8:8.217348171315992e7:7.432126747378618e7:462186.1066023051:387314.7184147302:107929.45585643737:26896.070102983558:21406.55470653406:176.57494328915635:87.9943597665922:44.77912027401228:1.8552399337721088,3.16316003716657e-5
5,6,6,-3:0:1,3:1:0,28768,7,8.001743209958803e10:7.881301764274298e10:1.2356263505541939e10:7.126373816695586e9:4.311235292360363e9:5.625798636374247e8:5.050199675743039e8:1.6302979984200923e6:1.4035500874214356e6:420008.3966516179:105351.60378803598:83244.61227705513:383.09935201988264:195.12866994995235:100.66928435776268:2.4430296592242966,1.9381849290440024e-5
5,6,6,3:0:1,3:1:0,28768,7,8.001743209958801e10:7.881301764274294e10:1.2356263505541939e10:7.1263738166955805e9:4.311235292360363e9:5.625798636374247e8:5.05019967574304e8:1.6302979984200953e6:1.4035500874214016e6:420008.3966510345:105351.60378799499:83244.61227697428:383.09935202764274:195.12866984593566:100.66928435947734:2.4430296586886753,1.9381849290438835e-5
5,6,6,4:0:1,4:1:0,27776,7,1.3821982716073511e10:1.3405111729405409e10:1.9759468408737683e9:1.091438918326376e9:6.301010139489415e8:8.217348171315989e7:7.432126747378618e7:462186.10660230427:387314.71841473173:107929.4558564357:26896.0701029856:21406.554706533345:176.57494329140823:87.99435977491851:44.77912027372625:1.8552399336597614,3.163160037166571e-5
5,6,6,5:0:1,5:1:0,13888,7,3.282215527015891e9:3.158029627937274e9:4.520263551193286e8:2.4445245031417978e8:1.3760735165754485e8:1.798736475850263e7:1.635969959361031e7:165113.01396357472:136475.02520812984:36694.145940952745:9125.199655998813:7302.414170635077:94.9525123321776:46.49650181053614:23.492571380072803:1.4812801702141027,4.7461212904348494e-5
5,6,6,-5:1:1,5:1:1,13454,7,2.8859788756169357e9:2.7752232948953104e9:3.9642560494008344e8:2.1406925503956878e8:1.2028623868069953e8:1.5726633784993842e7:1.4309871936142545e7:150596.26696250954:124354.30212363793:33351.8941992506:8292.795739595698:6639.317285593215:89.8715665742641:43.93464414453106:22.1863624043488:1.4515536761407837,4.92227200949225e-5
5,6,6,-4:1:1,4:1:1,26908,7,1.1406191592955889e10:1.1048217962130844e10:1.620811476372804e9:8.922225249213675e8:5.130509656494071e8:6.692644204119835e7:6.058004345412867e7:402752.5206622131:336772.4862921152:93308.84151133122:23244.30875225155:18514.294335570426:162.42465485956356:80.75918204945533:41.05149275561008:1.8004259946888268,3.338765944354929e-5
5,6,6,-3:1:1,3:1:1,27869,7,5.86255374201017e10:5.755089138530771e10:8.897817658585466e9:5.083158920424803e9:3.0452244230612965e9:3.970553128602367e8:3.568776433995934e8:1.3035146945281588e6:1.1156481652894248e6:328701.73832886067:82299.41186291909:65111.74039932834:333.43220231547053:169.12371180749378:86.99079325102315:2.3260342955139954,2.1124580638911975e-5
5,6,6,3:1:1,3:1:1,27869,7,5.8625537420101715e10:5.755089138530771e10:8.897817658585466e9:5.083158920424805e9:3.045224423061295e9:3.9705531286023647e8:3.568776433995936e8:1.3035146945282181e6:1.115648165289415e6:328701.73832909245:82299.41186183004:65111.740399314425:333.4322023030627:169.12371171264076:86.9907931298194:2.326034195874105,2.1124580638912327e-5
5,6,6,4:1:1,4:1:1,26908,7,1.1406191592955894e10:1.1048217962130842e10:1.6208114763728046e9:8.922225249213672e8:5.130509656494072e8:6.692644204119835e7:6.058004345412863e7:402752.52066220925:336772.48629207804:93308.84151129964:23244.308752293768:18514.294335573268:162.42465485571836:80.75918199279991:41.05149258056492:1.8004260475802762,3.338765944354742e-5
5,6,6,5:1:1,5:1:1,13454,7,2.885978875616934e9:2.7752232948953085e9:3.964256049400834e8:2.1406925503956884e8:1.2028623868069954e8:1.572663378499384e7:1.4309871936142549e7:150596.26696250707:124354.3021236404:33351.89419924868:8292.795739540616:6639.317285594745:89.87156657981154:43.934644151852396:22.18636241085954:1.4515536692262316,4.922272009492181e-5
5,6,6,-5:2:1,5:2:1,13020,7,2.0138117998192873e9:1.933689282196959e9:2.7476250112157124e8:1.4780687648501968e8:8.266164593554738e7:1.0813860071253063e7:9.851331577819927e6:116427.62547374469:95893.72712091835:25552.865550160775:6350.954945662335:5091.040991776058:77.09221981035476:37.50492095293267:18.912565833740235:1.3712932705899425,5.450959522551856e-5
5,6,6,-4:2:1,4:2:1,26040,7,6.779397404475345e9:6.546390583072646e9:9.494164219104234e8:5.1832987014272755e8:2.951540165380787e8:3.853375985622829e7:3.4953067531985916e7:277473.6742161826:230781.7049746323:63056.69571088512:15695.417863506056:12526.76258665555:129.67203824337054:64.07506907188805:32.48122044037498:1.659837517561731,3.866072722985826e-5
5,6,6,-3:2:1,3:2:1,26970,7,2.64439413613428e10:2.5770429238083576e10:3.869567627810399e9:2.1658419882467604e9:1.269235975648731e9:1.6542257947206834e8:1.4919582739044654e8:735931.6848422269:621893.6078345448:177157.0869139554:44216.68346376701:35098.620581753465:234.5003590235337:117.76569970645349:60.18381974328391:2.053063478114738,2.6370206755362993e-5
5,6,6,-2:2:1,2:2:1,27900,7,1.1254657441660257e11:1.1129775399288774e11:1.7754818035464e10:1.035892552146094e10:6.339212855487381e9:8.285029759084694e8:7.428113725709665e8:2.0841008550074873e6:1.807035852020875e6:551043.1636763036:138570.6971800276:109349.47087003425:446.5488730354473:228.551920457887:118.34798934465618:2.578839212697975,1.7643634631165084e-5
5,6,6,2:2:1,2:2:1,27900,7,1.1254657441660258e11:1.1129775399288777e11:1.7754818035463997e10:1.0358925521460943e10:6.33921285548738e9:8.285029759084687e8:7.428113725709668e8:2.0841008550074592e6:1.8070358520208579e6:551043.1636763035:138570.69718006885:109349.47087014974:446.5488731955209:228.55192088481346:118.34799091239424:2.5788390402839547,1.7643634631164928e-5
5,6,6,3:2:1,3:2:1,26970,7,2.6443941361342793e10:2.5770429238083557e10:3.8695676278104e9:2.165841988246759e9:1.2692359756487303e9:1.6542257947206828e8:1.491958273904465e8:735931.6848422438:621893.6078343918:177157.08691391643:44216.68346385547:35098.62058180378:234.50035912612444:117.76569966369753:60.18381980945605:2.053063466783811,2.63702067553607e-5
5,6,6,4:2:1,4:2:1,26040,7,6.779397404475339e9:6.546390583072645e9:9.49416421910423e8:5.183298701427275e8:2.9515401653807884e8:3.8533759856228285e7:3.495306753198595e7:277473.67421618477:230781.70497464726:63056.695710879205:15695.417863592238:12526.76258665126:129.67203824393232:64.07506911876034:32.48122041631932:1.659837520542762,3.866072722985971e-5
5,6,6,5:2:1,5:2:1,13020,7,2.013811799819286e9:1.933689282196959e9:2.747625011215711e8:1.4780687648501965e8:8.26616459355474e7:1.0813860071253067e7:9.851331577819914e6:116427.62547374584:95893.7271209222:25552.865550156926:6350.954945684741:5091.04099177291:77.0922198092769:37.50492098593891:18.912565848132562:1.371293266687285,5.450959522551982e-5
5,6,6,-5:3:1,5:3:1,6510,7,1.187635851659482e9:1.1382256997254133e9:1.6064286009923887e8:8.599582041611329e7:4.780022924049815e7:6.25837082207397e6:5.7104239789205445e6:79820.43979114167:65523.87990746639:17316.620303067702:4301.175130661355:3454.08853721584:61.626101298318964:29.752973882336196:14.974585463095606:1.2607410672967827,6.33279813209358e-5
5,6,6,-4:3:1,4:3:1,13020,7,3.282215527015892e9:3.1580296279372735e9:4.520263551193284e8:2.4445245031417972e8:1.376073516575449e8:1.7987364758502603e7:1.6359699593610313e7:165113.01396357443:136475.02520812835:36694.14594095807:9125.199655994882:7302.414170633452:94.95251232861128:46.49650182181536:23.49257141188085:1.481280167144688,4.7461212904348385e-5
5,6,6,-3:3:1,3:3:1,19995,7,9.506964088105148e9:9.19815809276041e9:1.343692398548061e9:7.374208631516939e8:4.22521155728806e8:5.5132105736542284e7:4.9941580366414264e7:353490.71277969866:295001.75620103115:81316.88117634249:20250.76732341684:16141.45844187464:150.0861435860103:74.46337537042027:37.813210774280776:1.7499359721544672,3.514459911780723e-5
5,6,6,-2:3:1,3:2:1,26970,7,2.644394136134277e10:2.577042923808357e10:3.8695676278103986e9:2.165841988246758e9:1.2692359756487308e9:1.654225794720684e8:1.4919582739044663e8:735931.6848422203:621893.6078345139:177157.08691403602:44216.68346378119:35098.620581773816:234.5003591336697:117.76569967920129:60.18381989955912:2.053063468564503,2.6370206755362776e-5
5,6,6,-1:3:1,3:1:1,27869,7,5.862553742010172e10:5.755089138530767e10:8.897817658585472e9:5.083158920424805e9:3.0452244230612965e9:3.970553128602365e8:3.568776433995935e8:1.303514694528203e6:1.115648165289516e6:328701.73832907865:82299.41186166451:65111.740399228576:333.4322022838896:169.12371168677936:86.99079314893368:2.3260342496872317,2.112458063891281e-5
5,6,6,0:3:1,3:1:0,28768,7,8.001743209958803e10:7.881301764274297e10:1.2356263505541937e10:7.126373816695586e9:4.311235292360364e9:5.625798636374248e8:5.050199675743037e8:1.6302979984201125e6:1.403550087421434e6:420008.3966509609:105351.60378816407:83244.61227700308:383.0993520504926:195.12866989414238:100.66928437412292:2.4430296625156678,1.9381849290439082e-5
5,6,6,1:3:1,3:1:1,27869,7,5.862553742010171e10:5.755089138530769e10:8.89781765858547e9:5.083158920424807e9:3.045224423061297e9:3.970553128602364e8:3.5687764339959353e8:1.3035146945281026e6:1.115648165289514e6:328701.73832946416:82299.41186166946:65111.74039922681:333.4322026241808:169.12371177812858:86.99079235711432:2.3260344978791374,2.1124580638912767e-5
5,6,6,2:3:1,3:2:1,26970,7,2.6443941361342777e10:2.577042923808356e10:3.869567627810397e9:2.1658419882467594e9:1.26923597564873e9:1.6542257947206825e8:1.4919582739044663e8:735931.6848422217:621893.6078344844:177157.08691410156:44216.68346366165:35098.62058179401:234.5003592045514:117.76569965494926:60.183819895044635:2.0530634727026986,2.6370206755362495e-5
5,6,6,3:3:1,3:3:1,19995,7,9.506964088105145e9:9.198158092760412e9:1.3436923985480607e9:7.374208631516944e8:4.22521155728806e8:5.513210573654228e7:4.994158036641428e7:353490.7127796991:295001.7562010443:81316.8811763259:20250.767323423617:16141.458441878196:150.08614358678926:74.46337541362284:37.81321048283643:1.7499360449895651,3.51445991178077e-5
5,6,6,4:3:1,4:3:1,13020,7,3.282215527015892e9:3.1580296279372735e9:4.520263551193284e8:2.4445245031417972e8:1.376073516575449e8:1.7987364758502603e7:1.6359699593610313e7:165113.01396357443:136475.02520812835:36694.14594095807:9125.199655994882:7302.414170633452:94.95251232861128:46.49650182181536:23.49257141188085:1.481280167144688,4.7461212904348385e-5
5,6,6,5:3:1,5:3:1,6510,7,1.1876358516594818e9:1.1382256997254128e9:1.6064286009923884e8:8.599582041611321e7:4.780022924049813e7:6.258370822073968e6:5.710423978920539e6:79820.43979114165:65523.87990746549:17316.620303068474:4301.1751306583:3454.088537215647:61.626101296830235:29.75297388895467:14.9745854658837:1.2607410666899972,6.332798132093547e-5
5,6,6,-3:4:1,4:3:1,13020,7,3.282215527015893e9:3.1580296279372754e9:4.520263551193285e8:2.4445245031417975e8:1.3760735165754488e8:1.798736475850263e7:1.6359699593610313e7:165113.0139635723:136475.0252081238:36694.14594098036:9125.19965599133:7302.414170632805:94.95251232198292:46.49650181941634:23.49257137392475:1.4812801746185436,4.746121290434817e-5
5,6,6,-2:4:1,4:2:1,26040,7,6.779397404475339e9:6.546390583072647e9:9.494164219104233e8:5.1832987014272743e8:2.951540165380788e8:3.853375985622831e7:3.495306753198595e7:277473.6742161812:230781.70497467415:63056.69571086999:15695.417863570487:12526.762586654908:129.6720382037:64.07506909778152:32.48122046835997:1.6598375157779228,3.866072722986096e-5
5,6,6,-1:4:1,4:1:1,26908,7,1.1406191592955893e10:1.104821796213084e10:1.620811476372804e9:8.922225249213669e8:5.130509656494071e8:6.692644204119832e7:6.058004345412866e7:402752.5206622084:336772.48629208264:93308.8415113308:23244.30875227379:18514.29433557594:162.4246548379312:80.75918189727854:41.05149288596959:1.8004259196820755,3.3387659443547854e-5
5,6,6,0:4:1,4:1:0,27776,7,1.3821982716073511e10:1.3405111729405405e10:1.9759468408737679e9:1.0914389183263757e9:6.301010139489415e8:8.217348171315989e7:7.432126747378615e7:462186.1066023015:387314.718414729:107929.45585643649:26896.070102972903:21406.554706530118:176.57494333948782:87.9943597626039:44.77912027930982:1.855239936586124,3.1631600371665484e-5
5,6,6,1:4:1,4:1:1,26908,7,1.140619159295589e10:1.104821796213084e10:1.620811476372804e9:8.922225249213673e8:5.130509656494073e8:6.692644204119836e7:6.05800434541286e7:402752.520662211:336772.48629207327:93308.84151129225:23244.308752282606:18514.294335584196:162.42465487954553:80.75918190594106:41.05149271770693:1.800425979119466,3.338765944354724e-5
5,6,6,2:4:1,4:2:1,26040,7,6.77939740447534e9:6.546390583072647e9:9.494164219104233e8:5.183298701427274e8:2.951540165380787e8:3.853375985622831e7:3.495306753198593e7:277473.6742161858:230781.704974649:63056.695710911066:15695.417863563282:12526.76258665263:129.67203825882237:64.07506909284866:32.48122044601868:1.6598375112063526,3.8660727229860355e-5
5,6,6,3:4:1,4:3:1,13020,7,3.2822155270158925e9:3.158029627937274e9:4.5202635511932844e8:2.4445245031417978e8:1.376073516575449e8:1.7987364758502625e7:1.6359699593610292e7:165113.0139635735:136475.0252081311:36694.14594094103:9125.199656006325:7302.414170637048:94.95251233006904:46.4965018255374:23.49257139464777:1.481280171656971,4.746121290434811e-5
5,6,6,-3:5:1,5:3:1,6510,7,1.187635851659482e9:1.138225699725413e9:1.6064286009923884e8:8.599582041611327e7:4.7800229240498126e7:6.2583708220739635e6:5.7104239789205445e6:79820.43979114147:65523.87990746498:17316.620303067924:4301.175130657731:3454.0885372153:61.626101295638385:29.75297388682995:14.97458546516109:1.2607410672689185,6.332798132093511e-5
5,6,6,-2:5:1,5:2:1,13020,7,2.0138117998192875e9:1.933689282196959e9:2.7476250112157124e8:1.4780687648501968e8:8.266164593554741e7:1.081386007125306e7:9.85133157781992e6:116427.62547374397:95893.72712091907:25552.865550156486:6350.954945660541:5091.040991772783:77.09221980298572:37.50492097016103:18.912565855495302:1.3712932729743617,5.450959522551822e-5
5,6,6,-1:5:1,5:1:1,13454,7,2.885978875616934e9:2.775223294895309e9:3.9642560494008315e8:2.1406925503956884e8:1.2028623868069957e8:1.5726633784993835e7:1.4309871936142543e7:150596.2669625082:124354.30212364071:33351.89419924557:8292.795739597881:6639.317285595466:89.87156659911349:43.934644146228514:22.186362480061725:1.4515536546338077,4.9222720094922544e-5
5,6,6,0:5:1,5:1:0,13888,7,3.282215527015891e9:3.1580296279372745e9:4.520263551193285e8:2.4445245031417987e8:1.3760735165754482e8:1.798736475850263e7:1.6359699593610315e7:165113.01396357408:136475.02520812943:36694.145940954215:9125.199655998507:7302.4141706348855:94.95251233698255:46.496501818964404:23.492571379989208:1.481280169573585,4.746121290434838e-5
5,6,6,1:5:1,5:1:1,13454,7,2.8859788756169367e9:2.7752232948953104e9:3.964256049400834e8:2.1406925503956878e8:1.2028623868069963e8:1.5726633784993839e7:1.4309871936142543e7:150596.26696250902:124354.3021236417:33351.894199183924:8292.795739597897:6639.3172855977045:89.87156658243039:43.934644146434444:22.18636247020894:1.4515536523965302,4.9222720094920254e-5
5,6,6,2:5:1,5:2:1,13020,7,2.0138117998192856e9:1.9336892821969583e9:2.747625011215712e8:1.4780687648501965e8:8.266164593554743e7:1.0813860071253063e7:9.851331577819921e6:116427.62547374616:95893.72712091966:25552.865550162016:6350.954945660051:5091.040991774767:77.09221981027737:37.50492097343349:18.912565832032175:1.371293270835761,5.450959522551932e-5
5,6,6,3:5:1,5:3:1,6510,7,1.1876358516594818e9:1.1382256997254133e9:1.606428600992389e8:8.59958204161133e7:4.780022924049815e7:6.258370822073968e6:5.710423978920544e6:79820.4397911419:65523.87990746476:17316.620303066393:4301.175130657741:3454.088537215085:61.62610129540779:29.75297388736219:14.974585468610176:1.260741066668569,6.332798132093506e-5
5,6,6,-3:-5:2,5:3:2,6300,7,7.385592133519708e8:7.288137019167138e8:1.1522699950909737e8:6.6805232258565806e7:4.065186876363524e7:5.3064024071866125e6:4.761193921202508e6:57583.41206910684:49688.3996279496:15028.871795958601:3761.9211082308475:2981.109826093877:53.32778330156907:26.280151643745796:13.594522619907208:1.2015868569746895,7.419421617563714e-5
5,6,6,-2:-5:2,5:2:2,12600,7,1.1628566452297597e9:1.1540489434851677e9:1.8712885127204606e8:1.1029586089727604e8:6.819121125201578e7:8.927480602473758e6:7.998212818095904e6:79840.58653533628:69603.40132498834:21619.64860834824:5436.148235895068:4298.740724168944:65.17363035333594:32.48402238380779:16.898669148010583:1.2984507467603132,6.54896761761097e-5
5,6,6,-1:-5:2,5:2:1,13020,7,1.5746100768288152e9:1.5692641075817194e9:2.5954323069296038e8:1.5487367830958524e8:9.683911262874909e7:1.2718449884224985e7:1.1386195836309781e7:99350.93164543717:87277.56015544091:27657.269566788706:6981.163642670423:5513.806342336222:74.62873847467367:37.48360108392252:19.5825554432983:1.3675666912665947,6.0292160553271705e-5
5,6,6,0:-5:2,5:2:0,13440,7,1.7525478480832913e9:1.7493357837697248e9:2.915483714350713e8:1.7477567739790872e8:1.0973191978108945e8:1.4432402288115397e7:1.2918132465797897e7:107336.0988261917:94563.59225310065:30192.90387721782:7633.161970216742:6026.491592137227:78.31078878633738:39.44152393499591:20.638604684374634:1.3929000332261852,5.8565129271644325e-5
5,6,6,1:-5:2,5:2:1,13020,7,1.574610076828817e9:1.5692641075817206e9:2.5954323069296032e8:1.5487367830958527e8:9.683911262874909e7:1.2718449884224992e7:1.1386195836309774e7:99350.9316454377:87277.56015543899:27657.269566787334:6981.163642674959:5513.806342333938:74.62873847446666:37.48360108448511:19.582555405481642:1.3675667061115553,6.029216055327119e-5
5,6,6,2:-5:2,5:2:2,12600,7,1.1628566452297592e9:1.1540489434851673e9:1.871288512720459e8:1.10295860897276e8:6.819121125201578e7:8.927480602473758e6:7.998212818095901e6:79840.58653533764:69603.40132498821:21619.648608346477:5436.148235895843:4298.740724164935:65.17363035446873:32.4840223864162:16.898669145628546:1.2984507492167552,6.548967617611e-5
5,6,6,3:-5:2,5:3:2,6300,7,7.385592133519707e8:7.288137019167136e8:1.1522699950909737e8:6.680523225856573e7:4.065186876363523e7:5.306402407186611e6:4.761193921202506e6:57583.41206910684:49688.39962794937:15028.87179595654:3761.921108231127:2981.109826090936:53.32778329356392:26.28015164153367:13.594522622945663:1.2015868571535597,7.419421617563653e-5
5,6,6,-3:-4:2,4:3:2,12600,7,1.7525478480832918e9:1.7493357837697253e9:2.915483714350712e8:1.7477567739790875e8:1.097319197810894e8:1.4432402288115397e7:1.2918132465797909e7:107336.09882619105:94563.59225310123:30192.903877218134:7633.16197021587:6026.491592137437:78.31078878567064:39.44152393635301:20.63860469301315:1.3929000328160013,5.85651292716443e-5
5,6,6,-2:-4:2,4:2:2,25200,7,3.1837832332714725e9:3.1597283619075627e9:5.577398514240266e8:3.437895272774911e8:2.2088690811963025e8:2.94016335344626e7:2.631198442932027e7:164447.6224044123:147443.71083814392:49315.243324810974:12607.95444511471:9940.263724292576:102.41675317534303:52.40482844659399:27.699208495753254:1.5419460891237966,4.998665615553727e-5
5,6,6,-1:-4:2,4:2:1,26040,7,4.814706276780699e9:4.743715116519704e9:8.816335859258959e8:5.552238454520308e8:3.6233174132014483e8:4.891673522993292e7:4.3823342249038264e7:220967.66813654263:200903.14854311597:69766.66327718485:18038.02742755561:14221.46780258737:123.67712373485979:64.03858430457355:34.13379941316678:1.6554047946890984,4.490524683120182e-5
5,6,6,0:-4:2,4:2:0,26880,7,5.588143787001818e9:5.490579184619249e9:1.042416007662043e9:6.618135662260777e8:4.341675309909537e8:5.9016106709347084e7:5.290877033681201e7:245836.69459905464:224727.22316008154:79200.46978262883:20580.139457930658:16230.231657729313:132.47327912503565:68.90538634858328:36.8524101551485:1.6986847436797599,4.322761959512653e-5
5,6,6,1:-4:2,4:2:1,26040,7,4.814706276780695e9:4.743715116519702e9:8.816335859258956e8:5.552238454520304e8:3.6233174132014495e8:4.8916735229932934e7:4.382334224903828e7:220967.66813654514:200903.14854311245:69766.66327719543:18038.027427568093:14221.467802591194:123.67712380042647:64.03858431909791:34.13379939889165:1.655404751822888,4.490524683120226e-5
5,6,6,2:-4:2,4:2:2,25200,7,3.1837832332714763e9:3.159728361907564e9:5.577398514240266e8:3.437895272774906e8:2.2088690811963022e8:2.9401633534462634e7:2.6311984429320287e7:164447.62240441228:147443.71083813655:49315.24332481996:12607.954445111687:9940.263724312736:102.41675316318485:52.404828453883624:27.699208499005305:1.5419460925543604,4.998665615553677e-5
5,6,6,3:-4:2,4:3:2,12600,7,1.7525478480832908e9:1.7493357837697256e9:2.9154837143507135e8:1.7477567739790875e8:1.097319197810894e8:1.4432402288115397e7:1.2918132465797914e7:107336.09882619116:94563.59225310074:30192.90387721649:7633.1619702132775:6026.491592135688:78.31078878461463:39.44152394032066:20.63860467435528:1.3929000353558239,5.856512927164397e-5
5,6,6,-5:-3:2,5:3:2,6300,7,7.385592133519707e8:7.288137019167141e8:1.152269995090974e8:6.6805232258565776e7:4.065186876363521e7:5.306402407186614e6:4.761193921202508e6:57583.412069106154:49688.39962795032:15028.87179595774:3761.921108231283:2981.109826091126:53.32778329673178:26.28015164237913:13.594522620039784:1.201586857533249,7.419421617563684e-5
5,6,6,-4:-3:2,4:3:2,12600,7,1.7525478480832906e9:1.7493357837697241e9:2.915483714350713e8:1.7477567739790872e8:1.097319197810894e8:1.4432402288115397e7:1.2918132465797901e7:107336.09882619162:94563.59225310765:30192.90387721823:7633.161970216421:6026.491592138236:78.31078878833146:39.44152393278152:20.63860467875572:1.392900031702997,5.856512927164618e-5
5,6,6,-3:-3:2,3:3:2,19350,7,4.1725283701834207e9:4.1216416789810243e9:7.51585943659972e8:4.6973618039858615e8:3.049331625301602e8:4.0936973098996006e7:3.665575840378744e7:199470.76867834406:180452.48093420634:61821.526379611816:15915.279803019655:12546.379611934179:115.82153194965944:59.71853472772335:31.733777388532072:1.615061360375282,4.659174124043133e-5
5,6,6,-2:-3:2,3:2:2,26100,7,9.09046776672413e9:8.848156530195541e9:1.8245675363413136e9:1.1903472719192355e9:7.922358814363202e8:1.111187932725657e8:1.0000884114977469e8:348782.9164602083:324982.24352850224:120806.46292368897:32069.698365493616:25350.530717053596:166.36160708724543:87.9442178625325:47.63631280654934:1.8503246516566716,3.826478947344491e-5
5,6,6,-1:-3:2,3:2:1,26970,7,1.5882370821565811e10:1.5291581100324537e10:3.584132579381693e9:2.4115940540699134e9:1.6157670814865658e9:2.410846521425624e8:2.188311836110199e8:523378.4631411947:499557.7848755404:199562.77848453086:55070.41127935761:43824.72158091192:217.76106951333855:117.69855573934599:64.95655290268665:2.0476569586208253,3.346362700368562e-5
5,6,6,0:-3:2,3:2:0,27840,7,1.9493544316857918e10:1.8699461414585003e10:4.64970910017535e9:3.162360283263257e9:2.114908537183805e9:3.261496463775101e8:2.973986439841053e8:608851.8320043398:586428.8830143678:241312.71729368932:67950.68134577048:54295.82276183905:241.06617379638536:131.5453996468703:73.20988711792201:2.1279762187031825,3.191947588389316e-5
5,6,6,1:-3:2,3:2:1,26970,7,1.5882370821565825e10:1.5291581100324535e10:3.584132579381693e9:2.411594054069915e9:1.615767081486565e9:2.410846521425621e8:2.1883118361102027e8:523378.4631411934:499557.7848755275:199562.778484408:55070.4112793067:43824.72158067423:217.76106918278043:117.69855575288264:64.95655299840446:2.0476570180045788,3.346362700368297e-5
5,6,6,2:-3:2,3:2:2,26100,7,9.09046776672413e9:8.848156530195543e9:1.8245675363413134e9:1.190347271919234e9:7.922358814363202e8:1.1111879327256595e8:1.0000884114977472e8:348782.91646020795:324982.24352851725:120806.46292367406:32069.69836552556:25350.5307170222:166.36160702671373:87.94421787517908:47.63631277519984:1.8503246259556207,3.82647894734454e-5
5,6,6,3:-3:2,3:3:2,19350,7,4.1725283701834207e9:4.1216416789810243e9:7.515859436599723e8:4.697361803985863e8:3.049331625301603e8:4.093697309899601e7:3.6655758403787434e7:199470.76867834255:180452.48093418733:61821.526379606265:15915.279803019894:12546.37961192732:115.82153194900312:59.71853471146834:31.7337773681616:1.6150613921193935,4.65917412404288e-5
5,6,6,4:-3:2,4:3:2,12600,7,1.7525478480832906e9:1.7493357837697241e9:2.915483714350713e8:1.7477567739790872e8:1.097319197810894e8:1.4432402288115397e7:1.2918132465797901e7:107336.09882619162:94563.59225310765:30192.90387721823:7633.161970216421:6026.491592138236:78.31078878833146:39.44152393278152:20.63860467875572:1.392900031702997,5.856512927164618e-5
5,6,6,5:-3:2,5:3:2,6300,7,7.385592133519704e8:7.288137019167137e8:1.1522699950909735e8:6.68052322585657e7:4.065186876363521e7:5.306402407186621e6:4.761193921202509e6:57583.41206910654:49688.39962795047:15028.871795958532:3761.921108231597:2981.1098260919916:53.327783298597836:26.28015164161164:13.594522621804133:1.201586857066398,7.419421617563742e-5
5,6,6,-5:-2:2,5:2:2,12600,7,1.1628566452297595e9:1.1540489434851675e9:1.8712885127204603e8:1.1029586089727604e8:6.819121125201577e7:8.927480602473766e6:7.998212818095907e6:79840.58653533594:69603.40132498665:21619.648608347135:5436.148235894015:4298.740724165856:65.17363035781986:32.484022390828564:16.898669138764532:1.2984507545568806,6.548967617610869e-5
5,6,6,-4:-2:2,4:2:2,25200,7,3.183783233271476e9:3.159728361907564e9:5.577398514240266e8:3.4378952727749103e8:2.2088690811963013e8:2.9401633534462586e7:2.631198442932028e7:164447.622404412:147443.7108381399:49315.243324815616:12607.954445122177:9940.263724311759:102.41675318294915:52.40482845057818:27.699208487594962:1.5419460930360964,4.99866561555371e-5
5,6,6,-3:-2:2,3:2:2,26100,7,9.090467766724133e9:8.848156530195545e9:1.824567536341314e9:1.1903472719192357e9:7.922358814363204e8:1.1111879327256572e8:1.0000884114977467e8:348782.916460209:324982.2435284584:120806.46292358598:32069.698365509055:25350.530717055914:166.361607090131:87.94421789244657:47.63631277584051:1.850324659641003,3.826478947344083e-5
5,6,6,-2:-2:2,2:2:2,27000,7,2.4178949995805187e10:2.3115683434219673e10:6.169455095355908e9:4.2421541715482774e9:2.82247493727251e9:4.5424284468707967e8:4.1662638428838e8:715309.5268483205:695362.8314923974:295762.7393353945:85504.68743356022:68706.08101581718:268.8210818491408:148.33592027537907:83.38294754722943:2.2180202770662345,3.041514282230193e-5
5,6,6,-1:-2:2,2:2:1,27900,7,4.9290736111370186e10:4.70774203102678e10:1.7095655473028532e10:1.2292264464453402e10:7.855692645878299e9:1.5766812823273718e9:1.488388271003164e9:1.2563953608075075e6:1.2444859878204623e6:597630.2618197862:201302.95342727384:167297.84269683048:393.8816467167134:228.42149056604316:134.47223092479055:2.572117449720594,2.6251455150868018e-5
5,6,6,0:-2:2,2:2:0,28800,7,6.373761412531196e10:6.150736377613859e10:2.557222366454882e10:1.9038618558343052e10:1.198294286270847e10:2.711453518726385e9:2.596873711568116e9:1.5767561641322705e6:1.551324063458205e6:779595.5334967142:290992.58912603237:247125.79477596347:457.7770661157556:272.5795402444184:164.5689943087443:2.732037681424101,2.5019838050225633e-5
5,6,6,1:-2:2,2:2:1,27900,7,4.929073611137021e10:4.707742031026781e10:1.7095655473028542e10:1.229226446445341e10:7.8556926458783245e9:1.5766812823273706e9:1.4883882710031664e9:1.2563953608074323e6:1.244485987820152e6:597630.2618189973:201302.95342753542:167297.8426986184:393.8816482712671:228.42149021148595:134.472228900026:2.5721175242986885,2.6251455150863572e-5
5,6,6,2:-2:2,2:2:2,27000,7,2.4178949995805183e10:2.3115683434219673e10:6.169455095355908e9:4.2421541715482774e9:2.8224749372725096e9:4.542428446870804e8:4.166263842883796e8:715309.52684832:695362.8314924932:295762.7393354309:85504.68743372484:68706.0810157586:268.82108176765473:148.335920379168:83.38294770976398:2.218020277505903,3.0415142822304357e-5
5,6,6,3:-2:2,3:2:2,26100,7,9.09046776672413e9:8.848156530195545e9:1.8245675363413134e9:1.1903472719192352e9:7.922358814363203e8:1.1111879327256578e8:1.0000884114977464e8:348782.9164602096:324982.2435284936:120806.46292368635:32069.69836549397:25350.530717050853:166.3616070962364:87.94421785445618:47.6363127650463:1.8503246503828599,3.8264789473444475e-5
5,6,6,4:-2:2,4:2:2,25200,7,3.183783233271473e9:3.1597283619075627e9:5.577398514240265e8:3.4378952727749074e8:2.2088690811963016e8:2.9401633534462597e7:2.6311984429320294e7:164447.62240441126:147443.71083813196:49315.24332481773:12607.954445108986:9940.263724316772:102.41675318224536:52.40482845539702:27.699208481820182:1.541946095111586,4.998665615553587e-5
5,6,6,5:-2:2,5:2:2,12600,7,1.1628566452297592e9:1.1540489434851675e9:1.87128851272046e8:1.1029586089727601e8:6.819121125201574e7:8.927480602473754e6:7.998212818095899e6:79840.58653533559:69603.4013249882:21619.648608348427:5436.148235894951:4298.740724164874:65.17363035882265:32.48402239390954:16.898669147517765:1.2984507499997802,6.548967617610928e-5
5,6,6,-5:-1:2,5:2:1,13020,7,1.5746100768288164e9:1.5692641075817218e9:2.5954323069296038e8:1.5487367830958533e8:9.683911262874906e7:1.271844988422498e7:1.1386195836309768e7:99350.93164543727:87277.56015544059:27657.26956678414:6981.163642670176:5513.806342335674:74.6287384776712:37.483601079365236:19.58255545333573:1.3675666902994585,6.0292160553271136e-5
5,6,6,-4:-1:2,4:2:1,26040,7,4.8147062767807e9:4.743715116519705e9:8.816335859258958e8:5.552238454520308e8:3.62331741320145e8:4.891673522993297e7:4.382334224903824e7:220967.66813654537:200903.14854310753:69766.66327720151:18038.027427552734:14221.467802601403:123.67712374351878:64.03858429389425:34.133799346082405:1.6554047616239682,4.490524683120192e-5
5,6,6,-3:-1:2,3:2:1,26970,7,1.5882370821565815e10:1.5291581100324537e10:3.5841325793816924e9:2.411594054069916e9:1.6157670814865654e9:2.410846521425622e8:2.1883118361102006e8:523378.4631411973:499557.78487550706:199562.77848444573:55070.41127926959:43824.72158078915:217.76106949567733:117.69855549572489:64.95655297055303:2.0476569217426097,3.346362700368311e-5
5,6,6,-2:-1:2,2:2:1,27900,7,4.9290736111370224e10:4.707742031026781e10:1.7095655473028538e10:1.2292264464453403e10:7.855692645878304e9:1.5766812823273726e9:1.4883882710031667e9:1.2563953608074936e6:1.2444859878202095e6:597630.2618197884:201302.95342773022:167297.84269857706:393.8816470557281:228.42149008039428:134.4722295786023:2.572117646988474,2.6251455150868397e-5
5,6,6,2:-1:2,2:2:1,27900,7,4.9290736111370186e10:4.70774203102678e10:1.7095655473028543e10:1.2292264464453402e10:7.8556926458783e9:1.5766812823273723e9:1.4883882710031648e9:1.2563953608073867e6:1.2444859878202213e6:597630.261818584:201302.95342797597:167297.84269878446:393.8816467336052:228.42148993492296:134.47223190226336:2.5721174806307037,2.625145515086283e-5
5,6,6,3:-1:2,3:2:1,26970,7,1.5882370821565823e10:1.5291581100324537e10:3.5841325793816924e9:2.4115940540699153e9:1.6157670814865642e9:2.4108465214256215e8:2.1883118361102018e8:523378.46314119507:499557.7848755189:199562.77848446285:55070.41127928803:43824.72158087439:217.76106947184164:117.6985553595155:64.95655260773452:2.047656969691574,3.3463627003683865e-5
5,6,6,4:-1:2,4:2:1,26040,7,4.8147062767807e9:4.743715116519704e9:8.816335859258955e8:5.552238454520308e8:3.62331741320145e8:4.8916735229932904e7:4.382334224903821e7:220967.668136544:200903.14854312022:69766.66327720898:18038.027427574016:14221.467802601808:123.67712375293385:64.03858431719469:34.133799317204975:1.655404763926624,4.490524683120342e-5
5,6,6,5:-1:2,5:2:1,13020,7,1.5746100768288162e9:1.5692641075817204e9:2.5954323069296038e8:1.548736783095853e8:9.683911262874909e7:1.2718449884224977e7:1.1386195836309776e7:99350.93164543682:87277.5601554377:27657.269566791118:6981.163642671624:5513.806342336785:74.62873847641352:37.48360108421146:19.582555443862354:1.3675666963408704,6.029216055327089e-5
5,6,6,-5:0:2,5:2:0,13440,7,1.7525478480832906e9:1.7493357837697248e9:2.915483714350713e8:1.7477567739790866e8:1.0973191978108947e8:1.4432402288115399e7:1.2918132465797896e7:107336.09882619153:94563.59225310074:30192.903877213106:7633.161970218998:6026.491592136065:78.31078878661779:39.44152393593592:20.63860468463776:1.3929000330223806,5.856512927164396e-5
5,6,6,-4:0:2,4:2:0,26880,7,5.588143787001822e9:5.49057918461925e9:1.0424160076620429e9:6.61813566226078e8:4.3416753099095404e8:5.90161067093471e7:5.2908770336812034e7:245836.69459905516:224727.22316008122:79200.46978262223:20580.139457924524:16230.231657727154:132.4732791413047:68.90538634965183:36.85241016075106:1.6986847475299403,4.3227619595126275e-5
5,6,6,-3:0:2,3:2:0,27840,7,1.949354431685791e10:1.8699461414584995e10:4.64970910017535e9:3.162360283263258e9:2.1149085371838048e9:3.261496463775099e8:2.973986439841053e8:608851.832004336:586428.8830143908:241312.71729370422:67950.68134575489:54295.82276183593:241.06617357536723:131.54539960561752:73.20988713511125:2.1279762008721055,3.191947588389372e-5
5,6,6,-2:0:2,2:2:0,28800,7,6.373761412531195e10:6.1507363776138596e10:2.557222366454882e10:1.903861855834305e10:1.1982942862708467e10:2.7114535187263846e9:2.5968737115681157e9:1.5767561641321923e6:1.551324063458227e6:779595.5334962807:290992.58912617934:247125.79477600814:457.777066485573:272.57954013600494:164.56899412766654:2.7320376847488776,2.5019838050223983e-5
5,6,6,2:0:2,2:2:0,28800,7,6.373761412531194e10:6.15073637761386e10:2.557222366454882e10:1.9038618558343044e10:1.198294286270847e10:2.711453518726384e9:2.596873711568116e9:1.5767561641322058e6:1.551324063458035e6:779595.533496599:290992.5891267503:247125.7947765808:457.77706622670263:272.5795401547933:164.56899408879957:2.732037677572279,2.501983805022522e-5
5,6,6,3:0:2,3:2:0,27840,7,1.9493544316857933e10:1.8699461414584995e10:4.649709100175351e9:3.1623602832632537e9:2.1149085371838057e9:3.2614964637751025e8:2.973986439841052e8:608851.8320043356:586428.883014409:241312.71729362741:67950.68134566538:54295.82276198471:241.06617357923577:131.54539970070454:73.20988714815272:2.1279762011308723,3.191947588389345e-5
5,6,6,4:0:2,4:2:0,26880,7,5.58814378700182e9:5.490579184619249e9:1.0424160076620427e9:6.618135662260776e8:4.34167530990954e8:5.901610670934713e7:5.290877033681204e7:245836.69459905574:224727.22316008227:79200.46978260267:20580.139457880654:16230.231657743481:132.47327913894904:68.90538635643864:36.85241016134832:1.6986847475746323,4.322761959512563e-5
5,6,6,5:0:2,5:2:0,13440,7,1.7525478480832908e9:1.7493357837697248e9:2.9154837143507123e8:1.7477567739790872e8:1.0973191978108947e8:1.4432402288115395e7:1.2918132465797896e7:107336.09882619146:94563.59225310097:30192.903877212946:7633.161970217563:6026.491592137346:78.31078878673513:39.44152393405851:20.63860468481225:1.39290003298432,5.856512927164396e-5
5,6,6,-5:1:2,5:2:1,13020,7,1.5746100768288164e9:1.5692641075817218e9:2.5954323069296038e8:1.5487367830958533e8:9.683911262874906e7:1.271844988422498e7:1.1386195836309768e7:99350.93164543727:87277.56015544059:27657.26956678414:6981.163642670176:5513.806342335674:74.6287384776712:37.483601079365236:19.58255545333573:1.3675666902994585,6.0292160553271136e-5
5,6,6,-4:1:2,4:2:1,26040,7,4.8147062767807e9:4.743715116519705e9:8.816335859258958e8:5.552238454520308e8:3.62331741320145e8:4.891673522993297e7:4.382334224903824e7:220967.66813654537:200903.14854310753:69766.66327720151:18038.027427552734:14221.467802601403:123.67712374351878:64.03858429389425:34.133799346082405:1.6554047616239682,4.490524683120192e-5
5,6,6,-3:1:2,3:2:1,26970,7,1.5882370821565815e10:1.5291581100324537e10:3.5841325793816924e9:2.411594054069916e9:1.6157670814865654e9:2.410846521425622e8:2.1883118361102006e8:523378.4631411973:499557.78487550706:199562.77848444573:55070.41127926959:43824.72158078915:217.76106949567733:117.69855549572489:64.95655297055303:2.0476569217426097,3.346362700368311e-5
5,6,6,-2:1:2,2:2:1,27900,7,4.9290736111370224e10:4.707742031026781e10:1.7095655473028538e10:1.2292264464453403e10:7.855692645878304e9:1.5766812823273726e9:1.4883882710031667e9:1.2563953608074936e6:1.2444859878202095e6:597630.2618197884:201302.95342773022:167297.84269857706:393.8816470557281:228.42149008039428:134.4722295786023:2.572117646988474,2.6251455150868397e-5
5,6,6,2:1:2,2:2:1,27900,7,4.9290736111370186e10:4.70774203102678e10:1.7095655473028543e10:1.2292264464453402e10:7.8556926458783e9:1.5766812823273723e9:1.4883882710031648e9:1.2563953608073867e6:1.2444859878202213e6:597630.261818584:201302.95342797597:167297.84269878446:393.8816467336052:228.42148993492296:134.47223190226336:2.5721174806307037,2.625145515086283e-5
5,6,6,3:1:2,3:2:1,26970,7,1.5882370821565823e10:1.5291581100324537e10:3.5841325793816924e9:2.4115940540699153e9:1.6157670814865642e9:2.4108465214256215e8:2.1883118361102018e8:523378.46314119507:499557.7848755189:199562.77848446285:55070.41127928803:43824.72158087439:217.76106947184164:117.6985553595155:64.95655260773452:2.047656969691574,3.3463627003683865e-5
5,6,6,4:1:2,4:2:1,26040,7,4.8147062767807e9:4.743715116519704e9:8.816335859258955e8:5.552238454520308e8:3.62331741320145e8:4.8916735229932904e7:4.382334224903821e7:220967.668136544:200903.14854312022:69766.66327720898:18038.027427574016:14221.467802601808:123.67712375293385:64.03858431719469:34.133799317204975:1.655404763926624,4.490524683120342e-5
5,6,6,5:1:2,5:2:1,13020,7,1.5746100768288162e9:1.5692641075817204e9:2.5954323069296038e8:1.548736783095853e8:9.683911262874909e7:1.2718449884224977e7:1.1386195836309776e7:99350.93164543682:87277.5601554377:27657.269566791118:6981.163642671624:5513.806342336785:74.62873847641352:37.48360108421146:19.582555443862354:1.3675666963408704,6.029216055327089e-5
5,6,6,-5:2:2,5:2:2,12600,7,1.1628566452297595e9:1.1540489434851675e9:1.8712885127204603e8:1.1029586089727604e8:6.819121125201577e7:8.927480602473766e6:7.998212818095907e6:79840.58653533594:69603.40132498665:21619.648608347135:5436.148235894015:4298.740724165856:65.17363035781986:32.484022390828564:16.898669138764532:1.2984507545568806,6.548967617610869e-5
5,6,6,-4:2:2,4:2:2,25200,7,3.183783233271476e9:3.159728361907564e9:5.577398514240266e8:3.4378952727749103e8:2.2088690811963013e8:2.9401633534462586e7:2.631198442932028e7:164447.622404412:147443.7108381399:49315.243324815616:12607.954445122177:9940.263724311759:102.41675318294915:52.40482845057818:27.699208487594962:1.5419460930360964,4.99866561555371e-5
5,6,6,-3:2:2,3:2:2,26100,7,9.090467766724133e9:8.848156530195545e9:1.824567536341314e9:1.1903472719192357e9:7.922358814363204e8:1.1111879327256572e8:1.0000884114977467e8:348782.916460209:324982.2435284584:120806.46292358598:32069.698365509055:25350.530717055914:166.361607090131:87.94421789244657:47.63631277584051:1.850324659641003,3.826478947344083e-5
5,6,6,-2:2:2,2:2:2,27000,7,2.4178949995805187e10:2.3115683434219673e10:6.169455095355908e9:4.2421541715482774e9:2.82247493727251e9:4.5424284468707967e8:4.1662638428838e8:715309.5268483205:695362.8314923974:295762.7393353945:85504.68743356022:68706.08101581718:268.8210818491408:148.33592027537907:83.38294754722943:2.2180202770662345,3.041514282230193e-5
5,6,6,-1:2:2,2:2:1,27900,7,4.9290736111370186e10:4.70774203102678e10:1.7095655473028532e10:1.2292264464453402e10:7.855692645878299e9:1.5766812823273718e9:1.488388271003164e9:1.2563953608075075e6:1.2444859878204623e6:597630.2618197862:201302.95342727384:167297.84269683048:393.8816467167134:228.42149056604316:134.47223092479055:2.572117449720594,2.6251455150868018e-5
5,6,6,0:2:2,2:2:0,28800,7,6.373761412531196e10:6.150736377613859e10:2.557222366454882e10:1.9038618558343052e10:1.198294286270847e10:2.711453518726385e9:2.596873711568116e9:1.5767561641322705e6:1.551324063458205e6:779595.5334967142:290992.58912603237:247125.79477596347:457.7770661157556:272.5795402444184:164.5689943087443:2.732037681424101,2.5019838050225633e-5
5,6,6,1:2:2,2:2:1,27900,7,4.929073611137021e10:4.707742031026781e10:1.7095655473028542e10:1.229226446445341e10:7.8556926458783245e9:1.5766812823273706e9:1.4883882710031664e9:1.2563953608074323e6:1.244485987820152e6:597630.2618189973:201302.95342753542:167297.8426986184:393.8816482712671:228.42149021148595:134.472228900026:2.5721175242986885,2.6251455150863572e-5
5,6,6,2:2:2,2:2:2,27000,7,2.4178949995805183e10:2.3115683434219673e10:6.169455095355908e9:4.2421541715482774e9:2.8224749372725096e9:4.542428446870804e8:4.166263842883796e8:715309.52684832:695362.8314924932:295762.7393354309:85504.68743372484:68706.0810157586:268.82108176765473:148.335920379168:83.38294770976398:2.218020277505903,3.0415142822304357e-5
5,6,6,3:2:2,3:2:2,26100,7,9.09046776672413e9:8.848156530195545e9:1.8245675363413134e9:1.1903472719192352e9:7.922358814363203e8:1.1111879327256578e8:1.0000884114977464e8:348782.9164602096:324982.2435284936:120806.46292368635:32069.69836549397:25350.530717050853:166.3616070962364:87.94421785445618:47.6363127650463:1.8503246503828599,3.8264789473444475e-5
5,6,6,4:2:2,4:2:2,25200,7,3.183783233271473e9:3.1597283619075627e9:5.577398514240265e8:3.4378952727749074e8:2.2088690811963016e8:2.9401633534462597e7:2.6311984429320294e7:164447.62240441126:147443.71083813196:49315.24332481773:12607.954445108986:9940.263724316772:102.41675318224536:52.40482845539702:27.699208481820182:1.541946095111586,4.998665615553587e-5
5,6,6,5:2:2,5:2:2,12600,7,1.1628566452297592e9:1.1540489434851675e9:1.87128851272046e8:1.1029586089727601e8:6.819121125201574e7:8.927480602473754e6:7.998212818095899e6:79840.58653533559:69603.4013249882:21619.648608348427:5436.148235894951:4298.740724164874:65.17363035882265:32.48402239390954:16.898669147517765:1.2984507499997802,6.548967617610928e-5
5,6,6,-5:3:2,5:3:2,6300,7,7.385592133519707e8:7.288137019167141e8:1.152269995090974e8:6.6805232258565776e7:4.065186876363521e7:5.306402407186614e6:4.761193921202508e6:57583.412069106154:49688.39962795032:15028.87179595774:3761.921108231283:2981.109826091126:53.32778329673178:26.28015164237913:13.594522620039784:1.201586857533249,7.419421617563684e-5
5,6,6,-4:3:2,4:3:2,12600,7,1.7525478480832906e9:1.7493357837697241e9:2.915483714350713e8:1.7477567739790872e8:1.097319197810894e8:1.4432402288115397e7:1.2918132465797901e7:107336.09882619162:94563.59225310765:30192.90387721823:7633.161970216421:6026.491592138236:78.31078878833146:39.44152393278152:20.63860467875572:1.392900031702997,5.856512927164618e-5
5,6,6,-3:3:2,3:3:2,19350,7,4.1725283701834207e9:4.1216416789810243e9:7.51585943659972e8:4.6973618039858615e8:3.049331625301602e8:4.0936973098996006e7:3.665575840378744e7:199470.76867834406:180452.48093420634:61821.526379611816:15915.279803019655:12546.379611934179:115.82153194965944:59.71853472772335:31.733777388532072:1.615061360375282,4.659174124043133e-5
5,6,6,-2:3:2,3:2:2,26100,7,9.09046776672413e9:8.848156530195541e9:1.8245675363413136e9:1.1903472719192355e9:7.922358814363202e8:1.111187932725657e8:1.0000884114977469e8:348782.9164602083:324982.24352850224:120806.46292368897:32069.698365493616:25350.530717053596:166.36160708724543:87.9442178625325:47.63631280654934:1.8503246516566716,3.826478947344491e-5
5,6,6,-1:3:2,3:2:1,26970,7,1.5882370821565811e10:1.5291581100324537e10:3.584132579381693e9:2.4115940540699134e9:1.6157670814865658e9:2.410846521425624e8:2.188311836110199e8:523378.4631411947:499557.7848755404:199562.77848453086:55070.41127935761:43824.72158091192:217.76106951333855:117.69855573934599:64.95655290268665:2.0476569586208253,3.346362700368562e-5
5,6,6,0:3:2,3:2:0,27840,7,1.9493544316857918e10:1.8699461414585003e10:4.64970910017535e9:3.162360283263257e9:2.114908537183805e9:3.261496463775101e8:2.973986439841053e8:608851.8320043398:586428.8830143678:241312.71729368932:67950.68134577048:54295.82276183905:241.06617379638536:131.5453996468703:73.20988711792201:2.1279762187031825,3.191947588389316e-5
5,6,6,1:3:2,3:2:1,26970,7,1.5882370821565825e10:1.5291581100324535e10:3.584132579381693e9:2.411594054069915e9:1.615767081486565e9:2.410846521425621e8:2.1883118361102027e8:523378.4631411934:499557.7848755275:199562.778484408:55070.4112793067:43824.72158067423:217.76106918278043:117.69855575288264:64.95655299840446:2.0476570180045788,3.346362700368297e-5
5,6,6,2:3:2,3:2:2,26100,7,9.09046776672413e9:8.848156530195543e9:1.8245675363413134e9:1.190347271919234e9:7.922358814363202e8:1.1111879327256595e8:1.0000884114977472e8:348782.91646020795:324982.24352851725:120806.46292367406:32069.69836552556:25350.5307170222:166.36160702671373:87.94421787517908:47.63631277519984:1.8503246259556207,3.82647894734454e-5
5,6,6,3:3:2,3:3:2,19350,7,4.1725283701834207e9:4.1216416789810243e9:7.515859436599723e8:4.697361803985863e8:3.049331625301603e8:4.093697309899601e7:3.6655758403787434e7:199470.76867834255:180452.48093418733:61821.526379606265:15915.279803019894:12546.37961192732:115.82153194900312:59.71853471146834:31.7337773681616:1.6150613921193935,4.65917412404288e-5
5,6,6,4:3:2,4:3:2,12600,7,1.7525478480832906e9:1.7493357837697241e9:2.915483714350713e8:1.7477567739790872e8:1.097319197810894e8:1.4432402288115397e7:1.2918132465797901e7:107336.09882619162:94563.59225310765:30192.90387721823:7633.161970216421:6026.491592138236:78.31078878833146:39.44152393278152:20.63860467875572:1.392900031702997,5.856512927164618e-5
5,6,6,5:3:2,5:3:2,6300,7,7.385592133519704e8:7.288137019167137e8:1.1522699950909735e8:6.68052322585657e7:4.065186876363521e7:5.306402407186621e6:4.761193921202509e6:57583.41206910654:49688.39962795047:15028.871795958532:3761.921108231597:2981.1098260919916:53.327783298597836:26.28015164161164:13.594522621804133:1.201586857066398,7.419421617563742e-5
5,6,6,-3:4:2,4:3:2,12600,7,1.7525478480832918e9:1.7493357837697253e9:2.915483714350712e8:1.7477567739790875e8:1.097319197810894e8:1.4432402288115397e7:1.2918132465797909e7:107336.09882619105:94563.59225310123:30192.903877218134:7633.16197021587:6026.491592137437:78.31078878567064:39.44152393635301:20.63860469301315:1.3929000328160013,5.85651292716443e-5
5,6,6,-2:4:2,4:2:2,25200,7,3.1837832332714725e9:3.1597283619075627e9:5.577398514240266e8:3.437895272774911e8:2.2088690811963025e8:2.94016335344626e7:2.631198442932027e7:164447.6224044123:147443.71083814392:49315.243324810974:12607.95444511471:9940.263724292576:102.41675317534303:52.40482844659399:27.699208495753254:1.5419460891237966,4.998665615553727e-5
5,6,6,-1:4:2,4:2:1,26040,7,4.814706276780699e9:4.743715116519704e9:8.816335859258959e8:5.552238454520308e8:3.6233174132014483e8:4.891673522993292e7:4.3823342249038264e7:220967.66813654263:200903.14854311597:69766.66327718485:18038.02742755561:14221.46780258737:123.67712373485979:64.03858430457355:34.13379941316678:1.6554047946890984,4.490524683120182e-5
5,6,6,0:4:2,4:2:0,26880,7,5.588143787001818e9:5.490579184619249e9:1.042416007662043e9:6.618135662260777e8:4.341675309909537e8:5.9016106709347084e7:5.290877033681201e7:245836.69459905464:224727.22316008154:79200.46978262883:20580.139457930658:16230.231657729313:132.47327912503565:68.90538634858328:36.8524101551485:1.6986847436797599,4.322761959512653e-5
5,6,6,1:4:2,4:2:1,26040,7,4.814706276780695e9:4.743715116519702e9:8.816335859258956e8:5.552238454520304e8:3.6233174132014495e8:4.8916735229932934e7:4.382334224903828e7:220967.66813654514:200903.14854311245:69766.66327719543:18038.027427568093:14221.467802591194:123.67712380042647:64.03858431909791:34.13379939889165:1.655404751822888,4.490524683120226e-5
5,6,6,2:4:2,4:2:2,25200,7,3.1837832332714763e9:3.159728361907564e9:5.577398514240266e8:3.437895272774906e8:2.2088690811963022e8:2.9401633534462634e7:2.6311984429320287e7:164447.62240441228:147443.71083813655:49315.24332481996:12607.954445111687:9940.263724312736:102.41675316318485:52.404828453883624:27.699208499005305:1.5419460925543604,4.998665615553677e-5
5,6,6,3:4:2,4:3:2,12600,7,1.7525478480832908e9:1.7493357837697256e9:2.9154837143507135e8:1.7477567739790875e8:1.097319197810894e8:1.4432402288115397e7:1.2918132465797914e7:107336.09882619116:94563.59225310074:30192.90387721649:7633.1619702132775:6026.491592135688:78.31078878461463:39.44152394032066:20.63860467435528:1.3929000353558239,5.856512927164397e-5
5,6,6,-3:5:2,5:3:2,6300,7,7.385592133519708e8:7.288137019167138e8:1.1522699950909737e8:6.6805232258565806e7:4.065186876363524e7:5.3064024071866125e6:4.761193921202508e6:57583.41206910684:49688.3996279496:15028.871795958601:3761.9211082308475:2981.109826093877:53.32778330156907:26.280151643745796:13.594522619907208:1.2015868569746895,7.419421617563714e-5
5,6,6,-2:5:2,5:2:2,12600,7,1.1628566452297597e9:1.1540489434851677e9:1.8712885127204606e8:1.1029586089727604e8:6.819121125201578e7:8.927480602473758e6:7.998212818095904e6:79840.58653533628:69603.40132498834:21619.64860834824:5436.148235895068:4298.740724168944:65.17363035333594:32.48402238380779:16.898669148010583:1.2984507467603132,6.54896761761097e-5
5,6,6,-1:5:2,5:2:1,13020,7,1.5746100768288152e9:1.5692641075817194e9:2.5954323069296038e8:1.5487367830958524e8:9.683911262874909e7:1.2718449884224985e7:1.1386195836309781e7:99350.93164543717:87277.56015544091:27657.269566788706:6981.163642670423:5513.806342336222:74.62873847467367:37.48360108392252:19.5825554432983:1.3675666912665947,6.0292160553271705e-5
5,6,6,0:5:2,5:2:0,13440,7,1.7525478480832913e9:1.7493357837697248e9:2.915483714350713e8:1.7477567739790872e8:1.0973191978108945e8:1.4432402288115397e7:1.2918132465797897e7:107336.0988261917:94563.59225310065:30192.90387721782:7633.161970216742:6026.491592137227:78.31078878633738:39.44152393499591:20.638604684374634:1.3929000332261852,5.8565129271644325e-5
5,6,6,1:5:2,5:2:1,13020,7,1.574610076828817e9:1.5692641075817206e9:2.5954323069296032e8:1.5487367830958527e8:9.683911262874909e7:1.2718449884224992e7:1.1386195836309774e7:99350.9316454377:87277.56015543899:27657.269566787334:6981.163642674959:5513.806342333938:74.62873847446666:37.48360108448511:19.582555405481642:1.3675667061115553,6.029216055327119e-5
5,6,6,2:5:2,5:2:2,12600,7,1.1628566452297592e9:1.1540489434851673e9:1.871288512720459e8:1.10295860897276e8:6.819121125201578e7:8.927480602473758e6:7.998212818095901e6:79840.58653533764:69603.40132498821:21619.648608346477:5436.148235895843:4298.740724164935:65.17363035446873:32.4840223864162:16.898669145628546:1.2984507492167552,6.548967617611e-5
5,6,6,3:5:2,5:3:2,6300,7,7.385592133519707e8:7.288137019167136e8:1.1522699950909737e8:6.680523225856573e7:4.065186876363523e7:5.306402407186611e6:4.761193921202506e6:57583.41206910684:49688.39962794937:15028.87179595654:3761.921108231127:2981.109826090936:53.32778329356392:26.28015164153367:13.594522622945663:1.2015868571535597,7.419421617563653e-5
5,6,6,-3:-5:3,5:3:3,3150,7,3.7542555863276345e8:3.6791590025508237e8:7.136328166376634e7:4.564185452045485e7:3.008584586015945e7:4.118807727364268e6:3.6961228919746126e6:35825.53639549021:32883.484674535845:11767.688801102347:3066.821188821896:2426.648286020333:42.994171333509115:21.80480564799488:11.74276473432304:1.1165707453181335,9.410184914942963e-5
5,6,6,-2:-5:3,5:3:2,6300,7,5.425281917066184e8:5.27871753994526e8:1.092830180636124e8:7.135719145935346e7:4.752085492540513e7:6.674878915977754e6:6.009408888474797e6:46686.05231844975:43491.03122421781:16217.277665039488:4301.302961488349:3409.1797833096457:50.95445408897175:26.25527423112339:14.283843408196764:1.1961097378767502,8.583394532132427e-5
5,6,6,-1:-5:3,5:3:1,6510,7,6.892732990882566e8:6.674850724105198e8:1.4531919544979164e8:9.61720530144138e7:6.432832809509612e7:9.243760944294581e6:8.347843558010144e6:55517.58968519267:52248.81239952247:20064.89002895214:5400.656299452448:4289.309684606332:57.02359471232244:29.70791179467493:16.2850475798701:1.2515830058873554,8.096527148306453e-5
5,6,6,0:-5:3,5:3:0,6720,7,7.490832819732184e8:7.242202855673494e8:1.6073326615210477e8:1.0686522762737887e8:7.154961340114927e7:1.0377652749532392e7:9.38383951898231e6:58979.69384507501:55709.15968755509:21625.13818364543:5854.958321776237:4654.463456551678:59.324149327834746:31.030103990198786:17.05827346652565:1.2716436331965257,7.936196220722632e-5
5,6,6,1:-5:3,5:3:1,6510,7,6.892732990882571e8:6.674850724105202e8:1.453191954497917e8:9.617205301441374e7:6.4328328095096156e7:9.243760944294611e6:8.347843558010131e6:55517.58968519244:52248.81239952188:20064.890028951293:5400.656299450619:4289.309684605941:57.023594718963864:29.707911795566822:16.285047565359974:1.2515830033684487,8.096527148306355e-5
5,6,6,2:-5:3,5:3:2,6300,7,5.42528191706618e8:5.2787175399452585e8:1.0928301806361237e8:7.135719145935336e7:4.752085492540511e7:6.67487891597777e6:6.009408888474796e6:46686.05231844968:43491.031224216684:16217.277665041824:4301.302961487978:3409.1797833105165:50.954454088048905:26.25527423043085:14.283843391484305:1.196109736869706,8.583394532132402e-5
5,6,6,3:-5:3,5:3:3,3150,7,3.754255586327633e8:3.6791590025508237e8:7.13632816637663e7:4.5641854520454876e7:3.008584586015946e7:4.1188077273642644e6:3.69612289197461e6:35825.53639549049:32883.48467453579:11767.688801101916:3066.8211888199817:2426.6482860198603:42.99417133074679:21.804805647718464:11.742764733413022:1.1165707462366101,9.410184914942948e-5
5,6,6,-3:-4:3,4:3:3,6300,7,7.49083281973219e8:7.242202855673496e8:1.6073326615210485e8:1.0686522762737885e8:7.154961340114924e7:1.03776527495324e7:9.38383951898231e6:58979.69384507412:55709.159687554034:21625.138183642524:5854.958321777634:4654.463456552303:59.32414932743591:31.03010398934004:17.058273457748243:1.2716436335877443,7.936196220722446e-5
5,6,6,-2:-4:3,4:3:2,12600,7,1.1681472263967435e9:1.1201231095555694e9:2.805903255894332e8:1.9102982238509217e8:1.2772080517787775e8:1.97774559451889e7:1.804572196369795e7:81749.92414910029:78752.62182734774:32535.135847815603:9172.738940204372:7346.617638094842:73.60361365324405:39.40412533492714:22.043504745889653:1.3866561382300366,7.153898204828182e-5
5,6,6,-1:-4:3,4:3:1,13020,7,1.56307280443843e9:1.4924032301330795e9:4.1293002920382386e8:2.8531495976105267e8:1.89173672123717e8:3.1145592663261104e7:2.8656453978525817e7:101747.48453057757:99230.18078442755:42897.989857062545:12565.764564262618:10144.38800863574:85.20567204300545:46.42596336960399:26.341555372894373:1.4707010505322027,6.705261527913344e-5
5,6,6,0:-4:3,4:3:0,13440,7,1.7299745368251011e9:1.6499601340469406e9:4.74672729445093e8:3.296921414245896e8:2.1762422566024208e8:3.676147186476145e7:3.394009215707409e7:109959.04320687252:107656.19668375191:47320.7279680472:14091.01115277812:11415.956310421809:89.76702806079217:49.24230275349812:28.095976490634804:1.5019533265542817,6.560320072308598e-5
5,6,6,1:-4:3,4:3:1,13020,7,1.563072804438429e9:1.4924032301330795e9:4.129300292038239e8:2.853149597610527e8:1.8917367212371698e8:3.114559266326111e7:2.8656453978525832e7:101747.48453057831:99230.18078443423:42897.98985709217:12565.764564271889:10144.38800866828:85.20567202028786:46.4259633638447:26.34155540987956:1.4707010453783702,6.705261527914085e-5
5,6,6,2:-4:3,4:3:2,12600,7,1.1681472263967438e9:1.1201231095555696e9:2.805903255894332e8:1.910298223850921e8:1.2772080517787772e8:1.9777455945188895e7:1.804572196369793e7:81749.92414909965:78752.62182734875:32535.135847807167:9172.738940200908:7346.6176381015475:73.60361363738909:39.404125332511896:22.04350474526388:1.386656136109805,7.153898204828062e-5
5,6,6,3:-4:3,4:3:3,6300,7,7.490832819732189e8:7.242202855673497e8:1.6073326615210474e8:1.0686522762737879e8:7.154961340114921e7:1.0377652749532387e7:9.383839518982297e6:58979.69384507463:55709.1596875594:21625.138183647676:5854.958321775791:4654.463456554557:59.32414933204241:31.030103991544955:17.058273465622598:1.2716436354973275,7.936196220722938e-5
5,6,6,-5:-3:3,5:3:3,3150,7,3.7542555863276356e8:3.679159002550823e8:7.136328166376632e7:4.5641854520454854e7:3.0085845860159453e7:4.1188077273642677e6:3.6961228919746084e6:35825.53639549024:32883.484674534484:11767.688801101553:3066.8211888196593:2426.6482860197175:42.994171330599634:21.804805648165576:11.742764734558516:1.1165707455551301,9.410184914942731e-5
5,6,6,-4:-3:3,4:3:3,6300,7,7.49083281973219e8:7.242202855673496e8:1.607332661521048e8:1.0686522762737887e8:7.154961340114921e7:1.0377652749532387e7:9.383839518982308e6:58979.693845074406:55709.15968755356:21625.138183659954:5854.958321777535:4654.4634565551405:59.32414932367481:31.030103993619168:17.058273464283367:1.2716436332759233,7.936196220722872e-5
5,6,6,-3:-3:3,3:3:3,12825,7,1.4153940417992437e9:1.3531569490483031e9:3.61199585876915e8:2.4832119950051546e8:1.6523624305725738e8:2.6590042754004482e7:2.4389550121092215e7:94380.39368319251:91673.59254290344:39007.566763275674:11263.012668352658:9065.037519974363:81.0174444345933:43.868004581336564:24.763303556527763:1.4411669487386474,6.852655927289416e-5
5,6,6,-2:-3:3,3:3:2,19350,7,2.3766318255573316e9:2.264434897722128e9:7.475706014591691e8:5.289912438361145e8:3.427125053351749e8:6.383150945649868e7:5.969183539331961e7:141181.925710935:139510.51918405792:64747.76962447606:20601.85106965372:16933.449496766687:106.19583035506079:59.661835716633774:34.74205455526866:1.6079184331382865,6.142795437425495e-5
5,6,6,-1:-3:3,3:3:1,19995,7,3.3252715475398235e9:3.1897412930405183e9:1.247393252938398e9:9.117032788337693e8:5.77286569517339e8:1.2338506479047793e8:1.173816286421771e8:187376.1879772417:185104.67283078423:91180.1569456491:32313.690523338577:27178.651794850335:128.18393502312298:74.35026212834073:44.54324630890229:1.7376076255067456,5.756594986044147e-5
5,6,6,0:-3:3,3:3:0,20640,7,3.7309860644846125e9:3.600423181099587e9:1.4969723133508966e9:1.1144160860743852e9:7.014907726548356e8:1.5871374188667145e8:1.5200993106485227e8:207956.96043841183:204488.84980339292:102783.33748088633:38328.47747146877:32577.158562016506:137.17911626013338:80.63648226714173:48.901040714865516:1.7877670775520722,5.635526542285536e-5
5,6,6,1:-3:3,3:3:1,19995,7,3.325271547539825e9:3.1897412930405173e9:1.2473932529383976e9:9.117032788337699e8:5.772865695173385e8:1.2338506479047804e8:1.1738162864217699e8:187376.18797724342:185104.67283080492:91180.1569456123:32313.69052334379:27178.651794880843:128.18393513086912:74.35026218215143:44.54324635954007:1.7376076755824184,5.7565949860442785e-5
5,6,6,2:-3:3,3:3:2,19350,7,2.376631825557334e9:2.264434897722128e9:7.475706014591691e8:5.289912438361147e8:3.427125053351749e8:6.383150945649856e7:5.9691835393319584e7:141181.92571093532:139510.51918407416:64747.76962445508:20601.851069670476:16933.449496800094:106.19583037562946:59.66183570860695:34.74205458452826:1.6079184327023612,6.14279543742575e-5
5,6,6,3:-3:3,3:3:3,12825,7,1.4153940417992446e9:1.3531569490483031e9:3.611995858769147e8:2.483211995005154e8:1.6523624305725744e8:2.6590042754004512e7:2.4389550121092223e7:94380.39368319171:91673.59254290309:39007.56676325249:11263.012668353202:9065.037519976047:81.01744443513594:43.86800458311216:24.763303542150606:1.4411669526129396,6.852655927289057e-5
5,6,6,4:-3:3,4:3:3,6300,7,7.49083281973219e8:7.242202855673496e8:1.607332661521048e8:1.0686522762737887e8:7.154961340114921e7:1.0377652749532387e7:9.383839518982308e6:58979.693845074406:55709.15968755356:21625.138183659954:5854.958321777535:4654.4634565551405:59.32414932367481:31.030103993619168:17.058273464283367:1.2716436332759233,7.936196220722872e-5
5,6,6,5:-3:3,5:3:3,3150,7,3.754255586327632e8:3.6791590025508213e8:7.136328166376631e7:4.564185452045486e7:3.008584586015945e7:4.1188077273642668e6:3.6961228919746107e6:35825.53639549007:32883.48467453518:11767.688801099815:3066.8211888222986:2426.6482860196325:42.99417132948381:21.804805648624427:11.742764733190103:1.1165707457855767,9.410184914942756e-5
5,6,6,-5:-2:3,5:3:2,6300,7,5.425281917066182e8:5.2787175399452615e8:1.0928301806361239e8:7.135719145935334e7:4.75208549254051e7:6.674878915977773e6:6.009408888474795e6:46686.052318449416:43491.031224217404:16217.277665031661:4301.302961489362:3409.179783307203:50.9544540851823:26.255274231859232:14.283843398866457:1.1961097383269654,8.583394532132104e-5
5,6,6,-4:-2:3,4:3:2,12600,7,1.1681472263967435e9:1.12012310955557e9:2.805903255894333e8:1.9102982238509205e8:1.277208051778777e8:1.9777455945188917e7:1.804572196369794e7:81749.92414909776:78752.62182734709:32535.135847724545:9172.738940203473:7346.617638081892:73.6036136450116:39.404125333570995:22.04350473630759:1.3866561377392066,7.153898204826491e-5
5,6,6,-3:-2:3,3:3:2,19350,7,2.376631825557333e9:2.2644348977221284e9:7.475706014591694e8:5.289912438361146e8:3.4271250533517474e8:6.383150945649873e7:5.9691835393319555e7:141181.9257109359:139510.51918405326:64747.76962449549:20601.851069642245:16933.44949678466:106.19583035379375:59.66183567628159:34.74205458891969:1.607918439058031,6.142795437425604e-5
5,6,6,-2:-2:3,3:2:2,26100,7,4.1901503905613976e9:4.08167521953652e9:1.8034957192905798e9:1.377298845119365e9:8.645630424116458e8:2.083848606481035e8:2.010095322424835e8:232234.9194823849:226468.5167449343:116118.1494916926:46055.66506472278:39629.37353509051:147.20835665645333:87.86064259016607:54.03699573959366:1.8422216137046123,5.517979469206137e-5
5,6,6,-1:-2:3,3:2:1,26970,7,6.1871019821411295e9:5.927659841466196e9:3.117973408346168e9:2.79447975649068e9:1.828487481638798e9:5.575469209996104e8:5.494573850525059e8:338560.4240370527:311041.59831482236:168859.52261749282:88516.07714744225:80106.15466212598:184.92172139060554:117.58664162652114:76.77777263955973:2.0387437259303596,5.174754064002622e-5
5,6,6,0:-2:3,3:2:0,27840,7,7.244949849232094e9:6.6294735127483015e9:3.6582492022676964e9:3.6210583911070867e9:2.485650021477183e9:8.376856500987777e8:8.302293393148309e8:390162.54445240326:346033.7655889807:191955.3073360652:115246.39191745537:106567.78113637523:200.4158862029394:131.42029608665194:88.3873141663822:2.118732116244864,5.0548145166356635e-5
5,6,6,1:-2:3,3:2:1,26970,7,6.187101982141131e9:5.927659841466194e9:3.1179734083461685e9:2.7944797564906793e9:1.828487481638799e9:5.5754692099961e8:5.494573850525049e8:338560.42403705494:311041.59831487894:168859.52261747175:88516.07714751601:80106.15466210687:184.92172162482737:117.58664178680529:76.77777258083395:2.038743759062403,5.174754064003026e-5
5,6,6,2:-2:3,3:2:2,26100,7,4.190150390561396e9:4.081675219536521e9:1.8034957192905807e9:1.377298845119365e9:8.645630424116453e8:2.0838486064810356e8:2.010095322424835e8:232234.91948238914:226468.5167448577:116118.14949171299:46055.66506468895:39629.37353510581:147.20835664942803:87.86064270986635:54.036995733343055:1.84222165633698,5.5179794692054636e-5
5,6,6,3:-2:3,3:3:2,19350,7,2.376631825557333e9:2.2644348977221274e9:7.475706014591694e8:5.289912438361149e8:3.42712505335175e8:6.383150945649857e7:5.969183539331953e7:141181.925710936:139510.51918404107:64747.76962452158:20601.85106962405:16933.449496791764:106.19583033238469:59.66183572385431:34.74205456443397:1.6079184377094664,6.14279543742557e-5
5,6,6,4:-2:3,4:3:2,12600,7,1.1681472263967433e9:1.1201231095555692e9:2.8059032558943313e8:1.9102982238509205e8:1.2772080517787772e8:1.977745594518888e7:1.8045721963697944e7:81749.92414910023:78752.62182735093:32535.13584782145:9172.738940208983:7346.617638109114:73.60361364875283:39.404125323268076:22.043504743557722:1.3866561357113734,7.153898204828479e-5
5,6,6,5:-2:3,5:3:2,6300,7,5.425281917066181e8:5.2787175399452585e8:1.0928301806361234e8:7.135719145935334e7:4.752085492540512e7:6.674878915977762e6:6.009408888474792e6:46686.0523184496:43491.03122421711:16217.277665041634:4301.302961489681:3409.1797833102382:50.954454090563516:26.255274225133938:14.283843401259134:1.196109732652749,8.58339453213244e-5
5,6,6,-5:-1:3,5:3:1,6510,7,6.892732990882574e8:6.674850724105203e8:1.4531919544979164e8:9.617205301441379e7:6.432832809509612e7:9.243760944294596e6:8.347843558010128e6:55517.58968519247:52248.812399522336:20064.890028954575:5400.656299449315:4289.30968460661:57.02359471193532:29.70791180551683:16.285047564433274:1.2515830079923909,8.096527148306466e-5
5,6,6,-4:-1:3,4:3:1,13020,7,1.56307280443843e9:1.4924032301330805e9:4.129300292038238e8:2.853149597610528e8:1.891736721237169e8:3.1145592663261075e7:2.8656453978525817e7:101747.48453057872:99230.18078442889:42897.989857097826:12565.764564276773:10144.388008651187:85.20567204403551:46.425963364222525:26.341555408459605:1.4707010399341638,6.705261527913974e-5
5,6,6,-3:-1:3,3:3:1,19995,7,3.3252715475398245e9:3.189741293040518e9:1.2473932529383988e9:9.117032788337688e8:5.772865695173383e8:1.2338506479047807e8:1.1738162864217715e8:187376.18797724627:185104.67283078175:91180.1569456492:32313.690523385554:27178.65179485452:128.18393503546233:74.35026219388891:44.54324638888213:1.737607660015259,5.7565949860442954e-5
5,6,6,-2:-1:3,3:2:1,26970,7,6.187101982141131e9:5.927659841466197e9:3.117973408346169e9:2.794479756490681e9:1.828487481638798e9:5.575469209996098e8:5.494573850525061e8:338560.4240370618:311041.59831489355:168859.52261753773:88516.07714736789:80106.15466212269:184.92172151624484:117.586641751359:76.77777269853307:2.038743721018848,5.17475406400315e-5
5,6,6,-1:-1:3,3:1:1,27869,7,1.0113686808539667e10:8.183616707680704e9:6.169562615257438e9:5.148843284421951e9:4.745669635586685e9:2.3012277692261143e9:2.294512029681602e9:521677.5043882541:424096.8859543802:255535.20625541543:216769.20975707853:209443.41667106762:234.69483613835254:168.86642238949324:124.32488581781573:2.3099095772431943,4.773345835006065e-5
5,6,6,0:-1:3,3:1:0,28768,7,1.1703505691598417e10:9.010657680245895e9:7.932376415301254e9:7.451391025180278e9:5.602035758920218e9:4.421946258368744e9:4.407383913294528e9:584684.4182836908:464101.8155590397:320893.0354610305:319002.87437718344:304047.8521220209:249.71479069828058:194.83176348812532:155.3596896372925:2.426128684919792,4.582004863282059e-5
5,6,6,1:-1:3,3:1:1,27869,7,1.0113686808539669e10:8.183616707680706e9:6.169562615257438e9:5.148843284421951e9:4.745669635586685e9:2.301227769226114e9:2.294512029681602e9:521677.50438830204:424096.88595423667:255535.20625547032:216769.2097569672:209443.41667104888:234.69483625375005:168.86642217844056:124.32488568837194:2.309909544315371,4.773345835005673e-5
5,6,6,2:-1:3,3:2:1,26970,7,6.187101982141129e9:5.927659841466192e9:3.117973408346167e9:2.7944797564906783e9:1.828487481638798e9:5.575469209996101e8:5.49457385052506e8:338560.42403705657:311041.5983148548:168859.52261745222:88516.07714750977:80106.15466209402:184.92172142692297:117.58664168704982:76.77777251868382:2.0387437382074833,5.174754064002786e-5
5,6,6,3:-1:3,3:3:1,19995,7,3.325271547539824e9:3.1897412930405164e9:1.2473932529383984e9:9.117032788337696e8:5.772865695173385e8:1.2338506479047811e8:1.1738162864217712e8:187376.18797724438:185104.67283079436:91180.1569456454:32313.69052333249:27178.651794843307:128.18393501991864:74.3502621061542:44.54324633020946:1.7376076542679404,5.756594986044267e-5
5,6,6,4:-1:3,4:3:1,13020,7,1.563072804438429e9:1.4924032301330795e9:4.129300292038238e8:2.853149597610527e8:1.8917367212371704e8:3.114559266326111e7:2.8656453978525802e7:101747.4845305866:99230.18078443747:42897.98985735244:12565.764564280733:10144.3880086868:85.20567202433213:46.425963333226655:26.341555423253745:1.4707010393245594,6.705261527917881e-5
5,6,6,5:-1:3,5:3:1,6510,7,6.892732990882568e8:6.674850724105198e8:1.4531919544979164e8:9.61720530144137e7:6.4328328095096126e7:9.243760944294605e6:8.347843558010133e6:55517.58968519261:52248.81239952294:20064.890028954465:5400.656299453334:4289.309684610532:57.02359471166672:29.707911789617555:16.28504756637922:1.2515830047737808,8.096527148306569e-5
5,6,6,-5:0:3,5:3:0,6720,7,7.490832819732186e8:7.242202855673497e8:1.607332661521047e8:1.0686522762737887e8:7.15496134011492e7:1.0377652749532383e7:9.383839518982306e6:58979.69384507453:55709.15968755422:21625.138183644576:5854.958321774188:4654.463456552404:59.32414932484996:31.03010399027231:17.058273464868382:1.271643633002859,7.936196220722515e-5
5,6,6,-4:0:3,4:3:0,13440,7,1.7299745368251016e9:1.6499601340469406e9:4.7467272944509286e8:3.296921414245896e8:2.1762422566024217e8:3.676147186476144e7:3.3940092157074094e7:109959.04320687312:107656.1966837399:47320.72796804846:14091.01115279529:11415.956310426614:89.76702804275331:49.2423027522102:28.095976485756324:1.5019533257916526,6.56032007230838e-5
5,6,6,-3:0:3,3:3:0,20640,7,3.730986064484615e9:3.6004231810995874e9:1.4969723133508964e9:1.1144160860743856e9:7.014907726548356e8:1.587137418866713e8:1.5200993106485227e8:207956.960438416:204488.8498033931:102783.33748088991:38328.47747146919:32577.158562018205:137.17911626600167:80.63648226742079:48.901040705507384:1.7877670846422444,5.635526542285611e-5
5,6,6,-2:0:3,3:2:0,27840,7,7.244949849232097e9:6.629473512748301e9:3.658249202267697e9:3.621058391107087e9:2.4856500214771833e9:8.376856500987772e8:8.302293393148309e8:390162.54445239133:346033.7655890437:191955.30733601484:115246.39191743621:106567.7811365339:200.41588615963465:131.4202960265212:88.38731415647787:2.118732129102808,5.054814516635998e-5
5,6,6,-1:0:3,3:1:0,28768,7,1.1703505691598417e10:9.010657680245895e9:7.932376415301259e9:7.45139102518028e9:5.6020357589202175e9:4.421946258368745e9:4.40738391329453e9:584684.4182836636:464101.81555922853:320893.03546146344:319002.87437722087:304047.85212209023:249.7147908836002:194.8317633036406:155.3596898353317:2.426128677384313,4.582004863283364e-5
5,6,6,0:0:3,3:0:0,29696,7,9.85014681768042e9:9.850146817157278e9:9.85014681715726e9:9.850145902020561e9:9.850145902020554e9:9.847644434822544e9:9.847644434822535e9:501287.52765964164:501284.9063464985:501284.9063464491:500140.9865446372:500140.9865446346:232.95611861480097:228.20409276638196:228.20409270318194:2.5610354896794,4.297477312710212e-5
5,6,6,1:0:3,3:1:0,28768,7,1.1703505691598417e10:9.010657680245897e9:7.932376415301253e9:7.45139102518028e9:5.6020357589202175e9:4.421946258368745e9:4.40738391329453e9:584684.4182836631:464101.8155590505:320893.0354613118:319002.8743768871:304047.8521220469:249.71479089163176:194.8317633082493:155.3596898097:2.4261286776872697,4.5820048632820175e-5
5,6,6,2:0:3,3:2:0,27840,7,7.244949849232093e9:6.629473512748305e9:3.658249202267697e9:3.6210583911070876e9:2.4856500214771833e9:8.376856500987769e8:8.30229339314831e8:390162.54445239116:346033.76558911405:191955.30733601484:115246.39191752767:106567.78113653034:200.41588617342342:131.420296037357:88.38731414118091:2.1187321300699233,5.05481451663652e-5
5,6,6,3:0:3,3:3:0,20640,7,3.7309860644846153e9:3.6004231810995865e9:1.4969723133508964e9:1.1144160860743856e9:7.014907726548355e8:1.5871374188667125e8:1.5200993106485224e8:207956.96043841136:204488.8498033719:102783.33748088455:38328.4774714735:32577.158562038316:137.17911626377497:80.63648226706775:48.90104070987916:1.7877670840429696,5.635526542285324e-5
5,6,6,4:0:3,4:3:0,13440,7,1.7299745368251007e9:1.649960134046941e9:4.7467272944509286e8:3.296921414245897e8:2.176242256602421e8:3.676147186476145e7:3.394009215707409e7:109959.04320687268:107656.19668373966:47320.72796807012:14091.011152801766:11415.956310396774:89.76702804353232:49.24230274806206:28.0959764846297:1.5019533256393014,6.560320072308556e-5
5,6,6,5:0:3,5:3:0,6720,7,7.490832819732186e8:7.242202855673496e8:1.6073326615210477e8:1.068652276273789e8:7.154961340114923e7:1.0377652749532389e7:9.383839518982306e6:58979.69384507457:55709.15968755255:21625.138183643165:5854.95832178202:4654.463456548029:59.324149324162335:31.03010399098673:17.058273464597352:1.2716436329444738,7.936196220722408e-5
5,6,6,-5:1:3,5:3:1,6510,7,6.892732990882574e8:6.674850724105203e8:1.4531919544979164e8:9.617205301441379e7:6.432832809509612e7:9.243760944294596e6:8.347843558010128e6:55517.58968519247:52248.812399522336:20064.890028954575:5400.656299449315:4289.30968460661:57.02359471193532:29.70791180551683:16.285047564433274:1.2515830079923909,8.096527148306466e-5
5,6,6,-4:1:3,4:3:1,13020,7,1.56307280443843e9:1.4924032301330805e9:4.129300292038238e8:2.853149597610528e8:1.891736721237169e8:3.1145592663261075e7:2.8656453978525817e7:101747.48453057872:99230.18078442889:42897.989857097826:12565.764564276773:10144.388008651187:85.20567204403551:46.425963364222525:26.341555408459605:1.4707010399341638,6.705261527913974e-5
5,6,6,-3:1:3,3:3:1,19995,7,3.3252715475398245e9:3.189741293040518e9:1.2473932529383988e9:9.117032788337688e8:5.772865695173383e8:1.2338506479047807e8:1.1738162864217715e8:187376.18797724627:185104.67283078175:91180.1569456492:32313.690523385554:27178.65179485452:128.18393503546233:74.35026219388891:44.54324638888213:1.737607660015259,5.7565949860442954e-5
5,6,6,-2:1:3,3:2:1,26970,7,6.187101982141131e9:5.927659841466197e9:3.117973408346169e9:2.794479756490681e9:1.828487481638798e9:5.575469209996098e8:5.494573850525061e8:338560.4240370618:311041.59831489355:168859.52261753773:88516.07714736789:80106.15466212269:184.92172151624484:117.586641751359:76.77777269853307:2.038743721018848,5.17475406400315e-5
5,6,6,-1:1:3,3:1:1,27869,7,1.0113686808539667e10:8.183616707680704e9:6.169562615257438e9:5.148843284421951e9:4.745669635586685e9:2.3012277692261143e9:2.294512029681602e9:521677.5043882541:424096.8859543802:255535.20625541543:216769.20975707853:209443.41667106762:234.69483613835254:168.86642238949324:124.32488581781573:2.3099095772431943,4.773345835006065e-5
5,6,6,0:1:3,3:1:0,28768,7,1.1703505691598417e10:9.010657680245895e9:7.932376415301254e9:7.451391025180278e9:5.602035758920218e9:4.421946258368744e9:4.407383913294528e9:584684.4182836908:464101.8155590397:320893.0354610305:319002.87437718344:304047.8521220209:249.71479069828058:194.83176348812532:155.3596896372925:2.426128684919792,4.582004863282059e-5
5,6,6,1:1:3,3:1:1,27869,7,1.0113686808539669e10:8.183616707680706e9:6.169562615257438e9:5.148843284421951e9:4.745669635586685e9:2.301227769226114e9:2.294512029681602e9:521677.50438830204:424096.88595423667:255535.20625547032:216769.2097569672:209443.41667104888:234.69483625375005:168.86642217844056:124.32488568837194:2.309909544315371,4.773345835005673e-5
5,6,6,2:1:3,3:2:1,26970,7,6.187101982141129e9:5.927659841466192e9:3.117973408346167e9:2.7944797564906783e9:1.828487481638798e9:5.575469209996101e8:5.49457385052506e8:338560.42403705657:311041.5983148548:168859.52261745222:88516.07714750977:80106.15466209402:184.92172142692297:117.58664168704982:76.77777251868382:2.0387437382074833,5.174754064002786e-5
5,6,6,3:1:3,3:3:1,19995,7,3.325271547539824e9:3.1897412930405164e9:1.2473932529383984e9:9.117032788337696e8:5.772865695173385e8:1.2338506479047811e8:1.1738162864217712e8:187376.18797724438:185104.67283079436:91180.1569456454:32313.69052333249:27178.651794843307:128.18393501991864:74.3502621061542:44.54324633020946:1.7376076542679404,5.756594986044267e-5
5,6,6,4:1:3,4:3:1,13020,7,1.563072804438429e9:1.4924032301330795e9:4.129300292038238e8:2.853149597610527e8:1.8917367212371704e8:3.114559266326111e7:2.8656453978525802e7:101747.4845305866:99230.18078443747:42897.98985735244:12565.764564280733:10144.3880086868:85.20567202433213:46.425963333226655:26.341555423253745:1.4707010393245594,6.705261527917881e-5
5,6,6,5:1:3,5:3:1,6510,7,6.892732990882568e8:6.674850724105198e8:1.4531919544979164e8:9.61720530144137e7:6.4328328095096126e7:9.243760944294605e6:8.347843558010133e6:55517.58968519261:52248.81239952294:20064.890028954465:5400.656299453334:4289.309684610532:57.02359471166672:29.707911789617555:16.28504756637922:1.2515830047737808,8.096527148306569e-5
5,6,6,-5:2:3,5:3:2,6300,7,5.425281917066182e8:5.2787175399452615e8:1.0928301806361239e8:7.135719145935334e7:4.75208549254051e7:6.674878915977773e6:6.009408888474795e6:46686.052318449416:43491.031224217404:16217.277665031661:4301.302961489362:3409.179783307203:50.9544540851823:26.255274231859232:14.283843398866457:1.1961097383269654,8.583394532132104e-5
5,6,6,-4:2:3,4:3:2,12600,7,1.1681472263967435e9:1.12012310955557e9:2.805903255894333e8:1.9102982238509205e8:1.277208051778777e8:1.9777455945188917e7:1.804572196369794e7:81749.92414909776:78752.62182734709:32535.135847724545:9172.738940203473:7346.617638081892:73.6036136450116:39.404125333570995:22.04350473630759:1.3866561377392066,7.153898204826491e-5
5,6,6,-3:2:3,3:3:2,19350,7,2.376631825557333e9:2.2644348977221284e9:7.475706014591694e8:5.289912438361146e8:3.4271250533517474e8:6.383150945649873e7:5.9691835393319555e7:141181.9257109359:139510.51918405326:64747.76962449549:20601.851069642245:16933.44949678466:106.19583035379375:59.66183567628159:34.74205458891969:1.607918439058031,6.142795437425604e-5
5,6,6,-2:2:3,3:2:2,26100,7,4.1901503905613976e9:4.08167521953652e9:1.8034957192905798e9:1.377298845119365e9:8.645630424116458e8:2.083848606481035e8:2.010095322424835e8:232234.9194823849:226468.5167449343:116118.1494916926:46055.66506472278:39629.37353509051:147.20835665645333:87.86064259016607:54.03699573959366:1.8422216137046123,5.517979469206137e-5
5,6,6,-1:2:3,3:2:1,26970,7,6.1871019821411295e9:5.927659841466196e9:3.117973408346168e9:2.79447975649068e9:1.828487481638798e9:5.575469209996104e8:5.494573850525059e8:338560.4240370527:311041.59831482236:168859.52261749282:88516.07714744225:80106.15466212598:184.92172139060554:117.58664162652114:76.77777263955973:2.0387437259303596,5.174754064002622e-5
5,6,6,0:2:3,3:2:0,27840,7,7.244949849232094e9:6.6294735127483015e9:3.6582492022676964e9:3.6210583911070867e9:2.485650021477183e9:8.376856500987777e8:8.302293393148309e8:390162.54445240326:346033.7655889807:191955.3073360652:115246.39191745537:106567.78113637523:200.4158862029394:131.42029608665194:88.3873141663822:2.118732116244864,5.0548145166356635e-5
5,6,6,1:2:3,3:2:1,26970,7,6.187101982141131e9:5.927659841466194e9:3.1179734083461685e9:2.7944797564906793e9:1.828487481638799e9:5.5754692099961e8:5.494573850525049e8:338560.42403705494:311041.59831487894:168859.52261747175:88516.07714751601:80106.15466210687:184.92172162482737:117.58664178680529:76.77777258083395:2.038743759062403,5.174754064003026e-5
5,6,6,2:2:3,3:2:2,26100,7,4.190150390561396e9:4.081675219536521e9:1.8034957192905807e9:1.377298845119365e9:8.645630424116453e8:2.0838486064810356e8:2.010095322424835e8:232234.91948238914:226468.5167448577:116118.14949171299:46055.66506468895:39629.37353510581:147.20835664942803:87.86064270986635:54.036995733343055:1.84222165633698,5.5179794692054636e-5
5,6,6,3:2:3,3:3:2,19350,7,2.376631825557333e9:2.2644348977221274e9:7.475706014591694e8:5.289912438361149e8:3.42712505335175e8:6.383150945649857e7:5.969183539331953e7:141181.925710936:139510.51918404107:64747.76962452158:20601.85106962405:16933.449496791764:106.19583033238469:59.66183572385431:34.74205456443397:1.6079184377094664,6.14279543742557e-5
5,6,6,4:2:3,4:3:2,12600,7,1.1681472263967433e9:1.1201231095555692e9:2.8059032558943313e8:1.9102982238509205e8:1.2772080517787772e8:1.977745594518888e7:1.8045721963697944e7:81749.92414910023:78752.62182735093:32535.13584782145:9172.738940208983:7346.617638109114:73.60361364875283:39.404125323268076:22.043504743557722:1.3866561357113734,7.153898204828479e-5
5,6,6,5:2:3,5:3:2,6300,7,5.425281917066181e8:5.2787175399452585e8:1.0928301806361234e8:7.135719145935334e7:4.752085492540512e7:6.674878915977762e6:6.009408888474792e6:46686.0523184496:43491.03122421711:16217.277665041634:4301.302961489681:3409.1797833102382:50.954454090563516:26.255274225133938:14.283843401259134:1.196109732652749,8.58339453213244e-5
5,6,6,-5:3:3,5:3:3,3150,7,3.7542555863276356e8:3.679159002550823e8:7.136328166376632e7:4.5641854520454854e7:3.0085845860159453e7:4.1188077273642677e6:3.6961228919746084e6:35825.53639549024:32883.484674534484:11767.688801101553:3066.8211888196593:2426.6482860197175:42.994171330599634:21.804805648165576:11.742764734558516:1.1165707455551301,9.410184914942731e-5
5,6,6,-4:3:3,4:3:3,6300,7,7.49083281973219e8:7.242202855673496e8:1.607332661521048e8:1.0686522762737887e8:7.154961340114921e7:1.0377652749532387e7:9.383839518982308e6:58979.693845074406:55709.15968755356:21625.138183659954:5854.958321777535:4654.4634565551405:59.32414932367481:31.030103993619168:17.058273464283367:1.2716436332759233,7.936196220722872e-5
5,6,6,-3:3:3,3:3:3,12825,7,1.4153940417992437e9:1.3531569490483031e9:3.61199585876915e8:2.4832119950051546e8:1.6523624305725738e8:2.6590042754004482e7:2.4389550121092215e7:94380.39368319251:91673.59254290344:39007.566763275674:11263.012668352658:9065.037519974363:81.0174444345933:43.868004581336564:24.763303556527763:1.4411669487386474,6.852655927289416e-5
5,6,6,-2:3:3,3:3:2,19350,7,2.3766318255573316e9:2.264434897722128e9:7.475706014591691e8:5.289912438361145e8:3.427125053351749e8:6.383150945649868e7:5.969183539331961e7:141181.925710935:139510.51918405792:64747.76962447606:20601.85106965372:16933.449496766687:106.19583035506079:59.661835716633774:34.74205455526866:1.6079184331382865,6.142795437425495e-5
5,6,6,-1:3:3,3:3:1,19995,7,3.3252715475398235e9:3.1897412930405183e9:1.247393252938398e9:9.117032788337693e8:5.77286569517339e8:1.2338506479047793e8:1.173816286421771e8:187376.1879772417:185104.67283078423:91180.1569456491:32313.690523338577:27178.651794850335:128.18393502312298:74.35026212834073:44.54324630890229:1.7376076255067456,5.756594986044147e-5
5,6,6,0:3:3,3:3:0,20640,7,3.7309860644846125e9:3.600423181099587e9:1.4969723133508966e9:1.1144160860743852e9:7.014907726548356e8:1.5871374188667145e8:1.5200993106485227e8:207956.96043841183:204488.84980339292:102783.33748088633:38328.47747146877:32577.158562016506:137.17911626013338:80.63648226714173:48.901040714865516:1.7877670775520722,5.635526542285536e-5
5,6,6,1:3:3,3:3:1,19995,7,3.325271547539825e9:3.1897412930405173e9:1.2473932529383976e9:9.117032788337699e8:5.772865695173385e8:1.2338506479047804e8:1.1738162864217699e8:187376.18797724342:185104.67283080492:91180.1569456123:32313.69052334379:27178.651794880843:128.18393513086912:74.35026218215143:44.54324635954007:1.7376076755824184,5.7565949860442785e-5
5,6,6,2:3:3,3:3:2,19350,7,2.376631825557334e9:2.264434897722128e9:7.475706014591691e8:5.289912438361147e8:3.427125053351749e8:6.383150945649856e7:5.9691835393319584e7:141181.92571093532:139510.51918407416:64747.76962445508:20601.851069670476:16933.449496800094:106.19583037562946:59.66183570860695:34.74205458452826:1.6079184327023612,6.14279543742575e-5
5,6,6,3:3:3,3:3:3,12825,7,1.4153940417992446e9:1.3531569490483031e9:3.611995858769147e8:2.483211995005154e8:1.6523624305725744e8:2.6590042754004512e7:2.4389550121092223e7:94380.39368319171:91673.59254290309:39007.56676325249:11263.012668353202:9065.037519976047:81.01744443513594:43.86800458311216:24.763303542150606:1.4411669526129396,6.852655927289057e-5
5,6,6,4:3:3,4:3:3,6300,7,7.49083281973219e8:7.242202855673496e8:1.607332661521048e8:1.0686522762737887e8:7.154961340114921e7:1.0377652749532387e7:9.383839518982308e6:58979.693845074406:55709.15968755356:21625.138183659954:5854.958321777535:4654.4634565551405:59.32414932367481:31.030103993619168:17.058273464283367:1.2716436332759233,7.936196220722872e-5
5,6,6,5:3:3,5:3:3,3150,7,3.754255586327632e8:3.6791590025508213e8:7.136328166376631e7:4.564185452045486e7:3.008584586015945e7:4.1188077273642668e6:3.6961228919746107e6:35825.53639549007:32883.48467453518:11767.688801099815:3066.8211888222986:2426.6482860196325:42.99417132948381:21.804805648624427:11.742764733190103:1.1165707457855767,9.410184914942756e-5
5,6,6,-3:4:3,4:3:3,6300,7,7.49083281973219e8:7.242202855673496e8:1.6073326615210485e8:1.0686522762737885e8:7.154961340114924e7:1.03776527495324e7:9.38383951898231e6:58979.69384507412:55709.159687554034:21625.138183642524:5854.958321777634:4654.463456552303:59.32414932743591:31.03010398934004:17.058273457748243:1.2716436335877443,7.936196220722446e-5
5,6,6,-2:4:3,4:3:2,12600,7,1.1681472263967435e9:1.1201231095555694e9:2.805903255894332e8:1.9102982238509217e8:1.2772080517787775e8:1.97774559451889e7:1.804572196369795e7:81749.92414910029:78752.62182734774:32535.135847815603:9172.738940204372:7346.617638094842:73.60361365324405:39.40412533492714:22.043504745889653:1.3866561382300366,7.153898204828182e-5
5,6,6,-1:4:3,4:3:1,13020,7,1.56307280443843e9:1.4924032301330795e9:4.1293002920382386e8:2.8531495976105267e8:1.89173672123717e8:3.1145592663261104e7:2.8656453978525817e7:101747.48453057757:99230.18078442755:42897.989857062545:12565.764564262618:10144.38800863574:85.20567204300545:46.42596336960399:26.341555372894373:1.4707010505322027,6.705261527913344e-5
5,6,6,0:4:3,4:3:0,13440,7,1.7299745368251011e9:1.6499601340469406e9:4.74672729445093e8:3.296921414245896e8:2.1762422566024208e8:3.676147186476145e7:3.394009215707409e7:109959.04320687252:107656.19668375191:47320.7279680472:14091.01115277812:11415.956310421809:89.76702806079217:49.24230275349812:28.095976490634804:1.5019533265542817,6.560320072308598e-5
5,6,6,1:4:3,4:3:1,13020,7,1.563072804438429e9:1.4924032301330795e9:4.129300292038239e8:2.853149597610527e8:1.8917367212371698e8:3.114559266326111e7:2.8656453978525832e7:101747.48453057831:99230.18078443423:42897.98985709217:12565.764564271889:10144.38800866828:85.20567202028786:46.4259633638447:26.34155540987956:1.4707010453783702,6.705261527914085e-5
5,6,6,2:4:3,4:3:2,12600,7,1.1681472263967438e9:1.1201231095555696e9:2.805903255894332e8:1.910298223850921e8:1.2772080517787772e8:1.9777455945188895e7:1.804572196369793e7:81749.92414909965:78752.62182734875:32535.135847807167:9172.738940200908:7346.6176381015475:73.60361363738909:39.404125332511896:22.04350474526388:1.386656136109805,7.153898204828062e-5
5,6,6,3:4:3,4:3:3,6300,7,7.490832819732189e8:7.242202855673497e8:1.6073326615210474e8:1.0686522762737879e8:7.154961340114921e7:1.0377652749532387e7:9.383839518982297e6:58979.69384507463:55709.1596875594:21625.138183647676:5854.958321775791:4654.463456554557:59.32414933204241:31.030103991544955:17.058273465622598:1.2716436354973275,7.936196220722938e-5
5,6,6,-3:5:3,5:3:3,3150,7,3.7542555863276345e8:3.6791590025508237e8:7.136328166376634e7:4.564185452045485e7:3.008584586015945e7:4.118807727364268e6:3.6961228919746126e6:35825.53639549021:32883.484674535845:11767.688801102347:3066.821188821896:2426.648286020333:42.994171333509115:21.80480564799488:11.74276473432304:1.1165707453181335,9.410184914942963e-5
5,6,6,-2:5:3,5:3:2,6300,7,5.425281917066184e8:5.27871753994526e8:1.092830180636124e8:7.135719145935346e7:4.752085492540513e7:6.674878915977754e6:6.009408888474797e6:46686.05231844975:43491.03122421781:16217.277665039488:4301.302961488349:3409.1797833096457:50.95445408897175:26.25527423112339:14.283843408196764:1.1961097378767502,8.583394532132427e-5
5,6,6,-1:5:3,5:3:1,6510,7,6.892732990882566e8:6.674850724105198e8:1.4531919544979164e8:9.61720530144138e7:6.432832809509612e7:9.243760944294581e6:8.347843558010144e6:55517.58968519267:52248.81239952247:20064.89002895214:5400.656299452448:4289.309684606332:57.02359471232244:29.70791179467493:16.2850475798701:1.2515830058873554,8.096527148306453e-5
5,6,6,0:5:3,5:3:0,6720,7,7.490832819732184e8:7.242202855673494e8:1.6073326615210477e8:1.0686522762737887e8:7.154961340114927e7:1.0377652749532392e7:9.38383951898231e6:58979.69384507501:55709.15968755509:21625.13818364543:5854.958321776237:4654.463456551678:59.324149327834746:31.030103990198786:17.05827346652565:1.2716436331965257,7.936196220722632e-5
5,6,6,1:5:3,5:3:1,6510,7,6.892732990882571e8:6.674850724105202e8:1.453191954497917e8:9.617205301441374e7:6.4328328095096156e7:9.243760944294611e6:8.347843558010131e6:55517.58968519244:52248.81239952188:20064.890028951293:5400.656299450619:4289.309684605941:57.023594718963864:29.707911795566822:16.285047565359974:1.2515830033684487,8.096527148306355e-5
5,6,6,2:5:3,5:3:2,6300,7,5.42528191706618e8:5.2787175399452585e8:1.0928301806361237e8:7.135719145935336e7:4.752085492540511e7:6.67487891597777e6:6.009408888474796e6:46686.05231844968:43491.031224216684:16217.277665041824:4301.302961487978:3409.1797833105165:50.954454088048905:26.25527423043085:14.283843391484305:1.196109736869706,8.583394532132402e-5
5,6,6,3:5:3,5:3:3,3150,7,3.754255586327633e8:3.6791590025508237e8:7.13632816637663e7:4.5641854520454876e7:3.008584586015946e7:4.1188077273642644e6:3.69612289197461e6:35825.53639549049:32883.48467453579:11767.688801101916:3066.8211888199817:2426.6482860198603:42.99417133074679:21.804805647718464:11.742764733413022:1.1165707462366101,9.410184914942948e-5
5,6,6,-3:-3:4,4:3:3,6300,7,4.3766365232111955e8:4.1958524822094136e8:1.628601955376007e8:1.1878880462946746e8:7.529324463432366e7:1.5982940503146475e7:1.5193533644243209e7:44005.5861441187:43450.6687761042:21355.256563113326:7514.911974450831:6321.386155620181:54.543479310982356:30.98890726377976:18.653902527542275:1.2636881999313538,0.00010277324855430687
5,6,6,-2:-3:4,4:3:2,12600,7,6.06050522702754e8:5.958550325135416e8:2.739509962445813e8:2.1414649781176975e8:1.3459872622710738e8:3.401390362439412e7:3.297658187643724e7:59818.95138374734:57803.2172796535:30045.284344594318:12510.724018760977:10879.467003722946:66.2443099137761:39.35176242361592:24.623534953651543:1.3780613172580982,9.682928340280608e-5
5,6,6,-1:-3:4,4:3:1,13020,7,7.525669144515612e8:7.36910529897183e8:3.735830455506206e8:3.190383895527056e8:2.049244250623353e8:5.909487169937776e7:5.799700226915301e7:73952.04221808774:69128.0279472527:37094.45067125284:18057.150109912756:16151.909582714658:75.2202657478345:46.364234965401494:29.99699148145335:1.4616368507684592,9.340420903881226e-5
5,6,6,0:-3:4,4:3:0,13440,7,8.182278907896868e8:7.85814353932846e8:4.1190717715665174e8:3.6720679257948947e8:2.3977235518049285e8:7.268046556438014e7:7.159802009611183e7:79793.29486862136:73418.75870997114:39823.59324065737:20684.494934367205:18706.166808948565:78.59874548106177:49.17681756901673:32.25836850806969:1.4927141578621819,9.224773759377875e-5
5,6,6,1:-3:4,4:3:1,13020,7,7.52566914451561e8:7.369105298971832e8:3.7358304555062103e8:3.1903838955270565e8:2.0492442506233525e8:5.909487169937776e7:5.799700226915301e7:73952.04221809177:69128.02794724649:37094.450671264094:18057.150109910253:16151.909582714938:75.22026575796566:46.36423498629564:29.996991493181334:1.4616368519575689,9.340420903881412e-5
5,6,6,2:-3:4,4:3:2,12600,7,6.060505227027541e8:5.958550325135418e8:2.739509962445814e8:2.1414649781176972e8:1.3459872622710752e8:3.4013903624394126e7:3.2976581876437247e7:59818.95138374632:57803.217279643584:30045.284344585838:12510.72401875402:10879.46700373204:66.24430992074262:39.351762428964804:24.6235349369396:1.3780613222639233,9.682928340279557e-5
5,6,6,3:-3:4,4:3:3,6300,7,4.376636523211195e8:4.1958524822094136e8:1.628601955376007e8:1.1878880462946746e8:7.529324463432366e7:1.598294050314649e7:1.5193533644243212e7:44005.58614411886:43450.66877610764:21355.25656312228:7514.911974444504:6321.3861556205875:54.54347930034692:30.98890728173424:18.653902546900895:1.2636881934125073,0.000102773248554314
5,6,6,-3:-2:4,4:3:2,12600,7,6.060505227027543e8:5.958550325135419e8:2.739509962445815e8:2.1414649781176993e8:1.3459872622710773e8:3.401390362439413e7:3.2976581876437243e7:59818.951383746506:57803.21727965264:30045.284344595508:12510.724018762097:10879.467003720876:66.24430991387794:39.35176242039887:24.623534951088054:1.3780613170543305,9.682928340280513e-5
5,6,6,-2:-2:4,4:2:2,25200,7,8.926718822477429e8:8.37290364008367e8:4.5195208215899175e8:4.2415796622160167e8:2.8340995488867074e8:9.065410998380952e7:8.960920210306156e7:86317.51507634345:77970.61070557706:42780.195180918265:23886.182235698736:21856.18665607511:82.17956480709445:52.28545415475405:34.835764799788585:1.5256749565714598,9.106456795076131e-5
5,6,6,-1:-2:4,4:2:1,26040,7,1.1795251640091887e9:1.0055979792323967e9:6.636696543417561e8:5.769724211983753e8:5.0018174948083365e8:1.960210566477244e8:1.9515311947459072e8:110412.37938832337:93029.63228381057:53602.9962691325:39026.692534817834:37087.31096014138:94.01545457107903:63.892627839108734:45.310310604285746:1.6380375199726704,8.717446818170962e-5
5,6,6,0:-2:4,4:2:0,26880,7,1.296144742743244e9:1.0655095660456403e9:7.711599052419823e8:6.331540887739031e8:6.050466080597854e8:2.6573926648252115e8:2.6487410849186003e8:119754.84045389883:98384.66964455861:58323.61907157305:47095.99651105069:45297.40767013109:98.16128434106433:68.7483082620963:50.184152998742924:1.6808982131310108,8.567403219200956e-5
5,6,6,1:-2:4,4:2:1,26040,7,1.179525164009189e9:1.0055979792323978e9:6.636696543417566e8:5.769724211983752e8:5.0018174948083407e8:1.960210566477245e8:1.9515311947459072e8:110412.37938832046:93029.63228383307:53602.996269125804:39026.69253480408:37087.3109601562:94.01545457434278:63.892627818054166:45.31031062204231:1.6380375174601065,8.717446818171425e-5
5,6,6,2:-2:4,4:2:2,25200,7,8.926718822477431e8:8.372903640083668e8:4.519520821589915e8:4.241579662216016e8:2.834099548886708e8:9.065410998380955e7:8.96092021030615e7:86317.51507634265:77970.61070558269:42780.195180914714:23886.182235697477:21856.186656078957:82.17956479902327:52.285454188192325:34.83576483792989:1.5256749612102682,9.106456795076284e-5
5,6,6,3:-2:4,4:3:2,12600,7,6.060505227027541e8:5.958550325135417e8:2.739509962445814e8:2.1414649781176987e8:1.3459872622710738e8:3.401390362439409e7:3.2976581876437284e7:59818.95138374609:57803.21727966009:30045.284344589058:12510.724018760806:10879.467003726748:66.24430990891265:39.35176243101815:24.623534948232333:1.378061319603502,9.682928340280829e-5
5,6,6,-3:-1:4,4:3:1,13020,7,7.525669144515611e8:7.369105298971828e8:3.7358304555062085e8:3.1903838955270547e8:2.049244250623352e8:5.909487169937775e7:5.7997002269153e7:73952.04221808867:69128.02794724978:37094.450671266175:18057.15010991975:16151.909582704204:75.22026575551912:46.364234978683506:29.996991476912577:1.4616368496597103,9.340420903881473e-5
5,6,6,-2:-1:4,4:2:1,26040,7,1.179525164009189e9:1.0055979792323971e9:6.636696543417563e8:5.769724211983752e8:5.001817494808338e8:1.9602105664772454e8:1.9515311947459075e8:110412.37938832417:93029.63228385236:53602.996269124815:39026.69253482098:37087.31096014239:94.01545456747091:63.892627852244566:45.31031063910109:1.6380375204810993,8.717446818172183e-5
5,6,6,-1:-1:4,4:1:1,26908,7,1.5384166444742124e9:1.189075843422127e9:1.027814785563781e9:9.519408689899704e8:7.288780390295303e8:5.400927894316199e8:5.385279575293165e8:137486.08782677006:109132.66139164307:73066.00332235228:71896.5207985042:69364.30369936414:105.65133151858964:80.52910760986501:63.82458585182324:1.7769183841870972,8.20270925153069e-5
5,6,6,0:-1:4,4:1:0,27776,7,1.6238252033591998e9:1.251977996022113e9:1.1704858200059583e9:1.1456402004690151e9:8.511245277043346e8:8.208586595007162e8:8.0811297053858e8:141607.6799431945:114292.77996140531:91357.37526388194:91307.17621258141:82709.30191277893:107.54549671493858:87.74362654671297:74.35027452865381:1.831064599974238,7.960467795063109e-5
5,6,6,1:-1:4,4:1:1,26908,7,1.5384166444742126e9:1.1890758434221272e9:1.027814785563781e9:9.519408689899704e8:7.288780390295303e8:5.400927894316198e8:5.385279575293164e8:137486.08782678877:109132.66139161073:73066.00332236767:71896.52079851301:69364.30369937228:105.6513316077648:80.52910757914599:63.8245858771719:1.7769183818079615,8.202709251530933e-5
5,6,6,2:-1:4,4:2:1,26040,7,1.1795251640091887e9:1.0055979792323965e9:6.636696543417565e8:5.769724211983753e8:5.0018174948083377e8:1.9602105664772445e8:1.9515311947459075e8:110412.37938831869:93029.63228383231:53602.99626911518:39026.69253482439:37087.31096015222:94.01545457103673:63.892627857826284:45.31031061760103:1.6380375235159843,8.717446818171368e-5
5,6,6,3:-1:4,4:3:1,13020,7,7.525669144515609e8:7.369105298971832e8:3.735830455506207e8:3.1903838955270565e8:2.0492442506233522e8:5.909487169937776e7:5.799700226915306e7:73952.0422180886:69128.02794724963:37094.450671249564:18057.15010991959:16151.909582722776:75.22026574778897:46.3642349831996:29.99699148599688:1.4616368557638495,9.340420903881213e-5
5,6,6,-3:0:4,4:3:0,13440,7,8.182278907896869e8:7.858143539328462e8:4.119071771566516e8:3.672067925794895e8:2.3977235518049294e8:7.268046556438014e7:7.15980200961118e7:79793.29486862184:73418.75870997382:39823.593240655806:20684.49493436601:18706.16680894708:78.59874548257181:49.176817570953055:32.25836851343566:1.4927141581232213,9.22477375937795e-5
5,6,6,-2:0:4,4:2:0,26880,7,1.2961447427432442e9:1.0655095660456406e9:7.711599052419823e8:6.33154088773903e8:6.050466080597849e8:2.6573926648252094e8:2.6487410849186003e8:119754.84045389603:98384.66964457244:58323.61907156995:47095.99651103471:45297.40767010177:98.16128434429989:68.74830823270608:50.18415303786235:1.6808982194826163,8.567403219200622e-5
5,6,6,-1:0:4,4:1:0,27776,7,1.6238252033591995e9:1.2519779960221128e9:1.1704858200059578e9:1.145640200469015e9:8.511245277043346e8:8.208586595007157e8:8.0811297053858e8:141607.6799431915:114292.77996138574:91357.37526389536:91307.17621262684:82709.30191278519:107.54549671421829:87.74362659529942:74.35027455995551:1.8310645994206787,7.960467795063565e-5
5,6,6,0:0:4,4:0:0,28672,7,1.3150958740583622e9:1.3150958736658514e9:1.315095873665849e9:1.3150954875162196e9:1.315095487516219e9:1.3145018541843803e9:1.31450185418438e9:119147.01603554745:119145.04597691163:119145.04597689728:118662.36039640047:118662.36039640039:99.69328982312248:96.10285894180163:96.10285893857402:1.890135864169034,7.645549003291327e-5
5,6,6,1:0:4,4:1:0,27776,7,1.6238252033591995e9:1.2519779960221128e9:1.1704858200059574e9:1.145640200469015e9:8.511245277043346e8:8.208586595007161e8:8.0811297053858e8:141607.67994319144:114292.77996138606:91357.37526390303:91307.17621265863:82709.30191278558:107.54549671200802:87.7436265949948:74.35027455752136:1.8310645981732314,7.96046779506408e-5
5,6,6,2:0:4,4:2:0,26880,7,1.296144742743244e9:1.0655095660456408e9:7.711599052419826e8:6.331540887739031e8:6.050466080597852e8:2.6573926648252097e8:2.6487410849186e8:119754.8404538959:98384.66964457573:58323.61907156728:47095.99651105326:45297.40767001872:98.16128434645914:68.74830823326546:50.1841530361712:1.6808982194701847,8.56740321919988e-5
5,6,6,3:0:4,4:3:0,13440,7,8.18227890789687e8:7.85814353932846e8:4.119071771566518e8:3.6720679257948935e8:2.3977235518049294e8:7.268046556438012e7:7.15980200961118e7:79793.29486862186:73418.75870997581:39823.59324065578:20684.494934378265:18706.166808944614:78.59874548170389:49.17681757122748:32.258368513558246:1.4927141581755101,9.224773759378183e-5
5,6,6,-3:1:4,4:3:1,13020,7,7.525669144515611e8:7.369105298971828e8:3.7358304555062085e8:3.1903838955270547e8:2.049244250623352e8:5.909487169937775e7:5.7997002269153e7:73952.04221808867:69128.02794724978:37094.450671266175:18057.15010991975:16151.909582704204:75.22026575551912:46.364234978683506:29.996991476912577:1.4616368496597103,9.340420903881473e-5
5,6,6,-2:1:4,4:2:1,26040,7,1.179525164009189e9:1.0055979792323971e9:6.636696543417563e8:5.769724211983752e8:5.001817494808338e8:1.9602105664772454e8:1.9515311947459075e8:110412.37938832417:93029.63228385236:53602.996269124815:39026.69253482098:37087.31096014239:94.01545456747091:63.892627852244566:45.31031063910109:1.6380375204810993,8.717446818172183e-5
5,6,6,-1:1:4,4:1:1,26908,7,1.5384166444742124e9:1.189075843422127e9:1.027814785563781e9:9.519408689899704e8:7.288780390295303e8:5.400927894316199e8:5.385279575293165e8:137486.08782677006:109132.66139164307:73066.00332235228:71896.5207985042:69364.30369936414:105.65133151858964:80.52910760986501:63.82458585182324:1.7769183841870972,8.20270925153069e-5
5,6,6,0:1:4,4:1:0,27776,7,1.6238252033591998e9:1.251977996022113e9:1.1704858200059583e9:1.1456402004690151e9:8.511245277043346e8:8.208586595007162e8:8.0811297053858e8:141607.6799431945:114292.77996140531:91357.37526388194:91307.17621258141:82709.30191277893:107.54549671493858:87.74362654671297:74.35027452865381:1.831064599974238,7.960467795063109e-5
5,6,6,1:1:4,4:1:1,26908,7,1.5384166444742126e9:1.1890758434221272e9:1.027814785563781e9:9.519408689899704e8:7.288780390295303e8:5.400927894316198e8:5.385279575293164e8:137486.08782678877:109132.66139161073:73066.00332236767:71896.52079851301:69364.30369937228:105.6513316077648:80.52910757914599:63.8245858771719:1.7769183818079615,8.202709251530933e-5
5,6,6,2:1:4,4:2:1,26040,7,1.1795251640091887e9:1.0055979792323965e9:6.636696543417565e8:5.769724211983753e8:5.0018174948083377e8:1.9602105664772445e8:1.9515311947459075e8:110412.37938831869:93029.63228383231:53602.99626911518:39026.69253482439:37087.31096015222:94.01545457103673:63.892627857826284:45.31031061760103:1.6380375235159843,8.717446818171368e-5
5,6,6,3:1:4,4:3:1,13020,7,7.525669144515609e8:7.369105298971832e8:3.735830455506207e8:3.1903838955270565e8:2.0492442506233522e8:5.909487169937776e7:5.799700226915306e7:73952.0422180886:69128.02794724963:37094.450671249564:18057.15010991959:16151.909582722776:75.22026574778897:46.3642349831996:29.99699148599688:1.4616368557638495,9.340420903881213e-5
5,6,6,-3:2:4,4:3:2,12600,7,6.060505227027543e8:5.958550325135419e8:2.739509962445815e8:2.1414649781176993e8:1.3459872622710773e8:3.401390362439413e7:3.2976581876437243e7:59818.951383746506:57803.21727965264:30045.284344595508:12510.724018762097:10879.467003720876:66.24430991387794:39.35176242039887:24.623534951088054:1.3780613170543305,9.682928340280513e-5
5,6,6,-2:2:4,4:2:2,25200,7,8.926718822477429e8:8.37290364008367e8:4.5195208215899175e8:4.2415796622160167e8:2.8340995488867074e8:9.065410998380952e7:8.960920210306156e7:86317.51507634345:77970.61070557706:42780.195180918265:23886.182235698736:21856.18665607511:82.17956480709445:52.28545415475405:34.835764799788585:1.5256749565714598,9.106456795076131e-5
5,6,6,-1:2:4,4:2:1,26040,7,1.1795251640091887e9:1.0055979792323967e9:6.636696543417561e8:5.769724211983753e8:5.0018174948083365e8:1.960210566477244e8:1.9515311947459072e8:110412.37938832337:93029.63228381057:53602.9962691325:39026.692534817834:37087.31096014138:94.01545457107903:63.892627839108734:45.310310604285746:1.6380375199726704,8.717446818170962e-5
5,6,6,0:2:4,4:2:0,26880,7,1.296144742743244e9:1.0655095660456403e9:7.711599052419823e8:6.331540887739031e8:6.050466080597854e8:2.6573926648252115e8:2.6487410849186003e8:119754.84045389883:98384.66964455861:58323.61907157305:47095.99651105069:45297.40767013109:98.16128434106433:68.7483082620963:50.184152998742924:1.6808982131310108,8.567403219200956e-5
5,6,6,1:2:4,4:2:1,26040,7,1.179525164009189e9:1.0055979792323978e9:6.636696543417566e8:5.769724211983752e8:5.0018174948083407e8:1.960210566477245e8:1.9515311947459072e8:110412.37938832046:93029.63228383307:53602.996269125804:39026.69253480408:37087.3109601562:94.01545457434278:63.892627818054166:45.31031062204231:1.6380375174601065,8.717446818171425e-5
5,6,6,2:2:4,4:2:2,25200,7,8.926718822477431e8:8.372903640083668e8:4.519520821589915e8:4.241579662216016e8:2.834099548886708e8:9.065410998380955e7:8.96092021030615e7:86317.51507634265:77970.61070558269:42780.195180914714:23886.182235697477:21856.186656078957:82.17956479902327:52.285454188192325:34.83576483792989:1.5256749612102682,9.106456795076284e-5
5,6,6,3:2:4,4:3:2,12600,7,6.060505227027541e8:5.958550325135417e8:2.739509962445814e8:2.1414649781176987e8:1.3459872622710738e8:3.401390362439409e7:3.2976581876437284e7:59818.95138374609:57803.21727966009:30045.284344589058:12510.724018760806:10879.467003726748:66.24430990891265:39.35176243101815:24.623534948232333:1.378061319603502,9.682928340280829e-5
5,6,6,-3:3:4,4:3:3,6300,7,4.3766365232111955e8:4.1958524822094136e8:1.628601955376007e8:1.1878880462946746e8:7.529324463432366e7:1.5982940503146475e7:1.5193533644243209e7:44005.5861441187:43450.6687761042:21355.256563113326:7514.911974450831:6321.386155620181:54.543479310982356:30.98890726377976:18.653902527542275:1.2636881999313538,0.00010277324855430687
5,6,6,-2:3:4,4:3:2,12600,7,6.06050522702754e8:5.958550325135416e8:2.739509962445813e8:2.1414649781176975e8:1.3459872622710738e8:3.401390362439412e7:3.297658187643724e7:59818.95138374734:57803.2172796535:30045.284344594318:12510.724018760977:10879.467003722946:66.2443099137761:39.35176242361592:24.623534953651543:1.3780613172580982,9.682928340280608e-5
5,6,6,-1:3:4,4:3:1,13020,7,7.525669144515612e8:7.36910529897183e8:3.735830455506206e8:3.190383895527056e8:2.049244250623353e8:5.909487169937776e7:5.799700226915301e7:73952.04221808774:69128.0279472527:37094.45067125284:18057.150109912756:16151.909582714658:75.2202657478345:46.364234965401494:29.99699148145335:1.4616368507684592,9.340420903881226e-5
5,6,6,0:3:4,4:3:0,13440,7,8.182278907896868e8:7.85814353932846e8:4.1190717715665174e8:3.6720679257948947e8:2.3977235518049285e8:7.268046556438014e7:7.159802009611183e7:79793.29486862136:73418.75870997114:39823.59324065737:20684.494934367205:18706.166808948565:78.59874548106177:49.17681756901673:32.25836850806969:1.4927141578621819,9.224773759377875e-5
5,6,6,1:3:4,4:3:1,13020,7,7.52566914451561e8:7.369105298971832e8:3.7358304555062103e8:3.1903838955270565e8:2.0492442506233525e8:5.909487169937776e7:5.799700226915301e7:73952.04221809177:69128.02794724649:37094.450671264094:18057.150109910253:16151.909582714938:75.22026575796566:46.36423498629564:29.996991493181334:1.4616368519575689,9.340420903881412e-5
5,6,6,2:3:4,4:3:2,12600,7,6.060505227027541e8:5.958550325135418e8:2.739509962445814e8:2.1414649781176972e8:1.3459872622710752e8:3.4013903624394126e7:3.2976581876437247e7:59818.95138374632:57803.217279643584:30045.284344585838:12510.72401875402:10879.46700373204:66.24430992074262:39.351762428964804:24.6235349369396:1.3780613222639233,9.682928340279557e-5
5,6,6,3:3:4,4:3:3,6300,7,4.376636523211195e8:4.1958524822094136e8:1.628601955376007e8:1.1878880462946746e8:7.529324463432366e7:1.598294050314649e7:1.5193533644243212e7:44005.58614411886:43450.66877610764:21355.25656312228:7514.911974444504:6321.3861556205875:54.54347930034692:30.98890728173424:18.653902546900895:1.2636881934125073,0.000102773248554314
5,6,6,-3:-3:5,5:3:3,3150,7,1.4005105681908715e8:1.398450505328434e8:6.711310333267201e7:5.444070466831392e7:3.4447922358407356e7:9.261749981335541e6:9.034628422073793e6:21753.151741347527:20714.47389998246:10943.24048538103:4880.514803277601:4304.204280339121:36.72293595166369:21.73874269651086:13.920385028473277:1.1005543549889898,0.00014892302877934257
5,6,6,-2:-3:5,5:3:2,6300,7,1.8203922962455556e8:1.7212572548128858e8:9.208760454049718e7:8.492671197822681e7:5.629307737596682e7:1.768715930212915e7:1.746513047697804e7:27636.014814604205:25106.717488147304:13730.064869047723:7469.372027528993:6813.040626268959:42.13660003249168:26.175653922953256:17.487071577467905:1.179103204790584,0.0001431272746265632
5,6,6,-1:-3:5,5:3:1,6510,7,2.1672630174352583e8:1.939672763038377e8:1.1274640544427136e8:1.0863391368635273e8:7.951442514019229e7:2.803513902937547e7:2.7836465859653432e7:32283.921838866096:28154.381114918087:15797.62894728151:10047.358345646508:9383.249453204713:45.87999108777857:29.617771153851653:20.489585565081583:1.233883496463213,0.0001394027942623646
5,6,6,0:-3:5,5:3:0,6720,7,2.301949503331995e8:2.0162904680219674e8:1.241318863857294e8:1.1423400655500145e8:9.005043199150077e7:3.321039764149766e7:3.302047346906663e7:34040.499698231426:29230.366376199258:16583.744029925037:11186.424106160508:10532.46822985003:47.19956447022239:30.935934076657965:21.7034704606834:1.2536930456200885,0.0001380752893892965
5,6,6,1:-3:5,5:3:1,6510,7,2.1672630174352583e8:1.9396727630383772e8:1.1274640544427119e8:1.086339136863527e8:7.95144251401923e7:2.8035139029375467e7:2.7836465859653436e7:32283.92183886658:28154.381114922286:15797.62894728271:10047.358345641927:9383.249453201344:45.87999108611241:29.617771155269004:20.489585561382288:1.2338834964536713,0.00013940279426236923
5,6,6,2:-3:5,5:3:2,6300,7,1.820392296245557e8:1.7212572548128858e8:9.208760454049712e7:8.492671197822683e7:5.629307737596685e7:1.7687159302129146e7:1.746513047697802e7:27636.014814604066:25106.71748814495:13730.064869047812:7469.372027529238:6813.0406262699225:42.13660003234295:26.175653921476314:17.487071574400076:1.1791032040169578,0.00014312727462655858
5,6,6,3:-3:5,5:3:3,3150,7,1.4005105681908706e8:1.398450505328434e8:6.7113103332672e7:5.444070466831389e7:3.444792235840726e7:9.261749981335541e6:9.034628422073793e6:21753.15174134768:20714.47389998427:10943.24048538122:4880.514803278618:4304.204280339024:36.72293595436408:21.738742696097376:13.920385028280377:1.1005543555328783,0.00014892302877934926
5,6,6,-3:-2:5,5:3:2,6300,7,1.8203922962455562e8:1.7212572548128876e8:9.208760454049714e7:8.492671197822686e7:5.629307737596683e7:1.7687159302129153e7:1.7465130476978045e7:27636.014814604136:25106.717488141567:13730.064869047463:7469.372027527745:6813.04062626916:42.136600032308365:26.17565392504161:17.487071577107933:1.1791032053844621,0.00014312727462654975
5,6,6,-2:-2:5,5:2:2,12600,7,2.4461903347044867e8:2.0945824223622224e8:1.3671194814453176e8:1.1993462752889882e8:1.0239653478737758e8:3.971272309590873e7:3.952986527174716e7:35894.010978852384:30330.62531293119:17437.064699081166:12515.583008259748:11879.80890264713:48.54441909429344:32.3547366639512:23.055021567837095:1.2743733910978903,0.00013668657432715814
5,6,6,-1:-2:5,5:2:1,13020,7,2.9243480975902474e8:2.3377531781996757e8:1.820058981481665e8:1.5533136578014517e8:1.3690472532427242e8:7.270178877068375e7:7.250412607686393e7:41799.52458720664:33718.65172982011:20659.0397538646:18128.911728162722:17581.07095857602:52.56857327457108:37.334334190198966:28.247601844266796:1.3423474946323444,0.00013197551404575794
5,6,6,0:-2:5,5:2:0,13440,7,3.08925856042672e8:2.42092987258282e8:1.9950108279189208e8:1.7789817143825504e8:1.446044179491691e8:9.142958656917804e7:9.119334343217711e7:43688.070659552635:34850.810580582016:22157.78065597922:20779.129605746522:20217.206117704292:53.796430849486704:39.28443110283331:30.525628992935705:1.367261387174072,0.00013012679589438603
5,6,6,1:-2:5,5:2:1,13020,7,2.9243480975902486e8:2.3377531781996757e8:1.8200589814816648e8:1.553313657801453e8:1.3690472532427236e8:7.270178877068375e7:7.250412607686394e7:41799.524587205655:33718.6517298162:20659.039753865054:18128.91172816815:17581.070958574415:52.56857328356132:37.334334196220645:28.247601855390887:1.3423474944611982,0.00013197551404575482
5,6,6,2:-2:5,5:2:2,12600,7,2.4461903347044852e8:2.094582422362223e8:1.3671194814453188e8:1.1993462752889885e8:1.0239653478737758e8:3.971272309590875e7:3.952986527174714e7:35894.01097885252:30330.625312926368:17437.064699079998:12515.58300826842:11879.808902646308:48.544419102105984:32.354736654206334:23.055021563939214:1.2743733856375064,0.0001366865743271551
5,6,6,3:-2:5,5:3:2,6300,7,1.8203922962455568e8:1.721257254812886e8:9.20876045404972e7:8.492671197822678e7:5.629307737596682e7:1.7687159302129157e7:1.7465130476978023e7:27636.014814604165:25106.7174881461:13730.064869048472:7469.372027525202:6813.0406262703345:42.13660003212583:26.175653921490362:17.4870715760936:1.1791032034458913,0.00014312727462655972
5,6,6,-3:-1:5,5:3:1,6510,7,2.1672630174352577e8:1.939672763038377e8:1.1274640544427125e8:1.0863391368635271e8:7.95144251401923e7:2.8035139029375453e7:2.7836465859653443e7:32283.9218388665:28154.381114915832:15797.628947279889:10047.35834564408:9383.249453205362:45.87999108832751:29.61777115679881:20.489585564146775:1.2338834988400038,0.00013940279426235888
5,6,6,-2:-1:5,5:2:1,13020,7,2.924348097590248e8:2.3377531781996754e8:1.820058981481665e8:1.5533136578014526e8:1.3690472532427236e8:7.270178877068378e7:7.250412607686397e7:41799.52458720583:33718.65172981206:20659.03975386111:18128.91172816103:17581.07095857101:52.56857327792317:37.33433419604041:28.2476018405687:1.34234749453821,0.00013197551404574135
5,6,6,-1:-1:5,5:1:1,13454,7,3.372888404720111e8:2.589223527008768e8:2.3704938139449576e8:2.2904702364660177e8:1.6848463439324525e8:1.5235156912134284e8:1.51395760978505e8:46363.570646532244:37059.18081410112:27935.06577178881:27930.558306513998:25808.250903203945:55.56317727428366:43.734701370336246:36.543761030944154:1.4210850884724735,0.0001256834423870823
5,6,6,0:-1:5,5:1:0,13888,7,3.404469408784859e8:2.6739048692580622e8:2.5646536954565048e8:2.5418212239569494e8:2.0399097747925508e8:2.0266129056904277e8:1.8933745487153047e8:46114.159176896195:38113.26533654743:32796.943079424505:32787.559022027235:29331.139583911474:55.521873960212844:46.28486099863355:40.91160101967004:1.4502462434155157,0.0001228981868178171
5,6,6,1:-1:5,5:1:1,13454,7,3.37288840472011e8:2.5892235270087683e8:2.370493813944958e8:2.2904702364660174e8:1.6848463439324522e8:1.5235156912134278e8:1.5139576097850496e8:46363.57064653056:37059.180814106185:27935.065771793412:27930.558306506973:25808.250903202552:55.563177261012754:43.73470137474598:36.543761014896646:1.4210850896245826,0.00012568344238708242
5,6,6,2:-1:5,5:2:1,13020,7,2.924348097590247e8:2.3377531781996766e8:1.8200589814816648e8:1.553313657801452e8:1.3690472532427236e8:7.270178877068378e7:7.250412607686393e7:41799.52458720503:33718.65172981747:20659.039753859448:18128.911728167543:17581.07095856892:52.568573277596954:37.33433419634527:28.247601846500075:1.3423474965652475,0.00013197551404574794
5,6,6,3:-1:5,5:3:1,6510,7,2.1672630174352586e8:1.939672763038377e8:1.1274640544427116e8:1.0863391368635271e8:7.951442514019231e7:2.8035139029375456e7:2.783646585965343e7:32283.921838866416:28154.381114918564:15797.628947284378:10047.358345641931:9383.249453199604:45.879991083858194:29.617771159320707:20.489585565957285:1.2338835000357933,0.0001394027942623631
5,6,6,-3:0:5,5:3:0,6720,7,2.301949503331995e8:2.0162904680219677e8:1.2413188638572948e8:1.1423400655500148e8:9.005043199150075e7:3.3210397641497687e7:3.3020473469066642e7:34040.49969823252:29230.366376195547:16583.744029925005:11186.424106159166:10532.468229854896:47.19956446880111:30.935934078056615:21.70347045942895:1.2536930455113584,0.0001380752893892945
5,6,6,-2:0:5,5:2:0,13440,7,3.08925856042672e8:2.4209298725828183e8:1.9950108279189205e8:1.7789817143825504e8:1.4460441794916916e8:9.14295865691781e7:9.119334343217708e7:43688.07065955248:34850.81058058059:22157.780655980547:20779.129605742884:20217.206117704318:53.79643084884318:39.28443109564092:30.525628984075613:1.36726138782866,0.00013012679589438303
5,6,6,-1:0:5,5:1:0,13888,7,3.404469408784859e8:2.6739048692580602e8:2.5646536954565048e8:2.5418212239569494e8:2.0399097747925508e8:2.0266129056904274e8:1.8933745487153047e8:46114.15917689298:38113.26533654716:32796.943079426754:32787.559022033594:29331.13958391395:55.52187395427604:46.284861000827476:40.911601016976185:1.4502462435557038,0.00012289818681782082
5,6,6,0:0:5,5:0:0,14336,7,2.7586574896570796e8:2.758657486515383e8:2.7586574865153784e8:2.7586555089264905e8:2.7586555089264894e8:2.7567101925064856e8:2.756710192506485e8:39122.18748814562:39120.60722143885:39120.60722141922:38873.410431255106:38873.41043125506:51.99158271944178:49.09261289526962:49.092612894338544:1.4811033924803856,0.0001195743963855214
5,6,6,1:0:5,5:1:0,13888,7,3.404469408784859e8:2.6739048692580608e8:2.5646536954565033e8:2.5418212239569494e8:2.0399097747925508e8:2.0266129056904265e8:1.8933745487153047e8:46114.159176892965:38113.26533654682:32796.94307943007:32787.559022037225:29331.139583913977:55.52187395374068:46.284861000787295:40.91160101707154:1.450246242246622,0.0001228981868178248
5,6,6,2:0:5,5:2:0,13440,7,3.08925856042672e8:2.4209298725828198e8:1.9950108279189193e8:1.7789817143825504e8:1.4460441794916916e8:9.142958656917807e7:9.119334343217708e7:43688.07065955249:34850.810580580735:22157.78065598092:20779.129605742193:20217.206117707006:53.796430849110415:39.28443109536328:30.52562898507463:1.3672613876152189,0.0001301267958943846
5,6,6,3:0:5,5:3:0,6720,7,2.3019495033319947e8:2.016290468021968e8:1.2413188638572946e8:1.1423400655500147e8:9.005043199150081e7:3.3210397641497664e7:3.3020473469066642e7:34040.49969823253:29230.366376197067:16583.74402992489:11186.42410615789:10532.468229845748:47.19956446905653:30.935934078252707:21.703470459568:1.253693045498744,0.00013807528938929078
5,6,6,-3:1:5,5:3:1,6510,7,2.1672630174352577e8:1.939672763038377e8:1.1274640544427125e8:1.0863391368635271e8:7.95144251401923e7:2.8035139029375453e7:2.7836465859653443e7:32283.9218388665:28154.381114915832:15797.628947279889:10047.35834564408:9383.249453205362:45.87999108832751:29.61777115679881:20.489585564146775:1.2338834988400038,0.00013940279426235888
5,6,6,-2:1:5,5:2:1,13020,7,2.924348097590248e8:2.3377531781996754e8:1.820058981481665e8:1.5533136578014526e8:1.3690472532427236e8:7.270178877068378e7:7.250412607686397e7:41799.52458720583:33718.65172981206:20659.03975386111:18128.91172816103:17581.07095857101:52.56857327792317:37.33433419604041:28.2476018405687:1.34234749453821,0.00013197551404574135
5,6,6,-1:1:5,5:1:1,13454,7,3.372888404720111e8:2.589223527008768e8:2.3704938139449576e8:2.2904702364660177e8:1.6848463439324525e8:1.5235156912134284e8:1.51395760978505e8:46363.570646532244:37059.18081410112:27935.06577178881:27930.558306513998:25808.250903203945:55.56317727428366:43.734701370336246:36.543761030944154:1.4210850884724735,0.0001256834423870823
5,6,6,0:1:5,5:1:0,13888,7,3.404469408784859e8:2.6739048692580622e8:2.5646536954565048e8:2.5418212239569494e8:2.0399097747925508e8:2.0266129056904277e8:1.8933745487153047e8:46114.159176896195:38113.26533654743:32796.943079424505:32787.559022027235:29331.139583911474:55.521873960212844:46.28486099863355:40.91160101967004:1.4502462434155157,0.0001228981868178171
5,6,6,1:1:5,5:1:1,13454,7,3.37288840472011e8:2.5892235270087683e8:2.370493813944958e8:2.2904702364660174e8:1.6848463439324522e8:1.5235156912134278e8:1.5139576097850496e8:46363.57064653056:37059.180814106185:27935.065771793412:27930.558306506973:25808.250903202552:55.563177261012754:43.73470137474598:36.543761014896646:1.4210850896245826,0.00012568344238708242
5,6,6,2:1:5,5:2:1,13020,7,2.924348097590247e8:2.3377531781996766e8:1.8200589814816648e8:1.553313657801452e8:1.3690472532427236e8:7.270178877068378e7:7.250412607686393e7:41799.52458720503:33718.65172981747:20659.039753859448:18128.911728167543:17581.07095856892:52.568573277596954:37.33433419634527:28.247601846500075:1.3423474965652475,0.00013197551404574794
5,6,6,3:1:5,5:3:1,6510,7,2.1672630174352586e8:1.939672763038377e8:1.1274640544427116e8:1.0863391368635271e8:7.951442514019231e7:2.8035139029375456e7:2.783646585965343e7:32283.921838866416:28154.381114918564:15797.628947284378:10047.358345641931:9383.249453199604:45.879991083858194:29.617771159320707:20.489585565957285:1.2338835000357933,0.0001394027942623631
5,6,6,-3:2:5,5:3:2,6300,7,1.8203922962455562e8:1.7212572548128876e8:9.208760454049714e7:8.492671197822686e7:5.629307737596683e7:1.7687159302129153e7:1.7465130476978045e7:27636.014814604136:25106.717488141567:13730.064869047463:7469.372027527745:6813.04062626916:42.136600032308365:26.17565392504161:17.487071577107933:1.1791032053844621,0.00014312727462654975
5,6,6,-2:2:5,5:2:2,12600,7,2.4461903347044867e8:2.0945824223622224e8:1.3671194814453176e8:1.1993462752889882e8:1.0239653478737758e8:3.971272309590873e7:3.952986527174716e7:35894.010978852384:30330.62531293119:17437.064699081166:12515.583008259748:11879.80890264713:48.54441909429344:32.3547366639512:23.055021567837095:1.2743733910978903,0.00013668657432715814
5,6,6,-1:2:5,5:2:1,13020,7,2.9243480975902474e8:2.3377531781996757e8:1.820058981481665e8:1.5533136578014517e8:1.3690472532427242e8:7.270178877068375e7:7.250412607686393e7:41799.52458720664:33718.65172982011:20659.0397538646:18128.911728162722:17581.07095857602:52.56857327457108:37.334334190198966:28.247601844266796:1.3423474946323444,0.00013197551404575794
5,6,6,0:2:5,5:2:0,13440,7,3.08925856042672e8:2.42092987258282e8:1.9950108279189208e8:1.7789817143825504e8:1.446044179491691e8:9.142958656917804e7:9.119334343217711e7:43688.070659552635:34850.810580582016:22157.78065597922:20779.129605746522:20217.206117704292:53.796430849486704:39.28443110283331:30.525628992935705:1.367261387174072,0.00013012679589438603
5,6,6,1:2:5,5:2:1,13020,7,2.9243480975902486e8:2.3377531781996757e8:1.8200589814816648e8:1.553313657801453e8:1.3690472532427236e8:7.270178877068375e7:7.250412607686394e7:41799.524587205655:33718.6517298162:20659.039753865054:18128.91172816815:17581.070958574415:52.56857328356132:37.334334196220645:28.247601855390887:1.3423474944611982,0.00013197551404575482
5,6,6,2:2:5,5:2:2,12600,7,2.4461903347044852e8:2.094582422362223e8:1.3671194814453188e8:1.1993462752889885e8:1.0239653478737758e8:3.971272309590875e7:3.952986527174714e7:35894.01097885252:30330.625312926368:17437.064699079998:12515.58300826842:11879.808902646308:48.544419102105984:32.354736654206334:23.055021563939214:1.2743733856375064,0.0001366865743271551
5,6,6,3:2:5,5:3:2,6300,7,1.8203922962455568e8:1.721257254812886e8:9.20876045404972e7:8.492671197822678e7:5.629307737596682e7:1.7687159302129157e7:1.7465130476978023e7:27636.014814604165:25106.7174881461:13730.064869048472:7469.372027525202:6813.0406262703345:42.13660003212583:26.175653921490362:17.4870715760936:1.1791032034458913,0.00014312727462655972
5,6,6,-3:3:5,5:3:3,3150,7,1.4005105681908715e8:1.398450505328434e8:6.711310333267201e7:5.444070466831392e7:3.4447922358407356e7:9.261749981335541e6:9.034628422073793e6:21753.151741347527:20714.47389998246:10943.24048538103:4880.514803277601:4304.204280339121:36.72293595166369:21.73874269651086:13.920385028473277:1.1005543549889898,0.00014892302877934257
5,6,6,-2:3:5,5:3:2,6300,7,1.8203922962455556e8:1.7212572548128858e8:9.208760454049718e7:8.492671197822681e7:5.629307737596682e7:1.768715930212915e7:1.746513047697804e7:27636.014814604205:25106.717488147304:13730.064869047723:7469.372027528993:6813.040626268959:42.13660003249168:26.175653922953256:17.487071577467905:1.179103204790584,0.0001431272746265632
5,6,6,-1:3:5,5:3:1,6510,7,2.1672630174352583e8:1.939672763038377e8:1.1274640544427136e8:1.0863391368635273e8:7.951442514019229e7:2.803513902937547e7:2.7836465859653432e7:32283.921838866096:28154.381114918087:15797.62894728151:10047.358345646508:9383.249453204713:45.87999108777857:29.617771153851653:20.489585565081583:1.233883496463213,0.0001394027942623646
5,6,6,0:3:5,5:3:0,6720,7,2.301949503331995e8:2.0162904680219674e8:1.241318863857294e8:1.1423400655500145e8:9.005043199150077e7:3.321039764149766e7:3.302047346906663e7:34040.499698231426:29230.366376199258:16583.744029925037:11186.424106160508:10532.46822985003:47.19956447022239:30.935934076657965:21.7034704606834:1.2536930456200885,0.0001380752893892965
5,6,6,1:3:5,5:3:1,6510,7,2.1672630174352583e8:1.9396727630383772e8:1.1274640544427119e8:1.086339136863527e8:7.95144251401923e7:2.8035139029375467e7:2.7836465859653436e7:32283.92183886658:28154.381114922286:15797.62894728271:10047.358345641927:9383.249453201344:45.87999108611241:29.617771155269004:20.489585561382288:1.2338834964536713,0.00013940279426236923
5,6,6,2:3:5,5:3:2,6300,7,1.820392296245557e8:1.7212572548128858e8:9.208760454049712e7:8.492671197822683e7:5.629307737596685e7:1.7687159302129146e7:1.746513047697802e7:27636.014814604066:25106.71748814495:13730.064869047812:7469.372027529238:6813.0406262699225:42.13660003234295:26.175653921476314:17.487071574400076:1.1791032040169578,0.00014312727462655858
5,6,6,3:3:5,5:3:3,3150,7,1.4005105681908706e8:1.398450505328434e8:6.7113103332672e7:5.444070466831389e7:3.444792235840726e7:9.261749981335541e6:9.034628422073793e6:21753.15174134768:20714.47389998427:10943.24048538122:4880.514803278618:4304.204280339024:36.72293595436408:21.738742696097376:13.920385028280377:1.1005543555328783,0.00014892302877934926
