level,q_parent,q_child,offset,orbit,routes,admissible_rank,sigma,relative_tail_at_rank7
2,6,6,-3:-3:-3,3:3:3,1,13,689.2243632052567:659.376283295409:178.78527125789267:120.48857860768128:81.33685081526608:12.93611432591114:11.937347952091402:3.835091138204046:3.148264592812301:1.3992223544468585:0.5638112417688036:0.349066578527798:0.2887600341692347:0.07071434140396132:0.045764332443799176:0.02909954485939816,0.005304984251541297
2,6,6,-2:-3:-3,3:3:2,2,13,1155.0106200519597:1100.6508402792506:367.09176616558074:256.08259641708986:168.119971299961:30.93727786184259:29.044796185007616:5.490347158203086:4.750447290877249:2.2748772210780395:0.7318998631518923:0.6393409018457462:0.47715856298309844:0.0976518838723917:0.06775339998454136:0.0382136757597022,0.004613080225583572
2,6,6,-1:-3:-3,3:3:1,3,13,1614.4136127109998:1548.3872969471493:609.3213810930688:440.7599885739291:282.7793713031999:59.67379154506713:56.91631253286754:7.088907938752285:6.277625033509511:3.1807500710279797:1.0022622674696176:0.9974775764314635:0.6180296561632888:0.12279841399698503:0.08949547287567698:0.04607103946742672,0.00425039793198299
2,6,6,0:-3:-3,3:3:0,4,13,1810.8592812624013:1747.0864218221016:729.9706464413553:538.5326519542748:343.4485612891741:76.70398490101392:73.620139610838:7.790302478523356:6.928259282555718:3.5829928686357535:1.1881436462567756:1.1543284096237834:0.6624370491833923:0.1335798628965351:0.09913051496460153:0.04928656624370749,0.004138331609494362
2,6,6,1:-3:-3,3:3:1,3,13,1614.4136127109973:1548.3872969471488:609.3213810930687:440.75998857392887:282.7793713032002:59.67379154506719:56.91631253286751:7.088907938752318:6.277625033509529:3.1807500710279504:1.002262267469632:0.9974775764314779:0.6180296561633146:0.1227984139969886:0.08949547287572225:0.04607103946741346,0.004250397931983007
2,6,6,2:-3:-3,3:3:2,2,13,1155.01062005196:1100.6508402792504:367.09176616558085:256.08259641709003:168.11997129996104:30.937277861842528:29.044796185007616:5.490347158203075:4.750447290877254:2.2748772210780404:0.7318998631518834:0.6393409018457346:0.47715856298309434:0.09765188387238814:0.06775339998453564:0.03821367575972602,0.004613080225583568
2,6,6,3:-3:-3,3:3:3,1,13,689.2243632052564:659.3762832954089:178.78527125789276:120.48857860768125:81.3368508152661:12.93611432591109:11.937347952091402:3.835091138204048:3.1482645928122994:1.3992223544468625:0.563811241768801:0.34906657852780026:0.2887600341692452:0.07071434140395191:0.045764332443818646:0.029099544859388767,0.005304984251541301
2,6,6,-3:-2:-3,3:3:2,2,13,1155.0106200519601:1100.6508402792506:367.09176616558096:256.0825964170899:168.119971299961:30.93727786184262:29.044796185007655:5.490347158203055:4.750447290877274:2.2748772210780195:0.7318998631518816:0.6393409018457487:0.4771585629830941:0.0976518838723901:0.06775339998453132:0.0382136757597215,0.004613080225583563
2,6,6,-2:-2:-3,3:2:2,4,12,2033.1778392565532:1979.936528634598:877.9822387721708:665.3028674666423:423.04806222256576:100.63267264745004:97.23510568261845:8.609830624215189:7.667559354663377:4.049602976825261:1.4264647713002612:1.3652314674732033:0.7061011488622494:0.14598145991528183:0.11043224747687272:0.052887365088386984,0.00403019312981227
2,6,6,-1:-2:-3,3:2:1,6,12,2998.575780277279:2874.474124648094:1512.1527215173335:1348.7074319918938:892.263014970471:268.5274681236109:264.79410108190166:12.125696099712341:10.535412543779437:5.942159398877134:2.727595114621679:2.5935447414447257:0.8440548457070459:0.1971098851304235:0.15943423088382633:0.06681765106729443,0.003718256029500438
2,6,6,0:-2:-3,3:2:0,8,12,3510.1868610325437:3214.3092442344364:1773.3263831813354:1747.5686242932416:1211.094869496893:402.9798615798228:399.54830753047867:13.808577423559605:11.737423437962047:6.787741238576051:3.5406561393360394:3.391815867050903:0.8954832993176325:0.22094418741012017:0.18363886893910256:0.0728991012877452,0.0036105893691013367
2,6,6,1:-2:-3,3:2:1,6,12,2998.5757802772787:2874.474124648093:1512.1527215173326:1348.7074319918945:892.263014970471:268.527468123611:264.7941010819012:12.125696099712384:10.535412543779453:5.942159398877111:2.727595114621726:2.5935447414449087:0.8440548457070806:0.19710988513031125:0.15943423088384764:0.0668176510671628,0.003718256029500453
2,6,6,2:-2:-3,3:2:2,4,12,2033.177839256554:1979.9365286345978:877.982238772171:665.3028674666423:423.0480622225656:100.63267264745036:97.2351056826185:8.609830624215196:7.667559354663361:4.049602976825267:1.426464771300231:1.3652314674731845:0.7061011488622254:0.145981459915193:0.11043224747691333:0.0528873650884127,0.0040301931298122665
2,6,6,3:-2:-3,3:3:2,2,13,1155.0106200519597:1100.6508402792504:367.09176616558074:256.08259641709014:168.11997129996092:30.937277861842453:29.044796185007645:5.490347158203067:4.7504472908772595:2.2748772210780275:0.7318998631518838:0.6393409018457702:0.4771585629830855:0.09765188387238567:0.06775339998454524:0.03821367575968622,0.004613080225583567
2,6,6,-3:-1:-3,3:3:1,3,13,1614.4136127109978:1548.3872969471493:609.3213810930688:440.75998857392875:282.7793713032002:59.6737915450671:56.91631253286751:7.088907938752311:6.277625033509505:3.1807500710279695:1.0022622674696238:0.9974775764314632:0.6180296561632682:0.12279841399696328:0.08949547287572168:0.04607103946740566,0.004250397931982997
2,6,6,-2:-1:-3,3:2:1,6,12,2998.5757802772805:2874.474124648095:1512.152721517333:1348.7074319918945:892.2630149704706:268.52746812361096:264.7941010819015:12.125696099712409:10.535412543779437:5.94215939887719:2.727595114621741:2.5935447414447577:0.8440548457070525:0.1971098851303788:0.15943423088381956:0.06681765106726063,0.003718256029500454
2,6,6,-1:-1:-3,3:1:1,9,12,4898.448181304325:3966.761679679735:2980.040971357387:2496.9669320016305:2302.989752100345:1103.4405098078298:1100.4467770007163:18.091898760734253:14.470880272818883:9.090062035917496:6.599661883453446:6.46891692841224:1.0088258082235777:0.2855497476030234:0.2542922765474756:0.08837298566792115,0.0033586685364146453
2,6,6,0:-1:-3,3:1:0,12,12,5668.838577639551:4366.996379598617:3836.245209872998:3608.305026505277:2718.3891891687845:2115.2365852038433:2109.16947657201:20.167704780953162:15.911909433009024:11.044354193962603:9.650833227487817:9.554831178555952:1.0680733108811662:0.3304045986941724:0.30875480593214494:0.09841150721661338,0.0031872871757597605
2,6,6,1:-1:-3,3:1:1,9,12,4898.448181304328:3966.7616796797356:2980.0409713573854:2496.9669320016296:2302.989752100345:1103.4405098078298:1100.4467770007168:18.091898760734228:14.470880272818734:9.090062035917557:6.599661883453401:6.468916928412253:1.0088258082235437:0.2855497476029031:0.254292276547366:0.08837298566763736,0.0033586685364146323
2,6,6,2:-1:-3,3:2:1,6,12,2998.575780277279:2874.474124648095:1512.1527215173326:1348.7074319918938:892.2630149704705:268.5274681236109:264.7941010819014:12.125696099712368:10.535412543779467:5.942159398877152:2.7275951146217494:2.5935447414447887:0.8440548457070851:0.19710988513040079:0.15943423088383918:0.0668176510672297,0.0037182560295004508
2,6,6,3:-1:-3,3:3:1,3,13,1614.4136127109975:1548.3872969471488:609.3213810930688:440.75998857392875:282.7793713031999:59.67379154506723:56.9163125328675:7.088907938752338:6.277625033509533:3.1807500710279206:1.0022622674696031:0.9974775764315005:0.6180296561632912:0.12279841399698091:0.0894954728756811:0.046071039467399336,0.0042503979319830085
2,6,6,-3:0:-3,3:3:0,4,13,1810.8592812624024:1747.0864218221013:729.970646441355:538.5326519542747:343.4485612891743:76.70398490101397:73.62013961083797:7.790302478523352:6.928259282555689:3.5829928686357606:1.1881436462567816:1.1543284096238036:0.6624370491833778:0.13357986289654128:0.09913051496456876:0.049286566243747054,0.004138331609494356
2,6,6,-2:0:-3,3:2:0,8,12,3510.1868610325464:3214.309244234438:1773.3263831813347:1747.5686242932422:1211.0948694968924:402.97986157982245:399.5483075304788:13.808577423559653:11.737423437962006:6.787741238575985:3.5406561393360185:3.39181586705068:0.895483299317717:0.22094418741013808:0.18363886893904618:0.07289910128772688,0.003610589369101326
2,6,6,-1:0:-3,3:1:0,12,12,5668.838577639551:4366.99637959862:3836.245209873:3608.3050265052784:2718.389189168785:2115.2365852038442:2109.16947657201:20.167704780953287:15.911909433009056:11.044354193962581:9.650833227487768:9.554831178555958:1.0680733108812188:0.33040459869416705:0.308754805932164:0.09841150721643158,0.003187287175759767
2,6,6,0:0:-3,3:0:0,16,12,4774.186933397548:4774.119245499286:4774.119245499279:4772.302615707385:4772.302615707382:4695.722787295598:4695.7227872955955:17.680942537805603:17.28455471937922:17.284554719379205:15.021983861380889:15.021983861380873:1.1205733967596976:0.3881052323989486:0.38810523239881134:0.11064566143439777,0.0029368618302295503
2,6,6,1:0:-3,3:1:0,12,12,5668.838577639552:4366.996379598617:3836.2452098729996:3608.305026505277:2718.389189168784:2115.2365852038433:2109.1694765720094:20.16770478095325:15.911909433008992:11.04435419396258:9.650833227487812:9.554831178555963:1.0680733108812235:0.3304045986941958:0.3087548059323372:0.09841150721688388,0.003187287175759765
2,6,6,2:0:-3,3:2:0,8,12,3510.1868610325428:3214.3092442344387:1773.326383181335:1747.5686242932425:1211.0948694968922:402.9798615798226:399.54830753047884:13.808577423559695:11.737423437962056:6.787741238575976:3.540656139335997:3.391815867050928:0.895483299317721:0.220944187410186:0.18363886893909215:0.07289910128772141,0.0036105893691013432
2,6,6,3:0:-3,3:3:0,4,13,1810.8592812624022:1747.0864218221006:729.9706464413548:538.5326519542746:343.44856128917434:76.70398490101394:73.62013961083794:7.790302478523371:6.928259282555682:3.5829928686357624:1.1881436462567838:1.1543284096239381:0.6624370491833744:0.13357986289653742:0.09913051496457088:0.04928656624376177,0.004138331609494365
2,6,6,-3:1:-3,3:3:1,3,13,1614.4136127109978:1548.3872969471493:609.3213810930688:440.75998857392875:282.7793713032002:59.6737915450671:56.91631253286751:7.088907938752311:6.277625033509505:3.1807500710279695:1.0022622674696238:0.9974775764314632:0.6180296561632682:0.12279841399696328:0.08949547287572168:0.04607103946740566,0.004250397931982997
2,6,6,-2:1:-3,3:2:1,6,12,2998.5757802772805:2874.474124648095:1512.152721517333:1348.7074319918945:892.2630149704706:268.52746812361096:264.7941010819015:12.125696099712409:10.535412543779437:5.94215939887719:2.727595114621741:2.5935447414447577:0.8440548457070525:0.1971098851303788:0.15943423088381956:0.06681765106726063,0.003718256029500454
2,6,6,-1:1:-3,3:1:1,9,12,4898.448181304325:3966.761679679735:2980.040971357387:2496.9669320016305:2302.989752100345:1103.4405098078298:1100.4467770007163:18.091898760734253:14.470880272818883:9.090062035917496:6.599661883453446:6.46891692841224:1.0088258082235777:0.2855497476030234:0.2542922765474756:0.08837298566792115,0.0033586685364146453
2,6,6,0:1:-3,3:1:0,12,12,5668.838577639551:4366.996379598617:3836.245209872998:3608.305026505277:2718.3891891687845:2115.2365852038433:2109.16947657201:20.167704780953162:15.911909433009024:11.044354193962603:9.650833227487817:9.554831178555952:1.0680733108811662:0.3304045986941724:0.30875480593214494:0.09841150721661338,0.0031872871757597605
2,6,6,1:1:-3,3:1:1,9,12,4898.448181304328:3966.7616796797356:2980.0409713573854:2496.9669320016296:2302.989752100345:1103.4405098078298:1100.4467770007168:18.091898760734228:14.470880272818734:9.090062035917557:6.599661883453401:6.468916928412253:1.0088258082235437:0.2855497476029031:0.254292276547366:0.08837298566763736,0.0033586685364146323
2,6,6,2:1:-3,3:2:1,6,12,2998.575780277279:2874.474124648095:1512.1527215173326:1348.7074319918938:892.2630149704705:268.5274681236109:264.7941010819014:12.125696099712368:10.535412543779467:5.942159398877152:2.7275951146217494:2.5935447414447887:0.8440548457070851:0.19710988513040079:0.15943423088383918:0.0668176510672297,0.0037182560295004508
2,6,6,3:1:-3,3:3:1,3,13,1614.4136127109975:1548.3872969471488:609.3213810930688:440.75998857392875:282.7793713031999:59.67379154506723:56.9163125328675:7.088907938752338:6.277625033509533:3.1807500710279206:1.0022622674696031:0.9974775764315005:0.6180296561632912:0.12279841399698091:0.0894954728756811:0.046071039467399336,0.0042503979319830085
2,6,6,-3:2:-3,3:3:2,2,13,1155.0106200519601:1100.6508402792506:367.09176616558096:256.0825964170899:168.119971299961:30.93727786184262:29.044796185007655:5.490347158203055:4.750447290877274:2.2748772210780195:0.7318998631518816:0.6393409018457487:0.4771585629830941:0.0976518838723901:0.06775339998453132:0.0382136757597215,0.004613080225583563
2,6,6,-2:2:-3,3:2:2,4,12,2033.1778392565532:1979.936528634598:877.9822387721708:665.3028674666423:423.04806222256576:100.63267264745004:97.23510568261845:8.609830624215189:7.667559354663377:4.049602976825261:1.4264647713002612:1.3652314674732033:0.7061011488622494:0.14598145991528183:0.11043224747687272:0.052887365088386984,0.00403019312981227
2,6,6,-1:2:-3,3:2:1,6,12,2998.575780277279:2874.474124648094:1512.1527215173335:1348.7074319918938:892.263014970471:268.5274681236109:264.79410108190166:12.125696099712341:10.535412543779437:5.942159398877134:2.727595114621679:2.5935447414447257:0.8440548457070459:0.1971098851304235:0.15943423088382633:0.06681765106729443,0.003718256029500438
2,6,6,0:2:-3,3:2:0,8,12,3510.1868610325437:3214.3092442344364:1773.3263831813354:1747.5686242932416:1211.094869496893:402.9798615798228:399.54830753047867:13.808577423559605:11.737423437962047:6.787741238576051:3.5406561393360394:3.391815867050903:0.8954832993176325:0.22094418741012017:0.18363886893910256:0.0728991012877452,0.0036105893691013367
2,6,6,1:2:-3,3:2:1,6,12,2998.5757802772787:2874.474124648093:1512.1527215173326:1348.7074319918945:892.263014970471:268.527468123611:264.7941010819012:12.125696099712384:10.535412543779453:5.942159398877111:2.727595114621726:2.5935447414449087:0.8440548457070806:0.19710988513031125:0.15943423088384764:0.0668176510671628,0.003718256029500453
2,6,6,2:2:-3,3:2:2,4,12,2033.177839256554:1979.9365286345978:877.982238772171:665.3028674666423:423.0480622225656:100.63267264745036:97.2351056826185:8.609830624215196:7.667559354663361:4.049602976825267:1.426464771300231:1.3652314674731845:0.7061011488622254:0.145981459915193:0.11043224747691333:0.0528873650884127,0.0040301931298122665
2,6,6,3:2:-3,3:3:2,2,13,1155.0106200519597:1100.6508402792504:367.09176616558074:256.08259641709014:168.11997129996092:30.937277861842453:29.044796185007645:5.490347158203067:4.7504472908772595:2.2748772210780275:0.7318998631518838:0.6393409018457702:0.4771585629830855:0.09765188387238567:0.06775339998454524:0.03821367575968622,0.004613080225583567
2,6,6,-3:3:-3,3:3:3,1,13,689.2243632052567:659.376283295409:178.78527125789267:120.48857860768128:81.33685081526608:12.93611432591114:11.937347952091402:3.835091138204046:3.148264592812301:1.3992223544468585:0.5638112417688036:0.349066578527798:0.2887600341692347:0.07071434140396132:0.045764332443799176:0.02909954485939816,0.005304984251541297
2,6,6,-2:3:-3,3:3:2,2,13,1155.0106200519597:1100.6508402792506:367.09176616558074:256.08259641708986:168.119971299961:30.93727786184259:29.044796185007616:5.490347158203086:4.750447290877249:2.2748772210780395:0.7318998631518923:0.6393409018457462:0.47715856298309844:0.0976518838723917:0.06775339998454136:0.0382136757597022,0.004613080225583572
2,6,6,-1:3:-3,3:3:1,3,13,1614.4136127109998:1548.3872969471493:609.3213810930688:440.7599885739291:282.7793713031999:59.67379154506713:56.91631253286754:7.088907938752285:6.277625033509511:3.1807500710279797:1.0022622674696176:0.9974775764314635:0.6180296561632888:0.12279841399698503:0.08949547287567698:0.04607103946742672,0.00425039793198299
2,6,6,0:3:-3,3:3:0,4,13,1810.8592812624013:1747.0864218221016:729.9706464413553:538.5326519542748:343.4485612891741:76.70398490101392:73.620139610838:7.790302478523356:6.928259282555718:3.5829928686357535:1.1881436462567756:1.1543284096237834:0.6624370491833923:0.1335798628965351:0.09913051496460153:0.04928656624370749,0.004138331609494362
2,6,6,1:3:-3,3:3:1,3,13,1614.4136127109973:1548.3872969471488:609.3213810930687:440.75998857392887:282.7793713032002:59.67379154506719:56.91631253286751:7.088907938752318:6.277625033509529:3.1807500710279504:1.002262267469632:0.9974775764314779:0.6180296561633146:0.1227984139969886:0.08949547287572225:0.04607103946741346,0.004250397931983007
2,6,6,2:3:-3,3:3:2,2,13,1155.01062005196:1100.6508402792504:367.09176616558085:256.08259641709003:168.11997129996104:30.937277861842528:29.044796185007616:5.490347158203075:4.750447290877254:2.2748772210780404:0.7318998631518834:0.6393409018457346:0.47715856298309434:0.09765188387238814:0.06775339998453564:0.03821367575972602,0.004613080225583568
2,6,6,3:3:-3,3:3:3,1,13,689.2243632052564:659.3762832954089:178.78527125789276:120.48857860768125:81.3368508152661:12.93611432591109:11.937347952091402:3.835091138204048:3.1482645928122994:1.3992223544468625:0.563811241768801:0.34906657852780026:0.2887600341692452:0.07071434140395191:0.045764332443818646:0.029099544859388767,0.005304984251541301
2,6,6,-3:-3:-2,3:3:2,2,11,2017.3678727537576:1994.9858742293338:368.19013841176843:226.74946997933395:149.24869464230576:19.821460962440728:17.862555529951937:7.286524647932609:5.955857822644393:2.163533692248687:0.7306440653933585:0.4884578201579674:0.3808810016572057:0.10288624749481554:0.05968498917184226:0.04345336512363715,0.0033767176298102794
2,6,6,-2:-3:-2,3:2:2,4,11,4384.586820125406:4270.621732344057:889.5510753388968:573.3033178901798:385.0306837413441:53.596968299152:48.47719584207909:12.285713668362007:10.601033021638619:4.095829021552318:1.0481820035324463:0.9869868441294724:0.6523524988364182:0.1541830968307169:0.09360335732359783:0.061465357847887155,0.002701155616319222
2,6,6,-1:-3:-2,3:2:1,6,10,7650.014674873479:7368.49275053888:1741.7195786684433:1159.89928245107:782.4568080493118:116.0624391212629:105.74935421272713:18.066579270859684:16.180049631718642:6.639984479137731:1.6971009601392708:1.5879793157809694:0.8652461896539841:0.20851771464150687:0.13119163237874704:0.07839193533694022,0.00232780189493061
2,6,6,0:-3:-2,3:2:0,8,10,9385.29780948685:9005.863875639765:2256.7420242313897:1520.2955608002014:1023.1531519020954:156.92047156099756:143.56952260239157:20.88106063859341:18.949915921629902:7.980852141803868:2.0946994956301372:1.9127230764010987:0.9433374282229705:0.23386198853559476:0.14921098168382485:0.08570085651928235,0.0022099919704868386
2,6,6,1:-3:-2,3:2:1,6,10,7650.01467487348:7368.492750538879:1741.7195786684426:1159.8992824510688:782.456808049312:116.0624391212631:105.74935421272708:18.066579270859695:16.1800496317186:6.639984479137761:1.69710096013929:1.5879793157809532:0.8652461896540112:0.20851771464145416:0.13119163237895287:0.07839193533680025,0.002327801894930609
2,6,6,2:-3:-2,3:2:2,4,11,4384.586820125404:4270.621732344059:889.5510753388971:573.3033178901804:385.030683741344:53.59696829915193:48.477195842079084:12.285713668362044:10.6010330216386:4.095829021552345:1.048182003532449:0.9869868441294668:0.6523524988364422:0.1541830968307361:0.09360335732364276:0.061465357847917006,0.0027011556163192255
2,6,6,3:-3:-2,3:3:2,2,11,2017.3678727537576:1994.9858742293334:368.1901384117684:226.74946997933398:149.2486946423058:19.82146096244072:17.86255552995194:7.286524647932597:5.955857822644399:2.1635336922486914:0.7306440653933465:0.48845782015793965:0.3808810016571718:0.10288624749481509:0.059684989171883966:0.04345336512364284,0.0033767176298102777
2,6,6,-3:-2:-2,3:2:2,4,11,4384.58682012541:4270.621732344061:889.5510753388971:573.3033178901808:385.03068374134415:53.59696829915195:48.4771958420791:12.285713668362034:10.60103302163861:4.095829021552326:1.0481820035324505:0.9869868441294841:0.6523524988364644:0.1541830968306893:0.09360335732362447:0.0614653578478892,0.002701155616319223
2,6,6,-2:-2:-2,2:2:2,8,10,11636.205666938893:11127.010395076266:2990.3142837646924:2038.465069375429:1364.28768839954:218.42201253227734:200.9188751623954:24.37556439306765:22.419898506384648:9.72529618130251:2.636417894839585:2.3652205890971763:1.0284675698512122:0.26463128770727956:0.17146669276592486:0.09415604741344274,0.0020962009582465727
2,6,6,-1:-2:-2,2:2:1,12,11,23694.650252420874:22629.3033215961:8246.646923213122:5898.668082118187:3790.7167861305393:756.800682478039:715.4716156889119:41.9804495679597:39.895089397642394:19.383524356528522:6.204380776986788:5.466100365325061:1.3642292524906996:0.4117702911074684:0.283244245386466:0.12970896265812779,0.0017856848500791408
2,6,6,0:-2:-2,2:2:0,16,11,30630.229426698035:29554.327512692522:12314.367499493526:9132.112439361881:5779.875259585073:1300.635223396703:1246.9039426057527:52.286519315584236:49.66914012648963:25.238685686659476:8.961334786282094:7.9540942255339:1.5215930208621309:0.4930775153600341:0.34874831173068993:0.14676036643473478,0.0016948020408758388
2,6,6,1:-2:-2,2:2:1,12,11,23694.65025242086:22629.3033215961:8246.646923213122:5898.668082118187:3790.7167861305406:756.8006824780387:715.4716156889125:41.98044956795963:39.89508939764221:19.383524356528653:6.2043807769866675:5.466100365324658:1.3642292524905644:0.4117702911073795:0.28324424538693654:0.12970896265765242,0.001785684850079136
2,6,6,2:-2:-2,2:2:2,8,10,11636.205666938899:11127.010395076264:2990.3142837646924:2038.465069375429:1364.2876883995389:218.4220125322776:200.91887516239552:24.375564393067602:22.41989850638446:9.725296181302284:2.636417894839913:2.3652205890972278:1.0284675698511834:0.26463128770725947:0.17146669276585125:0.09415604741333611,0.0020962009582465605
2,6,6,3:-2:-2,3:2:2,4,11,4384.586820125407:4270.621732344059:889.5510753388966:573.3033178901803:385.0306837413442:53.596968299151975:48.47719584207905:12.285713668362018:10.601033021638585:4.095829021552167:1.0481820035325273:0.9869868441294567:0.6523524988364486:0.15418309683074052:0.09360335732357551:0.0614653578478436,0.002701155616319214
2,6,6,-3:-1:-2,3:2:1,6,10,7650.01467487348:7368.49275053888:1741.7195786684429:1159.8992824510692:782.4568080493118:116.06243912126291:105.7493542127271:18.066579270859666:16.180049631718582:6.639984479137657:1.6971009601392868:1.5879793157809627:0.8652461896539899:0.20851771464154564:0.1311916323788079:0.07839193533692157,0.0023278018949306036
2,6,6,-2:-1:-2,2:2:1,12,11,23694.65025242087:22629.303321596104:8246.646923213122:5898.668082118189:3790.716786130541:756.8006824780384:715.4716156889126:41.9804495679596:39.89508939764205:19.38352435652817:6.20438077698594:5.46610036532384:1.3642292524906585:0.4117702911074726:0.283244245386759:0.12970896265848927,0.0017856848500791237
2,6,6,2:-1:-2,2:2:1,12,11,23694.650252420848:22629.303321596093:8246.646923213118:5898.668082118186:3790.71678613054:756.8006824780392:715.4716156889126:41.98044956795962:39.89508939764227:19.383524356528543:6.204380776986409:5.466100365325023:1.364229252490445:0.41177029110730345:0.28324424538661297:0.12970896265784296,0.0017856848500791371
2,6,6,3:-1:-2,3:2:1,6,10,7650.014674873476:7368.492750538879:1741.7195786684426:1159.8992824510688:782.456808049312:116.06243912126305:105.74935421272706:18.06657927085967:16.180049631718624:6.6399844791376905:1.6971009601392726:1.5879793157809947:0.8652461896538973:0.20851771464150703:0.131191632378608:0.07839193533704668,0.0023278018949306075
2,6,6,-3:0:-2,3:2:0,8,10,9385.297809486852:9005.863875639763:2256.742024231389:1520.2955608002014:1023.1531519020951:156.92047156099758:143.5695226023916:20.88106063859347:18.949915921629913:7.980852141803884:2.0946994956301057:1.9127230764011096:0.9433374282229663:0.2338619885355562:0.14921098168389452:0.08570085651926623,0.0022099919704868425
2,6,6,-2:0:-2,2:2:0,16,11,30630.229426698046:29554.32751269252:12314.367499493532:9132.11243936189:5779.875259585076:1300.6352233967034:1246.9039426057536:52.28651931558423:49.669140126489935:25.23868568665964:8.961334786282322:7.954094225533602:1.5215930208623685:0.4930775153601827:0.34874831173083704:0.14676036643453197,0.0016948020408758435
2,6,6,2:0:-2,2:2:0,16,11,30630.22942669803:29554.32751269252:12314.367499493535:9132.112439361885:5779.875259585073:1300.635223396702:1246.9039426057534:52.2865193155846:49.66914012648969:25.23868568665957:8.961334786281999:7.954094225534002:1.5215930208623978:0.4930775153600918:0.3487483117307889:0.14676036643452184,0.0016948020408758457
2,6,6,3:0:-2,3:2:0,8,10,9385.29780948685:9005.863875639763:2256.7420242313888:1520.295560800201:1023.1531519020954:156.92047156099784:143.56952260239157:20.881060638593496:18.949915921629874:7.980852141803861:2.0946994956301164:1.912723076401168:0.9433374282228977:0.23386198853563864:0.1492109816839522:0.08570085651930356,0.002209991970486842
2,6,6,-3:1:-2,3:2:1,6,10,7650.01467487348:7368.49275053888:1741.7195786684429:1159.8992824510692:782.4568080493118:116.06243912126291:105.7493542127271:18.066579270859666:16.180049631718582:6.639984479137657:1.6971009601392868:1.5879793157809627:0.8652461896539899:0.20851771464154564:0.1311916323788079:0.07839193533692157,0.0023278018949306036
2,6,6,-2:1:-2,2:2:1,12,11,23694.65025242087:22629.303321596104:8246.646923213122:5898.668082118189:3790.716786130541:756.8006824780384:715.4716156889126:41.9804495679596:39.89508939764205:19.38352435652817:6.20438077698594:5.46610036532384:1.3642292524906585:0.4117702911074726:0.283244245386759:0.12970896265848927,0.0017856848500791237
2,6,6,2:1:-2,2:2:1,12,11,23694.650252420848:22629.303321596093:8246.646923213118:5898.668082118186:3790.71678613054:756.8006824780392:715.4716156889126:41.98044956795962:39.89508939764227:19.383524356528543:6.204380776986409:5.466100365325023:1.364229252490445:0.41177029110730345:0.28324424538661297:0.12970896265784296,0.0017856848500791371
2,6,6,3:1:-2,3:2:1,6,10,7650.014674873476:7368.492750538879:1741.7195786684426:1159.8992824510688:782.456808049312:116.06243912126305:105.74935421272706:18.06657927085967:16.180049631718624:6.6399844791376905:1.6971009601392726:1.5879793157809947:0.8652461896538973:0.20851771464150703:0.131191632378608:0.07839193533704668,0.0023278018949306075
2,6,6,-3:2:-2,3:2:2,4,11,4384.58682012541:4270.621732344061:889.5510753388971:573.3033178901808:385.03068374134415:53.59696829915195:48.4771958420791:12.285713668362034:10.60103302163861:4.095829021552326:1.0481820035324505:0.9869868441294841:0.6523524988364644:0.1541830968306893:0.09360335732362447:0.0614653578478892,0.002701155616319223
2,6,6,-2:2:-2,2:2:2,8,10,11636.205666938893:11127.010395076266:2990.3142837646924:2038.465069375429:1364.28768839954:218.42201253227734:200.9188751623954:24.37556439306765:22.419898506384648:9.72529618130251:2.636417894839585:2.3652205890971763:1.0284675698512122:0.26463128770727956:0.17146669276592486:0.09415604741344274,0.0020962009582465727
2,6,6,-1:2:-2,2:2:1,12,11,23694.650252420874:22629.3033215961:8246.646923213122:5898.668082118187:3790.7167861305393:756.800682478039:715.4716156889119:41.9804495679597:39.895089397642394:19.383524356528522:6.204380776986788:5.466100365325061:1.3642292524906996:0.4117702911074684:0.283244245386466:0.12970896265812779,0.0017856848500791408
2,6,6,0:2:-2,2:2:0,16,11,30630.229426698035:29554.327512692522:12314.367499493526:9132.112439361881:5779.875259585073:1300.635223396703:1246.9039426057527:52.286519315584236:49.66914012648963:25.238685686659476:8.961334786282094:7.9540942255339:1.5215930208621309:0.4930775153600341:0.34874831173068993:0.14676036643473478,0.0016948020408758388
2,6,6,1:2:-2,2:2:1,12,11,23694.65025242086:22629.3033215961:8246.646923213122:5898.668082118187:3790.7167861305406:756.8006824780387:715.4716156889125:41.98044956795963:39.89508939764221:19.383524356528653:6.2043807769866675:5.466100365324658:1.3642292524905644:0.4117702911073795:0.28324424538693654:0.12970896265765242,0.001785684850079136
2,6,6,2:2:-2,2:2:2,8,10,11636.205666938899:11127.010395076264:2990.3142837646924:2038.465069375429:1364.2876883995389:218.4220125322776:200.91887516239552:24.375564393067602:22.41989850638446:9.725296181302284:2.636417894839913:2.3652205890972278:1.0284675698511834:0.26463128770725947:0.17146669276585125:0.09415604741333611,0.0020962009582465605
2,6,6,3:2:-2,3:2:2,4,11,4384.586820125407:4270.621732344059:889.5510753388966:573.3033178901803:385.0306837413442:53.596968299151975:48.47719584207905:12.285713668362018:10.601033021638585:4.095829021552167:1.0481820035325273:0.9869868441294567:0.6523524988364486:0.15418309683074052:0.09360335732357551:0.0614653578478436,0.002701155616319214
2,6,6,-3:3:-2,3:3:2,2,11,2017.3678727537576:1994.9858742293338:368.19013841176843:226.74946997933395:149.24869464230576:19.821460962440728:17.862555529951937:7.286524647932609:5.955857822644393:2.163533692248687:0.7306440653933585:0.4884578201579674:0.3808810016572057:0.10288624749481554:0.05968498917184226:0.04345336512363715,0.0033767176298102794
2,6,6,-2:3:-2,3:2:2,4,11,4384.586820125406:4270.621732344057:889.5510753388968:573.3033178901798:385.0306837413441:53.596968299152:48.47719584207909:12.285713668362007:10.601033021638619:4.095829021552318:1.0481820035324463:0.9869868441294724:0.6523524988364182:0.1541830968307169:0.09360335732359783:0.061465357847887155,0.002701155616319222
2,6,6,-1:3:-2,3:2:1,6,10,7650.014674873479:7368.49275053888:1741.7195786684433:1159.89928245107:782.4568080493118:116.0624391212629:105.74935421272713:18.066579270859684:16.180049631718642:6.639984479137731:1.6971009601392708:1.5879793157809694:0.8652461896539841:0.20851771464150687:0.13119163237874704:0.07839193533694022,0.00232780189493061
2,6,6,0:3:-2,3:2:0,8,10,9385.29780948685:9005.863875639765:2256.7420242313897:1520.2955608002014:1023.1531519020954:156.92047156099756:143.56952260239157:20.88106063859341:18.949915921629902:7.980852141803868:2.0946994956301372:1.9127230764010987:0.9433374282229705:0.23386198853559476:0.14921098168382485:0.08570085651928235,0.0022099919704868386
2,6,6,1:3:-2,3:2:1,6,10,7650.01467487348:7368.492750538879:1741.7195786684426:1159.8992824510688:782.456808049312:116.0624391212631:105.74935421272708:18.066579270859695:16.1800496317186:6.639984479137761:1.69710096013929:1.5879793157809532:0.8652461896540112:0.20851771464145416:0.13119163237895287:0.07839193533680025,0.002327801894930609
2,6,6,2:3:-2,3:2:2,4,11,4384.586820125404:4270.621732344059:889.5510753388971:573.3033178901804:385.030683741344:53.59696829915193:48.477195842079084:12.285713668362044:10.6010330216386:4.095829021552345:1.048182003532449:0.9869868441294668:0.6523524988364422:0.1541830968307361:0.09360335732364276:0.061465357847917006,0.0027011556163192255
2,6,6,3:3:-2,3:3:2,2,11,2017.3678727537576:1994.9858742293334:368.1901384117684:226.74946997933398:149.2486946423058:19.82146096244072:17.86255552995194:7.286524647932597:5.955857822644399:2.1635336922486914:0.7306440653933465:0.48845782015793965:0.3808810016571718:0.10288624749481509:0.059684989171883966:0.04345336512364284,0.0033767176298102777
2,6,6,-3:-3:-1,3:3:1,3,10,4585.502987739377:4430.908224178482:653.0260901055225:354.83301517310326:206.8830503426517:26.615281818252438:24.19521999549319:12.208855189324064:9.530872901412033:2.8380649986119924:0.8765416043029748:0.6155342201693815:0.4669204575624831:0.13364028430843225:0.0698143077718538:0.05864510405311042,0.0024583834901413778
2,6,6,-2:-3:-1,3:2:1,6,10,12717.532261080043:12382.659720760521:1871.7122374256571:1039.853206554672:616.7174127409498:79.52457244973009:71.9789815952034:24.562750123006424:19.841737285545726:5.971923774672059:1.3760403475845582:1.3474353059260966:0.8354063497991409:0.21539211055508475:0.11251595719412927:0.08979081314291719,0.001800191515146483
2,6,6,-1:-3:-1,3:1:1,9,10,28145.563430596667:27611.46584457771:4291.945598113465:2437.2475188592284:1473.016840510928:190.5016176147883:171.7666463172017:42.68013831274202:35.30717864883405:10.842389105075146:2.5117892420289167:2.2834818717060337:1.1590765049955545:0.31287560773580075:0.16505112066103056:0.12100244616306888,0.0014223347643644885
2,6,6,0:-3:-1,3:1:0,12,10,38393.533434816985:37793.59864460327:5954.727931392288:3415.3964587168207:2082.3104726454935:269.75815779274103:242.87855286083072:53.05201802284974:44.29515118572778:13.752428766852097:3.216967652293698:2.8524093371671753:1.2968077974719232:0.3623635393970753:0.19216942412835122:0.13508067360516737,0.0012991889375278886
2,6,6,1:-3:-1,3:1:1,9,10,28145.563430596667:27611.465844577702:4291.945598113466:2437.2475188592275:1473.0168405109287:190.5016176147882:171.7666463172016:42.68013831274174:35.307178648833975:10.842389105075227:2.511789242028783:2.2834818717059098:1.1590765049955343:0.3128756077359738:0.16505112066183872:0.12100244616299333,0.001422334764364482
2,6,6,2:-3:-1,3:2:1,6,10,12717.532261080043:12382.65972076052:1871.7122374256564:1039.8532065546717:616.7174127409498:79.52457244973006:71.97898159520338:24.562750123006534:19.841737285545737:5.971923774672075:1.376040347584536:1.3474353059260742:0.8354063497991728:0.21539211055509774:0.11251595719430173:0.08979081314290738,0.0018001915151464886
2,6,6,3:-3:-1,3:3:1,3,10,4585.502987739377:4430.908224178484:653.0260901055228:354.83301517310326:206.88305034265173:26.61528181825247:24.19521999549318:12.208855189324092:9.530872901412051:2.838064998611922:0.8765416043030079:0.6155342201694632:0.466920457562482:0.13364028430845193:0.06981430777156977:0.058645104053080356,0.0024583834901413812
2,6,6,-3:-2:-1,3:2:1,6,10,12717.532261080049:12382.659720760526:1871.712237425658:1039.8532065546722:616.7174127409502:79.52457244973:71.97898159520346:24.562750123006424:19.841737285545722:5.971923774672015:1.376040347584537:1.3474353059259894:0.8354063497991971:0.21539211055505436:0.11251595719418722:0.08979081314290575,0.0018001915151464815
2,6,6,-2:-2:-1,2:2:1,12,10,53970.57827921945:53344.58982728866:8548.673931319807:4962.420823967605:3057.301138568875:397.0449085692948:356.9609178704236:67.41111317464132:56.86895409320288:17.909409065034673:4.233439584457695:3.676942727460155:1.4618395755213538:0.4260557815582728:0.2274059910528091:0.15185260730566966,0.0011774949346369384
2,6,6,2:-2:-1,2:2:1,12,10,53970.57827921946:53344.58982728866:8548.673931319805:4962.420823967605:3057.301138568875:397.0449085692947:356.96091787042377:67.41111317464113:56.86895409320309:17.909409065035124:4.233439584458247:3.6769427274597914:1.461839575521596:0.4260557815582764:0.22740599105554218:0.1518526073045724,0.0011774949346369395
2,6,6,3:-2:-1,3:2:1,6,10,12717.532261080045:12382.659720760521:1871.7122374256585:1039.8532065546724:616.7174127409498:79.5245724497301:71.97898159520342:24.56275012300645:19.84173728554573:5.971923774672143:1.3760403475844898:1.3474353059261115:0.8354063497991868:0.215392110555024:0.11251595719411643:0.08979081314294156,0.0018001915151464847
2,6,6,-3:-1:-1,3:1:1,9,10,28145.563430596663:27611.465844577695:4291.945598113466:2437.2475188592284:1473.0168405109282:190.50161761478847:171.76664631720166:42.68013831274186:35.30717864883397:10.842389105075275:2.5117892420289785:2.283481871705971:1.1590765049956537:0.31287560773543244:0.16505112066260963:0.12100244616223521,0.0014223347643644855
2,6,6,3:-1:-1,3:1:1,9,10,28145.56343059667:27611.46584457769:4291.945598113464:2437.247518859228:1473.016840510928:190.50161761478813:171.7666463172017:42.680138312741704:35.30717864883407:10.84238910507507:2.5117892420287653:2.2834818717060505:1.1590765049956027:0.31287560773583406:0.16505112066184252:0.12100244616259835,0.0014223347643644824
2,6,6,-3:0:-1,3:1:0,12,10,38393.53343481698:37793.59864460326:5954.72793139229:3415.396458716819:2082.310472645493:269.75815779274103:242.87855286083095:53.052018022849715:44.2951511857278:13.752428766853047:3.21696765229391:2.8524093371670416:1.2968077974717538:0.3623635393970575:0.19216942412830143:0.13508067360530857,0.0012991889375278925
2,6,6,3:0:-1,3:1:0,12,10,38393.53343481698:37793.59864460324:5954.727931392288:3415.3964587168202:2082.3104726454935:269.75815779274086:242.87855286083087:53.05201802284989:44.29515118572785:13.752428766851981:3.216967652293901:2.8524093371672827:1.2968077974718786:0.36236353939707067:0.19216942412822988:0.13508067360528445,0.001299188937527892
2,6,6,-3:1:-1,3:1:1,9,10,28145.563430596663:27611.465844577695:4291.945598113466:2437.2475188592284:1473.0168405109282:190.50161761478847:171.76664631720166:42.68013831274186:35.30717864883397:10.842389105075275:2.5117892420289785:2.283481871705971:1.1590765049956537:0.31287560773543244:0.16505112066260963:0.12100244616223521,0.0014223347643644855
2,6,6,3:1:-1,3:1:1,9,10,28145.56343059667:27611.46584457769:4291.945598113464:2437.247518859228:1473.016840510928:190.50161761478813:171.7666463172017:42.680138312741704:35.30717864883407:10.84238910507507:2.5117892420287653:2.2834818717060505:1.1590765049956027:0.31287560773583406:0.16505112066184252:0.12100244616259835,0.0014223347643644824
2,6,6,-3:2:-1,3:2:1,6,10,12717.532261080049:12382.659720760526:1871.712237425658:1039.8532065546722:616.7174127409502:79.52457244973:71.97898159520346:24.562750123006424:19.841737285545722:5.971923774672015:1.376040347584537:1.3474353059259894:0.8354063497991971:0.21539211055505436:0.11251595719418722:0.08979081314290575,0.0018001915151464815
2,6,6,-2:2:-1,2:2:1,12,10,53970.57827921945:53344.58982728866:8548.673931319807:4962.420823967605:3057.301138568875:397.0449085692948:356.9609178704236:67.41111317464132:56.86895409320288:17.909409065034673:4.233439584457695:3.676942727460155:1.4618395755213538:0.4260557815582728:0.2274059910528091:0.15185260730566966,0.0011774949346369384
2,6,6,2:2:-1,2:2:1,12,10,53970.57827921946:53344.58982728866:8548.673931319805:4962.420823967605:3057.301138568875:397.0449085692947:356.96091787042377:67.41111317464113:56.86895409320309:17.909409065035124:4.233439584458247:3.6769427274597914:1.461839575521596:0.4260557815582764:0.22740599105554218:0.1518526073045724,0.0011774949346369395
2,6,6,3:2:-1,3:2:1,6,10,12717.532261080045:12382.659720760521:1871.7122374256585:1039.8532065546724:616.7174127409498:79.5245724497301:71.97898159520342:24.56275012300645:19.84173728554573:5.971923774672143:1.3760403475844898:1.3474353059261115:0.8354063497991868:0.215392110555024:0.11251595719411643:0.08979081314294156,0.0018001915151464847
2,6,6,-3:3:-1,3:3:1,3,10,4585.502987739377:4430.908224178482:653.0260901055225:354.83301517310326:206.8830503426517:26.615281818252438:24.19521999549319:12.208855189324064:9.530872901412033:2.8380649986119924:0.8765416043029748:0.6155342201693815:0.4669204575624831:0.13364028430843225:0.0698143077718538:0.05864510405311042,0.0024583834901413778
2,6,6,-2:3:-1,3:2:1,6,10,12717.532261080043:12382.659720760521:1871.7122374256571:1039.853206554672:616.7174127409498:79.52457244973009:71.9789815952034:24.562750123006424:19.841737285545726:5.971923774672059:1.3760403475845582:1.3474353059260966:0.8354063497991409:0.21539211055508475:0.11251595719412927:0.08979081314291719,0.001800191515146483
2,6,6,-1:3:-1,3:1:1,9,10,28145.563430596667:27611.46584457771:4291.945598113465:2437.2475188592284:1473.016840510928:190.5016176147883:171.7666463172017:42.68013831274202:35.30717864883405:10.842389105075146:2.5117892420289167:2.2834818717060337:1.1590765049955545:0.31287560773580075:0.16505112066103056:0.12100244616306888,0.0014223347643644885
2,6,6,0:3:-1,3:1:0,12,10,38393.533434816985:37793.59864460327:5954.727931392288:3415.3964587168207:2082.3104726454935:269.75815779274103:242.87855286083072:53.05201802284974:44.29515118572778:13.752428766852097:3.216967652293698:2.8524093371671753:1.2968077974719232:0.3623635393970753:0.19216942412835122:0.13508067360516737,0.0012991889375278886
2,6,6,1:3:-1,3:1:1,9,10,28145.563430596667:27611.465844577702:4291.945598113466:2437.2475188592275:1473.0168405109287:190.5016176147882:171.7666463172016:42.68013831274174:35.307178648833975:10.842389105075227:2.511789242028783:2.2834818717059098:1.1590765049955343:0.3128756077359738:0.16505112066183872:0.12100244616299333,0.001422334764364482
2,6,6,2:3:-1,3:2:1,6,10,12717.532261080043:12382.65972076052:1871.7122374256564:1039.8532065546717:616.7174127409498:79.52457244973006:71.97898159520338:24.562750123006534:19.841737285545737:5.971923774672075:1.376040347584536:1.3474353059260742:0.8354063497991728:0.21539211055509774:0.11251595719430173:0.08979081314290738,0.0018001915151464886
2,6,6,3:3:-1,3:3:1,3,10,4585.502987739377:4430.908224178484:653.0260901055228:354.83301517310326:206.88305034265173:26.61528181825247:24.19521999549318:12.208855189324092:9.530872901412051:2.838064998611922:0.8765416043030079:0.6155342201694632:0.466920457562482:0.13364028430845193:0.06981430777156977:0.058645104053080356,0.0024583834901413812
2,6,6,-3:-3:0,3:3:0,4,10,6277.296010212299:5939.654812087834:811.2497547288135:418.4261821634209:228.00546164924384:29.6090400162473:27.334116633179764:14.938630139429472:11.363153901439178:3.100353456910908:0.9375994190383431:0.6692624344017383:0.5058875391707629:0.14697687981811827:0.07224950791793612:0.06675482185398371,0.00219321111014625
2,6,6,-2:-3:0,3:2:0,8,10,19549.54462458403:18505.20794486016:2521.7135016913176:1304.0506278948242:706.6410070967612:92.07802022828186:85.08059395095881:32.57360785139462:25.30959587395068:6.749382909102985:1.532202388006622:1.5131980215574063:0.9266250834775197:0.24424122692894454:0.11365376523507358:0.1091745587310053,0.0015461359008155328
2,6,6,-1:-3:0,3:1:0,12,9,48884.47605870912:46283.563203625316:6298.587198133656:3262.193264459475:1761.9950516519862:230.17582646036388:212.6882297933064:61.5831392221798:48.36440914053377:12.717512588450752:2.9197162335767137:2.6590118936416394:1.3183920037376742:0.3663689144496585:0.1731259815533996:0.14768881214354634,0.0011731572202284062
2,6,6,0:-3:0,3:0:0,16,9,70642.69369869484:66889.11843876002:9098.677720581201:4714.821959345593:2543.8836602021984:332.6161587536271:307.3280576157539:79.65223753377549:62.75886271229053:16.42400642129859:3.8012810182937486:3.3866017365266443:1.4962070662900246:0.430813711284364:0.20465569018770707:0.16551466253752264,0.0010511680144538467
2,6,6,1:-3:0,3:1:0,12,9,48884.47605870912:46283.56320362531:6298.587198133657:3262.193264459471:1761.9950516519857:230.17582646036382:212.68822979330642:61.583139222179675:48.36440914053375:12.717512588450878:2.9197162335764557:2.6590118936416847:1.31839200373788:0.36636891444962416:0.1731259815544298:0.14768881214346039,0.0011731572202284047
2,6,6,2:-3:0,3:2:0,8,10,19549.544624584032:18505.207944860176:2521.713501691317:1304.0506278948228:706.6410070967612:92.07802022828176:85.08059395095871:32.57360785139459:25.309595873950713:6.7493829091030015:1.5322023880065574:1.5131980215573337:0.926625083477378:0.24424122692894965:0.11365376523458469:0.10917455873098669,0.001546135900815532
2,6,6,3:-3:0,3:3:0,4,10,6277.296010212298:5939.654812087832:811.2497547288142:418.4261821634209:228.00546164924387:29.6090400162473:27.334116633179814:14.938630139429458:11.363153901439192:3.1003534569108626:0.9375994190383667:0.6692624344017586:0.5058875391706912:0.1469768798181338:0.07224950791794096:0.06675482185382546,0.0021932111101462494
2,6,6,-3:-2:0,3:2:0,8,10,19549.544624584054:18505.20794486018:2521.7135016913185:1304.050627894824:706.6410070967612:92.07802022828183:85.0805939509588:32.5736078513946:25.309595873950695:6.7493829091029705:1.532202388006632:1.5131980215573846:0.9266250834774435:0.24424122692894887:0.11365376523464364:0.10917455873100401,0.0015461359008155306
2,6,6,-2:-2:0,2:2:0,16,9,106621.9398153347:100964.10278680117:13727.676755331397:7117.1065374730515:3835.973482079475:502.0226420434755:463.8155397133283:106.28431004375467:84.00297450365618:21.877823389707768:5.1051316064327255:4.467607027950179:1.7185352229865576:0.5161265319794088:0.24649874874931102:0.18709636753005035,0.0009302937222744827
2,6,6,2:-2:0,2:2:0,16,9,106621.9398153347:100964.10278680122:13727.676755331397:7117.106537473048:3835.9734820794756:502.02264204347597:463.8155397133283:106.28431004375479:84.00297450365613:21.87782338970757:5.105131606432668:4.467607027957862:1.718535222984609:0.5161265319793726:0.24649874874608224:0.18709636752887687,0.0009302937222744842
2,6,6,3:-2:0,3:2:0,8,10,19549.544624584047:18505.207944860173:2521.7135016913185:1304.0506278948228:706.6410070967614:92.07802022828179:85.08059395095874:32.573607851394584:25.30959587395064:6.749382909102984:1.5322023880065787:1.5131980215574143:0.9266250834774649:0.24424122692893688:0.1136537652347884:0.1091745587309761,0.0015461359008155297
2,6,6,-3:-1:0,3:1:0,12,9,48884.47605870911:46283.56320362529:6298.587198133654:3262.193264459473:1761.9950516519857:230.17582646036377:212.68822979330625:61.58313922217976:48.364409140533745:12.71751258845074:2.9197162335766564:2.6590118936417886:1.3183920037378019:0.36636891444958813:0.17312598155479308:0.1476888121435899,0.0011731572202284058
2,6,6,3:-1:0,3:1:0,12,9,48884.47605870912:46283.563203625294:6298.587198133658:3262.193264459473:1761.9950516519866:230.1758264603638:212.68822979330633:61.5831392221796:48.364409140533844:12.717512588450878:2.919716233576685:2.6590118936417064:1.318392003737409:0.3663689144495737:0.1731259815547127:0.14768881214339974,0.001173157220228405
2,6,6,-3:0:0,3:0:0,16,9,70642.69369869486:66889.11843876004:9098.6777205812:4714.821959345595:2543.8836602021975:332.61615875362713:307.3280576157541:79.6522375337755:62.758862712290785:16.424006421298678:3.8012810182938717:3.386601736526656:1.4962070662900087:0.4308137112843853:0.20465569018772561:0.16551466253755126,0.0010511680144538484
2,6,6,3:0:0,3:0:0,16,9,70642.69369869484:66889.11843876001:9098.677720581203:4714.821959345595:2543.883660202198:332.61615875362685:307.3280576157539:79.65223753377552:62.75886271229024:16.424006421298458:3.8012810182943695:3.3866017365266528:1.4962070662900078:0.43081371128436574:0.20465569018771212:0.16551466253755232,0.0010511680144538453
2,6,6,-3:1:0,3:1:0,12,9,48884.47605870911:46283.56320362529:6298.587198133654:3262.193264459473:1761.9950516519857:230.17582646036377:212.68822979330625:61.58313922217976:48.364409140533745:12.71751258845074:2.9197162335766564:2.6590118936417886:1.3183920037378019:0.36636891444958813:0.17312598155479308:0.1476888121435899,0.0011731572202284058
2,6,6,3:1:0,3:1:0,12,9,48884.47605870912:46283.563203625294:6298.587198133658:3262.193264459473:1761.9950516519866:230.1758264603638:212.68822979330633:61.5831392221796:48.364409140533844:12.717512588450878:2.919716233576685:2.6590118936417064:1.318392003737409:0.3663689144495737:0.1731259815547127:0.14768881214339974,0.001173157220228405
2,6,6,-3:2:0,3:2:0,8,10,19549.544624584054:18505.20794486018:2521.7135016913185:1304.050627894824:706.6410070967612:92.07802022828183:85.0805939509588:32.5736078513946:25.309595873950695:6.7493829091029705:1.532202388006632:1.5131980215573846:0.9266250834774435:0.24424122692894887:0.11365376523464364:0.10917455873100401,0.0015461359008155306
2,6,6,-2:2:0,2:2:0,16,9,106621.9398153347:100964.10278680117:13727.676755331397:7117.1065374730515:3835.973482079475:502.0226420434755:463.8155397133283:106.28431004375467:84.00297450365618:21.877823389707768:5.1051316064327255:4.467607027950179:1.7185352229865576:0.5161265319794088:0.24649874874931102:0.18709636753005035,0.0009302937222744827
2,6,6,2:2:0,2:2:0,16,9,106621.9398153347:100964.10278680122:13727.676755331397:7117.106537473048:3835.9734820794756:502.02264204347597:463.8155397133283:106.28431004375479:84.00297450365613:21.87782338970757:5.105131606432668:4.467607027957862:1.718535222984609:0.5161265319793726:0.24649874874608224:0.18709636752887687,0.0009302937222744842
2,6,6,3:2:0,3:2:0,8,10,19549.544624584047:18505.207944860173:2521.7135016913185:1304.0506278948228:706.6410070967614:92.07802022828179:85.08059395095874:32.573607851394584:25.30959587395064:6.749382909102984:1.5322023880065787:1.5131980215574143:0.9266250834774649:0.24424122692893688:0.1136537652347884:0.1091745587309761,0.0015461359008155297
2,6,6,-3:3:0,3:3:0,4,10,6277.296010212299:5939.654812087834:811.2497547288135:418.4261821634209:228.00546164924384:29.6090400162473:27.334116633179764:14.938630139429472:11.363153901439178:3.100353456910908:0.9375994190383431:0.6692624344017383:0.5058875391707629:0.14697687981811827:0.07224950791793612:0.06675482185398371,0.00219321111014625
2,6,6,-2:3:0,3:2:0,8,10,19549.54462458403:18505.20794486016:2521.7135016913176:1304.0506278948242:706.6410070967612:92.07802022828186:85.08059395095881:32.57360785139462:25.30959587395068:6.749382909102985:1.532202388006622:1.5131980215574063:0.9266250834775197:0.24424122692894454:0.11365376523507358:0.1091745587310053,0.0015461359008155328
2,6,6,-1:3:0,3:1:0,12,9,48884.47605870912:46283.563203625316:6298.587198133656:3262.193264459475:1761.9950516519862:230.17582646036388:212.6882297933064:61.5831392221798:48.36440914053377:12.717512588450752:2.9197162335767137:2.6590118936416394:1.3183920037376742:0.3663689144496585:0.1731259815533996:0.14768881214354634,0.0011731572202284062
2,6,6,0:3:0,3:0:0,16,9,70642.69369869484:66889.11843876002:9098.677720581201:4714.821959345593:2543.8836602021984:332.6161587536271:307.3280576157539:79.65223753377549:62.75886271229053:16.42400642129859:3.8012810182937486:3.3866017365266443:1.4962070662900246:0.430813711284364:0.20465569018770707:0.16551466253752264,0.0010511680144538467
2,6,6,1:3:0,3:1:0,12,9,48884.47605870912:46283.56320362531:6298.587198133657:3262.193264459471:1761.9950516519857:230.17582646036382:212.68822979330642:61.583139222179675:48.36440914053375:12.717512588450878:2.9197162335764557:2.6590118936416847:1.31839200373788:0.36636891444962416:0.1731259815544298:0.14768881214346039,0.0011731572202284047
2,6,6,2:3:0,3:2:0,8,10,19549.544624584032:18505.207944860176:2521.713501691317:1304.0506278948228:706.6410070967612:92.07802022828176:85.08059395095871:32.57360785139459:25.309595873950713:6.7493829091030015:1.5322023880065574:1.5131980215573337:0.926625083477378:0.24424122692894965:0.11365376523458469:0.10917455873098669,0.001546135900815532
2,6,6,3:3:0,3:3:0,4,10,6277.296010212298:5939.654812087832:811.2497547288142:418.4261821634209:228.00546164924387:29.6090400162473:27.334116633179814:14.938630139429458:11.363153901439192:3.1003534569108626:0.9375994190383667:0.6692624344017586:0.5058875391706912:0.1469768798181338:0.07224950791794096:0.06675482185382546,0.0021932111101462494
2,6,6,-3:-3:1,3:3:1,3,10,4585.502987739378:4430.908224178481:653.0260901055224:354.83301517310326:206.88305034265193:26.615281818252445:24.195219995493208:12.208855189324117:9.530872901412035:2.838064998611856:0.8765416043029765:0.6155342201694582:0.46692045756245126:0.1336402843084688:0.06981430777152554:0.05864510405301164,0.002458383490141381
2,6,6,-2:-3:1,3:2:1,6,10,12717.532261080041:12382.659720760521:1871.712237425658:1039.8532065546717:616.7174127409502:79.52457244973013:71.97898159520342:24.562750123006474:19.84173728554574:5.971923774672053:1.3760403475845215:1.3474353059260784:0.835406349799224:0.21539211055514754:0.1125159571941372:0.08979081314285658,0.0018001915151464858
2,6,6,-1:-3:1,3:1:1,9,10,28145.56343059668:27611.465844577713:4291.945598113467:2437.247518859229:1473.0168405109291:190.5016176147882:171.76664631720178:42.68013831274174:35.307178648834:10.842389105075132:2.511789242028911:2.2834818717059386:1.159076504995496:0.312875607735825:0.16505112066166994:0.12100244616305487,0.0014223347643644816
2,6,6,0:-3:1,3:1:0,12,10,38393.533434816956:37793.59864460326:5954.72793139229:3415.3964587168175:2082.310472645493:269.7581577927409:242.87855286083038:53.052018022849545:44.295151185728024:13.7524287668522:3.216967652293907:2.852409337167125:1.2968077974717038:0.3623635393970705:0.19216942412829913:0.13508067360523016,0.00129918893752789
2,6,6,1:-3:1,3:1:1,9,10,28145.56343059667:27611.465844577717:4291.945598113468:2437.247518859228:1473.0168405109287:190.50161761478813:171.76664631720186:42.68013831274183:35.307178648834096:10.8423891050752:2.5117892420289336:2.283481871706098:1.159076504995575:0.3128756077358813:0.16505112065999808:0.12100244616388275,0.0014223347643644857
2,6,6,2:-3:1,3:2:1,6,10,12717.532261080043:12382.659720760517:1871.7122374256583:1039.8532065546722:616.7174127409503:79.52457244972997:71.97898159520338:24.562750123006406:19.841737285545747:5.971923774672065:1.3760403475845955:1.3474353059261555:0.8354063497991467:0.21539211055512295:0.11251595719428732:0.08979081314292177,0.0018001915151464834
2,6,6,3:-3:1,3:3:1,3,10,4585.502987739379:4430.908224178483:653.0260901055229:354.8330151731033:206.8830503426518:26.61528181825243:24.195219995493208:12.208855189324114:9.530872901412044:2.838064998611902:0.8765416043029864:0.6155342201694878:0.46692045756246975:0.13364028430842914:0.06981430777170297:0.058645104053064494,0.002458383490141382
2,6,6,-3:-2:1,3:2:1,6,10,12717.532261080047:12382.659720760521:1871.7122374256587:1039.8532065546722:616.7174127409503:79.5245724497301:71.9789815952034:24.56275012300647:19.841737285545715:5.971923774672095:1.376040347584528:1.347435305926081:0.8354063497991822:0.21539211055509638:0.11251595719418536:0.08979081314296303,0.0018001915151464847
2,6,6,-2:-2:1,2:2:1,12,10,53970.57827921944:53344.5898272887:8548.673931319809:4962.420823967598:3057.3011385688765:397.0449085692951:356.9609178704239:67.41111317464102:56.868954093202866:17.9094090650348:4.233439584457711:3.6769427274599935:1.4618395755212963:0.42605578155780355:0.22740599105762874:0.1518526073040164,0.0011774949346369356
2,6,6,2:-2:1,2:2:1,12,10,53970.578279219415:53344.58982728873:8548.673931319807:4962.420823967601:3057.301138568875:397.044908569295:356.96091787042377:67.41111317464105:56.868954093203115:17.90940906503357:4.233439584457133:3.6769427274600472:1.4618395755213014:0.42605578155841467:0.22740599105380568:0.1518526073059201,0.001177494934636934
2,6,6,3:-2:1,3:2:1,6,10,12717.532261080047:12382.65972076052:1871.7122374256587:1039.8532065546717:616.7174127409503:79.5245724497301:71.97898159520335:24.56275012300643:19.841737285545722:5.971923774672051:1.3760403475844867:1.3474353059260458:0.83540634979918:0.21539211055511592:0.11251595719419934:0.08979081314292241,0.0018001915151464828
2,6,6,-3:-1:1,3:1:1,9,10,28145.56343059667:27611.465844577713:4291.945598113468:2437.247518859228:1473.0168405109291:190.5016176147884:171.7666463172018:42.68013831274184:35.30717864883393:10.842389105075783:2.5117892420286334:2.283481871705949:1.1590765049955574:0.31287560773589695:0.16505112066131108:0.12100244616348066,0.001422334764364486
2,6,6,3:-1:1,3:1:1,9,10,28145.563430596674:27611.46584457772:4291.945598113467:2437.2475188592293:1473.0168405109284:190.50161761478824:171.76664631720183:42.68013831274193:35.30717864883398:10.842389105075414:2.511789242028909:2.283481871705975:1.1590765049955303:0.31287560773603607:0.1650511206609872:0.12100244616332599,0.0014223347643644866
2,6,6,-3:0:1,3:1:0,12,10,38393.533434816956:37793.59864460326:5954.72793139229:3415.3964587168175:2082.310472645493:269.7581577927412:242.87855286083058:53.05201802284983:44.29515118572793:13.752428766855116:3.2169676522937785:2.8524093371664505:1.2968077974719616:0.3623635393970619:0.19216942412874244:0.13508067360524387,0.0012991889375279025
2,6,6,3:0:1,3:1:0,12,10,38393.533434816956:37793.598644603255:5954.727931392289:3415.396458716817:2082.310472645493:269.75815779274114:242.8785528608306:53.05201802284978:44.29515118572804:13.752428766851866:3.2169676522938397:2.8524093371672943:1.296807797471864:0.3623635393971318:0.19216942412837695:0.1350806736051566,0.0012991889375278925
2,6,6,-3:1:1,3:1:1,9,10,28145.56343059667:27611.465844577713:4291.945598113468:2437.247518859228:1473.0168405109291:190.5016176147884:171.7666463172018:42.68013831274184:35.30717864883393:10.842389105075783:2.5117892420286334:2.283481871705949:1.1590765049955574:0.31287560773589695:0.16505112066131108:0.12100244616348066,0.001422334764364486
2,6,6,3:1:1,3:1:1,9,10,28145.563430596674:27611.46584457772:4291.945598113467:2437.2475188592293:1473.0168405109284:190.50161761478824:171.76664631720183:42.68013831274193:35.30717864883398:10.842389105075414:2.511789242028909:2.283481871705975:1.1590765049955303:0.31287560773603607:0.1650511206609872:0.12100244616332599,0.0014223347643644866
2,6,6,-3:2:1,3:2:1,6,10,12717.532261080047:12382.659720760521:1871.7122374256587:1039.8532065546722:616.7174127409503:79.5245724497301:71.9789815952034:24.56275012300647:19.841737285545715:5.971923774672095:1.376040347584528:1.347435305926081:0.8354063497991822:0.21539211055509638:0.11251595719418536:0.08979081314296303,0.0018001915151464847
2,6,6,-2:2:1,2:2:1,12,10,53970.57827921944:53344.5898272887:8548.673931319809:4962.420823967598:3057.3011385688765:397.0449085692951:356.9609178704239:67.41111317464102:56.868954093202866:17.9094090650348:4.233439584457711:3.6769427274599935:1.4618395755212963:0.42605578155780355:0.22740599105762874:0.1518526073040164,0.0011774949346369356
2,6,6,2:2:1,2:2:1,12,10,53970.578279219415:53344.58982728873:8548.673931319807:4962.420823967601:3057.301138568875:397.044908569295:356.96091787042377:67.41111317464105:56.868954093203115:17.90940906503357:4.233439584457133:3.6769427274600472:1.4618395755213014:0.42605578155841467:0.22740599105380568:0.1518526073059201,0.001177494934636934
2,6,6,3:2:1,3:2:1,6,10,12717.532261080047:12382.65972076052:1871.7122374256587:1039.8532065546717:616.7174127409503:79.5245724497301:71.97898159520335:24.56275012300643:19.841737285545722:5.971923774672051:1.3760403475844867:1.3474353059260458:0.83540634979918:0.21539211055511592:0.11251595719419934:0.08979081314292241,0.0018001915151464828
2,6,6,-3:3:1,3:3:1,3,10,4585.502987739378:4430.908224178481:653.0260901055224:354.83301517310326:206.88305034265193:26.615281818252445:24.195219995493208:12.208855189324117:9.530872901412035:2.838064998611856:0.8765416043029765:0.6155342201694582:0.46692045756245126:0.1336402843084688:0.06981430777152554:0.05864510405301164,0.002458383490141381
2,6,6,-2:3:1,3:2:1,6,10,12717.532261080041:12382.659720760521:1871.712237425658:1039.8532065546717:616.7174127409502:79.52457244973013:71.97898159520342:24.562750123006474:19.84173728554574:5.971923774672053:1.3760403475845215:1.3474353059260784:0.835406349799224:0.21539211055514754:0.1125159571941372:0.08979081314285658,0.0018001915151464858
2,6,6,-1:3:1,3:1:1,9,10,28145.56343059668:27611.465844577713:4291.945598113467:2437.247518859229:1473.0168405109291:190.5016176147882:171.76664631720178:42.68013831274174:35.307178648834:10.842389105075132:2.511789242028911:2.2834818717059386:1.159076504995496:0.312875607735825:0.16505112066166994:0.12100244616305487,0.0014223347643644816
2,6,6,0:3:1,3:1:0,12,10,38393.533434816956:37793.59864460326:5954.72793139229:3415.3964587168175:2082.310472645493:269.7581577927409:242.87855286083038:53.052018022849545:44.295151185728024:13.7524287668522:3.216967652293907:2.852409337167125:1.2968077974717038:0.3623635393970705:0.19216942412829913:0.13508067360523016,0.00129918893752789
2,6,6,1:3:1,3:1:1,9,10,28145.56343059667:27611.465844577717:4291.945598113468:2437.247518859228:1473.0168405109287:190.50161761478813:171.76664631720186:42.68013831274183:35.307178648834096:10.8423891050752:2.5117892420289336:2.283481871706098:1.159076504995575:0.3128756077358813:0.16505112065999808:0.12100244616388275,0.0014223347643644857
2,6,6,2:3:1,3:2:1,6,10,12717.532261080043:12382.659720760517:1871.7122374256583:1039.8532065546722:616.7174127409503:79.52457244972997:71.97898159520338:24.562750123006406:19.841737285545747:5.971923774672065:1.3760403475845955:1.3474353059261555:0.8354063497991467:0.21539211055512295:0.11251595719428732:0.08979081314292177,0.0018001915151464834
2,6,6,3:3:1,3:3:1,3,10,4585.502987739379:4430.908224178483:653.0260901055229:354.8330151731033:206.8830503426518:26.61528181825243:24.195219995493208:12.208855189324114:9.530872901412044:2.838064998611902:0.8765416043029864:0.6155342201694878:0.46692045756246975:0.13364028430842914:0.06981430777170297:0.058645104053064494,0.002458383490141382
2,6,6,-3:-3:2,3:3:2,2,11,2017.367872753758:1994.985874229333:368.19013841176854:226.74946997933412:149.24869464230588:19.82146096244072:17.862555529951933:7.286524647932602:5.955857822644386:2.1635336922486834:0.7306440653933507:0.4884578201579695:0.38088100165722:0.10288624749478846:0.05968498917181517:0.0434533651236264,0.0033767176298102755
2,6,6,-2:-3:2,3:2:2,4,11,4384.586820125407:4270.621732344057:889.5510753388966:573.3033178901803:385.0306837413442:53.59696829915198:48.477195842079006:12.285713668362002:10.601033021638578:4.095829021552305:1.0481820035324294:0.9869868441294576:0.6523524988364252:0.15418309683070114:0.09360335732371203:0.06146535784786914,0.0027011556163192172
2,6,6,-1:-3:2,3:2:1,6,10,7650.014674873475:7368.492750538878:1741.7195786684438:1159.899282451069:782.4568080493124:116.06243912126315:105.74935421272718:18.06657927085961:16.180049631718695:6.639984479137753:1.6971009601392062:1.5879793157810362:0.8652461896540229:0.20851771464139326:0.13119163237882878:0.07839193533673934,0.002327801894930609
2,6,6,0:-3:2,3:2:0,8,10,9385.297809486849:9005.863875639767:2256.742024231391:1520.295560800202:1023.1531519020956:156.92047156099753:143.5695226023917:20.881060638593503:18.949915921629934:7.980852141803861:2.094699495630114:1.9127230764010588:0.9433374282230022:0.23386198853559542:0.14921098168381933:0.08570085651920437,0.0022099919704868447
2,6,6,1:-3:2,3:2:1,6,10,7650.014674873477:7368.492750538875:1741.7195786684438:1159.899282451069:782.4568080493119:116.06243912126301:105.74935421272713:18.066579270859638:16.180049631718614:6.639984479137719:1.697100960139372:1.5879793157809883:0.8652461896540081:0.20851771464144964:0.13119163237876422:0.07839193533672191,0.0023278018949306066
2,6,6,2:-3:2,3:2:2,4,11,4384.586820125403:4270.621732344056:889.551075338897:573.3033178901806:385.0306837413444:53.596968299151975:48.47719584207903:12.28571366836204:10.601033021638605:4.095829021552347:1.0481820035324765:0.9869868441294892:0.6523524988364452:0.15418309683069378:0.09360335732370113:0.06146535784786718,0.002701155616319227
2,6,6,3:-3:2,3:3:2,2,11,2017.3678727537574:1994.985874229333:368.1901384117687:226.74946997933424:149.24869464230588:19.821460962440735:17.862555529951933:7.286524647932613:5.9558578226444:2.1635336922486945:0.7306440653933522:0.48845782015794026:0.3808810016572114:0.10288624749480807:0.05968498917186432:0.043453365123623425,0.003376717629810283
2,6,6,-3:-2:2,3:2:2,4,11,4384.586820125407:4270.62173234406:889.5510753388972:573.3033178901806:385.03068374134455:53.59696829915193:48.47719584207902:12.285713668362034:10.601033021638601:4.095829021552314:1.048182003532394:0.9869868441294967:0.65235249883642:0.15418309683068857:0.09360335732365925:0.0614653578478969,0.002701155616319222
2,6,6,-2:-2:2,2:2:2,8,10,11636.205666938904:11127.01039507626:2990.314283764693:2038.4650693754286:1364.28768839954:218.42201253227762:200.91887516239566:24.375564393067645:22.419898506384566:9.725296181302312:2.636417894839765:2.3652205890972726:1.028467569851198:0.2646312877071916:0.1714666927660622:0.09415604741327495,0.0020962009582465666
2,6,6,-1:-2:2,2:2:1,12,11,23694.65025242087:22629.303321596093:8246.646923213124:5898.66808211819:3790.716786130542:756.8006824780375:715.4716156889108:41.980449567959575:39.895089397642025:19.38352435652861:6.204380776986666:5.4661003653255165:1.3642292524904496:0.4117702911075656:0.2832442453864936:0.12970896265802084,0.0017856848500791337
2,6,6,0:-2:2,2:2:0,16,11,30630.229426698024:29554.32751269249:12314.367499493535:9132.112439361883:5779.875259585076:1300.6352233967032:1246.9039426057534:52.28651931558435:49.66914012648896:25.23868568665948:8.961334786281679:7.954094225533426:1.521593020862144:0.49307751536016375:0.34874831173052645:0.14676036643463253,0.0016948020408758297
2,6,6,1:-2:2,2:2:1,12,11,23694.650252420874:22629.303321596104:8246.646923213126:5898.668082118191:3790.716786130542:756.8006824780372:715.4716156889122:41.98044956795961:39.89508939764221:19.383524356528778:6.2043807769863815:5.46610036532548:1.3642292524904187:0.4117702911076038:0.28324424538661763:0.12970896265780882,0.0017856848500791373
2,6,6,2:-2:2,2:2:2,8,10,11636.205666938902:11127.010395076264:2990.3142837646938:2038.46506937543:1364.2876883995402:218.4220125322773:200.91887516239575:24.3755643930676:22.41989850638454:9.72529618130239:2.6364178948398616:2.3652205890972744:1.0284675698511527:0.2646312877072938:0.17146669276588322:0.09415604741328105,0.002096200958246565
2,6,6,3:-2:2,3:2:2,4,11,4384.586820125409:4270.621732344057:889.5510753388966:573.30331789018:385.03068374134455:53.596968299152024:48.47719584207902:12.285713668362009:10.601033021638594:4.095829021552313:1.048182003532408:0.9869868441294787:0.6523524988364104:0.1541830968306858:0.09360335732366844:0.06146535784789905,0.0027011556163192185
2,6,6,-3:-1:2,3:2:1,6,10,7650.014674873479:7368.492750538874:1741.7195786684435:1159.8992824510694:782.4568080493115:116.06243912126295:105.74935421272714:18.066579270859602:16.180049631718635:6.639984479137802:1.697100960139256:1.5879793157809399:0.8652461896540565:0.20851771464144717:0.13119163237897383:0.07839193533670592,0.0023278018949306066
2,6,6,-2:-1:2,2:2:1,12,11,23694.650252420877:22629.303321596108:8246.646923213122:5898.668082118187:3790.716786130544:756.8006824780379:715.4716156889125:41.98044956795949:39.89508939764234:19.383524356528472:6.204380776986085:5.466100365325069:1.364229252490171:0.41177029110758684:0.2832442453870516:0.12970896265775245,0.0017856848500791326
2,6,6,2:-1:2,2:2:1,12,11,23694.650252420866:22629.3033215961:8246.646923213124:5898.668082118192:3790.7167861305425:756.8006824780365:715.4716156889111:41.98044956795953:39.895089397642224:19.38352435652816:6.204380776986314:5.4661003653247:1.3642292524901234:0.4117702911075386:0.283244245387196:0.12970896265782952,0.0017856848500791285
2,6,6,3:-1:2,3:2:1,6,10,7650.014674873472:7368.492750538872:1741.719578668444:1159.8992824510694:782.4568080493117:116.06243912126287:105.74935421272728:18.066579270859766:16.18004963171858:6.639984479137739:1.6971009601392464:1.5879793157809268:0.8652461896540388:0.20851771464156368:0.1311916323788043:0.07839193533681042,0.002327801894930614
2,6,6,-3:0:2,3:2:0,8,10,9385.297809486849:9005.863875639765:2256.74202423139:1520.2955608002017:1023.1531519020953:156.92047156099787:143.56952260239152:20.881060638593524:18.949915921629916:7.980852141803857:2.0946994956300835:1.9127230764011731:0.9433374282230433:0.23386198853561435:0.1492109816838629:0.08570085651922486,0.0022099919704868455
2,6,6,-2:0:2,2:2:0,16,11,30630.229426698017:29554.327512692493:12314.367499493539:9132.112439361885:5779.875259585073:1300.6352233967039:1246.903942605753:52.28651931558464:49.66914012648915:25.238685686659682:8.961334786281762:7.954094225533624:1.5215930208624977:0.49307751536012856:0.34874831173035986:0.14676036643499354,0.001694802040875839
2,6,6,2:0:2,2:2:0,16,11,30630.22942669801:29554.32751269249:12314.367499493543:9132.112439361885:5779.875259585075:1300.6352233967039:1246.903942605753:52.28651931558463:49.66914012648935:25.238685686659657:8.961334786281775:7.954094225532792:1.5215930208626178:0.49307751536005123:0.34874831173055487:0.14676036643496895,0.0016948020408758398
2,6,6,3:0:2,3:2:0,8,10,9385.297809486852:9005.863875639765:2256.7420242313897:1520.295560800201:1023.1531519020956:156.9204715609976:143.56952260239146:20.88106063859349:18.94991592162995:7.980852141803855:2.09469949563016:1.9127230764010685:0.9433374282229979:0.23386198853560708:0.1492109816838454:0.0857008565192222,0.0022099919704868447
2,6,6,-3:1:2,3:2:1,6,10,7650.014674873479:7368.492750538874:1741.7195786684435:1159.8992824510694:782.4568080493115:116.06243912126295:105.74935421272714:18.066579270859602:16.180049631718635:6.639984479137802:1.697100960139256:1.5879793157809399:0.8652461896540565:0.20851771464144717:0.13119163237897383:0.07839193533670592,0.0023278018949306066
2,6,6,-2:1:2,2:2:1,12,11,23694.650252420877:22629.303321596108:8246.646923213122:5898.668082118187:3790.716786130544:756.8006824780379:715.4716156889125:41.98044956795949:39.89508939764234:19.383524356528472:6.204380776986085:5.466100365325069:1.364229252490171:0.41177029110758684:0.2832442453870516:0.12970896265775245,0.0017856848500791326
2,6,6,2:1:2,2:2:1,12,11,23694.650252420866:22629.3033215961:8246.646923213124:5898.668082118192:3790.7167861305425:756.8006824780365:715.4716156889111:41.98044956795953:39.895089397642224:19.38352435652816:6.204380776986314:5.4661003653247:1.3642292524901234:0.4117702911075386:0.283244245387196:0.12970896265782952,0.0017856848500791285
2,6,6,3:1:2,3:2:1,6,10,7650.014674873472:7368.492750538872:1741.719578668444:1159.8992824510694:782.4568080493117:116.06243912126287:105.74935421272728:18.066579270859766:16.18004963171858:6.639984479137739:1.6971009601392464:1.5879793157809268:0.8652461896540388:0.20851771464156368:0.1311916323788043:0.07839193533681042,0.002327801894930614
2,6,6,-3:2:2,3:2:2,4,11,4384.586820125407:4270.62173234406:889.5510753388972:573.3033178901806:385.03068374134455:53.59696829915193:48.47719584207902:12.285713668362034:10.601033021638601:4.095829021552314:1.048182003532394:0.9869868441294967:0.65235249883642:0.15418309683068857:0.09360335732365925:0.0614653578478969,0.002701155616319222
2,6,6,-2:2:2,2:2:2,8,10,11636.205666938904:11127.01039507626:2990.314283764693:2038.4650693754286:1364.28768839954:218.42201253227762:200.91887516239566:24.375564393067645:22.419898506384566:9.725296181302312:2.636417894839765:2.3652205890972726:1.028467569851198:0.2646312877071916:0.1714666927660622:0.09415604741327495,0.0020962009582465666
2,6,6,-1:2:2,2:2:1,12,11,23694.65025242087:22629.303321596093:8246.646923213124:5898.66808211819:3790.716786130542:756.8006824780375:715.4716156889108:41.980449567959575:39.895089397642025:19.38352435652861:6.204380776986666:5.4661003653255165:1.3642292524904496:0.4117702911075656:0.2832442453864936:0.12970896265802084,0.0017856848500791337
2,6,6,0:2:2,2:2:0,16,11,30630.229426698024:29554.32751269249:12314.367499493535:9132.112439361883:5779.875259585076:1300.6352233967032:1246.9039426057534:52.28651931558435:49.66914012648896:25.23868568665948:8.961334786281679:7.954094225533426:1.521593020862144:0.49307751536016375:0.34874831173052645:0.14676036643463253,0.0016948020408758297
2,6,6,1:2:2,2:2:1,12,11,23694.650252420874:22629.303321596104:8246.646923213126:5898.668082118191:3790.716786130542:756.8006824780372:715.4716156889122:41.98044956795961:39.89508939764221:19.383524356528778:6.2043807769863815:5.46610036532548:1.3642292524904187:0.4117702911076038:0.28324424538661763:0.12970896265780882,0.0017856848500791373
2,6,6,2:2:2,2:2:2,8,10,11636.205666938902:11127.010395076264:2990.3142837646938:2038.46506937543:1364.2876883995402:218.4220125322773:200.91887516239575:24.3755643930676:22.41989850638454:9.72529618130239:2.6364178948398616:2.3652205890972744:1.0284675698511527:0.2646312877072938:0.17146669276588322:0.09415604741328105,0.002096200958246565
2,6,6,3:2:2,3:2:2,4,11,4384.586820125409:4270.621732344057:889.5510753388966:573.30331789018:385.03068374134455:53.596968299152024:48.47719584207902:12.285713668362009:10.601033021638594:4.095829021552313:1.048182003532408:0.9869868441294787:0.6523524988364104:0.1541830968306858:0.09360335732366844:0.06146535784789905,0.0027011556163192185
2,6,6,-3:3:2,3:3:2,2,11,2017.367872753758:1994.985874229333:368.19013841176854:226.74946997933412:149.24869464230588:19.82146096244072:17.862555529951933:7.286524647932602:5.955857822644386:2.1635336922486834:0.7306440653933507:0.4884578201579695:0.38088100165722:0.10288624749478846:0.05968498917181517:0.0434533651236264,0.0033767176298102755
2,6,6,-2:3:2,3:2:2,4,11,4384.586820125407:4270.621732344057:889.5510753388966:573.3033178901803:385.0306837413442:53.59696829915198:48.477195842079006:12.285713668362002:10.601033021638578:4.095829021552305:1.0481820035324294:0.9869868441294576:0.6523524988364252:0.15418309683070114:0.09360335732371203:0.06146535784786914,0.0027011556163192172
2,6,6,-1:3:2,3:2:1,6,10,7650.014674873475:7368.492750538878:1741.7195786684438:1159.899282451069:782.4568080493124:116.06243912126315:105.74935421272718:18.06657927085961:16.180049631718695:6.639984479137753:1.6971009601392062:1.5879793157810362:0.8652461896540229:0.20851771464139326:0.13119163237882878:0.07839193533673934,0.002327801894930609
2,6,6,0:3:2,3:2:0,8,10,9385.297809486849:9005.863875639767:2256.742024231391:1520.295560800202:1023.1531519020956:156.92047156099753:143.5695226023917:20.881060638593503:18.949915921629934:7.980852141803861:2.094699495630114:1.9127230764010588:0.9433374282230022:0.23386198853559542:0.14921098168381933:0.08570085651920437,0.0022099919704868447
2,6,6,1:3:2,3:2:1,6,10,7650.014674873477:7368.492750538875:1741.7195786684438:1159.899282451069:782.4568080493119:116.06243912126301:105.74935421272713:18.066579270859638:16.180049631718614:6.639984479137719:1.697100960139372:1.5879793157809883:0.8652461896540081:0.20851771464144964:0.13119163237876422:0.07839193533672191,0.0023278018949306066
2,6,6,2:3:2,3:2:2,4,11,4384.586820125403:4270.621732344056:889.551075338897:573.3033178901806:385.0306837413444:53.596968299151975:48.47719584207903:12.28571366836204:10.601033021638605:4.095829021552347:1.0481820035324765:0.9869868441294892:0.6523524988364452:0.15418309683069378:0.09360335732370113:0.06146535784786718,0.002701155616319227
2,6,6,3:3:2,3:3:2,2,11,2017.3678727537574:1994.985874229333:368.1901384117687:226.74946997933424:149.24869464230588:19.821460962440735:17.862555529951933:7.286524647932613:5.9558578226444:2.1635336922486945:0.7306440653933522:0.48845782015794026:0.3808810016572114:0.10288624749480807:0.05968498917186432:0.043453365123623425,0.003376717629810283
2,6,6,-3:-3:3,3:3:3,1,13,689.224363205257:659.3762832954093:178.7852712578929:120.48857860768116:81.33685081526615:12.93611432591111:11.937347952091391:3.8350911382040467:3.1482645928122963:1.39922235444686:0.5638112417688008:0.34906657852780154:0.2887600341692463:0.07071434140397129:0.04576433244380456:0.02909954485939392,0.005304984251541295
2,6,6,-2:-3:3,3:3:2,2,13,1155.0106200519606:1100.6508402792497:367.0917661655809:256.08259641708986:168.11997129996095:30.937277861842613:29.044796185007634:5.490347158203087:4.750447290877258:2.2748772210780244:0.7318998631518885:0.639340901845763:0.47715856298308934:0.09765188387238899:0.06775339998451915:0.03821367575970925,0.004613080225583574
2,6,6,-1:-3:3,3:3:1,3,13,1614.4136127109991:1548.387296947149:609.3213810930692:440.7599885739288:282.7793713032002:59.67379154506724:56.916312532867536:7.088907938752282:6.277625033509528:3.180750071027956:1.0022622674696422:0.9974775764314583:0.618029656163287:0.12279841399696226:0.0894954728757077:0.04607103946742848,0.004250397931982993
2,6,6,0:-3:3,3:3:0,4,13,1810.8592812624006:1747.0864218221009:729.970646441355:538.5326519542747:343.44856128917434:76.70398490101388:73.62013961083787:7.790302478523344:6.928259282555683:3.5829928686357473:1.1881436462567847:1.1543284096237842:0.6624370491834034:0.1335798628965467:0.09913051496454726:0.04928656624375351,0.004138331609494352
2,6,6,1:-3:3,3:3:1,3,13,1614.4136127109991:1548.3872969471493:609.3213810930694:440.75998857392875:282.77937130320026:59.67379154506723:56.91631253286745:7.088907938752335:6.27762503350951:3.180750071027946:1.0022622674696162:0.9974775764314547:0.6180296561632874:0.12279841399698908:0.08949547287570846:0.04607103946750128,0.004250397931983001
2,6,6,2:-3:3,3:3:2,2,13,1155.0106200519606:1100.6508402792497:367.091766165581:256.0825964170899:168.11997129996092:30.937277861842617:29.044796185007627:5.490347158203063:4.750447290877266:2.2748772210780297:0.7318998631518858:0.6393409018457619:0.4771585629830885:0.09765188387238705:0.06775339998453928:0.03821367575970645,0.004613080225583567
2,6,6,3:-3:3,3:3:3,1,13,689.2243632052571:659.3762832954094:178.78527125789284:120.48857860768118:81.33685081526615:12.936114325911122:11.937347952091395:3.8350911382040413:3.1482645928122905:1.3992223544468554:0.5638112417688036:0.3490665785277978:0.28876003416924595:0.07071434140394875:0.04576433244381879:0.029099544859396365,0.005304984251541285
2,6,6,-3:-2:3,3:3:2,2,13,1155.010620051961:1100.6508402792501:367.09176616558125:256.0825964170901:168.11997129996104:30.937277861842553:29.044796185007634:5.490347158203057:4.7504472908772835:2.2748772210780253:0.7318998631518895:0.6393409018457596:0.4771585629830911:0.09765188387239893:0.06775339998453916:0.03821367575969135,0.004613080225583567
2,6,6,-2:-2:3,3:2:2,4,12,2033.1778392565514:1979.9365286345965:877.9822387721707:665.3028674666418:423.04806222256605:100.63267264745016:97.23510568261847:8.609830624215144:7.667559354663392:4.049602976825266:1.42646477130024:1.3652314674731705:0.7061011488622012:0.1459814599151859:0.11043224747688926:0.052887365088447935,0.004030193129812264
2,6,6,-1:-2:3,3:2:1,6,12,2998.575780277278:2874.474124648093:1512.1527215173323:1348.7074319918945:892.2630149704717:268.527468123611:264.7941010819016:12.125696099712357:10.53541254377949:5.942159398877088:2.727595114621707:2.5935447414447736:0.8440548457070637:0.19710988513044836:0.15943423088385758:0.0668176510673406,0.0037182560295004473
2,6,6,0:-2:3,3:2:0,8,12,3510.1868610325414:3214.309244234436:1773.3263831813344:1747.5686242932418:1211.0948694968922:402.979861579823:399.5483075304786:13.808577423559687:11.73742343796205:6.787741238576039:3.5406561393360096:3.3918158670509078:0.8954832993176876:0.22094418741012412:0.18363886893911094:0.07289910128769535,0.0036105893691013463
2,6,6,1:-2:3,3:2:1,6,12,2998.575780277278:2874.4741246480953:1512.1527215173335:1348.7074319918945:892.2630149704718:268.5274681236107:264.7941010819012:12.12569609971238:10.53541254377951:5.9421593988771:2.7275951146217925:2.593544741444796:0.844054845707034:0.19710988513045438:0.1594342308838525:0.06681765106735146,0.0037182560295004564
2,6,6,2:-2:3,3:2:2,4,12,2033.1778392565516:1979.9365286345967:877.982238772171:665.3028674666423:423.0480622225661:100.63267264745024:97.23510568261847:8.609830624215165:7.667559354663369:4.049602976825263:1.4264647713002463:1.3652314674732198:0.706101148862225:0.14598145991521044:0.1104322474768916:0.05288736508839371,0.004030193129812265
2,6,6,3:-2:3,3:3:2,2,13,1155.0106200519608:1100.6508402792501:367.0917661655811:256.08259641709:168.1199712999611:30.937277861842542:29.044796185007584:5.490347158203081:4.750447290877249:2.2748772210780235:0.7318998631518847:0.6393409018457364:0.4771585629830853:0.09765188387238026:0.06775339998454606:0.038213675759706606,0.004613080225583563
2,6,6,-3:-1:3,3:3:1,3,13,1614.4136127109975:1548.387296947149:609.3213810930692:440.75998857392864:282.7793713032002:59.6737915450672:56.91631253286752:7.088907938752327:6.277625033509527:3.1807500710279455:1.0022622674696278:0.997477576431483:0.6180296561633101:0.12279841399696058:0.08949547287569652:0.04607103946741242,0.004250397931983007
2,6,6,-2:-1:3,3:2:1,6,12,2998.575780277279:2874.474124648096:1512.1527215173335:1348.7074319918945:892.2630149704713:268.5274681236109:264.79410108190166:12.125696099712401:10.535412543779415:5.942159398877123:2.727595114621691:2.593544741444733:0.8440548457070496:0.19710988513044456:0.15943423088387731:0.06681765106739075,0.0037182560295004425
2,6,6,-1:-1:3,3:1:1,9,12,4898.448181304324:3966.7616796797347:2980.040971357384:2496.9669320016296:2302.9897521003445:1103.4405098078305:1100.4467770007168:18.091898760734257:14.470880272818814:9.090062035917597:6.5996618834535665:6.4689169284122:1.0088258082235875:0.28554974760313434:0.2542922765474551:0.08837298566789614,0.0033586685364146484
2,6,6,0:-1:3,3:1:0,12,12,5668.838577639554:4366.9963795986205:3836.2452098730023:3608.305026505278:2718.389189168787:2115.236585203843:2109.1694765720085:20.16770478095317:15.911909433009061:11.044354193962647:9.650833227487885:9.554831178555965:1.0680733108812106:0.33040459869428335:0.30875480593243576:0.09841150721667423,0.003187287175759766
2,6,6,1:-1:3,3:1:1,9,12,4898.448181304323:3966.7616796797347:2980.040971357385:2496.96693200163:2302.989752100345:1103.440509807831:1100.4467770007163:18.09189876073423:14.470880272818935:9.090062035917517:6.599661883453484:6.468916928412255:1.0088258082235428:0.28554974760307594:0.25429227654736364:0.08837298566772148,0.0033586685364146497
2,6,6,2:-1:3,3:2:1,6,12,2998.5757802772773:2874.4741246480926:1512.152721517333:1348.7074319918931:892.2630149704711:268.5274681236108:264.7941010819016:12.12569609971237:10.535412543779412:5.942159398877104:2.7275951146216446:2.5935447414447528:0.8440548457070665:0.1971098851303868:0.15943423088382097:0.06681765106731953,0.003718256029500438
2,6,6,3:-1:3,3:3:1,3,13,1614.4136127109984:1548.3872969471481:609.3213810930696:440.75998857392864:282.7793713032002:59.67379154506718:56.916312532867465:7.088907938752317:6.277625033509505:3.180750071027951:1.0022622674696309:0.9974775764314674:0.6180296561633081:0.12279841399698081:0.08949547287566545:0.04607103946742185,0.004250397931982998
2,6,6,-3:0:3,3:3:0,4,13,1810.859281262401:1747.0864218221004:729.9706464413554:538.5326519542749:343.4485612891743:76.70398490101391:73.62013961083788:7.79030247852335:6.9282592825556675:3.5829928686357517:1.1881436462567776:1.154328409623776:0.6624370491834012:0.1335798628965396:0.0991305149645945:0.0492865662437431,0.00413833160949435
2,6,6,-2:0:3,3:2:0,8,12,3510.1868610325405:3214.309244234437:1773.3263831813347:1747.5686242932422:1211.0948694968924:402.9798615798231:399.5483075304787:13.808577423559662:11.737423437962052:6.787741238576016:3.54065613933603:3.3918158670511076:0.8954832993176638:0.22094418741015712:0.1836388689391602:0.07289910128766283,0.0036105893691013493
2,6,6,-1:0:3,3:1:0,12,12,5668.838577639555:4366.996379598619:3836.2452098730037:3608.30502650528:2718.389189168788:2115.2365852038415:2109.169476572009:20.167704780953216:15.911909433009027:11.044354193962572:9.650833227487851:9.554831178555967:1.0680733108812832:0.3304045986941952:0.30875480593226373:0.09841150721663583,0.0031872871757597635
2,6,6,0:0:3,3:0:0,16,12,4774.186933397548:4774.119245499285:4774.11924549928:4772.302615707385:4772.302615707385:4695.722787295599:4695.722787295598:17.680942537805606:17.284554719379162:17.284554719379155:15.021983861381088:15.021983861380885:1.1205733967596978:0.38810523239888184:0.38810523239857897:0.11064566143439787,0.002936861830229553
2,6,6,1:0:3,3:1:0,12,12,5668.838577639554:4366.996379598621:3836.2452098730037:3608.3050265052802:2718.389189168787:2115.236585203842:2109.169476572009:20.167704780953233:15.911909433009054:11.044354193962619:9.650833227487592:9.554831178555931:1.0680733108812785:0.3304045986941984:0.30875480593235105:0.09841150721658976,0.003187287175759758
2,6,6,2:0:3,3:2:0,8,12,3510.1868610325405:3214.3092442344373:1773.3263831813342:1747.5686242932425:1211.094869496893:402.9798615798229:399.5483075304787:13.8085774235597:11.737423437962018:6.787741238576001:3.5406561393360256:3.3918158670509313:0.8954832993176863:0.22094418741014304:0.18363886893915488:0.0728991012876486,0.003610589369101344
2,6,6,3:0:3,3:3:0,4,13,1810.859281262401:1747.0864218221004:729.9706464413554:538.5326519542749:343.44856128917405:76.70398490101387:73.6201396108379:7.790302478523347:6.9282592825556755:3.5829928686357486:1.1881436462567767:1.1543284096238475:0.6624370491834022:0.13357986289653648:0.09913051496456672:0.0492865662437439,0.004138331609494355
2,6,6,-3:1:3,3:3:1,3,13,1614.4136127109975:1548.387296947149:609.3213810930692:440.75998857392864:282.7793713032002:59.6737915450672:56.91631253286752:7.088907938752327:6.277625033509527:3.1807500710279455:1.0022622674696278:0.997477576431483:0.6180296561633101:0.12279841399696058:0.08949547287569652:0.04607103946741242,0.004250397931983007
2,6,6,-2:1:3,3:2:1,6,12,2998.575780277279:2874.474124648096:1512.1527215173335:1348.7074319918945:892.2630149704713:268.5274681236109:264.79410108190166:12.125696099712401:10.535412543779415:5.942159398877123:2.727595114621691:2.593544741444733:0.8440548457070496:0.19710988513044456:0.15943423088387731:0.06681765106739075,0.0037182560295004425
2,6,6,-1:1:3,3:1:1,9,12,4898.448181304324:3966.7616796797347:2980.040971357384:2496.9669320016296:2302.9897521003445:1103.4405098078305:1100.4467770007168:18.091898760734257:14.470880272818814:9.090062035917597:6.5996618834535665:6.4689169284122:1.0088258082235875:0.28554974760313434:0.2542922765474551:0.08837298566789614,0.0033586685364146484
2,6,6,0:1:3,3:1:0,12,12,5668.838577639554:4366.9963795986205:3836.2452098730023:3608.305026505278:2718.389189168787:2115.236585203843:2109.1694765720085:20.16770478095317:15.911909433009061:11.044354193962647:9.650833227487885:9.554831178555965:1.0680733108812106:0.33040459869428335:0.30875480593243576:0.09841150721667423,0.003187287175759766
2,6,6,1:1:3,3:1:1,9,12,4898.448181304323:3966.7616796797347:2980.040971357385:2496.96693200163:2302.989752100345:1103.440509807831:1100.4467770007163:18.09189876073423:14.470880272818935:9.090062035917517:6.599661883453484:6.468916928412255:1.0088258082235428:0.28554974760307594:0.25429227654736364:0.08837298566772148,0.0033586685364146497
2,6,6,2:1:3,3:2:1,6,12,2998.5757802772773:2874.4741246480926:1512.152721517333:1348.7074319918931:892.2630149704711:268.5274681236108:264.7941010819016:12.12569609971237:10.535412543779412:5.942159398877104:2.7275951146216446:2.5935447414447528:0.8440548457070665:0.1971098851303868:0.15943423088382097:0.06681765106731953,0.003718256029500438
2,6,6,3:1:3,3:3:1,3,13,1614.4136127109984:1548.3872969471481:609.3213810930696:440.75998857392864:282.7793713032002:59.67379154506718:56.916312532867465:7.088907938752317:6.277625033509505:3.180750071027951:1.0022622674696309:0.9974775764314674:0.6180296561633081:0.12279841399698081:0.08949547287566545:0.04607103946742185,0.004250397931982998
2,6,6,-3:2:3,3:3:2,2,13,1155.010620051961:1100.6508402792501:367.09176616558125:256.0825964170901:168.11997129996104:30.937277861842553:29.044796185007634:5.490347158203057:4.7504472908772835:2.2748772210780253:0.7318998631518895:0.6393409018457596:0.4771585629830911:0.09765188387239893:0.06775339998453916:0.03821367575969135,0.004613080225583567
2,6,6,-2:2:3,3:2:2,4,12,2033.1778392565514:1979.9365286345965:877.9822387721707:665.3028674666418:423.04806222256605:100.63267264745016:97.23510568261847:8.609830624215144:7.667559354663392:4.049602976825266:1.42646477130024:1.3652314674731705:0.7061011488622012:0.1459814599151859:0.11043224747688926:0.052887365088447935,0.004030193129812264
2,6,6,-1:2:3,3:2:1,6,12,2998.575780277278:2874.474124648093:1512.1527215173323:1348.7074319918945:892.2630149704717:268.527468123611:264.7941010819016:12.125696099712357:10.53541254377949:5.942159398877088:2.727595114621707:2.5935447414447736:0.8440548457070637:0.19710988513044836:0.15943423088385758:0.0668176510673406,0.0037182560295004473
2,6,6,0:2:3,3:2:0,8,12,3510.1868610325414:3214.309244234436:1773.3263831813344:1747.5686242932418:1211.0948694968922:402.979861579823:399.5483075304786:13.808577423559687:11.73742343796205:6.787741238576039:3.5406561393360096:3.3918158670509078:0.8954832993176876:0.22094418741012412:0.18363886893911094:0.07289910128769535,0.0036105893691013463
2,6,6,1:2:3,3:2:1,6,12,2998.575780277278:2874.4741246480953:1512.1527215173335:1348.7074319918945:892.2630149704718:268.5274681236107:264.7941010819012:12.12569609971238:10.53541254377951:5.9421593988771:2.7275951146217925:2.593544741444796:0.844054845707034:0.19710988513045438:0.1594342308838525:0.06681765106735146,0.0037182560295004564
2,6,6,2:2:3,3:2:2,4,12,2033.1778392565516:1979.9365286345967:877.982238772171:665.3028674666423:423.0480622225661:100.63267264745024:97.23510568261847:8.609830624215165:7.667559354663369:4.049602976825263:1.4264647713002463:1.3652314674732198:0.706101148862225:0.14598145991521044:0.1104322474768916:0.05288736508839371,0.004030193129812265
2,6,6,3:2:3,3:3:2,2,13,1155.0106200519608:1100.6508402792501:367.0917661655811:256.08259641709:168.1199712999611:30.937277861842542:29.044796185007584:5.490347158203081:4.750447290877249:2.2748772210780235:0.7318998631518847:0.6393409018457364:0.4771585629830853:0.09765188387238026:0.06775339998454606:0.038213675759706606,0.004613080225583563
2,6,6,-3:3:3,3:3:3,1,13,689.224363205257:659.3762832954093:178.7852712578929:120.48857860768116:81.33685081526615:12.93611432591111:11.937347952091391:3.8350911382040467:3.1482645928122963:1.39922235444686:0.5638112417688008:0.34906657852780154:0.2887600341692463:0.07071434140397129:0.04576433244380456:0.02909954485939392,0.005304984251541295
2,6,6,-2:3:3,3:3:2,2,13,1155.0106200519606:1100.6508402792497:367.0917661655809:256.08259641708986:168.11997129996095:30.937277861842613:29.044796185007634:5.490347158203087:4.750447290877258:2.2748772210780244:0.7318998631518885:0.639340901845763:0.47715856298308934:0.09765188387238899:0.06775339998451915:0.03821367575970925,0.004613080225583574
2,6,6,-1:3:3,3:3:1,3,13,1614.4136127109991:1548.387296947149:609.3213810930692:440.7599885739288:282.7793713032002:59.67379154506724:56.916312532867536:7.088907938752282:6.277625033509528:3.180750071027956:1.0022622674696422:0.9974775764314583:0.618029656163287:0.12279841399696226:0.0894954728757077:0.04607103946742848,0.004250397931982993
2,6,6,0:3:3,3:3:0,4,13,1810.8592812624006:1747.0864218221009:729.970646441355:538.5326519542747:343.44856128917434:76.70398490101388:73.62013961083787:7.790302478523344:6.928259282555683:3.5829928686357473:1.1881436462567847:1.1543284096237842:0.6624370491834034:0.1335798628965467:0.09913051496454726:0.04928656624375351,0.004138331609494352
2,6,6,1:3:3,3:3:1,3,13,1614.4136127109991:1548.3872969471493:609.3213810930694:440.75998857392875:282.77937130320026:59.67379154506723:56.91631253286745:7.088907938752335:6.27762503350951:3.180750071027946:1.0022622674696162:0.9974775764314547:0.6180296561632874:0.12279841399698908:0.08949547287570846:0.04607103946750128,0.004250397931983001
2,6,6,2:3:3,3:3:2,2,13,1155.0106200519606:1100.6508402792497:367.091766165581:256.0825964170899:168.11997129996092:30.937277861842617:29.044796185007627:5.490347158203063:4.750447290877266:2.2748772210780297:0.7318998631518858:0.6393409018457619:0.4771585629830885:0.09765188387238705:0.06775339998453928:0.03821367575970645,0.004613080225583567
2,6,6,3:3:3,3:3:3,1,13,689.2243632052571:659.3762832954094:178.78527125789284:120.48857860768118:81.33685081526615:12.936114325911122:11.937347952091395:3.8350911382040413:3.1482645928122905:1.3992223544468554:0.5638112417688036:0.3490665785277978:0.28876003416924595:0.07071434140394875:0.04576433244381879:0.029099544859396365,0.005304984251541285
3,6,5,-3:-3:-5,5:3:3,18,12,8644.763605216987:8629.528308001365:4146.349145717582:3350.158660201522:2136.89390560821:569.5835180301125:556.0236757849874:23.785622864067577:21.68413795528835:11.691543684416965:4.811873798570718:4.439532329797225:1.1035967294886504:0.3054957266917242:0.23358976936719295:0.09816853927152704,0.0025799808189834903
3,6,5,-2:-3:-5,5:3:2,36,12,11229.474687100106:10622.319522162185:5682.689960971602:5224.944977216121:3487.3850492631386:1086.4643639551014:1073.2099769381493:29.82492226281173:26.301861446591737:14.736958140328559:7.342975371310233:6.891536982822047:1.220917988835887:0.36923674805412204:0.2940514438381187:0.11243453551479787,0.0024647588547404564
3,6,5,-1:-3:-5,5:3:1,42,12,13366.441656572508:11968.969451458563:6936.713188038956:6702.36555365619:4920.226116227267:1720.5762465512119:1708.7535663556664:34.57251868494176:29.531875538202826:17.012405477277422:9.85214624025027:9.38353552009045:1.3003863659241095:0.41873391034848:0.343799901963359:0.12278626673965362,0.0023908285804312515
3,6,5,0:-3:-5,5:3:0,48,12,14196.271054192324:12441.345416636379:7637.649462412939:7047.998709726374:5569.664280733764:2037.4897803641454:2026.2142024414718:36.365338737314985:30.678703312410683:17.87671132017094:10.957856257901074:10.493640460137081:1.3283456613234932:0.43769792528286433:0.3635850996862485:0.12660612018947276,0.002364449411586412
3,6,5,1:-3:-5,5:3:1,42,12,13366.441656572508:11968.969451458564:6936.7131880389525:6702.365553656189:4920.226116227267:1720.576246551212:1708.7535663556662:34.572518684941706:29.531875538202794:17.0124054772774:9.852146240250455:9.383535520090726:1.3003863659241959:0.41873391034859364:0.3437999019633772:0.12278626673955433,0.0023908285804312523
3,6,5,2:-3:-5,5:3:2,36,12,11229.474687100097:10622.319522162183:5682.689960971601:5224.94497721612:3487.3850492631404:1086.4643639551007:1073.2099769381487:29.824922262811814:26.30186144659172:14.736958140328618:7.342975371310341:6.891536982821554:1.220917988835936:0.36923674805422046:0.2940514438380421:0.11243453551494734,0.0024647588547404573
3,6,5,3:-3:-5,5:3:3,18,12,8644.763605216987:8629.528308001365:4146.3491457175805:3350.1586602015195:2136.8939056082095:569.5835180301128:556.0236757849875:23.78562286406777:21.684137955288502:11.691543684416942:4.811873798570745:4.439532329797257:1.1035967294887465:0.30549572669164643:0.23358976936721554:0.09816853927172317,0.0025799808189835073
3,6,5,-3:-2:-5,5:3:2,36,12,11229.474687100104:10622.31952216219:5682.6899609716:5224.944977216123:3487.3850492631404:1086.4643639551005:1073.2099769381496:29.8249222628118:26.301861446591435:14.73695814032853:7.342975371310284:6.891536982821736:1.2209179888359838:0.36923674805409007:0.2940514438380693:0.11243453551467526,0.0024647588547404447
3,6,5,-2:-2:-5,5:2:2,72,12,15085.113373381871:12924.027766720272:8412.438251828136:7400.0535036615165:6330.316926745143:2435.497005227219:2424.677214406114:38.25746947221747:31.855465400007798:18.81229071593451:12.2461221688508:11.793007590341356:1.3569427579774518:0.45811476961280084:0.38537552557468896:0.13063550960310652,0.0023368152938196924
3,6,5,-1:-2:-5,5:2:1,84,12,18033.41279933909:14423.034882688491:11205.35872485301:9585.23003649028:8452.64975458093:4452.541102749995:4441.051754448072:44.29843184735734:35.509655354946865:22.288412309407093:17.667890594712524:17.29055947592377:1.4450122467210984:0.5298077917926678:0.4664455769370297:0.14416543344715635,0.0022426661523930573
3,6,5,0:-2:-5,5:2:0,96,12,19050.827557680273:14935.679686534055:12285.850070268152:10973.4682341526:8928.424287055597:5596.3933462843115:5582.809803411378:46.2394175819421:36.7429243068434:23.82980231644078:20.219427493062074:19.873742831775182:1.474151854261345:0.5578972423909158:0.5004472316349768:0.14922871167842588,0.0022055822282111004
3,6,5,1:-2:-5,5:2:1,84,12,18033.412799339094:14423.034882688495:11205.358724853011:9585.230036490284:8452.649754580927:4452.541102749998:4441.051754448072:44.298431847357044:35.50965535494674:22.288412309407267:17.667890594712578:17.290559475923526:1.44501224672124:0.5298077917922169:0.46644557693763444:0.1441654334469557,0.002242666152393048
3,6,5,2:-2:-5,5:2:2,72,12,15085.113373381871:12924.027766720266:8412.438251828135:7400.053503661514:6330.316926745145:2435.497005227219:2424.677214406112:38.25746947221783:31.855465400007763:18.81229071593457:12.246122168850826:11.793007590342171:1.3569427579775268:0.45811476961277675:0.3853755255744622:0.13063550960359732,0.00233681529381971
3,6,5,3:-2:-5,5:3:2,36,12,11229.474687100106:10622.319522162192:5682.689960971601:5224.9449772161215:3487.3850492631364:1086.464363955101:1073.2099769381493:29.82492226281189:26.30186144659156:14.736958140328571:7.342975371310427:6.89153698282168:1.2209179888359516:0.3692367480541586:0.29405144383801024:0.11243453551498792,0.0024647588547404547
3,6,5,-3:-1:-5,5:3:1,42,12,13366.441656572504:11968.969451458563:6936.713188038957:6702.365553656225:4920.22611622727:1720.5762465512112:1708.7535663556664:34.572518684941876:29.53187553820243:17.012405477277042:9.852146240250397:9.383535520089714:1.3003863659243733:0.41873391034852303:0.34379990196345034:0.12278626673932885,0.0023908285804312315
3,6,5,-2:-1:-5,5:2:1,84,12,18033.412799339087:14423.034882688502:11205.358724853011:9585.230036490284:8452.649754580927:4452.541102749997:4441.051754448072:44.29843184735704:35.509655354946716:22.288412309407295:17.667890594712553:17.290559475924937:1.4450122467211148:0.5298077917930051:0.4664455769374368:0.14416543344626906,0.0022426661523930603
3,6,5,-1:-1:-5,5:1:1,98,12,20799.40576059927:15972.740264271451:14608.760164042409:14121.71716940178:10395.97246982709:9313.516834792455:9263.265042655506:49.02201760118223:39.16947478314635:28.283950433861914:27.08672336310681:26.710241797465066:1.5284894151152493:0.6220230544230854:0.583996033312764:0.16034579240903626,0.0021165606890784514
3,6,5,0:-1:-5,5:1:0,112,12,20992.498133913614:16494.486062168675:15812.192168392607:15672.96273360667:12467.602445959119:12380.257583748804:11685.235289362627:48.80870346904259:40.338169399078446:32.11314746715707:31.749399065767:31.19415802443965:1.551233556736336:0.6587824516320605:0.6364672437385208:0.16646568777957416,0.0020611022421680404
3,6,5,1:-1:-5,5:1:1,98,12,20799.405760599275:15972.740264271464:14608.760164042407:14121.717169401787:10395.972469827086:9313.51683479246:9263.265042655516:49.022017601181936:39.1694747831471:28.28395043386164:27.086723363105726:26.71024179746516:1.5284894151148418:0.6220230544230153:0.5839960333120783:0.16034579240913424,0.002116560689078444
3,6,5,2:-1:-5,5:2:1,84,12,18033.412799339094:14423.034882688495:11205.358724853006:9585.230036490282:8452.649754580927:4452.541102749996:4441.051754448072:44.2984318473573:35.50965535494643:22.288412309407374:17.667890594712517:17.290559475923068:1.4450122467213968:0.5298077917919165:0.46644557693751837:0.14416543344725827,0.002242666152393045
3,6,5,3:-1:-5,5:3:1,42,12,13366.441656572504:11968.969451458555:6936.713188038957:6702.36555365619:4920.226116227268:1720.5762465512123:1708.7535663556669:34.57251868494171:29.531875538202844:17.01240547727732:9.852146240250402:9.383535520090382:1.3003863659243298:0.41873391034843027:0.34379990196353044:0.1227862667395827,0.0023908285804312497
3,6,5,-3:0:-5,5:3:0,48,12,14196.271054192324:12441.345416636377:7637.649462412939:7047.998709726368:5569.664280733767:2037.489780364145:2026.214202441473:36.36533873731486:30.678703312410768:17.876711320171044:10.957856257901089:10.493640460136707:1.3283456613233526:0.4376979252829617:0.3635850996863507:0.12660612018900713,0.0023644494115864084
3,6,5,-2:0:-5,5:2:0,96,12,19050.827557680263:14935.67968653404:12285.850070268147:10973.468234152595:8928.424287055592:5596.393346284312:5582.809803411377:46.239417581941886:36.742924306843584:23.829802316440894:20.21942749306101:19.873742831775317:1.4741518542605476:0.5578972423910317:0.5004472316349785:0.14922871167898394,0.002205582228211093
3,6,5,-1:0:-5,5:1:0,112,12,20992.49813391361:16494.48606216868:15812.19216839261:15672.962733606671:12467.602445959119:12380.257583748804:11685.23528936263:48.80870346904244:40.33816939907836:32.11314746715721:31.749399065767072:31.194158024439805:1.5512335567363906:0.6587824516320069:0.6364672437385398:0.16646568777942744,0.002061102242168041
3,6,5,0:0:-5,5:0:0,128,12,17019.197791365725:17019.117474720326:17019.11747472029:17015.994263726938:17015.99426372692:16825.623733560085:16825.623733560074:41.90758829053439:41.461120262576344:41.46112026257551:37.564091348728134:37.56409134872715:1.5680958849353512:0.6992646573708251:0.6992646573699157:0.17301155004667587,0.0019953863865484547
3,6,5,1:0:-5,5:1:0,112,12,20992.498133913607:16494.486062168675:15812.192168392608:15672.962733606671:12467.60244595912:12380.257583748806:11685.235289362632:48.80870346904239:40.338169399078154:32.11314746715727:31.749399065767083:31.19415802443988:1.5512335567362971:0.6587824516317999:0.6364672437386414:0.1664656877796017,0.002061102242168039
3,6,5,2:0:-5,5:2:0,96,12,19050.827557680266:14935.679686534046:12285.850070268145:10973.4682341526:8928.424287055595:5596.393346284312:5582.809803411376:46.239417581941964:36.7429243068434:23.829802316440762:20.21942749306199:19.87374283177526:1.47415185426067:0.5578972423910844:0.5004472316351836:0.14922871167890545,0.0022055822282110982
3,6,5,3:0:-5,5:3:0,48,12,14196.271054192324:12441.345416636392:7637.649462412941:7047.998709726368:5569.664280733769:2037.4897803641454:2026.2142024414725:36.36533873731485:30.678703312410867:17.876711320171044:10.95785625790107:10.493640460136264:1.3283456613234206:0.4376979252829604:0.36358509968636843:0.12660612018901293,0.002364449411586406
3,6,5,-3:1:-5,5:3:1,42,12,13366.441656572504:11968.969451458563:6936.713188038957:6702.365553656225:4920.22611622727:1720.5762465512112:1708.7535663556664:34.572518684941876:29.53187553820243:17.012405477277042:9.852146240250397:9.383535520089714:1.3003863659243733:0.41873391034852303:0.34379990196345034:0.12278626673932885,0.0023908285804312315
3,6,5,-2:1:-5,5:2:1,84,12,18033.412799339087:14423.034882688502:11205.358724853011:9585.230036490284:8452.649754580927:4452.541102749997:4441.051754448072:44.29843184735704:35.509655354946716:22.288412309407295:17.667890594712553:17.290559475924937:1.4450122467211148:0.5298077917930051:0.4664455769374368:0.14416543344626906,0.0022426661523930603
3,6,5,-1:1:-5,5:1:1,98,12,20799.40576059927:15972.740264271451:14608.760164042409:14121.71716940178:10395.97246982709:9313.516834792455:9263.265042655506:49.02201760118223:39.16947478314635:28.283950433861914:27.08672336310681:26.710241797465066:1.5284894151152493:0.6220230544230854:0.583996033312764:0.16034579240903626,0.0021165606890784514
3,6,5,0:1:-5,5:1:0,112,12,20992.498133913614:16494.486062168675:15812.192168392607:15672.96273360667:12467.602445959119:12380.257583748804:11685.235289362627:48.80870346904259:40.338169399078446:32.11314746715707:31.749399065767:31.19415802443965:1.551233556736336:0.6587824516320605:0.6364672437385208:0.16646568777957416,0.0020611022421680404
3,6,5,1:1:-5,5:1:1,98,12,20799.405760599275:15972.740264271464:14608.760164042407:14121.717169401787:10395.972469827086:9313.51683479246:9263.265042655516:49.022017601181936:39.1694747831471:28.28395043386164:27.086723363105726:26.71024179746516:1.5284894151148418:0.6220230544230153:0.5839960333120783:0.16034579240913424,0.002116560689078444
3,6,5,2:1:-5,5:2:1,84,12,18033.412799339094:14423.034882688495:11205.358724853006:9585.230036490282:8452.649754580927:4452.541102749996:4441.051754448072:44.2984318473573:35.50965535494643:22.288412309407374:17.667890594712517:17.290559475923068:1.4450122467213968:0.5298077917919165:0.46644557693751837:0.14416543344725827,0.002242666152393045
3,6,5,3:1:-5,5:3:1,42,12,13366.441656572504:11968.969451458555:6936.713188038957:6702.36555365619:4920.226116227268:1720.5762465512123:1708.7535663556669:34.57251868494171:29.531875538202844:17.01240547727732:9.852146240250402:9.383535520090382:1.3003863659243298:0.41873391034843027:0.34379990196353044:0.1227862667395827,0.0023908285804312497
3,6,5,-3:2:-5,5:3:2,36,12,11229.474687100104:10622.31952216219:5682.6899609716:5224.944977216123:3487.3850492631404:1086.4643639551005:1073.2099769381496:29.8249222628118:26.301861446591435:14.73695814032853:7.342975371310284:6.891536982821736:1.2209179888359838:0.36923674805409007:0.2940514438380693:0.11243453551467526,0.0024647588547404447
3,6,5,-2:2:-5,5:2:2,72,12,15085.113373381871:12924.027766720272:8412.438251828136:7400.0535036615165:6330.316926745143:2435.497005227219:2424.677214406114:38.25746947221747:31.855465400007798:18.81229071593451:12.2461221688508:11.793007590341356:1.3569427579774518:0.45811476961280084:0.38537552557468896:0.13063550960310652,0.0023368152938196924
3,6,5,-1:2:-5,5:2:1,84,12,18033.41279933909:14423.034882688491:11205.35872485301:9585.23003649028:8452.64975458093:4452.541102749995:4441.051754448072:44.29843184735734:35.509655354946865:22.288412309407093:17.667890594712524:17.29055947592377:1.4450122467210984:0.5298077917926678:0.4664455769370297:0.14416543344715635,0.0022426661523930573
3,6,5,0:2:-5,5:2:0,96,12,19050.827557680273:14935.679686534055:12285.850070268152:10973.4682341526:8928.424287055597:5596.3933462843115:5582.809803411378:46.2394175819421:36.7429243068434:23.82980231644078:20.219427493062074:19.873742831775182:1.474151854261345:0.5578972423909158:0.5004472316349768:0.14922871167842588,0.0022055822282111004
3,6,5,1:2:-5,5:2:1,84,12,18033.412799339094:14423.034882688495:11205.358724853011:9585.230036490284:8452.649754580927:4452.541102749998:4441.051754448072:44.298431847357044:35.50965535494674:22.288412309407267:17.667890594712578:17.290559475923526:1.44501224672124:0.5298077917922169:0.46644557693763444:0.1441654334469557,0.002242666152393048
3,6,5,2:2:-5,5:2:2,72,12,15085.113373381871:12924.027766720266:8412.438251828135:7400.053503661514:6330.316926745145:2435.497005227219:2424.677214406112:38.25746947221783:31.855465400007763:18.81229071593457:12.246122168850826:11.793007590342171:1.3569427579775268:0.45811476961277675:0.3853755255744622:0.13063550960359732,0.00233681529381971
3,6,5,3:2:-5,5:3:2,36,12,11229.474687100106:10622.319522162192:5682.689960971601:5224.9449772161215:3487.3850492631364:1086.464363955101:1073.2099769381493:29.82492226281189:26.30186144659156:14.736958140328571:7.342975371310427:6.89153698282168:1.2209179888359516:0.3692367480541586:0.29405144383801024:0.11243453551498792,0.0024647588547404547
3,6,5,-3:3:-5,5:3:3,18,12,8644.763605216987:8629.528308001365:4146.349145717582:3350.158660201522:2136.89390560821:569.5835180301125:556.0236757849874:23.785622864067577:21.68413795528835:11.691543684416965:4.811873798570718:4.439532329797225:1.1035967294886504:0.3054957266917242:0.23358976936719295:0.09816853927152704,0.0025799808189834903
3,6,5,-2:3:-5,5:3:2,36,12,11229.474687100106:10622.319522162185:5682.689960971602:5224.944977216121:3487.3850492631386:1086.4643639551014:1073.2099769381493:29.82492226281173:26.301861446591737:14.736958140328559:7.342975371310233:6.891536982822047:1.220917988835887:0.36923674805412204:0.2940514438381187:0.11243453551479787,0.0024647588547404564
3,6,5,-1:3:-5,5:3:1,42,12,13366.441656572508:11968.969451458563:6936.713188038956:6702.36555365619:4920.226116227267:1720.5762465512119:1708.7535663556664:34.57251868494176:29.531875538202826:17.012405477277422:9.85214624025027:9.38353552009045:1.3003863659241095:0.41873391034848:0.343799901963359:0.12278626673965362,0.0023908285804312515
3,6,5,0:3:-5,5:3:0,48,12,14196.271054192324:12441.345416636379:7637.649462412939:7047.998709726374:5569.664280733764:2037.4897803641454:2026.2142024414718:36.365338737314985:30.678703312410683:17.87671132017094:10.957856257901074:10.493640460137081:1.3283456613234932:0.43769792528286433:0.3635850996862485:0.12660612018947276,0.002364449411586412
3,6,5,1:3:-5,5:3:1,42,12,13366.441656572508:11968.969451458564:6936.7131880389525:6702.365553656189:4920.226116227267:1720.576246551212:1708.7535663556662:34.572518684941706:29.531875538202794:17.0124054772774:9.852146240250455:9.383535520090726:1.3003863659241959:0.41873391034859364:0.3437999019633772:0.12278626673955433,0.0023908285804312523
3,6,5,2:3:-5,5:3:2,36,12,11229.474687100097:10622.319522162183:5682.689960971601:5224.94497721612:3487.3850492631404:1086.4643639551007:1073.2099769381487:29.824922262811814:26.30186144659172:14.736958140328618:7.342975371310341:6.891536982821554:1.220917988835936:0.36923674805422046:0.2940514438380421:0.11243453551494734,0.0024647588547404573
3,6,5,3:3:-5,5:3:3,18,12,8644.763605216987:8629.528308001365:4146.3491457175805:3350.1586602015195:2136.8939056082095:569.5835180301128:556.0236757849875:23.78562286406777:21.684137955288502:11.691543684416942:4.811873798570745:4.439532329797257:1.1035967294887465:0.30549572669164643:0.23358976936721554:0.09816853927172317,0.0025799808189835073
3,6,5,-3:-3:-4,4:3:3,36,11,26915.62886120552:25801.3444168801:10042.010937755676:7292.66803527162:4647.046538810674:981.3780292714072:933.9955692236271:46.70047679818504:44.43719002832085:22.074608058539976:7.405072949483073:6.541272972842798:1.4389715706145318:0.4494241015672582:0.3132430357695757:0.13779476048581502,0.0017394080805013532
3,6,5,-2:-3:-4,4:3:2,72,11,37259.33521389849:36626.123798413275:16858.826988361106:13140.641192462788:8302.392337600702:2086.740256350913:2024.3547497903203:62.84875085943526:59.05551696930213:31.048000746343757:12.310181442372663:11.058103092257337:1.663093058609056:0.5730469932894342:0.41589384631389276:0.16219319055776876,0.0016306054102903263
3,6,5,-1:-3:-4,4:3:1,84,11,46249.9724831845:45297.859103677896:22969.101445731296:19573.08639165477:12632.726686147584:3623.2062928548794:3557.1353848027247:77.15556151658835:70.62979228563671:38.40598825315556:17.740399349151946:16.238256111872513:1.8298521388846158:0.6768195540440828:0.5073867752027731:0.18061479945494066,0.0015680163338874947
3,6,5,0:-3:-4,4:3:0,96,12,50281.97965700778:48301.989471490946:25319.988243706248:22527.293657225113:14776.924737936404:4455.098275820692:4389.958686147563:83.04681706499356:75.02755713183952:41.27078354141741:20.307872503499993:18.73630858421408:1.8917976470745144:0.7184631129443356:0.5456126875854405:0.18757340569892186,0.0015468863686806408
3,6,5,1:-3:-4,4:3:1,84,11,46249.97248318451:45297.85910367791:22969.101445731296:19573.08639165478:12632.72668614759:3623.2062928548785:3557.1353848027256:77.15556151658782:70.62979228563717:38.40598825315573:17.740399349151886:16.238256111874183:1.8298521388830036:0.6768195540436303:0.5073867752044915:0.1806147994558457,0.001568016333887497
3,6,5,2:-3:-4,4:3:2,72,11,37259.33521389852:36626.123798413275:16858.826988361103:13140.64119246279:8302.3923376007:2086.7402563509117:2024.3547497903228:62.84875085943542:59.055516969302744:31.048000746343998:12.31018144237215:11.058103092257078:1.6630930586090082:0.5730469932900696:0.41589384631313103:0.16219319055872802,0.001630605410290334
3,6,5,3:-3:-4,4:3:3,36,11,26915.628861205492:25801.344416880092:10042.01093775568:7292.668035271619:4647.046538810674:981.3780292714079:933.9955692236272:46.70047679818507:44.43719002832086:22.07460805853991:7.405072949483245:6.541272972843169:1.438971570614352:0.4494241015673504:0.3132430357698246:0.13779476048592548,0.0017394080805013556
3,6,5,-3:-2:-4,4:3:2,72,11,37259.33521389851:36626.12379841329:16858.826988361106:13140.641192462796:8302.392337600704:2086.740256350914:2024.354749790323:62.848750859434716:59.05551696930252:31.048000746344005:12.310181442372677:11.058103092257559:1.6630930586084636:0.5730469932908737:0.4158938463137345:0.16219319055743184,0.0016306054102903258
3,6,5,-2:-2:-4,4:2:2,144,12,54853.02599427806:51464.14327753323:27777.37799933747:26020.5739396619:17460.669107866834:5555.374839956193:5492.516193333261:89.61768224051298:79.70205749122468:44.381160983015604:23.43292652862481:21.809410157228598:1.9570719568599917:0.7645027043764517:0.5889690070987315:0.19501143959064487,0.0015252608317529051
3,6,5,-1:-2:-4,4:2:1,168,12,72466.861792512:61803.00953079173:40719.32978909087:35459.56677181226:30777.17516557535:12000.441458053618:11948.534587751627:113.85387359143982:95.25093189206379:55.7699123549064:38.16685581134373:36.59611196382243:2.171203731468201:0.9365049770383427:0.7626081679948332:0.22075844281240142,0.0014539524352662986
3,6,5,0:-2:-4,4:2:0,192,12,79630.28468422958:65483.00207169793:47321.411338144004:38917.1044203367:37210.47938768487:16261.547602172888:16210.068681721961:123.25758366326815:100.81961558675864:60.700916632727726:45.99634860357883:44.545460166525814:2.2464587421919955:1.0084972542775477:0.8417665255868187:0.23071693564773016,0.001426290328271765
3,6,5,1:-2:-4,4:2:1,168,12,72466.861792512:61803.00953079172:40719.32978909091:35459.56677181227:30777.17516557536:12000.441458053623:11948.534587751625:113.85387359143898:95.25093189206366:55.76991235490648:38.16685581134243:36.59611196381651:2.171203731464763:0.9365049770379613:0.7626081679951249:0.2207584428132203,0.0014539524352662786
3,6,5,2:-2:-4,4:2:2,144,12,54853.02599427805:51464.14327753325:27777.377999337452:26020.573939661892:17460.66910786684:5555.374839956189:5492.516193333262:89.61768224051305:79.7020574912246:44.381160983015164:23.43292652862496:21.809410157228875:1.9570719568602162:0.7645027043775975:0.5889690070990213:0.19501143959084657,0.0015252608317529045
3,6,5,3:-2:-4,4:3:2,72,11,37259.33521389849:36626.12379841329:16858.826988361106:13140.641192462796:8302.392337600702:2086.7402563509095:2024.3547497903207:62.848750859434766:59.05551696930274:31.048000746343597:12.310181442372663:11.05810309225708:1.6630930586088357:0.5730469932899812:0.41589384631383336:0.16219319055759107,0.0016306054102903256
3,6,5,-3:-1:-4,4:3:1,84,11,46249.97248318451:45297.8591036779:22969.10144573129:19573.086391654768:12632.72668614759:3623.2062928548767:3557.135384802729:77.15556151658829:70.62979228563786:38.40598825315622:17.74039934915127:16.23825611187355:1.8298521388844406:0.6768195540448162:0.5073867752037744:0.18061479945519177,0.0015680163338875073
3,6,5,-2:-1:-4,4:2:1,168,12,72466.86179251199:61803.009530791765:40719.329789090916:35459.566771812286:30777.175165575358:12000.441458053623:11948.534587751621:113.85387359143893:95.25093189206282:55.76991235490675:38.166855811344035:36.596111963821386:2.1712037314679233:0.9365049770372135:0.7626081679945581:0.22075844281220064,0.0014539524352662877
3,6,5,-1:-1:-4,4:1:1,196,12,94517.65232916013:73071.87596474291:63104.586370446435:58485.14841942318:44814.826357971324:33013.9599234281:32923.04148968111:141.17156419748628:112.07987700900752:74.95411976220765:69.99393447611727:68.69267970898814:2.3895571468494166:1.183237009402857:1.055329055642234:0.253249964825225,0.0013586984406622456
3,6,5,0:-1:-4,4:1:0,224,12,99760.26276683404:76934.33273102189:71892.84260137388:70378.11428112695:52217.08226309644:50142.32965782468:49477.36492110935:145.4228471031625:117.53265547715915:89.40076316762911:88.77964400768377:85.38733169834853:2.4442442808553726:1.290289667028652:1.2068501153204325:0.2660713161371033,0.0013137931019615453
3,6,5,1:-1:-4,4:1:1,196,12,94517.65232916015:73071.8759647429:63104.586370446435:58485.14841942313:44814.826357971295:33013.959923428105:32923.041489681105:141.17156419748613:112.07987700900624:74.9541197622067:69.9939344761165:68.69267970898768:2.389557146851716:1.183237009399915:1.0553290556427184:0.25324996482328316,0.0013586984406622367
3,6,5,2:-1:-4,4:2:1,168,12,72466.86179251196:61803.009530791714:40719.32978909087:35459.566771812264:30777.175165575358:12000.441458053618:11948.534587751627:113.85387359143928:95.25093189206238:55.76991235490559:38.16685581134511:36.59611196381893:2.1712037314670463:0.9365049770376153:0.7626081679946468:0.22075844281266066,0.0014539524352662823
3,6,5,3:-1:-4,4:3:1,84,11,46249.97248318449:45297.8591036779:22969.101445731303:19573.086391654782:12632.726686147587:3623.206292854874:3557.1353848027247:77.15556151658762:70.6297922856374:38.405988253155215:17.740399349151396:16.238256111876115:1.8298521388829685:0.6768195540432512:0.5073867752028393:0.1806147994557338,0.0015680163338874977
3,6,5,-3:0:-4,4:3:0,96,12,50281.97965700778:48301.98947149095:25319.988243706244:22527.293657225113:14776.9247379364:4455.098275820695:4389.958686147565:83.04681706499429:75.02755713184003:41.27078354141712:20.307872503499883:18.7363085842146:1.891797647074645:0.7184631129442833:0.5456126875846081:0.18757340569967168,0.0015468863686806504
3,6,5,-2:0:-4,4:2:0,192,12,79630.28468422958:65483.0020716979:47321.41133814402:38917.104420336706:37210.479387684885:16261.547602172892:16210.06868172195:123.25758366326868:100.8196155867589:60.70091663272699:45.99634860357875:44.54546016650908:2.2464587421915923:1.008497254276584:0.8417665255869792:0.23071693564683496,0.0014262903282717344
3,6,5,-1:0:-4,4:1:0,224,12,99760.26276683403:76934.33273102186:71892.84260137388:70378.11428112697:52217.08226309645:50142.32965782468:49477.36492110934:145.42284710316414:117.5326554771598:89.40076316762934:88.77964400768306:85.38733169834897:2.4442442808557834:1.2902896670268484:1.206850115318783:0.26607131613717955,0.001313793101961552
3,6,5,0:0:-4,4:0:0,256,12,80817.50096783094:80817.40145471193:80817.40145471184:80811.32657698756:80811.32657698756:80230.82606105838:80230.82606105831:123.21991719313233:122.68866383295165:122.68866383294922:115.10074602010418:115.1007460201033:2.4642430856760673:1.4143618155963087:1.4143618155910198:0.2801365644140789,0.0012557418644653815
3,6,5,1:0:-4,4:1:0,224,12,99760.26276683403:76934.33273102184:71892.84260137386:70378.11428112694:52217.08226309644:50142.32965782467:49477.36492110934:145.42284710316414:117.5326554771593:89.40076316762908:88.77964400768093:85.38733169834892:2.444244280855774:1.290289667026615:1.206850115318599:0.2660713161377019,0.001313793101961546
3,6,5,2:0:-4,4:2:0,192,12,79630.28468422961:65483.00207169792:47321.411338144:38917.104420336684:37210.479387684856:16261.547602172897:16210.06868172196:123.25758366326842:100.81961558675907:60.700916632727214:45.99634860357863:44.545460166525935:2.2464587421903426:1.0084972542769104:0.8417665255872201:0.23071693564633775,0.0014262903282717665
3,6,5,3:0:-4,4:3:0,96,12,50281.979657007774:48301.98947149096:25319.988243706248:22527.293657225124:14776.924737936406:4455.098275820696:4389.9586861475655:83.04681706499414:75.02755713184034:41.270783541417195:20.307872503499887:18.736308584212914:1.891797647074649:0.7184631129442961:0.5456126875845786:0.1875734056996491,0.0015468863686806486
3,6,5,-3:1:-4,4:3:1,84,11,46249.97248318451:45297.8591036779:22969.10144573129:19573.086391654768:12632.72668614759:3623.2062928548767:3557.135384802729:77.15556151658829:70.62979228563786:38.40598825315622:17.74039934915127:16.23825611187355:1.8298521388844406:0.6768195540448162:0.5073867752037744:0.18061479945519177,0.0015680163338875073
3,6,5,-2:1:-4,4:2:1,168,12,72466.86179251199:61803.009530791765:40719.329789090916:35459.566771812286:30777.175165575358:12000.441458053623:11948.534587751621:113.85387359143893:95.25093189206282:55.76991235490675:38.166855811344035:36.596111963821386:2.1712037314679233:0.9365049770372135:0.7626081679945581:0.22075844281220064,0.0014539524352662877
3,6,5,-1:1:-4,4:1:1,196,12,94517.65232916013:73071.87596474291:63104.586370446435:58485.14841942318:44814.826357971324:33013.9599234281:32923.04148968111:141.17156419748628:112.07987700900752:74.95411976220765:69.99393447611727:68.69267970898814:2.3895571468494166:1.183237009402857:1.055329055642234:0.253249964825225,0.0013586984406622456
3,6,5,0:1:-4,4:1:0,224,12,99760.26276683404:76934.33273102189:71892.84260137388:70378.11428112695:52217.08226309644:50142.32965782468:49477.36492110935:145.4228471031625:117.53265547715915:89.40076316762911:88.77964400768377:85.38733169834853:2.4442442808553726:1.290289667028652:1.2068501153204325:0.2660713161371033,0.0013137931019615453
3,6,5,1:1:-4,4:1:1,196,12,94517.65232916015:73071.8759647429:63104.586370446435:58485.14841942313:44814.826357971295:33013.959923428105:32923.041489681105:141.17156419748613:112.07987700900624:74.9541197622067:69.9939344761165:68.69267970898768:2.389557146851716:1.183237009399915:1.0553290556427184:0.25324996482328316,0.0013586984406622367
3,6,5,2:1:-4,4:2:1,168,12,72466.86179251196:61803.009530791714:40719.32978909087:35459.566771812264:30777.175165575358:12000.441458053618:11948.534587751627:113.85387359143928:95.25093189206238:55.76991235490559:38.16685581134511:36.59611196381893:2.1712037314670463:0.9365049770376153:0.7626081679946468:0.22075844281266066,0.0014539524352662823
3,6,5,3:1:-4,4:3:1,84,11,46249.97248318449:45297.8591036779:22969.101445731303:19573.086391654782:12632.726686147587:3623.206292854874:3557.1353848027247:77.15556151658762:70.6297922856374:38.405988253155215:17.740399349151396:16.238256111876115:1.8298521388829685:0.6768195540432512:0.5073867752028393:0.1806147994557338,0.0015680163338874977
3,6,5,-3:2:-4,4:3:2,72,11,37259.33521389851:36626.12379841329:16858.826988361106:13140.641192462796:8302.392337600704:2086.740256350914:2024.354749790323:62.848750859434716:59.05551696930252:31.048000746344005:12.310181442372677:11.058103092257559:1.6630930586084636:0.5730469932908737:0.4158938463137345:0.16219319055743184,0.0016306054102903258
3,6,5,-2:2:-4,4:2:2,144,12,54853.02599427806:51464.14327753323:27777.37799933747:26020.5739396619:17460.669107866834:5555.374839956193:5492.516193333261:89.61768224051298:79.70205749122468:44.381160983015604:23.43292652862481:21.809410157228598:1.9570719568599917:0.7645027043764517:0.5889690070987315:0.19501143959064487,0.0015252608317529051
3,6,5,-1:2:-4,4:2:1,168,12,72466.861792512:61803.00953079173:40719.32978909087:35459.56677181226:30777.17516557535:12000.441458053618:11948.534587751627:113.85387359143982:95.25093189206379:55.7699123549064:38.16685581134373:36.59611196382243:2.171203731468201:0.9365049770383427:0.7626081679948332:0.22075844281240142,0.0014539524352662986
3,6,5,0:2:-4,4:2:0,192,12,79630.28468422958:65483.00207169793:47321.411338144004:38917.1044203367:37210.47938768487:16261.547602172888:16210.068681721961:123.25758366326815:100.81961558675864:60.700916632727726:45.99634860357883:44.545460166525814:2.2464587421919955:1.0084972542775477:0.8417665255868187:0.23071693564773016,0.001426290328271765
3,6,5,1:2:-4,4:2:1,168,12,72466.861792512:61803.00953079172:40719.32978909091:35459.56677181227:30777.17516557536:12000.441458053623:11948.534587751625:113.85387359143898:95.25093189206366:55.76991235490648:38.16685581134243:36.59611196381651:2.171203731464763:0.9365049770379613:0.7626081679951249:0.2207584428132203,0.0014539524352662786
3,6,5,2:2:-4,4:2:2,144,12,54853.02599427805:51464.14327753325:27777.377999337452:26020.573939661892:17460.66910786684:5555.374839956189:5492.516193333262:89.61768224051305:79.7020574912246:44.381160983015164:23.43292652862496:21.809410157228875:1.9570719568602162:0.7645027043775975:0.5889690070990213:0.19501143959084657,0.0015252608317529045
3,6,5,3:2:-4,4:3:2,72,11,37259.33521389849:36626.12379841329:16858.826988361106:13140.641192462796:8302.392337600702:2086.7402563509095:2024.3547497903207:62.848750859434766:59.05551696930274:31.048000746343597:12.310181442372663:11.05810309225708:1.6630930586088357:0.5730469932899812:0.41589384631383336:0.16219319055759107,0.0016306054102903256
3,6,5,-3:3:-4,4:3:3,36,11,26915.62886120552:25801.3444168801:10042.010937755676:7292.66803527162:4647.046538810674:981.3780292714072:933.9955692236271:46.70047679818504:44.43719002832085:22.074608058539976:7.405072949483073:6.541272972842798:1.4389715706145318:0.4494241015672582:0.3132430357695757:0.13779476048581502,0.0017394080805013532
3,6,5,-2:3:-4,4:3:2,72,11,37259.33521389849:36626.123798413275:16858.826988361106:13140.641192462788:8302.392337600702:2086.740256350913:2024.3547497903203:62.84875085943526:59.05551696930213:31.048000746343757:12.310181442372663:11.058103092257337:1.663093058609056:0.5730469932894342:0.41589384631389276:0.16219319055776876,0.0016306054102903263
3,6,5,-1:3:-4,4:3:1,84,11,46249.9724831845:45297.859103677896:22969.101445731296:19573.08639165477:12632.726686147584:3623.2062928548794:3557.1353848027247:77.15556151658835:70.62979228563671:38.40598825315556:17.740399349151946:16.238256111872513:1.8298521388846158:0.6768195540440828:0.5073867752027731:0.18061479945494066,0.0015680163338874947
3,6,5,0:3:-4,4:3:0,96,12,50281.97965700778:48301.989471490946:25319.988243706248:22527.293657225113:14776.924737936404:4455.098275820692:4389.958686147563:83.04681706499356:75.02755713183952:41.27078354141741:20.307872503499993:18.73630858421408:1.8917976470745144:0.7184631129443356:0.5456126875854405:0.18757340569892186,0.0015468863686806408
3,6,5,1:3:-4,4:3:1,84,11,46249.97248318451:45297.85910367791:22969.101445731296:19573.08639165478:12632.72668614759:3623.2062928548785:3557.1353848027256:77.15556151658782:70.62979228563717:38.40598825315573:17.740399349151886:16.238256111874183:1.8298521388830036:0.6768195540436303:0.5073867752044915:0.1806147994558457,0.001568016333887497
3,6,5,2:3:-4,4:3:2,72,11,37259.33521389852:36626.123798413275:16858.826988361103:13140.64119246279:8302.3923376007:2086.7402563509117:2024.3547497903228:62.84875085943542:59.055516969302744:31.048000746343998:12.31018144237215:11.058103092257078:1.6630930586090082:0.5730469932900696:0.41589384631313103:0.16219319055872802,0.001630605410290334
3,6,5,3:3:-4,4:3:3,36,11,26915.628861205492:25801.344416880092:10042.01093775568:7292.668035271619:4647.046538810674:981.3780292714079:933.9955692236272:46.70047679818507:44.43719002832086:22.07460805853991:7.405072949483245:6.541272972843169:1.438971570614352:0.4494241015673504:0.3132430357698246:0.13779476048592548,0.0017394080805013556
3,6,5,-3:-5:-3,5:3:3,18,10,23066.720043815076:22615.129054218018:4412.118409932816:2802.130761071186:1857.6058310390918:253.02368602747288:227.77370035272642:37.84111943640429:33.40561479306902:12.271874464845007:3.0103427170658046:2.6629935751359293:1.175876040939623:0.31971764823656407:0.18706260102291003:0.11566246686996497,0.0015899901358843596
3,6,5,-2:-5:-3,5:3:2,36,10,33315.13661305369:32426.036006145663:6748.846749652918:4378.530660201492:2929.4976126761117:409.7749588682206:369.92328040341977:48.958589299812886:44.04454489599558:16.77454269039449:4.22425264068936:3.6572302857118784:1.3435770090223973:0.38665410278615764:0.229638883108284:0.13287481865071993,0.0014426527669899895
3,6,5,-1:-5:-3,5:3:1,42,10,42312.466383258026:40986.287071095794:8967.74039003292:5899.269799751895:3962.149748977286:567.2617440791406:513.5277253912573:57.97567736258022:52.816627751069944:20.65438777149832:5.305303305674544:4.548316504853333:1.4650128469044517:0.4386452686141804:0.26325799998082444:0.1452617858290751,0.001356614665823255
3,6,5,0:-5:-3,5:3:0,48,10,45979.07351751319:44464.367691801075:9916.427430834323:6554.485149907658:4405.709569867463:636.7645183153998:577.1284232576596:61.50599521871952:56.28049811664098:22.2251096420915:5.752028148274961:4.9176989920591865:1.5100331013306507:0.4585672183018103:0.27626165441742256:0.14981031862386385,0.0013283951842187267
3,6,5,1:-5:-3,5:3:1,42,10,42312.46638325802:40986.287071095816:8967.740390032921:5899.269799751902:3962.149748977286:567.261744079141:513.5277253912564:57.97567736258003:52.81662775106979:20.654387771498104:5.305303305674574:4.548316504853421:1.4650128469044268:0.4386452686141088:0.2632579999814317:0.14526178582980684,0.0013566146658232502
3,6,5,2:-5:-3,5:3:2,36,10,33315.13661305367:32426.036006145645:6748.8467496529165:4378.5306602014925:2929.4976126761126:409.77495886822044:369.92328040341965:48.958589299812864:44.04454489599563:16.774542690394313:4.224252640689096:3.6572302857116896:1.3435770090223595:0.38665410278628265:0.22963888310830396:0.1328748186503214,0.001442652766989989
3,6,5,3:-5:-3,5:3:3,18,10,23066.72004381509:22615.129054218032:4412.118409932813:2802.130761071186:1857.6058310390918:253.0236860274729:227.77370035272637:37.84111943640422:33.40561479306906:12.27187446484504:3.0103427170657104:2.6629935751358937:1.1758760409398585:0.31971764823653276:0.18706260102304698:0.11566246686985564,0.0015899901358843583
3,6,5,-3:-4:-3,4:3:3,36,10,45979.07351751321:44464.36769180108:9916.427430834323:6554.485149907664:4405.709569867461:636.7645183153986:577.1284232576596:61.50599521871969:56.28049811664116:22.22510964209162:5.752028148275031:4.917698992058638:1.5100331013305865:0.4585672183019492:0.2762616544179779:0.14981031862399855,0.00132839518421873
3,6,5,-2:-4:-3,4:3:2,72,10,71663.95928943598:68728.18515749497:17286.78990849819:11710.258150586293:7854.874278934107:1212.7676207988734:1108.5824835680305:84.67569504052791:79.32679144542277:33.18131856347852:9.013980540390108:7.633365788296975:1.78087419321538:0.5848626066047281:0.3602027195968543:0.17650035405171546,0.0011914830359858084
3,6,5,-1:-4:-3,4:3:1,84,10,95863.65922712229:91537.35532354449:25415.21768617986:17484.25808842293:11627.637120921285:1909.148756793996:1759.1663729782883:104.96820204584714:99.7887503847422:43.56339647921883:12.3487543491889:10.442662394262362:1.9933732728848768:0.6908894393651499:0.43262425978171687:0.19655595850188406,0.0011135185466653998
3,6,5,0:-4:-3,4:3:0,96,10,106089.7654517129:101189.37865421745:29205.065889920763:20201.50524959729:13374.261258920082:2253.10095869269:2083.013575557872:113.28799659454671:108.20579422777153:47.99103812004801:13.847398291485149:11.715938624155799:2.0756054448970738:0.7334397855811781:0.462182841045301:0.20411068186823128,0.0010884100676864623
3,6,5,1:-4:-3,4:3:1,84,10,95863.65922712223:91537.35532354444:25415.217686179854:17484.25808842293:11627.637120921287:1909.1487567939978:1759.1663729782897:104.96820204584714:99.78875038474244:43.56339647921873:12.34875434918822:10.442662394262655:1.9933732728850526:0.69088943936423:0.43262425978057456:0.19655595850108176,0.001113518546665401
3,6,5,2:-4:-3,4:3:2,72,10,71663.95928943604:68728.18515749498:17286.7899084982:11710.258150586295:7854.874278934109:1212.767620798871:1108.5824835680314:84.67569504052791:79.3267914454228:33.181318563478406:9.013980540389671:7.633365788296814:1.7808741932161014:0.584862606604642:0.3602027195959413:0.17650035405306566,0.0011914830359858071
3,6,5,3:-4:-3,4:3:3,36,10,45979.07351751322:44464.367691801075:9916.427430834323:6554.485149907658:4405.709569867464:636.7645183153993:577.1284232576598:61.50599521871967:56.280498116641404:22.22510964209145:5.752028148274688:4.917698992058983:1.510033101330771:0.4585672183017702:0.27626165441755585:0.1498103186239359,0.0013283951842187314
3,6,5,-5:-3:-3,5:3:3,18,10,23066.720043815083:22615.12905421803:4412.118409932814:2802.1307610711856:1857.6058310390922:253.0236860274732:227.7737003527261:37.841119436404426:33.40561479306897:12.271874464845125:3.0103427170655754:2.6629935751360168:1.1758760409398918:0.3197176482365592:0.1870626010229279:0.11566246686999981,0.0015899901358843618
3,6,5,-4:-3:-3,4:3:3,36,10,45979.073517513185:44464.36769180105:9916.427430834323:6554.485149907663:4405.709569867465:636.7645183153985:577.1284232576587:61.50599521871975:56.2804981166412:22.225109642091418:5.752028148275187:4.91769899205919:1.5100331013308026:0.4585672183021884:0.2762616544171477:0.14981031862403693,0.0013283951842187314
3,6,5,-3:-3:-3,3:3:3,81,10,86814.87439338818:83006.46958100171:22238.82929615981:15218.926502923709:10158.075790186937:1630.1108762904332:1497.5882478830092:97.49778619102348:92.23917105718559:39.667406867860855:11.068517946356314:9.360225599822131:1.9172634311519383:0.652254409524161:0.4060307313180683:0.18946251812197346,0.0011390908831312653
3,6,5,-2:-3:-3,3:3:2,126,10,145706.79297790557:138827.79556096974:45943.11030893815:32402.746695685306:21053.704411086383:3910.6750490670843:3660.7437671499138:144.8580527095767:140.02183179285123:65.43540681496673:20.241765653473216:17.221321811751285:2.367161304645508:0.890959798297916:0.5740860178441334:0.2300447214905347,0.0010162770464845381
3,6,5,-1:-3:-3,3:3:1,147,10,203818.54477429093:195498.95768134738:76566.80683646338:55827.666580443045:35454.033778110315:7556.025709758212:7193.063005283031:191.37903757652532:185.57270650014942:91.93750684414596:31.73291854967948:27.38534407331267:2.7489407607640284:1.113215515983213:0.7388007410053367:0.2622999472707606,0.0009497692199000394
3,6,5,0:-3:-3,3:3:0,168,10,228670.8202453822:220651.00660298017:91849.11026579438:68233.8930449709:43077.78275550637:9718.011940899542:9312.529716241255:212.03398708691898:204.9498438119852:103.60252706354498:37.62928647708693:32.719740761459214:2.9030173685720104:1.2083888109799368:0.8118927987023337:0.2748857376680586,0.0009289490545892621
3,6,5,1:-3:-3,3:3:1,147,10,203818.54477429079:195498.9576813473:76566.80683646334:55827.66658044301:35454.033778110286:7556.025709758205:7193.063005283029:191.37903757652495:185.5727065001497:91.93750684414233:31.73291854968501:27.385344073308563:2.748940760765112:1.1132155159860264:0.7388007410087889:0.2622999472746939,0.0009497692199000366
3,6,5,2:-3:-3,3:3:2,126,10,145706.7929779056:138827.79556096977:45943.110308938136:32402.74669568533:21053.70441108637:3910.675049067074:3660.743767149911:144.8580527095764:140.0218317928503:65.43540681496584:20.24176565347303:17.221321811750787:2.367161304646557:0.8909597982971311:0.5740860178432714:0.23004472148979416,0.0010162770464845327
3,6,5,3:-3:-3,3:3:3,81,10,86814.87439338818:83006.46958100171:22238.829296159805:15218.926502923705:10158.075790186937:1630.1108762904355:1497.5882478830088:97.4977861910237:92.23917105718526:39.667406867860635:11.06851794635612:9.360225599822185:1.9172634311521102:0.6522544095236317:0.40603073131839146:0.18946251812279688,0.0011390908831312642
3,6,5,4:-3:-3,4:3:3,36,10,45979.073517513185:44464.36769180105:9916.427430834323:6554.485149907663:4405.709569867465:636.7645183153985:577.1284232576587:61.50599521871975:56.2804981166412:22.225109642091418:5.752028148275187:4.91769899205919:1.5100331013308026:0.4585672183021884:0.2762616544171477:0.14981031862403693,0.0013283951842187314
3,6,5,5:-3:-3,5:3:3,18,10,23066.72004381508:22615.129054218025:4412.118409932813:2802.130761071185:1857.6058310390918:253.0236860274726:227.773700352726:37.84111943640431:33.40561479306893:12.27187446484511:3.0103427170658645:2.6629935751359586:1.17587604093987:0.3197176482365403:0.1870626010228204:0.11566246686992342,0.0015899901358843594
3,6,5,-5:-2:-3,5:3:2,36,10,33315.136613053684:32426.03600614566:6748.846749652919:4378.530660201491:2929.497612676113:409.77495886822095:369.92328040341965:48.958589299812886:44.04454489599587:16.774542690395034:4.224252640688906:3.657230285711853:1.343577009022842:0.38665410278691725:0.22963888310793698:0.1328748186506094,0.001442652766989996
3,6,5,-4:-2:-3,4:3:2,72,10,71663.95928943604:68728.185157495:17286.7899084982:11710.2581505863:7854.8742789341095:1212.7676207988711:1108.582483568031:84.67569504052764:79.32679144542224:33.181318563478804:9.013980540388992:7.633365788296908:1.7808741932163727:0.5848626066051584:0.36020271959691447:0.17650035405181186,0.0011914830359858024
3,6,5,-3:-2:-3,3:3:2,126,10,145706.79297790572:138827.79556096977:45943.11030893815:32402.746695685324:21053.704411086364:3910.675049067088:3660.7437671499174:144.85805270957644:140.0218317928498:65.43540681496782:20.241765653473504:17.22132181175211:2.367161304646434:0.8909597982980821:0.5740860178435748:0.2300447214897035,0.0010162770464845344
3,6,5,-2:-2:-3,3:2:2,180,10,256796.9516558182:250125.4322999709:110613.21114510558:84321.90054460341:53085.772667098034:12757.229564873252:12310.950867171889:236.34671085371053:226.93369001330166:117.0381328524589:45.199754774071025:39.67182211592068:3.0736163810346215:1.317794974749023:0.8979166233868614:0.28860132711460057,0.0009087419135126107
3,6,5,-1:-2:-3,3:2:1,210,10,379072.91540246655:363228.6732786962:191062.12202643396:171051.56437688737:112206.39319016274:34111.69170174003:33621.89581253995:342.3323624165918:311.6992701255465:170.4953786546038:86.72254799269285:79.34830308516294:3.7057540758151437:1.7682608493371155:1.2772067534906026:0.33839712356646906,0.0008497363337410848
3,6,5,0:-2:-3,3:2:0,240,10,443855.9867094004:406218.89133049035:224143.03096892056:221645.40230771803:152481.71231269118:51236.92507119835:50785.733222585135:393.61361019316456:346.88612364521197:194.0150016813173:112.80967780443103:105.16425516660989:3.961691738689961:1.9780123938546386:1.4698002702980064:0.35873812356445633,0.0008290861220954226
3,6,5,1:-2:-3,3:2:1,210,10,379072.91540246666:363228.6732786963:191062.12202643402:171051.56437688734:112206.39319016287:34111.691701740056:33621.89581253993:342.3323624165917:311.6992701255436:170.49537865460732:86.7225479926946:79.34830308516122:3.7057540758222447:1.768260849331585:1.2772067534962857:0.3383971235646892,0.0008497363337410836
3,6,5,2:-2:-3,3:2:2,180,10,256796.9516558183:250125.43229997094:110613.21114510558:84321.90054460338:53085.77266709802:12757.22956487326:12310.950867171894:236.34671085371073:226.9336900133016:117.03813285245906:45.19975477406975:39.67182211591722:3.073616381034179:1.3177949747413067:0.897916623382226:0.28860132712050135,0.0009087419135126093
3,6,5,3:-2:-3,3:3:2,126,10,145706.7929779057:138827.7955609698:45943.11030893815:32402.746695685346:21053.704411086383:3910.675049067066:3660.7437671499138:144.8580527095764:140.02183179284998:65.43540681496776:20.2417656534739:17.22132181175131:2.3671613046464297:0.8909597982969358:0.5740860178476065:0.23004472148851438,0.0010162770464845344
3,6,5,4:-2:-3,4:3:2,72,10,71663.959289436:68728.18515749495:17286.789908498202:11710.258150586296:7854.8742789341095:1212.7676207988723:1108.5824835680303:84.67569504052774:79.32679144542286:33.18131856347826:9.013980540391257:7.633365788295934:1.780874193216166:0.5848626066050396:0.36020271959728656:0.17650035405293257,0.0011914830359858076
3,6,5,5:-2:-3,5:3:2,36,10,33315.13661305366:32426.036006145645:6748.846749652919:4378.530660201494:2929.4976126761107:409.7749588682198:369.92328040341977:48.9585892998127:44.044544895995664:16.774542690394547:4.2242526406891985:3.657230285711778:1.343577009022636:0.38665410278664786:0.22963888310786795:0.13287481865060516,0.0014426527669899887
3,6,5,-5:-1:-3,5:3:1,42,10,42312.466383258055:40986.2870710958:8967.740390032917:5899.269799751903:3962.149748977284:567.2617440791408:513.5277253912565:57.97567736257992:52.8166277510701:20.6543877714977:5.305303305674201:4.548316504853025:1.465012846904363:0.4386452686136655:0.26325799998168675:0.14526178582992788,0.0013566146658232495
3,6,5,-4:-1:-3,4:3:1,84,10,95863.65922712232:91537.3553235445:25415.217686179865:17484.25808842292:11627.63712092129:1909.1487567940012:1759.1663729782897:104.9682020458468:99.78875038474165:43.56339647921887:12.348754349189116:10.442662394262552:1.9933732728832456:0.6908894393632401:0.43262425978206304:0.1965559585011324,0.001113518546665395
3,6,5,-3:-1:-3,3:3:1,147,10,203818.544774291:195498.95768134732:76566.80683646334:55827.66658044301:35454.03377811033:7556.025709758191:7193.06300528303:191.37903757652236:185.57270650015138:91.93750684414748:31.73291854968943:27.385344073310748:2.748940760759628:1.1132155159887427:0.7388007410104542:0.2622999472672236,0.0009497692199000419
3,6,5,-2:-1:-3,3:2:1,210,10,379072.9154024666:363228.6732786962:191062.12202643388:171051.56437688734:112206.39319016281:34111.69170174006:33621.89581253996:342.3323624165924:311.699270125549:170.4953786546014:86.72254799268761:79.34830308517111:3.7057540758212455:1.7682608493344905:1.2772067534880207:0.33839712356885393,0.0008497363337410872
3,6,5,-1:-1:-3,3:1:1,245,11,619563.1976813407:501415.77578530874:377719.3511566666:315517.3442511533:290845.06769710773:140644.3633741195:140240.9508460522:524.2878281196205:425.75929102250325:258.5534768751899:211.64384682360196:205.22214092664643:4.5208897068290055:2.5460457117661597:2.060477946523589:0.4073820947807804,0.0007803856509352432
3,6,5,0:-1:-3,3:1:0,280,12,716966.0918017961:552069.0950983283:485789.2547135968:456467.90749624115:343321.5784929562:270100.08403577295:269239.24247592967:587.0971346063144:466.4594544692952:318.63389956884424:310.928456910064:302.36321007821374:4.767226791507859:2.940090875751106:2.558918658992376:0.43691727220435606,0.0007470607040511845
3,6,5,1:-1:-3,3:1:1,245,11,619563.1976813407:501415.7757853086:377719.3511566664:315517.3442511532:290845.0676971078:140644.3633741195:140240.95084605215:524.287828119624:425.75929102248114:258.5534768751928:211.6438468235887:205.22214092665033:4.520889706839145:2.546045711749486:2.060477946538696:0.4073820947788221,0.0007803856509352321
3,6,5,2:-1:-3,3:2:1,210,10,379072.91540246655:363228.6732786961:191062.122026434:171051.56437688734:112206.39319016277:34111.69170174002:33621.895812539966:342.33236241659455:311.69927012555365:170.49537865460485:86.7225479926891:79.3483030851607:3.7057540758180036:1.7682608493341037:1.277206753496097:0.3383971235734868,0.0008497363337410944
3,6,5,3:-1:-3,3:3:1,147,10,203818.54477429093:195498.95768134738:76566.80683646328:55827.66658044301:35454.03377811033:7556.025709758201:7193.0630052830265:191.37903757652322:185.57270650015306:91.93750684414078:31.73291854968678:27.385344073310634:2.7489407607629968:1.1132155159827475:0.7388007410087173:0.2622999472675613,0.0009497692199000392
3,6,5,4:-1:-3,4:3:1,84,10,95863.65922712229:91537.3553235445:25415.217686179854:17484.25808842293:11627.63712092129:1909.1487567939985:1759.166372978288:104.96820204584706:99.78875038474249:43.56339647921942:12.348754349189443:10.442662394261934:1.993373272883895:0.6908894393636512:0.43262425978043084:0.196555958501586,0.0011135185466654017
3,6,5,5:-1:-3,5:3:1,42,10,42312.46638325798:40986.28707109579:8967.740390032914:5899.269799751896:3962.149748977288:567.2617440791413:513.5277253912568:57.9756773625797:52.81662775106978:20.65438777149832:5.30530330567524:4.548316504853265:1.4650128469040824:0.43864526861426284:0.2632579999819723:0.14526178582875812,0.0013566146658232487
3,6,5,-5:0:-3,5:3:0,48,10,45979.073517513236:44464.36769180108:9916.42743083432:6554.4851499076585:4405.709569867464:636.7645183153991:577.1284232576589:61.50599521871955:56.28049811664124:22.225109642091475:5.75202814827515:4.917698992059071:1.5100331013307138:0.45856721830173064:0.27626165441776707:0.14981031862375038,0.0013283951842187288
3,6,5,-4:0:-3,4:3:0,96,10,106089.76545171288:101189.37865421745:29205.06588992076:20201.505249597274:13374.261258920078:2253.1009586926884:2083.013575557872:113.28799659454643:108.20579422777126:47.991038120047676:13.847398291483858:11.715938624156509:2.0756054448981693:0.7334397855815963:0.4621828410453466:0.2041106818682262,0.0010884100676864588
3,6,5,-3:0:-3,3:3:0,168,10,228670.8202453821:220651.00660298023:91849.11026579441:68233.89304497094:43077.78275550636:9718.011940899536:9312.529716241257:212.03398708691975:204.94984381198537:103.60252706354487:37.62928647708693:32.719740761458105:2.9030173685723364:1.2083888109795813:0.8118927986999694:0.27488573766670055,0.0009289490545892634
3,6,5,-2:0:-3,3:2:0,240,10,443855.9867094004:406218.89133049035:224143.03096892053:221645.40230771794:152481.7123126911:51236.925071198326:50785.73322258512:393.613610193165:346.88612364521373:194.01500168131804:112.80967780442339:105.16425516663145:3.9616917386918757:1.9780123938597554:1.469800270300906:0.3587381235666894,0.0008290861220954284
3,6,5,-1:0:-3,3:1:0,280,12,716966.0918017961:552069.0950983283:485789.25471359695:456467.90749624115:343321.57849295606:270100.08403577283:269239.24247592967:587.0971346063163:466.4594544693021:318.63389956881963:310.92845691005454:302.3632100781762:4.767226791517423:2.9400908757558715:2.5589186589995307:0.43691727219699583,0.0007470607040511688
3,6,5,0:0:-3,3:0:0,320,12,603511.6964095674:603511.5646044073:603511.5646044062:603497.2107962362:603497.2107962361:601052.5167738368:601052.5167738363:505.1849173659392:504.50191725001474:504.50191725000485:486.5639703416192:486.563970341609:4.775139509916612:3.446691979218156:3.4466919791980613:0.4711262779913606,0.0006975850985987487
3,6,5,1:0:-3,3:1:0,280,12,716966.0918017961:552069.0950983283:485789.2547135966:456467.90749624115:343321.57849295606:270100.084035773:269239.24247592967:587.0971346063172:466.45945446930347:318.6338995687969:310.92845691004703:302.3632100781375:4.767226791517908:2.9400908757579525:2.5589186589970048:0.43691727219703225,0.0007470607040511513
3,6,5,2:0:-3,3:2:0,240,10,443855.9867094003:406218.8913304905:224143.03096892068:221645.40230771792:152481.71231269115:51236.92507119835:50785.733222585106:393.6136101931644:346.88612364520367:194.01500168131832:112.8096778044268:105.16425516662213:3.961691738690776:1.9780123938595295:1.4698002703017974:0.3587381235651452,0.0008290861220954178
3,6,5,3:0:-3,3:3:0,168,10,228670.8202453823:220651.00660298017:91849.11026579443:68233.89304497092:43077.78275550637:9718.011940899527:9312.529716241257:212.03398708691952:204.94984381198773:103.60252706354454:37.62928647708726:32.7197407614582:2.9030173685736624:1.208388810981785:0.8118927986995557:0.27488573766662344,0.0009289490545892673
3,6,5,4:0:-3,4:3:0,96,10,106089.7654517129:101189.37865421745:29205.06588992076:20201.505249597267:13374.261258920076:2253.100958692689:2083.013575557873:113.28799659454702:108.20579422777043:47.991038120047556:13.847398291483577:11.715938624154855:2.075605444897528:0.7334397855819815:0.4621828410457949:0.20411068186854867,0.0010884100676864566
3,6,5,5:0:-3,5:3:0,48,10,45979.07351751319:44464.367691801075:9916.427430834323:6554.485149907657:4405.709569867462:636.7645183153988:577.1284232576593:61.50599521871957:56.280498116641425:22.225109642091553:5.752028148274756:4.917698992059341:1.5100331013304982:0.458567218301728:0.27626165441774264:0.14981031862375238,0.0013283951842187319
3,6,5,-5:1:-3,5:3:1,42,10,42312.466383258055:40986.2870710958:8967.740390032917:5899.269799751903:3962.149748977284:567.2617440791408:513.5277253912565:57.97567736257992:52.8166277510701:20.6543877714977:5.305303305674201:4.548316504853025:1.465012846904363:0.4386452686136655:0.26325799998168675:0.14526178582992788,0.0013566146658232495
3,6,5,-4:1:-3,4:3:1,84,10,95863.65922712232:91537.3553235445:25415.217686179865:17484.25808842292:11627.63712092129:1909.1487567940012:1759.1663729782897:104.9682020458468:99.78875038474165:43.56339647921887:12.348754349189116:10.442662394262552:1.9933732728832456:0.6908894393632401:0.43262425978206304:0.1965559585011324,0.001113518546665395
3,6,5,-3:1:-3,3:3:1,147,10,203818.544774291:195498.95768134732:76566.80683646334:55827.66658044301:35454.03377811033:7556.025709758191:7193.06300528303:191.37903757652236:185.57270650015138:91.93750684414748:31.73291854968943:27.385344073310748:2.748940760759628:1.1132155159887427:0.7388007410104542:0.2622999472672236,0.0009497692199000419
3,6,5,-2:1:-3,3:2:1,210,10,379072.9154024666:363228.6732786962:191062.12202643388:171051.56437688734:112206.39319016281:34111.69170174006:33621.89581253996:342.3323624165924:311.699270125549:170.4953786546014:86.72254799268761:79.34830308517111:3.7057540758212455:1.7682608493344905:1.2772067534880207:0.33839712356885393,0.0008497363337410872
3,6,5,-1:1:-3,3:1:1,245,11,619563.1976813407:501415.77578530874:377719.3511566666:315517.3442511533:290845.06769710773:140644.3633741195:140240.9508460522:524.2878281196205:425.75929102250325:258.5534768751899:211.64384682360196:205.22214092664643:4.5208897068290055:2.5460457117661597:2.060477946523589:0.4073820947807804,0.0007803856509352432
3,6,5,0:1:-3,3:1:0,280,12,716966.0918017961:552069.0950983283:485789.2547135968:456467.90749624115:343321.5784929562:270100.08403577295:269239.24247592967:587.0971346063144:466.4594544692952:318.63389956884424:310.928456910064:302.36321007821374:4.767226791507859:2.940090875751106:2.558918658992376:0.43691727220435606,0.0007470607040511845
3,6,5,1:1:-3,3:1:1,245,11,619563.1976813407:501415.7757853086:377719.3511566664:315517.3442511532:290845.0676971078:140644.3633741195:140240.95084605215:524.287828119624:425.75929102248114:258.5534768751928:211.6438468235887:205.22214092665033:4.520889706839145:2.546045711749486:2.060477946538696:0.4073820947788221,0.0007803856509352321
3,6,5,2:1:-3,3:2:1,210,10,379072.91540246655:363228.6732786961:191062.122026434:171051.56437688734:112206.39319016277:34111.69170174002:33621.895812539966:342.33236241659455:311.69927012555365:170.49537865460485:86.7225479926891:79.3483030851607:3.7057540758180036:1.7682608493341037:1.277206753496097:0.3383971235734868,0.0008497363337410944
3,6,5,3:1:-3,3:3:1,147,10,203818.54477429093:195498.95768134738:76566.80683646328:55827.66658044301:35454.03377811033:7556.025709758201:7193.0630052830265:191.37903757652322:185.57270650015306:91.93750684414078:31.73291854968678:27.385344073310634:2.7489407607629968:1.1132155159827475:0.7388007410087173:0.2622999472675613,0.0009497692199000392
3,6,5,4:1:-3,4:3:1,84,10,95863.65922712229:91537.3553235445:25415.217686179854:17484.25808842293:11627.63712092129:1909.1487567939985:1759.166372978288:104.96820204584706:99.78875038474249:43.56339647921942:12.348754349189443:10.442662394261934:1.993373272883895:0.6908894393636512:0.43262425978043084:0.196555958501586,0.0011135185466654017
3,6,5,5:1:-3,5:3:1,42,10,42312.46638325798:40986.28707109579:8967.740390032914:5899.269799751896:3962.149748977288:567.2617440791413:513.5277253912568:57.9756773625797:52.81662775106978:20.65438777149832:5.30530330567524:4.548316504853265:1.4650128469040824:0.43864526861426284:0.2632579999819723:0.14526178582875812,0.0013566146658232487
3,6,5,-5:2:-3,5:3:2,36,10,33315.136613053684:32426.03600614566:6748.846749652919:4378.530660201491:2929.497612676113:409.77495886822095:369.92328040341965:48.958589299812886:44.04454489599587:16.774542690395034:4.224252640688906:3.657230285711853:1.343577009022842:0.38665410278691725:0.22963888310793698:0.1328748186506094,0.001442652766989996
3,6,5,-4:2:-3,4:3:2,72,10,71663.95928943604:68728.185157495:17286.7899084982:11710.2581505863:7854.8742789341095:1212.7676207988711:1108.582483568031:84.67569504052764:79.32679144542224:33.181318563478804:9.013980540388992:7.633365788296908:1.7808741932163727:0.5848626066051584:0.36020271959691447:0.17650035405181186,0.0011914830359858024
3,6,5,-3:2:-3,3:3:2,126,10,145706.79297790572:138827.79556096977:45943.11030893815:32402.746695685324:21053.704411086364:3910.675049067088:3660.7437671499174:144.85805270957644:140.0218317928498:65.43540681496782:20.241765653473504:17.22132181175211:2.367161304646434:0.8909597982980821:0.5740860178435748:0.2300447214897035,0.0010162770464845344
3,6,5,-2:2:-3,3:2:2,180,10,256796.9516558182:250125.4322999709:110613.21114510558:84321.90054460341:53085.772667098034:12757.229564873252:12310.950867171889:236.34671085371053:226.93369001330166:117.0381328524589:45.199754774071025:39.67182211592068:3.0736163810346215:1.317794974749023:0.8979166233868614:0.28860132711460057,0.0009087419135126107
3,6,5,-1:2:-3,3:2:1,210,10,379072.91540246655:363228.6732786962:191062.12202643396:171051.56437688737:112206.39319016274:34111.69170174003:33621.89581253995:342.3323624165918:311.6992701255465:170.4953786546038:86.72254799269285:79.34830308516294:3.7057540758151437:1.7682608493371155:1.2772067534906026:0.33839712356646906,0.0008497363337410848
3,6,5,0:2:-3,3:2:0,240,10,443855.9867094004:406218.89133049035:224143.03096892056:221645.40230771803:152481.71231269118:51236.92507119835:50785.733222585135:393.61361019316456:346.88612364521197:194.0150016813173:112.80967780443103:105.16425516660989:3.961691738689961:1.9780123938546386:1.4698002702980064:0.35873812356445633,0.0008290861220954226
3,6,5,1:2:-3,3:2:1,210,10,379072.91540246666:363228.6732786963:191062.12202643402:171051.56437688734:112206.39319016287:34111.691701740056:33621.89581253993:342.3323624165917:311.6992701255436:170.49537865460732:86.7225479926946:79.34830308516122:3.7057540758222447:1.768260849331585:1.2772067534962857:0.3383971235646892,0.0008497363337410836
3,6,5,2:2:-3,3:2:2,180,10,256796.9516558183:250125.43229997094:110613.21114510558:84321.90054460338:53085.77266709802:12757.22956487326:12310.950867171894:236.34671085371073:226.9336900133016:117.03813285245906:45.19975477406975:39.67182211591722:3.073616381034179:1.3177949747413067:0.897916623382226:0.28860132712050135,0.0009087419135126093
3,6,5,3:2:-3,3:3:2,126,10,145706.7929779057:138827.7955609698:45943.11030893815:32402.746695685346:21053.704411086383:3910.675049067066:3660.7437671499138:144.8580527095764:140.02183179284998:65.43540681496776:20.2417656534739:17.22132181175131:2.3671613046464297:0.8909597982969358:0.5740860178476065:0.23004472148851438,0.0010162770464845344
3,6,5,4:2:-3,4:3:2,72,10,71663.959289436:68728.18515749495:17286.789908498202:11710.258150586296:7854.8742789341095:1212.7676207988723:1108.5824835680303:84.67569504052774:79.32679144542286:33.18131856347826:9.013980540391257:7.633365788295934:1.780874193216166:0.5848626066050396:0.36020271959728656:0.17650035405293257,0.0011914830359858076
3,6,5,5:2:-3,5:3:2,36,10,33315.13661305366:32426.036006145645:6748.846749652919:4378.530660201494:2929.4976126761107:409.7749588682198:369.92328040341977:48.9585892998127:44.044544895995664:16.774542690394547:4.2242526406891985:3.657230285711778:1.343577009022636:0.38665410278664786:0.22963888310786795:0.13287481865060516,0.0014426527669899887
3,6,5,-5:3:-3,5:3:3,18,10,23066.720043815083:22615.12905421803:4412.118409932814:2802.1307610711856:1857.6058310390922:253.0236860274732:227.7737003527261:37.841119436404426:33.40561479306897:12.271874464845125:3.0103427170655754:2.6629935751360168:1.1758760409398918:0.3197176482365592:0.1870626010229279:0.11566246686999981,0.0015899901358843618
3,6,5,-4:3:-3,4:3:3,36,10,45979.073517513185:44464.36769180105:9916.427430834323:6554.485149907663:4405.709569867465:636.7645183153985:577.1284232576587:61.50599521871975:56.2804981166412:22.225109642091418:5.752028148275187:4.91769899205919:1.5100331013308026:0.4585672183021884:0.2762616544171477:0.14981031862403693,0.0013283951842187314
3,6,5,-3:3:-3,3:3:3,81,10,86814.87439338818:83006.46958100171:22238.82929615981:15218.926502923709:10158.075790186937:1630.1108762904332:1497.5882478830092:97.49778619102348:92.23917105718559:39.667406867860855:11.068517946356314:9.360225599822131:1.9172634311519383:0.652254409524161:0.4060307313180683:0.18946251812197346,0.0011390908831312653
3,6,5,-2:3:-3,3:3:2,126,10,145706.79297790557:138827.79556096974:45943.11030893815:32402.746695685306:21053.704411086383:3910.6750490670843:3660.7437671499138:144.8580527095767:140.02183179285123:65.43540681496673:20.241765653473216:17.221321811751285:2.367161304645508:0.890959798297916:0.5740860178441334:0.2300447214905347,0.0010162770464845381
3,6,5,-1:3:-3,3:3:1,147,10,203818.54477429093:195498.95768134738:76566.80683646338:55827.666580443045:35454.033778110315:7556.025709758212:7193.063005283031:191.37903757652532:185.57270650014942:91.93750684414596:31.73291854967948:27.38534407331267:2.7489407607640284:1.113215515983213:0.7388007410053367:0.2622999472707606,0.0009497692199000394
3,6,5,0:3:-3,3:3:0,168,10,228670.8202453822:220651.00660298017:91849.11026579438:68233.8930449709:43077.78275550637:9718.011940899542:9312.529716241255:212.03398708691898:204.9498438119852:103.60252706354498:37.62928647708693:32.719740761459214:2.9030173685720104:1.2083888109799368:0.8118927987023337:0.2748857376680586,0.0009289490545892621
3,6,5,1:3:-3,3:3:1,147,10,203818.54477429079:195498.9576813473:76566.80683646334:55827.66658044301:35454.033778110286:7556.025709758205:7193.063005283029:191.37903757652495:185.5727065001497:91.93750684414233:31.73291854968501:27.385344073308563:2.748940760765112:1.1132155159860264:0.7388007410087889:0.2622999472746939,0.0009497692199000366
3,6,5,2:3:-3,3:3:2,126,10,145706.7929779056:138827.79556096977:45943.110308938136:32402.74669568533:21053.70441108637:3910.675049067074:3660.743767149911:144.8580527095764:140.0218317928503:65.43540681496584:20.24176565347303:17.221321811750787:2.367161304646557:0.8909597982971311:0.5740860178432714:0.23004472148979416,0.0010162770464845327
3,6,5,3:3:-3,3:3:3,81,10,86814.87439338818:83006.46958100171:22238.829296159805:15218.926502923705:10158.075790186937:1630.1108762904355:1497.5882478830088:97.4977861910237:92.23917105718526:39.667406867860635:11.06851794635612:9.360225599822185:1.9172634311521102:0.6522544095236317:0.40603073131839146:0.18946251812279688,0.0011390908831312642
3,6,5,4:3:-3,4:3:3,36,10,45979.073517513185:44464.36769180105:9916.427430834323:6554.485149907663:4405.709569867465:636.7645183153985:577.1284232576587:61.50599521871975:56.2804981166412:22.225109642091418:5.752028148275187:4.91769899205919:1.5100331013308026:0.4585672183021884:0.2762616544171477:0.14981031862403693,0.0013283951842187314
3,6,5,5:3:-3,5:3:3,18,10,23066.72004381508:22615.129054218025:4412.118409932813:2802.130761071185:1857.6058310390918:253.0236860274726:227.773700352726:37.84111943640431:33.40561479306893:12.27187446484511:3.0103427170658645:2.6629935751359586:1.17587604093987:0.3197176482365403:0.1870626010228204:0.11566246686992342,0.0015899901358843594
3,6,5,-3:4:-3,4:3:3,36,10,45979.07351751321:44464.36769180108:9916.427430834323:6554.485149907664:4405.709569867461:636.7645183153986:577.1284232576596:61.50599521871969:56.28049811664116:22.22510964209162:5.752028148275031:4.917698992058638:1.5100331013305865:0.4585672183019492:0.2762616544179779:0.14981031862399855,0.00132839518421873
3,6,5,-2:4:-3,4:3:2,72,10,71663.95928943598:68728.18515749497:17286.78990849819:11710.258150586293:7854.874278934107:1212.7676207988734:1108.5824835680305:84.67569504052791:79.32679144542277:33.18131856347852:9.013980540390108:7.633365788296975:1.78087419321538:0.5848626066047281:0.3602027195968543:0.17650035405171546,0.0011914830359858084
3,6,5,-1:4:-3,4:3:1,84,10,95863.65922712229:91537.35532354449:25415.21768617986:17484.25808842293:11627.637120921285:1909.148756793996:1759.1663729782883:104.96820204584714:99.7887503847422:43.56339647921883:12.3487543491889:10.442662394262362:1.9933732728848768:0.6908894393651499:0.43262425978171687:0.19655595850188406,0.0011135185466653998
3,6,5,0:4:-3,4:3:0,96,10,106089.7654517129:101189.37865421745:29205.065889920763:20201.50524959729:13374.261258920082:2253.10095869269:2083.013575557872:113.28799659454671:108.20579422777153:47.99103812004801:13.847398291485149:11.715938624155799:2.0756054448970738:0.7334397855811781:0.462182841045301:0.20411068186823128,0.0010884100676864623
3,6,5,1:4:-3,4:3:1,84,10,95863.65922712223:91537.35532354444:25415.217686179854:17484.25808842293:11627.637120921287:1909.1487567939978:1759.1663729782897:104.96820204584714:99.78875038474244:43.56339647921873:12.34875434918822:10.442662394262655:1.9933732728850526:0.69088943936423:0.43262425978057456:0.19655595850108176,0.001113518546665401
3,6,5,2:4:-3,4:3:2,72,10,71663.95928943604:68728.18515749498:17286.7899084982:11710.258150586295:7854.874278934109:1212.767620798871:1108.5824835680314:84.67569504052791:79.3267914454228:33.181318563478406:9.013980540389671:7.633365788296814:1.7808741932161014:0.584862606604642:0.3602027195959413:0.17650035405306566,0.0011914830359858071
3,6,5,3:4:-3,4:3:3,36,10,45979.07351751322:44464.367691801075:9916.427430834323:6554.485149907658:4405.709569867464:636.7645183153993:577.1284232576598:61.50599521871967:56.280498116641404:22.22510964209145:5.752028148274688:4.917698992058983:1.510033101330771:0.4585672183017702:0.27626165441755585:0.1498103186239359,0.0013283951842187314
3,6,5,-3:5:-3,5:3:3,18,10,23066.720043815076:22615.129054218018:4412.118409932816:2802.130761071186:1857.6058310390918:253.02368602747288:227.77370035272642:37.84111943640429:33.40561479306902:12.271874464845007:3.0103427170658046:2.6629935751359293:1.175876040939623:0.31971764823656407:0.18706260102291003:0.11566246686996497,0.0015899901358843596
3,6,5,-2:5:-3,5:3:2,36,10,33315.13661305369:32426.036006145663:6748.846749652918:4378.530660201492:2929.4976126761117:409.7749588682206:369.92328040341977:48.958589299812886:44.04454489599558:16.77454269039449:4.22425264068936:3.6572302857118784:1.3435770090223973:0.38665410278615764:0.229638883108284:0.13287481865071993,0.0014426527669899895
3,6,5,-1:5:-3,5:3:1,42,10,42312.466383258026:40986.287071095794:8967.74039003292:5899.269799751895:3962.149748977286:567.2617440791406:513.5277253912573:57.97567736258022:52.816627751069944:20.65438777149832:5.305303305674544:4.548316504853333:1.4650128469044517:0.4386452686141804:0.26325799998082444:0.1452617858290751,0.001356614665823255
3,6,5,0:5:-3,5:3:0,48,10,45979.07351751319:44464.367691801075:9916.427430834323:6554.485149907658:4405.709569867463:636.7645183153998:577.1284232576596:61.50599521871952:56.28049811664098:22.2251096420915:5.752028148274961:4.9176989920591865:1.5100331013306507:0.4585672183018103:0.27626165441742256:0.14981031862386385,0.0013283951842187267
3,6,5,1:5:-3,5:3:1,42,10,42312.46638325802:40986.287071095816:8967.740390032921:5899.269799751902:3962.149748977286:567.261744079141:513.5277253912564:57.97567736258003:52.81662775106979:20.654387771498104:5.305303305674574:4.548316504853421:1.4650128469044268:0.4386452686141088:0.2632579999814317:0.14526178582980684,0.0013566146658232502
3,6,5,2:5:-3,5:3:2,36,10,33315.13661305367:32426.036006145645:6748.8467496529165:4378.5306602014925:2929.4976126761126:409.77495886822044:369.92328040341965:48.958589299812864:44.04454489599563:16.774542690394313:4.224252640689096:3.6572302857116896:1.3435770090223595:0.38665410278628265:0.22963888310830396:0.1328748186503214,0.001442652766989989
3,6,5,3:5:-3,5:3:3,18,10,23066.72004381509:22615.129054218032:4412.118409932813:2802.130761071186:1857.6058310390918:253.0236860274729:227.77370035272637:37.84111943640422:33.40561479306906:12.27187446484504:3.0103427170657104:2.6629935751358937:1.1758760409398585:0.31971764823653276:0.18706260102304698:0.11566246686985564,0.0015899901358843583
3,6,5,-3:-5:-2,5:3:2,36,10,45333.839354893455:44712.356532949:7101.253789931073:4096.33936677597:2509.9632981293817:325.52102904532313:292.870606044642:59.622269078647484:50.0309158435914:15.636818873551025:3.676523468495656:3.224908293003868:1.3752120451456238:0.392104393759224:0.20857981344878296:0.14308493028936095,0.0012381565972825863
3,6,5,-2:-5:-2,5:2:2,72,9,71329.2916295541:70758.4598467111:11520.12079938031:6759.490300469682:4202.950272106145:547.2945145686353:491.5269989833765:82.07853157631942:69.84894726069243:22.296279742655575:5.315890917718935:4.5558018638771225:1.611280253294917:0.48687207521393383:0.2613522497713982:0.16668691621775908,0.0010872237680894156
3,6,5,-1:-5:-2,5:2:1,84,9,96546.92379862492:96182.6977869253:15967.994484867631:9488.415139227722:5962.433927931719:779.4033575907158:699.3402166240572:101.70840331758043:87.4084736088115:28.371209150340125:6.829091109549892:5.78321989863244:1.7916275138470217:0.5633398938803968:0.3044007916422233:0.18397997969773977,0.0009978717888001294
3,6,5,0:-5:-2,5:2:0,96,9,107442.65146476655:107207.01592179833:17933.287867618514:10706.58046309317:6753.913093234068:884.3276957416206:793.2821318105364:109.73145109612054:94.64146231312127:30.91722167637056:7.467732159913785:6.300703065550548:1.860542269393995:0.5933047517532061:0.321372239825181:0.19039805182970004,0.0009683067764991468
3,6,5,1:-5:-2,5:2:1,84,9,96546.923798625:96182.69778692543:15967.994484867637:9488.415139227736:5962.433927931727:779.403357590717:699.3402166240575:101.70840331758023:87.40847360881182:28.3712091503404:6.829091109550602:5.783219898632295:1.791627513847095:0.5633398938803297:0.3044007916404229:0.18397997969958857,0.0009978717888001294
3,6,5,2:-5:-2,5:2:2,72,9,71329.29162955409:70758.45984671103:11520.120799380313:6759.490300469681:4202.950272106144:547.2945145686347:491.5269989833763:82.07853157631912:69.84894726069176:22.296279742655507:5.315890917719156:4.555801863877551:1.6112802532945667:0.48687207521406367:0.2613522497717489:0.16668691621763465,0.0010872237680894102
3,6,5,3:-5:-2,5:3:2,36,10,45333.83935489345:44712.356532948965:7101.253789931069:4096.339366775972:2509.963298129382:325.5210290453232:292.870606044642:59.622269078647456:50.030915843591245:15.636818873550979:3.676523468495357:3.2249082930039203:1.3752120451456658:0.39210439375903344:0.20857981344889331:0.1430849302894225,0.001238156597282585
3,6,5,-3:-4:-2,4:3:2,72,9,107442.65146476655:107207.01592179836:17933.287867618517:10706.580463093176:6753.91309323407:884.3276957416217:793.2821318105372:109.73145109612013:94.64146231312175:30.917221676370488:7.467732159912217:6.300703065549959:1.8605422693957134:0.5933047517531171:0.32137223982519947:0.19039805182819688,0.0009683067764991458
3,6,5,-2:-4:-2,4:2:2,144,9,195002.89205680692:193582.24041128447:34271.00181091934:21048.95641944545:13572.164729147215:1800.4734896186653:1614.236391125315:166.9841009716141:147.0671890142067:50.05098262418623:12.341391553425023:10.241770947885358:2.2995956060521507:0.7919026586083326:0.4351666648161103:0.22884489633522526,0.0008223556857229096
3,6,5,-1:-4:-2,4:2:1,168,9,294793.6502469531:290510.4084888357:54138.95891677059:33983.36443198093:22240.810793471588:2994.488725573445:2686.979936609023:223.49460795925955:199.9862675003681:70.43265670690234:17.661862397340435:14.537307057990471:2.6753181105441275:0.970352040268072:0.5391904130658349:0.25869559970850453,0.0007365962651190368
3,6,5,0:-4:-2,4:2:0,192,9,342110.73762059194:336204.9940429119:63998.59644550637:40503.00531764926:26641.579086209415:3612.32214590918:3243.398110985707:248.32785559702174:223.5523183047172:79.81617105935811:20.15278033482891:16.548595622748003:2.8286480232069353:1.045049067512436:0.5831977624827941:0.27017413297245085,0.0007083934640342386
3,6,5,1:-4:-2,4:2:1,168,9,294793.65024695295:290510.4084888355:54138.95891677061:33983.364431980925:22240.81079347158:2994.4887255734457:2686.979936609022:223.49460795926055:199.9862675003687:70.432656706894:17.661862397340293:14.537307057988219:2.675318110544682:0.9703520402668395:0.5391904130809916:0.2586955997051352,0.000736596265119035
3,6,5,2:-4:-2,4:2:2,144,9,195002.89205680697:193582.24041128447:34271.00181091934:21048.956419445447:13572.164729147222:1800.473489618667:1614.2363911253144:166.9841009716145:147.0671890142065:50.050982624187725:12.341391553424316:10.241770947885685:2.2995956060507976:0.7919026586087712:0.4351666648175165:0.22884489633500066,0.0008223556857229112
3,6,5,3:-4:-2,4:3:2,72,9,107442.65146476659:107207.01592179827:17933.287867618525:10706.580463093173:6753.913093234064:884.327695741621:793.2821318105374:109.73145109612025:94.6414623131223:30.917221676368488:7.467732159910041:6.300703065550915:1.8605422693952383:0.593304751752867:0.3213722398254157:0.19039805182964448,0.0009683067764991458
3,6,5,-5:-3:-2,5:3:2,36,10,45333.839354893455:44712.356532949:7101.25378993107:4096.339366775971:2509.9632981293807:325.52102904532313:292.8706060446423:59.62226907864708:50.03091584359163:15.636818873551146:3.6765234684955095:3.2249082930038844:1.3752120451455974:0.3921043937592356:0.2085798134487679:0.14308493028925404,0.001238156597282584
3,6,5,-4:-3:-2,4:3:2,72,9,107442.65146476653:107207.01592179829:17933.28786761852:10706.580463093174:6753.9130932340595:884.3276957416205:793.2821318105365:109.73145109612021:94.64146231312216:30.91722167637096:7.46773215991253:6.300703065550214:1.8605422693940787:0.5933047517532571:0.3213722398241069:0.19039805183092998,0.0009683067764991492
3,6,5,-3:-3:-2,3:3:2,126,9,255503.65717962946:252447.268298552:46162.78205073734:28754.040974325635:18723.73300124519:2506.2857002752266:2247.9501322572123:202.01443687281702:179.7494101271083:62.521881896717105:15.581907260055585:12.858207332847778:2.5374232178955722:0.9040676682794753:0.5003655165220237:0.248037179368412,0.0007650031926679549
3,6,5,-2:-3:-2,3:2:2,180,9,556339.8618867171:541588.4844699446:111944.1952913478:72825.71075059465:48568.009717337285:6799.185946660019:6126.972146580298:350.9857651109728:322.64514467664657:121.11409035395461:31.411120107996723:25.656575464281296:3.4111581614073767:1.3374548677802347:0.7579697252073325:0.31065181473043046,0.0006252774610893164
3,6,5,-1:-3:-2,3:2:1,210,9,971694.4152719654:935629.7134549918:219735.63040490483:147493.80174761507:98973.48741660554:14746.620797001895:13397.963226804732:524.7612513408169:495.0241991864998:199.0730858194343:53.94733075644003:44.0308020264119:4.27774477793917:1.7948666927326606:1.039035352867484:0.36363157487074566,0.0005453040588054821
3,6,5,0:-3:-2,3:2:0,240,9,1.192506258923712e6:1.1440033071425674e6:284982.10406623164:193389.77744930884:129518.86379722418:19947.5829193988:18204.21141642064:609.7325200401056:580.7571031009957:240.3403557612214:66.56591084358348:54.41706402707358:4.666073699800232:2.007859534226494:1.1730310138777813:0.3852165122687525,0.0005196700603047722
3,6,5,1:-3:-2,3:2:1,210,9,971694.4152719647:935629.7134549913:219735.63040490478:147493.801747615:98973.48741660554:14746.62079700191:13397.963226804737:524.7612513408153:495.0241991864971:199.07308581943235:53.94733075644012:44.03080202641066:4.2777447778847:1.7948666927350034:1.039035352882256:0.36363157487253384,0.0005453040588054797
3,6,5,2:-3:-2,3:2:2,180,9,556339.861886717:541588.4844699447:111944.19529134779:72825.71075059469:48568.00971733725:6799.185946660017:6126.972146580292:350.98576511097207:322.6451446766408:121.11409035394584:31.411120108006546:25.656575464278806:3.4111581614031223:1.3374548677820177:0.7579697252064463:0.31065181473078574,0.0006252774610893088
3,6,5,3:-3:-2,3:3:2,126,9,255503.65717962928:252447.26829855188:46162.78205073734:28754.040974325646:18723.733001245182:2506.285700275227:2247.950132257213:202.01443687281704:179.74941012710843:62.521881896703775:15.581907260058616:12.858207332844714:2.537423217898253:0.9040676682800821:0.5003655165295796:0.24803717936521374,0.0007650031926679477
3,6,5,4:-3:-2,4:3:2,72,9,107442.65146476653:107207.01592179829:17933.28786761852:10706.580463093174:6753.9130932340595:884.3276957416205:793.2821318105365:109.73145109612021:94.64146231312216:30.91722167637096:7.46773215991253:6.300703065550214:1.8605422693940787:0.5933047517532571:0.3213722398241069:0.19039805183092998,0.0009683067764991492
3,6,5,5:-3:-2,5:3:2,36,10,45333.839354893425:44712.356532948994:7101.253789931071:4096.339366775967:2509.9632981293803:325.5210290453233:292.87060604464193:59.622269078647264:50.03091584359143:15.636818873551233:3.67652346849557:3.224908293003786:1.375212045145479:0.39210439375893513:0.20857981344869556:0.14308493028938618,0.001238156597282585
3,6,5,-5:-2:-2,5:2:2,72,9,71329.29162955409:70758.45984671108:11520.120799380311:6759.4903004696835:4202.950272106147:547.2945145686356:491.5269989833763:82.07853157631916:69.84894726069169:22.296279742654573:5.315890917718961:4.555801863877457:1.611280253295734:0.4868720752144826:0.26135224977083304:0.16668691621781537,0.001087223768089408
3,6,5,-4:-2:-2,4:2:2,144,9,195002.8920568069:193582.24041128453:34271.001810919355:21048.956419445447:13572.164729147213:1800.473489618668:1614.2363911253187:166.98410097161369:147.06718901420624:50.05098262418816:12.341391553424732:10.241770947884588:2.299595606050898:0.7919026586083765:0.43516666481667454:0.22884489633508198,0.0008223556857229088
3,6,5,-3:-2:-2,3:2:2,180,9,556339.8618867177:541588.484469945:111944.19529134789:72825.71075059466:48568.00971733727:6799.185946660018:6126.972146580303:350.9857651109702:322.6451446766435:121.1140903539604:31.411120108009023:25.656575464280014:3.411158161406072:1.3374548677839604:0.7579697252090406:0.3106518147261535,0.0006252774610893137
3,6,5,-2:-2:-2,2:2:2,216,9,1.4789866328810558e6:1.4140107113633715e6:378009.06402986596:259394.71927442093:172817.08252935435:27778.639964839527:25496.487127426695:715.4939521967588:688.2398264828628:294.1274289385853:83.7612518959486:68.68760758049469:5.125757586675843:2.266212779093425:1.3382099159114642:0.40939774789683697,0.0004947356653122043
3,6,5,-1:-2:-2,2:2:1,252,9,3.014235209160422e6:2.8788284929267922e6:1.0462931236606297e6:751390.1124393451:480812.781424541:96383.49002469749:91018.74912244848:1252.0053440573804:1229.9347503874353:592.2029601105486:197.13750612231368:165.9192141116707:7.170614489782074:3.4993060870600927:2.1675048195487054:0.5040482025494376,0.00042589780181606206
3,6,5,0:-2:-2,2:2:0,288,9,3.897417097408581e6:3.7609017869826527e6:1.5644420467868822e6:1.1636568990911816e6:733356.6950440941:165728.24704777636:158763.15544843633:1568.8512502042488:1532.6974744694808:772.1168704702782:284.8926976636773:244.35756615758942:8.203453538126219:4.179605343568809:2.6556880614013476:0.5464748839700829,0.00040557171135506586
3,6,5,1:-2:-2,2:2:1,252,9,3.0142352091604234e6:2.8788284929267922e6:1.0462931236606298e6:751390.1124393458:480812.7814245411:96383.49002469749:91018.74912244851:1252.0053440573915:1229.9347503874253:592.20296011052:197.1375061223073:165.91921411165032:7.1706144897647075:3.4993060870518384:2.167504819522831:0.5040482025354792,0.00042589780181605957
3,6,5,2:-2:-2,2:2:2,216,9,1.4789866328810565e6:1.4140107113633715e6:378009.06402986613:259394.719274421:172817.08252935426:27778.639964839513:25496.487127426695:715.4939521967577:688.2398264828664:294.12742893858785:83.7612518959589:68.68760758049113:5.125757586669578:2.266212779091688:1.3382099159182528:0.4093977478964662,0.0004947356653122056
3,6,5,3:-2:-2,3:2:2,180,9,556339.861886717:541588.484469945:111944.19529134777:72825.7107505947:48568.009717337285:6799.185946660021:6126.972146580292:350.9857651109709:322.6451446766446:121.11409035395067:31.411120108000716:25.6565754642776:3.411158161404194:1.337454867777936:0.7579697252101583:0.31065181473055514,0.0006252774610893117
3,6,5,4:-2:-2,4:2:2,144,9,195002.89205680694:193582.24041128447:34271.00181091933:21048.956419445443:13572.16472914722:1800.4734896186653:1614.2363911253155:166.9841009716141:147.06718901420598:50.05098262418564:12.341391553422845:10.241770947885197:2.2995956060493232:0.7919026586088815:0.4351666648182562:0.22884489633462876,0.000822355685722907
3,6,5,5:-2:-2,5:2:2,72,9,71329.29162955408:70758.45984671103:11520.120799380305:6759.490300469676:4202.950272106146:547.2945145686347:491.52699898337664:82.0785315763191:69.84894726069173:22.296279742655063:5.3158909177191545:4.555801863877167:1.611280253294924:0.48687207521453:0.2613522497721574:0.16668691621728826,0.0010872237680894091
3,6,5,-5:-1:-2,5:2:1,84,9,96546.92379862501:96182.69778692543:15967.994484867646:9488.415139227727:5962.433927931723:779.403357590717:699.3402166240572:101.70840331758025:87.4084736088115:28.3712091503407:6.829091109550613:5.783219898632677:1.7916275138467013:0.5633398938802292:0.3044007916424288:0.18397997969812432,0.0009978717888001285
3,6,5,-4:-1:-2,4:2:1,168,9,294793.6502469531:290510.4084888357:54138.9589167706:33983.36443198093:22240.81079347159:2994.488725573445:2686.979936609023:223.49460795925992:199.98626750036834:70.4326567068796:17.66186239733983:14.537307057988167:2.6753181105473316:0.9703520402673829:0.5391904130749152:0.2586955997071586,0.0007365962651190252
3,6,5,-3:-1:-2,3:2:1,210,9,971694.415271965:935629.7134549919:219735.63040490486:147493.80174761504:98973.48741660557:14746.620797001908:13397.963226804735:524.7612513408209:495.0241991864925:199.07308581944267:53.94733075644087:44.03080202641085:4.277744777904768:1.7948666927350183:1.0390353528525145:0.3636315748853966,0.0005453040588054822
3,6,5,-2:-1:-2,2:2:1,252,9,3.014235209160423e6:2.8788284929267922e6:1.0462931236606304e6:751390.1124393464:480812.7814245414:96383.49002469734:91018.74912244853:1252.0053440573888:1229.9347503874485:592.2029601105345:197.1375061222397:165.91921411168406:7.170614489805078:3.4993060870471115:2.167504819421124:0.5040482025828004,0.00042589780181606277
3,6,5,-1:-1:-2,2:1:1,294,9,6.983353635000017e6:6.550467363984487e6:3.535751111451502e6:3.3171039662138773e6:2.218259700671362e6:708807.3849120913:700667.9391978892:2729.42500024294:2459.3419182106386:1353.0378467927649:747.2374885960329:686.0486829845128:11.181862355454477:6.447520921427249:4.471380247503571:0.659868373865839,0.00036753893831792406
3,6,5,1:-1:-2,2:1:1,294,9,6.983353635000017e6:6.550467363984491e6:3.535751111451502e6:3.317103966213877e6:2.2182597006713627e6:708807.3849120912:700667.9391978888:2729.4250002429426:2459.341918210789:1353.0378467928251:747.2374885959373:686.0486829844963:11.181862355435905:6.44752092182969:4.471380247613317:0.6598683739504355,0.0003675389383179325
3,6,5,2:-1:-2,2:2:1,252,9,3.0142352091604234e6:2.878828492926792e6:1.0462931236606303e6:751390.1124393452:480812.78142454097:96383.49002469741:91018.7491224484:1252.0053440574009:1229.9347503874149:592.2029601105303:197.13750612230396:165.9192141116621:7.170614489792921:3.4993060870497827:2.1675048194887943:0.5040482025730707,0.00042589780181606033
3,6,5,3:-1:-2,3:2:1,210,9,971694.4152719649:935629.7134549915:219735.63040490486:147493.80174761507:98973.48741660557:14746.620797001893:13397.963226804739:524.7612513408213:495.02419918649645:199.0730858194313:53.94733075644227:44.03080202641356:4.277744777927756:1.79486669275453:1.0390353528612861:0.3636315748865684,0.0005453040588054825
3,6,5,4:-1:-2,4:2:1,168,9,294793.6502469531:290510.4084888355:54138.958916770585:33983.36443198093:22240.810793471577:2994.4887255734475:2686.9799366090233:223.49460795925992:199.98626750036885:70.43265670688507:17.66186239733745:14.537307057988503:2.675318110550972:0.9703520402705903:0.5391904130739649:0.25869559970272427,0.0007365962651190288
3,6,5,5:-1:-2,5:2:1,84,9,96546.92379862489:96182.69778692538:15967.994484867635:9488.415139227725:5962.433927931719:779.4033575907159:699.3402166240564:101.70840331758009:87.40847360881163:28.371209150343464:6.829091109550216:5.783219898632193:1.7916275138458473:0.5633398938797453:0.3044007916435761:0.1839799796969739,0.0009978717888001329
3,6,5,-5:0:-2,5:2:0,96,9,107442.65146476655:107207.01592179837:17933.287867618506:10706.580463093173:6753.913093234064:884.3276957416206:793.2821318105364:109.73145109612088:94.64146231312168:30.91722167637796:7.467732159911053:6.3007030655471645:1.8605422693946585:0.5933047517533355:0.32137223982491364:0.19039805183015404,0.0009683067764991579
3,6,5,-4:0:-2,4:2:0,192,9,342110.73762059177:336204.994042912:63998.59644550634:40503.00531764925:26641.57908620941:3612.322145909178:3243.3981109857077:248.32785559702083:223.55231830471678:79.81617105935753:20.152780334832034:16.54859562274846:2.8286480232050275:1.0450490675120572:0.5831977624837422:0.2701741329719199,0.0007083934640342371
3,6,5,-3:0:-2,3:2:0,240,9,1.1925062589237122e6:1.1440033071425676e6:284982.1040662315:193389.77744930872:129518.86379722421:19947.582919398785:18204.211416420632:609.7325200401069:580.7571031009949:240.34035576122542:66.56591084357636:54.417064027089985:4.666073699803816:2.0078595342312062:1.1730310138667162:0.38521651226702147,0.0005196700603047732
3,6,5,-2:0:-2,2:2:0,288,9,3.8974170974085806e6:3.7609017869826523e6:1.5644420467868836e6:1.1636568990911818e6:733356.6950440962:165728.24704777636:158763.15544843627:1568.8512502042518:1532.6974744694646:772.1168704702679:284.89269766378203:244.35756615740743:8.203453538108974:4.17960534355924:2.6556880613746445:0.5464748839803032,0.0004055717113550627
3,6,5,2:0:-2,2:2:0,288,9,3.8974170974085806e6:3.7609017869826527e6:1.5644420467868834e6:1.163656899091182e6:733356.6950440945:165728.24704777624:158763.15544843633:1568.8512502042472:1532.6974744694617:772.1168704702691:284.8926976637847:244.3575661573848:8.203453538054788:4.179605343547435:2.6556880613688496:0.546474883984049,0.0004055717113550615
3,6,5,3:0:-2,3:2:0,240,9,1.192506258923712e6:1.1440033071425676e6:284982.10406623164:193389.77744930872:129518.86379722421:19947.582919398803:18204.21141642064:609.7325200401068:580.7571031009962:240.3403557612245:66.56591084357265:54.4170640270892:4.666073699794139:2.0078595342304726:1.173031013865832:0.3852165122674312,0.0005196700603047734
3,6,5,4:0:-2,4:2:0,192,9,342110.7376205916:336204.99404291186:63998.59644550638:40503.005317649266:26641.57908620942:3612.3221459091783:3243.3981109857064:248.32785559702094:223.55231830471615:79.81617105935896:20.15278033482995:16.548595622748437:2.8286480232051816:1.0450490675137376:0.5831977624838869:0.27017413297226056,0.000708393464034237
3,6,5,5:0:-2,5:2:0,96,9,107442.6514647665:107207.01592179836:17933.287867618517:10706.580463093178:6753.913093234065:884.3276957416206:793.2821318105365:109.73145109612081:94.64146231312223:30.917221676370477:7.467732159911195:6.300703065550366:1.8605422693944862:0.5933047517532545:0.32137223982483354:0.19039805182979563,0.000968306776499151
3,6,5,-5:1:-2,5:2:1,84,9,96546.92379862501:96182.69778692543:15967.994484867646:9488.415139227727:5962.433927931723:779.403357590717:699.3402166240572:101.70840331758025:87.4084736088115:28.3712091503407:6.829091109550613:5.783219898632677:1.7916275138467013:0.5633398938802292:0.3044007916424288:0.18397997969812432,0.0009978717888001285
3,6,5,-4:1:-2,4:2:1,168,9,294793.6502469531:290510.4084888357:54138.9589167706:33983.36443198093:22240.81079347159:2994.488725573445:2686.979936609023:223.49460795925992:199.98626750036834:70.4326567068796:17.66186239733983:14.537307057988167:2.6753181105473316:0.9703520402673829:0.5391904130749152:0.2586955997071586,0.0007365962651190252
3,6,5,-3:1:-2,3:2:1,210,9,971694.415271965:935629.7134549919:219735.63040490486:147493.80174761504:98973.48741660557:14746.620797001908:13397.963226804735:524.7612513408209:495.0241991864925:199.07308581944267:53.94733075644087:44.03080202641085:4.277744777904768:1.7948666927350183:1.0390353528525145:0.3636315748853966,0.0005453040588054822
3,6,5,-2:1:-2,2:2:1,252,9,3.014235209160423e6:2.8788284929267922e6:1.0462931236606304e6:751390.1124393464:480812.7814245414:96383.49002469734:91018.74912244853:1252.0053440573888:1229.9347503874485:592.2029601105345:197.1375061222397:165.91921411168406:7.170614489805078:3.4993060870471115:2.167504819421124:0.5040482025828004,0.00042589780181606277
3,6,5,-1:1:-2,2:1:1,294,9,6.983353635000017e6:6.550467363984487e6:3.535751111451502e6:3.3171039662138773e6:2.218259700671362e6:708807.3849120913:700667.9391978892:2729.42500024294:2459.3419182106386:1353.0378467927649:747.2374885960329:686.0486829845128:11.181862355454477:6.447520921427249:4.471380247503571:0.659868373865839,0.00036753893831792406
3,6,5,1:1:-2,2:1:1,294,9,6.983353635000017e6:6.550467363984491e6:3.535751111451502e6:3.317103966213877e6:2.2182597006713627e6:708807.3849120912:700667.9391978888:2729.4250002429426:2459.341918210789:1353.0378467928251:747.2374885959373:686.0486829844963:11.181862355435905:6.44752092182969:4.471380247613317:0.6598683739504355,0.0003675389383179325
3,6,5,2:1:-2,2:2:1,252,9,3.0142352091604234e6:2.878828492926792e6:1.0462931236606303e6:751390.1124393452:480812.78142454097:96383.49002469741:91018.7491224484:1252.0053440574009:1229.9347503874149:592.2029601105303:197.13750612230396:165.9192141116621:7.170614489792921:3.4993060870497827:2.1675048194887943:0.5040482025730707,0.00042589780181606033
3,6,5,3:1:-2,3:2:1,210,9,971694.4152719649:935629.7134549915:219735.63040490486:147493.80174761507:98973.48741660557:14746.620797001893:13397.963226804739:524.7612513408213:495.02419918649645:199.0730858194313:53.94733075644227:44.03080202641356:4.277744777927756:1.79486669275453:1.0390353528612861:0.3636315748865684,0.0005453040588054825
3,6,5,4:1:-2,4:2:1,168,9,294793.6502469531:290510.4084888355:54138.958916770585:33983.36443198093:22240.810793471577:2994.4887255734475:2686.9799366090233:223.49460795925992:199.98626750036885:70.43265670688507:17.66186239733745:14.537307057988503:2.675318110550972:0.9703520402705903:0.5391904130739649:0.25869559970272427,0.0007365962651190288
3,6,5,5:1:-2,5:2:1,84,9,96546.92379862489:96182.69778692538:15967.994484867635:9488.415139227725:5962.433927931719:779.4033575907159:699.3402166240564:101.70840331758009:87.40847360881163:28.371209150343464:6.829091109550216:5.783219898632193:1.7916275138458473:0.5633398938797453:0.3044007916435761:0.1839799796969739,0.0009978717888001329
3,6,5,-5:2:-2,5:2:2,72,9,71329.29162955409:70758.45984671108:11520.120799380311:6759.4903004696835:4202.950272106147:547.2945145686356:491.5269989833763:82.07853157631916:69.84894726069169:22.296279742654573:5.315890917718961:4.555801863877457:1.611280253295734:0.4868720752144826:0.26135224977083304:0.16668691621781537,0.001087223768089408
3,6,5,-4:2:-2,4:2:2,144,9,195002.8920568069:193582.24041128453:34271.001810919355:21048.956419445447:13572.164729147213:1800.473489618668:1614.2363911253187:166.98410097161369:147.06718901420624:50.05098262418816:12.341391553424732:10.241770947884588:2.299595606050898:0.7919026586083765:0.43516666481667454:0.22884489633508198,0.0008223556857229088
3,6,5,-3:2:-2,3:2:2,180,9,556339.8618867177:541588.484469945:111944.19529134789:72825.71075059466:48568.00971733727:6799.185946660018:6126.972146580303:350.9857651109702:322.6451446766435:121.1140903539604:31.411120108009023:25.656575464280014:3.411158161406072:1.3374548677839604:0.7579697252090406:0.3106518147261535,0.0006252774610893137
3,6,5,-2:2:-2,2:2:2,216,9,1.4789866328810558e6:1.4140107113633715e6:378009.06402986596:259394.71927442093:172817.08252935435:27778.639964839527:25496.487127426695:715.4939521967588:688.2398264828628:294.1274289385853:83.7612518959486:68.68760758049469:5.125757586675843:2.266212779093425:1.3382099159114642:0.40939774789683697,0.0004947356653122043
3,6,5,-1:2:-2,2:2:1,252,9,3.014235209160422e6:2.8788284929267922e6:1.0462931236606297e6:751390.1124393451:480812.781424541:96383.49002469749:91018.74912244848:1252.0053440573804:1229.9347503874353:592.2029601105486:197.13750612231368:165.9192141116707:7.170614489782074:3.4993060870600927:2.1675048195487054:0.5040482025494376,0.00042589780181606206
3,6,5,0:2:-2,2:2:0,288,9,3.897417097408581e6:3.7609017869826527e6:1.5644420467868822e6:1.1636568990911816e6:733356.6950440941:165728.24704777636:158763.15544843633:1568.8512502042488:1532.6974744694808:772.1168704702782:284.8926976636773:244.35756615758942:8.203453538126219:4.179605343568809:2.6556880614013476:0.5464748839700829,0.00040557171135506586
3,6,5,1:2:-2,2:2:1,252,9,3.0142352091604234e6:2.8788284929267922e6:1.0462931236606298e6:751390.1124393458:480812.7814245411:96383.49002469749:91018.74912244851:1252.0053440573915:1229.9347503874253:592.20296011052:197.1375061223073:165.91921411165032:7.1706144897647075:3.4993060870518384:2.167504819522831:0.5040482025354792,0.00042589780181605957
3,6,5,2:2:-2,2:2:2,216,9,1.4789866328810565e6:1.4140107113633715e6:378009.06402986613:259394.719274421:172817.08252935426:27778.639964839513:25496.487127426695:715.4939521967577:688.2398264828664:294.12742893858785:83.7612518959589:68.68760758049113:5.125757586669578:2.266212779091688:1.3382099159182528:0.4093977478964662,0.0004947356653122056
3,6,5,3:2:-2,3:2:2,180,9,556339.861886717:541588.484469945:111944.19529134777:72825.7107505947:48568.009717337285:6799.185946660021:6126.972146580292:350.9857651109709:322.6451446766446:121.11409035395067:31.411120108000716:25.6565754642776:3.411158161404194:1.337454867777936:0.7579697252101583:0.31065181473055514,0.0006252774610893117
3,6,5,4:2:-2,4:2:2,144,9,195002.89205680694:193582.24041128447:34271.00181091933:21048.956419445443:13572.16472914722:1800.4734896186653:1614.2363911253155:166.9841009716141:147.06718901420598:50.05098262418564:12.341391553422845:10.241770947885197:2.2995956060493232:0.7919026586088815:0.4351666648182562:0.22884489633462876,0.000822355685722907
3,6,5,5:2:-2,5:2:2,72,9,71329.29162955408:70758.45984671103:11520.120799380305:6759.490300469676:4202.950272106146:547.2945145686347:491.52699898337664:82.0785315763191:69.84894726069173:22.296279742655063:5.3158909177191545:4.555801863877167:1.611280253294924:0.48687207521453:0.2613522497721574:0.16668691621728826,0.0010872237680894091
3,6,5,-5:3:-2,5:3:2,36,10,45333.839354893455:44712.356532949:7101.25378993107:4096.339366775971:2509.9632981293807:325.52102904532313:292.8706060446423:59.62226907864708:50.03091584359163:15.636818873551146:3.6765234684955095:3.2249082930038844:1.3752120451455974:0.3921043937592356:0.2085798134487679:0.14308493028925404,0.001238156597282584
3,6,5,-4:3:-2,4:3:2,72,9,107442.65146476653:107207.01592179829:17933.28786761852:10706.580463093174:6753.9130932340595:884.3276957416205:793.2821318105365:109.73145109612021:94.64146231312216:30.91722167637096:7.46773215991253:6.300703065550214:1.8605422693940787:0.5933047517532571:0.3213722398241069:0.19039805183092998,0.0009683067764991492
3,6,5,-3:3:-2,3:3:2,126,9,255503.65717962946:252447.268298552:46162.78205073734:28754.040974325635:18723.73300124519:2506.2857002752266:2247.9501322572123:202.01443687281702:179.7494101271083:62.521881896717105:15.581907260055585:12.858207332847778:2.5374232178955722:0.9040676682794753:0.5003655165220237:0.248037179368412,0.0007650031926679549
3,6,5,-2:3:-2,3:2:2,180,9,556339.8618867171:541588.4844699446:111944.1952913478:72825.71075059465:48568.009717337285:6799.185946660019:6126.972146580298:350.9857651109728:322.64514467664657:121.11409035395461:31.411120107996723:25.656575464281296:3.4111581614073767:1.3374548677802347:0.7579697252073325:0.31065181473043046,0.0006252774610893164
3,6,5,-1:3:-2,3:2:1,210,9,971694.4152719654:935629.7134549918:219735.63040490483:147493.80174761507:98973.48741660554:14746.620797001895:13397.963226804732:524.7612513408169:495.0241991864998:199.0730858194343:53.94733075644003:44.0308020264119:4.27774477793917:1.7948666927326606:1.039035352867484:0.36363157487074566,0.0005453040588054821
3,6,5,0:3:-2,3:2:0,240,9,1.192506258923712e6:1.1440033071425674e6:284982.10406623164:193389.77744930884:129518.86379722418:19947.5829193988:18204.21141642064:609.7325200401056:580.7571031009957:240.3403557612214:66.56591084358348:54.41706402707358:4.666073699800232:2.007859534226494:1.1730310138777813:0.3852165122687525,0.0005196700603047722
3,6,5,1:3:-2,3:2:1,210,9,971694.4152719647:935629.7134549913:219735.63040490478:147493.801747615:98973.48741660554:14746.62079700191:13397.963226804737:524.7612513408153:495.0241991864971:199.07308581943235:53.94733075644012:44.03080202641066:4.2777447778847:1.7948666927350034:1.039035352882256:0.36363157487253384,0.0005453040588054797
3,6,5,2:3:-2,3:2:2,180,9,556339.861886717:541588.4844699447:111944.19529134779:72825.71075059469:48568.00971733725:6799.185946660017:6126.972146580292:350.98576511097207:322.6451446766408:121.11409035394584:31.411120108006546:25.656575464278806:3.4111581614031223:1.3374548677820177:0.7579697252064463:0.31065181473078574,0.0006252774610893088
3,6,5,3:3:-2,3:3:2,126,9,255503.65717962928:252447.26829855188:46162.78205073734:28754.040974325646:18723.733001245182:2506.285700275227:2247.950132257213:202.01443687281704:179.74941012710843:62.521881896703775:15.581907260058616:12.858207332844714:2.537423217898253:0.9040676682800821:0.5003655165295796:0.24803717936521374,0.0007650031926679477
3,6,5,4:3:-2,4:3:2,72,9,107442.65146476653:107207.01592179829:17933.28786761852:10706.580463093174:6753.9130932340595:884.3276957416205:793.2821318105365:109.73145109612021:94.64146231312216:30.91722167637096:7.46773215991253:6.300703065550214:1.8605422693940787:0.5933047517532571:0.3213722398241069:0.19039805183092998,0.0009683067764991492
3,6,5,5:3:-2,5:3:2,36,10,45333.839354893425:44712.356532948994:7101.253789931071:4096.339366775967:2509.9632981293803:325.5210290453233:292.87060604464193:59.622269078647264:50.03091584359143:15.636818873551233:3.67652346849557:3.224908293003786:1.375212045145479:0.39210439375893513:0.20857981344869556:0.14308493028938618,0.001238156597282585
3,6,5,-3:4:-2,4:3:2,72,9,107442.65146476655:107207.01592179836:17933.287867618517:10706.580463093176:6753.91309323407:884.3276957416217:793.2821318105372:109.73145109612013:94.64146231312175:30.917221676370488:7.467732159912217:6.300703065549959:1.8605422693957134:0.5933047517531171:0.32137223982519947:0.19039805182819688,0.0009683067764991458
3,6,5,-2:4:-2,4:2:2,144,9,195002.89205680692:193582.24041128447:34271.00181091934:21048.95641944545:13572.164729147215:1800.4734896186653:1614.236391125315:166.9841009716141:147.0671890142067:50.05098262418623:12.341391553425023:10.241770947885358:2.2995956060521507:0.7919026586083326:0.4351666648161103:0.22884489633522526,0.0008223556857229096
3,6,5,-1:4:-2,4:2:1,168,9,294793.6502469531:290510.4084888357:54138.95891677059:33983.36443198093:22240.810793471588:2994.488725573445:2686.979936609023:223.49460795925955:199.9862675003681:70.43265670690234:17.661862397340435:14.537307057990471:2.6753181105441275:0.970352040268072:0.5391904130658349:0.25869559970850453,0.0007365962651190368
3,6,5,0:4:-2,4:2:0,192,9,342110.73762059194:336204.9940429119:63998.59644550637:40503.00531764926:26641.579086209415:3612.32214590918:3243.398110985707:248.32785559702174:223.5523183047172:79.81617105935811:20.15278033482891:16.548595622748003:2.8286480232069353:1.045049067512436:0.5831977624827941:0.27017413297245085,0.0007083934640342386
3,6,5,1:4:-2,4:2:1,168,9,294793.65024695295:290510.4084888355:54138.95891677061:33983.364431980925:22240.81079347158:2994.4887255734457:2686.979936609022:223.49460795926055:199.9862675003687:70.432656706894:17.661862397340293:14.537307057988219:2.675318110544682:0.9703520402668395:0.5391904130809916:0.2586955997051352,0.000736596265119035
3,6,5,2:4:-2,4:2:2,144,9,195002.89205680697:193582.24041128447:34271.00181091934:21048.956419445447:13572.164729147222:1800.473489618667:1614.2363911253144:166.9841009716145:147.0671890142065:50.050982624187725:12.341391553424316:10.241770947885685:2.2995956060507976:0.7919026586087712:0.4351666648175165:0.22884489633500066,0.0008223556857229112
3,6,5,3:4:-2,4:3:2,72,9,107442.65146476659:107207.01592179827:17933.287867618525:10706.580463093173:6753.913093234064:884.327695741621:793.2821318105374:109.73145109612025:94.6414623131223:30.917221676368488:7.467732159910041:6.300703065550915:1.8605422693952383:0.593304751752867:0.3213722398254157:0.19039805182964448,0.0009683067764991458
3,6,5,-3:5:-2,5:3:2,36,10,45333.839354893455:44712.356532949:7101.253789931073:4096.33936677597:2509.9632981293817:325.52102904532313:292.870606044642:59.622269078647484:50.0309158435914:15.636818873551025:3.676523468495656:3.224908293003868:1.3752120451456238:0.392104393759224:0.20857981344878296:0.14308493028936095,0.0012381565972825863
3,6,5,-2:5:-2,5:2:2,72,9,71329.2916295541:70758.4598467111:11520.12079938031:6759.490300469682:4202.950272106145:547.2945145686353:491.5269989833765:82.07853157631942:69.84894726069243:22.296279742655575:5.315890917718935:4.5558018638771225:1.611280253294917:0.48687207521393383:0.2613522497713982:0.16668691621775908,0.0010872237680894156
3,6,5,-1:5:-2,5:2:1,84,9,96546.92379862492:96182.6977869253:15967.994484867631:9488.415139227722:5962.433927931719:779.4033575907158:699.3402166240572:101.70840331758043:87.4084736088115:28.371209150340125:6.829091109549892:5.78321989863244:1.7916275138470217:0.5633398938803968:0.3044007916422233:0.18397997969773977,0.0009978717888001294
3,6,5,0:5:-2,5:2:0,96,9,107442.65146476655:107207.01592179833:17933.287867618514:10706.58046309317:6753.913093234068:884.3276957416206:793.2821318105364:109.73145109612054:94.64146231312127:30.91722167637056:7.467732159913785:6.300703065550548:1.860542269393995:0.5933047517532061:0.321372239825181:0.19039805182970004,0.0009683067764991468
3,6,5,1:5:-2,5:2:1,84,9,96546.923798625:96182.69778692543:15967.994484867637:9488.415139227736:5962.433927931727:779.403357590717:699.3402166240575:101.70840331758023:87.40847360881182:28.3712091503404:6.829091109550602:5.783219898632295:1.791627513847095:0.5633398938803297:0.3044007916404229:0.18397997969958857,0.0009978717888001294
3,6,5,2:5:-2,5:2:2,72,9,71329.29162955409:70758.45984671103:11520.120799380313:6759.490300469681:4202.950272106144:547.2945145686347:491.5269989833763:82.07853157631912:69.84894726069176:22.296279742655507:5.315890917719156:4.555801863877551:1.6112802532945667:0.48687207521406367:0.2613522497717489:0.16668691621763465,0.0010872237680894102
3,6,5,3:5:-2,5:3:2,36,10,45333.83935489345:44712.356532948965:7101.253789931069:4096.339366775972:2509.963298129382:325.5210290453232:292.870606044642:59.622269078647456:50.030915843591245:15.636818873550979:3.676523468495357:3.2249082930039203:1.3752120451456658:0.39210439375903344:0.20857981344889331:0.1430849302894225,0.001238156597282585
3,6,5,-3:-5:-1,5:3:1,42,9,72842.36555031508:69772.57695775607:9883.528796606994:5269.029632967878:2951.8957461884283:383.5778988086455:350.6437572026691:81.76725672678599:65.65565495103733:18.02749567974096:4.190166048905073:3.6859478169301054:1.5368246122318323:0.4486132325209634:0.2207285853408536:0.16614585687373085,0.0010495389009444423
3,6,5,-2:-5:-1,5:2:1,84,9,123430.2060311055:118462.99528264148:16885.87091421292:9051.457160876638:5095.756656029461:662.341280895838:604.4197598097066:118.42685179964015:95.75945731317861:26.361881937550184:6.190486078466918:5.3295368185700385:1.8372696581761079:0.5681334950922023:0.281325452672715:0.19497508074155756,0.0008987588357768821
3,6,5,-1:-5:-1,5:1:1,98,9,176814.21869181513:169956.56793746614:24346.588798801622:13105.1030933101:7407.35383284734:962.8773285839969:877.542333934866:152.5460310992462:123.92318401924058:34.21901030316635:8.085960488948851:6.883754558288269:2.076045312441184:0.6673960947465875:0.3319366937913517:0.21638856974696044,0.0008091258744069078
3,6,5,0:-5:-1,5:1:0,112,9,201062.78152351693:193376.75111918588:27755.1688091672:14963.549448677963:8471.03889774306:1101.1559158659634:1003.084040632392:167.0211262329814:135.90745489427923:37.57875482646336:8.89859222116067:7.548862964430489:2.169395569436565:0.7069716288975177:0.35217271969404373:0.224402489502031,0.0007793861306908715
3,6,5,1:-5:-1,5:1:1,98,9,176814.21869181524:169956.56793746632:24346.588798801626:13105.103093310112:7407.353832847343:962.877328583998:877.5423339348657:152.5460310992459:123.9231840192412:34.21901030316325:8.085960488949178:6.883754558287552:2.0760453124408755:0.667396094746577:0.3319366937932913:0.21638856974991283,0.0008091258744069058
3,6,5,2:-5:-1,5:2:1,84,9,123430.20603110541:118462.99528264144:16885.87091421292:9051.457160876633:5095.756656029461:662.3412808958385:604.4197598097066:118.42685179963995:95.75945731317874:26.36188193755018:6.190486078466925:5.329536818569837:1.8372696581761536:0.5681334950922414:0.28132545267043746:0.1949750807427087,0.0008987588357768822
3,6,5,3:-5:-1,5:3:1,42,9,72842.36555031508:69772.57695775609:9883.528796606988:5269.029632967876:2951.8957461884274:383.57789880864544:350.6437572026693:81.76725672678603:65.65565495103755:18.027495679740753:4.190166048904516:3.6859478169298097:1.536824612231886:0.44861323252061375:0.22072858534094264:0.16614585687391922,0.0010495389009444432
3,6,5,-3:-4:-1,4:3:1,84,9,201062.78152351698:193376.75111918588:27755.168809167226:14963.549448677966:8471.038897743058:1101.1559158659643:1003.0840406323924:167.0211262329812:135.90745489427997:37.57875482646208:8.89859222116046:7.548862964430738:2.169395569436707:0.7069716288975872:0.3521727196953919:0.2244024895010019,0.0007793861306908716
3,6,5,-2:-4:-1,4:2:1,168,9,415010.37651742226:400618.03587872745:58231.40324438323:31711.501061392937:18137.862680913604:2357.5606092335724:2141.3918350790655:278.78739174359447:229.01872129642365:63.978729934342134:15.314146526949873:12.777729741842213:2.7917549623089575:0.9788118703274291:0.49188047084999625:0.2732250859348675,0.0006317205463462198
3,6,5,-1:-4:-1,4:1:1,196,9,697960.6570936202:675873.5436817973:99345.26564958194:54568.98330448996:31495.294253456083:4093.2727566484473:3709.6217530901326:403.05302050020873:333.491616313684:94.14045474167513:22.687177025063892:18.75182514600639:3.3631558899449083:1.2371467658578374:0.625577362182606:0.31219406033653446,0.000543957629284602
3,6,5,0:-4:-1,4:1:0,224,9,845671.1604135551:819958.6040160371:121086.31447527833:66746.13700751969:38667.40076325119:5025.233790025766:4550.328471002301:461.9246040011003:383.2691677038531:108.68573562466011:26.254298383871816:21.632624767452786:3.6069723257996147:1.3492452174777994:0.6838292862084767:0.32745378155928323,0.0005148470491095765
3,6,5,1:-4:-1,4:1:1,196,9,697960.6570936199:675873.5436817971:99345.26564958195:54568.983304489935:31495.294253456083:4093.272756648447:3709.621753090131:403.0530205002078:333.4916163136848:94.14045474167753:22.68717702506375:18.751825146006933:3.3631558899425027:1.2371467658574427:0.6255773621811259:0.31219406033836156,0.0005439576292846023
3,6,5,2:-4:-1,4:2:1,168,9,415010.37651742256:400618.0358787275:58231.40324438323:31711.501061392955:18137.862680913608:2357.5606092335715:2141.3918350790645:278.78739174359424:229.01872129642265:63.97872993434416:15.314146526949616:12.777729741841936:2.7917549623086435:0.9788118703277221:0.4918804708489289:0.27322508593588396,0.0006317205463462188
3,6,5,3:-4:-1,4:3:1,84,9,201062.78152351695:193376.75111918588:27755.168809167222:14963.549448677964:8471.03889774306:1101.1559158659638:1003.084040632392:167.0211262329805:135.90745489427928:37.578754826466174:8.898592221162806:7.5488629644302305:2.169395569435958:0.7069716288981985:0.352172719693949:0.2244024895023914,0.0007793861306908711
3,6,5,-5:-3:-1,5:3:1,42,9,72842.3655503151:69772.57695775607:9883.528796606992:5269.02963296788:2951.895746188428:383.5778988086456:350.6437572026692:81.7672567267864:65.65565495103742:18.027495679741012:4.190166048904841:3.6859478169302062:1.536824612231922:0.4486132325210645:0.22072858534086193:0.16614585687378214,0.0010495389009444458
3,6,5,-4:-3:-1,4:3:1,84,9,201062.78152351693:193376.75111918588:27755.168809167208:14963.549448677963:8471.038897743056:1101.1559158659634:1003.0840406323927:167.0211262329807:135.90745489427954:37.57875482646401:8.89859222116052:7.548862964429957:2.1693955694367903:0.7069716288983643:0.3521727196927241:0.2244024895012394,0.0007793861306908705
3,6,5,-3:-3:-1,3:3:1,147,9,581823.5365857666:562763.3966355404:82377.6922335833:45105.974428124886:25946.822185509427:3372.3019747333256:3058.6701831451896:354.221322846807:292.33492703545824:82.1964805088755:19.76320734019816:16.38618097747754:3.149194494433174:1.1396341837925934:0.5750177111563688:0.2981649501850592,0.0005731408479854586
3,6,5,-2:-3:-1,3:2:1,210,9,1.6172619261500607e6:1.5757533156018287e6:236973.2153738773:132408.3760535445:77808.54430829883:10112.94220961139:9130.071449335119:732.6584940264208:614.0832050723891:177.3855412529551:43.17576299449647:35.24184184766815:4.59213228522175:1.810823508048208:0.9250012961074082:0.3826340398878531,0.00042797114430789536
3,6,5,-1:-3:-1,3:1:1,245,8,3.583972402548157e6:3.5177444883215646e6:544553.732594112:310659.19290463865:186490.29385739556:24265.90183750708:21828.408382346883:1292.7675913660553:1099.2738236838431:327.2493777782426:80.3877914860099:64.98091610448789:6.244481487399808:2.607862062818719:1.3457421275163732:0.4586237561595256,0.0003418603368818001
3,6,5,0:-3:-1,3:1:0,280,8,4.891069700399253e6:4.816803701066049e6:756053.0859728466:435484.8084751252:263930.64176127734:34378.32768872834:30884.362621332708:1614.8269252833788:1381.959884015738:417.3562815667045:102.91528953453245:82.91375300601963:7.064972745481895:3.0116822160995036:1.5607460618562192:0.49103661096057016,0.00031336193572680736
3,6,5,1:-3:-1,3:1:1,245,8,3.583972402548156e6:3.5177444883215623e6:544553.7325941119:310659.19290463906:186490.29385739553:24265.901837507066:21828.408382346883:1292.7675913660512:1099.2738236838447:327.2493777782089:80.38779148600908:64.98091610447403:6.244481487449989:2.6078620628327807:1.345742127616952:0.45862375612041456,0.00034186033688179854
3,6,5,2:-3:-1,3:2:1,210,9,1.6172619261500612e6:1.5757533156018306e6:236973.2153738772:132408.37605354455:77808.54430829885:10112.942209611387:9130.071449335117:732.658494026419:614.0832050723953:177.38554125295428:43.17576299449497:35.24184184766503:4.5921322852102:1.8108235080518995:0.9250012961120505:0.3826340398967605,0.00042797114430789595
3,6,5,3:-3:-1,3:3:1,147,9,581823.5365857665:562763.3966355405:82377.69223358334:45105.97442812488:25946.822185509434:3372.301974733328:3058.6701831451905:354.22132284680606:292.3349270354587:82.19648050886873:19.763207340198832:16.386180977479572:3.1491944944283183:1.1396341837945745:0.5750177111590109:0.2981649501831663,0.0005731408479854568
3,6,5,4:-3:-1,4:3:1,84,9,201062.78152351693:193376.75111918588:27755.168809167208:14963.549448677963:8471.038897743056:1101.1559158659634:1003.0840406323927:167.0211262329807:135.90745489427954:37.57875482646401:8.89859222116052:7.548862964429957:2.1693955694367903:0.7069716288983643:0.3521727196927241:0.2244024895012394,0.0007793861306908705
3,6,5,5:-3:-1,5:3:1,42,9,72842.36555031508:69772.576957756:9883.528796606988:5269.029632967874:2951.8957461884274:383.5778988086454:350.6437572026691:81.76725672678599:65.65565495103779:18.027495679739495:4.190166048904141:3.685947816930084:1.536824612231752:0.4486132325207564:0.22072858534097373:0.16614585687364755,0.0010495389009444428
3,6,5,-5:-2:-1,5:2:1,84,9,123430.20603110548:118462.99528264147:16885.87091421292:9051.457160876635:5095.756656029462:662.3412808958377:604.419759809706:118.42685179963975:95.75945731317849:26.36188193755049:6.190486078466808:5.329536818570097:1.8372696581764427:0.5681334950926603:0.28132545266927456:0.19497508074263223,0.0008987588357768804
3,6,5,-4:-2:-1,4:2:1,168,9,415010.3765174227:400618.03587872756:58231.40324438327:31711.501061392963:18137.862680913608:2357.560609233572:2141.391835079064:278.78739174359606:229.01872129642263:63.97872993434027:15.314146526948658:12.77772974184261:2.7917549623111553:0.978811870325261:0.49188047085066733:0.2732250859347924,0.0006317205463462198
3,6,5,-3:-2:-1,3:2:1,210,9,1.6172619261500614e6:1.5757533156018304e6:236973.21537387735:132408.37605354455:77808.54430829886:10112.94220961139:9130.071449335122:732.6584940264222:614.0832050723903:177.3855412529445:43.175762994496544:35.24184184766454:4.59213228521122:1.810823508049619:0.9250012960992864:0.3826340398910549,0.00042797114430789487
3,6,5,-2:-2:-1,2:2:1,252,8,6.878489725774785e6:6.801368412545736e6:1.0861503732340687e6:632955.191918789:387949.2364154878:50623.267784500094:45418.75219355152:2061.7528136242636:1777.9658433257825:546.5223508837024:135.3800334408131:108.70249498486683:8.10708393377681:3.530864503778536:1.8388375058792181:0.5285094754277936,0.0002849913423391539
3,6,5,-1:-2:-1,2:1:1,294,7,2.489064714076126e7:2.4703896386077486e7:4.363161111858063e6:2.6875348870662e6:1.7279650115439158e6:229846.35704535374:205770.21144176193:5177.3873472890955:4627.425659381685:1553.2461202774239:394.21811335793126:313.6334214746875:13.879231129588238:6.506178584531126:3.4650000619351284:0.6900703698187326,0.00020102639143608662
3,6,5,1:-2:-1,2:1:1,294,7,2.489064714076126e7:2.4703896386077493e7:4.363161111858063e6:2.6875348870662004e6:1.7279650115439156e6:229846.35704535386:205770.21144176164:5177.387347289086:4627.425659381583:1553.2461202771697:394.21811335789687:313.63342147459343:13.879231129690734:6.5061785845553:3.465000061579715:0.690070369940449,0.00020102639143608286
3,6,5,2:-2:-1,2:2:1,252,8,6.878489725774785e6:6.801368412545734e6:1.0861503732340683e6:632955.1919187886:387949.23641548795:50623.26778450011:45418.752193551525:2061.75281362427:1777.9658433257584:546.5223508836907:135.3800334408236:108.70249498487055:8.10708393377961:3.5308645037675688:1.8388375058715107:0.5285094754080243,0.0002849913423391527
3,6,5,3:-2:-1,3:2:1,210,9,1.6172619261500612e6:1.5757533156018294e6:236973.21537387735:132408.37605354452:77808.54430829886:10112.942209611394:9130.071449335126:732.6584940264196:614.0832050723922:177.38554125294442:43.17576299449595:35.241841847667715:4.592132285214907:1.810823508050934:0.9250012961023668:0.3826340398909763,0.0004279711443078947
3,6,5,4:-2:-1,4:2:1,168,9,415010.37651742226:400618.0358787272:58231.40324438325:31711.501061392937:18137.8626809136:2357.5606092335715:2141.391835079066:278.7873917435961:229.01872129642345:63.97872993434408:15.314146526950685:12.777729741842725:2.7917549623101747:0.9788118703277539:0.4918804708484566:0.27322508593541445,0.0006317205463462226
3,6,5,5:-2:-1,5:2:1,84,9,123430.20603110538:118462.99528264144:16885.870914212912:9051.457160876633:5095.756656029462:662.3412808958385:604.4197598097063:118.4268517996403:95.75945731317884:26.36188193754993:6.19048607846595:5.32953681856988:1.8372696581756722:0.568133495091182:0.28132545267000175:0.19497508074365688,0.0008987588357768838
3,6,5,-5:-1:-1,5:1:1,98,9,176814.21869181521:169956.56793746617:24346.58879880162:13105.103093310114:7407.353832847342:962.877328583998:877.5423339348653:152.5460310992467:123.92318401924159:34.2190103031645:8.085960488949077:6.883754558288646:2.0760453124403058:0.6673960947470534:0.331936693788326:0.216388569750678,0.0008091258744069105
3,6,5,-4:-1:-1,4:1:1,196,9,697960.6570936203:675873.5436817973:99345.26564958195:54568.98330448997:31495.294253456064:4093.272756648446:3709.6217530901313:403.05302050020623:333.4916163136846:94.14045474168358:22.68717702506005:18.75182514600633:3.3631558899425165:1.2371467658587865:0.6255773621783033:0.31219406033537345,0.0005439576292846016
3,6,5,-3:-1:-1,3:1:1,245,8,3.583972402548156e6:3.5177444883215628e6:544553.7325941119:310659.1929046391:186490.29385739547:24265.901837507063:21828.40838234687:1292.767591366044:1099.2738236838434:327.2493777782255:80.38779148600368:64.98091610447477:6.244481487396173:2.60786206282055:1.3457421275577084:0.45862375616186085,0.0003418603368817978
3,6,5,-2:-1:-1,2:1:1,294,7,2.489064714076127e7:2.4703896386077505e7:4.363161111858063e6:2.6875348870662004e6:1.7279650115439151e6:229846.3570453539:205770.2114417621:5177.3873472891255:4627.425659381618:1553.2461202773798:394.2181133580304:313.6334214746998:13.879231129752853:6.5061785845339015:3.465000061898351:0.6900703699636643,0.0002010263914360858
3,6,5,2:-1:-1,2:1:1,294,7,2.4890647140761256e7:2.470389638607749e7:4.363161111858064e6:2.6875348870661994e6:1.7279650115439156e6:229846.35704535377:205770.21144176176:5177.38734728912:4627.425659381624:1553.246120277341:394.2181133579973:313.6334214745854:13.879231129733016:6.506178584648558:3.46500006174283:0.6900703698969339,0.00020102639143608554
3,6,5,3:-1:-1,3:1:1,245,8,3.583972402548156e6:3.517744488321563e6:544553.7325941118:310659.1929046387:186490.29385739553:24265.901837507063:21828.408382346868:1292.7675913660598:1099.273823683836:327.2493777782384:80.38779148602482:64.98091610447645:6.244481487402298:2.6078620628357494:1.345742127523475:0.4586237561533728,0.0003418603368817999
3,6,5,4:-1:-1,4:1:1,196,9,697960.6570936202:675873.5436817971:99345.26564958194:54568.983304489935:31495.29425345607:4093.2727566484464:3709.621753090133:403.0530205002066:333.4916163136842:94.14045474165772:22.687177025068117:18.751825146009043:3.363155889944982:1.2371467658575392:0.6255773621705528:0.3121940603348911,0.0005439576292845977
3,6,5,5:-1:-1,5:1:1,98,9,176814.21869181513:169956.56793746614:24346.588798801626:13105.103093310101:7407.353832847337:962.8773285839977:877.5423339348658:152.5460310992464:123.92318401924136:34.21901030316518:8.085960488948903:6.883754558288456:2.0760453124406726:0.6673960947459407:0.33193669379079344:0.21638856974968249,0.0008091258744069097
3,6,5,-5:0:-1,5:1:0,112,9,201062.7815235169:193376.75111918585:27755.168809167208:14963.549448677966:8471.03889774306:1101.1559158659634:1003.0840406323916:167.02112623298194:135.9074548942792:37.57875482645701:8.898592221160685:7.54886296443234:2.1693955694369356:0.7069716288974639:0.35217271969354713:0.22440248950212188,0.0007793861306908694
3,6,5,-4:0:-1,4:1:0,224,9,845671.1604135553:819958.6040160375:121086.31447527834:66746.13700751965:38667.40076325122:5025.233790025772:4550.328471002299:461.9246040011025:383.26916770385264:108.68573562466116:26.254298383878158:21.63262476745353:3.606972325800706:1.3492452174807648:0.6838292862130464:0.32745378155950505,0.0005148470491095778
3,6,5,-3:0:-1,3:1:0,280,8,4.891069700399253e6:4.816803701066052e6:756053.0859728466:435484.8084751252:263930.64176127745:34378.32768872835:30884.36262133272:1614.8269252833818:1381.9598840157141:417.3562815668531:102.91528953454026:82.91375300599465:7.0649727454974665:3.0116822160989547:1.560746061865986:0.49103661096039114,0.00031336193572680947
3,6,5,3:0:-1,3:1:0,280,8,4.891069700399253e6:4.816803701066049e6:756053.0859728467:435484.808475125:263930.6417612774:34378.32768872837:30884.362621332704:1614.826925283382:1381.9598840157112:417.356281566642:102.91528953452173:82.91375300602618:7.0649727454980455:3.0116822161014905:1.56074606186713:0.4910366109589122,0.0003133619357268034
3,6,5,4:0:-1,4:1:0,224,9,845671.1604135553:819958.6040160373:121086.31447527837:66746.13700751969:38667.4007632512:5025.233790025767:4550.328471002296:461.92460400110264:383.2691677038538:108.68573562463607:26.25429838387916:21.63262476745953:3.6069723257992594:1.3492452174742091:0.68382928621236:0.3274537815591615,0.0005148470491095749
3,6,5,5:0:-1,5:1:0,112,9,201062.7815235169:193376.75111918594:27755.168809167208:14963.54944867796:8471.038897743061:1101.155915865964:1003.0840406323922:167.02112623298152:135.90745489427906:37.578754826462806:8.898592221160643:7.5488629644307625:2.1693955694363822:0.7069716288965193:0.3521727196936459:0.22440248950235822,0.0007793861306908711
3,6,5,-5:1:-1,5:1:1,98,9,176814.21869181521:169956.56793746617:24346.58879880162:13105.103093310114:7407.353832847342:962.877328583998:877.5423339348653:152.5460310992467:123.92318401924159:34.2190103031645:8.085960488949077:6.883754558288646:2.0760453124403058:0.6673960947470534:0.331936693788326:0.216388569750678,0.0008091258744069105
3,6,5,-4:1:-1,4:1:1,196,9,697960.6570936203:675873.5436817973:99345.26564958195:54568.98330448997:31495.294253456064:4093.272756648446:3709.6217530901313:403.05302050020623:333.4916163136846:94.14045474168358:22.68717702506005:18.75182514600633:3.3631558899425165:1.2371467658587865:0.6255773621783033:0.31219406033537345,0.0005439576292846016
3,6,5,-3:1:-1,3:1:1,245,8,3.583972402548156e6:3.5177444883215628e6:544553.7325941119:310659.1929046391:186490.29385739547:24265.901837507063:21828.40838234687:1292.767591366044:1099.2738236838434:327.2493777782255:80.38779148600368:64.98091610447477:6.244481487396173:2.60786206282055:1.3457421275577084:0.45862375616186085,0.0003418603368817978
3,6,5,-2:1:-1,2:1:1,294,7,2.489064714076127e7:2.4703896386077505e7:4.363161111858063e6:2.6875348870662004e6:1.7279650115439151e6:229846.3570453539:205770.2114417621:5177.3873472891255:4627.425659381618:1553.2461202773798:394.2181133580304:313.6334214746998:13.879231129752853:6.5061785845339015:3.465000061898351:0.6900703699636643,0.0002010263914360858
3,6,5,2:1:-1,2:1:1,294,7,2.4890647140761256e7:2.470389638607749e7:4.363161111858064e6:2.6875348870661994e6:1.7279650115439156e6:229846.35704535377:205770.21144176176:5177.38734728912:4627.425659381624:1553.246120277341:394.2181133579973:313.6334214745854:13.879231129733016:6.506178584648558:3.46500006174283:0.6900703698969339,0.00020102639143608554
3,6,5,3:1:-1,3:1:1,245,8,3.583972402548156e6:3.517744488321563e6:544553.7325941118:310659.1929046387:186490.29385739553:24265.901837507063:21828.408382346868:1292.7675913660598:1099.273823683836:327.2493777782384:80.38779148602482:64.98091610447645:6.244481487402298:2.6078620628357494:1.345742127523475:0.4586237561533728,0.0003418603368817999
3,6,5,4:1:-1,4:1:1,196,9,697960.6570936202:675873.5436817971:99345.26564958194:54568.983304489935:31495.29425345607:4093.2727566484464:3709.621753090133:403.0530205002066:333.4916163136842:94.14045474165772:22.687177025068117:18.751825146009043:3.363155889944982:1.2371467658575392:0.6255773621705528:0.3121940603348911,0.0005439576292845977
3,6,5,5:1:-1,5:1:1,98,9,176814.21869181513:169956.56793746614:24346.588798801626:13105.103093310101:7407.353832847337:962.8773285839977:877.5423339348658:152.5460310992464:123.92318401924136:34.21901030316518:8.085960488948903:6.883754558288456:2.0760453124406726:0.6673960947459407:0.33193669379079344:0.21638856974968249,0.0008091258744069097
3,6,5,-5:2:-1,5:2:1,84,9,123430.20603110548:118462.99528264147:16885.87091421292:9051.457160876635:5095.756656029462:662.3412808958377:604.419759809706:118.42685179963975:95.75945731317849:26.36188193755049:6.190486078466808:5.329536818570097:1.8372696581764427:0.5681334950926603:0.28132545266927456:0.19497508074263223,0.0008987588357768804
3,6,5,-4:2:-1,4:2:1,168,9,415010.3765174227:400618.03587872756:58231.40324438327:31711.501061392963:18137.862680913608:2357.560609233572:2141.391835079064:278.78739174359606:229.01872129642263:63.97872993434027:15.314146526948658:12.77772974184261:2.7917549623111553:0.978811870325261:0.49188047085066733:0.2732250859347924,0.0006317205463462198
3,6,5,-3:2:-1,3:2:1,210,9,1.6172619261500614e6:1.5757533156018304e6:236973.21537387735:132408.37605354455:77808.54430829886:10112.94220961139:9130.071449335122:732.6584940264222:614.0832050723903:177.3855412529445:43.175762994496544:35.24184184766454:4.59213228521122:1.810823508049619:0.9250012960992864:0.3826340398910549,0.00042797114430789487
3,6,5,-2:2:-1,2:2:1,252,8,6.878489725774785e6:6.801368412545736e6:1.0861503732340687e6:632955.191918789:387949.2364154878:50623.267784500094:45418.75219355152:2061.7528136242636:1777.9658433257825:546.5223508837024:135.3800334408131:108.70249498486683:8.10708393377681:3.530864503778536:1.8388375058792181:0.5285094754277936,0.0002849913423391539
3,6,5,-1:2:-1,2:1:1,294,7,2.489064714076126e7:2.4703896386077486e7:4.363161111858063e6:2.6875348870662e6:1.7279650115439158e6:229846.35704535374:205770.21144176193:5177.3873472890955:4627.425659381685:1553.2461202774239:394.21811335793126:313.6334214746875:13.879231129588238:6.506178584531126:3.4650000619351284:0.6900703698187326,0.00020102639143608662
3,6,5,1:2:-1,2:1:1,294,7,2.489064714076126e7:2.4703896386077493e7:4.363161111858063e6:2.6875348870662004e6:1.7279650115439156e6:229846.35704535386:205770.21144176164:5177.387347289086:4627.425659381583:1553.2461202771697:394.21811335789687:313.63342147459343:13.879231129690734:6.5061785845553:3.465000061579715:0.690070369940449,0.00020102639143608286
3,6,5,2:2:-1,2:2:1,252,8,6.878489725774785e6:6.801368412545734e6:1.0861503732340683e6:632955.1919187886:387949.23641548795:50623.26778450011:45418.752193551525:2061.75281362427:1777.9658433257584:546.5223508836907:135.3800334408236:108.70249498487055:8.10708393377961:3.5308645037675688:1.8388375058715107:0.5285094754080243,0.0002849913423391527
3,6,5,3:2:-1,3:2:1,210,9,1.6172619261500612e6:1.5757533156018294e6:236973.21537387735:132408.37605354452:77808.54430829886:10112.942209611394:9130.071449335126:732.6584940264196:614.0832050723922:177.38554125294442:43.17576299449595:35.241841847667715:4.592132285214907:1.810823508050934:0.9250012961023668:0.3826340398909763,0.0004279711443078947
3,6,5,4:2:-1,4:2:1,168,9,415010.37651742226:400618.0358787272:58231.40324438325:31711.501061392937:18137.8626809136:2357.5606092335715:2141.391835079066:278.7873917435961:229.01872129642345:63.97872993434408:15.314146526950685:12.777729741842725:2.7917549623101747:0.9788118703277539:0.4918804708484566:0.27322508593541445,0.0006317205463462226
3,6,5,5:2:-1,5:2:1,84,9,123430.20603110538:118462.99528264144:16885.870914212912:9051.457160876633:5095.756656029462:662.3412808958385:604.4197598097063:118.4268517996403:95.75945731317884:26.36188193754993:6.19048607846595:5.32953681856988:1.8372696581756722:0.568133495091182:0.28132545267000175:0.19497508074365688,0.0008987588357768838
3,6,5,-5:3:-1,5:3:1,42,9,72842.3655503151:69772.57695775607:9883.528796606992:5269.02963296788:2951.895746188428:383.5778988086456:350.6437572026692:81.7672567267864:65.65565495103742:18.027495679741012:4.190166048904841:3.6859478169302062:1.536824612231922:0.4486132325210645:0.22072858534086193:0.16614585687378214,0.0010495389009444458
3,6,5,-4:3:-1,4:3:1,84,9,201062.78152351693:193376.75111918588:27755.168809167208:14963.549448677963:8471.038897743056:1101.1559158659634:1003.0840406323927:167.0211262329807:135.90745489427954:37.57875482646401:8.89859222116052:7.548862964429957:2.1693955694367903:0.7069716288983643:0.3521727196927241:0.2244024895012394,0.0007793861306908705
3,6,5,-3:3:-1,3:3:1,147,9,581823.5365857666:562763.3966355404:82377.6922335833:45105.974428124886:25946.822185509427:3372.3019747333256:3058.6701831451896:354.221322846807:292.33492703545824:82.1964805088755:19.76320734019816:16.38618097747754:3.149194494433174:1.1396341837925934:0.5750177111563688:0.2981649501850592,0.0005731408479854586
3,6,5,-2:3:-1,3:2:1,210,9,1.6172619261500607e6:1.5757533156018287e6:236973.2153738773:132408.3760535445:77808.54430829883:10112.94220961139:9130.071449335119:732.6584940264208:614.0832050723891:177.3855412529551:43.17576299449647:35.24184184766815:4.59213228522175:1.810823508048208:0.9250012961074082:0.3826340398878531,0.00042797114430789536
3,6,5,-1:3:-1,3:1:1,245,8,3.583972402548157e6:3.5177444883215646e6:544553.732594112:310659.19290463865:186490.29385739556:24265.90183750708:21828.408382346883:1292.7675913660553:1099.2738236838431:327.2493777782426:80.3877914860099:64.98091610448789:6.244481487399808:2.607862062818719:1.3457421275163732:0.4586237561595256,0.0003418603368818001
3,6,5,0:3:-1,3:1:0,280,8,4.891069700399253e6:4.816803701066049e6:756053.0859728466:435484.8084751252:263930.64176127734:34378.32768872834:30884.362621332708:1614.8269252833788:1381.959884015738:417.3562815667045:102.91528953453245:82.91375300601963:7.064972745481895:3.0116822160995036:1.5607460618562192:0.49103661096057016,0.00031336193572680736
3,6,5,1:3:-1,3:1:1,245,8,3.583972402548156e6:3.5177444883215623e6:544553.7325941119:310659.19290463906:186490.29385739553:24265.901837507066:21828.408382346883:1292.7675913660512:1099.2738236838447:327.2493777782089:80.38779148600908:64.98091610447403:6.244481487449989:2.6078620628327807:1.345742127616952:0.45862375612041456,0.00034186033688179854
3,6,5,2:3:-1,3:2:1,210,9,1.6172619261500612e6:1.5757533156018306e6:236973.2153738772:132408.37605354455:77808.54430829885:10112.942209611387:9130.071449335117:732.658494026419:614.0832050723953:177.38554125295428:43.17576299449497:35.24184184766503:4.5921322852102:1.8108235080518995:0.9250012961120505:0.3826340398967605,0.00042797114430789595
3,6,5,3:3:-1,3:3:1,147,9,581823.5365857665:562763.3966355405:82377.69223358334:45105.97442812488:25946.822185509434:3372.301974733328:3058.6701831451905:354.22132284680606:292.3349270354587:82.19648050886873:19.763207340198832:16.386180977479572:3.1491944944283183:1.1396341837945745:0.5750177111590109:0.2981649501831663,0.0005731408479854568
3,6,5,4:3:-1,4:3:1,84,9,201062.78152351693:193376.75111918588:27755.168809167208:14963.549448677963:8471.038897743056:1101.1559158659634:1003.0840406323927:167.0211262329807:135.90745489427954:37.57875482646401:8.89859222116052:7.548862964429957:2.1693955694367903:0.7069716288983643:0.3521727196927241:0.2244024895012394,0.0007793861306908705
3,6,5,5:3:-1,5:3:1,42,9,72842.36555031508:69772.576957756:9883.528796606988:5269.029632967874:2951.8957461884274:383.5778988086454:350.6437572026691:81.76725672678599:65.65565495103779:18.027495679739495:4.190166048904141:3.685947816930084:1.536824612231752:0.4486132325207564:0.22072858534097373:0.16614585687364755,0.0010495389009444428
3,6,5,-3:4:-1,4:3:1,84,9,201062.78152351698:193376.75111918588:27755.168809167226:14963.549448677966:8471.038897743058:1101.1559158659643:1003.0840406323924:167.0211262329812:135.90745489427997:37.57875482646208:8.89859222116046:7.548862964430738:2.169395569436707:0.7069716288975872:0.3521727196953919:0.2244024895010019,0.0007793861306908716
3,6,5,-2:4:-1,4:2:1,168,9,415010.37651742226:400618.03587872745:58231.40324438323:31711.501061392937:18137.862680913604:2357.5606092335724:2141.3918350790655:278.78739174359447:229.01872129642365:63.978729934342134:15.314146526949873:12.777729741842213:2.7917549623089575:0.9788118703274291:0.49188047084999625:0.2732250859348675,0.0006317205463462198
3,6,5,-1:4:-1,4:1:1,196,9,697960.6570936202:675873.5436817973:99345.26564958194:54568.98330448996:31495.294253456083:4093.2727566484473:3709.6217530901326:403.05302050020873:333.491616313684:94.14045474167513:22.687177025063892:18.75182514600639:3.3631558899449083:1.2371467658578374:0.625577362182606:0.31219406033653446,0.000543957629284602
3,6,5,0:4:-1,4:1:0,224,9,845671.1604135551:819958.6040160371:121086.31447527833:66746.13700751969:38667.40076325119:5025.233790025766:4550.328471002301:461.9246040011003:383.2691677038531:108.68573562466011:26.254298383871816:21.632624767452786:3.6069723257996147:1.3492452174777994:0.6838292862084767:0.32745378155928323,0.0005148470491095765
3,6,5,1:4:-1,4:1:1,196,9,697960.6570936199:675873.5436817971:99345.26564958195:54568.983304489935:31495.294253456083:4093.272756648447:3709.621753090131:403.0530205002078:333.4916163136848:94.14045474167753:22.68717702506375:18.751825146006933:3.3631558899425027:1.2371467658574427:0.6255773621811259:0.31219406033836156,0.0005439576292846023
3,6,5,2:4:-1,4:2:1,168,9,415010.37651742256:400618.0358787275:58231.40324438323:31711.501061392955:18137.862680913608:2357.5606092335715:2141.3918350790645:278.78739174359424:229.01872129642265:63.97872993434416:15.314146526949616:12.777729741841936:2.7917549623086435:0.9788118703277221:0.4918804708489289:0.27322508593588396,0.0006317205463462188
3,6,5,3:4:-1,4:3:1,84,9,201062.78152351695:193376.75111918588:27755.168809167222:14963.549448677964:8471.03889774306:1101.1559158659638:1003.084040632392:167.0211262329805:135.90745489427928:37.578754826466174:8.898592221162806:7.5488629644302305:2.169395569435958:0.7069716288981985:0.352172719693949:0.2244024895023914,0.0007793861306908711
3,6,5,-3:5:-1,5:3:1,42,9,72842.36555031508:69772.57695775607:9883.528796606994:5269.029632967878:2951.8957461884283:383.5778988086455:350.6437572026691:81.76725672678599:65.65565495103733:18.02749567974096:4.190166048905073:3.6859478169301054:1.5368246122318323:0.4486132325209634:0.2207285853408536:0.16614585687373085,0.0010495389009444423
3,6,5,-2:5:-1,5:2:1,84,9,123430.2060311055:118462.99528264148:16885.87091421292:9051.457160876638:5095.756656029461:662.341280895838:604.4197598097066:118.42685179964015:95.75945731317861:26.361881937550184:6.190486078466918:5.3295368185700385:1.8372696581761079:0.5681334950922023:0.281325452672715:0.19497508074155756,0.0008987588357768821
3,6,5,-1:5:-1,5:1:1,98,9,176814.21869181513:169956.56793746614:24346.588798801622:13105.1030933101:7407.35383284734:962.8773285839969:877.542333934866:152.5460310992462:123.92318401924058:34.21901030316635:8.085960488948851:6.883754558288269:2.076045312441184:0.6673960947465875:0.3319366937913517:0.21638856974696044,0.0008091258744069078
3,6,5,0:5:-1,5:1:0,112,9,201062.78152351693:193376.75111918588:27755.1688091672:14963.549448677963:8471.03889774306:1101.1559158659634:1003.084040632392:167.0211262329814:135.90745489427923:37.57875482646336:8.89859222116067:7.548862964430489:2.169395569436565:0.7069716288975177:0.35217271969404373:0.224402489502031,0.0007793861306908715
3,6,5,1:5:-1,5:1:1,98,9,176814.21869181524:169956.56793746632:24346.588798801626:13105.103093310112:7407.353832847343:962.877328583998:877.5423339348657:152.5460310992459:123.9231840192412:34.21901030316325:8.085960488949178:6.883754558287552:2.0760453124408755:0.667396094746577:0.3319366937932913:0.21638856974991283,0.0008091258744069058
3,6,5,2:5:-1,5:2:1,84,9,123430.20603110541:118462.99528264144:16885.87091421292:9051.457160876633:5095.756656029461:662.3412808958385:604.4197598097066:118.42685179963995:95.75945731317874:26.36188193755018:6.190486078466925:5.329536818569837:1.8372696581761536:0.5681334950922414:0.28132545267043746:0.1949750807427087,0.0008987588357768822
3,6,5,3:5:-1,5:3:1,42,9,72842.36555031508:69772.57695775609:9883.528796606988:5269.029632967876:2951.8957461884274:383.57789880864544:350.6437572026693:81.76725672678603:65.65565495103755:18.027495679740753:4.190166048904516:3.6859478169298097:1.536824612231886:0.44861323252061375:0.22072858534094264:0.16614585687391922,0.0010495389009444432
3,6,5,-3:-5:0,5:3:0,48,9,86262.5894004512:81682.08829432268:11108.442347046192:5757.713059676676:3104.9288859382614:406.1601486532163:375.2659616641963:91.61065242236995:72.2944976973576:18.874041209413875:4.38618312073731:3.8712338787512475:1.600573606609882:0.4703199839878499:0.22401938816354533:0.17576798141175176,0.0009905934380752446
3,6,5,-2:-5:0,5:2:0,96,9,150413.880665976:142440.12089906173:19360.578992543044:10041.26940051219:5407.7668031785315:708.2281400258923:654.2748603931188:135.3388084924386:107.2056656455157:27.818932979516195:6.531811946553593:5.651275252658747:1.9285654369347314:0.600053094034852:0.2877490593741483:0.20649462813506153,0.0008403512591142895
3,6,5,-1:-5:0,5:1:0,112,9,220335.17481151916:208666.21780622363:28352.708386687602:14710.522024080125:7916.192859227198:1037.4903832693035:958.3637564618309:177.04489893687742:140.5445049074318:36.33586747962242:8.585035726286248:7.353090807969242:2.1931173742295607:0.7089800006047472:0.3413843746772672:0.22948140150857832,0.0007510062695979325
3,6,5,0:-5:0,5:0:0,128,9,252718.55084201737:239338.94446685334:32516.8157658509:16873.136856453657:9077.595078903816:1189.9911392061142:1099.1961832654474:195.0019870196285:154.9078908227564:39.99983497150762:9.470532485291486:8.08622505053833:2.297445879624893:0.7526969757820834:0.36293547080273636:0.23811765014222572,0.0007213552732121315
3,6,5,1:-5:0,5:1:0,112,9,220335.17481151927:208666.21780622378:28352.708386687624:14710.522024080123:7916.192859227197:1037.490383269303:958.363756461832:177.0448989368779:140.54450490743193:36.33586747962246:8.585035726285499:7.353090807990623:2.1931173742267487:0.7089800006049347:0.341384374674705:0.22948140150853205,0.0007510062695979356
3,6,5,2:-5:0,5:2:0,96,9,150413.88066597588:142440.12089906164:19360.578992543033:10041.269400512187:5407.7668031785315:708.2281400258912:654.2748603931178:135.33880849243891:107.20566564551542:27.818932979516106:6.531811946553511:5.651275252658689:1.928565436934869:0.6000530940352006:0.2877490593747934:0.20649462813498848,0.0008403512591142905
3,6,5,3:-5:0,5:3:0,48,9,86262.58940045118:81682.0882943227:11108.442347046199:5757.713059676675:3104.9288859382627:406.160148653216:375.26596166419625:91.61065242237005:72.29449769735763:18.874041209414045:4.386183120737137:3.871233878750715:1.6005736066098835:0.47031998398785413:0.22401938816317432:0.1757679814118155,0.0009905934380752452
3,6,5,-3:-4:0,4:3:0,96,9,252718.55084201743:239338.9444668534:32516.815765850886:16873.136856453664:9077.595078903816:1189.9911392061151:1099.1961832654463:195.00198701962904:154.9078908227561:39.99983497150789:9.470532485303846:8.086225050540538:2.2974458796257293:0.7526969757821874:0.36293547080206734:0.23811765014147424,0.0007213552732121337
3,6,5,-2:-4:0,4:2:0,192,9,551449.2664360619:522301.5580747196:70921.49210845132:36824.43646428131:19785.515357614895:2596.8903328958113:2398.2933118247634:338.234970397868:269.59817071338705:69.18158829798823:16.55366628610691:13.93516228980274:3.0054527106162032:1.0572290350058111:0.5133461284822142:0.29112297582772456,0.0005740605676322142
3,6,5,-1:-4:0,4:1:0,224,9,973530.7470448539:922123.286571049:125170.8692965046:65016.40775397262:34905.84820093663:4584.8998730850535:4233.721511782864:505.6477395396487:403.8131890642369:103.22993932489607:24.85957962558996:20.769271322470264:3.6738930694442833:1.3531733198052474:0.6598444517438871:0.33393441534833807,0.0004864366370032696
3,6,5,0:-4:0,4:0:0,256,9,1.2034769939650914e6:1.1399477313858976e6:154721.93748592885:80375.7952662995:43140.865853832496:5667.999866026931:5233.6234908368915:587.5818463607354:469.5388326645442:119.87908930562851:28.931110246149615:24.11287376965242:3.9643262235001404:1.4834906423184726:0.7244248119640527:0.35082994420552555,0.0004573516488229268
3,6,5,1:-4:0,4:1:0,224,9,973530.7470448536:922123.2865710484:125170.8692965046:65016.40775397265:34905.84820093664:4584.899873085054:4233.721511782861:505.64773953964965:403.8131890642365:103.22993932489496:24.85957962558811:20.769271322522997:3.6738930694324528:1.3531733198054505:0.6598444517429692:0.33393441534935203,0.00048643663700327107
3,6,5,2:-4:0,4:2:0,192,9,551449.2664360623:522301.55807472:70921.49210845138:36824.43646428132:19785.5153576149:2596.890332895811:2398.293311824764:338.2349703978675:269.59817071338756:69.18158829798783:16.55366628610785:13.935162289799981:3.005452710616685:1.057229035005731:0.5133461284883235:0.29112297582830743,0.0005740605676322135
3,6,5,3:-4:0,4:3:0,96,9,252718.5508420173:239338.9444668533:32516.81576585088:16873.13685645366:9077.595078903816:1189.9911392061151:1099.196183265447:195.00198701962873:154.90789082275617:39.999834971507894:9.470532485303659:8.086225050527942:2.2974458796255197:0.7526969757822308:0.3629354708010074:0.2381176501419498,0.0007213552732121323
3,6,5,-5:-3:0,5:3:0,48,9,86262.5894004512:81682.08829432269:11108.442347046193:5757.713059676672:3104.928885938261:406.16014865321625:375.26596166419614:91.61065242236998:72.29449769735744:18.874041209414045:4.386183120737185:3.871233878751012:1.600573606610125:0.470319983987849:0.22401938816341824:0.17576798141179772,0.0009905934380752442
3,6,5,-4:-3:0,4:3:0,96,9,252718.55084201734:239338.94446685325:32516.815765850897:16873.136856453664:9077.59507890382:1189.9911392061158:1099.1961832654479:195.0019870196285:154.90789082275614:39.99983497150819:9.470532485303579:8.086225050539255:2.2974458796260375:0.7526969757823193:0.3629354708045402:0.23811765014223774,0.000721355273212133
3,6,5,-3:-3:0,3:3:0,168,9,797132.1408377478:755025.8077592473:102499.90132529347:53234.03638039395:28587.518087403107:3754.0427394975814:3466.6573702427527:438.9287050419521:350.3096228313467:89.66616295918922:21.546952363336906:18.046051680746785:3.4215756281041165:1.240738542462214:0.6041578506874835:0.3184678678747968,0.0005155828471764089
3,6,5,-2:-3:0,3:2:0,240,8,2.488093271676198e6:2.356878628600738e6:319788.25169372506:166186.80957559988:89130.47804478696:11719.18853441012:10819.516452104328:983.3784562035008:787.2531167951774:200.22340783825155:48.63552574899858:40.25693258887002:5.168871742297035:2.0317248041036713:0.9964347197677998:0.41260343394274895,0.00037045999931749736
3,6,5,-1:-3:0,3:1:0,280,8,6.2298742101824805e6:5.901645911886642e6:800492.3946780725:416151.35662017507:223022.50237564207:29346.324569304736:27089.277105964324:1887.1872948636315:1513.4469854326678:383.42298208205614:93.74734229075672:77.093588884218:7.298764392021282:3.0206251080865467:1.4879151499454848:0.49966532794081464,0.00028410504649281236
3,6,5,0:-3:0,3:0:0,320,8,9.00673755472678e6:8.532359117407864e6:1.1571941006805156e6:601663.319513347:322359.5032153546:42428.479366442116:39163.18920288862:2452.597468743066:1967.996291674401:497.9295422360284:122.01175867452567:100.1266715355225:8.406945663262881:3.541379211443774:1.7469930324408658:0.5376162352982321,0.0002554375235620049
3,6,5,1:-3:0,3:1:0,280,8,6.2298742101824805e6:5.901645911886642e6:800492.3946780728:416151.3566201753:223022.50237564207:29346.324569304732:27089.277105964335:1887.187294863628:1513.4469854326685:383.42298208205494:93.7473422907466:77.09358888445249:7.298764392054664:3.020625108094326:1.4879151498158123:0.49966532790096063,0.0002841050464928129
3,6,5,2:-3:0,3:2:0,240,8,2.4880932716761986e6:2.356878628600737e6:319788.25169372506:166186.80957559994:89130.47804478696:11719.188534410101:10819.516452104328:983.378456203498:787.25311679518:200.22340783824743:48.63552574899932:40.256932588668455:5.168871742287447:2.031724804101842:0.996434719769642:0.4126034339550105,0.0003704599993174951
3,6,5,3:-3:0,3:3:0,168,9,797132.1408377478:755025.8077592471:102499.90132529342:53234.036380393954:28587.518087403107:3754.0427394975836:3466.6573702427595:438.9287050419517:350.30962283134573:89.66616295919066:21.54695236333858:18.04605168073318:3.421575628105892:1.2407385424632964:0.6041578506736263:0.3184678678732226,0.0005155828471764078
3,6,5,4:-3:0,4:3:0,96,9,252718.55084201734:239338.94446685325:32516.815765850897:16873.136856453664:9077.59507890382:1189.9911392061158:1099.1961832654479:195.0019870196285:154.90789082275614:39.99983497150819:9.470532485303579:8.086225050539255:2.2974458796260375:0.7526969757823193:0.3629354708045402:0.23811765014223774,0.000721355273212133
3,6,5,5:-3:0,5:3:0,48,9,86262.58940045116:81682.08829432269:11108.442347046195:5757.713059676674:3104.928885938262:406.1601486532162:375.26596166419523:91.61065242236995:72.29449769735744:18.87404120941374:4.386183120737264:3.8712338787508775:1.600573606610073:0.4703199839878004:0.22401938816334627:0.17576798141176395,0.0009905934380752437
3,6,5,-5:-2:0,5:2:0,96,9,150413.88066597594:142440.12089906173:19360.57899254303:10041.269400512188:5407.76680317853:708.2281400258921:654.2748603931183:135.33880849243883:107.20566564551532:27.818932979515726:6.531811946553713:5.651275252661643:1.9285654369342602:0.6000530940353734:0.28774905937329304:0.2064946281345608,0.0008403512591142895
3,6,5,-4:-2:0,4:2:0,192,9,551449.2664360624:522301.5580747197:70921.49210845136:36824.43646428133:19785.51535761489:2596.89033289581:2398.293311824761:338.234970397866:269.5981707133889:69.18158829798698:16.553666286106086:13.935162289838845:3.005452710599919:1.0572290350053344:0.5133461284830633:0.29112297582491425,0.0005740605676322144
3,6,5,-3:-2:0,3:2:0,240,8,2.4880932716762e6:2.3568786286007385e6:319788.25169372506:166186.80957559997:89130.47804478696:11719.188534410114:10819.516452104339:983.3784562034982:787.2531167951785:200.22340783824941:48.63552574900028:40.25693258866874:5.16887174230648:2.031724804103445:0.9964347197764344:0.41260343394989324,0.0003704599993174948
3,6,5,-2:-2:0,2:2:0,288,7,1.3599983310219962e7:1.288391136982804e7:1.747180953214031e6:908528.1006011814:486648.120070402:64068.46812273207:59134.55946188527:3287.9704069707336:2639.7828021948126:667.0254364336312:163.8068250345754:134.14751911465387:9.862928924750943:4.230004071961034:2.0897745084523134:0.5821837734572874,0.0002268280987533345
3,6,5,2:-2:0,2:2:0,288,7,1.3599983310219962e7:1.2883911369828042e7:1.7471809532140312e6:908528.1006011816:486648.120070402:64068.46812273208:59134.55946188525:3287.970406970733:2639.78280219481:667.0254364336196:163.80682503456418:134.14751911419373:9.86292892480059:4.230004071904932:2.0897745084354233:0.5821837735852697,0.00022682809875333354
3,6,5,3:-2:0,3:2:0,240,8,2.4880932716761995e6:2.356878628600736e6:319788.251693725:166186.80957559994:89130.47804478696:11719.188534410116:10819.51645210435:983.3784562034982:787.2531167951784:200.22340783824993:48.63552574899547:40.25693258870562:5.16887174226434:2.031724804104331:0.996434719762351:0.41260343394528404,0.00037045999931749525
3,6,5,4:-2:0,4:2:0,192,9,551449.2664360618:522301.5580747197:70921.4921084513:36824.4364642813:19785.51535761489:2596.89033289581:2398.293311824761:338.2349703978668:269.59817071338716:69.18158829798821:16.553666286106477:13.93516228985639:3.0054527106018374:1.0572290350041575:0.5133461284886185:0.2911229758250151,0.0005740605676322151
3,6,5,5:-2:0,5:2:0,96,9,150413.8806659759:142440.12089906167:19360.578992543036:10041.269400512192:5407.766803178529:708.2281400258917:654.2748603931175:135.3388084924392:107.20566564551523:27.818932979515402:6.531811946553745:5.651275252658872:1.928565436934597:0.6000530940353451:0.2877490593734044:0.20649462813492375,0.0008403512591142903
3,6,5,-5:-1:0,5:1:0,112,9,220335.17481151927:208666.21780622378:28352.70838668761:14710.522024080128:7916.192859227196:1037.4903832693035:958.363756461832:177.04489893687816:140.54450490743176:36.33586747962282:8.585035726285213:7.353090807972572:2.1931173742298617:0.7089800006046251:0.3413843746768291:0.22948140150913585,0.0007510062695979343
3,6,5,-4:-1:0,4:1:0,224,9,973530.7470448537:922123.2865710491:125170.86929650455:65016.40775397261:34905.84820093665:4584.899873085048:4233.721511782857:505.64773953964834:403.81318906423706:103.2299393248968:24.859579625590133:20.769271322431926:3.6738930694525154:1.3531733198086786:0.6598444517422996:0.33393441534508234,0.00048643663700326863
3,6,5,-3:-1:0,3:1:0,280,8,6.229874210182478e6:5.901645911886642e6:800492.3946780725:416151.35662017524:223022.50237564213:29346.32456930473:27089.277105964284:1887.1872948636303:1513.4469854326705:383.42298208205324:93.74734229076039:77.0935888840914:7.298764392040783:3.020625108075615:1.4879151498449215:0.4996653279489098,0.00028410504649281203
3,6,5,3:-1:0,3:1:0,280,8,6.2298742101824805e6:5.901645911886642e6:800492.3946780724:416151.3566201751:223022.50237564213:29346.32456930472:27089.277105964324:1887.18729486363:1513.446985432669:383.4229820820536:93.747342290759:77.09358888386568:7.298764392046366:3.0206251080756554:1.4879151497924308:0.4996653279420163,0.000284105046492811
3,6,5,4:-1:0,4:1:0,224,9,973530.7470448536:922123.2865710488:125170.86929650456:65016.40775397265:34905.84820093664:4584.899873085054:4233.7215117828655:505.64773953964817:403.81318906423667:103.22993932489224:24.859579625590026:20.769271322525494:3.673893069443603:1.3531733198073341:0.6598444517187592:0.3339344153476661,0.0004864366370032701
3,6,5,5:-1:0,5:1:0,112,9,220335.17481151913:208666.2178062237:28352.708386687616:14710.522024080125:7916.192859227193:1037.4903832693035:958.3637564618336:177.04489893687807:140.5445049074316:36.33586747962251:8.585035726285179:7.353090807993294:2.193117374223907:0.708980000604625:0.3413843746718769:0.22948140150771348,0.000751006269597936
3,6,5,-5:0:0,5:0:0,128,9,252718.55084201734:239338.94446685337:32516.815765850897:16873.136856453668:9077.595078903816:1189.9911392061144:1099.196183265447:195.0019870196289:154.90789082275597:39.99983497150794:9.470532485303638:8.08622505053828:2.297445879625:0.7526969757820564:0.3629354708029529:0.23811765014216477,0.0007213552732121332
3,6,5,-4:0:0,4:0:0,256,9,1.2034769939650912e6:1.1399477313858974e6:154721.93748592882:80375.7952662995:43140.865853832496:5667.999866026926:5233.623490836899:587.581846360737:469.5388326645427:119.87908930563127:28.931110246151032:24.112873769652637:3.9643262235003247:1.4834906423183438:0.7244248119651991:0.3508299442054984,0.00045735164882292723
3,6,5,-3:0:0,3:0:0,320,8,9.006737554726778e6:8.532359117407868e6:1.1571941006805154e6:601663.3195133472:322359.5032153547:42428.4793664421:39163.18920288868:2452.5974687430635:1967.9962916744144:497.9295422360278:122.0117586745252:100.12667153552293:8.406945663256323:3.5413792114458835:1.746993032451963:0.5376162352998197,0.00025543752356200534
3,6,5,3:0:0,3:0:0,320,8,9.006737554726778e6:8.532359117407868e6:1.1571941006805156e6:601663.3195133472:322359.5032153546:42428.47936644213:39163.18920288861:2452.597468743064:1967.9962916744073:497.9295422360397:122.01175867452139:100.12667153552285:8.4069456632564:3.5413792114445015:1.7469930324526954:0.537616235299823,0.0002554375235620052
3,6,5,4:0:0,4:0:0,256,9,1.203476993965091e6:1.1399477313858971e6:154721.93748592885:80375.79526629948:43140.8658538325:5667.999866026935:5233.623490836885:587.5818463607371:469.5388326645459:119.87908930563054:28.93111024615118:24.11287376965262:3.9643262235003176:1.4834906423184937:0.724424811965181:0.3508299442054953,0.0004573516488229286
3,6,5,5:0:0,5:0:0,128,9,252718.5508420174:239338.94446685337:32516.815765850875:16873.136856453668:9077.595078903818:1189.9911392061153:1099.1961832654474:195.0019870196289:154.9078908227559:39.999834971508236:9.470532485301971:8.086225050538284:2.2974458796249975:0.7526969757820394:0.36293547080296656:0.23811765014216782,0.0007213552732121328
3,6,5,-5:1:0,5:1:0,112,9,220335.17481151927:208666.21780622378:28352.70838668761:14710.522024080128:7916.192859227196:1037.4903832693035:958.363756461832:177.04489893687816:140.54450490743176:36.33586747962282:8.585035726285213:7.353090807972572:2.1931173742298617:0.7089800006046251:0.3413843746768291:0.22948140150913585,0.0007510062695979343
3,6,5,-4:1:0,4:1:0,224,9,973530.7470448537:922123.2865710491:125170.86929650455:65016.40775397261:34905.84820093665:4584.899873085048:4233.721511782857:505.64773953964834:403.81318906423706:103.2299393248968:24.859579625590133:20.769271322431926:3.6738930694525154:1.3531733198086786:0.6598444517422996:0.33393441534508234,0.00048643663700326863
3,6,5,-3:1:0,3:1:0,280,8,6.229874210182478e6:5.901645911886642e6:800492.3946780725:416151.35662017524:223022.50237564213:29346.32456930473:27089.277105964284:1887.1872948636303:1513.4469854326705:383.42298208205324:93.74734229076039:77.0935888840914:7.298764392040783:3.020625108075615:1.4879151498449215:0.4996653279489098,0.00028410504649281203
3,6,5,3:1:0,3:1:0,280,8,6.2298742101824805e6:5.901645911886642e6:800492.3946780724:416151.3566201751:223022.50237564213:29346.32456930472:27089.277105964324:1887.18729486363:1513.446985432669:383.4229820820536:93.747342290759:77.09358888386568:7.298764392046366:3.0206251080756554:1.4879151497924308:0.4996653279420163,0.000284105046492811
3,6,5,4:1:0,4:1:0,224,9,973530.7470448536:922123.2865710488:125170.86929650456:65016.40775397265:34905.84820093664:4584.899873085054:4233.7215117828655:505.64773953964817:403.81318906423667:103.22993932489224:24.859579625590026:20.769271322525494:3.673893069443603:1.3531733198073341:0.6598444517187592:0.3339344153476661,0.0004864366370032701
3,6,5,5:1:0,5:1:0,112,9,220335.17481151913:208666.2178062237:28352.708386687616:14710.522024080125:7916.192859227193:1037.4903832693035:958.3637564618336:177.04489893687807:140.5445049074316:36.33586747962251:8.585035726285179:7.353090807993294:2.193117374223907:0.708980000604625:0.3413843746718769:0.22948140150771348,0.000751006269597936
3,6,5,-5:2:0,5:2:0,96,9,150413.88066597594:142440.12089906173:19360.57899254303:10041.269400512188:5407.76680317853:708.2281400258921:654.2748603931183:135.33880849243883:107.20566564551532:27.818932979515726:6.531811946553713:5.651275252661643:1.9285654369342602:0.6000530940353734:0.28774905937329304:0.2064946281345608,0.0008403512591142895
3,6,5,-4:2:0,4:2:0,192,9,551449.2664360624:522301.5580747197:70921.49210845136:36824.43646428133:19785.51535761489:2596.89033289581:2398.293311824761:338.234970397866:269.5981707133889:69.18158829798698:16.553666286106086:13.935162289838845:3.005452710599919:1.0572290350053344:0.5133461284830633:0.29112297582491425,0.0005740605676322144
3,6,5,-3:2:0,3:2:0,240,8,2.4880932716762e6:2.3568786286007385e6:319788.25169372506:166186.80957559997:89130.47804478696:11719.188534410114:10819.516452104339:983.3784562034982:787.2531167951785:200.22340783824941:48.63552574900028:40.25693258866874:5.16887174230648:2.031724804103445:0.9964347197764344:0.41260343394989324,0.0003704599993174948
3,6,5,-2:2:0,2:2:0,288,7,1.3599983310219962e7:1.288391136982804e7:1.747180953214031e6:908528.1006011814:486648.120070402:64068.46812273207:59134.55946188527:3287.9704069707336:2639.7828021948126:667.0254364336312:163.8068250345754:134.14751911465387:9.862928924750943:4.230004071961034:2.0897745084523134:0.5821837734572874,0.0002268280987533345
3,6,5,2:2:0,2:2:0,288,7,1.3599983310219962e7:1.2883911369828042e7:1.7471809532140312e6:908528.1006011816:486648.120070402:64068.46812273208:59134.55946188525:3287.970406970733:2639.78280219481:667.0254364336196:163.80682503456418:134.14751911419373:9.86292892480059:4.230004071904932:2.0897745084354233:0.5821837735852697,0.00022682809875333354
3,6,5,3:2:0,3:2:0,240,8,2.4880932716761995e6:2.356878628600736e6:319788.251693725:166186.80957559994:89130.47804478696:11719.188534410116:10819.51645210435:983.3784562034982:787.2531167951784:200.22340783824993:48.63552574899547:40.25693258870562:5.16887174226434:2.031724804104331:0.996434719762351:0.41260343394528404,0.00037045999931749525
3,6,5,4:2:0,4:2:0,192,9,551449.2664360618:522301.5580747197:70921.4921084513:36824.4364642813:19785.51535761489:2596.89033289581:2398.293311824761:338.2349703978668:269.59817071338716:69.18158829798821:16.553666286106477:13.93516228985639:3.0054527106018374:1.0572290350041575:0.5133461284886185:0.2911229758250151,0.0005740605676322151
3,6,5,5:2:0,5:2:0,96,9,150413.8806659759:142440.12089906167:19360.578992543036:10041.269400512192:5407.766803178529:708.2281400258917:654.2748603931175:135.3388084924392:107.20566564551523:27.818932979515402:6.531811946553745:5.651275252658872:1.928565436934597:0.6000530940353451:0.2877490593734044:0.20649462813492375,0.0008403512591142903
3,6,5,-5:3:0,5:3:0,48,9,86262.5894004512:81682.08829432269:11108.442347046193:5757.713059676672:3104.928885938261:406.16014865321625:375.26596166419614:91.61065242236998:72.29449769735744:18.874041209414045:4.386183120737185:3.871233878751012:1.600573606610125:0.470319983987849:0.22401938816341824:0.17576798141179772,0.0009905934380752442
3,6,5,-4:3:0,4:3:0,96,9,252718.55084201734:239338.94446685325:32516.815765850897:16873.136856453664:9077.59507890382:1189.9911392061158:1099.1961832654479:195.0019870196285:154.90789082275614:39.99983497150819:9.470532485303579:8.086225050539255:2.2974458796260375:0.7526969757823193:0.3629354708045402:0.23811765014223774,0.000721355273212133
3,6,5,-3:3:0,3:3:0,168,9,797132.1408377478:755025.8077592473:102499.90132529347:53234.03638039395:28587.518087403107:3754.0427394975814:3466.6573702427527:438.9287050419521:350.3096228313467:89.66616295918922:21.546952363336906:18.046051680746785:3.4215756281041165:1.240738542462214:0.6041578506874835:0.3184678678747968,0.0005155828471764089
3,6,5,-2:3:0,3:2:0,240,8,2.488093271676198e6:2.356878628600738e6:319788.25169372506:166186.80957559988:89130.47804478696:11719.18853441012:10819.516452104328:983.3784562035008:787.2531167951774:200.22340783825155:48.63552574899858:40.25693258887002:5.168871742297035:2.0317248041036713:0.9964347197677998:0.41260343394274895,0.00037045999931749736
3,6,5,-1:3:0,3:1:0,280,8,6.2298742101824805e6:5.901645911886642e6:800492.3946780725:416151.35662017507:223022.50237564207:29346.324569304736:27089.277105964324:1887.1872948636315:1513.4469854326678:383.42298208205614:93.74734229075672:77.093588884218:7.298764392021282:3.0206251080865467:1.4879151499454848:0.49966532794081464,0.00028410504649281236
3,6,5,0:3:0,3:0:0,320,8,9.00673755472678e6:8.532359117407864e6:1.1571941006805156e6:601663.319513347:322359.5032153546:42428.479366442116:39163.18920288862:2452.597468743066:1967.996291674401:497.9295422360284:122.01175867452567:100.1266715355225:8.406945663262881:3.541379211443774:1.7469930324408658:0.5376162352982321,0.0002554375235620049
3,6,5,1:3:0,3:1:0,280,8,6.2298742101824805e6:5.901645911886642e6:800492.3946780728:416151.3566201753:223022.50237564207:29346.324569304732:27089.277105964335:1887.187294863628:1513.4469854326685:383.42298208205494:93.7473422907466:77.09358888445249:7.298764392054664:3.020625108094326:1.4879151498158123:0.49966532790096063,0.0002841050464928129
3,6,5,2:3:0,3:2:0,240,8,2.4880932716761986e6:2.356878628600737e6:319788.25169372506:166186.80957559994:89130.47804478696:11719.188534410101:10819.516452104328:983.378456203498:787.25311679518:200.22340783824743:48.63552574899932:40.256932588668455:5.168871742287447:2.031724804101842:0.996434719769642:0.4126034339550105,0.0003704599993174951
3,6,5,3:3:0,3:3:0,168,9,797132.1408377478:755025.8077592471:102499.90132529342:53234.036380393954:28587.518087403107:3754.0427394975836:3466.6573702427595:438.9287050419517:350.30962283134573:89.66616295919066:21.54695236333858:18.04605168073318:3.421575628105892:1.2407385424632964:0.6041578506736263:0.3184678678732226,0.0005155828471764078
3,6,5,4:3:0,4:3:0,96,9,252718.55084201734:239338.94446685325:32516.815765850897:16873.136856453664:9077.59507890382:1189.9911392061158:1099.1961832654479:195.0019870196285:154.90789082275614:39.99983497150819:9.470532485303579:8.086225050539255:2.2974458796260375:0.7526969757823193:0.3629354708045402:0.23811765014223774,0.000721355273212133
3,6,5,5:3:0,5:3:0,48,9,86262.58940045116:81682.08829432269:11108.442347046195:5757.713059676674:3104.928885938262:406.1601486532162:375.26596166419523:91.61065242236995:72.29449769735744:18.87404120941374:4.386183120737264:3.8712338787508775:1.600573606610073:0.4703199839878004:0.22401938816334627:0.17576798141176395,0.0009905934380752437
3,6,5,-3:4:0,4:3:0,96,9,252718.55084201743:239338.9444668534:32516.815765850886:16873.136856453664:9077.595078903816:1189.9911392061151:1099.1961832654463:195.00198701962904:154.9078908227561:39.99983497150789:9.470532485303846:8.086225050540538:2.2974458796257293:0.7526969757821874:0.36293547080206734:0.23811765014147424,0.0007213552732121337
3,6,5,-2:4:0,4:2:0,192,9,551449.2664360619:522301.5580747196:70921.49210845132:36824.43646428131:19785.515357614895:2596.8903328958113:2398.2933118247634:338.234970397868:269.59817071338705:69.18158829798823:16.55366628610691:13.93516228980274:3.0054527106162032:1.0572290350058111:0.5133461284822142:0.29112297582772456,0.0005740605676322142
3,6,5,-1:4:0,4:1:0,224,9,973530.7470448539:922123.286571049:125170.8692965046:65016.40775397262:34905.84820093663:4584.8998730850535:4233.721511782864:505.6477395396487:403.8131890642369:103.22993932489607:24.85957962558996:20.769271322470264:3.6738930694442833:1.3531733198052474:0.6598444517438871:0.33393441534833807,0.0004864366370032696
3,6,5,0:4:0,4:0:0,256,9,1.2034769939650914e6:1.1399477313858976e6:154721.93748592885:80375.7952662995:43140.865853832496:5667.999866026931:5233.6234908368915:587.5818463607354:469.5388326645442:119.87908930562851:28.931110246149615:24.11287376965242:3.9643262235001404:1.4834906423184726:0.7244248119640527:0.35082994420552555,0.0004573516488229268
3,6,5,1:4:0,4:1:0,224,9,973530.7470448536:922123.2865710484:125170.8692965046:65016.40775397265:34905.84820093664:4584.899873085054:4233.721511782861:505.64773953964965:403.8131890642365:103.22993932489496:24.85957962558811:20.769271322522997:3.6738930694324528:1.3531733198054505:0.6598444517429692:0.33393441534935203,0.00048643663700327107
3,6,5,2:4:0,4:2:0,192,9,551449.2664360623:522301.55807472:70921.49210845138:36824.43646428132:19785.5153576149:2596.890332895811:2398.293311824764:338.2349703978675:269.59817071338756:69.18158829798783:16.55366628610785:13.935162289799981:3.005452710616685:1.057229035005731:0.5133461284883235:0.29112297582830743,0.0005740605676322135
3,6,5,3:4:0,4:3:0,96,9,252718.5508420173:239338.9444668533:32516.81576585088:16873.13685645366:9077.595078903816:1189.9911392061151:1099.196183265447:195.00198701962873:154.90789082275617:39.999834971507894:9.470532485303659:8.086225050527942:2.2974458796255197:0.7526969757822308:0.3629354708010074:0.2381176501419498,0.0007213552732121323
3,6,5,-3:5:0,5:3:0,48,9,86262.5894004512:81682.08829432268:11108.442347046192:5757.713059676676:3104.9288859382614:406.1601486532163:375.2659616641963:91.61065242236995:72.2944976973576:18.874041209413875:4.38618312073731:3.8712338787512475:1.600573606609882:0.4703199839878499:0.22401938816354533:0.17576798141175176,0.0009905934380752446
3,6,5,-2:5:0,5:2:0,96,9,150413.880665976:142440.12089906173:19360.578992543044:10041.26940051219:5407.7668031785315:708.2281400258923:654.2748603931188:135.3388084924386:107.2056656455157:27.818932979516195:6.531811946553593:5.651275252658747:1.9285654369347314:0.600053094034852:0.2877490593741483:0.20649462813506153,0.0008403512591142895
3,6,5,-1:5:0,5:1:0,112,9,220335.17481151916:208666.21780622363:28352.708386687602:14710.522024080125:7916.192859227198:1037.4903832693035:958.3637564618309:177.04489893687742:140.5445049074318:36.33586747962242:8.585035726286248:7.353090807969242:2.1931173742295607:0.7089800006047472:0.3413843746772672:0.22948140150857832,0.0007510062695979325
3,6,5,0:5:0,5:0:0,128,9,252718.55084201737:239338.94446685334:32516.8157658509:16873.136856453657:9077.595078903816:1189.9911392061142:1099.1961832654474:195.0019870196285:154.9078908227564:39.99983497150762:9.470532485291486:8.08622505053833:2.297445879624893:0.7526969757820834:0.36293547080273636:0.23811765014222572,0.0007213552732121315
3,6,5,1:5:0,5:1:0,112,9,220335.17481151927:208666.21780622378:28352.708386687624:14710.522024080123:7916.192859227197:1037.490383269303:958.363756461832:177.0448989368779:140.54450490743193:36.33586747962246:8.585035726285499:7.353090807990623:2.1931173742267487:0.7089800006049347:0.341384374674705:0.22948140150853205,0.0007510062695979356
3,6,5,2:5:0,5:2:0,96,9,150413.88066597588:142440.12089906164:19360.578992543033:10041.269400512187:5407.7668031785315:708.2281400258912:654.2748603931178:135.33880849243891:107.20566564551542:27.818932979516106:6.531811946553511:5.651275252658689:1.928565436934869:0.6000530940352006:0.2877490593747934:0.20649462813498848,0.0008403512591142905
3,6,5,3:5:0,5:3:0,48,9,86262.58940045118:81682.0882943227:11108.442347046199:5757.713059676675:3104.9288859382627:406.160148653216:375.26596166419625:91.61065242237005:72.29449769735763:18.874041209414045:4.386183120737137:3.871233878750715:1.6005736066098835:0.47031998398785413:0.22401938816317432:0.1757679814118155,0.0009905934380752452
3,6,5,-3:-5:1,5:3:1,42,9,72842.36555031507:69772.57695775603:9883.528796606988:5269.029632967875:2951.895746188428:383.5778988086452:350.64375720266963:81.76725672678616:65.65565495103701:18.02749567974109:4.190166048904982:3.685947816930014:1.5368246122319993:0.44861323252097185:0.2207285853409081:0.16614585687368102,0.0010495389009444423
3,6,5,-2:-5:1,5:2:1,84,9,123430.20603110547:118462.99528264147:16885.870914212916:9051.457160876638:5095.756656029462:662.3412808958379:604.4197598097066:118.42685179963979:95.75945731317898:26.36188193754786:6.190486078466787:5.329536818570095:1.8372696581775179:0.5681334950921267:0.2813254526693798:0.19497508074350473,0.0008987588357768799
3,6,5,-1:-5:1,5:1:1,98,9,176814.21869181513:169956.56793746608:24346.58879880161:13105.103093310105:7407.353832847343:962.8773285839974:877.5423339348647:152.54603109924628:123.923184019241:34.21901030316444:8.085960488949311:6.88375455828832:2.076045312440925:0.6673960947464583:0.3319366937904371:0.21638856974944476,0.0008091258744069082
3,6,5,0:-5:1,5:1:0,112,9,201062.78152351707:193376.7511191859:27755.16880916724:14963.549448677973:8471.038897743065:1101.1559158659643:1003.0840406323946:167.02112623298163:135.90745489427968:37.5787548264635:8.898592221160289:7.548862964430385:2.169395569436142:0.7069716288975096:0.3521727196937559:0.2244024895019305,0.0007793861306908729
3,6,5,1:-5:1,5:1:1,98,9,176814.2186918153:169956.56793746617:24346.588798801615:13105.103093310114:7407.353832847346:962.877328583998:877.5423339348656:152.54603109924582:123.92318401924096:34.21901030316726:8.085960488949597:6.883754558288393:2.0760453124395384:0.6673960947463786:0.3319366937910308:0.21638856974935333,0.0008091258744069082
3,6,5,2:-5:1,5:2:1,84,9,123430.20603110541:118462.99528264144:16885.870914212897:9051.457160876635:5095.756656029462:662.3412808958383:604.4197598097064:118.42685179964002:95.7594573131784:26.361881937548524:6.190486078465623:5.329536818569876:1.837269658176054:0.5681334950922169:0.28132545267182957:0.19497508074247336,0.0008987588357768794
3,6,5,3:-5:1,5:3:1,42,9,72842.3655503151:69772.57695775601:9883.528796606994:5269.029632967878:2951.8957461884274:383.5778988086451:350.64375720266946:81.76725672678586:65.65565495103722:18.027495679741374:4.190166048905321:3.6859478169299345:1.536824612231674:0.4486132325207314:0.22072858534079481:0.1661458568733978,0.0010495389009444417
3,6,5,-3:-4:1,4:3:1,84,9,201062.78152351722:193376.751119186:27755.168809167237:14963.549448677973:8471.038897743065:1101.1559158659643:1003.0840406323933:167.02112623298078:135.90745489427894:37.57875482646302:8.89859222116249:7.548862964430442:2.169395569435953:0.7069716288978425:0.352172719692152:0.2244024895014083,0.0007793861306908685
3,6,5,-2:-4:1,4:2:1,168,9,415010.3765174223:400618.0358787273:58231.40324438325:31711.501061392948:18137.862680913604:2357.56060923357:2141.391835079064:278.7873917435954:229.0187212964236:63.978729934340286:15.31414652694568:12.777729741843025:2.7917549623072095:0.9788118703270462:0.4918804708484474:0.2732250859358195,0.0006317205463462201
3,6,5,-1:-4:1,4:1:1,196,9,697960.6570936204:675873.543681797:99345.26564958191:54568.98330448999:31495.294253456083:4093.2727566484427:3709.6217530901345:403.05302050020805:333.4916163136837:94.14045474168152:22.6871770250631:18.75182514600625:3.3631558899407525:1.237146765855938:0.6255773622036447:0.3121940603276891,0.0005439576292846024
3,6,5,0:-4:1,4:1:0,224,9,845671.1604135555:819958.604016037:121086.31447527831:66746.13700751973:38667.400763251244:5025.233790025766:4550.328471002302:461.9246040011011:383.26916770385617:108.68573562466017:26.25429838387473:21.632624767452402:3.6069723257973125:1.349245217477896:0.6838292862109071:0.3274537815608488,0.0005148470491095784
3,6,5,1:-4:1,4:1:1,196,9,697960.6570936203:675873.5436817966:99345.26564958191:54568.98330448994:31495.294253456097:4093.272756648443:3709.621753090133:403.0530205002079:333.4916163136844:94.14045474168228:22.687177025063562:18.751825146007146:3.363155889941913:1.237146765857743:0.625577362193602:0.31219406031681624,0.0005439576292846032
3,6,5,2:-4:1,4:2:1,168,9,415010.3765174225:400618.0358787274:58231.40324438328:31711.501061392937:18137.862680913597:2357.5606092335697:2141.391835079064:278.7873917435948:229.01872129642362:63.9787299343408:15.31414652694964:12.777729741843403:2.7917549623086297:0.9788118703273053:0.4918804708480986:0.27322508593503936,0.0006317205463462197
3,6,5,3:-4:1,4:3:1,84,9,201062.7815235171:193376.75111918594:27755.168809167233:14963.549448677975:8471.038897743067:1101.1559158659634:1003.084040632393:167.02112623298194:135.90745489427903:37.57875482646313:8.898592221160744:7.548862964430245:2.1693955694374543:0.7069716288970658:0.3521727196951017:0.22440248950244812,0.0007793861306908719
3,6,5,-5:-3:1,5:3:1,42,9,72842.3655503151:69772.57695775604:9883.528796606992:5269.02963296788:2951.8957461884283:383.57789880864556:350.64375720266924:81.76725672678656:65.65565495103775:18.02749567974036:4.190166048904377:3.6859478169302995:1.5368246122319535:0.4486132325210968:0.22072858534095285:0.16614585687380928,0.001049538900944448
3,6,5,-4:-3:1,4:3:1,84,9,201062.78152351707:193376.75111918594:27755.16880916723:14963.549448677975:8471.038897743068:1101.155915865964:1003.0840406323936:167.02112623298117:135.90745489427968:37.578754826462934:8.898592221160516:7.548862964430075:2.1693955694369906:0.7069716288976564:0.35217271969078945:0.22440248950224406,0.0007793861306908712
3,6,5,-3:-3:1,3:3:1,147,9,581823.5365857665:562763.3966355401:82377.69223358328:45105.97442812489:25946.822185509456:3372.3019747333274:3058.670183145194:354.22132284680737:292.33492703545755:82.19648050885976:19.76320734019545:16.38618097747886:3.149194494435349:1.139634183795471:0.5750177111449479:0.29816495019216155,0.0005731408479854552
3,6,5,-2:-3:1,3:2:1,210,9,1.6172619261500605e6:1.5757533156018287e6:236973.21537387732:132408.3760535445:77808.54430829891:10112.942209611389:9130.071449335124:732.6584940264202:614.0832050723919:177.3855412529483:43.17576299449976:35.24184184766404:4.592132285211735:1.8108235080497364:0.9250012961193071:0.3826340398884431,0.0004279711443078953
3,6,5,-1:-3:1,3:1:1,245,8,3.583972402548157e6:3.5177444883215646e6:544553.7325941123:310659.1929046389:186490.29385739556:24265.901837507055:21828.408382346883:1292.7675913660516:1099.2738236838395:327.24937777823027:80.38779148601469:64.98091610447801:6.2444814873683:2.607862062820085:1.3457421275603876:0.4586237561547855,0.0003418603368817986
3,6,5,0:-3:1,3:1:0,280,8,4.891069700399248e6:4.816803701066051e6:756053.0859728467:435484.80847512494:263930.64176127745:34378.32768872838:30884.362621332697:1614.8269252833857:1381.9598840157284:417.3562815667037:102.91528953463184:82.91375300602165:7.064972745511973:3.0116822160997883:1.5607460618749636:0.49103661095378437,0.000313361935726808
3,6,5,1:-3:1,3:1:1,245,8,3.583972402548156e6:3.517744488321565e6:544553.732594112:310659.192904639:186490.29385739553:24265.90183750707:21828.408382346912:1292.7675913660578:1099.2738236838418:327.249377778234:80.38779148601128:64.98091610447595:6.2444814874565555:2.6078620628309683:1.3457421274883066:0.4586237561493583,0.0003418603368818
3,6,5,2:-3:1,3:2:1,210,9,1.6172619261500607e6:1.5757533156018292e6:236973.2153738773:132408.37605354452:77808.5443082989:10112.942209611387:9130.07144933512:732.6584940264198:614.0832050723931:177.38554125295082:43.17576299449618:35.241841847665434:4.592132285216305:1.8108235080477961:0.925001296110554:0.3826340398885485,0.0004279711443078956
3,6,5,3:-3:1,3:3:1,147,9,581823.5365857666:562763.3966355403:82377.6922335833:45105.97442812488:25946.822185509434:3372.3019747333233:3058.6701831451933:354.2213228468088:292.33492703545807:82.19648050886872:19.763207340197553:16.386180977478638:3.1491944944352213:1.1396341837941255:0.5750177111510771:0.2981649501841764,0.0005731408479854587
3,6,5,4:-3:1,4:3:1,84,9,201062.78152351707:193376.75111918594:27755.16880916723:14963.549448677975:8471.038897743068:1101.155915865964:1003.0840406323936:167.02112623298117:135.90745489427968:37.578754826462934:8.898592221160516:7.548862964430075:2.1693955694369906:0.7069716288976564:0.35217271969078945:0.22440248950224406,0.0007793861306908712
3,6,5,5:-3:1,5:3:1,42,9,72842.36555031508:69772.57695775601:9883.528796606988:5269.029632967879:2951.895746188429:383.5778988086453:350.6437572026697:81.76725672678629:65.65565495103746:18.027495679740863:4.1901660489048975:3.6859478169300983:1.5368246122319558:0.4486132325207244:0.22072858534061077:0.16614585687387154,0.0010495389009444456
3,6,5,-5:-2:1,5:2:1,84,9,123430.2060311055:118462.99528264145:16885.870914212916:9051.457160876635:5095.756656029461:662.3412808958382:604.4197598097066:118.42685179964013:95.7594573131788:26.36188193754989:6.190486078464756:5.329536818570404:1.8372696581766368:0.568133495092572:0.28132545267035447:0.19497508074191724,0.000898758835776882
3,6,5,-4:-2:1,4:2:1,168,9,415010.37651742273:400618.0358787273:58231.40324438326:31711.501061392955:18137.86268091361:2357.560609233571:2141.3918350790645:278.78739174359634:229.01872129642297:63.97872993434378:15.314146526949838:12.777729741843213:2.791754962309677:0.978811870327013:0.49188047084503744:0.27322508593682193,0.000631720546346222
3,6,5,-3:-2:1,3:2:1,210,9,1.6172619261500614e6:1.5757533156018306e6:236973.21537387744:132408.37605354455:77808.5443082989:10112.942209611396:9130.071449335113:732.6584940264204:614.0832050723922:177.3855412529492:43.17576299449931:35.24184184766627:4.592132285211156:1.8108235080516284:0.9250012961154582:0.38263403988560984,0.00042797114430789525
3,6,5,-2:-2:1,2:2:1,252,8,6.878489725774785e6:6.801368412545736e6:1.086150373234069e6:632955.1919187885:387949.2364154881:50623.26778450012:45418.752193551554:2061.7528136242718:1777.9658433257614:546.5223508836951:135.38003344081534:108.7024949848754:8.107083933753973:3.5308645037889046:1.838837505872722:0.5285094753918138,0.00028499134233915313
3,6,5,-1:-2:1,2:1:1,294,7,2.489064714076126e7:2.4703896386077486e7:4.363161111858063e6:2.687534887066202e6:1.727965011543916e6:229846.35704535386:205770.21144176152:5177.387347289107:4627.425659381613:1553.246120277008:394.21811335774476:313.6334214745253:13.879231129922237:6.5061785845477615:3.4650000618038113:0.6900703699090841,0.00020102639143608256
3,6,5,1:-2:1,2:1:1,294,7,2.4890647140761267e7:2.4703896386077505e7:4.363161111858064e6:2.6875348870662e6:1.727965011543917e6:229846.35704535418:205770.21144176167:5177.387347289097:4627.4256593816535:1553.2461202776299:394.2181133579253:313.63342147463334:13.87923112977589:6.506178584609876:3.465000061765075:0.6900703698571952,0.00020102639143608722
3,6,5,2:-2:1,2:2:1,252,8,6.878489725774784e6:6.80136841254574e6:1.086150373234069e6:632955.1919187886:387949.2364154881:50623.2677845001:45418.75219355155:2061.7528136242663:1777.965843325759:546.5223508836923:135.3800334408405:108.70249498487549:8.107083933746173:3.5308645037877833:1.8388375057483015:0.528509475500796,0.0002849913423391525
3,6,5,3:-2:1,3:2:1,210,9,1.617261926150061e6:1.5757533156018297e6:236973.21537387735:132408.3760535446:77808.5443082989:10112.942209611392:9130.071449335112:732.658494026419:614.0832050723927:177.38554125295542:43.17576299450028:35.24184184766693:4.5921322852114415:1.8108235080494652:0.9250012960948417:0.3826340398872418,0.00042797114430789563
3,6,5,4:-2:1,4:2:1,168,9,415010.3765174223:400618.0358787273:58231.40324438325:31711.501061392937:18137.862680913593:2357.5606092335706:2141.391835079065:278.78739174359725:229.0187212964232:63.978729934340535:15.314146526950344:12.777729741842602:2.791754962309751:0.9788118703283262:0.49188047084776804:0.27322508593615324,0.0006317205463462226
3,6,5,5:-2:1,5:2:1,84,9,123430.20603110538:118462.99528264144:16885.870914212912:9051.457160876633:5095.756656029458:662.3412808958379:604.4197598097065:118.42685179964023:95.75945731317815:26.361881937549583:6.190486078465772:5.329536818570208:1.8372696581765164:0.5681334950924304:0.28132545266888637:0.19497508074289657,0.0008987588357768805
3,6,5,-5:-1:1,5:1:1,98,9,176814.21869181524:169956.5679374662:24346.58879880162:13105.103093310108:7407.353832847344:962.8773285839976:877.542333934866:152.54603109924642:123.9231840192416:34.219010303166165:8.085960488950311:6.883754558288372:2.0760453124414258:0.6673960947471044:0.3319366937956113:0.2163885697472973,0.0008091258744069109
3,6,5,-4:-1:1,4:1:1,196,9,697960.6570936205:675873.5436817975:99345.26564958188:54568.983304489964:31495.29425345608:4093.2727566484405:3709.6217530901354:403.0530205002074:333.49161631368383:94.14045474168468:22.687177025067843:18.751825146007818:3.363155889943761:1.2371467658551223:0.6255773621807051:0.31219406033633484,0.0005439576292846026
3,6,5,-3:-1:1,3:1:1,245,8,3.5839724025481567e6:3.5177444883215646e6:544553.7325941123:310659.1929046389:186490.2938573956:24265.901837507066:21828.408382346875:1292.7675913660526:1099.27382368384:327.24937777823976:80.38779148602262:64.98091610447835:6.244481487414429:2.6078620627945757:1.3457421275665467:0.458623756137244,0.00034186033688179924
3,6,5,-2:-1:1,2:1:1,294,7,2.4890647140761264e7:2.4703896386077497e7:4.363161111858064e6:2.687534887066201e6:1.7279650115439172e6:229846.3570453539:205770.21144176158:5177.387347289119:4627.425659381618:1553.246120277501:394.21811335803415:313.6334214746093:13.87923112963206:6.506178584622382:3.4650000618670065:0.6900703699320053,0.0002010263914360864
3,6,5,2:-1:1,2:1:1,294,7,2.4890647140761252e7:2.4703896386077493e7:4.363161111858063e6:2.6875348870662013e6:1.727965011543916e6:229846.35704535368:205770.21144176158:5177.387347289098:4627.4256593816635:1553.2461202773484:394.21811335797537:313.63342147463743:13.879231129653421:6.506178584662713:3.465000061875147:0.6900703699228402,0.00020102639143608584
3,6,5,3:-1:1,3:1:1,245,8,3.583972402548156e6:3.5177444883215637e6:544553.7325941122:310659.19290463894:186490.2938573955:24265.901837507074:21828.40838234691:1292.7675913660494:1099.273823683847:327.24937777822214:80.38779148598574:64.98091610448348:6.244481487397123:2.607862062789144:1.3457421275436348:0.45862375616398154,0.0003418603368817988
3,6,5,4:-1:1,4:1:1,196,9,697960.6570936204:675873.543681797:99345.26564958191:54568.98330448995:31495.294253456075:4093.27275664844:3709.621753090133:403.05302050020737:333.4916163136842:94.14045474168996:22.6871770250683:18.751825146006784:3.3631558899464014:1.237146765855104:0.6255773622029841:0.31219406031947333,0.000543957629284604
3,6,5,5:-1:1,5:1:1,98,9,176814.21869181516:169956.56793746617:24346.58879880161:13105.103093310101:7407.353832847346:962.8773285839981:877.542333934866:152.5460310992465:123.92318401924108:34.21901030316599:8.085960488949528:6.883754558288317:2.076045312441095:0.667396094746635:0.33193669379378227:0.21638856974868012,0.00080912587440691
3,6,5,-5:0:1,5:1:0,112,9,201062.78152351713:193376.75111918585:27755.168809167233:14963.549448677963:8471.038897743063:1101.155915865964:1003.0840406323945:167.02112623298171:135.9074548942796:37.57875482647915:8.898592221160634:7.548862964427139:2.1693955694374085:0.7069716288963552:0.35217271969353975:0.22440248950248132,0.0007793861306908819
3,6,5,-4:0:1,4:1:0,224,9,845671.1604135555:819958.6040160373:121086.31447527831:66746.13700751965:38667.400763251244:5025.233790025768:4550.3284710023:461.92460400110315:383.26916770385174:108.68573562466136:26.254298383877433:21.63262476745235:3.6069723258004696:1.349245217477845:0.6838292862079609:0.32745378155960203,0.0005148470491095777
3,6,5,-3:0:1,3:1:0,280,8,4.891069700399248e6:4.816803701066051e6:756053.0859728467:435484.80847512506:263930.64176127745:34378.32768872835:30884.362621332693:1614.826925283383:1381.9598840157391:417.3562815668255:102.91528953451673:82.91375300599215:7.064972745494081:3.0116822160988828:1.560746061859411:0.4910366109604534,0.0003133619357268111
3,6,5,3:0:1,3:1:0,280,8,4.891069700399248e6:4.816803701066052e6:756053.0859728466:435484.8084751248:263930.6417612774:34378.32768872833:30884.362621332697:1614.8269252833827:1381.959884015745:417.35628156682054:102.91528953453343:82.91375300600507:7.06497274549652:3.01168221610248:1.5607460618599325:0.49103661096088796,0.0003133619357268116
3,6,5,4:0:1,4:1:0,224,9,845671.1604135555:819958.6040160372:121086.31447527834:66746.13700751972:38667.40076325124:5025.23379002577:4550.328471002301:461.92460400110343:383.2691677038542:108.68573562467219:26.25429838387835:21.632624767450864:3.6069723258004376:1.3492452174770182:0.6838292862081735:0.32745378155972915,0.0005148470491095808
3,6,5,5:0:1,5:1:0,112,9,201062.78152351713:193376.75111918608:27755.168809167233:14963.549448677975:8471.038897743063:1101.155915865964:1003.0840406323942:167.02112623298143:135.90745489427948:37.57875482646268:8.898592221160504:7.548862964430608:2.1693955694362668:0.7069716288979183:0.35217271969343716:0.22440248950212038,0.0007793861306908709
3,6,5,-5:1:1,5:1:1,98,9,176814.21869181524:169956.5679374662:24346.58879880162:13105.103093310108:7407.353832847344:962.8773285839976:877.542333934866:152.54603109924642:123.9231840192416:34.219010303166165:8.085960488950311:6.883754558288372:2.0760453124414258:0.6673960947471044:0.3319366937956113:0.2163885697472973,0.0008091258744069109
3,6,5,-4:1:1,4:1:1,196,9,697960.6570936205:675873.5436817975:99345.26564958188:54568.983304489964:31495.29425345608:4093.2727566484405:3709.6217530901354:403.0530205002074:333.49161631368383:94.14045474168468:22.687177025067843:18.751825146007818:3.363155889943761:1.2371467658551223:0.6255773621807051:0.31219406033633484,0.0005439576292846026
3,6,5,-3:1:1,3:1:1,245,8,3.5839724025481567e6:3.5177444883215646e6:544553.7325941123:310659.1929046389:186490.2938573956:24265.901837507066:21828.408382346875:1292.7675913660526:1099.27382368384:327.24937777823976:80.38779148602262:64.98091610447835:6.244481487414429:2.6078620627945757:1.3457421275665467:0.458623756137244,0.00034186033688179924
3,6,5,-2:1:1,2:1:1,294,7,2.4890647140761264e7:2.4703896386077497e7:4.363161111858064e6:2.687534887066201e6:1.7279650115439172e6:229846.3570453539:205770.21144176158:5177.387347289119:4627.425659381618:1553.246120277501:394.21811335803415:313.6334214746093:13.87923112963206:6.506178584622382:3.4650000618670065:0.6900703699320053,0.0002010263914360864
3,6,5,2:1:1,2:1:1,294,7,2.4890647140761252e7:2.4703896386077493e7:4.363161111858063e6:2.6875348870662013e6:1.727965011543916e6:229846.35704535368:205770.21144176158:5177.387347289098:4627.4256593816635:1553.2461202773484:394.21811335797537:313.63342147463743:13.879231129653421:6.506178584662713:3.465000061875147:0.6900703699228402,0.00020102639143608584
3,6,5,3:1:1,3:1:1,245,8,3.583972402548156e6:3.5177444883215637e6:544553.7325941122:310659.19290463894:186490.2938573955:24265.901837507074:21828.40838234691:1292.7675913660494:1099.273823683847:327.24937777822214:80.38779148598574:64.98091610448348:6.244481487397123:2.607862062789144:1.3457421275436348:0.45862375616398154,0.0003418603368817988
3,6,5,4:1:1,4:1:1,196,9,697960.6570936204:675873.543681797:99345.26564958191:54568.98330448995:31495.294253456075:4093.27275664844:3709.621753090133:403.05302050020737:333.4916163136842:94.14045474168996:22.6871770250683:18.751825146006784:3.3631558899464014:1.237146765855104:0.6255773622029841:0.31219406031947333,0.000543957629284604
3,6,5,5:1:1,5:1:1,98,9,176814.21869181516:169956.56793746617:24346.58879880161:13105.103093310101:7407.353832847346:962.8773285839981:877.542333934866:152.5460310992465:123.92318401924108:34.21901030316599:8.085960488949528:6.883754558288317:2.076045312441095:0.667396094746635:0.33193669379378227:0.21638856974868012,0.00080912587440691
3,6,5,-5:2:1,5:2:1,84,9,123430.2060311055:118462.99528264145:16885.870914212916:9051.457160876635:5095.756656029461:662.3412808958382:604.4197598097066:118.42685179964013:95.7594573131788:26.36188193754989:6.190486078464756:5.329536818570404:1.8372696581766368:0.568133495092572:0.28132545267035447:0.19497508074191724,0.000898758835776882
3,6,5,-4:2:1,4:2:1,168,9,415010.37651742273:400618.0358787273:58231.40324438326:31711.501061392955:18137.86268091361:2357.560609233571:2141.3918350790645:278.78739174359634:229.01872129642297:63.97872993434378:15.314146526949838:12.777729741843213:2.791754962309677:0.978811870327013:0.49188047084503744:0.27322508593682193,0.000631720546346222
3,6,5,-3:2:1,3:2:1,210,9,1.6172619261500614e6:1.5757533156018306e6:236973.21537387744:132408.37605354455:77808.5443082989:10112.942209611396:9130.071449335113:732.6584940264204:614.0832050723922:177.3855412529492:43.17576299449931:35.24184184766627:4.592132285211156:1.8108235080516284:0.9250012961154582:0.38263403988560984,0.00042797114430789525
3,6,5,-2:2:1,2:2:1,252,8,6.878489725774785e6:6.801368412545736e6:1.086150373234069e6:632955.1919187885:387949.2364154881:50623.26778450012:45418.752193551554:2061.7528136242718:1777.9658433257614:546.5223508836951:135.38003344081534:108.7024949848754:8.107083933753973:3.5308645037889046:1.838837505872722:0.5285094753918138,0.00028499134233915313
3,6,5,-1:2:1,2:1:1,294,7,2.489064714076126e7:2.4703896386077486e7:4.363161111858063e6:2.687534887066202e6:1.727965011543916e6:229846.35704535386:205770.21144176152:5177.387347289107:4627.425659381613:1553.246120277008:394.21811335774476:313.6334214745253:13.879231129922237:6.5061785845477615:3.4650000618038113:0.6900703699090841,0.00020102639143608256
3,6,5,1:2:1,2:1:1,294,7,2.4890647140761267e7:2.4703896386077505e7:4.363161111858064e6:2.6875348870662e6:1.727965011543917e6:229846.35704535418:205770.21144176167:5177.387347289097:4627.4256593816535:1553.2461202776299:394.2181133579253:313.63342147463334:13.87923112977589:6.506178584609876:3.465000061765075:0.6900703698571952,0.00020102639143608722
3,6,5,2:2:1,2:2:1,252,8,6.878489725774784e6:6.80136841254574e6:1.086150373234069e6:632955.1919187886:387949.2364154881:50623.2677845001:45418.75219355155:2061.7528136242663:1777.965843325759:546.5223508836923:135.3800334408405:108.70249498487549:8.107083933746173:3.5308645037877833:1.8388375057483015:0.528509475500796,0.0002849913423391525
3,6,5,3:2:1,3:2:1,210,9,1.617261926150061e6:1.5757533156018297e6:236973.21537387735:132408.3760535446:77808.5443082989:10112.942209611392:9130.071449335112:732.658494026419:614.0832050723927:177.38554125295542:43.17576299450028:35.24184184766693:4.5921322852114415:1.8108235080494652:0.9250012960948417:0.3826340398872418,0.00042797114430789563
3,6,5,4:2:1,4:2:1,168,9,415010.3765174223:400618.0358787273:58231.40324438325:31711.501061392937:18137.862680913593:2357.5606092335706:2141.391835079065:278.78739174359725:229.0187212964232:63.978729934340535:15.314146526950344:12.777729741842602:2.791754962309751:0.9788118703283262:0.49188047084776804:0.27322508593615324,0.0006317205463462226
3,6,5,5:2:1,5:2:1,84,9,123430.20603110538:118462.99528264144:16885.870914212912:9051.457160876633:5095.756656029458:662.3412808958379:604.4197598097065:118.42685179964023:95.75945731317815:26.361881937549583:6.190486078465772:5.329536818570208:1.8372696581765164:0.5681334950924304:0.28132545266888637:0.19497508074289657,0.0008987588357768805
3,6,5,-5:3:1,5:3:1,42,9,72842.3655503151:69772.57695775604:9883.528796606992:5269.02963296788:2951.8957461884283:383.57789880864556:350.64375720266924:81.76725672678656:65.65565495103775:18.02749567974036:4.190166048904377:3.6859478169302995:1.5368246122319535:0.4486132325210968:0.22072858534095285:0.16614585687380928,0.001049538900944448
3,6,5,-4:3:1,4:3:1,84,9,201062.78152351707:193376.75111918594:27755.16880916723:14963.549448677975:8471.038897743068:1101.155915865964:1003.0840406323936:167.02112623298117:135.90745489427968:37.578754826462934:8.898592221160516:7.548862964430075:2.1693955694369906:0.7069716288976564:0.35217271969078945:0.22440248950224406,0.0007793861306908712
3,6,5,-3:3:1,3:3:1,147,9,581823.5365857665:562763.3966355401:82377.69223358328:45105.97442812489:25946.822185509456:3372.3019747333274:3058.670183145194:354.22132284680737:292.33492703545755:82.19648050885976:19.76320734019545:16.38618097747886:3.149194494435349:1.139634183795471:0.5750177111449479:0.29816495019216155,0.0005731408479854552
3,6,5,-2:3:1,3:2:1,210,9,1.6172619261500605e6:1.5757533156018287e6:236973.21537387732:132408.3760535445:77808.54430829891:10112.942209611389:9130.071449335124:732.6584940264202:614.0832050723919:177.3855412529483:43.17576299449976:35.24184184766404:4.592132285211735:1.8108235080497364:0.9250012961193071:0.3826340398884431,0.0004279711443078953
3,6,5,-1:3:1,3:1:1,245,8,3.583972402548157e6:3.5177444883215646e6:544553.7325941123:310659.1929046389:186490.29385739556:24265.901837507055:21828.408382346883:1292.7675913660516:1099.2738236838395:327.24937777823027:80.38779148601469:64.98091610447801:6.2444814873683:2.607862062820085:1.3457421275603876:0.4586237561547855,0.0003418603368817986
3,6,5,0:3:1,3:1:0,280,8,4.891069700399248e6:4.816803701066051e6:756053.0859728467:435484.80847512494:263930.64176127745:34378.32768872838:30884.362621332697:1614.8269252833857:1381.9598840157284:417.3562815667037:102.91528953463184:82.91375300602165:7.064972745511973:3.0116822160997883:1.5607460618749636:0.49103661095378437,0.000313361935726808
3,6,5,1:3:1,3:1:1,245,8,3.583972402548156e6:3.517744488321565e6:544553.732594112:310659.192904639:186490.29385739553:24265.90183750707:21828.408382346912:1292.7675913660578:1099.2738236838418:327.249377778234:80.38779148601128:64.98091610447595:6.2444814874565555:2.6078620628309683:1.3457421274883066:0.4586237561493583,0.0003418603368818
3,6,5,2:3:1,3:2:1,210,9,1.6172619261500607e6:1.5757533156018292e6:236973.2153738773:132408.37605354452:77808.5443082989:10112.942209611387:9130.07144933512:732.6584940264198:614.0832050723931:177.38554125295082:43.17576299449618:35.241841847665434:4.592132285216305:1.8108235080477961:0.925001296110554:0.3826340398885485,0.0004279711443078956
3,6,5,3:3:1,3:3:1,147,9,581823.5365857666:562763.3966355403:82377.6922335833:45105.97442812488:25946.822185509434:3372.3019747333233:3058.6701831451933:354.2213228468088:292.33492703545807:82.19648050886872:19.763207340197553:16.386180977478638:3.1491944944352213:1.1396341837941255:0.5750177111510771:0.2981649501841764,0.0005731408479854587
3,6,5,4:3:1,4:3:1,84,9,201062.78152351707:193376.75111918594:27755.16880916723:14963.549448677975:8471.038897743068:1101.155915865964:1003.0840406323936:167.02112623298117:135.90745489427968:37.578754826462934:8.898592221160516:7.548862964430075:2.1693955694369906:0.7069716288976564:0.35217271969078945:0.22440248950224406,0.0007793861306908712
3,6,5,5:3:1,5:3:1,42,9,72842.36555031508:69772.57695775601:9883.528796606988:5269.029632967879:2951.895746188429:383.5778988086453:350.6437572026697:81.76725672678629:65.65565495103746:18.027495679740863:4.1901660489048975:3.6859478169300983:1.5368246122319558:0.4486132325207244:0.22072858534061077:0.16614585687387154,0.0010495389009444456
3,6,5,-3:4:1,4:3:1,84,9,201062.78152351722:193376.751119186:27755.168809167237:14963.549448677973:8471.038897743065:1101.1559158659643:1003.0840406323933:167.02112623298078:135.90745489427894:37.57875482646302:8.89859222116249:7.548862964430442:2.169395569435953:0.7069716288978425:0.352172719692152:0.2244024895014083,0.0007793861306908685
3,6,5,-2:4:1,4:2:1,168,9,415010.3765174223:400618.0358787273:58231.40324438325:31711.501061392948:18137.862680913604:2357.56060923357:2141.391835079064:278.7873917435954:229.0187212964236:63.978729934340286:15.31414652694568:12.777729741843025:2.7917549623072095:0.9788118703270462:0.4918804708484474:0.2732250859358195,0.0006317205463462201
3,6,5,-1:4:1,4:1:1,196,9,697960.6570936204:675873.543681797:99345.26564958191:54568.98330448999:31495.294253456083:4093.2727566484427:3709.6217530901345:403.05302050020805:333.4916163136837:94.14045474168152:22.6871770250631:18.75182514600625:3.3631558899407525:1.237146765855938:0.6255773622036447:0.3121940603276891,0.0005439576292846024
3,6,5,0:4:1,4:1:0,224,9,845671.1604135555:819958.604016037:121086.31447527831:66746.13700751973:38667.400763251244:5025.233790025766:4550.328471002302:461.9246040011011:383.26916770385617:108.68573562466017:26.25429838387473:21.632624767452402:3.6069723257973125:1.349245217477896:0.6838292862109071:0.3274537815608488,0.0005148470491095784
3,6,5,1:4:1,4:1:1,196,9,697960.6570936203:675873.5436817966:99345.26564958191:54568.98330448994:31495.294253456097:4093.272756648443:3709.621753090133:403.0530205002079:333.4916163136844:94.14045474168228:22.687177025063562:18.751825146007146:3.363155889941913:1.237146765857743:0.625577362193602:0.31219406031681624,0.0005439576292846032
3,6,5,2:4:1,4:2:1,168,9,415010.3765174225:400618.0358787274:58231.40324438328:31711.501061392937:18137.862680913597:2357.5606092335697:2141.391835079064:278.7873917435948:229.01872129642362:63.9787299343408:15.31414652694964:12.777729741843403:2.7917549623086297:0.9788118703273053:0.4918804708480986:0.27322508593503936,0.0006317205463462197
3,6,5,3:4:1,4:3:1,84,9,201062.7815235171:193376.75111918594:27755.168809167233:14963.549448677975:8471.038897743067:1101.1559158659634:1003.084040632393:167.02112623298194:135.90745489427903:37.57875482646313:8.898592221160744:7.548862964430245:2.1693955694374543:0.7069716288970658:0.3521727196951017:0.22440248950244812,0.0007793861306908719
3,6,5,-3:5:1,5:3:1,42,9,72842.36555031507:69772.57695775603:9883.528796606988:5269.029632967875:2951.895746188428:383.5778988086452:350.64375720266963:81.76725672678616:65.65565495103701:18.02749567974109:4.190166048904982:3.685947816930014:1.5368246122319993:0.44861323252097185:0.2207285853409081:0.16614585687368102,0.0010495389009444423
3,6,5,-2:5:1,5:2:1,84,9,123430.20603110547:118462.99528264147:16885.870914212916:9051.457160876638:5095.756656029462:662.3412808958379:604.4197598097066:118.42685179963979:95.75945731317898:26.36188193754786:6.190486078466787:5.329536818570095:1.8372696581775179:0.5681334950921267:0.2813254526693798:0.19497508074350473,0.0008987588357768799
3,6,5,-1:5:1,5:1:1,98,9,176814.21869181513:169956.56793746608:24346.58879880161:13105.103093310105:7407.353832847343:962.8773285839974:877.5423339348647:152.54603109924628:123.923184019241:34.21901030316444:8.085960488949311:6.88375455828832:2.076045312440925:0.6673960947464583:0.3319366937904371:0.21638856974944476,0.0008091258744069082
3,6,5,0:5:1,5:1:0,112,9,201062.78152351707:193376.7511191859:27755.16880916724:14963.549448677973:8471.038897743065:1101.1559158659643:1003.0840406323946:167.02112623298163:135.90745489427968:37.5787548264635:8.898592221160289:7.548862964430385:2.169395569436142:0.7069716288975096:0.3521727196937559:0.2244024895019305,0.0007793861306908729
3,6,5,1:5:1,5:1:1,98,9,176814.2186918153:169956.56793746617:24346.588798801615:13105.103093310114:7407.353832847346:962.877328583998:877.5423339348656:152.54603109924582:123.92318401924096:34.21901030316726:8.085960488949597:6.883754558288393:2.0760453124395384:0.6673960947463786:0.3319366937910308:0.21638856974935333,0.0008091258744069082
3,6,5,2:5:1,5:2:1,84,9,123430.20603110541:118462.99528264144:16885.870914212897:9051.457160876635:5095.756656029462:662.3412808958383:604.4197598097064:118.42685179964002:95.7594573131784:26.361881937548524:6.190486078465623:5.329536818569876:1.837269658176054:0.5681334950922169:0.28132545267182957:0.19497508074247336,0.0008987588357768794
3,6,5,3:5:1,5:3:1,42,9,72842.3655503151:69772.57695775601:9883.528796606994:5269.029632967878:2951.8957461884274:383.5778988086451:350.64375720266946:81.76725672678586:65.65565495103722:18.027495679741374:4.190166048905321:3.6859478169299345:1.536824612231674:0.4486132325207314:0.22072858534079481:0.1661458568733978,0.0010495389009444417
3,6,5,-3:-5:2,5:3:2,36,10,45333.839354893455:44712.356532949016:7101.2537899310755:4096.339366775975:2509.963298129385:325.52102904532325:292.8706060446418:59.62226907864756:50.030915843591444:15.636818873551046:3.676523468495547:3.2249082930038293:1.375212045145596:0.39210439375906797:0.20857981344906162:0.14308493028945946,0.0012381565972825873
3,6,5,-2:-5:2,5:2:2,72,9,71329.29162955409:70758.45984671115:11520.120799380316:6759.490300469684:4202.950272106147:547.2945145686353:491.52699898337573:82.078531576319:69.84894726069261:22.296279742655816:5.315890917719259:4.555801863877227:1.6112802532948143:0.4868720752139608:0.2613522497721117:0.16668691621762752,0.0010872237680894141
3,6,5,-1:-5:2,5:2:1,84,9,96546.92379862489:96182.69778692536:15967.994484867622:9488.415139227722:5962.433927931717:779.4033575907155:699.3402166240568:101.70840331758004:87.40847360881236:28.371209150339897:6.829091109550253:5.783219898632588:1.791627513845502:0.5633398938803081:0.3044007916425233:0.18397997969662913,0.0009978717888001307
3,6,5,0:-5:2,5:2:0,96,9,107442.65146476653:107207.01592179832:17933.287867618525:10706.580463093176:6753.9130932340695:884.3276957416205:793.2821318105373:109.7314510961205:94.64146231312276:30.917221676371664:7.46773215991031:6.300703065551392:1.860542269393209:0.5933047517529713:0.32137223982448176:0.19039805183018246,0.0009683067764991532
3,6,5,1:-5:2,5:2:1,84,9,96546.92379862495:96182.69778692543:15967.99448486763:9488.415139227729:5962.433927931723:779.4033575907157:699.340216624056:101.7084033175803:87.40847360881176:28.37120915034054:6.829091109549912:5.783219898632395:1.7916275138456517:0.5633398938801367:0.3044007916461643:0.183979979696535,0.0009978717888001294
3,6,5,2:-5:2,5:2:2,72,9,71329.29162955409:70758.45984671109:11520.120799380313:6759.490300469684:4202.950272106147:547.2945145686347:491.52699898337596:82.07853157631935:69.84894726069226:22.296279742656772:5.315890917719594:4.555801863877233:1.611280253296001:0.4868720752140907:0.2613522497716584:0.16668691621655377,0.0010872237680894172
3,6,5,3:-5:2,5:3:2,36,10,45333.83935489345:44712.35653294901:7101.253789931076:4096.339366775974:2509.963298129384:325.52102904532313:292.8706060446418:59.6222690786476:50.03091584359143:15.636818873551215:3.676523468495939:3.224908293003901:1.3752120451455898:0.392104393759141:0.20857981344890078:0.143084930289533,0.0012381565972825886
3,6,5,-3:-4:2,4:3:2,72,9,107442.65146476655:107207.0159217984:17933.287867618517:10706.580463093182:6753.9130932340695:884.3276957416215:793.2821318105373:109.73145109612022:94.6414623131214:30.91722167636892:7.467732159909547:6.30070306555034:1.8605422693943177:0.5933047517531801:0.32137223982499763:0.19039805182977929,0.0009683067764991416
3,6,5,-2:-4:2,4:2:2,144,9,195002.89205680686:193582.24041128447:34271.00181091935:21048.95641944546:13572.164729147222:1800.4734896186662:1614.236391125315:166.98410097161442:147.06718901420663:50.05098262419062:12.341391553423254:10.241770947885986:2.2995956060471854:0.7919026586077166:0.4351666648176477:0.22884489633496935,0.0008223556857229134
3,6,5,-1:-4:2,4:2:1,168,9,294793.65024695307:290510.40848883556:54138.95891677061:33983.364431980954:22240.810793471606:2994.488725573444:2686.9799366090247:223.4946079592606:199.986267500369:70.43265670689463:17.661862397339508:14.537307057988782:2.6753181105465935:0.9703520402673163:0.5391904130724032:0.2586955997104006,0.0007365962651190356
3,6,5,0:-4:2,4:2:0,192,9,342110.73762059165:336204.99404291186:63998.596445506366:40503.00531764927:26641.579086209444:3612.322145909178:3243.398110985707:248.32785559702177:223.55231830471558:79.81617105935885:20.152780334828467:16.548595622749367:2.828648023206601:1.0450490675123227:0.5831977624786567:0.27017413297233456,0.0007083934640342373
3,6,5,1:-4:2,4:2:1,168,9,294793.65024695284:290510.4084888354:54138.95891677058:33983.36443198094:22240.810793471588:2994.488725573445:2686.9799366090247:223.49460795926075:199.98626750036937:70.43265670689223:17.66186239733984:14.537307057988745:2.675318110549312:0.9703520402674849:0.5391904130741326:0.2586955997048467,0.0007365962651190358
3,6,5,2:-4:2,4:2:2,144,9,195002.8920568069:193582.2404112845:34271.00181091936:21048.956419445454:13572.164729147224:1800.473489618669:1614.2363911253153:166.98410097161445:147.06718901420658:50.05098262418792:12.341391553426341:10.241770947885367:2.2995956060491416:0.7919026586079467:0.43516666481777255:0.22884489633511979,0.0008223556857229116
3,6,5,3:-4:2,4:3:2,72,9,107442.65146476653:107207.01592179826:17933.28786761852:10706.580463093182:6753.913093234068:884.3276957416199:793.2821318105376:109.73145109612027:94.64146231312195:30.917221676368143:7.4677321599107485:6.300703065550795:1.8605422693935365:0.593304751753303:0.3213722398237238:0.19039805182994307,0.0009683067764991443
3,6,5,-5:-3:2,5:3:2,36,10,45333.83935489346:44712.35653294903:7101.253789931077:4096.339366775973:2509.963298129385:325.5210290453234:292.8706060446416:59.622269078647165:50.030915843591295:15.636818873551018:3.676523468495575:3.224908293003929:1.3752120451456649:0.39210439375918105:0.20857981344869836:0.14308493028945227,0.0012381565972825808
3,6,5,-4:-3:2,4:3:2,72,9,107442.65146476652:107207.01592179826:17933.287867618525:10706.580463093174:6753.913093234064:884.3276957416203:793.2821318105376:109.73145109612014:94.6414623131221:30.917221676372762:7.467732159911744:6.300703065549869:1.860542269393676:0.5933047517532504:0.32137223982434:0.19039805183044967,0.0009683067764991506
3,6,5,-3:-3:2,3:3:2,126,9,255503.65717962943:252447.2682985519:46162.78205073737:28754.04097432566:18723.733001245204:2506.285700275226:2247.950132257213:202.01443687281633:179.74941012710812:62.52188189670687:15.581907260059344:12.85820733284613:2.537423217897113:0.9040676682801477:0.5003655165234706:0.24803717937094333,0.0007650031926679476
3,6,5,-2:-3:2,3:2:2,180,9,556339.8618867167:541588.4844699444:111944.1952913478:72825.71075059463:48568.00971733731:6799.1859466600245:6126.972146580294:350.9857651109734:322.645144676642:121.11409035394465:31.41112010800131:25.65657546427832:3.4111581614049977:1.3374548677818332:0.7579697252107929:0.3106518147282437,0.0006252774610893105
3,6,5,-1:-3:2,3:2:1,210,9,971694.4152719653:935629.7134549917:219735.63040490492:147493.8017476151:98973.48741660555:14746.62079700192:13397.96322680473:524.7612513408192:495.0241991864938:199.07308581944258:53.94733075643615:44.03080202641005:4.277744777921378:1.7948666927362082:1.0390353528597338:0.36363157491336395,0.0005453040588054817
3,6,5,0:-3:2,3:2:0,240,9,1.192506258923712e6:1.1440033071425674e6:284982.1040662317:193389.77744930887:129518.86379722424:19947.582919398763:18204.211416420636:609.7325200401059:580.7571031009929:240.34035576122156:66.56591084358213:54.41706402708461:4.666073699805368:2.0078595342284045:1.1730310138742577:0.3852165122679344,0.0005196700603047717
3,6,5,1:-3:2,3:2:1,210,9,971694.4152719646:935629.7134549915:219735.63040490495:147493.801747615:98973.48741660554:14746.620797001904:13397.963226804743:524.7612513408186:495.02419918649525:199.07308581944793:53.947330756433274:44.03080202641125:4.277744777914149:1.7948666927353552:1.039035352860847:0.3636315748828507,0.0005453040588054832
3,6,5,2:-3:2,3:2:2,180,9,556339.861886717:541588.4844699444:111944.19529134785:72825.71075059465:48568.009717337285:6799.185946660026:6126.972146580292:350.98576511097133:322.64514467664446:121.11409035395094:31.411120107997313:25.65657546428105:3.411158161403908:1.3374548677815064:0.7579697252112614:0.3106518147254641,0.0006252774610893124
3,6,5,3:-3:2,3:3:2,126,9,255503.65717962934:252447.26829855194:46162.782050737354:28754.04097432564:18723.733001245197:2506.285700275228:2247.9501322572123:202.014436872817:179.74941012710877:62.521881896705764:15.58190726005875:12.858207332844202:2.537423217899069:0.9040676682799513:0.5003655165266915:0.24803717936746125,0.0007650031926679494
3,6,5,4:-3:2,4:3:2,72,9,107442.65146476652:107207.01592179826:17933.287867618525:10706.580463093174:6753.913093234064:884.3276957416203:793.2821318105376:109.73145109612014:94.6414623131221:30.917221676372762:7.467732159911744:6.300703065549869:1.860542269393676:0.5933047517532504:0.32137223982434:0.19039805183044967,0.0009683067764991506
3,6,5,5:-3:2,5:3:2,36,10,45333.83935489344:44712.35653294901:7101.2537899310755:4096.339366775968:2509.963298129382:325.5210290453237:292.8706060446421:59.622269078647335:50.030915843591416:15.636818873550954:3.6765234684955233:3.224908293003868:1.3752120451457046:0.39210439375909045:0.20857981344884124:0.14308493028935645,0.0012381565972825847
3,6,5,-5:-2:2,5:2:2,72,9,71329.29162955408:70758.45984671109:11520.120799380316:6759.4903004696835:4202.950272106145:547.2945145686351:491.5269989833759:82.07853157631934:69.84894726069231:22.296279742655425:5.31589091771924:4.555801863877254:1.6112802532957011:0.48687207521342957:0.2613522497725128:0.16668691621634416,0.0010872237680894148
3,6,5,-4:-2:2,4:2:2,144,9,195002.89205680692:193582.2404112845:34271.00181091936:21048.956419445458:13572.164729147225:1800.4734896186671:1614.2363911253146:166.98410097161496:147.0671890142064:50.05098262418825:12.341391553425659:10.241770947885847:2.299595606049509:0.791902658607295:0.43516666481855015:0.22884489633541608,0.0008223556857229128
3,6,5,-3:-2:2,3:2:2,180,9,556339.8618867173:541588.4844699447:111944.19529134786:72825.71075059472:48568.00971733731:6799.185946660013:6126.972146580294:350.9857651109715:322.64514467664213:121.11409035394767:31.41112010799697:25.65657546427954:3.411158161406926:1.337454867786604:0.7579697252095615:0.3106518147262413,0.0006252774610893091
3,6,5,-2:-2:2,2:2:2,216,9,1.4789866328810556e6:1.4140107113633708e6:378009.06402986613:259394.71927442108:172817.08252935443:27778.63996483952:25496.487127426717:715.4939521967549:688.2398264828639:294.12742893860326:83.76125189595456:68.68760758049469:5.12575758667588:2.2662127790829008:1.3382099159220264:0.4093977478868097,0.0004947356653122061
3,6,5,-1:-2:2,2:2:1,252,9,3.014235209160424e6:2.8788284929267922e6:1.0462931236606303e6:751390.1124393459:480812.7814245414:96383.49002469714:91018.74912244834:1252.0053440573888:1229.9347503874185:592.2029601105277:197.13750612234264:165.91921411165228:7.1706144898459945:3.4993060870713313:2.1675048194064117:0.5040482025872741,0.0004258978018160595
3,6,5,0:-2:2,2:2:0,288,9,3.8974170974085797e6:3.760901786982652e6:1.5644420467868818e6:1.1636568990911818e6:733356.6950440946:165728.24704777639:158763.1554484363:1568.851250204244:1532.6974744694958:772.1168704702716:284.8926976637109:244.35756615747553:8.20345353812666:4.179605343556609:2.6556880613774587:0.5464748839700804,0.0004055717113550654
3,6,5,1:-2:2,2:2:1,252,9,3.0142352091604252e6:2.8788284929267922e6:1.0462931236606309e6:751390.1124393459:480812.7814245416:96383.49002469715:91018.7491224484:1252.0053440573956:1229.93475038741:592.2029601105527:197.13750612234992:165.91921411167965:7.17061448983895:3.4993060870419015:2.167504819426109:0.5040482026309573,0.00042589780181606174
3,6,5,2:-2:2,2:2:2,216,9,1.4789866328810563e6:1.4140107113633708e6:378009.0640298661:259394.7192744209:172817.08252935443:27778.639964839524:25496.487127426724:715.4939521967584:688.239826482866:294.12742893859837:83.76125189596002:68.68760758049235:5.125757586664423:2.266212779109263:1.3382099159477474:0.4093977478895399,0.0004947356653122073
3,6,5,3:-2:2,3:2:2,180,9,556339.8618867173:541588.4844699446:111944.1952913478:72825.71075059468:48568.00971733733:6799.185946660029:6126.97214658029:350.9857651109694:322.64514467664475:121.11409035394547:31.411120107994645:25.656575464280227:3.41115816140846:1.337454867784312:0.7579697252081029:0.3106518147295594,0.0006252774610893088
3,6,5,4:-2:2,4:2:2,144,9,195002.89205680683:193582.24041128447:34271.00181091936:21048.956419445454:13572.16472914722:1800.4734896186667:1614.2363911253149:166.98410097161434:147.06718901420695:50.05098262418222:12.341391553426734:10.241770947885852:2.2995956060514495:0.7919026586071871:0.43516666481686456:0.2288448963354743,0.0008223556857229081
3,6,5,5:-2:2,5:2:2,72,9,71329.29162955408:70758.45984671112:11520.120799380315:6759.490300469682:4202.950272106146:547.2945145686347:491.52699898337585:82.07853157631938:69.8489472606919:22.296279742653578:5.315890917719212:4.555801863877469:1.611280253294892:0.48687207521433995:0.26135224977028954:0.16668691621722562,0.0010872237680894085
3,6,5,-5:-1:2,5:2:1,84,9,96546.92379862495:96182.69778692542:15967.994484867633:9488.415139227724:5962.433927931721:779.4033575907164:699.3402166240562:101.7084033175803:87.40847360881169:28.37120915033628:6.829091109549648:5.7832198986324705:1.7916275138465356:0.5633398938818065:0.30440079164094563:0.18397997969949395,0.0009978717888001229
3,6,5,-4:-1:2,4:2:1,168,9,294793.65024695307:290510.40848883556:54138.95891677059:33983.364431980954:22240.810793471606:2994.488725573446:2686.979936609023:223.49460795926024:199.98626750037016:70.4326567068861:17.661862397339593:14.537307057989388:2.6753181105458523:0.9703520402697735:0.5391904130737831:0.25869559970241524,0.0007365962651190324
3,6,5,-3:-1:2,3:2:1,210,9,971694.4152719645:935629.7134549917:219735.63040490495:147493.80174761507:98973.48741660557:14746.620797001902:13397.963226804748:524.7612513408194:495.0241991865029:199.0730858194445:53.94733075642345:44.0308020264155:4.277744777923091:1.7948666927343107:1.0390353528798006:0.36363157485479974,0.0005453040588054863
3,6,5,-2:-1:2,2:2:1,252,9,3.0142352091604252e6:2.878828492926792e6:1.0462931236606307e6:751390.112439346:480812.7814245413:96383.4900246973:91018.74912244838:1252.0053440573945:1229.9347503873894:592.2029601105335:197.13750612234173:165.91921411166433:7.170614489793759:3.4993060870312984:2.1675048194539612:0.5040482025898266,0.00042589780181605664
3,6,5,-1:-1:2,2:1:1,294,9,6.983353635000011e6:6.550467363984482e6:3.535751111451503e6:3.317103966213877e6:2.218259700671364e6:708807.3849120917:700667.9391978886:2729.4250002429326:2459.341918210828:1353.0378467928044:747.2374885959218:686.0486829845128:11.181862355437506:6.447520921690028:4.471380247562201:0.6598683738899349,0.0003675389383179337
3,6,5,1:-1:2,2:1:1,294,9,6.983353635000011e6:6.550467363984485e6:3.5357511114515024e6:3.3171039662138782e6:2.2182597006713627e6:708807.3849120914:700667.9391978888:2729.4250002429662:2459.34191821071:1353.0378467928008:747.2374885959125:686.0486829844319:11.181862355440481:6.447520921757006:4.471380247457598:0.6598683738398342,0.0003675389383179277
3,6,5,2:-1:2,2:2:1,252,9,3.014235209160424e6:2.878828492926792e6:1.0462931236606303e6:751390.1124393459:480812.7814245412:96383.49002469715:91018.74912244831:1252.0053440573827:1229.934750387434:592.2029601105567:197.13750612232874:165.91921411165796:7.170614489823175:3.499306087050502:2.167504819510284:0.5040482025313717,0.0004258978018160629
3,6,5,3:-1:2,3:2:1,210,9,971694.4152719651:935629.7134549913:219735.63040490498:147493.8017476151:98973.48741660552:14746.62079700189:13397.963226804739:524.7612513408228:495.02419918649514:199.07308581945327:53.9473307564427:44.03080202641218:4.277744777917865:1.7948666927455748:1.0390353528837035:0.36363157485964104,0.0005453040588054868
3,6,5,4:-1:2,4:2:1,168,9,294793.6502469531:290510.40848883556:54138.95891677061:33983.36443198095:22240.810793471588:2994.488725573448:2686.9799366090215:223.4946079592601:199.98626750036846:70.43265670689823:17.661862397342112:14.5373070579887:2.6753181105419386:0.9703520402666653:0.5391904130606769:0.2586955997219532,0.0007365962651190362
3,6,5,5:-1:2,5:2:1,84,9,96546.92379862489:96182.69778692539:15967.994484867617:9488.415139227722:5962.433927931721:779.4033575907159:699.340216624057:101.70840331758022:87.40847360881187:28.371209150341862:6.82909110955102:5.783219898632459:1.7916275138466413:0.563339893879557:0.304400791645119:0.18397997969656366,0.0009978717888001322
3,6,5,-5:0:2,5:2:0,96,9,107442.65146476655:107207.01592179833:17933.287867618514:10706.580463093178:6753.913093234063:884.3276957416201:793.282131810537:109.7314510961204:94.64146231312212:30.91722167636707:7.467732159911417:6.300703065551064:1.8605422693941946:0.5933047517532715:0.3213722398242666:0.19039805182976807,0.0009683067764991442
3,6,5,-4:0:2,4:2:0,192,9,342110.73762059165:336204.9940429119:63998.59644550639:40503.005317649266:26641.57908620944:3612.3221459091783:3243.3981109857086:248.3278555970216:223.5523183047157:79.81617105934829:20.152780334830464:16.548595622751616:2.8286480232060045:1.0450490675140731:0.5831977624813278:0.27017413297181964,0.0007083934640342327
3,6,5,-3:0:2,3:2:0,240,9,1.1925062589237127e6:1.1440033071425676e6:284982.1040662317:193389.77744930884:129518.86379722424:19947.582919398796:18204.21141642064:609.7325200401051:580.7571031009977:240.34035576122474:66.56591084357999:54.417064027092984:4.666073699811059:2.0078595342270855:1.1730310138617792:0.3852165122676556,0.0005196700603047737
3,6,5,-2:0:2,2:2:0,288,9,3.8974170974085787e6:3.76090178698265e6:1.564442046786883e6:1.1636568990911813e6:733356.6950440946:165728.24704777656:158763.1554484363:1568.8512502042531:1532.6974744694685:772.116870470269:284.8926976637889:244.35756615740453:8.203453538149867:4.179605343538519:2.6556880613430325:0.5464748839749084,0.0004055717113550637
3,6,5,2:0:2,2:2:0,288,9,3.8974170974085797e6:3.760901786982651e6:1.5644420467868834e6:1.1636568990911816e6:733356.6950440978:165728.24704777644:158763.1554484363:1568.8512502042524:1532.697474469466:772.1168704702675:284.89269766376947:244.35756615736932:8.20345353808887:4.179605343564283:2.6556880613366847:0.5464748839814185,0.00040557171135506206
3,6,5,3:0:2,3:2:0,240,9,1.1925062589237124e6:1.1440033071425676e6:284982.10406623164:193389.77744930884:129518.86379722426:19947.582919398785:18204.21141642063:609.7325200401067:580.7571031009976:240.34035576122477:66.5659108435824:54.41706402708826:4.666073699810412:2.007859534228148:1.1730310138613194:0.385216512267435,0.0005196700603047743
3,6,5,4:0:2,4:2:0,192,9,342110.7376205916:336204.99404291186:63998.59644550639:40503.00531764925:26641.579086209444:3612.32214590918:3243.3981109857073:248.32785559702134:223.55231830471686:79.81617105935854:20.15278033482961:16.548595622748433:2.828648023205802:1.0450490675115147:0.5831977624813212:0.2701741329720342,0.0007083934640342383
3,6,5,5:0:2,5:2:0,96,9,107442.65146476652:107207.01592179826:17933.28786761852:10706.580463093178:6753.913093234064:884.3276957416207:793.2821318105371:109.73145109612018:94.64146231312283:30.917221676370165:7.46773215991163:6.3007030655499845:1.8605422693944726:0.5933047517532902:0.3213722398244228:0.1903980518298791,0.0009683067764991505
3,6,5,-5:1:2,5:2:1,84,9,96546.92379862495:96182.69778692542:15967.994484867633:9488.415139227724:5962.433927931721:779.4033575907164:699.3402166240562:101.7084033175803:87.40847360881169:28.37120915033628:6.829091109549648:5.7832198986324705:1.7916275138465356:0.5633398938818065:0.30440079164094563:0.18397997969949395,0.0009978717888001229
3,6,5,-4:1:2,4:2:1,168,9,294793.65024695307:290510.40848883556:54138.95891677059:33983.364431980954:22240.810793471606:2994.488725573446:2686.979936609023:223.49460795926024:199.98626750037016:70.4326567068861:17.661862397339593:14.537307057989388:2.6753181105458523:0.9703520402697735:0.5391904130737831:0.25869559970241524,0.0007365962651190324
3,6,5,-3:1:2,3:2:1,210,9,971694.4152719645:935629.7134549917:219735.63040490495:147493.80174761507:98973.48741660557:14746.620797001902:13397.963226804748:524.7612513408194:495.0241991865029:199.0730858194445:53.94733075642345:44.0308020264155:4.277744777923091:1.7948666927343107:1.0390353528798006:0.36363157485479974,0.0005453040588054863
3,6,5,-2:1:2,2:2:1,252,9,3.0142352091604252e6:2.878828492926792e6:1.0462931236606307e6:751390.112439346:480812.7814245413:96383.4900246973:91018.74912244838:1252.0053440573945:1229.9347503873894:592.2029601105335:197.13750612234173:165.91921411166433:7.170614489793759:3.4993060870312984:2.1675048194539612:0.5040482025898266,0.00042589780181605664
3,6,5,-1:1:2,2:1:1,294,9,6.983353635000011e6:6.550467363984482e6:3.535751111451503e6:3.317103966213877e6:2.218259700671364e6:708807.3849120917:700667.9391978886:2729.4250002429326:2459.341918210828:1353.0378467928044:747.2374885959218:686.0486829845128:11.181862355437506:6.447520921690028:4.471380247562201:0.6598683738899349,0.0003675389383179337
3,6,5,1:1:2,2:1:1,294,9,6.983353635000011e6:6.550467363984485e6:3.5357511114515024e6:3.3171039662138782e6:2.2182597006713627e6:708807.3849120914:700667.9391978888:2729.4250002429662:2459.34191821071:1353.0378467928008:747.2374885959125:686.0486829844319:11.181862355440481:6.447520921757006:4.471380247457598:0.6598683738398342,0.0003675389383179277
3,6,5,2:1:2,2:2:1,252,9,3.014235209160424e6:2.878828492926792e6:1.0462931236606303e6:751390.1124393459:480812.7814245412:96383.49002469715:91018.74912244831:1252.0053440573827:1229.934750387434:592.2029601105567:197.13750612232874:165.91921411165796:7.170614489823175:3.499306087050502:2.167504819510284:0.5040482025313717,0.0004258978018160629
3,6,5,3:1:2,3:2:1,210,9,971694.4152719651:935629.7134549913:219735.63040490498:147493.8017476151:98973.48741660552:14746.62079700189:13397.963226804739:524.7612513408228:495.02419918649514:199.07308581945327:53.9473307564427:44.03080202641218:4.277744777917865:1.7948666927455748:1.0390353528837035:0.36363157485964104,0.0005453040588054868
3,6,5,4:1:2,4:2:1,168,9,294793.6502469531:290510.40848883556:54138.95891677061:33983.36443198095:22240.810793471588:2994.488725573448:2686.9799366090215:223.4946079592601:199.98626750036846:70.43265670689823:17.661862397342112:14.5373070579887:2.6753181105419386:0.9703520402666653:0.5391904130606769:0.2586955997219532,0.0007365962651190362
3,6,5,5:1:2,5:2:1,84,9,96546.92379862489:96182.69778692539:15967.994484867617:9488.415139227722:5962.433927931721:779.4033575907159:699.340216624057:101.70840331758022:87.40847360881187:28.371209150341862:6.82909110955102:5.783219898632459:1.7916275138466413:0.563339893879557:0.304400791645119:0.18397997969656366,0.0009978717888001322
3,6,5,-5:2:2,5:2:2,72,9,71329.29162955408:70758.45984671109:11520.120799380316:6759.4903004696835:4202.950272106145:547.2945145686351:491.5269989833759:82.07853157631934:69.84894726069231:22.296279742655425:5.31589091771924:4.555801863877254:1.6112802532957011:0.48687207521342957:0.2613522497725128:0.16668691621634416,0.0010872237680894148
3,6,5,-4:2:2,4:2:2,144,9,195002.89205680692:193582.2404112845:34271.00181091936:21048.956419445458:13572.164729147225:1800.4734896186671:1614.2363911253146:166.98410097161496:147.0671890142064:50.05098262418825:12.341391553425659:10.241770947885847:2.299595606049509:0.791902658607295:0.43516666481855015:0.22884489633541608,0.0008223556857229128
3,6,5,-3:2:2,3:2:2,180,9,556339.8618867173:541588.4844699447:111944.19529134786:72825.71075059472:48568.00971733731:6799.185946660013:6126.972146580294:350.9857651109715:322.64514467664213:121.11409035394767:31.41112010799697:25.65657546427954:3.411158161406926:1.337454867786604:0.7579697252095615:0.3106518147262413,0.0006252774610893091
3,6,5,-2:2:2,2:2:2,216,9,1.4789866328810556e6:1.4140107113633708e6:378009.06402986613:259394.71927442108:172817.08252935443:27778.63996483952:25496.487127426717:715.4939521967549:688.2398264828639:294.12742893860326:83.76125189595456:68.68760758049469:5.12575758667588:2.2662127790829008:1.3382099159220264:0.4093977478868097,0.0004947356653122061
3,6,5,-1:2:2,2:2:1,252,9,3.014235209160424e6:2.8788284929267922e6:1.0462931236606303e6:751390.1124393459:480812.7814245414:96383.49002469714:91018.74912244834:1252.0053440573888:1229.9347503874185:592.2029601105277:197.13750612234264:165.91921411165228:7.1706144898459945:3.4993060870713313:2.1675048194064117:0.5040482025872741,0.0004258978018160595
3,6,5,0:2:2,2:2:0,288,9,3.8974170974085797e6:3.760901786982652e6:1.5644420467868818e6:1.1636568990911818e6:733356.6950440946:165728.24704777639:158763.1554484363:1568.851250204244:1532.6974744694958:772.1168704702716:284.8926976637109:244.35756615747553:8.20345353812666:4.179605343556609:2.6556880613774587:0.5464748839700804,0.0004055717113550654
3,6,5,1:2:2,2:2:1,252,9,3.0142352091604252e6:2.8788284929267922e6:1.0462931236606309e6:751390.1124393459:480812.7814245416:96383.49002469715:91018.7491224484:1252.0053440573956:1229.93475038741:592.2029601105527:197.13750612234992:165.91921411167965:7.17061448983895:3.4993060870419015:2.167504819426109:0.5040482026309573,0.00042589780181606174
3,6,5,2:2:2,2:2:2,216,9,1.4789866328810563e6:1.4140107113633708e6:378009.0640298661:259394.7192744209:172817.08252935443:27778.639964839524:25496.487127426724:715.4939521967584:688.239826482866:294.12742893859837:83.76125189596002:68.68760758049235:5.125757586664423:2.266212779109263:1.3382099159477474:0.4093977478895399,0.0004947356653122073
3,6,5,3:2:2,3:2:2,180,9,556339.8618867173:541588.4844699446:111944.1952913478:72825.71075059468:48568.00971733733:6799.185946660029:6126.97214658029:350.9857651109694:322.64514467664475:121.11409035394547:31.411120107994645:25.656575464280227:3.41115816140846:1.337454867784312:0.7579697252081029:0.3106518147295594,0.0006252774610893088
3,6,5,4:2:2,4:2:2,144,9,195002.89205680683:193582.24041128447:34271.00181091936:21048.956419445454:13572.16472914722:1800.4734896186667:1614.2363911253149:166.98410097161434:147.06718901420695:50.05098262418222:12.341391553426734:10.241770947885852:2.2995956060514495:0.7919026586071871:0.43516666481686456:0.2288448963354743,0.0008223556857229081
3,6,5,5:2:2,5:2:2,72,9,71329.29162955408:70758.45984671112:11520.120799380315:6759.490300469682:4202.950272106146:547.2945145686347:491.52699898337585:82.07853157631938:69.8489472606919:22.296279742653578:5.315890917719212:4.555801863877469:1.611280253294892:0.48687207521433995:0.26135224977028954:0.16668691621722562,0.0010872237680894085
3,6,5,-5:3:2,5:3:2,36,10,45333.83935489346:44712.35653294903:7101.253789931077:4096.339366775973:2509.963298129385:325.5210290453234:292.8706060446416:59.622269078647165:50.030915843591295:15.636818873551018:3.676523468495575:3.224908293003929:1.3752120451456649:0.39210439375918105:0.20857981344869836:0.14308493028945227,0.0012381565972825808
3,6,5,-4:3:2,4:3:2,72,9,107442.65146476652:107207.01592179826:17933.287867618525:10706.580463093174:6753.913093234064:884.3276957416203:793.2821318105376:109.73145109612014:94.6414623131221:30.917221676372762:7.467732159911744:6.300703065549869:1.860542269393676:0.5933047517532504:0.32137223982434:0.19039805183044967,0.0009683067764991506
3,6,5,-3:3:2,3:3:2,126,9,255503.65717962943:252447.2682985519:46162.78205073737:28754.04097432566:18723.733001245204:2506.285700275226:2247.950132257213:202.01443687281633:179.74941012710812:62.52188189670687:15.581907260059344:12.85820733284613:2.537423217897113:0.9040676682801477:0.5003655165234706:0.24803717937094333,0.0007650031926679476
3,6,5,-2:3:2,3:2:2,180,9,556339.8618867167:541588.4844699444:111944.1952913478:72825.71075059463:48568.00971733731:6799.1859466600245:6126.972146580294:350.9857651109734:322.645144676642:121.11409035394465:31.41112010800131:25.65657546427832:3.4111581614049977:1.3374548677818332:0.7579697252107929:0.3106518147282437,0.0006252774610893105
3,6,5,-1:3:2,3:2:1,210,9,971694.4152719653:935629.7134549917:219735.63040490492:147493.8017476151:98973.48741660555:14746.62079700192:13397.96322680473:524.7612513408192:495.0241991864938:199.07308581944258:53.94733075643615:44.03080202641005:4.277744777921378:1.7948666927362082:1.0390353528597338:0.36363157491336395,0.0005453040588054817
3,6,5,0:3:2,3:2:0,240,9,1.192506258923712e6:1.1440033071425674e6:284982.1040662317:193389.77744930887:129518.86379722424:19947.582919398763:18204.211416420636:609.7325200401059:580.7571031009929:240.34035576122156:66.56591084358213:54.41706402708461:4.666073699805368:2.0078595342284045:1.1730310138742577:0.3852165122679344,0.0005196700603047717
3,6,5,1:3:2,3:2:1,210,9,971694.4152719646:935629.7134549915:219735.63040490495:147493.801747615:98973.48741660554:14746.620797001904:13397.963226804743:524.7612513408186:495.02419918649525:199.07308581944793:53.947330756433274:44.03080202641125:4.277744777914149:1.7948666927353552:1.039035352860847:0.3636315748828507,0.0005453040588054832
3,6,5,2:3:2,3:2:2,180,9,556339.861886717:541588.4844699444:111944.19529134785:72825.71075059465:48568.009717337285:6799.185946660026:6126.972146580292:350.98576511097133:322.64514467664446:121.11409035395094:31.411120107997313:25.65657546428105:3.411158161403908:1.3374548677815064:0.7579697252112614:0.3106518147254641,0.0006252774610893124
3,6,5,3:3:2,3:3:2,126,9,255503.65717962934:252447.26829855194:46162.782050737354:28754.04097432564:18723.733001245197:2506.285700275228:2247.9501322572123:202.014436872817:179.74941012710877:62.521881896705764:15.58190726005875:12.858207332844202:2.537423217899069:0.9040676682799513:0.5003655165266915:0.24803717936746125,0.0007650031926679494
3,6,5,4:3:2,4:3:2,72,9,107442.65146476652:107207.01592179826:17933.287867618525:10706.580463093174:6753.913093234064:884.3276957416203:793.2821318105376:109.73145109612014:94.6414623131221:30.917221676372762:7.467732159911744:6.300703065549869:1.860542269393676:0.5933047517532504:0.32137223982434:0.19039805183044967,0.0009683067764991506
3,6,5,5:3:2,5:3:2,36,10,45333.83935489344:44712.35653294901:7101.2537899310755:4096.339366775968:2509.963298129382:325.5210290453237:292.8706060446421:59.622269078647335:50.030915843591416:15.636818873550954:3.6765234684955233:3.224908293003868:1.3752120451457046:0.39210439375909045:0.20857981344884124:0.14308493028935645,0.0012381565972825847
3,6,5,-3:4:2,4:3:2,72,9,107442.65146476655:107207.0159217984:17933.287867618517:10706.580463093182:6753.9130932340695:884.3276957416215:793.2821318105373:109.73145109612022:94.6414623131214:30.91722167636892:7.467732159909547:6.30070306555034:1.8605422693943177:0.5933047517531801:0.32137223982499763:0.19039805182977929,0.0009683067764991416
3,6,5,-2:4:2,4:2:2,144,9,195002.89205680686:193582.24041128447:34271.00181091935:21048.95641944546:13572.164729147222:1800.4734896186662:1614.236391125315:166.98410097161442:147.06718901420663:50.05098262419062:12.341391553423254:10.241770947885986:2.2995956060471854:0.7919026586077166:0.4351666648176477:0.22884489633496935,0.0008223556857229134
3,6,5,-1:4:2,4:2:1,168,9,294793.65024695307:290510.40848883556:54138.95891677061:33983.364431980954:22240.810793471606:2994.488725573444:2686.9799366090247:223.4946079592606:199.986267500369:70.43265670689463:17.661862397339508:14.537307057988782:2.6753181105465935:0.9703520402673163:0.5391904130724032:0.2586955997104006,0.0007365962651190356
3,6,5,0:4:2,4:2:0,192,9,342110.73762059165:336204.99404291186:63998.596445506366:40503.00531764927:26641.579086209444:3612.322145909178:3243.398110985707:248.32785559702177:223.55231830471558:79.81617105935885:20.152780334828467:16.548595622749367:2.828648023206601:1.0450490675123227:0.5831977624786567:0.27017413297233456,0.0007083934640342373
3,6,5,1:4:2,4:2:1,168,9,294793.65024695284:290510.4084888354:54138.95891677058:33983.36443198094:22240.810793471588:2994.488725573445:2686.9799366090247:223.49460795926075:199.98626750036937:70.43265670689223:17.66186239733984:14.537307057988745:2.675318110549312:0.9703520402674849:0.5391904130741326:0.2586955997048467,0.0007365962651190358
3,6,5,2:4:2,4:2:2,144,9,195002.8920568069:193582.2404112845:34271.00181091936:21048.956419445454:13572.164729147224:1800.473489618669:1614.2363911253153:166.98410097161445:147.06718901420658:50.05098262418792:12.341391553426341:10.241770947885367:2.2995956060491416:0.7919026586079467:0.43516666481777255:0.22884489633511979,0.0008223556857229116
3,6,5,3:4:2,4:3:2,72,9,107442.65146476653:107207.01592179826:17933.28786761852:10706.580463093182:6753.913093234068:884.3276957416199:793.2821318105376:109.73145109612027:94.64146231312195:30.917221676368143:7.4677321599107485:6.300703065550795:1.8605422693935365:0.593304751753303:0.3213722398237238:0.19039805182994307,0.0009683067764991443
3,6,5,-3:5:2,5:3:2,36,10,45333.839354893455:44712.356532949016:7101.2537899310755:4096.339366775975:2509.963298129385:325.52102904532325:292.8706060446418:59.62226907864756:50.030915843591444:15.636818873551046:3.676523468495547:3.2249082930038293:1.375212045145596:0.39210439375906797:0.20857981344906162:0.14308493028945946,0.0012381565972825873
3,6,5,-2:5:2,5:2:2,72,9,71329.29162955409:70758.45984671115:11520.120799380316:6759.490300469684:4202.950272106147:547.2945145686353:491.52699898337573:82.078531576319:69.84894726069261:22.296279742655816:5.315890917719259:4.555801863877227:1.6112802532948143:0.4868720752139608:0.2613522497721117:0.16668691621762752,0.0010872237680894141
3,6,5,-1:5:2,5:2:1,84,9,96546.92379862489:96182.69778692536:15967.994484867622:9488.415139227722:5962.433927931717:779.4033575907155:699.3402166240568:101.70840331758004:87.40847360881236:28.371209150339897:6.829091109550253:5.783219898632588:1.791627513845502:0.5633398938803081:0.3044007916425233:0.18397997969662913,0.0009978717888001307
3,6,5,0:5:2,5:2:0,96,9,107442.65146476653:107207.01592179832:17933.287867618525:10706.580463093176:6753.9130932340695:884.3276957416205:793.2821318105373:109.7314510961205:94.64146231312276:30.917221676371664:7.46773215991031:6.300703065551392:1.860542269393209:0.5933047517529713:0.32137223982448176:0.19039805183018246,0.0009683067764991532
3,6,5,1:5:2,5:2:1,84,9,96546.92379862495:96182.69778692543:15967.99448486763:9488.415139227729:5962.433927931723:779.4033575907157:699.340216624056:101.7084033175803:87.40847360881176:28.37120915034054:6.829091109549912:5.783219898632395:1.7916275138456517:0.5633398938801367:0.3044007916461643:0.183979979696535,0.0009978717888001294
3,6,5,2:5:2,5:2:2,72,9,71329.29162955409:70758.45984671109:11520.120799380313:6759.490300469684:4202.950272106147:547.2945145686347:491.52699898337596:82.07853157631935:69.84894726069226:22.296279742656772:5.315890917719594:4.555801863877233:1.611280253296001:0.4868720752140907:0.2613522497716584:0.16668691621655377,0.0010872237680894172
3,6,5,3:5:2,5:3:2,36,10,45333.83935489345:44712.35653294901:7101.253789931076:4096.339366775974:2509.963298129384:325.52102904532313:292.8706060446418:59.6222690786476:50.03091584359143:15.636818873551215:3.676523468495939:3.224908293003901:1.3752120451455898:0.392104393759141:0.20857981344890078:0.143084930289533,0.0012381565972825886
3,6,5,-3:-5:3,5:3:3,18,10,23066.72004381509:22615.129054218036:4412.118409932817:2802.130761071187:1857.6058310390931:253.02368602747285:227.77370035272668:37.841119436404234:33.40561479306898:12.271874464845089:3.0103427170656776:2.662993575135966:1.1758760409398628:0.3197176482364948:0.1870626010227407:0.11566246686990374,0.001589990135884357
3,6,5,-2:-5:3,5:3:2,36,10,33315.13661305366:32426.03600614565:6748.846749652919:4378.5306602014925:2929.497612676113:409.7749588682206:369.92328040342045:48.95858929981289:44.04454489599549:16.774542690394465:4.224252640689414:3.657230285711717:1.343577009021881:0.3866541027861933:0.22963888310763175:0.13287481865087916,0.0014426527669899889
3,6,5,-1:-5:3,5:3:1,42,10,42312.46638325799:40986.287071095765:8967.740390032921:5899.269799751901:3962.149748977284:567.2617440791399:513.5277253912576:57.97567736257993:52.816627751069966:20.654387771498104:5.305303305674792:4.548316504853126:1.4650128469047774:0.4386452686143268:0.2632579999801403:0.1452617858296474,0.0013566146658232521
3,6,5,0:-5:3,5:3:0,48,10,45979.073517513134:44464.36769180103:9916.427430834323:6554.48514990766:4405.709569867467:636.7645183153998:577.12842325766:61.505995218719534:56.28049811664119:22.225109642091674:5.752028148275414:4.917698992059385:1.5100331013305894:0.4585672183018755:0.2762616544175836:0.14981031862397162,0.0013283951842187314
3,6,5,1:-5:3,5:3:1,42,10,42312.466383258026:40986.287071095794:8967.740390032917:5899.269799751902:3962.1497489772887:567.2617440791406:513.527725391257:57.975677362580214:52.81662775106978:20.65438777149818:5.305303305674467:4.548316504853404:1.4650128469041426:0.43864526861416486:0.26325799998053356:0.145261785829768,0.0013566146658232523
3,6,5,2:-5:3,5:3:2,36,10,33315.13661305366:32426.036006145627:6748.8467496529165:4378.530660201489:2929.497612676112:409.7749588682211:369.92328040342034:48.95858929981281:44.04454489599554:16.774542690394256:4.224252640689266:3.6572302857118606:1.3435770090224086:0.3866541027862193:0.22963888310791558:0.13287481865053055,0.0014426527669899878
3,6,5,3:-5:3,5:3:3,18,10,23066.720043815094:22615.129054218036:4412.118409932816:2802.1307610711865:1857.6058310390936:253.02368602747293:227.77370035272634:37.841119436404284:33.40561479306905:12.271874464845105:3.010342717065812:2.662993575135914:1.1758760409398534:0.31971764823646853:0.18706260102288677:0.11566246686991469,0.0015899901358843596
3,6,5,-3:-4:3,4:3:3,36,10,45979.07351751315:44464.367691801024:9916.427430834328:6554.485149907661:4405.709569867466:636.7645183153995:577.1284232576604:61.50599521871942:56.280498116641276:22.225109642091624:5.7520281482747055:4.917698992059135:1.5100331013305308:0.45856721830174313:0.276261654417151:0.14981031862388675,0.0013283951842187301
3,6,5,-2:-4:3,4:3:2,72,10,71663.95928943598:68728.18515749494:17286.7899084982:11710.258150586307:7854.874278934116:1212.7676207988702:1108.5824835680323:84.67569504052811:79.32679144542251:33.181318563478555:9.01398054039081:7.63336578829623:1.7808741932161603:0.5848626066051047:0.3602027195970249:0.17650035405209802,0.0011914830359858084
3,6,5,-1:-4:3,4:3:1,84,10,95863.65922712229:91537.35532354444:25415.217686179854:17484.25808842292:11627.637120921296:1909.1487567939987:1759.1663729782883:104.96820204584662:99.78875038474199:43.56339647921899:12.348754349188436:10.442662394262474:1.9933732728835267:0.6908894393650292:0.432624259783689:0.19655595849879057,0.0011135185466653965
3,6,5,0:-4:3,4:3:0,96,10,106089.76545171293:101189.37865421748:29205.065889920777:20201.505249597292:13374.261258920094:2253.1009586926884:2083.013575557869:113.2879965945472:108.205794227771:47.991038120047186:13.847398291487261:11.715938624154068:2.075605444897971:0.7334397855816756:0.4621828410445202:0.2041106818685384,0.0010884100676864605
3,6,5,1:-4:3,4:3:1,84,10,95863.65922712223:91537.3553235444:25415.217686179865:17484.258088422917:11627.63712092129:1909.1487567939987:1759.1663729782886:104.96820204584688:99.78875038474196:43.56339647921899:12.34875434918923:10.442662394262088:1.9933732728826172:0.6908894393648843:0.4326242597837347:0.19655595849919832,0.0011135185466653983
3,6,5,2:-4:3,4:3:2,72,10,71663.95928943601:68728.18515749497:17286.78990849821:11710.258150586296:7854.874278934114:1212.7676207988723:1108.5824835680312:84.67569504052808:79.32679144542293:33.18131856347846:9.013980540390326:7.633365788296897:1.7808741932162981:0.5848626066051144:0.3602027195969937:0.17650035405333972,0.0011914830359858106
3,6,5,3:-4:3,4:3:3,36,10,45979.073517513156:44464.367691801024:9916.427430834323:6554.4851499076585:4405.709569867468:636.7645183153998:577.12842325766:61.50599521871935:56.28049811664113:22.22510964209125:5.752028148275052:4.917698992059057:1.510033101330612:0.45856721830187197:0.27626165441826495:0.14981031862349245,0.0013283951842187264
3,6,5,-5:-3:3,5:3:3,18,10,23066.720043815098:22615.129054218043:4412.118409932816:2802.1307610711856:1857.6058310390936:253.02368602747305:227.7737003527261:37.84111943640434:33.40561479306905:12.271874464844922:3.0103427170658605:2.6629935751360096:1.1758760409399378:0.3197176482365052:0.18706260102289285:0.11566246686998367,0.0015899901358843594
3,6,5,-4:-3:3,4:3:3,36,10,45979.073517513185:44464.36769180102:9916.427430834325:6554.485149907659:4405.709569867466:636.7645183153991:577.12842325766:61.50599521871965:56.2804981166411:22.225109642091585:5.752028148274877:4.917698992059069:1.5100331013309098:0.4585672183017558:0.27626165441789924:0.14981031862354952,0.0013283951842187303
3,6,5,-3:-3:3,3:3:3,81,10,86814.87439338828:83006.46958100176:22238.829296159824:15218.926502923698:10158.075790186937:1630.1108762904348:1497.5882478830076:97.49778619102356:92.23917105718523:39.66740686786045:11.06851794635676:9.360225599820806:1.9172634311519574:0.6522544095249702:0.406030731318164:0.18946251812339182,0.0011390908831312614
3,6,5,-2:-3:3,3:3:2,126,10,145706.79297790563:138827.79556096965:45943.11030893816:32402.74669568531:21053.704411086375:3910.6750490670884:3660.7437671499147:144.85805270957604:140.02183179284944:65.43540681496664:20.241765653475177:17.221321811750812:2.3671613046459825:0.8909597982975209:0.5740860178438298:0.23004472149026886,0.001016277046484531
3,6,5,-1:-3:3,3:3:1,147,10,203818.54477429096:195498.95768134732:76566.8068364634:55827.666580443045:35454.03377811033:7556.02570975821:7193.063005283029:191.3790375765252:185.5727065001522:91.93750684414361:31.732918549682992:27.385344073309263:2.7489407607622636:1.113215515985168:0.7388007410070404:0.2622999472736807,0.000949769219900043
3,6,5,0:-3:3,3:3:0,168,10,228670.82024538208:220651.00660298002:91849.11026579441:68233.89304497093:43077.78275550639:9718.011940899538:9312.529716241246:212.03398708691887:204.94984381198557:103.60252706354422:37.62928647708708:32.71974076145896:2.9030173685733067:1.2083888109799688:0.8118927987032026:0.2748857376665372,0.0009289490545892622
3,6,5,1:-3:3,3:3:1,147,10,203818.54477429093:195498.95768134727:76566.80683646338:55827.66658044304:35454.03377811033:7556.025709758208:7193.06300528302:191.37903757652558:185.57270650014942:91.93750684414132:31.732918549684598:27.385344073312492:2.7489407607632397:1.1132155159858144:0.7388007410046439:0.26229994727256445,0.0009497692199000369
3,6,5,2:-3:3,3:3:2,126,10,145706.79297790566:138827.79556096962:45943.11030893817:32402.746695685313:21053.704411086383:3910.6750490670825:3660.743767149915:144.85805270957567:140.02183179284827:65.4354068149674:20.241765653476595:17.22132181174976:2.3671613046466127:0.8909597982972115:0.5740860178434873:0.23004472149044475,0.0010162770464845275
3,6,5,3:-3:3,3:3:3,81,10,86814.87439338827:83006.46958100176:22238.829296159816:15218.926502923705:10158.075790186935:1630.1108762904364:1497.5882478830074:97.49778619102344:92.23917105718579:39.66740686786042:11.068517946356693:9.360225599822307:1.917263431152407:0.6522544095241054:0.40603073131893197:0.18946251812015308,0.0011390908831312642
3,6,5,4:-3:3,4:3:3,36,10,45979.073517513185:44464.36769180102:9916.427430834325:6554.485149907659:4405.709569867466:636.7645183153991:577.12842325766:61.50599521871965:56.2804981166411:22.225109642091585:5.752028148274877:4.917698992059069:1.5100331013309098:0.4585672183017558:0.27626165441789924:0.14981031862354952,0.0013283951842187303
3,6,5,5:-3:3,5:3:3,18,10,23066.720043815083:22615.129054218025:4412.118409932814:2802.1307610711865:1857.6058310390936:253.02368602747265:227.7737003527261:37.841119436404405:33.40561479306913:12.271874464844979:3.0103427170657704:2.6629935751360536:1.1758760409398432:0.319717648236486:0.1870626010229888:0.11566246686986292,0.001589990135884364
3,6,5,-5:-2:3,5:3:2,36,10,33315.136613053684:32426.03600614564:6748.84674965292:4378.53066020149:2929.497612676112:409.7749588682208:369.9232804034206:48.958589299812836:44.044544895995585:16.77454269039464:4.224252640689406:3.657230285711643:1.3435770090225265:0.3866541027865577:0.22963888310842268:0.13287481865029674,0.0014426527669899902
3,6,5,-4:-2:3,4:3:2,72,10,71663.95928943605:68728.18515749495:17286.78990849821:11710.258150586293:7854.874278934114:1212.767620798872:1108.582483568032:84.67569504052796:79.32679144542283:33.18131856347871:9.013980540389356:7.63336578829647:1.7808741932163024:0.584862606604993:0.36020271959664435:0.17650035405284015,0.0011914830359858084
3,6,5,-3:-2:3,3:3:2,126,10,145706.79297790572:138827.79556096968:45943.11030893818:32402.746695685324:21053.704411086386:3910.6750490670925:3660.743767149917:144.85805270957573:140.02183179284802:65.43540681497007:20.24176565347577:17.221321811753782:2.3671613046453674:0.8909597982970564:0.5740860178437234:0.23004472148963975,0.0010162770464845314
3,6,5,-2:-2:3,3:2:2,180,10,256796.95165581815:250125.43229997074:110613.21114510555:84321.90054460337:53085.77266709808:12757.229564873249:12310.9508671719:236.34671085371141:226.93369001330163:117.03813285245626:45.19975477406598:39.67182211591831:3.0736163810375676:1.3177949747500686:0.8979166233801159:0.2886013271189758,0.0009087419135126079
3,6,5,-1:-2:3,3:2:1,210,10,379072.9154024665:363228.6732786964:191062.12202643388:171051.5643768873:112206.39319016284:34111.691701740056:33621.89581253997:342.3323624165922:311.6992701255547:170.49537865461068:86.72254799269528:79.34830308517347:3.705754075808689:1.7682608493389291:1.2772067534908624:0.33839712357421586,0.0008497363337411008
3,6,5,0:-2:3,3:2:0,240,10,443855.9867094:406218.8913304905:224143.03096892042:221645.40230771806:152481.71231269112:51236.92507119836:50785.73322258508:393.6136101931644:346.88612364521947:194.01500168131795:112.80967780443515:105.16425516663922:3.961691738682544:1.9780123938544114:1.4698002703027877:0.3587381235624747,0.0008290861220954379
3,6,5,1:-2:3,3:2:1,210,10,379072.9154024665:363228.6732786962:191062.12202643405:171051.56437688746:112206.39319016281:34111.69170174004:33621.895812539915:342.33236241659273:311.69927012554734:170.4953786546093:86.72254799269068:79.34830308516092:3.705754075819003:1.7682608493315815:1.2772067534948122:0.3383971235686865,0.0008497363337410887
3,6,5,2:-2:3,3:2:2,180,10,256796.95165581812:250125.43229997074:110613.21114510566:84321.90054460336:53085.77266709811:12757.229564873265:12310.950867171892:236.34671085370994:226.93369001330285:117.03813285246025:45.19975477406705:39.67182211591617:3.073616381032146:1.3177949747447566:0.8979166233849422:0.2886013271227728,0.0009087419135126104
3,6,5,3:-2:3,3:3:2,126,10,145706.79297790574:138827.79556096974:45943.11030893817:32402.74669568533:21053.704411086386:3910.675049067089:3660.7437671499097:144.85805270957616:140.02183179285004:65.43540681496624:20.241765653472328:17.221321811752116:2.367161304646063:0.8909597982971554:0.574086017842733:0.23004472149089633,0.0010162770464845312
3,6,5,4:-2:3,4:3:2,72,10,71663.95928943592:68728.18515749494:17286.789908498202:11710.2581505863:7854.874278934114:1212.7676207988704:1108.582483568032:84.67569504052757:79.3267914454226:33.181318563478555:9.013980540389642:7.633365788297621:1.7808741932158256:0.5848626066053576:0.36020271959716327:0.17650035405171113,0.0011914830359858058
3,6,5,5:-2:3,5:3:2,36,10,33315.136613053655:32426.03600614563:6748.846749652919:4378.53066020149:2929.4976126761117:409.7749588682204:369.9232804034205:48.95858929981283:44.04454489599578:16.774542690394544:4.224252640689299:3.657230285711558:1.3435770090222199:0.38665410278679135:0.22963888310809222:0.1328748186505593,0.0014426527669899926
3,6,5,-5:-1:3,5:3:1,42,10,42312.46638325803:40986.28707109579:8967.740390032925:5899.2697997519035:3962.149748977285:567.2617440791405:513.5277253912566:57.97567736258003:52.81662775107002:20.654387771498193:5.305303305674495:4.548316504853228:1.4650128469045618:0.43864526861444714:0.2632579999807025:0.14526178583046037,0.0013566146658232528
3,6,5,-4:-1:3,4:3:1,84,10,95863.65922712229:91537.35532354444:25415.21768617988:17484.25808842293:11627.637120921292:1909.1487567939973:1759.1663729782883:104.96820204584732:99.78875038474213:43.56339647921853:12.348754349188813:10.442662394262346:1.993373272884284:0.6908894393670846:0.4326242597805907:0.19655595850173166,0.0011135185466654
3,6,5,-3:-1:3,3:3:1,147,10,203818.54477429087:195498.9576813473:76566.80683646334:55827.66658044304:35454.03377811033:7556.025709758218:7193.063005283022:191.37903757652472:185.572706500151:91.93750684414545:31.732918549686385:27.385344073311455:2.7489407607581073:1.1132155159841808:0.7388007410056965:0.26229994727683625,0.0009497692199000434
3,6,5,-2:-1:3,3:2:1,210,10,379072.91540246643:363228.6732786962:191062.12202643396:171051.56437688737:112206.39319016278:34111.69170174001:33621.89581253997:342.33236241659534:311.6992701255499:170.495378654611:86.72254799268848:79.34830308516564:3.7057540758227354:1.7682608493389884:1.2772067534937857:0.33839712356941815,0.0008497363337410961
3,6,5,-1:-1:3,3:1:1,245,11,619563.1976813404:501415.7757853086:377719.3511566662:315517.34425115335:290845.06769710773:140644.36337411965:140240.95084605226:524.2878281196251:425.759291022496:258.5534768751874:211.6438468236017:205.22214092665422:4.520889706811691:2.5460457117489703:2.060477946523417:0.4073820947816588,0.0007803856509352437
3,6,5,0:-1:3,3:1:0,280,12,716966.0918017966:552069.0950983285:485789.2547135969:456467.9074962413:343321.5784929564:270100.08403577295:269239.24247592955:587.0971346063261:466.45945446930165:318.63389956881264:310.9284569100536:302.36321007816343:4.767226791504126:2.940090875751966:2.558918659020899:0.43691727219581683,0.0007470607040511679
3,6,5,1:-1:3,3:1:1,245,11,619563.1976813403:501415.77578530874:377719.3511566663:315517.34425115323:290845.0676971078:140644.36337411957:140240.95084605232:524.2878281196254:425.7592910224992:258.55347687519014:211.6438468236095:205.2221409266451:4.520889706809609:2.5460457117471287:2.0604779465308125:0.40738209478690446,0.0007803856509352463
3,6,5,2:-1:3,3:2:1,210,10,379072.9154024664:363228.673278696:191062.12202643402:171051.56437688725:112206.39319016284:34111.691701740056:33621.89581253997:342.3323624165926:311.69927012554706:170.49537865460266:86.72254799268907:79.34830308516291:3.705754075820372:1.7682608493430998:1.2772067534965612:0.3383971235722266,0.000849736333741085
3,6,5,3:-1:3,3:3:1,147,10,203818.54477429084:195498.9576813473:76566.80683646335:55827.666580443:35454.03377811034:7556.025709758216:7193.0630052830165:191.37903757652273:185.5727065001525:91.93750684414796:31.732918549683063:27.385344073313668:2.7489407607613052:1.113215515984573:0.738800741006319:0.26229994726914974,0.0009497692199000445
3,6,5,4:-1:3,4:3:1,84,10,95863.65922712226:91537.35532354446:25415.21768617986:17484.258088422925:11627.637120921298:1909.1487567939996:1759.166372978288:104.9682020458476:99.78875038474199:43.56339647921979:12.34875434918758:10.442662394262307:1.9933732728837816:0.6908894393652187:0.43262425978220265:0.19655595850189195,0.0011135185466654024
3,6,5,5:-1:3,5:3:1,42,10,42312.466383258026:40986.287071095765:8967.740390032923:5899.269799751897:3962.1497489772896:567.2617440791407:513.527725391257:57.97567736257984:52.81662775106956:20.65438777149814:5.305303305674421:4.548316504852831:1.46501284690405:0.4386452686155701:0.2632579999806387:0.14526178583026567,0.0013566146658232456
3,6,5,-5:0:3,5:3:0,48,10,45979.07351751316:44464.36769180102:9916.427430834321:6554.485149907658:4405.7095698674675:636.7645183153995:577.1284232576598:61.50599521871946:56.28049811664112:22.22510964209156:5.752028148274984:4.917698992059025:1.5100331013306156:0.4585672183016094:0.2762616544172712:0.14981031862386823,0.0013283951842187286
3,6,5,-4:0:3,4:3:0,96,10,106089.76545171296:101189.37865421746:29205.065889920796:20201.505249597303:13374.261258920098:2253.100958692688:2083.0135755578694:113.28799659454681:108.20579422777078:47.99103812004781:13.847398291483966:11.715938624154871:2.075605444897508:0.7334397855820612:0.46218284104535917:0.20411068186839595,0.0010884100676864575
3,6,5,-3:0:3,3:3:0,168,10,228670.820245382:220651.00660298005:91849.11026579441:68233.89304497094:43077.782755506385:9718.011940899552:9312.529716241246:212.0339870869189:204.94984381198788:103.60252706354402:37.629286477088066:32.719740761458134:2.9030173685726184:1.2083888109808962:0.8118927987045377:0.27488573766413804,0.0009289490545892666
3,6,5,-2:0:3,3:2:0,240,10,443855.9867094:406218.8913304905:224143.0309689205:221645.40230771812:152481.71231269118:51236.9250711984:50785.73322258508:393.6136101931575:346.8861236452075:194.0150016813215:112.80967780443518:105.16425516662291:3.961691738682351:1.9780123938566099:1.4698002703046606:0.3587381235623361,0.0008290861220954184
3,6,5,-1:0:3,3:1:0,280,12,716966.0918017965:552069.0950983284:485789.2547135972:456467.9074962414:343321.5784929564:270100.0840357729:269239.2424759295:587.0971346063172:466.459454469305:318.6338995688075:310.9284569100419:302.36321007815496:4.767226791511235:2.940090875738273:2.5589186590013053:0.436917272193733,0.0007470607040511577
3,6,5,0:0:3,3:0:0,320,12,603511.6964095671:603511.5646044074:603511.5646044062:603497.2107962363:603497.210796236:601052.5167738365:601052.5167738363:505.1849173659393:504.50191725001514:504.50191725001247:486.5639703416169:486.5639703416156:4.775139509916615:3.4466919792147506:3.4466919792050077:0.47112627799135987,0.0006975850985987523
3,6,5,1:0:3,3:1:0,280,12,716966.0918017965:552069.0950983285:485789.2547135971:456467.9074962414:343321.57849295635:270100.08403577283:269239.2424759295:587.0971346063174:466.45945446930597:318.63389956880224:310.9284569100245:302.3632100781462:4.767226791511254:2.940090875737752:2.558918659002871:0.4369172721916536,0.0007470607040511494
3,6,5,2:0:3,3:2:0,240,10,443855.98670940014:406218.89133049065:224143.03096892044:221645.402307718:152481.7123126912:51236.925071198384:50785.7332225851:393.61361019315785:346.8861236452269:194.01500168132162:112.80967780444035:105.16425516662106:3.96169173868426:1.9780123938558785:1.4698002703033706:0.3587381235631923,0.0008290861220954366
3,6,5,3:0:3,3:3:0,168,10,228670.82024538188:220651.00660298005:91849.11026579441:68233.89304497092:43077.78275550639:9718.011940899529:9312.529716241246:212.0339870869191:204.94984381198844:103.60252706354447:37.629286477085344:32.719740761459995:2.9030173685787446:1.2083888109806649:0.8118927987043271:0.2748857376640675,0.0009289490545892686
3,6,5,4:0:3,4:3:0,96,10,106089.765451713:101189.37865421746:29205.06588992078:20201.505249597285:13374.26125892009:2253.1009586926884:2083.0135755578685:113.28799659454668:108.20579422777048:47.99103812004784:13.847398291482355:11.715938624155031:2.0756054448983607:0.7334397855811255:0.4621828410449103:0.20411068186838163,0.0010884100676864547
3,6,5,5:0:3,5:3:0,48,10,45979.07351751314:44464.36769180102:9916.427430834325:6554.485149907656:4405.709569867467:636.7645183153994:577.1284232576597:61.50599521871964:56.2804981166411:22.22510964209144:5.752028148274999:4.917698992059722:1.5100331013299493:0.458567218301859:0.276261654417631:0.14981031862408797,0.001328395184218731
3,6,5,-5:1:3,5:3:1,42,10,42312.46638325803:40986.28707109579:8967.740390032925:5899.2697997519035:3962.149748977285:567.2617440791405:513.5277253912566:57.97567736258003:52.81662775107002:20.654387771498193:5.305303305674495:4.548316504853228:1.4650128469045618:0.43864526861444714:0.2632579999807025:0.14526178583046037,0.0013566146658232528
3,6,5,-4:1:3,4:3:1,84,10,95863.65922712229:91537.35532354444:25415.21768617988:17484.25808842293:11627.637120921292:1909.1487567939973:1759.1663729782883:104.96820204584732:99.78875038474213:43.56339647921853:12.348754349188813:10.442662394262346:1.993373272884284:0.6908894393670846:0.4326242597805907:0.19655595850173166,0.0011135185466654
3,6,5,-3:1:3,3:3:1,147,10,203818.54477429087:195498.9576813473:76566.80683646334:55827.66658044304:35454.03377811033:7556.025709758218:7193.063005283022:191.37903757652472:185.572706500151:91.93750684414545:31.732918549686385:27.385344073311455:2.7489407607581073:1.1132155159841808:0.7388007410056965:0.26229994727683625,0.0009497692199000434
3,6,5,-2:1:3,3:2:1,210,10,379072.91540246643:363228.6732786962:191062.12202643396:171051.56437688737:112206.39319016278:34111.69170174001:33621.89581253997:342.33236241659534:311.6992701255499:170.495378654611:86.72254799268848:79.34830308516564:3.7057540758227354:1.7682608493389884:1.2772067534937857:0.33839712356941815,0.0008497363337410961
3,6,5,-1:1:3,3:1:1,245,11,619563.1976813404:501415.7757853086:377719.3511566662:315517.34425115335:290845.06769710773:140644.36337411965:140240.95084605226:524.2878281196251:425.759291022496:258.5534768751874:211.6438468236017:205.22214092665422:4.520889706811691:2.5460457117489703:2.060477946523417:0.4073820947816588,0.0007803856509352437
3,6,5,0:1:3,3:1:0,280,12,716966.0918017966:552069.0950983285:485789.2547135969:456467.9074962413:343321.5784929564:270100.08403577295:269239.24247592955:587.0971346063261:466.45945446930165:318.63389956881264:310.9284569100536:302.36321007816343:4.767226791504126:2.940090875751966:2.558918659020899:0.43691727219581683,0.0007470607040511679
3,6,5,1:1:3,3:1:1,245,11,619563.1976813403:501415.77578530874:377719.3511566663:315517.34425115323:290845.0676971078:140644.36337411957:140240.95084605232:524.2878281196254:425.7592910224992:258.55347687519014:211.6438468236095:205.2221409266451:4.520889706809609:2.5460457117471287:2.0604779465308125:0.40738209478690446,0.0007803856509352463
3,6,5,2:1:3,3:2:1,210,10,379072.9154024664:363228.673278696:191062.12202643402:171051.56437688725:112206.39319016284:34111.691701740056:33621.89581253997:342.3323624165926:311.69927012554706:170.49537865460266:86.72254799268907:79.34830308516291:3.705754075820372:1.7682608493430998:1.2772067534965612:0.3383971235722266,0.000849736333741085
3,6,5,3:1:3,3:3:1,147,10,203818.54477429084:195498.9576813473:76566.80683646335:55827.666580443:35454.03377811034:7556.025709758216:7193.0630052830165:191.37903757652273:185.5727065001525:91.93750684414796:31.732918549683063:27.385344073313668:2.7489407607613052:1.113215515984573:0.738800741006319:0.26229994726914974,0.0009497692199000445
3,6,5,4:1:3,4:3:1,84,10,95863.65922712226:91537.35532354446:25415.21768617986:17484.258088422925:11627.637120921298:1909.1487567939996:1759.166372978288:104.9682020458476:99.78875038474199:43.56339647921979:12.34875434918758:10.442662394262307:1.9933732728837816:0.6908894393652187:0.43262425978220265:0.19655595850189195,0.0011135185466654024
3,6,5,5:1:3,5:3:1,42,10,42312.466383258026:40986.287071095765:8967.740390032923:5899.269799751897:3962.1497489772896:567.2617440791407:513.527725391257:57.97567736257984:52.81662775106956:20.65438777149814:5.305303305674421:4.548316504852831:1.46501284690405:0.4386452686155701:0.2632579999806387:0.14526178583026567,0.0013566146658232456
3,6,5,-5:2:3,5:3:2,36,10,33315.136613053684:32426.03600614564:6748.84674965292:4378.53066020149:2929.497612676112:409.7749588682208:369.9232804034206:48.958589299812836:44.044544895995585:16.77454269039464:4.224252640689406:3.657230285711643:1.3435770090225265:0.3866541027865577:0.22963888310842268:0.13287481865029674,0.0014426527669899902
3,6,5,-4:2:3,4:3:2,72,10,71663.95928943605:68728.18515749495:17286.78990849821:11710.258150586293:7854.874278934114:1212.767620798872:1108.582483568032:84.67569504052796:79.32679144542283:33.18131856347871:9.013980540389356:7.63336578829647:1.7808741932163024:0.584862606604993:0.36020271959664435:0.17650035405284015,0.0011914830359858084
3,6,5,-3:2:3,3:3:2,126,10,145706.79297790572:138827.79556096968:45943.11030893818:32402.746695685324:21053.704411086386:3910.6750490670925:3660.743767149917:144.85805270957573:140.02183179284802:65.43540681497007:20.24176565347577:17.221321811753782:2.3671613046453674:0.8909597982970564:0.5740860178437234:0.23004472148963975,0.0010162770464845314
3,6,5,-2:2:3,3:2:2,180,10,256796.95165581815:250125.43229997074:110613.21114510555:84321.90054460337:53085.77266709808:12757.229564873249:12310.9508671719:236.34671085371141:226.93369001330163:117.03813285245626:45.19975477406598:39.67182211591831:3.0736163810375676:1.3177949747500686:0.8979166233801159:0.2886013271189758,0.0009087419135126079
3,6,5,-1:2:3,3:2:1,210,10,379072.9154024665:363228.6732786964:191062.12202643388:171051.5643768873:112206.39319016284:34111.691701740056:33621.89581253997:342.3323624165922:311.6992701255547:170.49537865461068:86.72254799269528:79.34830308517347:3.705754075808689:1.7682608493389291:1.2772067534908624:0.33839712357421586,0.0008497363337411008
3,6,5,0:2:3,3:2:0,240,10,443855.9867094:406218.8913304905:224143.03096892042:221645.40230771806:152481.71231269112:51236.92507119836:50785.73322258508:393.6136101931644:346.88612364521947:194.01500168131795:112.80967780443515:105.16425516663922:3.961691738682544:1.9780123938544114:1.4698002703027877:0.3587381235624747,0.0008290861220954379
3,6,5,1:2:3,3:2:1,210,10,379072.9154024665:363228.6732786962:191062.12202643405:171051.56437688746:112206.39319016281:34111.69170174004:33621.895812539915:342.33236241659273:311.69927012554734:170.4953786546093:86.72254799269068:79.34830308516092:3.705754075819003:1.7682608493315815:1.2772067534948122:0.3383971235686865,0.0008497363337410887
3,6,5,2:2:3,3:2:2,180,10,256796.95165581812:250125.43229997074:110613.21114510566:84321.90054460336:53085.77266709811:12757.229564873265:12310.950867171892:236.34671085370994:226.93369001330285:117.03813285246025:45.19975477406705:39.67182211591617:3.073616381032146:1.3177949747447566:0.8979166233849422:0.2886013271227728,0.0009087419135126104
3,6,5,3:2:3,3:3:2,126,10,145706.79297790574:138827.79556096974:45943.11030893817:32402.74669568533:21053.704411086386:3910.675049067089:3660.7437671499097:144.85805270957616:140.02183179285004:65.43540681496624:20.241765653472328:17.221321811752116:2.367161304646063:0.8909597982971554:0.574086017842733:0.23004472149089633,0.0010162770464845312
3,6,5,4:2:3,4:3:2,72,10,71663.95928943592:68728.18515749494:17286.789908498202:11710.2581505863:7854.874278934114:1212.7676207988704:1108.582483568032:84.67569504052757:79.3267914454226:33.181318563478555:9.013980540389642:7.633365788297621:1.7808741932158256:0.5848626066053576:0.36020271959716327:0.17650035405171113,0.0011914830359858058
3,6,5,5:2:3,5:3:2,36,10,33315.136613053655:32426.03600614563:6748.846749652919:4378.53066020149:2929.4976126761117:409.7749588682204:369.9232804034205:48.95858929981283:44.04454489599578:16.774542690394544:4.224252640689299:3.657230285711558:1.3435770090222199:0.38665410278679135:0.22963888310809222:0.1328748186505593,0.0014426527669899926
3,6,5,-5:3:3,5:3:3,18,10,23066.720043815098:22615.129054218043:4412.118409932816:2802.1307610711856:1857.6058310390936:253.02368602747305:227.7737003527261:37.84111943640434:33.40561479306905:12.271874464844922:3.0103427170658605:2.6629935751360096:1.1758760409399378:0.3197176482365052:0.18706260102289285:0.11566246686998367,0.0015899901358843594
3,6,5,-4:3:3,4:3:3,36,10,45979.073517513185:44464.36769180102:9916.427430834325:6554.485149907659:4405.709569867466:636.7645183153991:577.12842325766:61.50599521871965:56.2804981166411:22.225109642091585:5.752028148274877:4.917698992059069:1.5100331013309098:0.4585672183017558:0.27626165441789924:0.14981031862354952,0.0013283951842187303
3,6,5,-3:3:3,3:3:3,81,10,86814.87439338828:83006.46958100176:22238.829296159824:15218.926502923698:10158.075790186937:1630.1108762904348:1497.5882478830076:97.49778619102356:92.23917105718523:39.66740686786045:11.06851794635676:9.360225599820806:1.9172634311519574:0.6522544095249702:0.406030731318164:0.18946251812339182,0.0011390908831312614
3,6,5,-2:3:3,3:3:2,126,10,145706.79297790563:138827.79556096965:45943.11030893816:32402.74669568531:21053.704411086375:3910.6750490670884:3660.7437671499147:144.85805270957604:140.02183179284944:65.43540681496664:20.241765653475177:17.221321811750812:2.3671613046459825:0.8909597982975209:0.5740860178438298:0.23004472149026886,0.001016277046484531
3,6,5,-1:3:3,3:3:1,147,10,203818.54477429096:195498.95768134732:76566.8068364634:55827.666580443045:35454.03377811033:7556.02570975821:7193.063005283029:191.3790375765252:185.5727065001522:91.93750684414361:31.732918549682992:27.385344073309263:2.7489407607622636:1.113215515985168:0.7388007410070404:0.2622999472736807,0.000949769219900043
3,6,5,0:3:3,3:3:0,168,10,228670.82024538208:220651.00660298002:91849.11026579441:68233.89304497093:43077.78275550639:9718.011940899538:9312.529716241246:212.03398708691887:204.94984381198557:103.60252706354422:37.62928647708708:32.71974076145896:2.9030173685733067:1.2083888109799688:0.8118927987032026:0.2748857376665372,0.0009289490545892622
3,6,5,1:3:3,3:3:1,147,10,203818.54477429093:195498.95768134727:76566.80683646338:55827.66658044304:35454.03377811033:7556.025709758208:7193.06300528302:191.37903757652558:185.57270650014942:91.93750684414132:31.732918549684598:27.385344073312492:2.7489407607632397:1.1132155159858144:0.7388007410046439:0.26229994727256445,0.0009497692199000369
3,6,5,2:3:3,3:3:2,126,10,145706.79297790566:138827.79556096962:45943.11030893817:32402.746695685313:21053.704411086383:3910.6750490670825:3660.743767149915:144.85805270957567:140.02183179284827:65.4354068149674:20.241765653476595:17.22132181174976:2.3671613046466127:0.8909597982972115:0.5740860178434873:0.23004472149044475,0.0010162770464845275
3,6,5,3:3:3,3:3:3,81,10,86814.87439338827:83006.46958100176:22238.829296159816:15218.926502923705:10158.075790186935:1630.1108762904364:1497.5882478830074:97.49778619102344:92.23917105718579:39.66740686786042:11.068517946356693:9.360225599822307:1.917263431152407:0.6522544095241054:0.40603073131893197:0.18946251812015308,0.0011390908831312642
3,6,5,4:3:3,4:3:3,36,10,45979.073517513185:44464.36769180102:9916.427430834325:6554.485149907659:4405.709569867466:636.7645183153991:577.12842325766:61.50599521871965:56.2804981166411:22.225109642091585:5.752028148274877:4.917698992059069:1.5100331013309098:0.4585672183017558:0.27626165441789924:0.14981031862354952,0.0013283951842187303
3,6,5,5:3:3,5:3:3,18,10,23066.720043815083:22615.129054218025:4412.118409932814:2802.1307610711865:1857.6058310390936:253.02368602747265:227.7737003527261:37.841119436404405:33.40561479306913:12.271874464844979:3.0103427170657704:2.6629935751360536:1.1758760409398432:0.319717648236486:0.1870626010229888:0.11566246686986292,0.001589990135884364
3,6,5,-3:4:3,4:3:3,36,10,45979.07351751315:44464.367691801024:9916.427430834328:6554.485149907661:4405.709569867466:636.7645183153995:577.1284232576604:61.50599521871942:56.280498116641276:22.225109642091624:5.7520281482747055:4.917698992059135:1.5100331013305308:0.45856721830174313:0.276261654417151:0.14981031862388675,0.0013283951842187301
3,6,5,-2:4:3,4:3:2,72,10,71663.95928943598:68728.18515749494:17286.7899084982:11710.258150586307:7854.874278934116:1212.7676207988702:1108.5824835680323:84.67569504052811:79.32679144542251:33.181318563478555:9.01398054039081:7.63336578829623:1.7808741932161603:0.5848626066051047:0.3602027195970249:0.17650035405209802,0.0011914830359858084
3,6,5,-1:4:3,4:3:1,84,10,95863.65922712229:91537.35532354444:25415.217686179854:17484.25808842292:11627.637120921296:1909.1487567939987:1759.1663729782883:104.96820204584662:99.78875038474199:43.56339647921899:12.348754349188436:10.442662394262474:1.9933732728835267:0.6908894393650292:0.432624259783689:0.19655595849879057,0.0011135185466653965
3,6,5,0:4:3,4:3:0,96,10,106089.76545171293:101189.37865421748:29205.065889920777:20201.505249597292:13374.261258920094:2253.1009586926884:2083.013575557869:113.2879965945472:108.205794227771:47.991038120047186:13.847398291487261:11.715938624154068:2.075605444897971:0.7334397855816756:0.4621828410445202:0.2041106818685384,0.0010884100676864605
3,6,5,1:4:3,4:3:1,84,10,95863.65922712223:91537.3553235444:25415.217686179865:17484.258088422917:11627.63712092129:1909.1487567939987:1759.1663729782886:104.96820204584688:99.78875038474196:43.56339647921899:12.34875434918923:10.442662394262088:1.9933732728826172:0.6908894393648843:0.4326242597837347:0.19655595849919832,0.0011135185466653983
3,6,5,2:4:3,4:3:2,72,10,71663.95928943601:68728.18515749497:17286.78990849821:11710.258150586296:7854.874278934114:1212.7676207988723:1108.5824835680312:84.67569504052808:79.32679144542293:33.18131856347846:9.013980540390326:7.633365788296897:1.7808741932162981:0.5848626066051144:0.3602027195969937:0.17650035405333972,0.0011914830359858106
3,6,5,3:4:3,4:3:3,36,10,45979.073517513156:44464.367691801024:9916.427430834323:6554.4851499076585:4405.709569867468:636.7645183153998:577.12842325766:61.50599521871935:56.28049811664113:22.22510964209125:5.752028148275052:4.917698992059057:1.510033101330612:0.45856721830187197:0.27626165441826495:0.14981031862349245,0.0013283951842187264
3,6,5,-3:5:3,5:3:3,18,10,23066.72004381509:22615.129054218036:4412.118409932817:2802.130761071187:1857.6058310390931:253.02368602747285:227.77370035272668:37.841119436404234:33.40561479306898:12.271874464845089:3.0103427170656776:2.662993575135966:1.1758760409398628:0.3197176482364948:0.1870626010227407:0.11566246686990374,0.001589990135884357
3,6,5,-2:5:3,5:3:2,36,10,33315.13661305366:32426.03600614565:6748.846749652919:4378.5306602014925:2929.497612676113:409.7749588682206:369.92328040342045:48.95858929981289:44.04454489599549:16.774542690394465:4.224252640689414:3.657230285711717:1.343577009021881:0.3866541027861933:0.22963888310763175:0.13287481865087916,0.0014426527669899889
3,6,5,-1:5:3,5:3:1,42,10,42312.46638325799:40986.287071095765:8967.740390032921:5899.269799751901:3962.149748977284:567.2617440791399:513.5277253912576:57.97567736257993:52.816627751069966:20.654387771498104:5.305303305674792:4.548316504853126:1.4650128469047774:0.4386452686143268:0.2632579999801403:0.1452617858296474,0.0013566146658232521
3,6,5,0:5:3,5:3:0,48,10,45979.073517513134:44464.36769180103:9916.427430834323:6554.48514990766:4405.709569867467:636.7645183153998:577.12842325766:61.505995218719534:56.28049811664119:22.225109642091674:5.752028148275414:4.917698992059385:1.5100331013305894:0.4585672183018755:0.2762616544175836:0.14981031862397162,0.0013283951842187314
3,6,5,1:5:3,5:3:1,42,10,42312.466383258026:40986.287071095794:8967.740390032917:5899.269799751902:3962.1497489772887:567.2617440791406:513.527725391257:57.975677362580214:52.81662775106978:20.65438777149818:5.305303305674467:4.548316504853404:1.4650128469041426:0.43864526861416486:0.26325799998053356:0.145261785829768,0.0013566146658232523
3,6,5,2:5:3,5:3:2,36,10,33315.13661305366:32426.036006145627:6748.8467496529165:4378.530660201489:2929.497612676112:409.7749588682211:369.92328040342034:48.95858929981281:44.04454489599554:16.774542690394256:4.224252640689266:3.6572302857118606:1.3435770090224086:0.3866541027862193:0.22963888310791558:0.13287481865053055,0.0014426527669899878
3,6,5,3:5:3,5:3:3,18,10,23066.720043815094:22615.129054218036:4412.118409932816:2802.1307610711865:1857.6058310390936:253.02368602747293:227.77370035272634:37.841119436404284:33.40561479306905:12.271874464845105:3.010342717065812:2.662993575135914:1.1758760409398534:0.31971764823646853:0.18706260102288677:0.11566246686991469,0.0015899901358843596
3,6,5,-3:-3:4,4:3:3,36,11,26915.628861205496:25801.344416880078:10042.010937755678:7292.668035271617:4647.046538810676:981.3780292714073:933.9955692236276:46.700476798184994:44.437190028320416:22.074608058539976:7.405072949483446:6.541272972843175:1.438971570614663:0.4494241015668664:0.31324303576976065:0.1377947604866018,0.0017394080805013482
3,6,5,-2:-3:4,4:3:2,72,11,37259.335213898514:36626.12379841328:16858.826988361114:13140.641192462792:8302.392337600711:2086.7402563509136:2024.354749790322:62.84875085943481:59.05551696930278:31.048000746344027:12.310181442372675:11.058103092257406:1.663093058608947:0.5730469932895529:0.41589384631399134:0.16219319055846165,0.001630605410290329
3,6,5,-1:-3:4,4:3:1,84,11,46249.9724831845:45297.85910367789:22969.101445731307:19573.08639165477:12632.726686147595:3623.2062928548726:3557.1353848027297:77.15556151658745:70.62979228563763:38.40598825315577:17.74039934915134:16.2382561118747:1.8298521388838878:0.6768195540443834:0.507386775203538:0.1806147994557948,0.0015680163338874981
3,6,5,0:-3:4,4:3:0,96,12,50281.979657007745:48301.98947149094:25319.988243706244:22527.293657225106:14776.92473793641:4455.098275820695:4389.958686147557:83.04681706499422:75.02755713184037:41.27078354141698:20.307872503499944:18.736308584213205:1.8917976470750657:0.7184631129446083:0.5456126875844967:0.1875734056994219,0.00154688636868065
3,6,5,1:-3:4,4:3:1,84,11,46249.9724831845:45297.85910367794:22969.101445731318:19573.08639165477:12632.726686147591:3623.2062928548758:3557.1353848027256:77.1555615165875:70.62979228563806:38.40598825315623:17.740399349150312:16.238256111874186:1.8298521388837135:0.676819554043215:0.5073867752032674:0.1806147994558833,0.0015680163338874999
3,6,5,2:-3:4,4:3:2,72,11,37259.335213898514:36626.12379841329:16858.826988361114:13140.641192462792:8302.392337600713:2086.740256350912:2024.354749790324:62.84875085943485:59.05551696930223:31.04800074634388:12.310181442372478:11.05810309225841:1.6630930586085986:0.5730469932904817:0.41589384631406523:0.16219319055828854,0.0016306054102903245
3,6,5,3:-3:4,4:3:3,36,11,26915.628861205496:25801.344416880078:10042.010937755682:7292.668035271619:4647.046538810676:981.3780292714081:933.9955692236282:46.70047679818473:44.43719002832098:22.07460805853992:7.405072949483214:6.541272972842921:1.4389715706143464:0.44942410156673096:0.31324303576978296:0.13779476048612155,0.0017394080805013504
3,6,5,-3:-2:4,4:3:2,72,11,37259.335213898536:36626.123798413304:16858.826988361132:13140.641192462801:8302.392337600711:2086.7402563509117:2024.354749790323:62.84875085943472:59.05551696930324:31.04800074634392:12.31018144237261:11.058103092257213:1.6630930586083565:0.5730469932906688:0.4158938463136291:0.16219319055907103,0.0016306054102903315
3,6,5,-2:-2:4,4:2:2,144,12,54853.02599427799:51464.14327753319:27777.37799933748:26020.57393966192:17460.669107866845:5555.374839956187:5492.516193333263:89.61768224051254:79.7020574912226:44.38116098301582:23.43292652862383:21.809410157229504:1.957071956859891:0.7645027043773354:0.5889690070995103:0.19501143959084627,0.0015252608317528884
3,6,5,-1:-2:4,4:2:1,168,12,72466.86179251196:61803.00953079176:40719.32978909087:35459.56677181228:30777.175165575347:12000.441458053612:11948.534587751625:113.85387359143961:95.2509318920641:55.76991235490509:38.16685581134542:36.59611196381334:2.1712037314657375:0.9365049770382287:0.7626081679943681:0.22075844281266982,0.0014539524352662808
3,6,5,0:-2:4,4:2:0,192,12,79630.2846842296:65483.002071697956:47321.411338144:38917.10442033673:37210.479387684885:16261.547602172885:16210.068681721963:123.25758366326808:100.8196155867593:60.70091663272721:45.996348603577275:44.54546016652584:2.246458742190345:1.0084972542777833:0.8417665255874761:0.2307169356461336,0.0014262903282717626
3,6,5,1:-2:4,4:2:1,168,12,72466.86179251196:61803.00953079172:40719.329789090916:35459.5667718123:30777.175165575358:12000.44145805361:11948.534587751621:113.85387359143925:95.25093189206187:55.769912354904534:38.166855811341726:36.59611196381814:2.1712037314670747:0.9365049770388192:0.7626081679944626:0.22075844281346818,0.0014539524352662682
3,6,5,2:-2:4,4:2:2,144,12,54853.02599427799:51464.143277533214:27777.37799933748:26020.573939661906:17460.66910786684:5555.374839956193:5492.516193333263:89.61768224051269:79.70205749122458:44.38116098301596:23.432926528625636:21.809410157226488:1.9570719568611672:0.764502704378231:0.5889690070995355:0.19501143958967565,0.0015252608317529023
3,6,5,3:-2:4,4:3:2,72,11,37259.33521389851:36626.1237984133:16858.826988361117:13140.6411924628:8302.392337600711:2086.7402563509113:2024.3547497903248:62.848750859434915:59.055516969302644:31.048000746343977:12.310181442372361:11.058103092257943:1.663093058608648:0.573046993289846:0.4158938463135626:0.16219319055758089,0.0016306054102903287
3,6,5,-3:-1:4,4:3:1,84,11,46249.97248318449:45297.85910367788:22969.101445731307:19573.086391654768:12632.726686147595:3623.206292854876:3557.1353848027275:77.15556151658784:70.62979228563806:38.40598825315716:17.740399349151655:16.238256111872875:1.8298521388830584:0.6768195540434814:0.5073867752043129:0.18061479945546388,0.0015680163338875086
3,6,5,-2:-1:4,4:2:1,168,12,72466.86179251196:61803.009530791736:40719.329789090894:35459.56677181227:30777.175165575372:12000.441458053629:11948.534587751627:113.85387359143941:95.25093189206329:55.769912354906154:38.16685581134493:36.5961119638194:2.1712037314666994:0.9365049770386087:0.7626081679952121:0.22075844281425025,0.0014539524352662895
3,6,5,-1:-1:4,4:1:1,196,12,94517.65232916013:73071.87596474293:63104.58637044645:58485.14841942318:44814.826357971295:33013.959923428105:32923.04148968111:141.1715641974865:112.07987700900621:74.9541197622058:69.99393447611585:68.69267970899253:2.389557146849046:1.1832370094032527:1.055329055642858:0.2532499648200162,0.001358698440662244
3,6,5,0:-1:4,4:1:0,224,12,99760.262766834:76934.33273102186:71892.84260137384:70378.11428112694:52217.08226309644:50142.32965782465:49477.364921109365:145.42284710316198:117.53265547715935:89.40076316762911:88.77964400768508:85.3873316983482:2.4442442808585465:1.2902896670304194:1.2068501153198201:0.26607131613257795,0.0013137931019615466
3,6,5,1:-1:4,4:1:1,196,12,94517.65232916016:73071.87596474291:63104.586370446465:58485.14841942318:44814.82635797131:33013.9599234281:32923.0414896811:141.17156419748582:112.07987700900564:74.9541197622082:69.99393447611762:68.69267970899256:2.3895571468456214:1.1832370094024498:1.0553290556419523:0.25324996482229234,0.0013586984406622476
3,6,5,2:-1:4,4:2:1,168,12,72466.86179251198:61803.009530791765:40719.32978909089:35459.566771812264:30777.175165575354:12000.441458053621:11948.534587751616:113.85387359143904:95.25093189206278:55.76991235490683:38.166855811342806:36.59611196381834:2.1712037314658157:0.9365049770379474:0.762608167994126:0.22075844281439516,0.0014539524352662802
3,6,5,3:-1:4,4:3:1,84,11,46249.97248318448:45297.859103677925:22969.101445731318:19573.086391654768:12632.72668614759:3623.2062928548753:3557.1353848027275:77.15556151658814:70.62979228563745:38.40598825315467:17.7403993491513:16.23825611187401:1.8298521388828253:0.6768195540437091:0.5073867752039053:0.1806147994556217,0.0015680163338874958
3,6,5,-3:0:4,4:3:0,96,12,50281.979657007774:48301.989471490946:25319.988243706233:22527.293657225106:14776.924737936404:4455.098275820695:4389.95868614756:83.04681706499345:75.0275571318397:41.27078354141741:20.307872503499116:18.736308584214385:1.8917976470740185:0.718463112944401:0.5456126875847229:0.18757340569918537,0.00154688636868064
3,6,5,-2:0:4,4:2:0,192,12,79630.28468422961:65483.002071697934:47321.411338144004:38917.10442033673:37210.479387684885:16261.547602172883:16210.068681721963:123.25758366326872:100.81961558675916:60.70091663272688:45.99634860357841:44.54546016652263:2.2464587421910736:1.0084972542765784:0.8417665255866792:0.23071693564625065,0.0014262903282717604
3,6,5,-1:0:4,4:1:0,224,12,99760.26276683401:76934.33273102186:71892.8426013739:70378.11428112695:52217.08226309644:50142.32965782468:49477.36492110935:145.42284710316338:117.53265547715962:89.40076316762867:88.77964400768346:85.38733169834897:2.4442442808579274:1.2902896670304422:1.2068501153190967:0.26607131613505675,0.0013137931019615487
3,6,5,0:0:4,4:0:0,256,12,80817.50096783094:80817.40145471194:80817.40145471184:80811.32657698762:80811.32657698754:80230.82606105837:80230.82606105834:123.21991719313235:122.68866383295008:122.68866383294966:115.10074602010334:115.10074602010322:2.4642430856760678:1.4143618155934456:1.4143618155932565:0.2801365644140791,0.0012557418644653772
3,6,5,1:0:4,4:1:0,224,12,99760.26276683401:76934.33273102186:71892.84260137385:70378.11428112694:52217.08226309644:50142.32965782467:49477.36492110934:145.4228471031634:117.53265547715954:89.40076316762897:88.77964400768438:85.38733169834903:2.4442442808580322:1.2902896670307875:1.2068501153190427:0.2660713161358811,0.0013137931019615513
3,6,5,2:0:4,4:2:0,192,12,79630.2846842296:65483.00207169792:47321.411338144004:38917.10442033672:37210.479387684885:16261.547602172892:16210.068681721963:123.25758366326865:100.81961558675744:60.70091663272658:45.99634860358135:44.545460166525125:2.246458742192579:1.008497254276346:0.8417665255877098:0.23071693564700538,0.0014262903282717628
3,6,5,3:0:4,4:3:0,96,12,50281.97965700775:48301.98947149093:25319.988243706233:22527.29365722511:14776.924737936404:4455.098275820694:4389.958686147558:83.04681706499336:75.02755713184001:41.2707835414173:20.307872503499496:18.736308584215223:1.8917976470740099:0.7184631129445157:0.5456126875848887:0.18757340569920045,0.001546886368680644
3,6,5,-3:1:4,4:3:1,84,11,46249.97248318449:45297.85910367788:22969.101445731307:19573.086391654768:12632.726686147595:3623.206292854876:3557.1353848027275:77.15556151658784:70.62979228563806:38.40598825315716:17.740399349151655:16.238256111872875:1.8298521388830584:0.6768195540434814:0.5073867752043129:0.18061479945546388,0.0015680163338875086
3,6,5,-2:1:4,4:2:1,168,12,72466.86179251196:61803.009530791736:40719.329789090894:35459.56677181227:30777.175165575372:12000.441458053629:11948.534587751627:113.85387359143941:95.25093189206329:55.769912354906154:38.16685581134493:36.5961119638194:2.1712037314666994:0.9365049770386087:0.7626081679952121:0.22075844281425025,0.0014539524352662895
3,6,5,-1:1:4,4:1:1,196,12,94517.65232916013:73071.87596474293:63104.58637044645:58485.14841942318:44814.826357971295:33013.959923428105:32923.04148968111:141.1715641974865:112.07987700900621:74.9541197622058:69.99393447611585:68.69267970899253:2.389557146849046:1.1832370094032527:1.055329055642858:0.2532499648200162,0.001358698440662244
3,6,5,0:1:4,4:1:0,224,12,99760.262766834:76934.33273102186:71892.84260137384:70378.11428112694:52217.08226309644:50142.32965782465:49477.364921109365:145.42284710316198:117.53265547715935:89.40076316762911:88.77964400768508:85.3873316983482:2.4442442808585465:1.2902896670304194:1.2068501153198201:0.26607131613257795,0.0013137931019615466
3,6,5,1:1:4,4:1:1,196,12,94517.65232916016:73071.87596474291:63104.586370446465:58485.14841942318:44814.82635797131:33013.9599234281:32923.0414896811:141.17156419748582:112.07987700900564:74.9541197622082:69.99393447611762:68.69267970899256:2.3895571468456214:1.1832370094024498:1.0553290556419523:0.25324996482229234,0.0013586984406622476
3,6,5,2:1:4,4:2:1,168,12,72466.86179251198:61803.009530791765:40719.32978909089:35459.566771812264:30777.175165575354:12000.441458053621:11948.534587751616:113.85387359143904:95.25093189206278:55.76991235490683:38.166855811342806:36.59611196381834:2.1712037314658157:0.9365049770379474:0.762608167994126:0.22075844281439516,0.0014539524352662802
3,6,5,3:1:4,4:3:1,84,11,46249.97248318448:45297.859103677925:22969.101445731318:19573.086391654768:12632.72668614759:3623.2062928548753:3557.1353848027275:77.15556151658814:70.62979228563745:38.40598825315467:17.7403993491513:16.23825611187401:1.8298521388828253:0.6768195540437091:0.5073867752039053:0.1806147994556217,0.0015680163338874958
3,6,5,-3:2:4,4:3:2,72,11,37259.335213898536:36626.123798413304:16858.826988361132:13140.641192462801:8302.392337600711:2086.7402563509117:2024.354749790323:62.84875085943472:59.05551696930324:31.04800074634392:12.31018144237261:11.058103092257213:1.6630930586083565:0.5730469932906688:0.4158938463136291:0.16219319055907103,0.0016306054102903315
3,6,5,-2:2:4,4:2:2,144,12,54853.02599427799:51464.14327753319:27777.37799933748:26020.57393966192:17460.669107866845:5555.374839956187:5492.516193333263:89.61768224051254:79.7020574912226:44.38116098301582:23.43292652862383:21.809410157229504:1.957071956859891:0.7645027043773354:0.5889690070995103:0.19501143959084627,0.0015252608317528884
3,6,5,-1:2:4,4:2:1,168,12,72466.86179251196:61803.00953079176:40719.32978909087:35459.56677181228:30777.175165575347:12000.441458053612:11948.534587751625:113.85387359143961:95.2509318920641:55.76991235490509:38.16685581134542:36.59611196381334:2.1712037314657375:0.9365049770382287:0.7626081679943681:0.22075844281266982,0.0014539524352662808
3,6,5,0:2:4,4:2:0,192,12,79630.2846842296:65483.002071697956:47321.411338144:38917.10442033673:37210.479387684885:16261.547602172885:16210.068681721963:123.25758366326808:100.8196155867593:60.70091663272721:45.996348603577275:44.54546016652584:2.246458742190345:1.0084972542777833:0.8417665255874761:0.2307169356461336,0.0014262903282717626
3,6,5,1:2:4,4:2:1,168,12,72466.86179251196:61803.00953079172:40719.329789090916:35459.5667718123:30777.175165575358:12000.44145805361:11948.534587751621:113.85387359143925:95.25093189206187:55.769912354904534:38.166855811341726:36.59611196381814:2.1712037314670747:0.9365049770388192:0.7626081679944626:0.22075844281346818,0.0014539524352662682
3,6,5,2:2:4,4:2:2,144,12,54853.02599427799:51464.143277533214:27777.37799933748:26020.573939661906:17460.66910786684:5555.374839956193:5492.516193333263:89.61768224051269:79.70205749122458:44.38116098301596:23.432926528625636:21.809410157226488:1.9570719568611672:0.764502704378231:0.5889690070995355:0.19501143958967565,0.0015252608317529023
3,6,5,3:2:4,4:3:2,72,11,37259.33521389851:36626.1237984133:16858.826988361117:13140.6411924628:8302.392337600711:2086.7402563509113:2024.3547497903248:62.848750859434915:59.055516969302644:31.048000746343977:12.310181442372361:11.058103092257943:1.663093058608648:0.573046993289846:0.4158938463135626:0.16219319055758089,0.0016306054102903287
3,6,5,-3:3:4,4:3:3,36,11,26915.628861205496:25801.344416880078:10042.010937755678:7292.668035271617:4647.046538810676:981.3780292714073:933.9955692236276:46.700476798184994:44.437190028320416:22.074608058539976:7.405072949483446:6.541272972843175:1.438971570614663:0.4494241015668664:0.31324303576976065:0.1377947604866018,0.0017394080805013482
3,6,5,-2:3:4,4:3:2,72,11,37259.335213898514:36626.12379841328:16858.826988361114:13140.641192462792:8302.392337600711:2086.7402563509136:2024.354749790322:62.84875085943481:59.05551696930278:31.048000746344027:12.310181442372675:11.058103092257406:1.663093058608947:0.5730469932895529:0.41589384631399134:0.16219319055846165,0.001630605410290329
3,6,5,-1:3:4,4:3:1,84,11,46249.9724831845:45297.85910367789:22969.101445731307:19573.08639165477:12632.726686147595:3623.2062928548726:3557.1353848027297:77.15556151658745:70.62979228563763:38.40598825315577:17.74039934915134:16.2382561118747:1.8298521388838878:0.6768195540443834:0.507386775203538:0.1806147994557948,0.0015680163338874981
3,6,5,0:3:4,4:3:0,96,12,50281.979657007745:48301.98947149094:25319.988243706244:22527.293657225106:14776.92473793641:4455.098275820695:4389.958686147557:83.04681706499422:75.02755713184037:41.27078354141698:20.307872503499944:18.736308584213205:1.8917976470750657:0.7184631129446083:0.5456126875844967:0.1875734056994219,0.00154688636868065
3,6,5,1:3:4,4:3:1,84,11,46249.9724831845:45297.85910367794:22969.101445731318:19573.08639165477:12632.726686147591:3623.2062928548758:3557.1353848027256:77.1555615165875:70.62979228563806:38.40598825315623:17.740399349150312:16.238256111874186:1.8298521388837135:0.676819554043215:0.5073867752032674:0.1806147994558833,0.0015680163338874999
3,6,5,2:3:4,4:3:2,72,11,37259.335213898514:36626.12379841329:16858.826988361114:13140.641192462792:8302.392337600713:2086.740256350912:2024.354749790324:62.84875085943485:59.05551696930223:31.04800074634388:12.310181442372478:11.05810309225841:1.6630930586085986:0.5730469932904817:0.41589384631406523:0.16219319055828854,0.0016306054102903245
3,6,5,3:3:4,4:3:3,36,11,26915.628861205496:25801.344416880078:10042.010937755682:7292.668035271619:4647.046538810676:981.3780292714081:933.9955692236282:46.70047679818473:44.43719002832098:22.07460805853992:7.405072949483214:6.541272972842921:1.4389715706143464:0.44942410156673096:0.31324303576978296:0.13779476048612155,0.0017394080805013504
3,6,5,-3:-3:5,5:3:3,18,12,8644.763605216993:8629.528308001365:4146.349145717581:3350.1586602015204:2136.8939056082113:569.5835180301125:556.0236757849876:23.785622864067662:21.68413795528837:11.69154368441688:4.811873798570711:4.439532329797223:1.1035967294887097:0.3054957266916836:0.2335897693672389:0.09816853927153121,0.002579980818983493
3,6,5,-2:-3:5,5:3:2,36,12,11229.474687100099:10622.319522162185:5682.689960971604:5224.9449772161215:3487.385049263139:1086.4643639550995:1073.2099769381498:29.82492226281188:26.301861446591513:14.736958140328605:7.342975371310336:6.891536982821517:1.2209179888359545:0.36923674805425577:0.2940514438381112:0.1124345355146179,0.0024647588547404525
3,6,5,-1:-3:5,5:3:1,42,12,13366.441656572504:11968.969451458555:6936.713188038953:6702.365553656191:4920.226116227269:1720.5762465512125:1708.7535663556664:34.57251868494169:29.531875538202783:17.01240547727735:9.852146240250347:9.383535520090351:1.30038636592444:0.4187339103483531:0.34379990196362853:0.12278626673980858,0.002390828580431247
3,6,5,0:-3:5,5:3:0,48,12,14196.271054192317:12441.34541663638:7637.6494624129455:7047.998709726369:5569.664280733766:2037.4897803641447:2026.214202441472:36.36533873731487:30.678703312410605:17.87671132017091:10.957856257901144:10.493640460137:1.3283456613233109:0.43769792528289836:0.36358509968644:0.1266061201888901,0.002364449411586406
3,6,5,1:-3:5,5:3:1,42,12,13366.441656572497:11968.96945145856:6936.713188038955:6702.365553656193:4920.226116227271:1720.5762465512116:1708.753566355665:34.57251868494188:29.53187553820265:17.012405477277483:9.852146240250235:9.383535520090211:1.3003863659241397:0.41873391034881:0.343799901963191:0.12278626673983631,0.0023908285804312497
3,6,5,2:-3:5,5:3:2,36,12,11229.474687100099:10622.319522162188:5682.6899609716:5224.944977216118:3487.385049263139:1086.4643639550993:1073.2099769381489:29.824922262811977:26.30186144659143:14.736958140328689:7.342975371310089:6.891536982821629:1.2209179888361232:0.3692367480540975:0.2940514438378982:0.11243453551457314,0.0024647588547404534
3,6,5,3:-3:5,5:3:3,18,12,8644.763605216987:8629.528308001367:4146.349145717578:3350.1586602015204:2136.8939056082127:569.5835180301128:556.0236757849877:23.785622864067616:21.684137955288417:11.691543684416988:4.811873798570683:4.439532329797237:1.1035967294888547:0.3054957266914216:0.23358976936725992:0.09816853927173745,0.0025799808189834956
3,6,5,-3:-2:5,5:3:2,36,12,11229.474687100104:10622.319522162192:5682.689960971603:5224.9449772161215:3487.385049263139:1086.4643639551005:1073.2099769381505:29.824922262811892:26.30186144659154:14.73695814032865:7.34297537131026:6.891536982821598:1.2209179888359174:0.3692367480540031:0.29405144383816745:0.1124345355146459,0.0024647588547404534
3,6,5,-2:-2:5,5:2:2,72,12,15085.11337338187:12924.027766720272:8412.438251828127:7400.053503661511:6330.31692674514:2435.497005227218:2424.6772144061106:38.25746947221811:31.85546540000777:18.812290715934495:12.246122168850649:11.793007590341723:1.3569427579776532:0.45811476961246506:0.38537552557457944:0.13063550960408127,0.0023368152938197124
3,6,5,-1:-2:5,5:2:1,84,12,18033.41279933909:14423.034882688497:11205.358724853006:9585.230036490277:8452.649754580927:4452.541102749994:4441.051754448072:44.298431847357016:35.50965535494645:22.288412309406887:17.66789059471204:17.290559475922795:1.4450122467212603:0.5298077917924724:0.46644557693773053:0.14416543344640442,0.0022426661523930274
3,6,5,0:-2:5,5:2:0,96,12,19050.827557680263:14935.679686534046:12285.850070268145:10973.468234152604:8928.424287055592:5596.3933462843115:5582.809803411376:46.239417581942064:36.74292430684358:23.829802316440674:20.219427493061627:19.87374283177511:1.4741518542610128:0.5578972423909284:0.5004472316351571:0.1492287116789322,0.002205582228211098
3,6,5,1:-2:5,5:2:1,84,12,18033.412799339094:14423.034882688504:11205.358724853011:9585.230036490284:8452.64975458093:4452.541102749997:4441.0517544480745:44.29843184735747:35.509655354946545:22.288412309407324:17.667890594712784:17.290559475923395:1.445012246721028:0.5298077917928754:0.46644557693723115:0.14416543344708568,0.002242666152393055
3,6,5,2:-2:5,5:2:2,72,12,15085.113373381868:12924.027766720268:8412.43825182813:7400.053503661514:6330.316926745141:2435.4970052272183:2424.6772144061106:38.257469472218084:31.85546540000785:18.812290715934395:12.246122168850563:11.793007590341102:1.356942757977726:0.45811476961271547:0.3853755255745568:0.13063550960354847,0.002336815293819706
3,6,5,3:-2:5,5:3:2,36,12,11229.474687100104:10622.319522162194:5682.689960971599:5224.944977216121:3487.3850492631404:1086.464363955101:1073.2099769381487:29.824922262811995:26.30186144659153:14.736958140328637:7.342975371310195:6.891536982821674:1.2209179888361343:0.3692367480541137:0.29405144383793697:0.1124345355148075,0.002464758854740457
3,6,5,-3:-1:5,5:3:1,42,12,13366.4416565725:11968.969451458555:6936.713188038956:6702.365553656188:4920.2261162272725:1720.5762465512112:1708.7535663556673:34.57251868494186:29.53187553820266:17.01240547727728:9.852146240250367:9.383535520090176:1.3003863659241544:0.4187339103483477:0.3437999019633749:0.12278626673960834,0.002390828580431247
3,6,5,-2:-1:5,5:2:1,84,12,18033.412799339098:14423.034882688517:11205.358724853011:9585.230036490282:8452.64975458093:4452.541102749997:4441.051754448074:44.29843184735694:35.50965535494647:22.288412309407256:17.667890594712496:17.290559475923157:1.4450122467209388:0.5298077917925277:0.4664455769374266:0.14416543344667307,0.0022426661523930356
3,6,5,-1:-1:5,5:1:1,98,12,20799.40576059928:15972.740264271464:14608.760164042402:14121.717169401789:10395.972469827087:9313.51683479245:9263.265042655552:49.02201760118198:39.169474783146555:28.283950433861744:27.08672336310717:26.710241797465184:1.5284894151146469:0.6220230544232064:0.5839960333116224:0.16034579240926347,0.0021165606890784514
3,6,5,0:-1:5,5:1:0,112,12,20992.49813391361:16494.486062168668:15812.192168392618:15672.962733606679:12467.602445959119:12380.257583748798:11685.235289362632:48.80870346904266:40.33816939907834:32.11314746715718:31.749399065767065:31.194158024439723:1.5512335567365034:0.6587824516321841:0.6364672437389961:0.16646568777980922,0.0020611022421680425
3,6,5,1:-1:5,5:1:1,98,12,20799.405760599275:15972.740264271457:14608.7601640424:14121.71716940179:10395.97246982708:9313.516834792454:9263.265042655501:49.02201760118219:39.16947478314647:28.283950433861804:27.086723363106465:26.710241797465038:1.5284894151151232:0.6220230544233486:0.5839960333128614:0.16034579240909813,0.002116560689078448
3,6,5,2:-1:5,5:2:1,84,12,18033.41279933909:14423.034882688507:11205.358724853008:9585.230036490273:8452.649754580927:4452.541102749993:4441.05175444807:44.29843184735706:35.509655354946375:22.2884123094072:17.66789059471265:17.290559475923178:1.4450122467211917:0.5298077917926561:0.4664455769371453:0.14416543344668276,0.0022426661523930387
3,6,5,3:-1:5,5:3:1,42,12,13366.441656572504:11968.96945145855:6936.713188038956:6702.365553656188:4920.226116227269:1720.5762465512116:1708.7535663556662:34.57251868494174:29.531875538202687:17.012405477277152:9.85214624025023:9.383535520090065:1.3003863659241954:0.41873391034855956:0.3437999019635556:0.12278626673944323,0.0023908285804312398
3,6,5,-3:0:5,5:3:0,48,12,14196.27105419232:12441.34541663638:7637.649462412942:7047.998709726371:5569.664280733768:2037.489780364146:2026.214202441472:36.36533873731492:30.678703312410516:17.87671132017084:10.957856257901453:10.493640460139167:1.3283456613231668:0.437697925282985:0.36358509968634634:0.12660612018892187,0.0023644494115864253
3,6,5,-2:0:5,5:2:0,96,12,19050.827557680263:14935.679686534048:12285.850070268145:10973.4682341526:8928.424287055595:5596.393346284316:5582.809803411379:46.23941758194212:36.74292430684335:23.82980231644088:20.21942749306187:19.873742831775285:1.474151854261248:0.5578972423907911:0.50044723163528:0.14922871167860247,0.002205582228211101
3,6,5,-1:0:5,5:1:0,112,12,20992.498133913614:16494.48606216868:15812.192168392607:15672.962733606675:12467.602445959117:12380.257583748808:11685.235289362632:48.80870346904239:40.33816939907853:32.11314746715719:31.74939906576705:31.194158024439783:1.5512335567366953:0.6587824516320304:0.6364672437384589:0.166465687780661,0.0020611022421680417
3,6,5,0:0:5,5:0:0,128,12,17019.19779136572:17019.117474720326:17019.117474720293:17015.99426372693:17015.994263726916:16825.62373356009:16825.62373356008:41.9075882905344:41.461120262575726:41.46112026257551:37.56409134872816:37.564091348728006:1.5680958849353508:0.6992646573708768:0.6992646573707375:0.17301155004667584,0.0019953863865484565
3,6,5,1:0:5,5:1:0,112,12,20992.49813391361:16494.486062168668:15812.192168392614:15672.962733606675:12467.602445959123:12380.257583748798:11685.235289362636:48.80870346904233:40.338169399078666:32.11314746715723:31.74939906576722:31.194158024439815:1.5512335567366051:0.6587824516320546:0.6364672437384293:0.1664656877795233,0.0020611022421680443
3,6,5,2:0:5,5:2:0,96,12,19050.82755768026:14935.679686534055:12285.850070268145:10973.4682341526:8928.424287055588:5596.393346284313:5582.809803411379:46.23941758194204:36.742924306843236:23.829802316440833:20.219427493061644:19.873742831775278:1.4741518542613716:0.5578972423908988:0.5004472316351719:0.14922871167857785,0.002205582228211095
3,6,5,3:0:5,5:3:0,48,12,14196.271054192317:12441.345416636383:7637.649462412941:7047.99870972637:5569.66428073377:2037.4897803641456:2026.214202441473:36.365338737314794:30.678703312410693:17.87671132017089:10.957856257901158:10.493640460137634:1.328345661323245:0.4376979252829296:0.3635850996864067:0.12660612018896372,0.0023644494115864106
3,6,5,-3:1:5,5:3:1,42,12,13366.4416565725:11968.969451458555:6936.713188038956:6702.365553656188:4920.2261162272725:1720.5762465512112:1708.7535663556673:34.57251868494186:29.53187553820266:17.01240547727728:9.852146240250367:9.383535520090176:1.3003863659241544:0.4187339103483477:0.3437999019633749:0.12278626673960834,0.002390828580431247
3,6,5,-2:1:5,5:2:1,84,12,18033.412799339098:14423.034882688517:11205.358724853011:9585.230036490282:8452.64975458093:4452.541102749997:4441.051754448074:44.29843184735694:35.50965535494647:22.288412309407256:17.667890594712496:17.290559475923157:1.4450122467209388:0.5298077917925277:0.4664455769374266:0.14416543344667307,0.0022426661523930356
3,6,5,-1:1:5,5:1:1,98,12,20799.40576059928:15972.740264271464:14608.760164042402:14121.717169401789:10395.972469827087:9313.51683479245:9263.265042655552:49.02201760118198:39.169474783146555:28.283950433861744:27.08672336310717:26.710241797465184:1.5284894151146469:0.6220230544232064:0.5839960333116224:0.16034579240926347,0.0021165606890784514
3,6,5,0:1:5,5:1:0,112,12,20992.49813391361:16494.486062168668:15812.192168392618:15672.962733606679:12467.602445959119:12380.257583748798:11685.235289362632:48.80870346904266:40.33816939907834:32.11314746715718:31.749399065767065:31.194158024439723:1.5512335567365034:0.6587824516321841:0.6364672437389961:0.16646568777980922,0.0020611022421680425
3,6,5,1:1:5,5:1:1,98,12,20799.405760599275:15972.740264271457:14608.7601640424:14121.71716940179:10395.97246982708:9313.516834792454:9263.265042655501:49.02201760118219:39.16947478314647:28.283950433861804:27.086723363106465:26.710241797465038:1.5284894151151232:0.6220230544233486:0.5839960333128614:0.16034579240909813,0.002116560689078448
3,6,5,2:1:5,5:2:1,84,12,18033.41279933909:14423.034882688507:11205.358724853008:9585.230036490273:8452.649754580927:4452.541102749993:4441.05175444807:44.29843184735706:35.509655354946375:22.2884123094072:17.66789059471265:17.290559475923178:1.4450122467211917:0.5298077917926561:0.4664455769371453:0.14416543344668276,0.0022426661523930387
3,6,5,3:1:5,5:3:1,42,12,13366.441656572504:11968.96945145855:6936.713188038956:6702.365553656188:4920.226116227269:1720.5762465512116:1708.7535663556662:34.57251868494174:29.531875538202687:17.012405477277152:9.85214624025023:9.383535520090065:1.3003863659241954:0.41873391034855956:0.3437999019635556:0.12278626673944323,0.0023908285804312398
3,6,5,-3:2:5,5:3:2,36,12,11229.474687100104:10622.319522162192:5682.689960971603:5224.9449772161215:3487.385049263139:1086.4643639551005:1073.2099769381505:29.824922262811892:26.30186144659154:14.73695814032865:7.34297537131026:6.891536982821598:1.2209179888359174:0.3692367480540031:0.29405144383816745:0.1124345355146459,0.0024647588547404534
3,6,5,-2:2:5,5:2:2,72,12,15085.11337338187:12924.027766720272:8412.438251828127:7400.053503661511:6330.31692674514:2435.497005227218:2424.6772144061106:38.25746947221811:31.85546540000777:18.812290715934495:12.246122168850649:11.793007590341723:1.3569427579776532:0.45811476961246506:0.38537552557457944:0.13063550960408127,0.0023368152938197124
3,6,5,-1:2:5,5:2:1,84,12,18033.41279933909:14423.034882688497:11205.358724853006:9585.230036490277:8452.649754580927:4452.541102749994:4441.051754448072:44.298431847357016:35.50965535494645:22.288412309406887:17.66789059471204:17.290559475922795:1.4450122467212603:0.5298077917924724:0.46644557693773053:0.14416543344640442,0.0022426661523930274
3,6,5,0:2:5,5:2:0,96,12,19050.827557680263:14935.679686534046:12285.850070268145:10973.468234152604:8928.424287055592:5596.3933462843115:5582.809803411376:46.239417581942064:36.74292430684358:23.829802316440674:20.219427493061627:19.87374283177511:1.4741518542610128:0.5578972423909284:0.5004472316351571:0.1492287116789322,0.002205582228211098
3,6,5,1:2:5,5:2:1,84,12,18033.412799339094:14423.034882688504:11205.358724853011:9585.230036490284:8452.64975458093:4452.541102749997:4441.0517544480745:44.29843184735747:35.509655354946545:22.288412309407324:17.667890594712784:17.290559475923395:1.445012246721028:0.5298077917928754:0.46644557693723115:0.14416543344708568,0.002242666152393055
3,6,5,2:2:5,5:2:2,72,12,15085.113373381868:12924.027766720268:8412.43825182813:7400.053503661514:6330.316926745141:2435.4970052272183:2424.6772144061106:38.257469472218084:31.85546540000785:18.812290715934395:12.246122168850563:11.793007590341102:1.356942757977726:0.45811476961271547:0.3853755255745568:0.13063550960354847,0.002336815293819706
3,6,5,3:2:5,5:3:2,36,12,11229.474687100104:10622.319522162194:5682.689960971599:5224.944977216121:3487.3850492631404:1086.464363955101:1073.2099769381487:29.824922262811995:26.30186144659153:14.736958140328637:7.342975371310195:6.891536982821674:1.2209179888361343:0.3692367480541137:0.29405144383793697:0.1124345355148075,0.002464758854740457
3,6,5,-3:3:5,5:3:3,18,12,8644.763605216993:8629.528308001365:4146.349145717581:3350.1586602015204:2136.8939056082113:569.5835180301125:556.0236757849876:23.785622864067662:21.68413795528837:11.69154368441688:4.811873798570711:4.439532329797223:1.1035967294887097:0.3054957266916836:0.2335897693672389:0.09816853927153121,0.002579980818983493
3,6,5,-2:3:5,5:3:2,36,12,11229.474687100099:10622.319522162185:5682.689960971604:5224.9449772161215:3487.385049263139:1086.4643639550995:1073.2099769381498:29.82492226281188:26.301861446591513:14.736958140328605:7.342975371310336:6.891536982821517:1.2209179888359545:0.36923674805425577:0.2940514438381112:0.1124345355146179,0.0024647588547404525
3,6,5,-1:3:5,5:3:1,42,12,13366.441656572504:11968.969451458555:6936.713188038953:6702.365553656191:4920.226116227269:1720.5762465512125:1708.7535663556664:34.57251868494169:29.531875538202783:17.01240547727735:9.852146240250347:9.383535520090351:1.30038636592444:0.4187339103483531:0.34379990196362853:0.12278626673980858,0.002390828580431247
3,6,5,0:3:5,5:3:0,48,12,14196.271054192317:12441.34541663638:7637.6494624129455:7047.998709726369:5569.664280733766:2037.4897803641447:2026.214202441472:36.36533873731487:30.678703312410605:17.87671132017091:10.957856257901144:10.493640460137:1.3283456613233109:0.43769792528289836:0.36358509968644:0.1266061201888901,0.002364449411586406
3,6,5,1:3:5,5:3:1,42,12,13366.441656572497:11968.96945145856:6936.713188038955:6702.365553656193:4920.226116227271:1720.5762465512116:1708.753566355665:34.57251868494188:29.53187553820265:17.012405477277483:9.852146240250235:9.383535520090211:1.3003863659241397:0.41873391034881:0.343799901963191:0.12278626673983631,0.0023908285804312497
3,6,5,2:3:5,5:3:2,36,12,11229.474687100099:10622.319522162188:5682.6899609716:5224.944977216118:3487.385049263139:1086.4643639550993:1073.2099769381489:29.824922262811977:26.30186144659143:14.736958140328689:7.342975371310089:6.891536982821629:1.2209179888361232:0.3692367480540975:0.2940514438378982:0.11243453551457314,0.0024647588547404534
3,6,5,3:3:5,5:3:3,18,12,8644.763605216987:8629.528308001367:4146.349145717578:3350.1586602015204:2136.8939056082127:569.5835180301128:556.0236757849877:23.785622864067616:21.684137955288417:11.691543684416988:4.811873798570683:4.439532329797237:1.1035967294888547:0.3054957266914216:0.23358976936725992:0.09816853927173745,0.0025799808189834956
4,5,5,-1:-3:-5,5:3:1,336,10,1.6966743867839829e6:1.5186562144024915e6:882239.4707518935:850512.3283469401:622897.6996141599:219267.6736603639:217723.46664672025:1026.680014435075:892.8467529862404:503.3010384039858:314.3240667151273:294.6955553070323:6.5147755060863695:3.6265123542531916:2.6582083633106977:0.49782111818010966,0.0005651668826777445
4,5,5,0:-3:-5,5:3:0,672,10,1.8020958036559992e6:1.5786333733887651e6:971342.619534903:894359.3140029884:705372.9062619245:259726.26254809753:258250.72709792832:1082.095565677943:927.0812828922365:528.4427126878253:349.8768381877876:330.5388135728295:6.683136782690037:3.7885833948460257:2.8152052830039795:0.5079265662922254,0.0005596282204334677
4,5,5,1:-3:-5,5:3:1,336,10,1.6966743867839824e6:1.51865621440249e6:882239.4707518931:850512.3283469396:622897.6996141601:219267.6736603641:217723.46664672028:1026.6800144350743:892.8467529861628:503.3010384040102:314.32406671514593:294.6955553070301:6.514775506070042:3.6265123542413384:2.6582083633011746:0.4978211182374689,0.0005651668826777317
4,5,5,-1:-2:-5,5:2:1,672,10,2.2893176891159927e6:1.8302712749702344e6:1.4243885811533565e6:1.2161807112477622e6:1.0720008139741297e6:568373.8195255526:566844.5207815254:1326.9692435369477:1070.1718393221531:658.3001935189727:566.3681459215475:550.3238890188212:7.364090559801985:4.575403048499848:3.6583303078266107:0.5530961714605535,0.0005341140099146619
4,5,5,0:-2:-5,5:2:0,1344,10,2.418429267735719e6:1.8953783817729885e6:1.5613940912871882e6:1.392764622695583e6:1.1323009751614416e6:714705.3705797087:712881.510140446:1386.6406210688656:1106.3538418490982:705.2711031585849:648.9440819447088:633.0577589034751:7.519113245325198:4.815243450653004:3.9499371564074157:0.5657701778890887,0.0005263616330783477
4,5,5,1:-2:-5,5:2:1,672,10,2.2893176891159927e6:1.8302712749702344e6:1.4243885811533562e6:1.2161807112477622e6:1.0720008139741297e6:568373.8195255528:566844.5207815255:1326.9692435369586:1070.1718393220685:658.3001935189802:566.3681459214754:550.3238890188526:7.364090559716927:4.575403048560238:3.6583303078497895:0.553096171488482,0.0005341140099146491
4,5,5,-3:-1:-5,5:3:1,336,10,1.696674386783983e6:1.5186562144024915e6:882239.4707518936:850512.3283469398:622897.69961416:219267.67366036406:217723.46664672028:1026.6800144350775:892.8467529862197:503.30103840402273:314.3240667151357:294.69555530700035:6.514775506105289:3.6265123542410396:2.6582083633081504:0.4978211181810278,0.0005651668826777434
4,5,5,-2:-1:-5,5:2:1,672,10,2.289317689115993e6:1.8302712749702341e6:1.4243885811533562e6:1.2161807112477624e6:1.0720008139741304e6:568373.8195255529:566844.520781526:1326.9692435369354:1070.1718393221397:658.3001935189851:566.3681459215244:550.3238890188444:7.364090559764832:4.57540304856987:3.6583303078872236:0.5530961714698491,0.0005341140099146588
4,5,5,-1:-1:-5,5:1:1,1056,11,2.6404534727639696e6:2.027106271535034e6:1.85553713251074e6:1.7930472844397994e6:1.3191020732449808e6:1.1906261650617307e6:1.1833796009911567e6:1471.4150360673561:1177.05111308131:874.1395494863597:871.650769688436:820.4960483133865:7.74696943810888:5.362627335060175:4.710522132041891:0.5931169188082124,0.0005077185462776993
4,5,5,0:-1:-5,5:1:0,1440,11,2.665131690080326e6:2.0933859153953167e6:2.007694278493659e6:1.9898570581493464e6:1.594089602395268e6:1.5835705711006846e6:1.4824733351164828e6:1463.8636259252:1210.854268356419:1023.5077322140031:1023.1296985876658:933.6084494261173:7.761984599264692:5.676324995034319:5.2427153540597535:0.6079124749426787,0.0004960417077771674
4,5,5,1:-1:-5,5:1:1,1056,11,2.6404534727639686e6:2.0271062715350331e6:1.855537132510741e6:1.7930472844397994e6:1.319102073244981e6:1.1906261650617307e6:1.1833796009911557e6:1471.41503606737:1177.0511130813322:874.1395494863522:871.650769688438:820.4960483133989:7.746969438060369:5.362627335104397:4.710522131993557:0.5931169187893118,0.0005077185462777038
4,5,5,2:-1:-5,5:2:1,672,10,2.2893176891159927e6:1.830271274970233e6:1.424388581153356e6:1.216180711247762e6:1.0720008139741302e6:568373.8195255524:566844.5207815253:1326.969243536924:1070.1718393221024:658.3001935189947:566.368145921528:550.3238890187789:7.364090559675365:4.575403048548118:3.6583303078699787:0.5530961714535269,0.0005341140099146477
4,5,5,3:-1:-5,5:3:1,336,10,1.6966743867839826e6:1.5186562144024905e6:882239.4707518931:850512.32834694:622897.6996141603:219267.6736603641:217723.4666467202:1026.6800144350684:892.8467529862027:503.30103840396123:314.3240667151151:294.69555530703434:6.51477550607482:3.626512354237977:2.658208363322543:0.49782111818655683,0.0005651668826777308
4,5,5,-3:0:-5,5:3:0,672,10,1.8020958036560004e6:1.5786333733887651e6:971342.6195349023:894359.3140029885:705372.9062619249:259726.26254809747:258250.72709792838:1082.095565677936:927.0812828922129:528.4427126878163:349.8768381877628:330.53881357277226:6.683136782718122:3.788583394839458:2.8152052829914895:0.5079265662698433,0.0005596282204334539
4,5,5,-2:0:-5,5:2:0,1344,10,2.418429267735719e6:1.895378381772989e6:1.5613940912871885e6:1.392764622695583e6:1.1323009751614416e6:714705.370579709:712881.5101404462:1386.6406210688328:1106.3538418491341:705.2711031585956:648.9440819446435:633.0577589034789:7.519113245338811:4.815243450615116:3.9499371563829264:0.5657701778746882,0.0005263616330783433
4,5,5,-1:0:-5,5:1:0,1440,11,2.665131690080326e6:2.0933859153953171e6:2.0076942784936589e6:1.9898570581493462e6:1.5940896023952677e6:1.5835705711006853e6:1.4824733351164828e6:1463.863625925177:1210.8542683564256:1023.5077322138881:1023.1296985876825:933.6084494261447:7.761984599238662:5.6763249950622345:5.242715354065131:0.607912474903752,0.0004960417077771598
4,5,5,0:0:-5,5:0:0,1536,11,2.159786447796153e6:2.159786290034373e6:2.1597862900343686e6:2.1597615176260713e6:2.1597615176260695e6:2.153679837895691e6:2.15367983789569e6:1243.9984212119184:1243.1900564013874:1243.1900564013436:1212.2281581188743:1212.2281581188631:7.569306237723548:6.021729932267684:6.021729932076972:0.6235520048277243,0.00048212635871885343
4,5,5,1:0:-5,5:1:0,1440,11,2.665131690080326e6:2.093385915395317e6:2.0076942784936589e6:1.9898570581493462e6:1.5940896023952682e6:1.583570571100684e6:1.4824733351164833e6:1463.863625925177:1210.8542683564126:1023.5077322139489:1023.1296985878176:933.6084494261455:7.761984599237823:5.67632499506585:5.242715354064914:0.607912474897465,0.0004960417077771738
4,5,5,2:0:-5,5:2:0,1344,10,2.418429267735719e6:1.895378381772989e6:1.561394091287189e6:1.392764622695583e6:1.1323009751614416e6:714705.3705797087:712881.5101404462:1386.6406210688328:1106.3538418490996:705.2711031585894:648.9440819447149:633.0577589034065:7.519113245342801:4.815243450613421:3.9499371563902654:0.5657701778721486,0.0005263616330783383
4,5,5,3:0:-5,5:3:0,672,10,1.8020958036560002e6:1.578633373388765e6:971342.6195349032:894359.314002989:705372.9062619242:259726.26254809753:258250.7270979283:1082.0955656779358:927.0812828922143:528.4427126878179:349.8768381877451:330.5388135728038:6.683136782708314:3.7885833948389336:2.8152052829819922:0.5079265662739361,0.0005596282204334552
4,5,5,-3:1:-5,5:3:1,336,10,1.696674386783983e6:1.5186562144024915e6:882239.4707518936:850512.3283469398:622897.69961416:219267.67366036406:217723.46664672028:1026.6800144350775:892.8467529862197:503.30103840402273:314.3240667151357:294.69555530700035:6.514775506105289:3.6265123542410396:2.6582083633081504:0.4978211181810278,0.0005651668826777434
4,5,5,-2:1:-5,5:2:1,672,10,2.289317689115993e6:1.8302712749702341e6:1.4243885811533562e6:1.2161807112477624e6:1.0720008139741304e6:568373.8195255529:566844.520781526:1326.9692435369354:1070.1718393221397:658.3001935189851:566.3681459215244:550.3238890188444:7.364090559764832:4.57540304856987:3.6583303078872236:0.5530961714698491,0.0005341140099146588
4,5,5,-1:1:-5,5:1:1,1056,11,2.6404534727639696e6:2.027106271535034e6:1.85553713251074e6:1.7930472844397994e6:1.3191020732449808e6:1.1906261650617307e6:1.1833796009911567e6:1471.4150360673561:1177.05111308131:874.1395494863597:871.650769688436:820.4960483133865:7.74696943810888:5.362627335060175:4.710522132041891:0.5931169188082124,0.0005077185462776993
4,5,5,0:1:-5,5:1:0,1440,11,2.665131690080326e6:2.0933859153953167e6:2.007694278493659e6:1.9898570581493464e6:1.594089602395268e6:1.5835705711006846e6:1.4824733351164828e6:1463.8636259252:1210.854268356419:1023.5077322140031:1023.1296985876658:933.6084494261173:7.761984599264692:5.676324995034319:5.2427153540597535:0.6079124749426787,0.0004960417077771674
4,5,5,1:1:-5,5:1:1,1056,11,2.6404534727639686e6:2.0271062715350331e6:1.855537132510741e6:1.7930472844397994e6:1.319102073244981e6:1.1906261650617307e6:1.1833796009911557e6:1471.41503606737:1177.0511130813322:874.1395494863522:871.650769688438:820.4960483133989:7.746969438060369:5.362627335104397:4.710522131993557:0.5931169187893118,0.0005077185462777038
4,5,5,2:1:-5,5:2:1,672,10,2.2893176891159927e6:1.830271274970233e6:1.424388581153356e6:1.216180711247762e6:1.0720008139741302e6:568373.8195255524:566844.5207815253:1326.969243536924:1070.1718393221024:658.3001935189947:566.368145921528:550.3238890187789:7.364090559675365:4.575403048548118:3.6583303078699787:0.5530961714535269,0.0005341140099146477
4,5,5,3:1:-5,5:3:1,336,10,1.6966743867839826e6:1.5186562144024905e6:882239.4707518931:850512.32834694:622897.6996141603:219267.6736603641:217723.4666467202:1026.6800144350684:892.8467529862027:503.30103840396123:314.3240667151151:294.69555530703434:6.51477550607482:3.626512354237977:2.658208363322543:0.49782111818655683,0.0005651668826777308
4,5,5,-1:2:-5,5:2:1,672,10,2.2893176891159927e6:1.8302712749702344e6:1.4243885811533565e6:1.2161807112477622e6:1.0720008139741297e6:568373.8195255526:566844.5207815254:1326.9692435369477:1070.1718393221531:658.3001935189727:566.3681459215475:550.3238890188212:7.364090559801985:4.575403048499848:3.6583303078266107:0.5530961714605535,0.0005341140099146619
4,5,5,0:2:-5,5:2:0,1344,10,2.418429267735719e6:1.8953783817729885e6:1.5613940912871882e6:1.392764622695583e6:1.1323009751614416e6:714705.3705797087:712881.510140446:1386.6406210688656:1106.3538418490982:705.2711031585849:648.9440819447088:633.0577589034751:7.519113245325198:4.815243450653004:3.9499371564074157:0.5657701778890887,0.0005263616330783477
4,5,5,1:2:-5,5:2:1,672,10,2.2893176891159927e6:1.8302712749702344e6:1.4243885811533562e6:1.2161807112477622e6:1.0720008139741297e6:568373.8195255528:566844.5207815255:1326.9692435369586:1070.1718393220685:658.3001935189802:566.3681459214754:550.3238890188526:7.364090559716927:4.575403048560238:3.6583303078497895:0.553096171488482,0.0005341140099146491
4,5,5,-1:3:-5,5:3:1,336,10,1.6966743867839829e6:1.5186562144024915e6:882239.4707518935:850512.3283469401:622897.6996141599:219267.6736603639:217723.46664672025:1026.680014435075:892.8467529862404:503.3010384039858:314.3240667151273:294.6955553070323:6.5147755060863695:3.6265123542531916:2.6582083633106977:0.49782111818010966,0.0005651668826777445
4,5,5,0:3:-5,5:3:0,672,10,1.8020958036559992e6:1.5786333733887651e6:971342.619534903:894359.3140029884:705372.9062619245:259726.26254809753:258250.72709792832:1082.095565677943:927.0812828922365:528.4427126878253:349.8768381877876:330.5388135728295:6.683136782690037:3.7885833948460257:2.8152052830039795:0.5079265662922254,0.0005596282204334677
4,5,5,1:3:-5,5:3:1,336,10,1.6966743867839824e6:1.51865621440249e6:882239.4707518931:850512.3283469396:622897.6996141601:219267.6736603641:217723.46664672028:1026.6800144350743:892.8467529861628:503.3010384040102:314.32406671514593:294.6955553070301:6.514775506070042:3.6265123542413384:2.6582083633011746:0.4978211182374689,0.0005651668826777317
4,5,5,-1:-3:-4,4:3:1,672,9,5.887465153308802e6:5.765245184510758e6:2.9228606069219285e6:2.495051935403296e6:1.6041347895142164e6:462097.7385709263:453545.14358240657:2340.4719578286763:2180.2235280781897:1172.7666290357804:565.0731367977185:507.74582983784785:10.299363854446339:5.715276207666796:3.849667556307636:0.626864877904506,0.0003771376574900095
4,5,5,0:-3:-4,4:3:0,1344,9,6.401062814307409e6:6.147795650211771e6:3.222565523371884e6:2.871731637299997e6:1.87682329206602e6:568304.5413713921:559872.1450212795:2524.2332914645917:2315.633685932611:1259.2766257457863:647.1921049790902:587.6105688817925:10.728235034316342:6.063081674239437:4.140263467261913:0.642891535611999,0.00037239378029547753
4,5,5,1:-3:-4,4:3:1,672,9,5.887465153308802e6:5.765245184510759e6:2.922860606921926e6:2.495051935403296e6:1.6041347895142168e6:462097.7385709263:453545.14358240674:2340.4719578286827:2180.2235280781592:1172.7666290358275:565.0731367976904:507.745829837826:10.299363854660962:5.715276207604472:3.849667556380236:0.6268648777967176,0.0003771376574900088
4,5,5,-1:-2:-4,4:2:1,1344,9,9.227089645939238e6:7.867049563216516e6:5.190339344972042e6:4.513777081480279e6:3.9139806889972477e6:1.5323465379497856e6:1.5255933878785789e6:3487.0449979681566:2935.3027842305737:1696.27039902115:1220.0459990802892:1161.5036927264728:12.673131057869668:7.883140830485119:5.816079346434364:0.717576708443721,0.0003515577704420558
4,5,5,0:-2:-4,4:2:0,2688,9,1.0139339703466818e7:8.335699065477083e6:6.03116674256443e6:4.9534362153934315e6:4.73406300270269e6:2.0771704962143998e6:2.0704457016910056e6:3780.846694815288:3104.8009856327913:1845.7434755965198:1471.8799526909045:1417.6443877504396:13.191490067386765:8.48378093423224:6.441152327121127:0.739522424566437,0.00034538199988519116
4,5,5,1:-2:-4,4:2:1,1344,9,9.227089645939237e6:7.867049563216516e6:5.190339344972048e6:4.513777081480275e6:3.9139806889972505e6:1.5323465379497858e6:1.5255933878785789e6:3487.044997968166:2935.3027842306287:1696.2703990210944:1220.0459990803352:1161.5036927265112:12.673131057748796:7.883140830345533:5.816079346169534:0.7175767085262276,0.0003515577704420583
4,5,5,-3:-1:-4,4:3:1,672,9,5.887465153308799e6:5.765245184510755e6:2.9228606069219275e6:2.495051935403296e6:1.604134789514215e6:462097.7385709264:453545.14358240686:2340.4719578286768:2180.2235280780983:1172.766629035754:565.0731367977318:507.74582983787843:10.299363854647492:5.715276207671049:3.8496675563643676:0.6268648778137946,0.0003771376574900034
4,5,5,-2:-1:-4,4:2:1,1344,9,9.22708964593924e6:7.867049563216523e6:5.190339344972046e6:4.513777081480275e6:3.9139806889972505e6:1.532346537949787e6:1.5255933878785789e6:3487.0449979681493:2935.3027842306456:1696.2703990211971:1220.0459990801671:1161.5036927266403:12.673131058027879:7.883140830373801:5.816079346247015:0.7175767084065932,0.00035155777044205977
4,5,5,-1:-1:-4,4:1:1,2112,9,1.20346363475132e7:9.30225115918637e6:8.03930910080289e6:7.446817303539089e6:5.702655822196264e6:4.22074294933455e6:4.20863721152912e6:4338.903832641527:3445.5067904710468:2301.175604943547:2245.440379136637:2177.964741713363:14.117831093981934:9.941184201978317:8.186243824498225:0.7885555014721239,0.0003303452096983025
4,5,5,0:-1:-4,4:1:0,2880,9,1.2702638376471696e7:9.794261363258043e6:9.155981431608008e6:8.961909713543141e6:6.656009034470812e6:6.414015743617245e6:6.317508081075487e6:4469.229516726631:3609.3585235813066:2852.958446716927:2852.1542757562497:2614.9638400523577:14.34834538829685:10.833772810621374:9.520716516515487:0.8161275026620434,0.000320352038336869
4,5,5,1:-1:-4,4:1:1,2112,9,1.20346363475132e7:9.302251159186367e6:8.039309100802888e6:7.446817303539089e6:5.702655822196267e6:4.22074294933455e6:4.20863721152912e6:4338.903832641643:3445.506790470946:2301.1756049436262:2245.440379136836:2177.9647417135043:14.117831093782526:9.941184202522196:8.18624382450479:0.7885555011797067,0.00033034520969831043
4,5,5,2:-1:-4,4:2:1,1344,9,9.227089645939235e6:7.867049563216517e6:5.190339344972045e6:4.513777081480277e6:3.9139806889972505e6:1.532346537949786e6:1.5255933878785786e6:3487.044997968164:2935.3027842308825:1696.2703990211662:1220.0459990803176:1161.503692726435:12.673131058153281:7.883140830262563:5.816079346589121:0.7175767083928664,0.00035155777044206844
4,5,5,3:-1:-4,4:3:1,672,9,5.8874651533087995e6:5.765245184510758e6:2.9228606069219275e6:2.495051935403296e6:1.6041347895142157e6:462097.7385709258:453545.1435824066:2340.4719578286686:2180.2235280782197:1172.7666290357074:565.0731367977081:507.74582983791646:10.299363854601365:5.715276207438244:3.849667556347031:0.6268648778378231,0.00037713765749000926
4,5,5,-3:0:-4,4:3:0,1344,9,6.401062814307406e6:6.147795650211773e6:3.222565523371887e6:2.871731637299998e6:1.8768232920660195e6:568304.5413713924:559872.1450212793:2524.2332914646263:2315.6336859326047:1259.2766257457909:647.1921049790822:587.6105688817479:10.728235034288018:6.063081674248496:4.14026346722011:0.642891535627466,0.0003723937802954788
4,5,5,-2:0:-4,4:2:0,2688,9,1.0139339703466821e7:8.335699065477084e6:6.03116674256443e6:4.9534362153934315e6:4.73406300270269e6:2.0771704962144e6:2.0704457016910065e6:3780.8466948151963:3104.800985632869:1845.743475596524:1471.8799526909181:1417.6443877502654:13.191490067218002:8.483780934185653:6.441152327178572:0.7395224246718451,0.0003453819998851876
4,5,5,-1:0:-4,4:1:0,2880,9,1.2702638376471695e7:9.794261363258041e6:9.155981431608014e6:8.96190971354314e6:6.656009034470813e6:6.414015743617244e6:6.317508081075486e6:4469.229516726579:3609.3585235812225:2852.958446717628:2852.1542757566867:2614.963840052475:14.348345388107393:10.833772810443298:9.520716516937311:0.8161275024824912,0.0003203520383368862
4,5,5,0:0:-4,4:0:0,3072,9,1.0288150325151216e7:1.0288150128357522e7:1.0288150128357502e7:1.0288101794086337e7:1.028810179408633e7:1.0269545735815471e7:1.0269545735815467e7:3764.596385604775:3763.5970492241054:3763.5970492239985:3703.182111507332:3703.182111507322:13.747342837566714:11.86804992434477:11.868049923171325:0.84614563707945,0.000307374270760936
4,5,5,1:0:-4,4:1:0,2880,9,1.2702638376471695e7:9.794261363258041e6:9.155981431608012e6:8.96190971354314e6:6.656009034470813e6:6.414015743617245e6:6.317508081075486e6:4469.229516726579:3609.3585235813425:2852.9584467174727:2852.1542757558223:2614.96384005247:14.34834538813318:10.833772810466806:9.520716516911257:0.8161275025884648,0.000320352038336872
4,5,5,2:0:-4,4:2:0,2688,9,1.0139339703466821e7:8.335699065477084e6:6.031166742564435e6:4.953436215393431e6:4.734063002702689e6:2.077170496214401e6:2.0704457016910065e6:3780.8466948151968:3104.800985632736:1845.7434755965146:1471.8799526912749:1417.6443877500963:13.191490067211015:8.483780934196062:6.441152327240452:0.7395224246664654,0.00034538199988518595
4,5,5,3:0:-4,4:3:0,1344,9,6.401062814307409e6:6.1477956502117645e6:3.2225655233718846e6:2.8717316372999963e6:1.8768232920660204e6:568304.5413713921:559872.1450212793:2524.2332914646277:2315.633685932608:1259.276625745792:647.1921049790822:587.610568881782:10.728235034369138:6.063081674235019:4.140263467215718:0.6428915356293765,0.0003723937802954798
4,5,5,-3:1:-4,4:3:1,672,9,5.887465153308799e6:5.765245184510755e6:2.9228606069219275e6:2.495051935403296e6:1.604134789514215e6:462097.7385709264:453545.14358240686:2340.4719578286768:2180.2235280780983:1172.766629035754:565.0731367977318:507.74582983787843:10.299363854647492:5.715276207671049:3.8496675563643676:0.6268648778137946,0.0003771376574900034
4,5,5,-2:1:-4,4:2:1,1344,9,9.22708964593924e6:7.867049563216523e6:5.190339344972046e6:4.513777081480275e6:3.9139806889972505e6:1.532346537949787e6:1.5255933878785789e6:3487.0449979681493:2935.3027842306456:1696.2703990211971:1220.0459990801671:1161.5036927266403:12.673131058027879:7.883140830373801:5.816079346247015:0.7175767084065932,0.00035155777044205977
4,5,5,-1:1:-4,4:1:1,2112,9,1.20346363475132e7:9.30225115918637e6:8.03930910080289e6:7.446817303539089e6:5.702655822196264e6:4.22074294933455e6:4.20863721152912e6:4338.903832641527:3445.5067904710468:2301.175604943547:2245.440379136637:2177.964741713363:14.117831093981934:9.941184201978317:8.186243824498225:0.7885555014721239,0.0003303452096983025
4,5,5,0:1:-4,4:1:0,2880,9,1.2702638376471696e7:9.794261363258043e6:9.155981431608008e6:8.961909713543141e6:6.656009034470812e6:6.414015743617245e6:6.317508081075487e6:4469.229516726631:3609.3585235813066:2852.958446716927:2852.1542757562497:2614.9638400523577:14.34834538829685:10.833772810621374:9.520716516515487:0.8161275026620434,0.000320352038336869
4,5,5,1:1:-4,4:1:1,2112,9,1.20346363475132e7:9.302251159186367e6:8.039309100802888e6:7.446817303539089e6:5.702655822196267e6:4.22074294933455e6:4.20863721152912e6:4338.903832641643:3445.506790470946:2301.1756049436262:2245.440379136836:2177.9647417135043:14.117831093782526:9.941184202522196:8.18624382450479:0.7885555011797067,0.00033034520969831043
4,5,5,2:1:-4,4:2:1,1344,9,9.227089645939235e6:7.867049563216517e6:5.190339344972045e6:4.513777081480277e6:3.9139806889972505e6:1.532346537949786e6:1.5255933878785786e6:3487.044997968164:2935.3027842308825:1696.2703990211662:1220.0459990803176:1161.503692726435:12.673131058153281:7.883140830262563:5.816079346589121:0.7175767083928664,0.00035155777044206844
4,5,5,3:1:-4,4:3:1,672,9,5.8874651533087995e6:5.765245184510758e6:2.9228606069219275e6:2.495051935403296e6:1.6041347895142157e6:462097.7385709258:453545.1435824066:2340.4719578286686:2180.2235280782197:1172.7666290357074:565.0731367977081:507.74582983791646:10.299363854601365:5.715276207438244:3.849667556347031:0.6268648778378231,0.00037713765749000926
4,5,5,-1:2:-4,4:2:1,1344,9,9.227089645939238e6:7.867049563216516e6:5.190339344972042e6:4.513777081480279e6:3.9139806889972477e6:1.5323465379497856e6:1.5255933878785789e6:3487.0449979681566:2935.3027842305737:1696.27039902115:1220.0459990802892:1161.5036927264728:12.673131057869668:7.883140830485119:5.816079346434364:0.717576708443721,0.0003515577704420558
4,5,5,0:2:-4,4:2:0,2688,9,1.0139339703466818e7:8.335699065477083e6:6.03116674256443e6:4.9534362153934315e6:4.73406300270269e6:2.0771704962143998e6:2.0704457016910056e6:3780.846694815288:3104.8009856327913:1845.7434755965198:1471.8799526909045:1417.6443877504396:13.191490067386765:8.48378093423224:6.441152327121127:0.739522424566437,0.00034538199988519116
4,5,5,1:2:-4,4:2:1,1344,9,9.227089645939237e6:7.867049563216516e6:5.190339344972048e6:4.513777081480275e6:3.9139806889972505e6:1.5323465379497858e6:1.5255933878785789e6:3487.044997968166:2935.3027842306287:1696.2703990210944:1220.0459990803352:1161.5036927265112:12.673131057748796:7.883140830345533:5.816079346169534:0.7175767085262276,0.0003515577704420583
4,5,5,-1:3:-4,4:3:1,672,9,5.887465153308802e6:5.765245184510758e6:2.9228606069219285e6:2.495051935403296e6:1.6041347895142164e6:462097.7385709263:453545.14358240657:2340.4719578286763:2180.2235280781897:1172.7666290357804:565.0731367977185:507.74582983784785:10.299363854446339:5.715276207666796:3.849667556307636:0.626864877904506,0.0003771376574900095
4,5,5,0:3:-4,4:3:0,1344,9,6.401062814307409e6:6.147795650211771e6:3.222565523371884e6:2.871731637299997e6:1.87682329206602e6:568304.5413713921:559872.1450212795:2524.2332914645917:2315.633685932611:1259.2766257457863:647.1921049790902:587.6105688817925:10.728235034316342:6.063081674239437:4.140263467261913:0.642891535611999,0.00037239378029547753
4,5,5,1:3:-4,4:3:1,672,9,5.887465153308802e6:5.765245184510759e6:2.922860606921926e6:2.495051935403296e6:1.6041347895142168e6:462097.7385709263:453545.14358240674:2340.4719578286827:2180.2235280781592:1172.7666290358275:565.0731367976904:507.745829837826:10.299363854660962:5.715276207604472:3.849667556380236:0.6268648777967176,0.0003771376574900088
4,5,5,-1:-5:-3,5:3:1,336,8,5.391115032830288e6:5.220969653312322e6:1.1377895843312095e6:752094.0032262206:503466.90772334655:72292.66188884452:65318.33709134678:1756.777270830278:1644.3008094150848:633.8146227198204:169.01205030490607:135.95337592147607:8.006136135886377:3.6704592130986367:2.055249529595447:0.5279876209758984,0.0003267196446202388
4,5,5,0:-5:-3,5:3:0,672,8,5.858790592084459e6:5.664601204812934e6:1.2584126564441847e6:835699.6483117116:559954.1637736738:81158.72058258057:73421.46719649155:1865.8932135825253:1752.9759105362493:682.8700086066764:183.2306971653261:147.4604288903482:8.303176095399:3.834527699029822:2.153620524034212:0.5385746107362221,0.00032019200835205176
4,5,5,1:-5:-3,5:3:1,336,8,5.3911150328302905e6:5.220969653312326e6:1.13778958433121e6:752094.003226221:503466.9077233465:72292.66188884462:65318.337091346744:1756.7772708302762:1644.3008094150964:633.8146227198989:169.0120503049679:135.95337592146618:8.006136135872456:3.6704592131109073:2.05524952964214:0.5279876209804467,0.00032671964462024244
4,5,5,-1:-4:-3,4:3:1,672,8,1.2223247009599878e7:1.167078636375446e7:3.231397974006246e6:2.230809742059776e6:1.4799735396847e6:243531.23992697793:224135.5412335675:3212.962681826815:3119.4326462578806:1351.2066917712903:393.2437998173587:320.1830334099403:11.626204867004581:5.745566096917658:3.334873280419119:0.6432332227280155,0.0002701469976097053
4,5,5,0:-4:-3,4:3:0,1344,8,1.3528166777335305e7:1.2902604118543353e7:3.7143076892446675e6:2.577728034818265e6:1.702500520903166e6:287435.69002866547:265448.8387465313:3471.4595097123342:3383.949036431293:1490.1006892659107:440.9706096110106:360.13777008958994:12.209102592814126:6.095238392325773:3.5581246628406173:0.6595924268945927,0.0002642619945515907
4,5,5,1:-4:-3,4:3:1,672,8,1.2223247009599878e7:1.1670786363754459e7:3.2313979740062454e6:2.2308097420597766e6:1.4799735396846998e6:243531.23992697804:224135.5412335674:3212.9626818268466:3119.4326462578833:1351.2066917714806:393.243799817352:320.1830334099693:11.626204867057657:5.745566096937262:3.334873280830767:0.6432332226789679,0.00027014699760971
4,5,5,-3:-3:-3,3:3:3,343,8,1.106860980929054e7:1.0582110741165508e7:2.826769269805189e6:1.9416067939092752e6:1.2927460885487744e6:207915.6716656644:190770.94295094177:2981.013250889567:2882.2036304564417:1229.021428750004:352.47754314325334:286.2560081349126:11.090372967431852:5.427993854137576:3.1340379249294306:0.627754604112301,0.0002761331673350163
4,5,5,-2:-3:-3,3:3:2,686,8,1.858395437640557e7:1.7706597941440757e7:5.848405233483557e6:4.135696731046034e6:2.6808859375613574e6:499057.5723328003:466787.5258533264:4453.966400437931:4383.919926240092:2037.3713949692685:644.6812836653908:533.3671896806833:14.303524956774995:7.389079244081757:4.403798156606994:0.7149067570653114,0.0002473172656526069
4,5,5,-1:-3:-3,3:3:1,1407,7,2.600059018065846e7:2.4940521929570243e7:9.756252334034681e6:7.127321088939872e6:4.515606831680243e6:964589.0067108577:917776.9949004918:5906.467753526313:5815.288576518545:2867.7044963005105:1011.0416738271841:854.6238214398762:17.096611655027576:9.213351820940114:5.650748873486867:0.7822856201969461,0.0002316521702994378
4,5,5,0:-3:-3,3:3:0,2128,7,2.9172514186044883e7:2.8151166929805588e7:1.170734349856075e7:8.711873861208595e6:5.487044209211079e6:1.2407405378934848e6:1.188462717233914e6:6553.161981239138:6423.902706416966:3232.394317880305:1199.1565021515285:1023.7584672921943:18.23645278253787:9.994181211245223:6.205088219183177:0.808254294878151,0.00022674240598302855
4,5,5,1:-3:-3,3:3:1,1407,7,2.6000590180658467e7:2.494052192957024e7:9.756252334034676e6:7.127321088939868e6:4.515606831680245e6:964589.0067108589:917776.9949004914:5906.467753526337:5815.288576518414:2867.704496300212:1011.0416738275138:854.6238214397915:17.096611654866628:9.213351820642158:5.650748873481355:0.7822856201466594,0.00023165217029943417
4,5,5,2:-3:-3,3:3:2,686,8,1.8583954376405574e7:1.7706597941440754e7:5.848405233483555e6:4.135696731046034e6:2.6808859375613574e6:499057.57233279996:466787.52585332596:4453.966400437927:4383.919926240244:2037.3713949691114:644.68128366562:533.3671896805307:14.303524956760132:7.389079244032531:4.403798156607053:0.7149067569885199,0.00024731726565260906
4,5,5,3:-3:-3,3:3:3,343,8,1.1068609809290534e7:1.0582110741165506e7:2.8267692698051874e6:1.9416067939092743e6:1.2927460885487746e6:207915.67166566502:190770.9429509418:2981.0132508895613:2882.203630456419:1229.021428750277:352.47754314323123:286.25600813493196:11.090372967448523:5.427993854043172:3.1340379249911345:0.6277546040427132,0.00027613316733502005
4,5,5,-3:-2:-3,3:3:2,686,8,1.8583954376405567e7:1.7706597941440757e7:5.848405233483557e6:4.1356967310460364e6:2.6808859375613574e6:499057.57233280054:466787.5258533266:4453.966400437889:4383.919926240028:2037.371394969328:644.6812836654743:533.3671896805566:14.303524956755508:7.389079244101264:4.403798156672417:0.7149067569935161,0.0002473172656526048
4,5,5,-2:-2:-3,3:2:2,1372,7,3.2762308778111454e7:3.191352730937364e7:1.4103469724547897e7:1.0766742202741582e7:6.762442501080906e6:1.6289896213608803e6:1.571470434787802e6:7315.706812990077:7114.086629639177:3651.694711192139:1440.7962525646224:1244.592751436234:19.505592725809187:10.891570927142515:6.85835857434678:0.8363913440822345,0.00022197560323439602
4,5,5,-1:-2:-3,3:2:1,2142,7,4.837346574646699e7:4.634634965529141e7:2.4378414819255505e7:2.1844395735900756e7:1.4300428246934308e7:4.357930383308141e6:4.294833089282085e6:10652.244927560867:9770.892863202636:5312.071525551063:2768.0799781784813:2510.56726363349:24.262043534324697:14.584639150747256:9.750391186496827:0.9374870456336131,0.0002080551375133731
4,5,5,0:-2:-3,3:2:0,2912,7,5.6643448779093094e7:5.183321516135702e7:2.8601990824865434e7:2.830571259199759e7:1.9438732390859183e7:6.5472056511687115e6:6.489054061699325e6:12270.577928561343:10870.878762991553:6039.846892587611:3603.300628963592:3337.3695513057824:26.208101439372765:16.303493522045567:11.226704420840969:0.9784492758006733,0.00020318815152695841
4,5,5,1:-2:-3,3:2:1,2142,7,4.837346574646702e7:4.634634965529141e7:2.4378414819255497e7:2.184439573590077e7:1.4300428246934315e7:4.357930383308144e6:4.294833089282082e6:10652.24492756085:9770.892863201481:5312.071525551723:2768.0799781768446:2510.567263633475:24.26204353513467:14.584639151340733:9.750391187171399:0.93748704567355,0.00020805513751336266
4,5,5,2:-2:-3,3:2:2,1372,7,3.276230877811147e7:3.1913527309373643e7:1.4103469724547885e7:1.0766742202741578e7:6.762442501080901e6:1.6289896213608806e6:1.5714704347878029e6:7315.706812990136:7114.086629638722:3651.6947111918907:1440.796252564177:1244.5927514363548:19.50559272600482:10.891570926554188:6.85835857461018:0.836391343967985,0.00022197560323438832
4,5,5,3:-2:-3,3:3:2,686,8,1.8583954376405574e7:1.7706597941440757e7:5.848405233483557e6:4.1356967310460387e6:2.6808859375613583e6:499057.5723327998:466787.52585332684:4453.966400437908:4383.91992624015:2037.3713949693788:644.6812836658626:533.3671896804963:14.303524956843411:7.38907924390281:4.4037981565055295:0.714906756991268,0.00024731726565261003
4,5,5,-5:-1:-3,5:3:1,336,8,5.391115032830289e6:5.2209696533123255e6:1.13778958433121e6:752094.0032262206:503466.90772334667:72292.66188884461:65318.3370913467:1756.7772708302807:1644.300809415099:633.814622719954:169.01205030494614:135.95337592149534:8.00613613582115:3.6704592132546225:2.0552495296382722:0.5279876209988582,0.0003267196446202451
4,5,5,-4:-1:-3,4:3:1,672,8,1.2223247009599885e7:1.1670786363754464e7:3.231397974006247e6:2.2308097420597766e6:1.4799735396846996e6:243531.23992697865:224135.54123356764:3212.962681826828:3119.4326462578388:1351.206691771603:393.243799817591:320.1830334100135:11.626204866768976:5.745566096541162:3.334873280998497:0.643233222621686,0.0002701469976097107
4,5,5,-3:-1:-3,3:3:1,1407,7,2.6000590180658445e7:2.494052192957024e7:9.756252334034683e6:7.127321088939869e6:4.515606831680244e6:964589.0067108569:917776.9949004914:5906.467753526341:5815.288576518567:2867.704496300413:1011.0416738274549:854.623821439769:17.096611655243628:9.213351820880066:5.6507488731547735:0.7822856202082332,0.0002316521702994384
4,5,5,-2:-1:-3,3:2:1,2142,7,4.8373465746467024e7:4.6346349655291416e7:2.437841481925551e7:2.1844395735900786e7:1.4300428246934306e7:4.357930383308146e6:4.294833089282085e6:10652.244927560838:9770.892863200563:5312.071525551491:2768.0799781793526:2510.5672636333757:24.262043535822045:14.584639151621234:9.750391186959222:0.9374870454437163,0.0002080551375133596
4,5,5,-1:-1:-3,3:1:1,2631,7,7.907111738185531e7:6.398360438963009e7:4.8229356272024795e7:4.0257406986379676e7:3.710588754344832e7:1.798318074864475e7:1.793088087534957e7:16394.997155923546:13327.176431106116:8041.963836412712:6773.886923925611:6549.703368247797:30.486145728735888:20.956686866526447:15.797151540645137:1.0759667556845358,0.00019175177856624103
4,5,5,0:-1:-3,3:1:0,3120,7,9.15009547846082e7:7.04493091157384e7:6.2013531835313074e7:5.825670033898059e7:4.380153237652648e7:3.455173971303928e7:3.4438695788023375e7:18372.29356110355:14587.698605883743:10051.535010384767:9965.09615767018:9545.102910449788:32.328951272762765:24.183526905869744:19.743545840596248:1.1350104119305044,0.00018396430911209248
4,5,5,1:-1:-3,3:1:1,2631,7,7.907111738185532e7:6.398360438963005e7:4.822935627202479e7:4.025740698637967e7:3.71058875434483e7:1.798318074864475e7:1.7930880875349578e7:16394.997155923997:13327.17643110537:8041.963836412502:6773.8869239259275:6549.7033682443025:30.486145729571:20.956686867688685:15.797151540536266:1.0759667551394412,0.00019175177856623312
4,5,5,2:-1:-3,3:2:1,2142,7,4.8373465746467e7:4.634634965529143e7:2.437841481925549e7:2.1844395735900763e7:1.4300428246934308e7:4.357930383308141e6:4.294833089282082e6:10652.244927560896:9770.892863201192:5312.071525552419:2768.0799781786186:2510.567263632882:24.26204353535273:14.584639151842854:9.750391187150484:0.9374870460680454,0.0002080551375133666
4,5,5,3:-1:-3,3:3:1,1407,7,2.6000590180658452e7:2.494052192957023e7:9.756252334034678e6:7.127321088939869e6:4.515606831680243e6:964589.0067108584:917776.9949004918:5906.467753526332:5815.288576518679:2867.7044963002427:1011.041673827546:854.6238214400145:17.09661165486586:9.213351821051884:5.650748873356091:0.7822856201245592,0.00023165217029943964
4,5,5,4:-1:-3,4:3:1,672,8,1.2223247009599883e7:1.1670786363754462e7:3.231397974006246e6:2.2308097420597775e6:1.4799735396847003e6:243531.2399269781:224135.54123356738:3212.9626818268516:3119.432646257874:1351.2066917718023:393.24379981748683:320.1830334101135:11.62620486683523:5.745566096800193:3.3348732806693335:0.6432332228019456,0.00027014699760971616
4,5,5,5:-1:-3,5:3:1,336,8,5.391115032830285e6:5.220969653312325e6:1.1377895843312093e6:752094.0032262205:503466.90772334684:72292.66188884462:65318.337091346766:1756.7772708302798:1644.300809415064:633.8146227203569:169.01205030490274:135.9533759215473:8.006136135821034:3.6704592131000577:2.0552495297322135:0.5279876209073293,0.00032671964462025545
4,5,5,-5:0:-3,5:3:0,672,8,5.858790592084464e6:5.664601204812933e6:1.258412656444185e6:835699.6483117124:559954.1637736739:81158.72058258059:73421.46719649152:1865.8932135825214:1752.9759105362054:682.8700086066967:183.23069716545675:147.4604288902701:8.30317609540146:3.8345276990187176:2.1536205240866:0.5385746107402275,0.000320192008352049
4,5,5,-4:0:-3,4:3:0,1344,8,1.3528166777335305e7:1.2902604118543357e7:3.7143076892446666e6:2.577728034818265e6:1.7025005209031655e6:287435.69002866565:265448.8387465312:3471.4595097123156:3383.949036431253:1490.1006892658902:440.9706096109815:360.13777008951416:12.209102592797757:6.095238392281833:3.558124662826286:0.6595924268735588,0.0002642619945515879
4,5,5,-3:0:-3,3:3:0,2128,7,2.917251418604486e7:2.8151166929805588e7:1.1707343498560747e7:8.711873861208597e6:5.487044209211079e6:1.2407405378934848e6:1.188462717233914e6:6553.161981239154:6423.902706416924:3232.39431788028:1199.15650215162:1023.7584672923886:18.2364527827996:9.994181211236395:6.2050882188589265:0.8082542949903038,0.0002267424059830287
4,5,5,-2:0:-3,3:2:0,2912,7,5.6643448779093094e7:5.1833215161357045e7:2.8601990824865434e7:2.8305712591997582e7:1.943873239085918e7:6.547205651168714e6:6.489054061699323e6:12270.577928561523:10870.878762991679:6039.846892587669:3603.300628963549:3337.3695513052035:26.20810143870685:16.30349352297358:11.226704422195466:0.9784492755441411,0.00020318815152695953
4,5,5,-1:0:-3,3:1:0,3120,7,9.15009547846082e7:7.044930911573838e7:6.201353183531308e7:5.825670033898059e7:4.380153237652648e7:3.4551739713039264e7:3.4438695788023375e7:18372.29356110344:14587.69860588401:10051.535010382371:9965.096157671664:9545.102910447726:32.3289512721713:24.18352690810134:19.743545843182225:1.1350104114761193,0.0001839643091120866
4,5,5,0:0:-3,3:0:0,3328,7,7.701301963907209e7:7.701301937710002e7:7.701301937709993e7:7.701290489770846e7:7.701290489770842e7:7.693472214705108e7:7.693472214705107e7:15761.923391735676:15760.602167083181:15760.602167083165:15617.505110339345:15617.505110339223:30.773341241668142:28.331128169662772:28.331128162254036:1.2033483689516702,0.00017238637073962917
4,5,5,1:0:-3,3:1:0,3120,7,9.150095478460819e7:7.044930911573844e7:6.201353183531311e7:5.825670033898059e7:4.380153237652649e7:3.455173971303927e7:3.4438695788023375e7:18372.293561103437:14587.69860588387:10051.53501038267:9965.096157673735:9545.1029104481:32.32895127223595:24.183526908039447:19.743545843293887:1.1350104114263861,0.00018396430911209205
4,5,5,2:0:-3,3:2:0,2912,7,5.6643448779093094e7:5.1833215161357045e7:2.8601990824865427e7:2.830571259199759e7:1.9438732390859175e7:6.547205651168715e6:6.489054061699325e6:12270.577928561519:10870.87876299154:6039.846892587666:3603.3006289639316:3337.3695513056214:26.208101438620258:16.30349352301218:11.226704422254556:0.9784492755531125,0.00020318815152696023
4,5,5,3:0:-3,3:3:0,2128,7,2.917251418604486e7:2.8151166929805584e7:1.1707343498560755e7:8.711873861208592e6:5.487044209211079e6:1.2407405378934862e6:1.1884627172339137e6:6553.161981239164:6423.902706416933:3232.3943178803156:1199.1565021516546:1023.7584672924266:18.236452782798683:9.99418121135583:6.205088218840545:0.8082542949930861,0.00022674240598302947
4,5,5,4:0:-3,4:3:0,1344,8,1.3528166777335307e7:1.2902604118543355e7:3.7143076892446657e6:2.577728034818265e6:1.702500520903166e6:287435.69002866535:265448.8387465313:3471.4595097123374:3383.949036431278:1490.1006892659022:440.9706096109829:360.1377700895166:12.209102592862086:6.095238392497223:3.5581246628241225:0.6595924268733311,0.0002642619945515898
4,5,5,5:0:-3,5:3:0,672,8,5.858790592084462e6:5.664601204812934e6:1.258412656444185e6:835699.6483117115:559954.1637736739:81158.72058258063:73421.46719649155:1865.8932135825137:1752.9759105361966:682.8700086066835:183.23069716532353:147.46042889033652:8.303176095400072:3.834527699053817:2.1536205240865516:0.5385746107411903,0.0003201920083520466
4,5,5,-5:1:-3,5:3:1,336,8,5.391115032830289e6:5.2209696533123255e6:1.13778958433121e6:752094.0032262206:503466.90772334667:72292.66188884461:65318.3370913467:1756.7772708302807:1644.300809415099:633.814622719954:169.01205030494614:135.95337592149534:8.00613613582115:3.6704592132546225:2.0552495296382722:0.5279876209988582,0.0003267196446202451
4,5,5,-4:1:-3,4:3:1,672,8,1.2223247009599885e7:1.1670786363754464e7:3.231397974006247e6:2.2308097420597766e6:1.4799735396846996e6:243531.23992697865:224135.54123356764:3212.962681826828:3119.4326462578388:1351.206691771603:393.243799817591:320.1830334100135:11.626204866768976:5.745566096541162:3.334873280998497:0.643233222621686,0.0002701469976097107
4,5,5,-3:1:-3,3:3:1,1407,7,2.6000590180658445e7:2.494052192957024e7:9.756252334034683e6:7.127321088939869e6:4.515606831680244e6:964589.0067108569:917776.9949004914:5906.467753526341:5815.288576518567:2867.704496300413:1011.0416738274549:854.623821439769:17.096611655243628:9.213351820880066:5.6507488731547735:0.7822856202082332,0.0002316521702994384
4,5,5,-2:1:-3,3:2:1,2142,7,4.8373465746467024e7:4.6346349655291416e7:2.437841481925551e7:2.1844395735900786e7:1.4300428246934306e7:4.357930383308146e6:4.294833089282085e6:10652.244927560838:9770.892863200563:5312.071525551491:2768.0799781793526:2510.5672636333757:24.262043535822045:14.584639151621234:9.750391186959222:0.9374870454437163,0.0002080551375133596
4,5,5,-1:1:-3,3:1:1,2631,7,7.907111738185531e7:6.398360438963009e7:4.8229356272024795e7:4.0257406986379676e7:3.710588754344832e7:1.798318074864475e7:1.793088087534957e7:16394.997155923546:13327.176431106116:8041.963836412712:6773.886923925611:6549.703368247797:30.486145728735888:20.956686866526447:15.797151540645137:1.0759667556845358,0.00019175177856624103
4,5,5,0:1:-3,3:1:0,3120,7,9.15009547846082e7:7.04493091157384e7:6.2013531835313074e7:5.825670033898059e7:4.380153237652648e7:3.455173971303928e7:3.4438695788023375e7:18372.29356110355:14587.698605883743:10051.535010384767:9965.09615767018:9545.102910449788:32.328951272762765:24.183526905869744:19.743545840596248:1.1350104119305044,0.00018396430911209248
4,5,5,1:1:-3,3:1:1,2631,7,7.907111738185532e7:6.398360438963005e7:4.822935627202479e7:4.025740698637967e7:3.71058875434483e7:1.798318074864475e7:1.7930880875349578e7:16394.997155923997:13327.17643110537:8041.963836412502:6773.8869239259275:6549.7033682443025:30.486145729571:20.956686867688685:15.797151540536266:1.0759667551394412,0.00019175177856623312
4,5,5,2:1:-3,3:2:1,2142,7,4.8373465746467e7:4.634634965529143e7:2.437841481925549e7:2.1844395735900763e7:1.4300428246934308e7:4.357930383308141e6:4.294833089282082e6:10652.244927560896:9770.892863201192:5312.071525552419:2768.0799781786186:2510.567263632882:24.26204353535273:14.584639151842854:9.750391187150484:0.9374870460680454,0.0002080551375133666
4,5,5,3:1:-3,3:3:1,1407,7,2.6000590180658452e7:2.494052192957023e7:9.756252334034678e6:7.127321088939869e6:4.515606831680243e6:964589.0067108584:917776.9949004918:5906.467753526332:5815.288576518679:2867.7044963002427:1011.041673827546:854.6238214400145:17.09661165486586:9.213351821051884:5.650748873356091:0.7822856201245592,0.00023165217029943964
4,5,5,4:1:-3,4:3:1,672,8,1.2223247009599883e7:1.1670786363754462e7:3.231397974006246e6:2.2308097420597775e6:1.4799735396847003e6:243531.2399269781:224135.54123356738:3212.9626818268516:3119.432646257874:1351.2066917718023:393.24379981748683:320.1830334101135:11.62620486683523:5.745566096800193:3.3348732806693335:0.6432332228019456,0.00027014699760971616
4,5,5,5:1:-3,5:3:1,336,8,5.391115032830285e6:5.220969653312325e6:1.1377895843312093e6:752094.0032262205:503466.90772334684:72292.66188884462:65318.337091346766:1756.7772708302798:1644.300809415064:633.8146227203569:169.01205030490274:135.9533759215473:8.006136135821034:3.6704592131000577:2.0552495297322135:0.5279876209073293,0.00032671964462025545
4,5,5,-3:2:-3,3:3:2,686,8,1.8583954376405567e7:1.7706597941440757e7:5.848405233483557e6:4.1356967310460364e6:2.6808859375613574e6:499057.57233280054:466787.5258533266:4453.966400437889:4383.919926240028:2037.371394969328:644.6812836654743:533.3671896805566:14.303524956755508:7.389079244101264:4.403798156672417:0.7149067569935161,0.0002473172656526048
4,5,5,-2:2:-3,3:2:2,1372,7,3.2762308778111454e7:3.191352730937364e7:1.4103469724547897e7:1.0766742202741582e7:6.762442501080906e6:1.6289896213608803e6:1.571470434787802e6:7315.706812990077:7114.086629639177:3651.694711192139:1440.7962525646224:1244.592751436234:19.505592725809187:10.891570927142515:6.85835857434678:0.8363913440822345,0.00022197560323439602
4,5,5,-1:2:-3,3:2:1,2142,7,4.837346574646699e7:4.634634965529141e7:2.4378414819255505e7:2.1844395735900756e7:1.4300428246934308e7:4.357930383308141e6:4.294833089282085e6:10652.244927560867:9770.892863202636:5312.071525551063:2768.0799781784813:2510.56726363349:24.262043534324697:14.584639150747256:9.750391186496827:0.9374870456336131,0.0002080551375133731
4,5,5,0:2:-3,3:2:0,2912,7,5.6643448779093094e7:5.183321516135702e7:2.8601990824865434e7:2.830571259199759e7:1.9438732390859183e7:6.5472056511687115e6:6.489054061699325e6:12270.577928561343:10870.878762991553:6039.846892587611:3603.300628963592:3337.3695513057824:26.208101439372765:16.303493522045567:11.226704420840969:0.9784492758006733,0.00020318815152695841
4,5,5,1:2:-3,3:2:1,2142,7,4.837346574646702e7:4.634634965529141e7:2.4378414819255497e7:2.184439573590077e7:1.4300428246934315e7:4.357930383308144e6:4.294833089282082e6:10652.24492756085:9770.892863201481:5312.071525551723:2768.0799781768446:2510.567263633475:24.26204353513467:14.584639151340733:9.750391187171399:0.93748704567355,0.00020805513751336266
4,5,5,2:2:-3,3:2:2,1372,7,3.276230877811147e7:3.1913527309373643e7:1.4103469724547885e7:1.0766742202741578e7:6.762442501080901e6:1.6289896213608806e6:1.5714704347878029e6:7315.706812990136:7114.086629638722:3651.6947111918907:1440.796252564177:1244.5927514363548:19.50559272600482:10.891570926554188:6.85835857461018:0.836391343967985,0.00022197560323438832
4,5,5,3:2:-3,3:3:2,686,8,1.8583954376405574e7:1.7706597941440757e7:5.848405233483557e6:4.1356967310460387e6:2.6808859375613583e6:499057.5723327998:466787.52585332684:4453.966400437908:4383.91992624015:2037.3713949693788:644.6812836658626:533.3671896804963:14.303524956843411:7.38907924390281:4.4037981565055295:0.714906756991268,0.00024731726565261003
4,5,5,-3:3:-3,3:3:3,343,8,1.106860980929054e7:1.0582110741165508e7:2.826769269805189e6:1.9416067939092752e6:1.2927460885487744e6:207915.6716656644:190770.94295094177:2981.013250889567:2882.2036304564417:1229.021428750004:352.47754314325334:286.2560081349126:11.090372967431852:5.427993854137576:3.1340379249294306:0.627754604112301,0.0002761331673350163
4,5,5,-2:3:-3,3:3:2,686,8,1.858395437640557e7:1.7706597941440757e7:5.848405233483557e6:4.135696731046034e6:2.6808859375613574e6:499057.5723328003:466787.5258533264:4453.966400437931:4383.919926240092:2037.3713949692685:644.6812836653908:533.3671896806833:14.303524956774995:7.389079244081757:4.403798156606994:0.7149067570653114,0.0002473172656526069
4,5,5,-1:3:-3,3:3:1,1407,7,2.600059018065846e7:2.4940521929570243e7:9.756252334034681e6:7.127321088939872e6:4.515606831680243e6:964589.0067108577:917776.9949004918:5906.467753526313:5815.288576518545:2867.7044963005105:1011.0416738271841:854.6238214398762:17.096611655027576:9.213351820940114:5.650748873486867:0.7822856201969461,0.0002316521702994378
4,5,5,0:3:-3,3:3:0,2128,7,2.9172514186044883e7:2.8151166929805588e7:1.170734349856075e7:8.711873861208595e6:5.487044209211079e6:1.2407405378934848e6:1.188462717233914e6:6553.161981239138:6423.902706416966:3232.394317880305:1199.1565021515285:1023.7584672921943:18.23645278253787:9.994181211245223:6.205088219183177:0.808254294878151,0.00022674240598302855
4,5,5,1:3:-3,3:3:1,1407,7,2.6000590180658467e7:2.494052192957024e7:9.756252334034676e6:7.127321088939868e6:4.515606831680245e6:964589.0067108589:917776.9949004914:5906.467753526337:5815.288576518414:2867.704496300212:1011.0416738275138:854.6238214397915:17.096611654866628:9.213351820642158:5.650748873481355:0.7822856201466594,0.00023165217029943417
4,5,5,2:3:-3,3:3:2,686,8,1.8583954376405574e7:1.7706597941440754e7:5.848405233483555e6:4.135696731046034e6:2.6808859375613574e6:499057.57233279996:466787.52585332596:4453.966400437927:4383.919926240244:2037.3713949691114:644.68128366562:533.3671896805307:14.303524956760132:7.389079244032531:4.403798156607053:0.7149067569885199,0.00024731726565260906
4,5,5,3:3:-3,3:3:3,343,8,1.1068609809290534e7:1.0582110741165506e7:2.8267692698051874e6:1.9416067939092743e6:1.2927460885487746e6:207915.67166566502:190770.9429509418:2981.0132508895613:2882.203630456419:1229.021428750277:352.47754314323123:286.25600813493196:11.090372967448523:5.427993854043172:3.1340379249911345:0.6277546040427132,0.00027613316733502005
4,5,5,-1:4:-3,4:3:1,672,8,1.2223247009599878e7:1.167078636375446e7:3.231397974006246e6:2.230809742059776e6:1.4799735396847e6:243531.23992697793:224135.5412335675:3212.962681826815:3119.4326462578806:1351.2066917712903:393.2437998173587:320.1830334099403:11.626204867004581:5.745566096917658:3.334873280419119:0.6432332227280155,0.0002701469976097053
4,5,5,0:4:-3,4:3:0,1344,8,1.3528166777335305e7:1.2902604118543353e7:3.7143076892446675e6:2.577728034818265e6:1.702500520903166e6:287435.69002866547:265448.8387465313:3471.4595097123342:3383.949036431293:1490.1006892659107:440.9706096110106:360.13777008958994:12.209102592814126:6.095238392325773:3.5581246628406173:0.6595924268945927,0.0002642619945515907
4,5,5,1:4:-3,4:3:1,672,8,1.2223247009599878e7:1.1670786363754459e7:3.2313979740062454e6:2.2308097420597766e6:1.4799735396846998e6:243531.23992697804:224135.5412335674:3212.9626818268466:3119.4326462578833:1351.2066917714806:393.243799817352:320.1830334099693:11.626204867057657:5.745566096937262:3.334873280830767:0.6432332226789679,0.00027014699760971
4,5,5,-1:5:-3,5:3:1,336,8,5.391115032830288e6:5.220969653312322e6:1.1377895843312095e6:752094.0032262206:503466.90772334655:72292.66188884452:65318.33709134678:1756.777270830278:1644.3008094150848:633.8146227198204:169.01205030490607:135.95337592147607:8.006136135886377:3.6704592130986367:2.055249529595447:0.5279876209758984,0.0003267196446202388
4,5,5,0:5:-3,5:3:0,672,8,5.858790592084459e6:5.664601204812934e6:1.2584126564441847e6:835699.6483117116:559954.1637736738:81158.72058258057:73421.46719649155:1865.8932135825253:1752.9759105362493:682.8700086066764:183.2306971653261:147.4604288903482:8.303176095399:3.834527699029822:2.153620524034212:0.5385746107362221,0.00032019200835205176
4,5,5,1:5:-3,5:3:1,336,8,5.3911150328302905e6:5.220969653312326e6:1.13778958433121e6:752094.003226221:503466.9077233465:72292.66188884462:65318.337091346744:1756.7772708302762:1644.3008094150964:633.8146227198989:169.0120503049679:135.95337592146618:8.006136135872456:3.6704592131109073:2.05524952964214:0.5279876209804467,0.00032671964462024244
4,5,5,-1:-5:-2,5:2:1,672,8,1.2312832842805764e7:1.2270126646022027e7:2.0308907295748885e6:1.2108622287183625e6:757864.2566937656:99438.2161478839:89063.72765262042:3132.484130521491:2741.470416829442:873.0566719307702:218.25906619382914:174.38185035122905:10.310573523739684:4.648434855308168:2.4433920670613856:0.5976180733458483,0.00024274011279320346
4,5,5,0:-5:-2,5:2:0,1344,7,1.3703870569083804e7:1.3677794429981142e7:2.2812323571511307e6:1.3664346084260016e6:858705.2587712987:112836.3193852291:101043.09987020049:3383.421246360758:2969.910308125834:952.7407594500287:238.64770396482257:190.52137693488686:10.784930231870069:4.892159892971405:2.5762646824142386:0.6110892628131698,0.00023574312860391797
4,5,5,1:-5:-2,5:2:1,672,8,1.2312832842805771e7:1.2270126646022025e7:2.0308907295748878e6:1.210862228718364e6:757864.2566937658:99438.21614788404:89063.72765262044:3132.484130521496:2741.4704168294247:873.0566719307451:218.25906619380945:174.38185035124886:10.310573523745093:4.64843485530166:2.4433920669976237:0.5976180733320378,0.00024274011279320267
4,5,5,-1:-4:-2,4:2:1,1344,7,3.76385429440907e7:3.708515207726697e7:6.896104521105682e6:4.340119031354788e6:2.833906687793817e6:382381.76404273085:342677.7426645708:6951.86849308096:6302.583926192902:2194.965069327751:564.0292479866947:448.17808006402873:16.596185229746652:7.955017679771876:4.275311330020359:0.7498717639738471,0.00018049216295636385
4,5,5,0:-4:-2,4:2:0,2688,7,4.368383780341188e7:4.292282458092776e7:8.153396336653778e6:5.17320704171189e6:3.3955374583415827e6:461319.08182747423:413705.71835042466:7732.454771279998:7049.004677466886:2490.8606148208532:643.5274046438903:511.27704579845107:17.717816267238554:8.561191309137156:4.617737371773575:0.7726115272263059,0.00017371764827727248
4,5,5,1:-4:-2,4:2:1,1344,7,3.763854294409067e7:3.708515207726695e7:6.896104521105678e6:4.340119031354785e6:2.833906687793816e6:382381.76404273143:342677.74266457086:6951.868493080944:6302.583926192909:2194.9650693275394:564.0292479870213:448.1780800638588:16.59618523036344:7.955017679855801:4.2753113298936185:0.7498717640347691,0.00018049216295636314
4,5,5,-3:-3:-2,3:3:2,686,7,3.2619113404051453e7:3.222278504451797e7:5.879121126177462e6:3.6719509071635315e6:2.385130605313995e6:320010.5259261052:286641.4238465481:6277.0398760545595:5661.804873758295:1945.7112229942006:497.645758906543:395.5470549015064:15.59334812068652:7.416977755187258:3.973044726116989:0.728639361509383,0.00018730491060294074
4,5,5,-2:-3:-2,3:2:2,1372,7,7.10576004879891e7:6.916546472188608e7:1.4269231431445329e7:9.304001510217825e6:6.194770284814917e6:868543.6266661817:781899.8535977438:10962.86740831691:10189.560412745055:3795.299755924385:1002.8333975280437:797.6006890024695:22.028814753501752:10.932844955921093:5.9763009030843595:0.8519849031549467,0.00015369095846594756
4,5,5,-1:-3:-2,3:2:1,2142,7,1.2414002680544151e8:1.1952427035777386e8:2.8025945479330298e7:1.884829230225601e7:1.2632200208192814e7:1.884283600679621e6:1.7106762259621106e6:16439.597179626377:15657.156303648408:6263.113173754234:1722.1042729737708:1377.0868538541417:28.545088776684086:14.64003073745406:8.158801012585089:0.9546318408464703,0.00013433616521250433
4,5,5,0:-3:-2,3:2:0,2912,7,1.5236262336254779e8:1.4615786229852128e8:3.635609618524898e7:2.4715515667034697e7:1.6533785219144776e7:2.549084198379355e6:2.324762751510037e6:19120.123111489618:18377.616780553974:7570.954655653286:2124.87979760508:1705.3544805085767:31.49327064603828:16.36545904532396:9.198890825982495:0.9962242622087395,0.00012811521392047415
4,5,5,1:-3:-2,3:2:1,2142,7,1.2414002680544147e8:1.1952427035777383e8:2.802594547933031e7:1.884829230225601e7:1.2632200208192816e7:1.8842836006796197e6:1.7106762259621113e6:16439.59717962634:15657.156303648573:6263.113173755624:1722.1042729737164:1377.0868538543484:28.545088778560814:14.640030737558472:8.158801014892042:0.9546318404740887,0.000134336165212507
4,5,5,2:-3:-2,3:2:2,1372,7,7.105760048798908e7:6.916546472188611e7:1.4269231431445323e7:9.304001510217832e6:6.194770284814919e6:868543.626666181:781899.8535977434:10962.867408316988:10189.56041274498:3795.299755924623:1002.8333975278031:797.6006890027201:22.028814754435228:10.93284495584973:5.976300902559117:0.8519849034925103,0.00015369095846594816
4,5,5,3:-3:-2,3:3:2,686,7,3.261911340405145e7:3.2222785044517964e7:5.87912112617746e6:3.6719509071635315e6:2.385130605313997e6:320010.52592610527:286641.4238465482:6277.039876054596:5661.804873758329:1945.7112229941476:497.6457589066469:395.54705490149047:15.593348120805762:7.4169777554229706:3.9730447256323145:0.7286393619650047,0.00018730491060294166
4,5,5,-3:-2:-2,3:2:2,1372,7,7.105760048798913e7:6.916546472188616e7:1.426923143144534e7:9.30400151021783e6:6.194770284814919e6:868543.6266661814:781899.8535977445:10962.86740831689:10189.560412744711:3795.2997559243295:1002.8333975279766:797.6006890029456:22.028814754939663:10.932844956028655:5.97630090287436:0.8519849035605241,0.00015369095846594512
4,5,5,-2:-2:-2,2:2:2,2744,7,1.8898028071927065e8:1.8067141094991478e8:4.823598458367804e7:3.3153950623200703e7:2.2064495657332987e7:3.5501416204916625e6:3.256618510750653e6:22458.30667953233:21788.84656582427:9276.418488643008:2673.7920080800977:2156.9657780059606:35.00037046245054:18.457825657622514:10.480942902112925:1.0427358033800254,0.00012205643559405824
4,5,5,-1:-2:-2,2:2:1,2940,7,3.8523118205696344e8:3.67931473032817e8:1.3363274688950524e8:9.606220288823897e7:6.140671875569943e7:1.2321667910337454e7:1.1632503270485047e7:39418.734705333096:38983.742554109:18730.623115281815:6294.411034685627:5244.17551710797:50.763789550747724:28.43912781136598:16.919460590936673:1.2246054453265391,0.00010529496411369681
4,5,5,0:-2:-2,2:2:0,3136,7,4.9813355605328983e8:4.806996302290963e8:1.9987587671503466e8:1.4878093403379714e8:9.366710923476362e7:2.118922294521026e7:2.0294797213363662e7:49455.4902468017:48592.36323595684:24431.07121715092:9098.31232708981:7741.963379378759:58.79915296991489:33.94331756020205:20.712255131020008:1.3062858895288563,0.00010033854308543479
4,5,5,1:-2:-2,2:2:1,2940,7,3.852311820569636e8:3.6793147303281707e8:1.336327468895052e8:9.606220288823894e7:6.140671875569943e7:1.2321667910337437e7:1.1632503270485047e7:39418.73470533255:38983.74255410522:18730.623115287457:6294.411034682629:5244.175517111484:50.76378956016353:28.43912781085813:16.919460597705587:1.2246054469702037,0.00010529496411369491
4,5,5,2:-2:-2,2:2:2,2744,7,1.8898028071927065e8:1.8067141094991478e8:4.823598458367804e7:3.3153950623200715e7:2.2064495657333e7:3.5501416204916625e6:3.256618510750654e6:22458.306679532205:21788.84656582462:9276.418488634905:2673.7920080792037:2156.9657780042276:35.00037046496872:18.457825656138102:10.480942897462247:1.0427358041417927,0.00012205643559404958
4,5,5,3:-2:-2,3:2:2,1372,7,7.105760048798908e7:6.916546472188614e7:1.4269231431445327e7:9.304001510217836e6:6.194770284814922e6:868543.6266661809:781899.8535977434:10962.867408316939:10189.560412745046:3795.2997559251785:1002.8333975278697:797.6006890031064:22.028814754480624:10.932844955831815:5.976300903047595:0.8519849033840756,0.00015369095846594978
4,5,5,-5:-1:-2,5:2:1,672,8,1.2312832842805771e7:1.2270126646022022e7:2.0308907295748875e6:1.210862228718363e6:757864.2566937654:99438.21614788404:89063.72765262045:3132.4841305214836:2741.4704168294597:873.0566719307982:218.25906619379083:174.38185035124238:10.310573523782269:4.648434855321342:2.443392067221437:0.5976180732611972,0.00024274011279320403
4,5,5,-4:-1:-2,4:2:1,1344,7,3.7638542944090724e7:3.708515207726697e7:6.8961045211056825e6:4.340119031354788e6:2.8339066877938155e6:382381.76404273126:342677.74266457086:6951.868493080951:6302.583926192984:2194.9650693275125:564.0292479865869:448.17808006383206:16.59618522975548:7.955017679927167:4.275311329712099:0.749871764194201,0.0001804921629563634
4,5,5,-3:-1:-2,3:2:1,2142,7,1.2414002680544153e8:1.1952427035777384e8:2.802594547933031e7:1.8848292302256014e7:1.2632200208192816e7:1.8842836006796197e6:1.71067622596211e6:16439.597179626424:15657.156303648502:6263.113173757124:1722.1042729726282:1377.0868538547213:28.5450887796551:14.640030740660213:8.1588010146686:0.9546318401186956,0.00013433616521250897
4,5,5,-2:-1:-2,2:2:1,2940,7,3.852311820569633e8:3.6793147303281707e8:1.3363274688950527e8:9.606220288823894e7:6.1406718755699486e7:1.2321667910337437e7:1.163250327048506e7:39418.73470533356:38983.74255410915:18730.623115295428:6294.411034687797:5244.175517108767:50.763789554740896:28.43912781289892:16.91946058452773:1.224605445714862,0.0001052949641137058
4,5,5,-1:-1:-2,2:1:1,3150,7,8.926718822477443e8:8.372903640083671e8:4.5195208215899163e8:4.2415796622160155e8:2.8340995488867074e8:9.065410998380952e7:8.960920210306151e7:86317.51507634204:77970.61070557697:42780.19518091905:23886.182235704528:21856.186656081434:82.17956478928517:52.285454145550744:34.83576480595197:1.5256749620066319,9.106456795076226e-5
4,5,5,1:-1:-2,2:1:1,3150,7,8.926718822477441e8:8.372903640083674e8:4.519520821589916e8:4.2415796622160155e8:2.834099548886707e8:9.065410998380956e7:8.960920210306145e7:86317.51507634178:77970.61070559226:42780.19518091518:23886.18223568705:21856.186656076803:82.17956481578405:52.28545412430396:34.83576482006599:1.5256749582274507,9.106456795076493e-5
4,5,5,2:-1:-2,2:2:1,2940,7,3.8523118205696315e8:3.67931473032817e8:1.3363274688950521e8:9.606220288823892e7:6.140671875569944e7:1.2321667910337446e7:1.1632503270485055e7:39418.73470533363:38983.74255411038:18730.6231152951:6294.411034683098:5244.175517108789:50.763789552732405:28.43912781276541:16.91946059071796:1.2246054456420974,0.00010529496411370628
4,5,5,3:-1:-2,3:2:1,2142,7,1.2414002680544147e8:1.1952427035777383e8:2.8025945479330298e7:1.8848292302256025e7:1.2632200208192816e7:1.8842836006796192e6:1.71067622596211e6:16439.597179626366:15657.156303648553:6263.11317375484:1722.1042729729347:1377.0868538542854:28.545088779385548:14.640030737191095:8.158801012018888:0.9546318409954105,0.0001343361652125055
4,5,5,4:-1:-2,4:2:1,1344,7,3.763854294409071e7:3.708515207726696e7:6.896104521105682e6:4.340119031354786e6:2.8339066877938164e6:382381.7640427314:342677.74266457104:6951.868493080966:6302.583926192922:2194.9650693275275:564.0292479868989:448.1780800639105:16.596185229805542:7.95501768009027:4.275311329546862:0.7498717641004893,0.00018049216295636333
4,5,5,5:-1:-2,5:2:1,672,8,1.2312832842805764e7:1.2270126646022027e7:2.0308907295748878e6:1.2108622287183634e6:757864.2566937654:99438.21614788377:89063.72765262033:3132.4841305214895:2741.4704168294325:873.0566719307457:218.259066193888:174.38185035122626:10.310573523701178:4.648434855299856:2.4433920667205626:0.5976180735832899,0.0002427401127932029
4,5,5,-5:0:-2,5:2:0,1344,7,1.3703870569083804e7:1.3677794429981135e7:2.281232357151131e6:1.3664346084260023e6:858705.2587712999:112836.31938522906:101043.09987020057:3383.4212463607532:2969.910308125809:952.7407594501528:238.64770396489934:190.5213769348557:10.78493023187535:4.892159892949877:2.576264682433214:0.6110892628317257,0.00023574312860391846
4,5,5,-4:0:-2,4:2:0,2688,7,4.3683837803411886e7:4.292282458092776e7:8.153396336653782e6:5.173207041711892e6:3.3955374583415813e6:461319.08182747447:413705.71835042496:7732.45477127999:7049.004677466846:2490.8606148212493:643.5274046441822:511.2770457984962:17.71781626722856:8.561191309136156:4.617737371859605:0.772611527302804,0.00017371764827727376
4,5,5,-3:0:-2,3:2:0,2912,7,1.5236262336254787e8:1.4615786229852128e8:3.6356096185248986e7:2.4715515667034682e7:1.6533785219144763e7:2.5490841983793555e6:2.3247627515100376e6:19120.123111489534:18377.616780553526:7570.9546556532805:2124.8797976056608:1705.354480509271:31.493270645956226:16.365459044502447:9.198890824732084:0.9962242623131782,0.00012811521392047285
4,5,5,-2:0:-2,2:2:0,3136,7,4.981335560532894e8:4.806996302290962e8:1.9987587671503457e8:1.48780934033797e8:9.36671092347637e7:2.1189222945210233e7:2.0294797213363647e7:49455.49024680179:48592.3632359618:24431.07121715061:9098.312327091813:7741.963379377643:58.79915296781185:33.94331756277655:20.71225513534791:1.3062858895223566,0.00010033854308543933
4,5,5,2:0:-2,2:2:0,3136,7,4.9813355605328953e8:4.8069963022909623e8:1.998758767150346e8:1.4878093403379712e8:9.366710923476373e7:2.118922294521026e7:2.0294797213363655e7:49455.49024680154:48592.36323595912:24431.07121714993:9098.312327092155:7741.96337937739:58.79915296683152:33.94331755965297:20.712255136115747:1.306285889722357,0.00010033854308543643
4,5,5,3:0:-2,3:2:0,2912,7,1.523626233625478e8:1.4615786229852128e8:3.635609618524896e7:2.4715515667034686e7:1.6533785219144765e7:2.549084198379354e6:2.3247627515100366e6:19120.12311148957:18377.61678055362:7570.9546556535615:2124.8797976061096:1705.3544805086149:31.493270646208927:16.365459045881167:9.198890824721067:0.9962242623377868,0.00012811521392047364
4,5,5,4:0:-2,4:2:0,2688,7,4.368383780341189e7:4.292282458092775e7:8.1533963366537765e6:5.173207041711888e6:3.3955374583415803e6:461319.08182747447:413705.7183504248:7732.454771279966:7049.004677466831:2490.8606148205695:643.5274046443486:511.2770457984528:17.717816267246274:8.561191309069887:4.617737371863439:0.7726115273067151,0.0001737176482772709
4,5,5,5:0:-2,5:2:0,1344,7,1.3703870569083808e7:1.3677794429981142e7:2.281232357151131e6:1.3664346084260007e6:858705.2587712992:112836.31938522916:101043.09987020055:3383.421246360752:2969.910308125804:952.7407594497289:238.64770396493813:190.52137693495303:10.784930231878423:4.89215989297246:2.576264682433547:0.6110892628306066,0.000235743128603914
4,5,5,-5:1:-2,5:2:1,672,8,1.2312832842805771e7:1.2270126646022022e7:2.0308907295748875e6:1.210862228718363e6:757864.2566937654:99438.21614788404:89063.72765262045:3132.4841305214836:2741.4704168294597:873.0566719307982:218.25906619379083:174.38185035124238:10.310573523782269:4.648434855321342:2.443392067221437:0.5976180732611972,0.00024274011279320403
4,5,5,-4:1:-2,4:2:1,1344,7,3.7638542944090724e7:3.708515207726697e7:6.8961045211056825e6:4.340119031354788e6:2.8339066877938155e6:382381.76404273126:342677.74266457086:6951.868493080951:6302.583926192984:2194.9650693275125:564.0292479865869:448.17808006383206:16.59618522975548:7.955017679927167:4.275311329712099:0.749871764194201,0.0001804921629563634
4,5,5,-3:1:-2,3:2:1,2142,7,1.2414002680544153e8:1.1952427035777384e8:2.802594547933031e7:1.8848292302256014e7:1.2632200208192816e7:1.8842836006796197e6:1.71067622596211e6:16439.597179626424:15657.156303648502:6263.113173757124:1722.1042729726282:1377.0868538547213:28.5450887796551:14.640030740660213:8.1588010146686:0.9546318401186956,0.00013433616521250897
4,5,5,-2:1:-2,2:2:1,2940,7,3.852311820569633e8:3.6793147303281707e8:1.3363274688950527e8:9.606220288823894e7:6.1406718755699486e7:1.2321667910337437e7:1.163250327048506e7:39418.73470533356:38983.74255410915:18730.623115295428:6294.411034687797:5244.175517108767:50.763789554740896:28.43912781289892:16.91946058452773:1.224605445714862,0.0001052949641137058
4,5,5,-1:1:-2,2:1:1,3150,7,8.926718822477443e8:8.372903640083671e8:4.5195208215899163e8:4.2415796622160155e8:2.8340995488867074e8:9.065410998380952e7:8.960920210306151e7:86317.51507634204:77970.61070557697:42780.19518091905:23886.182235704528:21856.186656081434:82.17956478928517:52.285454145550744:34.83576480595197:1.5256749620066319,9.106456795076226e-5
4,5,5,1:1:-2,2:1:1,3150,7,8.926718822477441e8:8.372903640083674e8:4.519520821589916e8:4.2415796622160155e8:2.834099548886707e8:9.065410998380956e7:8.960920210306145e7:86317.51507634178:77970.61070559226:42780.19518091518:23886.18223568705:21856.186656076803:82.17956481578405:52.28545412430396:34.83576482006599:1.5256749582274507,9.106456795076493e-5
4,5,5,2:1:-2,2:2:1,2940,7,3.8523118205696315e8:3.67931473032817e8:1.3363274688950521e8:9.606220288823892e7:6.140671875569944e7:1.2321667910337446e7:1.1632503270485055e7:39418.73470533363:38983.74255411038:18730.6231152951:6294.411034683098:5244.175517108789:50.763789552732405:28.43912781276541:16.91946059071796:1.2246054456420974,0.00010529496411370628
4,5,5,3:1:-2,3:2:1,2142,7,1.2414002680544147e8:1.1952427035777383e8:2.8025945479330298e7:1.8848292302256025e7:1.2632200208192816e7:1.8842836006796192e6:1.71067622596211e6:16439.597179626366:15657.156303648553:6263.11317375484:1722.1042729729347:1377.0868538542854:28.545088779385548:14.640030737191095:8.158801012018888:0.9546318409954105,0.0001343361652125055
4,5,5,4:1:-2,4:2:1,1344,7,3.763854294409071e7:3.708515207726696e7:6.896104521105682e6:4.340119031354786e6:2.8339066877938164e6:382381.7640427314:342677.74266457104:6951.868493080966:6302.583926192922:2194.9650693275275:564.0292479868989:448.1780800639105:16.596185229805542:7.95501768009027:4.275311329546862:0.7498717641004893,0.00018049216295636333
4,5,5,5:1:-2,5:2:1,672,8,1.2312832842805764e7:1.2270126646022027e7:2.0308907295748878e6:1.2108622287183634e6:757864.2566937654:99438.21614788377:89063.72765262033:3132.4841305214895:2741.4704168294325:873.0566719307457:218.259066193888:174.38185035122626:10.310573523701178:4.648434855299856:2.4433920667205626:0.5976180735832899,0.0002427401127932029
4,5,5,-3:2:-2,3:2:2,1372,7,7.105760048798913e7:6.916546472188616e7:1.426923143144534e7:9.30400151021783e6:6.194770284814919e6:868543.6266661814:781899.8535977445:10962.86740831689:10189.560412744711:3795.2997559243295:1002.8333975279766:797.6006890029456:22.028814754939663:10.932844956028655:5.97630090287436:0.8519849035605241,0.00015369095846594512
4,5,5,-2:2:-2,2:2:2,2744,7,1.8898028071927065e8:1.8067141094991478e8:4.823598458367804e7:3.3153950623200703e7:2.2064495657332987e7:3.5501416204916625e6:3.256618510750653e6:22458.30667953233:21788.84656582427:9276.418488643008:2673.7920080800977:2156.9657780059606:35.00037046245054:18.457825657622514:10.480942902112925:1.0427358033800254,0.00012205643559405824
4,5,5,-1:2:-2,2:2:1,2940,7,3.8523118205696344e8:3.67931473032817e8:1.3363274688950524e8:9.606220288823897e7:6.140671875569943e7:1.2321667910337454e7:1.1632503270485047e7:39418.734705333096:38983.742554109:18730.623115281815:6294.411034685627:5244.17551710797:50.763789550747724:28.43912781136598:16.919460590936673:1.2246054453265391,0.00010529496411369681
4,5,5,0:2:-2,2:2:0,3136,7,4.9813355605328983e8:4.806996302290963e8:1.9987587671503466e8:1.4878093403379714e8:9.366710923476362e7:2.118922294521026e7:2.0294797213363662e7:49455.4902468017:48592.36323595684:24431.07121715092:9098.31232708981:7741.963379378759:58.79915296991489:33.94331756020205:20.712255131020008:1.3062858895288563,0.00010033854308543479
4,5,5,1:2:-2,2:2:1,2940,7,3.852311820569636e8:3.6793147303281707e8:1.336327468895052e8:9.606220288823894e7:6.140671875569943e7:1.2321667910337437e7:1.1632503270485047e7:39418.73470533255:38983.74255410522:18730.623115287457:6294.411034682629:5244.175517111484:50.76378956016353:28.43912781085813:16.919460597705587:1.2246054469702037,0.00010529496411369491
4,5,5,2:2:-2,2:2:2,2744,7,1.8898028071927065e8:1.8067141094991478e8:4.823598458367804e7:3.3153950623200715e7:2.2064495657333e7:3.5501416204916625e6:3.256618510750654e6:22458.306679532205:21788.84656582462:9276.418488634905:2673.7920080792037:2156.9657780042276:35.00037046496872:18.457825656138102:10.480942897462247:1.0427358041417927,0.00012205643559404958
4,5,5,3:2:-2,3:2:2,1372,7,7.105760048798908e7:6.916546472188614e7:1.4269231431445327e7:9.304001510217836e6:6.194770284814922e6:868543.6266661809:781899.8535977434:10962.867408316939:10189.560412745046:3795.2997559251785:1002.8333975278697:797.6006890031064:22.028814754480624:10.932844955831815:5.976300903047595:0.8519849033840756,0.00015369095846594978
4,5,5,-3:3:-2,3:3:2,686,7,3.2619113404051453e7:3.222278504451797e7:5.879121126177462e6:3.6719509071635315e6:2.385130605313995e6:320010.5259261052:286641.4238465481:6277.0398760545595:5661.804873758295:1945.7112229942006:497.645758906543:395.5470549015064:15.59334812068652:7.416977755187258:3.973044726116989:0.728639361509383,0.00018730491060294074
4,5,5,-2:3:-2,3:2:2,1372,7,7.10576004879891e7:6.916546472188608e7:1.4269231431445329e7:9.304001510217825e6:6.194770284814917e6:868543.6266661817:781899.8535977438:10962.86740831691:10189.560412745055:3795.299755924385:1002.8333975280437:797.6006890024695:22.028814753501752:10.932844955921093:5.9763009030843595:0.8519849031549467,0.00015369095846594756
4,5,5,-1:3:-2,3:2:1,2142,7,1.2414002680544151e8:1.1952427035777386e8:2.8025945479330298e7:1.884829230225601e7:1.2632200208192814e7:1.884283600679621e6:1.7106762259621106e6:16439.597179626377:15657.156303648408:6263.113173754234:1722.1042729737708:1377.0868538541417:28.545088776684086:14.64003073745406:8.158801012585089:0.9546318408464703,0.00013433616521250433
4,5,5,0:3:-2,3:2:0,2912,7,1.5236262336254779e8:1.4615786229852128e8:3.635609618524898e7:2.4715515667034697e7:1.6533785219144776e7:2.549084198379355e6:2.324762751510037e6:19120.123111489618:18377.616780553974:7570.954655653286:2124.87979760508:1705.3544805085767:31.49327064603828:16.36545904532396:9.198890825982495:0.9962242622087395,0.00012811521392047415
4,5,5,1:3:-2,3:2:1,2142,7,1.2414002680544147e8:1.1952427035777383e8:2.802594547933031e7:1.884829230225601e7:1.2632200208192816e7:1.8842836006796197e6:1.7106762259621113e6:16439.59717962634:15657.156303648573:6263.113173755624:1722.1042729737164:1377.0868538543484:28.545088778560814:14.640030737558472:8.158801014892042:0.9546318404740887,0.000134336165212507
4,5,5,2:3:-2,3:2:2,1372,7,7.105760048798908e7:6.916546472188611e7:1.4269231431445323e7:9.304001510217832e6:6.194770284814919e6:868543.626666181:781899.8535977434:10962.867408316988:10189.56041274498:3795.299755924623:1002.8333975278031:797.6006890027201:22.028814754435228:10.93284495584973:5.976300902559117:0.8519849034925103,0.00015369095846594816
4,5,5,3:3:-2,3:3:2,686,7,3.261911340405145e7:3.2222785044517964e7:5.87912112617746e6:3.6719509071635315e6:2.385130605313997e6:320010.52592610527:286641.4238465482:6277.039876054596:5661.804873758329:1945.7112229941476:497.6457589066469:395.54705490149047:15.593348120805762:7.4169777554229706:3.9730447256323145:0.7286393619650047,0.00018730491060294166
4,5,5,-1:4:-2,4:2:1,1344,7,3.76385429440907e7:3.708515207726697e7:6.896104521105682e6:4.340119031354788e6:2.833906687793817e6:382381.76404273085:342677.7426645708:6951.86849308096:6302.583926192902:2194.965069327751:564.0292479866947:448.17808006402873:16.596185229746652:7.955017679771876:4.275311330020359:0.7498717639738471,0.00018049216295636385
4,5,5,0:4:-2,4:2:0,2688,7,4.368383780341188e7:4.292282458092776e7:8.153396336653778e6:5.17320704171189e6:3.3955374583415827e6:461319.08182747423:413705.71835042466:7732.454771279998:7049.004677466886:2490.8606148208532:643.5274046438903:511.27704579845107:17.717816267238554:8.561191309137156:4.617737371773575:0.7726115272263059,0.00017371764827727248
4,5,5,1:4:-2,4:2:1,1344,7,3.763854294409067e7:3.708515207726695e7:6.896104521105678e6:4.340119031354785e6:2.833906687793816e6:382381.76404273143:342677.74266457086:6951.868493080944:6302.583926192909:2194.9650693275394:564.0292479870213:448.1780800638588:16.59618523036344:7.955017679855801:4.2753113298936185:0.7498717640347691,0.00018049216295636314
4,5,5,-1:5:-2,5:2:1,672,8,1.2312832842805764e7:1.2270126646022027e7:2.0308907295748885e6:1.2108622287183625e6:757864.2566937656:99438.2161478839:89063.72765262042:3132.484130521491:2741.470416829442:873.0566719307702:218.25906619382914:174.38185035122905:10.310573523739684:4.648434855308168:2.4433920670613856:0.5976180733458483,0.00024274011279320346
4,5,5,0:5:-2,5:2:0,1344,7,1.3703870569083804e7:1.3677794429981142e7:2.2812323571511307e6:1.3664346084260016e6:858705.2587712987:112836.3193852291:101043.09987020049:3383.421246360758:2969.910308125834:952.7407594500287:238.64770396482257:190.52137693488686:10.784930231870069:4.892159892971405:2.5762646824142386:0.6110892628131698,0.00023574312860391797
4,5,5,1:5:-2,5:2:1,672,8,1.2312832842805771e7:1.2270126646022025e7:2.0308907295748878e6:1.210862228718364e6:757864.2566937658:99438.21614788404:89063.72765262044:3132.484130521496:2741.4704168294247:873.0566719307451:218.25906619380945:174.38185035124886:10.310573523745093:4.64843485530166:2.4433920669976237:0.5976180733320378,0.00024274011279320267
4,5,5,-3:-5:-1,5:3:1,336,8,9.287420635829037e6:8.900049323479664e6:1.257012634845682e6:672360.5579840583:374303.91808645515:48929.318669047745:44665.077844945015:2516.8812867932525:2058.4899683955864:548.3775665334152:134.35084718592674:109.3376362109421:8.65286828472836:3.6924218228836527:1.8473126542337892:0.5457070672653698,0.0002550216950919536
4,5,5,-2:-5:-1,5:2:1,672,7,1.5746051900222026e7:1.5118161168554464e7:2.1495139718700564e6:1.1555096351057135e6:647066.7593481862:84536.46231325495:77041.96840820152:3666.5445157126233:3010.400898437993:807.6281341100373:198.39872639100895:160.85291826352196:10.657629912746886:4.6588623756983205:2.3384588677080997:0.6050524283235575,0.00021930279044809424
4,5,5,-1:-5:-1,5:1:1,1056,7,2.2563712703186527e7:2.169597568656049e7:3.100897390918597e6:1.6734226860442678e6:941394.1813542274:122934.1973213289:111899.39431283575:4739.020510803694:3902.1639358922685:1052.892275582887:259.07690203047406:209.5393948077869:12.306781128294407:5.460661972689321:2.747031408798851:0.6479819119776722,0.00019792092447098458
4,5,5,0:-5:-1,5:1:0,1440,7,2.5660949361171756e7:2.4688068558352605e7:3.535659576803088e6:1.910893820266139e6:1.0768802175565744e6:140603.3725339912:127924.52573930107:5194.541178825648:4281.881711543542:1157.95189057081:285.08829142407404:230.38274277442366:12.961018892288735:5.780170739477008:2.9100992616678663:0.6638467407369991,0.00019080221650304434
4,5,5,1:-5:-1,5:1:1,1056,7,2.256371270318655e7:2.169597568656049e7:3.1008973909185985e6:1.6734226860442688e6:941394.1813542275:122934.19732132897:111899.3943128358:4739.020510803686:3902.1639358922475:1052.892275582791:259.0769020304921:209.53939480779198:12.306781128445532:5.460661972633669:2.7470314084540997:0.647981911940677,0.00019792092447098336
4,5,5,2:-5:-1,5:2:1,672,7,1.5746051900222024e7:1.5118161168554464e7:2.1495139718700564e6:1.155509635105713e6:647066.7593481861:84536.46231325489:77041.96840820156:3666.5445157126096:3010.4008984379607:807.6281341100057:198.39872639101466:160.8529182635113:10.657629912613942:4.65886237570126:2.338458867621599:0.6050524284716605,0.00021930279044809258
4,5,5,3:-5:-1,5:3:1,336,8,9.287420635829037e6:8.900049323479667e6:1.257012634845682e6:672360.5579840583:374303.9180864554:48929.31866904777:44665.07784494503:2516.8812867932493:2058.4899683955855:548.3775665333858:134.35084718593546:109.33763621094894:8.652868284717153:3.6924218229073684:1.8473126542408762:0.5457070672624026,0.000255021695091953
4,5,5,-3:-4:-1,4:3:1,672,7,2.566094936117177e7:2.4688068558352605e7:3.5356595768030887e6:1.910893820266138e6:1.0768802175565753e6:140603.37253399123:127924.52573930098:5194.541178825633:4281.881711543565:1157.9518905708933:285.0882914231304:230.38274277443338:12.961018892175714:5.780170739488514:2.9100992614185137:0.66384674073021,0.00019080221650304366
4,5,5,-2:-4:-1,4:2:1,1344,7,5.299535614726068e7:5.117067803530275e7:7.424524103004647e6:4.0513747820263016e6:2.3090090085290056e6:301180.1133742849:273272.61037311796:8718.624024718798:7235.463275876363:1985.980239132287:490.40639710493247:394.4907327143983:17.41525503932619:7.972979964133313:4.032833206172985:0.7587351243364134,0.00015527745657550684
4,5,5,-1:-4:-1,4:1:1,2112,7,8.915631086179213e7:8.635361787086883e7:1.2673243495399334e7:6.973354906240631e6:4.0128071748798e6:523066.5944670159:473586.7407190345:12645.701387187855:10553.861134557495:2935.32142980692:726.3190393578964:582.4243428594536:21.59852824970324:10.054728675154545:5.103974795259402:0.8329700686294872,0.00013402376817709056
4,5,5,0:-4:-1,4:1:0,2880,7,1.0803637866823022e8:1.0477277177134544e8:1.5449403956938252e7:8.530192258425977e6:4.92797245508829e6:642217.9393836859:580990.965523566:14508.242086738346:12135.993844258619:3393.9272541183814:840.4439462321799:673.1698750203083:23.401866890394952:10.95760366548456:5.570007457664702:0.8618065584374255,0.00012695107384310536
4,5,5,1:-4:-1,4:1:1,2112,7,8.915631086179213e7:8.635361787086883e7:1.267324349539933e7:6.973354906240631e6:4.012807174879802e6:523066.59446701565:473586.74071903457:12645.701387187934:10553.861134557437:2935.321429806832:726.3190393579671:582.424342859614:21.59852824949872:10.054728675114383:5.1039747959283295:0.8329700683628551,0.00013402376817709072
4,5,5,2:-4:-1,4:2:1,1344,7,5.29953561472607e7:5.117067803530276e7:7.4245241030046465e6:4.0513747820263016e6:2.3090090085290046e6:301180.1133742849:273272.61037311755:8718.624024718822:7235.463275876346:1985.980239132076:490.4063971049256:394.49073271443706:17.41525503964366:7.972979964045443:4.032833206248397:0.7587351244239702,0.0001552774565755064
4,5,5,3:-4:-1,4:3:1,672,7,2.566094936117177e7:2.4688068558352612e7:3.535659576803087e6:1.9108938202661392e6:1.076880217556575e6:140603.37253399123:127924.52573930101:5194.541178825641:4281.881711543621:1157.9518905707193:285.0882914231497:230.38274277441917:12.96101889217026:5.780170739461137:2.9100992620165553:0.6638467406739482,0.000190802216503044
4,5,5,-5:-3:-1,5:3:1,336,8,9.287420635829037e6:8.900049323479671e6:1.2570126348456822e6:672360.5579840585:374303.91808645515:48929.31866904776:44665.07784494496:2516.881286793265:2058.489968395594:548.3775665333931:134.35084718595218:109.33763621095169:8.652868284750568:3.6924218227817223:1.8473126542449072:0.545707067262655,0.00025502169509195445
4,5,5,-4:-3:-1,4:3:1,672,7,2.5660949361171763e7:2.46880685583526e7:3.5356595768030873e6:1.910893820266139e6:1.0768802175565748e6:140603.37253399118:127924.52573930094:5194.541178825656:4281.881711543613:1157.9518905708626:285.08829142315864:230.38274277443716:12.961018892151715:5.7801707393931485:2.910099261735338:0.6638467407360741,0.00019080221650304496
4,5,5,-3:-3:-1,3:3:1,1407,7,7.43130422814771e7:7.189513234165092e7:1.0506884916855754e7:5.763591693883257e6:3.3049579913162813e6:430895.8934958782:390432.4287712768:11101.703582291859:9246.18946899449:2559.080216138896:632.7659724413768:507.96048388858645:20.024272159146495:9.26912773734294:4.699184608517238:0.8063562132864199,0.0001411026553637654
4,5,5,-2:-3:-1,3:2:1,2142,7,2.0667628006965265e8:2.0140431078741655e8:3.0251211584786635e7:1.6926163657219306e7:9.924565194524618e6:1.2927667184557896e6:1.166196179365653e6:23084.293371212494:19477.677139652464:5564.297708630068:1381.7620167770162:1102.5697906027422:30.766039120889687:14.67325814640931:7.496556167388644:0.9654208649007177,0.00010577609801860018
4,5,5,-1:-3:-1,3:1:1,2631,7,4.581589352186798e8:4.497471036097294e8:6.955178722952572e7:3.972261306915361e7:2.380672195137155e7:3.1027815195540935e6:2.7892809766657925e6:40858.15624790949:34926.75985840435:10312.039886045955:2571.9965304713264:2043.214680965793:43.29933345317687:21.084307066935292:10.850649732807222:1.107369989443618,8.468805201584625e-5
4,5,5,0:-3:-1,3:1:0,3120,7,6.253199135711267e8:6.158912730574355e8:9.658143204662938e7:5.568824055933944e7:3.3701750849346586e7:4.3961854041062435e6:3.947000884150293e6:51088.73666669888:43933.49701848184:13171.387963429908:3292.482057269724:2611.2985496432216:49.577772872063534:24.330907089737217:12.562577808147767:1.1679006656358362,7.768722843674516e-5
4,5,5,1:-3:-1,3:1:1,2631,7,4.581589352186797e8:4.497471036097291e8:6.95517872295257e7:3.972261306915359e7:2.3806721951371554e7:3.102781519554091e6:2.7892809766657897e6:40858.15624790987:34926.75985840449:10312.039886046898:2571.996530472108:2043.214680967598:43.2993334594694:21.084307068153294:10.850649726449856:1.1073699938581498,8.468805201584729e-5
4,5,5,2:-3:-1,3:2:1,2142,7,2.066762800696527e8:2.0140431078741652e8:3.025121158478663e7:1.6926163657219302e7:9.924565194524612e6:1.2927667184557898e6:1.166196179365652e6:23084.293371212414:19477.677139652405:5564.2977086297:1381.762016777514:1102.5697906025678:30.76603912026044:14.673258145878375:7.496556165913839:0.9654208647519076,0.00010577609801859966
4,5,5,3:-3:-1,3:3:1,1407,7,7.431304228147711e7:7.189513234165089e7:1.0506884916855754e7:5.763591693883259e6:3.3049579913162813e6:430895.89349587815:390432.4287712768:11101.703582291815:9246.189468994717:2559.08021613874:632.7659724413396:507.96048388858463:20.024272158927058:9.269127737083092:4.699184609086324:0.8063562136023491,0.00014110265536376618
4,5,5,4:-3:-1,4:3:1,672,7,2.5660949361171763e7:2.46880685583526e7:3.5356595768030873e6:1.910893820266139e6:1.0768802175565748e6:140603.37253399118:127924.52573930094:5194.541178825656:4281.881711543613:1157.9518905708626:285.08829142315864:230.38274277443716:12.961018892151715:5.7801707393931485:2.910099261735338:0.6638467407360741,0.00019080221650304496
4,5,5,5:-3:-1,5:3:1,336,8,9.287420635829035e6:8.900049323479667e6:1.257012634845682e6:672360.5579840579:374303.91808645515:48929.31866904777:44665.07784494501:2516.881286793249:2058.4899683956205:548.3775665333859:134.3508471859333:109.33763621093942:8.652868284722897:3.6924218229622605:1.8473126542378508:0.5457070672599361,0.00025502169509195467
4,5,5,-5:-2:-1,5:2:1,672,7,1.5746051900222028e7:1.5118161168554462e7:2.1495139718700564e6:1.1555096351057133e6:647066.7593481861:84536.4623132549:77041.9684082015:3666.544515712633:3010.400898438:807.6281341099544:198.398726390992:160.8529182635197:10.657629912688451:4.6588623756801795:2.338458867985319:0.6050524284317582,0.00021930279044809413
4,5,5,-4:-2:-1,4:2:1,1344,7,5.299535614726073e7:5.117067803530276e7:7.424524103004649e6:4.0513747820263025e6:2.3090090085290056e6:301180.11337428464:273272.61037311767:8718.624024718827:7235.463275876414:1985.9802391321784:490.4063971051359:394.4907327144146:17.415255039435493:7.972979964157656:4.032833206039567:0.7587351244210736,0.00015527745657550733
4,5,5,-3:-2:-1,3:2:1,2142,7,2.0667628006965274e8:2.014043107874166e8:3.025121158478665e7:1.6926163657219324e7:9.924565194524614e6:1.2927667184557894e6:1.1661961793656538e6:23084.293371212454:19477.67713965228:5564.297708629836:1381.7620167771172:1102.5697906025935:30.76603912083198:14.673258145862603:7.496556165917629:0.9654208647581851,0.00010577609801859949
4,5,5,-2:-2:-1,2:2:1,2940,7,8.795049366381042e8:8.697256859834989e8:1.3877285547032973e8:8.094692858458365e7:4.955147135035043e7:6.474072040309289e6:5.805274911459664e6:65293.91830299456:56555.076385427456:17273.91592206126:4330.7398607481055:3428.9576098163816:57.58907831443596:28.50391328384179:14.775468926322391:1.2379655764218778,7.0707107267671e-5
4,5,5,-1:-2:-1,2:1:1,3150,7,3.183783233271473e9:3.159728361907563e9:5.577398514240265e8:3.437895272774905e8:2.2088690811963004e8:2.940163353446261e7:2.6311984429320306e7:164447.62240441027:147443.71083814188:49315.24332482929:12607.954445117848:9940.263724324406:102.41675319679747:52.40482845655722:27.69920849483894:1.5419460915403855,4.998665615553788e-5
4,5,5,1:-2:-1,2:1:1,3150,7,3.1837832332714734e9:3.159728361907564e9:5.577398514240264e8:3.437895272774907e8:2.2088690811963016e8:2.9401633534462593e7:2.6311984429320287e7:164447.62240441152:147443.7108381414:49315.24332481627:12607.954445114725:9940.263724297085:102.41675316778085:52.404828449951154:27.699208510357202:1.5419460921177697,4.9986656155537075e-5
4,5,5,2:-2:-1,2:2:1,2940,7,8.795049366381042e8:8.697256859834989e8:1.3877285547032976e8:8.094692858458365e7:4.955147135035043e7:6.474072040309292e6:5.805274911459667e6:65293.91830299439:56555.076385427856:17273.915922060594:4330.73986074811:3428.957609816594:57.589078315166965:28.503913283387494:14.775468919888292:1.237965578015899,7.0707107267671e-5
4,5,5,3:-2:-1,3:2:1,2142,7,2.0667628006965274e8:2.014043107874166e8:3.025121158478663e7:1.6926163657219313e7:9.924565194524609e6:1.29276671845579e6:1.1661961793656528e6:23084.293371212545:19477.67713965267:5564.29770863021:1381.7620167770003:1102.5697906031544:30.766039121642518:14.673258145722484:7.496556167037961:0.9654208646717035,0.00010577609801860086
4,5,5,4:-2:-1,4:2:1,1344,7,5.299535614726069e7:5.1170678035302736e7:7.424524103004647e6:4.0513747820263016e6:2.3090090085290056e6:301180.11337428464:273272.6103731178:8718.624024718792:7235.463275876368:1985.9802391321944:490.40639710504803:394.4907327144625:17.415255039443448:7.972979964470648:4.0328332057316425:0.7587351243800406,0.00015527745657550673
4,5,5,5:-2:-1,5:2:1,672,7,1.5746051900222026e7:1.5118161168554466e7:2.149513971870055e6:1.155509635105713e6:647066.759348186:84536.46231325493:77041.96840820157:3666.544515712625:3010.4008984379993:807.6281341099977:198.39872639100895:160.85291826350004:10.657629912666884:4.658862375770229:2.3384588676228137:0.6050524285182122,0.00021930279044809413
4,5,5,-5:-1:-1,5:1:1,1056,7,2.256371270318654e7:2.1695975686560493e7:3.100897390918598e6:1.6734226860442688e6:941394.1813542276:122934.19732132903:111899.39431283581:4739.020510803708:3902.163935892262:1052.892275582915:259.07690203041506:209.53939480780295:12.30678112838739:5.460661972545565:2.7470314084011584:0.647981912006933,0.0001979209244709848
4,5,5,-4:-1:-1,4:1:1,2112,7,8.915631086179218e7:8.635361787086886e7:1.2673243495399332e7:6.973354906240635e6:4.0128071748798024e6:523066.5944670158:473586.7407190346:12645.70138718788:10553.861134557479:2935.3214298067187:726.31903935783:582.4243428595262:21.598528249508103:10.054728675525826:5.103974795640423:0.83297006885574,0.0001340237681770903
4,5,5,-3:-1:-1,3:1:1,2631,7,4.581589352186796e8:4.4974710360972935e8:6.955178722952573e7:3.9722613069153614e7:2.3806721951371543e7:3.10278151955409e6:2.789280976665793e6:40858.15624790976:34926.75985840438:10312.039886046883:2571.9965304723023:2043.214680967636:43.2993334566568:21.084307066730656:10.85064973238909:1.1073699911080268,8.468805201584706e-5
4,5,5,-2:-1:-1,2:1:1,3150,7,3.183783233271475e9:3.159728361907565e9:5.577398514240266e8:3.437895272774907e8:2.208869081196301e8:2.940163353446259e7:2.6311984429320335e7:164447.62240441111:147443.71083813903:49315.2433248248:12607.954445119482:9940.26372430777:102.41675318467273:52.404828445505764:27.69920850124309:1.5419460976084574,4.998665615553722e-5
4,5,5,2:-1:-1,2:1:1,3150,7,3.183783233271474e9:3.159728361907563e9:5.577398514240261e8:3.437895272774907e8:2.2088690811963007e8:2.9401633534462582e7:2.6311984429320298e7:164447.62240441053:147443.71083814043:49315.24332481864:12607.954445116946:9940.263724304425:102.41675317659163:52.40482844645844:27.699208513415936:1.5419460963518907,4.998665615553699e-5
4,5,5,3:-1:-1,3:1:1,2631,7,4.581589352186797e8:4.4974710360972905e8:6.955178722952573e7:3.9722613069153614e7:2.3806721951371554e7:3.1027815195540916e6:2.789280976665792e6:40858.15624790973:34926.75985840375:10312.039886045655:2571.9965304706056:2043.2146809664976:43.299333455943255:21.084307069798314:10.8506497310593:1.1073699918196256,8.468805201584587e-5
4,5,5,4:-1:-1,4:1:1,2112,7,8.915631086179215e7:8.635361787086888e7:1.2673243495399332e7:6.973354906240632e6:4.012807174879799e6:523066.5944670161:473586.74071903457:12645.701387187823:10553.861134557445:2935.3214298067405:726.3190393580438:582.4243428596128:21.59852824961088:10.054728675185487:5.103974795394852:0.832970068618961,0.00013402376817708993
4,5,5,5:-1:-1,5:1:1,1056,7,2.256371270318653e7:2.169597568656048e7:3.100897390918597e6:1.6734226860442688e6:941394.1813542275:122934.197321329:111899.39431283574:4739.02051080365:3902.163935892257:1052.8922755829692:259.0769020303203:209.5393948078128:12.30678112838318:5.460661972637324:2.747031408141828:0.6479819121079105,0.00019792092447098357
4,5,5,-5:0:-1,5:1:0,1440,7,2.5660949361171756e7:2.46880685583526e7:3.5356595768030863e6:1.9108938202661376e6:1.0768802175565748e6:140603.37253399126:127924.52573930107:5194.541178825631:4281.881711543585:1157.951890570752:285.08829142314073:230.38274277443182:12.961018892152413:5.780170739527814:2.9100992616578467:0.6638467407264007,0.00019080221650304336
4,5,5,-4:0:-1,4:1:0,2880,7,1.0803637866823022e8:1.047727717713454e8:1.5449403956938252e7:8.530192258425975e6:4.92797245508829e6:642217.9393836859:580990.9655235654:14508.24208673839:12135.993844258659:3393.927254118567:840.4439462321128:673.1698750202885:23.401866890580177:10.957603665554652:5.570007457809393:0.8618065584494761,0.00012695107384310598
4,5,5,-3:0:-1,3:1:0,3120,7,6.253199135711268e8:6.158912730574355e8:9.658143204662938e7:5.5688240559339456e7:3.370175084934658e7:4.396185404106246e6:3.947000884150296e6:51088.736666699:43933.49701848157:13171.387963430121:3292.4820572677795:2611.29854964329:49.577772870457046:24.330907089403166:12.56257780706568:1.167900666230017,7.7687228436745e-5
4,5,5,3:0:-1,3:1:0,3120,7,6.253199135711268e8:6.158912730574353e8:9.65814320466294e7:5.56882405593395e7:3.370175084934658e7:4.396185404106245e6:3.947000884150296e6:51088.736666699:43933.49701848145:13171.387963436913:3292.482057268569:2611.298549641999:49.5777728704488:24.330907090039332:12.562577807135037:1.1679006662076918,7.768722843674638e-5
4,5,5,4:0:-1,4:1:0,2880,7,1.080363786682302e8:1.0477277177134544e8:1.5449403956938252e7:8.530192258425975e6:4.927972455088289e6:642217.9393836864:580990.9655235654:14508.242086738373:12135.993844258666:3393.9272541173855:840.4439462316942:673.1698750202421:23.401866890558402:10.957603665777413:5.570007457738403:0.861806558456237,0.0001269510738431044
4,5,5,5:0:-1,5:1:0,1440,7,2.5660949361171752e7:2.468806855835261e7:3.5356595768030863e6:1.9108938202661376e6:1.0768802175565746e6:140603.37253399123:127924.52573930103:5194.541178825634:4281.881711543633:1157.9518905721588:285.088291423157:230.38274277429738:12.961018892150758:5.780170739547988:2.9100992616703416:0.6638467407245902,0.00019080221650305082
4,5,5,-5:1:-1,5:1:1,1056,7,2.256371270318654e7:2.1695975686560493e7:3.100897390918598e6:1.6734226860442688e6:941394.1813542276:122934.19732132903:111899.39431283581:4739.020510803708:3902.163935892262:1052.892275582915:259.07690203041506:209.53939480780295:12.30678112838739:5.460661972545565:2.7470314084011584:0.647981912006933,0.0001979209244709848
4,5,5,-4:1:-1,4:1:1,2112,7,8.915631086179218e7:8.635361787086886e7:1.2673243495399332e7:6.973354906240635e6:4.0128071748798024e6:523066.5944670158:473586.7407190346:12645.70138718788:10553.861134557479:2935.3214298067187:726.31903935783:582.4243428595262:21.598528249508103:10.054728675525826:5.103974795640423:0.83297006885574,0.0001340237681770903
4,5,5,-3:1:-1,3:1:1,2631,7,4.581589352186796e8:4.4974710360972935e8:6.955178722952573e7:3.9722613069153614e7:2.3806721951371543e7:3.10278151955409e6:2.789280976665793e6:40858.15624790976:34926.75985840438:10312.039886046883:2571.9965304723023:2043.214680967636:43.2993334566568:21.084307066730656:10.85064973238909:1.1073699911080268,8.468805201584706e-5
4,5,5,-2:1:-1,2:1:1,3150,7,3.183783233271475e9:3.159728361907565e9:5.577398514240266e8:3.437895272774907e8:2.208869081196301e8:2.940163353446259e7:2.6311984429320335e7:164447.62240441111:147443.71083813903:49315.2433248248:12607.954445119482:9940.26372430777:102.41675318467273:52.404828445505764:27.69920850124309:1.5419460976084574,4.998665615553722e-5
4,5,5,2:1:-1,2:1:1,3150,7,3.183783233271474e9:3.159728361907563e9:5.577398514240261e8:3.437895272774907e8:2.2088690811963007e8:2.9401633534462582e7:2.6311984429320298e7:164447.62240441053:147443.71083814043:49315.24332481864:12607.954445116946:9940.263724304425:102.41675317659163:52.40482844645844:27.699208513415936:1.5419460963518907,4.998665615553699e-5
4,5,5,3:1:-1,3:1:1,2631,7,4.581589352186797e8:4.4974710360972905e8:6.955178722952573e7:3.9722613069153614e7:2.3806721951371554e7:3.1027815195540916e6:2.789280976665792e6:40858.15624790973:34926.75985840375:10312.039886045655:2571.9965304706056:2043.2146809664976:43.299333455943255:21.084307069798314:10.8506497310593:1.1073699918196256,8.468805201584587e-5
4,5,5,4:1:-1,4:1:1,2112,7,8.915631086179215e7:8.635361787086888e7:1.2673243495399332e7:6.973354906240632e6:4.012807174879799e6:523066.5944670161:473586.74071903457:12645.701387187823:10553.861134557445:2935.3214298067405:726.3190393580438:582.4243428596128:21.59852824961088:10.054728675185487:5.103974795394852:0.832970068618961,0.00013402376817708993
4,5,5,5:1:-1,5:1:1,1056,7,2.256371270318653e7:2.169597568656048e7:3.100897390918597e6:1.6734226860442688e6:941394.1813542275:122934.197321329:111899.39431283574:4739.02051080365:3902.163935892257:1052.8922755829692:259.0769020303203:209.5393948078128:12.30678112838318:5.460661972637324:2.747031408141828:0.6479819121079105,0.00019792092447098357
4,5,5,-5:2:-1,5:2:1,672,7,1.5746051900222028e7:1.5118161168554462e7:2.1495139718700564e6:1.1555096351057133e6:647066.7593481861:84536.4623132549:77041.9684082015:3666.544515712633:3010.400898438:807.6281341099544:198.398726390992:160.8529182635197:10.657629912688451:4.6588623756801795:2.338458867985319:0.6050524284317582,0.00021930279044809413
4,5,5,-4:2:-1,4:2:1,1344,7,5.299535614726073e7:5.117067803530276e7:7.424524103004649e6:4.0513747820263025e6:2.3090090085290056e6:301180.11337428464:273272.61037311767:8718.624024718827:7235.463275876414:1985.9802391321784:490.4063971051359:394.4907327144146:17.415255039435493:7.972979964157656:4.032833206039567:0.7587351244210736,0.00015527745657550733
4,5,5,-3:2:-1,3:2:1,2142,7,2.0667628006965274e8:2.014043107874166e8:3.025121158478665e7:1.6926163657219324e7:9.924565194524614e6:1.2927667184557894e6:1.1661961793656538e6:23084.293371212454:19477.67713965228:5564.297708629836:1381.7620167771172:1102.5697906025935:30.76603912083198:14.673258145862603:7.496556165917629:0.9654208647581851,0.00010577609801859949
4,5,5,-2:2:-1,2:2:1,2940,7,8.795049366381042e8:8.697256859834989e8:1.3877285547032973e8:8.094692858458365e7:4.955147135035043e7:6.474072040309289e6:5.805274911459664e6:65293.91830299456:56555.076385427456:17273.91592206126:4330.7398607481055:3428.9576098163816:57.58907831443596:28.50391328384179:14.775468926322391:1.2379655764218778,7.0707107267671e-5
4,5,5,-1:2:-1,2:1:1,3150,7,3.183783233271473e9:3.159728361907563e9:5.577398514240265e8:3.437895272774905e8:2.2088690811963004e8:2.940163353446261e7:2.6311984429320306e7:164447.62240441027:147443.71083814188:49315.24332482929:12607.954445117848:9940.263724324406:102.41675319679747:52.40482845655722:27.69920849483894:1.5419460915403855,4.998665615553788e-5
4,5,5,1:2:-1,2:1:1,3150,7,3.1837832332714734e9:3.159728361907564e9:5.577398514240264e8:3.437895272774907e8:2.2088690811963016e8:2.9401633534462593e7:2.6311984429320287e7:164447.62240441152:147443.7108381414:49315.24332481627:12607.954445114725:9940.263724297085:102.41675316778085:52.404828449951154:27.699208510357202:1.5419460921177697,4.9986656155537075e-5
4,5,5,2:2:-1,2:2:1,2940,7,8.795049366381042e8:8.697256859834989e8:1.3877285547032976e8:8.094692858458365e7:4.955147135035043e7:6.474072040309292e6:5.805274911459667e6:65293.91830299439:56555.076385427856:17273.915922060594:4330.73986074811:3428.957609816594:57.589078315166965:28.503913283387494:14.775468919888292:1.237965578015899,7.0707107267671e-5
4,5,5,3:2:-1,3:2:1,2142,7,2.0667628006965274e8:2.014043107874166e8:3.025121158478663e7:1.6926163657219313e7:9.924565194524609e6:1.29276671845579e6:1.1661961793656528e6:23084.293371212545:19477.67713965267:5564.29770863021:1381.7620167770003:1102.5697906031544:30.766039121642518:14.673258145722484:7.496556167037961:0.9654208646717035,0.00010577609801860086
4,5,5,4:2:-1,4:2:1,1344,7,5.299535614726069e7:5.1170678035302736e7:7.424524103004647e6:4.0513747820263016e6:2.3090090085290056e6:301180.11337428464:273272.6103731178:8718.624024718792:7235.463275876368:1985.9802391321944:490.40639710504803:394.4907327144625:17.415255039443448:7.972979964470648:4.0328332057316425:0.7587351243800406,0.00015527745657550673
4,5,5,5:2:-1,5:2:1,672,7,1.5746051900222026e7:1.5118161168554466e7:2.149513971870055e6:1.155509635105713e6:647066.759348186:84536.46231325493:77041.96840820157:3666.544515712625:3010.4008984379993:807.6281341099977:198.39872639100895:160.85291826350004:10.657629912666884:4.658862375770229:2.3384588676228137:0.6050524285182122,0.00021930279044809413
4,5,5,-5:3:-1,5:3:1,336,8,9.287420635829037e6:8.900049323479671e6:1.2570126348456822e6:672360.5579840585:374303.91808645515:48929.31866904776:44665.07784494496:2516.881286793265:2058.489968395594:548.3775665333931:134.35084718595218:109.33763621095169:8.652868284750568:3.6924218227817223:1.8473126542449072:0.545707067262655,0.00025502169509195445
4,5,5,-4:3:-1,4:3:1,672,7,2.5660949361171763e7:2.46880685583526e7:3.5356595768030873e6:1.910893820266139e6:1.0768802175565748e6:140603.37253399118:127924.52573930094:5194.541178825656:4281.881711543613:1157.9518905708626:285.08829142315864:230.38274277443716:12.961018892151715:5.7801707393931485:2.910099261735338:0.6638467407360741,0.00019080221650304496
4,5,5,-3:3:-1,3:3:1,1407,7,7.43130422814771e7:7.189513234165092e7:1.0506884916855754e7:5.763591693883257e6:3.3049579913162813e6:430895.8934958782:390432.4287712768:11101.703582291859:9246.18946899449:2559.080216138896:632.7659724413768:507.96048388858645:20.024272159146495:9.26912773734294:4.699184608517238:0.8063562132864199,0.0001411026553637654
4,5,5,-2:3:-1,3:2:1,2142,7,2.0667628006965265e8:2.0140431078741655e8:3.0251211584786635e7:1.6926163657219306e7:9.924565194524618e6:1.2927667184557896e6:1.166196179365653e6:23084.293371212494:19477.677139652464:5564.297708630068:1381.7620167770162:1102.5697906027422:30.766039120889687:14.67325814640931:7.496556167388644:0.9654208649007177,0.00010577609801860018
4,5,5,-1:3:-1,3:1:1,2631,7,4.581589352186798e8:4.497471036097294e8:6.955178722952572e7:3.972261306915361e7:2.380672195137155e7:3.1027815195540935e6:2.7892809766657925e6:40858.15624790949:34926.75985840435:10312.039886045955:2571.9965304713264:2043.214680965793:43.29933345317687:21.084307066935292:10.850649732807222:1.107369989443618,8.468805201584625e-5
4,5,5,0:3:-1,3:1:0,3120,7,6.253199135711267e8:6.158912730574355e8:9.658143204662938e7:5.568824055933944e7:3.3701750849346586e7:4.3961854041062435e6:3.947000884150293e6:51088.73666669888:43933.49701848184:13171.387963429908:3292.482057269724:2611.2985496432216:49.577772872063534:24.330907089737217:12.562577808147767:1.1679006656358362,7.768722843674516e-5
4,5,5,1:3:-1,3:1:1,2631,7,4.581589352186797e8:4.497471036097291e8:6.95517872295257e7:3.972261306915359e7:2.3806721951371554e7:3.102781519554091e6:2.7892809766657897e6:40858.15624790987:34926.75985840449:10312.039886046898:2571.996530472108:2043.214680967598:43.2993334594694:21.084307068153294:10.850649726449856:1.1073699938581498,8.468805201584729e-5
4,5,5,2:3:-1,3:2:1,2142,7,2.066762800696527e8:2.0140431078741652e8:3.025121158478663e7:1.6926163657219302e7:9.924565194524612e6:1.2927667184557898e6:1.166196179365652e6:23084.293371212414:19477.677139652405:5564.2977086297:1381.762016777514:1102.5697906025678:30.76603912026044:14.673258145878375:7.496556165913839:0.9654208647519076,0.00010577609801859966
4,5,5,3:3:-1,3:3:1,1407,7,7.431304228147711e7:7.189513234165089e7:1.0506884916855754e7:5.763591693883259e6:3.3049579913162813e6:430895.89349587815:390432.4287712768:11101.703582291815:9246.189468994717:2559.08021613874:632.7659724413396:507.96048388858463:20.024272158927058:9.269127737083092:4.699184609086324:0.8063562136023491,0.00014110265536376618
4,5,5,4:3:-1,4:3:1,672,7,2.5660949361171763e7:2.46880685583526e7:3.5356595768030873e6:1.910893820266139e6:1.0768802175565748e6:140603.37253399118:127924.52573930094:5194.541178825656:4281.881711543613:1157.9518905708626:285.08829142315864:230.38274277443716:12.961018892151715:5.7801707393931485:2.910099261735338:0.6638467407360741,0.00019080221650304496
4,5,5,5:3:-1,5:3:1,336,8,9.287420635829035e6:8.900049323479667e6:1.257012634845682e6:672360.5579840579:374303.91808645515:48929.31866904777:44665.07784494501:2516.881286793249:2058.4899683956205:548.3775665333859:134.3508471859333:109.33763621093942:8.652868284722897:3.6924218229622605:1.8473126542378508:0.5457070672599361,0.00025502169509195467
4,5,5,-3:4:-1,4:3:1,672,7,2.566094936117177e7:2.4688068558352605e7:3.5356595768030887e6:1.910893820266138e6:1.0768802175565753e6:140603.37253399123:127924.52573930098:5194.541178825633:4281.881711543565:1157.9518905708933:285.0882914231304:230.38274277443338:12.961018892175714:5.780170739488514:2.9100992614185137:0.66384674073021,0.00019080221650304366
4,5,5,-2:4:-1,4:2:1,1344,7,5.299535614726068e7:5.117067803530275e7:7.424524103004647e6:4.0513747820263016e6:2.3090090085290056e6:301180.1133742849:273272.61037311796:8718.624024718798:7235.463275876363:1985.980239132287:490.40639710493247:394.4907327143983:17.41525503932619:7.972979964133313:4.032833206172985:0.7587351243364134,0.00015527745657550684
4,5,5,-1:4:-1,4:1:1,2112,7,8.915631086179213e7:8.635361787086883e7:1.2673243495399334e7:6.973354906240631e6:4.0128071748798e6:523066.5944670159:473586.7407190345:12645.701387187855:10553.861134557495:2935.32142980692:726.3190393578964:582.4243428594536:21.59852824970324:10.054728675154545:5.103974795259402:0.8329700686294872,0.00013402376817709056
4,5,5,0:4:-1,4:1:0,2880,7,1.0803637866823022e8:1.0477277177134544e8:1.5449403956938252e7:8.530192258425977e6:4.92797245508829e6:642217.9393836859:580990.965523566:14508.242086738346:12135.993844258619:3393.9272541183814:840.4439462321799:673.1698750203083:23.401866890394952:10.95760366548456:5.570007457664702:0.8618065584374255,0.00012695107384310536
4,5,5,1:4:-1,4:1:1,2112,7,8.915631086179213e7:8.635361787086883e7:1.267324349539933e7:6.973354906240631e6:4.012807174879802e6:523066.59446701565:473586.74071903457:12645.701387187934:10553.861134557437:2935.321429806832:726.3190393579671:582.424342859614:21.59852824949872:10.054728675114383:5.1039747959283295:0.8329700683628551,0.00013402376817709072
4,5,5,2:4:-1,4:2:1,1344,7,5.29953561472607e7:5.117067803530276e7:7.4245241030046465e6:4.0513747820263016e6:2.3090090085290046e6:301180.1133742849:273272.61037311755:8718.624024718822:7235.463275876346:1985.980239132076:490.4063971049256:394.49073271443706:17.41525503964366:7.972979964045443:4.032833206248397:0.7587351244239702,0.0001552774565755064
4,5,5,3:4:-1,4:3:1,672,7,2.566094936117177e7:2.4688068558352612e7:3.535659576803087e6:1.9108938202661392e6:1.076880217556575e6:140603.37253399123:127924.52573930101:5194.541178825641:4281.881711543621:1157.9518905707193:285.0882914231497:230.38274277441917:12.96101889217026:5.780170739461137:2.9100992620165553:0.6638467406739482,0.000190802216503044
4,5,5,-3:5:-1,5:3:1,336,8,9.287420635829037e6:8.900049323479664e6:1.257012634845682e6:672360.5579840583:374303.91808645515:48929.318669047745:44665.077844945015:2516.8812867932525:2058.4899683955864:548.3775665334152:134.35084718592674:109.3376362109421:8.65286828472836:3.6924218228836527:1.8473126542337892:0.5457070672653698,0.0002550216950919536
4,5,5,-2:5:-1,5:2:1,672,7,1.5746051900222026e7:1.5118161168554464e7:2.1495139718700564e6:1.1555096351057135e6:647066.7593481862:84536.46231325495:77041.96840820152:3666.5445157126233:3010.400898437993:807.6281341100373:198.39872639100895:160.85291826352196:10.657629912746886:4.6588623756983205:2.3384588677080997:0.6050524283235575,0.00021930279044809424
4,5,5,-1:5:-1,5:1:1,1056,7,2.2563712703186527e7:2.169597568656049e7:3.100897390918597e6:1.6734226860442678e6:941394.1813542274:122934.1973213289:111899.39431283575:4739.020510803694:3902.1639358922685:1052.892275582887:259.07690203047406:209.5393948077869:12.306781128294407:5.460661972689321:2.747031408798851:0.6479819119776722,0.00019792092447098458
4,5,5,0:5:-1,5:1:0,1440,7,2.5660949361171756e7:2.4688068558352605e7:3.535659576803088e6:1.910893820266139e6:1.0768802175565744e6:140603.3725339912:127924.52573930107:5194.541178825648:4281.881711543542:1157.95189057081:285.08829142407404:230.38274277442366:12.961018892288735:5.780170739477008:2.9100992616678663:0.6638467407369991,0.00019080221650304434
4,5,5,1:5:-1,5:1:1,1056,7,2.256371270318655e7:2.169597568656049e7:3.1008973909185985e6:1.6734226860442688e6:941394.1813542275:122934.19732132897:111899.3943128358:4739.020510803686:3902.1639358922475:1052.892275582791:259.0769020304921:209.53939480779198:12.306781128445532:5.460661972633669:2.7470314084540997:0.647981911940677,0.00019792092447098336
4,5,5,2:5:-1,5:2:1,672,7,1.5746051900222024e7:1.5118161168554464e7:2.1495139718700564e6:1.155509635105713e6:647066.7593481861:84536.46231325489:77041.96840820156:3666.5445157126096:3010.4008984379607:807.6281341100057:198.39872639101466:160.8529182635113:10.657629912613942:4.65886237570126:2.338458867621599:0.6050524284716605,0.00021930279044809258
4,5,5,3:5:-1,5:3:1,336,8,9.287420635829037e6:8.900049323479667e6:1.257012634845682e6:672360.5579840583:374303.9180864554:48929.31866904777:44665.07784494503:2516.8812867932493:2058.4899683955855:548.3775665333858:134.35084718593546:109.33763621094894:8.652868284717153:3.6924218229073684:1.8473126542408762:0.5457070672624026,0.000255021695091953
4,5,5,-3:-5:0,5:3:0,672,8,1.1000655575218232e7:1.0421351739978697e7:1.41331077383128e6:734871.7950780215:393680.01796099526:51822.27432651638:47832.74763322574:2827.4507435298488:2269.418712784466:573.8175222585747:140.76190824946278:115.39390333697818:9.082539686986584:3.8603578802237597:1.9057500741692137:0.558956065802087,0.0002411255723680361
4,5,5,-2:-5:0,5:2:0,1344,7,1.9192126720183156e7:1.8181857494170025e7:2.4654332277774564e6:1.2821343750708455e6:686637.7056258966:90415.18706412653:83448.869236461:4201.214984491015:3374.3850389324048:851.8053748988722:209.5311977807646:171.33049633536925:11.285948770664996:4.906802325179564:2.42682680243107:0.6212398308091749,0.00020540893172645906
4,5,5,-1:-5:0,5:1:0,1440,7,2.8123034979031317e7:2.6642999798544947e7:3.6124594593744786e6:1.878810874381667e6:1.005992361093917e6:132493.03617123837:122279.57684476527:5514.487276361296:4431.006163636227:1117.4250996091973:275.3259041950118:224.7890317918289:13.122442455206576:5.784495068532379:2.864103300909911:0.6665780265702463,0.00018402207758369768
4,5,5,0:-5:0,5:0:0,1536,7,3.2259909718157846e7:3.056229826816575e7:4.143755906887987e6:2.1551996163488193e6:1.153909222430236e6:151984.1382662525:140266.1968019637:6080.580394133114:4886.534605360002:1231.8946025414614:303.6985189941804:247.8294048927179:13.856817013706653:6.136566734673949:3.0395549746220203:0.683397527635659,0.0001769002799148496
4,5,5,1:-5:0,5:1:0,1440,7,2.812303497903133e7:2.6642999798544973e7:3.612459459374479e6:1.8788108743816682e6:1.0059923610939168e6:132493.03617123837:122279.5768447653:5514.487276361308:4431.006163636235:1117.4250996092235:275.3259041949979:224.7890317918671:13.122442455350825:5.784495068595413:2.8641033007629164:0.666578026455152,0.00018402207758369806
4,5,5,2:-5:0,5:2:0,1344,7,1.9192126720183153e7:1.8181857494170018e7:2.4654332277774555e6:1.282134375070845e6:686637.7056258962:90415.18706412645:83448.86923646097:4201.214984491012:3374.3850389324048:851.8053748987982:209.5311977807752:171.3304963356329:11.285948770647696:4.906802325234261:2.4268268025461266:0.6212398307661784,0.00020540893172645895
4,5,5,3:-5:0,5:3:0,672,8,1.1000655575218236e7:1.0421351739978695e7:1.4133107738312806e6:734871.7950780212:393680.0179609955:51822.27432651642:47832.74763322566:2827.450743529841:2269.418712784464:573.8175222586066:140.76190824947724:115.39390333732294:9.0825396869388:3.8603578802098166:1.9057500741687017:0.5589560658015013,0.0002411255723680366
4,5,5,-3:-4:0,4:3:0,1344,7,3.2259909718157854e7:3.0562298268165734e7:4.143755906887987e6:2.1551996163488217e6:1.1539092224302369e6:151984.13826625256:140266.1968019638:6080.580394133122:4886.534605359998:1231.894602541499:303.69851899420803:247.829404892707:13.856817013728291:6.136566734681639:3.039554974539262:0.6833975275753479,0.00017690027991484986
4,5,5,-2:-4:0,4:2:0,2688,7,7.043192884185798e7:6.672707260776915e7:9.04589924736908e6:4.705559672863172e6:2.518594282504459e6:331838.2105678672:306231.71201355447:10604.870929996454:8528.089309282926:2146.371009793172:530.6143219315869:431.926450220008:18.94146665607912:8.58698399989047:4.261222211268152:0.7847894243712776,0.00014134468645978694
4,5,5,-1:-4:0,4:1:0,2880,7,1.2438161579308587e8:1.1784046640935482e8:1.5973830627194585e7:8.310138958340072e6:4.447060209626995e6:586038.7869189078:540793.2063404821:15904.914058927661:12795.266771242868:3217.1331463740785:796.65156378203:647.5290177751203:23.84670597904504:10.965855460382844:5.447827706004897:0.8651603455495444,0.00012005384128845485
4,5,5,0:-4:0,4:0:0,3072,7,1.5377713557082492e8:1.456907392101635e8:1.9748535346817233e7:1.0274183496220458e7:5.49774586759791e6:724546.7975722684:668597.8189233585:18501.705677495167:14886.293573454972:3741.6360173084527:927.0496905968804:753.1503573304667:25.998885519605807:12.012849441814046:5.970210487559503:0.8966548386904757,0.00011296394406475329
4,5,5,1:-4:0,4:1:0,2880,7,1.2438161579308589e8:1.1784046640935472e8:1.597383062719458e7:8.310138958340068e6:4.447060209626995e6:586038.7869189082:540793.2063404816:15904.914058927656:12795.26677124288:3217.1331463741612:796.65156378203:647.5290177749512:23.846705978918177:10.965855460175892:5.44782770230654:0.8651603455014206,0.00012005384128845494
4,5,5,2:-4:0,4:2:0,2688,7,7.043192884185804e7:6.672707260776916e7:9.045899247369079e6:4.705559672863176e6:2.5185942825044584e6:331838.2105678671:306231.7120135546:10604.87092999646:8528.089309282921:2146.3710097932094:530.6143219316957:431.92645022013653:18.94146665618086:8.586983999960097:4.261222211172116:0.7847894242987773,0.000141344686459787
4,5,5,3:-4:0,4:3:0,1344,7,3.2259909718157843e7:3.0562298268165745e7:4.1437559068879886e6:2.1551996163488207e6:1.1539092224302369e6:151984.13826625256:140266.19680196382:6080.580394133133:4886.534605359991:1231.8946025414589:303.6985189941789:247.8294048923297:13.856817013642498:6.1365667346319:3.0395549746630564:0.6833975277156502,0.00017690027991484954
4,5,5,-5:-3:0,5:3:0,672,8,1.1000655575218234e7:1.0421351739978695e7:1.4133107738312802e6:734871.7950780212:393680.0179609955:51822.27432651642:47832.74763322574:2827.45074352985:2269.418712784466:573.8175222586012:140.76190824947776:115.39390333718875:9.082539686978667:3.8603578802191785:1.9057500741797166:0.558956065799779,0.00024112557236803688
4,5,5,-4:-3:0,4:3:0,1344,7,3.2259909718157835e7:3.0562298268165756e7:4.1437559068879867e6:2.1551996163488203e6:1.1539092224302369e6:151984.1382662526:140266.19680196376:6080.580394133123:4886.534605360006:1231.8946025414477:303.69851899417915:247.82940489286545:13.856817013702551:6.136566734658949:3.0395549743440533:0.6833975275874874,0.00017690027991484992
4,5,5,-3:-3:0,3:3:0,2128,7,1.0183319399332115e8:9.647742466316383e7:1.3078321379378276e7:6.803587838875889e6:3.641079075165562e6:479794.26452222135:442757.824902577:13791.593388156827:11093.67542713834:2790.2282971019727:690.5532925959608:561.5659374621001:21.98632661812965:10.06229499227522:4.997068367660566:0.8362328852274614,0.00012714726033380267
4,5,5,-2:-3:0,3:2:0,2912,7,3.1802615907935375e8:3.013066964828138e8:4.0839151861647524e7:2.124852373540477e7:1.1367998955243532e7:1.4984808869556747e6:1.3827081205416885e6:31061.945622347226:25001.874083492672:6277.872430850776:1558.0498575567235:1263.9414852436548:35.01657108703127:16.41501863343418:8.167219871764038:1.011222271108767,9.171532710771377e-5
4,5,5,-1:-3:0,3:1:0,3120,7,7.965581072503593e8:7.54690973348677e8:1.0228268006024587e8:5.322231141015619e7:2.8468658763166904e7:3.753356029559058e6:3.4632164265359556e6:59794.86464984011:48147.636508179516:12077.543070983416:3002.454919641239:2432.1698433264323:51.18875316031961:24.34932465139069:12.12859543606489:1.1722300786173243,7.049820466604984e-5
4,5,5,0:-3:0,3:0:0,3328,7,1.1517360938114662e9:1.0912056025142908e9:1.478862765726674e8:7.695426485953557e7:4.116031219095864e7:5.427001936592427e6:5.007411926144289e6:77788.77024421394:62644.54973625245:15708.734410321624:3907.3514573799475:3163.6723536468376:59.674773036478165:28.525505633360947:14.214148293335645:1.2425209410854041,6.343280328572659e-5
4,5,5,1:-3:0,3:1:0,3120,7,7.965581072503589e8:7.546909733486766e8:1.0228268006024584e8:5.322231141015617e7:2.8468658763166912e7:3.7533560295590586e6:3.4632164265359556e6:59794.8646498401:48147.636508179225:12077.543070983256:3002.4549196438434:2432.169843336033:51.188753158239166:24.349324653168228:12.128595442205798:1.1722300775179701,7.049820466605007e-5
4,5,5,2:-3:0,3:2:0,2912,7,3.1802615907935375e8:3.01306696482814e8:4.083915186164753e7:2.1248523735404786e7:1.1367998955243533e7:1.4984808869556736e6:1.3827081205416871e6:31061.94562234719:25001.87408349272:6277.872430850787:1558.0498575566944:1263.9414852434613:35.016571087353505:16.415018633655748:8.167219871858773:1.011222271149446,9.171532710771373e-5
4,5,5,3:-3:0,3:3:0,2128,7,1.0183319399332115e8:9.647742466316384e7:1.307832137937828e7:6.803587838875892e6:3.641079075165562e6:479794.26452222146:442757.824902577:13791.593388156827:11093.675427138265:2790.228297102047:690.5532925959615:561.5659374608597:21.986326618191047:10.06229499234597:4.997068369122684:0.8362328854794229,0.00012714726033380213
4,5,5,4:-3:0,4:3:0,1344,7,3.2259909718157835e7:3.0562298268165756e7:4.1437559068879867e6:2.1551996163488203e6:1.1539092224302369e6:151984.1382662526:140266.19680196376:6080.580394133123:4886.534605360006:1231.8946025414477:303.69851899417915:247.82940489286545:13.856817013702551:6.136566734658949:3.0395549743440533:0.6833975275874874,0.00017690027991484992
4,5,5,5:-3:0,5:3:0,672,8,1.1000655575218232e7:1.0421351739978688e7:1.4133107738312802e6:734871.7950780211:393680.0179609955:51822.27432651639:47832.74763322568:2827.4507435298497:2269.4187127844557:573.8175222585764:140.76190824947923:115.39390333763197:9.08253968668306:3.860357880213291:1.905750074155173:0.5589560657858926,0.00024112557236803715
4,5,5,-5:-2:0,5:2:0,1344,7,1.9192126720183156e7:1.8181857494170025e7:2.4654332277774564e6:1.2821343750708457e6:686637.7056258965:90415.18706412647:83448.86923646097:4201.214984491009:3374.3850389323993:851.8053748987182:209.53119778071093:171.3304963356787:11.285948770680333:4.9068023252548105:2.426826802320452:0.6212398307135342,0.00020540893172645816
4,5,5,-4:-2:0,4:2:0,2688,7,7.043192884185804e7:6.672707260776918e7:9.045899247369085e6:4.705559672863177e6:2.5185942825044584e6:331838.21056786686:306231.7120135543:10604.87092999644:8528.089309282937:2146.3710097931607:530.6143219315867:431.9264502202884:18.94146665625857:8.586983999918521:4.26122221127967:0.7847894243304372,0.0001413446864597869
4,5,5,-3:-2:0,3:2:0,2912,7,3.18026159079354e8:3.0130669648281395e8:4.083915186164754e7:2.1248523735404786e7:1.1367998955243535e7:1.4984808869556752e6:1.3827081205416883e6:31061.945622347273:25001.874083492556:6277.872430851284:1558.0498575562833:1263.9414852435552:35.01657108675034:16.415018633435935:8.167219871239796:1.0112222711318115,9.171532710771376e-5
4,5,5,-2:-2:0,2:2:0,3136,7,1.7392864175119002e9:1.6478839775710745e9:2.233244461454169e8:1.1621288082273163e8:6.215455122235381e7:8.195639203904727e6:7.561877216204877e6:104389.70611861763:84077.37596307353:21076.145839403973:5245.368913395727:4244.99489915309:70.87479457785696:34.046489792784:16.971643425367848:1.3252540747443553,5.637087903654106e-5
4,5,5,2:-2:0,2:2:0,3136,7,1.7392864175119002e9:1.6478839775710747e9:2.2332444614541712e8:1.1621288082273166e8:6.215455122235377e7:8.195639203904729e6:7.561877216204874e6:104389.7061186175:84077.3759630735:21076.145839401823:5245.368913397067:4244.994899148335:70.874794575205:34.04648979231359:16.9716433980165:1.3252540765861636,5.6370879036540813e-5
4,5,5,3:-2:0,3:2:0,2912,7,3.1802615907935387e8:3.013066964828141e8:4.0839151861647554e7:2.124852373540478e7:1.1367998955243535e7:1.4984808869556757e6:1.3827081205416878e6:31061.945622347266:25001.874083492665:6277.872430850056:1558.049857556485:1263.941485243629:35.01657108816134:16.41501863333127:8.16721987142209:1.011222271057653,9.17153271077135e-5
4,5,5,4:-2:0,4:2:0,2688,7,7.043192884185798e7:6.672707260776914e7:9.045899247369083e6:4.705559672863171e6:2.5185942825044584e6:331838.21056786715:306231.7120135543:10604.87092999646:8528.089309282908:2146.371009793281:530.6143219315555:431.926450220066:18.941466656141664:8.586983999933167:4.261222211297681:0.7847894243891126,0.00014134468645978705
4,5,5,5:-2:0,5:2:0,1344,7,1.9192126720183153e7:1.8181857494170025e7:2.4654332277774555e6:1.2821343750708457e6:686637.7056258965:90415.1870641265:83448.86923646102:4201.214984491015:3374.385038932393:851.8053748988139:209.53119778078027:171.33049633727296:11.28594877073644:4.906802325239907:2.426826802555863:0.621239830760129,0.00020540893172646076
4,5,5,-5:-1:0,5:1:0,1440,7,2.8123034979031336e7:2.6642999798544973e7:3.612459459374479e6:1.8788108743816672e6:1.0059923610939173e6:132493.0361712384:122279.57684476528:5514.487276361321:4431.006163636233:1117.425099609221:275.32590419501264:224.78903179113465:13.122442455330868:5.784495068497492:2.864103300834653:0.6665780266516541,0.00018402207758369768
4,5,5,-4:-1:0,4:1:0,2880,7,1.2438161579308592e8:1.1784046640935484e8:1.5973830627194578e7:8.31013895834007e6:4.447060209626993e6:586038.7869189082:540793.2063404815:15904.914058927603:12795.266771242885:3217.133146374057:796.651563782253:647.5290177745101:23.84670597795936:10.965855460475085:5.44782770587275:0.8651603457865765,0.00012005384128845452
4,5,5,-3:-1:0,3:1:0,3120,7,7.965581072503589e8:7.546909733486762e8:1.0228268006024578e8:5.3222311410156175e7:2.846865876316692e7:3.7533560295590577e6:3.4632164265359556e6:59794.86464984009:48147.636508179334:12077.54307098196:3002.454919639804:2432.169843335205:51.18875316129736:24.34932465183246:12.128595436027322:1.1722300780018493,7.049820466604979e-5
4,5,5,3:-1:0,3:1:0,3120,7,7.96558107250359e8:7.546909733486768e8:1.0228268006024581e8:5.322231141015618e7:2.8468658763166912e7:3.7533560295590605e6:3.4632164265359547e6:59794.86464983997:48147.63650817956:12077.543070981845:3002.454919640092:2432.169843338032:51.18875316024272:24.349324651721002:12.128595455059477:1.1722300778303094,7.049820466604988e-5
4,5,5,4:-1:0,4:1:0,2880,7,1.2438161579308587e8:1.1784046640935475e8:1.5973830627194576e7:8.310138958340071e6:4.447060209626995e6:586038.7869189079:540793.2063404821:15904.914058927587:12795.26677124284:3217.1331463739393:796.6515637822364:647.5290177761989:23.846705978584218:10.96585546033649:5.44782770409212:0.8651603453142209,0.00012005384128845455
4,5,5,5:-1:0,5:1:0,1440,7,2.8123034979031317e7:2.6642999798544962e7:3.612459459374481e6:1.878810874381667e6:1.0059923610939168e6:132493.03617123835:122279.57684476532:5514.48727636132:4431.0061636362325:1117.4250996092198:275.3259041950282:224.7890317911231:13.122442455323418:5.784495068497162:2.864103300872666:0.666578026649975,0.00018402207758369776
4,5,5,-5:0:0,5:0:0,1536,7,3.2259909718157846e7:3.056229826816575e7:4.143755906887986e6:2.155199616348821e6:1.1539092224302366e6:151984.13826625238:140266.1968019636:6080.580394133132:4886.534605359967:1231.8946025414489:303.6985189941889:247.82940489271974:13.856817013712119:6.13656673468168:3.0395549746384853:0.683397527629822,0.0001769002799148494
4,5,5,-4:0:0,4:0:0,3072,7,1.537771355708249e8:1.456907392101635e8:1.974853534681723e7:1.0274183496220458e7:5.497745867597909e6:724546.7975722695:668597.8189233589:18501.705677495145:14886.29357345488:3741.6360173085004:927.0496905968754:753.1503573304594:25.998885519615097:12.01284944181302:5.970210487539601:0.8966548386904388,0.00011296394406475298
4,5,5,-3:0:0,3:0:0,3328,7,1.1517360938114662e9:1.0912056025142906e9:1.478862765726674e8:7.695426485953562e7:4.116031219095864e7:5.427001936592432e6:5.007411926144293e6:77788.77024421368:62644.549736252455:15708.734410322102:3907.351457381749:3163.6723536465042:59.6747730363523:28.525505633824007:14.214148292419157:1.2425209411008797,6.343280328572656e-5
4,5,5,3:0:0,3:0:0,3328,7,1.1517360938114662e9:1.0912056025142908e9:1.4788627657266733e8:7.695426485953562e7:4.116031219095864e7:5.427001936592433e6:5.007411926144292e6:77788.77024421371:62644.549736252484:15708.734410322337:3907.351457380007:3163.672353646484:59.67477303639432:28.525505633776714:14.214148292434562:1.2425209410963043,6.343280328572656e-5
4,5,5,4:0:0,4:0:0,3072,7,1.537771355708249e8:1.456907392101635e8:1.9748535346817233e7:1.0274183496220458e7:5.497745867597909e6:724546.7975722696:668597.818923359:18501.705677495152:14886.293573454957:3741.6360173084136:927.0496905957488:753.1503573304648:25.998885519616515:12.01284944180197:5.970210487599016:0.8966548386904754,0.00011296394406475296
4,5,5,5:0:0,5:0:0,1536,7,3.2259909718157846e7:3.0562298268165745e7:4.143755906887986e6:2.1551996163488207e6:1.1539092224302366e6:151984.13826625238:140266.1968019638:6080.580394133132:4886.534605360007:1231.8946025414332:303.69851899416005:247.8294048927187:13.856817013712014:6.136566734674069:3.0395549746376256:0.6833975276298351,0.00017690027991484992
4,5,5,-5:1:0,5:1:0,1440,7,2.8123034979031336e7:2.6642999798544973e7:3.612459459374479e6:1.8788108743816672e6:1.0059923610939173e6:132493.0361712384:122279.57684476528:5514.487276361321:4431.006163636233:1117.425099609221:275.32590419501264:224.78903179113465:13.122442455330868:5.784495068497492:2.864103300834653:0.6665780266516541,0.00018402207758369768
4,5,5,-4:1:0,4:1:0,2880,7,1.2438161579308592e8:1.1784046640935484e8:1.5973830627194578e7:8.31013895834007e6:4.447060209626993e6:586038.7869189082:540793.2063404815:15904.914058927603:12795.266771242885:3217.133146374057:796.651563782253:647.5290177745101:23.84670597795936:10.965855460475085:5.44782770587275:0.8651603457865765,0.00012005384128845452
4,5,5,-3:1:0,3:1:0,3120,7,7.965581072503589e8:7.546909733486762e8:1.0228268006024578e8:5.3222311410156175e7:2.846865876316692e7:3.7533560295590577e6:3.4632164265359556e6:59794.86464984009:48147.636508179334:12077.54307098196:3002.454919639804:2432.169843335205:51.18875316129736:24.34932465183246:12.128595436027322:1.1722300780018493,7.049820466604979e-5
4,5,5,3:1:0,3:1:0,3120,7,7.96558107250359e8:7.546909733486768e8:1.0228268006024581e8:5.322231141015618e7:2.8468658763166912e7:3.7533560295590605e6:3.4632164265359547e6:59794.86464983997:48147.63650817956:12077.543070981845:3002.454919640092:2432.169843338032:51.18875316024272:24.349324651721002:12.128595455059477:1.1722300778303094,7.049820466604988e-5
4,5,5,4:1:0,4:1:0,2880,7,1.2438161579308587e8:1.1784046640935475e8:1.5973830627194576e7:8.310138958340071e6:4.447060209626995e6:586038.7869189079:540793.2063404821:15904.914058927587:12795.26677124284:3217.1331463739393:796.6515637822364:647.5290177761989:23.846705978584218:10.96585546033649:5.44782770409212:0.8651603453142209,0.00012005384128845455
4,5,5,5:1:0,5:1:0,1440,7,2.8123034979031317e7:2.6642999798544962e7:3.612459459374481e6:1.878810874381667e6:1.0059923610939168e6:132493.03617123835:122279.57684476532:5514.48727636132:4431.0061636362325:1117.4250996092198:275.3259041950282:224.7890317911231:13.122442455323418:5.784495068497162:2.864103300872666:0.666578026649975,0.00018402207758369776
4,5,5,-5:2:0,5:2:0,1344,7,1.9192126720183156e7:1.8181857494170025e7:2.4654332277774564e6:1.2821343750708457e6:686637.7056258965:90415.18706412647:83448.86923646097:4201.214984491009:3374.3850389323993:851.8053748987182:209.53119778071093:171.3304963356787:11.285948770680333:4.9068023252548105:2.426826802320452:0.6212398307135342,0.00020540893172645816
4,5,5,-4:2:0,4:2:0,2688,7,7.043192884185804e7:6.672707260776918e7:9.045899247369085e6:4.705559672863177e6:2.5185942825044584e6:331838.21056786686:306231.7120135543:10604.87092999644:8528.089309282937:2146.3710097931607:530.6143219315867:431.9264502202884:18.94146665625857:8.586983999918521:4.26122221127967:0.7847894243304372,0.0001413446864597869
4,5,5,-3:2:0,3:2:0,2912,7,3.18026159079354e8:3.0130669648281395e8:4.083915186164754e7:2.1248523735404786e7:1.1367998955243535e7:1.4984808869556752e6:1.3827081205416883e6:31061.945622347273:25001.874083492556:6277.872430851284:1558.0498575562833:1263.9414852435552:35.01657108675034:16.415018633435935:8.167219871239796:1.0112222711318115,9.171532710771376e-5
4,5,5,-2:2:0,2:2:0,3136,7,1.7392864175119002e9:1.6478839775710745e9:2.233244461454169e8:1.1621288082273163e8:6.215455122235381e7:8.195639203904727e6:7.561877216204877e6:104389.70611861763:84077.37596307353:21076.145839403973:5245.368913395727:4244.99489915309:70.87479457785696:34.046489792784:16.971643425367848:1.3252540747443553,5.637087903654106e-5
4,5,5,2:2:0,2:2:0,3136,7,1.7392864175119002e9:1.6478839775710747e9:2.2332444614541712e8:1.1621288082273166e8:6.215455122235377e7:8.195639203904729e6:7.561877216204874e6:104389.7061186175:84077.3759630735:21076.145839401823:5245.368913397067:4244.994899148335:70.874794575205:34.04648979231359:16.9716433980165:1.3252540765861636,5.6370879036540813e-5
4,5,5,3:2:0,3:2:0,2912,7,3.1802615907935387e8:3.013066964828141e8:4.0839151861647554e7:2.124852373540478e7:1.1367998955243535e7:1.4984808869556757e6:1.3827081205416878e6:31061.945622347266:25001.874083492665:6277.872430850056:1558.049857556485:1263.941485243629:35.01657108816134:16.41501863333127:8.16721987142209:1.011222271057653,9.17153271077135e-5
4,5,5,4:2:0,4:2:0,2688,7,7.043192884185798e7:6.672707260776914e7:9.045899247369083e6:4.705559672863171e6:2.5185942825044584e6:331838.21056786715:306231.7120135543:10604.87092999646:8528.089309282908:2146.371009793281:530.6143219315555:431.926450220066:18.941466656141664:8.586983999933167:4.261222211297681:0.7847894243891126,0.00014134468645978705
4,5,5,5:2:0,5:2:0,1344,7,1.9192126720183153e7:1.8181857494170025e7:2.4654332277774555e6:1.2821343750708457e6:686637.7056258965:90415.1870641265:83448.86923646102:4201.214984491015:3374.385038932393:851.8053748988139:209.53119778078027:171.33049633727296:11.28594877073644:4.906802325239907:2.426826802555863:0.621239830760129,0.00020540893172646076
4,5,5,-5:3:0,5:3:0,672,8,1.1000655575218234e7:1.0421351739978695e7:1.4133107738312802e6:734871.7950780212:393680.0179609955:51822.27432651642:47832.74763322574:2827.45074352985:2269.418712784466:573.8175222586012:140.76190824947776:115.39390333718875:9.082539686978667:3.8603578802191785:1.9057500741797166:0.558956065799779,0.00024112557236803688
4,5,5,-4:3:0,4:3:0,1344,7,3.2259909718157835e7:3.0562298268165756e7:4.1437559068879867e6:2.1551996163488203e6:1.1539092224302369e6:151984.1382662526:140266.19680196376:6080.580394133123:4886.534605360006:1231.8946025414477:303.69851899417915:247.82940489286545:13.856817013702551:6.136566734658949:3.0395549743440533:0.6833975275874874,0.00017690027991484992
4,5,5,-3:3:0,3:3:0,2128,7,1.0183319399332115e8:9.647742466316383e7:1.3078321379378276e7:6.803587838875889e6:3.641079075165562e6:479794.26452222135:442757.824902577:13791.593388156827:11093.67542713834:2790.2282971019727:690.5532925959608:561.5659374621001:21.98632661812965:10.06229499227522:4.997068367660566:0.8362328852274614,0.00012714726033380267
4,5,5,-2:3:0,3:2:0,2912,7,3.1802615907935375e8:3.013066964828138e8:4.0839151861647524e7:2.124852373540477e7:1.1367998955243532e7:1.4984808869556747e6:1.3827081205416885e6:31061.945622347226:25001.874083492672:6277.872430850776:1558.0498575567235:1263.9414852436548:35.01657108703127:16.41501863343418:8.167219871764038:1.011222271108767,9.171532710771377e-5
4,5,5,-1:3:0,3:1:0,3120,7,7.965581072503593e8:7.54690973348677e8:1.0228268006024587e8:5.322231141015619e7:2.8468658763166904e7:3.753356029559058e6:3.4632164265359556e6:59794.86464984011:48147.636508179516:12077.543070983416:3002.454919641239:2432.1698433264323:51.18875316031961:24.34932465139069:12.12859543606489:1.1722300786173243,7.049820466604984e-5
4,5,5,0:3:0,3:0:0,3328,7,1.1517360938114662e9:1.0912056025142908e9:1.478862765726674e8:7.695426485953557e7:4.116031219095864e7:5.427001936592427e6:5.007411926144289e6:77788.77024421394:62644.54973625245:15708.734410321624:3907.3514573799475:3163.6723536468376:59.674773036478165:28.525505633360947:14.214148293335645:1.2425209410854041,6.343280328572659e-5
4,5,5,1:3:0,3:1:0,3120,7,7.965581072503589e8:7.546909733486766e8:1.0228268006024584e8:5.322231141015617e7:2.8468658763166912e7:3.7533560295590586e6:3.4632164265359556e6:59794.8646498401:48147.636508179225:12077.543070983256:3002.4549196438434:2432.169843336033:51.188753158239166:24.349324653168228:12.128595442205798:1.1722300775179701,7.049820466605007e-5
4,5,5,2:3:0,3:2:0,2912,7,3.1802615907935375e8:3.01306696482814e8:4.083915186164753e7:2.1248523735404786e7:1.1367998955243533e7:1.4984808869556736e6:1.3827081205416871e6:31061.94562234719:25001.87408349272:6277.872430850787:1558.0498575566944:1263.9414852434613:35.016571087353505:16.415018633655748:8.167219871858773:1.011222271149446,9.171532710771373e-5
4,5,5,3:3:0,3:3:0,2128,7,1.0183319399332115e8:9.647742466316384e7:1.307832137937828e7:6.803587838875892e6:3.641079075165562e6:479794.26452222146:442757.824902577:13791.593388156827:11093.675427138265:2790.228297102047:690.5532925959615:561.5659374608597:21.986326618191047:10.06229499234597:4.997068369122684:0.8362328854794229,0.00012714726033380213
4,5,5,4:3:0,4:3:0,1344,7,3.2259909718157835e7:3.0562298268165756e7:4.1437559068879867e6:2.1551996163488203e6:1.1539092224302369e6:151984.1382662526:140266.19680196376:6080.580394133123:4886.534605360006:1231.8946025414477:303.69851899417915:247.82940489286545:13.856817013702551:6.136566734658949:3.0395549743440533:0.6833975275874874,0.00017690027991484992
4,5,5,5:3:0,5:3:0,672,8,1.1000655575218232e7:1.0421351739978688e7:1.4133107738312802e6:734871.7950780211:393680.0179609955:51822.27432651639:47832.74763322568:2827.4507435298497:2269.4187127844557:573.8175222585764:140.76190824947923:115.39390333763197:9.08253968668306:3.860357880213291:1.905750074155173:0.5589560657858926,0.00024112557236803715
4,5,5,-3:4:0,4:3:0,1344,7,3.2259909718157854e7:3.0562298268165734e7:4.143755906887987e6:2.1551996163488217e6:1.1539092224302369e6:151984.13826625256:140266.1968019638:6080.580394133122:4886.534605359998:1231.894602541499:303.69851899420803:247.829404892707:13.856817013728291:6.136566734681639:3.039554974539262:0.6833975275753479,0.00017690027991484986
4,5,5,-2:4:0,4:2:0,2688,7,7.043192884185798e7:6.672707260776915e7:9.04589924736908e6:4.705559672863172e6:2.518594282504459e6:331838.2105678672:306231.71201355447:10604.870929996454:8528.089309282926:2146.371009793172:530.6143219315869:431.926450220008:18.94146665607912:8.58698399989047:4.261222211268152:0.7847894243712776,0.00014134468645978694
4,5,5,-1:4:0,4:1:0,2880,7,1.2438161579308587e8:1.1784046640935482e8:1.5973830627194585e7:8.310138958340072e6:4.447060209626995e6:586038.7869189078:540793.2063404821:15904.914058927661:12795.266771242868:3217.1331463740785:796.65156378203:647.5290177751203:23.84670597904504:10.965855460382844:5.447827706004897:0.8651603455495444,0.00012005384128845485
4,5,5,0:4:0,4:0:0,3072,7,1.5377713557082492e8:1.456907392101635e8:1.9748535346817233e7:1.0274183496220458e7:5.49774586759791e6:724546.7975722684:668597.8189233585:18501.705677495167:14886.293573454972:3741.6360173084527:927.0496905968804:753.1503573304667:25.998885519605807:12.012849441814046:5.970210487559503:0.8966548386904757,0.00011296394406475329
4,5,5,1:4:0,4:1:0,2880,7,1.2438161579308589e8:1.1784046640935472e8:1.597383062719458e7:8.310138958340068e6:4.447060209626995e6:586038.7869189082:540793.2063404816:15904.914058927656:12795.26677124288:3217.1331463741612:796.65156378203:647.5290177749512:23.846705978918177:10.965855460175892:5.44782770230654:0.8651603455014206,0.00012005384128845494
4,5,5,2:4:0,4:2:0,2688,7,7.043192884185804e7:6.672707260776916e7:9.045899247369079e6:4.705559672863176e6:2.5185942825044584e6:331838.2105678671:306231.7120135546:10604.87092999646:8528.089309282921:2146.3710097932094:530.6143219316957:431.92645022013653:18.94146665618086:8.586983999960097:4.261222211172116:0.7847894242987773,0.000141344686459787
4,5,5,3:4:0,4:3:0,1344,7,3.2259909718157843e7:3.0562298268165745e7:4.1437559068879886e6:2.1551996163488207e6:1.1539092224302369e6:151984.13826625256:140266.19680196382:6080.580394133133:4886.534605359991:1231.8946025414589:303.6985189941789:247.8294048923297:13.856817013642498:6.1365667346319:3.0395549746630564:0.6833975277156502,0.00017690027991484954
4,5,5,-3:5:0,5:3:0,672,8,1.1000655575218232e7:1.0421351739978697e7:1.41331077383128e6:734871.7950780215:393680.01796099526:51822.27432651638:47832.74763322574:2827.4507435298488:2269.418712784466:573.8175222585747:140.76190824946278:115.39390333697818:9.082539686986584:3.8603578802237597:1.9057500741692137:0.558956065802087,0.0002411255723680361
4,5,5,-2:5:0,5:2:0,1344,7,1.9192126720183156e7:1.8181857494170025e7:2.4654332277774564e6:1.2821343750708455e6:686637.7056258966:90415.18706412653:83448.869236461:4201.214984491015:3374.3850389324048:851.8053748988722:209.5311977807646:171.33049633536925:11.285948770664996:4.906802325179564:2.42682680243107:0.6212398308091749,0.00020540893172645906
4,5,5,-1:5:0,5:1:0,1440,7,2.8123034979031317e7:2.6642999798544947e7:3.6124594593744786e6:1.878810874381667e6:1.005992361093917e6:132493.03617123837:122279.57684476527:5514.487276361296:4431.006163636227:1117.4250996091973:275.3259041950118:224.7890317918289:13.122442455206576:5.784495068532379:2.864103300909911:0.6665780265702463,0.00018402207758369768
4,5,5,0:5:0,5:0:0,1536,7,3.2259909718157846e7:3.056229826816575e7:4.143755906887987e6:2.1551996163488193e6:1.153909222430236e6:151984.1382662525:140266.1968019637:6080.580394133114:4886.534605360002:1231.8946025414614:303.6985189941804:247.8294048927179:13.856817013706653:6.136566734673949:3.0395549746220203:0.683397527635659,0.0001769002799148496
4,5,5,1:5:0,5:1:0,1440,7,2.812303497903133e7:2.6642999798544973e7:3.612459459374479e6:1.8788108743816682e6:1.0059923610939168e6:132493.03617123837:122279.5768447653:5514.487276361308:4431.006163636235:1117.4250996092235:275.3259041949979:224.7890317918671:13.122442455350825:5.784495068595413:2.8641033007629164:0.666578026455152,0.00018402207758369806
4,5,5,2:5:0,5:2:0,1344,7,1.9192126720183153e7:1.8181857494170018e7:2.4654332277774555e6:1.282134375070845e6:686637.7056258962:90415.18706412645:83448.86923646097:4201.214984491012:3374.3850389324048:851.8053748987982:209.5311977807752:171.3304963356329:11.285948770647696:4.906802325234261:2.4268268025461266:0.6212398307661784,0.00020540893172645895
4,5,5,3:5:0,5:3:0,672,8,1.1000655575218236e7:1.0421351739978695e7:1.4133107738312806e6:734871.7950780212:393680.0179609955:51822.27432651642:47832.74763322566:2827.450743529841:2269.418712784464:573.8175222586066:140.76190824947724:115.39390333732294:9.0825396869388:3.8603578802098166:1.9057500741687017:0.5589560658015013,0.0002411255723680366
4,5,5,-3:-5:1,5:3:1,336,8,9.287420635829037e6:8.900049323479662e6:1.2570126348456815e6:672360.5579840579:374303.9180864553:48929.31866904776:44665.07784494505:2516.8812867932497:2058.4899683955737:548.3775665333756:134.3508471859379:109.33763621093394:8.652868284749953:3.6924218229072627:1.847312654268528:0.5457070672734375,0.00025502169509195234
4,5,5,-2:-5:1,5:2:1,672,7,1.5746051900222033e7:1.5118161168554466e7:2.1495139718700554e6:1.155509635105714e6:647066.7593481861:84536.46231325492:77041.96840820153:3666.544515712625:3010.400898438022:807.6281341100804:198.3987263910247:160.85291826352423:10.657629912674835:4.658862375713666:2.3384588676992415:0.6050524284656329,0.0002193027904480954
4,5,5,-1:-5:1,5:1:1,1056,7,2.2563712703186527e7:2.169597568656048e7:3.1008973909185953e6:1.6734226860442674e6:941394.181354228:122934.1973213289:111899.39431283578:4739.020510803706:3902.163935892289:1052.8922755829344:259.0769020304531:209.53939480781247:12.306781128413784:5.4606619726475065:2.7470314085770338:0.6479819119759832,0.00019792092447098555
4,5,5,0:-5:1,5:1:0,1440,7,2.5660949361171775e7:2.4688068558352605e7:3.5356595768030905e6:1.9108938202661395e6:1.0768802175565755e6:140603.37253399112:127924.52573930124:5194.541178825656:4281.881711543574:1157.9518905708144:285.0882914229403:230.38274277442093:12.961018892253747:5.780170739484215:2.9100992617569705:0.6638467407406072,0.00019080221650304372
4,5,5,1:-5:1,5:1:1,1056,7,2.2563712703186553e7:2.1695975686560497e7:3.1008973909185985e6:1.6734226860442692e6:941394.1813542283:122934.19732132905:111899.39431283591:4739.020510803722:3902.1639358922575:1052.8922755829471:259.07690203048224:209.53939480781287:12.30678112836429:5.460661972638845:2.7470314078755695:0.6479819120100088,0.00019792092447098523
4,5,5,2:-5:1,5:2:1,672,7,1.5746051900222024e7:1.511816116855446e7:2.149513971870054e6:1.1555096351057128e6:647066.7593481858:84536.46231325496:77041.9684082016:3666.5445157126132:3010.400898437976:807.6281341099427:198.39872639101216:160.85291826350638:10.657629912811043:4.658862375738496:2.3384588679414295:0.6050524283719861,0.00021930279044809274
4,5,5,3:-5:1,5:3:1,336,8,9.287420635829037e6:8.900049323479667e6:1.2570126348456817e6:672360.5579840579:374303.9180864553:48929.31866904773:44665.077844945015:2516.8812867932593:2058.4899683955946:548.3775665333835:134.35084718593401:109.33763621095125:8.65286828473017:3.692421822890981:1.8473126542572358:0.5457070672715127,0.00025502169509195396
4,5,5,-3:-4:1,4:3:1,672,7,2.5660949361171797e7:2.4688068558352627e7:3.5356595768030905e6:1.9108938202661397e6:1.0768802175565755e6:140603.3725339913:127924.52573930113:5194.541178825657:4281.881711543526:1157.9518905709174:285.08829142315767:230.38274277442167:12.961018892154161:5.780170739443373:2.910099261260479:0.6638467407494282,0.00019080221650304342
4,5,5,-2:-4:1,4:2:1,1344,7,5.299535614726069e7:5.117067803530271e7:7.424524103004647e6:4.051374782026303e6:2.309009008529004e6:301180.1133742845:273272.6103731179:8718.62402471881:7235.4632758764055:1985.9802391321514:490.4063971049665:394.4907327144091:17.415255039257723:7.972979964076258:4.0328332061284815:0.7587351243063379,0.0001552774565755071
4,5,5,-1:-4:1,4:1:1,2112,7,8.915631086179219e7:8.635361787086882e7:1.2673243495399332e7:6.9733549062406365e6:4.0128071748798015e6:523066.59446701524:473586.7407190345:12645.701387187857:10553.861134557443:2935.3214298068297:726.319039357916:582.4243428595275:21.598528249662504:10.05472867527677:5.103974794354285:0.8329700689249848,0.00013402376817709018
4,5,5,0:-4:1,4:1:0,2880,7,1.0803637866823024e8:1.0477277177134544e8:1.5449403956938254e7:8.530192258425979e6:4.927972455088291e6:642217.9393836858:580990.9655235662:14508.242086738397:12135.993844258526:3393.9272541183736:840.4439462367862:673.1698750203025:23.401866890755315:10.957603665477109:5.570007457705333:0.8618065585385916,0.00012695107384310658
4,5,5,1:-4:1,4:1:1,2112,7,8.915631086179218e7:8.635361787086879e7:1.267324349539933e7:6.97335490624063e6:4.0128071748798024e6:523066.59446701506:473586.7407190346:12645.701387187872:10553.861134557497:2935.3214298066896:726.31903935795:582.4243428595207:21.59852824943543:10.05472867539174:5.1039747966327615:0.8329700680308769,0.00013402376817709042
4,5,5,2:-4:1,4:2:1,1344,7,5.29953561472607e7:5.117067803530277e7:7.424524103004648e6:4.051374782026301e6:2.3090090085290046e6:301180.11337428464:273272.610373118:8718.624024718814:7235.463275876422:1985.9802391321866:490.40639710491763:394.4907327144309:17.415255039598996:7.972979964084543:4.03283320603347:0.758735124378363,0.00015527745657550722
4,5,5,3:-4:1,4:3:1,672,7,2.5660949361171782e7:2.4688068558352612e7:3.535659576803088e6:1.910893820266139e6:1.076880217556576e6:140603.37253399112:127924.52573930113:5194.541178825644:4281.881711543563:1157.9518905708262:285.08829142315255:230.3827427744165:12.961018892097197:5.780170739518364:2.9100992616081953:0.6638467407618938,0.00019080221650304353
4,5,5,-5:-3:1,5:3:1,336,8,9.287420635829037e6:8.900049323479667e6:1.257012634845682e6:672360.5579840584:374303.9180864552:48929.31866904775:44665.07784494501:2516.881286793261:2058.4899683955678:548.3775665333891:134.35084718592535:109.33763621095262:8.652868284732993:3.6924218228899623:1.8473126542573302:0.5457070672568624,0.0002550216950919528
4,5,5,-4:-3:1,4:3:1,672,7,2.566094936117178e7:2.4688068558352612e7:3.5356595768030896e6:1.9108938202661397e6:1.076880217556576e6:140603.37253399118:127924.52573930107:5194.541178825639:4281.8817115436095:1157.9518905708455:285.0882914231527:230.38274277442835:12.961018892121217:5.780170739554365:2.9100992616135213:0.6638467407690823,0.00019080221650304434
4,5,5,-3:-3:1,3:3:1,1407,7,7.43130422814771e7:7.18951323416509e7:1.0506884916855754e7:5.763591693883258e6:3.3049579913162817e6:430895.89349587826:390432.4287712773:11101.703582291828:9246.189468994466:2559.0802161389256:632.7659724413975:507.96048388859674:20.024272158844003:9.26912773723421:4.6991846063716:0.8063562142323825,0.0001411026553637651
4,5,5,-2:-3:1,3:2:1,2142,7,2.0667628006965262e8:2.0140431078741655e8:3.0251211584786635e7:1.6926163657219306e7:9.924565194524614e6:1.2927667184557908e6:1.1661961793656526e6:23084.293371212385:19477.67713965237:5564.297708629748:1381.7620167773168:1102.5697906025634:30.766039121047097:14.673258145232102:7.496556165845984:0.9654208644812016,0.00010577609801859953
4,5,5,-1:-3:1,3:1:1,2631,7,4.5815893521867996e8:4.497471036097294e8:6.955178722952576e7:3.9722613069153614e7:2.3806721951371573e7:3.10278151955409e6:2.7892809766657935e6:40858.15624790956:34926.75985840413:10312.039886047383:2571.996530472492:2043.2146809666367:43.29933345329664:21.084307068512636:10.850649727095602:1.1073699942832043,8.468805201584663e-5
4,5,5,0:-3:1,3:1:0,3120,7,6.253199135711262e8:6.158912730574353e8:9.65814320466294e7:5.5688240559339434e7:3.3701750849346586e7:4.396185404106247e6:3.94700088415029e6:51088.73666669851:43933.49701848215:13171.387963429903:3292.482057270022:2611.2985496431793:49.57777286982523:24.330907089795602:12.56257780958001:1.167900665826593,7.768722843674514e-5
4,5,5,1:-3:1,3:1:1,2631,7,4.581589352186797e8:4.497471036097295e8:6.955178722952579e7:3.9722613069153614e7:2.3806721951371573e7:3.1027815195540925e6:2.789280976665796e6:40858.15624790971:34926.75985840419:10312.039886047172:2571.996530472489:2043.214680968434:43.299333458403936:21.08430706947748:10.850649730692444:1.1073699918054958,8.468805201584692e-5
4,5,5,2:-3:1,3:2:1,2142,7,2.066762800696527e8:2.0140431078741643e8:3.025121158478664e7:1.6926163657219306e7:9.924565194524618e6:1.2927667184557896e6:1.1661961793656526e6:23084.293371212367:19477.677139652227:5564.29770863006:1381.7620167773148:1102.5697906027776:30.766039121225198:14.673258145980828:7.4965561668869025:0.9654208647674544,0.00010577609801859939
4,5,5,3:-3:1,3:3:1,1407,7,7.431304228147711e7:7.189513234165092e7:1.0506884916855749e7:5.763591693883256e6:3.3049579913162827e6:430895.89349587826:390432.42877127696:11101.703582291806:9246.189468994682:2559.0802161388833:632.7659724413957:507.96048388857633:20.02427215872625:9.269127737535218:4.699184607168718:0.8063562138471047,0.00014110265536376615
4,5,5,4:-3:1,4:3:1,672,7,2.566094936117178e7:2.4688068558352612e7:3.5356595768030896e6:1.9108938202661397e6:1.076880217556576e6:140603.37253399118:127924.52573930107:5194.541178825639:4281.8817115436095:1157.9518905708455:285.0882914231527:230.38274277442835:12.961018892121217:5.780170739554365:2.9100992616135213:0.6638467407690823,0.00019080221650304434
4,5,5,5:-3:1,5:3:1,336,8,9.287420635829035e6:8.900049323479664e6:1.2570126348456817e6:672360.5579840577:374303.9180864554:48929.318669047774:44665.07784494503:2516.8812867932543:2058.489968395589:548.3775665333173:134.35084718594348:109.33763621095:8.652868284732241:3.6924218228604118:1.8473126542497302:0.545707067261944,0.00025502169509195266
4,5,5,-5:-2:1,5:2:1,672,7,1.5746051900222026e7:1.5118161168554466e7:2.149513971870055e6:1.1555096351057133e6:647066.759348186:84536.4623132549:77041.96840820156:3666.544515712628:3010.4008984379916:807.6281341099896:198.39872639102305:160.85291826349103:10.65762991269669:4.658862375773303:2.3384588678458207:0.6050524284231841,0.00021930279044809396
4,5,5,-4:-2:1,4:2:1,1344,7,5.299535614726073e7:5.117067803530276e7:7.4245241030046465e6:4.0513747820263025e6:2.3090090085290046e6:301180.1133742848:273272.6103731178:8718.62402471882:7235.463275876394:1985.9802391322892:490.40639710497754:394.4907327144532:17.41525503946504:7.9729799645837565:4.032833205836008:0.7587351244338445,0.0001552774565755073
4,5,5,-3:-2:1,3:2:1,2142,7,2.0667628006965274e8:2.0140431078741664e8:3.0251211584786654e7:1.6926163657219313e7:9.92456519452462e6:1.2927667184557903e6:1.1661961793656521e6:23084.293371212476:19477.677139652216:5564.2977086291885:1381.7620167771424:1102.5697906026435:30.766039121350023:14.673258146499219:7.496556167735477:0.9654208644924118,0.00010577609801859901
4,5,5,-2:-2:1,2:2:1,2940,7,8.795049366381042e8:8.697256859834995e8:1.3877285547032976e8:8.09469285845836e7:4.955147135035046e7:6.474072040309295e6:5.805274911459666e6:65293.91830299392:56555.07638542638:17273.915922059696:4330.739860749862:3428.957609816653:57.589078314559124:28.503913278670876:14.775468935956788:1.237965571461882,7.070710726766988e-5
4,5,5,-1:-2:1,2:1:1,3150,7,3.1837832332714715e9:3.1597283619075627e9:5.577398514240266e8:3.4378952727749103e8:2.2088690811963022e8:2.940163353446257e7:2.6311984429320276e7:164447.6224044119:147443.7108381382:49315.24332482167:12607.95444511686:9940.263724313298:102.4167531814063:52.40482844941392:27.699208487743782:1.5419461009922508,4.9986656155537136e-5
4,5,5,1:-2:1,2:1:1,3150,7,3.183783233271475e9:3.1597283619075637e9:5.577398514240265e8:3.437895272774909e8:2.2088690811963028e8:2.9401633534462623e7:2.6311984429320265e7:164447.6224044122:147443.71083813813:49315.24332480771:12607.954445122774:9940.263724298753:102.41675316419663:52.404828453726246:27.699208502578482:1.54194609265647,4.9986656155536405e-5
4,5,5,2:-2:1,2:2:1,2940,7,8.795049366381042e8:8.697256859834996e8:1.3877285547032973e8:8.094692858458358e7:4.955147135035049e7:6.474072040309293e6:5.805274911459665e6:65293.918302994396:56555.076385428285:17273.915922060416:4330.739860748988:3428.957609816962:57.58907831559219:28.503913276678155:14.775468934862884:1.2379655667562608,7.070710726767121e-5
4,5,5,3:-2:1,3:2:1,2142,7,2.0667628006965277e8:2.0140431078741655e8:3.025121158478665e7:1.692616365721931e7:9.92456519452462e6:1.2927667184557898e6:1.1661961793656533e6:23084.29337121245:19477.677139652315:5564.297708630405:1381.762016776993:1102.5697906025268:30.766039120796275:14.673258145910753:7.496556167295838:0.9654208649995494,0.0001057760980185999
4,5,5,4:-2:1,4:2:1,1344,7,5.299535614726069e7:5.117067803530275e7:7.424524103004646e6:4.051374782026301e6:2.3090090085290037e6:301180.1133742845:273272.61037311796:8718.624024718816:7235.463275876453:1985.9802391322507:490.40639710493485:394.49073271444314:17.415255039608525:7.972979964034449:4.032833205994204:0.7587351243979089,0.00015527745657550773
4,5,5,5:-2:1,5:2:1,672,7,1.574605190022202e7:1.511816116855446e7:2.149513971870054e6:1.1555096351057137e6:647066.7593481861:84536.46231325486:77041.96840820154:3666.544515712635:3010.4008984379698:807.6281341101046:198.39872639107773:160.85291826351045:10.657629912678576:4.658862375748278:2.338458867892191:0.6050524284102073,0.0002193027904480947
4,5,5,-5:-1:1,5:1:1,1056,7,2.256371270318654e7:2.169597568656049e7:3.100897390918597e6:1.6734226860442688e6:941394.1813542283:122934.19732132892:111899.39431283585:4739.020510803688:3902.1639358922585:1052.8922755829274:259.0769020303952:209.53939480780141:12.306781128359306:5.460661972819669:2.747031407590957:0.6479819122162339,0.00019792092447098428
4,5,5,-4:-1:1,4:1:1,2112,7,8.91563108617922e7:8.635361787086888e7:1.2673243495399334e7:6.973354906240635e6:4.0128071748798005e6:523066.5944670153:473586.7407190352:12645.701387187775:10553.861134557581:2935.3214298067596:726.3190393584423:582.4243428595397:21.598528249514555:10.054728675709976:5.103974796439131:0.8329700687247235,0.00013402376817709042
4,5,5,-3:-1:1,3:1:1,2631,7,4.5815893521867985e8:4.497471036097294e8:6.955178722952579e7:3.972261306915361e7:2.380672195137156e7:3.102781519554092e6:2.7892809766657935e6:40858.156247909705:34926.75985840382:10312.039886047294:2571.996530470832:2043.2146809671165:43.299333457202366:21.08430706886838:10.850649722890353:1.1073699944097444,8.468805201584638e-5
4,5,5,-2:-1:1,2:1:1,3150,7,3.183783233271475e9:3.1597283619075637e9:5.577398514240266e8:3.4378952727749085e8:2.2088690811963025e8:2.9401633534462593e7:2.6311984429320276e7:164447.6224044115:147443.71083814386:49315.24332481241:12607.95444511909:9940.263724309521:102.416753179908:52.404828468640424:27.69920849924118:1.5419460959105311,4.9986656155537394e-5
4,5,5,2:-1:1,2:1:1,3150,7,3.18378323327147e9:3.1597283619075627e9:5.577398514240264e8:3.437895272774909e8:2.2088690811963022e8:2.940163353446261e7:2.631198442932028e7:164447.62240441135:147443.7108381463:49315.24332481425:12607.954445123562:9940.263724310884:102.41675317300232:52.40482848045199:27.699208467459123:1.541946095328919,4.998665615553792e-5
4,5,5,3:-1:1,3:1:1,2631,7,4.581589352186797e8:4.497471036097294e8:6.955178722952579e7:3.972261306915363e7:2.380672195137156e7:3.102781519554091e6:2.789280976665798e6:40858.15624790967:34926.759858404606:10312.039886046934:2571.996530471303:2043.2146809676215:43.29933345584225:21.084307076877312:10.850649719265443:1.1073699975768438,8.468805201584711e-5
4,5,5,4:-1:1,4:1:1,2112,7,8.91563108617922e7:8.635361787086886e7:1.2673243495399328e7:6.973354906240635e6:4.012807174879801e6:523066.59446701553:473586.7407190347:12645.70138718783:10553.861134557501:2935.3214298066523:726.3190393576729:582.4243428594643:21.59852824940442:10.054728674970189:5.103974796776201:0.8329700685518004,0.00013402376817708996
4,5,5,5:-1:1,5:1:1,1056,7,2.2563712703186534e7:2.1695975686560497e7:3.1008973909185994e6:1.6734226860442676e6:941394.1813542278:122934.19732132896:111899.39431283578:4739.020510803675:3902.1639358922666:1052.8922755829492:259.0769020304443:209.53939480780576:12.306781128420315:5.4606619726568075:2.7470314081943457:0.6479819119121846,0.00019792092447098433
4,5,5,-5:0:1,5:1:0,1440,7,2.5660949361171775e7:2.4688068558352616e7:3.5356595768030896e6:1.91089382026614e6:1.0768802175565753e6:140603.37253399123:127924.5257393012:5194.541178825628:4281.881711543588:1157.9518905708146:285.0882914231397:230.38274277442525:12.961018892166257:5.780170739567516:2.9100992616720167:0.6638467407259476,0.00019080221650304358
4,5,5,-4:0:1,4:1:0,2880,7,1.0803637866823024e8:1.0477277177134545e8:1.5449403956938254e7:8.53019225842598e6:4.927972455088292e6:642217.9393836858:580990.965523566:14508.242086738377:12135.99384425868:3393.9272541182186:840.4439462320832:673.169875020342:23.40186689053074:10.957603665578562:5.570007457899192:0.8618065584587035,0.00012695107384310558
4,5,5,-3:0:1,3:1:0,3120,7,6.25319913571126e8:6.158912730574354e8:9.658143204662941e7:5.568824055933943e7:3.370175084934659e7:4.396185404106244e6:3.9470008841502913e6:51088.736666698765:43933.497018481314:13171.387963429846:3292.482057267377:2611.298549643224:49.57777287037228:24.330907088718664:12.562577806270633:1.167900666270846,7.768722843674461e-5
4,5,5,3:0:1,3:1:0,3120,7,6.253199135711261e8:6.158912730574356e8:9.65814320466294e7:5.568824055933943e7:3.370175084934659e7:4.396185404106244e6:3.947000884150291e6:51088.73666669884:43933.49701848208:13171.38796346253:3292.482057263335:2611.298549636044:49.57777287058259:24.330907090556458:12.562577806289022:1.167900666300014,7.768722843675174e-5
4,5,5,4:0:1,4:1:0,2880,7,1.0803637866823024e8:1.0477277177134542e8:1.5449403956938254e7:8.530192258425977e6:4.927972455088292e6:642217.9393836863:580990.9655235662:14508.242086738368:12135.993844258588:3393.927254121332:840.443946232472:673.1698750198823:23.401866890522196:10.957603665671886:5.570007457927274:0.861806558459264,0.00012695107384310878
4,5,5,5:0:1,5:1:0,1440,7,2.5660949361171775e7:2.46880685583526e7:3.5356595768030896e6:1.9108938202661392e6:1.0768802175565753e6:140603.3725339912:127924.52573930123:5194.54117882563:4281.881711543581:1157.951890574928:285.08829142322764:230.3827427738115:12.961018892155655:5.780170739518259:2.910099261679207:0.6638467407276762,0.00019080221650306242
4,5,5,-5:1:1,5:1:1,1056,7,2.256371270318654e7:2.169597568656049e7:3.100897390918597e6:1.6734226860442688e6:941394.1813542283:122934.19732132892:111899.39431283585:4739.020510803688:3902.1639358922585:1052.8922755829274:259.0769020303952:209.53939480780141:12.306781128359306:5.460661972819669:2.747031407590957:0.6479819122162339,0.00019792092447098428
4,5,5,-4:1:1,4:1:1,2112,7,8.91563108617922e7:8.635361787086888e7:1.2673243495399334e7:6.973354906240635e6:4.0128071748798005e6:523066.5944670153:473586.7407190352:12645.701387187775:10553.861134557581:2935.3214298067596:726.3190393584423:582.4243428595397:21.598528249514555:10.054728675709976:5.103974796439131:0.8329700687247235,0.00013402376817709042
4,5,5,-3:1:1,3:1:1,2631,7,4.5815893521867985e8:4.497471036097294e8:6.955178722952579e7:3.972261306915361e7:2.380672195137156e7:3.102781519554092e6:2.7892809766657935e6:40858.156247909705:34926.75985840382:10312.039886047294:2571.996530470832:2043.2146809671165:43.299333457202366:21.08430706886838:10.850649722890353:1.1073699944097444,8.468805201584638e-5
4,5,5,-2:1:1,2:1:1,3150,7,3.183783233271475e9:3.1597283619075637e9:5.577398514240266e8:3.4378952727749085e8:2.2088690811963025e8:2.9401633534462593e7:2.6311984429320276e7:164447.6224044115:147443.71083814386:49315.24332481241:12607.95444511909:9940.263724309521:102.416753179908:52.404828468640424:27.69920849924118:1.5419460959105311,4.9986656155537394e-5
4,5,5,2:1:1,2:1:1,3150,7,3.18378323327147e9:3.1597283619075627e9:5.577398514240264e8:3.437895272774909e8:2.2088690811963022e8:2.940163353446261e7:2.631198442932028e7:164447.62240441135:147443.7108381463:49315.24332481425:12607.954445123562:9940.263724310884:102.41675317300232:52.40482848045199:27.699208467459123:1.541946095328919,4.998665615553792e-5
4,5,5,3:1:1,3:1:1,2631,7,4.581589352186797e8:4.497471036097294e8:6.955178722952579e7:3.972261306915363e7:2.380672195137156e7:3.102781519554091e6:2.789280976665798e6:40858.15624790967:34926.759858404606:10312.039886046934:2571.996530471303:2043.2146809676215:43.29933345584225:21.084307076877312:10.850649719265443:1.1073699975768438,8.468805201584711e-5
4,5,5,4:1:1,4:1:1,2112,7,8.91563108617922e7:8.635361787086886e7:1.2673243495399328e7:6.973354906240635e6:4.012807174879801e6:523066.59446701553:473586.7407190347:12645.70138718783:10553.861134557501:2935.3214298066523:726.3190393576729:582.4243428594643:21.59852824940442:10.054728674970189:5.103974796776201:0.8329700685518004,0.00013402376817708996
4,5,5,5:1:1,5:1:1,1056,7,2.2563712703186534e7:2.1695975686560497e7:3.1008973909185994e6:1.6734226860442676e6:941394.1813542278:122934.19732132896:111899.39431283578:4739.020510803675:3902.1639358922666:1052.8922755829492:259.0769020304443:209.53939480780576:12.306781128420315:5.4606619726568075:2.7470314081943457:0.6479819119121846,0.00019792092447098433
4,5,5,-5:2:1,5:2:1,672,7,1.5746051900222026e7:1.5118161168554466e7:2.149513971870055e6:1.1555096351057133e6:647066.759348186:84536.4623132549:77041.96840820156:3666.544515712628:3010.4008984379916:807.6281341099896:198.39872639102305:160.85291826349103:10.65762991269669:4.658862375773303:2.3384588678458207:0.6050524284231841,0.00021930279044809396
4,5,5,-4:2:1,4:2:1,1344,7,5.299535614726073e7:5.117067803530276e7:7.4245241030046465e6:4.0513747820263025e6:2.3090090085290046e6:301180.1133742848:273272.6103731178:8718.62402471882:7235.463275876394:1985.9802391322892:490.40639710497754:394.4907327144532:17.41525503946504:7.9729799645837565:4.032833205836008:0.7587351244338445,0.0001552774565755073
4,5,5,-3:2:1,3:2:1,2142,7,2.0667628006965274e8:2.0140431078741664e8:3.0251211584786654e7:1.6926163657219313e7:9.92456519452462e6:1.2927667184557903e6:1.1661961793656521e6:23084.293371212476:19477.677139652216:5564.2977086291885:1381.7620167771424:1102.5697906026435:30.766039121350023:14.673258146499219:7.496556167735477:0.9654208644924118,0.00010577609801859901
4,5,5,-2:2:1,2:2:1,2940,7,8.795049366381042e8:8.697256859834995e8:1.3877285547032976e8:8.09469285845836e7:4.955147135035046e7:6.474072040309295e6:5.805274911459666e6:65293.91830299392:56555.07638542638:17273.915922059696:4330.739860749862:3428.957609816653:57.589078314559124:28.503913278670876:14.775468935956788:1.237965571461882,7.070710726766988e-5
4,5,5,-1:2:1,2:1:1,3150,7,3.1837832332714715e9:3.1597283619075627e9:5.577398514240266e8:3.4378952727749103e8:2.2088690811963022e8:2.940163353446257e7:2.6311984429320276e7:164447.6224044119:147443.7108381382:49315.24332482167:12607.95444511686:9940.263724313298:102.4167531814063:52.40482844941392:27.699208487743782:1.5419461009922508,4.9986656155537136e-5
4,5,5,1:2:1,2:1:1,3150,7,3.183783233271475e9:3.1597283619075637e9:5.577398514240265e8:3.437895272774909e8:2.2088690811963028e8:2.9401633534462623e7:2.6311984429320265e7:164447.6224044122:147443.71083813813:49315.24332480771:12607.954445122774:9940.263724298753:102.41675316419663:52.404828453726246:27.699208502578482:1.54194609265647,4.9986656155536405e-5
4,5,5,2:2:1,2:2:1,2940,7,8.795049366381042e8:8.697256859834996e8:1.3877285547032973e8:8.094692858458358e7:4.955147135035049e7:6.474072040309293e6:5.805274911459665e6:65293.918302994396:56555.076385428285:17273.915922060416:4330.739860748988:3428.957609816962:57.58907831559219:28.503913276678155:14.775468934862884:1.2379655667562608,7.070710726767121e-5
4,5,5,3:2:1,3:2:1,2142,7,2.0667628006965277e8:2.0140431078741655e8:3.025121158478665e7:1.692616365721931e7:9.92456519452462e6:1.2927667184557898e6:1.1661961793656533e6:23084.29337121245:19477.677139652315:5564.297708630405:1381.762016776993:1102.5697906025268:30.766039120796275:14.673258145910753:7.496556167295838:0.9654208649995494,0.0001057760980185999
4,5,5,4:2:1,4:2:1,1344,7,5.299535614726069e7:5.117067803530275e7:7.424524103004646e6:4.051374782026301e6:2.3090090085290037e6:301180.1133742845:273272.61037311796:8718.624024718816:7235.463275876453:1985.9802391322507:490.40639710493485:394.49073271444314:17.415255039608525:7.972979964034449:4.032833205994204:0.7587351243979089,0.00015527745657550773
4,5,5,5:2:1,5:2:1,672,7,1.574605190022202e7:1.511816116855446e7:2.149513971870054e6:1.1555096351057137e6:647066.7593481861:84536.46231325486:77041.96840820154:3666.544515712635:3010.4008984379698:807.6281341101046:198.39872639107773:160.85291826351045:10.657629912678576:4.658862375748278:2.338458867892191:0.6050524284102073,0.0002193027904480947
4,5,5,-5:3:1,5:3:1,336,8,9.287420635829037e6:8.900049323479667e6:1.257012634845682e6:672360.5579840584:374303.9180864552:48929.31866904775:44665.07784494501:2516.881286793261:2058.4899683955678:548.3775665333891:134.35084718592535:109.33763621095262:8.652868284732993:3.6924218228899623:1.8473126542573302:0.5457070672568624,0.0002550216950919528
4,5,5,-4:3:1,4:3:1,672,7,2.566094936117178e7:2.4688068558352612e7:3.5356595768030896e6:1.9108938202661397e6:1.076880217556576e6:140603.37253399118:127924.52573930107:5194.541178825639:4281.8817115436095:1157.9518905708455:285.0882914231527:230.38274277442835:12.961018892121217:5.780170739554365:2.9100992616135213:0.6638467407690823,0.00019080221650304434
4,5,5,-3:3:1,3:3:1,1407,7,7.43130422814771e7:7.18951323416509e7:1.0506884916855754e7:5.763591693883258e6:3.3049579913162817e6:430895.89349587826:390432.4287712773:11101.703582291828:9246.189468994466:2559.0802161389256:632.7659724413975:507.96048388859674:20.024272158844003:9.26912773723421:4.6991846063716:0.8063562142323825,0.0001411026553637651
4,5,5,-2:3:1,3:2:1,2142,7,2.0667628006965262e8:2.0140431078741655e8:3.0251211584786635e7:1.6926163657219306e7:9.924565194524614e6:1.2927667184557908e6:1.1661961793656526e6:23084.293371212385:19477.67713965237:5564.297708629748:1381.7620167773168:1102.5697906025634:30.766039121047097:14.673258145232102:7.496556165845984:0.9654208644812016,0.00010577609801859953
4,5,5,-1:3:1,3:1:1,2631,7,4.5815893521867996e8:4.497471036097294e8:6.955178722952576e7:3.9722613069153614e7:2.3806721951371573e7:3.10278151955409e6:2.7892809766657935e6:40858.15624790956:34926.75985840413:10312.039886047383:2571.996530472492:2043.2146809666367:43.29933345329664:21.084307068512636:10.850649727095602:1.1073699942832043,8.468805201584663e-5
4,5,5,0:3:1,3:1:0,3120,7,6.253199135711262e8:6.158912730574353e8:9.65814320466294e7:5.5688240559339434e7:3.3701750849346586e7:4.396185404106247e6:3.94700088415029e6:51088.73666669851:43933.49701848215:13171.387963429903:3292.482057270022:2611.2985496431793:49.57777286982523:24.330907089795602:12.56257780958001:1.167900665826593,7.768722843674514e-5
4,5,5,1:3:1,3:1:1,2631,7,4.581589352186797e8:4.497471036097295e8:6.955178722952579e7:3.9722613069153614e7:2.3806721951371573e7:3.1027815195540925e6:2.789280976665796e6:40858.15624790971:34926.75985840419:10312.039886047172:2571.996530472489:2043.214680968434:43.299333458403936:21.08430706947748:10.850649730692444:1.1073699918054958,8.468805201584692e-5
4,5,5,2:3:1,3:2:1,2142,7,2.066762800696527e8:2.0140431078741643e8:3.025121158478664e7:1.6926163657219306e7:9.924565194524618e6:1.2927667184557896e6:1.1661961793656526e6:23084.293371212367:19477.677139652227:5564.29770863006:1381.7620167773148:1102.5697906027776:30.766039121225198:14.673258145980828:7.4965561668869025:0.9654208647674544,0.00010577609801859939
4,5,5,3:3:1,3:3:1,1407,7,7.431304228147711e7:7.189513234165092e7:1.0506884916855749e7:5.763591693883256e6:3.3049579913162827e6:430895.89349587826:390432.42877127696:11101.703582291806:9246.189468994682:2559.0802161388833:632.7659724413957:507.96048388857633:20.02427215872625:9.269127737535218:4.699184607168718:0.8063562138471047,0.00014110265536376615
4,5,5,4:3:1,4:3:1,672,7,2.566094936117178e7:2.4688068558352612e7:3.5356595768030896e6:1.9108938202661397e6:1.076880217556576e6:140603.37253399118:127924.52573930107:5194.541178825639:4281.8817115436095:1157.9518905708455:285.0882914231527:230.38274277442835:12.961018892121217:5.780170739554365:2.9100992616135213:0.6638467407690823,0.00019080221650304434
4,5,5,5:3:1,5:3:1,336,8,9.287420635829035e6:8.900049323479664e6:1.2570126348456817e6:672360.5579840577:374303.9180864554:48929.318669047774:44665.07784494503:2516.8812867932543:2058.489968395589:548.3775665333173:134.35084718594348:109.33763621095:8.652868284732241:3.6924218228604118:1.8473126542497302:0.545707067261944,0.00025502169509195266
4,5,5,-3:4:1,4:3:1,672,7,2.5660949361171797e7:2.4688068558352627e7:3.5356595768030905e6:1.9108938202661397e6:1.0768802175565755e6:140603.3725339913:127924.52573930113:5194.541178825657:4281.881711543526:1157.9518905709174:285.08829142315767:230.38274277442167:12.961018892154161:5.780170739443373:2.910099261260479:0.6638467407494282,0.00019080221650304342
4,5,5,-2:4:1,4:2:1,1344,7,5.299535614726069e7:5.117067803530271e7:7.424524103004647e6:4.051374782026303e6:2.309009008529004e6:301180.1133742845:273272.6103731179:8718.62402471881:7235.4632758764055:1985.9802391321514:490.4063971049665:394.4907327144091:17.415255039257723:7.972979964076258:4.0328332061284815:0.7587351243063379,0.0001552774565755071
4,5,5,-1:4:1,4:1:1,2112,7,8.915631086179219e7:8.635361787086882e7:1.2673243495399332e7:6.9733549062406365e6:4.0128071748798015e6:523066.59446701524:473586.7407190345:12645.701387187857:10553.861134557443:2935.3214298068297:726.319039357916:582.4243428595275:21.598528249662504:10.05472867527677:5.103974794354285:0.8329700689249848,0.00013402376817709018
4,5,5,0:4:1,4:1:0,2880,7,1.0803637866823024e8:1.0477277177134544e8:1.5449403956938254e7:8.530192258425979e6:4.927972455088291e6:642217.9393836858:580990.9655235662:14508.242086738397:12135.993844258526:3393.9272541183736:840.4439462367862:673.1698750203025:23.401866890755315:10.957603665477109:5.570007457705333:0.8618065585385916,0.00012695107384310658
4,5,5,1:4:1,4:1:1,2112,7,8.915631086179218e7:8.635361787086879e7:1.267324349539933e7:6.97335490624063e6:4.0128071748798024e6:523066.59446701506:473586.7407190346:12645.701387187872:10553.861134557497:2935.3214298066896:726.31903935795:582.4243428595207:21.59852824943543:10.05472867539174:5.1039747966327615:0.8329700680308769,0.00013402376817709042
4,5,5,2:4:1,4:2:1,1344,7,5.29953561472607e7:5.117067803530277e7:7.424524103004648e6:4.051374782026301e6:2.3090090085290046e6:301180.11337428464:273272.610373118:8718.624024718814:7235.463275876422:1985.9802391321866:490.40639710491763:394.4907327144309:17.415255039598996:7.972979964084543:4.03283320603347:0.758735124378363,0.00015527745657550722
4,5,5,3:4:1,4:3:1,672,7,2.5660949361171782e7:2.4688068558352612e7:3.535659576803088e6:1.910893820266139e6:1.076880217556576e6:140603.37253399112:127924.52573930113:5194.541178825644:4281.881711543563:1157.9518905708262:285.08829142315255:230.3827427744165:12.961018892097197:5.780170739518364:2.9100992616081953:0.6638467407618938,0.00019080221650304353
4,5,5,-3:5:1,5:3:1,336,8,9.287420635829037e6:8.900049323479662e6:1.2570126348456815e6:672360.5579840579:374303.9180864553:48929.31866904776:44665.07784494505:2516.8812867932497:2058.4899683955737:548.3775665333756:134.3508471859379:109.33763621093394:8.652868284749953:3.6924218229072627:1.847312654268528:0.5457070672734375,0.00025502169509195234
4,5,5,-2:5:1,5:2:1,672,7,1.5746051900222033e7:1.5118161168554466e7:2.1495139718700554e6:1.155509635105714e6:647066.7593481861:84536.46231325492:77041.96840820153:3666.544515712625:3010.400898438022:807.6281341100804:198.3987263910247:160.85291826352423:10.657629912674835:4.658862375713666:2.3384588676992415:0.6050524284656329,0.0002193027904480954
4,5,5,-1:5:1,5:1:1,1056,7,2.2563712703186527e7:2.169597568656048e7:3.1008973909185953e6:1.6734226860442674e6:941394.181354228:122934.1973213289:111899.39431283578:4739.020510803706:3902.163935892289:1052.8922755829344:259.0769020304531:209.53939480781247:12.306781128413784:5.4606619726475065:2.7470314085770338:0.6479819119759832,0.00019792092447098555
4,5,5,0:5:1,5:1:0,1440,7,2.5660949361171775e7:2.4688068558352605e7:3.5356595768030905e6:1.9108938202661395e6:1.0768802175565755e6:140603.37253399112:127924.52573930124:5194.541178825656:4281.881711543574:1157.9518905708144:285.0882914229403:230.38274277442093:12.961018892253747:5.780170739484215:2.9100992617569705:0.6638467407406072,0.00019080221650304372
4,5,5,1:5:1,5:1:1,1056,7,2.2563712703186553e7:2.1695975686560497e7:3.1008973909185985e6:1.6734226860442692e6:941394.1813542283:122934.19732132905:111899.39431283591:4739.020510803722:3902.1639358922575:1052.8922755829471:259.07690203048224:209.53939480781287:12.30678112836429:5.460661972638845:2.7470314078755695:0.6479819120100088,0.00019792092447098523
4,5,5,2:5:1,5:2:1,672,7,1.5746051900222024e7:1.511816116855446e7:2.149513971870054e6:1.1555096351057128e6:647066.7593481858:84536.46231325496:77041.9684082016:3666.5445157126132:3010.400898437976:807.6281341099427:198.39872639101216:160.85291826350638:10.657629912811043:4.658862375738496:2.3384588679414295:0.6050524283719861,0.00021930279044809274
4,5,5,3:5:1,5:3:1,336,8,9.287420635829037e6:8.900049323479667e6:1.2570126348456817e6:672360.5579840579:374303.9180864553:48929.31866904773:44665.077844945015:2516.8812867932593:2058.4899683955946:548.3775665333835:134.35084718593401:109.33763621095125:8.65286828473017:3.692421822890981:1.8473126542572358:0.5457070672715127,0.00025502169509195396
4,5,5,-1:-5:2,5:2:1,672,8,1.2312832842805758e7:1.2270126646022025e7:2.0308907295748868e6:1.2108622287183623e6:757864.2566937654:99438.21614788385:89063.72765262035:3132.4841305215036:2741.4704168294206:873.0566719305417:218.25906619379097:174.38185035119497:10.310573523685857:4.648434855287309:2.443392067030807:0.5976180734646515,0.00024274011279320045
4,5,5,0:-5:2,5:2:0,1344,7,1.3703870569083804e7:1.3677794429981142e7:2.2812323571511325e6:1.3664346084260016e6:858705.2587712993:112836.31938522906:101043.09987020065:3383.4212463607473:2969.9103081258736:952.7407594500332:238.6477039647703:190.52137693488913:10.784930231887186:4.892159892972191:2.5762646824783357:0.6110892628024935,0.00023574312860391878
4,5,5,1:-5:2,5:2:1,672,8,1.2312832842805766e7:1.2270126646022027e7:2.0308907295748882e6:1.2108622287183625e6:757864.2566937656:99438.21614788397:89063.72765262038:3132.484130521497:2741.4704168294406:873.0566719308155:218.25906619379114:174.3818503512491:10.310573523711644:4.648434855293057:2.4433920671217337:0.597618073369073,0.00024274011279320408
4,5,5,-1:-4:2,4:2:1,1344,7,3.763854294409072e7:3.708515207726695e7:6.896104521105678e6:4.340119031354791e6:2.833906687793819e6:382381.76404273097:342677.74266457104:6951.868493080912:6302.583926192887:2194.9650693277545:564.0292479867716:448.1780800639388:16.596185229657888:7.955017679776402:4.275311329579296:0.7498717640637955,0.00018049216295636306
4,5,5,0:-4:2,4:2:0,2688,7,4.368383780341186e7:4.292282458092774e7:8.153396336653783e6:5.173207041711892e6:3.395537458341586e6:461319.08182747447:413705.71835042513:7732.454771279995:7049.004677466915:2490.8606148208537:643.5274046443498:511.2770457984546:17.717816267511402:8.561191309134513:4.61773737181351:0.7726115273244386,0.00017371764827727327
4,5,5,1:-4:2,4:2:1,1344,7,3.763854294409067e7:3.708515207726695e7:6.896104521105677e6:4.340119031354787e6:2.833906687793818e6:382381.7640427309:342677.7426645712:6951.868493080944:6302.583926192984:2194.9650693275685:564.0292479867364:448.1780800639357:16.596185229549466:7.9550176799911165:4.275311331097093:0.7498717644454129,0.00018049216295636396
4,5,5,-3:-3:2,3:3:2,686,7,3.2619113404051483e7:3.222278504451796e7:5.879121126177463e6:3.6719509071635334e6:2.385130605313998e6:320010.5259261056:286641.4238465483:6277.039876054606:5661.80487375852:1945.7112229940626:497.64575890653396:395.5470549015139:15.593348120929791:7.416977755441776:3.9730447256477253:0.7286393620589866,0.0001873049106029439
4,5,5,-2:-3:2,3:2:2,1372,7,7.105760048798901e7:6.916546472188605e7:1.4269231431445338e7:9.304001510217827e6:6.194770284814923e6:868543.6266661816:781899.8535977432:10962.867408316926:10189.560412744957:3795.299755925676:1002.8333975283099:797.6006890030337:22.028814754478677:10.932844956169365:5.976300902299023:0.8519849034464071,0.00015369095846595076
4,5,5,-1:-3:2,3:2:1,2142,7,1.2414002680544151e8:1.1952427035777381e8:2.8025945479330305e7:1.8848292302256003e7:1.2632200208192812e7:1.8842836006796216e6:1.7106762259621124e6:16439.597179626373:15657.156303648148:6263.113173754659:1722.104272973:1377.0868538549894:28.54508877981857:14.64003073755675:8.158801014152823:0.9546318398176236,0.00013433616521250398
4,5,5,0:-3:2,3:2:0,2912,7,1.5236262336254787e8:1.4615786229852125e8:3.635609618524899e7:2.4715515667034708e7:1.6533785219144775e7:2.549084198379355e6:2.3247627515100394e6:19120.12311148956:18377.61678055356:7570.954655653286:2124.8797976075157:1705.3544805086492:31.493270645315476:16.365459045164215:9.19889082414248:0.9962242620499202,0.00012811521392047355
4,5,5,1:-3:2,3:2:1,2142,7,1.241400268054415e8:1.195242703577738e8:2.802594547933031e7:1.8848292302256018e7:1.263220020819281e7:1.8842836006796174e6:1.7106762259621117e6:16439.597179626322:15657.156303648188:6263.113173753984:1722.104272974337:1377.086853854375:28.545088779429943:14.640030737932769:8.15880101444389:0.9546318387627093,0.00013433616521250325
4,5,5,2:-3:2,3:2:2,1372,7,7.105760048798905e7:6.916546472188608e7:1.426923143144534e7:9.304001510217827e6:6.194770284814924e6:868543.6266661818:781899.853597744:10962.867408316924:10189.560412745208:3795.2997559248784:1002.8333975278304:797.6006890029208:22.0288147545309:10.932844956280547:5.976300902070696:0.8519849034345633,0.00015369095846595003
4,5,5,3:-3:2,3:3:2,686,7,3.2619113404051483e7:3.222278504451796e7:5.879121126177464e6:3.671950907163533e6:2.3851306053139986e6:320010.5259261053:286641.42384654813:6277.039876054612:5661.804873758428:1945.711222995075:497.6457589064062:395.54705490173166:15.593348120671312:7.416977755696165:3.973044725216187:0.7286393623425039,0.00018730491060294763
4,5,5,-3:-2:2,3:2:2,1372,7,7.105760048798911e7:6.91654647218861e7:1.4269231431445338e7:9.304001510217836e6:6.194770284814926e6:868543.6266661816:781899.8535977437:10962.867408316944:10189.560412745039:3795.2997559265377:1002.8333975277575:797.6006890030284:22.028814754287076:10.932844956484438:5.9763009018136515:0.8519849032536172,0.00015369095846595298
4,5,5,-2:-2:2,2:2:2,2744,7,1.8898028071927074e8:1.8067141094991472e8:4.823598458367804e7:3.315395062320073e7:2.2064495657332998e7:3.5501416204916635e6:3.2566185107506583e6:22458.30667953255:21788.846565822663:9276.41848864698:2673.7920080791228:2156.965778007846:35.000370464718586:18.45782565624225:10.480942896794495:1.0427358039038732,0.00012205643559405915
4,5,5,-1:-2:2,2:2:1,2940,7,3.852311820569634e8:3.6793147303281695e8:1.3363274688950528e8:9.606220288823898e7:6.140671875569945e7:1.2321667910337402e7:1.1632503270485032e7:39418.734705332055:38983.74255410466:18730.623115287784:6294.411034676147:5244.17551710962:50.76378954878905:28.439127811809282:16.91946059475513:1.2246054456407773,0.00010529496411369235
4,5,5,0:-2:2,2:2:0,3136,7,4.9813355605328935e8:4.8069963022909576e8:1.998758767150346e8:1.4878093403379703e8:9.366710923476371e7:2.1189222945210256e7:2.0294797213363662e7:49455.49024680171:48592.36323595812:24431.071217150715:9098.312327091393:7741.963379378143:58.799152974627546:33.9433175611367:20.712255122438798:1.306285890627022,0.00010033854308543612
4,5,5,1:-2:2,2:2:1,2940,7,3.852311820569635e8:3.679314730328172e8:1.3363274688950528e8:9.606220288823895e7:6.140671875569948e7:1.232166791033741e7:1.1632503270485042e7:39418.73470533217:38983.74255410614:18730.62311528624:6294.411034679585:5244.175517110363:50.76378955690799:28.439127810856817:16.919460590845567:1.2246054462002274,0.0001052949641136941
4,5,5,2:-2:2,2:2:2,2744,7,1.8898028071927062e8:1.806714109499147e8:4.823598458367803e7:3.315395062320071e7:2.2064495657332998e7:3.550141620491665e6:3.2566185107506593e6:22458.30667953209:21788.84656582571:9276.418488637933:2673.7920080803206:2156.9657780043403:35.000370463889446:18.457825658826422:10.480942902157983:1.0427358046606094,0.00012205643559405556
4,5,5,3:-2:2,3:2:2,1372,7,7.105760048798911e7:6.91654647218861e7:1.4269231431445332e7:9.304001510217832e6:6.194770284814924e6:868543.6266661817:781899.8535977433:10962.867408316906:10189.56041274466:3795.2997559242085:1002.8333975279227:797.6006890029714:22.02881475474629:10.932844956117544:5.976300902873374:0.8519849034596032,0.0001536909584659447
4,5,5,-5:-1:2,5:2:1,672,8,1.2312832842805767e7:1.2270126646022031e7:2.0308907295748866e6:1.2108622287183625e6:757864.2566937654:99438.21614788388:89063.7276526203:3132.4841305214727:2741.4704168294393:873.0566719303956:218.25906619368868:174.38185035119213:10.310573523700116:4.6484348552442425:2.4433920668718985:0.5976180734704378,0.00024274011279319766
4,5,5,-4:-1:2,4:2:1,1344,7,3.763854294409072e7:3.708515207726694e7:6.8961045211056825e6:4.340119031354791e6:2.8339066877938183e6:382381.76404273085:342677.7426645711:6951.868493080973:6302.583926192997:2194.965069327918:564.0292479867421:448.1780800640134:16.596185229790464:7.955017680898979:4.275311330113797:0.749871764202447,0.00018049216295636602
4,5,5,-3:-1:2,3:2:1,2142,7,1.2414002680544154e8:1.195242703577738e8:2.8025945479330316e7:1.8848292302256007e7:1.2632200208192818e7:1.8842836006796209e6:1.7106762259621127e6:16439.597179626373:15657.156303648624:6263.113173756671:1722.1042729739586:1377.0868538556053:28.545088780202597:14.640030737700801:8.15880101416651:0.9546318397524062,0.0001343361652125094
4,5,5,-2:-1:2,2:2:1,2940,7,3.8523118205696356e8:3.679314730328172e8:1.336327468895053e8:9.606220288823892e7:6.140671875569948e7:1.2321667910337426e7:1.1632503270485038e7:39418.73470533301:38983.742554103854:18730.623115285653:6294.411034682271:5244.175517104332:50.76378955778222:28.439127813479494:16.919460589068784:1.2246054452764001,0.00010529496411369163
4,5,5,-1:-1:2,2:1:1,3150,7,8.926718822477434e8:8.372903640083667e8:4.519520821589916e8:4.241579662216019e8:2.8340995488867086e8:9.065410998380955e7:8.960920210306153e7:86317.51507634332:77970.61070557738:42780.19518091382:23886.182235698685:21856.18665606738:82.17956481443007:52.28545414641232:34.835764811790774:1.5256749578569266,9.106456795075937e-5
4,5,5,1:-1:2,2:1:1,3150,7,8.926718822477434e8:8.37290364008367e8:4.5195208215899163e8:4.2415796622160184e8:2.834099548886708e8:9.065410998380955e7:8.960920210306153e7:86317.51507634221:77970.61070557567:42780.195180911454:23886.18223569955:21856.186656079255:82.17956480302549:52.28545416954399:34.83576479473433:1.5256749615566345,9.106456795075908e-5
4,5,5,2:-1:2,2:2:1,2940,7,3.852311820569633e8:3.67931473032817e8:1.336327468895053e8:9.606220288823898e7:6.140671875569948e7:1.2321667910337389e7:1.1632503270485029e7:39418.73470533235:38983.742554105236:18730.623115286267:6294.41103467825:5244.175517109324:50.76378955265774:28.439127812763655:16.919460596804242:1.2246054459315752,0.00010529496411369288
4,5,5,3:-1:2,3:2:1,2142,7,1.2414002680544151e8:1.1952427035777381e8:2.8025945479330305e7:1.8848292302256014e7:1.2632200208192822e7:1.8842836006796185e6:1.7106762259621113e6:16439.597179626413:15657.156303648291:6263.1131737540445:1722.1042729727878:1377.0868538546015:28.545088779454417:14.64003073633038:8.158801013224044:0.9546318404161258,0.00013433616521250352
4,5,5,4:-1:2,4:2:1,1344,7,3.763854294409067e7:3.708515207726695e7:6.8961045211056825e6:4.340119031354789e6:2.833906687793817e6:382381.7640427309:342677.74266457115:6951.868493080948:6302.583926192922:2194.965069327869:564.0292479868145:448.17808006389987:16.596185229946748:7.955017680289598:4.275311330620446:0.7498717636447738,0.0001804921629563646
4,5,5,5:-1:2,5:2:1,672,8,1.2312832842805762e7:1.2270126646022024e7:2.030890729574887e6:1.2108622287183623e6:757864.2566937649:99438.21614788393:89063.72765262036:3132.484130521467:2741.470416829447:873.0566719308197:218.25906619386743:174.38185035122163:10.31057352381772:4.64843485514738:2.4433920673597225:0.5976180730052508,0.00024274011279320335
4,5,5,-5:0:2,5:2:0,1344,7,1.3703870569083802e7:1.367779442998114e7:2.2812323571511316e6:1.3664346084260019e6:858705.2587712994:112836.31938522909:101043.09987020057:3383.4212463607564:2969.9103081258286:952.7407594501087:238.6477039649315:190.52137693487725:10.784930231872845:4.892159892923008:2.576264682486585:0.6110892628142127,0.0002357431286039189
4,5,5,-4:0:2,4:2:0,2688,7,4.3683837803411886e7:4.2922824580927745e7:8.153396336653785e6:5.173207041711889e6:3.395537458341585e6:461319.0818274745:413705.7183504249:7732.454771279955:7049.004677466821:2490.860614820677:643.5274046444696:511.2770457984158:17.71781626729182:8.561191309076312:4.617737372043987:0.7726115272463824,0.00017371764827727116
4,5,5,-3:0:2,3:2:0,2912,7,1.5236262336254784e8:1.461578622985212e8:3.635609618524899e7:2.4715515667034693e7:1.653378521914477e7:2.5490841983793555e6:2.3247627515100385e6:19120.12311148945:18377.616780553188:7570.9546556518335:2124.879797606284:1705.3544805087693:31.493270646638294:16.365459045142508:9.198890824482302:0.996224262203449,0.0001281152139204699
4,5,5,-2:0:2,2:2:0,3136,7,4.981335560532894e8:4.806996302290958e8:1.9987587671503475e8:1.4878093403379712e8:9.366710923476371e7:2.118922294521027e7:2.0294797213363662e7:49455.49024680222:48592.36323596031:24431.07121715007:9098.312327093721:7741.963379377933:58.79915297658875:33.943317563424024:20.712255123059602:1.3062858909217077,0.00010033854308543855
4,5,5,2:0:2,2:2:0,3136,7,4.9813355605328906e8:4.806996302290958e8:1.998758767150346e8:1.487809340337971e8:9.366710923476376e7:2.118922294521026e7:2.0294797213363666e7:49455.49024680222:48592.36323596396:24431.07121715048:9098.31232709362:7741.963379378171:58.79915297500544:33.94331755904385:20.712255123172863:1.3062858910486268,0.00010033854308544196
4,5,5,3:0:2,3:2:0,2912,7,1.5236262336254787e8:1.4615786229852128e8:3.6356096185248986e7:2.4715515667034708e7:1.653378521914477e7:2.549084198379352e6:2.3247627515100376e6:19120.123111489524:18377.616780553377:7570.954655653104:2124.8797976057026:1705.3544805086806:31.493270646231085:16.36545904617808:9.198890824332496:0.9962242621485471,0.000128115213920472
4,5,5,4:0:2,4:2:0,2688,7,4.368383780341188e7:4.2922824580927745e7:8.153396336653784e6:5.173207041711888e6:3.395537458341584e6:461319.0818274749:413705.7183504249:7732.454771279972:7049.0046774667935:2490.860614821595:643.5274046444337:511.2770457983348:17.71781626719024:8.561191309006082:4.617737372022164:0.7726115272458636,0.00017371764827727444
4,5,5,5:0:2,5:2:0,1344,7,1.3703870569083802e7:1.3677794429981152e7:2.281232357151132e6:1.3664346084260012e6:858705.2587712992:112836.31938522916:101043.09987020059:3383.421246360755:2969.9103081257526:952.7407594500224:238.6477039649497:190.52137693487745:10.784930231875913:4.8921598930156955:2.576264682488899:0.6110892628143049,0.00023574312860391537
4,5,5,-5:1:2,5:2:1,672,8,1.2312832842805767e7:1.2270126646022031e7:2.0308907295748866e6:1.2108622287183625e6:757864.2566937654:99438.21614788388:89063.7276526203:3132.4841305214727:2741.4704168294393:873.0566719303956:218.25906619368868:174.38185035119213:10.310573523700116:4.6484348552442425:2.4433920668718985:0.5976180734704378,0.00024274011279319766
4,5,5,-4:1:2,4:2:1,1344,7,3.763854294409072e7:3.708515207726694e7:6.8961045211056825e6:4.340119031354791e6:2.8339066877938183e6:382381.76404273085:342677.7426645711:6951.868493080973:6302.583926192997:2194.965069327918:564.0292479867421:448.1780800640134:16.596185229790464:7.955017680898979:4.275311330113797:0.749871764202447,0.00018049216295636602
4,5,5,-3:1:2,3:2:1,2142,7,1.2414002680544154e8:1.195242703577738e8:2.8025945479330316e7:1.8848292302256007e7:1.2632200208192818e7:1.8842836006796209e6:1.7106762259621127e6:16439.597179626373:15657.156303648624:6263.113173756671:1722.1042729739586:1377.0868538556053:28.545088780202597:14.640030737700801:8.15880101416651:0.9546318397524062,0.0001343361652125094
4,5,5,-2:1:2,2:2:1,2940,7,3.8523118205696356e8:3.679314730328172e8:1.336327468895053e8:9.606220288823892e7:6.140671875569948e7:1.2321667910337426e7:1.1632503270485038e7:39418.73470533301:38983.742554103854:18730.623115285653:6294.411034682271:5244.175517104332:50.76378955778222:28.439127813479494:16.919460589068784:1.2246054452764001,0.00010529496411369163
4,5,5,-1:1:2,2:1:1,3150,7,8.926718822477434e8:8.372903640083667e8:4.519520821589916e8:4.241579662216019e8:2.8340995488867086e8:9.065410998380955e7:8.960920210306153e7:86317.51507634332:77970.61070557738:42780.19518091382:23886.182235698685:21856.18665606738:82.17956481443007:52.28545414641232:34.835764811790774:1.5256749578569266,9.106456795075937e-5
4,5,5,1:1:2,2:1:1,3150,7,8.926718822477434e8:8.37290364008367e8:4.5195208215899163e8:4.2415796622160184e8:2.834099548886708e8:9.065410998380955e7:8.960920210306153e7:86317.51507634221:77970.61070557567:42780.195180911454:23886.18223569955:21856.186656079255:82.17956480302549:52.28545416954399:34.83576479473433:1.5256749615566345,9.106456795075908e-5
4,5,5,2:1:2,2:2:1,2940,7,3.852311820569633e8:3.67931473032817e8:1.336327468895053e8:9.606220288823898e7:6.140671875569948e7:1.2321667910337389e7:1.1632503270485029e7:39418.73470533235:38983.742554105236:18730.623115286267:6294.41103467825:5244.175517109324:50.76378955265774:28.439127812763655:16.919460596804242:1.2246054459315752,0.00010529496411369288
4,5,5,3:1:2,3:2:1,2142,7,1.2414002680544151e8:1.1952427035777381e8:2.8025945479330305e7:1.8848292302256014e7:1.2632200208192822e7:1.8842836006796185e6:1.7106762259621113e6:16439.597179626413:15657.156303648291:6263.1131737540445:1722.1042729727878:1377.0868538546015:28.545088779454417:14.64003073633038:8.158801013224044:0.9546318404161258,0.00013433616521250352
4,5,5,4:1:2,4:2:1,1344,7,3.763854294409067e7:3.708515207726695e7:6.8961045211056825e6:4.340119031354789e6:2.833906687793817e6:382381.7640427309:342677.74266457115:6951.868493080948:6302.583926192922:2194.965069327869:564.0292479868145:448.17808006389987:16.596185229946748:7.955017680289598:4.275311330620446:0.7498717636447738,0.0001804921629563646
4,5,5,5:1:2,5:2:1,672,8,1.2312832842805762e7:1.2270126646022024e7:2.030890729574887e6:1.2108622287183623e6:757864.2566937649:99438.21614788393:89063.72765262036:3132.484130521467:2741.470416829447:873.0566719308197:218.25906619386743:174.38185035122163:10.31057352381772:4.64843485514738:2.4433920673597225:0.5976180730052508,0.00024274011279320335
4,5,5,-3:2:2,3:2:2,1372,7,7.105760048798911e7:6.91654647218861e7:1.4269231431445338e7:9.304001510217836e6:6.194770284814926e6:868543.6266661816:781899.8535977437:10962.867408316944:10189.560412745039:3795.2997559265377:1002.8333975277575:797.6006890030284:22.028814754287076:10.932844956484438:5.9763009018136515:0.8519849032536172,0.00015369095846595298
4,5,5,-2:2:2,2:2:2,2744,7,1.8898028071927074e8:1.8067141094991472e8:4.823598458367804e7:3.315395062320073e7:2.2064495657332998e7:3.5501416204916635e6:3.2566185107506583e6:22458.30667953255:21788.846565822663:9276.41848864698:2673.7920080791228:2156.965778007846:35.000370464718586:18.45782565624225:10.480942896794495:1.0427358039038732,0.00012205643559405915
4,5,5,-1:2:2,2:2:1,2940,7,3.852311820569634e8:3.6793147303281695e8:1.3363274688950528e8:9.606220288823898e7:6.140671875569945e7:1.2321667910337402e7:1.1632503270485032e7:39418.734705332055:38983.74255410466:18730.623115287784:6294.411034676147:5244.17551710962:50.76378954878905:28.439127811809282:16.91946059475513:1.2246054456407773,0.00010529496411369235
4,5,5,0:2:2,2:2:0,3136,7,4.9813355605328935e8:4.8069963022909576e8:1.998758767150346e8:1.4878093403379703e8:9.366710923476371e7:2.1189222945210256e7:2.0294797213363662e7:49455.49024680171:48592.36323595812:24431.071217150715:9098.312327091393:7741.963379378143:58.799152974627546:33.9433175611367:20.712255122438798:1.306285890627022,0.00010033854308543612
4,5,5,1:2:2,2:2:1,2940,7,3.852311820569635e8:3.679314730328172e8:1.3363274688950528e8:9.606220288823895e7:6.140671875569948e7:1.232166791033741e7:1.1632503270485042e7:39418.73470533217:38983.74255410614:18730.62311528624:6294.411034679585:5244.175517110363:50.76378955690799:28.439127810856817:16.919460590845567:1.2246054462002274,0.0001052949641136941
4,5,5,2:2:2,2:2:2,2744,7,1.8898028071927062e8:1.806714109499147e8:4.823598458367803e7:3.315395062320071e7:2.2064495657332998e7:3.550141620491665e6:3.2566185107506593e6:22458.30667953209:21788.84656582571:9276.418488637933:2673.7920080803206:2156.9657780043403:35.000370463889446:18.457825658826422:10.480942902157983:1.0427358046606094,0.00012205643559405556
4,5,5,3:2:2,3:2:2,1372,7,7.105760048798911e7:6.91654647218861e7:1.4269231431445332e7:9.304001510217832e6:6.194770284814924e6:868543.6266661817:781899.8535977433:10962.867408316906:10189.56041274466:3795.2997559242085:1002.8333975279227:797.6006890029714:22.02881475474629:10.932844956117544:5.976300902873374:0.8519849034596032,0.0001536909584659447
4,5,5,-3:3:2,3:3:2,686,7,3.2619113404051483e7:3.222278504451796e7:5.879121126177463e6:3.6719509071635334e6:2.385130605313998e6:320010.5259261056:286641.4238465483:6277.039876054606:5661.80487375852:1945.7112229940626:497.64575890653396:395.5470549015139:15.593348120929791:7.416977755441776:3.9730447256477253:0.7286393620589866,0.0001873049106029439
4,5,5,-2:3:2,3:2:2,1372,7,7.105760048798901e7:6.916546472188605e7:1.4269231431445338e7:9.304001510217827e6:6.194770284814923e6:868543.6266661816:781899.8535977432:10962.867408316926:10189.560412744957:3795.299755925676:1002.8333975283099:797.6006890030337:22.028814754478677:10.932844956169365:5.976300902299023:0.8519849034464071,0.00015369095846595076
4,5,5,-1:3:2,3:2:1,2142,7,1.2414002680544151e8:1.1952427035777381e8:2.8025945479330305e7:1.8848292302256003e7:1.2632200208192812e7:1.8842836006796216e6:1.7106762259621124e6:16439.597179626373:15657.156303648148:6263.113173754659:1722.104272973:1377.0868538549894:28.54508877981857:14.64003073755675:8.158801014152823:0.9546318398176236,0.00013433616521250398
4,5,5,0:3:2,3:2:0,2912,7,1.5236262336254787e8:1.4615786229852125e8:3.635609618524899e7:2.4715515667034708e7:1.6533785219144775e7:2.549084198379355e6:2.3247627515100394e6:19120.12311148956:18377.61678055356:7570.954655653286:2124.8797976075157:1705.3544805086492:31.493270645315476:16.365459045164215:9.19889082414248:0.9962242620499202,0.00012811521392047355
4,5,5,1:3:2,3:2:1,2142,7,1.241400268054415e8:1.195242703577738e8:2.802594547933031e7:1.8848292302256018e7:1.263220020819281e7:1.8842836006796174e6:1.7106762259621117e6:16439.597179626322:15657.156303648188:6263.113173753984:1722.104272974337:1377.086853854375:28.545088779429943:14.640030737932769:8.15880101444389:0.9546318387627093,0.00013433616521250325
4,5,5,2:3:2,3:2:2,1372,7,7.105760048798905e7:6.916546472188608e7:1.426923143144534e7:9.304001510217827e6:6.194770284814924e6:868543.6266661818:781899.853597744:10962.867408316924:10189.560412745208:3795.2997559248784:1002.8333975278304:797.6006890029208:22.0288147545309:10.932844956280547:5.976300902070696:0.8519849034345633,0.00015369095846595003
4,5,5,3:3:2,3:3:2,686,7,3.2619113404051483e7:3.222278504451796e7:5.879121126177464e6:3.671950907163533e6:2.3851306053139986e6:320010.5259261053:286641.42384654813:6277.039876054612:5661.804873758428:1945.711222995075:497.6457589064062:395.54705490173166:15.593348120671312:7.416977755696165:3.973044725216187:0.7286393623425039,0.00018730491060294763
4,5,5,-1:4:2,4:2:1,1344,7,3.763854294409072e7:3.708515207726695e7:6.896104521105678e6:4.340119031354791e6:2.833906687793819e6:382381.76404273097:342677.74266457104:6951.868493080912:6302.583926192887:2194.9650693277545:564.0292479867716:448.1780800639388:16.596185229657888:7.955017679776402:4.275311329579296:0.7498717640637955,0.00018049216295636306
4,5,5,0:4:2,4:2:0,2688,7,4.368383780341186e7:4.292282458092774e7:8.153396336653783e6:5.173207041711892e6:3.395537458341586e6:461319.08182747447:413705.71835042513:7732.454771279995:7049.004677466915:2490.8606148208537:643.5274046443498:511.2770457984546:17.717816267511402:8.561191309134513:4.61773737181351:0.7726115273244386,0.00017371764827727327
4,5,5,1:4:2,4:2:1,1344,7,3.763854294409067e7:3.708515207726695e7:6.896104521105677e6:4.340119031354787e6:2.833906687793818e6:382381.7640427309:342677.7426645712:6951.868493080944:6302.583926192984:2194.9650693275685:564.0292479867364:448.1780800639357:16.596185229549466:7.9550176799911165:4.275311331097093:0.7498717644454129,0.00018049216295636396
4,5,5,-1:5:2,5:2:1,672,8,1.2312832842805758e7:1.2270126646022025e7:2.0308907295748868e6:1.2108622287183623e6:757864.2566937654:99438.21614788385:89063.72765262035:3132.4841305215036:2741.4704168294206:873.0566719305417:218.25906619379097:174.38185035119497:10.310573523685857:4.648434855287309:2.443392067030807:0.5976180734646515,0.00024274011279320045
4,5,5,0:5:2,5:2:0,1344,7,1.3703870569083804e7:1.3677794429981142e7:2.2812323571511325e6:1.3664346084260016e6:858705.2587712993:112836.31938522906:101043.09987020065:3383.4212463607473:2969.9103081258736:952.7407594500332:238.6477039647703:190.52137693488913:10.784930231887186:4.892159892972191:2.5762646824783357:0.6110892628024935,0.00023574312860391878
4,5,5,1:5:2,5:2:1,672,8,1.2312832842805766e7:1.2270126646022027e7:2.0308907295748882e6:1.2108622287183625e6:757864.2566937656:99438.21614788397:89063.72765262038:3132.484130521497:2741.4704168294406:873.0566719308155:218.25906619379114:174.3818503512491:10.310573523711644:4.648434855293057:2.4433920671217337:0.597618073369073,0.00024274011279320408
4,5,5,-1:-5:3,5:3:1,336,8,5.391115032830284e6:5.220969653312323e6:1.13778958433121e6:752094.0032262211:503466.9077233468:72292.66188884442:65318.33709134682:1756.777270830276:1644.300809415108:633.8146227198248:169.0120503049141:135.95337592147874:8.00613613585405:3.670459213100408:2.055249529614414:0.5279876210893862,0.0003267196446202409
4,5,5,0:-5:3,5:3:0,672,8,5.858790592084455e6:5.664601204812928e6:1.258412656444185e6:835699.6483117122:559954.1637736743:81158.72058258056:73421.46719649165:1865.8932135825269:1752.9759105361882:682.8700086066744:183.23069716536392:147.46042889034865:8.303176095406469:3.834527699025151:2.1536205240049875:0.5385746107704488,0.00032019200835204753
4,5,5,1:-5:3,5:3:1,336,8,5.39111503283029e6:5.2209696533123255e6:1.1377895843312105e6:752094.003226221:503466.9077233468:72292.66188884455:65318.33709134675:1756.7772708302646:1644.3008094151085:633.8146227198612:169.01205030494813:135.95337592148823:8.006136135901613:3.670459213086884:2.0552495296880697:0.5279876209668012,0.0003267196446202413
4,5,5,-1:-4:3,4:3:1,672,8,1.2223247009599878e7:1.1670786363754457e7:3.2313979740062477e6:2.2308097420597766e6:1.4799735396847e6:243531.2399269781:224135.54123356743:3212.962681826836:3119.4326462578733:1351.206691771509:393.2437998173584:320.18303341002917:11.626204866718187:5.745566096894349:3.3348732808692336:0.6432332229073159,0.00027014699760971
4,5,5,0:-4:3,4:3:0,1344,8,1.3528166777335318e7:1.2902604118543359e7:3.71430768924467e6:2.5777280348182684e6:1.702500520903167e6:287435.6900286651:265448.838746531:3471.459509712335:3383.949036431212:1490.1006892659068:440.97060961089187:360.1377700896244:12.209102592805193:6.095238392351219:3.5581246628977907:0.6595924268902709,0.0002642619945515874
4,5,5,1:-4:3,4:3:1,672,8,1.2223247009599878e7:1.1670786363754451e7:3.2313979740062477e6:2.2308097420597756e6:1.4799735396847e6:243531.23992697842:224135.54123356743:3212.9626818268475:3119.432646257881:1351.2066917716188:393.2437998173198:320.1830334099951:11.626204867002759:5.745566096928662:3.3348732808801875:0.6432332228237054,0.0002701469976097123
4,5,5,-3:-3:3,3:3:3,343,8,1.1068609809290541e7:1.0582110741165511e7:2.826769269805189e6:1.9416067939092743e6:1.2927460885487755e6:207915.67166566494:190770.94295094162:2981.013250889561:2882.203630456444:1229.0214287499562:352.4775431432452:286.25600813485465:11.090372967443614:5.427993854164596:3.134037924916272:0.6277546042366077,0.0002761331673350149
4,5,5,-2:-3:3,3:3:2,686,8,1.8583954376405574e7:1.7706597941440746e7:5.848405233483559e6:4.1356967310460326e6:2.6808859375613583e6:499057.5723328004:466787.5258533265:4453.96640043794:4383.919926240284:2037.3713949692728:644.6812836650544:533.3671896808402:14.303524956816645:7.389079243989329:4.4037981565486115:0.7149067570356983,0.0002473172656526111
4,5,5,-1:-3:3,3:3:1,1407,7,2.600059018065848e7:2.4940521929570235e7:9.756252334034685e6:7.127321088939869e6:4.515606831680245e6:964589.0067108589:917776.9949004907:5906.467753526363:5815.288576518573:2867.704496300306:1011.0416738274245:854.623821439922:17.096611655430795:9.213351820693717:5.650748873015055:0.7822856200791699,0.00023165217029943818
4,5,5,0:-3:3,3:3:0,2128,7,2.917251418604485e7:2.8151166929805566e7:1.1707343498560755e7:8.711873861208593e6:5.4870442092110785e6:1.2407405378934864e6:1.1884627172339126e6:6553.161981239124:6423.902706416829:3232.394317880256:1199.1565021512995:1023.7584672924345:18.236452782583108:9.994181211206662:6.205088219317013:0.8082542948748945,0.00022674240598302602
4,5,5,1:-3:3,3:3:1,1407,7,2.600059018065844e7:2.494052192957023e7:9.75625233403468e6:7.127321088939871e6:4.515606831680245e6:964589.0067108583:917776.9949004907:5906.46775352636:5815.2885765188:2867.704496300357:1011.0416738273854:854.6238214398685:17.096611654991708:9.21335182067701:5.650748873326074:0.7822856198822083,0.00023165217029944235
4,5,5,2:-3:3,3:3:2,686,8,1.858395437640557e7:1.7706597941440746e7:5.848405233483558e6:4.1356967310460345e6:2.6808859375613593e6:499057.5723328004:466787.52585332625:4453.966400437932:4383.919926240051:2037.3713949692649:644.6812836655406:533.3671896806251:14.303524956771836:7.389079244075216:4.403798156426006:0.7149067571646295,0.00024731726565260613
4,5,5,3:-3:3,3:3:3,343,8,1.1068609809290547e7:1.0582110741165511e7:2.826769269805189e6:1.9416067939092738e6:1.2927460885487746e6:207915.67166566497:190770.94295094165:2981.013250889567:2882.203630456469:1229.0214287500953:352.4775431432324:286.25600813492764:11.090372967548753:5.427993854077937:3.1340379247772074:0.6277546041357832,0.00027613316733501885
4,5,5,-3:-2:3,3:3:2,686,8,1.8583954376405586e7:1.7706597941440754e7:5.848405233483557e6:4.135696731046036e6:2.6808859375613583e6:499057.5723328006:466787.52585332637:4453.966400437893:4383.919926240312:2037.371394969272:644.6812836654684:533.3671896806644:14.303524956753911:7.389079243969565:4.403798156599981:0.7149067571268591,0.00024731726565261144
4,5,5,-2:-2:3,3:2:2,1372,7,3.2762308778111417e7:3.1913527309373617e7:1.4103469724547895e7:1.0766742202741582e7:6.762442501080913e6:1.6289896213608824e6:1.5714704347878033e6:7315.7068129900845:7114.086629639088:3651.6947111920417:1440.7962525641865:1244.5927514362988:19.505592725732964:10.891570927916776:6.85835857398393:0.8363913439398611,0.0002219756032343935
4,5,5,-1:-2:3,3:2:1,2142,7,4.837346574646699e7:4.634634965529143e7:2.43784148192555e7:2.184439573590076e7:1.4300428246934315e7:4.357930383308144e6:4.294833089282088e6:10652.244927560725:9770.892863202167:5312.07152555127:2768.079978177845:2510.5672636340832:24.262043534461895:14.58463915190088:9.750391186831658:0.9374870459624738,0.0002080551375133687
4,5,5,0:-2:3,3:2:0,2912,7,5.664344877909304e7:5.183321516135706e7:2.8601990824865427e7:2.8305712591997594e7:1.9438732390859187e7:6.547205651168715e6:6.489054061699322e6:12270.577928561313:10870.878762991919:6039.846892587589:3603.300628964081:3337.3695513054486:26.208101438589214:16.303493522218908:11.226704422507547:0.9784492754143229,0.000203188151526961
4,5,5,1:-2:3,3:2:1,2142,7,4.837346574646698e7:4.634634965529142e7:2.4378414819255512e7:2.1844395735900775e7:1.4300428246934317e7:4.357930383308142e6:4.294833089282081e6:10652.244927560987:9770.892863201667:5312.071525551539:2768.07997817889:2510.567263633246:24.26204353494198:14.58463915145408:9.750391187253664:0.937487045925267,0.00020805513751336881
4,5,5,2:-2:3,3:2:2,1372,7,3.2762308778111435e7:3.191352730937362e7:1.41034697245479e7:1.0766742202741582e7:6.762442501080918e6:1.6289896213608815e6:1.571470434787803e6:7315.706812990156:7114.086629639155:3651.6947111920654:1440.7962525643566:1244.5927514362493:19.505592726247073:10.891570927662485:6.858358573851904:0.8363913443021767,0.00022197560323439583
4,5,5,3:-2:3,3:3:2,686,8,1.858395437640558e7:1.7706597941440754e7:5.848405233483559e6:4.1356967310460364e6:2.680885937561359e6:499057.5723327997:466787.52585332573:4453.966400437936:4383.91992624001:2037.3713949692874:644.6812836655023:533.3671896807098:14.303524956883681:7.389079244079448:4.40379815657676:0.7149067570775004,0.0002473172656526055
4,5,5,-5:-1:3,5:3:1,336,8,5.39111503283029e6:5.220969653312325e6:1.1377895843312105e6:752094.0032262212:503466.907723347:72292.6618888446:65318.337091346744:1756.777270830282:1644.3008094151064:633.8146227203067:169.01205030489592:135.95337592153632:8.006136135824491:3.6704592130582925:2.0552495296941666:0.5279876209341716,0.00032671964462025735
4,5,5,-4:-1:3,4:3:1,672,8,1.2223247009599878e7:1.167078636375446e7:3.231397974006248e6:2.2308097420597775e6:1.479973539684702e6:243531.23992697775:224135.54123356738:3212.96268182684:3119.432646257849:1351.2066917714717:393.2437998175768:320.1830334099907:11.626204866921286:5.745566097082494:3.3348732809318395:0.643233222675498,0.00027014699760970944
4,5,5,-3:-1:3,3:3:1,1407,7,2.600059018065846e7:2.4940521929570235e7:9.756252334034687e6:7.127321088939869e6:4.515606831680247e6:964589.0067108583:917776.9949004918:5906.467753526313:5815.288576518315:2867.704496300486:1011.0416738278494:854.6238214397381:17.096611655092083:9.21335182042383:5.650748873037943:0.7822856200175868,0.00023165217029943528
4,5,5,-2:-1:3,3:2:1,2142,7,4.837346574646701e7:4.63463496552914e7:2.437841481925551e7:2.1844395735900775e7:1.4300428246934326e7:4.357930383308142e6:4.294833089282088e6:10652.244927560836:9770.892863201092:5312.071525551771:2768.079978177325:2510.567263632419:24.26204353391125:14.584639151570828:9.75039118602169:0.9374870453821564,0.00020805513751335846
4,5,5,-1:-1:3,3:1:1,2631,7,7.907111738185526e7:6.398360438963005e7:4.822935627202474e7:4.0257406986379676e7:3.710588754344833e7:1.798318074864476e7:1.7930880875349578e7:16394.997155923662:13327.176431104659:8041.963836412374:6773.886923930153:6549.703368244047:30.486145730430295:20.956686863635486:15.797151540630768:1.0759667564343693,0.00019175177856623667
4,5,5,0:-1:3,3:1:0,3120,7,9.150095478460826e7:7.044930911573847e7:6.201353183531314e7:5.825670033898063e7:4.3801532376526505e7:3.4551739713039264e7:3.443869578802333e7:18372.293561103692:14587.698605884263:10051.535010385516:9965.096157672298:9545.10291045019:32.32895127212777:24.183526906666703:19.74354584260446:1.13501041132235,0.0001839643091121017
4,5,5,1:-1:3,3:1:1,2631,7,7.907111738185528e7:6.398360438963004e7:4.8229356272024766e7:4.025740698637968e7:3.7105887543448314e7:1.7983180748644754e7:1.793088087534959e7:16394.997155923596:13327.176431107415:8041.963836412578:6773.886923925346:6549.703368245913:30.486145732615398:20.956686864267315:15.797151542609045:1.0759667556826142,0.00019175177856624206
4,5,5,2:-1:3,3:2:1,2142,7,4.837346574646698e7:4.6346349655291416e7:2.4378414819255505e7:2.1844395735900756e7:1.4300428246934319e7:4.357930383308142e6:4.294833089282087e6:10652.244927560974:9770.892863200621:5312.071525551674:2768.079978178729:2510.5672636331315:24.26204353496712:14.58463915119649:9.75039118602489:0.9374870457734674,0.00020805513751336025
4,5,5,3:-1:3,3:3:1,1407,7,2.600059018065845e7:2.494052192957023e7:9.756252334034685e6:7.127321088939869e6:4.515606831680247e6:964589.0067108575:917776.9949004907:5906.467753526347:5815.288576518513:2867.7044963000253:1011.041673827596:854.6238214399978:17.09661165516587:9.213351821122364:5.650748872950888:0.782285620286142,0.0002316521702994354
4,5,5,4:-1:3,4:3:1,672,8,1.222324700959988e7:1.1670786363754453e7:3.2313979740062472e6:2.2308097420597766e6:1.479973539684701e6:243531.23992697848:224135.54123356743:3212.962681826858:3119.432646257875:1351.206691771815:393.2437998174761:320.1830334101717:11.626204866846606:5.74556609732179:3.3348732808056614:0.6432332227489971,0.0002701469976097171
4,5,5,5:-1:3,5:3:1,336,8,5.391115032830288e6:5.220969653312322e6:1.1377895843312107e6:752094.0032262205:503466.9077233469:72292.66188884452:65318.337091346766:1756.7772708302878:1644.300809415084:633.8146227201627:169.01205030489268:135.95337592150216:8.00613613583402:3.670459213083264:2.0552495296491102:0.5279876209902512,0.00032671964462025106
4,5,5,-5:0:3,5:3:0,672,8,5.858790592084454e6:5.664601204812926e6:1.2584126564441852e6:835699.6483117121:559954.1637736744:81158.72058258057:73421.4671964916:1865.8932135825123:1752.9759105361911:682.8700086067563:183.2306971653565:147.46042889030088:8.303176095402524:3.834527699014631:2.153620524048606:0.5385746107532259,0.0003201920083520487
4,5,5,-4:0:3,4:3:0,1344,8,1.3528166777335314e7:1.290260411854336e7:3.714307689244669e6:2.5777280348182684e6:1.7025005209031673e6:287435.6900286652:265448.83874653094:3471.45950971232:3383.949036431272:1490.100689265884:440.9706096109652:360.1377700895172:12.209102592829243:6.095238392320854:3.55812466282127:0.6595924268853987,0.0002642619945515885
4,5,5,-3:0:3,3:3:0,2128,7,2.9172514186044846e7:2.8151166929805566e7:1.1707343498560755e7:8.711873861208595e6:5.487044209211081e6:1.240740537893485e6:1.1884627172339128e6:6553.16198123915:6423.902706416914:3232.3943178803092:1199.156502151641:1023.7584672924328:18.236452782563102:9.994181211290092:6.205088219357808:0.8082542948300778,0.00022674240598302903
4,5,5,-2:0:3,3:2:0,2912,7,5.664344877909305e7:5.183321516135706e7:2.860199082486542e7:2.8305712591997575e7:1.9438732390859183e7:6.547205651168712e6:6.489054061699325e6:12270.577928561435:10870.87876299183:6039.846892587452:3603.300628963912:3337.3695513053162:26.208101438288498:16.303493522774094:11.226704422501731:0.9784492752338003,0.00020318815152696012
4,5,5,-1:0:3,3:1:0,3120,7,9.150095478460823e7:7.044930911573842e7:6.201353183531313e7:5.825670033898062e7:4.3801532376526505e7:3.455173971303925e7:3.4438695788023345e7:18372.293561102713:14587.698605883414:10051.535010383957:9965.096157674421:9545.102910448211:32.328951273400804:24.183526907526105:19.74354584275606:1.135010411024918,0.00018396430911209223
4,5,5,0:0:3,3:0:0,3328,7,7.701301963907209e7:7.70130193771e7:7.701301937709996e7:7.701290489770843e7:7.701290489770842e7:7.693472214705111e7:7.69347221470511e7:15761.923391735681:15760.602167090577:15760.602167072786:15617.505110339373:15617.50511033848:30.773341241668113:28.331128162742676:28.331128162124863:1.203348368951607,0.00017238637073962098
4,5,5,1:0:3,3:1:0,3120,7,9.150095478460823e7:7.044930911573844e7:6.201353183531314e7:5.825670033898064e7:4.380153237652652e7:3.4551739713039264e7:3.4438695788023345e7:18372.293561102717:14587.698605883737:10051.535010382455:9965.096157673259:9545.102910447471:32.32895127346484:24.18352690744457:19.743545843005545:1.1350104108376464,0.00018396430911208584
4,5,5,2:0:3,3:2:0,2912,7,5.6643448779093035e7:5.1833215161357045e7:2.860199082486543e7:2.8305712591997586e7:1.943873239085918e7:6.547205651168715e6:6.489054061699323e6:12270.577928561444:10870.878762990698:6039.846892587452:3603.3006289642863:3337.3695513042017:26.20810143823966:16.303493522594675:11.226704422312347:0.9784492752327812,0.00020318815152695115
4,5,5,3:0:3,3:3:0,2128,7,2.9172514186044864e7:2.8151166929805573e7:1.1707343498560755e7:8.711873861208593e6:5.487044209211079e6:1.2407405378934862e6:1.1884627172339133e6:6553.161981239157:6423.902706416949:3232.3943178802847:1199.1565021515362:1023.7584672924409:18.23645278245522:9.994181211235942:6.205088219380363:0.808254294846062,0.00022674240598302914
4,5,5,4:0:3,4:3:0,1344,8,1.3528166777335308e7:1.290260411854336e7:3.714307689244669e6:2.577728034818268e6:1.7025005209031666e6:287435.69002866506:265448.838746531:3471.4595097123315:3383.9490364312546:1490.1006892659118:440.970609610956:360.13777008951746:12.209102592815645:6.095238392347233:3.5581246628151875:0.659592426876527,0.0002642619945515887
4,5,5,5:0:3,5:3:0,672,8,5.858790592084453e6:5.664601204812927e6:1.2584126564441854e6:835699.6483117122:559954.1637736744:81158.72058258054:73421.46719649162:1865.8932135825148:1752.975910536201:682.8700086066724:183.23069716533652:147.46042889033592:8.30317609539566:3.8345276990440964:2.153620524047414:0.5385746107556532,0.0003201920083520472
4,5,5,-5:1:3,5:3:1,336,8,5.39111503283029e6:5.220969653312325e6:1.1377895843312105e6:752094.0032262212:503466.907723347:72292.6618888446:65318.337091346744:1756.777270830282:1644.3008094151064:633.8146227203067:169.01205030489592:135.95337592153632:8.006136135824491:3.6704592130582925:2.0552495296941666:0.5279876209341716,0.00032671964462025735
4,5,5,-4:1:3,4:3:1,672,8,1.2223247009599878e7:1.167078636375446e7:3.231397974006248e6:2.2308097420597775e6:1.479973539684702e6:243531.23992697775:224135.54123356738:3212.96268182684:3119.432646257849:1351.2066917714717:393.2437998175768:320.1830334099907:11.626204866921286:5.745566097082494:3.3348732809318395:0.643233222675498,0.00027014699760970944
4,5,5,-3:1:3,3:3:1,1407,7,2.600059018065846e7:2.4940521929570235e7:9.756252334034687e6:7.127321088939869e6:4.515606831680247e6:964589.0067108583:917776.9949004918:5906.467753526313:5815.288576518315:2867.704496300486:1011.0416738278494:854.6238214397381:17.096611655092083:9.21335182042383:5.650748873037943:0.7822856200175868,0.00023165217029943528
4,5,5,-2:1:3,3:2:1,2142,7,4.837346574646701e7:4.63463496552914e7:2.437841481925551e7:2.1844395735900775e7:1.4300428246934326e7:4.357930383308142e6:4.294833089282088e6:10652.244927560836:9770.892863201092:5312.071525551771:2768.079978177325:2510.567263632419:24.26204353391125:14.584639151570828:9.75039118602169:0.9374870453821564,0.00020805513751335846
4,5,5,-1:1:3,3:1:1,2631,7,7.907111738185526e7:6.398360438963005e7:4.822935627202474e7:4.0257406986379676e7:3.710588754344833e7:1.798318074864476e7:1.7930880875349578e7:16394.997155923662:13327.176431104659:8041.963836412374:6773.886923930153:6549.703368244047:30.486145730430295:20.956686863635486:15.797151540630768:1.0759667564343693,0.00019175177856623667
4,5,5,0:1:3,3:1:0,3120,7,9.150095478460826e7:7.044930911573847e7:6.201353183531314e7:5.825670033898063e7:4.3801532376526505e7:3.4551739713039264e7:3.443869578802333e7:18372.293561103692:14587.698605884263:10051.535010385516:9965.096157672298:9545.10291045019:32.32895127212777:24.183526906666703:19.74354584260446:1.13501041132235,0.0001839643091121017
4,5,5,1:1:3,3:1:1,2631,7,7.907111738185528e7:6.398360438963004e7:4.8229356272024766e7:4.025740698637968e7:3.7105887543448314e7:1.7983180748644754e7:1.793088087534959e7:16394.997155923596:13327.176431107415:8041.963836412578:6773.886923925346:6549.703368245913:30.486145732615398:20.956686864267315:15.797151542609045:1.0759667556826142,0.00019175177856624206
4,5,5,2:1:3,3:2:1,2142,7,4.837346574646698e7:4.6346349655291416e7:2.4378414819255505e7:2.1844395735900756e7:1.4300428246934319e7:4.357930383308142e6:4.294833089282087e6:10652.244927560974:9770.892863200621:5312.071525551674:2768.079978178729:2510.5672636331315:24.26204353496712:14.58463915119649:9.75039118602489:0.9374870457734674,0.00020805513751336025
4,5,5,3:1:3,3:3:1,1407,7,2.600059018065845e7:2.494052192957023e7:9.756252334034685e6:7.127321088939869e6:4.515606831680247e6:964589.0067108575:917776.9949004907:5906.467753526347:5815.288576518513:2867.7044963000253:1011.041673827596:854.6238214399978:17.09661165516587:9.213351821122364:5.650748872950888:0.782285620286142,0.0002316521702994354
4,5,5,4:1:3,4:3:1,672,8,1.222324700959988e7:1.1670786363754453e7:3.2313979740062472e6:2.2308097420597766e6:1.479973539684701e6:243531.23992697848:224135.54123356743:3212.962681826858:3119.432646257875:1351.206691771815:393.2437998174761:320.1830334101717:11.626204866846606:5.74556609732179:3.3348732808056614:0.6432332227489971,0.0002701469976097171
4,5,5,5:1:3,5:3:1,336,8,5.391115032830288e6:5.220969653312322e6:1.1377895843312107e6:752094.0032262205:503466.9077233469:72292.66188884452:65318.337091346766:1756.7772708302878:1644.300809415084:633.8146227201627:169.01205030489268:135.95337592150216:8.00613613583402:3.670459213083264:2.0552495296491102:0.5279876209902512,0.00032671964462025106
4,5,5,-3:2:3,3:3:2,686,8,1.8583954376405586e7:1.7706597941440754e7:5.848405233483557e6:4.135696731046036e6:2.6808859375613583e6:499057.5723328006:466787.52585332637:4453.966400437893:4383.919926240312:2037.371394969272:644.6812836654684:533.3671896806644:14.303524956753911:7.389079243969565:4.403798156599981:0.7149067571268591,0.00024731726565261144
4,5,5,-2:2:3,3:2:2,1372,7,3.2762308778111417e7:3.1913527309373617e7:1.4103469724547895e7:1.0766742202741582e7:6.762442501080913e6:1.6289896213608824e6:1.5714704347878033e6:7315.7068129900845:7114.086629639088:3651.6947111920417:1440.7962525641865:1244.5927514362988:19.505592725732964:10.891570927916776:6.85835857398393:0.8363913439398611,0.0002219756032343935
4,5,5,-1:2:3,3:2:1,2142,7,4.837346574646699e7:4.634634965529143e7:2.43784148192555e7:2.184439573590076e7:1.4300428246934315e7:4.357930383308144e6:4.294833089282088e6:10652.244927560725:9770.892863202167:5312.07152555127:2768.079978177845:2510.5672636340832:24.262043534461895:14.58463915190088:9.750391186831658:0.9374870459624738,0.0002080551375133687
4,5,5,0:2:3,3:2:0,2912,7,5.664344877909304e7:5.183321516135706e7:2.8601990824865427e7:2.8305712591997594e7:1.9438732390859187e7:6.547205651168715e6:6.489054061699322e6:12270.577928561313:10870.878762991919:6039.846892587589:3603.300628964081:3337.3695513054486:26.208101438589214:16.303493522218908:11.226704422507547:0.9784492754143229,0.000203188151526961
4,5,5,1:2:3,3:2:1,2142,7,4.837346574646698e7:4.634634965529142e7:2.4378414819255512e7:2.1844395735900775e7:1.4300428246934317e7:4.357930383308142e6:4.294833089282081e6:10652.244927560987:9770.892863201667:5312.071525551539:2768.07997817889:2510.567263633246:24.26204353494198:14.58463915145408:9.750391187253664:0.937487045925267,0.00020805513751336881
4,5,5,2:2:3,3:2:2,1372,7,3.2762308778111435e7:3.191352730937362e7:1.41034697245479e7:1.0766742202741582e7:6.762442501080918e6:1.6289896213608815e6:1.571470434787803e6:7315.706812990156:7114.086629639155:3651.6947111920654:1440.7962525643566:1244.5927514362493:19.505592726247073:10.891570927662485:6.858358573851904:0.8363913443021767,0.00022197560323439583
4,5,5,3:2:3,3:3:2,686,8,1.858395437640558e7:1.7706597941440754e7:5.848405233483559e6:4.1356967310460364e6:2.680885937561359e6:499057.5723327997:466787.52585332573:4453.966400437936:4383.91992624001:2037.3713949692874:644.6812836655023:533.3671896807098:14.303524956883681:7.389079244079448:4.40379815657676:0.7149067570775004,0.0002473172656526055
4,5,5,-3:3:3,3:3:3,343,8,1.1068609809290541e7:1.0582110741165511e7:2.826769269805189e6:1.9416067939092743e6:1.2927460885487755e6:207915.67166566494:190770.94295094162:2981.013250889561:2882.203630456444:1229.0214287499562:352.4775431432452:286.25600813485465:11.090372967443614:5.427993854164596:3.134037924916272:0.6277546042366077,0.0002761331673350149
4,5,5,-2:3:3,3:3:2,686,8,1.8583954376405574e7:1.7706597941440746e7:5.848405233483559e6:4.1356967310460326e6:2.6808859375613583e6:499057.5723328004:466787.5258533265:4453.96640043794:4383.919926240284:2037.3713949692728:644.6812836650544:533.3671896808402:14.303524956816645:7.389079243989329:4.4037981565486115:0.7149067570356983,0.0002473172656526111
4,5,5,-1:3:3,3:3:1,1407,7,2.600059018065848e7:2.4940521929570235e7:9.756252334034685e6:7.127321088939869e6:4.515606831680245e6:964589.0067108589:917776.9949004907:5906.467753526363:5815.288576518573:2867.704496300306:1011.0416738274245:854.623821439922:17.096611655430795:9.213351820693717:5.650748873015055:0.7822856200791699,0.00023165217029943818
4,5,5,0:3:3,3:3:0,2128,7,2.917251418604485e7:2.8151166929805566e7:1.1707343498560755e7:8.711873861208593e6:5.4870442092110785e6:1.2407405378934864e6:1.1884627172339126e6:6553.161981239124:6423.902706416829:3232.394317880256:1199.1565021512995:1023.7584672924345:18.236452782583108:9.994181211206662:6.205088219317013:0.8082542948748945,0.00022674240598302602
4,5,5,1:3:3,3:3:1,1407,7,2.600059018065844e7:2.494052192957023e7:9.75625233403468e6:7.127321088939871e6:4.515606831680245e6:964589.0067108583:917776.9949004907:5906.46775352636:5815.2885765188:2867.704496300357:1011.0416738273854:854.6238214398685:17.096611654991708:9.21335182067701:5.650748873326074:0.7822856198822083,0.00023165217029944235
4,5,5,2:3:3,3:3:2,686,8,1.858395437640557e7:1.7706597941440746e7:5.848405233483558e6:4.1356967310460345e6:2.6808859375613593e6:499057.5723328004:466787.52585332625:4453.966400437932:4383.919926240051:2037.3713949692649:644.6812836655406:533.3671896806251:14.303524956771836:7.389079244075216:4.403798156426006:0.7149067571646295,0.00024731726565260613
4,5,5,3:3:3,3:3:3,343,8,1.1068609809290547e7:1.0582110741165511e7:2.826769269805189e6:1.9416067939092738e6:1.2927460885487746e6:207915.67166566497:190770.94295094165:2981.013250889567:2882.203630456469:1229.0214287500953:352.4775431432324:286.25600813492764:11.090372967548753:5.427993854077937:3.1340379247772074:0.6277546041357832,0.00027613316733501885
4,5,5,-1:4:3,4:3:1,672,8,1.2223247009599878e7:1.1670786363754457e7:3.2313979740062477e6:2.2308097420597766e6:1.4799735396847e6:243531.2399269781:224135.54123356743:3212.962681826836:3119.4326462578733:1351.206691771509:393.2437998173584:320.18303341002917:11.626204866718187:5.745566096894349:3.3348732808692336:0.6432332229073159,0.00027014699760971
4,5,5,0:4:3,4:3:0,1344,8,1.3528166777335318e7:1.2902604118543359e7:3.71430768924467e6:2.5777280348182684e6:1.702500520903167e6:287435.6900286651:265448.838746531:3471.459509712335:3383.949036431212:1490.1006892659068:440.97060961089187:360.1377700896244:12.209102592805193:6.095238392351219:3.5581246628977907:0.6595924268902709,0.0002642619945515874
4,5,5,1:4:3,4:3:1,672,8,1.2223247009599878e7:1.1670786363754451e7:3.2313979740062477e6:2.2308097420597756e6:1.4799735396847e6:243531.23992697842:224135.54123356743:3212.9626818268475:3119.432646257881:1351.2066917716188:393.2437998173198:320.1830334099951:11.626204867002759:5.745566096928662:3.3348732808801875:0.6432332228237054,0.0002701469976097123
4,5,5,-1:5:3,5:3:1,336,8,5.391115032830284e6:5.220969653312323e6:1.13778958433121e6:752094.0032262211:503466.9077233468:72292.66188884442:65318.33709134682:1756.777270830276:1644.300809415108:633.8146227198248:169.0120503049141:135.95337592147874:8.00613613585405:3.670459213100408:2.055249529614414:0.5279876210893862,0.0003267196446202409
4,5,5,0:5:3,5:3:0,672,8,5.858790592084455e6:5.664601204812928e6:1.258412656444185e6:835699.6483117122:559954.1637736743:81158.72058258056:73421.46719649165:1865.8932135825269:1752.9759105361882:682.8700086066744:183.23069716536392:147.46042889034865:8.303176095406469:3.834527699025151:2.1536205240049875:0.5385746107704488,0.00032019200835204753
4,5,5,1:5:3,5:3:1,336,8,5.39111503283029e6:5.2209696533123255e6:1.1377895843312105e6:752094.003226221:503466.9077233468:72292.66188884455:65318.33709134675:1756.7772708302646:1644.3008094151085:633.8146227198612:169.01205030494813:135.95337592148823:8.006136135901613:3.670459213086884:2.0552495296880697:0.5279876209668012,0.0003267196446202413
4,5,5,-1:-3:4,4:3:1,672,9,5.8874651533088e6:5.765245184510759e6:2.922860606921928e6:2.4950519354032953e6:1.6041347895142173e6:462097.73857092607:453545.14358240657:2340.4719578286736:2180.2235280781683:1172.766629035763:565.0731367977584:507.7458298378768:10.299363854632357:5.71527620771788:3.849667556299153:0.6268648778386671,0.00037713765749000845
4,5,5,0:-3:4,4:3:0,1344,9,6.401062814307404e6:6.147795650211765e6:3.222565523371885e6:2.871731637299997e6:1.8768232920660193e6:568304.541371392:559872.1450212788:2524.233291464604:2315.633685932622:1259.2766257457938:647.192104979076:587.610568881742:10.728235034241697:6.0630816742391245:4.140263467295645:0.6428915355774942,0.0003723937802954785
4,5,5,1:-3:4,4:3:1,672,9,5.887465153308796e6:5.765245184510755e6:2.92286060692193e6:2.4950519354032967e6:1.6041347895142161e6:462097.7385709259:453545.14358240674:2340.471957828676:2180.223528078092:1172.7666290357886:565.0731367975949:507.74582983780135:10.299363854579797:5.715276207576076:3.849667556288465:0.6268648778566953,0.0003771376574900004
4,5,5,-1:-2:4,4:2:1,1344,9,9.227089645939233e6:7.8670495632165205e6:5.190339344972044e6:4.513777081480279e6:3.913980688997251e6:1.5323465379497854e6:1.5255933878785782e6:3487.044997968127:2935.30278423051:1696.2703990211132:1220.045999080311:1161.5036927265214:12.67313105806154:7.883140830279438:5.816079346551459:0.7175767085207895,0.0003515577704420523
4,5,5,0:-2:4,4:2:0,2688,9,1.013933970346682e7:8.335699065477086e6:6.031166742564432e6:4.953436215393437e6:4.734063002702691e6:2.0771704962143996e6:2.0704457016910068e6:3780.8466948153005:3104.800985632994:1845.7434755965016:1471.8799526910727:1417.6443877503486:13.19149006718669:8.483780934230507:6.441152327111298:0.7395224246094324,0.00034538199988519945
4,5,5,1:-2:4,4:2:1,1344,9,9.227089645939233e6:7.86704956321652e6:5.190339344972045e6:4.513777081480278e6:3.9139806889972542e6:1.5323465379497875e6:1.5255933878785786e6:3487.044997968109:2935.302784230608:1696.270399021145:1220.0459990802174:1161.5036927264543:12.673131057993938:7.883140830273185:5.816079346396947:0.7175767084281767,0.0003515577704420533
4,5,5,-3:-1:4,4:3:1,672,9,5.887465153308799e6:5.76524518451076e6:2.9228606069219285e6:2.495051935403295e6:1.6041347895142168e6:462097.7385709263:453545.14358240634:2340.4719578286436:2180.2235280782274:1172.7666290357076:565.073136797701:507.7458298378856:10.299363854589178:5.715276207547236:3.849667556386603:0.6268648778654979,0.00037713765749000725
4,5,5,-2:-1:4,4:2:1,1344,9,9.227089645939237e6:7.86704956321652e6:5.190339344972046e6:4.513777081480276e6:3.913980688997252e6:1.5323465379497868e6:1.5255933878785777e6:3487.044997968173:2935.3027842305523:1696.270399021206:1220.0459990803527:1161.5036927269184:12.673131058180457:7.883140830231149:5.816079346161421:0.7175767084968482,0.0003515577704420648
4,5,5,-1:-1:4,4:1:1,2112,9,1.2034636347513193e7:9.30225115918637e6:8.039309100802893e6:7.446817303539092e6:5.702655822196263e6:4.220742949334551e6:4.208637211529119e6:4338.903832641575:3445.5067904710254:2301.1756049435035:2245.44037913666:2177.9647417133874:14.117831093963911:9.941184202174233:8.186243824406784:0.7885555014391458,0.0003303452096983035
4,5,5,0:-1:4,4:1:0,2880,9,1.2702638376471693e7:9.794261363258041e6:9.155981431608014e6:8.96190971354314e6:6.6560090344708115e6:6.414015743617244e6:6.317508081075488e6:4469.229516726655:3609.3585235813794:2852.9584467180603:2852.154275755781:2614.963840052332:14.34834538822014:10.833772810450325:9.520716516683247:0.816127502644195,0.0003203520383368815
4,5,5,1:-1:4,4:1:1,2112,9,1.2034636347513197e7:9.302251159186373e6:8.039309100802888e6:7.446817303539091e6:5.702655822196263e6:4.2207429493345525e6:4.208637211529118e6:4338.903832641565:3445.5067904710486:2301.1756049436513:2245.440379136719:2177.964741713456:14.117831093863328:9.941184202093291:8.186243824683332:0.788555501460771,0.00033034520969830837
4,5,5,2:-1:4,4:2:1,1344,9,9.227089645939229e6:7.8670495632165205e6:5.190339344972042e6:4.513777081480278e6:3.9139806889972505e6:1.5323465379497858e6:1.5255933878785784e6:3487.0449979681734:2935.3027842302895:1696.2703990212822:1220.0459990802674:1161.5036927264355:12.673131058082935:7.883140830251778:5.8160793462396025:0.7175767086116459,0.0003515577704420476
4,5,5,3:-1:4,4:3:1,672,9,5.887465153308799e6:5.765245184510758e6:2.922860606921927e6:2.4950519354032953e6:1.6041347895142168e6:462097.73857092607:453545.143582407:2340.4719578286586:2180.2235280781933:1172.7666290357574:565.0731367976886:507.7458298380089:10.299363854500406:5.715276207688656:3.849667556342935:0.6268648778687608,0.0003771376574900097
4,5,5,-3:0:4,4:3:0,1344,9,6.401062814307402e6:6.147795650211764e6:3.2225655233718837e6:2.8717316372999973e6:1.8768232920660195e6:568304.541371392:559872.1450212789:2524.2332914645835:2315.6336859325506:1259.2766257458102:647.1921049791524:587.6105688817499:10.728235034237144:6.063081674198721:4.140263467345409:0.6428915355477446,0.0003723937802954749
4,5,5,-2:0:4,4:2:0,2688,9,1.0139339703466818e7:8.3356990654770825e6:6.031166742564434e6:4.953436215393436e6:4.734063002702691e6:2.0771704962143996e6:2.070445701691007e6:3780.846694815272:3104.8009856329336:1845.743475596488:1471.8799526910177:1417.6443877501638:13.191490067139775:8.483780934284628:6.441152327120278:0.7395224246552389,0.00034538199988519213
4,5,5,-1:0:4,4:1:0,2880,9,1.2702638376471693e7:9.794261363258041e6:9.155981431608008e6:8.96190971354314e6:6.656009034470811e6:6.414015743617243e6:6.317508081075488e6:4469.229516726718:3609.358523581232:2852.95844671746:2852.1542757565376:2614.9638400525914:14.348345388654122:10.833772810073576:9.520716516768594:0.8161275026974626,0.00032035203833688655
4,5,5,0:0:4,4:0:0,3072,9,1.0288150325151213e7:1.0288150128357522e7:1.0288150128357507e7:1.0288101794086333e7:1.0288101794086332e7:1.0269545735815471e7:1.026954573581547e7:3764.5963856047747:3763.5970492242027:3763.597049223979:3703.1821115076823:3703.1821115073276:13.747342837566716:11.86804992415935:11.868049923858841:0.8461456370794499,0.0003073742707609431
4,5,5,1:0:4,4:1:0,2880,9,1.2702638376471693e7:9.794261363258043e6:9.155981431608006e6:8.96190971354314e6:6.656009034470811e6:6.414015743617244e6:6.317508081075486e6:4469.22951672672:3609.358523581254:2852.9584467175932:2852.1542757561783:2614.963840052594:14.3483453886316:10.83377281005422:9.520716516798462:0.8161275025800444,0.0003203520383368834
4,5,5,2:0:4,4:2:0,2688,9,1.0139339703466818e7:8.335699065477084e6:6.031166742564434e6:4.953436215393434e6:4.73406300270269e6:2.0771704962143998e6:2.0704457016910068e6:3780.846694815275:3104.8009856330027:1845.7434755964764:1471.8799526908995:1417.6443877507852:13.191490067152486:8.483780934303695:6.441152327221703:0.7395224246482611,0.0003453819998852022
4,5,5,3:0:4,4:3:0,1344,9,6.401062814307401e6:6.147795650211768e6:3.2225655233718855e6:2.871731637299995e6:1.8768232920660195e6:568304.5413713916:559872.1450212786:2524.2332914645835:2315.6336859326143:1259.2766257458084:647.1921049790712:587.6105688817626:10.72823503415147:6.0630816741959475:4.140263467346742:0.6428915355516863,0.00037239378029547737
4,5,5,-3:1:4,4:3:1,672,9,5.887465153308799e6:5.76524518451076e6:2.9228606069219285e6:2.495051935403295e6:1.6041347895142168e6:462097.7385709263:453545.14358240634:2340.4719578286436:2180.2235280782274:1172.7666290357076:565.073136797701:507.7458298378856:10.299363854589178:5.715276207547236:3.849667556386603:0.6268648778654979,0.00037713765749000725
4,5,5,-2:1:4,4:2:1,1344,9,9.227089645939237e6:7.86704956321652e6:5.190339344972046e6:4.513777081480276e6:3.913980688997252e6:1.5323465379497868e6:1.5255933878785777e6:3487.044997968173:2935.3027842305523:1696.270399021206:1220.0459990803527:1161.5036927269184:12.673131058180457:7.883140830231149:5.816079346161421:0.7175767084968482,0.0003515577704420648
4,5,5,-1:1:4,4:1:1,2112,9,1.2034636347513193e7:9.30225115918637e6:8.039309100802893e6:7.446817303539092e6:5.702655822196263e6:4.220742949334551e6:4.208637211529119e6:4338.903832641575:3445.5067904710254:2301.1756049435035:2245.44037913666:2177.9647417133874:14.117831093963911:9.941184202174233:8.186243824406784:0.7885555014391458,0.0003303452096983035
4,5,5,0:1:4,4:1:0,2880,9,1.2702638376471693e7:9.794261363258041e6:9.155981431608014e6:8.96190971354314e6:6.6560090344708115e6:6.414015743617244e6:6.317508081075488e6:4469.229516726655:3609.3585235813794:2852.9584467180603:2852.154275755781:2614.963840052332:14.34834538822014:10.833772810450325:9.520716516683247:0.816127502644195,0.0003203520383368815
4,5,5,1:1:4,4:1:1,2112,9,1.2034636347513197e7:9.302251159186373e6:8.039309100802888e6:7.446817303539091e6:5.702655822196263e6:4.2207429493345525e6:4.208637211529118e6:4338.903832641565:3445.5067904710486:2301.1756049436513:2245.440379136719:2177.964741713456:14.117831093863328:9.941184202093291:8.186243824683332:0.788555501460771,0.00033034520969830837
4,5,5,2:1:4,4:2:1,1344,9,9.227089645939229e6:7.8670495632165205e6:5.190339344972042e6:4.513777081480278e6:3.9139806889972505e6:1.5323465379497858e6:1.5255933878785784e6:3487.0449979681734:2935.3027842302895:1696.2703990212822:1220.0459990802674:1161.5036927264355:12.673131058082935:7.883140830251778:5.8160793462396025:0.7175767086116459,0.0003515577704420476
4,5,5,3:1:4,4:3:1,672,9,5.887465153308799e6:5.765245184510758e6:2.922860606921927e6:2.4950519354032953e6:1.6041347895142168e6:462097.73857092607:453545.143582407:2340.4719578286586:2180.2235280781933:1172.7666290357574:565.0731367976886:507.7458298380089:10.299363854500406:5.715276207688656:3.849667556342935:0.6268648778687608,0.0003771376574900097
4,5,5,-1:2:4,4:2:1,1344,9,9.227089645939233e6:7.8670495632165205e6:5.190339344972044e6:4.513777081480279e6:3.913980688997251e6:1.5323465379497854e6:1.5255933878785782e6:3487.044997968127:2935.30278423051:1696.2703990211132:1220.045999080311:1161.5036927265214:12.67313105806154:7.883140830279438:5.816079346551459:0.7175767085207895,0.0003515577704420523
4,5,5,0:2:4,4:2:0,2688,9,1.013933970346682e7:8.335699065477086e6:6.031166742564432e6:4.953436215393437e6:4.734063002702691e6:2.0771704962143996e6:2.0704457016910068e6:3780.8466948153005:3104.800985632994:1845.7434755965016:1471.8799526910727:1417.6443877503486:13.19149006718669:8.483780934230507:6.441152327111298:0.7395224246094324,0.00034538199988519945
4,5,5,1:2:4,4:2:1,1344,9,9.227089645939233e6:7.86704956321652e6:5.190339344972045e6:4.513777081480278e6:3.9139806889972542e6:1.5323465379497875e6:1.5255933878785786e6:3487.044997968109:2935.302784230608:1696.270399021145:1220.0459990802174:1161.5036927264543:12.673131057993938:7.883140830273185:5.816079346396947:0.7175767084281767,0.0003515577704420533
4,5,5,-1:3:4,4:3:1,672,9,5.8874651533088e6:5.765245184510759e6:2.922860606921928e6:2.4950519354032953e6:1.6041347895142173e6:462097.73857092607:453545.14358240657:2340.4719578286736:2180.2235280781683:1172.766629035763:565.0731367977584:507.7458298378768:10.299363854632357:5.71527620771788:3.849667556299153:0.6268648778386671,0.00037713765749000845
4,5,5,0:3:4,4:3:0,1344,9,6.401062814307404e6:6.147795650211765e6:3.222565523371885e6:2.871731637299997e6:1.8768232920660193e6:568304.541371392:559872.1450212788:2524.233291464604:2315.633685932622:1259.2766257457938:647.192104979076:587.610568881742:10.728235034241697:6.0630816742391245:4.140263467295645:0.6428915355774942,0.0003723937802954785
4,5,5,1:3:4,4:3:1,672,9,5.887465153308796e6:5.765245184510755e6:2.92286060692193e6:2.4950519354032967e6:1.6041347895142161e6:462097.7385709259:453545.14358240674:2340.471957828676:2180.223528078092:1172.7666290357886:565.0731367975949:507.74582983780135:10.299363854579797:5.715276207576076:3.849667556288465:0.6268648778566953,0.0003771376574900004
4,5,5,-1:-3:5,5:3:1,336,10,1.6966743867839817e6:1.5186562144024894e6:882239.4707518935:850512.3283469402:622897.6996141602:219267.67366036426:217723.46664672034:1026.6800144350746:892.8467529862759:503.3010384039899:314.3240667151229:294.69555530704235:6.514775506092882:3.6265123542490034:2.658208363311251:0.4978211182012047,0.0005651668826777533
4,5,5,0:-3:5,5:3:0,672,10,1.8020958036559988e6:1.5786333733887651e6:971342.6195349029:894359.3140029887:705372.9062619248:259726.26254809755:258250.7270979282:1082.0955656779408:927.0812828922506:528.4427126878315:349.8768381877139:330.53881357277373:6.683136782674349:3.788583394846417:2.8152052830248078:0.5079265662605663,0.0005596282204334609
4,5,5,1:-3:5,5:3:1,336,10,1.696674386783982e6:1.51865621440249e6:882239.470751893:850512.3283469401:622897.6996141602:219267.673660364:217723.46664672025:1026.6800144350725:892.8467529862041:503.3010384039864:314.32406671515093:294.6955553070188:6.514775506060613:3.6265123542778523:2.6582083633246834:0.4978211182060677,0.000565166882677737
4,5,5,-1:-2:5,5:2:1,672,10,2.289317689115993e6:1.8302712749702344e6:1.4243885811533565e6:1.2161807112477617e6:1.0720008139741304e6:568373.8195255522:566844.5207815255:1326.969243536942:1070.1718393221915:658.3001935189487:566.3681459214831:550.3238890188323:7.364090559741882:4.5754030484902835:3.6583303078324447:0.5530961714031079,0.00053411400991466
4,5,5,0:-2:5,5:2:0,1344,10,2.4184292677357174e6:1.8953783817729885e6:1.5613940912871878e6:1.3927646226955827e6:1.1323009751614416e6:714705.3705797087:712881.5101404455:1386.6406210688765:1106.353841849086:705.2711031586076:648.9440819447171:633.0577589036385:7.519113245329895:4.815243450647573:3.949937156417132:0.5657701779182565,0.0005263616330783629
4,5,5,1:-2:5,5:2:1,672,10,2.289317689115993e6:1.830271274970236e6:1.4243885811533567e6:1.216180711247762e6:1.0720008139741304e6:568373.8195255522:566844.5207815256:1326.9692435369543:1070.1718393221613:658.3001935189699:566.3681459214872:550.3238890187895:7.364090559631215:4.575403048500053:3.6583303078497478:0.5530961714815061,0.0005341140099146567
4,5,5,-3:-1:5,5:3:1,336,10,1.6966743867839822e6:1.51865621440249e6:882239.4707518937:850512.3283469401:622897.6996141601:219267.6736603642:217723.46664672036:1026.6800144350766:892.8467529862644:503.3010384039743:314.32406671509057:294.6955553070464:6.514775506097595:3.626512354236668:2.6582083633131486:0.49782111821338765,0.0005651668826777471
4,5,5,-2:-1:5,5:2:1,672,10,2.289317689115993e6:1.8302712749702355e6:1.4243885811533576e6:1.216180711247762e6:1.07200081397413e6:568373.8195255524:566844.5207815259:1326.9692435369248:1070.1718393221363:658.3001935189715:566.3681459215375:550.3238890187995:7.364090559638555:4.575403048511793:3.6583303078555747:0.5530961714635052,0.0005341140099146526
4,5,5,-1:-1:5,5:1:1,1056,11,2.640453472763968e6:2.0271062715350338e6:1.855537132510741e6:1.7930472844397998e6:1.3191020732449803e6:1.190626165061729e6:1.1833796009911555e6:1471.4150360673664:1177.051113081365:874.1395494863407:871.6507696884811:820.4960483133785:7.746969438062222:5.362627335158656:4.710522131952579:0.593116918836564,0.0005077185462777078
4,5,5,0:-1:5,5:1:0,1440,11,2.6651316900803265e6:2.093385915395317e6:2.007694278493659e6:1.989857058149347e6:1.5940896023952677e6:1.583570571100684e6:1.482473335116483e6:1463.8636259251982:1210.8542683564199:1023.5077322139745:1023.1296985877626:933.6084494260973:7.761984599221254:5.6763249950717025:5.242715354037496:0.607912474941553,0.0004960417077771711
4,5,5,1:-1:5,5:1:1,1056,11,2.640453472763968e6:2.0271062715350343e6:1.855537132510741e6:1.7930472844398e6:1.31910207324498e6:1.190626165061729e6:1.1833796009911555e6:1471.4150360673466:1177.0511130814318:874.1395494863257:871.6507696884856:820.4960483133641:7.746969438218052:5.362627335155242:4.710522131999289:0.5931169188409323,0.0005077185462777105
4,5,5,2:-1:5,5:2:1,672,10,2.2893176891159927e6:1.8302712749702353e6:1.4243885811533562e6:1.2161807112477617e6:1.0720008139741302e6:568373.8195255524:566844.5207815255:1326.9692435369413:1070.1718393221195:658.3001935189809:566.3681459215027:550.3238890188379:7.364090559641679:4.575403048480529:3.6583303078549307:0.5530961714916861,0.0005341140099146542
4,5,5,3:-1:5,5:3:1,336,10,1.6966743867839817e6:1.518656214402491e6:882239.4707518937:850512.3283469393:622897.69961416:219267.67366036403:217723.46664672025:1026.6800144350736:892.8467529862369:503.30103840397703:314.3240667151188:294.6955553070299:6.514775506067403:3.62651235423889:2.658208363292289:0.4978211182013423,0.0005651668826777415
4,5,5,-3:0:5,5:3:0,672,10,1.8020958036559988e6:1.5786333733887658e6:971342.6195349024:894359.3140029891:705372.9062619249:259726.26254809764:258250.72709792844:1082.0955656779322:927.0812828922082:528.4427126878203:349.876838187748:330.5388135727747:6.683136782728074:3.788583394838095:2.8152052829804535:0.5079265662810416,0.0005596282204334517
4,5,5,-2:0:5,5:2:0,1344,10,2.418429267735718e6:1.895378381772988e6:1.5613940912871873e6:1.3927646226955827e6:1.1323009751614411e6:714705.3705797085:712881.5101404458:1386.6406210688465:1106.3538418491016:705.2711031585906:648.9440819446768:633.0577589035917:7.519113245378329:4.815243450753158:3.9499371563939736:0.5657701778825063,0.0005263616330783523
4,5,5,-1:0:5,5:1:0,1440,11,2.665131690080326e6:2.0933859153953171e6:2.007694278493659e6:1.989857058149347e6:1.5940896023952677e6:1.5835705711006848e6:1.4824733351164828e6:1463.863625925196:1210.8542683564303:1023.5077322140066:1023.1296985876955:933.6084494261326:7.761984599284774:5.676324995057396:5.242715354078405:0.6079124749230828,0.0004960417077771716
4,5,5,0:0:5,5:0:0,1536,11,2.159786447796153e6:2.1597862900343724e6:2.1597862900343696e6:2.1597615176260704e6:2.1597615176260686e6:2.153679837895691e6:2.15367983789569e6:1243.9984212119184:1243.1900564015311:1243.1900564013592:1212.2281581189168:1212.228158118863:7.569306237723542:6.021729932183057:6.02172993205641:0.6235520048277241,0.0004821263587188693
4,5,5,1:0:5,5:1:0,1440,11,2.665131690080326e6:2.0933859153953174e6:2.0076942784936593e6:1.9898570581493473e6:1.5940896023952677e6:1.5835705711006846e6:1.4824733351164833e6:1463.8636259251969:1210.8542683564192:1023.5077322138118:1023.1296985877564:933.6084494261298:7.761984599284898:5.676324995058284:5.242715354078129:0.6079124749190314,0.0004960417077771601
4,5,5,2:0:5,5:2:0,1344,10,2.418429267735718e6:1.8953783817729868e6:1.561394091287188e6:1.3927646226955827e6:1.1323009751614411e6:714705.3705797086:712881.5101404458:1386.640621068847:1106.3538418491248:705.2711031585976:648.9440819446652:633.0577589037132:7.519113245378906:4.8152434507513835:3.9499371563743373:0.5657701778881133,0.000526361633078364
4,5,5,3:0:5,5:3:0,672,10,1.8020958036559995e6:1.5786333733887654e6:971342.6195349031:894359.314002989:705372.9062619247:259726.26254809767:258250.72709792844:1082.095565677931:927.0812828921765:528.4427126878194:349.87683818777685:330.53881357273485:6.683136782728448:3.788583394835534:2.8152052829736744:0.5079265662816546,0.0005596282204334441
4,5,5,-3:1:5,5:3:1,336,10,1.6966743867839822e6:1.51865621440249e6:882239.4707518937:850512.3283469401:622897.6996141601:219267.6736603642:217723.46664672036:1026.6800144350766:892.8467529862644:503.3010384039743:314.32406671509057:294.6955553070464:6.514775506097595:3.626512354236668:2.6582083633131486:0.49782111821338765,0.0005651668826777471
4,5,5,-2:1:5,5:2:1,672,10,2.289317689115993e6:1.8302712749702355e6:1.4243885811533576e6:1.216180711247762e6:1.07200081397413e6:568373.8195255524:566844.5207815259:1326.9692435369248:1070.1718393221363:658.3001935189715:566.3681459215375:550.3238890187995:7.364090559638555:4.575403048511793:3.6583303078555747:0.5530961714635052,0.0005341140099146526
4,5,5,-1:1:5,5:1:1,1056,11,2.640453472763968e6:2.0271062715350338e6:1.855537132510741e6:1.7930472844397998e6:1.3191020732449803e6:1.190626165061729e6:1.1833796009911555e6:1471.4150360673664:1177.051113081365:874.1395494863407:871.6507696884811:820.4960483133785:7.746969438062222:5.362627335158656:4.710522131952579:0.593116918836564,0.0005077185462777078
4,5,5,0:1:5,5:1:0,1440,11,2.6651316900803265e6:2.093385915395317e6:2.007694278493659e6:1.989857058149347e6:1.5940896023952677e6:1.583570571100684e6:1.482473335116483e6:1463.8636259251982:1210.8542683564199:1023.5077322139745:1023.1296985877626:933.6084494260973:7.761984599221254:5.6763249950717025:5.242715354037496:0.607912474941553,0.0004960417077771711
4,5,5,1:1:5,5:1:1,1056,11,2.640453472763968e6:2.0271062715350343e6:1.855537132510741e6:1.7930472844398e6:1.31910207324498e6:1.190626165061729e6:1.1833796009911555e6:1471.4150360673466:1177.0511130814318:874.1395494863257:871.6507696884856:820.4960483133641:7.746969438218052:5.362627335155242:4.710522131999289:0.5931169188409323,0.0005077185462777105
4,5,5,2:1:5,5:2:1,672,10,2.2893176891159927e6:1.8302712749702353e6:1.4243885811533562e6:1.2161807112477617e6:1.0720008139741302e6:568373.8195255524:566844.5207815255:1326.9692435369413:1070.1718393221195:658.3001935189809:566.3681459215027:550.3238890188379:7.364090559641679:4.575403048480529:3.6583303078549307:0.5530961714916861,0.0005341140099146542
4,5,5,3:1:5,5:3:1,336,10,1.6966743867839817e6:1.518656214402491e6:882239.4707518937:850512.3283469393:622897.69961416:219267.67366036403:217723.46664672025:1026.6800144350736:892.8467529862369:503.30103840397703:314.3240667151188:294.6955553070299:6.514775506067403:3.62651235423889:2.658208363292289:0.4978211182013423,0.0005651668826777415
4,5,5,-1:2:5,5:2:1,672,10,2.289317689115993e6:1.8302712749702344e6:1.4243885811533565e6:1.2161807112477617e6:1.0720008139741304e6:568373.8195255522:566844.5207815255:1326.969243536942:1070.1718393221915:658.3001935189487:566.3681459214831:550.3238890188323:7.364090559741882:4.5754030484902835:3.6583303078324447:0.5530961714031079,0.00053411400991466
4,5,5,0:2:5,5:2:0,1344,10,2.4184292677357174e6:1.8953783817729885e6:1.5613940912871878e6:1.3927646226955827e6:1.1323009751614416e6:714705.3705797087:712881.5101404455:1386.6406210688765:1106.353841849086:705.2711031586076:648.9440819447171:633.0577589036385:7.519113245329895:4.815243450647573:3.949937156417132:0.5657701779182565,0.0005263616330783629
4,5,5,1:2:5,5:2:1,672,10,2.289317689115993e6:1.830271274970236e6:1.4243885811533567e6:1.216180711247762e6:1.0720008139741304e6:568373.8195255522:566844.5207815256:1326.9692435369543:1070.1718393221613:658.3001935189699:566.3681459214872:550.3238890187895:7.364090559631215:4.575403048500053:3.6583303078497478:0.5530961714815061,0.0005341140099146567
4,5,5,-1:3:5,5:3:1,336,10,1.6966743867839817e6:1.5186562144024894e6:882239.4707518935:850512.3283469402:622897.6996141602:219267.67366036426:217723.46664672034:1026.6800144350746:892.8467529862759:503.3010384039899:314.3240667151229:294.69555530704235:6.514775506092882:3.6265123542490034:2.658208363311251:0.4978211182012047,0.0005651668826777533
4,5,5,0:3:5,5:3:0,672,10,1.8020958036559988e6:1.5786333733887651e6:971342.6195349029:894359.3140029887:705372.9062619248:259726.26254809755:258250.7270979282:1082.0955656779408:927.0812828922506:528.4427126878315:349.8768381877139:330.53881357277373:6.683136782674349:3.788583394846417:2.8152052830248078:0.5079265662605663,0.0005596282204334609
4,5,5,1:3:5,5:3:1,336,10,1.696674386783982e6:1.51865621440249e6:882239.470751893:850512.3283469401:622897.6996141602:219267.673660364:217723.46664672025:1026.6800144350725:892.8467529862041:503.3010384039864:314.32406671515093:294.6955553070188:6.514775506060613:3.6265123542778523:2.6582083633246834:0.4978211182060677,0.000565166882677737
5,5,5,-1:-3:-5,5:3:1,3360,7,2.1672630174352598e8:1.9396727630383784e8:1.1274640544427128e8:1.0863391368635271e8:7.951442514019231e7:2.8035139029375445e7:2.7836465859653447e7:32283.92183886629:28154.38111491612:15797.628947281979:10047.358345644758:9383.249453203583:45.87999108547813:29.617771156275623:20.489585564264907:1.2338834997636103,0.0001394027942623603
5,5,5,0:-3:-5,5:3:0,6720,7,2.3019495033319956e8:2.016290468021968e8:1.2413188638572936e8:1.1423400655500145e8:9.005043199150075e7:3.3210397641497675e7:3.3020473469066665e7:34040.499698231506:29230.36637619406:16583.744029924834:11186.424106155353:10532.468229852937:47.199564467262356:30.935934075973606:21.703470457078865:1.2536930446357906,0.00013807528938928658
5,5,5,1:-3:-5,5:3:1,3360,7,2.1672630174352592e8:1.9396727630383766e8:1.127464054442712e8:1.0863391368635271e8:7.951442514019226e7:2.803513902937544e7:2.783646585965344e7:32283.921838867176:28154.38111492141:15797.628947285808:10047.358345641787:9383.249453200564:45.87999108529476:29.617771154391352:20.489585562199206:1.233883498014226,0.00013940279426237132
5,5,5,-1:-2:-5,5:2:1,6720,7,2.9243480975902486e8:2.337753178199674e8:1.820058981481665e8:1.553313657801453e8:1.369047253242724e8:7.270178877068378e7:7.250412607686396e7:41799.524587204716:33718.65172981611:20659.039753860172:18128.911728158986:17581.07095856952:52.568573273543464:37.334334185669235:28.247601836676605:1.3423474939196278,0.0001319755140457416
5,5,5,0:-2:-5,5:2:0,13440,7,3.0892585604267204e8:2.42092987258282e8:1.9950108279189205e8:1.7789817143825507e8:1.4460441794916916e8:9.142958656917807e7:9.119334343217711e7:43688.07065955294:34850.81058058061:22157.78065598227:20779.129605747905:20217.20611770918:53.7964308557035:39.284431102753864:30.52562899591951:1.3672613828987237,0.0001301267958943907
5,5,5,1:-2:-5,5:2:1,6720,7,2.9243480975902486e8:2.337753178199675e8:1.820058981481665e8:1.5533136578014523e8:1.369047253242723e8:7.270178877068378e7:7.250412607686399e7:41799.52458720598:33718.65172983138:20659.03975386144:18128.91172815163:17581.070958571137:52.56857327430061:37.33433418846102:28.247601844153383:1.3423474990553663,0.00013197551404575794
5,5,5,-3:-1:-5,5:3:1,3360,7,2.167263017435259e8:1.9396727630383766e8:1.1274640544427122e8:1.0863391368635269e8:7.95144251401923e7:2.803513902937545e7:2.7836465859653432e7:32283.921838867216:28154.381114915683:15797.628947280491:10047.358345644698:9383.249453201704:45.879991083189395:29.617771155845148:20.48958556212025:1.2338834980328637,0.00013940279426235882
5,5,5,-2:-1:-5,5:2:1,6720,7,2.9243480975902486e8:2.337753178199675e8:1.8200589814816648e8:1.5533136578014532e8:1.3690472532427242e8:7.27017887706838e7:7.250412607686399e7:41799.52458720733:33718.65172981681:20659.03975386094:18128.911728160318:17581.07095857232:52.568573277029806:37.33433419508541:28.24760184529024:1.3423474982143095,0.000131975514045749
5,5,5,-1:-1:-5,5:1:1,10304,7,3.3728884047201097e8:2.589223527008769e8:2.3704938139449582e8:2.290470236466017e8:1.6848463439324522e8:1.5235156912134287e8:1.5139576097850516e8:46363.57064652749:37059.180814107945:27935.065771811034:27930.558306512034:25808.250903192642:55.56317727194478:43.73470137090809:36.54376100496427:1.4210850881615793,0.00012568344238708898
5,5,5,0:-1:-5,5:1:0,13888,7,3.404469408784859e8:2.673904869258062e8:2.564653695456504e8:2.5418212239569494e8:2.0399097747925502e8:2.026612905690427e8:1.8933745487153044e8:46114.15917689979:38113.26533654678:32796.94307943381:32787.55902202976:29331.1395839187:55.5218739606555:46.28486099912585:40.91160101644474:1.450246243883928,0.00012289818681783095
5,5,5,1:-1:-5,5:1:1,10304,7,3.37288840472011e8:2.5892235270087677e8:2.3704938139449582e8:2.290470236466017e8:1.6848463439324528e8:1.5235156912134305e8:1.5139576097850516e8:46363.57064653161:37059.18081411038:27935.065771798698:27930.558306512597:25808.25090319767:55.56317727123423:43.734701365763364:36.543761009202555:1.421085089840391,0.00012568344238709077
5,5,5,2:-1:-5,5:2:1,6720,7,2.9243480975902486e8:2.3377531781996742e8:1.8200589814816657e8:1.553313657801453e8:1.3690472532427236e8:7.27017887706838e7:7.250412607686396e7:41799.52458720638:33718.65172982092:20659.03975386234:18128.911728166:17581.070958575758:52.568573273100554:37.33433420224386:28.247601848653623:1.3423475016573263,0.00013197551404575875
5,5,5,3:-1:-5,5:3:1,3360,7,2.1672630174352592e8:1.9396727630383778e8:1.1274640544427119e8:1.0863391368635271e8:7.951442514019229e7:2.803513902937546e7:2.783646585965342e7:32283.921838865866:28154.381114916414:15797.628947283056:10047.358345644512:9383.249453197212:45.87999108397552:29.617771159111147:20.489585561983045:1.233883497445328,0.0001394027942623572
5,5,5,-3:0:-5,5:3:0,6720,7,2.3019495033319968e8:2.0162904680219683e8:1.2413188638572945e8:1.1423400655500145e8:9.005043199150069e7:3.3210397641497668e7:3.3020473469066657e7:34040.49969823184:29230.36637619705:16583.74402992514:11186.424106158627:10532.4682298615:47.199564466794975:30.935934074167275:21.70347045985318:1.2536930473831072,0.00013807528938929918
5,5,5,-2:0:-5,5:2:0,13440,7,3.0892585604267204e8:2.4209298725828198e8:1.9950108279189205e8:1.77898171438255e8:1.4460441794916913e8:9.142958656917804e7:9.119334343217711e7:43688.0706595496:34850.810580582765:22157.780655974962:20779.129605740734:20217.206117716345:53.79643084962079:39.28443111194925:30.52562898684735:1.3672613836762981,0.00013012679589438373
5,5,5,-1:0:-5,5:1:0,13888,7,3.404469408784859e8:2.6739048692580608e8:2.5646536954565036e8:2.541821223956949e8:2.0399097747925502e8:2.026612905690427e8:1.8933745487153047e8:46114.159176895104:38113.26533654783:32796.943079425655:32787.559022019814:29331.13958391423:55.52187395756835:46.28486099598508:40.91160101909047:1.4502462432080605,0.00012289818681781415
5,5,5,0:0:-5,5:0:0,14336,7,2.75865748965708e8:2.7586574865153825e8:2.758657486515377e8:2.7586555089264905e8:2.75865550892649e8:2.7567101925064844e8:2.756710192506483e8:39122.18748814562:39120.60722143864:39120.60722143839:38873.41043125547:38873.41043125508:51.99158271933327:49.09261291023471:49.092612894078364:1.4811033924738959,0.00011957439638553333
5,5,5,1:0:-5,5:1:0,13888,7,3.404469408784859e8:2.673904869258062e8:2.564653695456504e8:2.541821223956949e8:2.0399097747925502e8:2.0266129056904274e8:1.8933745487153047e8:46114.159176895075:38113.26533654692:32796.94307943121:32787.55902203426:29331.13958391434:55.52187395797271:46.28486099604985:40.91160101907452:1.4502462439387263,0.00012289818681782578
5,5,5,2:0:-5,5:2:0,13440,7,3.0892585604267204e8:2.4209298725828198e8:1.995010827918921e8:1.77898171438255e8:1.4460441794916913e8:9.142958656917804e7:9.119334343217711e7:43688.0706595496:34850.81058058017:22157.780655971637:20779.129605741306:20217.20611770082:53.79643085067474:39.28443111188499:30.525628987254823:1.3672613836927434,0.00013012679589437015
5,5,5,3:0:-5,5:3:0,6720,7,2.3019495033319968e8:2.0162904680219683e8:1.2413188638572943e8:1.1423400655500145e8:9.00504319915007e7:3.3210397641497668e7:3.3020473469066657e7:34040.49969823184:29230.366376194783:16583.744029925136:11186.42410615821:10532.468229856282:47.19956446770426:30.935934074924468:21.703470460544594:1.2536930473666854,0.00013807528938929227
5,5,5,-3:1:-5,5:3:1,3360,7,2.167263017435259e8:1.9396727630383766e8:1.1274640544427122e8:1.0863391368635269e8:7.95144251401923e7:2.803513902937545e7:2.7836465859653432e7:32283.921838867216:28154.381114915683:15797.628947280491:10047.358345644698:9383.249453201704:45.879991083189395:29.617771155845148:20.48958556212025:1.2338834980328637,0.00013940279426235882
5,5,5,-2:1:-5,5:2:1,6720,7,2.9243480975902486e8:2.337753178199675e8:1.8200589814816648e8:1.5533136578014532e8:1.3690472532427242e8:7.27017887706838e7:7.250412607686399e7:41799.52458720733:33718.65172981681:20659.03975386094:18128.911728160318:17581.07095857232:52.568573277029806:37.33433419508541:28.24760184529024:1.3423474982143095,0.000131975514045749
5,5,5,-1:1:-5,5:1:1,10304,7,3.3728884047201097e8:2.589223527008769e8:2.3704938139449582e8:2.290470236466017e8:1.6848463439324522e8:1.5235156912134287e8:1.5139576097850516e8:46363.57064652749:37059.180814107945:27935.065771811034:27930.558306512034:25808.250903192642:55.56317727194478:43.73470137090809:36.54376100496427:1.4210850881615793,0.00012568344238708898
5,5,5,0:1:-5,5:1:0,13888,7,3.404469408784859e8:2.673904869258062e8:2.564653695456504e8:2.5418212239569494e8:2.0399097747925502e8:2.026612905690427e8:1.8933745487153044e8:46114.15917689979:38113.26533654678:32796.94307943381:32787.55902202976:29331.1395839187:55.5218739606555:46.28486099912585:40.91160101644474:1.450246243883928,0.00012289818681783095
5,5,5,1:1:-5,5:1:1,10304,7,3.37288840472011e8:2.5892235270087677e8:2.3704938139449582e8:2.290470236466017e8:1.6848463439324528e8:1.5235156912134305e8:1.5139576097850516e8:46363.57064653161:37059.18081411038:27935.065771798698:27930.558306512597:25808.25090319767:55.56317727123423:43.734701365763364:36.543761009202555:1.421085089840391,0.00012568344238709077
5,5,5,2:1:-5,5:2:1,6720,7,2.9243480975902486e8:2.3377531781996742e8:1.8200589814816657e8:1.553313657801453e8:1.3690472532427236e8:7.27017887706838e7:7.250412607686396e7:41799.52458720638:33718.65172982092:20659.03975386234:18128.911728166:17581.070958575758:52.568573273100554:37.33433420224386:28.247601848653623:1.3423475016573263,0.00013197551404575875
5,5,5,3:1:-5,5:3:1,3360,7,2.1672630174352592e8:1.9396727630383778e8:1.1274640544427119e8:1.0863391368635271e8:7.951442514019229e7:2.803513902937546e7:2.783646585965342e7:32283.921838865866:28154.381114916414:15797.628947283056:10047.358345644512:9383.249453197212:45.87999108397552:29.617771159111147:20.489585561983045:1.233883497445328,0.0001394027942623572
5,5,5,-1:2:-5,5:2:1,6720,7,2.9243480975902486e8:2.337753178199674e8:1.820058981481665e8:1.553313657801453e8:1.369047253242724e8:7.270178877068378e7:7.250412607686396e7:41799.524587204716:33718.65172981611:20659.039753860172:18128.911728158986:17581.07095856952:52.568573273543464:37.334334185669235:28.247601836676605:1.3423474939196278,0.0001319755140457416
5,5,5,0:2:-5,5:2:0,13440,7,3.0892585604267204e8:2.42092987258282e8:1.9950108279189205e8:1.7789817143825507e8:1.4460441794916916e8:9.142958656917807e7:9.119334343217711e7:43688.07065955294:34850.81058058061:22157.78065598227:20779.129605747905:20217.20611770918:53.7964308557035:39.284431102753864:30.52562899591951:1.3672613828987237,0.0001301267958943907
5,5,5,1:2:-5,5:2:1,6720,7,2.9243480975902486e8:2.337753178199675e8:1.820058981481665e8:1.5533136578014523e8:1.369047253242723e8:7.270178877068378e7:7.250412607686399e7:41799.52458720598:33718.65172983138:20659.03975386144:18128.91172815163:17581.070958571137:52.56857327430061:37.33433418846102:28.247601844153383:1.3423474990553663,0.00013197551404575794
5,5,5,-1:3:-5,5:3:1,3360,7,2.1672630174352598e8:1.9396727630383784e8:1.1274640544427128e8:1.0863391368635271e8:7.951442514019231e7:2.8035139029375445e7:2.7836465859653447e7:32283.92183886629:28154.38111491612:15797.628947281979:10047.358345644758:9383.249453203583:45.87999108547813:29.617771156275623:20.489585564264907:1.2338834997636103,0.0001394027942623603
5,5,5,0:3:-5,5:3:0,6720,7,2.3019495033319956e8:2.016290468021968e8:1.2413188638572936e8:1.1423400655500145e8:9.005043199150075e7:3.3210397641497675e7:3.3020473469066665e7:34040.499698231506:29230.36637619406:16583.744029924834:11186.424106155353:10532.468229852937:47.199564467262356:30.935934075973606:21.703470457078865:1.2536930446357906,0.00013807528938928658
5,5,5,1:3:-5,5:3:1,3360,7,2.1672630174352592e8:1.9396727630383766e8:1.127464054442712e8:1.0863391368635271e8:7.951442514019226e7:2.803513902937544e7:2.783646585965344e7:32283.921838867176:28154.38111492141:15797.628947285808:10047.358345641787:9383.249453200564:45.87999108529476:29.617771154391352:20.489585562199206:1.233883498014226,0.00013940279426237132
5,5,5,-1:-3:-4,4:3:1,6720,7,7.525669144515615e8:7.36910529897183e8:3.735830455506205e8:3.190383895527057e8:2.0492442506233513e8:5.909487169937778e7:5.7997002269153014e7:73952.04221808573:69128.02794725276:37094.45067125435:18057.150109925347:16151.909582715316:75.2202657662345:46.36423497594681:29.996991495650207:1.4616368466423584,9.34042090388134e-5
5,5,5,0:-3:-4,4:3:0,13440,7,8.182278907896874e8:7.858143539328458e8:4.119071771566518e8:3.672067925794897e8:2.3977235518049285e8:7.268046556438008e7:7.159802009611191e7:79793.29486862087:73418.7587099773:39823.5932406561:20684.494934377042:18706.166808945873:78.59874547705964:49.176817567743825:32.25836851176175:1.492714162253536,9.224773759378207e-5
5,5,5,1:-3:-4,4:3:1,6720,7,7.525669144515615e8:7.369105298971823e8:3.735830455506205e8:3.190383895527054e8:2.049244250623352e8:5.909487169937777e7:5.7997002269153014e7:73952.04221808954:69128.02794725062:37094.45067125557:18057.150109915732:16151.909582708657:75.2202657572398:46.3642349801426:29.99699149026415:1.4616368444002763,9.340420903881264e-5
5,5,5,-1:-2:-4,4:2:1,13440,7,1.179525164009189e9:1.0055979792323962e9:6.636696543417562e8:5.769724211983751e8:5.001817494808336e8:1.960210566477244e8:1.9515311947459078e8:110412.37938831885:93029.63228386146:53602.99626912084:39026.69253481179:37087.31096012534:94.01545458762222:63.89262786408473:45.31031060236326:1.6380375211738967,8.717446818171874e-5
5,5,5,0:-2:-4,4:2:0,26880,7,1.2961447427432444e9:1.0655095660456405e9:7.71159905241982e8:6.33154088773903e8:6.050466080597851e8:2.65739266482521e8:2.6487410849185997e8:119754.84045389577:98384.66964459192:58323.61907155333:47095.996511025754:45297.40767006859:98.16128437275148:68.74830826792798:50.18415297366405:1.6808982323093637,8.567403219200349e-5
5,5,5,1:-2:-4,4:2:1,13440,7,1.1795251640091894e9:1.005597979232397e9:6.636696543417565e8:5.769724211983752e8:5.001817494808337e8:1.9602105664772433e8:1.9515311947459075e8:110412.37938831635:93029.63228381898:53602.99626910882:39026.69253483191:37087.31096014625:94.01545454665799:63.89262783163781:45.31031061117242:1.6380375052861385,8.717446818170784e-5
5,5,5,-3:-1:-4,4:3:1,6720,7,7.525669144515613e8:7.369105298971828e8:3.7358304555062073e8:3.190383895527057e8:2.0492442506233504e8:5.909487169937778e7:5.7997002269153036e7:73952.04221809084:69128.02794724832:37094.45067126575:18057.150109905888:16151.909582714288:75.22026575076754:46.364234982774605:29.996991484067124:1.4616368560463262,9.340420903881438e-5
5,5,5,-2:-1:-4,4:2:1,13440,7,1.1795251640091894e9:1.0055979792323967e9:6.636696543417568e8:5.769724211983753e8:5.0018174948083353e8:1.9602105664772466e8:1.9515311947459084e8:110412.37938831896:93029.63228384982:53602.99626911455:39026.692534805916:37087.310960141476:94.01545457096823:63.89262784760504:45.31031061390756:1.6380375126406987,8.71744681817153e-5
5,5,5,-1:-1:-4,4:1:1,20608,7,1.5384166444742126e9:1.1890758434221263e9:1.0278147855637807e9:9.519408689899701e8:7.288780390295303e8:5.400927894316199e8:5.385279575293165e8:137486.08782677192:109132.66139155171:73066.00332234836:71896.52079858186:69364.30369936032:105.65133169427064:80.52910758488154:63.824585815599306:1.7769183794823245,8.20270925152986e-5
5,5,5,0:-1:-4,4:1:0,27776,7,1.6238252033592002e9:1.2519779960221133e9:1.1704858200059578e9:1.1456402004690151e9:8.511245277043347e8:8.20858659500716e8:8.081129705385798e8:141607.67994320294:114292.7799613854:91357.37526388306:91307.17621264272:82709.30191279623:107.54549666454976:87.74362657776022:74.350274533942:1.8310645981124503,7.960467795063959e-5
5,5,5,1:-1:-4,4:1:1,20608,7,1.5384166444742131e9:1.1890758434221263e9:1.0278147855637804e9:9.519408689899701e8:7.288780390295303e8:5.4009278943162e8:5.385279575293165e8:137486.08782678237:109132.66139162435:73066.00332236779:71896.52079850115:69364.30369937884:105.65133156132543:80.52910761175737:63.82458586471116:1.7769183805673878,8.202709251530972e-5
5,5,5,2:-1:-4,4:2:1,13440,7,1.1795251640091891e9:1.0055979792323966e9:6.636696543417561e8:5.769724211983751e8:5.001817494808337e8:1.9602105664772433e8:1.9515311947459075e8:110412.37938831875:93029.63228380129:53602.9962691159:39026.69253484177:37087.31096014981:94.01545456858075:63.89262785037345:45.31031064361087:1.6380375176606081,8.71744681817063e-5
5,5,5,3:-1:-4,4:3:1,6720,7,7.525669144515615e8:7.369105298971826e8:3.7358304555062073e8:3.190383895527055e8:2.0492442506233513e8:5.909487169937777e7:5.799700226915299e7:73952.04221809219:69128.02794724608:37094.45067125627:18057.150109909613:16151.909582711902:75.22026575279068:46.36423498776737:29.99699148038128:1.4616368506788389,9.340420903881148e-5
5,5,5,-3:0:-4,4:3:0,13440,7,8.182278907896874e8:7.858143539328461e8:4.11907177156652e8:3.6720679257948977e8:2.3977235518049282e8:7.26804655643801e7:7.15980200961119e7:79793.2948686206:73418.7587099702:39823.59324065649:20684.494934369854:18706.166808947484:78.59874547319711:49.1768175676086:32.258368515814674:1.4927141590508843,9.224773759377784e-5
5,5,5,-2:0:-4,4:2:0,26880,7,1.2961447427432444e9:1.0655095660456405e9:7.711599052419819e8:6.331540887739029e8:6.050466080597854e8:2.6573926648252112e8:2.6487410849186003e8:119754.8404538982:98384.66964457513:58323.619071574445:47095.99651103977:45297.40767009548:98.16128433957134:68.74830824949984:50.18415303570505:1.6808982198030376,8.567403219200821e-5
5,5,5,-1:0:-4,4:1:0,27776,7,1.6238252033592002e9:1.2519779960221128e9:1.1704858200059576e9:1.1456402004690151e9:8.511245277043346e8:8.208586595007163e8:8.081129705385798e8:141607.67994319013:114292.77996138993:91357.37526388535:91307.17621267829:82709.30191276043:107.54549666348525:87.7436266017527:74.35027451993508:1.8310645893614732,7.960467795063845e-5
5,5,5,0:0:-4,4:0:0,28672,7,1.315095874058362e9:1.3150958736658506e9:1.3150958736658492e9:1.3150954875162191e9:1.3150954875162184e9:1.3145018541843796e9:1.3145018541843793e9:119147.01603554639:119145.04597692686:119145.04597692606:118662.36039640567:118662.36039639953:99.6932898222609:96.1028589592263:96.10285882616137:1.8901358642262336,7.645549003291938e-5
5,5,5,1:0:-4,4:1:0,27776,7,1.6238252033592002e9:1.2519779960221128e9:1.170485820005958e9:1.1456402004690151e9:8.511245277043346e8:8.208586595007157e8:8.081129705385798e8:141607.67994319016:114292.77996138332:91357.37526387467:91307.17621263937:82709.30191275959:107.5454966637973:87.74362660213178:74.35027452126795:1.8310645897817557,7.960467795063094e-5
5,5,5,2:0:-4,4:2:0,26880,7,1.2961447427432444e9:1.06550956604564e9:7.71159905241982e8:6.33154088773903e8:6.050466080597852e8:2.6573926648252112e8:2.6487410849186003e8:119754.84045389818:98384.66964457787:58323.619071573805:47095.99651104615:45297.407670072374:98.16128434190894:68.74830824895056:50.18415304004727:1.6808982195764444,8.567403219200684e-5
5,5,5,3:0:-4,4:3:0,13440,7,8.182278907896875e8:7.85814353932846e8:4.1190717715665174e8:3.6720679257948965e8:2.3977235518049288e8:7.268046556438008e7:7.159802009611188e7:79793.29486862056:73418.7587099696:39823.593240656475:20684.494934373455:18706.166808944912:78.59874547077067:49.17681756787512:32.25836851584319:1.4927141591037791,9.224773759377771e-5
5,5,5,-3:1:-4,4:3:1,6720,7,7.525669144515613e8:7.369105298971828e8:3.7358304555062073e8:3.190383895527057e8:2.0492442506233504e8:5.909487169937778e7:5.7997002269153036e7:73952.04221809084:69128.02794724832:37094.45067126575:18057.150109905888:16151.909582714288:75.22026575076754:46.364234982774605:29.996991484067124:1.4616368560463262,9.340420903881438e-5
5,5,5,-2:1:-4,4:2:1,13440,7,1.1795251640091894e9:1.0055979792323967e9:6.636696543417568e8:5.769724211983753e8:5.0018174948083353e8:1.9602105664772466e8:1.9515311947459084e8:110412.37938831896:93029.63228384982:53602.99626911455:39026.692534805916:37087.310960141476:94.01545457096823:63.89262784760504:45.31031061390756:1.6380375126406987,8.71744681817153e-5
5,5,5,-1:1:-4,4:1:1,20608,7,1.5384166444742126e9:1.1890758434221263e9:1.0278147855637807e9:9.519408689899701e8:7.288780390295303e8:5.400927894316199e8:5.385279575293165e8:137486.08782677192:109132.66139155171:73066.00332234836:71896.52079858186:69364.30369936032:105.65133169427064:80.52910758488154:63.824585815599306:1.7769183794823245,8.20270925152986e-5
5,5,5,0:1:-4,4:1:0,27776,7,1.6238252033592002e9:1.2519779960221133e9:1.1704858200059578e9:1.1456402004690151e9:8.511245277043347e8:8.20858659500716e8:8.081129705385798e8:141607.67994320294:114292.7799613854:91357.37526388306:91307.17621264272:82709.30191279623:107.54549666454976:87.74362657776022:74.350274533942:1.8310645981124503,7.960467795063959e-5
5,5,5,1:1:-4,4:1:1,20608,7,1.5384166444742131e9:1.1890758434221263e9:1.0278147855637804e9:9.519408689899701e8:7.288780390295303e8:5.4009278943162e8:5.385279575293165e8:137486.08782678237:109132.66139162435:73066.00332236779:71896.52079850115:69364.30369937884:105.65133156132543:80.52910761175737:63.82458586471116:1.7769183805673878,8.202709251530972e-5
5,5,5,2:1:-4,4:2:1,13440,7,1.1795251640091891e9:1.0055979792323966e9:6.636696543417561e8:5.769724211983751e8:5.001817494808337e8:1.9602105664772433e8:1.9515311947459075e8:110412.37938831875:93029.63228380129:53602.9962691159:39026.69253484177:37087.31096014981:94.01545456858075:63.89262785037345:45.31031064361087:1.6380375176606081,8.71744681817063e-5
5,5,5,3:1:-4,4:3:1,6720,7,7.525669144515615e8:7.369105298971826e8:3.7358304555062073e8:3.190383895527055e8:2.0492442506233513e8:5.909487169937777e7:5.799700226915299e7:73952.04221809219:69128.02794724608:37094.45067125627:18057.150109909613:16151.909582711902:75.22026575279068:46.36423498776737:29.99699148038128:1.4616368506788389,9.340420903881148e-5
5,5,5,-1:2:-4,4:2:1,13440,7,1.179525164009189e9:1.0055979792323962e9:6.636696543417562e8:5.769724211983751e8:5.001817494808336e8:1.960210566477244e8:1.9515311947459078e8:110412.37938831885:93029.63228386146:53602.99626912084:39026.69253481179:37087.31096012534:94.01545458762222:63.89262786408473:45.31031060236326:1.6380375211738967,8.717446818171874e-5
5,5,5,0:2:-4,4:2:0,26880,7,1.2961447427432444e9:1.0655095660456405e9:7.71159905241982e8:6.33154088773903e8:6.050466080597851e8:2.65739266482521e8:2.6487410849185997e8:119754.84045389577:98384.66964459192:58323.61907155333:47095.996511025754:45297.40767006859:98.16128437275148:68.74830826792798:50.18415297366405:1.6808982323093637,8.567403219200349e-5
5,5,5,1:2:-4,4:2:1,13440,7,1.1795251640091894e9:1.005597979232397e9:6.636696543417565e8:5.769724211983752e8:5.001817494808337e8:1.9602105664772433e8:1.9515311947459075e8:110412.37938831635:93029.63228381898:53602.99626910882:39026.69253483191:37087.31096014625:94.01545454665799:63.89262783163781:45.31031061117242:1.6380375052861385,8.717446818170784e-5
5,5,5,-1:3:-4,4:3:1,6720,7,7.525669144515615e8:7.36910529897183e8:3.735830455506205e8:3.190383895527057e8:2.0492442506233513e8:5.909487169937778e7:5.7997002269153014e7:73952.04221808573:69128.02794725276:37094.45067125435:18057.150109925347:16151.909582715316:75.2202657662345:46.36423497594681:29.996991495650207:1.4616368466423584,9.34042090388134e-5
5,5,5,0:3:-4,4:3:0,13440,7,8.182278907896874e8:7.858143539328458e8:4.119071771566518e8:3.672067925794897e8:2.3977235518049285e8:7.268046556438008e7:7.159802009611191e7:79793.29486862087:73418.7587099773:39823.5932406561:20684.494934377042:18706.166808945873:78.59874547705964:49.176817567743825:32.25836851176175:1.492714162253536,9.224773759378207e-5
5,5,5,1:3:-4,4:3:1,6720,7,7.525669144515615e8:7.369105298971823e8:3.735830455506205e8:3.190383895527054e8:2.049244250623352e8:5.909487169937777e7:5.7997002269153014e7:73952.04221808954:69128.02794725062:37094.45067125557:18057.150109915732:16151.909582708657:75.2202657572398:46.3642349801426:29.99699149026415:1.4616368444002763,9.340420903881264e-5
5,5,5,-1:-5:-3,5:3:1,3360,7,6.892732990882567e8:6.674850724105202e8:1.4531919544979155e8:9.617205301441365e7:6.4328328095096074e7:9.243760944294607e6:8.347843558010139e6:55517.589685192375:52248.8123995228:20064.890028950456:5400.656299451387:4289.309684600155:57.023594704381665:29.707911794136894:16.285047573833847:1.2515830056156327,8.096527148306366e-5
5,5,5,0:-5:-3,5:3:0,6720,7,7.490832819732195e8:7.2422028556735e8:1.6073326615210477e8:1.068652276273788e8:7.154961340114917e7:1.0377652749532385e7:9.383839518982291e6:58979.6938450747:55709.159687550935:21625.138183645446:5854.958321787463:4654.463456551395:59.324149327938:31.030103990751314:17.05827346752197:1.2716436328537255,7.936196220722418e-5
5,5,5,1:-5:-3,5:3:1,3360,7,6.892732990882577e8:6.674850724105207e8:1.4531919544979158e8:9.617205301441376e7:6.432832809509608e7:9.2437609442946e6:8.347843558010127e6:55517.58968519247:52248.81239952258:20064.89002895376:5400.656299452313:4289.309684607126:57.02359471451083:29.707911791931046:16.285047573617494:1.251583003005077,8.096527148306481e-5
5,5,5,-1:-4:-3,4:3:1,6720,7,1.5630728044384298e9:1.492403230133081e9:4.129300292038237e8:2.853149597610527e8:1.8917367212371683e8:3.1145592663261093e7:2.8656453978525832e7:101747.48453057889:99230.18078443472:42897.98985708636:12565.764564274856:10144.388008651125:85.20567203230978:46.42596336422594:26.341555445826828:1.4707010503749636,6.705261527913998e-5
5,5,5,0:-4:-3,4:3:0,13440,7,1.729974536825099e9:1.6499601340469406e9:4.746727294450926e8:3.296921414245894e8:2.1762422566024184e8:3.6761471864761494e7:3.3940092157074146e7:109959.04320687246:107656.19668373716:47320.72796804775:14091.011152801351:11415.956310420785:89.76702804930406:49.24230275483272:28.09597647168721:1.5019533258593576,6.560320072308289e-5
5,5,5,1:-4:-3,4:3:1,6720,7,1.5630728044384289e9:1.4924032301330805e9:4.129300292038236e8:2.853149597610528e8:1.8917367212371674e8:3.1145592663261034e7:2.8656453978525836e7:101747.48453057613:99230.18078443558:42897.98985709377:12565.764564271012:10144.388008664691:85.20567199991166:46.425963367061726:26.34155544529504:1.4707010362159967,6.705261527914065e-5
5,5,5,-3:-3:-3,3:3:3,3375,7,1.4153940417992427e9:1.3531569490483024e9:3.6119958587691456e8:2.483211995005154e8:1.6523624305725738e8:2.6590042754004464e7:2.4389550121092238e7:94380.39368319216:91673.59254291626:39007.56676324734:11263.012668357029:9065.037519983916:81.01744445009525:43.868004573766925:24.763303500074812:1.4411669565141279,6.852655927289483e-5
5,5,5,-2:-3:-3,3:3:2,6750,7,2.3766318255573316e9:2.2644348977221293e9:7.475706014591689e8:5.2899124383611447e8:3.427125053351748e8:6.3831509456498705e7:5.969183539331958e7:141181.9257109333:139510.51918404098:64747.769624410146:20601.851069659682:16933.44949683626:106.19583037163096:59.66183570500281:34.742054573506465:1.6079184434114075,6.14279543742472e-5
5,5,5,-1:-3:-3,3:3:1,13695,7,3.3252715475398254e9:3.189741293040519e9:1.2473932529383974e9:9.117032788337692e8:5.772865695173385e8:1.2338506479047787e8:1.1738162864217725e8:187376.18797724578:185104.67283081348:91180.15694566983:32313.690523356127:27178.65179482467:128.18393504690113:74.3502622173625:44.54324628351434:1.7376076410862986,5.7565949860447196e-5
5,5,5,0:-3:-3,3:3:0,20640,7,3.730986064484617e9:3.6004231810995893e9:1.4969723133508952e9:1.1144160860743856e9:7.014907726548351e8:1.5871374188667136e8:1.5200993106485245e8:207956.96043841375:204488.84980335782:102783.33748089256:38328.4774714677:32577.158561992248:137.17911624548668:80.63648226682152:48.901040711192415:1.787767082363829,5.635526542285132e-5
5,5,5,1:-3:-3,3:3:1,13695,7,3.325271547539823e9:3.1897412930405188e9:1.2473932529383965e9:9.117032788337688e8:5.772865695173384e8:1.2338506479047792e8:1.173816286421771e8:187376.18797723795:185104.6728308205:91180.15694559671:32313.69052337663:27178.651794890688:128.1839350803697:74.3502621815727:44.54324631711779:1.7376076347804554,5.7565949860444045e-5
5,5,5,2:-3:-3,3:3:2,6750,7,2.3766318255573316e9:2.264434897722128e9:7.47570601459169e8:5.289912438361145e8:3.427125053351749e8:6.383150945649855e7:5.969183539331954e7:141181.9257109335:139510.51918405516:64747.76962447054:20601.85106967278:16933.449496755056:106.19583036950891:59.661835718231934:34.74205454394371:1.6079184419946577,6.14279543742539e-5
5,5,5,3:-3:-3,3:3:3,3375,7,1.4153940417992435e9:1.3531569490483024e9:3.6119958587691456e8:2.483211995005154e8:1.6523624305725738e8:2.659004275400448e7:2.4389550121092238e7:94380.39368319238:91673.59254292242:39007.56676326461:11263.0126683633:9065.037519980882:81.01744444295724:43.86800459557023:24.763303521977083:1.4411669498536244,6.85265592728995e-5
5,5,5,-3:-2:-3,3:3:2,6750,7,2.3766318255573325e9:2.264434897722129e9:7.475706014591694e8:5.289912438361149e8:3.4271250533517486e8:6.383150945649856e7:5.969183539331962e7:141181.9257109337:139510.5191840485:64747.76962445974:20601.851069653894:16933.44949676368:106.19583035349582:59.661835712209886:34.74205457614073:1.6079184366818142,6.14279543742513e-5
5,5,5,-2:-2:-3,3:2:2,13500,7,4.1901503905614e9:4.0816752195365224e9:1.8034957192905798e9:1.3772988451193657e9:8.645630424116448e8:2.0838486064810356e8:2.0100953224248347e8:232234.91948239502:226468.51674489674:116118.1494917162:46055.665064722554:39629.37353508417:147.2083567209578:87.86064258662404:54.0369957777591:1.842221623585479,5.51797946920597e-5
5,5,5,-1:-2:-3,3:2:1,20670,7,6.187101982141132e9:5.927659841466194e9:3.1179734083461676e9:2.7944797564906793e9:1.8284874816387968e9:5.575469209996097e8:5.49457385052506e8:338560.4240370531:311041.59831475606:168859.522617419:88516.07714730332:80106.15466216611:184.92172148329993:117.58664174708701:76.77777268999974:2.038743746520914,5.174754064001766e-5
5,5,5,0:-2:-3,3:2:0,27840,7,7.244949849232101e9:6.629473512748302e9:3.658249202267698e9:3.621058391107085e9:2.485650021477183e9:8.376856500987769e8:8.302293393148308e8:390162.5444523882:346033.76558905013:191955.3073360069:115246.39191744315:106567.78113651203:200.41588595394552:131.42029606517406:88.38731415338842:2.1187321047258996,5.0548145166359644e-5
5,5,5,1:-2:-3,3:2:1,20670,7,6.18710198214113e9:5.927659841466196e9:3.117973408346169e9:2.794479756490678e9:1.8284874816387975e9:5.575469209996108e8:5.49457385052505e8:338560.42403706606:311041.5983148675:168859.52261756014:88516.07714737006:80106.15466208568:184.9217214715063:117.58664170618871:76.77777277391557:2.038743729513455,5.174754064003036e-5
5,5,5,2:-2:-3,3:2:2,13500,7,4.1901503905613995e9:4.0816752195365233e9:1.8034957192905798e9:1.3772988451193652e9:8.645630424116442e8:2.0838486064810365e8:2.0100953224248347e8:232234.91948239095:226468.5167447978:116118.1494917043:46055.66506462854:39629.37353508297:147.20835673966906:87.86064250490298:54.03699572888228:1.8422216178227686,5.5179794692046565e-5
5,5,5,3:-2:-3,3:3:2,6750,7,2.3766318255573325e9:2.2644348977221293e9:7.475706014591691e8:5.28991243836115e8:3.4271250533517474e8:6.383150945649852e7:5.9691835393319644e7:141181.92571092944:139510.51918407035:64747.769624359724:20601.851069637214:16933.449496750694:106.19583032603347:59.661835726823746:34.74205458100564:1.607918429755865,6.142795437424495e-5
5,5,5,-5:-1:-3,5:3:1,3360,7,6.89273299088257e8:6.674850724105207e8:1.4531919544979155e8:9.617205301441365e7:6.432832809509605e7:9.243760944294618e6:8.347843558010122e6:55517.58968519199:52248.812399523755:20064.890028952996:5400.656299451684:4289.30968460928:57.02359470841315:29.707911792289117:16.285047567855685:1.2515830092515263,8.096527148306518e-5
5,5,5,-4:-1:-3,4:3:1,6720,7,1.5630728044384298e9:1.4924032301330807e9:4.1293002920382375e8:2.853149597610527e8:1.8917367212371686e8:3.114559266326115e7:2.865645397852584e7:101747.4845305793:99230.18078443588:42897.9898570872:12565.764564269699:10144.388008655778:85.20567202053067:46.425963359785364:26.341555427972146:1.470701041862425,6.70526152791405e-5
5,5,5,-3:-1:-3,3:3:1,13695,7,3.325271547539824e9:3.189741293040518e9:1.2473932529383974e9:9.117032788337688e8:5.772865695173393e8:1.2338506479047796e8:1.1738162864217725e8:187376.18797723835:185104.67283077413:91180.15694566317:32313.690523402933:27178.65179483591:128.1839350116446:74.35026227563586:44.54324631650632:1.737607638868643,5.756594986044182e-5
5,5,5,-2:-1:-3,3:2:1,20670,7,6.187101982141133e9:5.927659841466194e9:3.1179734083461666e9:2.79447975649068e9:1.8284874816387978e9:5.575469209996101e8:5.494573850525056e8:338560.4240370397:311041.59831489495:168859.52261746977:88516.07714742507:80106.15466209479:184.9217215363974:117.58664179841077:76.77777267220674:2.0387437331143023,5.174754064002831e-5
5,5,5,-1:-1:-3,3:1:1,24719,7,1.0113686808539673e10:8.183616707680701e9:6.169562615257444e9:5.148843284421952e9:4.745669635586686e9:2.301227769226112e9:2.2945120296816015e9:521677.50438832253:424096.88595420495:255535.20625553522:216769.2097567544:209443.41667104687:234.69483590857288:168.86642235797763:124.32488572101339:2.309909566375271,4.773345835005416e-5
5,5,5,0:-1:-3,3:1:0,28768,7,1.1703505691598412e10:9.01065768024589e9:7.932376415301251e9:7.451391025180274e9:5.602035758920214e9:4.421946258368745e9:4.407383913294532e9:584684.4182836687:464101.8155591216:320893.0354615596:319002.8743770572:304047.852122121:249.71479046616352:194.83176331317156:155.35968982144072:2.426128714324109,4.5820048632830515e-5
5,5,5,1:-1:-3,3:1:1,24719,7,1.011368680853967e10:8.183616707680704e9:6.1695626152574415e9:5.148843284421951e9:4.745669635586687e9:2.3012277692261124e9:2.294512029681601e9:521677.5043882951:424096.8859542674:255535.206255452:216769.20975692352:209443.416671188:234.6948358599574:168.86642200235784:124.3248859895123:2.3099094911241878,4.773345835005864e-5
5,5,5,2:-1:-3,3:2:1,20670,7,6.187101982141129e9:5.927659841466193e9:3.117973408346168e9:2.794479756490679e9:1.8284874816387968e9:5.575469209996098e8:5.494573850525054e8:338560.4240370361:311041.59831479524:168859.5226174784:88516.07714749365:80106.15466212665:184.92172148058017:117.58664175292624:76.77777263037399:2.0387437338473857,5.174754064002382e-5
5,5,5,3:-1:-3,3:3:1,13695,7,3.325271547539824e9:3.1897412930405188e9:1.2473932529383967e9:9.117032788337688e8:5.772865695173384e8:1.2338506479047775e8:1.1738162864217725e8:187376.18797724965:185104.67283080454:91180.15694570742:32313.690523349524:27178.651794800306:128.18393505378003:74.35026217719086:44.543246377887804:1.7376076280787107,5.756594986044838e-5
5,5,5,4:-1:-3,4:3:1,6720,7,1.56307280443843e9:1.4924032301330805e9:4.129300292038236e8:2.8531495976105285e8:1.8917367212371686e8:3.114559266326109e7:2.865645397852584e7:101747.4845305764:99230.18078443652:42897.98985708405:12565.764564265754:10144.388008650678:85.20567201185727:46.425963361498106:26.34155541863742:1.4707010533536262,6.70526152791391e-5
5,5,5,5:-1:-3,5:3:1,3360,7,6.89273299088257e8:6.674850724105203e8:1.4531919544979158e8:9.617205301441365e7:6.432832809509607e7:9.243760944294607e6:8.347843558010135e6:55517.58968519207:52248.81239952191:20064.890028954393:5400.656299452443:4289.309684605818:57.0235947106679:29.707911776830898:16.28504757269494:1.2515830045815926,8.096527148306421e-5
5,5,5,-5:0:-3,5:3:0,6720,7,7.490832819732196e8:7.242202855673504e8:1.6073326615210465e8:1.0686522762737879e8:7.154961340114915e7:1.037765274953239e7:9.383839518982293e6:58979.69384507406:55709.15968755168:21625.13818364357:5854.958321770509:4654.46345655271:59.32414932511331:31.030103993131966:17.0582734651098:1.271643633032357,7.936196220722269e-5
5,5,5,-4:0:-3,4:3:0,13440,7,1.7299745368250992e9:1.6499601340469406e9:4.746727294450924e8:3.2969214142458946e8:2.1762422566024193e8:3.676147186476148e7:3.394009215707416e7:109959.04320687262:107656.19668373637:47320.72796804734:14091.011152816647:11415.956310417154:89.76702804882872:49.24230275202378:28.095976482544426:1.5019533260319584,6.560320072308311e-5
5,5,5,-3:0:-3,3:3:0,20640,7,3.7309860644846168e9:3.600423181099589e9:1.496972313350895e9:1.114416086074386e9:7.014907726548352e8:1.5871374188667136e8:1.5200993106485236e8:207956.9604384099:204488.8498033946:102783.33748087856:38328.47747146849:32577.15856205535:137.17911624967343:80.63648227483075:48.901040736147216:1.7877670831474861,5.635526542285556e-5
5,5,5,-2:0:-3,3:2:0,27840,7,7.244949849232102e9:6.629473512748306e9:3.658249202267698e9:3.621058391107087e9:2.485650021477183e9:8.376856500987767e8:8.30229339314831e8:390162.54445238947:346033.7655889903:191955.30733602672:115246.39191747118:106567.78113649695:200.4158857913807:131.4202961221044:88.38731425866567:2.118732106094949,5.0548145166357394e-5
5,5,5,-1:0:-3,3:1:0,28768,7,1.1703505691598412e10:9.010657680245892e9:7.93237641530125e9:7.451391025180273e9:5.602035758920213e9:4.421946258368747e9:4.407383913294531e9:584684.4182837748:464101.8155589596:320893.0354614062:319002.8743770301:304047.85212223104:249.71479090239524:194.83176301558868:155.359689766336:2.426128692504779,4.582004863282851e-5
5,5,5,0:0:-3,3:0:0,29696,7,9.850146817680416e9:9.850146817157282e9:9.850146817157269e9:9.850145902020561e9:9.850145902020557e9:9.847644434822542e9:9.847644434822538e9:501287.5276596386:501284.9063464754:501284.90634647274:500140.9865446673:500140.9865446044:232.95611861148228:228.20409330988704:228.20409253415662:2.561035489693722,4.297477312710208e-5
5,5,5,1:0:-3,3:1:0,28768,7,1.1703505691598412e10:9.01065768024589e9:7.9323764153012495e9:7.451391025180273e9:5.602035758920213e9:4.421946258368746e9:4.407383913294531e9:584684.418283775:464101.8155590797:320893.035461614:319002.8743770936:304047.8521222858:249.71479089648346:194.831763006297:155.3596897542163:2.4261286916376568,4.582004863283707e-5
5,5,5,2:0:-3,3:2:0,27840,7,7.244949849232102e9:6.6294735127483015e9:3.658249202267699e9:3.621058391107086e9:2.485650021477183e9:8.376856500987766e8:8.302293393148314e8:390162.5444523895:346033.7655890358:191955.30733602654:115246.3919174553:106567.78113650034:200.41588580359024:131.42029614249924:88.38731426368007:2.1187321083734267,5.0548145166359576e-5
5,5,5,3:0:-3,3:3:0,20640,7,3.730986064484619e9:3.6004231810995893e9:1.4969723133508956e9:1.114416086074386e9:7.01490772654835e8:1.5871374188667142e8:1.5200993106485245e8:207956.96043840866:204488.84980337936:102783.337480875:38328.47747148609:32577.15856203016:137.1791162471884:80.63648225097496:48.90104072213118:1.787767082864479,5.63552654228533e-5
5,5,5,4:0:-3,4:3:0,13440,7,1.7299745368250995e9:1.6499601340469406e9:4.746727294450926e8:3.296921414245894e8:2.176242256602419e8:3.676147186476148e7:3.394009215707416e7:109959.04320687267:107656.1966837395:47320.7279680489:14091.011152804498:11415.956310421849:89.76702804764653:49.2423027539972:28.09597648089022:1.5019533262273508,6.560320072308384e-5
5,5,5,5:0:-3,5:3:0,6720,7,7.490832819732193e8:7.242202855673503e8:1.6073326615210474e8:1.068652276273789e8:7.154961340114914e7:1.037765274953238e7:9.383839518982295e6:58979.69384507417:55709.15968755533:21625.138183634615:5854.958321763575:4654.463456553592:59.32414932513713:31.030103987717233:17.058273465139344:1.2716436331088554,7.93619622072225e-5
5,5,5,-5:1:-3,5:3:1,3360,7,6.89273299088257e8:6.674850724105207e8:1.4531919544979155e8:9.617205301441365e7:6.432832809509605e7:9.243760944294618e6:8.347843558010122e6:55517.58968519199:52248.812399523755:20064.890028952996:5400.656299451684:4289.30968460928:57.02359470841315:29.707911792289117:16.285047567855685:1.2515830092515263,8.096527148306518e-5
5,5,5,-4:1:-3,4:3:1,6720,7,1.5630728044384298e9:1.4924032301330807e9:4.1293002920382375e8:2.853149597610527e8:1.8917367212371686e8:3.114559266326115e7:2.865645397852584e7:101747.4845305793:99230.18078443588:42897.9898570872:12565.764564269699:10144.388008655778:85.20567202053067:46.425963359785364:26.341555427972146:1.470701041862425,6.70526152791405e-5
5,5,5,-3:1:-3,3:3:1,13695,7,3.325271547539824e9:3.189741293040518e9:1.2473932529383974e9:9.117032788337688e8:5.772865695173393e8:1.2338506479047796e8:1.1738162864217725e8:187376.18797723835:185104.67283077413:91180.15694566317:32313.690523402933:27178.65179483591:128.1839350116446:74.35026227563586:44.54324631650632:1.737607638868643,5.756594986044182e-5
5,5,5,-2:1:-3,3:2:1,20670,7,6.187101982141133e9:5.927659841466194e9:3.1179734083461666e9:2.79447975649068e9:1.8284874816387978e9:5.575469209996101e8:5.494573850525056e8:338560.4240370397:311041.59831489495:168859.52261746977:88516.07714742507:80106.15466209479:184.9217215363974:117.58664179841077:76.77777267220674:2.0387437331143023,5.174754064002831e-5
5,5,5,-1:1:-3,3:1:1,24719,7,1.0113686808539673e10:8.183616707680701e9:6.169562615257444e9:5.148843284421952e9:4.745669635586686e9:2.301227769226112e9:2.2945120296816015e9:521677.50438832253:424096.88595420495:255535.20625553522:216769.2097567544:209443.41667104687:234.69483590857288:168.86642235797763:124.32488572101339:2.309909566375271,4.773345835005416e-5
5,5,5,0:1:-3,3:1:0,28768,7,1.1703505691598412e10:9.01065768024589e9:7.932376415301251e9:7.451391025180274e9:5.602035758920214e9:4.421946258368745e9:4.407383913294532e9:584684.4182836687:464101.8155591216:320893.0354615596:319002.8743770572:304047.852122121:249.71479046616352:194.83176331317156:155.35968982144072:2.426128714324109,4.5820048632830515e-5
5,5,5,1:1:-3,3:1:1,24719,7,1.011368680853967e10:8.183616707680704e9:6.1695626152574415e9:5.148843284421951e9:4.745669635586687e9:2.3012277692261124e9:2.294512029681601e9:521677.5043882951:424096.8859542674:255535.206255452:216769.20975692352:209443.416671188:234.6948358599574:168.86642200235784:124.3248859895123:2.3099094911241878,4.773345835005864e-5
5,5,5,2:1:-3,3:2:1,20670,7,6.187101982141129e9:5.927659841466193e9:3.117973408346168e9:2.794479756490679e9:1.8284874816387968e9:5.575469209996098e8:5.494573850525054e8:338560.4240370361:311041.59831479524:168859.5226174784:88516.07714749365:80106.15466212665:184.92172148058017:117.58664175292624:76.77777263037399:2.0387437338473857,5.174754064002382e-5
5,5,5,3:1:-3,3:3:1,13695,7,3.325271547539824e9:3.1897412930405188e9:1.2473932529383967e9:9.117032788337688e8:5.772865695173384e8:1.2338506479047775e8:1.1738162864217725e8:187376.18797724965:185104.67283080454:91180.15694570742:32313.690523349524:27178.651794800306:128.18393505378003:74.35026217719086:44.543246377887804:1.7376076280787107,5.756594986044838e-5
5,5,5,4:1:-3,4:3:1,6720,7,1.56307280443843e9:1.4924032301330805e9:4.129300292038236e8:2.8531495976105285e8:1.8917367212371686e8:3.114559266326109e7:2.865645397852584e7:101747.4845305764:99230.18078443652:42897.98985708405:12565.764564265754:10144.388008650678:85.20567201185727:46.425963361498106:26.34155541863742:1.4707010533536262,6.70526152791391e-5
5,5,5,5:1:-3,5:3:1,3360,7,6.89273299088257e8:6.674850724105203e8:1.4531919544979158e8:9.617205301441365e7:6.432832809509607e7:9.243760944294607e6:8.347843558010135e6:55517.58968519207:52248.81239952191:20064.890028954393:5400.656299452443:4289.309684605818:57.0235947106679:29.707911776830898:16.28504757269494:1.2515830045815926,8.096527148306421e-5
5,5,5,-3:2:-3,3:3:2,6750,7,2.3766318255573325e9:2.264434897722129e9:7.475706014591694e8:5.289912438361149e8:3.4271250533517486e8:6.383150945649856e7:5.969183539331962e7:141181.9257109337:139510.5191840485:64747.76962445974:20601.851069653894:16933.44949676368:106.19583035349582:59.661835712209886:34.74205457614073:1.6079184366818142,6.14279543742513e-5
5,5,5,-2:2:-3,3:2:2,13500,7,4.1901503905614e9:4.0816752195365224e9:1.8034957192905798e9:1.3772988451193657e9:8.645630424116448e8:2.0838486064810356e8:2.0100953224248347e8:232234.91948239502:226468.51674489674:116118.1494917162:46055.665064722554:39629.37353508417:147.2083567209578:87.86064258662404:54.0369957777591:1.842221623585479,5.51797946920597e-5
5,5,5,-1:2:-3,3:2:1,20670,7,6.187101982141132e9:5.927659841466194e9:3.1179734083461676e9:2.7944797564906793e9:1.8284874816387968e9:5.575469209996097e8:5.49457385052506e8:338560.4240370531:311041.59831475606:168859.522617419:88516.07714730332:80106.15466216611:184.92172148329993:117.58664174708701:76.77777268999974:2.038743746520914,5.174754064001766e-5
5,5,5,0:2:-3,3:2:0,27840,7,7.244949849232101e9:6.629473512748302e9:3.658249202267698e9:3.621058391107085e9:2.485650021477183e9:8.376856500987769e8:8.302293393148308e8:390162.5444523882:346033.76558905013:191955.3073360069:115246.39191744315:106567.78113651203:200.41588595394552:131.42029606517406:88.38731415338842:2.1187321047258996,5.0548145166359644e-5
5,5,5,1:2:-3,3:2:1,20670,7,6.18710198214113e9:5.927659841466196e9:3.117973408346169e9:2.794479756490678e9:1.8284874816387975e9:5.575469209996108e8:5.49457385052505e8:338560.42403706606:311041.5983148675:168859.52261756014:88516.07714737006:80106.15466208568:184.9217214715063:117.58664170618871:76.77777277391557:2.038743729513455,5.174754064003036e-5
5,5,5,2:2:-3,3:2:2,13500,7,4.1901503905613995e9:4.0816752195365233e9:1.8034957192905798e9:1.3772988451193652e9:8.645630424116442e8:2.0838486064810365e8:2.0100953224248347e8:232234.91948239095:226468.5167447978:116118.1494917043:46055.66506462854:39629.37353508297:147.20835673966906:87.86064250490298:54.03699572888228:1.8422216178227686,5.5179794692046565e-5
5,5,5,3:2:-3,3:3:2,6750,7,2.3766318255573325e9:2.2644348977221293e9:7.475706014591691e8:5.28991243836115e8:3.4271250533517474e8:6.383150945649852e7:5.9691835393319644e7:141181.92571092944:139510.51918407035:64747.769624359724:20601.851069637214:16933.449496750694:106.19583032603347:59.661835726823746:34.74205458100564:1.607918429755865,6.142795437424495e-5
5,5,5,-3:3:-3,3:3:3,3375,7,1.4153940417992427e9:1.3531569490483024e9:3.6119958587691456e8:2.483211995005154e8:1.6523624305725738e8:2.6590042754004464e7:2.4389550121092238e7:94380.39368319216:91673.59254291626:39007.56676324734:11263.012668357029:9065.037519983916:81.01744445009525:43.868004573766925:24.763303500074812:1.4411669565141279,6.852655927289483e-5
5,5,5,-2:3:-3,3:3:2,6750,7,2.3766318255573316e9:2.2644348977221293e9:7.475706014591689e8:5.2899124383611447e8:3.427125053351748e8:6.3831509456498705e7:5.969183539331958e7:141181.9257109333:139510.51918404098:64747.769624410146:20601.851069659682:16933.44949683626:106.19583037163096:59.66183570500281:34.742054573506465:1.6079184434114075,6.14279543742472e-5
5,5,5,-1:3:-3,3:3:1,13695,7,3.3252715475398254e9:3.189741293040519e9:1.2473932529383974e9:9.117032788337692e8:5.772865695173385e8:1.2338506479047787e8:1.1738162864217725e8:187376.18797724578:185104.67283081348:91180.15694566983:32313.690523356127:27178.65179482467:128.18393504690113:74.3502622173625:44.54324628351434:1.7376076410862986,5.7565949860447196e-5
5,5,5,0:3:-3,3:3:0,20640,7,3.730986064484617e9:3.6004231810995893e9:1.4969723133508952e9:1.1144160860743856e9:7.014907726548351e8:1.5871374188667136e8:1.5200993106485245e8:207956.96043841375:204488.84980335782:102783.33748089256:38328.4774714677:32577.158561992248:137.17911624548668:80.63648226682152:48.901040711192415:1.787767082363829,5.635526542285132e-5
5,5,5,1:3:-3,3:3:1,13695,7,3.325271547539823e9:3.1897412930405188e9:1.2473932529383965e9:9.117032788337688e8:5.772865695173384e8:1.2338506479047792e8:1.173816286421771e8:187376.18797723795:185104.6728308205:91180.15694559671:32313.69052337663:27178.651794890688:128.1839350803697:74.3502621815727:44.54324631711779:1.7376076347804554,5.7565949860444045e-5
5,5,5,2:3:-3,3:3:2,6750,7,2.3766318255573316e9:2.264434897722128e9:7.47570601459169e8:5.289912438361145e8:3.427125053351749e8:6.383150945649855e7:5.969183539331954e7:141181.9257109335:139510.51918405516:64747.76962447054:20601.85106967278:16933.449496755056:106.19583036950891:59.661835718231934:34.74205454394371:1.6079184419946577,6.14279543742539e-5
5,5,5,3:3:-3,3:3:3,3375,7,1.4153940417992435e9:1.3531569490483024e9:3.6119958587691456e8:2.483211995005154e8:1.6523624305725738e8:2.659004275400448e7:2.4389550121092238e7:94380.39368319238:91673.59254292242:39007.56676326461:11263.0126683633:9065.037519980882:81.01744444295724:43.86800459557023:24.763303521977083:1.4411669498536244,6.85265592728995e-5
5,5,5,-1:4:-3,4:3:1,6720,7,1.5630728044384298e9:1.492403230133081e9:4.129300292038237e8:2.853149597610527e8:1.8917367212371683e8:3.1145592663261093e7:2.8656453978525832e7:101747.48453057889:99230.18078443472:42897.98985708636:12565.764564274856:10144.388008651125:85.20567203230978:46.42596336422594:26.341555445826828:1.4707010503749636,6.705261527913998e-5
5,5,5,0:4:-3,4:3:0,13440,7,1.729974536825099e9:1.6499601340469406e9:4.746727294450926e8:3.296921414245894e8:2.1762422566024184e8:3.6761471864761494e7:3.3940092157074146e7:109959.04320687246:107656.19668373716:47320.72796804775:14091.011152801351:11415.956310420785:89.76702804930406:49.24230275483272:28.09597647168721:1.5019533258593576,6.560320072308289e-5
5,5,5,1:4:-3,4:3:1,6720,7,1.5630728044384289e9:1.4924032301330805e9:4.129300292038236e8:2.853149597610528e8:1.8917367212371674e8:3.1145592663261034e7:2.8656453978525836e7:101747.48453057613:99230.18078443558:42897.98985709377:12565.764564271012:10144.388008664691:85.20567199991166:46.425963367061726:26.34155544529504:1.4707010362159967,6.705261527914065e-5
5,5,5,-1:5:-3,5:3:1,3360,7,6.892732990882567e8:6.674850724105202e8:1.4531919544979155e8:9.617205301441365e7:6.4328328095096074e7:9.243760944294607e6:8.347843558010139e6:55517.589685192375:52248.8123995228:20064.890028950456:5400.656299451387:4289.309684600155:57.023594704381665:29.707911794136894:16.285047573833847:1.2515830056156327,8.096527148306366e-5
5,5,5,0:5:-3,5:3:0,6720,7,7.490832819732195e8:7.2422028556735e8:1.6073326615210477e8:1.068652276273788e8:7.154961340114917e7:1.0377652749532385e7:9.383839518982291e6:58979.6938450747:55709.159687550935:21625.138183645446:5854.958321787463:4654.463456551395:59.324149327938:31.030103990751314:17.05827346752197:1.2716436328537255,7.936196220722418e-5
5,5,5,1:5:-3,5:3:1,3360,7,6.892732990882577e8:6.674850724105207e8:1.4531919544979158e8:9.617205301441376e7:6.432832809509608e7:9.2437609442946e6:8.347843558010127e6:55517.58968519247:52248.81239952258:20064.89002895376:5400.656299452313:4289.309684607126:57.02359471451083:29.707911791931046:16.285047573617494:1.251583003005077,8.096527148306481e-5
5,5,5,-1:-5:-2,5:2:1,6720,7,1.574610076828816e9:1.56926410758172e9:2.5954323069296044e8:1.5487367830958527e8:9.683911262874909e7:1.2718449884224981e7:1.1386195836309785e7:99350.93164543709:87277.56015543987:27657.269566792198:6981.163642671234:5513.806342338492:74.62873848112143:37.48360108063813:19.582555417294163:1.367566704300219,6.029216055327173e-5
5,5,5,0:-5:-2,5:2:0,13440,7,1.752547848083292e9:1.7493357837697253e9:2.915483714350712e8:1.7477567739790875e8:1.0973191978108948e8:1.4432402288115388e7:1.2918132465797888e7:107336.09882619095:94563.59225309896:30192.90387721778:7633.161970226986:6026.4915921367965:78.31078878595035:39.44152393547151:20.638604686786376:1.392900033294485,5.856512927164386e-5
5,5,5,1:-5:-2,5:2:1,6720,7,1.5746100768288171e9:1.5692641075817206e9:2.5954323069296065e8:1.5487367830958536e8:9.683911262874907e7:1.271844988422499e7:1.1386195836309776e7:99350.93164543704:87277.56015543955:27657.26956679361:6981.163642672485:5513.806342337768:74.62873848633028:37.48360107934633:19.582555405161052:1.367566698815241,6.029216055327172e-5
5,5,5,-1:-4:-2,4:2:1,13440,7,4.8147062767807e9:4.743715116519704e9:8.816335859258959e8:5.552238454520305e8:3.623317413201447e8:4.891673522993293e7:4.382334224903828e7:220967.66813654403:200903.1485431143:69766.6632771933:18038.027427560883:14221.467802586927:123.67712373251766:64.0385843201539:34.13379937880526:1.6554047748477085,4.4905246831202116e-5
5,5,5,0:-4:-2,4:2:0,26880,7,5.588143787001827e9:5.490579184619251e9:1.0424160076620426e9:6.618135662260773e8:4.341675309909533e8:5.9016106709347144e7:5.290877033681199e7:245836.6945990554:224727.22316008224:79200.46978262905:20580.13945791972:16230.231657731694:132.47327912404307:68.90538634890301:36.852410157749425:1.6986847477950715,4.322761959512654e-5
5,5,5,1:-4:-2,4:2:1,13440,7,4.814706276780698e9:4.743715116519704e9:8.816335859258956e8:5.552238454520303e8:3.62331741320145e8:4.8916735229932904e7:4.382334224903824e7:220967.66813654418:200903.1485431198:69766.66327720424:18038.027427562956:14221.467802583145:123.67712376775783:64.03858432468516:34.133799355204495:1.655404750807996,4.4905246831203024e-5
5,5,5,-3:-3:-2,3:3:2,6750,7,4.1725283701834207e9:4.1216416789810266e9:7.515859436599717e8:4.697361803985863e8:3.049331625301598e8:4.0936973098996006e7:3.665575840378743e7:199470.76867834214:180452.48093418314:61821.52637960418:15915.279803017425:12546.379611929537:115.8215319284208:59.71853471640776:31.73377739953195:1.6150613772999836,4.659174124042819e-5
5,5,5,-2:-3:-2,3:2:2,13500,7,9.090467766724129e9:8.848156530195545e9:1.8245675363413134e9:1.1903472719192348e9:7.922358814363198e8:1.1111879327256562e8:1.0000884114977479e8:348782.91646020865:324982.2435285137:120806.46292369757:32069.698365520344:25350.530717067577:166.36160702103257:87.94421790436208:47.636312803016715:1.850324638251862,3.8264789473445864e-5
5,5,5,-1:-3:-2,3:2:1,20670,7,1.5882370821565819e10:1.5291581100324543e10:3.584132579381692e9:2.4115940540699162e9:1.6157670814865654e9:2.41084652142562e8:2.1883118361102006e8:523378.4631411993:499557.7848755557:199562.77848450892:55070.411279343796:43824.721580820114:217.76106946806624:117.6985556868248:64.95655269285194:2.047656922616545,3.346362700368566e-5
5,5,5,0:-3:-2,3:2:0,27840,7,1.949354431685792e10:1.8699461414584995e10:4.649709100175348e9:3.1623602832632546e9:2.1149085371838048e9:3.261496463775104e8:2.973986439841052e8:608851.8320043357:586428.8830144044:241312.71729369124:67950.68134567287:54295.822761829644:241.06617361415016:131.5453996356903:73.20988718008792:2.127976221175555,3.191947588389366e-5
5,5,5,1:-3:-2,3:2:1,20670,7,1.5882370821565826e10:1.529158110032454e10:3.5841325793816924e9:2.411594054069915e9:1.6157670814865646e9:2.4108465214256227e8:2.1883118361101985e8:523378.4631411889:499557.78487550566:199562.7784844396:55070.41127935056:43824.72158077696:217.76106946106123:117.6985557503172:64.95655276505697:2.047657047922874,3.346362700368296e-5
5,5,5,2:-3:-2,3:2:2,13500,7,9.090467766724129e9:8.848156530195545e9:1.8245675363413136e9:1.1903472719192355e9:7.922358814363196e8:1.1111879327256575e8:1.0000884114977476e8:348782.91646020865:324982.2435285078:120806.46292367186:32069.69836550554:25350.53071701655:166.36160697033287:87.94421787934557:47.63631276435532:1.8503246491589471,3.826478947344479e-5
5,5,5,3:-3:-2,3:3:2,6750,7,4.1725283701834197e9:4.1216416789810266e9:7.515859436599717e8:4.697361803985859e8:3.0493316253015995e8:4.0936973098996036e7:3.665575840378746e7:199470.76867834313:180452.48093419714:61821.526379608156:15915.279803012187:12546.379611931596:115.82153195061615:59.718534723036825:31.73377729865625:1.61506138810871,4.659174124042997e-5
5,5,5,-3:-2:-2,3:2:2,13500,7,9.090467766724133e9:8.848156530195549e9:1.824567536341314e9:1.1903472719192357e9:7.9223588143632e8:1.1111879327256559e8:1.000088411497748e8:348782.91646020685:324982.2435285364:120806.46292368764:32069.698365529162:25350.530717068905:166.36160705142618:87.94421788907476:47.63631277802862:1.8503246564805542,3.8264789473446765e-5
5,5,5,-2:-2:-2,2:2:2,27000,7,2.417894999580519e10:2.3115683434219677e10:6.1694550953559065e9:4.2421541715482774e9:2.8224749372725077e9:4.5424284468708026e8:4.1662638428837925e8:715309.526848315:695362.8314924733:295762.73933512665:85504.68743354746:68706.08101571586:268.82108194559896:148.3359202571971:83.38294801070771:2.2180202384126284,3.0415142822300864e-5
5,5,5,-1:-2:-2,2:2:1,27900,7,4.9290736111370155e10:4.707742031026779e10:1.7095655473028538e10:1.2292264464453402e10:7.855692645878292e9:1.5766812823273764e9:1.4883882710031679e9:1.2563953608073837e6:1.244485987820324e6:597630.2618189765:201302.95342774416:167297.84269815683:393.8816468024443:228.42149051952362:134.47223058265368:2.5721176192585835,2.6251455150864372e-5
5,5,5,0:-2:-2,2:2:0,28800,7,6.373761412531202e10:6.150736377613865e10:2.557222366454883e10:1.9038618558343052e10:1.1982942862708464e10:2.711453518726383e9:2.5968737115681157e9:1.5767561641322274e6:1.5513240634579626e6:779595.533496568:290992.58912653517:247125.79477648894:457.77706575449696:272.5795402254706:164.56899526176983:2.7320376347054296,2.5019838050224362e-5
5,5,5,1:-2:-2,2:2:1,27900,7,4.929073611137021e10:4.70774203102678e10:1.7095655473028542e10:1.2292264464453405e10:7.8556926458783045e9:1.576681282327376e9:1.4883882710031672e9:1.2563953608074416e6:1.2444859878200856e6:597630.2618190479:201302.95342753138:167297.84269748867:393.8816464853405:228.42149034561945:134.47223017695632:2.572117589996556,2.625145515086187e-5
5,5,5,2:-2:-2,2:2:2,27000,7,2.4178949995805183e10:2.3115683434219673e10:6.169455095355906e9:4.2421541715482774e9:2.822474937272508e9:4.542428446870798e8:4.1662638428837895e8:715309.5268483222:695362.8314923042:295762.73933539394:85504.68743352903:68706.08101595836:268.8210821098967:148.33592047350146:83.38294717211923:2.218020308612287,3.0415142822300362e-5
5,5,5,3:-2:-2,3:2:2,13500,7,9.090467766724133e9:8.848156530195545e9:1.8245675363413134e9:1.1903472719192362e9:7.9223588143632e8:1.1111879327256578e8:1.0000884114977473e8:348782.91646020836:324982.24352849333:120806.46292370124:32069.698365517903:25350.53071704001:166.36160700326303:87.94421790661674:47.6363127034422:1.8503246568426042,3.826478947344474e-5
5,5,5,-5:-1:-2,5:2:1,6720,7,1.5746100768288174e9:1.5692641075817208e9:2.5954323069296062e8:1.5487367830958527e8:9.683911262874913e7:1.2718449884224989e7:1.1386195836309781e7:99350.931645437:87277.56015543915:27657.269566788516:6981.16364266596:5513.806342332283:74.62873847828361:37.48360109560297:19.582555425208568:1.3675667008047794,6.029216055327088e-5
5,5,5,-4:-1:-2,4:2:1,13440,7,4.8147062767807e9:4.743715116519705e9:8.816335859258957e8:5.552238454520305e8:3.62331741320145e8:4.891673522993295e7:4.382334224903824e7:220967.6681365441:200903.14854311428:69766.66327720524:18038.02742755713:14221.467802591256:123.67712374409399:64.03858440775605:34.13379936373206:1.655404776818599,4.490524683120252e-5
5,5,5,-3:-1:-2,3:2:1,20670,7,1.5882370821565825e10:1.529158110032454e10:3.584132579381692e9:2.4115940540699143e9:1.615767081486565e9:2.410846521425622e8:2.188311836110202e8:523378.46314118:499557.7848755058:199562.77848436357:55070.41127927148:43824.72158082757:217.76106917513053:117.69855578059033:64.95655294022326:2.0476569028775873,3.346362700368167e-5
5,5,5,-2:-1:-2,2:2:1,27900,7,4.92907361113702e10:4.707742031026781e10:1.7095655473028536e10:1.2292264464453398e10:7.8556926458783e9:1.5766812823273754e9:1.4883882710031695e9:1.2563953608074398e6:1.2444859878201375e6:597630.2618189278:201302.95342750943:167297.84269889724:393.88164765110355:228.42149033969187:134.47223015866135:2.572117536350987,2.6251455150863515e-5
5,5,5,-1:-1:-2,2:1:1,28830,7,1.142237887181989e11:1.071358451499809e11:5.782996006424953e10:5.427842961731618e10:3.625965870778668e10:1.160138044878628e10:1.1467533827211031e10:2.7541233804381713e6:2.4892349054671894e6:1.364868818801382e6:764144.7386508401:698611.8790432116:644.1567767917445:419.7168266771543:276.64147377082674:3.1637103521887977,2.2715462427957853e-5
5,5,5,1:-1:-2,2:1:1,28830,7,1.1422378871819882e11:1.0713584514998091e11:5.782996006424958e10:5.427842961731615e10:3.6259658707786674e10:1.1601380448786274e10:1.1467533827211023e10:2.7541233804381355e6:2.4892349054677407e6:1.364868818801169e6:764144.7386490961:698611.8790436686:644.1567762758787:419.7168272914553:276.64147401957314:3.1637102896859295,2.2715462427957812e-5
5,5,5,2:-1:-2,2:2:1,27900,7,4.929073611137015e10:4.707742031026779e10:1.7095655473028532e10:1.2292264464453396e10:7.855692645878299e9:1.5766812823273778e9:1.4883882710031686e9:1.2563953608074868e6:1.2444859878204167e6:597630.261819218:201302.95342759413:167297.8426986594:393.88164737341026:228.42149051231291:134.47222938702842:2.572117606887275,2.6251455150867645e-5
5,5,5,3:-1:-2,3:2:1,20670,7,1.5882370821565819e10:1.5291581100324541e10:3.584132579381692e9:2.411594054069915e9:1.6157670814865644e9:2.4108465214256224e8:2.1883118361102027e8:523378.4631411897:499557.7848755551:199562.77848446:55070.411279310334:43824.72158081234:217.7610693193379:117.69855563096417:64.9565527575055:2.0476568898416336,3.346362700368464e-5
5,5,5,4:-1:-2,4:2:1,13440,7,4.814706276780697e9:4.743715116519705e9:8.816335859258952e8:5.552238454520305e8:3.6233174132014495e8:4.8916735229932934e7:4.382334224903826e7:220967.66813654546:200903.14854311524:69766.66327719881:18038.0274275664:14221.467802598834:123.67712376298225:64.03858431413045:34.13379935038003:1.6554047519112687,4.490524683120267e-5
5,5,5,5:-1:-2,5:2:1,6720,7,1.5746100768288162e9:1.569264107581721e9:2.5954323069296056e8:1.548736783095854e8:9.683911262874909e7:1.2718449884224983e7:1.1386195836309778e7:99350.93164543677:87277.56015544059:27657.26956679053:6981.163642680596:5513.806342334862:74.62873848136769:37.48360107352452:19.582555447158306:1.3675666840854381,6.02921605532718e-5
5,5,5,-5:0:-2,5:2:0,13440,7,1.752547848083291e9:1.749335783769725e9:2.915483714350712e8:1.7477567739790875e8:1.0973191978108941e8:1.4432402288115384e7:1.2918132465797892e7:107336.09882619181:94563.5922531018:30192.90387722617:7633.161970214616:6026.49159213835:78.31078878694551:39.441523937697475:20.63860468151039:1.3929000322562515,5.856512927164531e-5
5,5,5,-4:0:-2,4:2:0,26880,7,5.588143787001823e9:5.490579184619252e9:1.0424160076620421e9:6.618135662260777e8:4.341675309909536e8:5.901610670934713e7:5.290877033681196e7:245836.69459905525:224727.22316007948:79200.46978262739:20580.139457909165:16230.231657729453:132.4732791443172:68.90538631989715:36.852410130724955:1.6986847506276983,4.322761959512619e-5
5,5,5,-3:0:-2,3:2:0,27840,7,1.949354431685791e10:1.8699461414585e10:4.649709100175348e9:3.1623602832632546e9:2.1149085371838036e9:3.261496463775105e8:2.973986439841052e8:608851.8320043358:586428.8830143665:241312.71729372008:67950.68134572983:54295.822761859854:241.06617363404618:131.5453996181728:73.2098870272088:2.1279762085234464,3.191947588389326e-5
5,5,5,-2:0:-2,2:2:0,28800,7,6.373761412531199e10:6.150736377613866e10:2.557222366454882e10:1.9038618558343044e10:1.1982942862708462e10:2.711453518726382e9:2.596873711568116e9:1.5767561641322388e6:1.551324063458475e6:779595.5334968924:290992.58912521147:247125.79477602427:457.7770658181137:272.5795405911064:164.5689951924949:2.7320376356941196,2.501983805022688e-5
5,5,5,2:0:-2,2:2:0,28800,7,6.373761412531199e10:6.150736377613865e10:2.557222366454882e10:1.903861855834305e10:1.1982942862708466e10:2.7114535187263827e9:2.5968737115681157e9:1.5767561641322651e6:1.5513240634579842e6:779595.5334969442:290992.58912708494:247125.7947761181:457.77706554417466:272.57954018995935:164.5689950108874:2.73203763371949,2.5019838050226385e-5
5,5,5,3:0:-2,3:2:0,27840,7,1.9493544316857918e10:1.8699461414584995e10:4.64970910017535e9:3.162360283263256e9:2.114908537183804e9:3.2614964637751025e8:2.9739864398410517e8:608851.8320043357:586428.883014352:241312.71729340032:67950.68134577846:54295.82276180166:241.0661736220573:131.54539969983577:73.20988702965028:2.127976209773798,3.191947588388976e-5
5,5,5,4:0:-2,4:2:0,26880,7,5.588143787001824e9:5.490579184619252e9:1.0424160076620424e9:6.618135662260777e8:4.341675309909535e8:5.9016106709347054e7:5.290877033681197e7:245836.69459905554:224727.22316009368:79200.46978259354:20580.139457874375:16230.231657732125:132.47327914709598:68.90538635813918:36.85241013246105:1.6986847506361027,4.322761959512614e-5
5,5,5,5:0:-2,5:2:0,13440,7,1.7525478480832908e9:1.749335783769725e9:2.915483714350713e8:1.747756773979087e8:1.0973191978108941e8:1.4432402288115382e7:1.2918132465797894e7:107336.09882619155:94563.59225310115:30192.90387721492:7633.161970219452:6026.491592139903:78.31078878657452:39.441523931737464:20.638604681435197:1.392900032245522,5.856512927164428e-5
5,5,5,-5:1:-2,5:2:1,6720,7,1.5746100768288174e9:1.5692641075817208e9:2.5954323069296062e8:1.5487367830958527e8:9.683911262874913e7:1.2718449884224989e7:1.1386195836309781e7:99350.931645437:87277.56015543915:27657.269566788516:6981.16364266596:5513.806342332283:74.62873847828361:37.48360109560297:19.582555425208568:1.3675667008047794,6.029216055327088e-5
5,5,5,-4:1:-2,4:2:1,13440,7,4.8147062767807e9:4.743715116519705e9:8.816335859258957e8:5.552238454520305e8:3.62331741320145e8:4.891673522993295e7:4.382334224903824e7:220967.6681365441:200903.14854311428:69766.66327720524:18038.02742755713:14221.467802591256:123.67712374409399:64.03858440775605:34.13379936373206:1.655404776818599,4.490524683120252e-5
5,5,5,-3:1:-2,3:2:1,20670,7,1.5882370821565825e10:1.529158110032454e10:3.584132579381692e9:2.4115940540699143e9:1.615767081486565e9:2.410846521425622e8:2.188311836110202e8:523378.46314118:499557.7848755058:199562.77848436357:55070.41127927148:43824.72158082757:217.76106917513053:117.69855578059033:64.95655294022326:2.0476569028775873,3.346362700368167e-5
5,5,5,-2:1:-2,2:2:1,27900,7,4.92907361113702e10:4.707742031026781e10:1.7095655473028536e10:1.2292264464453398e10:7.8556926458783e9:1.5766812823273754e9:1.4883882710031695e9:1.2563953608074398e6:1.2444859878201375e6:597630.2618189278:201302.95342750943:167297.84269889724:393.88164765110355:228.42149033969187:134.47223015866135:2.572117536350987,2.6251455150863515e-5
5,5,5,-1:1:-2,2:1:1,28830,7,1.142237887181989e11:1.071358451499809e11:5.782996006424953e10:5.427842961731618e10:3.625965870778668e10:1.160138044878628e10:1.1467533827211031e10:2.7541233804381713e6:2.4892349054671894e6:1.364868818801382e6:764144.7386508401:698611.8790432116:644.1567767917445:419.7168266771543:276.64147377082674:3.1637103521887977,2.2715462427957853e-5
5,5,5,1:1:-2,2:1:1,28830,7,1.1422378871819882e11:1.0713584514998091e11:5.782996006424958e10:5.427842961731615e10:3.6259658707786674e10:1.1601380448786274e10:1.1467533827211023e10:2.7541233804381355e6:2.4892349054677407e6:1.364868818801169e6:764144.7386490961:698611.8790436686:644.1567762758787:419.7168272914553:276.64147401957314:3.1637102896859295,2.2715462427957812e-5
5,5,5,2:1:-2,2:2:1,27900,7,4.929073611137015e10:4.707742031026779e10:1.7095655473028532e10:1.2292264464453396e10:7.855692645878299e9:1.5766812823273778e9:1.4883882710031686e9:1.2563953608074868e6:1.2444859878204167e6:597630.261819218:201302.95342759413:167297.8426986594:393.88164737341026:228.42149051231291:134.47222938702842:2.572117606887275,2.6251455150867645e-5
5,5,5,3:1:-2,3:2:1,20670,7,1.5882370821565819e10:1.5291581100324541e10:3.584132579381692e9:2.411594054069915e9:1.6157670814865644e9:2.4108465214256224e8:2.1883118361102027e8:523378.4631411897:499557.7848755551:199562.77848446:55070.411279310334:43824.72158081234:217.7610693193379:117.69855563096417:64.9565527575055:2.0476568898416336,3.346362700368464e-5
5,5,5,4:1:-2,4:2:1,13440,7,4.814706276780697e9:4.743715116519705e9:8.816335859258952e8:5.552238454520305e8:3.6233174132014495e8:4.8916735229932934e7:4.382334224903826e7:220967.66813654546:200903.14854311524:69766.66327719881:18038.0274275664:14221.467802598834:123.67712376298225:64.03858431413045:34.13379935038003:1.6554047519112687,4.490524683120267e-5
5,5,5,5:1:-2,5:2:1,6720,7,1.5746100768288162e9:1.569264107581721e9:2.5954323069296056e8:1.548736783095854e8:9.683911262874909e7:1.2718449884224983e7:1.1386195836309778e7:99350.93164543677:87277.56015544059:27657.26956679053:6981.163642680596:5513.806342334862:74.62873848136769:37.48360107352452:19.582555447158306:1.3675666840854381,6.02921605532718e-5
5,5,5,-3:2:-2,3:2:2,13500,7,9.090467766724133e9:8.848156530195549e9:1.824567536341314e9:1.1903472719192357e9:7.9223588143632e8:1.1111879327256559e8:1.000088411497748e8:348782.91646020685:324982.2435285364:120806.46292368764:32069.698365529162:25350.530717068905:166.36160705142618:87.94421788907476:47.63631277802862:1.8503246564805542,3.8264789473446765e-5
5,5,5,-2:2:-2,2:2:2,27000,7,2.417894999580519e10:2.3115683434219677e10:6.1694550953559065e9:4.2421541715482774e9:2.8224749372725077e9:4.5424284468708026e8:4.1662638428837925e8:715309.526848315:695362.8314924733:295762.73933512665:85504.68743354746:68706.08101571586:268.82108194559896:148.3359202571971:83.38294801070771:2.2180202384126284,3.0415142822300864e-5
5,5,5,-1:2:-2,2:2:1,27900,7,4.9290736111370155e10:4.707742031026779e10:1.7095655473028538e10:1.2292264464453402e10:7.855692645878292e9:1.5766812823273764e9:1.4883882710031679e9:1.2563953608073837e6:1.244485987820324e6:597630.2618189765:201302.95342774416:167297.84269815683:393.8816468024443:228.42149051952362:134.47223058265368:2.5721176192585835,2.6251455150864372e-5
5,5,5,0:2:-2,2:2:0,28800,7,6.373761412531202e10:6.150736377613865e10:2.557222366454883e10:1.9038618558343052e10:1.1982942862708464e10:2.711453518726383e9:2.5968737115681157e9:1.5767561641322274e6:1.5513240634579626e6:779595.533496568:290992.58912653517:247125.79477648894:457.77706575449696:272.5795402254706:164.56899526176983:2.7320376347054296,2.5019838050224362e-5
5,5,5,1:2:-2,2:2:1,27900,7,4.929073611137021e10:4.70774203102678e10:1.7095655473028542e10:1.2292264464453405e10:7.8556926458783045e9:1.576681282327376e9:1.4883882710031672e9:1.2563953608074416e6:1.2444859878200856e6:597630.2618190479:201302.95342753138:167297.84269748867:393.8816464853405:228.42149034561945:134.47223017695632:2.572117589996556,2.625145515086187e-5
5,5,5,2:2:-2,2:2:2,27000,7,2.4178949995805183e10:2.3115683434219673e10:6.169455095355906e9:4.2421541715482774e9:2.822474937272508e9:4.542428446870798e8:4.1662638428837895e8:715309.5268483222:695362.8314923042:295762.73933539394:85504.68743352903:68706.08101595836:268.8210821098967:148.33592047350146:83.38294717211923:2.218020308612287,3.0415142822300362e-5
5,5,5,3:2:-2,3:2:2,13500,7,9.090467766724133e9:8.848156530195545e9:1.8245675363413134e9:1.1903472719192362e9:7.9223588143632e8:1.1111879327256578e8:1.0000884114977473e8:348782.91646020836:324982.24352849333:120806.46292370124:32069.698365517903:25350.53071704001:166.36160700326303:87.94421790661674:47.6363127034422:1.8503246568426042,3.826478947344474e-5
5,5,5,-3:3:-2,3:3:2,6750,7,4.1725283701834207e9:4.1216416789810266e9:7.515859436599717e8:4.697361803985863e8:3.049331625301598e8:4.0936973098996006e7:3.665575840378743e7:199470.76867834214:180452.48093418314:61821.52637960418:15915.279803017425:12546.379611929537:115.8215319284208:59.71853471640776:31.73377739953195:1.6150613772999836,4.659174124042819e-5
5,5,5,-2:3:-2,3:2:2,13500,7,9.090467766724129e9:8.848156530195545e9:1.8245675363413134e9:1.1903472719192348e9:7.922358814363198e8:1.1111879327256562e8:1.0000884114977479e8:348782.91646020865:324982.2435285137:120806.46292369757:32069.698365520344:25350.530717067577:166.36160702103257:87.94421790436208:47.636312803016715:1.850324638251862,3.8264789473445864e-5
5,5,5,-1:3:-2,3:2:1,20670,7,1.5882370821565819e10:1.5291581100324543e10:3.584132579381692e9:2.4115940540699162e9:1.6157670814865654e9:2.41084652142562e8:2.1883118361102006e8:523378.4631411993:499557.7848755557:199562.77848450892:55070.411279343796:43824.721580820114:217.76106946806624:117.6985556868248:64.95655269285194:2.047656922616545,3.346362700368566e-5
5,5,5,0:3:-2,3:2:0,27840,7,1.949354431685792e10:1.8699461414584995e10:4.649709100175348e9:3.1623602832632546e9:2.1149085371838048e9:3.261496463775104e8:2.973986439841052e8:608851.8320043357:586428.8830144044:241312.71729369124:67950.68134567287:54295.822761829644:241.06617361415016:131.5453996356903:73.20988718008792:2.127976221175555,3.191947588389366e-5
5,5,5,1:3:-2,3:2:1,20670,7,1.5882370821565826e10:1.529158110032454e10:3.5841325793816924e9:2.411594054069915e9:1.6157670814865646e9:2.4108465214256227e8:2.1883118361101985e8:523378.4631411889:499557.78487550566:199562.7784844396:55070.41127935056:43824.72158077696:217.76106946106123:117.6985557503172:64.95655276505697:2.047657047922874,3.346362700368296e-5
5,5,5,2:3:-2,3:2:2,13500,7,9.090467766724129e9:8.848156530195545e9:1.8245675363413136e9:1.1903472719192355e9:7.922358814363196e8:1.1111879327256575e8:1.0000884114977476e8:348782.91646020865:324982.2435285078:120806.46292367186:32069.69836550554:25350.53071701655:166.36160697033287:87.94421787934557:47.63631276435532:1.8503246491589471,3.826478947344479e-5
5,5,5,3:3:-2,3:3:2,6750,7,4.1725283701834197e9:4.1216416789810266e9:7.515859436599717e8:4.697361803985859e8:3.0493316253015995e8:4.0936973098996036e7:3.665575840378746e7:199470.76867834313:180452.48093419714:61821.526379608156:15915.279803012187:12546.379611931596:115.82153195061615:59.718534723036825:31.73377729865625:1.61506138810871,4.659174124042997e-5
5,5,5,-1:4:-2,4:2:1,13440,7,4.8147062767807e9:4.743715116519704e9:8.816335859258959e8:5.552238454520305e8:3.623317413201447e8:4.891673522993293e7:4.382334224903828e7:220967.66813654403:200903.1485431143:69766.6632771933:18038.027427560883:14221.467802586927:123.67712373251766:64.0385843201539:34.13379937880526:1.6554047748477085,4.4905246831202116e-5
5,5,5,0:4:-2,4:2:0,26880,7,5.588143787001827e9:5.490579184619251e9:1.0424160076620426e9:6.618135662260773e8:4.341675309909533e8:5.9016106709347144e7:5.290877033681199e7:245836.6945990554:224727.22316008224:79200.46978262905:20580.13945791972:16230.231657731694:132.47327912404307:68.90538634890301:36.852410157749425:1.6986847477950715,4.322761959512654e-5
5,5,5,1:4:-2,4:2:1,13440,7,4.814706276780698e9:4.743715116519704e9:8.816335859258956e8:5.552238454520303e8:3.62331741320145e8:4.8916735229932904e7:4.382334224903824e7:220967.66813654418:200903.1485431198:69766.66327720424:18038.027427562956:14221.467802583145:123.67712376775783:64.03858432468516:34.133799355204495:1.655404750807996,4.4905246831203024e-5
5,5,5,-1:5:-2,5:2:1,6720,7,1.574610076828816e9:1.56926410758172e9:2.5954323069296044e8:1.5487367830958527e8:9.683911262874909e7:1.2718449884224981e7:1.1386195836309785e7:99350.93164543709:87277.56015543987:27657.269566792198:6981.163642671234:5513.806342338492:74.62873848112143:37.48360108063813:19.582555417294163:1.367566704300219,6.029216055327173e-5
5,5,5,0:5:-2,5:2:0,13440,7,1.752547848083292e9:1.7493357837697253e9:2.915483714350712e8:1.7477567739790875e8:1.0973191978108948e8:1.4432402288115388e7:1.2918132465797888e7:107336.09882619095:94563.59225309896:30192.90387721778:7633.161970226986:6026.4915921367965:78.31078878595035:39.44152393547151:20.638604686786376:1.392900033294485,5.856512927164386e-5
5,5,5,1:5:-2,5:2:1,6720,7,1.5746100768288171e9:1.5692641075817206e9:2.5954323069296065e8:1.5487367830958536e8:9.683911262874907e7:1.271844988422499e7:1.1386195836309776e7:99350.93164543704:87277.56015543955:27657.26956679361:6981.163642672485:5513.806342337768:74.62873848633028:37.48360107934633:19.582555405161052:1.367566698815241,6.029216055327172e-5
5,5,5,-3:-5:-1,5:3:1,3360,7,1.1876358516594815e9:1.1382256997254136e9:1.606428600992389e8:8.599582041611329e7:4.780022924049814e7:6.258370822073968e6:5.710423978920547e6:79820.43979114176:65523.879907465314:17316.62030306691:4301.175130657944:3454.088537216324:61.62610129264414:29.752973889591694:14.974585464642665:1.2607410666527585,6.332798132093529e-5
5,5,5,-2:-5:-1,5:2:1,6720,7,2.0138117998192868e9:1.933689282196959e9:2.747625011215713e8:1.4780687648501974e8:8.26616459355474e7:1.081386007125306e7:9.851331577819921e6:116427.62547374621:95893.72712091966:25552.86555016079:6350.954945660982:5091.040991772743:77.09221980459968:37.50492097206115:18.912565876061706:1.3712932640426332,5.4509595225519226e-5
5,5,5,-1:-5:-1,5:1:1,10304,7,2.885978875616934e9:2.7752232948953094e9:3.9642560494008327e8:2.1406925503956875e8:1.2028623868069945e8:1.572663378499384e7:1.430987193614253e7:150596.266962509:124354.30212363997:33351.89419923765:8292.79573959731:6639.317285595174:89.87156657948276:43.93464415768964:22.186362463011008:1.4515536508161568,4.922272009492223e-5
5,5,5,0:-5:-1,5:1:0,13888,7,3.282215527015889e9:3.1580296279372745e9:4.520263551193281e8:2.4445245031417954e8:1.3760735165754473e8:1.7987364758502614e7:1.6359699593610285e7:165113.01396357358:136475.02520812812:36694.14594095432:9125.199655996463:7302.414170634809:94.95251232495394:46.496501819091584:23.492571382001792:1.4812801706777505,4.7461212904348114e-5
5,5,5,1:-5:-1,5:1:1,10304,7,2.8859788756169357e9:2.7752232948953114e9:3.964256049400834e8:2.1406925503956902e8:1.2028623868069948e8:1.5726633784993831e7:1.4309871936142545e7:150596.26696250588:124354.30212364165:33351.89419919989:8292.795739597039:6639.317285595923:89.87156657740512:43.934644150470206:22.1863624764929:1.4515536581344222,4.9222720094920294e-5
5,5,5,2:-5:-1,5:2:1,6720,7,2.0138117998192856e9:1.9336892821969585e9:2.747625011215713e8:1.4780687648501968e8:8.266164593554738e7:1.081386007125306e7:9.851331577819925e6:116427.62547374584:95893.72712091857:25552.865550161758:6350.954945660803:5091.040991773487:77.09221982107697:37.504920967356846:18.912565827777502:1.3712932706793812,5.450959522551896e-5
5,5,5,3:-5:-1,5:3:1,3360,7,1.187635851659482e9:1.1382256997254136e9:1.6064286009923884e8:8.599582041611327e7:4.780022924049811e7:6.258370822073969e6:5.710423978920543e6:79820.43979114183:65523.87990746551:17316.620303069863:4301.1751306563465:3454.088537214996:61.6261012874852:29.752973893478707:14.974585461769102:1.2607410669374768,6.332798132093562e-5
5,5,5,-3:-4:-1,4:3:1,6720,7,3.28221552701589e9:3.158029627937273e9:4.520263551193282e8:2.4445245031417972e8:1.3760735165754485e8:1.798736475850263e7:1.6359699593610277e7:165113.0139635741:136475.0252081303:36694.145940980095:9125.199655984808:7302.41417063395:94.9525123368409:46.496501818658565:23.492571417937924:1.4812801671597369,4.7461212904349334e-5
5,5,5,-2:-4:-1,4:2:1,13440,7,6.779397404475344e9:6.546390583072644e9:9.494164219104234e8:5.1832987014272743e8:2.951540165380787e8:3.853375985622834e7:3.4953067531985946e7:277473.6742162035:230781.7049746426:63056.695710783155:15695.417863580635:12526.762586644:129.67203820059794:64.07506908394859:32.48122041842863:1.659837521296518,3.866072722985906e-5
5,5,5,-1:-4:-1,4:1:1,20608,7,1.1406191592955889e10:1.1048217962130842e10:1.6208114763728049e9:8.922225249213673e8:5.130509656494071e8:6.692644204119842e7:6.0580043454128586e7:402752.52066221123:336772.4862920757:93308.84151121539:23244.30875228148:18514.2943355877:162.42465485120178:80.75918190482626:41.051492845829074:1.8004259882355167,3.33876594435465e-5
5,5,5,0:-4:-1,4:1:0,27776,7,1.3821982716073511e10:1.3405111729405413e10:1.9759468408737683e9:1.0914389183263752e9:6.301010139489411e8:8.217348171315989e7:7.432126747378613e7:462186.1066023022:387314.71841472964:107929.45585643724:26896.07010298715:21406.55470653068:176.57494326105814:87.99435976077673:44.779120326315805:1.8552399305533922,3.1631600371665566e-5
5,5,5,1:-4:-1,4:1:1,20608,7,1.1406191592955881e10:1.1048217962130838e10:1.620811476372805e9:8.922225249213669e8:5.130509656494076e8:6.69264420411984e7:6.058004345412855e7:402752.5206622191:336772.486292083:93308.84151124427:23244.30875229018:18514.294335568848:162.42465490057015:80.75918194070124:41.05149278699058:1.8004259643453613,3.3387659443547475e-5
5,5,5,2:-4:-1,4:2:1,13440,7,6.779397404475345e9:6.546390583072648e9:9.494164219104236e8:5.183298701427278e8:2.951540165380789e8:3.853375985622832e7:3.495306753198593e7:277473.6742161878:230781.70497465087:63056.69571089514:15695.417863566108:12526.76258666057:129.67203824320396:64.07506907914447:32.481220443836484:1.6598375125345923,3.866072722986037e-5
5,5,5,3:-4:-1,4:3:1,6720,7,3.28221552701589e9:3.158029627937272e9:4.5202635511932814e8:2.4445245031417966e8:1.3760735165754482e8:1.798736475850261e7:1.6359699593610287e7:165113.013963574:136475.02520813112:36694.145940960545:9125.19965599497:7302.414170630033:94.95251231881369:46.49650182296134:23.49257138857224:1.481280168800027,4.746121290434878e-5
5,5,5,-5:-3:-1,5:3:1,3360,7,1.1876358516594822e9:1.1382256997254133e9:1.6064286009923887e8:8.599582041611324e7:4.7800229240498126e7:6.258370822073975e6:5.710423978920542e6:79820.43979114165:65523.879907465074:17316.62030306827:4301.175130658878:3454.0885372148723:61.62610129530052:29.752973889031693:14.974585462842857:1.2607410668281887,6.332798132093528e-5
5,5,5,-4:-3:-1,4:3:1,6720,7,3.282215527015889e9:3.158029627937273e9:4.5202635511932796e8:2.4445245031417954e8:1.376073516575448e8:1.7987364758502614e7:1.635969959361028e7:165113.0139635751:136475.02520812783:36694.1459409475:9125.199656003906:7302.4141706339215:94.95251233015865:46.49650182410127:23.492571376138006:1.4812801788487209,4.746121290434814e-5
5,5,5,-3:-3:-1,3:3:1,13695,7,9.506964088105146e9:9.198158092760416e9:1.3436923985480611e9:7.374208631516943e8:4.225211557288056e8:5.513210573654227e7:4.994158036641424e7:353490.7127796989:295001.7562010452:81316.88117634266:20250.767323421525:16141.458441879606:150.0861435856039:74.46337535239391:37.81321102434853:1.7499359572834159,3.514459911780794e-5
5,5,5,-2:-3:-1,3:2:1,20670,7,2.6443941361342777e10:2.577042923808357e10:3.8695676278103995e9:2.165841988246758e9:1.2692359756487303e9:1.6542257947206828e8:1.4919582739044666e8:735931.6848422027:621893.6078346189:177157.0869145303:44216.68346355166:35098.620581764204:234.50035906653625:117.76569969596517:60.18381981602123:2.0530635252817113,2.6370206755366317e-5
5,5,5,-1:-3:-1,3:1:1,24719,7,5.862553742010171e10:5.755089138530768e10:8.897817658585466e9:5.083158920424806e9:3.0452244230612955e9:3.9705531286023647e8:3.5687764339959323e8:1.3035146945282123e6:1.1156481652894656e6:328701.73832927935:82299.41186166693:65111.7403993538:333.4322021456702:169.12371188247116:86.99079387538929:2.326034270072183,2.112458063891302e-5
5,5,5,0:-3:-1,3:1:0,28768,7,8.001743209958807e10:7.881301764274292e10:1.2356263505541935e10:7.126373816695585e9:4.311235292360365e9:5.625798636374247e8:5.050199675743039e8:1.6302979984201093e6:1.4035500874213877e6:420008.3966509596:105351.6037881827:83244.6122769942:383.0993519798622:195.1286698683433:100.66928441030316:2.4430296419623243,1.9381849290438797e-5
5,5,5,1:-3:-1,3:1:1,24719,7,5.8625537420101685e10:5.755089138530769e10:8.897817658585464e9:5.083158920424804e9:3.0452244230612955e9:3.970553128602364e8:3.568776433995931e8:1.3035146945282067e6:1.1156481652894497e6:328701.73832932045:82299.41186167866:65111.74039934735:333.4322024808136:169.12371187408854:86.99079276345344:2.3260343272225534,2.1124580638912947e-5
5,5,5,2:-3:-1,3:2:1,20670,7,2.644394136134279e10:2.577042923808356e10:3.8695676278103976e9:2.1658419882467575e9:1.26923597564873e9:1.654225794720682e8:1.4919582739044666e8:735931.6848422237:621893.6078346169:177157.0869139759:44216.68346380132:35098.62058177443:234.5003590925895:117.76569963048193:60.18381988318462:2.0530634795873204,2.6370206755364328e-5
5,5,5,3:-3:-1,3:3:1,13695,7,9.506964088105146e9:9.198158092760414e9:1.343692398548061e9:7.374208631516937e8:4.225211557288058e8:5.513210573654228e7:4.994158036641421e7:353490.7127796979:295001.7562011164:81316.88117632327:20250.767323426815:16141.458441878653:150.08614360018893:74.46337536443939:37.813210805768044:1.7499359864078234,3.514459911781101e-5
5,5,5,4:-3:-1,4:3:1,6720,7,3.282215527015889e9:3.158029627937273e9:4.5202635511932796e8:2.4445245031417954e8:1.376073516575448e8:1.7987364758502614e7:1.635969959361028e7:165113.0139635751:136475.02520812783:36694.1459409475:9125.199656003906:7302.4141706339215:94.95251233015865:46.49650182410127:23.492571376138006:1.4812801788487209,4.746121290434814e-5
5,5,5,5:-3:-1,5:3:1,3360,7,1.1876358516594813e9:1.1382256997254133e9:1.606428600992388e8:8.59958204161132e7:4.7800229240498126e7:6.258370822073966e6:5.710423978920541e6:79820.43979114178:65523.879907466435:17316.620303067768:4301.175130658652:3454.088537215455:61.6261012964897:29.7529738906586:14.974585462686095:1.260741066626748,6.332798132093582e-5
5,5,5,-5:-2:-1,5:2:1,6720,7,2.0138117998192868e9:1.9336892821969597e9:2.747625011215713e8:1.478068764850197e8:8.26616459355474e7:1.0813860071253067e7:9.851331577819915e6:116427.62547374582:95893.72712091928:25552.8655501637:6350.954945660324:5091.040991775103:77.0922198118319:37.504920963993435:18.912565823265627:1.3712932688613688,5.450959522551921e-5
5,5,5,-4:-2:-1,4:2:1,13440,7,6.779397404475343e9:6.546390583072648e9:9.494164219104236e8:5.18329870142728e8:2.9515401653807896e8:3.85337598562283e7:3.4953067531985916e7:277473.67421618296:230781.70497465204:63056.695710870226:15695.417863548546:12526.76258665497:129.67203824230023:64.07506906491392:32.481220461144154:1.6598375161993926,3.866072722985952e-5
5,5,5,-3:-2:-1,3:2:1,20670,7,2.6443941361342793e10:2.5770429238083595e10:3.8695676278103986e9:2.1658419882467594e9:1.26923597564873e9:1.6542257947206816e8:1.4919582739044663e8:735931.6848422313:621893.6078345242:177157.08691396908:44216.68346378946:35098.620581784555:234.50035910224346:117.76569975664063:60.18381984476071:2.0530634722335,2.6370206755362844e-5
5,5,5,-2:-2:-1,2:2:1,27900,7,1.1254657441660258e11:1.1129775399288773e11:1.7754818035463997e10:1.0358925521460949e10:6.339212855487378e9:8.285029759084693e8:7.428113725709659e8:2.0841008550075053e6:1.8070358520207806e6:551043.1636765014:138570.69717999388:109349.47086995258:446.54887259265126:228.5519208174578:118.34798937263221:2.578839583427844,1.7643634631165e-5
5,5,5,-1:-2:-1,2:1:1,28830,7,4.074533186854768e11:4.043695181200926e11:7.136693281919292e10:4.399818527848953e10:2.826419242214537e10:3.7628176297019396e9:3.367087550600271e9:5.252686098363331e6:4.713120491427853e6:1.5749762431022138e6:403395.32690410735:317341.18941586546:802.5051509551568:419.95662352472004:221.5643337170499:3.171925650351947,1.2480016701880465e-5
5,5,5,1:-2:-1,2:1:1,28830,7,4.07453318685477e11:4.043695181200927e11:7.136693281919292e10:4.399818527848955e10:2.826419242214538e10:3.7628176297019434e9:3.367087550600271e9:5.252686098363516e6:4.7131204914277755e6:1.5749762431009375e6:403395.3269042674:317341.18941629166:802.5051477896614:419.95662298837436:221.56433105082164:3.1719252601410135,1.2480016701880173e-5
5,5,5,2:-2:-1,2:2:1,27900,7,1.125465744166026e11:1.1129775399288771e11:1.7754818035463993e10:1.0358925521460945e10:6.339212855487377e9:8.285029759084692e8:7.428113725709662e8:2.0841008550073237e6:1.8070358520209745e6:551043.1636764809:138570.6971799805:109349.47087009372:446.54887324610314:228.55192144185187:118.34798815276795:2.5788393611897087,1.7643634631164942e-5
5,5,5,3:-2:-1,3:2:1,20670,7,2.644394136134279e10:2.5770429238083565e10:3.869567627810398e9:2.16584198824676e9:1.2692359756487296e9:1.6542257947206825e8:1.4919582739044663e8:735931.6848422469:621893.6078344882:177157.08691403444:44216.683463727306:35098.620581743686:234.5003590996791:117.7656997117868:60.18381989141892:2.053063480659796,2.6370206755362763e-5
5,5,5,4:-2:-1,4:2:1,13440,7,6.779397404475343e9:6.546390583072643e9:9.494164219104236e8:5.1832987014272755e8:2.951540165380789e8:3.853375985622831e7:3.495306753198594e7:277473.67421618075:230781.70497466446:63056.69571086614:15695.417863610699:12526.762586651514:129.67203825499664:64.07506913165162:32.48122042638313:1.6598375139904087,3.8660727229860376e-5
5,5,5,5:-2:-1,5:2:1,6720,7,2.013811799819286e9:1.9336892821969595e9:2.747625011215712e8:1.4780687648501968e8:8.266164593554743e7:1.0813860071253063e7:9.851331577819923e6:116427.62547374504:95893.72712092065:25552.86555016583:6350.954945659754:5091.040991772722:77.09221980950531:37.50492099377143:18.912565829184246:1.3712932689194772,5.450959522551941e-5
5,5,5,-5:-1:-1,5:1:1,10304,7,2.8859788756169343e9:2.7752232948953104e9:3.964256049400835e8:2.14069255039569e8:1.2028623868069951e8:1.5726633784993839e7:1.4309871936142532e7:150596.26696250986:124354.302123641:33351.8941992449:8292.795739594561:6639.317285596001:89.87156657557884:43.93464414635697:22.186362396276603:1.451553672933107,4.922272009492282e-5
5,5,5,-4:-1:-1,4:1:1,20608,7,1.140619159295589e10:1.1048217962130844e10:1.6208114763728058e9:8.922225249213674e8:5.130509656494073e8:6.69264420411984e7:6.058004345412857e7:402752.52066220465:336772.48629208095:93308.84151126983:23244.308752316632:18514.294335578852:162.42465487769704:80.75918180886678:41.05149289885062:1.8004259445451622,3.3387659443547075e-5
5,5,5,-3:-1:-1,3:1:1,24719,7,5.862553742010168e10:5.7550891385307655e10:8.89781765858546e9:5.083158920424805e9:3.045224423061295e9:3.970553128602366e8:3.5687764339959306e8:1.303514694528193e6:1.1156481652894537e6:328701.7383288366:82299.41186163067:65111.74039938878:333.43220236285305:169.1237115988025:86.99079387340026:2.3260341628179013,2.1124580638911754e-5
5,5,5,-2:-1:-1,2:1:1,28830,7,4.07453318685477e11:4.0436951812009283e11:7.136693281919295e10:4.399818527848959e10:2.826419242214537e10:3.7628176297019377e9:3.3670875506002746e9:5.252686098363538e6:4.713120491427885e6:1.5749762431001603e6:403395.3269052933:317341.18941478996:802.5051507562958:419.95662283100273:221.56433604211733:3.171925672323021,1.248001670188002e-5
5,5,5,2:-1:-1,2:1:1,28830,7,4.0745331868547687e11:4.043695181200925e11:7.13669328191929e10:4.399818527848955e10:2.826419242214537e10:3.762817629701944e9:3.3670875506002703e9:5.2526860983635625e6:4.713120491428378e6:1.5749762430994357e6:403395.32690344134:317341.18941522995:802.5051507520043:419.95662542833884:221.56433408970426:3.171925597966801,1.248001670188019e-5
5,5,5,3:-1:-1,3:1:1,24719,7,5.862553742010169e10:5.755089138530767e10:8.897817658585463e9:5.083158920424804e9:3.0452244230612955e9:3.9705531286023647e8:3.568776433995933e8:1.3035146945282056e6:1.11564816528946e6:328701.73832885706:82299.4118616391:65111.74039931931:333.4322022942393:169.12371146034033:86.99079261015086:2.326034193212227,2.1124580638911927e-5
5,5,5,4:-1:-1,4:1:1,20608,7,1.140619159295589e10:1.1048217962130844e10:1.6208114763728056e9:8.922225249213673e8:5.130509656494071e8:6.69264420411984e7:6.058004345412863e7:402752.5206622112:336772.48629207804:93308.84151133719:23244.30875230297:18514.294335561986:162.42465486584325:80.75918189599417:41.051492735112106:1.800425997852962,3.338765944354792e-5
5,5,5,5:-1:-1,5:1:1,10304,7,2.885978875616934e9:2.7752232948953104e9:3.964256049400834e8:2.1406925503956887e8:1.2028623868069947e8:1.5726633784993837e7:1.4309871936142545e7:150596.2669625096:124354.30212363414:33351.89419923946:8292.795739648875:6639.317285593903:89.87156657648254:43.9346441409935:22.18636245774143:1.451553662544095,4.922272009492202e-5
5,5,5,-5:0:-1,5:1:0,13888,7,3.282215527015889e9:3.158029627937274e9:4.5202635511932814e8:2.4445245031417972e8:1.376073516575448e8:1.7987364758502614e7:1.635969959361028e7:165113.01396357478:136475.02520812902:36694.14594095021:9125.199655998294:7302.414170633616:94.95251233072469:46.49650183052317:23.492571380990967:1.4812801702508143,4.7461212904348284e-5
5,5,5,-4:0:-1,4:1:0,27776,7,1.3821982716073511e10:1.3405111729405416e10:1.9759468408737679e9:1.091438918326375e9:6.301010139489415e8:8.217348171315993e7:7.43212674737861e7:462186.1066023023:387314.7184147307:107929.45585641554:26896.070102995993:21406.554706530977:176.5749432860069:87.9943597745258:44.77912029028002:1.8552399328741944,3.1631600371665423e-5
5,5,5,-3:0:-1,3:1:0,28768,7,8.001743209958809e10:7.881301764274294e10:1.2356263505541935e10:7.126373816695586e9:4.311235292360365e9:5.625798636374252e8:5.050199675743038e8:1.6302979984200976e6:1.4035500874213884e6:420008.39664993697:105351.60378800782:83244.61227677249:383.09935204511424:195.1286698913742:100.66928410321201:2.443029661718541,1.938184929043685e-5
5,5,5,3:0:-1,3:1:0,28768,7,8.001743209958809e10:7.881301764274294e10:1.2356263505541935e10:7.126373816695587e9:4.311235292360366e9:5.625798636374245e8:5.050199675743038e8:1.6302979984201055e6:1.4035500874213884e6:420008.3966509405:105351.60378806145:83244.61227697536:383.0993520160321:195.12866987459077:100.66928409690472:2.443029661173294,1.9381849290438686e-5
5,5,5,4:0:-1,4:1:0,27776,7,1.3821982716073511e10:1.340511172940541e10:1.9759468408737679e9:1.0914389183263755e9:6.301010139489415e8:8.21734817131599e7:7.432126747378612e7:462186.1066023021:387314.71841473586:107929.45585644088:26896.070102976304:21406.55470652999:176.5749432891635:87.99435979751888:44.77912029115923:1.8552399329641929,3.1631600371665776e-5
5,5,5,5:0:-1,5:1:0,13888,7,3.282215527015889e9:3.1580296279372735e9:4.5202635511932814e8:2.4445245031417963e8:1.3760735165754482e8:1.7987364758502625e7:1.6359699593610276e7:165113.01396357434:136475.02520812897:36694.14594088664:9125.199655997976:7302.41417064386:94.95251233158041:46.49650180449041:23.492571381025577:1.4812801702887226,4.746121290434595e-5
5,5,5,-5:1:-1,5:1:1,10304,7,2.8859788756169343e9:2.7752232948953104e9:3.964256049400835e8:2.14069255039569e8:1.2028623868069951e8:1.5726633784993839e7:1.4309871936142532e7:150596.26696250986:124354.302123641:33351.8941992449:8292.795739594561:6639.317285596001:89.87156657557884:43.93464414635697:22.186362396276603:1.451553672933107,4.922272009492282e-5
5,5,5,-4:1:-1,4:1:1,20608,7,1.140619159295589e10:1.1048217962130844e10:1.6208114763728058e9:8.922225249213674e8:5.130509656494073e8:6.69264420411984e7:6.058004345412857e7:402752.52066220465:336772.48629208095:93308.84151126983:23244.308752316632:18514.294335578852:162.42465487769704:80.75918180886678:41.05149289885062:1.8004259445451622,3.3387659443547075e-5
5,5,5,-3:1:-1,3:1:1,24719,7,5.862553742010168e10:5.7550891385307655e10:8.89781765858546e9:5.083158920424805e9:3.045224423061295e9:3.970553128602366e8:3.5687764339959306e8:1.303514694528193e6:1.1156481652894537e6:328701.7383288366:82299.41186163067:65111.74039938878:333.43220236285305:169.1237115988025:86.99079387340026:2.3260341628179013,2.1124580638911754e-5
5,5,5,-2:1:-1,2:1:1,28830,7,4.07453318685477e11:4.0436951812009283e11:7.136693281919295e10:4.399818527848959e10:2.826419242214537e10:3.7628176297019377e9:3.3670875506002746e9:5.252686098363538e6:4.713120491427885e6:1.5749762431001603e6:403395.3269052933:317341.18941478996:802.5051507562958:419.95662283100273:221.56433604211733:3.171925672323021,1.248001670188002e-5
5,5,5,2:1:-1,2:1:1,28830,7,4.0745331868547687e11:4.043695181200925e11:7.13669328191929e10:4.399818527848955e10:2.826419242214537e10:3.762817629701944e9:3.3670875506002703e9:5.2526860983635625e6:4.713120491428378e6:1.5749762430994357e6:403395.32690344134:317341.18941522995:802.5051507520043:419.95662542833884:221.56433408970426:3.171925597966801,1.248001670188019e-5
5,5,5,3:1:-1,3:1:1,24719,7,5.862553742010169e10:5.755089138530767e10:8.897817658585463e9:5.083158920424804e9:3.0452244230612955e9:3.9705531286023647e8:3.568776433995933e8:1.3035146945282056e6:1.11564816528946e6:328701.73832885706:82299.4118616391:65111.74039931931:333.4322022942393:169.12371146034033:86.99079261015086:2.326034193212227,2.1124580638911927e-5
5,5,5,4:1:-1,4:1:1,20608,7,1.140619159295589e10:1.1048217962130844e10:1.6208114763728056e9:8.922225249213673e8:5.130509656494071e8:6.69264420411984e7:6.058004345412863e7:402752.5206622112:336772.48629207804:93308.84151133719:23244.30875230297:18514.294335561986:162.42465486584325:80.75918189599417:41.051492735112106:1.800425997852962,3.338765944354792e-5
5,5,5,5:1:-1,5:1:1,10304,7,2.885978875616934e9:2.7752232948953104e9:3.964256049400834e8:2.1406925503956887e8:1.2028623868069947e8:1.5726633784993837e7:1.4309871936142545e7:150596.2669625096:124354.30212363414:33351.89419923946:8292.795739648875:6639.317285593903:89.87156657648254:43.9346441409935:22.18636245774143:1.451553662544095,4.922272009492202e-5
5,5,5,-5:2:-1,5:2:1,6720,7,2.0138117998192868e9:1.9336892821969597e9:2.747625011215713e8:1.478068764850197e8:8.26616459355474e7:1.0813860071253067e7:9.851331577819915e6:116427.62547374582:95893.72712091928:25552.8655501637:6350.954945660324:5091.040991775103:77.0922198118319:37.504920963993435:18.912565823265627:1.3712932688613688,5.450959522551921e-5
5,5,5,-4:2:-1,4:2:1,13440,7,6.779397404475343e9:6.546390583072648e9:9.494164219104236e8:5.18329870142728e8:2.9515401653807896e8:3.85337598562283e7:3.4953067531985916e7:277473.67421618296:230781.70497465204:63056.695710870226:15695.417863548546:12526.76258665497:129.67203824230023:64.07506906491392:32.481220461144154:1.6598375161993926,3.866072722985952e-5
5,5,5,-3:2:-1,3:2:1,20670,7,2.6443941361342793e10:2.5770429238083595e10:3.8695676278103986e9:2.1658419882467594e9:1.26923597564873e9:1.6542257947206816e8:1.4919582739044663e8:735931.6848422313:621893.6078345242:177157.08691396908:44216.68346378946:35098.620581784555:234.50035910224346:117.76569975664063:60.18381984476071:2.0530634722335,2.6370206755362844e-5
5,5,5,-2:2:-1,2:2:1,27900,7,1.1254657441660258e11:1.1129775399288773e11:1.7754818035463997e10:1.0358925521460949e10:6.339212855487378e9:8.285029759084693e8:7.428113725709659e8:2.0841008550075053e6:1.8070358520207806e6:551043.1636765014:138570.69717999388:109349.47086995258:446.54887259265126:228.5519208174578:118.34798937263221:2.578839583427844,1.7643634631165e-5
5,5,5,-1:2:-1,2:1:1,28830,7,4.074533186854768e11:4.043695181200926e11:7.136693281919292e10:4.399818527848953e10:2.826419242214537e10:3.7628176297019396e9:3.367087550600271e9:5.252686098363331e6:4.713120491427853e6:1.5749762431022138e6:403395.32690410735:317341.18941586546:802.5051509551568:419.95662352472004:221.5643337170499:3.171925650351947,1.2480016701880465e-5
5,5,5,1:2:-1,2:1:1,28830,7,4.07453318685477e11:4.043695181200927e11:7.136693281919292e10:4.399818527848955e10:2.826419242214538e10:3.7628176297019434e9:3.367087550600271e9:5.252686098363516e6:4.7131204914277755e6:1.5749762431009375e6:403395.3269042674:317341.18941629166:802.5051477896614:419.95662298837436:221.56433105082164:3.1719252601410135,1.2480016701880173e-5
5,5,5,2:2:-1,2:2:1,27900,7,1.125465744166026e11:1.1129775399288771e11:1.7754818035463993e10:1.0358925521460945e10:6.339212855487377e9:8.285029759084692e8:7.428113725709662e8:2.0841008550073237e6:1.8070358520209745e6:551043.1636764809:138570.6971799805:109349.47087009372:446.54887324610314:228.55192144185187:118.34798815276795:2.5788393611897087,1.7643634631164942e-5
5,5,5,3:2:-1,3:2:1,20670,7,2.644394136134279e10:2.5770429238083565e10:3.869567627810398e9:2.16584198824676e9:1.2692359756487296e9:1.6542257947206825e8:1.4919582739044663e8:735931.6848422469:621893.6078344882:177157.08691403444:44216.683463727306:35098.620581743686:234.5003590996791:117.7656997117868:60.18381989141892:2.053063480659796,2.6370206755362763e-5
5,5,5,4:2:-1,4:2:1,13440,7,6.779397404475343e9:6.546390583072643e9:9.494164219104236e8:5.1832987014272755e8:2.951540165380789e8:3.853375985622831e7:3.495306753198594e7:277473.67421618075:230781.70497466446:63056.69571086614:15695.417863610699:12526.762586651514:129.67203825499664:64.07506913165162:32.48122042638313:1.6598375139904087,3.8660727229860376e-5
5,5,5,5:2:-1,5:2:1,6720,7,2.013811799819286e9:1.9336892821969595e9:2.747625011215712e8:1.4780687648501968e8:8.266164593554743e7:1.0813860071253063e7:9.851331577819923e6:116427.62547374504:95893.72712092065:25552.86555016583:6350.954945659754:5091.040991772722:77.09221980950531:37.50492099377143:18.912565829184246:1.3712932689194772,5.450959522551941e-5
5,5,5,-5:3:-1,5:3:1,3360,7,1.1876358516594822e9:1.1382256997254133e9:1.6064286009923887e8:8.599582041611324e7:4.7800229240498126e7:6.258370822073975e6:5.710423978920542e6:79820.43979114165:65523.879907465074:17316.62030306827:4301.175130658878:3454.0885372148723:61.62610129530052:29.752973889031693:14.974585462842857:1.2607410668281887,6.332798132093528e-5
5,5,5,-4:3:-1,4:3:1,6720,7,3.282215527015889e9:3.158029627937273e9:4.5202635511932796e8:2.4445245031417954e8:1.376073516575448e8:1.7987364758502614e7:1.635969959361028e7:165113.0139635751:136475.02520812783:36694.1459409475:9125.199656003906:7302.4141706339215:94.95251233015865:46.49650182410127:23.492571376138006:1.4812801788487209,4.746121290434814e-5
5,5,5,-3:3:-1,3:3:1,13695,7,9.506964088105146e9:9.198158092760416e9:1.3436923985480611e9:7.374208631516943e8:4.225211557288056e8:5.513210573654227e7:4.994158036641424e7:353490.7127796989:295001.7562010452:81316.88117634266:20250.767323421525:16141.458441879606:150.0861435856039:74.46337535239391:37.81321102434853:1.7499359572834159,3.514459911780794e-5
5,5,5,-2:3:-1,3:2:1,20670,7,2.6443941361342777e10:2.577042923808357e10:3.8695676278103995e9:2.165841988246758e9:1.2692359756487303e9:1.6542257947206828e8:1.4919582739044666e8:735931.6848422027:621893.6078346189:177157.0869145303:44216.68346355166:35098.620581764204:234.50035906653625:117.76569969596517:60.18381981602123:2.0530635252817113,2.6370206755366317e-5
5,5,5,-1:3:-1,3:1:1,24719,7,5.862553742010171e10:5.755089138530768e10:8.897817658585466e9:5.083158920424806e9:3.0452244230612955e9:3.9705531286023647e8:3.5687764339959323e8:1.3035146945282123e6:1.1156481652894656e6:328701.73832927935:82299.41186166693:65111.7403993538:333.4322021456702:169.12371188247116:86.99079387538929:2.326034270072183,2.112458063891302e-5
5,5,5,0:3:-1,3:1:0,28768,7,8.001743209958807e10:7.881301764274292e10:1.2356263505541935e10:7.126373816695585e9:4.311235292360365e9:5.625798636374247e8:5.050199675743039e8:1.6302979984201093e6:1.4035500874213877e6:420008.3966509596:105351.6037881827:83244.6122769942:383.0993519798622:195.1286698683433:100.66928441030316:2.4430296419623243,1.9381849290438797e-5
5,5,5,1:3:-1,3:1:1,24719,7,5.8625537420101685e10:5.755089138530769e10:8.897817658585464e9:5.083158920424804e9:3.0452244230612955e9:3.970553128602364e8:3.568776433995931e8:1.3035146945282067e6:1.1156481652894497e6:328701.73832932045:82299.41186167866:65111.74039934735:333.4322024808136:169.12371187408854:86.99079276345344:2.3260343272225534,2.1124580638912947e-5
5,5,5,2:3:-1,3:2:1,20670,7,2.644394136134279e10:2.577042923808356e10:3.8695676278103976e9:2.1658419882467575e9:1.26923597564873e9:1.654225794720682e8:1.4919582739044666e8:735931.6848422237:621893.6078346169:177157.0869139759:44216.68346380132:35098.62058177443:234.5003590925895:117.76569963048193:60.18381988318462:2.0530634795873204,2.6370206755364328e-5
5,5,5,3:3:-1,3:3:1,13695,7,9.506964088105146e9:9.198158092760414e9:1.343692398548061e9:7.374208631516937e8:4.225211557288058e8:5.513210573654228e7:4.994158036641421e7:353490.7127796979:295001.7562011164:81316.88117632327:20250.767323426815:16141.458441878653:150.08614360018893:74.46337536443939:37.813210805768044:1.7499359864078234,3.514459911781101e-5
5,5,5,4:3:-1,4:3:1,6720,7,3.282215527015889e9:3.158029627937273e9:4.5202635511932796e8:2.4445245031417954e8:1.376073516575448e8:1.7987364758502614e7:1.635969959361028e7:165113.0139635751:136475.02520812783:36694.1459409475:9125.199656003906:7302.4141706339215:94.95251233015865:46.49650182410127:23.492571376138006:1.4812801788487209,4.746121290434814e-5
5,5,5,5:3:-1,5:3:1,3360,7,1.1876358516594813e9:1.1382256997254133e9:1.606428600992388e8:8.59958204161132e7:4.7800229240498126e7:6.258370822073966e6:5.710423978920541e6:79820.43979114178:65523.879907466435:17316.620303067768:4301.175130658652:3454.088537215455:61.6261012964897:29.7529738906586:14.974585462686095:1.260741066626748,6.332798132093582e-5
5,5,5,-3:4:-1,4:3:1,6720,7,3.28221552701589e9:3.158029627937273e9:4.520263551193282e8:2.4445245031417972e8:1.3760735165754485e8:1.798736475850263e7:1.6359699593610277e7:165113.0139635741:136475.0252081303:36694.145940980095:9125.199655984808:7302.41417063395:94.9525123368409:46.496501818658565:23.492571417937924:1.4812801671597369,4.7461212904349334e-5
5,5,5,-2:4:-1,4:2:1,13440,7,6.779397404475344e9:6.546390583072644e9:9.494164219104234e8:5.1832987014272743e8:2.951540165380787e8:3.853375985622834e7:3.4953067531985946e7:277473.6742162035:230781.7049746426:63056.695710783155:15695.417863580635:12526.762586644:129.67203820059794:64.07506908394859:32.48122041842863:1.659837521296518,3.866072722985906e-5
5,5,5,-1:4:-1,4:1:1,20608,7,1.1406191592955889e10:1.1048217962130842e10:1.6208114763728049e9:8.922225249213673e8:5.130509656494071e8:6.692644204119842e7:6.0580043454128586e7:402752.52066221123:336772.4862920757:93308.84151121539:23244.30875228148:18514.2943355877:162.42465485120178:80.75918190482626:41.051492845829074:1.8004259882355167,3.33876594435465e-5
5,5,5,0:4:-1,4:1:0,27776,7,1.3821982716073511e10:1.3405111729405413e10:1.9759468408737683e9:1.0914389183263752e9:6.301010139489411e8:8.217348171315989e7:7.432126747378613e7:462186.1066023022:387314.71841472964:107929.45585643724:26896.07010298715:21406.55470653068:176.57494326105814:87.99435976077673:44.779120326315805:1.8552399305533922,3.1631600371665566e-5
5,5,5,1:4:-1,4:1:1,20608,7,1.1406191592955881e10:1.1048217962130838e10:1.620811476372805e9:8.922225249213669e8:5.130509656494076e8:6.69264420411984e7:6.058004345412855e7:402752.5206622191:336772.486292083:93308.84151124427:23244.30875229018:18514.294335568848:162.42465490057015:80.75918194070124:41.05149278699058:1.8004259643453613,3.3387659443547475e-5
5,5,5,2:4:-1,4:2:1,13440,7,6.779397404475345e9:6.546390583072648e9:9.494164219104236e8:5.183298701427278e8:2.951540165380789e8:3.853375985622832e7:3.495306753198593e7:277473.6742161878:230781.70497465087:63056.69571089514:15695.417863566108:12526.76258666057:129.67203824320396:64.07506907914447:32.481220443836484:1.6598375125345923,3.866072722986037e-5
5,5,5,3:4:-1,4:3:1,6720,7,3.28221552701589e9:3.158029627937272e9:4.5202635511932814e8:2.4445245031417966e8:1.3760735165754482e8:1.798736475850261e7:1.6359699593610287e7:165113.013963574:136475.02520813112:36694.145940960545:9125.19965599497:7302.414170630033:94.95251231881369:46.49650182296134:23.49257138857224:1.481280168800027,4.746121290434878e-5
5,5,5,-3:5:-1,5:3:1,3360,7,1.1876358516594815e9:1.1382256997254136e9:1.606428600992389e8:8.599582041611329e7:4.780022924049814e7:6.258370822073968e6:5.710423978920547e6:79820.43979114176:65523.879907465314:17316.62030306691:4301.175130657944:3454.088537216324:61.62610129264414:29.752973889591694:14.974585464642665:1.2607410666527585,6.332798132093529e-5
5,5,5,-2:5:-1,5:2:1,6720,7,2.0138117998192868e9:1.933689282196959e9:2.747625011215713e8:1.4780687648501974e8:8.26616459355474e7:1.081386007125306e7:9.851331577819921e6:116427.62547374621:95893.72712091966:25552.86555016079:6350.954945660982:5091.040991772743:77.09221980459968:37.50492097206115:18.912565876061706:1.3712932640426332,5.4509595225519226e-5
5,5,5,-1:5:-1,5:1:1,10304,7,2.885978875616934e9:2.7752232948953094e9:3.9642560494008327e8:2.1406925503956875e8:1.2028623868069945e8:1.572663378499384e7:1.430987193614253e7:150596.266962509:124354.30212363997:33351.89419923765:8292.79573959731:6639.317285595174:89.87156657948276:43.93464415768964:22.186362463011008:1.4515536508161568,4.922272009492223e-5
5,5,5,0:5:-1,5:1:0,13888,7,3.282215527015889e9:3.1580296279372745e9:4.520263551193281e8:2.4445245031417954e8:1.3760735165754473e8:1.7987364758502614e7:1.6359699593610285e7:165113.01396357358:136475.02520812812:36694.14594095432:9125.199655996463:7302.414170634809:94.95251232495394:46.496501819091584:23.492571382001792:1.4812801706777505,4.7461212904348114e-5
5,5,5,1:5:-1,5:1:1,10304,7,2.8859788756169357e9:2.7752232948953114e9:3.964256049400834e8:2.1406925503956902e8:1.2028623868069948e8:1.5726633784993831e7:1.4309871936142545e7:150596.26696250588:124354.30212364165:33351.89419919989:8292.795739597039:6639.317285595923:89.87156657740512:43.934644150470206:22.1863624764929:1.4515536581344222,4.9222720094920294e-5
5,5,5,2:5:-1,5:2:1,6720,7,2.0138117998192856e9:1.9336892821969585e9:2.747625011215713e8:1.4780687648501968e8:8.266164593554738e7:1.081386007125306e7:9.851331577819925e6:116427.62547374584:95893.72712091857:25552.865550161758:6350.954945660803:5091.040991773487:77.09221982107697:37.504920967356846:18.912565827777502:1.3712932706793812,5.450959522551896e-5
5,5,5,3:5:-1,5:3:1,3360,7,1.187635851659482e9:1.1382256997254136e9:1.6064286009923884e8:8.599582041611327e7:4.780022924049811e7:6.258370822073969e6:5.710423978920543e6:79820.43979114183:65523.87990746551:17316.620303069863:4301.1751306563465:3454.088537214996:61.6261012874852:29.752973893478707:14.974585461769102:1.2607410669374768,6.332798132093562e-5
5,5,5,-3:-5:0,5:3:0,6720,7,1.406784808738043e9:1.332852950622098e9:1.806332510011247e8:9.399594299653909e7:5.0273766660595745e7:6.628832253779276e6:6.116276333823973e6:89723.36959249129:72260.26201420094:18116.926622071645:4507.62276608062:3648.8211893500034:64.8654220730878:31.083064468291525:15.491495016951088:1.2821068117709027,5.990140686589935e-5
5,5,5,-2:-5:0,5:2:0,13440,7,2.454659531465873e9:2.325670717577276e9:3.151730841072117e8:1.6401252212260598e8:8.771527066964966e7:1.1566622211253297e7:1.0672063737733852e7:133484.95986884146:107521.41865217732:26946.200950797607:6709.114143129653:5427.636029681735:81.86417070330862:39.47144058464849:19.681477071844526:1.3979582012391942,5.107671438732199e-5
5,5,5,-1:-5:0,5:1:0,13888,7,3.597209768467503e9:3.408192858590122e9:4.6186635075463235e8:2.4035551425109e8:1.285380862379126e8:1.695058260071662e7:1.563945247698312e7:175343.1342579191:141251.30640947612:35390.39935840793:8815.277680942185:7128.9603910026935:96.0949403412143:46.50531846502418:23.19533142966371:1.4826191029496392,4.578450018050173e-5
5,5,5,0:-5:0,5:0:0,14336,7,4.126468435192833e9:3.909645712940292e9:5.2981793199374145e8:2.757196470184417e8:1.4744791440395513e8:1.9444580982375037e7:1.7940471496467914e7:193391.3610711159:155795.3306031785:39031.10860016214:9723.49531458754:7862.50428893974:101.7980458275761:49.32648742228182:24.60476681848176:1.5141010371728092,4.4020861807565024e-5
5,5,5,1:-5:0,5:1:0,13888,7,3.5972097684675045e9:3.4081928585901246e9:4.6186635075463283e8:2.4035551425108993e8:1.285380862379126e8:1.6950582600716613e7:1.563945247698315e7:175343.1342579198:141251.30640947793:35390.39935841291:8815.277680965994:7128.96039097397:96.09494033177825:46.505318457045796:23.19533142581357:1.482619108543236,4.578450018050219e-5
5,5,5,2:-5:0,5:2:0,13440,7,2.454659531465872e9:2.3256707175772753e9:3.1517308410721177e8:1.64012522122606e8:8.771527066964965e7:1.1566622211253297e7:1.0672063737733858e7:133484.9598688417:107521.41865217626:26946.20095079703:6709.1141431363185:5427.636029699553:81.86417070648193:39.471440584358234:19.68147706847597:1.3979582010173996,5.107671438732209e-5
5,5,5,3:-5:0,5:3:0,6720,7,1.4067848087380433e9:1.3328529506220975e9:1.8063325100112462e8:9.399594299653904e7:5.0273766660595745e7:6.628832253779271e6:6.116276333823962e6:89723.369592491:72260.26201420059:18116.92662207195:4507.622766080404:3648.821189347846:64.86542207313673:31.083064467705128:15.49149501785756:1.2821068123129244,5.9901406865899114e-5
5,5,5,-3:-4:0,4:3:0,13440,7,4.1264684351928344e9:3.9096457129402947e9:5.2981793199374163e8:2.757196470184416e8:1.4744791440395522e8:1.9444580982375085e7:1.79404714964679e7:193391.3610711151:155795.33060317786:39031.10860016014:9723.495314591037:7862.504288957141:101.79804583068676:49.32648742488506:24.60476682298298:1.5141010340906893,4.4020861807564895e-5
5,5,5,-2:-4:0,4:2:0,26880,7,9.010397551349924e9:8.536998830040991e9:1.1568576317192037e9:6.020567635283458e8:3.219395060396285e8:4.2459025133229464e7:3.917391740691803e7:337704.65278024063:272096.2204518695:68139.05739032412:16986.846467193976:13727.551675344794:141.4300201092495:68.95773903443114:34.41341313339367:1.7047458631898262,3.520591378938936e-5
5,5,5,-1:-4:0,4:1:0,27776,7,1.5913508569920406e10:1.5077476005157347e10:2.0431234537840161e9:1.0633151645628392e9:5.685627423125677e8:7.49886663608902e7:6.918590548275113e7:506856.2695107811:408423.74932581914:102252.70124745335:25502.023358857103:20601.574299719112:179.83306091799955:88.01107316028519:43.93448894897825:1.8568872676114685,2.9919536961570127e-5
5,5,5,0:-4:0,4:0:0,28672,7,1.9674934920020573e10:1.8641312472769466e10:2.526036023666087e9:1.3146502524704382e9:7.029425057627344e8:9.271376182915975e7:8.553907255414264e7:589755.8016343449:475238.83995231165:118970.45091446715:29675.636999666567:23970.348974561606:196.71948786869075:96.39583952911786:48.124668144574514:1.9167378345273938,2.815784283443831e-5
5,5,5,1:-4:0,4:1:0,27776,7,1.59135085699204e10:1.5077476005157345e10:2.043123453784016e9:1.0633151645628392e9:5.685627423125675e8:7.498866636089018e7:6.918590548275113e7:506856.2695107797:408423.7493258191:102252.70124744928:25502.023358854814:20601.57429727967:179.8330609700727:88.01107319426973:43.93448892527329:1.8568872751091685,2.9919536961566593e-5
5,5,5,2:-4:0,4:2:0,26880,7,9.01039755134993e9:8.536998830040992e9:1.156857631719204e9:6.02056763528346e8:3.219395060396285e8:4.245902513322947e7:3.917391740691801e7:337704.6527802406:272096.22045186855:68139.05739032806:16986.84646717766:13727.551675358753:141.4300201071993:68.9577390323688:34.41341315209018:1.704745864807333,3.520591378938932e-5
5,5,5,3:-4:0,4:3:0,13440,7,4.126468435192833e9:3.909645712940292e9:5.298179319937416e8:2.757196470184417e8:1.4744791440395516e8:1.9444580982375063e7:1.79404714964679e7:193391.3610711158:155795.33060317812:39031.10860015305:9723.495314591393:7862.504288946362:101.79804583547573:49.32648742704252:24.604766854027403:1.51410103132428,4.402086180756479e-5
5,5,5,-5:-3:0,5:3:0,6720,7,1.4067848087380433e9:1.3328529506220982e9:1.8063325100112468e8:9.399594299653903e7:5.027376666059575e7:6.628832253779269e6:6.116276333823971e6:89723.36959249114:72260.26201420055:18116.9266220651:4507.622766081174:3648.8211893490165:64.86542207208477:31.083064467938705:15.491495018321585:1.282106811958193,5.9901406865898626e-5
5,5,5,-4:-3:0,4:3:0,13440,7,4.126468435192832e9:3.9096457129402933e9:5.2981793199374133e8:2.757196470184418e8:1.4744791440395528e8:1.9444580982375078e7:1.794047149646791e7:193391.36107111516:155795.3306031784:39031.10860016238:9723.495314585682:7862.504288948792:101.7980458185981:49.32648742221899:24.60476682613602:1.5141010423428742,4.402086180756495e-5
5,5,5,-3:-3:0,3:3:0,20640,7,1.3028287171711893e10:1.234381909246171e10:1.6727014043751538e9:8.70527567291266e8:4.6548504457268757e8:6.139256819710875e7:5.664211533597961e7:439400.77837033453:354057.2024247501:88649.00140107583:22106.1247178126:17860.346338859064:165.25294941352587:80.77451819760073:40.3182292890575:1.8020278802114758,3.168144677259524e-5
5,5,5,-2:-3:0,3:2:0,27840,7,4.069300306619178e10:3.855532401828297e10:5.224427204185898e9:2.7190628311920476e9:1.4538124464159238e9:1.9175834879866514e8:1.769170185939729e8:990852.5202933413:798526.3745031729:199851.09274367287:49871.3148007131:40269.00521885568:267.64715908564966:131.64547514648388:65.74141439851591:2.1354624149806614,2.2874053699515054e-5
5,5,5,-1:-3:0,3:1:0,28768,7,1.0193180283771246e11:9.65774547430991e10:1.3086435042089716e10:6.811014173687501e9:3.641501494456844e9:4.803390585153027e8:4.43157614381852e8:1.9088100613893392e6:1.538449995095574e6:384937.8775863907:96098.89436882593:77568.33957486972:395.296918976648:195.16578044575454:97.49010023646032:2.4451679531067656,1.759220263660679e-5
5,5,5,0:-3:0,3:0:0,29696,7,1.4738626041415112e11:1.3964440107568826e11:1.892196424034238e10:9.848269777802462e9:5.265284425678052e9:6.945386506002452e8:6.407742585726038e8:2.483828286532757e6:2.0019613361275827e6:500871.43438194395:125059.06621652847:100932.26350795894:462.4242175661371:228.5953960497527:114.19986733065234:2.581091650759407,1.5832015899220363e-5
5,5,5,1:-3:0,3:1:0,28768,7,1.0193180283771245e11:9.657745474309908e10:1.3086435042089718e10:6.811014173687501e9:3.641501494456844e9:4.803390585153026e8:4.43157614381852e8:1.908810061389336e6:1.5384499950955838e6:384937.8775860996:96098.8943687703:77568.33957788578:395.296918595184:195.1657807082682:97.49010189963958:2.445168043003989,1.7592202636607154e-5
5,5,5,2:-3:0,3:2:0,27840,7,4.069300306619178e10:3.855532401828297e10:5.224427204185898e9:2.7190628311920476e9:1.4538124464159238e9:1.91758348798665e8:1.7691701859397253e8:990852.5202933389:798526.3745031737:199851.09274358558:49871.31480088349:40269.00521855359:267.6471590984976:131.645475167724:65.7414146256572:2.1354624039000734,2.287405369951474e-5
5,5,5,3:-3:0,3:3:0,20640,7,1.3028287171711893e10:1.2343819092461714e10:1.6727014043751538e9:8.705275672912656e8:4.654850445726876e8:6.139256819710879e7:5.664211533597952e7:439400.7783703344:354057.20242475:88649.00140104626:22106.12471783915:17860.346339178504:165.25294943013662:80.77451822112047:40.31822944071595:1.8020278500311244,3.168144677259559e-5
5,5,5,4:-3:0,4:3:0,13440,7,4.126468435192832e9:3.9096457129402933e9:5.2981793199374133e8:2.757196470184418e8:1.4744791440395528e8:1.9444580982375078e7:1.794047149646791e7:193391.36107111516:155795.3306031784:39031.10860016238:9723.495314585682:7862.504288948792:101.7980458185981:49.32648742221899:24.60476682613602:1.5141010423428742,4.402086180756495e-5
5,5,5,5:-3:0,5:3:0,6720,7,1.406784808738043e9:1.3328529506220968e9:1.806332510011246e8:9.3995942996539e7:5.027376666059573e7:6.628832253779268e6:6.116276333823973e6:89723.36959249129:72260.26201420059:18116.926622077248:4507.622766076682:3648.821189350817:64.86542207145963:31.08306446826457:15.491495017734872:1.2821068120100323,5.990140686589964e-5
5,5,5,-5:-2:0,5:2:0,13440,7,2.4546595314658723e9:2.3256707175772758e9:3.1517308410721165e8:1.6401252212260604e8:8.771527066964962e7:1.1566622211253304e7:1.0672063737733854e7:133484.95986884055:107521.41865217585:26946.20095080044:6709.114143138778:5427.636029709146:81.86417069925574:39.471440582504606:19.681477074300844:1.3979581995090724,5.1076714387322014e-5
5,5,5,-4:-2:0,4:2:0,26880,7,9.010397551349928e9:8.536998830040995e9:1.156857631719204e9:6.020567635283456e8:3.2193950603962845e8:4.245902513322945e7:3.917391740691802e7:337704.65278024087:272096.22045186814:68139.05739037097:16986.846467203777:13727.55167530871:141.43002010716603:68.95773903369285:34.41341317069377:1.704745867102579,3.520591378938982e-5
5,5,5,-3:-2:0,3:2:0,27840,7,4.069300306619181e10:3.8555324018282974e10:5.224427204185897e9:2.719062831192049e9:1.453812446415924e9:1.917583487986652e8:1.769170185939726e8:990852.5202933367:798526.3745031717:199851.09274376795:49871.31480060408:40269.00522009021:267.64715900507827:131.6454751799987:65.74141463199959:2.1354624235970117,2.2874053699515837e-5
5,5,5,-2:-2:0,2:2:0,28800,7,2.225803934311877e11:2.1088899225351703e11:2.857549043716835e10:1.4872730257616852e10:7.951440112963567e9:1.0488842127901503e9:9.676861151077901e8:3.3340185521140494e6:2.6872963595814863e6:672278.8496085447:167880.22857110665:135476.240612307:551.1245449938435:272.7871044749038:136.2897625658153:2.7415497220349145,1.4072044161225819e-5
5,5,5,2:-2:0,2:2:0,28800,7,2.2258039343118768e11:2.108889922535171e11:2.8575490437168346e10:1.4872730257616852e10:7.951440112963568e9:1.04888421279015e9:9.676861151077883e8:3.334018552114059e6:2.687296359581489e6:672278.8496084696:167880.22857115764:135476.2407100077:551.1245393591666:272.7871031292636:136.28976251858512:2.741549761052185,1.4072044161235702e-5
5,5,5,3:-2:0,3:2:0,27840,7,4.0693003066191795e10:3.855532401828298e10:5.224427204185901e9:2.7190628311920485e9:1.4538124464159238e9:1.917583487986652e8:1.7691701859397268e8:990852.5202933366:798526.3745031741:199851.09274360878:49871.31480079291:40269.00521862353:267.6471590823931:131.64547516297944:65.7414144115421:2.135462407840591,2.2874053699514743e-5
5,5,5,4:-2:0,4:2:0,26880,7,9.010397551349924e9:8.536998830040991e9:1.1568576317192037e9:6.020567635283458e8:3.219395060396284e8:4.245902513322947e7:3.9173917406918004e7:337704.65278024:272096.22045186925:68139.05739026764:16986.846467232357:13727.551675319517:141.4300201070484:68.95773903132229:34.413413143272514:1.7047458659411936,3.520591378938866e-5
5,5,5,5:-2:0,5:2:0,13440,7,2.4546595314658723e9:2.3256707175772743e9:3.151730841072117e8:1.6401252212260598e8:8.77152706696496e7:1.15666222112533e7:1.0672063737733843e7:133484.9598688407:107521.41865217661:26946.200950798902:6709.11414314069:5427.636029695315:81.86417071570585:39.471440582795026:19.68147706676631:1.397958200110873,5.107671438732203e-5
5,5,5,-5:-1:0,5:1:0,13888,7,3.5972097684675055e9:3.408192858590122e9:4.6186635075463235e8:2.4035551425108993e8:1.285380862379126e8:1.695058260071662e7:1.5639452476983126e7:175343.13425791977:141251.30640947568:35390.39935838529:8815.27768094963:7128.960391010006:96.09494033410778:46.505318462565995:23.195331458277213:1.482619105578223,4.578450018050115e-5
5,5,5,-4:-1:0,4:1:0,27776,7,1.5913508569920404e10:1.5077476005157347e10:2.0431234537840168e9:1.0633151645628386e9:5.685627423125677e8:7.498866636089018e7:6.918590548275107e7:506856.26951078244:408423.7493258175:102252.70124751292:25502.02335884335:20601.57429962941:179.8330609155032:88.01107315373676:43.9344889287322:1.8568872527162807,2.9919536961570395e-5
5,5,5,-3:-1:0,3:1:0,28768,7,1.0193180283771242e11:9.657745474309906e10:1.3086435042089718e10:6.811014173687504e9:3.6415014944568443e9:4.8033905851530254e8:4.431576143818513e8:1.9088100613893364e6:1.538449995095576e6:384937.87758648954:96098.8943691856:77568.33958117665:395.2969185223178:195.16578045129344:97.49010101320478:2.445168050798431,1.759220263660839e-5
5,5,5,3:-1:0,3:1:0,28768,7,1.0193180283771243e11:9.657745474309908e10:1.3086435042089718e10:6.811014173687499e9:3.6415014944568443e9:4.803390585153023e8:4.431576143818516e8:1.9088100613893329e6:1.5384499950955836e6:384937.87758658145:96098.8943688577:77568.33958067081:395.29691844307996:195.1657804539393:97.49010278691905:2.445168139667197,1.7592202636608306e-5
5,5,5,4:-1:0,4:1:0,27776,7,1.59135085699204e10:1.5077476005157347e10:2.043123453784016e9:1.0633151645628394e9:5.685627423125675e8:7.49886663608902e7:6.9185905482751e7:506856.2695107822:408423.74932581827:102252.70124744279:25502.023358916573:20601.574299516094:179.8330609549574:88.01107316190446:43.93448887297359:1.8568872417965852,2.9919536961569883e-5
5,5,5,5:-1:0,5:1:0,13888,7,3.5972097684675026e9:3.4081928585901213e9:4.6186635075463235e8:2.4035551425109005e8:1.2853808623791255e8:1.6950582600716613e7:1.5639452476983158e7:175343.13425791933:141251.30640947694:35390.39935840878:8815.277680956673:7128.960390958081:96.09494033842857:46.505318461458536:23.19533143506434:1.4826191040024896,4.578450018050173e-5
5,5,5,-5:0:0,5:0:0,14336,7,4.126468435192833e9:3.9096457129402914e9:5.2981793199374145e8:2.757196470184417e8:1.4744791440395516e8:1.944458098237505e7:1.7940471496467926e7:193391.36107111527:155795.3306031772:39031.10860016197:9723.495314662012:7862.5042889469405:101.7980458272728:49.326487423396316:24.604766822046663:1.5141010370616794,4.4020861807565336e-5
5,5,5,-4:0:0,4:0:0,28672,7,1.9674934920020573e10:1.8641312472769466e10:2.5260360236660857e9:1.314650252470439e9:7.029425057627344e8:9.271376182915975e7:8.553907255414271e7:589755.8016343458:475238.83995230356:118970.45091447153:29675.636999647268:23970.348974545417:196.71948786971598:96.39583952757812:48.124668129766015:1.91673783368502,2.8157842834438135e-5
5,5,5,-3:0:0,3:0:0,29696,7,1.4738626041415112e11:1.3964440107568823e11:1.8921964240342373e10:9.848269777802458e9:5.26528442567805e9:6.945386506002456e8:6.407742585726037e8:2.4838282865327536e6:2.0019613361275857e6:500871.43438205944:125059.06621698482:100932.26350777199:462.42421765537284:228.59539599439805:114.19986733129875:2.5810916494576914,1.5832015899220505e-5
5,5,5,3:0:0,3:0:0,29696,7,1.4738626041415112e11:1.3964440107568826e11:1.8921964240342377e10:9.848269777802464e9:5.26528442567805e9:6.945386506002452e8:6.40774258572604e8:2.4838282865327536e6:2.001961336127578e6:500871.4343819435:125059.06621661509:100932.26350729192:462.42421744098976:228.5953959932862:114.19986733068805:2.5810916532008026,1.583201589922025e-5
5,5,5,4:0:0,4:0:0,28672,7,1.9674934920020573e10:1.8641312472769466e10:2.5260360236660876e9:1.3146502524704387e9:7.029425057627344e8:9.271376182915974e7:8.553907255414255e7:589755.8016343457:475238.8399523129:118970.45091446598:29675.63699968233:23970.348974558186:196.7194878687487:96.39583952694336:48.124668129759:1.9167378344956671,2.8157842834438372e-5
5,5,5,5:0:0,5:0:0,14336,7,4.126468435192833e9:3.909645712940292e9:5.2981793199374145e8:2.7571964701844174e8:1.4744791440395516e8:1.9444580982375048e7:1.794047149646792e7:193391.3610711153:155795.3306031782:39031.108600161875:9723.495314587597:7862.504288943111:101.79804582714222:49.326487423569915:24.60476682204272:1.5141010370804195,4.402086180756492e-5
5,5,5,-5:1:0,5:1:0,13888,7,3.5972097684675055e9:3.408192858590122e9:4.6186635075463235e8:2.4035551425108993e8:1.285380862379126e8:1.695058260071662e7:1.5639452476983126e7:175343.13425791977:141251.30640947568:35390.39935838529:8815.27768094963:7128.960391010006:96.09494033410778:46.505318462565995:23.195331458277213:1.482619105578223,4.578450018050115e-5
5,5,5,-4:1:0,4:1:0,27776,7,1.5913508569920404e10:1.5077476005157347e10:2.0431234537840168e9:1.0633151645628386e9:5.685627423125677e8:7.498866636089018e7:6.918590548275107e7:506856.26951078244:408423.7493258175:102252.70124751292:25502.02335884335:20601.57429962941:179.8330609155032:88.01107315373676:43.9344889287322:1.8568872527162807,2.9919536961570395e-5
5,5,5,-3:1:0,3:1:0,28768,7,1.0193180283771242e11:9.657745474309906e10:1.3086435042089718e10:6.811014173687504e9:3.6415014944568443e9:4.8033905851530254e8:4.431576143818513e8:1.9088100613893364e6:1.538449995095576e6:384937.87758648954:96098.8943691856:77568.33958117665:395.2969185223178:195.16578045129344:97.49010101320478:2.445168050798431,1.759220263660839e-5
5,5,5,3:1:0,3:1:0,28768,7,1.0193180283771243e11:9.657745474309908e10:1.3086435042089718e10:6.811014173687499e9:3.6415014944568443e9:4.803390585153023e8:4.431576143818516e8:1.9088100613893329e6:1.5384499950955836e6:384937.87758658145:96098.8943688577:77568.33958067081:395.29691844307996:195.1657804539393:97.49010278691905:2.445168139667197,1.7592202636608306e-5
5,5,5,4:1:0,4:1:0,27776,7,1.59135085699204e10:1.5077476005157347e10:2.043123453784016e9:1.0633151645628394e9:5.685627423125675e8:7.49886663608902e7:6.9185905482751e7:506856.2695107822:408423.74932581827:102252.70124744279:25502.023358916573:20601.574299516094:179.8330609549574:88.01107316190446:43.93448887297359:1.8568872417965852,2.9919536961569883e-5
5,5,5,5:1:0,5:1:0,13888,7,3.5972097684675026e9:3.4081928585901213e9:4.6186635075463235e8:2.4035551425109005e8:1.2853808623791255e8:1.6950582600716613e7:1.5639452476983158e7:175343.13425791933:141251.30640947694:35390.39935840878:8815.277680956673:7128.960390958081:96.09494033842857:46.505318461458536:23.19533143506434:1.4826191040024896,4.578450018050173e-5
5,5,5,-5:2:0,5:2:0,13440,7,2.4546595314658723e9:2.3256707175772758e9:3.1517308410721165e8:1.6401252212260604e8:8.771527066964962e7:1.1566622211253304e7:1.0672063737733854e7:133484.95986884055:107521.41865217585:26946.20095080044:6709.114143138778:5427.636029709146:81.86417069925574:39.471440582504606:19.681477074300844:1.3979581995090724,5.1076714387322014e-5
5,5,5,-4:2:0,4:2:0,26880,7,9.010397551349928e9:8.536998830040995e9:1.156857631719204e9:6.020567635283456e8:3.2193950603962845e8:4.245902513322945e7:3.917391740691802e7:337704.65278024087:272096.22045186814:68139.05739037097:16986.846467203777:13727.55167530871:141.43002010716603:68.95773903369285:34.41341317069377:1.704745867102579,3.520591378938982e-5
5,5,5,-3:2:0,3:2:0,27840,7,4.069300306619181e10:3.8555324018282974e10:5.224427204185897e9:2.719062831192049e9:1.453812446415924e9:1.917583487986652e8:1.769170185939726e8:990852.5202933367:798526.3745031717:199851.09274376795:49871.31480060408:40269.00522009021:267.64715900507827:131.6454751799987:65.74141463199959:2.1354624235970117,2.2874053699515837e-5
5,5,5,-2:2:0,2:2:0,28800,7,2.225803934311877e11:2.1088899225351703e11:2.857549043716835e10:1.4872730257616852e10:7.951440112963567e9:1.0488842127901503e9:9.676861151077901e8:3.3340185521140494e6:2.6872963595814863e6:672278.8496085447:167880.22857110665:135476.240612307:551.1245449938435:272.7871044749038:136.2897625658153:2.7415497220349145,1.4072044161225819e-5
5,5,5,2:2:0,2:2:0,28800,7,2.2258039343118768e11:2.108889922535171e11:2.8575490437168346e10:1.4872730257616852e10:7.951440112963568e9:1.04888421279015e9:9.676861151077883e8:3.334018552114059e6:2.687296359581489e6:672278.8496084696:167880.22857115764:135476.2407100077:551.1245393591666:272.7871031292636:136.28976251858512:2.741549761052185,1.4072044161235702e-5
5,5,5,3:2:0,3:2:0,27840,7,4.0693003066191795e10:3.855532401828298e10:5.224427204185901e9:2.7190628311920485e9:1.4538124464159238e9:1.917583487986652e8:1.7691701859397268e8:990852.5202933366:798526.3745031741:199851.09274360878:49871.31480079291:40269.00521862353:267.6471590823931:131.64547516297944:65.7414144115421:2.135462407840591,2.2874053699514743e-5
5,5,5,4:2:0,4:2:0,26880,7,9.010397551349924e9:8.536998830040991e9:1.1568576317192037e9:6.020567635283458e8:3.219395060396284e8:4.245902513322947e7:3.9173917406918004e7:337704.65278024:272096.22045186925:68139.05739026764:16986.846467232357:13727.551675319517:141.4300201070484:68.95773903132229:34.413413143272514:1.7047458659411936,3.520591378938866e-5
5,5,5,5:2:0,5:2:0,13440,7,2.4546595314658723e9:2.3256707175772743e9:3.151730841072117e8:1.6401252212260598e8:8.77152706696496e7:1.15666222112533e7:1.0672063737733843e7:133484.9598688407:107521.41865217661:26946.200950798902:6709.11414314069:5427.636029695315:81.86417071570585:39.471440582795026:19.68147706676631:1.397958200110873,5.107671438732203e-5
5,5,5,-5:3:0,5:3:0,6720,7,1.4067848087380433e9:1.3328529506220982e9:1.8063325100112468e8:9.399594299653903e7:5.027376666059575e7:6.628832253779269e6:6.116276333823971e6:89723.36959249114:72260.26201420055:18116.9266220651:4507.622766081174:3648.8211893490165:64.86542207208477:31.083064467938705:15.491495018321585:1.282106811958193,5.9901406865898626e-5
5,5,5,-4:3:0,4:3:0,13440,7,4.126468435192832e9:3.9096457129402933e9:5.2981793199374133e8:2.757196470184418e8:1.4744791440395528e8:1.9444580982375078e7:1.794047149646791e7:193391.36107111516:155795.3306031784:39031.10860016238:9723.495314585682:7862.504288948792:101.7980458185981:49.32648742221899:24.60476682613602:1.5141010423428742,4.402086180756495e-5
5,5,5,-3:3:0,3:3:0,20640,7,1.3028287171711893e10:1.234381909246171e10:1.6727014043751538e9:8.70527567291266e8:4.6548504457268757e8:6.139256819710875e7:5.664211533597961e7:439400.77837033453:354057.2024247501:88649.00140107583:22106.1247178126:17860.346338859064:165.25294941352587:80.77451819760073:40.3182292890575:1.8020278802114758,3.168144677259524e-5
5,5,5,-2:3:0,3:2:0,27840,7,4.069300306619178e10:3.855532401828297e10:5.224427204185898e9:2.7190628311920476e9:1.4538124464159238e9:1.9175834879866514e8:1.769170185939729e8:990852.5202933413:798526.3745031729:199851.09274367287:49871.3148007131:40269.00521885568:267.64715908564966:131.64547514648388:65.74141439851591:2.1354624149806614,2.2874053699515054e-5
5,5,5,-1:3:0,3:1:0,28768,7,1.0193180283771246e11:9.65774547430991e10:1.3086435042089716e10:6.811014173687501e9:3.641501494456844e9:4.803390585153027e8:4.43157614381852e8:1.9088100613893392e6:1.538449995095574e6:384937.8775863907:96098.89436882593:77568.33957486972:395.296918976648:195.16578044575454:97.49010023646032:2.4451679531067656,1.759220263660679e-5
5,5,5,0:3:0,3:0:0,29696,7,1.4738626041415112e11:1.3964440107568826e11:1.892196424034238e10:9.848269777802462e9:5.265284425678052e9:6.945386506002452e8:6.407742585726038e8:2.483828286532757e6:2.0019613361275827e6:500871.43438194395:125059.06621652847:100932.26350795894:462.4242175661371:228.5953960497527:114.19986733065234:2.581091650759407,1.5832015899220363e-5
5,5,5,1:3:0,3:1:0,28768,7,1.0193180283771245e11:9.657745474309908e10:1.3086435042089718e10:6.811014173687501e9:3.641501494456844e9:4.803390585153026e8:4.43157614381852e8:1.908810061389336e6:1.5384499950955838e6:384937.8775860996:96098.8943687703:77568.33957788578:395.296918595184:195.1657807082682:97.49010189963958:2.445168043003989,1.7592202636607154e-5
5,5,5,2:3:0,3:2:0,27840,7,4.069300306619178e10:3.855532401828297e10:5.224427204185898e9:2.7190628311920476e9:1.4538124464159238e9:1.91758348798665e8:1.7691701859397253e8:990852.5202933389:798526.3745031737:199851.09274358558:49871.31480088349:40269.00521855359:267.6471590984976:131.645475167724:65.7414146256572:2.1354624039000734,2.287405369951474e-5
5,5,5,3:3:0,3:3:0,20640,7,1.3028287171711893e10:1.2343819092461714e10:1.6727014043751538e9:8.705275672912656e8:4.654850445726876e8:6.139256819710879e7:5.664211533597952e7:439400.7783703344:354057.20242475:88649.00140104626:22106.12471783915:17860.346339178504:165.25294943013662:80.77451822112047:40.31822944071595:1.8020278500311244,3.168144677259559e-5
5,5,5,4:3:0,4:3:0,13440,7,4.126468435192832e9:3.9096457129402933e9:5.2981793199374133e8:2.757196470184418e8:1.4744791440395528e8:1.9444580982375078e7:1.794047149646791e7:193391.36107111516:155795.3306031784:39031.10860016238:9723.495314585682:7862.504288948792:101.7980458185981:49.32648742221899:24.60476682613602:1.5141010423428742,4.402086180756495e-5
5,5,5,5:3:0,5:3:0,6720,7,1.406784808738043e9:1.3328529506220968e9:1.806332510011246e8:9.3995942996539e7:5.027376666059573e7:6.628832253779268e6:6.116276333823973e6:89723.36959249129:72260.26201420059:18116.926622077248:4507.622766076682:3648.821189350817:64.86542207145963:31.08306446826457:15.491495017734872:1.2821068120100323,5.990140686589964e-5
5,5,5,-3:4:0,4:3:0,13440,7,4.1264684351928344e9:3.9096457129402947e9:5.2981793199374163e8:2.757196470184416e8:1.4744791440395522e8:1.9444580982375085e7:1.79404714964679e7:193391.3610711151:155795.33060317786:39031.10860016014:9723.495314591037:7862.504288957141:101.79804583068676:49.32648742488506:24.60476682298298:1.5141010340906893,4.4020861807564895e-5
5,5,5,-2:4:0,4:2:0,26880,7,9.010397551349924e9:8.536998830040991e9:1.1568576317192037e9:6.020567635283458e8:3.219395060396285e8:4.2459025133229464e7:3.917391740691803e7:337704.65278024063:272096.2204518695:68139.05739032412:16986.846467193976:13727.551675344794:141.4300201092495:68.95773903443114:34.41341313339367:1.7047458631898262,3.520591378938936e-5
5,5,5,-1:4:0,4:1:0,27776,7,1.5913508569920406e10:1.5077476005157347e10:2.0431234537840161e9:1.0633151645628392e9:5.685627423125677e8:7.49886663608902e7:6.918590548275113e7:506856.2695107811:408423.74932581914:102252.70124745335:25502.023358857103:20601.574299719112:179.83306091799955:88.01107316028519:43.93448894897825:1.8568872676114685,2.9919536961570127e-5
5,5,5,0:4:0,4:0:0,28672,7,1.9674934920020573e10:1.8641312472769466e10:2.526036023666087e9:1.3146502524704382e9:7.029425057627344e8:9.271376182915975e7:8.553907255414264e7:589755.8016343449:475238.83995231165:118970.45091446715:29675.636999666567:23970.348974561606:196.71948786869075:96.39583952911786:48.124668144574514:1.9167378345273938,2.815784283443831e-5
5,5,5,1:4:0,4:1:0,27776,7,1.59135085699204e10:1.5077476005157345e10:2.043123453784016e9:1.0633151645628392e9:5.685627423125675e8:7.498866636089018e7:6.918590548275113e7:506856.2695107797:408423.7493258191:102252.70124744928:25502.023358854814:20601.57429727967:179.8330609700727:88.01107319426973:43.93448892527329:1.8568872751091685,2.9919536961566593e-5
5,5,5,2:4:0,4:2:0,26880,7,9.01039755134993e9:8.536998830040992e9:1.156857631719204e9:6.02056763528346e8:3.219395060396285e8:4.245902513322947e7:3.917391740691801e7:337704.6527802406:272096.22045186855:68139.05739032806:16986.84646717766:13727.551675358753:141.4300201071993:68.9577390323688:34.41341315209018:1.704745864807333,3.520591378938932e-5
5,5,5,3:4:0,4:3:0,13440,7,4.126468435192833e9:3.909645712940292e9:5.298179319937416e8:2.757196470184417e8:1.4744791440395516e8:1.9444580982375063e7:1.79404714964679e7:193391.3610711158:155795.33060317812:39031.10860015305:9723.495314591393:7862.504288946362:101.79804583547573:49.32648742704252:24.604766854027403:1.51410103132428,4.402086180756479e-5
5,5,5,-3:5:0,5:3:0,6720,7,1.406784808738043e9:1.332852950622098e9:1.806332510011247e8:9.399594299653909e7:5.0273766660595745e7:6.628832253779276e6:6.116276333823973e6:89723.36959249129:72260.26201420094:18116.926622071645:4507.62276608062:3648.8211893500034:64.8654220730878:31.083064468291525:15.491495016951088:1.2821068117709027,5.990140686589935e-5
5,5,5,-2:5:0,5:2:0,13440,7,2.454659531465873e9:2.325670717577276e9:3.151730841072117e8:1.6401252212260598e8:8.771527066964966e7:1.1566622211253297e7:1.0672063737733852e7:133484.95986884146:107521.41865217732:26946.200950797607:6709.114143129653:5427.636029681735:81.86417070330862:39.47144058464849:19.681477071844526:1.3979582012391942,5.107671438732199e-5
5,5,5,-1:5:0,5:1:0,13888,7,3.597209768467503e9:3.408192858590122e9:4.6186635075463235e8:2.4035551425109e8:1.285380862379126e8:1.695058260071662e7:1.563945247698312e7:175343.1342579191:141251.30640947612:35390.39935840793:8815.277680942185:7128.9603910026935:96.0949403412143:46.50531846502418:23.19533142966371:1.4826191029496392,4.578450018050173e-5
5,5,5,0:5:0,5:0:0,14336,7,4.126468435192833e9:3.909645712940292e9:5.2981793199374145e8:2.757196470184417e8:1.4744791440395513e8:1.9444580982375037e7:1.7940471496467914e7:193391.3610711159:155795.3306031785:39031.10860016214:9723.49531458754:7862.50428893974:101.7980458275761:49.32648742228182:24.60476681848176:1.5141010371728092,4.4020861807565024e-5
5,5,5,1:5:0,5:1:0,13888,7,3.5972097684675045e9:3.4081928585901246e9:4.6186635075463283e8:2.4035551425108993e8:1.285380862379126e8:1.6950582600716613e7:1.563945247698315e7:175343.1342579198:141251.30640947793:35390.39935841291:8815.277680965994:7128.96039097397:96.09494033177825:46.505318457045796:23.19533142581357:1.482619108543236,4.578450018050219e-5
5,5,5,2:5:0,5:2:0,13440,7,2.454659531465872e9:2.3256707175772753e9:3.1517308410721177e8:1.64012522122606e8:8.771527066964965e7:1.1566622211253297e7:1.0672063737733858e7:133484.9598688417:107521.41865217626:26946.20095079703:6709.1141431363185:5427.636029699553:81.86417070648193:39.471440584358234:19.68147706847597:1.3979582010173996,5.107671438732209e-5
5,5,5,3:5:0,5:3:0,6720,7,1.4067848087380433e9:1.3328529506220975e9:1.8063325100112462e8:9.399594299653904e7:5.0273766660595745e7:6.628832253779271e6:6.116276333823962e6:89723.369592491:72260.26201420059:18116.92662207195:4507.622766080404:3648.821189347846:64.86542207313673:31.083064467705128:15.49149501785756:1.2821068123129244,5.9901406865899114e-5
5,5,5,-3:-5:1,5:3:1,3360,7,1.1876358516594815e9:1.1382256997254133e9:1.6064286009923893e8:8.599582041611326e7:4.780022924049813e7:6.258370822073968e6:5.710423978920541e6:79820.43979114194:65523.87990746585:17316.620303069027:4301.175130657505:3454.088537215267:61.62610129518246:29.752973888443485:14.974585467075656:1.2607410670227215,6.332798132093576e-5
5,5,5,-2:-5:1,5:2:1,6720,7,2.0138117998192868e9:1.933689282196959e9:2.7476250112157124e8:1.4780687648501968e8:8.26616459355474e7:1.0813860071253061e7:9.851331577819923e6:116427.62547374576:95893.72712091958:25552.86555016367:6350.954945660165:5091.040991774699:77.0922198112444:37.50492097997859:18.912565831098497:1.3712932678612026,5.4509595225519267e-5
5,5,5,-1:-5:1,5:1:1,10304,7,2.8859788756169333e9:2.7752232948953094e9:3.9642560494008315e8:2.1406925503956884e8:1.2028623868069957e8:1.5726633784993837e7:1.4309871936142541e7:150596.26696250757:124354.3021236403:33351.89419926762:8292.795739595396:6639.31728559358:89.87156657246682:43.93464414675302:22.186362391520237:1.4515536684304071,4.922272009492322e-5
5,5,5,0:-5:1,5:1:0,13888,7,3.2822155270158916e9:3.1580296279372735e9:4.520263551193285e8:2.4445245031417978e8:1.3760735165754485e8:1.7987364758502625e7:1.6359699593610326e7:165113.01396357402:136475.02520812847:36694.14594095431:9125.1996559945:7302.414170634455:94.95251234861375:46.496501819014064:23.49257138243483:1.4812801708751688,4.74612129043482e-5
5,5,5,1:-5:1,5:1:1,10304,7,2.885978875616936e9:2.775223294895311e9:3.9642560494008327e8:2.1406925503956887e8:1.202862386806996e8:1.5726633784993846e7:1.4309871936142547e7:150596.26696250844:124354.30212364126:33351.89419922951:8292.795739596784:6639.317285598837:89.87156655907332:43.93464414568641:22.18636241974201:1.4515536757990184,4.9222720094921975e-5
5,5,5,2:-5:1,5:2:1,6720,7,2.013811799819285e9:1.933689282196959e9:2.747625011215712e8:1.4780687648501965e8:8.266164593554741e7:1.0813860071253065e7:9.851331577819921e6:116427.62547374608:95893.72712092022:25552.865550162656:6350.954945661279:5091.040991774962:77.09221982234:37.50492097656806:18.912565842080987:1.3712932700034846,5.450959522551949e-5
5,5,5,3:-5:1,5:3:1,3360,7,1.187635851659482e9:1.138225699725413e9:1.6064286009923896e8:8.599582041611332e7:4.780022924049813e7:6.258370822073966e6:5.710423978920542e6:79820.43979114204:65523.87990746544:17316.620303065294:4301.175130658681:3454.0885372140915:61.626101298554325:29.752973888031768:14.974585463417574:1.2607410667252847,6.332798132093528e-5
5,5,5,-3:-4:1,4:3:1,6720,7,3.282215527015893e9:3.1580296279372764e9:4.520263551193283e8:2.4445245031417984e8:1.3760735165754494e8:1.7987364758502636e7:1.6359699593610303e7:165113.0139635755:136475.02520812838:36694.14594089475:9125.199656023675:7302.4141706370465:94.95251234108443:46.49650181598811:23.49257138747233:1.481280173409128,4.74612129043465e-5
5,5,5,-2:-4:1,4:2:1,13440,7,6.779397404475344e9:6.546390583072644e9:9.494164219104238e8:5.183298701427273e8:2.951540165380786e8:3.853375985622829e7:3.495306753198595e7:277473.6742161886:230781.70497465052:63056.69571084498:15695.417863574005:12526.762586668883:129.67203825813877:64.07506910674574:32.481220451904534:1.6598375092420723,3.866072722985959e-5
5,5,5,-1:-4:1,4:1:1,20608,7,1.1406191592955894e10:1.104821796213084e10:1.6208114763728042e9:8.922225249213674e8:5.1305096564940727e8:6.692644204119839e7:6.058004345412859e7:402752.5206622091:336772.4862920795:93308.84151127608:23244.308752282726:18514.294335572682:162.4246548559522:80.75918189455383:41.05149285535072:1.8004259736588046,3.338765944354718e-5
5,5,5,0:-4:1,4:1:0,27776,7,1.3821982716073513e10:1.3405111729405415e10:1.9759468408737688e9:1.0914389183263762e9:6.301010139489416e8:8.217348171315989e7:7.432126747378612e7:462186.1066023042:387314.7184147294:107929.4558564364:26896.070102986614:21406.554706531344:176.57494333358568:87.99435975416648:44.77912031159824:1.8552399335682515,3.163160037166563e-5
5,5,5,1:-4:1,4:1:1,20608,7,1.1406191592955887e10:1.1048217962130844e10:1.620811476372804e9:8.922225249213674e8:5.1305096564940715e8:6.6926442041198365e7:6.058004345412857e7:402752.5206622203:336772.48629208753:93308.84151134068:23244.308752277073:18514.2943355744:162.4246548776772:80.75918187553962:41.051492752267706:1.8004259769622428,3.338765944354872e-5
5,5,5,2:-4:1,4:2:1,13440,7,6.779397404475345e9:6.546390583072647e9:9.494164219104236e8:5.1832987014272755e8:2.951540165380788e8:3.853375985622831e7:3.495306753198591e7:277473.67421618453:230781.7049746438:63056.69571084729:15695.417863571854:12526.762586655603:129.6720382317446:64.07506909418935:32.481220404064096:1.6598375198928086,3.866072722985879e-5
5,5,5,3:-4:1,4:3:1,6720,7,3.2822155270158916e9:3.1580296279372735e9:4.520263551193284e8:2.4445245031417978e8:1.3760735165754488e8:1.7987364758502617e7:1.6359699593610317e7:165113.0139635723:136475.0252081279:36694.145940916555:9125.199656007437:7302.414170639726:94.95251232242511:46.496501834958096:23.492571393604802:1.48128017085211,4.746121290434661e-5
5,5,5,-5:-3:1,5:3:1,3360,7,1.187635851659482e9:1.138225699725413e9:1.6064286009923893e8:8.599582041611327e7:4.7800229240498155e7:6.258370822073966e6:5.710423978920544e6:79820.43979114213:65523.87990746628:17316.62030306711:4301.175130660315:3454.088537215456:61.626101296439366:29.75297388133174:14.974585465841612:1.260741066828605,6.332798132093589e-5
5,5,5,-4:-3:1,4:3:1,6720,7,3.282215527015892e9:3.1580296279372754e9:4.5202635511932826e8:2.4445245031417972e8:1.376073516575449e8:1.7987364758502614e7:1.6359699593610307e7:165113.01396357256:136475.02520813266:36694.1459409474:9125.199656011335:7302.414170634299:94.95251233341457:46.49650180927506:23.49257139992261:1.481280164784433,4.746121290434842e-5
5,5,5,-3:-3:1,3:3:1,13695,7,9.506964088105145e9:9.198158092760412e9:1.343692398548061e9:7.37420863151694e8:4.22521155728806e8:5.513210573654228e7:4.994158036641427e7:353490.7127796987:295001.7562010557:81316.88117631468:20250.76732343461:16141.458441875464:150.08614358326193:74.463375390242:37.81321061127911:1.7499360019939356,3.51445991178081e-5
5,5,5,-2:-3:1,3:2:1,20670,7,2.6443941361342777e10:2.5770429238083557e10:3.8695676278103986e9:2.1658419882467585e9:1.269235975648731e9:1.654225794720683e8:1.491958273904465e8:735931.6848422345:621893.6078344887:177157.08691386043:44216.683463841466:35098.6205817705:234.50035907381738:117.76569968928145:60.18382000699396:2.053063462952079,2.637020675536185e-5
5,5,5,-1:-3:1,3:1:1,24719,7,5.862553742010172e10:5.75508913853077e10:8.897817658585468e9:5.083158920424806e9:3.045224423061297e9:3.970553128602364e8:3.5687764339959323e8:1.3035146945281741e6:1.1156481652894807e6:328701.73832942627:82299.41186160348:65111.74039920263:333.43220214380943:169.12371172981446:86.99079440463397:2.3260340617094157,2.112458063891301e-5
5,5,5,0:-3:1,3:1:0,28768,7,8.001743209958803e10:7.881301764274297e10:1.2356263505541937e10:7.126373816695582e9:4.311235292360363e9:5.625798636374247e8:5.050199675743037e8:1.6302979984201111e6:1.4035500874214107e6:420008.3966509582:105351.60378806539:83244.61227700021:383.09935186058334:195.1286698919118:100.6692840947935:2.4430297089110575,1.9381849290438892e-5
5,5,5,1:-3:1,3:1:1,24719,7,5.8625537420101715e10:5.755089138530768e10:8.89781765858547e9:5.083158920424806e9:3.045224423061298e9:3.970553128602365e8:3.568776433995936e8:1.303514694528349e6:1.1156481652893226e6:328701.7383289045:82299.41186164644:65111.740399263464:333.4322018862222:169.1237117892695:86.99079264794277:2.326034375719267,2.1124580638912246e-5
5,5,5,2:-3:1,3:2:1,20670,7,2.644394136134278e10:2.577042923808356e10:3.8695676278104e9:2.165841988246759e9:1.2692359756487303e9:1.6542257947206822e8:1.4919582739044663e8:735931.684842204:621893.6078344457:177157.0869137925:44216.68346374474:35098.620581743926:234.5003590676611:117.76569966076583:60.18381986866767:2.0530634926484916,2.6370206755360025e-5
5,5,5,3:-3:1,3:3:1,13695,7,9.506964088105145e9:9.198158092760412e9:1.3436923985480607e9:7.374208631516942e8:4.22521155728806e8:5.513210573654229e7:4.994158036641428e7:353490.71277969587:295001.7562010168:81316.8811763307:20250.767323413475:16141.458441878733:150.08614359006353:74.4633753521861:37.813210995855066:1.7499359667783652,3.514459911780624e-5
5,5,5,4:-3:1,4:3:1,6720,7,3.282215527015892e9:3.1580296279372754e9:4.5202635511932826e8:2.4445245031417972e8:1.376073516575449e8:1.7987364758502614e7:1.6359699593610307e7:165113.01396357256:136475.02520813266:36694.1459409474:9125.199656011335:7302.414170634299:94.95251233341457:46.49650180927506:23.49257139992261:1.481280164784433,4.746121290434842e-5
5,5,5,5:-3:1,5:3:1,3360,7,1.1876358516594815e9:1.1382256997254126e9:1.606428600992389e8:8.59958204161132e7:4.780022924049812e7:6.258370822073966e6:5.710423978920545e6:79820.43979114131:65523.879907465096:17316.62030306781:4301.175130657404:3454.0885372149837:61.6261012939728:29.752973889512948:14.974585463189694:1.2607410669329486,6.332798132093507e-5
5,5,5,-5:-2:1,5:2:1,6720,7,2.0138117998192873e9:1.933689282196959e9:2.7476250112157124e8:1.478068764850197e8:8.266164593554741e7:1.0813860071253056e7:9.851331577819921e6:116427.62547374495:95893.72712091984:25552.865550164086:6350.954945627058:5091.040991776117:77.09221980824812:37.5049209620506:18.912565833693183:1.3712932710398407,5.450959522551866e-5
5,5,5,-4:-2:1,4:2:1,13440,7,6.779397404475345e9:6.54639058307265e9:9.494164219104239e8:5.183298701427277e8:2.9515401653807884e8:3.853375985622832e7:3.495306753198593e7:277473.67421618424:230781.70497466158:63056.69571086596:15695.417863596931:12526.76258665941:129.6720382478908:64.07506907183601:32.48122044026723:1.6598375118773632,3.86607272298604e-5
5,5,5,-3:-2:1,3:2:1,20670,7,2.6443941361342793e10:2.5770429238083565e10:3.8695676278103995e9:2.1658419882467585e9:1.269235975648731e9:1.6542257947206822e8:1.491958273904465e8:735931.6848422317:621893.6078344925:177157.08691397661:44216.68346377693:35098.62058179101:234.50035910655996:117.76569964182545:60.183819824356284:2.05306347316973,2.6370206755362356e-5
5,5,5,-2:-2:1,2:2:1,27900,7,1.1254657441660258e11:1.1129775399288773e11:1.7754818035464e10:1.0358925521460936e10:6.339212855487379e9:8.285029759084687e8:7.428113725709665e8:2.0841008550080436e6:1.8070358520208695e6:551043.1636738216:138570.69717993998:109349.47087031085:446.54887371549324:228.55192031072386:118.34798871016771:2.578838890816972,1.764363463116464e-5
5,5,5,-1:-2:1,2:1:1,28830,7,4.074533186854767e11:4.0436951812009265e11:7.136693281919293e10:4.399818527848957e10:2.8264192422145382e10:3.7628176297019424e9:3.3670875506002665e9:5.252686098364486e6:4.713120491428208e6:1.5749762430991277e6:403395.3269040748:317341.18941399804:802.5051495855652:419.95662200813604:221.56433238978045:3.1719257335600948,1.2480016701881005e-5
5,5,5,1:-2:1,2:1:1,28830,7,4.074533186854771e11:4.043695181200927e11:7.136693281919295e10:4.3998185278489555e10:2.826419242214539e10:3.762817629701944e9:3.367087550600268e9:5.25268609836281e6:4.713120491427653e6:1.5749762431007656e6:403395.3269038257:317341.18941459834:802.5051523253884:419.9566228341735:221.5643320208599:3.1719261220910444,1.248001670187892e-5
5,5,5,2:-2:1,2:2:1,27900,7,1.1254657441660255e11:1.1129775399288776e11:1.7754818035464005e10:1.0358925521460947e10:6.339212855487382e9:8.285029759084686e8:7.428113725709661e8:2.0841008550080077e6:1.8070358520208322e6:551043.1636755646:138570.69718074804:109349.47087012834:446.5488731839524:228.55192072110984:118.34798968384905:2.5788388859225564,1.7643634631166663e-5
5,5,5,3:-2:1,3:2:1,20670,7,2.6443941361342785e10:2.5770429238083572e10:3.8695676278103995e9:2.16584198824676e9:1.269235975648731e9:1.6542257947206825e8:1.4919582739044654e8:735931.6848422132:621893.6078345148:177157.08691397923:44216.683463830755:35098.62058179659:234.50035911760395:117.76569970196559:60.183819818106954:2.053063495742837,2.6370206755362448e-5
5,5,5,4:-2:1,4:2:1,13440,7,6.779397404475343e9:6.546390583072644e9:9.494164219104236e8:5.183298701427273e8:2.951540165380787e8:3.8533759856228285e7:3.495306753198594e7:277473.6742161843:230781.7049746481:63056.6957108649:15695.417863655488:12526.76258665371:129.6720382441253:64.07506911229316:32.48122042906849:1.6598375178585214,3.866072722985976e-5
5,5,5,5:-2:1,5:2:1,6720,7,2.0138117998192856e9:1.933689282196958e9:2.7476250112157124e8:1.4780687648501968e8:8.266164593554741e7:1.0813860071253058e7:9.851331577819921e6:116427.62547374547:95893.72712092:25552.865550160408:6350.954945665027:5091.040991775455:77.09221980878273:37.50492097537689:18.912565842479207:1.3712932699540321,5.45095952255192e-5
5,5,5,-5:-1:1,5:1:1,10304,7,2.8859788756169357e9:2.7752232948953104e9:3.964256049400833e8:2.1406925503956887e8:1.2028623868069959e8:1.5726633784993839e7:1.430987193614254e7:150596.26696251097:124354.30212363717:33351.89419923706:8292.795739627274:6639.317285596319:89.87156658002344:43.93464414242554:22.186362409593308:1.4515536649610699,4.922272009492245e-5
5,5,5,-4:-1:1,4:1:1,20608,7,1.1406191592955893e10:1.1048217962130846e10:1.6208114763728046e9:8.922225249213673e8:5.1305096564940727e8:6.692644204119832e7:6.058004345412867e7:402752.5206622007:336772.4862920938:93308.84151127606:23244.308752358906:18514.294335572733:162.42465488403963:80.75918186143724:41.05149283660701:1.800425928210619,3.338765944354755e-5
5,5,5,-3:-1:1,3:1:1,24719,7,5.862553742010171e10:5.75508913853077e10:8.897817658585468e9:5.083158920424806e9:3.0452244230612965e9:3.9705531286023676e8:3.568776433995935e8:1.3035146945281848e6:1.1156481652892223e6:328701.73832926276:82299.41186111797:65111.7403993209:333.43220223678765:169.1237118111114:86.9907940972533:2.3260341692647,2.1124580638910535e-5
5,5,5,-2:-1:1,2:1:1,28830,7,4.074533186854772e11:4.043695181200928e11:7.136693281919295e10:4.39981852784896e10:2.826419242214539e10:3.762817629701942e9:3.3670875506002665e9:5.252686098363468e6:4.713120491429091e6:1.5749762431043664e6:403395.3269029847:317341.18941462954:802.5051499108808:419.9566238725887:221.56433505516327:3.1719253396347975,1.248001670188262e-5
5,5,5,2:-1:1,2:1:1,28830,7,4.0745331868547675e11:4.043695181200928e11:7.136693281919292e10:4.399818527848958e10:2.82641924221454e10:3.762817629701946e9:3.367087550600267e9:5.252686098363124e6:4.713120491427956e6:1.5749762430991612e6:403395.32690444944:317341.1894140981:802.5051480147247:419.9566259984555:221.5643330984496:3.1719256454254485,1.2480016701879079e-5
5,5,5,3:-1:1,3:1:1,24719,7,5.862553742010171e10:5.755089138530769e10:8.897817658585468e9:5.083158920424806e9:3.045224423061297e9:3.9705531286023647e8:3.568776433995937e8:1.3035146945281196e6:1.1156481652895384e6:328701.7383286475:82299.41186155949:65111.74039938466:333.43220235618054:169.12371303843886:86.99079253647855:2.3260344424318555,2.1124580638911263e-5
5,5,5,4:-1:1,4:1:1,20608,7,1.1406191592955894e10:1.104821796213084e10:1.6208114763728046e9:8.92222524921367e8:5.130509656494072e8:6.6926442041198306e7:6.0580043454128645e7:402752.52066221274:336772.4862920795:93308.84151131751:23244.308752305253:18514.29433556865:162.42465486779028:80.75918192925295:41.05149281173347:1.8004259788919215,3.3387659443547854e-5
5,5,5,5:-1:1,5:1:1,10304,7,2.8859788756169343e9:2.775223294895309e9:3.9642560494008327e8:2.1406925503956884e8:1.2028623868069954e8:1.5726633784993837e7:1.4309871936142543e7:150596.26696250893:124354.30212364039:33351.89419924147:8292.795739537505:6639.317285595391:89.87156657694378:43.93464412987587:22.186362378334664:1.451553675154879,4.922272009492181e-5
5,5,5,-5:0:1,5:1:0,13888,7,3.282215527015891e9:3.158029627937273e9:4.5202635511932844e8:2.4445245031417978e8:1.3760735165754488e8:1.7987364758502632e7:1.6359699593610317e7:165113.0139635744:136475.0252081292:36694.14594095052:9125.199655999257:7302.414170634791:94.95251233036446:46.496501800537985:23.492571388788804:1.4812801705680525,4.7461212904348284e-5
5,5,5,-4:0:1,4:1:0,27776,7,1.3821982716073517e10:1.3405111729405413e10:1.9759468408737693e9:1.0914389183263757e9:6.301010139489418e8:8.217348171315989e7:7.432126747378615e7:462186.10660230287:387314.71841473476:107929.455856435:26896.070102983897:21406.554706526418:176.57494328970648:87.99435976588201:44.779120289403004:1.8552399315146588,3.163160037166571e-5
5,5,5,-3:0:1,3:1:0,28768,7,8.001743209958801e10:7.881301764274295e10:1.2356263505541939e10:7.126373816695586e9:4.311235292360364e9:5.625798636374248e8:5.0501996757430387e8:1.6302979984200993e6:1.403550087421383e6:420008.3966509369:105351.60378817639:83244.61227701578:383.099352051062:195.12866985791445:100.66928386212118:2.4430296471270245,1.938184929043868e-5
5,5,5,3:0:1,3:1:0,28768,7,8.001743209958801e10:7.881301764274297e10:1.2356263505541939e10:7.126373816695583e9:4.311235292360364e9:5.625798636374246e8:5.050199675743038e8:1.630297998420113e6:1.4035500874213488e6:420008.3966508629:105351.60378804579:83244.61227700398:383.09935205796114:195.12866993644747:100.66928387149687:2.443029645514322,1.9381849290438387e-5
5,5,5,4:0:1,4:1:0,27776,7,1.3821982716073515e10:1.3405111729405415e10:1.9759468408737683e9:1.0914389183263762e9:6.301010139489418e8:8.217348171315989e7:7.432126747378615e7:462186.10660230205:387314.7184147318:107929.4558564543:26896.070102979545:21406.554706529485:176.5749432908049:87.99435976446672:44.77912028920069:1.8552399316117045,3.1631600371665755e-5
5,5,5,5:0:1,5:1:0,13888,7,3.282215527015891e9:3.158029627937275e9:4.520263551193285e8:2.4445245031417978e8:1.376073516575449e8:1.7987364758502625e7:1.6359699593610317e7:165113.0139635738:136475.02520812818:36694.14594077824:9125.199655992114:7302.414170678771:94.95251233135504:46.49650184779629:23.492571388835266:1.4812801705566199,4.746121290434195e-5
5,5,5,-5:1:1,5:1:1,10304,7,2.8859788756169357e9:2.7752232948953104e9:3.964256049400833e8:2.1406925503956887e8:1.2028623868069959e8:1.5726633784993839e7:1.430987193614254e7:150596.26696251097:124354.30212363717:33351.89419923706:8292.795739627274:6639.317285596319:89.87156658002344:43.93464414242554:22.186362409593308:1.4515536649610699,4.922272009492245e-5
5,5,5,-4:1:1,4:1:1,20608,7,1.1406191592955893e10:1.1048217962130846e10:1.6208114763728046e9:8.922225249213673e8:5.1305096564940727e8:6.692644204119832e7:6.058004345412867e7:402752.5206622007:336772.4862920938:93308.84151127606:23244.308752358906:18514.294335572733:162.42465488403963:80.75918186143724:41.05149283660701:1.800425928210619,3.338765944354755e-5
5,5,5,-3:1:1,3:1:1,24719,7,5.862553742010171e10:5.75508913853077e10:8.897817658585468e9:5.083158920424806e9:3.0452244230612965e9:3.9705531286023676e8:3.568776433995935e8:1.3035146945281848e6:1.1156481652892223e6:328701.73832926276:82299.41186111797:65111.7403993209:333.43220223678765:169.1237118111114:86.9907940972533:2.3260341692647,2.1124580638910535e-5
5,5,5,-2:1:1,2:1:1,28830,7,4.074533186854772e11:4.043695181200928e11:7.136693281919295e10:4.39981852784896e10:2.826419242214539e10:3.762817629701942e9:3.3670875506002665e9:5.252686098363468e6:4.713120491429091e6:1.5749762431043664e6:403395.3269029847:317341.18941462954:802.5051499108808:419.9566238725887:221.56433505516327:3.1719253396347975,1.248001670188262e-5
5,5,5,2:1:1,2:1:1,28830,7,4.0745331868547675e11:4.043695181200928e11:7.136693281919292e10:4.399818527848958e10:2.82641924221454e10:3.762817629701946e9:3.367087550600267e9:5.252686098363124e6:4.713120491427956e6:1.5749762430991612e6:403395.32690444944:317341.1894140981:802.5051480147247:419.9566259984555:221.5643330984496:3.1719256454254485,1.2480016701879079e-5
5,5,5,3:1:1,3:1:1,24719,7,5.862553742010171e10:5.755089138530769e10:8.897817658585468e9:5.083158920424806e9:3.045224423061297e9:3.9705531286023647e8:3.568776433995937e8:1.3035146945281196e6:1.1156481652895384e6:328701.7383286475:82299.41186155949:65111.74039938466:333.43220235618054:169.12371303843886:86.99079253647855:2.3260344424318555,2.1124580638911263e-5
5,5,5,4:1:1,4:1:1,20608,7,1.1406191592955894e10:1.104821796213084e10:1.6208114763728046e9:8.92222524921367e8:5.130509656494072e8:6.6926442041198306e7:6.0580043454128645e7:402752.52066221274:336772.4862920795:93308.84151131751:23244.308752305253:18514.29433556865:162.42465486779028:80.75918192925295:41.05149281173347:1.8004259788919215,3.3387659443547854e-5
5,5,5,5:1:1,5:1:1,10304,7,2.8859788756169343e9:2.775223294895309e9:3.9642560494008327e8:2.1406925503956884e8:1.2028623868069954e8:1.5726633784993837e7:1.4309871936142543e7:150596.26696250893:124354.30212364039:33351.89419924147:8292.795739537505:6639.317285595391:89.87156657694378:43.93464412987587:22.186362378334664:1.451553675154879,4.922272009492181e-5
5,5,5,-5:2:1,5:2:1,6720,7,2.0138117998192873e9:1.933689282196959e9:2.7476250112157124e8:1.478068764850197e8:8.266164593554741e7:1.0813860071253056e7:9.851331577819921e6:116427.62547374495:95893.72712091984:25552.865550164086:6350.954945627058:5091.040991776117:77.09221980824812:37.5049209620506:18.912565833693183:1.3712932710398407,5.450959522551866e-5
5,5,5,-4:2:1,4:2:1,13440,7,6.779397404475345e9:6.54639058307265e9:9.494164219104239e8:5.183298701427277e8:2.9515401653807884e8:3.853375985622832e7:3.495306753198593e7:277473.67421618424:230781.70497466158:63056.69571086596:15695.417863596931:12526.76258665941:129.6720382478908:64.07506907183601:32.48122044026723:1.6598375118773632,3.86607272298604e-5
5,5,5,-3:2:1,3:2:1,20670,7,2.6443941361342793e10:2.5770429238083565e10:3.8695676278103995e9:2.1658419882467585e9:1.269235975648731e9:1.6542257947206822e8:1.491958273904465e8:735931.6848422317:621893.6078344925:177157.08691397661:44216.68346377693:35098.62058179101:234.50035910655996:117.76569964182545:60.183819824356284:2.05306347316973,2.6370206755362356e-5
5,5,5,-2:2:1,2:2:1,27900,7,1.1254657441660258e11:1.1129775399288773e11:1.7754818035464e10:1.0358925521460936e10:6.339212855487379e9:8.285029759084687e8:7.428113725709665e8:2.0841008550080436e6:1.8070358520208695e6:551043.1636738216:138570.69717993998:109349.47087031085:446.54887371549324:228.55192031072386:118.34798871016771:2.578838890816972,1.764363463116464e-5
5,5,5,-1:2:1,2:1:1,28830,7,4.074533186854767e11:4.0436951812009265e11:7.136693281919293e10:4.399818527848957e10:2.8264192422145382e10:3.7628176297019424e9:3.3670875506002665e9:5.252686098364486e6:4.713120491428208e6:1.5749762430991277e6:403395.3269040748:317341.18941399804:802.5051495855652:419.95662200813604:221.56433238978045:3.1719257335600948,1.2480016701881005e-5
5,5,5,1:2:1,2:1:1,28830,7,4.074533186854771e11:4.043695181200927e11:7.136693281919295e10:4.3998185278489555e10:2.826419242214539e10:3.762817629701944e9:3.367087550600268e9:5.25268609836281e6:4.713120491427653e6:1.5749762431007656e6:403395.3269038257:317341.18941459834:802.5051523253884:419.9566228341735:221.5643320208599:3.1719261220910444,1.248001670187892e-5
5,5,5,2:2:1,2:2:1,27900,7,1.1254657441660255e11:1.1129775399288776e11:1.7754818035464005e10:1.0358925521460947e10:6.339212855487382e9:8.285029759084686e8:7.428113725709661e8:2.0841008550080077e6:1.8070358520208322e6:551043.1636755646:138570.69718074804:109349.47087012834:446.5488731839524:228.55192072110984:118.34798968384905:2.5788388859225564,1.7643634631166663e-5
5,5,5,3:2:1,3:2:1,20670,7,2.6443941361342785e10:2.5770429238083572e10:3.8695676278103995e9:2.16584198824676e9:1.269235975648731e9:1.6542257947206825e8:1.4919582739044654e8:735931.6848422132:621893.6078345148:177157.08691397923:44216.683463830755:35098.62058179659:234.50035911760395:117.76569970196559:60.183819818106954:2.053063495742837,2.6370206755362448e-5
5,5,5,4:2:1,4:2:1,13440,7,6.779397404475343e9:6.546390583072644e9:9.494164219104236e8:5.183298701427273e8:2.951540165380787e8:3.8533759856228285e7:3.495306753198594e7:277473.6742161843:230781.7049746481:63056.6957108649:15695.417863655488:12526.76258665371:129.6720382441253:64.07506911229316:32.48122042906849:1.6598375178585214,3.866072722985976e-5
5,5,5,5:2:1,5:2:1,6720,7,2.0138117998192856e9:1.933689282196958e9:2.7476250112157124e8:1.4780687648501968e8:8.266164593554741e7:1.0813860071253058e7:9.851331577819921e6:116427.62547374547:95893.72712092:25552.865550160408:6350.954945665027:5091.040991775455:77.09221980878273:37.50492097537689:18.912565842479207:1.3712932699540321,5.45095952255192e-5
5,5,5,-5:3:1,5:3:1,3360,7,1.187635851659482e9:1.138225699725413e9:1.6064286009923893e8:8.599582041611327e7:4.7800229240498155e7:6.258370822073966e6:5.710423978920544e6:79820.43979114213:65523.87990746628:17316.62030306711:4301.175130660315:3454.088537215456:61.626101296439366:29.75297388133174:14.974585465841612:1.260741066828605,6.332798132093589e-5
5,5,5,-4:3:1,4:3:1,6720,7,3.282215527015892e9:3.1580296279372754e9:4.5202635511932826e8:2.4445245031417972e8:1.376073516575449e8:1.7987364758502614e7:1.6359699593610307e7:165113.01396357256:136475.02520813266:36694.1459409474:9125.199656011335:7302.414170634299:94.95251233341457:46.49650180927506:23.49257139992261:1.481280164784433,4.746121290434842e-5
5,5,5,-3:3:1,3:3:1,13695,7,9.506964088105145e9:9.198158092760412e9:1.343692398548061e9:7.37420863151694e8:4.22521155728806e8:5.513210573654228e7:4.994158036641427e7:353490.7127796987:295001.7562010557:81316.88117631468:20250.76732343461:16141.458441875464:150.08614358326193:74.463375390242:37.81321061127911:1.7499360019939356,3.51445991178081e-5
5,5,5,-2:3:1,3:2:1,20670,7,2.6443941361342777e10:2.5770429238083557e10:3.8695676278103986e9:2.1658419882467585e9:1.269235975648731e9:1.654225794720683e8:1.491958273904465e8:735931.6848422345:621893.6078344887:177157.08691386043:44216.683463841466:35098.6205817705:234.50035907381738:117.76569968928145:60.18382000699396:2.053063462952079,2.637020675536185e-5
5,5,5,-1:3:1,3:1:1,24719,7,5.862553742010172e10:5.75508913853077e10:8.897817658585468e9:5.083158920424806e9:3.045224423061297e9:3.970553128602364e8:3.5687764339959323e8:1.3035146945281741e6:1.1156481652894807e6:328701.73832942627:82299.41186160348:65111.74039920263:333.43220214380943:169.12371172981446:86.99079440463397:2.3260340617094157,2.112458063891301e-5
5,5,5,0:3:1,3:1:0,28768,7,8.001743209958803e10:7.881301764274297e10:1.2356263505541937e10:7.126373816695582e9:4.311235292360363e9:5.625798636374247e8:5.050199675743037e8:1.6302979984201111e6:1.4035500874214107e6:420008.3966509582:105351.60378806539:83244.61227700021:383.09935186058334:195.1286698919118:100.6692840947935:2.4430297089110575,1.9381849290438892e-5
5,5,5,1:3:1,3:1:1,24719,7,5.8625537420101715e10:5.755089138530768e10:8.89781765858547e9:5.083158920424806e9:3.045224423061298e9:3.970553128602365e8:3.568776433995936e8:1.303514694528349e6:1.1156481652893226e6:328701.7383289045:82299.41186164644:65111.740399263464:333.4322018862222:169.1237117892695:86.99079264794277:2.326034375719267,2.1124580638912246e-5
5,5,5,2:3:1,3:2:1,20670,7,2.644394136134278e10:2.577042923808356e10:3.8695676278104e9:2.165841988246759e9:1.2692359756487303e9:1.6542257947206822e8:1.4919582739044663e8:735931.684842204:621893.6078344457:177157.0869137925:44216.68346374474:35098.620581743926:234.5003590676611:117.76569966076583:60.18381986866767:2.0530634926484916,2.6370206755360025e-5
5,5,5,3:3:1,3:3:1,13695,7,9.506964088105145e9:9.198158092760412e9:1.3436923985480607e9:7.374208631516942e8:4.22521155728806e8:5.513210573654229e7:4.994158036641428e7:353490.71277969587:295001.7562010168:81316.8811763307:20250.767323413475:16141.458441878733:150.08614359006353:74.4633753521861:37.813210995855066:1.7499359667783652,3.514459911780624e-5
5,5,5,4:3:1,4:3:1,6720,7,3.282215527015892e9:3.1580296279372754e9:4.5202635511932826e8:2.4445245031417972e8:1.376073516575449e8:1.7987364758502614e7:1.6359699593610307e7:165113.01396357256:136475.02520813266:36694.1459409474:9125.199656011335:7302.414170634299:94.95251233341457:46.49650180927506:23.49257139992261:1.481280164784433,4.746121290434842e-5
5,5,5,5:3:1,5:3:1,3360,7,1.1876358516594815e9:1.1382256997254126e9:1.606428600992389e8:8.59958204161132e7:4.780022924049812e7:6.258370822073966e6:5.710423978920545e6:79820.43979114131:65523.879907465096:17316.62030306781:4301.175130657404:3454.0885372149837:61.6261012939728:29.752973889512948:14.974585463189694:1.2607410669329486,6.332798132093507e-5
5,5,5,-3:4:1,4:3:1,6720,7,3.282215527015893e9:3.1580296279372764e9:4.520263551193283e8:2.4445245031417984e8:1.3760735165754494e8:1.7987364758502636e7:1.6359699593610303e7:165113.0139635755:136475.02520812838:36694.14594089475:9125.199656023675:7302.4141706370465:94.95251234108443:46.49650181598811:23.49257138747233:1.481280173409128,4.74612129043465e-5
5,5,5,-2:4:1,4:2:1,13440,7,6.779397404475344e9:6.546390583072644e9:9.494164219104238e8:5.183298701427273e8:2.951540165380786e8:3.853375985622829e7:3.495306753198595e7:277473.6742161886:230781.70497465052:63056.69571084498:15695.417863574005:12526.762586668883:129.67203825813877:64.07506910674574:32.481220451904534:1.6598375092420723,3.866072722985959e-5
5,5,5,-1:4:1,4:1:1,20608,7,1.1406191592955894e10:1.104821796213084e10:1.6208114763728042e9:8.922225249213674e8:5.1305096564940727e8:6.692644204119839e7:6.058004345412859e7:402752.5206622091:336772.4862920795:93308.84151127608:23244.308752282726:18514.294335572682:162.4246548559522:80.75918189455383:41.05149285535072:1.8004259736588046,3.338765944354718e-5
5,5,5,0:4:1,4:1:0,27776,7,1.3821982716073513e10:1.3405111729405415e10:1.9759468408737688e9:1.0914389183263762e9:6.301010139489416e8:8.217348171315989e7:7.432126747378612e7:462186.1066023042:387314.7184147294:107929.4558564364:26896.070102986614:21406.554706531344:176.57494333358568:87.99435975416648:44.77912031159824:1.8552399335682515,3.163160037166563e-5
5,5,5,1:4:1,4:1:1,20608,7,1.1406191592955887e10:1.1048217962130844e10:1.620811476372804e9:8.922225249213674e8:5.1305096564940715e8:6.6926442041198365e7:6.058004345412857e7:402752.5206622203:336772.48629208753:93308.84151134068:23244.308752277073:18514.2943355744:162.4246548776772:80.75918187553962:41.051492752267706:1.8004259769622428,3.338765944354872e-5
5,5,5,2:4:1,4:2:1,13440,7,6.779397404475345e9:6.546390583072647e9:9.494164219104236e8:5.1832987014272755e8:2.951540165380788e8:3.853375985622831e7:3.495306753198591e7:277473.67421618453:230781.7049746438:63056.69571084729:15695.417863571854:12526.762586655603:129.6720382317446:64.07506909418935:32.481220404064096:1.6598375198928086,3.866072722985879e-5
5,5,5,3:4:1,4:3:1,6720,7,3.2822155270158916e9:3.1580296279372735e9:4.520263551193284e8:2.4445245031417978e8:1.3760735165754488e8:1.7987364758502617e7:1.6359699593610317e7:165113.0139635723:136475.0252081279:36694.145940916555:9125.199656007437:7302.414170639726:94.95251232242511:46.496501834958096:23.492571393604802:1.48128017085211,4.746121290434661e-5
5,5,5,-3:5:1,5:3:1,3360,7,1.1876358516594815e9:1.1382256997254133e9:1.6064286009923893e8:8.599582041611326e7:4.780022924049813e7:6.258370822073968e6:5.710423978920541e6:79820.43979114194:65523.87990746585:17316.620303069027:4301.175130657505:3454.088537215267:61.62610129518246:29.752973888443485:14.974585467075656:1.2607410670227215,6.332798132093576e-5
5,5,5,-2:5:1,5:2:1,6720,7,2.0138117998192868e9:1.933689282196959e9:2.7476250112157124e8:1.4780687648501968e8:8.26616459355474e7:1.0813860071253061e7:9.851331577819923e6:116427.62547374576:95893.72712091958:25552.86555016367:6350.954945660165:5091.040991774699:77.0922198112444:37.50492097997859:18.912565831098497:1.3712932678612026,5.4509595225519267e-5
5,5,5,-1:5:1,5:1:1,10304,7,2.8859788756169333e9:2.7752232948953094e9:3.9642560494008315e8:2.1406925503956884e8:1.2028623868069957e8:1.5726633784993837e7:1.4309871936142541e7:150596.26696250757:124354.3021236403:33351.89419926762:8292.795739595396:6639.31728559358:89.87156657246682:43.93464414675302:22.186362391520237:1.4515536684304071,4.922272009492322e-5
5,5,5,0:5:1,5:1:0,13888,7,3.2822155270158916e9:3.1580296279372735e9:4.520263551193285e8:2.4445245031417978e8:1.3760735165754485e8:1.7987364758502625e7:1.6359699593610326e7:165113.01396357402:136475.02520812847:36694.14594095431:9125.1996559945:7302.414170634455:94.95251234861375:46.496501819014064:23.49257138243483:1.4812801708751688,4.74612129043482e-5
5,5,5,1:5:1,5:1:1,10304,7,2.885978875616936e9:2.775223294895311e9:3.9642560494008327e8:2.1406925503956887e8:1.202862386806996e8:1.5726633784993846e7:1.4309871936142547e7:150596.26696250844:124354.30212364126:33351.89419922951:8292.795739596784:6639.317285598837:89.87156655907332:43.93464414568641:22.18636241974201:1.4515536757990184,4.9222720094921975e-5
5,5,5,2:5:1,5:2:1,6720,7,2.013811799819285e9:1.933689282196959e9:2.747625011215712e8:1.4780687648501965e8:8.266164593554741e7:1.0813860071253065e7:9.851331577819921e6:116427.62547374608:95893.72712092022:25552.865550162656:6350.954945661279:5091.040991774962:77.09221982234:37.50492097656806:18.912565842080987:1.3712932700034846,5.450959522551949e-5
5,5,5,3:5:1,5:3:1,3360,7,1.187635851659482e9:1.138225699725413e9:1.6064286009923896e8:8.599582041611332e7:4.780022924049813e7:6.258370822073966e6:5.710423978920542e6:79820.43979114204:65523.87990746544:17316.620303065294:4301.175130658681:3454.0885372140915:61.626101298554325:29.752973888031768:14.974585463417574:1.2607410667252847,6.332798132093528e-5
5,5,5,-1:-5:2,5:2:1,6720,7,1.5746100768288157e9:1.5692641075817199e9:2.595432306929603e8:1.5487367830958524e8:9.683911262874909e7:1.2718449884224987e7:1.138619583630977e7:99350.93164543746:87277.56015544025:27657.26956679173:6981.163642674537:5513.806342338316:74.62873847788737:37.48360108439619:19.582555441650562:1.3675666977798981,6.0292160553272e-5
5,5,5,0:-5:2,5:2:0,13440,7,1.752547848083291e9:1.7493357837697256e9:2.915483714350713e8:1.7477567739790866e8:1.0973191978108944e8:1.4432402288115405e7:1.2918132465797901e7:107336.09882619121:94563.59225310227:30192.90387721771:7633.1619702343805:6026.49159213669:78.31078878429746:39.441523934480706:20.63860467786234:1.3929000332266366,5.856512927164496e-5
5,5,5,1:-5:2,5:2:1,6720,7,1.5746100768288164e9:1.5692641075817213e9:2.5954323069296038e8:1.548736783095854e8:9.683911262874912e7:1.2718449884224987e7:1.1386195836309774e7:99350.93164543729:87277.56015544057:27657.26956679713:6981.163642673675:5513.8063423385365:74.62873847902203:37.48360108004301:19.582555444367745:1.3675666860090718,6.029216055327246e-5
5,5,5,-1:-4:2,4:2:1,13440,7,4.814706276780699e9:4.743715116519704e9:8.81633585925896e8:5.552238454520305e8:3.62331741320145e8:4.891673522993298e7:4.382334224903823e7:220967.6681365437:200903.14854311428:69766.66327719204:18038.027427557776:14221.467802596824:123.67712372358199:64.03858432384132:34.13379939278079:1.6554047737845803,4.490524683120209e-5
5,5,5,0:-4:2,4:2:0,26880,7,5.588143787001821e9:5.490579184619251e9:1.042416007662043e9:6.618135662260772e8:4.341675309909538e8:5.901610670934713e7:5.2908770336812034e7:245836.6945990549:224727.22316007855:79200.46978262869:20580.139457936115:16230.23165773086:132.47327915398233:68.90538634704811:36.85241007788661:1.6986847495608695,4.3227619595126336e-5
5,5,5,1:-4:2,4:2:1,13440,7,4.814706276780697e9:4.743715116519703e9:8.816335859258958e8:5.552238454520305e8:3.6233174132014483e8:4.891673522993296e7:4.382334224903833e7:220967.66813654467:200903.1485431164:69766.66327718207:18038.027427562516:14221.467802576786:123.67712364086739:64.03858433181887:34.133799434147626:1.65540479150289,4.4905246831201973e-5
5,5,5,-3:-3:2,3:3:2,6750,7,4.172528370183418e9:4.1216416789810243e9:7.515859436599721e8:4.697361803985866e8:3.0493316253016025e8:4.0936973098995976e7:3.665575840378745e7:199470.76867834333:180452.4809342065:61821.52637961082:15915.279803030033:12546.37961193173:115.82153193684957:59.71853471695163:31.733777431350518:1.6150613557291447,4.659174124043133e-5
5,5,5,-2:-3:2,3:2:2,13500,7,9.09046776672413e9:8.848156530195541e9:1.824567536341313e9:1.1903472719192357e9:7.922358814363204e8:1.1111879327256578e8:1.0000884114977469e8:348782.9164602092:324982.24352857785:120806.46292370092:32069.698365513937:25350.530717025344:166.3616071235466:87.94421785747464:47.63631282843562:1.850324651664385,3.8264789473449035e-5
5,5,5,-1:-3:2,3:2:1,20670,7,1.5882370821565811e10:1.529158110032454e10:3.58413257938169e9:2.411594054069915e9:1.6157670814865654e9:2.4108465214256248e8:2.1883118361101997e8:523378.46314119286:499557.7848755222:199562.77848445554:55070.41127930375:43824.72158087066:217.7610695826985:117.69855574814265:64.95655252096643:2.0476569589526625,3.3463627003683865e-5
5,5,5,0:-3:2,3:2:0,27840,7,1.949354431685792e10:1.869946141458499e10:4.649709100175351e9:3.1623602832632575e9:2.114908537183804e9:3.261496463775101e8:2.973986439841052e8:608851.8320043349:586428.8830143507:241312.71729368993:67950.68134581733:54295.82276182966:241.06617356886423:131.54539963956643:73.2098871302917:2.1279762067365606,3.191947588389274e-5
5,5,5,1:-3:2,3:2:1,20670,7,1.5882370821565811e10:1.529158110032454e10:3.5841325793816915e9:2.411594054069915e9:1.6157670814865656e9:2.4108465214256218e8:2.1883118361102015e8:523378.4631411927:499557.7848755441:199562.77848450153:55070.41127938183:43824.72158075449:217.76106926796808:117.69855565040098:64.95655317964598:2.047657007976791,3.346362700368498e-5
5,5,5,2:-3:2,3:2:2,13500,7,9.090467766724125e9:8.848156530195541e9:1.8245675363413134e9:1.1903472719192348e9:7.922358814363203e8:1.1111879327256589e8:1.000088411497747e8:348782.9164602079:324982.24352852645:120806.46292368708:32069.698365537723:25350.53071706322:166.36160703853412:87.94421789793095:47.63631283259134:1.8503246546879453,3.826478947344636e-5
5,5,5,3:-3:2,3:3:2,6750,7,4.1725283701834207e9:4.1216416789810243e9:7.51585943659972e8:4.697361803985861e8:3.049331625301602e8:4.0936973098996006e7:3.6655758403787434e7:199470.7686783433:180452.48093420846:61821.52637961012:15915.279803026055:12546.37961192591:115.82153193359905:59.718534727148345:31.733777431423466:1.6150613832610174,4.65917412404314e-5
5,5,5,-3:-2:2,3:2:2,13500,7,9.090467766724134e9:8.848156530195543e9:1.8245675363413148e9:1.1903472719192362e9:7.922358814363202e8:1.1111879327256571e8:1.0000884114977466e8:348782.9164602076:324982.2435284258:120806.46292364123:32069.698365471057:25350.530717039746:166.36160701065467:87.94421785741139:47.63631282423752:1.850324645953883,3.8264789473439874e-5
5,5,5,-2:-2:2,2:2:2,27000,7,2.4178949995805195e10:2.311568343421967e10:6.16945509535591e9:4.2421541715482764e9:2.8224749372725086e9:4.542428446870803e8:4.166263842883799e8:715309.5268483226:695362.8314924781:295762.73933538917:85504.68743355671:68706.08101607054:268.82108206367934:148.33592068745295:83.38294725408204:2.2180202798600868,3.0415142822303967e-5
5,5,5,-1:-2:2,2:2:1,27900,7,4.929073611137018e10:4.707742031026779e10:1.7095655473028536e10:1.2292264464453407e10:7.855692645878304e9:1.5766812823273718e9:1.4883882710031657e9:1.2563953608074305e6:1.2444859878200965e6:597630.2618190903:201302.95342741846:167297.84269902046:393.8816461213179:228.42149062251784:134.4722304605679:2.5721175955983533,2.6251455150863793e-5
5,5,5,0:-2:2,2:2:0,28800,7,6.3737614125311935e10:6.150736377613859e10:2.5572223664548832e10:1.903861855834305e10:1.1982942862708464e10:2.711453518726385e9:2.596873711568116e9:1.5767561641322318e6:1.5513240634577696e6:779595.5334965519:290992.58912702184:247125.7947759144:457.77706615829305:272.579539980587:164.5689939362422:2.7320375731794697,2.5019838050223038e-5
5,5,5,1:-2:2,2:2:1,27900,7,4.9290736111370186e10:4.7077420310267815e10:1.7095655473028543e10:1.2292264464453398e10:7.8556926458783045e9:1.5766812823273723e9:1.4883882710031664e9:1.2563953608074232e6:1.2444859878204903e6:597630.2618186997:201302.95342813138:167297.84269829435:393.8816468115851:228.42149061506638:134.4722304870778:2.5721175944898826,2.6251455150865775e-5
5,5,5,2:-2:2,2:2:2,27000,7,2.4178949995805187e10:2.3115683434219673e10:6.169455095355908e9:4.24215417154828e9:2.82247493727251e9:4.5424284468707997e8:4.166263842883797e8:715309.5268483242:695362.831492587:295762.73933539126:85504.68743364532:68706.08101589578:268.82108186070724:148.33592027464047:83.3829475514609:2.2180203119481536,3.041514282230599e-5
5,5,5,3:-2:2,3:2:2,13500,7,9.09046776672413e9:8.84815653019554e9:1.8245675363413138e9:1.1903472719192355e9:7.922358814363202e8:1.1111879327256575e8:1.0000884114977464e8:348782.9164602069:324982.2435284655:120806.4629236822:32069.69836552004:25350.530717052323:166.36160700014935:87.94421788612219:47.63631280868733:1.8503246578589754,3.8264789473442964e-5
5,5,5,-5:-1:2,5:2:1,6720,7,1.5746100768288164e9:1.5692641075817213e9:2.5954323069296032e8:1.548736783095852e8:9.683911262874907e7:1.271844988422499e7:1.1386195836309766e7:99350.93164543669:87277.56015544011:27657.269566788662:6981.1636426715995:5513.806342336444:74.62873847757928:37.48360107665701:19.582555437950617:1.367566698332186,6.029216055327128e-5
5,5,5,-4:-1:2,4:2:1,13440,7,4.814706276780698e9:4.743715116519705e9:8.816335859258959e8:5.552238454520309e8:3.6233174132014513e8:4.891673522993291e7:4.3823342249038264e7:220967.66813654354:200903.14854311635:69766.66327718957:18038.027427553516:14221.467802592557:123.67712375665147:64.03858434482898:34.1337993900178:1.6554047424010385,4.490524683120212e-5
5,5,5,-3:-1:2,3:2:1,20670,7,1.5882370821565811e10:1.529158110032454e10:3.5841325793816924e9:2.4115940540699162e9:1.6157670814865642e9:2.410846521425623e8:2.188311836110203e8:523378.46314119885:499557.78487556824:199562.7784845269:55070.411279352884:43824.72158087439:217.76106957242845:117.69855562534873:64.95655253014353:2.0476570213911636,3.3463627003686406e-5
5,5,5,-2:-1:2,2:2:1,27900,7,4.929073611137023e10:4.707742031026782e10:1.7095655473028532e10:1.2292264464453398e10:7.855692645878302e9:1.5766812823273745e9:1.4883882710031664e9:1.2563953608074428e6:1.2444859878201026e6:597630.2618196693:201302.95342757064:167297.84269858943:393.88164734206464:228.42149020859813:134.47222970210552:2.5721174561854623,2.625145515086619e-5
5,5,5,-1:-1:2,2:1:1,28830,7,1.1422378871819876e11:1.071358451499808e11:5.782996006424953e10:5.42784296173162e10:3.625965870778669e10:1.1601380448786282e10:1.1467533827211031e10:2.7541233804382286e6:2.489234905467257e6:1.3648688188019288e6:764144.7386495689:698611.8790430163:644.1567765268858:419.716827742002:276.6414731447608:3.163709982007378,2.271546242795782e-5
5,5,5,1:-1:2,2:1:1,28830,7,1.1422378871819873e11:1.0713584514998087e11:5.782996006424954e10:5.427842961731614e10:3.6259658707786705e10:1.1601380448786278e10:1.1467533827211027e10:2.7541233804382323e6:2.4892349054676564e6:1.364868818801431e6:764144.7386491423:698611.8790434081:644.1567755971537:419.7168272399077:276.6414731644688:3.1637100800981006,2.2715462427958188e-5
5,5,5,2:-1:2,2:2:1,27900,7,4.9290736111370186e10:4.70774203102678e10:1.7095655473028536e10:1.2292264464453407e10:7.855692645878299e9:1.5766812823273692e9:1.488388271003165e9:1.2563953608074053e6:1.244485987820669e6:597630.2618188539:201302.95342770382:167297.8426989607:393.8816470025607:228.4214903004922:134.4722304802657:2.57211753483135,2.6251455150868126e-5
5,5,5,3:-1:2,3:2:1,20670,7,1.588237082156582e10:1.5291581100324533e10:3.584132579381692e9:2.4115940540699153e9:1.6157670814865646e9:2.4108465214256212e8:2.1883118361102027e8:523378.46314119216:499557.7848755342:199562.7784845493:55070.41127934843:43824.72158091741:217.76106935250314:117.6985554652194:64.95655270420829:2.0476570285036604,3.3463627003685545e-5
5,5,5,4:-1:2,4:2:1,13440,7,4.814706276780698e9:4.743715116519703e9:8.816335859258957e8:5.552238454520305e8:3.623317413201452e8:4.8916735229932934e7:4.3823342249038264e7:220967.6681365417:200903.1485431256:69766.66327717189:18038.027427556586:14221.467802588306:123.67712373774023:64.03858427487604:34.1337993370003:1.6554047313495228,4.490524683120222e-5
5,5,5,5:-1:2,5:2:1,6720,7,1.574610076828816e9:1.5692641075817196e9:2.5954323069296038e8:1.548736783095853e8:9.68391126287491e7:1.2718449884224975e7:1.1386195836309781e7:99350.93164543659:87277.56015544066:27657.26956678884:6981.1636426731875:5513.806342336222:74.62873847433065:37.48360108375139:19.58255542486229:1.3675667055503837,6.02921605532715e-5
5,5,5,-5:0:2,5:2:0,13440,7,1.7525478480832908e9:1.7493357837697263e9:2.915483714350713e8:1.7477567739790872e8:1.0973191978108941e8:1.4432402288115388e7:1.2918132465797897e7:107336.0988261915:94563.59225309991:30192.90387720946:7633.161970214821:6026.491592135461:78.31078878582746:39.44152393166062:20.63860470037555:1.392900032500024,5.85651292716433e-5
5,5,5,-4:0:2,4:2:0,26880,7,5.588143787001821e9:5.490579184619248e9:1.0424160076620431e9:6.618135662260776e8:4.3416753099095386e8:5.901610670934713e7:5.290877033681201e7:245836.69459905557:224727.22316006824:79200.46978264337:20580.139457907266:16230.231657730423:132.47327914449613:68.90538632623381:36.852410136984794:1.6986847510489358,4.322761959512577e-5
5,5,5,-3:0:2,3:2:0,27840,7,1.9493544316857918e10:1.8699461414585e10:4.64970910017535e9:3.1623602832632565e9:2.1149085371838055e9:3.261496463775101e8:2.9739864398410535e8:608851.8320043396:586428.883014411:241312.7172936891:67950.68134567747:54295.82276189499:241.06617358287286:131.54539979324667:73.20988703437138:2.1279762193515372,3.191947588389405e-5
5,5,5,-2:0:2,2:2:0,28800,7,6.3737614125311966e10:6.15073637761386e10:2.5572223664548817e10:1.9038618558343033e10:1.1982942862708473e10:2.711453518726383e9:2.596873711568116e9:1.5767561641322207e6:1.5513240634579046e6:779595.5334967626:290992.58912691596:247125.79477674706:457.7770662845197:272.5795404326509:164.56899469472273:2.7320375825971457,2.501983805022539e-5
5,5,5,2:0:2,2:2:0,28800,7,6.373761412531195e10:6.15073637761386e10:2.5572223664548824e10:1.903861855834303e10:1.198294286270847e10:2.711453518726385e9:2.5968737115681148e9:1.576756164132254e6:1.551324063458256e6:779595.5334965652:290992.5891261354:247125.79477554068:457.77706609418397:272.57953995064776:164.56899464820202:2.7320375810623894,2.501983805022502e-5
5,5,5,3:0:2,3:2:0,27840,7,1.949354431685793e10:1.8699461414585003e10:4.649709100175352e9:3.162360283263258e9:2.1149085371838048e9:3.261496463775104e8:2.9739864398410535e8:608851.8320043399:586428.8830143537:241312.71729400335:67950.68134577094:54295.82276165073:241.06617359502042:131.5453995537251:73.20988704270991:2.127976220466621,3.1919475883895486e-5
5,5,5,4:0:2,4:2:0,26880,7,5.5881437870018215e9:5.490579184619249e9:1.0424160076620427e9:6.618135662260774e8:4.34167530990954e8:5.901610670934718e7:5.290877033681202e7:245836.69459905577:224727.22316008538:79200.46978273829:20580.139457912494:16230.231657722175:132.4732791419748:68.90538636742005:36.852410135483716:1.698684751193648,4.3227619595129934e-5
5,5,5,5:0:2,5:2:0,13440,7,1.7525478480832906e9:1.7493357837697244e9:2.915483714350713e8:1.7477567739790872e8:1.0973191978108951e8:1.4432402288115399e7:1.2918132465797894e7:107336.09882619158:94563.59225310058:30192.90387724778:7633.161970220554:6026.491592130905:78.31078878532763:39.44152393767814:20.63860470026346:1.3929000324637426,5.856512927164673e-5
5,5,5,-5:1:2,5:2:1,6720,7,1.5746100768288164e9:1.5692641075817213e9:2.5954323069296032e8:1.548736783095852e8:9.683911262874907e7:1.271844988422499e7:1.1386195836309766e7:99350.93164543669:87277.56015544011:27657.269566788662:6981.1636426715995:5513.806342336444:74.62873847757928:37.48360107665701:19.582555437950617:1.367566698332186,6.029216055327128e-5
5,5,5,-4:1:2,4:2:1,13440,7,4.814706276780698e9:4.743715116519705e9:8.816335859258959e8:5.552238454520309e8:3.6233174132014513e8:4.891673522993291e7:4.3823342249038264e7:220967.66813654354:200903.14854311635:69766.66327718957:18038.027427553516:14221.467802592557:123.67712375665147:64.03858434482898:34.1337993900178:1.6554047424010385,4.490524683120212e-5
5,5,5,-3:1:2,3:2:1,20670,7,1.5882370821565811e10:1.529158110032454e10:3.5841325793816924e9:2.4115940540699162e9:1.6157670814865642e9:2.410846521425623e8:2.188311836110203e8:523378.46314119885:499557.78487556824:199562.7784845269:55070.411279352884:43824.72158087439:217.76106957242845:117.69855562534873:64.95655253014353:2.0476570213911636,3.3463627003686406e-5
5,5,5,-2:1:2,2:2:1,27900,7,4.929073611137023e10:4.707742031026782e10:1.7095655473028532e10:1.2292264464453398e10:7.855692645878302e9:1.5766812823273745e9:1.4883882710031664e9:1.2563953608074428e6:1.2444859878201026e6:597630.2618196693:201302.95342757064:167297.84269858943:393.88164734206464:228.42149020859813:134.47222970210552:2.5721174561854623,2.625145515086619e-5
5,5,5,-1:1:2,2:1:1,28830,7,1.1422378871819876e11:1.071358451499808e11:5.782996006424953e10:5.42784296173162e10:3.625965870778669e10:1.1601380448786282e10:1.1467533827211031e10:2.7541233804382286e6:2.489234905467257e6:1.3648688188019288e6:764144.7386495689:698611.8790430163:644.1567765268858:419.716827742002:276.6414731447608:3.163709982007378,2.271546242795782e-5
5,5,5,1:1:2,2:1:1,28830,7,1.1422378871819873e11:1.0713584514998087e11:5.782996006424954e10:5.427842961731614e10:3.6259658707786705e10:1.1601380448786278e10:1.1467533827211027e10:2.7541233804382323e6:2.4892349054676564e6:1.364868818801431e6:764144.7386491423:698611.8790434081:644.1567755971537:419.7168272399077:276.6414731644688:3.1637100800981006,2.2715462427958188e-5
5,5,5,2:1:2,2:2:1,27900,7,4.9290736111370186e10:4.70774203102678e10:1.7095655473028536e10:1.2292264464453407e10:7.855692645878299e9:1.5766812823273692e9:1.488388271003165e9:1.2563953608074053e6:1.244485987820669e6:597630.2618188539:201302.95342770382:167297.8426989607:393.8816470025607:228.4214903004922:134.4722304802657:2.57211753483135,2.6251455150868126e-5
5,5,5,3:1:2,3:2:1,20670,7,1.588237082156582e10:1.5291581100324533e10:3.584132579381692e9:2.4115940540699153e9:1.6157670814865646e9:2.4108465214256212e8:2.1883118361102027e8:523378.46314119216:499557.7848755342:199562.7784845493:55070.41127934843:43824.72158091741:217.76106935250314:117.6985554652194:64.95655270420829:2.0476570285036604,3.3463627003685545e-5
5,5,5,4:1:2,4:2:1,13440,7,4.814706276780698e9:4.743715116519703e9:8.816335859258957e8:5.552238454520305e8:3.623317413201452e8:4.8916735229932934e7:4.3823342249038264e7:220967.6681365417:200903.1485431256:69766.66327717189:18038.027427556586:14221.467802588306:123.67712373774023:64.03858427487604:34.1337993370003:1.6554047313495228,4.490524683120222e-5
5,5,5,5:1:2,5:2:1,6720,7,1.574610076828816e9:1.5692641075817196e9:2.5954323069296038e8:1.548736783095853e8:9.68391126287491e7:1.2718449884224975e7:1.1386195836309781e7:99350.93164543659:87277.56015544066:27657.26956678884:6981.1636426731875:5513.806342336222:74.62873847433065:37.48360108375139:19.58255542486229:1.3675667055503837,6.02921605532715e-5
5,5,5,-3:2:2,3:2:2,13500,7,9.090467766724134e9:8.848156530195543e9:1.8245675363413148e9:1.1903472719192362e9:7.922358814363202e8:1.1111879327256571e8:1.0000884114977466e8:348782.9164602076:324982.2435284258:120806.46292364123:32069.698365471057:25350.530717039746:166.36160701065467:87.94421785741139:47.63631282423752:1.850324645953883,3.8264789473439874e-5
5,5,5,-2:2:2,2:2:2,27000,7,2.4178949995805195e10:2.311568343421967e10:6.16945509535591e9:4.2421541715482764e9:2.8224749372725086e9:4.542428446870803e8:4.166263842883799e8:715309.5268483226:695362.8314924781:295762.73933538917:85504.68743355671:68706.08101607054:268.82108206367934:148.33592068745295:83.38294725408204:2.2180202798600868,3.0415142822303967e-5
5,5,5,-1:2:2,2:2:1,27900,7,4.929073611137018e10:4.707742031026779e10:1.7095655473028536e10:1.2292264464453407e10:7.855692645878304e9:1.5766812823273718e9:1.4883882710031657e9:1.2563953608074305e6:1.2444859878200965e6:597630.2618190903:201302.95342741846:167297.84269902046:393.8816461213179:228.42149062251784:134.4722304605679:2.5721175955983533,2.6251455150863793e-5
5,5,5,0:2:2,2:2:0,28800,7,6.3737614125311935e10:6.150736377613859e10:2.5572223664548832e10:1.903861855834305e10:1.1982942862708464e10:2.711453518726385e9:2.596873711568116e9:1.5767561641322318e6:1.5513240634577696e6:779595.5334965519:290992.58912702184:247125.7947759144:457.77706615829305:272.579539980587:164.5689939362422:2.7320375731794697,2.5019838050223038e-5
5,5,5,1:2:2,2:2:1,27900,7,4.9290736111370186e10:4.7077420310267815e10:1.7095655473028543e10:1.2292264464453398e10:7.8556926458783045e9:1.5766812823273723e9:1.4883882710031664e9:1.2563953608074232e6:1.2444859878204903e6:597630.2618186997:201302.95342813138:167297.84269829435:393.8816468115851:228.42149061506638:134.4722304870778:2.5721175944898826,2.6251455150865775e-5
5,5,5,2:2:2,2:2:2,27000,7,2.4178949995805187e10:2.3115683434219673e10:6.169455095355908e9:4.24215417154828e9:2.82247493727251e9:4.5424284468707997e8:4.166263842883797e8:715309.5268483242:695362.831492587:295762.73933539126:85504.68743364532:68706.08101589578:268.82108186070724:148.33592027464047:83.3829475514609:2.2180203119481536,3.041514282230599e-5
5,5,5,3:2:2,3:2:2,13500,7,9.09046776672413e9:8.84815653019554e9:1.8245675363413138e9:1.1903472719192355e9:7.922358814363202e8:1.1111879327256575e8:1.0000884114977464e8:348782.9164602069:324982.2435284655:120806.4629236822:32069.69836552004:25350.530717052323:166.36160700014935:87.94421788612219:47.63631280868733:1.8503246578589754,3.8264789473442964e-5
5,5,5,-3:3:2,3:3:2,6750,7,4.172528370183418e9:4.1216416789810243e9:7.515859436599721e8:4.697361803985866e8:3.0493316253016025e8:4.0936973098995976e7:3.665575840378745e7:199470.76867834333:180452.4809342065:61821.52637961082:15915.279803030033:12546.37961193173:115.82153193684957:59.71853471695163:31.733777431350518:1.6150613557291447,4.659174124043133e-5
5,5,5,-2:3:2,3:2:2,13500,7,9.09046776672413e9:8.848156530195541e9:1.824567536341313e9:1.1903472719192357e9:7.922358814363204e8:1.1111879327256578e8:1.0000884114977469e8:348782.9164602092:324982.24352857785:120806.46292370092:32069.698365513937:25350.530717025344:166.3616071235466:87.94421785747464:47.63631282843562:1.850324651664385,3.8264789473449035e-5
5,5,5,-1:3:2,3:2:1,20670,7,1.5882370821565811e10:1.529158110032454e10:3.58413257938169e9:2.411594054069915e9:1.6157670814865654e9:2.4108465214256248e8:2.1883118361101997e8:523378.46314119286:499557.7848755222:199562.77848445554:55070.41127930375:43824.72158087066:217.7610695826985:117.69855574814265:64.95655252096643:2.0476569589526625,3.3463627003683865e-5
5,5,5,0:3:2,3:2:0,27840,7,1.949354431685792e10:1.869946141458499e10:4.649709100175351e9:3.1623602832632575e9:2.114908537183804e9:3.261496463775101e8:2.973986439841052e8:608851.8320043349:586428.8830143507:241312.71729368993:67950.68134581733:54295.82276182966:241.06617356886423:131.54539963956643:73.2098871302917:2.1279762067365606,3.191947588389274e-5
5,5,5,1:3:2,3:2:1,20670,7,1.5882370821565811e10:1.529158110032454e10:3.5841325793816915e9:2.411594054069915e9:1.6157670814865656e9:2.4108465214256218e8:2.1883118361102015e8:523378.4631411927:499557.7848755441:199562.77848450153:55070.41127938183:43824.72158075449:217.76106926796808:117.69855565040098:64.95655317964598:2.047657007976791,3.346362700368498e-5
5,5,5,2:3:2,3:2:2,13500,7,9.090467766724125e9:8.848156530195541e9:1.8245675363413134e9:1.1903472719192348e9:7.922358814363203e8:1.1111879327256589e8:1.000088411497747e8:348782.9164602079:324982.24352852645:120806.46292368708:32069.698365537723:25350.53071706322:166.36160703853412:87.94421789793095:47.63631283259134:1.8503246546879453,3.826478947344636e-5
5,5,5,3:3:2,3:3:2,6750,7,4.1725283701834207e9:4.1216416789810243e9:7.51585943659972e8:4.697361803985861e8:3.049331625301602e8:4.0936973098996006e7:3.6655758403787434e7:199470.7686783433:180452.48093420846:61821.52637961012:15915.279803026055:12546.37961192591:115.82153193359905:59.718534727148345:31.733777431423466:1.6150613832610174,4.65917412404314e-5
5,5,5,-1:4:2,4:2:1,13440,7,4.814706276780699e9:4.743715116519704e9:8.81633585925896e8:5.552238454520305e8:3.62331741320145e8:4.891673522993298e7:4.382334224903823e7:220967.6681365437:200903.14854311428:69766.66327719204:18038.027427557776:14221.467802596824:123.67712372358199:64.03858432384132:34.13379939278079:1.6554047737845803,4.490524683120209e-5
5,5,5,0:4:2,4:2:0,26880,7,5.588143787001821e9:5.490579184619251e9:1.042416007662043e9:6.618135662260772e8:4.341675309909538e8:5.901610670934713e7:5.2908770336812034e7:245836.6945990549:224727.22316007855:79200.46978262869:20580.139457936115:16230.23165773086:132.47327915398233:68.90538634704811:36.85241007788661:1.6986847495608695,4.3227619595126336e-5
5,5,5,1:4:2,4:2:1,13440,7,4.814706276780697e9:4.743715116519703e9:8.816335859258958e8:5.552238454520305e8:3.6233174132014483e8:4.891673522993296e7:4.382334224903833e7:220967.66813654467:200903.1485431164:69766.66327718207:18038.027427562516:14221.467802576786:123.67712364086739:64.03858433181887:34.133799434147626:1.65540479150289,4.4905246831201973e-5
5,5,5,-1:5:2,5:2:1,6720,7,1.5746100768288157e9:1.5692641075817199e9:2.595432306929603e8:1.5487367830958524e8:9.683911262874909e7:1.2718449884224987e7:1.138619583630977e7:99350.93164543746:87277.56015544025:27657.26956679173:6981.163642674537:5513.806342338316:74.62873847788737:37.48360108439619:19.582555441650562:1.3675666977798981,6.0292160553272e-5
5,5,5,0:5:2,5:2:0,13440,7,1.752547848083291e9:1.7493357837697256e9:2.915483714350713e8:1.7477567739790866e8:1.0973191978108944e8:1.4432402288115405e7:1.2918132465797901e7:107336.09882619121:94563.59225310227:30192.90387721771:7633.1619702343805:6026.49159213669:78.31078878429746:39.441523934480706:20.63860467786234:1.3929000332266366,5.856512927164496e-5
5,5,5,1:5:2,5:2:1,6720,7,1.5746100768288164e9:1.5692641075817213e9:2.5954323069296038e8:1.548736783095854e8:9.683911262874912e7:1.2718449884224987e7:1.1386195836309774e7:99350.93164543729:87277.56015544057:27657.26956679713:6981.163642673675:5513.8063423385365:74.62873847902203:37.48360108004301:19.582555444367745:1.3675666860090718,6.029216055327246e-5
5,5,5,-1:-5:3,5:3:1,3360,7,6.892732990882561e8:6.674850724105198e8:1.4531919544979164e8:9.617205301441377e7:6.432832809509613e7:9.243760944294585e6:8.347843558010145e6:55517.589685192266:52248.812399522256:20064.890028953392:5400.656299450223:4289.309684603589:57.02359471125135:29.70791179330176:16.28504756418167:1.2515830089308613,8.096527148306413e-5
5,5,5,0:-5:3,5:3:0,6720,7,7.490832819732186e8:7.242202855673496e8:1.607332661521048e8:1.0686522762737884e8:7.154961340114924e7:1.0377652749532392e7:9.383839518982306e6:58979.69384507482:55709.15968754888:21625.138183645482:5854.958321799407:4654.4634565516:59.32414932539012:31.03010399008078:17.05827346207998:1.271643634184199,7.936196220722387e-5
5,5,5,1:-5:3,5:3:1,3360,7,6.892732990882573e8:6.674850724105203e8:1.453191954497917e8:9.617205301441374e7:6.432832809509614e7:9.243760944294613e6:8.347843558010131e6:55517.58968519254:52248.812399524366:20064.890028952523:5400.656299448006:4289.3096846047565:57.02359469420101:29.707911793115578:16.285047569098197:1.2515830098715999,8.096527148306534e-5
5,5,5,-1:-4:3,4:3:1,6720,7,1.5630728044384289e9:1.4924032301330802e9:4.12930029203824e8:2.853149597610527e8:1.8917367212371692e8:3.114559266326111e7:2.8656453978525832e7:101747.4845305783:99230.18078442832:42897.98985710683:12565.764564261257:10144.38800864362:85.20567205505454:46.425963369498234:26.341555391745295:1.4707010559745428,6.705261527913983e-5
5,5,5,0:-4:3,4:3:0,13440,7,1.7299745368251019e9:1.6499601340469406e9:4.746727294450931e8:3.2969214142458963e8:2.1762422566024202e8:3.676147186476146e7:3.3940092157074094e7:109959.04320687302:107656.19668372354:47320.72796804749:14091.011152818772:11415.956310420734:89.76702806127228:49.242302755598665:28.095976471709317:1.5019533276034973,6.560320072307992e-5
5,5,5,1:-4:3,4:3:1,6720,7,1.5630728044384289e9:1.4924032301330795e9:4.129300292038238e8:2.853149597610526e8:1.8917367212371704e8:3.114559266326112e7:2.8656453978525814e7:101747.48453057707:99230.18078443548:42897.989857090935:12565.764564273431:10144.388008648828:85.2056720067427:46.42596336302505:26.34155541806043:1.4707010591559293,6.705261527914014e-5
5,5,5,-3:-3:3,3:3:3,3375,7,1.4153940417992449e9:1.3531569490483036e9:3.611995858769147e8:2.4832119950051537e8:1.6523624305725753e8:2.6590042754004505e7:2.438955012109221e7:94380.39368319353:91673.5925429219:39007.56676328312:11263.012668358027:9065.03751998657:81.01744444880406:43.868004584063016:24.763303498487872:1.4411669499493058,6.852655927290221e-5
5,5,5,-2:-3:3,3:3:2,6750,7,2.376631825557333e9:2.264434897722127e9:7.475706014591693e8:5.289912438361144e8:3.427125053351749e8:6.38315094564987e7:5.96918353933196e7:141181.92571093238:139510.51918405513:64747.76962444453:20601.851069657536:16933.4494967497:106.19583033608356:59.661835720694185:34.74205459335786:1.6079184395648518,6.142795437425076e-5
5,5,5,-1:-3:3,3:3:1,13695,7,3.3252715475398235e9:3.1897412930405188e9:1.2473932529383976e9:9.117032788337696e8:5.772865695173389e8:1.2338506479047798e8:1.1738162864217718e8:187376.1879772373:185104.67283080504:91180.15694567507:32313.690523372836:27178.651794862002:128.18393501540567:74.35026216420724:44.54324638376708:1.737607616671949,5.756594986044641e-5
5,5,5,0:-3:3,3:3:0,20640,7,3.7309860644846163e9:3.600423181099588e9:1.4969723133508956e9:1.1144160860743856e9:7.014907726548353e8:1.5871374188667127e8:1.5200993106485227e8:207956.96043841215:204488.84980339397:102783.33748089035:38328.47747143189:32577.158562000724:137.1791162412066:80.63648226663788:48.90104071788155:1.7877670846641223,5.6355265422854626e-5
5,5,5,1:-3:3,3:3:1,13695,7,3.325271547539823e9:3.189741293040516e9:1.2473932529383976e9:9.117032788337688e8:5.772865695173388e8:1.2338506479047805e8:1.1738162864217708e8:187376.18797723987:185104.67283081263:91180.15694561416:32313.690523387904:27178.651794836493:128.18393509816465:74.35026216008151:44.543246171871296:1.7376076425793294,5.756594986044363e-5
5,5,5,2:-3:3,3:3:2,6750,7,2.376631825557332e9:2.264434897722127e9:7.475706014591695e8:5.2899124383611447e8:3.42712505335175e8:6.383150945649864e7:5.9691835393319584e7:141181.92571093436:139510.5191840545:64747.76962445013:20601.85106966095:16933.449496775887:106.19583035996453:59.66183571290254:34.74205458752019:1.6079184364520331,6.142795437425225e-5
5,5,5,3:-3:3,3:3:3,3375,7,1.4153940417992454e9:1.3531569490483031e9:3.6119958587691486e8:2.483211995005153e8:1.6523624305725744e8:2.659004275400447e7:2.4389550121092223e7:94380.39368319287:91673.59254291734:39007.56676329268:11263.012668358044:9065.037519975374:81.01744442971781:43.86800457445922:24.763303543699585:1.4411669555974116,6.852655927290146e-5
5,5,5,-3:-2:3,3:3:2,6750,7,2.3766318255573325e9:2.2644348977221284e9:7.475706014591694e8:5.2899124383611476e8:3.4271250533517474e8:6.383150945649868e7:5.969183539331959e7:141181.9257109314:139510.5191840736:64747.76962441957:20601.851069653596:16933.449496752968:106.19583036464853:59.66183571497632:34.742054547171655:1.6079184323398152,6.142795437425185e-5
5,5,5,-2:-2:3,3:2:2,13500,7,4.190150390561396e9:4.081675219536521e9:1.8034957192905812e9:1.3772988451193652e9:8.645630424116455e8:2.0838486064810356e8:2.0100953224248362e8:232234.91948239444:226468.51674483862:116118.1494917267:46055.66506469072:39629.37353507709:147.20835673798612:87.86064258067535:54.036995730044275:1.8422216344552378,5.517979469205349e-5
5,5,5,-1:-2:3,3:2:1,20670,7,6.187101982141129e9:5.927659841466191e9:3.117973408346168e9:2.794479756490679e9:1.828487481638799e9:5.5754692099961e8:5.494573850525056e8:338560.4240370521:311041.59831477044:168859.5226174461:88516.07714753388:80106.15466206001:184.92172132922295:117.58664178659266:76.77777276673639:2.038743750520371,5.174754064002188e-5
5,5,5,0:-2:3,3:2:0,27840,7,7.244949849232093e9:6.629473512748302e9:3.658249202267697e9:3.6210583911070857e9:2.485650021477184e9:8.376856500987769e8:8.302293393148304e8:390162.54445239686:346033.7655889873:191955.30733601432:115246.3919174935:106567.78113651896:200.4158861814221:131.4202960753242:88.38731408793787:2.1187321116140936,5.0548145166358106e-5
5,5,5,1:-2:3,3:2:1,20670,7,6.18710198214113e9:5.927659841466192e9:3.1179734083461685e9:2.79447975649068e9:1.828487481638799e9:5.575469209996102e8:5.494573850525055e8:338560.42403706943:311041.59831482696:168859.52261750257:88516.07714738419:80106.15466213271:184.92172134366297:117.58664176130452:76.77777274766304:2.03874373714652,5.174754064002707e-5
5,5,5,2:-2:3,3:2:2,13500,7,4.1901503905613976e9:4.08167521953652e9:1.8034957192905815e9:1.3772988451193657e9:8.645630424116459e8:2.0838486064810377e8:2.010095322424835e8:232234.91948238868:226468.51674484307:116118.14949170197:46055.66506469248:39629.37353508805:147.2083567124759:87.86064264795665:54.0369957045381:1.8422216358385828,5.517979469205227e-5
5,5,5,3:-2:3,3:3:2,6750,7,2.3766318255573335e9:2.264434897722127e9:7.475706014591693e8:5.289912438361145e8:3.427125053351749e8:6.3831509456498675e7:5.969183539331949e7:141181.9257109246:139510.519184023:64747.76962430257:20601.851069702345:16933.44949673264:106.19583035463796:59.66183570824924:34.742054582326155:1.6079184331457177,6.142795437423115e-5
5,5,5,-5:-1:3,5:3:1,3360,7,6.892732990882576e8:6.674850724105202e8:1.4531919544979167e8:9.61720530144137e7:6.43283280950961e7:9.243760944294615e6:8.34784355801013e6:55517.58968519246:52248.812399523405:20064.890028954247:5400.656299451274:4289.309684607779:57.023594712409626:29.70791180841422:16.285047553158805:1.251583016321964,8.096527148306549e-5
5,5,5,-4:-1:3,4:3:1,6720,7,1.56307280443843e9:1.4924032301330807e9:4.129300292038239e8:2.853149597610527e8:1.89173672123717e8:3.1145592663261086e7:2.865645397852582e7:101747.48453058087:99230.18078442711:42897.989857264445:12565.764564258821:10144.388008675707:85.20567200933036:46.425963405565405:26.341555399771163:1.4707010564010936,6.705261527916142e-5
5,5,5,-3:-1:3,3:3:1,13695,7,3.325271547539824e9:3.1897412930405183e9:1.2473932529383976e9:9.117032788337694e8:5.772865695173388e8:1.2338506479047802e8:1.1738162864217705e8:187376.18797724383:185104.6728307832:91180.15694570287:32313.690523373207:27178.651794848178:128.1839350522251:74.35026207558579:44.543246449801124:1.7376076286178839,5.756594986044595e-5
5,5,5,-2:-1:3,3:2:1,20670,7,6.1871019821411295e9:5.927659841466194e9:3.1179734083461704e9:2.7944797564906807e9:1.8284874816387985e9:5.575469209996104e8:5.494573850525062e8:338560.4240370443:311041.5983149832:168859.5226174594:88516.07714737944:80106.15466210073:184.92172160395518:117.58664166658322:76.777772789554:2.0387436883887484,5.174754064003314e-5
5,5,5,-1:-1:3,3:1:1,24719,7,1.0113686808539665e10:8.183616707680705e9:6.16956261525744e9:5.148843284421952e9:4.745669635586686e9:2.3012277692261147e9:2.294512029681602e9:521677.50438827655:424096.88595399354:255535.2062554302:216769.20975696913:209443.41667110703:234.69483618864257:168.8664225011537:124.32488572792454:2.309909534735409,4.773345835004779e-5
5,5,5,0:-1:3,3:1:0,28768,7,1.1703505691598417e10:9.010657680245895e9:7.932376415301254e9:7.451391025180279e9:5.6020357589202175e9:4.421946258368743e9:4.407383913294529e9:584684.41828373:464101.81555922487:320893.0354617484:319002.8743771264:304047.85212232807:249.71479093768235:194.83176344629302:155.35969059201048:2.4261286793633006,4.5820048632842814e-5
5,5,5,1:-1:3,3:1:1,24719,7,1.0113686808539665e10:8.183616707680708e9:6.169562615257437e9:5.148843284421952e9:4.745669635586686e9:2.301227769226114e9:2.294512029681601e9:521677.5043883051:424096.8859541185:255535.2062554952:216769.20975692323:209443.41667128674:234.6948362876638:168.86642203290236:124.3248855063843:2.30990950671697,4.7733458350056584e-5
5,5,5,2:-1:3,3:2:1,20670,7,6.18710198214113e9:5.927659841466195e9:3.117973408346168e9:2.7944797564906783e9:1.8284874816387978e9:5.575469209996103e8:5.494573850525057e8:338560.42403706774:311041.5983147815:168859.5226175366:88516.07714761507:80106.1546621029:184.92172141994334:117.58664179156794:76.77777271409066:2.038743740331581,5.174754064002891e-5
5,5,5,3:-1:3,3:3:1,13695,7,3.325271547539821e9:3.189741293040517e9:1.2473932529383976e9:9.11703278833769e8:5.772865695173386e8:1.2338506479047808e8:1.1738162864217708e8:187376.1879772517:185104.67283078408:91180.15694584318:32313.69052331034:27178.651794876016:128.18393506788107:74.35026211347167:44.54324634528899:1.7376076511646195,5.7565949860455504e-5
5,5,5,4:-1:3,4:3:1,6720,7,1.5630728044384305e9:1.4924032301330795e9:4.129300292038238e8:2.853149597610528e8:1.891736721237169e8:3.1145592663261082e7:2.8656453978525814e7:101747.48453057809:99230.1807844326:42897.9898571052:12565.764564269855:10144.38800865058:85.20567202673442:46.42596335178619:26.341555396988067:1.4707010549154533,6.705261527914132e-5
5,5,5,5:-1:3,5:3:1,3360,7,6.892732990882571e8:6.6748507241052e8:1.4531919544979164e8:9.617205301441371e7:6.432832809509612e7:9.243760944294605e6:8.347843558010137e6:55517.5896851927:52248.812399522176:20064.890028956102:5400.6562994500955:4289.309684607449:57.02359471393816:29.70791180008553:16.285047553043437:1.2515830101087153,8.096527148306526e-5
5,5,5,-5:0:3,5:3:0,6720,7,7.490832819732184e8:7.242202855673496e8:1.607332661521047e8:1.0686522762737887e8:7.154961340114924e7:1.0377652749532389e7:9.383839518982304e6:58979.69384507424:55709.159687554624:21625.138183643336:5854.958321775808:4654.463456552204:59.324149325689326:31.030103993437944:17.058273460238812:1.2716436332523318,7.936196220722502e-5
5,5,5,-4:0:3,4:3:0,13440,7,1.7299745368251004e9:1.6499601340469408e9:4.7467272944509286e8:3.2969214142458975e8:2.1762422566024217e8:3.676147186476145e7:3.39400921570741e7:109959.04320687243:107656.19668373726:47320.72796804788:14091.011152802219:11415.956310426587:89.76702805296271:49.24230274496899:28.095976467579284:1.5019533284411317,6.56032007230831e-5
5,5,5,-3:0:3,3:3:0,20640,7,3.7309860644846144e9:3.600423181099588e9:1.4969723133508954e9:1.1144160860743854e9:7.014907726548351e8:1.587137418866715e8:1.520099310648523e8:207956.96043841273:204488.8498033962:102783.33748088317:38328.47747143455:32577.158561992426:137.1791162518861:80.63648226181863:48.901040691885825:1.7877670857568244,5.6355265422854456e-5
5,5,5,-2:0:3,3:2:0,27840,7,7.244949849232095e9:6.629473512748302e9:3.6582492022676973e9:3.6210583911070857e9:2.4856500214771833e9:8.376856500987772e8:8.302293393148311e8:390162.5444523949:346033.76558903395:191955.30733605154:115246.3919174837:106567.78113653186:200.41588586478306:131.42029604976523:88.38731428412066:2.118732099351968,5.054814516636155e-5
5,5,5,-1:0:3,3:1:0,28768,7,1.170350569159842e10:9.010657680245893e9:7.932376415301253e9:7.451391025180276e9:5.602035758920217e9:4.421946258368742e9:4.40738391329453e9:584684.4182837247:464101.81555893505:320893.0354613742:319002.8743769626:304047.8521221269:249.71479066837279:194.83176360712116:155.35968974434587:2.426128690669073,4.5820048632822906e-5
5,5,5,0:0:3,3:0:0,29696,7,9.850146817680416e9:9.850146817157278e9:9.850146817157263e9:9.850145902020561e9:9.850145902020555e9:9.84764443482254e9:9.847644434822536e9:501287.5276596385:501284.90634649445:501284.9063464344:500140.9865446369:500140.98654463486:232.95611861149658:228.2040928461653:228.2040926291056:2.5610354897214442,4.297477312710175e-5
5,5,5,1:0:3,3:1:0,28768,7,1.170350569159842e10:9.010657680245893e9:7.932376415301253e9:7.451391025180276e9:5.602035758920217e9:4.421946258368741e9:4.40738391329453e9:584684.4182837247:464101.81555914413:320893.03546136536:319002.8743772437:304047.8521221167:249.71479067045385:194.8317636388068:155.35968976971375:2.426128692436005,4.582004863283261e-5
5,5,5,2:0:3,3:2:0,27840,7,7.244949849232098e9:6.629473512748301e9:3.658249202267697e9:3.6210583911070843e9:2.4856500214771814e9:8.37685650098777e8:8.302293393148311e8:390162.5444523951:346033.7655890459:191955.30733605134:115246.39191741009:106567.78113651759:200.4158858594233:131.420296055678:88.38731431262342:2.118732099665543,5.0548145166360653e-5
5,5,5,3:0:3,3:3:0,20640,7,3.730986064484612e9:3.6004231810995874e9:1.496972313350895e9:1.114416086074386e9:7.014907726548352e8:1.5871374188667127e8:1.520099310648523e8:207956.9604384118:204488.84980338256:102783.3374808854:38328.477471485654:32577.158562029796:137.1791162647144:80.63648227656556:48.90104070633144:1.7877670868468567,5.635526542285472e-5
5,5,5,4:0:3,4:3:0,13440,7,1.7299745368251004e9:1.6499601340469408e9:4.7467272944509274e8:3.2969214142458975e8:2.1762422566024205e8:3.676147186476143e7:3.39400921570741e7:109959.04320687232:107656.19668374125:47320.727968060935:14091.011152797477:11415.956310413041:89.76702804780021:49.242302746268045:28.095976465875058:1.5019533282445432,6.560320072308511e-5
5,5,5,5:0:3,5:3:0,6720,7,7.490832819732189e8:7.242202855673494e8:1.607332661521047e8:1.0686522762737879e8:7.154961340114923e7:1.0377652749532389e7:9.383839518982304e6:58979.69384507428:55709.159687553445:21625.13818364633:5854.958321773196:4654.463456551325:59.324149325359116:31.030103987220965:17.058273460138153:1.2716436332435601,7.93619622072248e-5
5,5,5,-5:1:3,5:3:1,3360,7,6.892732990882576e8:6.674850724105202e8:1.4531919544979167e8:9.61720530144137e7:6.43283280950961e7:9.243760944294615e6:8.34784355801013e6:55517.58968519246:52248.812399523405:20064.890028954247:5400.656299451274:4289.309684607779:57.023594712409626:29.70791180841422:16.285047553158805:1.251583016321964,8.096527148306549e-5
5,5,5,-4:1:3,4:3:1,6720,7,1.56307280443843e9:1.4924032301330807e9:4.129300292038239e8:2.853149597610527e8:1.89173672123717e8:3.1145592663261086e7:2.865645397852582e7:101747.48453058087:99230.18078442711:42897.989857264445:12565.764564258821:10144.388008675707:85.20567200933036:46.425963405565405:26.341555399771163:1.4707010564010936,6.705261527916142e-5
5,5,5,-3:1:3,3:3:1,13695,7,3.325271547539824e9:3.1897412930405183e9:1.2473932529383976e9:9.117032788337694e8:5.772865695173388e8:1.2338506479047802e8:1.1738162864217705e8:187376.18797724383:185104.6728307832:91180.15694570287:32313.690523373207:27178.651794848178:128.1839350522251:74.35026207558579:44.543246449801124:1.7376076286178839,5.756594986044595e-5
5,5,5,-2:1:3,3:2:1,20670,7,6.1871019821411295e9:5.927659841466194e9:3.1179734083461704e9:2.7944797564906807e9:1.8284874816387985e9:5.575469209996104e8:5.494573850525062e8:338560.4240370443:311041.5983149832:168859.5226174594:88516.07714737944:80106.15466210073:184.92172160395518:117.58664166658322:76.777772789554:2.0387436883887484,5.174754064003314e-5
5,5,5,-1:1:3,3:1:1,24719,7,1.0113686808539665e10:8.183616707680705e9:6.16956261525744e9:5.148843284421952e9:4.745669635586686e9:2.3012277692261147e9:2.294512029681602e9:521677.50438827655:424096.88595399354:255535.2062554302:216769.20975696913:209443.41667110703:234.69483618864257:168.8664225011537:124.32488572792454:2.309909534735409,4.773345835004779e-5
5,5,5,0:1:3,3:1:0,28768,7,1.1703505691598417e10:9.010657680245895e9:7.932376415301254e9:7.451391025180279e9:5.6020357589202175e9:4.421946258368743e9:4.407383913294529e9:584684.41828373:464101.81555922487:320893.0354617484:319002.8743771264:304047.85212232807:249.71479093768235:194.83176344629302:155.35969059201048:2.4261286793633006,4.5820048632842814e-5
5,5,5,1:1:3,3:1:1,24719,7,1.0113686808539665e10:8.183616707680708e9:6.169562615257437e9:5.148843284421952e9:4.745669635586686e9:2.301227769226114e9:2.294512029681601e9:521677.5043883051:424096.8859541185:255535.2062554952:216769.20975692323:209443.41667128674:234.6948362876638:168.86642203290236:124.3248855063843:2.30990950671697,4.7733458350056584e-5
5,5,5,2:1:3,3:2:1,20670,7,6.18710198214113e9:5.927659841466195e9:3.117973408346168e9:2.7944797564906783e9:1.8284874816387978e9:5.575469209996103e8:5.494573850525057e8:338560.42403706774:311041.5983147815:168859.5226175366:88516.07714761507:80106.1546621029:184.92172141994334:117.58664179156794:76.77777271409066:2.038743740331581,5.174754064002891e-5
5,5,5,3:1:3,3:3:1,13695,7,3.325271547539821e9:3.189741293040517e9:1.2473932529383976e9:9.11703278833769e8:5.772865695173386e8:1.2338506479047808e8:1.1738162864217708e8:187376.1879772517:185104.67283078408:91180.15694584318:32313.69052331034:27178.651794876016:128.18393506788107:74.35026211347167:44.54324634528899:1.7376076511646195,5.7565949860455504e-5
5,5,5,4:1:3,4:3:1,6720,7,1.5630728044384305e9:1.4924032301330795e9:4.129300292038238e8:2.853149597610528e8:1.891736721237169e8:3.1145592663261082e7:2.8656453978525814e7:101747.48453057809:99230.1807844326:42897.9898571052:12565.764564269855:10144.38800865058:85.20567202673442:46.42596335178619:26.341555396988067:1.4707010549154533,6.705261527914132e-5
5,5,5,5:1:3,5:3:1,3360,7,6.892732990882571e8:6.6748507241052e8:1.4531919544979164e8:9.617205301441371e7:6.432832809509612e7:9.243760944294605e6:8.347843558010137e6:55517.5896851927:52248.812399522176:20064.890028956102:5400.6562994500955:4289.309684607449:57.02359471393816:29.70791180008553:16.285047553043437:1.2515830101087153,8.096527148306526e-5
5,5,5,-3:2:3,3:3:2,6750,7,2.3766318255573325e9:2.2644348977221284e9:7.475706014591694e8:5.2899124383611476e8:3.4271250533517474e8:6.383150945649868e7:5.969183539331959e7:141181.9257109314:139510.5191840736:64747.76962441957:20601.851069653596:16933.449496752968:106.19583036464853:59.66183571497632:34.742054547171655:1.6079184323398152,6.142795437425185e-5
5,5,5,-2:2:3,3:2:2,13500,7,4.190150390561396e9:4.081675219536521e9:1.8034957192905812e9:1.3772988451193652e9:8.645630424116455e8:2.0838486064810356e8:2.0100953224248362e8:232234.91948239444:226468.51674483862:116118.1494917267:46055.66506469072:39629.37353507709:147.20835673798612:87.86064258067535:54.036995730044275:1.8422216344552378,5.517979469205349e-5
5,5,5,-1:2:3,3:2:1,20670,7,6.187101982141129e9:5.927659841466191e9:3.117973408346168e9:2.794479756490679e9:1.828487481638799e9:5.5754692099961e8:5.494573850525056e8:338560.4240370521:311041.59831477044:168859.5226174461:88516.07714753388:80106.15466206001:184.92172132922295:117.58664178659266:76.77777276673639:2.038743750520371,5.174754064002188e-5
5,5,5,0:2:3,3:2:0,27840,7,7.244949849232093e9:6.629473512748302e9:3.658249202267697e9:3.6210583911070857e9:2.485650021477184e9:8.376856500987769e8:8.302293393148304e8:390162.54445239686:346033.7655889873:191955.30733601432:115246.3919174935:106567.78113651896:200.4158861814221:131.4202960753242:88.38731408793787:2.1187321116140936,5.0548145166358106e-5
5,5,5,1:2:3,3:2:1,20670,7,6.18710198214113e9:5.927659841466192e9:3.1179734083461685e9:2.79447975649068e9:1.828487481638799e9:5.575469209996102e8:5.494573850525055e8:338560.42403706943:311041.59831482696:168859.52261750257:88516.07714738419:80106.15466213271:184.92172134366297:117.58664176130452:76.77777274766304:2.03874373714652,5.174754064002707e-5
5,5,5,2:2:3,3:2:2,13500,7,4.1901503905613976e9:4.08167521953652e9:1.8034957192905815e9:1.3772988451193657e9:8.645630424116459e8:2.0838486064810377e8:2.010095322424835e8:232234.91948238868:226468.51674484307:116118.14949170197:46055.66506469248:39629.37353508805:147.2083567124759:87.86064264795665:54.0369957045381:1.8422216358385828,5.517979469205227e-5
5,5,5,3:2:3,3:3:2,6750,7,2.3766318255573335e9:2.264434897722127e9:7.475706014591693e8:5.289912438361145e8:3.427125053351749e8:6.3831509456498675e7:5.969183539331949e7:141181.9257109246:139510.519184023:64747.76962430257:20601.851069702345:16933.44949673264:106.19583035463796:59.66183570824924:34.742054582326155:1.6079184331457177,6.142795437423115e-5
5,5,5,-3:3:3,3:3:3,3375,7,1.4153940417992449e9:1.3531569490483036e9:3.611995858769147e8:2.4832119950051537e8:1.6523624305725753e8:2.6590042754004505e7:2.438955012109221e7:94380.39368319353:91673.5925429219:39007.56676328312:11263.012668358027:9065.03751998657:81.01744444880406:43.868004584063016:24.763303498487872:1.4411669499493058,6.852655927290221e-5
5,5,5,-2:3:3,3:3:2,6750,7,2.376631825557333e9:2.264434897722127e9:7.475706014591693e8:5.289912438361144e8:3.427125053351749e8:6.38315094564987e7:5.96918353933196e7:141181.92571093238:139510.51918405513:64747.76962444453:20601.851069657536:16933.4494967497:106.19583033608356:59.661835720694185:34.74205459335786:1.6079184395648518,6.142795437425076e-5
5,5,5,-1:3:3,3:3:1,13695,7,3.3252715475398235e9:3.1897412930405188e9:1.2473932529383976e9:9.117032788337696e8:5.772865695173389e8:1.2338506479047798e8:1.1738162864217718e8:187376.1879772373:185104.67283080504:91180.15694567507:32313.690523372836:27178.651794862002:128.18393501540567:74.35026216420724:44.54324638376708:1.737607616671949,5.756594986044641e-5
5,5,5,0:3:3,3:3:0,20640,7,3.7309860644846163e9:3.600423181099588e9:1.4969723133508956e9:1.1144160860743856e9:7.014907726548353e8:1.5871374188667127e8:1.5200993106485227e8:207956.96043841215:204488.84980339397:102783.33748089035:38328.47747143189:32577.158562000724:137.1791162412066:80.63648226663788:48.90104071788155:1.7877670846641223,5.6355265422854626e-5
5,5,5,1:3:3,3:3:1,13695,7,3.325271547539823e9:3.189741293040516e9:1.2473932529383976e9:9.117032788337688e8:5.772865695173388e8:1.2338506479047805e8:1.1738162864217708e8:187376.18797723987:185104.67283081263:91180.15694561416:32313.690523387904:27178.651794836493:128.18393509816465:74.35026216008151:44.543246171871296:1.7376076425793294,5.756594986044363e-5
5,5,5,2:3:3,3:3:2,6750,7,2.376631825557332e9:2.264434897722127e9:7.475706014591695e8:5.2899124383611447e8:3.42712505335175e8:6.383150945649864e7:5.9691835393319584e7:141181.92571093436:139510.5191840545:64747.76962445013:20601.85106966095:16933.449496775887:106.19583035996453:59.66183571290254:34.74205458752019:1.6079184364520331,6.142795437425225e-5
5,5,5,3:3:3,3:3:3,3375,7,1.4153940417992454e9:1.3531569490483031e9:3.6119958587691486e8:2.483211995005153e8:1.6523624305725744e8:2.659004275400447e7:2.4389550121092223e7:94380.39368319287:91673.59254291734:39007.56676329268:11263.012668358044:9065.037519975374:81.01744442971781:43.86800457445922:24.763303543699585:1.4411669555974116,6.852655927290146e-5
5,5,5,-1:4:3,4:3:1,6720,7,1.5630728044384289e9:1.4924032301330802e9:4.12930029203824e8:2.853149597610527e8:1.8917367212371692e8:3.114559266326111e7:2.8656453978525832e7:101747.4845305783:99230.18078442832:42897.98985710683:12565.764564261257:10144.38800864362:85.20567205505454:46.425963369498234:26.341555391745295:1.4707010559745428,6.705261527913983e-5
5,5,5,0:4:3,4:3:0,13440,7,1.7299745368251019e9:1.6499601340469406e9:4.746727294450931e8:3.2969214142458963e8:2.1762422566024202e8:3.676147186476146e7:3.3940092157074094e7:109959.04320687302:107656.19668372354:47320.72796804749:14091.011152818772:11415.956310420734:89.76702806127228:49.242302755598665:28.095976471709317:1.5019533276034973,6.560320072307992e-5
5,5,5,1:4:3,4:3:1,6720,7,1.5630728044384289e9:1.4924032301330795e9:4.129300292038238e8:2.853149597610526e8:1.8917367212371704e8:3.114559266326112e7:2.8656453978525814e7:101747.48453057707:99230.18078443548:42897.989857090935:12565.764564273431:10144.388008648828:85.2056720067427:46.42596336302505:26.34155541806043:1.4707010591559293,6.705261527914014e-5
5,5,5,-1:5:3,5:3:1,3360,7,6.892732990882561e8:6.674850724105198e8:1.4531919544979164e8:9.617205301441377e7:6.432832809509613e7:9.243760944294585e6:8.347843558010145e6:55517.589685192266:52248.812399522256:20064.890028953392:5400.656299450223:4289.309684603589:57.02359471125135:29.70791179330176:16.28504756418167:1.2515830089308613,8.096527148306413e-5
5,5,5,0:5:3,5:3:0,6720,7,7.490832819732186e8:7.242202855673496e8:1.607332661521048e8:1.0686522762737884e8:7.154961340114924e7:1.0377652749532392e7:9.383839518982306e6:58979.69384507482:55709.15968754888:21625.138183645482:5854.958321799407:4654.4634565516:59.32414932539012:31.03010399008078:17.05827346207998:1.271643634184199,7.936196220722387e-5
5,5,5,1:5:3,5:3:1,3360,7,6.892732990882573e8:6.674850724105203e8:1.453191954497917e8:9.617205301441374e7:6.432832809509614e7:9.243760944294613e6:8.347843558010131e6:55517.58968519254:52248.812399524366:20064.890028952523:5400.656299448006:4289.3096846047565:57.02359469420101:29.707911793115578:16.285047569098197:1.2515830098715999,8.096527148306534e-5
5,5,5,-1:-3:4,4:3:1,6720,7,7.525669144515613e8:7.369105298971826e8:3.7358304555062085e8:3.1903838955270565e8:2.0492442506233513e8:5.9094871699377745e7:5.7997002269153036e7:73952.04221808889:69128.02794725061:37094.45067125531:18057.150109906524:16151.909582716258:75.22026574091893:46.3642349772416:29.996991476460618:1.4616368501302912,9.340420903881184e-5
5,5,5,0:-3:4,4:3:0,13440,7,8.182278907896867e8:7.858143539328458e8:4.1190717715665174e8:3.6720679257948947e8:2.39772355180493e8:7.268046556438017e7:7.159802009611183e7:79793.29486862075:73418.75870996562:39823.593240654794:20684.49493436534:18706.166808950155:78.59874547929682:49.176817569447046:32.25836851247881:1.4927141597931464,9.224773759377505e-5
5,5,5,1:-3:4,4:3:1,6720,7,7.525669144515609e8:7.369105298971828e8:3.7358304555062085e8:3.1903838955270565e8:2.0492442506233522e8:5.9094871699377775e7:5.799700226915304e7:73952.04221808689:69128.02794725154:37094.450671256665:18057.150109908278:16151.909582716187:75.22026573882157:46.36423497304497:29.996991483469593:1.4616368452865949,9.340420903881183e-5
5,5,5,-1:-2:4,4:2:1,13440,7,1.1795251640091887e9:1.0055979792323964e9:6.636696543417566e8:5.76972421198375e8:5.00181749480834e8:1.9602105664772448e8:1.9515311947459063e8:110412.37938831783:93029.6322838147:53602.996269108895:39026.69253480964:37087.31096014048:94.01545455790226:63.89262784538284:45.31031063045003:1.6380375078702074,8.71744681817036e-5
5,5,5,0:-2:4,4:2:0,26880,7,1.2961447427432442e9:1.0655095660456405e9:7.711599052419819e8:6.331540887739033e8:6.050466080597851e8:2.65739266482521e8:2.6487410849186006e8:119754.84045389846:98384.66964455362:58323.619071567075:47095.99651105412:45297.407670035434:98.16128435503437:68.74830826938101:50.18415302911149:1.6808982241231336,8.56740321919959e-5
5,5,5,1:-2:4,4:2:1,13440,7,1.1795251640091891e9:1.0055979792323967e9:6.636696543417565e8:5.769724211983752e8:5.0018174948083395e8:1.960210566477244e8:1.9515311947459075e8:110412.37938831866:93029.63228382193:53602.99626913349:39026.69253482388:37087.3109601437:94.01545455109061:63.89262785597665:45.3103106151999:1.6380375152122217,8.71744681817126e-5
5,5,5,-3:-1:4,4:3:1,6720,7,7.525669144515612e8:7.369105298971828e8:3.735830455506206e8:3.190383895527055e8:2.049244250623352e8:5.909487169937775e7:5.799700226915301e7:73952.04221808906:69128.02794725183:37094.45067127023:18057.150109915878:16151.909582708839:75.22026576076698:46.364234977341575:29.996991475456817:1.461636843861793,9.34042090388172e-5
5,5,5,-2:-1:4,4:2:1,13440,7,1.1795251640091887e9:1.0055979792323968e9:6.636696543417568e8:5.769724211983752e8:5.001817494808337e8:1.9602105664772454e8:1.9515311947459087e8:110412.37938831991:93029.63228385613:53602.99626913202:39026.69253480203:37087.31096014337:94.01545453961727:63.8926278392814:45.31031060146093:1.6380375204676734,8.717446818172036e-5
5,5,5,-1:-1:4,4:1:1,20608,7,1.5384166444742124e9:1.1890758434221268e9:1.027814785563781e9:9.519408689899706e8:7.288780390295303e8:5.4009278943162e8:5.385279575293165e8:137486.08782678182:109132.66139159827:73066.00332236415:71896.52079851493:69364.30369936902:105.65133148890403:80.52910759236043:63.82458593625462:1.776918393786984,8.20270925153046e-5
5,5,5,0:-1:4,4:1:0,27776,7,1.6238252033591998e9:1.251977996022113e9:1.1704858200059576e9:1.145640200469015e9:8.511245277043346e8:8.208586595007161e8:8.0811297053858e8:141607.67994320038:114292.77996138419:91357.37526389862:91307.17621264576:82709.30191281068:107.54549676861635:87.74362656792516:74.3502745460101:1.8310646007857694,7.960467795064298e-5
5,5,5,1:-1:4,4:1:1,20608,7,1.5384166444742126e9:1.1890758434221268e9:1.0278147855637811e9:9.5194086898997e8:7.288780390295302e8:5.400927894316199e8:5.385279575293164e8:137486.08782677987:109132.66139160404:73066.00332236908:71896.52079844219:69364.30369937528:105.65133164515315:80.52910761826844:63.824585827885805:1.77691837784353,8.202709251529738e-5
5,5,5,2:-1:4,4:2:1,13440,7,1.1795251640091887e9:1.0055979792323967e9:6.636696543417563e8:5.769724211983751e8:5.0018174948083407e8:1.9602105664772436e8:1.9515311947459072e8:110412.37938832234:93029.63228381831:53602.99626912397:39026.69253483247:37087.3109601578:94.0154545700705:63.89262783295898:45.310310592420635:1.6380375206596864,8.717446818171395e-5
5,5,5,3:-1:4,4:3:1,6720,7,7.525669144515612e8:7.369105298971827e8:3.7358304555062073e8:3.1903838955270565e8:2.049244250623352e8:5.909487169937773e7:5.799700226915306e7:73952.04221809069:69128.02794725032:37094.4506712597:18057.150109914168:16151.909582701119:75.22026573990317:46.364234961693086:29.996991474748082:1.4616368480299176,9.340420903881313e-5
5,5,5,-3:0:4,4:3:0,13440,7,8.182278907896869e8:7.85814353932846e8:4.1190717715665174e8:3.672067925794895e8:2.3977235518049288e8:7.268046556438008e7:7.159802009611179e7:79793.29486862115:73418.7587099795:39823.593240656366:20684.49493436894:18706.166808948226:78.59874548461458:49.176817562122274:32.25836851146107:1.4927141585088433,9.224773759378257e-5
5,5,5,-2:0:4,4:2:0,26880,7,1.2961447427432444e9:1.0655095660456407e9:7.711599052419823e8:6.331540887739031e8:6.050466080597851e8:2.6573926648252112e8:2.6487410849186006e8:119754.84045390761:98384.66964456948:58323.61907156954:47095.99651103717:45297.40767010996:98.16128439511293:68.74830829071654:50.184153043510136:1.6808982210281966,8.567403219201042e-5
5,5,5,-1:0:4,4:1:0,27776,7,1.6238252033591998e9:1.2519779960221128e9:1.1704858200059576e9:1.1456402004690151e9:8.511245277043347e8:8.208586595007159e8:8.081129705385801e8:141607.6799432141:114292.77996138752:91357.37526387826:91307.176212637:82709.30191278146:107.54549671526625:87.7436265801298:74.35027453485277:1.8310645924826172,7.960467795063911e-5
5,5,5,0:0:4,4:0:0,28672,7,1.315095874058362e9:1.3150958736658504e9:1.3150958736658483e9:1.315095487516219e9:1.3150954875162184e9:1.3145018541843798e9:1.3145018541843789e9:119147.0160355463:119145.04597694315:119145.0459769286:118662.36039640082:118662.36039640046:99.69328982226014:96.10285894140456:96.10285894061815:1.8901358642246635,7.645549003292129e-5
5,5,5,1:0:4,4:1:0,27776,7,1.6238252033591998e9:1.2519779960221128e9:1.1704858200059576e9:1.1456402004690151e9:8.511245277043347e8:8.208586595007159e8:8.081129705385801e8:141607.6799432141:114292.77996138684:91357.37526387481:91307.17621263133:82709.30191278133:107.54549671577479:87.74362658005019:74.35027453649265:1.831064592606357,7.96046779506378e-5
5,5,5,2:0:4,4:2:0,26880,7,1.2961447427432442e9:1.0655095660456407e9:7.711599052419819e8:6.331540887739033e8:6.050466080597851e8:2.6573926648252094e8:2.6487410849186006e8:119754.84045390761:98384.66964456892:58323.61907156785:47095.99651104809:45297.40767006676:98.1612843895146:68.74830829051179:50.18415303046069:1.6808982216471553,8.567403219200612e-5
5,5,5,3:0:4,4:3:0,13440,7,8.182278907896873e8:7.858143539328457e8:4.1190717715665156e8:3.6720679257948977e8:2.3977235518049297e8:7.26804655643801e7:7.159802009611182e7:79793.29486862112:73418.758709973:39823.59324065637:20684.49493437151:18706.16680894711:78.59874548628866:49.17681756236072:32.25836851129215:1.4927141585438448,9.224773759377962e-5
5,5,5,-3:1:4,4:3:1,6720,7,7.525669144515612e8:7.369105298971828e8:3.735830455506206e8:3.190383895527055e8:2.049244250623352e8:5.909487169937775e7:5.799700226915301e7:73952.04221808906:69128.02794725183:37094.45067127023:18057.150109915878:16151.909582708839:75.22026576076698:46.364234977341575:29.996991475456817:1.461636843861793,9.34042090388172e-5
5,5,5,-2:1:4,4:2:1,13440,7,1.1795251640091887e9:1.0055979792323968e9:6.636696543417568e8:5.769724211983752e8:5.001817494808337e8:1.9602105664772454e8:1.9515311947459087e8:110412.37938831991:93029.63228385613:53602.99626913202:39026.69253480203:37087.31096014337:94.01545453961727:63.8926278392814:45.31031060146093:1.6380375204676734,8.717446818172036e-5
5,5,5,-1:1:4,4:1:1,20608,7,1.5384166444742124e9:1.1890758434221268e9:1.027814785563781e9:9.519408689899706e8:7.288780390295303e8:5.4009278943162e8:5.385279575293165e8:137486.08782678182:109132.66139159827:73066.00332236415:71896.52079851493:69364.30369936902:105.65133148890403:80.52910759236043:63.82458593625462:1.776918393786984,8.20270925153046e-5
5,5,5,0:1:4,4:1:0,27776,7,1.6238252033591998e9:1.251977996022113e9:1.1704858200059576e9:1.145640200469015e9:8.511245277043346e8:8.208586595007161e8:8.0811297053858e8:141607.67994320038:114292.77996138419:91357.37526389862:91307.17621264576:82709.30191281068:107.54549676861635:87.74362656792516:74.3502745460101:1.8310646007857694,7.960467795064298e-5
5,5,5,1:1:4,4:1:1,20608,7,1.5384166444742126e9:1.1890758434221268e9:1.0278147855637811e9:9.5194086898997e8:7.288780390295302e8:5.400927894316199e8:5.385279575293164e8:137486.08782677987:109132.66139160404:73066.00332236908:71896.52079844219:69364.30369937528:105.65133164515315:80.52910761826844:63.824585827885805:1.77691837784353,8.202709251529738e-5
5,5,5,2:1:4,4:2:1,13440,7,1.1795251640091887e9:1.0055979792323967e9:6.636696543417563e8:5.769724211983751e8:5.0018174948083407e8:1.9602105664772436e8:1.9515311947459072e8:110412.37938832234:93029.63228381831:53602.99626912397:39026.69253483247:37087.3109601578:94.0154545700705:63.89262783295898:45.310310592420635:1.6380375206596864,8.717446818171395e-5
5,5,5,3:1:4,4:3:1,6720,7,7.525669144515612e8:7.369105298971827e8:3.7358304555062073e8:3.1903838955270565e8:2.049244250623352e8:5.909487169937773e7:5.799700226915306e7:73952.04221809069:69128.02794725032:37094.4506712597:18057.150109914168:16151.909582701119:75.22026573990317:46.364234961693086:29.996991474748082:1.4616368480299176,9.340420903881313e-5
5,5,5,-1:2:4,4:2:1,13440,7,1.1795251640091887e9:1.0055979792323964e9:6.636696543417566e8:5.76972421198375e8:5.00181749480834e8:1.9602105664772448e8:1.9515311947459063e8:110412.37938831783:93029.6322838147:53602.996269108895:39026.69253480964:37087.31096014048:94.01545455790226:63.89262784538284:45.31031063045003:1.6380375078702074,8.71744681817036e-5
5,5,5,0:2:4,4:2:0,26880,7,1.2961447427432442e9:1.0655095660456405e9:7.711599052419819e8:6.331540887739033e8:6.050466080597851e8:2.65739266482521e8:2.6487410849186006e8:119754.84045389846:98384.66964455362:58323.619071567075:47095.99651105412:45297.407670035434:98.16128435503437:68.74830826938101:50.18415302911149:1.6808982241231336,8.56740321919959e-5
5,5,5,1:2:4,4:2:1,13440,7,1.1795251640091891e9:1.0055979792323967e9:6.636696543417565e8:5.769724211983752e8:5.0018174948083395e8:1.960210566477244e8:1.9515311947459075e8:110412.37938831866:93029.63228382193:53602.99626913349:39026.69253482388:37087.3109601437:94.01545455109061:63.89262785597665:45.3103106151999:1.6380375152122217,8.71744681817126e-5
5,5,5,-1:3:4,4:3:1,6720,7,7.525669144515613e8:7.369105298971826e8:3.7358304555062085e8:3.1903838955270565e8:2.0492442506233513e8:5.9094871699377745e7:5.7997002269153036e7:73952.04221808889:69128.02794725061:37094.45067125531:18057.150109906524:16151.909582716258:75.22026574091893:46.3642349772416:29.996991476460618:1.4616368501302912,9.340420903881184e-5
5,5,5,0:3:4,4:3:0,13440,7,8.182278907896867e8:7.858143539328458e8:4.1190717715665174e8:3.6720679257948947e8:2.39772355180493e8:7.268046556438017e7:7.159802009611183e7:79793.29486862075:73418.75870996562:39823.593240654794:20684.49493436534:18706.166808950155:78.59874547929682:49.176817569447046:32.25836851247881:1.4927141597931464,9.224773759377505e-5
5,5,5,1:3:4,4:3:1,6720,7,7.525669144515609e8:7.369105298971828e8:3.7358304555062085e8:3.1903838955270565e8:2.0492442506233522e8:5.9094871699377775e7:5.799700226915304e7:73952.04221808689:69128.02794725154:37094.450671256665:18057.150109908278:16151.909582716187:75.22026573882157:46.36423497304497:29.996991483469593:1.4616368452865949,9.340420903881183e-5
5,5,5,-1:-3:5,5:3:1,3360,7,2.167263017435258e8:1.9396727630383775e8:1.1274640544427127e8:1.0863391368635277e8:7.951442514019233e7:2.8035139029375456e7:2.7836465859653432e7:32283.921838865987:28154.381114918626:15797.62894728295:10047.358345641685:9383.249453200557:45.87999108281997:29.61777115911606:20.48958556219542:1.2338834987465637,0.00013940279426236134
5,5,5,0:-3:5,5:3:0,6720,7,2.3019495033319953e8:2.0162904680219683e8:1.2413188638572946e8:1.142340065550015e8:9.005043199150078e7:3.321039764149767e7:3.302047346906663e7:34040.49969823115:29230.366376196613:16583.74402992528:11186.424106156057:10532.468229853443:47.19956446861535:30.935934076149742:21.70347046321516:1.2536930446121495,0.00013807528938929113
5,5,5,1:-3:5,5:3:1,3360,7,2.1672630174352583e8:1.9396727630383766e8:1.1274640544427113e8:1.0863391368635274e8:7.95144251401923e7:2.8035139029375475e7:2.783646585965342e7:32283.921838866503:28154.381114910964:15797.628947284318:10047.358345650062:9383.249453205468:45.879991091683905:29.617771155269384:20.48958556210184:1.2338834956873757,0.00013940279426235852
5,5,5,-1:-2:5,5:2:1,6720,7,2.9243480975902474e8:2.3377531781996763e8:1.8200589814816654e8:1.553313657801452e8:1.3690472532427233e8:7.270178877068378e7:7.250412607686396e7:41799.5245872059:33718.65172981054:20659.03975386325:18128.91172816532:17581.070958572862:52.56857328920566:37.33433419161264:28.24760185285664:1.342347495896122,0.00013197551404574493
5,5,5,0:-2:5,5:2:0,13440,7,3.08925856042672e8:2.4209298725828192e8:1.9950108279189205e8:1.7789817143825504e8:1.446044179491691e8:9.14295865691781e7:9.119334343217711e7:43688.070659550234:34850.810580577454:22157.78065597566:20779.12960574212:20217.206117708192:53.79643085818335:39.28443110121493:30.52562898708833:1.3672613846128039,0.00013012679589437568
5,5,5,1:-2:5,5:2:1,6720,7,2.924348097590248e8:2.3377531781996757e8:1.8200589814816648e8:1.5533136578014526e8:1.3690472532427236e8:7.270178877068378e7:7.250412607686394e7:41799.524587205946:33718.651729827376:20659.03975386387:18128.911728165436:17581.07095857423:52.56857328303389:37.33433419500252:28.24760183880485:1.3423474943029732,0.00013197551404576526
5,5,5,-3:-1:5,5:3:1,3360,7,2.1672630174352583e8:1.939672763038376e8:1.1274640544427125e8:1.0863391368635271e8:7.951442514019231e7:2.8035139029375475e7:2.7836465859653432e7:32283.92183886623:28154.38111491806:15797.628947281883:10047.358345646555:9383.249453205293:45.87999108808805:29.617771155092544:20.489585566719363:1.233883494899397,0.00013940279426236557
5,5,5,-2:-1:5,5:2:1,6720,7,2.924348097590248e8:2.337753178199677e8:1.820058981481664e8:1.5533136578014523e8:1.3690472532427236e8:7.270178877068381e7:7.250412607686399e7:41799.52458720656:33718.6517298196:20659.03975386357:18128.911728167895:17581.070958581142:52.56857327815428:37.334334201215455:28.247601843057602:1.3423474962676296,0.00013197551404576269
5,5,5,-1:-1:5,5:1:1,10304,7,3.372888404720111e8:2.5892235270087686e8:2.370493813944959e8:2.2904702364660174e8:1.6848463439324528e8:1.5235156912134284e8:1.513957609785051e8:46363.57064652961:37059.18081410506:27935.065771811132:27930.558306522667:25808.250903197713:55.56317723178268:43.7347013658214:36.543761006938006:1.4210850953810397,0.00012568344238709814
5,5,5,0:-1:5,5:1:0,13888,7,3.404469408784859e8:2.673904869258061e8:2.5646536954565045e8:2.5418212239569503e8:2.0399097747925508e8:2.026612905690427e8:1.8933745487153047e8:46114.159176895104:38113.2653365472:32796.94307942826:32787.55902203668:29331.139583911532:55.52187398458255:46.2848610064508:40.91160102892617:1.4502462452830636,0.00012289818681782418
5,5,5,1:-1:5,5:1:1,10304,7,3.372888404720111e8:2.589223527008769e8:2.3704938139449587e8:2.2904702364660174e8:1.6848463439324528e8:1.523515691213428e8:1.5139576097850507e8:46363.57064653294:37059.18081411116:27935.065771801837:27930.558306497504:25808.25090320911:55.56317724549937:43.73470137071109:36.54376101709026:1.4210850933229577,0.00012568344238709185
5,5,5,2:-1:5,5:2:1,6720,7,2.9243480975902474e8:2.3377531781996757e8:1.8200589814816654e8:1.5533136578014514e8:1.3690472532427233e8:7.270178877068375e7:7.250412607686396e7:41799.52458720794:33718.651729819234:20659.03975386504:18128.911728160772:17581.070958570384:52.568573280212895:37.33433418679267:28.247601840506466:1.3423474982927406,0.00013197551404575458
5,5,5,3:-1:5,5:3:1,3360,7,2.1672630174352586e8:1.939672763038377e8:1.1274640544427125e8:1.0863391368635271e8:7.95144251401923e7:2.8035139029375453e7:2.783646585965342e7:32283.921838865524:28154.381114918382:15797.628947280671:10047.358345641986:9383.24945319974:45.879991082488935:29.617771161820475:20.489585565377453:1.2338834969273071,0.00013940279426235755
5,5,5,-3:0:5,5:3:0,6720,7,2.3019495033319953e8:2.0162904680219677e8:1.2413188638572952e8:1.1423400655500148e8:9.005043199150078e7:3.321039764149768e7:3.3020473469066642e7:34040.499698231746:29230.366376197984:16583.744029924084:11186.4241061583:10532.46822983347:47.19956447482297:30.935934071347663:21.70347045994642:1.253693044564845,0.00013807528938928322
5,5,5,-2:0:5,5:2:0,13440,7,3.089258560426719e8:2.420929872582819e8:1.9950108279189205e8:1.7789817143825498e8:1.4460441794916913e8:9.142958656917804e7:9.119334343217711e7:43688.07065955072:34850.81058057979:22157.780655975963:20779.129605740298:20217.20611770696:53.796430853853295:39.284431101804095:30.52562898643038:1.3672613821937603,0.00013012679589437704
5,5,5,-1:0:5,5:1:0,13888,7,3.404469408784859e8:2.673904869258062e8:2.564653695456504e8:2.5418212239569494e8:2.039909774792551e8:2.0266129056904277e8:1.893374548715305e8:46114.15917690282:38113.265336547214:32796.94307943142:32787.55902203245:29331.139583925793:55.521873974426214:46.284861005360895:40.91160102334738:1.4502462452870675,0.00012289818681783795
5,5,5,0:0:5,5:0:0,14336,7,2.7586574896570796e8:2.758657486515384e8:2.758657486515376e8:2.758655508926493e8:2.75865550892649e8:2.7567101925064844e8:2.7567101925064826e8:39122.18748814559:39120.60722144769:39120.60722143831:38873.41043125509:38873.41043125495:51.991582719333145:49.09261289548804:49.09261289456275:1.4811033924735912,0.00011957439638553849
5,5,5,1:0:5,5:1:0,13888,7,3.404469408784859e8:2.6739048692580616e8:2.5646536954565042e8:2.5418212239569494e8:2.039909774792551e8:2.0266129056904277e8:1.893374548715305e8:46114.159176902846:38113.26533654708:32796.943079422745:32787.55902202639:29331.139583925757:55.52187397434003:46.28486100505088:40.91160102385339:1.4502462442590762,0.00012289818681782884
5,5,5,2:0:5,5:2:0,13440,7,3.089258560426719e8:2.420929872582818e8:1.995010827918921e8:1.7789817143825498e8:1.4460441794916913e8:9.142958656917803e7:9.119334343217711e7:43688.070659550714:34850.81058057901:22157.78065597433:20779.12960574259:20217.206117701044:53.796430854336776:39.284431101878496:30.52562898624663:1.3672613821525519,0.00013012679589437308
5,5,5,3:0:5,5:3:0,6720,7,2.301949503331996e8:2.016290468021969e8:1.2413188638572945e8:1.1423400655500144e8:9.005043199150078e7:3.3210397641497664e7:3.302047346906663e7:34040.49969823177:29230.366376196635:16583.74402992456:11186.424106159257:10532.468229851189:47.19956447301817:30.935934071195415:21.703470460244557:1.2536930445754062,0.00013807528938929227
5,5,5,-3:1:5,5:3:1,3360,7,2.1672630174352583e8:1.939672763038376e8:1.1274640544427125e8:1.0863391368635271e8:7.951442514019231e7:2.8035139029375475e7:2.7836465859653432e7:32283.92183886623:28154.38111491806:15797.628947281883:10047.358345646555:9383.249453205293:45.87999108808805:29.617771155092544:20.489585566719363:1.233883494899397,0.00013940279426236557
5,5,5,-2:1:5,5:2:1,6720,7,2.924348097590248e8:2.337753178199677e8:1.820058981481664e8:1.5533136578014523e8:1.3690472532427236e8:7.270178877068381e7:7.250412607686399e7:41799.52458720656:33718.6517298196:20659.03975386357:18128.911728167895:17581.070958581142:52.56857327815428:37.334334201215455:28.247601843057602:1.3423474962676296,0.00013197551404576269
5,5,5,-1:1:5,5:1:1,10304,7,3.372888404720111e8:2.5892235270087686e8:2.370493813944959e8:2.2904702364660174e8:1.6848463439324528e8:1.5235156912134284e8:1.513957609785051e8:46363.57064652961:37059.18081410506:27935.065771811132:27930.558306522667:25808.250903197713:55.56317723178268:43.7347013658214:36.543761006938006:1.4210850953810397,0.00012568344238709814
5,5,5,0:1:5,5:1:0,13888,7,3.404469408784859e8:2.673904869258061e8:2.5646536954565045e8:2.5418212239569503e8:2.0399097747925508e8:2.026612905690427e8:1.8933745487153047e8:46114.159176895104:38113.2653365472:32796.94307942826:32787.55902203668:29331.139583911532:55.52187398458255:46.2848610064508:40.91160102892617:1.4502462452830636,0.00012289818681782418
5,5,5,1:1:5,5:1:1,10304,7,3.372888404720111e8:2.589223527008769e8:2.3704938139449587e8:2.2904702364660174e8:1.6848463439324528e8:1.523515691213428e8:1.5139576097850507e8:46363.57064653294:37059.18081411116:27935.065771801837:27930.558306497504:25808.25090320911:55.56317724549937:43.73470137071109:36.54376101709026:1.4210850933229577,0.00012568344238709185
5,5,5,2:1:5,5:2:1,6720,7,2.9243480975902474e8:2.3377531781996757e8:1.8200589814816654e8:1.5533136578014514e8:1.3690472532427233e8:7.270178877068375e7:7.250412607686396e7:41799.52458720794:33718.651729819234:20659.03975386504:18128.911728160772:17581.070958570384:52.568573280212895:37.33433418679267:28.247601840506466:1.3423474982927406,0.00013197551404575458
5,5,5,3:1:5,5:3:1,3360,7,2.1672630174352586e8:1.939672763038377e8:1.1274640544427125e8:1.0863391368635271e8:7.95144251401923e7:2.8035139029375453e7:2.783646585965342e7:32283.921838865524:28154.381114918382:15797.628947280671:10047.358345641986:9383.24945319974:45.879991082488935:29.617771161820475:20.489585565377453:1.2338834969273071,0.00013940279426235755
5,5,5,-1:2:5,5:2:1,6720,7,2.9243480975902474e8:2.3377531781996763e8:1.8200589814816654e8:1.553313657801452e8:1.3690472532427233e8:7.270178877068378e7:7.250412607686396e7:41799.5245872059:33718.65172981054:20659.03975386325:18128.91172816532:17581.070958572862:52.56857328920566:37.33433419161264:28.24760185285664:1.342347495896122,0.00013197551404574493
5,5,5,0:2:5,5:2:0,13440,7,3.08925856042672e8:2.4209298725828192e8:1.9950108279189205e8:1.7789817143825504e8:1.446044179491691e8:9.14295865691781e7:9.119334343217711e7:43688.070659550234:34850.810580577454:22157.78065597566:20779.12960574212:20217.206117708192:53.79643085818335:39.28443110121493:30.52562898708833:1.3672613846128039,0.00013012679589437568
5,5,5,1:2:5,5:2:1,6720,7,2.924348097590248e8:2.3377531781996757e8:1.8200589814816648e8:1.5533136578014526e8:1.3690472532427236e8:7.270178877068378e7:7.250412607686394e7:41799.524587205946:33718.651729827376:20659.03975386387:18128.911728165436:17581.07095857423:52.56857328303389:37.33433419500252:28.24760183880485:1.3423474943029732,0.00013197551404576526
5,5,5,-1:3:5,5:3:1,3360,7,2.167263017435258e8:1.9396727630383775e8:1.1274640544427127e8:1.0863391368635277e8:7.951442514019233e7:2.8035139029375456e7:2.7836465859653432e7:32283.921838865987:28154.381114918626:15797.62894728295:10047.358345641685:9383.249453200557:45.87999108281997:29.61777115911606:20.48958556219542:1.2338834987465637,0.00013940279426236134
5,5,5,0:3:5,5:3:0,6720,7,2.3019495033319953e8:2.0162904680219683e8:1.2413188638572946e8:1.142340065550015e8:9.005043199150078e7:3.321039764149767e7:3.302047346906663e7:34040.49969823115:29230.366376196613:16583.74402992528:11186.424106156057:10532.468229853443:47.19956446861535:30.935934076149742:21.70347046321516:1.2536930446121495,0.00013807528938929113
5,5,5,1:3:5,5:3:1,3360,7,2.1672630174352583e8:1.9396727630383766e8:1.1274640544427113e8:1.0863391368635274e8:7.95144251401923e7:2.8035139029375475e7:2.783646585965342e7:32283.921838866503:28154.381114910964:15797.628947284318:10047.358345650062:9383.249453205468:45.879991091683905:29.617771155269384:20.48958556210184:1.2338834956873757,0.00013940279426235852
