schema_version,source_hash,slurm_job_id,host,blas_threads,policy,strategy,distribution,precision,lh,n,ell,P,seed,window_classes,accuracy_samples,level,occupied_nodes,routes,nonempty_classes,mean_occupancy,p50_occupancy,p90_occupancy,p95_occupancy,p99_occupancy,max_occupancy,occupancy_skew,m2l_ms_median,m2l_ms_min,m2l_ms_iqr
026.2,6a68c4dc5d9beb34e2a7b38a815d980e1e8906509a9e7b411931078ceba6c456,12931759,m12-1-7,1,hierarchical_12,concat,uniform,Float64,false,20000,4,4,26046404,128,0,2,64,752,164,4.585365853658536,4.0,8.0,8.0,8.0,8,0.13831200420623618,3.7568335,3.742181,0.010418000000000482
026.2,6a68c4dc5d9beb34e2a7b38a815d980e1e8906509a9e7b411931078ceba6c456,12931759,m12-1-7,1,hierarchical_12,concat,uniform,Float64,false,20000,4,4,26046404,128,0,3,512,160192,1740,92.06436781609196,80.0,180.0,210.0,240.0,256,0.6163539428022559,703.1351495,702.221688,0.7747959999999239
026.2,6a68c4dc5d9beb34e2a7b38a815d980e1e8906509a9e7b411931078ceba6c456,12931759,m12-1-7,1,hierarchical_12,concat,uniform,Float64,false,20000,4,4,26046404,128,0,4,4064,2833436,1740,1628.4114942528736,1702.0,2603.0,2694.0,2872.0,3026,-0.1263653407861251,12648.477837,12588.169883,26.177601249999498
026.2,6a68c4dc5d9beb34e2a7b38a815d980e1e8906509a9e7b411931078ceba6c456,12931759,m12-1-7,1,hierarchical_12,concat,uniform,Float64,false,20000,4,4,26046404,16,0,2,64,752,164,4.585365853658536,4.0,8.0,8.0,8.0,8,0.13831200420623618,3.804644,3.783449,0.01409924999999923
026.2,6a68c4dc5d9beb34e2a7b38a815d980e1e8906509a9e7b411931078ceba6c456,12931759,m12-1-7,1,hierarchical_12,concat,uniform,Float64,false,20000,4,4,26046404,16,0,3,512,160192,1740,92.06436781609196,80.0,180.0,210.0,240.0,256,0.6163539428022559,703.661271,703.115645,1.777106500000059
026.2,6a68c4dc5d9beb34e2a7b38a815d980e1e8906509a9e7b411931078ceba6c456,12931759,m12-1-7,1,hierarchical_12,concat,uniform,Float64,false,20000,4,4,26046404,16,0,4,4064,2833436,1740,1628.4114942528736,1702.0,2603.0,2694.0,2872.0,3026,-0.1263653407861251,12588.957867000001,12586.126021,5.160378999999011
026.2,6a68c4dc5d9beb34e2a7b38a815d980e1e8906509a9e7b411931078ceba6c456,12931759,m12-1-7,1,hierarchical_12,concat,uniform,Float64,false,20000,4,4,26046404,1,0,2,64,752,164,4.585365853658536,4.0,8.0,8.0,8.0,8,0.13831200420623618,3.9779105,3.936798,0.023559750000000435
026.2,6a68c4dc5d9beb34e2a7b38a815d980e1e8906509a9e7b411931078ceba6c456,12931759,m12-1-7,1,hierarchical_12,concat,uniform,Float64,false,20000,4,4,26046404,1,0,3,512,160192,1740,92.06436781609196,80.0,180.0,210.0,240.0,256,0.6163539428022559,709.32263,708.821323,0.5888554999999087
026.2,6a68c4dc5d9beb34e2a7b38a815d980e1e8906509a9e7b411931078ceba6c456,12931759,m12-1-7,1,hierarchical_12,concat,uniform,Float64,false,20000,4,4,26046404,1,0,4,4064,2833436,1740,1628.4114942528736,1702.0,2603.0,2694.0,2872.0,3026,-0.1263653407861251,12519.716808000001,12516.680488,4.744977749998725
026.2,6a68c4dc5d9beb34e2a7b38a815d980e1e8906509a9e7b411931078ceba6c456,12931759,m12-1-7,1,hierarchical_12,concat,uniform,Float64,false,20000,4,4,26046404,2,0,2,64,752,164,4.585365853658536,4.0,8.0,8.0,8.0,8,0.13831200420623618,3.895025,3.874251,0.043513999999999164
026.2,6a68c4dc5d9beb34e2a7b38a815d980e1e8906509a9e7b411931078ceba6c456,12931759,m12-1-7,1,hierarchical_12,concat,uniform,Float64,false,20000,4,4,26046404,2,0,3,512,160192,1740,92.06436781609196,80.0,180.0,210.0,240.0,256,0.6163539428022559,699.7477665,699.255487,1.8851997499999698
026.2,6a68c4dc5d9beb34e2a7b38a815d980e1e8906509a9e7b411931078ceba6c456,12931759,m12-1-7,1,hierarchical_12,concat,uniform,Float64,false,20000,4,4,26046404,2,0,4,4064,2833436,1740,1628.4114942528736,1702.0,2603.0,2694.0,2872.0,3026,-0.1263653407861251,12352.5784645,12350.038508,7.690873250001459
026.2,6a68c4dc5d9beb34e2a7b38a815d980e1e8906509a9e7b411931078ceba6c456,12931759,m12-1-7,1,hierarchical_12,concat,uniform,Float64,false,20000,4,4,26046404,32,0,2,64,752,164,4.585365853658536,4.0,8.0,8.0,8.0,8,0.13831200420623618,3.7795769999999997,3.757982,0.02240624999999996
026.2,6a68c4dc5d9beb34e2a7b38a815d980e1e8906509a9e7b411931078ceba6c456,12931759,m12-1-7,1,hierarchical_12,concat,uniform,Float64,false,20000,4,4,26046404,32,0,3,512,160192,1740,92.06436781609196,80.0,180.0,210.0,240.0,256,0.6163539428022559,703.0727380000001,701.458104,3.043331749999993
026.2,6a68c4dc5d9beb34e2a7b38a815d980e1e8906509a9e7b411931078ceba6c456,12931759,m12-1-7,1,hierarchical_12,concat,uniform,Float64,false,20000,4,4,26046404,32,0,4,4064,2833436,1740,1628.4114942528736,1702.0,2603.0,2694.0,2872.0,3026,-0.1263653407861251,12630.2956405,12626.511064,7.183058000002347
026.2,6a68c4dc5d9beb34e2a7b38a815d980e1e8906509a9e7b411931078ceba6c456,12931759,m12-1-7,1,hierarchical_12,concat,uniform,Float64,false,20000,4,4,26046404,4,0,2,64,752,164,4.585365853658536,4.0,8.0,8.0,8.0,8,0.13831200420623618,3.884671,3.821231,0.05506175000000013
026.2,6a68c4dc5d9beb34e2a7b38a815d980e1e8906509a9e7b411931078ceba6c456,12931759,m12-1-7,1,hierarchical_12,concat,uniform,Float64,false,20000,4,4,26046404,4,0,3,512,160192,1740,92.06436781609196,80.0,180.0,210.0,240.0,256,0.6163539428022559,701.106592,700.277753,1.246477249999998
026.2,6a68c4dc5d9beb34e2a7b38a815d980e1e8906509a9e7b411931078ceba6c456,12931759,m12-1-7,1,hierarchical_12,concat,uniform,Float64,false,20000,4,4,26046404,4,0,4,4064,2833436,1740,1628.4114942528736,1702.0,2603.0,2694.0,2872.0,3026,-0.1263653407861251,12401.1931985,12379.031793,7.839272999999594
026.2,6a68c4dc5d9beb34e2a7b38a815d980e1e8906509a9e7b411931078ceba6c456,12931759,m12-1-7,1,hierarchical_12,concat,uniform,Float64,false,20000,4,4,26046404,64,0,2,64,752,164,4.585365853658536,4.0,8.0,8.0,8.0,8,0.13831200420623618,3.7583675,3.747101,0.04635950000000033
026.2,6a68c4dc5d9beb34e2a7b38a815d980e1e8906509a9e7b411931078ceba6c456,12931759,m12-1-7,1,hierarchical_12,concat,uniform,Float64,false,20000,4,4,26046404,64,0,3,512,160192,1740,92.06436781609196,80.0,180.0,210.0,240.0,256,0.6163539428022559,701.4643375,699.274312,1.2341044999998303
026.2,6a68c4dc5d9beb34e2a7b38a815d980e1e8906509a9e7b411931078ceba6c456,12931759,m12-1-7,1,hierarchical_12,concat,uniform,Float64,false,20000,4,4,26046404,64,0,4,4064,2833436,1740,1628.4114942528736,1702.0,2603.0,2694.0,2872.0,3026,-0.1263653407861251,12590.4297935,12573.468351,44.523198999999295
026.2,6a68c4dc5d9beb34e2a7b38a815d980e1e8906509a9e7b411931078ceba6c456,12931759,m12-1-7,1,hierarchical_12,concat,uniform,Float64,false,20000,4,4,26046404,8,0,2,64,752,164,4.585365853658536,4.0,8.0,8.0,8.0,8,0.13831200420623618,3.8206654999999996,3.807004,0.030319250000000242
026.2,6a68c4dc5d9beb34e2a7b38a815d980e1e8906509a9e7b411931078ceba6c456,12931759,m12-1-7,1,hierarchical_12,concat,uniform,Float64,false,20000,4,4,26046404,8,0,3,512,160192,1740,92.06436781609196,80.0,180.0,210.0,240.0,256,0.6163539428022559,701.264606,701.119363,1.3737197500000775
026.2,6a68c4dc5d9beb34e2a7b38a815d980e1e8906509a9e7b411931078ceba6c456,12931759,m12-1-7,1,hierarchical_12,concat,uniform,Float64,false,20000,4,4,26046404,8,0,4,4064,2833436,1740,1628.4114942528736,1702.0,2603.0,2694.0,2872.0,3026,-0.1263653407861251,12466.459964500002,12454.758899,7.251886000000013
026.2,6a68c4dc5d9beb34e2a7b38a815d980e1e8906509a9e7b411931078ceba6c456,12931759,m12-1-7,1,hierarchical_12,dense,uniform,Float64,false,20000,4,4,26046404,128,0,2,64,752,164,4.585365853658536,4.0,8.0,8.0,8.0,8,0.13831200420623618,0.786283,0.779344,0.013792999999999944
026.2,6a68c4dc5d9beb34e2a7b38a815d980e1e8906509a9e7b411931078ceba6c456,12931759,m12-1-7,1,hierarchical_12,dense,uniform,Float64,false,20000,4,4,26046404,128,0,3,512,160192,1740,92.06436781609196,80.0,180.0,210.0,240.0,256,0.6163539428022559,22.5901905,22.511402,0.149696500000001
026.2,6a68c4dc5d9beb34e2a7b38a815d980e1e8906509a9e7b411931078ceba6c456,12931759,m12-1-7,1,hierarchical_12,dense,uniform,Float64,false,20000,4,4,26046404,128,0,4,4064,2833436,1740,1628.4114942528736,1702.0,2603.0,2694.0,2872.0,3026,-0.1263653407861251,353.5105695,352.623593,1.060239749999937
026.2,6a68c4dc5d9beb34e2a7b38a815d980e1e8906509a9e7b411931078ceba6c456,12931759,m12-1-7,1,hierarchical_12,dense,uniform,Float64,false,20000,4,4,26046404,16,0,2,64,752,164,4.585365853658536,4.0,8.0,8.0,8.0,8,0.13831200420623618,1.756275,1.749178,0.024092750000000107
026.2,6a68c4dc5d9beb34e2a7b38a815d980e1e8906509a9e7b411931078ceba6c456,12931759,m12-1-7,1,hierarchical_12,dense,uniform,Float64,false,20000,4,4,26046404,16,0,3,512,160192,1740,92.06436781609196,80.0,180.0,210.0,240.0,256,0.6163539428022559,23.612175999999998,23.56342,0.17184699999999964
026.2,6a68c4dc5d9beb34e2a7b38a815d980e1e8906509a9e7b411931078ceba6c456,12931759,m12-1-7,1,hierarchical_12,dense,uniform,Float64,false,20000,4,4,26046404,16,0,4,4064,2833436,1740,1628.4114942528736,1702.0,2603.0,2694.0,2872.0,3026,-0.1263653407861251,353.310235,353.230039,0.335102250000034
026.2,6a68c4dc5d9beb34e2a7b38a815d980e1e8906509a9e7b411931078ceba6c456,12931759,m12-1-7,1,hierarchical_12,dense,uniform,Float64,false,20000,4,4,26046404,1,0,2,64,752,164,4.585365853658536,4.0,8.0,8.0,8.0,8,0.13831200420623618,18.8457395,18.83793,0.029480750000001166
026.2,6a68c4dc5d9beb34e2a7b38a815d980e1e8906509a9e7b411931078ceba6c456,12931759,m12-1-7,1,hierarchical_12,dense,uniform,Float64,false,20000,4,4,26046404,1,0,3,512,160192,1740,92.06436781609196,80.0,180.0,210.0,240.0,256,0.6163539428022559,41.203384,41.152292,0.17016975000000656
026.2,6a68c4dc5d9beb34e2a7b38a815d980e1e8906509a9e7b411931078ceba6c456,12931759,m12-1-7,1,hierarchical_12,dense,uniform,Float64,false,20000,4,4,26046404,1,0,4,4064,2833436,1740,1628.4114942528736,1702.0,2603.0,2694.0,2872.0,3026,-0.1263653407861251,371.71511699999996,371.438557,0.3250812500000393
026.2,6a68c4dc5d9beb34e2a7b38a815d980e1e8906509a9e7b411931078ceba6c456,12931759,m12-1-7,1,hierarchical_12,dense,uniform,Float64,false,20000,4,4,26046404,2,0,2,64,752,164,4.585365853658536,4.0,8.0,8.0,8.0,8,0.13831200420623618,9.7763965,9.7651,0.0376410000000007
026.2,6a68c4dc5d9beb34e2a7b38a815d980e1e8906509a9e7b411931078ceba6c456,12931759,m12-1-7,1,hierarchical_12,dense,uniform,Float64,false,20000,4,4,26046404,2,0,3,512,160192,1740,92.06436781609196,80.0,180.0,210.0,240.0,256,0.6163539428022559,31.9466835,31.890437,0.22302924999999618
026.2,6a68c4dc5d9beb34e2a7b38a815d980e1e8906509a9e7b411931078ceba6c456,12931759,m12-1-7,1,hierarchical_12,dense,uniform,Float64,false,20000,4,4,26046404,2,0,4,4064,2833436,1740,1628.4114942528736,1702.0,2603.0,2694.0,2872.0,3026,-0.1263653407861251,363.341501,362.737686,0.532848250000086
026.2,6a68c4dc5d9beb34e2a7b38a815d980e1e8906509a9e7b411931078ceba6c456,12931759,m12-1-7,1,hierarchical_12,dense,uniform,Float64,false,20000,4,4,26046404,32,0,2,64,752,164,4.585365853658536,4.0,8.0,8.0,8.0,8,0.13831200420623618,1.1993585000000002,1.19696,0.016210250000000093
026.2,6a68c4dc5d9beb34e2a7b38a815d980e1e8906509a9e7b411931078ceba6c456,12931759,m12-1-7,1,hierarchical_12,dense,uniform,Float64,false,20000,4,4,26046404,32,0,3,512,160192,1740,92.06436781609196,80.0,180.0,210.0,240.0,256,0.6163539428022559,23.092624999999998,22.857021,0.28542974999999515
026.2,6a68c4dc5d9beb34e2a7b38a815d980e1e8906509a9e7b411931078ceba6c456,12931759,m12-1-7,1,hierarchical_12,dense,uniform,Float64,false,20000,4,4,26046404,32,0,4,4064,2833436,1740,1628.4114942528736,1702.0,2603.0,2694.0,2872.0,3026,-0.1263653407861251,352.502502,352.012542,0.9832472499999767
026.2,6a68c4dc5d9beb34e2a7b38a815d980e1e8906509a9e7b411931078ceba6c456,12931759,m12-1-7,1,hierarchical_12,dense,uniform,Float64,false,20000,4,4,26046404,4,0,2,64,752,164,4.585365853658536,4.0,8.0,8.0,8.0,8,0.13831200420623618,5.1591895,5.152523,0.02575050000000001
026.2,6a68c4dc5d9beb34e2a7b38a815d980e1e8906509a9e7b411931078ceba6c456,12931759,m12-1-7,1,hierarchical_12,dense,uniform,Float64,false,20000,4,4,26046404,4,0,3,512,160192,1740,92.06436781609196,80.0,180.0,210.0,240.0,256,0.6163539428022559,27.078375,27.041416,0.16219899999999754
026.2,6a68c4dc5d9beb34e2a7b38a815d980e1e8906509a9e7b411931078ceba6c456,12931759,m12-1-7,1,hierarchical_12,dense,uniform,Float64,false,20000,4,4,26046404,4,0,4,4064,2833436,1740,1628.4114942528736,1702.0,2603.0,2694.0,2872.0,3026,-0.1263653407861251,357.6412385,357.523017,0.4521505000000161
026.2,6a68c4dc5d9beb34e2a7b38a815d980e1e8906509a9e7b411931078ceba6c456,12931759,m12-1-7,1,hierarchical_12,dense,uniform,Float64,false,20000,4,4,26046404,64,0,2,64,752,164,4.585365853658536,4.0,8.0,8.0,8.0,8,0.13831200420623618,0.9130405,0.90992,0.016914499999999943
026.2,6a68c4dc5d9beb34e2a7b38a815d980e1e8906509a9e7b411931078ceba6c456,12931759,m12-1-7,1,hierarchical_12,dense,uniform,Float64,false,20000,4,4,26046404,64,0,3,512,160192,1740,92.06436781609196,80.0,180.0,210.0,240.0,256,0.6163539428022559,22.918928,22.742076,0.3231970000000004
026.2,6a68c4dc5d9beb34e2a7b38a815d980e1e8906509a9e7b411931078ceba6c456,12931759,m12-1-7,1,hierarchical_12,dense,uniform,Float64,false,20000,4,4,26046404,64,0,4,4064,2833436,1740,1628.4114942528736,1702.0,2603.0,2694.0,2872.0,3026,-0.1263653407861251,356.1798415,355.658396,1.1658085000000256
026.2,6a68c4dc5d9beb34e2a7b38a815d980e1e8906509a9e7b411931078ceba6c456,12931759,m12-1-7,1,hierarchical_12,dense,uniform,Float64,false,20000,4,4,26046404,8,0,2,64,752,164,4.585365853658536,4.0,8.0,8.0,8.0,8,0.13831200420623618,2.951476,2.945054,0.017978749999999266
026.2,6a68c4dc5d9beb34e2a7b38a815d980e1e8906509a9e7b411931078ceba6c456,12931759,m12-1-7,1,hierarchical_12,dense,uniform,Float64,false,20000,4,4,26046404,8,0,3,512,160192,1740,92.06436781609196,80.0,180.0,210.0,240.0,256,0.6163539428022559,24.860982999999997,24.644621,0.1455359999999999
026.2,6a68c4dc5d9beb34e2a7b38a815d980e1e8906509a9e7b411931078ceba6c456,12931759,m12-1-7,1,hierarchical_12,dense,uniform,Float64,false,20000,4,4,26046404,8,0,4,4064,2833436,1740,1628.4114942528736,1702.0,2603.0,2694.0,2872.0,3026,-0.1263653407861251,354.362807,354.090326,0.42315075000004754
026.2,6a68c4dc5d9beb34e2a7b38a815d980e1e8906509a9e7b411931078ceba6c456,12931759,m12-1-7,1,hierarchical_12,factored,uniform,Float64,false,20000,4,4,26046404,128,0,2,64,752,164,4.585365853658536,4.0,8.0,8.0,8.0,8,0.13831200420623618,3.756398,3.747702,0.014651999999999887
026.2,6a68c4dc5d9beb34e2a7b38a815d980e1e8906509a9e7b411931078ceba6c456,12931759,m12-1-7,1,hierarchical_12,factored,uniform,Float64,false,20000,4,4,26046404,128,0,3,512,160192,1740,92.06436781609196,80.0,180.0,210.0,240.0,256,0.6163539428022559,703.878381,702.499661,2.914212500000076
026.2,6a68c4dc5d9beb34e2a7b38a815d980e1e8906509a9e7b411931078ceba6c456,12931759,m12-1-7,1,hierarchical_12,factored,uniform,Float64,false,20000,4,4,26046404,128,0,4,4064,2833436,1740,1628.4114942528736,1702.0,2603.0,2694.0,2872.0,3026,-0.1263653407861251,12652.952468,12620.228185,58.00402374999976
026.2,6a68c4dc5d9beb34e2a7b38a815d980e1e8906509a9e7b411931078ceba6c456,12931759,m12-1-7,1,hierarchical_12,factored,uniform,Float64,false,20000,4,4,26046404,16,0,2,64,752,164,4.585365853658536,4.0,8.0,8.0,8.0,8,0.13831200420623618,3.8103355,3.781747,0.010230250000000218
026.2,6a68c4dc5d9beb34e2a7b38a815d980e1e8906509a9e7b411931078ceba6c456,12931759,m12-1-7,1,hierarchical_12,factored,uniform,Float64,false,20000,4,4,26046404,16,0,3,512,160192,1740,92.06436781609196,80.0,180.0,210.0,240.0,256,0.6163539428022559,702.7151555,701.50656,1.9439939999999751
026.2,6a68c4dc5d9beb34e2a7b38a815d980e1e8906509a9e7b411931078ceba6c456,12931759,m12-1-7,1,hierarchical_12,factored,uniform,Float64,false,20000,4,4,26046404,16,0,4,4064,2833436,1740,1628.4114942528736,1702.0,2603.0,2694.0,2872.0,3026,-0.1263653407861251,12551.361794,12547.684717,12.25225749999845
026.2,6a68c4dc5d9beb34e2a7b38a815d980e1e8906509a9e7b411931078ceba6c456,12931759,m12-1-7,1,hierarchical_12,factored,uniform,Float64,false,20000,4,4,26046404,1,0,2,64,752,164,4.585365853658536,4.0,8.0,8.0,8.0,8,0.13831200420623618,3.9802495,3.944983,0.024037749999999747
026.2,6a68c4dc5d9beb34e2a7b38a815d980e1e8906509a9e7b411931078ceba6c456,12931759,m12-1-7,1,hierarchical_12,factored,uniform,Float64,false,20000,4,4,26046404,1,0,3,512,160192,1740,92.06436781609196,80.0,180.0,210.0,240.0,256,0.6163539428022559,700.4026655,700.370264,0.2766322500000342
026.2,6a68c4dc5d9beb34e2a7b38a815d980e1e8906509a9e7b411931078ceba6c456,12931759,m12-1-7,1,hierarchical_12,factored,uniform,Float64,false,20000,4,4,26046404,1,0,4,4064,2833436,1740,1628.4114942528736,1702.0,2603.0,2694.0,2872.0,3026,-0.1263653407861251,12357.335779500001,12351.866304,5.24862149999899
026.2,6a68c4dc5d9beb34e2a7b38a815d980e1e8906509a9e7b411931078ceba6c456,12931759,m12-1-7,1,hierarchical_12,factored,uniform,Float64,false,20000,4,4,26046404,2,0,2,64,752,164,4.585365853658536,4.0,8.0,8.0,8.0,8,0.13831200420623618,3.97272,3.86921,0.17798725000000015
026.2,6a68c4dc5d9beb34e2a7b38a815d980e1e8906509a9e7b411931078ceba6c456,12931759,m12-1-7,1,hierarchical_12,factored,uniform,Float64,false,20000,4,4,26046404,2,0,3,512,160192,1740,92.06436781609196,80.0,180.0,210.0,240.0,256,0.6163539428022559,701.9718685,701.002633,0.6180452500000229
026.2,6a68c4dc5d9beb34e2a7b38a815d980e1e8906509a9e7b411931078ceba6c456,12931759,m12-1-7,1,hierarchical_12,factored,uniform,Float64,false,20000,4,4,26046404,2,0,4,4064,2833436,1740,1628.4114942528736,1702.0,2603.0,2694.0,2872.0,3026,-0.1263653407861251,12383.591352,12378.700473,12.67352050000045
026.2,6a68c4dc5d9beb34e2a7b38a815d980e1e8906509a9e7b411931078ceba6c456,12931759,m12-1-7,1,hierarchical_12,factored,uniform,Float64,false,20000,4,4,26046404,32,0,2,64,752,164,4.585365853658536,4.0,8.0,8.0,8.0,8,0.13831200420623618,3.7568495,3.743565,0.04584600000000005
026.2,6a68c4dc5d9beb34e2a7b38a815d980e1e8906509a9e7b411931078ceba6c456,12931759,m12-1-7,1,hierarchical_12,factored,uniform,Float64,false,20000,4,4,26046404,32,0,3,512,160192,1740,92.06436781609196,80.0,180.0,210.0,240.0,256,0.6163539428022559,700.0801535,699.887241,0.37240475000010065
026.2,6a68c4dc5d9beb34e2a7b38a815d980e1e8906509a9e7b411931078ceba6c456,12931759,m12-1-7,1,hierarchical_12,factored,uniform,Float64,false,20000,4,4,26046404,32,0,4,4064,2833436,1740,1628.4114942528736,1702.0,2603.0,2694.0,2872.0,3026,-0.1263653407861251,12596.986807500001,12561.979908,53.67657750000035
026.2,6a68c4dc5d9beb34e2a7b38a815d980e1e8906509a9e7b411931078ceba6c456,12931759,m12-1-7,1,hierarchical_12,factored,uniform,Float64,false,20000,4,4,26046404,4,0,2,64,752,164,4.585365853658536,4.0,8.0,8.0,8.0,8,0.13831200420623618,3.87129,3.82595,0.0153859999999999
026.2,6a68c4dc5d9beb34e2a7b38a815d980e1e8906509a9e7b411931078ceba6c456,12931759,m12-1-7,1,hierarchical_12,factored,uniform,Float64,false,20000,4,4,26046404,4,0,3,512,160192,1740,92.06436781609196,80.0,180.0,210.0,240.0,256,0.6163539428022559,702.7633404999999,702.48871,0.5948669999999083
026.2,6a68c4dc5d9beb34e2a7b38a815d980e1e8906509a9e7b411931078ceba6c456,12931759,m12-1-7,1,hierarchical_12,factored,uniform,Float64,false,20000,4,4,26046404,4,0,4,4064,2833436,1740,1628.4114942528736,1702.0,2603.0,2694.0,2872.0,3026,-0.1263653407861251,12444.5734395,12435.344459,8.846769250001671
026.2,6a68c4dc5d9beb34e2a7b38a815d980e1e8906509a9e7b411931078ceba6c456,12931759,m12-1-7,1,hierarchical_12,factored,uniform,Float64,false,20000,4,4,26046404,64,0,2,64,752,164,4.585365853658536,4.0,8.0,8.0,8.0,8,0.13831200420623618,3.766262,3.752511,0.008092500000000502
026.2,6a68c4dc5d9beb34e2a7b38a815d980e1e8906509a9e7b411931078ceba6c456,12931759,m12-1-7,1,hierarchical_12,factored,uniform,Float64,false,20000,4,4,26046404,64,0,3,512,160192,1740,92.06436781609196,80.0,180.0,210.0,240.0,256,0.6163539428022559,704.708355,701.903577,4.660583999999972
026.2,6a68c4dc5d9beb34e2a7b38a815d980e1e8906509a9e7b411931078ceba6c456,12931759,m12-1-7,1,hierarchical_12,factored,uniform,Float64,false,20000,4,4,26046404,64,0,4,4064,2833436,1740,1628.4114942528736,1702.0,2603.0,2694.0,2872.0,3026,-0.1263653407861251,12659.5362845,12626.048308,26.59196200000224
026.2,6a68c4dc5d9beb34e2a7b38a815d980e1e8906509a9e7b411931078ceba6c456,12931759,m12-1-7,1,hierarchical_12,factored,uniform,Float64,false,20000,4,4,26046404,8,0,2,64,752,164,4.585365853658536,4.0,8.0,8.0,8.0,8,0.13831200420623618,4.016393000000001,3.991831,0.01842499999999969
026.2,6a68c4dc5d9beb34e2a7b38a815d980e1e8906509a9e7b411931078ceba6c456,12931759,m12-1-7,1,hierarchical_12,factored,uniform,Float64,false,20000,4,4,26046404,8,0,3,512,160192,1740,92.06436781609196,80.0,180.0,210.0,240.0,256,0.6163539428022559,743.990769,743.433886,0.3325404999998227
026.2,6a68c4dc5d9beb34e2a7b38a815d980e1e8906509a9e7b411931078ceba6c456,12931759,m12-1-7,1,hierarchical_12,factored,uniform,Float64,false,20000,4,4,26046404,8,0,4,4064,2833436,1740,1628.4114942528736,1702.0,2603.0,2694.0,2872.0,3026,-0.1263653407861251,13227.554849,13219.944527,6.566840750001575
026.2,6a68c4dc5d9beb34e2a7b38a815d980e1e8906509a9e7b411931078ceba6c456,12931759,m12-1-7,1,hierarchical_12,precomputed_y,uniform,Float64,false,20000,4,4,26046404,128,0,2,64,752,164,4.585365853658536,4.0,8.0,8.0,8.0,8,0.13831200420623618,3.766959,3.739918,0.05124400000000007
026.2,6a68c4dc5d9beb34e2a7b38a815d980e1e8906509a9e7b411931078ceba6c456,12931759,m12-1-7,1,hierarchical_12,precomputed_y,uniform,Float64,false,20000,4,4,26046404,128,0,3,512,160192,1740,92.06436781609196,80.0,180.0,210.0,240.0,256,0.6163539428022559,705.00024,701.541221,1.1370642499999803
026.2,6a68c4dc5d9beb34e2a7b38a815d980e1e8906509a9e7b411931078ceba6c456,12931759,m12-1-7,1,hierarchical_12,precomputed_y,uniform,Float64,false,20000,4,4,26046404,128,0,4,4064,2833436,1740,1628.4114942528736,1702.0,2603.0,2694.0,2872.0,3026,-0.1263653407861251,12660.3115095,12582.366077,73.36334275000081
026.2,6a68c4dc5d9beb34e2a7b38a815d980e1e8906509a9e7b411931078ceba6c456,12931759,m12-1-7,1,hierarchical_12,precomputed_y,uniform,Float64,false,20000,4,4,26046404,16,0,2,64,752,164,4.585365853658536,4.0,8.0,8.0,8.0,8,0.13831200420623618,3.8082965,3.780955,0.07414449999999961
026.2,6a68c4dc5d9beb34e2a7b38a815d980e1e8906509a9e7b411931078ceba6c456,12931759,m12-1-7,1,hierarchical_12,precomputed_y,uniform,Float64,false,20000,4,4,26046404,16,0,3,512,160192,1740,92.06436781609196,80.0,180.0,210.0,240.0,256,0.6163539428022559,699.8900055,699.305752,0.9915375000000495
026.2,6a68c4dc5d9beb34e2a7b38a815d980e1e8906509a9e7b411931078ceba6c456,12931759,m12-1-7,1,hierarchical_12,precomputed_y,uniform,Float64,false,20000,4,4,26046404,16,0,4,4064,2833436,1740,1628.4114942528736,1702.0,2603.0,2694.0,2872.0,3026,-0.1263653407861251,12518.729817,12506.755976,46.673975249999785
026.2,6a68c4dc5d9beb34e2a7b38a815d980e1e8906509a9e7b411931078ceba6c456,12931759,m12-1-7,1,hierarchical_12,precomputed_y,uniform,Float64,false,20000,4,4,26046404,1,0,2,64,752,164,4.585365853658536,4.0,8.0,8.0,8.0,8,0.13831200420623618,3.9858635,3.962826,0.009417750000000336
026.2,6a68c4dc5d9beb34e2a7b38a815d980e1e8906509a9e7b411931078ceba6c456,12931759,m12-1-7,1,hierarchical_12,precomputed_y,uniform,Float64,false,20000,4,4,26046404,1,0,3,512,160192,1740,92.06436781609196,80.0,180.0,210.0,240.0,256,0.6163539428022559,701.3176415,700.575131,0.8478807499999448
026.2,6a68c4dc5d9beb34e2a7b38a815d980e1e8906509a9e7b411931078ceba6c456,12931759,m12-1-7,1,hierarchical_12,precomputed_y,uniform,Float64,false,20000,4,4,26046404,1,0,4,4064,2833436,1740,1628.4114942528736,1702.0,2603.0,2694.0,2872.0,3026,-0.1263653407861251,12388.3712625,12372.431155,16.41065775000061
026.2,6a68c4dc5d9beb34e2a7b38a815d980e1e8906509a9e7b411931078ceba6c456,12931759,m12-1-7,1,hierarchical_12,precomputed_y,uniform,Float64,false,20000,4,4,26046404,2,0,2,64,752,164,4.585365853658536,4.0,8.0,8.0,8.0,8,0.13831200420623618,3.932239,3.916349,0.006861750000000111
026.2,6a68c4dc5d9beb34e2a7b38a815d980e1e8906509a9e7b411931078ceba6c456,12931759,m12-1-7,1,hierarchical_12,precomputed_y,uniform,Float64,false,20000,4,4,26046404,2,0,3,512,160192,1740,92.06436781609196,80.0,180.0,210.0,240.0,256,0.6163539428022559,701.510584,701.318123,0.359385500000144
026.2,6a68c4dc5d9beb34e2a7b38a815d980e1e8906509a9e7b411931078ceba6c456,12931759,m12-1-7,1,hierarchical_12,precomputed_y,uniform,Float64,false,20000,4,4,26046404,2,0,4,4064,2833436,1740,1628.4114942528736,1702.0,2603.0,2694.0,2872.0,3026,-0.1263653407861251,12388.9583105,12387.849925,1.7606747499994526
026.2,6a68c4dc5d9beb34e2a7b38a815d980e1e8906509a9e7b411931078ceba6c456,12931759,m12-1-7,1,hierarchical_12,precomputed_y,uniform,Float64,false,20000,4,4,26046404,32,0,2,64,752,164,4.585365853658536,4.0,8.0,8.0,8.0,8,0.13831200420623618,3.755507,3.729178,0.03587499999999988
026.2,6a68c4dc5d9beb34e2a7b38a815d980e1e8906509a9e7b411931078ceba6c456,12931759,m12-1-7,1,hierarchical_12,precomputed_y,uniform,Float64,false,20000,4,4,26046404,32,0,3,512,160192,1740,92.06436781609196,80.0,180.0,210.0,240.0,256,0.6163539428022559,701.4897515,701.252021,0.7059770000000753
026.2,6a68c4dc5d9beb34e2a7b38a815d980e1e8906509a9e7b411931078ceba6c456,12931759,m12-1-7,1,hierarchical_12,precomputed_y,uniform,Float64,false,20000,4,4,26046404,32,0,4,4064,2833436,1740,1628.4114942528736,1702.0,2603.0,2694.0,2872.0,3026,-0.1263653407861251,12624.9184185,12582.593048,29.881087749998187
026.2,6a68c4dc5d9beb34e2a7b38a815d980e1e8906509a9e7b411931078ceba6c456,12931759,m12-1-7,1,hierarchical_12,precomputed_y,uniform,Float64,false,20000,4,4,26046404,4,0,2,64,752,164,4.585365853658536,4.0,8.0,8.0,8.0,8,0.13831200420623618,3.8769764999999996,3.838133,0.01190950000000024
026.2,6a68c4dc5d9beb34e2a7b38a815d980e1e8906509a9e7b411931078ceba6c456,12931759,m12-1-7,1,hierarchical_12,precomputed_y,uniform,Float64,false,20000,4,4,26046404,4,0,3,512,160192,1740,92.06436781609196,80.0,180.0,210.0,240.0,256,0.6163539428022559,701.9706835,700.849286,1.601869999999849
026.2,6a68c4dc5d9beb34e2a7b38a815d980e1e8906509a9e7b411931078ceba6c456,12931759,m12-1-7,1,hierarchical_12,precomputed_y,uniform,Float64,false,20000,4,4,26046404,4,0,4,4064,2833436,1740,1628.4114942528736,1702.0,2603.0,2694.0,2872.0,3026,-0.1263653407861251,12406.6645885,12404.981969,3.159807499998351
026.2,6a68c4dc5d9beb34e2a7b38a815d980e1e8906509a9e7b411931078ceba6c456,12931759,m12-1-7,1,hierarchical_12,precomputed_y,uniform,Float64,false,20000,4,4,26046404,64,0,2,64,752,164,4.585365853658536,4.0,8.0,8.0,8.0,8,0.13831200420623618,3.79426,3.743524,0.025116999999999834
026.2,6a68c4dc5d9beb34e2a7b38a815d980e1e8906509a9e7b411931078ceba6c456,12931759,m12-1-7,1,hierarchical_12,precomputed_y,uniform,Float64,false,20000,4,4,26046404,64,0,3,512,160192,1740,92.06436781609196,80.0,180.0,210.0,240.0,256,0.6163539428022559,701.5328274999999,700.755344,2.127945249999925
026.2,6a68c4dc5d9beb34e2a7b38a815d980e1e8906509a9e7b411931078ceba6c456,12931759,m12-1-7,1,hierarchical_12,precomputed_y,uniform,Float64,false,20000,4,4,26046404,64,0,4,4064,2833436,1740,1628.4114942528736,1702.0,2603.0,2694.0,2872.0,3026,-0.1263653407861251,12605.328352,12575.130765,26.853601500000877
026.2,6a68c4dc5d9beb34e2a7b38a815d980e1e8906509a9e7b411931078ceba6c456,12931759,m12-1-7,1,hierarchical_12,precomputed_y,uniform,Float64,false,20000,4,4,26046404,8,0,2,64,752,164,4.585365853658536,4.0,8.0,8.0,8.0,8,0.13831200420623618,3.8520645,3.812153,0.025859250000000333
026.2,6a68c4dc5d9beb34e2a7b38a815d980e1e8906509a9e7b411931078ceba6c456,12931759,m12-1-7,1,hierarchical_12,precomputed_y,uniform,Float64,false,20000,4,4,26046404,8,0,3,512,160192,1740,92.06436781609196,80.0,180.0,210.0,240.0,256,0.6163539428022559,702.216543,700.894669,2.1379905000001145
026.2,6a68c4dc5d9beb34e2a7b38a815d980e1e8906509a9e7b411931078ceba6c456,12931759,m12-1-7,1,hierarchical_12,precomputed_y,uniform,Float64,false,20000,4,4,26046404,8,0,4,4064,2833436,1740,1628.4114942528736,1702.0,2603.0,2694.0,2872.0,3026,-0.1263653407861251,12481.0533275,12472.68764,6.277071500000602
026.2,6a68c4dc5d9beb34e2a7b38a815d980e1e8906509a9e7b411931078ceba6c456,12931759,m12-1-7,1,hierarchical_3,concat,uniform,Float64,false,20000,4,4,26046404,128,0,2,64,3096,316,9.79746835443038,8.0,18.0,24.0,32.0,32,1.0845695227111591,13.7695655,13.747975,0.024395249999999535
026.2,6a68c4dc5d9beb34e2a7b38a815d980e1e8906509a9e7b411931078ceba6c456,12931759,m12-1-7,1,hierarchical_3,concat,uniform,Float64,false,20000,4,4,26046404,128,0,3,512,53352,316,168.83544303797467,144.0,294.0,336.0,384.0,384,0.5696777882076421,238.259145,236.89898,1.5392047500000388
026.2,6a68c4dc5d9beb34e2a7b38a815d980e1e8906509a9e7b411931078ceba6c456,12931759,m12-1-7,1,hierarchical_3,concat,uniform,Float64,false,20000,4,4,26046404,128,0,4,4064,575962,316,1822.6645569620252,1545.0,3112.5,3314.0,3531.55,3532,0.4225376082963476,2583.3520135,2579.889139,2.8924002500002644
026.2,6a68c4dc5d9beb34e2a7b38a815d980e1e8906509a9e7b411931078ceba6c456,12931759,m12-1-7,1,hierarchical_3,concat,uniform,Float64,false,20000,4,4,26046404,16,0,2,64,3096,316,9.79746835443038,8.0,18.0,24.0,32.0,32,1.0845695227111591,13.756074000000002,13.720722,0.023401749999999666
026.2,6a68c4dc5d9beb34e2a7b38a815d980e1e8906509a9e7b411931078ceba6c456,12931759,m12-1-7,1,hierarchical_3,concat,uniform,Float64,false,20000,4,4,26046404,16,0,3,512,53352,316,168.83544303797467,144.0,294.0,336.0,384.0,384,0.5696777882076421,234.3543845,234.194885,0.2550842499999817
026.2,6a68c4dc5d9beb34e2a7b38a815d980e1e8906509a9e7b411931078ceba6c456,12931759,m12-1-7,1,hierarchical_3,concat,uniform,Float64,false,20000,4,4,26046404,16,0,4,4064,575962,316,1822.6645569620252,1545.0,3112.5,3314.0,3531.55,3532,0.4225376082963476,2569.480688,2555.243781,8.506216000000222
026.2,6a68c4dc5d9beb34e2a7b38a815d980e1e8906509a9e7b411931078ceba6c456,12931759,m12-1-7,1,hierarchical_3,concat,uniform,Float64,false,20000,4,4,26046404,1,0,2,64,3096,316,9.79746835443038,8.0,18.0,24.0,32.0,32,1.0845695227111591,14.065817,14.026448,0.06293325000000038
026.2,6a68c4dc5d9beb34e2a7b38a815d980e1e8906509a9e7b411931078ceba6c456,12931759,m12-1-7,1,hierarchical_3,concat,uniform,Float64,false,20000,4,4,26046404,1,0,3,512,53352,316,168.83544303797467,144.0,294.0,336.0,384.0,384,0.5696777882076421,236.7031065,236.524456,0.3246354999999994
026.2,6a68c4dc5d9beb34e2a7b38a815d980e1e8906509a9e7b411931078ceba6c456,12931759,m12-1-7,1,hierarchical_3,concat,uniform,Float64,false,20000,4,4,26046404,1,0,4,4064,575962,316,1822.6645569620252,1545.0,3112.5,3314.0,3531.55,3532,0.4225376082963476,2558.805527,2555.282787,3.1728217500003666
026.2,6a68c4dc5d9beb34e2a7b38a815d980e1e8906509a9e7b411931078ceba6c456,12931759,m12-1-7,1,hierarchical_3,concat,uniform,Float64,false,20000,4,4,26046404,2,0,2,64,3096,316,9.79746835443038,8.0,18.0,24.0,32.0,32,1.0845695227111591,13.729931,13.713029,0.09096850000000067
026.2,6a68c4dc5d9beb34e2a7b38a815d980e1e8906509a9e7b411931078ceba6c456,12931759,m12-1-7,1,hierarchical_3,concat,uniform,Float64,false,20000,4,4,26046404,2,0,3,512,53352,316,168.83544303797467,144.0,294.0,336.0,384.0,384,0.5696777882076421,234.2532325,234.008828,0.13146199999999908
026.2,6a68c4dc5d9beb34e2a7b38a815d980e1e8906509a9e7b411931078ceba6c456,12931759,m12-1-7,1,hierarchical_3,concat,uniform,Float64,false,20000,4,4,26046404,2,0,4,4064,575962,316,1822.6645569620252,1545.0,3112.5,3314.0,3531.55,3532,0.4225376082963476,2527.5354105,2526.035086,3.659574000000248
026.2,6a68c4dc5d9beb34e2a7b38a815d980e1e8906509a9e7b411931078ceba6c456,12931759,m12-1-7,1,hierarchical_3,concat,uniform,Float64,false,20000,4,4,26046404,32,0,2,64,3096,316,9.79746835443038,8.0,18.0,24.0,32.0,32,1.0845695227111591,13.7368475,13.721504,0.0215955000000001
026.2,6a68c4dc5d9beb34e2a7b38a815d980e1e8906509a9e7b411931078ceba6c456,12931759,m12-1-7,1,hierarchical_3,concat,uniform,Float64,false,20000,4,4,26046404,32,0,3,512,53352,316,168.83544303797467,144.0,294.0,336.0,384.0,384,0.5696777882076421,234.480903,234.205545,0.26678599999996777
026.2,6a68c4dc5d9beb34e2a7b38a815d980e1e8906509a9e7b411931078ceba6c456,12931759,m12-1-7,1,hierarchical_3,concat,uniform,Float64,false,20000,4,4,26046404,32,0,4,4064,575962,316,1822.6645569620252,1545.0,3112.5,3314.0,3531.55,3532,0.4225376082963476,2582.013193,2567.426473,18.866190999999617
026.2,6a68c4dc5d9beb34e2a7b38a815d980e1e8906509a9e7b411931078ceba6c456,12931759,m12-1-7,1,hierarchical_3,concat,uniform,Float64,false,20000,4,4,26046404,4,0,2,64,3096,316,9.79746835443038,8.0,18.0,24.0,32.0,32,1.0845695227111591,13.725176999999999,13.688402,0.019869500000002205
026.2,6a68c4dc5d9beb34e2a7b38a815d980e1e8906509a9e7b411931078ceba6c456,12931759,m12-1-7,1,hierarchical_3,concat,uniform,Float64,false,20000,4,4,26046404,4,0,3,512,53352,316,168.83544303797467,144.0,294.0,336.0,384.0,384,0.5696777882076421,233.9524885,233.703661,0.26278299999998467
026.2,6a68c4dc5d9beb34e2a7b38a815d980e1e8906509a9e7b411931078ceba6c456,12931759,m12-1-7,1,hierarchical_3,concat,uniform,Float64,false,20000,4,4,26046404,4,0,4,4064,575962,316,1822.6645569620252,1545.0,3112.5,3314.0,3531.55,3532,0.4225376082963476,2530.4780175,2527.02365,4.645952249999937
026.2,6a68c4dc5d9beb34e2a7b38a815d980e1e8906509a9e7b411931078ceba6c456,12931759,m12-1-7,1,hierarchical_3,concat,uniform,Float64,false,20000,4,4,26046404,64,0,2,64,3096,316,9.79746835443038,8.0,18.0,24.0,32.0,32,1.0845695227111591,13.677846500000001,13.636653,0.017531500000000477
026.2,6a68c4dc5d9beb34e2a7b38a815d980e1e8906509a9e7b411931078ceba6c456,12931759,m12-1-7,1,hierarchical_3,concat,uniform,Float64,false,20000,4,4,26046404,64,0,3,512,53352,316,168.83544303797467,144.0,294.0,336.0,384.0,384,0.5696777882076421,234.3829885,233.632749,0.40331125000000156
026.2,6a68c4dc5d9beb34e2a7b38a815d980e1e8906509a9e7b411931078ceba6c456,12931759,m12-1-7,1,hierarchical_3,concat,uniform,Float64,false,20000,4,4,26046404,64,0,4,4064,575962,316,1822.6645569620252,1545.0,3112.5,3314.0,3531.55,3532,0.4225376082963476,2583.3409174999997,2579.050525,6.017632499999763
026.2,6a68c4dc5d9beb34e2a7b38a815d980e1e8906509a9e7b411931078ceba6c456,12931759,m12-1-7,1,hierarchical_3,concat,uniform,Float64,false,20000,4,4,26046404,8,0,2,64,3096,316,9.79746835443038,8.0,18.0,24.0,32.0,32,1.0845695227111591,13.7386315,13.726364,0.03667899999999946
026.2,6a68c4dc5d9beb34e2a7b38a815d980e1e8906509a9e7b411931078ceba6c456,12931759,m12-1-7,1,hierarchical_3,concat,uniform,Float64,false,20000,4,4,26046404,8,0,3,512,53352,316,168.83544303797467,144.0,294.0,336.0,384.0,384,0.5696777882076421,234.284317,233.997623,0.37907225000003564
026.2,6a68c4dc5d9beb34e2a7b38a815d980e1e8906509a9e7b411931078ceba6c456,12931759,m12-1-7,1,hierarchical_3,concat,uniform,Float64,false,20000,4,4,26046404,8,0,4,4064,575962,316,1822.6645569620252,1545.0,3112.5,3314.0,3531.55,3532,0.4225376082963476,2547.0150325,2541.81192,7.854014250000091
026.2,6a68c4dc5d9beb34e2a7b38a815d980e1e8906509a9e7b411931078ceba6c456,12931759,m12-1-7,1,hierarchical_3,dense,uniform,Float64,false,20000,4,4,26046404,128,0,2,64,3096,316,9.79746835443038,8.0,18.0,24.0,32.0,32,1.0845695227111591,0.6536029999999999,0.645604,0.03013699999999997
026.2,6a68c4dc5d9beb34e2a7b38a815d980e1e8906509a9e7b411931078ceba6c456,12931759,m12-1-7,1,hierarchical_3,dense,uniform,Float64,false,20000,4,4,26046404,128,0,3,512,53352,316,168.83544303797467,144.0,294.0,336.0,384.0,384,0.5696777882076421,6.808529,6.777686,0.055281749999999796
026.2,6a68c4dc5d9beb34e2a7b38a815d980e1e8906509a9e7b411931078ceba6c456,12931759,m12-1-7,1,hierarchical_3,dense,uniform,Float64,false,20000,4,4,26046404,128,0,4,4064,575962,316,1822.6645569620252,1545.0,3112.5,3314.0,3531.55,3532,0.4225376082963476,71.8502385,71.821876,0.1108307500000052
026.2,6a68c4dc5d9beb34e2a7b38a815d980e1e8906509a9e7b411931078ceba6c456,12931759,m12-1-7,1,hierarchical_3,dense,uniform,Float64,false,20000,4,4,26046404,16,0,2,64,3096,316,9.79746835443038,8.0,18.0,24.0,32.0,32,1.0845695227111591,0.6446514999999999,0.640274,0.039586750000000004
026.2,6a68c4dc5d9beb34e2a7b38a815d980e1e8906509a9e7b411931078ceba6c456,12931759,m12-1-7,1,hierarchical_3,dense,uniform,Float64,false,20000,4,4,26046404,16,0,3,512,53352,316,168.83544303797467,144.0,294.0,336.0,384.0,384,0.5696777882076421,6.8110479999999995,6.804376,0.020115500000000175
026.2,6a68c4dc5d9beb34e2a7b38a815d980e1e8906509a9e7b411931078ceba6c456,12931759,m12-1-7,1,hierarchical_3,dense,uniform,Float64,false,20000,4,4,26046404,16,0,4,4064,575962,316,1822.6645569620252,1545.0,3112.5,3314.0,3531.55,3532,0.4225376082963476,71.55943049999999,71.422814,0.28049149999999656
026.2,6a68c4dc5d9beb34e2a7b38a815d980e1e8906509a9e7b411931078ceba6c456,12931759,m12-1-7,1,hierarchical_3,dense,uniform,Float64,false,20000,4,4,26046404,1,0,2,64,3096,316,9.79746835443038,8.0,18.0,24.0,32.0,32,1.0845695227111591,1.2556794999999998,1.247984,0.04776025000000028
026.2,6a68c4dc5d9beb34e2a7b38a815d980e1e8906509a9e7b411931078ceba6c456,12931759,m12-1-7,1,hierarchical_3,dense,uniform,Float64,false,20000,4,4,26046404,1,0,3,512,53352,316,168.83544303797467,144.0,294.0,336.0,384.0,384,0.5696777882076421,7.457853,7.451461,0.01618250000000021
026.2,6a68c4dc5d9beb34e2a7b38a815d980e1e8906509a9e7b411931078ceba6c456,12931759,m12-1-7,1,hierarchical_3,dense,uniform,Float64,false,20000,4,4,26046404,1,0,4,4064,575962,316,1822.6645569620252,1545.0,3112.5,3314.0,3531.55,3532,0.4225376082963476,72.32852299999999,72.243464,0.06672974999999326
026.2,6a68c4dc5d9beb34e2a7b38a815d980e1e8906509a9e7b411931078ceba6c456,12931759,m12-1-7,1,hierarchical_3,dense,uniform,Float64,false,20000,4,4,26046404,2,0,2,64,3096,316,9.79746835443038,8.0,18.0,24.0,32.0,32,1.0845695227111591,0.923395,0.916613,0.043045249999999924
026.2,6a68c4dc5d9beb34e2a7b38a815d980e1e8906509a9e7b411931078ceba6c456,12931759,m12-1-7,1,hierarchical_3,dense,uniform,Float64,false,20000,4,4,26046404,2,0,3,512,53352,316,168.83544303797467,144.0,294.0,336.0,384.0,384,0.5696777882076421,7.106633,7.099851,0.016629249999999374
026.2,6a68c4dc5d9beb34e2a7b38a815d980e1e8906509a9e7b411931078ceba6c456,12931759,m12-1-7,1,hierarchical_3,dense,uniform,Float64,false,20000,4,4,26046404,2,0,4,4064,575962,316,1822.6645569620252,1545.0,3112.5,3314.0,3531.55,3532,0.4225376082963476,71.558223,71.535686,0.11816249999999684
026.2,6a68c4dc5d9beb34e2a7b38a815d980e1e8906509a9e7b411931078ceba6c456,12931759,m12-1-7,1,hierarchical_3,dense,uniform,Float64,false,20000,4,4,26046404,32,0,2,64,3096,316,9.79746835443038,8.0,18.0,24.0,32.0,32,1.0845695227111591,0.621162,0.613533,0.03747525000000018
026.2,6a68c4dc5d9beb34e2a7b38a815d980e1e8906509a9e7b411931078ceba6c456,12931759,m12-1-7,1,hierarchical_3,dense,uniform,Float64,false,20000,4,4,26046404,32,0,3,512,53352,316,168.83544303797467,144.0,294.0,336.0,384.0,384,0.5696777882076421,6.8373124999999995,6.832137,0.014996749999999892
026.2,6a68c4dc5d9beb34e2a7b38a815d980e1e8906509a9e7b411931078ceba6c456,12931759,m12-1-7,1,hierarchical_3,dense,uniform,Float64,false,20000,4,4,26046404,32,0,4,4064,575962,316,1822.6645569620252,1545.0,3112.5,3314.0,3531.55,3532,0.4225376082963476,71.82150250000001,71.710164,0.2048622499999908
026.2,6a68c4dc5d9beb34e2a7b38a815d980e1e8906509a9e7b411931078ceba6c456,12931759,m12-1-7,1,hierarchical_3,dense,uniform,Float64,false,20000,4,4,26046404,4,0,2,64,3096,316,9.79746835443038,8.0,18.0,24.0,32.0,32,1.0845695227111591,0.7617465,0.756281,0.042263750000000044
026.2,6a68c4dc5d9beb34e2a7b38a815d980e1e8906509a9e7b411931078ceba6c456,12931759,m12-1-7,1,hierarchical_3,dense,uniform,Float64,false,20000,4,4,26046404,4,0,3,512,53352,316,168.83544303797467,144.0,294.0,336.0,384.0,384,0.5696777882076421,6.925969,6.896399,0.06869475000000058
026.2,6a68c4dc5d9beb34e2a7b38a815d980e1e8906509a9e7b411931078ceba6c456,12931759,m12-1-7,1,hierarchical_3,dense,uniform,Float64,false,20000,4,4,26046404,4,0,4,4064,575962,316,1822.6645569620252,1545.0,3112.5,3314.0,3531.55,3532,0.4225376082963476,71.847747,71.605386,0.1873582500000026
026.2,6a68c4dc5d9beb34e2a7b38a815d980e1e8906509a9e7b411931078ceba6c456,12931759,m12-1-7,1,hierarchical_3,dense,uniform,Float64,false,20000,4,4,26046404,64,0,2,64,3096,316,9.79746835443038,8.0,18.0,24.0,32.0,32,1.0845695227111591,0.616724,0.615517,0.0310737499999999
026.2,6a68c4dc5d9beb34e2a7b38a815d980e1e8906509a9e7b411931078ceba6c456,12931759,m12-1-7,1,hierarchical_3,dense,uniform,Float64,false,20000,4,4,26046404,64,0,3,512,53352,316,168.83544303797467,144.0,294.0,336.0,384.0,384,0.5696777882076421,6.7561350000000004,6.7433,0.020315000000000083
026.2,6a68c4dc5d9beb34e2a7b38a815d980e1e8906509a9e7b411931078ceba6c456,12931759,m12-1-7,1,hierarchical_3,dense,uniform,Float64,false,20000,4,4,26046404,64,0,4,4064,575962,316,1822.6645569620252,1545.0,3112.5,3314.0,3531.55,3532,0.4225376082963476,71.71122249999999,71.566796,0.1244057500000082
026.2,6a68c4dc5d9beb34e2a7b38a815d980e1e8906509a9e7b411931078ceba6c456,12931759,m12-1-7,1,hierarchical_3,dense,uniform,Float64,false,20000,4,4,26046404,8,0,2,64,3096,316,9.79746835443038,8.0,18.0,24.0,32.0,32,1.0845695227111591,0.7037724999999999,0.682011,0.05343025000000001
026.2,6a68c4dc5d9beb34e2a7b38a815d980e1e8906509a9e7b411931078ceba6c456,12931759,m12-1-7,1,hierarchical_3,dense,uniform,Float64,false,20000,4,4,26046404,8,0,3,512,53352,316,168.83544303797467,144.0,294.0,336.0,384.0,384,0.5696777882076421,6.8252245,6.819333,0.021545749999999586
026.2,6a68c4dc5d9beb34e2a7b38a815d980e1e8906509a9e7b411931078ceba6c456,12931759,m12-1-7,1,hierarchical_3,dense,uniform,Float64,false,20000,4,4,26046404,8,0,4,4064,575962,316,1822.6645569620252,1545.0,3112.5,3314.0,3531.55,3532,0.4225376082963476,71.790354,71.625935,0.2077550000000059
026.2,6a68c4dc5d9beb34e2a7b38a815d980e1e8906509a9e7b411931078ceba6c456,12931759,m12-1-7,1,hierarchical_3,factored,uniform,Float64,false,20000,4,4,26046404,128,0,2,64,3096,316,9.79746835443038,8.0,18.0,24.0,32.0,32,1.0845695227111591,13.6674255,13.65085,0.14284249999999865
026.2,6a68c4dc5d9beb34e2a7b38a815d980e1e8906509a9e7b411931078ceba6c456,12931759,m12-1-7,1,hierarchical_3,factored,uniform,Float64,false,20000,4,4,26046404,128,0,3,512,53352,316,168.83544303797467,144.0,294.0,336.0,384.0,384,0.5696777882076421,236.14540549999998,235.692649,0.3139315000000238
026.2,6a68c4dc5d9beb34e2a7b38a815d980e1e8906509a9e7b411931078ceba6c456,12931759,m12-1-7,1,hierarchical_3,factored,uniform,Float64,false,20000,4,4,26046404,128,0,4,4064,575962,316,1822.6645569620252,1545.0,3112.5,3314.0,3531.55,3532,0.4225376082963476,2569.388912,2562.879195,4.70656874999986
026.2,6a68c4dc5d9beb34e2a7b38a815d980e1e8906509a9e7b411931078ceba6c456,12931759,m12-1-7,1,hierarchical_3,factored,uniform,Float64,false,20000,4,4,26046404,16,0,2,64,3096,316,9.79746835443038,8.0,18.0,24.0,32.0,32,1.0845695227111591,13.697421,13.655778,0.016600750000000275
026.2,6a68c4dc5d9beb34e2a7b38a815d980e1e8906509a9e7b411931078ceba6c456,12931759,m12-1-7,1,hierarchical_3,factored,uniform,Float64,false,20000,4,4,26046404,16,0,3,512,53352,316,168.83544303797467,144.0,294.0,336.0,384.0,384,0.5696777882076421,233.85400199999998,233.58395,0.38844424999999205
026.2,6a68c4dc5d9beb34e2a7b38a815d980e1e8906509a9e7b411931078ceba6c456,12931759,m12-1-7,1,hierarchical_3,factored,uniform,Float64,false,20000,4,4,26046404,16,0,4,4064,575962,316,1822.6645569620252,1545.0,3112.5,3314.0,3531.55,3532,0.4225376082963476,2555.4137849999997,2550.223163,5.446120250000149
026.2,6a68c4dc5d9beb34e2a7b38a815d980e1e8906509a9e7b411931078ceba6c456,12931759,m12-1-7,1,hierarchical_3,factored,uniform,Float64,false,20000,4,4,26046404,1,0,2,64,3096,316,9.79746835443038,8.0,18.0,24.0,32.0,32,1.0845695227111591,13.854374,13.839797,0.03984424999999803
026.2,6a68c4dc5d9beb34e2a7b38a815d980e1e8906509a9e7b411931078ceba6c456,12931759,m12-1-7,1,hierarchical_3,factored,uniform,Float64,false,20000,4,4,26046404,1,0,3,512,53352,316,168.83544303797467,144.0,294.0,336.0,384.0,384,0.5696777882076421,233.6266665,233.542819,0.2459797500000036
026.2,6a68c4dc5d9beb34e2a7b38a815d980e1e8906509a9e7b411931078ceba6c456,12931759,m12-1-7,1,hierarchical_3,factored,uniform,Float64,false,20000,4,4,26046404,1,0,4,4064,575962,316,1822.6645569620252,1545.0,3112.5,3314.0,3531.55,3532,0.4225376082963476,2521.0585650000003,2519.288258,2.9934049999997114
026.2,6a68c4dc5d9beb34e2a7b38a815d980e1e8906509a9e7b411931078ceba6c456,12931759,m12-1-7,1,hierarchical_3,factored,uniform,Float64,false,20000,4,4,26046404,2,0,2,64,3096,316,9.79746835443038,8.0,18.0,24.0,32.0,32,1.0845695227111591,13.8189225,13.792403,0.021901750000001385
026.2,6a68c4dc5d9beb34e2a7b38a815d980e1e8906509a9e7b411931078ceba6c456,12931759,m12-1-7,1,hierarchical_3,factored,uniform,Float64,false,20000,4,4,26046404,2,0,3,512,53352,316,168.83544303797467,144.0,294.0,336.0,384.0,384,0.5696777882076421,236.333124,235.819268,1.0389567499999828
026.2,6a68c4dc5d9beb34e2a7b38a815d980e1e8906509a9e7b411931078ceba6c456,12931759,m12-1-7,1,hierarchical_3,factored,uniform,Float64,false,20000,4,4,26046404,2,0,4,4064,575962,316,1822.6645569620252,1545.0,3112.5,3314.0,3531.55,3532,0.4225376082963476,2553.1631509999997,2548.958496,2.6701664999995955
026.2,6a68c4dc5d9beb34e2a7b38a815d980e1e8906509a9e7b411931078ceba6c456,12931759,m12-1-7,1,hierarchical_3,factored,uniform,Float64,false,20000,4,4,26046404,32,0,2,64,3096,316,9.79746835443038,8.0,18.0,24.0,32.0,32,1.0845695227111591,13.7348415,13.681265,0.05117875000000183
026.2,6a68c4dc5d9beb34e2a7b38a815d980e1e8906509a9e7b411931078ceba6c456,12931759,m12-1-7,1,hierarchical_3,factored,uniform,Float64,false,20000,4,4,26046404,32,0,3,512,53352,316,168.83544303797467,144.0,294.0,336.0,384.0,384,0.5696777882076421,234.41332849999998,234.144513,0.4209577500000137
026.2,6a68c4dc5d9beb34e2a7b38a815d980e1e8906509a9e7b411931078ceba6c456,12931759,m12-1-7,1,hierarchical_3,factored,uniform,Float64,false,20000,4,4,26046404,32,0,4,4064,575962,316,1822.6645569620252,1545.0,3112.5,3314.0,3531.55,3532,0.4225376082963476,2578.137676,2570.435289,3.5420349999999416
026.2,6a68c4dc5d9beb34e2a7b38a815d980e1e8906509a9e7b411931078ceba6c456,12931759,m12-1-7,1,hierarchical_3,factored,uniform,Float64,false,20000,4,4,26046404,4,0,2,64,3096,316,9.79746835443038,8.0,18.0,24.0,32.0,32,1.0845695227111591,13.736357,13.718654,0.022126999999997565
026.2,6a68c4dc5d9beb34e2a7b38a815d980e1e8906509a9e7b411931078ceba6c456,12931759,m12-1-7,1,hierarchical_3,factored,uniform,Float64,false,20000,4,4,26046404,4,0,3,512,53352,316,168.83544303797467,144.0,294.0,336.0,384.0,384,0.5696777882076421,234.445673,234.093165,0.392060999999984
026.2,6a68c4dc5d9beb34e2a7b38a815d980e1e8906509a9e7b411931078ceba6c456,12931759,m12-1-7,1,hierarchical_3,factored,uniform,Float64,false,20000,4,4,26046404,4,0,4,4064,575962,316,1822.6645569620252,1545.0,3112.5,3314.0,3531.55,3532,0.4225376082963476,2534.8729125,2533.001567,1.1155250000001615
026.2,6a68c4dc5d9beb34e2a7b38a815d980e1e8906509a9e7b411931078ceba6c456,12931759,m12-1-7,1,hierarchical_3,factored,uniform,Float64,false,20000,4,4,26046404,64,0,2,64,3096,316,9.79746835443038,8.0,18.0,24.0,32.0,32,1.0845695227111591,13.7212965,13.705702,0.009659249999998565
026.2,6a68c4dc5d9beb34e2a7b38a815d980e1e8906509a9e7b411931078ceba6c456,12931759,m12-1-7,1,hierarchical_3,factored,uniform,Float64,false,20000,4,4,26046404,64,0,3,512,53352,316,168.83544303797467,144.0,294.0,336.0,384.0,384,0.5696777882076421,234.9259545,234.511581,0.4831475000000012
026.2,6a68c4dc5d9beb34e2a7b38a815d980e1e8906509a9e7b411931078ceba6c456,12931759,m12-1-7,1,hierarchical_3,factored,uniform,Float64,false,20000,4,4,26046404,64,0,4,4064,575962,316,1822.6645569620252,1545.0,3112.5,3314.0,3531.55,3532,0.4225376082963476,2597.8972155,2575.50034,24.892192499999965
026.2,6a68c4dc5d9beb34e2a7b38a815d980e1e8906509a9e7b411931078ceba6c456,12931759,m12-1-7,1,hierarchical_3,factored,uniform,Float64,false,20000,4,4,26046404,8,0,2,64,3096,316,9.79746835443038,8.0,18.0,24.0,32.0,32,1.0845695227111591,13.7976025,13.778145,0.039329249999997984
026.2,6a68c4dc5d9beb34e2a7b38a815d980e1e8906509a9e7b411931078ceba6c456,12931759,m12-1-7,1,hierarchical_3,factored,uniform,Float64,false,20000,4,4,26046404,8,0,3,512,53352,316,168.83544303797467,144.0,294.0,336.0,384.0,384,0.5696777882076421,235.1063985,235.055724,0.12589925000003177
026.2,6a68c4dc5d9beb34e2a7b38a815d980e1e8906509a9e7b411931078ceba6c456,12931759,m12-1-7,1,hierarchical_3,factored,uniform,Float64,false,20000,4,4,26046404,8,0,4,4064,575962,316,1822.6645569620252,1545.0,3112.5,3314.0,3531.55,3532,0.4225376082963476,2560.6390954999997,2555.946475,5.537218500000108
026.2,6a68c4dc5d9beb34e2a7b38a815d980e1e8906509a9e7b411931078ceba6c456,12931759,m12-1-7,1,hierarchical_3,precomputed_y,uniform,Float64,false,20000,4,4,26046404,128,0,2,64,3096,316,9.79746835443038,8.0,18.0,24.0,32.0,32,1.0845695227111591,13.725055,13.716603,0.017009499999998567
026.2,6a68c4dc5d9beb34e2a7b38a815d980e1e8906509a9e7b411931078ceba6c456,12931759,m12-1-7,1,hierarchical_3,precomputed_y,uniform,Float64,false,20000,4,4,26046404,128,0,3,512,53352,316,168.83544303797467,144.0,294.0,336.0,384.0,384,0.5696777882076421,236.36531250000002,235.983893,0.6314609999999732
026.2,6a68c4dc5d9beb34e2a7b38a815d980e1e8906509a9e7b411931078ceba6c456,12931759,m12-1-7,1,hierarchical_3,precomputed_y,uniform,Float64,false,20000,4,4,26046404,128,0,4,4064,575962,316,1822.6645569620252,1545.0,3112.5,3314.0,3531.55,3532,0.4225376082963476,2578.3775625,2568.241399,3.0266177499997866
026.2,6a68c4dc5d9beb34e2a7b38a815d980e1e8906509a9e7b411931078ceba6c456,12931759,m12-1-7,1,hierarchical_3,precomputed_y,uniform,Float64,false,20000,4,4,26046404,16,0,2,64,3096,316,9.79746835443038,8.0,18.0,24.0,32.0,32,1.0845695227111591,13.7404895,13.726243,0.015382999999999925
026.2,6a68c4dc5d9beb34e2a7b38a815d980e1e8906509a9e7b411931078ceba6c456,12931759,m12-1-7,1,hierarchical_3,precomputed_y,uniform,Float64,false,20000,4,4,26046404,16,0,3,512,53352,316,168.83544303797467,144.0,294.0,336.0,384.0,384,0.5696777882076421,234.96603900000002,234.407143,0.201037499999984
026.2,6a68c4dc5d9beb34e2a7b38a815d980e1e8906509a9e7b411931078ceba6c456,12931759,m12-1-7,1,hierarchical_3,precomputed_y,uniform,Float64,false,20000,4,4,26046404,16,0,4,4064,575962,316,1822.6645569620252,1545.0,3112.5,3314.0,3531.55,3532,0.4225376082963476,2572.5858550000003,2565.204425,13.192309000000023
026.2,6a68c4dc5d9beb34e2a7b38a815d980e1e8906509a9e7b411931078ceba6c456,12931759,m12-1-7,1,hierarchical_3,precomputed_y,uniform,Float64,false,20000,4,4,26046404,1,0,2,64,3096,316,9.79746835443038,8.0,18.0,24.0,32.0,32,1.0845695227111591,13.836052500000001,13.822683,0.013529500000000638
026.2,6a68c4dc5d9beb34e2a7b38a815d980e1e8906509a9e7b411931078ceba6c456,12931759,m12-1-7,1,hierarchical_3,precomputed_y,uniform,Float64,false,20000,4,4,26046404,1,0,3,512,53352,316,168.83544303797467,144.0,294.0,336.0,384.0,384,0.5696777882076421,234.02393899999998,233.78276,0.5991055000000358
026.2,6a68c4dc5d9beb34e2a7b38a815d980e1e8906509a9e7b411931078ceba6c456,12931759,m12-1-7,1,hierarchical_3,precomputed_y,uniform,Float64,false,20000,4,4,26046404,1,0,4,4064,575962,316,1822.6645569620252,1545.0,3112.5,3314.0,3531.55,3532,0.4225376082963476,2525.7038890000003,2521.082992,5.18909450000001
026.2,6a68c4dc5d9beb34e2a7b38a815d980e1e8906509a9e7b411931078ceba6c456,12931759,m12-1-7,1,hierarchical_3,precomputed_y,uniform,Float64,false,20000,4,4,26046404,2,0,2,64,3096,316,9.79746835443038,8.0,18.0,24.0,32.0,32,1.0845695227111591,13.759219,13.751635,0.09475800000000056
026.2,6a68c4dc5d9beb34e2a7b38a815d980e1e8906509a9e7b411931078ceba6c456,12931759,m12-1-7,1,hierarchical_3,precomputed_y,uniform,Float64,false,20000,4,4,26046404,2,0,3,512,53352,316,168.83544303797467,144.0,294.0,336.0,384.0,384,0.5696777882076421,234.21802000000002,233.941927,0.8267185000000268
026.2,6a68c4dc5d9beb34e2a7b38a815d980e1e8906509a9e7b411931078ceba6c456,12931759,m12-1-7,1,hierarchical_3,precomputed_y,uniform,Float64,false,20000,4,4,26046404,2,0,4,4064,575962,316,1822.6645569620252,1545.0,3112.5,3314.0,3531.55,3532,0.4225376082963476,2528.338082,2527.307424,1.9446145000001707
026.2,6a68c4dc5d9beb34e2a7b38a815d980e1e8906509a9e7b411931078ceba6c456,12931759,m12-1-7,1,hierarchical_3,precomputed_y,uniform,Float64,false,20000,4,4,26046404,32,0,2,64,3096,316,9.79746835443038,8.0,18.0,24.0,32.0,32,1.0845695227111591,13.8250885,13.787408,0.08047425000000175
026.2,6a68c4dc5d9beb34e2a7b38a815d980e1e8906509a9e7b411931078ceba6c456,12931759,m12-1-7,1,hierarchical_3,precomputed_y,uniform,Float64,false,20000,4,4,26046404,32,0,3,512,53352,316,168.83544303797467,144.0,294.0,336.0,384.0,384,0.5696777882076421,236.015903,235.949699,0.1008337499999925
026.2,6a68c4dc5d9beb34e2a7b38a815d980e1e8906509a9e7b411931078ceba6c456,12931759,m12-1-7,1,hierarchical_3,precomputed_y,uniform,Float64,false,20000,4,4,26046404,32,0,4,4064,575962,316,1822.6645569620252,1545.0,3112.5,3314.0,3531.55,3532,0.4225376082963476,2596.8960625,2595.884737,1.8449690000002192
026.2,6a68c4dc5d9beb34e2a7b38a815d980e1e8906509a9e7b411931078ceba6c456,12931759,m12-1-7,1,hierarchical_3,precomputed_y,uniform,Float64,false,20000,4,4,26046404,4,0,2,64,3096,316,9.79746835443038,8.0,18.0,24.0,32.0,32,1.0845695227111591,13.8061775,13.675257,0.2309822499999985
026.2,6a68c4dc5d9beb34e2a7b38a815d980e1e8906509a9e7b411931078ceba6c456,12931759,m12-1-7,1,hierarchical_3,precomputed_y,uniform,Float64,false,20000,4,4,26046404,4,0,3,512,53352,316,168.83544303797467,144.0,294.0,336.0,384.0,384,0.5696777882076421,234.16639700000002,233.82456,0.19684499999999616
026.2,6a68c4dc5d9beb34e2a7b38a815d980e1e8906509a9e7b411931078ceba6c456,12931759,m12-1-7,1,hierarchical_3,precomputed_y,uniform,Float64,false,20000,4,4,26046404,4,0,4,4064,575962,316,1822.6645569620252,1545.0,3112.5,3314.0,3531.55,3532,0.4225376082963476,2533.806384,2531.001884,4.702388500000325
026.2,6a68c4dc5d9beb34e2a7b38a815d980e1e8906509a9e7b411931078ceba6c456,12931759,m12-1-7,1,hierarchical_3,precomputed_y,uniform,Float64,false,20000,4,4,26046404,64,0,2,64,3096,316,9.79746835443038,8.0,18.0,24.0,32.0,32,1.0845695227111591,13.6941215,13.691076,0.014228250000000386
026.2,6a68c4dc5d9beb34e2a7b38a815d980e1e8906509a9e7b411931078ceba6c456,12931759,m12-1-7,1,hierarchical_3,precomputed_y,uniform,Float64,false,20000,4,4,26046404,64,0,3,512,53352,316,168.83544303797467,144.0,294.0,336.0,384.0,384,0.5696777882076421,234.0746755,233.938489,0.1317002499999944
026.2,6a68c4dc5d9beb34e2a7b38a815d980e1e8906509a9e7b411931078ceba6c456,12931759,m12-1-7,1,hierarchical_3,precomputed_y,uniform,Float64,false,20000,4,4,26046404,64,0,4,4064,575962,316,1822.6645569620252,1545.0,3112.5,3314.0,3531.55,3532,0.4225376082963476,2567.984618,2562.235239,6.37880825000002
026.2,6a68c4dc5d9beb34e2a7b38a815d980e1e8906509a9e7b411931078ceba6c456,12931759,m12-1-7,1,hierarchical_3,precomputed_y,uniform,Float64,false,20000,4,4,26046404,8,0,2,64,3096,316,9.79746835443038,8.0,18.0,24.0,32.0,32,1.0845695227111591,13.6759235,13.659707,0.010582000000001202
026.2,6a68c4dc5d9beb34e2a7b38a815d980e1e8906509a9e7b411931078ceba6c456,12931759,m12-1-7,1,hierarchical_3,precomputed_y,uniform,Float64,false,20000,4,4,26046404,8,0,3,512,53352,316,168.83544303797467,144.0,294.0,336.0,384.0,384,0.5696777882076421,233.579294,233.525953,0.0876400000000217
026.2,6a68c4dc5d9beb34e2a7b38a815d980e1e8906509a9e7b411931078ceba6c456,12931759,m12-1-7,1,hierarchical_3,precomputed_y,uniform,Float64,false,20000,4,4,26046404,8,0,4,4064,575962,316,1822.6645569620252,1545.0,3112.5,3314.0,3531.55,3532,0.4225376082963476,2542.061541,2536.570773,5.646986749999996
026.2,6a68c4dc5d9beb34e2a7b38a815d980e1e8906509a9e7b411931078ceba6c456,12931759,m12-1-7,64,hierarchical_12,concat,uniform,Float64,false,20000,4,4,26046404,128,0,2,64,752,164,4.585365853658536,4.0,8.0,8.0,8.0,8,0.13831200420623618,3.7744475,3.753233,0.024134749999999983
026.2,6a68c4dc5d9beb34e2a7b38a815d980e1e8906509a9e7b411931078ceba6c456,12931759,m12-1-7,64,hierarchical_12,concat,uniform,Float64,false,20000,4,4,26046404,128,0,3,512,160192,1740,92.06436781609196,80.0,180.0,210.0,240.0,256,0.6163539428022559,704.0619855,702.811706,1.4489712499999996
026.2,6a68c4dc5d9beb34e2a7b38a815d980e1e8906509a9e7b411931078ceba6c456,12931759,m12-1-7,64,hierarchical_12,concat,uniform,Float64,false,20000,4,4,26046404,128,0,4,4064,2833436,1740,1628.4114942528736,1702.0,2603.0,2694.0,2872.0,3026,-0.1263653407861251,12632.6822225,12601.035832,33.1584544999987
026.2,6a68c4dc5d9beb34e2a7b38a815d980e1e8906509a9e7b411931078ceba6c456,12931759,m12-1-7,64,hierarchical_12,concat,uniform,Float64,false,20000,4,4,26046404,16,0,2,64,752,164,4.585365853658536,4.0,8.0,8.0,8.0,8,0.13831200420623618,3.8686285,3.820318,0.06605699999999981
026.2,6a68c4dc5d9beb34e2a7b38a815d980e1e8906509a9e7b411931078ceba6c456,12931759,m12-1-7,64,hierarchical_12,concat,uniform,Float64,false,20000,4,4,26046404,16,0,3,512,160192,1740,92.06436781609196,80.0,180.0,210.0,240.0,256,0.6163539428022559,700.822079,699.088431,0.5035007499999438
026.2,6a68c4dc5d9beb34e2a7b38a815d980e1e8906509a9e7b411931078ceba6c456,12931759,m12-1-7,64,hierarchical_12,concat,uniform,Float64,false,20000,4,4,26046404,16,0,4,4064,2833436,1740,1628.4114942528736,1702.0,2603.0,2694.0,2872.0,3026,-0.1263653407861251,12512.0633535,12494.763645,32.057333000000654
026.2,6a68c4dc5d9beb34e2a7b38a815d980e1e8906509a9e7b411931078ceba6c456,12931759,m12-1-7,64,hierarchical_12,concat,uniform,Float64,false,20000,4,4,26046404,1,0,2,64,752,164,4.585365853658536,4.0,8.0,8.0,8.0,8,0.13831200420623618,3.9859495,3.935755,0.032147749999999586
026.2,6a68c4dc5d9beb34e2a7b38a815d980e1e8906509a9e7b411931078ceba6c456,12931759,m12-1-7,64,hierarchical_12,concat,uniform,Float64,false,20000,4,4,26046404,1,0,3,512,160192,1740,92.06436781609196,80.0,180.0,210.0,240.0,256,0.6163539428022559,702.007842,700.454493,1.117279499999995
026.2,6a68c4dc5d9beb34e2a7b38a815d980e1e8906509a9e7b411931078ceba6c456,12931759,m12-1-7,64,hierarchical_12,concat,uniform,Float64,false,20000,4,4,26046404,1,0,4,4064,2833436,1740,1628.4114942528736,1702.0,2603.0,2694.0,2872.0,3026,-0.1263653407861251,12388.5342145,12385.717688,2.776798750001035
026.2,6a68c4dc5d9beb34e2a7b38a815d980e1e8906509a9e7b411931078ceba6c456,12931759,m12-1-7,64,hierarchical_12,concat,uniform,Float64,false,20000,4,4,26046404,2,0,2,64,752,164,4.585365853658536,4.0,8.0,8.0,8.0,8,0.13831200420623618,3.9550715,3.923051,0.05590049999999991
026.2,6a68c4dc5d9beb34e2a7b38a815d980e1e8906509a9e7b411931078ceba6c456,12931759,m12-1-7,64,hierarchical_12,concat,uniform,Float64,false,20000,4,4,26046404,2,0,3,512,160192,1740,92.06436781609196,80.0,180.0,210.0,240.0,256,0.6163539428022559,702.1454195,701.624245,0.6978894999999739
026.2,6a68c4dc5d9beb34e2a7b38a815d980e1e8906509a9e7b411931078ceba6c456,12931759,m12-1-7,64,hierarchical_12,concat,uniform,Float64,false,20000,4,4,26046404,2,0,4,4064,2833436,1740,1628.4114942528736,1702.0,2603.0,2694.0,2872.0,3026,-0.1263653407861251,12368.664188499999,12363.612541,9.497342249998837
026.2,6a68c4dc5d9beb34e2a7b38a815d980e1e8906509a9e7b411931078ceba6c456,12931759,m12-1-7,64,hierarchical_12,concat,uniform,Float64,false,20000,4,4,26046404,32,0,2,64,752,164,4.585365853658536,4.0,8.0,8.0,8.0,8,0.13831200420623618,3.7942595,3.766457,0.02030375000000051
026.2,6a68c4dc5d9beb34e2a7b38a815d980e1e8906509a9e7b411931078ceba6c456,12931759,m12-1-7,64,hierarchical_12,concat,uniform,Float64,false,20000,4,4,26046404,32,0,3,512,160192,1740,92.06436781609196,80.0,180.0,210.0,240.0,256,0.6163539428022559,701.1005554999999,700.434378,0.788605250000046
026.2,6a68c4dc5d9beb34e2a7b38a815d980e1e8906509a9e7b411931078ceba6c456,12931759,m12-1-7,64,hierarchical_12,concat,uniform,Float64,false,20000,4,4,26046404,32,0,4,4064,2833436,1740,1628.4114942528736,1702.0,2603.0,2694.0,2872.0,3026,-0.1263653407861251,12620.551012,12577.02725,16.54063899999892
026.2,6a68c4dc5d9beb34e2a7b38a815d980e1e8906509a9e7b411931078ceba6c456,12931759,m12-1-7,64,hierarchical_12,concat,uniform,Float64,false,20000,4,4,26046404,4,0,2,64,752,164,4.585365853658536,4.0,8.0,8.0,8.0,8,0.13831200420623618,3.8651324999999996,3.816852,0.08195949999999996
026.2,6a68c4dc5d9beb34e2a7b38a815d980e1e8906509a9e7b411931078ceba6c456,12931759,m12-1-7,64,hierarchical_12,concat,uniform,Float64,false,20000,4,4,26046404,4,0,3,512,160192,1740,92.06436781609196,80.0,180.0,210.0,240.0,256,0.6163539428022559,701.143507,699.14174,1.0422929999999724
026.2,6a68c4dc5d9beb34e2a7b38a815d980e1e8906509a9e7b411931078ceba6c456,12931759,m12-1-7,64,hierarchical_12,concat,uniform,Float64,false,20000,4,4,26046404,4,0,4,4064,2833436,1740,1628.4114942528736,1702.0,2603.0,2694.0,2872.0,3026,-0.1263653407861251,12389.429055,12385.899918,6.154328750000786
026.2,6a68c4dc5d9beb34e2a7b38a815d980e1e8906509a9e7b411931078ceba6c456,12931759,m12-1-7,64,hierarchical_12,concat,uniform,Float64,false,20000,4,4,26046404,64,0,2,64,752,164,4.585365853658536,4.0,8.0,8.0,8.0,8,0.13831200420623618,3.7821165,3.747202,0.09037724999999996
026.2,6a68c4dc5d9beb34e2a7b38a815d980e1e8906509a9e7b411931078ceba6c456,12931759,m12-1-7,64,hierarchical_12,concat,uniform,Float64,false,20000,4,4,26046404,64,0,3,512,160192,1740,92.06436781609196,80.0,180.0,210.0,240.0,256,0.6163539428022559,702.7484015,701.828333,1.235416750000013
026.2,6a68c4dc5d9beb34e2a7b38a815d980e1e8906509a9e7b411931078ceba6c456,12931759,m12-1-7,64,hierarchical_12,concat,uniform,Float64,false,20000,4,4,26046404,64,0,4,4064,2833436,1740,1628.4114942528736,1702.0,2603.0,2694.0,2872.0,3026,-0.1263653407861251,12597.641615,12581.215735,40.68556299999909
026.2,6a68c4dc5d9beb34e2a7b38a815d980e1e8906509a9e7b411931078ceba6c456,12931759,m12-1-7,64,hierarchical_12,concat,uniform,Float64,false,20000,4,4,26046404,8,0,2,64,752,164,4.585365853658536,4.0,8.0,8.0,8.0,8,0.13831200420623618,3.8372900000000003,3.802074,0.03592200000000023
026.2,6a68c4dc5d9beb34e2a7b38a815d980e1e8906509a9e7b411931078ceba6c456,12931759,m12-1-7,64,hierarchical_12,concat,uniform,Float64,false,20000,4,4,26046404,8,0,3,512,160192,1740,92.06436781609196,80.0,180.0,210.0,240.0,256,0.6163539428022559,700.8468379999999,700.641586,0.47349900000006073
026.2,6a68c4dc5d9beb34e2a7b38a815d980e1e8906509a9e7b411931078ceba6c456,12931759,m12-1-7,64,hierarchical_12,concat,uniform,Float64,false,20000,4,4,26046404,8,0,4,4064,2833436,1740,1628.4114942528736,1702.0,2603.0,2694.0,2872.0,3026,-0.1263653407861251,12442.7240905,12431.797069,7.007814000000508
026.2,6a68c4dc5d9beb34e2a7b38a815d980e1e8906509a9e7b411931078ceba6c456,12931759,m12-1-7,64,hierarchical_12,dense,uniform,Float64,false,20000,4,4,26046404,128,0,2,64,752,164,4.585365853658536,4.0,8.0,8.0,8.0,8,0.13831200420623618,0.831167,0.813098,0.01410374999999997
026.2,6a68c4dc5d9beb34e2a7b38a815d980e1e8906509a9e7b411931078ceba6c456,12931759,m12-1-7,64,hierarchical_12,dense,uniform,Float64,false,20000,4,4,26046404,128,0,3,512,160192,1740,92.06436781609196,80.0,180.0,210.0,240.0,256,0.6163539428022559,23.04681,22.867617,0.17792349999999857
026.2,6a68c4dc5d9beb34e2a7b38a815d980e1e8906509a9e7b411931078ceba6c456,12931759,m12-1-7,64,hierarchical_12,dense,uniform,Float64,false,20000,4,4,26046404,128,0,4,4064,2833436,1740,1628.4114942528736,1702.0,2603.0,2694.0,2872.0,3026,-0.1263653407861251,549.6415595000001,541.422707,3.3488402500000802
026.2,6a68c4dc5d9beb34e2a7b38a815d980e1e8906509a9e7b411931078ceba6c456,12931759,m12-1-7,64,hierarchical_12,dense,uniform,Float64,false,20000,4,4,26046404,16,0,2,64,752,164,4.585365853658536,4.0,8.0,8.0,8.0,8,0.13831200420623618,1.807928,1.794903,0.013901250000000198
026.2,6a68c4dc5d9beb34e2a7b38a815d980e1e8906509a9e7b411931078ceba6c456,12931759,m12-1-7,64,hierarchical_12,dense,uniform,Float64,false,20000,4,4,26046404,16,0,3,512,160192,1740,92.06436781609196,80.0,180.0,210.0,240.0,256,0.6163539428022559,24.001526499999997,23.684425,0.1814107500000013
026.2,6a68c4dc5d9beb34e2a7b38a815d980e1e8906509a9e7b411931078ceba6c456,12931759,m12-1-7,64,hierarchical_12,dense,uniform,Float64,false,20000,4,4,26046404,16,0,4,4064,2833436,1740,1628.4114942528736,1702.0,2603.0,2694.0,2872.0,3026,-0.1263653407861251,533.9014035,531.264463,1.6028444999999465
026.2,6a68c4dc5d9beb34e2a7b38a815d980e1e8906509a9e7b411931078ceba6c456,12931759,m12-1-7,64,hierarchical_12,dense,uniform,Float64,false,20000,4,4,26046404,1,0,2,64,752,164,4.585365853658536,4.0,8.0,8.0,8.0,8,0.13831200420623618,19.180699500000003,19.010535,0.1932457499999991
026.2,6a68c4dc5d9beb34e2a7b38a815d980e1e8906509a9e7b411931078ceba6c456,12931759,m12-1-7,64,hierarchical_12,dense,uniform,Float64,false,20000,4,4,26046404,1,0,3,512,160192,1740,92.06436781609196,80.0,180.0,210.0,240.0,256,0.6163539428022559,42.199186499999996,41.800462,0.6939514999999972
026.2,6a68c4dc5d9beb34e2a7b38a815d980e1e8906509a9e7b411931078ceba6c456,12931759,m12-1-7,64,hierarchical_12,dense,uniform,Float64,false,20000,4,4,26046404,1,0,4,4064,2833436,1740,1628.4114942528736,1702.0,2603.0,2694.0,2872.0,3026,-0.1263653407861251,562.427306,560.161143,4.9462400000001026
026.2,6a68c4dc5d9beb34e2a7b38a815d980e1e8906509a9e7b411931078ceba6c456,12931759,m12-1-7,64,hierarchical_12,dense,uniform,Float64,false,20000,4,4,26046404,2,0,2,64,752,164,4.585365853658536,4.0,8.0,8.0,8.0,8,0.13831200420623618,9.867453,9.82895,0.06297574999999966
026.2,6a68c4dc5d9beb34e2a7b38a815d980e1e8906509a9e7b411931078ceba6c456,12931759,m12-1-7,64,hierarchical_12,dense,uniform,Float64,false,20000,4,4,26046404,2,0,3,512,160192,1740,92.06436781609196,80.0,180.0,210.0,240.0,256,0.6163539428022559,32.351476,32.25223,0.30530600000000163
026.2,6a68c4dc5d9beb34e2a7b38a815d980e1e8906509a9e7b411931078ceba6c456,12931759,m12-1-7,64,hierarchical_12,dense,uniform,Float64,false,20000,4,4,26046404,2,0,4,4064,2833436,1740,1628.4114942528736,1702.0,2603.0,2694.0,2872.0,3026,-0.1263653407861251,550.9381895,549.46415,2.855295749999982
026.2,6a68c4dc5d9beb34e2a7b38a815d980e1e8906509a9e7b411931078ceba6c456,12931759,m12-1-7,64,hierarchical_12,dense,uniform,Float64,false,20000,4,4,26046404,32,0,2,64,752,164,4.585365853658536,4.0,8.0,8.0,8.0,8,0.13831200420623618,1.226139,1.205405,0.025115
026.2,6a68c4dc5d9beb34e2a7b38a815d980e1e8906509a9e7b411931078ceba6c456,12931759,m12-1-7,64,hierarchical_12,dense,uniform,Float64,false,20000,4,4,26046404,32,0,3,512,160192,1740,92.06436781609196,80.0,180.0,210.0,240.0,256,0.6163539428022559,23.335845499999998,23.112541,0.3973417500000025
026.2,6a68c4dc5d9beb34e2a7b38a815d980e1e8906509a9e7b411931078ceba6c456,12931759,m12-1-7,64,hierarchical_12,dense,uniform,Float64,false,20000,4,4,26046404,32,0,4,4064,2833436,1740,1628.4114942528736,1702.0,2603.0,2694.0,2872.0,3026,-0.1263653407861251,543.7997135,539.461446,4.560492249999925
026.2,6a68c4dc5d9beb34e2a7b38a815d980e1e8906509a9e7b411931078ceba6c456,12931759,m12-1-7,64,hierarchical_12,dense,uniform,Float64,false,20000,4,4,26046404,4,0,2,64,752,164,4.585365853658536,4.0,8.0,8.0,8.0,8,0.13831200420623618,5.2783835,5.255005,0.01595000000000013
026.2,6a68c4dc5d9beb34e2a7b38a815d980e1e8906509a9e7b411931078ceba6c456,12931759,m12-1-7,64,hierarchical_12,dense,uniform,Float64,false,20000,4,4,26046404,4,0,3,512,160192,1740,92.06436781609196,80.0,180.0,210.0,240.0,256,0.6163539428022559,27.234067500000002,27.066643,0.23212050000000062
026.2,6a68c4dc5d9beb34e2a7b38a815d980e1e8906509a9e7b411931078ceba6c456,12931759,m12-1-7,64,hierarchical_12,dense,uniform,Float64,false,20000,4,4,26046404,4,0,4,4064,2833436,1740,1628.4114942528736,1702.0,2603.0,2694.0,2872.0,3026,-0.1263653407861251,803.727004,789.350358,8.12871749999988
026.2,6a68c4dc5d9beb34e2a7b38a815d980e1e8906509a9e7b411931078ceba6c456,12931759,m12-1-7,64,hierarchical_12,dense,uniform,Float64,false,20000,4,4,26046404,64,0,2,64,752,164,4.585365853658536,4.0,8.0,8.0,8.0,8,0.13831200420623618,0.943613,0.93125,0.02615500000000015
026.2,6a68c4dc5d9beb34e2a7b38a815d980e1e8906509a9e7b411931078ceba6c456,12931759,m12-1-7,64,hierarchical_12,dense,uniform,Float64,false,20000,4,4,26046404,64,0,3,512,160192,1740,92.06436781609196,80.0,180.0,210.0,240.0,256,0.6163539428022559,23.2495605,23.143236,0.19705824999999777
026.2,6a68c4dc5d9beb34e2a7b38a815d980e1e8906509a9e7b411931078ceba6c456,12931759,m12-1-7,64,hierarchical_12,dense,uniform,Float64,false,20000,4,4,26046404,64,0,4,4064,2833436,1740,1628.4114942528736,1702.0,2603.0,2694.0,2872.0,3026,-0.1263653407861251,545.2753555,535.464051,9.538542000000007
026.2,6a68c4dc5d9beb34e2a7b38a815d980e1e8906509a9e7b411931078ceba6c456,12931759,m12-1-7,64,hierarchical_12,dense,uniform,Float64,false,20000,4,4,26046404,8,0,2,64,752,164,4.585365853658536,4.0,8.0,8.0,8.0,8,0.13831200420623618,2.99097,2.955053,0.0477287500000001
026.2,6a68c4dc5d9beb34e2a7b38a815d980e1e8906509a9e7b411931078ceba6c456,12931759,m12-1-7,64,hierarchical_12,dense,uniform,Float64,false,20000,4,4,26046404,8,0,3,512,160192,1740,92.06436781609196,80.0,180.0,210.0,240.0,256,0.6163539428022559,25.291823,25.114174,0.24248825000000096
026.2,6a68c4dc5d9beb34e2a7b38a815d980e1e8906509a9e7b411931078ceba6c456,12931759,m12-1-7,64,hierarchical_12,dense,uniform,Float64,false,20000,4,4,26046404,8,0,4,4064,2833436,1740,1628.4114942528736,1702.0,2603.0,2694.0,2872.0,3026,-0.1263653407861251,505.03851599999996,503.526444,1.597251999999969
026.2,6a68c4dc5d9beb34e2a7b38a815d980e1e8906509a9e7b411931078ceba6c456,12931759,m12-1-7,64,hierarchical_12,factored,uniform,Float64,false,20000,4,4,26046404,128,0,2,64,752,164,4.585365853658536,4.0,8.0,8.0,8.0,8,0.13831200420623618,3.7677199999999997,3.747562,0.022932999999999648
026.2,6a68c4dc5d9beb34e2a7b38a815d980e1e8906509a9e7b411931078ceba6c456,12931759,m12-1-7,64,hierarchical_12,factored,uniform,Float64,false,20000,4,4,26046404,128,0,3,512,160192,1740,92.06436781609196,80.0,180.0,210.0,240.0,256,0.6163539428022559,703.1874765,700.340523,2.2900180000001455
026.2,6a68c4dc5d9beb34e2a7b38a815d980e1e8906509a9e7b411931078ceba6c456,12931759,m12-1-7,64,hierarchical_12,factored,uniform,Float64,false,20000,4,4,26046404,128,0,4,4064,2833436,1740,1628.4114942528736,1702.0,2603.0,2694.0,2872.0,3026,-0.1263653407861251,12573.4371045,12541.744806,44.20163225000033
026.2,6a68c4dc5d9beb34e2a7b38a815d980e1e8906509a9e7b411931078ceba6c456,12931759,m12-1-7,64,hierarchical_12,factored,uniform,Float64,false,20000,4,4,26046404,16,0,2,64,752,164,4.585365853658536,4.0,8.0,8.0,8.0,8,0.13831200420623618,3.7934425,3.764523,0.05146525000000013
026.2,6a68c4dc5d9beb34e2a7b38a815d980e1e8906509a9e7b411931078ceba6c456,12931759,m12-1-7,64,hierarchical_12,factored,uniform,Float64,false,20000,4,4,26046404,16,0,3,512,160192,1740,92.06436781609196,80.0,180.0,210.0,240.0,256,0.6163539428022559,699.208903,698.883832,0.48129225000002407
026.2,6a68c4dc5d9beb34e2a7b38a815d980e1e8906509a9e7b411931078ceba6c456,12931759,m12-1-7,64,hierarchical_12,factored,uniform,Float64,false,20000,4,4,26046404,16,0,4,4064,2833436,1740,1628.4114942528736,1702.0,2603.0,2694.0,2872.0,3026,-0.1263653407861251,12493.4008255,12484.434183,21.177646250002
026.2,6a68c4dc5d9beb34e2a7b38a815d980e1e8906509a9e7b411931078ceba6c456,12931759,m12-1-7,64,hierarchical_12,factored,uniform,Float64,false,20000,4,4,26046404,1,0,2,64,752,164,4.585365853658536,4.0,8.0,8.0,8.0,8,0.13831200420623618,3.956264,3.923864,0.03866774999999967
026.2,6a68c4dc5d9beb34e2a7b38a815d980e1e8906509a9e7b411931078ceba6c456,12931759,m12-1-7,64,hierarchical_12,factored,uniform,Float64,false,20000,4,4,26046404,1,0,3,512,160192,1740,92.06436781609196,80.0,180.0,210.0,240.0,256,0.6163539428022559,704.3560285000001,704.09049,0.790252750000036
026.2,6a68c4dc5d9beb34e2a7b38a815d980e1e8906509a9e7b411931078ceba6c456,12931759,m12-1-7,64,hierarchical_12,factored,uniform,Float64,false,20000,4,4,26046404,1,0,4,4064,2833436,1740,1628.4114942528736,1702.0,2603.0,2694.0,2872.0,3026,-0.1263653407861251,12419.5838205,12417.981624,3.703280249997988
026.2,6a68c4dc5d9beb34e2a7b38a815d980e1e8906509a9e7b411931078ceba6c456,12931759,m12-1-7,64,hierarchical_12,factored,uniform,Float64,false,20000,4,4,26046404,2,0,2,64,752,164,4.585365853658536,4.0,8.0,8.0,8.0,8,0.13831200420623618,3.9363625,3.896883,0.08080525000000094
026.2,6a68c4dc5d9beb34e2a7b38a815d980e1e8906509a9e7b411931078ceba6c456,12931759,m12-1-7,64,hierarchical_12,factored,uniform,Float64,false,20000,4,4,26046404,2,0,3,512,160192,1740,92.06436781609196,80.0,180.0,210.0,240.0,256,0.6163539428022559,706.2436185,705.25208,0.7584442499999113
026.2,6a68c4dc5d9beb34e2a7b38a815d980e1e8906509a9e7b411931078ceba6c456,12931759,m12-1-7,64,hierarchical_12,factored,uniform,Float64,false,20000,4,4,26046404,2,0,4,4064,2833436,1740,1628.4114942528736,1702.0,2603.0,2694.0,2872.0,3026,-0.1263653407861251,12441.3005975,12431.22725,6.063705750002555
026.2,6a68c4dc5d9beb34e2a7b38a815d980e1e8906509a9e7b411931078ceba6c456,12931759,m12-1-7,64,hierarchical_12,factored,uniform,Float64,false,20000,4,4,26046404,32,0,2,64,752,164,4.585365853658536,4.0,8.0,8.0,8.0,8,0.13831200420623618,3.7829785,3.760716,0.03910150000000012
026.2,6a68c4dc5d9beb34e2a7b38a815d980e1e8906509a9e7b411931078ceba6c456,12931759,m12-1-7,64,hierarchical_12,factored,uniform,Float64,false,20000,4,4,26046404,32,0,3,512,160192,1740,92.06436781609196,80.0,180.0,210.0,240.0,256,0.6163539428022559,700.8678870000001,700.347068,0.5762952500000438
026.2,6a68c4dc5d9beb34e2a7b38a815d980e1e8906509a9e7b411931078ceba6c456,12931759,m12-1-7,64,hierarchical_12,factored,uniform,Float64,false,20000,4,4,26046404,32,0,4,4064,2833436,1740,1628.4114942528736,1702.0,2603.0,2694.0,2872.0,3026,-0.1263653407861251,12610.6937765,12596.246175,19.13761374999922
026.2,6a68c4dc5d9beb34e2a7b38a815d980e1e8906509a9e7b411931078ceba6c456,12931759,m12-1-7,64,hierarchical_12,factored,uniform,Float64,false,20000,4,4,26046404,4,0,2,64,752,164,4.585365853658536,4.0,8.0,8.0,8.0,8,0.13831200420623618,3.868755,3.835287,0.06846749999999968
026.2,6a68c4dc5d9beb34e2a7b38a815d980e1e8906509a9e7b411931078ceba6c456,12931759,m12-1-7,64,hierarchical_12,factored,uniform,Float64,false,20000,4,4,26046404,4,0,3,512,160192,1740,92.06436781609196,80.0,180.0,210.0,240.0,256,0.6163539428022559,703.2875675,702.798313,0.3307999999999538
026.2,6a68c4dc5d9beb34e2a7b38a815d980e1e8906509a9e7b411931078ceba6c456,12931759,m12-1-7,64,hierarchical_12,factored,uniform,Float64,false,20000,4,4,26046404,4,0,4,4064,2833436,1740,1628.4114942528736,1702.0,2603.0,2694.0,2872.0,3026,-0.1263653407861251,12408.926287,12405.568763,7.239442250001957
026.2,6a68c4dc5d9beb34e2a7b38a815d980e1e8906509a9e7b411931078ceba6c456,12931759,m12-1-7,64,hierarchical_12,factored,uniform,Float64,false,20000,4,4,26046404,64,0,2,64,752,164,4.585365853658536,4.0,8.0,8.0,8.0,8,0.13831200420623618,3.770931,3.763983,0.009653000000000134
026.2,6a68c4dc5d9beb34e2a7b38a815d980e1e8906509a9e7b411931078ceba6c456,12931759,m12-1-7,64,hierarchical_12,factored,uniform,Float64,false,20000,4,4,26046404,64,0,3,512,160192,1740,92.06436781609196,80.0,180.0,210.0,240.0,256,0.6163539428022559,699.6484975,699.479529,0.38442925000003925
026.2,6a68c4dc5d9beb34e2a7b38a815d980e1e8906509a9e7b411931078ceba6c456,12931759,m12-1-7,64,hierarchical_12,factored,uniform,Float64,false,20000,4,4,26046404,64,0,4,4064,2833436,1740,1628.4114942528736,1702.0,2603.0,2694.0,2872.0,3026,-0.1263653407861251,12602.591911,12588.24524,27.973223249997318
026.2,6a68c4dc5d9beb34e2a7b38a815d980e1e8906509a9e7b411931078ceba6c456,12931759,m12-1-7,64,hierarchical_12,factored,uniform,Float64,false,20000,4,4,26046404,8,0,2,64,752,164,4.585365853658536,4.0,8.0,8.0,8.0,8,0.13831200420623618,3.8429415,3.797316,0.035900749999999704
026.2,6a68c4dc5d9beb34e2a7b38a815d980e1e8906509a9e7b411931078ceba6c456,12931759,m12-1-7,64,hierarchical_12,factored,uniform,Float64,false,20000,4,4,26046404,8,0,3,512,160192,1740,92.06436781609196,80.0,180.0,210.0,240.0,256,0.6163539428022559,699.440119,699.368209,0.21586424999998144
026.2,6a68c4dc5d9beb34e2a7b38a815d980e1e8906509a9e7b411931078ceba6c456,12931759,m12-1-7,64,hierarchical_12,factored,uniform,Float64,false,20000,4,4,26046404,8,0,4,4064,2833436,1740,1628.4114942528736,1702.0,2603.0,2694.0,2872.0,3026,-0.1263653407861251,12413.1693605,12409.799679,7.077533499999845
026.2,6a68c4dc5d9beb34e2a7b38a815d980e1e8906509a9e7b411931078ceba6c456,12931759,m12-1-7,64,hierarchical_12,precomputed_y,uniform,Float64,false,20000,4,4,26046404,128,0,2,64,752,164,4.585365853658536,4.0,8.0,8.0,8.0,8,0.13831200420623618,3.803923,3.783159,0.02178575000000027
026.2,6a68c4dc5d9beb34e2a7b38a815d980e1e8906509a9e7b411931078ceba6c456,12931759,m12-1-7,64,hierarchical_12,precomputed_y,uniform,Float64,false,20000,4,4,26046404,128,0,3,512,160192,1740,92.06436781609196,80.0,180.0,210.0,240.0,256,0.6163539428022559,708.231213,704.944162,3.041475500000047
026.2,6a68c4dc5d9beb34e2a7b38a815d980e1e8906509a9e7b411931078ceba6c456,12931759,m12-1-7,64,hierarchical_12,precomputed_y,uniform,Float64,false,20000,4,4,26046404,128,0,4,4064,2833436,1740,1628.4114942528736,1702.0,2603.0,2694.0,2872.0,3026,-0.1263653407861251,12676.575754,12635.727124,45.53859825000109
026.2,6a68c4dc5d9beb34e2a7b38a815d980e1e8906509a9e7b411931078ceba6c456,12931759,m12-1-7,64,hierarchical_12,precomputed_y,uniform,Float64,false,20000,4,4,26046404,16,0,2,64,752,164,4.585365853658536,4.0,8.0,8.0,8.0,8,0.13831200420623618,3.811903,3.798578,0.012738999999999834
026.2,6a68c4dc5d9beb34e2a7b38a815d980e1e8906509a9e7b411931078ceba6c456,12931759,m12-1-7,64,hierarchical_12,precomputed_y,uniform,Float64,false,20000,4,4,26046404,16,0,3,512,160192,1740,92.06436781609196,80.0,180.0,210.0,240.0,256,0.6163539428022559,699.618605,699.464345,0.7254140000001144
026.2,6a68c4dc5d9beb34e2a7b38a815d980e1e8906509a9e7b411931078ceba6c456,12931759,m12-1-7,64,hierarchical_12,precomputed_y,uniform,Float64,false,20000,4,4,26046404,16,0,4,4064,2833436,1740,1628.4114942528736,1702.0,2603.0,2694.0,2872.0,3026,-0.1263653407861251,12494.3948285,12483.951718,23.994951749999018
026.2,6a68c4dc5d9beb34e2a7b38a815d980e1e8906509a9e7b411931078ceba6c456,12931759,m12-1-7,64,hierarchical_12,precomputed_y,uniform,Float64,false,20000,4,4,26046404,1,0,2,64,752,164,4.585365853658536,4.0,8.0,8.0,8.0,8,0.13831200420623618,3.9838459999999998,3.944212,0.06397025000000012
026.2,6a68c4dc5d9beb34e2a7b38a815d980e1e8906509a9e7b411931078ceba6c456,12931759,m12-1-7,64,hierarchical_12,precomputed_y,uniform,Float64,false,20000,4,4,26046404,1,0,3,512,160192,1740,92.06436781609196,80.0,180.0,210.0,240.0,256,0.6163539428022559,701.668021,700.790833,1.4833150000000614
026.2,6a68c4dc5d9beb34e2a7b38a815d980e1e8906509a9e7b411931078ceba6c456,12931759,m12-1-7,64,hierarchical_12,precomputed_y,uniform,Float64,false,20000,4,4,26046404,1,0,4,4064,2833436,1740,1628.4114942528736,1702.0,2603.0,2694.0,2872.0,3026,-0.1263653407861251,12357.3256185,12348.591211,13.06265225000061
026.2,6a68c4dc5d9beb34e2a7b38a815d980e1e8906509a9e7b411931078ceba6c456,12931759,m12-1-7,64,hierarchical_12,precomputed_y,uniform,Float64,false,20000,4,4,26046404,2,0,2,64,752,164,4.585365853658536,4.0,8.0,8.0,8.0,8,0.13831200420623618,3.9064105,3.876434,0.03167125000000004
026.2,6a68c4dc5d9beb34e2a7b38a815d980e1e8906509a9e7b411931078ceba6c456,12931759,m12-1-7,64,hierarchical_12,precomputed_y,uniform,Float64,false,20000,4,4,26046404,2,0,3,512,160192,1740,92.06436781609196,80.0,180.0,210.0,240.0,256,0.6163539428022559,701.6421975000001,699.270048,1.7336592500000734
026.2,6a68c4dc5d9beb34e2a7b38a815d980e1e8906509a9e7b411931078ceba6c456,12931759,m12-1-7,64,hierarchical_12,precomputed_y,uniform,Float64,false,20000,4,4,26046404,2,0,4,4064,2833436,1740,1628.4114942528736,1702.0,2603.0,2694.0,2872.0,3026,-0.1263653407861251,12370.745706,12354.548686,6.239710750000086
026.2,6a68c4dc5d9beb34e2a7b38a815d980e1e8906509a9e7b411931078ceba6c456,12931759,m12-1-7,64,hierarchical_12,precomputed_y,uniform,Float64,false,20000,4,4,26046404,32,0,2,64,752,164,4.585365853658536,4.0,8.0,8.0,8.0,8,0.13831200420623618,3.779768,3.759254,0.0333874999999999
026.2,6a68c4dc5d9beb34e2a7b38a815d980e1e8906509a9e7b411931078ceba6c456,12931759,m12-1-7,64,hierarchical_12,precomputed_y,uniform,Float64,false,20000,4,4,26046404,32,0,3,512,160192,1740,92.06436781609196,80.0,180.0,210.0,240.0,256,0.6163539428022559,701.5681365,701.113211,0.5184585000000652
026.2,6a68c4dc5d9beb34e2a7b38a815d980e1e8906509a9e7b411931078ceba6c456,12931759,m12-1-7,64,hierarchical_12,precomputed_y,uniform,Float64,false,20000,4,4,26046404,32,0,4,4064,2833436,1740,1628.4114942528736,1702.0,2603.0,2694.0,2872.0,3026,-0.1263653407861251,12640.523952,12559.588611,70.38872249999804
026.2,6a68c4dc5d9beb34e2a7b38a815d980e1e8906509a9e7b411931078ceba6c456,12931759,m12-1-7,64,hierarchical_12,precomputed_y,uniform,Float64,false,20000,4,4,26046404,4,0,2,64,752,164,4.585365853658536,4.0,8.0,8.0,8.0,8,0.13831200420623618,3.861055,3.823746,0.015148250000000196
026.2,6a68c4dc5d9beb34e2a7b38a815d980e1e8906509a9e7b411931078ceba6c456,12931759,m12-1-7,64,hierarchical_12,precomputed_y,uniform,Float64,false,20000,4,4,26046404,4,0,3,512,160192,1740,92.06436781609196,80.0,180.0,210.0,240.0,256,0.6163539428022559,699.8723275,699.184373,1.23720974999992
026.2,6a68c4dc5d9beb34e2a7b38a815d980e1e8906509a9e7b411931078ceba6c456,12931759,m12-1-7,64,hierarchical_12,precomputed_y,uniform,Float64,false,20000,4,4,26046404,4,0,4,4064,2833436,1740,1628.4114942528736,1702.0,2603.0,2694.0,2872.0,3026,-0.1263653407861251,12377.236964,12368.207536,9.517500500001915
026.2,6a68c4dc5d9beb34e2a7b38a815d980e1e8906509a9e7b411931078ceba6c456,12931759,m12-1-7,64,hierarchical_12,precomputed_y,uniform,Float64,false,20000,4,4,26046404,64,0,2,64,752,164,4.585365853658536,4.0,8.0,8.0,8.0,8,0.13831200420623618,3.787377,3.758162,0.05380874999999952
026.2,6a68c4dc5d9beb34e2a7b38a815d980e1e8906509a9e7b411931078ceba6c456,12931759,m12-1-7,64,hierarchical_12,precomputed_y,uniform,Float64,false,20000,4,4,26046404,64,0,3,512,160192,1740,92.06436781609196,80.0,180.0,210.0,240.0,256,0.6163539428022559,705.7713564999999,705.713659,0.10170549999998002
026.2,6a68c4dc5d9beb34e2a7b38a815d980e1e8906509a9e7b411931078ceba6c456,12931759,m12-1-7,64,hierarchical_12,precomputed_y,uniform,Float64,false,20000,4,4,26046404,64,0,4,4064,2833436,1740,1628.4114942528736,1702.0,2603.0,2694.0,2872.0,3026,-0.1263653407861251,12646.5241855,12621.92805,37.93108349999966
026.2,6a68c4dc5d9beb34e2a7b38a815d980e1e8906509a9e7b411931078ceba6c456,12931759,m12-1-7,64,hierarchical_12,precomputed_y,uniform,Float64,false,20000,4,4,26046404,8,0,2,64,752,164,4.585365853658536,4.0,8.0,8.0,8.0,8,0.13831200420623618,3.8383725,3.796063,0.024721500000000063
026.2,6a68c4dc5d9beb34e2a7b38a815d980e1e8906509a9e7b411931078ceba6c456,12931759,m12-1-7,64,hierarchical_12,precomputed_y,uniform,Float64,false,20000,4,4,26046404,8,0,3,512,160192,1740,92.06436781609196,80.0,180.0,210.0,240.0,256,0.6163539428022559,701.2860415,700.751037,0.30880899999999656
026.2,6a68c4dc5d9beb34e2a7b38a815d980e1e8906509a9e7b411931078ceba6c456,12931759,m12-1-7,64,hierarchical_12,precomputed_y,uniform,Float64,false,20000,4,4,26046404,8,0,4,4064,2833436,1740,1628.4114942528736,1702.0,2603.0,2694.0,2872.0,3026,-0.1263653407861251,12453.1080835,12432.969167,21.560993999997663
026.2,6a68c4dc5d9beb34e2a7b38a815d980e1e8906509a9e7b411931078ceba6c456,12931759,m12-1-7,64,hierarchical_3,concat,uniform,Float64,false,20000,4,4,26046404,128,0,2,64,3096,316,9.79746835443038,8.0,18.0,24.0,32.0,32,1.0845695227111591,13.749452,13.733828,0.04036100000000076
026.2,6a68c4dc5d9beb34e2a7b38a815d980e1e8906509a9e7b411931078ceba6c456,12931759,m12-1-7,64,hierarchical_3,concat,uniform,Float64,false,20000,4,4,26046404,128,0,3,512,53352,316,168.83544303797467,144.0,294.0,336.0,384.0,384,0.5696777882076421,236.5667215,236.337125,0.765974749999998
026.2,6a68c4dc5d9beb34e2a7b38a815d980e1e8906509a9e7b411931078ceba6c456,12931759,m12-1-7,64,hierarchical_3,concat,uniform,Float64,false,20000,4,4,26046404,128,0,4,4064,575962,316,1822.6645569620252,1545.0,3112.5,3314.0,3531.55,3532,0.4225376082963476,2573.0867785,2569.321793,6.042713000000276
026.2,6a68c4dc5d9beb34e2a7b38a815d980e1e8906509a9e7b411931078ceba6c456,12931759,m12-1-7,64,hierarchical_3,concat,uniform,Float64,false,20000,4,4,26046404,16,0,2,64,3096,316,9.79746835443038,8.0,18.0,24.0,32.0,32,1.0845695227111591,13.730903000000001,13.713309,0.007800249999998954
026.2,6a68c4dc5d9beb34e2a7b38a815d980e1e8906509a9e7b411931078ceba6c456,12931759,m12-1-7,64,hierarchical_3,concat,uniform,Float64,false,20000,4,4,26046404,16,0,3,512,53352,316,168.83544303797467,144.0,294.0,336.0,384.0,384,0.5696777882076421,234.1288435,234.054343,0.17367874999999344
026.2,6a68c4dc5d9beb34e2a7b38a815d980e1e8906509a9e7b411931078ceba6c456,12931759,m12-1-7,64,hierarchical_3,concat,uniform,Float64,false,20000,4,4,26046404,16,0,4,4064,575962,316,1822.6645569620252,1545.0,3112.5,3314.0,3531.55,3532,0.4225376082963476,2566.8561525,2557.727267,13.449550999999701
026.2,6a68c4dc5d9beb34e2a7b38a815d980e1e8906509a9e7b411931078ceba6c456,12931759,m12-1-7,64,hierarchical_3,concat,uniform,Float64,false,20000,4,4,26046404,1,0,2,64,3096,316,9.79746835443038,8.0,18.0,24.0,32.0,32,1.0845695227111591,13.8894425,13.873668,0.05461449999999779
026.2,6a68c4dc5d9beb34e2a7b38a815d980e1e8906509a9e7b411931078ceba6c456,12931759,m12-1-7,64,hierarchical_3,concat,uniform,Float64,false,20000,4,4,26046404,1,0,3,512,53352,316,168.83544303797467,144.0,294.0,336.0,384.0,384,0.5696777882076421,234.659084,234.47564,0.9201417499999991
026.2,6a68c4dc5d9beb34e2a7b38a815d980e1e8906509a9e7b411931078ceba6c456,12931759,m12-1-7,64,hierarchical_3,concat,uniform,Float64,false,20000,4,4,26046404,1,0,4,4064,575962,316,1822.6645569620252,1545.0,3112.5,3314.0,3531.55,3532,0.4225376082963476,2526.9618055,2524.398584,0.9569980000001124
026.2,6a68c4dc5d9beb34e2a7b38a815d980e1e8906509a9e7b411931078ceba6c456,12931759,m12-1-7,64,hierarchical_3,concat,uniform,Float64,false,20000,4,4,26046404,2,0,2,64,3096,316,9.79746835443038,8.0,18.0,24.0,32.0,32,1.0845695227111591,13.8045485,13.801964,0.012034749999997985
026.2,6a68c4dc5d9beb34e2a7b38a815d980e1e8906509a9e7b411931078ceba6c456,12931759,m12-1-7,64,hierarchical_3,concat,uniform,Float64,false,20000,4,4,26046404,2,0,3,512,53352,316,168.83544303797467,144.0,294.0,336.0,384.0,384,0.5696777882076421,234.852167,234.522878,0.370007749999985
026.2,6a68c4dc5d9beb34e2a7b38a815d980e1e8906509a9e7b411931078ceba6c456,12931759,m12-1-7,64,hierarchical_3,concat,uniform,Float64,false,20000,4,4,26046404,2,0,4,4064,575962,316,1822.6645569620252,1545.0,3112.5,3314.0,3531.55,3532,0.4225376082963476,2537.0048355,2536.320051,2.09661025000014
026.2,6a68c4dc5d9beb34e2a7b38a815d980e1e8906509a9e7b411931078ceba6c456,12931759,m12-1-7,64,hierarchical_3,concat,uniform,Float64,false,20000,4,4,26046404,32,0,2,64,3096,316,9.79746835443038,8.0,18.0,24.0,32.0,32,1.0845695227111591,13.7360975,13.722537,0.0176684999999992
026.2,6a68c4dc5d9beb34e2a7b38a815d980e1e8906509a9e7b411931078ceba6c456,12931759,m12-1-7,64,hierarchical_3,concat,uniform,Float64,false,20000,4,4,26046404,32,0,3,512,53352,316,168.83544303797467,144.0,294.0,336.0,384.0,384,0.5696777882076421,234.55807850000002,234.246843,0.47590174999999135
026.2,6a68c4dc5d9beb34e2a7b38a815d980e1e8906509a9e7b411931078ceba6c456,12931759,m12-1-7,64,hierarchical_3,concat,uniform,Float64,false,20000,4,4,26046404,32,0,4,4064,575962,316,1822.6645569620252,1545.0,3112.5,3314.0,3531.55,3532,0.4225376082963476,2572.955965,2561.917352,7.206175750000057
026.2,6a68c4dc5d9beb34e2a7b38a815d980e1e8906509a9e7b411931078ceba6c456,12931759,m12-1-7,64,hierarchical_3,concat,uniform,Float64,false,20000,4,4,26046404,4,0,2,64,3096,316,9.79746835443038,8.0,18.0,24.0,32.0,32,1.0845695227111591,13.73347,13.7095,0.027203750000001747
026.2,6a68c4dc5d9beb34e2a7b38a815d980e1e8906509a9e7b411931078ceba6c456,12931759,m12-1-7,64,hierarchical_3,concat,uniform,Float64,false,20000,4,4,26046404,4,0,3,512,53352,316,168.83544303797467,144.0,294.0,336.0,384.0,384,0.5696777882076421,233.988068,233.824486,0.2175215000000037
026.2,6a68c4dc5d9beb34e2a7b38a815d980e1e8906509a9e7b411931078ceba6c456,12931759,m12-1-7,64,hierarchical_3,concat,uniform,Float64,false,20000,4,4,26046404,4,0,4,4064,575962,316,1822.6645569620252,1545.0,3112.5,3314.0,3531.55,3532,0.4225376082963476,2532.7173519999997,2529.584736,2.5464425000004667
026.2,6a68c4dc5d9beb34e2a7b38a815d980e1e8906509a9e7b411931078ceba6c456,12931759,m12-1-7,64,hierarchical_3,concat,uniform,Float64,false,20000,4,4,26046404,64,0,2,64,3096,316,9.79746835443038,8.0,18.0,24.0,32.0,32,1.0845695227111591,13.797693,13.703721,0.18192699999999995
026.2,6a68c4dc5d9beb34e2a7b38a815d980e1e8906509a9e7b411931078ceba6c456,12931759,m12-1-7,64,hierarchical_3,concat,uniform,Float64,false,20000,4,4,26046404,64,0,3,512,53352,316,168.83544303797467,144.0,294.0,336.0,384.0,384,0.5696777882076421,234.8494555,234.172253,2.6984932500000127
026.2,6a68c4dc5d9beb34e2a7b38a815d980e1e8906509a9e7b411931078ceba6c456,12931759,m12-1-7,64,hierarchical_3,concat,uniform,Float64,false,20000,4,4,26046404,64,0,4,4064,575962,316,1822.6645569620252,1545.0,3112.5,3314.0,3531.55,3532,0.4225376082963476,2573.564749,2567.029749,14.479715000000397
026.2,6a68c4dc5d9beb34e2a7b38a815d980e1e8906509a9e7b411931078ceba6c456,12931759,m12-1-7,64,hierarchical_3,concat,uniform,Float64,false,20000,4,4,26046404,8,0,2,64,3096,316,9.79746835443038,8.0,18.0,24.0,32.0,32,1.0845695227111591,13.825389,13.79918,0.022788000000000252
026.2,6a68c4dc5d9beb34e2a7b38a815d980e1e8906509a9e7b411931078ceba6c456,12931759,m12-1-7,64,hierarchical_3,concat,uniform,Float64,false,20000,4,4,26046404,8,0,3,512,53352,316,168.83544303797467,144.0,294.0,336.0,384.0,384,0.5696777882076421,234.7955255,234.679733,0.26199750000000677
026.2,6a68c4dc5d9beb34e2a7b38a815d980e1e8906509a9e7b411931078ceba6c456,12931759,m12-1-7,64,hierarchical_3,concat,uniform,Float64,false,20000,4,4,26046404,8,0,4,4064,575962,316,1822.6645569620252,1545.0,3112.5,3314.0,3531.55,3532,0.4225376082963476,2559.8391755000002,2553.824303,9.21031400000038
026.2,6a68c4dc5d9beb34e2a7b38a815d980e1e8906509a9e7b411931078ceba6c456,12931759,m12-1-7,64,hierarchical_3,dense,uniform,Float64,false,20000,4,4,26046404,128,0,2,64,3096,316,9.79746835443038,8.0,18.0,24.0,32.0,32,1.0845695227111591,0.7008775,0.684887,0.04432275000000008
026.2,6a68c4dc5d9beb34e2a7b38a815d980e1e8906509a9e7b411931078ceba6c456,12931759,m12-1-7,64,hierarchical_3,dense,uniform,Float64,false,20000,4,4,26046404,128,0,3,512,53352,316,168.83544303797467,144.0,294.0,336.0,384.0,384,0.5696777882076421,6.8434705000000005,6.787005,0.1580167500000007
026.2,6a68c4dc5d9beb34e2a7b38a815d980e1e8906509a9e7b411931078ceba6c456,12931759,m12-1-7,64,hierarchical_3,dense,uniform,Float64,false,20000,4,4,26046404,128,0,4,4064,575962,316,1822.6645569620252,1545.0,3112.5,3314.0,3531.55,3532,0.4225376082963476,113.611595,113.110314,0.38942924999997786
026.2,6a68c4dc5d9beb34e2a7b38a815d980e1e8906509a9e7b411931078ceba6c456,12931759,m12-1-7,64,hierarchical_3,dense,uniform,Float64,false,20000,4,4,26046404,16,0,2,64,3096,316,9.79746835443038,8.0,18.0,24.0,32.0,32,1.0845695227111591,0.764687,0.704985,0.08051900000000012
026.2,6a68c4dc5d9beb34e2a7b38a815d980e1e8906509a9e7b411931078ceba6c456,12931759,m12-1-7,64,hierarchical_3,dense,uniform,Float64,false,20000,4,4,26046404,16,0,3,512,53352,316,168.83544303797467,144.0,294.0,336.0,384.0,384,0.5696777882076421,6.9473005,6.89109,0.059418749999998965
026.2,6a68c4dc5d9beb34e2a7b38a815d980e1e8906509a9e7b411931078ceba6c456,12931759,m12-1-7,64,hierarchical_3,dense,uniform,Float64,false,20000,4,4,26046404,16,0,4,4064,575962,316,1822.6645569620252,1545.0,3112.5,3314.0,3531.55,3532,0.4225376082963476,123.3054045,120.064158,4.450403749999992
026.2,6a68c4dc5d9beb34e2a7b38a815d980e1e8906509a9e7b411931078ceba6c456,12931759,m12-1-7,64,hierarchical_3,dense,uniform,Float64,false,20000,4,4,26046404,1,0,2,64,3096,316,9.79746835443038,8.0,18.0,24.0,32.0,32,1.0845695227111591,1.3221495,1.313739,0.04101275000000015
026.2,6a68c4dc5d9beb34e2a7b38a815d980e1e8906509a9e7b411931078ceba6c456,12931759,m12-1-7,64,hierarchical_3,dense,uniform,Float64,false,20000,4,4,26046404,1,0,3,512,53352,316,168.83544303797467,144.0,294.0,336.0,384.0,384,0.5696777882076421,7.522842,7.509773,0.013830999999999705
026.2,6a68c4dc5d9beb34e2a7b38a815d980e1e8906509a9e7b411931078ceba6c456,12931759,m12-1-7,64,hierarchical_3,dense,uniform,Float64,false,20000,4,4,26046404,1,0,4,4064,575962,316,1822.6645569620252,1545.0,3112.5,3314.0,3531.55,3532,0.4225376082963476,114.912372,113.987088,1.8861994999999894
026.2,6a68c4dc5d9beb34e2a7b38a815d980e1e8906509a9e7b411931078ceba6c456,12931759,m12-1-7,64,hierarchical_3,dense,uniform,Float64,false,20000,4,4,26046404,2,0,2,64,3096,316,9.79746835443038,8.0,18.0,24.0,32.0,32,1.0845695227111591,0.9970885,0.964632,0.07841500000000001
026.2,6a68c4dc5d9beb34e2a7b38a815d980e1e8906509a9e7b411931078ceba6c456,12931759,m12-1-7,64,hierarchical_3,dense,uniform,Float64,false,20000,4,4,26046404,2,0,3,512,53352,316,168.83544303797467,144.0,294.0,336.0,384.0,384,0.5696777882076421,7.1511135,7.134337,0.04836549999999917
026.2,6a68c4dc5d9beb34e2a7b38a815d980e1e8906509a9e7b411931078ceba6c456,12931759,m12-1-7,64,hierarchical_3,dense,uniform,Float64,false,20000,4,4,26046404,2,0,4,4064,575962,316,1822.6645569620252,1545.0,3112.5,3314.0,3531.55,3532,0.4225376082963476,118.8995545,118.188554,0.5106262500000014
026.2,6a68c4dc5d9beb34e2a7b38a815d980e1e8906509a9e7b411931078ceba6c456,12931759,m12-1-7,64,hierarchical_3,dense,uniform,Float64,false,20000,4,4,26046404,32,0,2,64,3096,316,9.79746835443038,8.0,18.0,24.0,32.0,32,1.0845695227111591,0.6777439999999999,0.651996,0.06075150000000007
026.2,6a68c4dc5d9beb34e2a7b38a815d980e1e8906509a9e7b411931078ceba6c456,12931759,m12-1-7,64,hierarchical_3,dense,uniform,Float64,false,20000,4,4,26046404,32,0,3,512,53352,316,168.83544303797467,144.0,294.0,336.0,384.0,384,0.5696777882076421,6.8047525,6.788698,0.039000500000000216
026.2,6a68c4dc5d9beb34e2a7b38a815d980e1e8906509a9e7b411931078ceba6c456,12931759,m12-1-7,64,hierarchical_3,dense,uniform,Float64,false,20000,4,4,26046404,32,0,4,4064,575962,316,1822.6645569620252,1545.0,3112.5,3314.0,3531.55,3532,0.4225376082963476,116.713682,114.523146,3.43316200000001
026.2,6a68c4dc5d9beb34e2a7b38a815d980e1e8906509a9e7b411931078ceba6c456,12931759,m12-1-7,64,hierarchical_3,dense,uniform,Float64,false,20000,4,4,26046404,4,0,2,64,3096,316,9.79746835443038,8.0,18.0,24.0,32.0,32,1.0845695227111591,0.810744,0.803039,0.045178249999999975
026.2,6a68c4dc5d9beb34e2a7b38a815d980e1e8906509a9e7b411931078ceba6c456,12931759,m12-1-7,64,hierarchical_3,dense,uniform,Float64,false,20000,4,4,26046404,4,0,3,512,53352,316,168.83544303797467,144.0,294.0,336.0,384.0,384,0.5696777882076421,6.9632155000000004,6.949039,0.018401250000000147
026.2,6a68c4dc5d9beb34e2a7b38a815d980e1e8906509a9e7b411931078ceba6c456,12931759,m12-1-7,64,hierarchical_3,dense,uniform,Float64,false,20000,4,4,26046404,4,0,4,4064,575962,316,1822.6645569620252,1545.0,3112.5,3314.0,3531.55,3532,0.4225376082963476,111.934566,110.344482,3.191570999999996
026.2,6a68c4dc5d9beb34e2a7b38a815d980e1e8906509a9e7b411931078ceba6c456,12931759,m12-1-7,64,hierarchical_3,dense,uniform,Float64,false,20000,4,4,26046404,64,0,2,64,3096,316,9.79746835443038,8.0,18.0,24.0,32.0,32,1.0845695227111591,0.7443690000000001,0.659199,0.12645200000000012
026.2,6a68c4dc5d9beb34e2a7b38a815d980e1e8906509a9e7b411931078ceba6c456,12931759,m12-1-7,64,hierarchical_3,dense,uniform,Float64,false,20000,4,4,26046404,64,0,3,512,53352,316,168.83544303797467,144.0,294.0,336.0,384.0,384,0.5696777882076421,6.908638,6.820397,0.13311299999999981
026.2,6a68c4dc5d9beb34e2a7b38a815d980e1e8906509a9e7b411931078ceba6c456,12931759,m12-1-7,64,hierarchical_3,dense,uniform,Float64,false,20000,4,4,26046404,64,0,4,4064,575962,316,1822.6645569620252,1545.0,3112.5,3314.0,3531.55,3532,0.4225376082963476,117.0747485,116.841586,0.5439800000000048
026.2,6a68c4dc5d9beb34e2a7b38a815d980e1e8906509a9e7b411931078ceba6c456,12931759,m12-1-7,64,hierarchical_3,dense,uniform,Float64,false,20000,4,4,26046404,8,0,2,64,3096,316,9.79746835443038,8.0,18.0,24.0,32.0,32,1.0845695227111591,0.714373,0.705195,0.04164849999999998
026.2,6a68c4dc5d9beb34e2a7b38a815d980e1e8906509a9e7b411931078ceba6c456,12931759,m12-1-7,64,hierarchical_3,dense,uniform,Float64,false,20000,4,4,26046404,8,0,3,512,53352,316,168.83544303797467,144.0,294.0,336.0,384.0,384,0.5696777882076421,6.87532,6.867555,0.011189250000001039
026.2,6a68c4dc5d9beb34e2a7b38a815d980e1e8906509a9e7b411931078ceba6c456,12931759,m12-1-7,64,hierarchical_3,dense,uniform,Float64,false,20000,4,4,26046404,8,0,4,4064,575962,316,1822.6645569620252,1545.0,3112.5,3314.0,3531.55,3532,0.4225376082963476,120.56083100000001,117.34093,1.6898582500000003
026.2,6a68c4dc5d9beb34e2a7b38a815d980e1e8906509a9e7b411931078ceba6c456,12931759,m12-1-7,64,hierarchical_3,factored,uniform,Float64,false,20000,4,4,26046404,128,0,2,64,3096,316,9.79746835443038,8.0,18.0,24.0,32.0,32,1.0845695227111591,13.7894515,13.773291,0.03694974999999978
026.2,6a68c4dc5d9beb34e2a7b38a815d980e1e8906509a9e7b411931078ceba6c456,12931759,m12-1-7,64,hierarchical_3,factored,uniform,Float64,false,20000,4,4,26046404,128,0,3,512,53352,316,168.83544303797467,144.0,294.0,336.0,384.0,384,0.5696777882076421,237.682975,237.010055,0.36163725000000113
026.2,6a68c4dc5d9beb34e2a7b38a815d980e1e8906509a9e7b411931078ceba6c456,12931759,m12-1-7,64,hierarchical_3,factored,uniform,Float64,false,20000,4,4,26046404,128,0,4,4064,575962,316,1822.6645569620252,1545.0,3112.5,3314.0,3531.55,3532,0.4225376082963476,2577.0500365,2574.342504,1.3201954999999543
026.2,6a68c4dc5d9beb34e2a7b38a815d980e1e8906509a9e7b411931078ceba6c456,12931759,m12-1-7,64,hierarchical_3,factored,uniform,Float64,false,20000,4,4,26046404,16,0,2,64,3096,316,9.79746835443038,8.0,18.0,24.0,32.0,32,1.0845695227111591,13.8683905,13.853082,0.004615999999998621
026.2,6a68c4dc5d9beb34e2a7b38a815d980e1e8906509a9e7b411931078ceba6c456,12931759,m12-1-7,64,hierarchical_3,factored,uniform,Float64,false,20000,4,4,26046404,16,0,3,512,53352,316,168.83544303797467,144.0,294.0,336.0,384.0,384,0.5696777882076421,235.0030305,234.692411,0.4186162500000137
026.2,6a68c4dc5d9beb34e2a7b38a815d980e1e8906509a9e7b411931078ceba6c456,12931759,m12-1-7,64,hierarchical_3,factored,uniform,Float64,false,20000,4,4,26046404,16,0,4,4064,575962,316,1822.6645569620252,1545.0,3112.5,3314.0,3531.55,3532,0.4225376082963476,2563.8566035,2559.768282,11.192872999999963
026.2,6a68c4dc5d9beb34e2a7b38a815d980e1e8906509a9e7b411931078ceba6c456,12931759,m12-1-7,64,hierarchical_3,factored,uniform,Float64,false,20000,4,4,26046404,1,0,2,64,3096,316,9.79746835443038,8.0,18.0,24.0,32.0,32,1.0845695227111591,13.871537,13.85164,0.01060600000000278
026.2,6a68c4dc5d9beb34e2a7b38a815d980e1e8906509a9e7b411931078ceba6c456,12931759,m12-1-7,64,hierarchical_3,factored,uniform,Float64,false,20000,4,4,26046404,1,0,3,512,53352,316,168.83544303797467,144.0,294.0,336.0,384.0,384,0.5696777882076421,234.7045175,234.397952,0.2763187499999731
026.2,6a68c4dc5d9beb34e2a7b38a815d980e1e8906509a9e7b411931078ceba6c456,12931759,m12-1-7,64,hierarchical_3,factored,uniform,Float64,false,20000,4,4,26046404,1,0,4,4064,575962,316,1822.6645569620252,1545.0,3112.5,3314.0,3531.55,3532,0.4225376082963476,2533.437699,2532.469775,2.530992999999853
026.2,6a68c4dc5d9beb34e2a7b38a815d980e1e8906509a9e7b411931078ceba6c456,12931759,m12-1-7,64,hierarchical_3,factored,uniform,Float64,false,20000,4,4,26046404,2,0,2,64,3096,316,9.79746835443038,8.0,18.0,24.0,32.0,32,1.0845695227111591,13.868686499999999,13.839357,0.025500250000000335
026.2,6a68c4dc5d9beb34e2a7b38a815d980e1e8906509a9e7b411931078ceba6c456,12931759,m12-1-7,64,hierarchical_3,factored,uniform,Float64,false,20000,4,4,26046404,2,0,3,512,53352,316,168.83544303797467,144.0,294.0,336.0,384.0,384,0.5696777882076421,235.1042005,234.937467,0.3155932500000347
026.2,6a68c4dc5d9beb34e2a7b38a815d980e1e8906509a9e7b411931078ceba6c456,12931759,m12-1-7,64,hierarchical_3,factored,uniform,Float64,false,20000,4,4,26046404,2,0,4,4064,575962,316,1822.6645569620252,1545.0,3112.5,3314.0,3531.55,3532,0.4225376082963476,2540.271617,2538.925007,1.8632562500001768
026.2,6a68c4dc5d9beb34e2a7b38a815d980e1e8906509a9e7b411931078ceba6c456,12931759,m12-1-7,64,hierarchical_3,factored,uniform,Float64,false,20000,4,4,26046404,32,0,2,64,3096,316,9.79746835443038,8.0,18.0,24.0,32.0,32,1.0845695227111591,13.7726495,13.759336,0.02314550000000004
026.2,6a68c4dc5d9beb34e2a7b38a815d980e1e8906509a9e7b411931078ceba6c456,12931759,m12-1-7,64,hierarchical_3,factored,uniform,Float64,false,20000,4,4,26046404,32,0,3,512,53352,316,168.83544303797467,144.0,294.0,336.0,384.0,384,0.5696777882076421,235.3605675,235.119764,0.17085600000001477
026.2,6a68c4dc5d9beb34e2a7b38a815d980e1e8906509a9e7b411931078ceba6c456,12931759,m12-1-7,64,hierarchical_3,factored,uniform,Float64,false,20000,4,4,26046404,32,0,4,4064,575962,316,1822.6645569620252,1545.0,3112.5,3314.0,3531.55,3532,0.4225376082963476,2581.408612,2576.968071,3.86414700000023
026.2,6a68c4dc5d9beb34e2a7b38a815d980e1e8906509a9e7b411931078ceba6c456,12931759,m12-1-7,64,hierarchical_3,factored,uniform,Float64,false,20000,4,4,26046404,4,0,2,64,3096,316,9.79746835443038,8.0,18.0,24.0,32.0,32,1.0845695227111591,13.759607,13.731093,0.020463749999999337
026.2,6a68c4dc5d9beb34e2a7b38a815d980e1e8906509a9e7b411931078ceba6c456,12931759,m12-1-7,64,hierarchical_3,factored,uniform,Float64,false,20000,4,4,26046404,4,0,3,512,53352,316,168.83544303797467,144.0,294.0,336.0,384.0,384,0.5696777882076421,234.407306,234.244304,0.22891249999997854
026.2,6a68c4dc5d9beb34e2a7b38a815d980e1e8906509a9e7b411931078ceba6c456,12931759,m12-1-7,64,hierarchical_3,factored,uniform,Float64,false,20000,4,4,26046404,4,0,4,4064,575962,316,1822.6645569620252,1545.0,3112.5,3314.0,3531.55,3532,0.4225376082963476,2533.558302,2527.583113,6.0133357499998965
026.2,6a68c4dc5d9beb34e2a7b38a815d980e1e8906509a9e7b411931078ceba6c456,12931759,m12-1-7,64,hierarchical_3,factored,uniform,Float64,false,20000,4,4,26046404,64,0,2,64,3096,316,9.79746835443038,8.0,18.0,24.0,32.0,32,1.0845695227111591,13.7553075,13.708389,0.01786850000000051
026.2,6a68c4dc5d9beb34e2a7b38a815d980e1e8906509a9e7b411931078ceba6c456,12931759,m12-1-7,64,hierarchical_3,factored,uniform,Float64,false,20000,4,4,26046404,64,0,3,512,53352,316,168.83544303797467,144.0,294.0,336.0,384.0,384,0.5696777882076421,235.0616195,234.518583,1.3404119999999864
026.2,6a68c4dc5d9beb34e2a7b38a815d980e1e8906509a9e7b411931078ceba6c456,12931759,m12-1-7,64,hierarchical_3,factored,uniform,Float64,false,20000,4,4,26046404,64,0,4,4064,575962,316,1822.6645569620252,1545.0,3112.5,3314.0,3531.55,3532,0.4225376082963476,2565.526643,2558.273749,5.66147275000003
026.2,6a68c4dc5d9beb34e2a7b38a815d980e1e8906509a9e7b411931078ceba6c456,12931759,m12-1-7,64,hierarchical_3,factored,uniform,Float64,false,20000,4,4,26046404,8,0,2,64,3096,316,9.79746835443038,8.0,18.0,24.0,32.0,32,1.0845695227111591,13.7359525,13.711646,0.01890800000000148
026.2,6a68c4dc5d9beb34e2a7b38a815d980e1e8906509a9e7b411931078ceba6c456,12931759,m12-1-7,64,hierarchical_3,factored,uniform,Float64,false,20000,4,4,26046404,8,0,3,512,53352,316,168.83544303797467,144.0,294.0,336.0,384.0,384,0.5696777882076421,234.245171,233.703568,1.2888465000000053
026.2,6a68c4dc5d9beb34e2a7b38a815d980e1e8906509a9e7b411931078ceba6c456,12931759,m12-1-7,64,hierarchical_3,factored,uniform,Float64,false,20000,4,4,26046404,8,0,4,4064,575962,316,1822.6645569620252,1545.0,3112.5,3314.0,3531.55,3532,0.4225376082963476,2538.691994,2536.268355,4.6258230000003095
026.2,6a68c4dc5d9beb34e2a7b38a815d980e1e8906509a9e7b411931078ceba6c456,12931759,m12-1-7,64,hierarchical_3,precomputed_y,uniform,Float64,false,20000,4,4,26046404,128,0,2,64,3096,316,9.79746835443038,8.0,18.0,24.0,32.0,32,1.0845695227111591,13.824775500000001,13.80887,0.046476999999999435
026.2,6a68c4dc5d9beb34e2a7b38a815d980e1e8906509a9e7b411931078ceba6c456,12931759,m12-1-7,64,hierarchical_3,precomputed_y,uniform,Float64,false,20000,4,4,26046404,128,0,3,512,53352,316,168.83544303797467,144.0,294.0,336.0,384.0,384,0.5696777882076421,237.48438249999998,237.028241,0.3888885000000073
026.2,6a68c4dc5d9beb34e2a7b38a815d980e1e8906509a9e7b411931078ceba6c456,12931759,m12-1-7,64,hierarchical_3,precomputed_y,uniform,Float64,false,20000,4,4,26046404,128,0,4,4064,575962,316,1822.6645569620252,1545.0,3112.5,3314.0,3531.55,3532,0.4225376082963476,2609.798418,2577.520565,26.78316100000029
026.2,6a68c4dc5d9beb34e2a7b38a815d980e1e8906509a9e7b411931078ceba6c456,12931759,m12-1-7,64,hierarchical_3,precomputed_y,uniform,Float64,false,20000,4,4,26046404,16,0,2,64,3096,316,9.79746835443038,8.0,18.0,24.0,32.0,32,1.0845695227111591,13.751296499999999,13.728308,0.03104350000000089
026.2,6a68c4dc5d9beb34e2a7b38a815d980e1e8906509a9e7b411931078ceba6c456,12931759,m12-1-7,64,hierarchical_3,precomputed_y,uniform,Float64,false,20000,4,4,26046404,16,0,3,512,53352,316,168.83544303797467,144.0,294.0,336.0,384.0,384,0.5696777882076421,234.3429805,234.200569,0.3071012499999881
026.2,6a68c4dc5d9beb34e2a7b38a815d980e1e8906509a9e7b411931078ceba6c456,12931759,m12-1-7,64,hierarchical_3,precomputed_y,uniform,Float64,false,20000,4,4,26046404,16,0,4,4064,575962,316,1822.6645569620252,1545.0,3112.5,3314.0,3531.55,3532,0.4225376082963476,2561.884097,2555.069732,7.374834249999822
026.2,6a68c4dc5d9beb34e2a7b38a815d980e1e8906509a9e7b411931078ceba6c456,12931759,m12-1-7,64,hierarchical_3,precomputed_y,uniform,Float64,false,20000,4,4,26046404,1,0,2,64,3096,316,9.79746835443038,8.0,18.0,24.0,32.0,32,1.0845695227111591,13.9068675,13.902324,0.02128199999999758
026.2,6a68c4dc5d9beb34e2a7b38a815d980e1e8906509a9e7b411931078ceba6c456,12931759,m12-1-7,64,hierarchical_3,precomputed_y,uniform,Float64,false,20000,4,4,26046404,1,0,3,512,53352,316,168.83544303797467,144.0,294.0,336.0,384.0,384,0.5696777882076421,234.58906100000002,234.10152,0.602835749999997
026.2,6a68c4dc5d9beb34e2a7b38a815d980e1e8906509a9e7b411931078ceba6c456,12931759,m12-1-7,64,hierarchical_3,precomputed_y,uniform,Float64,false,20000,4,4,26046404,1,0,4,4064,575962,316,1822.6645569620252,1545.0,3112.5,3314.0,3531.55,3532,0.4225376082963476,2525.993902,2523.508631,2.0700152499994147
026.2,6a68c4dc5d9beb34e2a7b38a815d980e1e8906509a9e7b411931078ceba6c456,12931759,m12-1-7,64,hierarchical_3,precomputed_y,uniform,Float64,false,20000,4,4,26046404,2,0,2,64,3096,316,9.79746835443038,8.0,18.0,24.0,32.0,32,1.0845695227111591,13.745900500000001,13.721766,0.021131750000000338
026.2,6a68c4dc5d9beb34e2a7b38a815d980e1e8906509a9e7b411931078ceba6c456,12931759,m12-1-7,64,hierarchical_3,precomputed_y,uniform,Float64,false,20000,4,4,26046404,2,0,3,512,53352,316,168.83544303797467,144.0,294.0,336.0,384.0,384,0.5696777882076421,233.281827,233.158201,0.07608525000003397
026.2,6a68c4dc5d9beb34e2a7b38a815d980e1e8906509a9e7b411931078ceba6c456,12931759,m12-1-7,64,hierarchical_3,precomputed_y,uniform,Float64,false,20000,4,4,26046404,2,0,4,4064,575962,316,1822.6645569620252,1545.0,3112.5,3314.0,3531.55,3532,0.4225376082963476,2520.2941604999996,2519.669447,0.944166000000223
026.2,6a68c4dc5d9beb34e2a7b38a815d980e1e8906509a9e7b411931078ceba6c456,12931759,m12-1-7,64,hierarchical_3,precomputed_y,uniform,Float64,false,20000,4,4,26046404,32,0,2,64,3096,316,9.79746835443038,8.0,18.0,24.0,32.0,32,1.0845695227111591,13.7301965,13.699936,0.021832250000000997
026.2,6a68c4dc5d9beb34e2a7b38a815d980e1e8906509a9e7b411931078ceba6c456,12931759,m12-1-7,64,hierarchical_3,precomputed_y,uniform,Float64,false,20000,4,4,26046404,32,0,3,512,53352,316,168.83544303797467,144.0,294.0,336.0,384.0,384,0.5696777882076421,234.0902565,233.993238,0.1372450000000356
026.2,6a68c4dc5d9beb34e2a7b38a815d980e1e8906509a9e7b411931078ceba6c456,12931759,m12-1-7,64,hierarchical_3,precomputed_y,uniform,Float64,false,20000,4,4,26046404,32,0,4,4064,575962,316,1822.6645569620252,1545.0,3112.5,3314.0,3531.55,3532,0.4225376082963476,2565.882967,2559.625173,3.015034750000268
026.2,6a68c4dc5d9beb34e2a7b38a815d980e1e8906509a9e7b411931078ceba6c456,12931759,m12-1-7,64,hierarchical_3,precomputed_y,uniform,Float64,false,20000,4,4,26046404,4,0,2,64,3096,316,9.79746835443038,8.0,18.0,24.0,32.0,32,1.0845695227111591,13.76942,13.741813,0.020784249999998394
026.2,6a68c4dc5d9beb34e2a7b38a815d980e1e8906509a9e7b411931078ceba6c456,12931759,m12-1-7,64,hierarchical_3,precomputed_y,uniform,Float64,false,20000,4,4,26046404,4,0,3,512,53352,316,168.83544303797467,144.0,294.0,336.0,384.0,384,0.5696777882076421,234.256489,234.111131,0.22227275000003033
026.2,6a68c4dc5d9beb34e2a7b38a815d980e1e8906509a9e7b411931078ceba6c456,12931759,m12-1-7,64,hierarchical_3,precomputed_y,uniform,Float64,false,20000,4,4,26046404,4,0,4,4064,575962,316,1822.6645569620252,1545.0,3112.5,3314.0,3531.55,3532,0.4225376082963476,2531.1754185,2530.053219,2.246100999999726
026.2,6a68c4dc5d9beb34e2a7b38a815d980e1e8906509a9e7b411931078ceba6c456,12931759,m12-1-7,64,hierarchical_3,precomputed_y,uniform,Float64,false,20000,4,4,26046404,64,0,2,64,3096,316,9.79746835443038,8.0,18.0,24.0,32.0,32,1.0845695227111591,13.7995875,13.787599,0.01522149999999911
026.2,6a68c4dc5d9beb34e2a7b38a815d980e1e8906509a9e7b411931078ceba6c456,12931759,m12-1-7,64,hierarchical_3,precomputed_y,uniform,Float64,false,20000,4,4,26046404,64,0,3,512,53352,316,168.83544303797467,144.0,294.0,336.0,384.0,384,0.5696777882076421,235.4024505,235.163005,0.1631605000000036
026.2,6a68c4dc5d9beb34e2a7b38a815d980e1e8906509a9e7b411931078ceba6c456,12931759,m12-1-7,64,hierarchical_3,precomputed_y,uniform,Float64,false,20000,4,4,26046404,64,0,4,4064,575962,316,1822.6645569620252,1545.0,3112.5,3314.0,3531.55,3532,0.4225376082963476,2575.548464,2567.913802,13.602785750000294
026.2,6a68c4dc5d9beb34e2a7b38a815d980e1e8906509a9e7b411931078ceba6c456,12931759,m12-1-7,64,hierarchical_3,precomputed_y,uniform,Float64,false,20000,4,4,26046404,8,0,2,64,3096,316,9.79746835443038,8.0,18.0,24.0,32.0,32,1.0845695227111591,13.725638,13.719693,0.011627499999999458
026.2,6a68c4dc5d9beb34e2a7b38a815d980e1e8906509a9e7b411931078ceba6c456,12931759,m12-1-7,64,hierarchical_3,precomputed_y,uniform,Float64,false,20000,4,4,26046404,8,0,3,512,53352,316,168.83544303797467,144.0,294.0,336.0,384.0,384,0.5696777882076421,233.8768345,233.814093,0.12579349999998612
026.2,6a68c4dc5d9beb34e2a7b38a815d980e1e8906509a9e7b411931078ceba6c456,12931759,m12-1-7,64,hierarchical_3,precomputed_y,uniform,Float64,false,20000,4,4,26046404,8,0,4,4064,575962,316,1822.6645569620252,1545.0,3112.5,3314.0,3531.55,3532,0.4225376082963476,2544.0698654999997,2539.38544,2.295990499999334
