case,class,sigma_bin,output,rank,svd_relative_rms,singular_value
rotor,self,1.000,u,1,9.414121089e-01,1.172961315e+02
rotor,self,1.000,u,2,8.893213334e-01,1.074023683e+02
rotor,self,1.000,u,3,8.351337813e-01,1.063155040e+02
rotor,self,1.000,u,4,7.790047019e-01,1.046851897e+02
rotor,self,1.000,u,5,7.200091398e-01,1.034268701e+02
rotor,self,1.000,u,6,6.590998777e-01,1.008003076e+02
rotor,self,1.000,u,7,6.167484929e-01,8.084519792e+01
rotor,self,1.000,u,8,5.755396318e-01,7.709155474e+01
rotor,self,1.000,u,9,5.328290443e-01,7.567122826e+01
rotor,self,1.000,u,10,4.913858696e-01,7.165441346e+01
rotor,self,1.000,u,11,4.462784091e-01,7.152679468e+01
rotor,self,1.000,u,12,4.040710036e-01,6.588915309e+01
rotor,self,1.000,u,13,3.685657930e-01,5.760426363e+01
rotor,self,1.000,u,14,3.340384750e-01,5.416985879e+01
rotor,self,1.000,u,15,3.169412967e-01,3.669161738e+01
rotor,self,1.000,u,16,3.010137705e-01,3.450432230e+01
rotor,self,1.000,u,17,2.875825054e-01,3.092346167e+01
rotor,self,1.000,u,18,2.742369869e-01,3.011528773e+01
rotor,self,1.000,u,19,2.610363289e-01,2.923522734e+01
rotor,self,1.000,u,20,2.472194846e-01,2.914516372e+01
rotor,self,1.000,u,21,2.327726748e-01,2.896169250e+01
rotor,self,1.000,u,22,2.181237623e-01,2.826584560e+01
rotor,self,1.000,u,23,2.034229253e-01,2.737882221e+01
rotor,self,1.000,u,24,1.876525698e-01,2.731315896e+01
rotor,self,1.000,u,25,1.731085814e-01,2.519257331e+01
rotor,self,1.000,u,26,1.592427366e-01,2.360982452e+01
rotor,self,1.000,u,27,1.525967096e-01,1.583315504e+01
rotor,self,1.000,u,28,1.458858109e-01,1.556577261e+01
rotor,self,1.000,u,29,1.392816899e-01,1.509309881e+01
rotor,self,1.000,u,30,1.323830560e-01,1.505632842e+01
rotor,self,1.000,u,31,1.252781412e-01,1.488075059e+01
rotor,self,1.000,u,32,1.178995030e-01,1.473230906e+01
rotor,self,1.000,u,33,1.106426500e-01,1.416374856e+01
rotor,self,1.000,u,34,1.029615821e-01,1.408758722e+01
rotor,self,1.000,u,35,9.782864094e-02,1.116542641e+01
rotor,self,1.000,u,36,9.308570753e-02,1.046558930e+01
rotor,self,1.000,u,37,8.873869301e-02,9.777830776e+00
rotor,self,1.000,u,38,8.435519947e-02,9.580142008e+00
rotor,self,1.000,u,39,8.002302255e-02,9.281028800e+00
rotor,self,1.000,u,40,7.558513572e-02,9.139557770e+00
rotor,self,1.000,u,41,7.223721565e-02,7.737104846e+00
rotor,self,1.000,u,42,6.910972761e-02,7.312433485e+00
rotor,self,1.000,u,43,6.610844197e-02,7.006354062e+00
rotor,self,1.000,u,44,6.327495104e-02,6.659184855e+00
rotor,self,1.000,u,45,6.065062443e-02,6.272061434e+00
rotor,self,1.000,u,46,5.819415299e-02,5.942467276e+00
rotor,self,1.000,u,47,5.576218655e-02,5.789871477e+00
rotor,self,1.000,u,48,5.349923676e-02,5.468796644e+00
rotor,self,1.000,u,49,5.132087605e-02,5.255428097e+00
rotor,self,1.000,u,50,4.908468970e-02,5.211392441e+00
rotor,self,1.000,u,51,4.678222639e-02,5.167156637e+00
rotor,self,1.000,u,52,4.445488004e-02,5.068006345e+00
rotor,self,1.000,u,53,4.202206945e-02,5.044582381e+00
rotor,self,1.000,u,54,3.948146842e-02,5.004691990e+00
rotor,self,1.000,u,55,3.680476314e-02,4.969861058e+00
rotor,self,1.000,u,56,3.395404619e-02,4.939559225e+00
rotor,self,1.000,u,57,3.092437976e-02,4.876053345e+00
rotor,self,1.000,u,58,2.762630527e-02,4.833003504e+00
rotor,self,1.000,u,59,2.401269190e-02,4.750951873e+00
rotor,self,1.000,u,60,1.978866393e-02,4.730728871e+00
rotor,self,1.000,u,61,1.447150988e-02,4.694131933e+00
rotor,self,1.000,u,62,5.595674292e-03,4.641610906e+00
rotor,self,1.000,u,63,4.656206040e-03,1.079353508e+00
rotor,self,1.000,u,64,3.588447386e-03,1.031914325e+00
rotor,self,1.000,u,65,3.199798913e-03,5.649085754e-01
rotor,self,1.000,u,66,2.820625627e-03,5.254765186e-01
rotor,self,1.000,u,67,2.534675284e-03,4.303860034e-01
rotor,self,1.000,u,68,2.347630641e-03,3.323579111e-01
rotor,self,1.000,u,69,2.201863971e-03,2.832249985e-01
rotor,self,1.000,u,70,2.069951019e-03,2.610783300e-01
rotor,self,1.000,u,71,1.950810331e-03,2.407160726e-01
rotor,self,1.000,u,72,1.848590241e-03,2.167437394e-01
rotor,self,1.000,u,73,1.758623768e-03,1.981286087e-01
rotor,self,1.000,u,74,1.672091731e-03,1.894967235e-01
rotor,self,1.000,u,75,1.592178759e-03,1.776325700e-01
rotor,self,1.000,u,76,1.524396731e-03,1.598516027e-01
rotor,self,1.000,u,77,1.462431721e-03,1.496233212e-01
rotor,self,1.000,u,78,1.405980448e-03,1.399518161e-01
rotor,self,1.000,u,79,1.350812294e-03,1.356335632e-01
rotor,self,1.000,u,80,1.301016123e-03,1.263838490e-01
rotor,self,1.000,u,81,1.251618826e-03,1.234999652e-01
rotor,self,1.000,u,82,1.201107617e-03,1.224163220e-01
rotor,self,1.000,u,83,1.155060641e-03,1.145577827e-01
rotor,self,1.000,u,84,1.115189610e-03,1.046372904e-01
rotor,self,1.000,u,85,1.076487483e-03,1.012923372e-01
rotor,self,1.000,u,86,1.044096853e-03,9.115035385e-02
rotor,self,1.000,u,87,1.013208620e-03,8.767319087e-02
rotor,self,1.000,u,88,9.862818928e-04,8.069977967e-02
rotor,self,1.000,u,89,9.608800161e-04,7.734902135e-02
rotor,self,1.000,u,90,9.357230573e-04,7.596931033e-02
rotor,self,1.000,u,91,9.116444462e-04,7.335221874e-02
rotor,self,1.000,u,92,8.884655195e-04,7.104230900e-02
rotor,self,1.000,u,93,8.671615353e-04,6.726163771e-02
rotor,self,1.000,u,94,8.464394841e-04,6.553783882e-02
rotor,self,1.000,u,95,8.257868308e-04,6.463330190e-02
rotor,self,1.000,u,96,8.051459783e-04,6.381205626e-02
rotor,self,1.000,u,97,7.848063471e-04,6.254383063e-02
rotor,self,1.000,u,98,7.653525425e-04,6.039643036e-02
rotor,self,1.000,u,99,7.465066094e-04,5.870639034e-02
rotor,self,1.000,u,100,7.278652434e-04,5.765849100e-02
rotor,self,1.000,u,101,7.093565939e-04,5.672443225e-02
rotor,self,1.000,u,102,6.909250836e-04,5.587390865e-02
rotor,self,1.000,u,103,6.729509870e-04,5.445426239e-02
rotor,self,1.000,u,104,6.549297951e-04,5.380122795e-02
rotor,self,1.000,u,105,6.368341561e-04,5.317401223e-02
rotor,self,1.000,u,106,6.188758630e-04,5.222736275e-02
rotor,self,1.000,u,107,6.012059682e-04,5.106605992e-02
rotor,self,1.000,u,108,5.839908999e-04,4.967873319e-02
rotor,self,1.000,u,109,5.669576995e-04,4.869641397e-02
rotor,self,1.000,u,110,5.502063884e-04,4.757773635e-02
rotor,self,1.000,u,111,5.331846370e-04,4.722974778e-02
rotor,self,1.000,u,112,5.157521474e-04,4.703002988e-02
rotor,self,1.000,u,113,4.983393164e-04,4.621619061e-02
rotor,self,1.000,u,114,4.810762658e-04,4.522339533e-02
rotor,self,1.000,u,115,4.644195373e-04,4.364611014e-02
rotor,self,1.000,u,116,4.475087146e-04,4.319003872e-02
rotor,self,1.000,u,117,4.305786774e-04,4.240516090e-02
rotor,self,1.000,u,118,4.135829428e-04,4.165850319e-02
rotor,self,1.000,u,119,3.978319455e-04,3.931845129e-02
rotor,self,1.000,u,120,3.818638282e-04,3.880702368e-02
rotor,self,1.000,u,121,3.666506888e-04,3.711337298e-02
rotor,self,1.000,u,122,3.511652951e-04,3.666811432e-02
rotor,self,1.000,u,123,3.365142467e-04,3.490987499e-02
rotor,self,1.000,u,124,3.218899923e-04,3.412746773e-02
rotor,self,1.000,u,125,3.067745765e-04,3.390317959e-02
rotor,self,1.000,u,126,2.916932292e-04,3.304162181e-02
rotor,self,1.000,u,127,2.762600356e-04,3.256155159e-02
rotor,self,1.000,u,128,2.613953818e-04,3.109211755e-02
rotor,self,1.000,u,129,2.459695260e-04,3.076845830e-02
rotor,self,1.000,u,130,2.297711806e-04,3.053102422e-02
rotor,self,1.000,u,131,2.139014568e-04,2.918346774e-02
rotor,self,1.000,u,132,1.985629627e-04,2.766339617e-02
rotor,self,1.000,u,133,1.825875421e-04,2.713909044e-02
rotor,self,1.000,u,134,1.653940102e-04,2.690181300e-02
rotor,self,1.000,u,135,1.473267271e-04,2.614241202e-02
rotor,self,1.000,u,136,1.283455261e-04,2.515818235e-02
rotor,self,1.000,u,137,1.079362503e-04,2.415181650e-02
rotor,self,1.000,u,138,8.793865899e-05,2.176702806e-02
rotor,self,1.000,u,139,6.508952362e-05,2.056560474e-02
rotor,self,1.000,u,140,4.859373391e-05,1.506106558e-02
rotor,self,1.000,u,141,3.368444971e-05,1.218124375e-02
rotor,self,1.000,u,142,1.958388409e-05,9.531773468e-03
rotor,self,1.000,u,143,1.270717216e-05,5.182656562e-03
rotor,self,1.000,u,144,0.000000000e+00,4.419466060e-03
rotor,self,1.000,uj,1,9.683337637e-01,1.736594736e+02
rotor,self,1.000,uj,2,9.428254292e-01,1.535820174e+02
rotor,self,1.000,uj,3,9.186483029e-01,1.475644285e+02
rotor,self,1.000,uj,4,8.938944223e-01,1.473386401e+02
rotor,self,1.000,uj,5,8.706155634e-01,1.409755471e+02
rotor,self,1.000,uj,6,8.508561344e-01,1.282885874e+02
rotor,self,1.000,uj,7,8.321419822e-01,1.234462149e+02
rotor,self,1.000,uj,8,8.145556126e-01,1.183711615e+02
rotor,self,1.000,uj,9,7.971688521e-01,1.164409178e+02
rotor,self,1.000,uj,10,7.801011151e-01,1.141279122e+02
rotor,self,1.000,uj,11,7.649229299e-01,1.065193310e+02
rotor,self,1.000,uj,12,7.498279122e-01,1.051812430e+02
rotor,self,1.000,uj,13,7.356127400e-01,1.010775253e+02
rotor,self,1.000,uj,14,7.291305326e-01,6.777867928e+01
rotor,self,1.000,uj,15,7.225901947e-01,6.777858788e+01
rotor,self,1.000,uj,16,7.159901182e-01,6.777857346e+01
rotor,self,1.000,uj,17,7.093286390e-01,6.777854215e+01
rotor,self,1.000,uj,18,7.026040060e-01,6.777853350e+01
rotor,self,1.000,uj,19,6.958143881e-01,6.777852571e+01
rotor,self,1.000,uj,20,6.889578629e-01,6.777852241e+01
rotor,self,1.000,uj,21,6.820324124e-01,6.777852095e+01
rotor,self,1.000,uj,22,6.750359152e-01,6.777851901e+01
rotor,self,1.000,uj,23,6.679661389e-01,6.777851649e+01
rotor,self,1.000,uj,24,6.608207315e-01,6.777851463e+01
rotor,self,1.000,uj,25,6.535972124e-01,6.777851292e+01
rotor,self,1.000,uj,26,6.462929628e-01,6.777851013e+01
rotor,self,1.000,uj,27,6.389052135e-01,6.777850863e+01
rotor,self,1.000,uj,28,6.314310338e-01,6.777850722e+01
rotor,self,1.000,uj,29,6.238673179e-01,6.777850239e+01
rotor,self,1.000,uj,30,6.162316307e-01,6.768666515e+01
rotor,self,1.000,uj,31,6.085001360e-01,6.768666380e+01
rotor,self,1.000,uj,32,6.006691382e-01,6.768664480e+01
rotor,self,1.000,uj,33,5.927346912e-01,6.768663575e+01
rotor,self,1.000,uj,34,5.846925825e-01,6.768663133e+01
rotor,self,1.000,uj,35,5.765383089e-01,6.768661796e+01
rotor,self,1.000,uj,36,5.682670391e-01,6.768661609e+01
rotor,self,1.000,uj,37,5.598735890e-01,6.768660968e+01
rotor,self,1.000,uj,38,5.513523775e-01,6.768660754e+01
rotor,self,1.000,uj,39,5.426973869e-01,6.768660396e+01
rotor,self,1.000,uj,40,5.339021106e-01,6.768660238e+01
rotor,self,1.000,uj,41,5.249594975e-01,6.768660075e+01
rotor,self,1.000,uj,42,5.158618860e-01,6.768659721e+01
rotor,self,1.000,uj,43,5.066009249e-01,6.768659629e+01
rotor,self,1.000,uj,44,4.971674879e-01,6.768658816e+01
rotor,self,1.000,uj,45,4.875515635e-01,6.768658080e+01
rotor,self,1.000,uj,46,4.777582378e-01,6.763155006e+01
rotor,self,1.000,uj,47,4.677599260e-01,6.763152200e+01
rotor,self,1.000,uj,48,4.575431993e-01,6.763146397e+01
rotor,self,1.000,uj,49,4.470930700e-01,6.763145235e+01
rotor,self,1.000,uj,50,4.363927701e-01,6.763144358e+01
rotor,self,1.000,uj,51,4.254234217e-01,6.763143826e+01
rotor,self,1.000,uj,52,4.141636467e-01,6.763143639e+01
rotor,self,1.000,uj,53,4.025890782e-01,6.763143230e+01
rotor,self,1.000,uj,54,3.906717369e-01,6.763143090e+01
rotor,self,1.000,uj,55,3.783792371e-01,6.763142729e+01
rotor,self,1.000,uj,56,3.656737457e-01,6.763142667e+01
rotor,self,1.000,uj,57,3.525106099e-01,6.763142447e+01
rotor,self,1.000,uj,58,3.388364977e-01,6.763142383e+01
rotor,self,1.000,uj,59,3.245868372e-01,6.763142140e+01
rotor,self,1.000,uj,60,3.096821892e-01,6.763141867e+01
rotor,self,1.000,uj,61,2.940229621e-01,6.763141698e+01
rotor,self,1.000,uj,62,2.806501093e-01,6.097802320e+01
rotor,self,1.000,uj,63,2.666475555e-01,6.089285095e+01
rotor,self,1.000,uj,64,2.518928796e-01,6.084249785e+01
rotor,self,1.000,uj,65,2.383610375e-01,5.665521371e+01
rotor,self,1.000,uj,66,2.242355740e-01,5.622810691e+01
rotor,self,1.000,uj,67,2.142891692e-01,4.593894317e+01
rotor,self,1.000,uj,68,2.047608156e-01,4.395342594e+01
rotor,self,1.000,uj,69,1.948897661e-01,4.368906758e+01
rotor,self,1.000,uj,70,1.845131264e-01,4.364450489e+01
rotor,self,1.000,uj,71,1.740276481e-01,4.264953334e+01
rotor,self,1.000,uj,72,1.632426069e-01,4.195182036e+01
rotor,self,1.000,uj,73,1.538602418e-01,3.794085565e+01
rotor,self,1.000,uj,74,1.443050408e-01,3.712781018e+01
rotor,self,1.000,uj,75,1.351547662e-01,3.517447511e+01
rotor,self,1.000,uj,76,1.264830144e-01,3.313252482e+01
rotor,self,1.000,uj,77,1.184897810e-01,3.078017346e+01
rotor,self,1.000,uj,78,1.099909000e-01,3.065183641e+01
rotor,self,1.000,uj,79,1.031186969e-01,2.661952995e+01
rotor,self,1.000,uj,80,9.764792231e-02,2.305266020e+01
rotor,self,1.000,uj,81,9.358613052e-02,1.938618388e+01
rotor,self,1.000,uj,82,8.949552791e-02,1.903561663e+01
rotor,self,1.000,uj,83,8.521547417e-02,1.902109974e+01
rotor,self,1.000,uj,84,8.106331820e-02,1.827705191e+01
rotor,self,1.000,uj,85,7.690785172e-02,1.782172318e+01
rotor,self,1.000,uj,86,7.293073971e-02,1.698034997e+01
rotor,self,1.000,uj,87,6.896795570e-02,1.649454298e+01
rotor,self,1.000,uj,88,6.576760778e-02,1.444410389e+01
rotor,self,1.000,uj,89,6.294793296e-02,1.325152591e+01
rotor,self,1.000,uj,90,6.006169289e-02,1.310649782e+01
rotor,self,1.000,uj,91,5.749246079e-02,1.208847575e+01
rotor,self,1.000,uj,92,5.492466185e-02,1.181809905e+01
rotor,self,1.000,uj,93,5.247040507e-02,1.129283676e+01
rotor,self,1.000,uj,94,4.990902229e-02,1.126404756e+01
rotor,self,1.000,uj,95,4.756529436e-02,1.051355479e+01
rotor,self,1.000,uj,96,4.526878601e-02,1.015637246e+01
rotor,self,1.000,uj,97,4.313453298e-02,9.554503492e+00
rotor,self,1.000,uj,98,4.125818482e-02,8.753063581e+00
rotor,self,1.000,uj,99,3.969136650e-02,7.833708884e+00
rotor,self,1.000,uj,100,3.810095914e-02,7.737015225e+00
rotor,self,1.000,uj,101,3.649121638e-02,7.622119641e+00
rotor,self,1.000,uj,102,3.509139202e-02,6.962920212e+00
rotor,self,1.000,uj,103,3.368859959e-02,6.832484421e+00
rotor,self,1.000,uj,104,3.244869229e-02,6.298957779e+00
rotor,self,1.000,uj,105,3.117777301e-02,6.255020942e+00
rotor,self,1.000,uj,106,3.005363583e-02,5.770954712e+00
rotor,self,1.000,uj,107,2.896059691e-02,5.586593603e+00
rotor,self,1.000,uj,108,2.782902841e-02,5.576039104e+00
rotor,self,1.000,uj,109,2.666944092e-02,5.529613769e+00
rotor,self,1.000,uj,110,2.552123973e-02,5.384636137e+00
rotor,self,1.000,uj,111,2.434085485e-02,5.336394934e+00
rotor,self,1.000,uj,112,2.311674926e-02,5.301676577e+00
rotor,self,1.000,uj,113,2.183179355e-02,5.286311762e+00
rotor,self,1.000,uj,114,2.050530633e-02,5.212702901e+00
rotor,self,1.000,uj,115,1.922057023e-02,4.969292856e+00
rotor,self,1.000,uj,116,1.787797103e-02,4.909106951e+00
rotor,self,1.000,uj,117,1.642689618e-02,4.907650916e+00
rotor,self,1.000,uj,118,1.485814915e-02,4.872992436e+00
rotor,self,1.000,uj,119,1.312488820e-02,4.844291707e+00
rotor,self,1.000,uj,120,1.122190847e-02,4.734660904e+00
rotor,self,1.000,uj,121,9.730221346e-03,3.888694658e+00
rotor,self,1.000,uj,122,8.754751286e-03,2.953705984e+00
rotor,self,1.000,uj,123,7.705491044e-03,2.890750474e+00
rotor,self,1.000,uj,124,6.578186780e-03,2.791203381e+00
rotor,self,1.000,uj,125,5.283528351e-03,2.725851744e+00
rotor,self,1.000,uj,126,4.217240777e-03,2.213948128e+00
rotor,self,1.000,uj,127,3.648564166e-03,1.471143896e+00
rotor,self,1.000,uj,128,3.013922937e-03,1.430320017e+00
rotor,self,1.000,uj,129,2.565454212e-03,1.100296738e+00
rotor,self,1.000,uj,130,2.031325588e-03,1.089935156e+00
rotor,self,1.000,uj,131,1.784918959e-03,6.745205362e-01
rotor,self,1.000,uj,132,1.599754907e-03,5.506652076e-01
rotor,self,1.000,uj,133,1.399961080e-03,5.384953849e-01
rotor,self,1.000,uj,134,1.295640731e-03,3.688614523e-01
rotor,self,1.000,uj,135,1.184750531e-03,3.648022969e-01
rotor,self,1.000,uj,136,1.088499380e-03,3.253699504e-01
rotor,self,1.000,uj,137,9.843631240e-04,3.231745201e-01
rotor,self,1.000,uj,138,8.736976309e-04,3.154183472e-01
rotor,self,1.000,uj,139,7.499995823e-04,3.117344734e-01
rotor,self,1.000,uj,140,6.351018795e-04,2.774900092e-01
rotor,self,1.000,uj,141,4.953768026e-04,2.764516918e-01
rotor,self,1.000,uj,142,3.588257532e-04,2.375630208e-01
rotor,self,1.000,uj,143,2.431206370e-04,1.835718453e-01
rotor,self,1.000,uj,144,0.000000000e+00,1.691113318e-01
rotor,self,6.000,u,1,9.855381534e-01,5.893480927e+01
rotor,self,6.000,u,2,9.709893123e-01,5.867837319e+01
rotor,self,6.000,u,3,9.568115115e-01,5.749848527e+01
rotor,self,6.000,u,4,9.425969061e-01,5.714753115e+01
rotor,self,6.000,u,5,9.282090557e-01,5.706019058e+01
rotor,self,6.000,u,6,9.137456402e-01,5.676698027e+01
rotor,self,6.000,u,7,8.995767326e-01,5.574765232e+01
rotor,self,6.000,u,8,8.852948252e-01,5.552869683e+01
rotor,self,6.000,u,9,8.710209269e-01,5.506726237e+01
rotor,self,6.000,u,10,8.567898956e-01,5.453648847e+01
rotor,self,6.000,u,11,8.426319023e-01,5.394762528e+01
rotor,self,6.000,u,12,8.285250330e-01,5.340043911e+01
rotor,self,6.000,u,13,8.144966894e-01,5.280143669e+01
rotor,self,6.000,u,14,8.007562720e-01,5.181328449e+01
rotor,self,6.000,u,15,7.872572369e-01,5.092128445e+01
rotor,self,6.000,u,16,7.736061983e-01,5.076754812e+01
rotor,self,6.000,u,17,7.600609490e-01,5.012795043e+01
rotor,self,6.000,u,18,7.464088478e-01,4.987706084e+01
rotor,self,6.000,u,19,7.325334381e-01,4.982179947e+01
rotor,self,6.000,u,20,7.184343797e-01,4.974447291e+01
rotor,self,6.000,u,21,7.041392994e-01,4.959656208e+01
rotor,self,6.000,u,22,6.896509885e-01,4.942292960e+01
rotor,self,6.000,u,23,6.748733442e-01,4.938716935e+01
rotor,self,6.000,u,24,6.598239678e-01,4.929144323e+01
rotor,self,6.000,u,25,6.444465066e-01,4.925462767e+01
rotor,self,6.000,u,26,6.287662524e-01,4.914144580e+01
rotor,self,6.000,u,27,6.127238394e-01,4.908257795e+01
rotor,self,6.000,u,28,5.965549052e-01,4.863229838e+01
rotor,self,6.000,u,29,5.799868381e-01,4.855796548e+01
rotor,self,6.000,u,30,5.629423775e-01,4.854250539e+01
rotor,self,6.000,u,31,5.454925157e-01,4.836954247e+01
rotor,self,6.000,u,32,5.277020384e-01,4.805669710e+01
rotor,self,6.000,u,33,5.103185323e-01,4.671889435e+01
rotor,self,6.000,u,34,4.925594371e-01,4.641467904e+01
rotor,self,6.000,u,35,4.743015090e-01,4.620922078e+01
rotor,self,6.000,u,36,4.562915382e-01,4.502537042e+01
rotor,self,6.000,u,37,4.381972224e-01,4.424655029e+01
rotor,self,6.000,u,38,4.196136486e-01,4.391180409e+01
rotor,self,6.000,u,39,4.007682776e-01,4.324453952e+01
rotor,self,6.000,u,40,3.810876650e-01,4.314232699e+01
rotor,self,6.000,u,41,3.620157072e-01,4.140408052e+01
rotor,self,6.000,u,42,3.423730068e-01,4.090983042e+01
rotor,self,6.000,u,43,3.255143772e-01,3.690486697e+01
rotor,self,6.000,u,44,3.097365524e-01,3.481906527e+01
rotor,self,6.000,u,45,2.955155894e-01,3.226662635e+01
rotor,self,6.000,u,46,2.814458205e-01,3.133558115e+01
rotor,self,6.000,u,47,2.670139096e-01,3.094248441e+01
rotor,self,6.000,u,48,2.527746078e-01,2.992117046e+01
rotor,self,6.000,u,49,2.378168985e-01,2.979294572e+01
rotor,self,6.000,u,50,2.236432539e-01,2.812734631e+01
rotor,self,6.000,u,51,2.090878060e-01,2.760213725e+01
rotor,self,6.000,u,52,1.944251073e-01,2.675201896e+01
rotor,self,6.000,u,53,1.803958511e-01,2.522029402e+01
rotor,self,6.000,u,54,1.653814091e-01,2.505957506e+01
rotor,self,6.000,u,55,1.503441327e-01,2.396405666e+01
rotor,self,6.000,u,56,1.372330783e-01,2.135585350e+01
rotor,self,6.000,u,57,1.231758300e-01,2.104257897e+01
rotor,self,6.000,u,58,1.106927450e-01,1.879177430e+01
rotor,self,6.000,u,59,9.895174507e-02,1.725500773e+01
rotor,self,6.000,u,60,8.923309219e-02,1.487360482e+01
rotor,self,6.000,u,61,7.934392788e-02,1.420037691e+01
rotor,self,6.000,u,62,6.917874356e-02,1.351371931e+01
rotor,self,6.000,u,63,5.736996686e-02,1.344473375e+01
rotor,self,6.000,u,64,4.555145703e-02,1.212984196e+01
rotor,self,6.000,u,65,4.027729538e-02,7.399698200e+00
rotor,self,6.000,u,66,3.544120163e-02,6.655324523e+00
rotor,self,6.000,u,67,3.060457388e-02,6.216053484e+00
rotor,self,6.000,u,68,2.809592350e-02,4.220480035e+00
rotor,self,6.000,u,69,2.649975117e-02,3.246683072e+00
rotor,self,6.000,u,70,2.498273840e-02,3.073585349e+00
rotor,self,6.000,u,71,2.379114804e-02,2.651417145e+00
rotor,self,6.000,u,72,2.283393271e-02,2.323461663e+00
rotor,self,6.000,u,73,2.193927958e-02,2.201189131e+00
rotor,self,6.000,u,74,2.110709583e-02,2.081607277e+00
rotor,self,6.000,u,75,2.026398521e-02,2.054052800e+00
rotor,self,6.000,u,76,1.946345854e-02,1.961345503e+00
rotor,self,6.000,u,77,1.875424170e-02,1.810684076e+00
rotor,self,6.000,u,78,1.802169509e-02,1.805179501e+00
rotor,self,6.000,u,79,1.741148164e-02,1.617211511e+00
rotor,self,6.000,u,80,1.679552777e-02,1.596439760e+00
rotor,self,6.000,u,81,1.623205180e-02,1.500365127e+00
rotor,self,6.000,u,82,1.568724306e-02,1.450339148e+00
rotor,self,6.000,u,83,1.522531910e-02,1.314236831e+00
rotor,self,6.000,u,84,1.479641819e-02,1.248007752e+00
rotor,self,6.000,u,85,1.435863240e-02,1.242534959e+00
rotor,self,6.000,u,86,1.395102030e-02,1.181440073e+00
rotor,self,6.000,u,87,1.357305422e-02,1.121769589e+00
rotor,self,6.000,u,88,1.321299339e-02,1.080097955e+00
rotor,self,6.000,u,89,1.285362306e-02,1.064472214e+00
rotor,self,6.000,u,90,1.252350854e-02,1.006640667e+00
rotor,self,6.000,u,91,1.219306689e-02,9.939451696e-01
rotor,self,6.000,u,92,1.187812401e-02,9.576031733e-01
rotor,self,6.000,u,93,1.157481844e-02,9.275978807e-01
rotor,self,6.000,u,94,1.128443561e-02,8.960606148e-01
rotor,self,6.000,u,95,1.099684228e-02,8.804006107e-01
rotor,self,6.000,u,96,1.073336944e-02,8.321867585e-01
rotor,self,6.000,u,97,1.046900535e-02,8.234066531e-01
rotor,self,6.000,u,98,1.019998864e-02,8.201063690e-01
rotor,self,6.000,u,99,9.940495851e-03,7.950940335e-01
rotor,self,6.000,u,100,9.677718455e-03,7.896681617e-01
rotor,self,6.000,u,101,9.427075150e-03,7.610621410e-01
rotor,self,6.000,u,102,9.178798821e-03,7.475041086e-01
rotor,self,6.000,u,103,8.930451050e-03,7.375666185e-01
rotor,self,6.000,u,104,8.684357851e-03,7.241185329e-01
rotor,self,6.000,u,105,8.433321794e-03,7.209603638e-01
rotor,self,6.000,u,106,8.182236808e-03,7.103767420e-01
rotor,self,6.000,u,107,7.937051257e-03,6.914189123e-01
rotor,self,6.000,u,108,7.701404851e-03,6.676490512e-01
rotor,self,6.000,u,109,7.470301867e-03,6.512397272e-01
rotor,self,6.000,u,110,7.234869115e-03,6.471267732e-01
rotor,self,6.000,u,111,7.006347308e-03,6.274198529e-01
rotor,self,6.000,u,112,6.774224718e-03,6.220326997e-01
rotor,self,6.000,u,113,6.539610776e-03,6.146804360e-01
rotor,self,6.000,u,114,6.310669527e-03,5.965395103e-01
rotor,self,6.000,u,115,6.075016593e-03,5.941790702e-01
rotor,self,6.000,u,116,5.844248932e-03,5.768104378e-01
rotor,self,6.000,u,117,5.618556400e-03,5.594031947e-01
rotor,self,6.000,u,118,5.396727189e-03,5.436608970e-01
rotor,self,6.000,u,119,5.176395654e-03,5.308365995e-01
rotor,self,6.000,u,120,4.963667606e-03,5.108031870e-01
rotor,self,6.000,u,121,4.746358685e-03,5.052075940e-01
rotor,self,6.000,u,122,4.534145433e-03,4.880821474e-01
rotor,self,6.000,u,123,4.331060723e-03,4.666635954e-01
rotor,self,6.000,u,124,4.126160571e-03,4.578317182e-01
rotor,self,6.000,u,125,3.922000279e-03,4.458151790e-01
rotor,self,6.000,u,126,3.710419533e-03,4.419672471e-01
rotor,self,6.000,u,127,3.499208561e-03,4.291761287e-01
rotor,self,6.000,u,128,3.280585571e-03,4.234255469e-01
rotor,self,6.000,u,129,3.055922134e-03,4.149655780e-01
rotor,self,6.000,u,130,2.827158616e-03,4.034750428e-01
rotor,self,6.000,u,131,2.608803531e-03,3.789140911e-01
rotor,self,6.000,u,132,2.388706542e-03,3.647579606e-01
rotor,self,6.000,u,133,2.163578620e-03,3.520872516e-01
rotor,self,6.000,u,134,1.928352990e-03,3.412144323e-01
rotor,self,6.000,u,135,1.722982377e-03,3.011729072e-01
rotor,self,6.000,u,136,1.506198260e-03,2.909918254e-01
rotor,self,6.000,u,137,1.279297243e-03,2.764969474e-01
rotor,self,6.000,u,138,1.043512462e-03,2.573863970e-01
rotor,self,6.000,u,139,8.237041340e-04,2.228128888e-01
rotor,self,6.000,u,140,5.964323374e-04,1.975871523e-01
rotor,self,6.000,u,141,4.012698278e-04,1.534686043e-01
rotor,self,6.000,u,142,2.428132933e-04,1.111084080e-01
rotor,self,6.000,u,143,1.534569293e-04,6.544543409e-02
rotor,self,6.000,u,144,0.000000000e+00,5.337125225e-02
rotor,self,6.000,uj,1,9.890953537e-01,1.024435166e+02
rotor,self,6.000,uj,2,9.783765160e-01,1.010134020e+02
rotor,self,6.000,uj,3,9.681788019e-01,9.800216619e+01
rotor,self,6.000,uj,4,9.583549310e-01,9.569307652e+01
rotor,self,6.000,uj,5,9.489982741e-01,9.292376554e+01
rotor,self,6.000,uj,6,9.398211718e-01,9.157963161e+01
rotor,self,6.000,uj,7,9.307027353e-01,9.084325889e+01
rotor,self,6.000,uj,8,9.214957865e-01,9.083485255e+01
rotor,self,6.000,uj,9,9.124680102e-01,8.950280748e+01
rotor,self,6.000,uj,10,9.033776382e-01,8.936782296e+01
rotor,self,6.000,uj,11,8.946879767e-01,8.694709596e+01
rotor,self,6.000,uj,12,8.869685179e-01,8.157485327e+01
rotor,self,6.000,uj,13,8.794925075e-01,7.993516234e+01
rotor,self,6.000,uj,14,8.726401089e-01,7.621767228e+01
rotor,self,6.000,uj,15,8.658854201e-01,7.537791053e+01
rotor,self,6.000,uj,16,8.596104438e-01,7.237921851e+01
rotor,self,6.000,uj,17,8.533691831e-01,7.192223001e+01
rotor,self,6.000,uj,18,8.471451996e-01,7.156081160e+01
rotor,self,6.000,uj,19,8.410173954e-01,7.074739635e+01
rotor,self,6.000,uj,20,8.349892041e-01,6.991691507e+01
rotor,self,6.000,uj,21,8.291384971e-01,6.863543434e+01
rotor,self,6.000,uj,22,8.233964279e-01,6.775797529e+01
rotor,self,6.000,uj,23,8.180127549e-01,6.538808954e+01
rotor,self,6.000,uj,24,8.126567124e-01,6.500636223e+01
rotor,self,6.000,uj,25,8.072651954e-01,6.500599515e+01
rotor,self,6.000,uj,26,8.018386686e-01,6.499858463e+01
rotor,self,6.000,uj,27,7.963754006e-01,6.499719465e+01
rotor,self,6.000,uj,28,7.908744954e-01,6.499659688e+01
rotor,self,6.000,uj,29,7.853353590e-01,6.499484810e+01
rotor,self,6.000,uj,30,7.797569927e-01,6.499416728e+01
rotor,self,6.000,uj,31,7.741385866e-01,6.499326655e+01
rotor,self,6.000,uj,32,7.684792044e-01,6.499269767e+01
rotor,self,6.000,uj,33,7.627779333e-01,6.499213397e+01
rotor,self,6.000,uj,34,7.570337816e-01,6.499182454e+01
rotor,self,6.000,uj,35,7.512457571e-01,6.499156344e+01
rotor,self,6.000,uj,36,7.454128636e-01,6.499115912e+01
rotor,self,6.000,uj,37,7.395340506e-01,6.499069332e+01
rotor,self,6.000,uj,38,7.336082948e-01,6.498978789e+01
rotor,self,6.000,uj,39,7.276344617e-01,6.498881424e+01
rotor,self,6.000,uj,40,7.216722786e-01,6.465970155e+01
rotor,self,6.000,uj,41,7.156649481e-01,6.463548088e+01
rotor,self,6.000,uj,42,7.096070851e-01,6.463377018e+01
rotor,self,6.000,uj,43,7.034984058e-01,6.462667869e+01
rotor,self,6.000,uj,44,6.973364805e-01,6.462530037e+01
rotor,self,6.000,uj,45,6.911199784e-01,6.462343835e+01
rotor,self,6.000,uj,46,6.848471646e-01,6.462285107e+01
rotor,self,6.000,uj,47,6.785164916e-01,6.462219135e+01
rotor,self,6.000,uj,48,6.721262279e-01,6.462201815e+01
rotor,self,6.000,uj,49,6.656746946e-01,6.462165839e+01
rotor,self,6.000,uj,50,6.591600824e-01,6.462135060e+01
rotor,self,6.000,uj,51,6.525804938e-01,6.462108253e+01
rotor,self,6.000,uj,52,6.459339565e-01,6.462075139e+01
rotor,self,6.000,uj,53,6.392184911e-01,6.461989754e+01
rotor,self,6.000,uj,54,6.324317891e-01,6.461957851e+01
rotor,self,6.000,uj,55,6.255715705e-01,6.461907860e+01
rotor,self,6.000,uj,56,6.187142215e-01,6.425236017e+01
rotor,self,6.000,uj,57,6.117806054e-01,6.424963665e+01
rotor,self,6.000,uj,58,6.047706441e-01,6.423532099e+01
rotor,self,6.000,uj,59,5.976791724e-01,6.423216398e+01
rotor,self,6.000,uj,60,5.905027965e-01,6.423103988e+01
rotor,self,6.000,uj,61,5.832383705e-01,6.422996761e+01
rotor,self,6.000,uj,62,5.758824218e-01,6.422950555e+01
rotor,self,6.000,uj,63,5.684314509e-01,6.422881386e+01
rotor,self,6.000,uj,64,5.608816280e-01,6.422830262e+01
rotor,self,6.000,uj,65,5.532289163e-01,6.422774938e+01
rotor,self,6.000,uj,66,5.454688648e-01,6.422769103e+01
rotor,self,6.000,uj,67,5.375968787e-01,6.422741661e+01
rotor,self,6.000,uj,68,5.296079263e-01,6.422730327e+01
rotor,self,6.000,uj,69,5.214968187e-01,6.422645693e+01
rotor,self,6.000,uj,70,5.132575622e-01,6.422639298e+01
rotor,self,6.000,uj,71,5.048839709e-01,6.422599497e+01
rotor,self,6.000,uj,72,4.964899346e-01,6.377264695e+01
rotor,self,6.000,uj,73,4.880230082e-01,6.350742307e+01
rotor,self,6.000,uj,74,4.794507576e-01,6.334581291e+01
rotor,self,6.000,uj,75,4.707987708e-01,6.307069814e+01
rotor,self,6.000,uj,76,4.621651130e-01,6.242818628e+01
rotor,self,6.000,uj,77,4.538500464e-01,6.070648398e+01
rotor,self,6.000,uj,78,4.454249675e-01,6.054581628e+01
rotor,self,6.000,uj,79,4.369513555e-01,6.014674026e+01
rotor,self,6.000,uj,80,4.284096579e-01,5.980281689e+01
rotor,self,6.000,uj,81,4.198953693e-01,5.911546225e+01
rotor,self,6.000,uj,82,4.115229615e-01,5.803444943e+01
rotor,self,6.000,uj,83,4.030350746e-01,5.783779050e+01
rotor,self,6.000,uj,84,3.943899226e-01,5.775400723e+01
rotor,self,6.000,uj,85,3.855909120e-01,5.762484528e+01
rotor,self,6.000,uj,86,3.767401329e-01,5.713647449e+01
rotor,self,6.000,uj,87,3.678442280e-01,5.661127091e+01
rotor,self,6.000,uj,88,3.589622993e-01,5.588740373e+01
rotor,self,6.000,uj,89,3.499232832e-01,5.568003991e+01
rotor,self,6.000,uj,90,3.413573348e-01,5.352612462e+01
rotor,self,6.000,uj,91,3.327552161e-01,5.296876009e+01
rotor,self,6.000,uj,92,3.240123971e-01,5.270872274e+01
rotor,self,6.000,uj,93,3.154002089e-01,5.161765099e+01
rotor,self,6.000,uj,94,3.071917049e-01,4.972612662e+01
rotor,self,6.000,uj,95,2.989650270e-01,4.911968786e+01
rotor,self,6.000,uj,96,2.905826724e-01,4.889825638e+01
rotor,self,6.000,uj,97,2.822576362e-01,4.803532525e+01
rotor,self,6.000,uj,98,2.746227808e-01,4.535574086e+01
rotor,self,6.000,uj,99,2.674181609e-01,4.346828110e+01
rotor,self,6.000,uj,100,2.600515821e-01,4.335933177e+01
rotor,self,6.000,uj,101,2.526012143e-01,4.298841221e+01
rotor,self,6.000,uj,102,2.450919360e-01,4.252367763e+01
rotor,self,6.000,uj,103,2.378537468e-01,4.112586010e+01
rotor,self,6.000,uj,104,2.305442411e-01,4.070074889e+01
rotor,self,6.000,uj,105,2.232405607e-01,4.004485632e+01
rotor,self,6.000,uj,106,2.160603876e-01,3.906604184e+01
rotor,self,6.000,uj,107,2.087149514e-01,3.885432152e+01
rotor,self,6.000,uj,108,2.013247284e-01,3.829063766e+01
rotor,self,6.000,uj,109,1.943218331e-01,3.661368135e+01
rotor,self,6.000,uj,110,1.872073599e-01,3.623982962e+01
rotor,self,6.000,uj,111,1.799284061e-01,3.595826363e+01
rotor,self,6.000,uj,112,1.733816686e-01,3.345348437e+01
rotor,self,6.000,uj,113,1.671272515e-01,3.210026018e+01
rotor,self,6.000,uj,114,1.620998261e-01,2.829902515e+01
rotor,self,6.000,uj,115,1.569328694e-01,2.824137856e+01
rotor,self,6.000,uj,116,1.521449216e-01,2.675835978e+01
rotor,self,6.000,uj,117,1.473778546e-01,2.628399877e+01
rotor,self,6.000,uj,118,1.425032224e-01,2.614759488e+01
rotor,self,6.000,uj,119,1.374586282e-01,2.614047219e+01
rotor,self,6.000,uj,120,1.323296910e-01,2.587474910e+01
rotor,self,6.000,uj,121,1.270688891e-01,2.569571210e+01
rotor,self,6.000,uj,122,1.216676257e-01,2.549578190e+01
rotor,self,6.000,uj,123,1.160600298e-01,2.539680548e+01
rotor,self,6.000,uj,124,1.103192817e-01,2.507572483e+01
rotor,self,6.000,uj,125,1.043464761e-01,2.490700244e+01
rotor,self,6.000,uj,126,9.859089231e-02,2.377259477e+01
rotor,self,6.000,uj,127,9.273180781e-02,2.328890213e+01
rotor,self,6.000,uj,128,8.649985699e-02,2.324717918e+01
rotor,self,6.000,uj,129,8.131424930e-02,2.051941361e+01
rotor,self,6.000,uj,130,7.592961184e-02,2.024025448e+01
rotor,self,6.000,uj,131,7.127175172e-02,1.821377731e+01
rotor,self,6.000,uj,132,6.685227871e-02,1.718583940e+01
rotor,self,6.000,uj,133,6.215308595e-02,1.712641251e+01
rotor,self,6.000,uj,134,5.844277555e-02,1.471371057e+01
rotor,self,6.000,uj,135,5.473070870e-02,1.425709759e+01
rotor,self,6.000,uj,136,5.111257864e-02,1.361208437e+01
rotor,self,6.000,uj,137,4.727868356e-02,1.350981065e+01
rotor,self,6.000,uj,138,4.340777778e-02,1.303252039e+01
rotor,self,6.000,uj,139,3.923087576e-02,1.292318748e+01
rotor,self,6.000,uj,140,3.479813793e-02,1.260050321e+01
rotor,self,6.000,uj,141,2.996466968e-02,1.230674363e+01
rotor,self,6.000,uj,142,2.421647799e-02,1.227554001e+01
rotor,self,6.000,uj,143,1.707872787e-02,1.194211839e+01
rotor,self,6.000,uj,144,0.000000000e+00,1.187972543e+01
rotor,self,18.000,u,1,9.824330026e-01,6.490361949e+01
rotor,self,18.000,u,2,9.654747100e-01,6.321150631e+01
rotor,self,18.000,u,3,9.483285596e-01,6.300178444e+01
rotor,self,18.000,u,4,9.317098143e-01,6.147568294e+01
rotor,self,18.000,u,5,9.154915689e-01,6.019770653e+01
rotor,self,18.000,u,6,8.994559853e-01,5.933286412e+01
rotor,self,18.000,u,7,8.838544773e-01,5.801197583e+01
rotor,self,18.000,u,8,8.680394571e-01,5.789081578e+01
rotor,self,18.000,u,9,8.523534668e-01,5.713348081e+01
rotor,self,18.000,u,10,8.367590135e-01,5.644627029e+01
rotor,self,18.000,u,11,8.213098231e-01,5.566407932e+01
rotor,self,18.000,u,12,8.058190179e-01,5.521649772e+01
rotor,self,18.000,u,13,7.905543989e-01,5.429140956e+01
rotor,self,18.000,u,14,7.753389326e-01,5.368396811e+01
rotor,self,18.000,u,15,7.602185634e-01,5.299502830e+01
rotor,self,18.000,u,16,7.451387016e-01,5.240097419e+01
rotor,self,18.000,u,17,7.297750521e-01,5.235418425e+01
rotor,self,18.000,u,18,7.144436817e-01,5.175208647e+01
rotor,self,18.000,u,19,6.991449565e-01,5.114580691e+01
rotor,self,18.000,u,20,6.836172092e-01,5.096228125e+01
rotor,self,18.000,u,21,6.682194656e-01,5.017779162e+01
rotor,self,18.000,u,22,6.529070199e-01,4.946697685e+01
rotor,self,18.000,u,23,6.373241202e-01,4.931497142e+01
rotor,self,18.000,u,24,6.216030251e-01,4.892857711e+01
rotor,self,18.000,u,25,6.069443568e-01,4.667282650e+01
rotor,self,18.000,u,26,5.922193967e-01,4.621545137e+01
rotor,self,18.000,u,27,5.774971120e-01,4.564033306e+01
rotor,self,18.000,u,28,5.627813845e-01,4.505232666e+01
rotor,self,18.000,u,29,5.477062401e-01,4.499958323e+01
rotor,self,18.000,u,30,5.333297239e-01,4.335785512e+01
rotor,self,18.000,u,31,5.187589114e-01,4.306147864e+01
rotor,self,18.000,u,32,5.045180597e-01,4.198416025e+01
rotor,self,18.000,u,33,4.908119244e-01,4.062205965e+01
rotor,self,18.000,u,34,4.771061340e-01,4.005827362e+01
rotor,self,18.000,u,35,4.636599540e-01,3.911660689e+01
rotor,self,18.000,u,36,4.504256257e-01,3.825297976e+01
rotor,self,18.000,u,37,4.373798109e-01,3.742961783e+01
rotor,self,18.000,u,38,4.239631196e-01,3.738794976e+01
rotor,self,18.000,u,39,4.113945949e-01,3.563684795e+01
rotor,self,18.000,u,40,3.991946331e-01,3.458601599e+01
rotor,self,18.000,u,41,3.868024211e-01,3.432462215e+01
rotor,self,18.000,u,42,3.745789872e-01,3.355201732e+01
rotor,self,18.000,u,43,3.631646284e-01,3.191533290e+01
rotor,self,18.000,u,44,3.516717840e-01,3.152375808e+01
rotor,self,18.000,u,45,3.401819196e-01,3.100883681e+01
rotor,self,18.000,u,46,3.288159306e-01,3.032751788e+01
rotor,self,18.000,u,47,3.179873242e-01,2.910672016e+01
rotor,self,18.000,u,48,3.071350476e-01,2.864599014e+01
rotor,self,18.000,u,49,2.960793833e-01,2.840201626e+01
rotor,self,18.000,u,50,2.854134326e-01,2.739005163e+01
rotor,self,18.000,u,51,2.745208535e-01,2.716156448e+01
rotor,self,18.000,u,52,2.637668043e-01,2.646147874e+01
rotor,self,18.000,u,53,2.535302348e-01,2.530859905e+01
rotor,self,18.000,u,54,2.431401682e-01,2.498412789e+01
rotor,self,18.000,u,55,2.324947717e-01,2.474791897e+01
rotor,self,18.000,u,56,2.215539123e-01,2.451307637e+01
rotor,self,18.000,u,57,2.108291365e-01,2.368368789e+01
rotor,self,18.000,u,58,2.002915577e-01,2.289159092e+01
rotor,self,18.000,u,59,1.894436460e-01,2.261407236e+01
rotor,self,18.000,u,60,1.781711494e-01,2.238862577e+01
rotor,self,18.000,u,61,1.668581852e-01,2.172886819e+01
rotor,self,18.000,u,62,1.550426251e-01,2.144910031e+01
rotor,self,18.000,u,63,1.431851425e-01,2.068193534e+01
rotor,self,18.000,u,64,1.311058226e-01,2.001925365e+01
rotor,self,18.000,u,65,1.186785453e-01,1.937722187e+01
rotor,self,18.000,u,66,1.075925014e-01,1.741901844e+01
rotor,self,18.000,u,67,9.901443072e-02,1.464158671e+01
rotor,self,18.000,u,68,9.215704314e-02,1.259249484e+01
rotor,self,18.000,u,69,8.690556565e-02,1.066507950e+01
rotor,self,18.000,u,70,8.224783785e-02,9.762213729e+00
rotor,self,18.000,u,71,7.774834093e-02,9.331633499e+00
rotor,self,18.000,u,72,7.411370532e-02,8.171013946e+00
rotor,self,18.000,u,73,7.126434635e-02,7.078543324e+00
rotor,self,18.000,u,74,6.878261300e-02,6.483884787e+00
rotor,self,18.000,u,75,6.674117066e-02,5.784917995e+00
rotor,self,18.000,u,76,6.480485744e-02,5.550697556e+00
rotor,self,18.000,u,77,6.293520868e-02,5.374826752e+00
rotor,self,18.000,u,78,6.114690825e-02,5.180786881e+00
rotor,self,18.000,u,79,5.944542078e-02,4.981901171e+00
rotor,self,18.000,u,80,5.775328582e-02,4.897785905e+00
rotor,self,18.000,u,81,5.619484338e-02,4.634681266e+00
rotor,self,18.000,u,82,5.474732594e-02,4.407386301e+00
rotor,self,18.000,u,83,5.332722432e-02,4.308660938e+00
rotor,self,18.000,u,84,5.195983978e-02,4.173051364e+00
rotor,self,18.000,u,85,5.064324936e-02,4.042280554e+00
rotor,self,18.000,u,86,4.933337513e-02,3.980016968e+00
rotor,self,18.000,u,87,4.804705633e-02,3.892521717e+00
rotor,self,18.000,u,88,4.674420569e-02,3.865025446e+00
rotor,self,18.000,u,89,4.547040579e-02,3.769392516e+00
rotor,self,18.000,u,90,4.419395561e-02,3.720769389e+00
rotor,self,18.000,u,91,4.295251170e-02,3.617506606e+00
rotor,self,18.000,u,92,4.169136314e-02,3.593368712e+00
rotor,self,18.000,u,93,4.045699007e-02,3.502220924e+00
rotor,self,18.000,u,94,3.919628130e-02,3.485219101e+00
rotor,self,18.000,u,95,3.796071510e-02,3.395795709e+00
rotor,self,18.000,u,96,3.679278298e-02,3.249716308e+00
rotor,self,18.000,u,97,3.560733552e-02,3.222045600e+00
rotor,self,18.000,u,98,3.440519127e-02,3.190707977e+00
rotor,self,18.000,u,99,3.322447704e-02,3.107863351e+00
rotor,self,18.000,u,100,3.203609789e-02,3.062836753e+00
rotor,self,18.000,u,101,3.086129721e-02,2.989642872e+00
rotor,self,18.000,u,102,2.969867114e-02,2.918325550e+00
rotor,self,18.000,u,103,2.859040112e-02,2.795356833e+00
rotor,self,18.000,u,104,2.744720955e-02,2.783685703e+00
rotor,self,18.000,u,105,2.632869310e-02,2.697341483e+00
rotor,self,18.000,u,106,2.520517589e-02,2.646410004e+00
rotor,self,18.000,u,107,2.407525208e-02,2.595270941e+00
rotor,self,18.000,u,108,2.297033698e-02,2.507522265e+00
rotor,self,18.000,u,109,2.185028876e-02,2.464212790e+00
rotor,self,18.000,u,110,2.079094515e-02,2.337513871e+00
rotor,self,18.000,u,111,1.972192450e-02,2.288813677e+00
rotor,self,18.000,u,112,1.863647139e-02,2.244174591e+00
rotor,self,18.000,u,113,1.753994018e-02,2.190504404e+00
rotor,self,18.000,u,114,1.642172209e-02,2.143278539e+00
rotor,self,18.000,u,115,1.526162244e-02,2.108550695e+00
rotor,self,18.000,u,116,1.403284155e-02,2.086656156e+00
rotor,self,18.000,u,117,1.288514099e-02,1.933109434e+00
rotor,self,18.000,u,118,1.171247242e-02,1.867906003e+00
rotor,self,18.000,u,119,1.046590766e-02,1.828703190e+00
rotor,self,18.000,u,120,9.185087762e-03,1.744846389e+00
rotor,self,18.000,u,121,7.884688857e-03,1.638600585e+00
rotor,self,18.000,u,122,6.599480128e-03,1.500563968e+00
rotor,self,18.000,u,123,5.317181238e-03,1.359542603e+00
rotor,self,18.000,u,124,4.751148791e-03,8.302717740e-01
rotor,self,18.000,u,125,4.254801517e-03,7.353235629e-01
rotor,self,18.000,u,126,3.852592388e-03,6.280402647e-01
rotor,self,18.000,u,127,3.434430384e-03,6.071111888e-01
rotor,self,18.000,u,128,3.139485594e-03,4.842875765e-01
rotor,self,18.000,u,129,2.871642920e-03,4.413049322e-01
rotor,self,18.000,u,130,2.608613190e-03,4.175646604e-01
rotor,self,18.000,u,131,2.359618905e-03,3.868267657e-01
rotor,self,18.000,u,132,2.147775627e-03,3.398529309e-01
rotor,self,18.000,u,133,1.948909284e-03,3.139191532e-01
rotor,self,18.000,u,134,1.734423389e-03,3.091296986e-01
rotor,self,18.000,u,135,1.512984798e-03,2.949279857e-01
rotor,self,18.000,u,136,1.316418474e-03,2.593718698e-01
rotor,self,18.000,u,137,1.116500806e-03,2.425550537e-01
rotor,self,18.000,u,138,9.250404919e-04,2.174399589e-01
rotor,self,18.000,u,139,7.536753771e-04,1.865394514e-01
rotor,self,18.000,u,140,5.735218919e-04,1.700630497e-01
rotor,self,18.000,u,141,4.219043454e-04,1.351139414e-01
rotor,self,18.000,u,142,3.081598387e-04,1.002228219e-01
rotor,self,18.000,u,143,1.797683252e-04,8.704964246e-02
rotor,self,18.000,u,144,0.000000000e+00,6.252217266e-02
rotor,self,18.000,uj,1,9.862156015e-01,1.150954061e+02
rotor,self,18.000,uj,2,9.737360765e-01,1.087858965e+02
rotor,self,18.000,uj,3,9.616343629e-01,1.064526241e+02
rotor,self,18.000,uj,4,9.505875731e-01,1.010969555e+02
rotor,self,18.000,uj,5,9.400923143e-01,9.798429281e+01
rotor,self,18.000,uj,6,9.306779967e-01,9.231144365e+01
rotor,self,18.000,uj,7,9.215739593e-01,9.032707187e+01
rotor,self,18.000,uj,8,9.131126997e-01,8.666611867e+01
rotor,self,18.000,uj,9,9.050583517e-01,8.417506253e+01
rotor,self,18.000,uj,10,8.975960013e-01,8.067610745e+01
rotor,self,18.000,uj,11,8.904456240e-01,7.865098711e+01
rotor,self,18.000,uj,12,8.837687838e-01,7.570759068e+01
rotor,self,18.000,uj,13,8.771794668e-01,7.492804154e+01
rotor,self,18.000,uj,14,8.707112633e-01,7.396050433e+01
rotor,self,18.000,uj,15,8.645853090e-01,7.171741266e+01
rotor,self,18.000,uj,16,8.586881312e-01,7.012132200e+01
rotor,self,18.000,uj,17,8.527950072e-01,6.985700890e+01
rotor,self,18.000,uj,18,8.468898463e-01,6.968686896e+01
rotor,self,18.000,uj,19,8.409986720e-01,6.936233449e+01
rotor,self,18.000,uj,20,8.350942025e-01,6.919749418e+01
rotor,self,18.000,uj,21,8.291617865e-01,6.911570597e+01
rotor,self,18.000,uj,22,8.231950047e-01,6.906736306e+01
rotor,self,18.000,uj,23,8.172085049e-01,6.893070426e+01
rotor,self,18.000,uj,24,8.111931767e-01,6.884324321e+01
rotor,self,18.000,uj,25,8.051342149e-01,6.883584671e+01
rotor,self,18.000,uj,26,7.990341407e-01,6.880870958e+01
rotor,self,18.000,uj,27,7.928898441e-01,6.879361535e+01
rotor,self,18.000,uj,28,7.867006082e-01,6.877675086e+01
rotor,self,18.000,uj,29,7.804645078e-01,6.876458249e+01
rotor,self,18.000,uj,30,7.741807794e-01,6.875040276e+01
rotor,self,18.000,uj,31,7.678474404e-01,6.874061447e+01
rotor,self,18.000,uj,32,7.614623470e-01,6.873568225e+01
rotor,self,18.000,uj,33,7.550246562e-01,6.872825058e+01
rotor,self,18.000,uj,34,7.485327168e-01,6.872236758e+01
rotor,self,18.000,uj,35,7.419844143e-01,6.872009278e+01
rotor,self,18.000,uj,36,7.353790576e-01,6.871360008e+01
rotor,self,18.000,uj,37,7.287143947e-01,6.871070082e+01
rotor,self,18.000,uj,38,7.219893888e-01,6.870472262e+01
rotor,self,18.000,uj,39,7.152021134e-01,6.869987414e+01
rotor,self,18.000,uj,40,7.083505807e-01,6.869601165e+01
rotor,self,18.000,uj,41,7.014325800e-01,6.869376906e+01
rotor,self,18.000,uj,42,6.944461509e-01,6.869139868e+01
rotor,self,18.000,uj,43,6.873899848e-01,6.868526098e+01
rotor,self,18.000,uj,44,6.802612453e-01,6.868231713e+01
rotor,self,18.000,uj,45,6.730580334e-01,6.867744283e+01
rotor,self,18.000,uj,46,6.657780384e-01,6.867206798e+01
rotor,self,18.000,uj,47,6.584191877e-01,6.866449316e+01
rotor,self,18.000,uj,48,6.509780432e-01,6.866042103e+01
rotor,self,18.000,uj,49,6.434513272e-01,6.865826569e+01
rotor,self,18.000,uj,50,6.358365218e-01,6.865377545e+01
rotor,self,18.000,uj,51,6.281296023e-01,6.865292000e+01
rotor,self,18.000,uj,52,6.203282947e-01,6.864699606e+01
rotor,self,18.000,uj,53,6.124288335e-01,6.864175543e+01
rotor,self,18.000,uj,54,6.044271127e-01,6.863761177e+01
rotor,self,18.000,uj,55,5.963186383e-01,6.863505578e+01
rotor,self,18.000,uj,56,5.880990734e-01,6.863217215e+01
rotor,self,18.000,uj,57,5.797644605e-01,6.862615261e+01
rotor,self,18.000,uj,58,5.713090659e-01,6.862294582e+01
rotor,self,18.000,uj,59,5.627274249e-01,6.861981942e+01
rotor,self,18.000,uj,60,5.540150690e-01,6.861123080e+01
rotor,self,18.000,uj,61,5.451637117e-01,6.861040598e+01
rotor,self,18.000,uj,62,5.361698994e-01,6.859660844e+01
rotor,self,18.000,uj,63,5.270232385e-01,6.859433611e+01
rotor,self,18.000,uj,64,5.177363123e-01,6.851648231e+01
rotor,self,18.000,uj,65,5.084614475e-01,6.786099289e+01
rotor,self,18.000,uj,66,4.992547768e-01,6.699946171e+01
rotor,self,18.000,uj,67,4.900277448e-01,6.645720432e+01
rotor,self,18.000,uj,68,4.806681533e-01,6.630112977e+01
rotor,self,18.000,uj,69,4.716445797e-01,6.448073250e+01
rotor,self,18.000,uj,70,4.627243191e-01,6.350367270e+01
rotor,self,18.000,uj,71,4.540930164e-01,6.187717346e+01
rotor,self,18.000,uj,72,4.453895802e-01,6.154498097e+01
rotor,self,18.000,uj,73,4.368354221e-01,6.042674526e+01
rotor,self,18.000,uj,74,4.284849005e-01,5.912840134e+01
rotor,self,18.000,uj,75,4.202785740e-01,5.805219191e+01
rotor,self,18.000,uj,76,4.122584971e-01,5.683841274e+01
rotor,self,18.000,uj,77,4.042591258e-01,5.621621398e+01
rotor,self,18.000,uj,78,3.963301038e-01,5.541987850e+01
rotor,self,18.000,uj,79,3.883109784e-01,5.517596105e+01
rotor,self,18.000,uj,80,3.802554412e-01,5.473168787e+01
rotor,self,18.000,uj,81,3.722749941e-01,5.390468743e+01
rotor,self,18.000,uj,82,3.645154014e-01,5.259474160e+01
rotor,self,18.000,uj,83,3.568146137e-01,5.184244336e+01
rotor,self,18.000,uj,84,3.490885817e-01,5.136907073e+01
rotor,self,18.000,uj,85,3.413137700e-01,5.096205776e+01
rotor,self,18.000,uj,86,3.334672773e-01,5.061393592e+01
rotor,self,18.000,uj,87,3.257604841e-01,4.957988102e+01
rotor,self,18.000,uj,88,3.180941313e-01,4.886964594e+01
rotor,self,18.000,uj,89,3.102767353e-01,4.875172229e+01
rotor,self,18.000,uj,90,3.024299494e-01,4.823064767e+01
rotor,self,18.000,uj,91,2.945574262e-01,4.768594942e+01
rotor,self,18.000,uj,92,2.865149391e-01,4.755116722e+01
rotor,self,18.000,uj,93,2.784150178e-01,4.705313726e+01
rotor,self,18.000,uj,94,2.702643678e-01,4.651642508e+01
rotor,self,18.000,uj,95,2.619636420e-01,4.623360748e+01
rotor,self,18.000,uj,96,2.534457533e-01,4.608854857e+01
rotor,self,18.000,uj,97,2.447355468e-01,4.582039408e+01
rotor,self,18.000,uj,98,2.359176551e-01,4.528445914e+01
rotor,self,18.000,uj,99,2.272083021e-01,4.417671234e+01
rotor,self,18.000,uj,100,2.184265755e-01,4.351414240e+01
rotor,self,18.000,uj,101,2.094634117e-01,4.307721450e+01
rotor,self,18.000,uj,102,2.001438050e-01,4.297674093e+01
rotor,self,18.000,uj,103,1.909644452e-01,4.167787505e+01
rotor,self,18.000,uj,104,1.819847382e-01,4.025379214e+01
rotor,self,18.000,uj,105,1.728721876e-01,3.955464613e+01
rotor,self,18.000,uj,106,1.635366026e-01,3.898121037e+01
rotor,self,18.000,uj,107,1.544691620e-01,3.735173166e+01
rotor,self,18.000,uj,108,1.449196583e-01,3.719281716e+01
rotor,self,18.000,uj,109,1.359363381e-01,3.493905661e+01
rotor,self,18.000,uj,110,1.267183114e-01,3.422649391e+01
rotor,self,18.000,uj,111,1.172740837e-01,3.339044875e+01
rotor,self,18.000,uj,112,1.081286108e-01,3.158155573e+01
rotor,self,18.000,uj,113,9.843919708e-02,3.111938130e+01
rotor,self,18.000,uj,114,8.817838792e-02,3.043813034e+01
rotor,self,18.000,uj,115,7.734230419e-02,2.945867490e+01
rotor,self,18.000,uj,116,6.613257764e-02,2.789564013e+01
rotor,self,18.000,uj,117,5.972767494e-02,1.974928843e+01
rotor,self,18.000,uj,118,5.437448571e-02,1.719111782e+01
rotor,self,18.000,uj,119,4.923200025e-02,1.605576094e+01
rotor,self,18.000,uj,120,4.430073436e-02,1.493866921e+01
rotor,self,18.000,uj,121,3.939033038e-02,1.410097176e+01
rotor,self,18.000,uj,122,3.605615512e-02,1.103226293e+01
rotor,self,18.000,uj,123,3.270104161e-02,1.056485582e+01
rotor,self,18.000,uj,124,2.999762418e-02,9.056003656e+00
rotor,self,18.000,uj,125,2.737789169e-02,8.527911018e+00
rotor,self,18.000,uj,126,2.507634514e-02,7.642774619e+00
rotor,self,18.000,uj,127,2.301713611e-02,6.922201053e+00
rotor,self,18.000,uj,128,2.096834704e-02,6.603196051e+00
rotor,self,18.000,uj,129,1.904063076e-02,6.108733376e+00
rotor,self,18.000,uj,130,1.722454058e-02,5.645006641e+00
rotor,self,18.000,uj,131,1.553631813e-02,5.173010475e+00
rotor,self,18.000,uj,132,1.402511726e-02,4.649162669e+00
rotor,self,18.000,uj,133,1.257399948e-02,4.321513003e+00
rotor,self,18.000,uj,134,1.139794002e-02,3.693321464e+00
rotor,self,18.000,uj,135,1.017566847e-02,3.571874028e+00
rotor,self,18.000,uj,136,9.161867069e-03,3.079838121e+00
rotor,self,18.000,uj,137,8.095705056e-03,2.983680635e+00
rotor,self,18.000,uj,138,7.092674731e-03,2.714961283e+00
rotor,self,18.000,uj,139,6.210888541e-03,2.382410096e+00
rotor,self,18.000,uj,140,5.228349982e-03,2.331976900e+00
rotor,self,18.000,uj,141,4.374264149e-03,1.992032330e+00
rotor,self,18.000,uj,142,3.394311896e-03,1.919216874e+00
rotor,self,18.000,uj,143,2.285260262e-03,1.745760161e+00
rotor,self,18.000,uj,144,0.000000000e+00,1.589595236e+00
rotor,face,1.000,u,1,8.515364475e-01,1.823462960e+02
rotor,face,1.000,u,2,7.170481014e-01,1.597412880e+02
rotor,face,1.000,u,3,6.138784402e-01,1.288765597e+02
rotor,face,1.000,u,4,5.253866528e-01,1.104294142e+02
rotor,face,1.000,u,5,4.521076219e-01,9.308246136e+01
rotor,face,1.000,u,6,3.856834103e-01,8.204496744e+01
rotor,face,1.000,u,7,3.199024255e-01,7.492832111e+01
rotor,face,1.000,u,8,2.766850573e-01,5.584536269e+01
rotor,face,1.000,u,9,2.404860158e-01,4.758680393e+01
rotor,face,1.000,u,10,2.107839482e-01,4.026543955e+01
rotor,face,1.000,u,11,1.792415773e-01,3.857576712e+01
rotor,face,1.000,u,12,1.501514029e-01,3.404483403e+01
rotor,face,1.000,u,13,1.313623185e-01,2.529434760e+01
rotor,face,1.000,u,14,1.156078030e-01,2.169429903e+01
rotor,face,1.000,u,15,1.010766497e-01,1.951573029e+01
rotor,face,1.000,u,16,8.812522005e-02,1.721640444e+01
rotor,face,1.000,u,17,7.968020873e-02,1.309254305e+01
rotor,face,1.000,u,18,7.138255836e-02,1.231337689e+01
rotor,face,1.000,u,19,6.291487000e-02,1.172835682e+01
rotor,face,1.000,u,20,5.478447889e-02,1.075879514e+01
rotor,face,1.000,u,21,4.681067187e-02,9.898975263e+00
rotor,face,1.000,u,22,4.068948677e-02,8.049021094e+00
rotor,face,1.000,u,23,3.469939806e-02,7.390795330e+00
rotor,face,1.000,u,24,3.023070080e-02,5.924263786e+00
rotor,face,1.000,u,25,2.693055126e-02,4.776816573e+00
rotor,face,1.000,u,26,2.343063573e-02,4.617401606e+00
rotor,face,1.000,u,27,2.068430559e-02,3.828160286e+00
rotor,face,1.000,u,28,1.808615998e-02,3.490624564e+00
rotor,face,1.000,u,29,1.563172290e-02,3.163930901e+00
rotor,face,1.000,u,30,1.328008786e-02,2.867764578e+00
rotor,face,1.000,u,31,1.133886882e-02,2.404323950e+00
rotor,face,1.000,u,32,9.634272751e-03,2.079521307e+00
rotor,face,1.000,u,33,8.423304165e-03,1.626361423e+00
rotor,face,1.000,u,34,7.184831154e-03,1.529113327e+00
rotor,face,1.000,u,35,6.125802753e-03,1.305792176e+00
rotor,face,1.000,u,36,5.377114525e-03,1.020646591e+00
rotor,face,1.000,u,37,4.649236794e-03,9.395536076e-01
rotor,face,1.000,u,38,3.873716670e-03,8.941543293e-01
rotor,face,1.000,u,39,3.308086206e-03,7.009774146e-01
rotor,face,1.000,u,40,2.717201984e-03,6.562374300e-01
rotor,face,1.000,u,41,2.123217113e-03,5.897257125e-01
rotor,face,1.000,u,42,1.787264840e-03,3.986344466e-01
rotor,face,1.000,u,43,1.549012345e-03,3.100778043e-01
rotor,face,1.000,u,44,1.316175788e-03,2.840684790e-01
rotor,face,1.000,u,45,1.133326428e-03,2.327590248e-01
rotor,face,1.000,u,46,9.683791884e-04,2.047761426e-01
rotor,face,1.000,u,47,7.870659194e-04,1.962136922e-01
rotor,face,1.000,u,48,6.309796350e-04,1.636245072e-01
rotor,face,1.000,u,49,5.297635865e-04,1.192102658e-01
rotor,face,1.000,u,50,4.310335923e-04,1.071177161e-01
rotor,face,1.000,u,51,3.675372924e-04,7.831624106e-02
rotor,face,1.000,u,52,3.150619792e-04,6.582355275e-02
rotor,face,1.000,u,53,2.603081117e-04,6.173080359e-02
rotor,face,1.000,u,54,2.087533754e-04,5.408415664e-02
rotor,face,1.000,u,55,1.562234728e-04,4.815671405e-02
rotor,face,1.000,u,56,1.273761007e-04,3.145768824e-02
rotor,face,1.000,u,57,9.774725761e-05,2.840458936e-02
rotor,face,1.000,u,58,6.569609490e-05,2.517250376e-02
rotor,face,1.000,u,59,4.598377756e-05,1.631838536e-02
rotor,face,1.000,u,60,2.999923335e-05,1.212074368e-02
rotor,face,1.000,u,61,2.078058804e-05,7.524887760e-03
rotor,face,1.000,u,62,1.532189397e-05,4.882404944e-03
rotor,face,1.000,u,63,8.619501497e-06,4.405655625e-03
rotor,face,1.000,u,64,4.650500107e-06,2.524044470e-03
rotor,face,1.000,u,65,2.817524971e-06,1.286773356e-03
rotor,face,1.000,u,66,1.733046252e-06,7.726171859e-04
rotor,face,1.000,u,67,1.186092127e-06,4.394643815e-04
rotor,face,1.000,u,68,7.759236050e-07,3.119990671e-04
rotor,face,1.000,u,69,4.574143212e-07,2.179831781e-04
rotor,face,1.000,u,70,3.579519524e-07,9.904365527e-05
rotor,face,1.000,u,71,2.859773725e-07,7.487374573e-05
rotor,face,1.000,u,72,2.222442449e-07,6.259362040e-05
rotor,face,1.000,u,73,1.795446709e-07,4.555453692e-05
rotor,face,1.000,u,74,1.433309295e-07,3.760756373e-05
rotor,face,1.000,u,75,1.066825647e-07,3.329123567e-05
rotor,face,1.000,u,76,8.203836070e-08,2.371855980e-05
rotor,face,1.000,u,77,6.728110944e-08,1.632607717e-05
rotor,face,1.000,u,78,5.391694090e-08,1.399715197e-05
rotor,face,1.000,u,79,4.314421075e-08,1.124621805e-05
rotor,face,1.000,u,80,3.528621402e-08,8.634140160e-06
rotor,face,1.000,u,81,2.707731621e-08,7.869165141e-06
rotor,face,1.000,u,82,2.299504801e-08,4.972453210e-06
rotor,face,1.000,u,83,1.874619291e-08,4.631690459e-06
rotor,face,1.000,u,84,1.539616531e-08,3.719562312e-06
rotor,face,1.000,u,85,1.251488697e-08,3.118901086e-06
rotor,face,1.000,u,86,1.024973432e-08,2.497467476e-06
rotor,face,1.000,u,87,7.824912449e-09,2.302479215e-06
rotor,face,1.000,u,88,6.258478157e-09,1.633543081e-06
rotor,face,1.000,u,89,5.081109368e-09,1.270795819e-06
rotor,face,1.000,u,90,4.155417657e-09,1.016970673e-06
rotor,face,1.000,u,91,3.074168127e-09,9.723901757e-07
rotor,face,1.000,u,92,2.566794058e-09,5.883850336e-07
rotor,face,1.000,u,93,2.085612295e-09,5.203724414e-07
rotor,face,1.000,u,94,1.706693525e-09,4.169131798e-07
rotor,face,1.000,u,95,1.360821701e-09,3.582381591e-07
rotor,face,1.000,u,96,1.085841156e-09,2.852718629e-07
rotor,face,1.000,u,97,8.867376907e-10,2.179603436e-07
rotor,face,1.000,u,98,6.854483479e-10,1.956515297e-07
rotor,face,1.000,u,99,5.264577920e-10,1.526655497e-07
rotor,face,1.000,u,100,4.180510277e-10,1.112889613e-07
rotor,face,1.000,u,101,3.250596473e-10,9.142584571e-08
rotor,face,1.000,u,102,2.184345157e-10,8.372364382e-08
rotor,face,1.000,u,103,1.831203300e-10,4.141597811e-08
rotor,face,1.000,u,104,1.450829342e-10,3.885954626e-08
rotor,face,1.000,u,105,1.084178459e-10,3.353025888e-08
rotor,face,1.000,u,106,8.876056857e-11,2.165270986e-08
rotor,face,1.000,u,107,6.791543992e-11,1.987579132e-08
rotor,face,1.000,u,108,5.617754455e-11,1.327362735e-08
rotor,face,1.000,u,109,4.505337534e-11,1.167108612e-08
rotor,face,1.000,u,110,3.495637683e-11,9.885269136e-09
rotor,face,1.000,u,111,2.652927286e-11,7.916750319e-09
rotor,face,1.000,u,112,1.961028253e-11,6.214110242e-09
rotor,face,1.000,u,113,1.516230778e-11,4.325343143e-09
rotor,face,1.000,u,114,1.055043093e-11,3.787336632e-09
rotor,face,1.000,u,115,8.805952460e-12,2.020997630e-09
rotor,face,1.000,u,116,7.085422763e-12,1.818581282e-09
rotor,face,1.000,u,117,5.639444882e-12,1.491860965e-09
rotor,face,1.000,u,118,4.206942011e-12,1.306192205e-09
rotor,face,1.000,u,119,3.457785781e-12,8.334037586e-10
rotor,face,1.000,u,120,2.668210193e-12,7.649025323e-10
rotor,face,1.000,u,121,2.174950632e-12,5.375552291e-10
rotor,face,1.000,u,122,1.637325969e-12,4.979121024e-10
rotor,face,1.000,u,123,1.338351448e-12,3.280430963e-10
rotor,face,1.000,u,124,1.058614496e-12,2.847913149e-10
rotor,face,1.000,u,125,8.727403935e-13,2.083825617e-10
rotor,face,1.000,u,126,6.981612983e-13,1.821342040e-10
rotor,face,1.000,u,127,5.788805621e-13,1.357402395e-10
rotor,face,1.000,u,128,4.773109169e-13,1.139132352e-10
rotor,face,1.000,u,129,3.689641577e-13,1.053136407e-10
rotor,face,1.000,u,130,3.062373490e-13,7.157546643e-11
rotor,face,1.000,u,131,2.492508601e-13,6.187913888e-11
rotor,face,1.000,u,132,1.919963989e-13,5.527981304e-11
rotor,face,1.000,u,133,1.533001042e-13,4.020237129e-11
rotor,face,1.000,u,134,1.099822060e-13,3.714201125e-11
rotor,face,1.000,u,135,7.248982728e-14,2.876673299e-11
rotor,face,1.000,u,136,4.531695964e-14,1.967767490e-11
rotor,face,1.000,u,137,3.447060386e-14,1.023129045e-11
rotor,face,1.000,u,138,2.584316393e-14,7.933596178e-12
rotor,face,1.000,u,139,1.626314860e-14,6.985179904e-12
rotor,face,1.000,u,140,1.229779665e-14,3.701246820e-12
rotor,face,1.000,u,141,7.392507988e-15,3.418057712e-12
rotor,face,1.000,u,142,4.182484687e-15,2.119997476e-12
rotor,face,1.000,u,143,2.331855406e-15,1.207579739e-12
rotor,face,1.000,u,144,0.000000000e+00,8.110030850e-13
rotor,face,1.000,uj,1,8.834423128e-01,3.259098654e+02
rotor,face,1.000,uj,2,7.617832705e-01,3.111972915e+02
rotor,face,1.000,uj,3,6.665400016e-01,2.565554751e+02
rotor,face,1.000,uj,4,5.743938318e-01,2.352143649e+02
rotor,face,1.000,uj,5,4.749251651e-01,2.247231433e+02
rotor,face,1.000,uj,6,3.893025540e-01,1.892165913e+02
rotor,face,1.000,uj,7,3.312023754e-01,1.423174312e+02
rotor,face,1.000,uj,8,2.793108564e-01,1.238074040e+02
rotor,face,1.000,uj,9,2.462579894e-01,9.167908271e+01
rotor,face,1.000,uj,10,2.135259245e-01,8.533250076e+01
rotor,face,1.000,uj,11,1.837862902e-01,7.561094310e+01
rotor,face,1.000,uj,12,1.603448038e-01,6.247487780e+01
rotor,face,1.000,uj,13,1.448910748e-01,4.777330877e+01
rotor,face,1.000,uj,14,1.288596194e-01,4.608026577e+01
rotor,face,1.000,uj,15,1.137942138e-01,4.205666935e+01
rotor,face,1.000,uj,16,1.027419135e-01,3.402846867e+01
rotor,face,1.000,uj,17,9.122855027e-02,3.287152031e+01
rotor,face,1.000,uj,18,8.159974912e-02,2.837555874e+01
rotor,face,1.000,uj,19,7.322015622e-02,2.505392330e+01
rotor,face,1.000,uj,20,6.485501919e-02,2.363987722e+01
rotor,face,1.000,uj,21,5.774504829e-02,2.053667597e+01
rotor,face,1.000,uj,22,5.031124945e-02,1.971429854e+01
rotor,face,1.000,uj,23,4.314103336e-02,1.800578102e+01
rotor,face,1.000,uj,24,3.586986419e-02,1.667233803e+01
rotor,face,1.000,uj,25,3.192915627e-02,1.136971865e+01
rotor,face,1.000,uj,26,2.793496506e-02,1.075594608e+01
rotor,face,1.000,uj,27,2.489480311e-02,8.815330450e+00
rotor,face,1.000,uj,28,2.211397422e-02,7.952936158e+00
rotor,face,1.000,uj,29,1.950076364e-02,7.253734741e+00
rotor,face,1.000,uj,30,1.693205579e-02,6.729063591e+00
rotor,face,1.000,uj,31,1.487932428e-02,5.620930476e+00
rotor,face,1.000,uj,32,1.256649119e-02,5.541930825e+00
rotor,face,1.000,uj,33,1.083021286e-02,4.433410013e+00
rotor,face,1.000,uj,34,9.146588885e-03,4.034004849e+00
rotor,face,1.000,uj,35,7.875936703e-03,3.235014457e+00
rotor,face,1.000,uj,36,6.693201551e-03,2.887430697e+00
rotor,face,1.000,uj,37,5.930525861e-03,2.158314064e+00
rotor,face,1.000,uj,38,5.207852519e-03,1.973480711e+00
rotor,face,1.000,uj,39,4.417419694e-03,1.918624026e+00
rotor,face,1.000,uj,40,3.632901414e-03,1.748070808e+00
rotor,face,1.000,uj,41,2.948558300e-03,1.476212740e+00
rotor,face,1.000,uj,42,2.498231782e-03,1.089393964e+00
rotor,face,1.000,uj,43,2.173355667e-03,8.569234306e-01
rotor,face,1.000,uj,44,1.859186495e-03,7.829285445e-01
rotor,face,1.000,uj,45,1.614846474e-03,6.408629376e-01
rotor,face,1.000,uj,46,1.420751137e-03,5.339253447e-01
rotor,face,1.000,uj,47,1.197065645e-03,5.322791037e-01
rotor,face,1.000,uj,48,1.031895362e-03,4.220540538e-01
rotor,face,1.000,uj,49,8.768769527e-04,3.783725194e-01
rotor,face,1.000,uj,50,7.344804975e-04,3.331934225e-01
rotor,face,1.000,uj,51,6.351187839e-04,2.566003125e-01
rotor,face,1.000,uj,52,5.392352022e-04,2.334116465e-01
rotor,face,1.000,uj,53,4.498433024e-04,2.068308658e-01
rotor,face,1.000,uj,54,3.491671853e-04,1.972833134e-01
rotor,face,1.000,uj,55,2.771751203e-04,1.477063185e-01
rotor,face,1.000,uj,56,2.212750970e-04,1.161095051e-01
rotor,face,1.000,uj,57,1.720116543e-04,9.682063401e-02
rotor,face,1.000,uj,58,1.213015242e-04,8.483284568e-02
rotor,face,1.000,uj,59,8.083835382e-05,6.290813904e-02
rotor,face,1.000,uj,60,5.577955246e-05,4.069910362e-02
rotor,face,1.000,uj,61,3.994370181e-05,2.708197362e-02
rotor,face,1.000,uj,62,3.023348599e-05,1.815780327e-02
rotor,face,1.000,uj,63,1.724247798e-05,1.727464796e-02
rotor,face,1.000,uj,64,1.015941725e-05,9.690622335e-03
rotor,face,1.000,uj,65,6.509904347e-06,5.425344232e-03
rotor,face,1.000,uj,66,3.517353737e-06,3.810331256e-03
rotor,face,1.000,uj,67,2.641891972e-06,1.615225794e-03
rotor,face,1.000,uj,68,1.726775286e-06,1.390796553e-03
rotor,face,1.000,uj,69,1.064852462e-06,9.455474249e-04
rotor,face,1.000,uj,70,8.761955157e-07,4.209256781e-04
rotor,face,1.000,uj,71,7.006315461e-07,3.659827475e-04
rotor,face,1.000,uj,72,5.203567306e-07,3.263428948e-04
rotor,face,1.000,uj,73,3.837773494e-07,2.444330208e-04
rotor,face,1.000,uj,74,3.057660557e-07,1.613282524e-04
rotor,face,1.000,uj,75,2.316599129e-07,1.388152927e-04
rotor,face,1.000,uj,76,1.878305205e-07,9.431801251e-05
rotor,face,1.000,uj,77,1.608452429e-07,6.747225262e-05
rotor,face,1.000,uj,78,1.358577263e-07,5.989262930e-05
rotor,face,1.000,uj,79,1.085507397e-07,5.682584417e-05
rotor,face,1.000,uj,80,9.005978154e-08,4.215331346e-05
rotor,face,1.000,uj,81,7.083528496e-08,3.868563559e-05
rotor,face,1.000,uj,82,5.810353815e-08,2.818296832e-05
rotor,face,1.000,uj,83,4.982708358e-08,2.078956451e-05
rotor,face,1.000,uj,84,4.264006516e-08,1.793159811e-05
rotor,face,1.000,uj,85,3.632829468e-08,1.552934157e-05
rotor,face,1.000,uj,86,2.901097596e-08,1.520946760e-05
rotor,face,1.000,uj,87,2.304667302e-08,1.225668450e-05
rotor,face,1.000,uj,88,1.923517477e-08,8.830305452e-06
rotor,face,1.000,uj,89,1.579885761e-08,7.632073930e-06
rotor,face,1.000,uj,90,1.237805942e-08,6.829066595e-06
rotor,face,1.000,uj,91,8.648768900e-09,6.159576846e-06
rotor,face,1.000,uj,92,7.291277962e-09,3.235669471e-06
rotor,face,1.000,uj,93,6.168271761e-09,2.704314692e-06
rotor,face,1.000,uj,94,5.070068510e-09,2.443674381e-06
rotor,face,1.000,uj,95,4.110737716e-09,2.064312717e-06
rotor,face,1.000,uj,96,3.248334062e-09,1.752337271e-06
rotor,face,1.000,uj,97,2.704844816e-09,1.251182981e-06
rotor,face,1.000,uj,98,2.234633603e-09,1.060078244e-06
rotor,face,1.000,uj,99,1.804611931e-09,9.167400044e-07
rotor,face,1.000,uj,100,1.455254522e-09,7.423107813e-07
rotor,face,1.000,uj,101,1.051963818e-09,6.994490242e-07
rotor,face,1.000,uj,102,7.517255369e-10,5.118760240e-07
rotor,face,1.000,uj,103,6.221592155e-10,2.934756687e-07
rotor,face,1.000,uj,104,5.148875784e-10,2.429307596e-07
rotor,face,1.000,uj,105,4.140598811e-10,2.128807467e-07
rotor,face,1.000,uj,106,3.371092652e-10,1.672344728e-07
rotor,face,1.000,uj,107,2.782053061e-10,1.324255323e-07
rotor,face,1.000,uj,108,2.182628874e-10,1.199951607e-07
rotor,face,1.000,uj,109,1.770094361e-10,8.882377606e-08
rotor,face,1.000,uj,110,1.416863834e-10,7.380200878e-08
rotor,face,1.000,uj,111,1.009738666e-10,6.913758103e-08
rotor,face,1.000,uj,112,7.972008428e-11,4.310630581e-08
rotor,face,1.000,uj,113,6.479806656e-11,3.230173564e-08
rotor,face,1.000,uj,114,4.892936926e-11,2.954977282e-08
rotor,face,1.000,uj,115,3.968505719e-11,1.990858525e-08
rotor,face,1.000,uj,116,3.211025052e-11,1.622126398e-08
rotor,face,1.000,uj,117,2.504794833e-11,1.397536954e-08
rotor,face,1.000,uj,118,1.941769162e-11,1.100594294e-08
rotor,face,1.000,uj,119,1.522449727e-11,8.383513021e-09
rotor,face,1.000,uj,120,1.217779278e-11,6.355642795e-09
rotor,face,1.000,uj,121,9.712230963e-12,5.110130003e-09
rotor,face,1.000,uj,122,7.737628135e-12,4.083069049e-09
rotor,face,1.000,uj,123,6.571490628e-12,2.841398918e-09
rotor,face,1.000,uj,124,5.478750866e-12,2.524103350e-09
rotor,face,1.000,uj,125,4.537808759e-12,2.135460914e-09
rotor,face,1.000,uj,126,3.666625955e-12,1.859644216e-09
rotor,face,1.000,uj,127,2.787442736e-12,1.656942248e-09
rotor,face,1.000,uj,128,2.335998542e-12,1.057873656e-09
rotor,face,1.000,uj,129,1.832690118e-12,1.007552570e-09
rotor,face,1.000,uj,130,1.530628364e-12,7.011044949e-10
rotor,face,1.000,uj,131,1.203207004e-12,6.580979948e-10
rotor,face,1.000,uj,132,9.361175562e-13,5.257963757e-10
rotor,face,1.000,uj,133,7.391667066e-13,3.995526988e-10
rotor,face,1.000,uj,134,5.612681627e-13,3.345656767e-10
rotor,face,1.000,uj,135,4.250237532e-13,2.549840218e-10
rotor,face,1.000,uj,136,3.072946639e-13,2.042409186e-10
rotor,face,1.000,uj,137,2.324135308e-13,1.398352280e-10
rotor,face,1.000,uj,138,1.782784639e-13,1.037166170e-10
rotor,face,1.000,uj,139,1.245702248e-13,8.871237167e-11
rotor,face,1.000,uj,140,9.134703967e-14,5.891355131e-11
rotor,face,1.000,uj,141,6.795744411e-14,4.245963345e-11
rotor,face,1.000,uj,142,4.925095681e-14,3.257064634e-11
rotor,face,1.000,uj,143,2.657420466e-14,2.884350165e-11
rotor,face,1.000,uj,144,0.000000000e+00,1.848464695e-11
rotor,face,6.000,u,1,8.515364475e-01,1.823462960e+02
rotor,face,6.000,u,2,7.170481014e-01,1.597412880e+02
rotor,face,6.000,u,3,6.138784402e-01,1.288765597e+02
rotor,face,6.000,u,4,5.253866528e-01,1.104294142e+02
rotor,face,6.000,u,5,4.521076219e-01,9.308246136e+01
rotor,face,6.000,u,6,3.856834103e-01,8.204496744e+01
rotor,face,6.000,u,7,3.199024255e-01,7.492832111e+01
rotor,face,6.000,u,8,2.766850573e-01,5.584536269e+01
rotor,face,6.000,u,9,2.404860158e-01,4.758680393e+01
rotor,face,6.000,u,10,2.107839482e-01,4.026543955e+01
rotor,face,6.000,u,11,1.792415773e-01,3.857576712e+01
rotor,face,6.000,u,12,1.501514029e-01,3.404483403e+01
rotor,face,6.000,u,13,1.313623185e-01,2.529434760e+01
rotor,face,6.000,u,14,1.156078030e-01,2.169429903e+01
rotor,face,6.000,u,15,1.010766497e-01,1.951573029e+01
rotor,face,6.000,u,16,8.812522005e-02,1.721640444e+01
rotor,face,6.000,u,17,7.968020873e-02,1.309254305e+01
rotor,face,6.000,u,18,7.138255836e-02,1.231337689e+01
rotor,face,6.000,u,19,6.291487000e-02,1.172835682e+01
rotor,face,6.000,u,20,5.478447889e-02,1.075879514e+01
rotor,face,6.000,u,21,4.681067187e-02,9.898975263e+00
rotor,face,6.000,u,22,4.068948677e-02,8.049021094e+00
rotor,face,6.000,u,23,3.469939806e-02,7.390795330e+00
rotor,face,6.000,u,24,3.023070080e-02,5.924263786e+00
rotor,face,6.000,u,25,2.693055126e-02,4.776816573e+00
rotor,face,6.000,u,26,2.343063573e-02,4.617401606e+00
rotor,face,6.000,u,27,2.068430559e-02,3.828160286e+00
rotor,face,6.000,u,28,1.808615998e-02,3.490624564e+00
rotor,face,6.000,u,29,1.563172290e-02,3.163930901e+00
rotor,face,6.000,u,30,1.328008786e-02,2.867764578e+00
rotor,face,6.000,u,31,1.133886882e-02,2.404323950e+00
rotor,face,6.000,u,32,9.634272751e-03,2.079521307e+00
rotor,face,6.000,u,33,8.423304165e-03,1.626361423e+00
rotor,face,6.000,u,34,7.184831154e-03,1.529113327e+00
rotor,face,6.000,u,35,6.125802753e-03,1.305792176e+00
rotor,face,6.000,u,36,5.377114525e-03,1.020646591e+00
rotor,face,6.000,u,37,4.649236794e-03,9.395536076e-01
rotor,face,6.000,u,38,3.873716670e-03,8.941543293e-01
rotor,face,6.000,u,39,3.308086206e-03,7.009774146e-01
rotor,face,6.000,u,40,2.717201984e-03,6.562374300e-01
rotor,face,6.000,u,41,2.123217113e-03,5.897257125e-01
rotor,face,6.000,u,42,1.787264840e-03,3.986344466e-01
rotor,face,6.000,u,43,1.549012345e-03,3.100778043e-01
rotor,face,6.000,u,44,1.316175788e-03,2.840684790e-01
rotor,face,6.000,u,45,1.133326428e-03,2.327590248e-01
rotor,face,6.000,u,46,9.683791884e-04,2.047761426e-01
rotor,face,6.000,u,47,7.870659194e-04,1.962136922e-01
rotor,face,6.000,u,48,6.309796350e-04,1.636245072e-01
rotor,face,6.000,u,49,5.297635865e-04,1.192102658e-01
rotor,face,6.000,u,50,4.310335923e-04,1.071177161e-01
rotor,face,6.000,u,51,3.675372924e-04,7.831624106e-02
rotor,face,6.000,u,52,3.150619792e-04,6.582355275e-02
rotor,face,6.000,u,53,2.603081117e-04,6.173080359e-02
rotor,face,6.000,u,54,2.087533754e-04,5.408415664e-02
rotor,face,6.000,u,55,1.562234728e-04,4.815671405e-02
rotor,face,6.000,u,56,1.273761007e-04,3.145768824e-02
rotor,face,6.000,u,57,9.774725761e-05,2.840458936e-02
rotor,face,6.000,u,58,6.569609490e-05,2.517250376e-02
rotor,face,6.000,u,59,4.598377756e-05,1.631838536e-02
rotor,face,6.000,u,60,2.999923335e-05,1.212074368e-02
rotor,face,6.000,u,61,2.078058804e-05,7.524887760e-03
rotor,face,6.000,u,62,1.532189397e-05,4.882404944e-03
rotor,face,6.000,u,63,8.619501497e-06,4.405655625e-03
rotor,face,6.000,u,64,4.650500107e-06,2.524044470e-03
rotor,face,6.000,u,65,2.817524971e-06,1.286773356e-03
rotor,face,6.000,u,66,1.733046252e-06,7.726171859e-04
rotor,face,6.000,u,67,1.186092127e-06,4.394643815e-04
rotor,face,6.000,u,68,7.759236050e-07,3.119990671e-04
rotor,face,6.000,u,69,4.574143212e-07,2.179831781e-04
rotor,face,6.000,u,70,3.579519524e-07,9.904365527e-05
rotor,face,6.000,u,71,2.859773725e-07,7.487374573e-05
rotor,face,6.000,u,72,2.222442449e-07,6.259362040e-05
rotor,face,6.000,u,73,1.795446709e-07,4.555453692e-05
rotor,face,6.000,u,74,1.433309295e-07,3.760756373e-05
rotor,face,6.000,u,75,1.066825647e-07,3.329123567e-05
rotor,face,6.000,u,76,8.203836070e-08,2.371855980e-05
rotor,face,6.000,u,77,6.728110944e-08,1.632607717e-05
rotor,face,6.000,u,78,5.391694090e-08,1.399715197e-05
rotor,face,6.000,u,79,4.314421075e-08,1.124621805e-05
rotor,face,6.000,u,80,3.528621402e-08,8.634140160e-06
rotor,face,6.000,u,81,2.707731621e-08,7.869165141e-06
rotor,face,6.000,u,82,2.299504801e-08,4.972453210e-06
rotor,face,6.000,u,83,1.874619291e-08,4.631690459e-06
rotor,face,6.000,u,84,1.539616531e-08,3.719562312e-06
rotor,face,6.000,u,85,1.251488697e-08,3.118901086e-06
rotor,face,6.000,u,86,1.024973432e-08,2.497467476e-06
rotor,face,6.000,u,87,7.824912449e-09,2.302479215e-06
rotor,face,6.000,u,88,6.258478157e-09,1.633543081e-06
rotor,face,6.000,u,89,5.081109368e-09,1.270795819e-06
rotor,face,6.000,u,90,4.155417657e-09,1.016970673e-06
rotor,face,6.000,u,91,3.074168127e-09,9.723901757e-07
rotor,face,6.000,u,92,2.566794058e-09,5.883850336e-07
rotor,face,6.000,u,93,2.085612295e-09,5.203724414e-07
rotor,face,6.000,u,94,1.706693525e-09,4.169131798e-07
rotor,face,6.000,u,95,1.360821701e-09,3.582381591e-07
rotor,face,6.000,u,96,1.085841156e-09,2.852718629e-07
rotor,face,6.000,u,97,8.867376907e-10,2.179603436e-07
rotor,face,6.000,u,98,6.854483479e-10,1.956515297e-07
rotor,face,6.000,u,99,5.264577920e-10,1.526655497e-07
rotor,face,6.000,u,100,4.180510277e-10,1.112889613e-07
rotor,face,6.000,u,101,3.250596473e-10,9.142584571e-08
rotor,face,6.000,u,102,2.184345157e-10,8.372364382e-08
rotor,face,6.000,u,103,1.831203300e-10,4.141597811e-08
rotor,face,6.000,u,104,1.450829342e-10,3.885954626e-08
rotor,face,6.000,u,105,1.084178459e-10,3.353025888e-08
rotor,face,6.000,u,106,8.876056857e-11,2.165270986e-08
rotor,face,6.000,u,107,6.791543992e-11,1.987579132e-08
rotor,face,6.000,u,108,5.617754455e-11,1.327362735e-08
rotor,face,6.000,u,109,4.505337534e-11,1.167108612e-08
rotor,face,6.000,u,110,3.495637683e-11,9.885269136e-09
rotor,face,6.000,u,111,2.652927286e-11,7.916750319e-09
rotor,face,6.000,u,112,1.961028253e-11,6.214110242e-09
rotor,face,6.000,u,113,1.516230778e-11,4.325343143e-09
rotor,face,6.000,u,114,1.055043093e-11,3.787336632e-09
rotor,face,6.000,u,115,8.805952460e-12,2.020997630e-09
rotor,face,6.000,u,116,7.085422763e-12,1.818581282e-09
rotor,face,6.000,u,117,5.639444882e-12,1.491860965e-09
rotor,face,6.000,u,118,4.206942011e-12,1.306192205e-09
rotor,face,6.000,u,119,3.457785781e-12,8.334037586e-10
rotor,face,6.000,u,120,2.668210193e-12,7.649025323e-10
rotor,face,6.000,u,121,2.174950632e-12,5.375552291e-10
rotor,face,6.000,u,122,1.637325969e-12,4.979121024e-10
rotor,face,6.000,u,123,1.338351448e-12,3.280430963e-10
rotor,face,6.000,u,124,1.058614496e-12,2.847913149e-10
rotor,face,6.000,u,125,8.727403935e-13,2.083825617e-10
rotor,face,6.000,u,126,6.981612983e-13,1.821342040e-10
rotor,face,6.000,u,127,5.788805621e-13,1.357402395e-10
rotor,face,6.000,u,128,4.773109169e-13,1.139132352e-10
rotor,face,6.000,u,129,3.689641577e-13,1.053136407e-10
rotor,face,6.000,u,130,3.062373490e-13,7.157546643e-11
rotor,face,6.000,u,131,2.492508601e-13,6.187913888e-11
rotor,face,6.000,u,132,1.919963989e-13,5.527981304e-11
rotor,face,6.000,u,133,1.533001042e-13,4.020237129e-11
rotor,face,6.000,u,134,1.099822060e-13,3.714201125e-11
rotor,face,6.000,u,135,7.248982728e-14,2.876673299e-11
rotor,face,6.000,u,136,4.531695964e-14,1.967767490e-11
rotor,face,6.000,u,137,3.447060386e-14,1.023129045e-11
rotor,face,6.000,u,138,2.584316393e-14,7.933596178e-12
rotor,face,6.000,u,139,1.626314860e-14,6.985179904e-12
rotor,face,6.000,u,140,1.229779665e-14,3.701246820e-12
rotor,face,6.000,u,141,7.392507988e-15,3.418057712e-12
rotor,face,6.000,u,142,4.182484687e-15,2.119997476e-12
rotor,face,6.000,u,143,2.331855406e-15,1.207579739e-12
rotor,face,6.000,u,144,0.000000000e+00,8.110030850e-13
rotor,face,6.000,uj,1,8.834423128e-01,3.259098654e+02
rotor,face,6.000,uj,2,7.617832705e-01,3.111972915e+02
rotor,face,6.000,uj,3,6.665400016e-01,2.565554751e+02
rotor,face,6.000,uj,4,5.743938318e-01,2.352143649e+02
rotor,face,6.000,uj,5,4.749251651e-01,2.247231433e+02
rotor,face,6.000,uj,6,3.893025540e-01,1.892165913e+02
rotor,face,6.000,uj,7,3.312023754e-01,1.423174312e+02
rotor,face,6.000,uj,8,2.793108564e-01,1.238074040e+02
rotor,face,6.000,uj,9,2.462579894e-01,9.167908271e+01
rotor,face,6.000,uj,10,2.135259245e-01,8.533250076e+01
rotor,face,6.000,uj,11,1.837862902e-01,7.561094310e+01
rotor,face,6.000,uj,12,1.603448038e-01,6.247487780e+01
rotor,face,6.000,uj,13,1.448910748e-01,4.777330877e+01
rotor,face,6.000,uj,14,1.288596194e-01,4.608026577e+01
rotor,face,6.000,uj,15,1.137942138e-01,4.205666935e+01
rotor,face,6.000,uj,16,1.027419135e-01,3.402846867e+01
rotor,face,6.000,uj,17,9.122855027e-02,3.287152031e+01
rotor,face,6.000,uj,18,8.159974912e-02,2.837555874e+01
rotor,face,6.000,uj,19,7.322015622e-02,2.505392330e+01
rotor,face,6.000,uj,20,6.485501919e-02,2.363987722e+01
rotor,face,6.000,uj,21,5.774504829e-02,2.053667597e+01
rotor,face,6.000,uj,22,5.031124945e-02,1.971429854e+01
rotor,face,6.000,uj,23,4.314103336e-02,1.800578102e+01
rotor,face,6.000,uj,24,3.586986419e-02,1.667233803e+01
rotor,face,6.000,uj,25,3.192915627e-02,1.136971865e+01
rotor,face,6.000,uj,26,2.793496506e-02,1.075594608e+01
rotor,face,6.000,uj,27,2.489480311e-02,8.815330450e+00
rotor,face,6.000,uj,28,2.211397422e-02,7.952936158e+00
rotor,face,6.000,uj,29,1.950076364e-02,7.253734741e+00
rotor,face,6.000,uj,30,1.693205579e-02,6.729063591e+00
rotor,face,6.000,uj,31,1.487932428e-02,5.620930476e+00
rotor,face,6.000,uj,32,1.256649119e-02,5.541930825e+00
rotor,face,6.000,uj,33,1.083021286e-02,4.433410013e+00
rotor,face,6.000,uj,34,9.146588885e-03,4.034004849e+00
rotor,face,6.000,uj,35,7.875936703e-03,3.235014457e+00
rotor,face,6.000,uj,36,6.693201551e-03,2.887430697e+00
rotor,face,6.000,uj,37,5.930525861e-03,2.158314064e+00
rotor,face,6.000,uj,38,5.207852519e-03,1.973480711e+00
rotor,face,6.000,uj,39,4.417419694e-03,1.918624026e+00
rotor,face,6.000,uj,40,3.632901414e-03,1.748070808e+00
rotor,face,6.000,uj,41,2.948558300e-03,1.476212740e+00
rotor,face,6.000,uj,42,2.498231782e-03,1.089393964e+00
rotor,face,6.000,uj,43,2.173355667e-03,8.569234306e-01
rotor,face,6.000,uj,44,1.859186495e-03,7.829285445e-01
rotor,face,6.000,uj,45,1.614846474e-03,6.408629376e-01
rotor,face,6.000,uj,46,1.420751137e-03,5.339253447e-01
rotor,face,6.000,uj,47,1.197065645e-03,5.322791037e-01
rotor,face,6.000,uj,48,1.031895362e-03,4.220540538e-01
rotor,face,6.000,uj,49,8.768769527e-04,3.783725194e-01
rotor,face,6.000,uj,50,7.344804975e-04,3.331934225e-01
rotor,face,6.000,uj,51,6.351187839e-04,2.566003125e-01
rotor,face,6.000,uj,52,5.392352022e-04,2.334116465e-01
rotor,face,6.000,uj,53,4.498433024e-04,2.068308658e-01
rotor,face,6.000,uj,54,3.491671853e-04,1.972833134e-01
rotor,face,6.000,uj,55,2.771751203e-04,1.477063185e-01
rotor,face,6.000,uj,56,2.212750970e-04,1.161095051e-01
rotor,face,6.000,uj,57,1.720116543e-04,9.682063401e-02
rotor,face,6.000,uj,58,1.213015242e-04,8.483284568e-02
rotor,face,6.000,uj,59,8.083835382e-05,6.290813904e-02
rotor,face,6.000,uj,60,5.577955246e-05,4.069910362e-02
rotor,face,6.000,uj,61,3.994370181e-05,2.708197362e-02
rotor,face,6.000,uj,62,3.023348599e-05,1.815780327e-02
rotor,face,6.000,uj,63,1.724247798e-05,1.727464796e-02
rotor,face,6.000,uj,64,1.015941725e-05,9.690622335e-03
rotor,face,6.000,uj,65,6.509904347e-06,5.425344232e-03
rotor,face,6.000,uj,66,3.517353737e-06,3.810331256e-03
rotor,face,6.000,uj,67,2.641891972e-06,1.615225794e-03
rotor,face,6.000,uj,68,1.726775286e-06,1.390796553e-03
rotor,face,6.000,uj,69,1.064852462e-06,9.455474249e-04
rotor,face,6.000,uj,70,8.761955157e-07,4.209256781e-04
rotor,face,6.000,uj,71,7.006315461e-07,3.659827475e-04
rotor,face,6.000,uj,72,5.203567306e-07,3.263428948e-04
rotor,face,6.000,uj,73,3.837773494e-07,2.444330208e-04
rotor,face,6.000,uj,74,3.057660557e-07,1.613282524e-04
rotor,face,6.000,uj,75,2.316599129e-07,1.388152927e-04
rotor,face,6.000,uj,76,1.878305205e-07,9.431801251e-05
rotor,face,6.000,uj,77,1.608452429e-07,6.747225262e-05
rotor,face,6.000,uj,78,1.358577263e-07,5.989262930e-05
rotor,face,6.000,uj,79,1.085507397e-07,5.682584417e-05
rotor,face,6.000,uj,80,9.005978154e-08,4.215331346e-05
rotor,face,6.000,uj,81,7.083528496e-08,3.868563559e-05
rotor,face,6.000,uj,82,5.810353815e-08,2.818296832e-05
rotor,face,6.000,uj,83,4.982708358e-08,2.078956451e-05
rotor,face,6.000,uj,84,4.264006516e-08,1.793159811e-05
rotor,face,6.000,uj,85,3.632829468e-08,1.552934157e-05
rotor,face,6.000,uj,86,2.901097596e-08,1.520946760e-05
rotor,face,6.000,uj,87,2.304667302e-08,1.225668450e-05
rotor,face,6.000,uj,88,1.923517477e-08,8.830305452e-06
rotor,face,6.000,uj,89,1.579885761e-08,7.632073930e-06
rotor,face,6.000,uj,90,1.237805942e-08,6.829066595e-06
rotor,face,6.000,uj,91,8.648768900e-09,6.159576846e-06
rotor,face,6.000,uj,92,7.291277962e-09,3.235669471e-06
rotor,face,6.000,uj,93,6.168271761e-09,2.704314692e-06
rotor,face,6.000,uj,94,5.070068510e-09,2.443674381e-06
rotor,face,6.000,uj,95,4.110737716e-09,2.064312717e-06
rotor,face,6.000,uj,96,3.248334062e-09,1.752337271e-06
rotor,face,6.000,uj,97,2.704844816e-09,1.251182981e-06
rotor,face,6.000,uj,98,2.234633603e-09,1.060078244e-06
rotor,face,6.000,uj,99,1.804611931e-09,9.167400044e-07
rotor,face,6.000,uj,100,1.455254522e-09,7.423107813e-07
rotor,face,6.000,uj,101,1.051963818e-09,6.994490242e-07
rotor,face,6.000,uj,102,7.517255369e-10,5.118760240e-07
rotor,face,6.000,uj,103,6.221592155e-10,2.934756687e-07
rotor,face,6.000,uj,104,5.148875784e-10,2.429307596e-07
rotor,face,6.000,uj,105,4.140598811e-10,2.128807467e-07
rotor,face,6.000,uj,106,3.371092652e-10,1.672344728e-07
rotor,face,6.000,uj,107,2.782053061e-10,1.324255323e-07
rotor,face,6.000,uj,108,2.182628874e-10,1.199951607e-07
rotor,face,6.000,uj,109,1.770094361e-10,8.882377606e-08
rotor,face,6.000,uj,110,1.416863834e-10,7.380200878e-08
rotor,face,6.000,uj,111,1.009738666e-10,6.913758103e-08
rotor,face,6.000,uj,112,7.972008428e-11,4.310630581e-08
rotor,face,6.000,uj,113,6.479806656e-11,3.230173564e-08
rotor,face,6.000,uj,114,4.892936926e-11,2.954977282e-08
rotor,face,6.000,uj,115,3.968505719e-11,1.990858525e-08
rotor,face,6.000,uj,116,3.211025052e-11,1.622126398e-08
rotor,face,6.000,uj,117,2.504794833e-11,1.397536954e-08
rotor,face,6.000,uj,118,1.941769162e-11,1.100594294e-08
rotor,face,6.000,uj,119,1.522449727e-11,8.383513021e-09
rotor,face,6.000,uj,120,1.217779278e-11,6.355642795e-09
rotor,face,6.000,uj,121,9.712230963e-12,5.110130003e-09
rotor,face,6.000,uj,122,7.737628135e-12,4.083069049e-09
rotor,face,6.000,uj,123,6.571490628e-12,2.841398918e-09
rotor,face,6.000,uj,124,5.478750866e-12,2.524103350e-09
rotor,face,6.000,uj,125,4.537808759e-12,2.135460914e-09
rotor,face,6.000,uj,126,3.666625955e-12,1.859644216e-09
rotor,face,6.000,uj,127,2.787442736e-12,1.656942248e-09
rotor,face,6.000,uj,128,2.335998542e-12,1.057873656e-09
rotor,face,6.000,uj,129,1.832690118e-12,1.007552570e-09
rotor,face,6.000,uj,130,1.530628364e-12,7.011044949e-10
rotor,face,6.000,uj,131,1.203207004e-12,6.580979948e-10
rotor,face,6.000,uj,132,9.361175562e-13,5.257963757e-10
rotor,face,6.000,uj,133,7.391667066e-13,3.995526988e-10
rotor,face,6.000,uj,134,5.612681627e-13,3.345656767e-10
rotor,face,6.000,uj,135,4.250237532e-13,2.549840218e-10
rotor,face,6.000,uj,136,3.072946639e-13,2.042409186e-10
rotor,face,6.000,uj,137,2.324135308e-13,1.398352280e-10
rotor,face,6.000,uj,138,1.782784639e-13,1.037166170e-10
rotor,face,6.000,uj,139,1.245702248e-13,8.871237167e-11
rotor,face,6.000,uj,140,9.134703967e-14,5.891355131e-11
rotor,face,6.000,uj,141,6.795744411e-14,4.245963345e-11
rotor,face,6.000,uj,142,4.925095681e-14,3.257064634e-11
rotor,face,6.000,uj,143,2.657420466e-14,2.884350165e-11
rotor,face,6.000,uj,144,0.000000000e+00,1.848464695e-11
rotor,face,18.000,u,1,8.515364475e-01,1.823462960e+02
rotor,face,18.000,u,2,7.170481014e-01,1.597412880e+02
rotor,face,18.000,u,3,6.138784402e-01,1.288765597e+02
rotor,face,18.000,u,4,5.253866528e-01,1.104294142e+02
rotor,face,18.000,u,5,4.521076219e-01,9.308246136e+01
rotor,face,18.000,u,6,3.856834103e-01,8.204496744e+01
rotor,face,18.000,u,7,3.199024255e-01,7.492832111e+01
rotor,face,18.000,u,8,2.766850573e-01,5.584536269e+01
rotor,face,18.000,u,9,2.404860158e-01,4.758680393e+01
rotor,face,18.000,u,10,2.107839482e-01,4.026543955e+01
rotor,face,18.000,u,11,1.792415773e-01,3.857576712e+01
rotor,face,18.000,u,12,1.501514029e-01,3.404483403e+01
rotor,face,18.000,u,13,1.313623185e-01,2.529434760e+01
rotor,face,18.000,u,14,1.156078030e-01,2.169429903e+01
rotor,face,18.000,u,15,1.010766497e-01,1.951573029e+01
rotor,face,18.000,u,16,8.812522005e-02,1.721640444e+01
rotor,face,18.000,u,17,7.968020873e-02,1.309254305e+01
rotor,face,18.000,u,18,7.138255836e-02,1.231337689e+01
rotor,face,18.000,u,19,6.291487000e-02,1.172835682e+01
rotor,face,18.000,u,20,5.478447889e-02,1.075879514e+01
rotor,face,18.000,u,21,4.681067187e-02,9.898975263e+00
rotor,face,18.000,u,22,4.068948677e-02,8.049021094e+00
rotor,face,18.000,u,23,3.469939806e-02,7.390795330e+00
rotor,face,18.000,u,24,3.023070080e-02,5.924263786e+00
rotor,face,18.000,u,25,2.693055126e-02,4.776816573e+00
rotor,face,18.000,u,26,2.343063573e-02,4.617401606e+00
rotor,face,18.000,u,27,2.068430559e-02,3.828160286e+00
rotor,face,18.000,u,28,1.808615998e-02,3.490624564e+00
rotor,face,18.000,u,29,1.563172290e-02,3.163930901e+00
rotor,face,18.000,u,30,1.328008786e-02,2.867764578e+00
rotor,face,18.000,u,31,1.133886882e-02,2.404323950e+00
rotor,face,18.000,u,32,9.634272751e-03,2.079521307e+00
rotor,face,18.000,u,33,8.423304165e-03,1.626361423e+00
rotor,face,18.000,u,34,7.184831154e-03,1.529113327e+00
rotor,face,18.000,u,35,6.125802753e-03,1.305792176e+00
rotor,face,18.000,u,36,5.377114525e-03,1.020646591e+00
rotor,face,18.000,u,37,4.649236794e-03,9.395536076e-01
rotor,face,18.000,u,38,3.873716670e-03,8.941543293e-01
rotor,face,18.000,u,39,3.308086206e-03,7.009774146e-01
rotor,face,18.000,u,40,2.717201984e-03,6.562374300e-01
rotor,face,18.000,u,41,2.123217113e-03,5.897257125e-01
rotor,face,18.000,u,42,1.787264840e-03,3.986344466e-01
rotor,face,18.000,u,43,1.549012345e-03,3.100778043e-01
rotor,face,18.000,u,44,1.316175788e-03,2.840684790e-01
rotor,face,18.000,u,45,1.133326428e-03,2.327590248e-01
rotor,face,18.000,u,46,9.683791884e-04,2.047761426e-01
rotor,face,18.000,u,47,7.870659194e-04,1.962136922e-01
rotor,face,18.000,u,48,6.309796350e-04,1.636245072e-01
rotor,face,18.000,u,49,5.297635865e-04,1.192102658e-01
rotor,face,18.000,u,50,4.310335923e-04,1.071177161e-01
rotor,face,18.000,u,51,3.675372924e-04,7.831624106e-02
rotor,face,18.000,u,52,3.150619792e-04,6.582355275e-02
rotor,face,18.000,u,53,2.603081117e-04,6.173080359e-02
rotor,face,18.000,u,54,2.087533754e-04,5.408415664e-02
rotor,face,18.000,u,55,1.562234728e-04,4.815671405e-02
rotor,face,18.000,u,56,1.273761007e-04,3.145768824e-02
rotor,face,18.000,u,57,9.774725761e-05,2.840458936e-02
rotor,face,18.000,u,58,6.569609490e-05,2.517250376e-02
rotor,face,18.000,u,59,4.598377756e-05,1.631838536e-02
rotor,face,18.000,u,60,2.999923335e-05,1.212074368e-02
rotor,face,18.000,u,61,2.078058804e-05,7.524887760e-03
rotor,face,18.000,u,62,1.532189397e-05,4.882404944e-03
rotor,face,18.000,u,63,8.619501497e-06,4.405655625e-03
rotor,face,18.000,u,64,4.650500107e-06,2.524044470e-03
rotor,face,18.000,u,65,2.817524971e-06,1.286773356e-03
rotor,face,18.000,u,66,1.733046252e-06,7.726171859e-04
rotor,face,18.000,u,67,1.186092127e-06,4.394643815e-04
rotor,face,18.000,u,68,7.759236050e-07,3.119990671e-04
rotor,face,18.000,u,69,4.574143212e-07,2.179831781e-04
rotor,face,18.000,u,70,3.579519524e-07,9.904365527e-05
rotor,face,18.000,u,71,2.859773725e-07,7.487374573e-05
rotor,face,18.000,u,72,2.222442449e-07,6.259362040e-05
rotor,face,18.000,u,73,1.795446709e-07,4.555453692e-05
rotor,face,18.000,u,74,1.433309295e-07,3.760756373e-05
rotor,face,18.000,u,75,1.066825647e-07,3.329123567e-05
rotor,face,18.000,u,76,8.203836070e-08,2.371855980e-05
rotor,face,18.000,u,77,6.728110944e-08,1.632607717e-05
rotor,face,18.000,u,78,5.391694090e-08,1.399715197e-05
rotor,face,18.000,u,79,4.314421075e-08,1.124621805e-05
rotor,face,18.000,u,80,3.528621402e-08,8.634140160e-06
rotor,face,18.000,u,81,2.707731621e-08,7.869165141e-06
rotor,face,18.000,u,82,2.299504801e-08,4.972453210e-06
rotor,face,18.000,u,83,1.874619291e-08,4.631690459e-06
rotor,face,18.000,u,84,1.539616531e-08,3.719562312e-06
rotor,face,18.000,u,85,1.251488697e-08,3.118901086e-06
rotor,face,18.000,u,86,1.024973432e-08,2.497467476e-06
rotor,face,18.000,u,87,7.824912449e-09,2.302479215e-06
rotor,face,18.000,u,88,6.258478157e-09,1.633543081e-06
rotor,face,18.000,u,89,5.081109368e-09,1.270795819e-06
rotor,face,18.000,u,90,4.155417657e-09,1.016970673e-06
rotor,face,18.000,u,91,3.074168127e-09,9.723901757e-07
rotor,face,18.000,u,92,2.566794058e-09,5.883850336e-07
rotor,face,18.000,u,93,2.085612295e-09,5.203724414e-07
rotor,face,18.000,u,94,1.706693525e-09,4.169131798e-07
rotor,face,18.000,u,95,1.360821701e-09,3.582381591e-07
rotor,face,18.000,u,96,1.085841156e-09,2.852718629e-07
rotor,face,18.000,u,97,8.867376907e-10,2.179603436e-07
rotor,face,18.000,u,98,6.854483479e-10,1.956515297e-07
rotor,face,18.000,u,99,5.264577920e-10,1.526655497e-07
rotor,face,18.000,u,100,4.180510277e-10,1.112889613e-07
rotor,face,18.000,u,101,3.250596473e-10,9.142584571e-08
rotor,face,18.000,u,102,2.184345157e-10,8.372364382e-08
rotor,face,18.000,u,103,1.831203300e-10,4.141597811e-08
rotor,face,18.000,u,104,1.450829342e-10,3.885954626e-08
rotor,face,18.000,u,105,1.084178459e-10,3.353025888e-08
rotor,face,18.000,u,106,8.876056857e-11,2.165270986e-08
rotor,face,18.000,u,107,6.791543992e-11,1.987579132e-08
rotor,face,18.000,u,108,5.617754455e-11,1.327362735e-08
rotor,face,18.000,u,109,4.505337534e-11,1.167108612e-08
rotor,face,18.000,u,110,3.495637683e-11,9.885269136e-09
rotor,face,18.000,u,111,2.652927286e-11,7.916750319e-09
rotor,face,18.000,u,112,1.961028253e-11,6.214110242e-09
rotor,face,18.000,u,113,1.516230778e-11,4.325343143e-09
rotor,face,18.000,u,114,1.055043093e-11,3.787336632e-09
rotor,face,18.000,u,115,8.805952460e-12,2.020997630e-09
rotor,face,18.000,u,116,7.085422763e-12,1.818581282e-09
rotor,face,18.000,u,117,5.639444882e-12,1.491860965e-09
rotor,face,18.000,u,118,4.206942011e-12,1.306192205e-09
rotor,face,18.000,u,119,3.457785781e-12,8.334037586e-10
rotor,face,18.000,u,120,2.668210193e-12,7.649025323e-10
rotor,face,18.000,u,121,2.174950632e-12,5.375552291e-10
rotor,face,18.000,u,122,1.637325969e-12,4.979121024e-10
rotor,face,18.000,u,123,1.338351448e-12,3.280430963e-10
rotor,face,18.000,u,124,1.058614496e-12,2.847913149e-10
rotor,face,18.000,u,125,8.727403935e-13,2.083825617e-10
rotor,face,18.000,u,126,6.981612983e-13,1.821342040e-10
rotor,face,18.000,u,127,5.788805621e-13,1.357402395e-10
rotor,face,18.000,u,128,4.773109169e-13,1.139132352e-10
rotor,face,18.000,u,129,3.689641577e-13,1.053136407e-10
rotor,face,18.000,u,130,3.062373490e-13,7.157546643e-11
rotor,face,18.000,u,131,2.492508601e-13,6.187913888e-11
rotor,face,18.000,u,132,1.919963989e-13,5.527981304e-11
rotor,face,18.000,u,133,1.533001042e-13,4.020237129e-11
rotor,face,18.000,u,134,1.099822060e-13,3.714201125e-11
rotor,face,18.000,u,135,7.248982728e-14,2.876673299e-11
rotor,face,18.000,u,136,4.531695964e-14,1.967767490e-11
rotor,face,18.000,u,137,3.447060386e-14,1.023129045e-11
rotor,face,18.000,u,138,2.584316393e-14,7.933596178e-12
rotor,face,18.000,u,139,1.626314860e-14,6.985179904e-12
rotor,face,18.000,u,140,1.229779665e-14,3.701246820e-12
rotor,face,18.000,u,141,7.392507988e-15,3.418057712e-12
rotor,face,18.000,u,142,4.182484687e-15,2.119997476e-12
rotor,face,18.000,u,143,2.331855406e-15,1.207579739e-12
rotor,face,18.000,u,144,0.000000000e+00,8.110030850e-13
rotor,face,18.000,uj,1,8.834423128e-01,3.259098654e+02
rotor,face,18.000,uj,2,7.617832705e-01,3.111972915e+02
rotor,face,18.000,uj,3,6.665400016e-01,2.565554751e+02
rotor,face,18.000,uj,4,5.743938318e-01,2.352143649e+02
rotor,face,18.000,uj,5,4.749251651e-01,2.247231433e+02
rotor,face,18.000,uj,6,3.893025540e-01,1.892165913e+02
rotor,face,18.000,uj,7,3.312023754e-01,1.423174312e+02
rotor,face,18.000,uj,8,2.793108564e-01,1.238074040e+02
rotor,face,18.000,uj,9,2.462579894e-01,9.167908271e+01
rotor,face,18.000,uj,10,2.135259245e-01,8.533250076e+01
rotor,face,18.000,uj,11,1.837862902e-01,7.561094310e+01
rotor,face,18.000,uj,12,1.603448038e-01,6.247487780e+01
rotor,face,18.000,uj,13,1.448910748e-01,4.777330877e+01
rotor,face,18.000,uj,14,1.288596194e-01,4.608026577e+01
rotor,face,18.000,uj,15,1.137942138e-01,4.205666935e+01
rotor,face,18.000,uj,16,1.027419135e-01,3.402846867e+01
rotor,face,18.000,uj,17,9.122855027e-02,3.287152031e+01
rotor,face,18.000,uj,18,8.159974912e-02,2.837555874e+01
rotor,face,18.000,uj,19,7.322015622e-02,2.505392330e+01
rotor,face,18.000,uj,20,6.485501919e-02,2.363987722e+01
rotor,face,18.000,uj,21,5.774504829e-02,2.053667597e+01
rotor,face,18.000,uj,22,5.031124945e-02,1.971429854e+01
rotor,face,18.000,uj,23,4.314103336e-02,1.800578102e+01
rotor,face,18.000,uj,24,3.586986419e-02,1.667233803e+01
rotor,face,18.000,uj,25,3.192915627e-02,1.136971865e+01
rotor,face,18.000,uj,26,2.793496506e-02,1.075594608e+01
rotor,face,18.000,uj,27,2.489480311e-02,8.815330450e+00
rotor,face,18.000,uj,28,2.211397422e-02,7.952936158e+00
rotor,face,18.000,uj,29,1.950076364e-02,7.253734741e+00
rotor,face,18.000,uj,30,1.693205579e-02,6.729063591e+00
rotor,face,18.000,uj,31,1.487932428e-02,5.620930476e+00
rotor,face,18.000,uj,32,1.256649119e-02,5.541930825e+00
rotor,face,18.000,uj,33,1.083021286e-02,4.433410013e+00
rotor,face,18.000,uj,34,9.146588885e-03,4.034004849e+00
rotor,face,18.000,uj,35,7.875936703e-03,3.235014457e+00
rotor,face,18.000,uj,36,6.693201551e-03,2.887430697e+00
rotor,face,18.000,uj,37,5.930525861e-03,2.158314064e+00
rotor,face,18.000,uj,38,5.207852519e-03,1.973480711e+00
rotor,face,18.000,uj,39,4.417419694e-03,1.918624026e+00
rotor,face,18.000,uj,40,3.632901414e-03,1.748070808e+00
rotor,face,18.000,uj,41,2.948558300e-03,1.476212740e+00
rotor,face,18.000,uj,42,2.498231782e-03,1.089393964e+00
rotor,face,18.000,uj,43,2.173355667e-03,8.569234306e-01
rotor,face,18.000,uj,44,1.859186495e-03,7.829285445e-01
rotor,face,18.000,uj,45,1.614846474e-03,6.408629376e-01
rotor,face,18.000,uj,46,1.420751137e-03,5.339253447e-01
rotor,face,18.000,uj,47,1.197065645e-03,5.322791037e-01
rotor,face,18.000,uj,48,1.031895362e-03,4.220540538e-01
rotor,face,18.000,uj,49,8.768769527e-04,3.783725194e-01
rotor,face,18.000,uj,50,7.344804975e-04,3.331934225e-01
rotor,face,18.000,uj,51,6.351187839e-04,2.566003125e-01
rotor,face,18.000,uj,52,5.392352022e-04,2.334116465e-01
rotor,face,18.000,uj,53,4.498433024e-04,2.068308658e-01
rotor,face,18.000,uj,54,3.491671853e-04,1.972833134e-01
rotor,face,18.000,uj,55,2.771751203e-04,1.477063185e-01
rotor,face,18.000,uj,56,2.212750970e-04,1.161095051e-01
rotor,face,18.000,uj,57,1.720116543e-04,9.682063401e-02
rotor,face,18.000,uj,58,1.213015242e-04,8.483284568e-02
rotor,face,18.000,uj,59,8.083835382e-05,6.290813904e-02
rotor,face,18.000,uj,60,5.577955246e-05,4.069910362e-02
rotor,face,18.000,uj,61,3.994370181e-05,2.708197362e-02
rotor,face,18.000,uj,62,3.023348599e-05,1.815780327e-02
rotor,face,18.000,uj,63,1.724247798e-05,1.727464796e-02
rotor,face,18.000,uj,64,1.015941725e-05,9.690622335e-03
rotor,face,18.000,uj,65,6.509904347e-06,5.425344232e-03
rotor,face,18.000,uj,66,3.517353737e-06,3.810331256e-03
rotor,face,18.000,uj,67,2.641891972e-06,1.615225794e-03
rotor,face,18.000,uj,68,1.726775286e-06,1.390796553e-03
rotor,face,18.000,uj,69,1.064852462e-06,9.455474249e-04
rotor,face,18.000,uj,70,8.761955157e-07,4.209256781e-04
rotor,face,18.000,uj,71,7.006315461e-07,3.659827475e-04
rotor,face,18.000,uj,72,5.203567306e-07,3.263428948e-04
rotor,face,18.000,uj,73,3.837773494e-07,2.444330208e-04
rotor,face,18.000,uj,74,3.057660557e-07,1.613282524e-04
rotor,face,18.000,uj,75,2.316599129e-07,1.388152927e-04
rotor,face,18.000,uj,76,1.878305205e-07,9.431801251e-05
rotor,face,18.000,uj,77,1.608452429e-07,6.747225262e-05
rotor,face,18.000,uj,78,1.358577263e-07,5.989262930e-05
rotor,face,18.000,uj,79,1.085507397e-07,5.682584417e-05
rotor,face,18.000,uj,80,9.005978154e-08,4.215331346e-05
rotor,face,18.000,uj,81,7.083528496e-08,3.868563559e-05
rotor,face,18.000,uj,82,5.810353815e-08,2.818296832e-05
rotor,face,18.000,uj,83,4.982708358e-08,2.078956451e-05
rotor,face,18.000,uj,84,4.264006516e-08,1.793159811e-05
rotor,face,18.000,uj,85,3.632829468e-08,1.552934157e-05
rotor,face,18.000,uj,86,2.901097596e-08,1.520946760e-05
rotor,face,18.000,uj,87,2.304667302e-08,1.225668450e-05
rotor,face,18.000,uj,88,1.923517477e-08,8.830305452e-06
rotor,face,18.000,uj,89,1.579885761e-08,7.632073930e-06
rotor,face,18.000,uj,90,1.237805942e-08,6.829066595e-06
rotor,face,18.000,uj,91,8.648768900e-09,6.159576846e-06
rotor,face,18.000,uj,92,7.291277962e-09,3.235669471e-06
rotor,face,18.000,uj,93,6.168271761e-09,2.704314692e-06
rotor,face,18.000,uj,94,5.070068510e-09,2.443674381e-06
rotor,face,18.000,uj,95,4.110737716e-09,2.064312717e-06
rotor,face,18.000,uj,96,3.248334062e-09,1.752337271e-06
rotor,face,18.000,uj,97,2.704844816e-09,1.251182981e-06
rotor,face,18.000,uj,98,2.234633603e-09,1.060078244e-06
rotor,face,18.000,uj,99,1.804611931e-09,9.167400044e-07
rotor,face,18.000,uj,100,1.455254522e-09,7.423107813e-07
rotor,face,18.000,uj,101,1.051963818e-09,6.994490242e-07
rotor,face,18.000,uj,102,7.517255369e-10,5.118760240e-07
rotor,face,18.000,uj,103,6.221592155e-10,2.934756687e-07
rotor,face,18.000,uj,104,5.148875784e-10,2.429307596e-07
rotor,face,18.000,uj,105,4.140598811e-10,2.128807467e-07
rotor,face,18.000,uj,106,3.371092652e-10,1.672344728e-07
rotor,face,18.000,uj,107,2.782053061e-10,1.324255323e-07
rotor,face,18.000,uj,108,2.182628874e-10,1.199951607e-07
rotor,face,18.000,uj,109,1.770094361e-10,8.882377606e-08
rotor,face,18.000,uj,110,1.416863834e-10,7.380200878e-08
rotor,face,18.000,uj,111,1.009738666e-10,6.913758103e-08
rotor,face,18.000,uj,112,7.972008428e-11,4.310630581e-08
rotor,face,18.000,uj,113,6.479806656e-11,3.230173564e-08
rotor,face,18.000,uj,114,4.892936926e-11,2.954977282e-08
rotor,face,18.000,uj,115,3.968505719e-11,1.990858525e-08
rotor,face,18.000,uj,116,3.211025052e-11,1.622126398e-08
rotor,face,18.000,uj,117,2.504794833e-11,1.397536954e-08
rotor,face,18.000,uj,118,1.941769162e-11,1.100594294e-08
rotor,face,18.000,uj,119,1.522449727e-11,8.383513021e-09
rotor,face,18.000,uj,120,1.217779278e-11,6.355642795e-09
rotor,face,18.000,uj,121,9.712230963e-12,5.110130003e-09
rotor,face,18.000,uj,122,7.737628135e-12,4.083069049e-09
rotor,face,18.000,uj,123,6.571490628e-12,2.841398918e-09
rotor,face,18.000,uj,124,5.478750866e-12,2.524103350e-09
rotor,face,18.000,uj,125,4.537808759e-12,2.135460914e-09
rotor,face,18.000,uj,126,3.666625955e-12,1.859644216e-09
rotor,face,18.000,uj,127,2.787442736e-12,1.656942248e-09
rotor,face,18.000,uj,128,2.335998542e-12,1.057873656e-09
rotor,face,18.000,uj,129,1.832690118e-12,1.007552570e-09
rotor,face,18.000,uj,130,1.530628364e-12,7.011044949e-10
rotor,face,18.000,uj,131,1.203207004e-12,6.580979948e-10
rotor,face,18.000,uj,132,9.361175562e-13,5.257963757e-10
rotor,face,18.000,uj,133,7.391667066e-13,3.995526988e-10
rotor,face,18.000,uj,134,5.612681627e-13,3.345656767e-10
rotor,face,18.000,uj,135,4.250237532e-13,2.549840218e-10
rotor,face,18.000,uj,136,3.072946639e-13,2.042409186e-10
rotor,face,18.000,uj,137,2.324135308e-13,1.398352280e-10
rotor,face,18.000,uj,138,1.782784639e-13,1.037166170e-10
rotor,face,18.000,uj,139,1.245702248e-13,8.871237167e-11
rotor,face,18.000,uj,140,9.134703967e-14,5.891355131e-11
rotor,face,18.000,uj,141,6.795744411e-14,4.245963345e-11
rotor,face,18.000,uj,142,4.925095681e-14,3.257064634e-11
rotor,face,18.000,uj,143,2.657420466e-14,2.884350165e-11
rotor,face,18.000,uj,144,0.000000000e+00,1.848464695e-11
rotor,edge,1.000,u,1,7.233102514e-01,2.401591618e+02
rotor,edge,1.000,u,2,4.093604766e-01,2.073971650e+02
rotor,edge,1.000,u,3,2.679231762e-01,1.076435879e+02
rotor,edge,1.000,u,4,1.852867091e-01,6.730641312e+01
rotor,edge,1.000,u,5,1.367076575e-01,4.349802535e+01
rotor,edge,1.000,u,6,1.039343645e-01,3.088635532e+01
rotor,edge,1.000,u,7,8.226308054e-02,2.209276480e+01
rotor,edge,1.000,u,8,6.933062998e-02,1.539933242e+01
rotor,edge,1.000,u,9,5.940659753e-02,1.243131447e+01
rotor,edge,1.000,u,10,5.012279628e-02,1.109044949e+01
rotor,edge,1.000,u,11,4.263803489e-02,9.164149911e+00
rotor,edge,1.000,u,12,3.516143326e-02,8.388056044e+00
rotor,edge,1.000,u,13,2.689028768e-02,7.879173011e+00
rotor,edge,1.000,u,14,2.279231426e-02,4.962581175e+00
rotor,edge,1.000,u,15,1.964227462e-02,4.021044673e+00
rotor,edge,1.000,u,16,1.731578264e-02,3.224974139e+00
rotor,edge,1.000,u,17,1.469541595e-02,3.185318703e+00
rotor,edge,1.000,u,18,1.201669559e-02,2.941973037e+00
rotor,edge,1.000,u,19,1.017452879e-02,2.223698982e+00
rotor,edge,1.000,u,20,8.572878354e-03,1.905791401e+00
rotor,edge,1.000,u,21,6.938395103e-03,1.751196391e+00
rotor,edge,1.000,u,22,5.817292388e-03,1.315211285e+00
rotor,edge,1.000,u,23,4.836000116e-03,1.124506588e+00
rotor,edge,1.000,u,24,4.093987018e-03,8.952659998e-01
rotor,edge,1.000,u,25,3.496018159e-03,7.409368741e-01
rotor,edge,1.000,u,26,3.048951856e-03,5.949229026e-01
rotor,edge,1.000,u,27,2.590034956e-03,5.594850091e-01
rotor,edge,1.000,u,28,2.210652931e-03,4.693653223e-01
rotor,edge,1.000,u,29,1.871624360e-03,4.091572857e-01
rotor,edge,1.000,u,30,1.553677061e-03,3.629508825e-01
rotor,edge,1.000,u,31,1.347380544e-03,2.690574447e-01
rotor,edge,1.000,u,32,1.150140814e-03,2.441027625e-01
rotor,edge,1.000,u,33,9.799171456e-04,2.094240585e-01
rotor,edge,1.000,u,34,8.077296119e-04,1.929579136e-01
rotor,edge,1.000,u,35,7.039613348e-04,1.377478085e-01
rotor,edge,1.000,u,36,6.064159523e-04,1.243433104e-01
rotor,edge,1.000,u,37,5.288608903e-04,1.031993242e-01
rotor,edge,1.000,u,38,4.432970694e-04,1.003077276e-01
rotor,edge,1.000,u,39,3.703996120e-04,8.470486450e-02
rotor,edge,1.000,u,40,3.152267546e-04,6.764370432e-02
rotor,edge,1.000,u,41,2.638757778e-04,5.997537551e-02
rotor,edge,1.000,u,42,2.151048680e-04,5.315698010e-02
rotor,edge,1.000,u,43,1.842977852e-04,3.857906070e-02
rotor,edge,1.000,u,44,1.550128226e-04,3.466905030e-02
rotor,edge,1.000,u,45,1.279913427e-04,3.041388280e-02
rotor,edge,1.000,u,46,1.044418878e-04,2.573122293e-02
rotor,edge,1.000,u,47,8.719074626e-05,1.999698602e-02
rotor,edge,1.000,u,48,7.537605178e-05,1.524221428e-02
rotor,edge,1.000,u,49,6.587716973e-05,1.273961540e-02
rotor,edge,1.000,u,50,5.791957835e-05,1.091607032e-02
rotor,edge,1.000,u,51,4.973745191e-05,1.032226917e-02
rotor,edge,1.000,u,52,4.309022745e-05,8.639324920e-03
rotor,edge,1.000,u,53,3.596483496e-05,8.254487763e-03
rotor,edge,1.000,u,54,3.068425757e-05,6.524672467e-03
rotor,edge,1.000,u,55,2.657720512e-05,5.333560580e-03
rotor,edge,1.000,u,56,2.288776292e-05,4.698401332e-03
rotor,edge,1.000,u,57,1.986906268e-05,3.951241832e-03
rotor,edge,1.000,u,58,1.732715058e-05,3.381820226e-03
rotor,edge,1.000,u,59,1.537572348e-05,2.778369588e-03
rotor,edge,1.000,u,60,1.321971865e-05,2.730826831e-03
rotor,edge,1.000,u,61,1.139530424e-05,2.330680584e-03
rotor,edge,1.000,u,62,1.008944935e-05,1.842186255e-03
rotor,edge,1.000,u,63,8.656255228e-06,1.802703418e-03
rotor,edge,1.000,u,64,7.452027160e-06,1.531792289e-03
rotor,edge,1.000,u,65,6.452896526e-06,1.296332267e-03
rotor,edge,1.000,u,66,5.459789154e-06,1.196255186e-03
rotor,edge,1.000,u,67,4.620442010e-06,1.011642214e-03
rotor,edge,1.000,u,68,3.974352587e-06,8.195679300e-04
rotor,edge,1.000,u,69,3.353635472e-06,7.417543907e-04
rotor,edge,1.000,u,70,2.802017090e-06,6.408808634e-04
rotor,edge,1.000,u,71,2.335550232e-06,5.384061950e-04
rotor,edge,1.000,u,72,1.932431476e-06,4.561930522e-04
rotor,edge,1.000,u,73,1.526989775e-06,4.118952854e-04
rotor,edge,1.000,u,74,1.193798887e-06,3.311424453e-04
rotor,edge,1.000,u,75,9.086769945e-07,2.692785023e-04
rotor,edge,1.000,u,76,6.557775541e-07,2.187642230e-04
rotor,edge,1.000,u,77,5.310630564e-07,1.338059911e-04
rotor,edge,1.000,u,78,3.869819965e-07,1.264900411e-04
rotor,edge,1.000,u,79,2.901041373e-07,8.907485328e-05
rotor,edge,1.000,u,80,2.277175832e-07,6.251101056e-05
rotor,edge,1.000,u,81,1.938854231e-07,4.153723680e-05
rotor,edge,1.000,u,82,1.587060109e-07,3.873477672e-05
rotor,edge,1.000,u,83,1.236333038e-07,3.460917217e-05
rotor,edge,1.000,u,84,9.069538439e-08,2.922194528e-05
rotor,edge,1.000,u,85,5.593913805e-08,2.482878324e-05
rotor,edge,1.000,u,86,4.212577273e-08,1.280051541e-05
rotor,edge,1.000,u,87,3.653692649e-08,7.292331322e-06
rotor,edge,1.000,u,88,3.066886420e-08,6.906715930e-06
rotor,edge,1.000,u,89,2.562134255e-08,5.862412939e-06
rotor,edge,1.000,u,90,2.089460379e-08,5.157065173e-06
rotor,edge,1.000,u,91,1.623804167e-08,4.573319416e-06
rotor,edge,1.000,u,92,1.215142823e-08,3.746116763e-06
rotor,edge,1.000,u,93,9.539196263e-09,2.617958678e-06
rotor,edge,1.000,u,94,7.663238209e-09,1.975729147e-06
rotor,edge,1.000,u,95,6.039405037e-09,1.640566235e-06
rotor,edge,1.000,u,96,5.092394067e-09,1.129226533e-06
rotor,edge,1.000,u,97,4.239191407e-09,9.813517665e-07
rotor,edge,1.000,u,98,3.457283686e-09,8.531876773e-07
rotor,edge,1.000,u,99,3.024599342e-09,5.824478871e-07
rotor,edge,1.000,u,100,2.655701148e-09,5.034540153e-07
rotor,edge,1.000,u,101,2.269271909e-09,4.797973099e-07
rotor,edge,1.000,u,102,1.845534780e-09,4.592443978e-07
rotor,edge,1.000,u,103,1.601445844e-09,3.190173898e-07
rotor,edge,1.000,u,104,1.332063103e-09,3.091715206e-07
rotor,edge,1.000,u,105,1.069567325e-09,2.761436997e-07
rotor,edge,1.000,u,106,8.623787751e-10,2.200398128e-07
rotor,edge,1.000,u,107,6.806048052e-10,1.841905681e-07
rotor,edge,1.000,u,108,5.637453798e-10,1.326245950e-07
rotor,edge,1.000,u,109,4.524460875e-10,1.169647138e-07
rotor,edge,1.000,u,110,3.561974156e-10,9.702794039e-08
rotor,edge,1.000,u,111,2.694961599e-10,8.100548573e-08
rotor,edge,1.000,u,112,2.038958968e-10,6.128922971e-08
rotor,edge,1.000,u,113,1.565608424e-10,4.542959904e-08
rotor,edge,1.000,u,114,1.171210416e-10,3.613360319e-08
rotor,edge,1.000,u,115,9.500366604e-11,2.382227940e-08
rotor,edge,1.000,u,116,6.777378139e-11,2.315479322e-08
rotor,edge,1.000,u,117,5.445913166e-11,1.403071629e-08
rotor,edge,1.000,u,118,4.247259402e-11,1.185497761e-08
rotor,edge,1.000,u,119,3.537166762e-11,8.176956676e-09
rotor,edge,1.000,u,120,2.680442909e-11,8.026995983e-09
rotor,edge,1.000,u,121,1.979526934e-11,6.285580912e-09
rotor,edge,1.000,u,122,1.586969084e-11,4.115225081e-09
rotor,edge,1.000,u,123,1.292481003e-11,3.202650356e-09
rotor,edge,1.000,u,124,1.008943685e-11,2.809469921e-09
rotor,edge,1.000,u,125,7.431996206e-12,2.373217199e-09
rotor,edge,1.000,u,126,5.415442312e-12,1.770247867e-09
rotor,edge,1.000,u,127,4.160052109e-12,1.205843260e-09
rotor,edge,1.000,u,128,3.374974436e-12,8.459011113e-10
rotor,edge,1.000,u,129,2.641528113e-12,7.305956961e-10
rotor,edge,1.000,u,130,2.080356392e-12,5.661434124e-10
rotor,edge,1.000,u,131,1.542028751e-12,4.856702941e-10
rotor,edge,1.000,u,132,1.066425337e-12,3.873780151e-10
rotor,edge,1.000,u,133,8.143878765e-13,2.394563012e-10
rotor,edge,1.000,u,134,6.033913626e-13,1.902229162e-10
rotor,edge,1.000,u,135,4.641067239e-13,1.341084221e-10
rotor,edge,1.000,u,136,3.754624349e-13,9.487996327e-11
rotor,edge,1.000,u,137,2.781179968e-13,8.772552599e-11
rotor,edge,1.000,u,138,1.840710437e-13,7.251086327e-11
rotor,edge,1.000,u,139,1.282927638e-13,4.590751679e-11
rotor,edge,1.000,u,140,8.059187209e-14,3.471661608e-11
rotor,edge,1.000,u,141,4.765670842e-14,2.260357253e-11
rotor,edge,1.000,u,142,2.335421534e-14,1.444803830e-11
rotor,edge,1.000,u,143,5.952643349e-15,7.854160383e-12
rotor,edge,1.000,u,144,0.000000000e+00,2.070287938e-12
rotor,edge,1.000,uj,1,7.986913268e-01,4.185626272e+02
rotor,edge,1.000,uj,2,5.580673926e-01,3.974400300e+02
rotor,edge,1.000,uj,3,3.940762878e-01,2.748604640e+02
rotor,edge,1.000,uj,4,3.124034461e-01,1.670858115e+02
rotor,edge,1.000,uj,5,2.372488399e-01,1.413750286e+02
rotor,edge,1.000,uj,6,1.857890176e-01,1.026300742e+02
rotor,edge,1.000,uj,7,1.501652129e-01,7.609587101e+01
rotor,edge,1.000,uj,8,1.314754115e-01,5.046623167e+01
rotor,edge,1.000,uj,9,1.142788011e-01,4.521919179e+01
rotor,edge,1.000,uj,10,9.545660607e-02,4.370407133e+01
rotor,edge,1.000,uj,11,8.311224370e-02,3.265788581e+01
rotor,edge,1.000,uj,12,7.181985542e-02,2.909474054e+01
rotor,edge,1.000,uj,13,6.301575811e-02,2.396600302e+01
rotor,edge,1.000,uj,14,5.514938256e-02,2.120717943e+01
rotor,edge,1.000,uj,15,4.798797122e-02,1.890419494e+01
rotor,edge,1.000,uj,16,4.177570885e-02,1.642578387e+01
rotor,edge,1.000,uj,17,3.632825685e-02,1.434776099e+01
rotor,edge,1.000,uj,18,3.123481067e-02,1.290361585e+01
rotor,edge,1.000,uj,19,2.602140514e-02,1.201774430e+01
rotor,edge,1.000,uj,20,2.209248962e-02,9.563623859e+00
rotor,edge,1.000,uj,21,1.858248228e-02,8.311291758e+00
rotor,edge,1.000,uj,22,1.573574196e-02,6.875229742e+00
rotor,edge,1.000,uj,23,1.371559350e-02,5.365312525e+00
rotor,edge,1.000,uj,24,1.185958353e-02,4.792370217e+00
rotor,edge,1.000,uj,25,1.032156306e-02,4.062785929e+00
rotor,edge,1.000,uj,26,8.972588175e-03,3.548670327e+00
rotor,edge,1.000,uj,27,7.787745752e-03,3.099720362e+00
rotor,edge,1.000,uj,28,6.832205541e-03,2.599850237e+00
rotor,edge,1.000,uj,29,5.976898867e-03,2.302349220e+00
rotor,edge,1.000,uj,30,5.068706257e-03,2.203102094e+00
rotor,edge,1.000,uj,31,4.276338759e-03,1.892800798e+00
rotor,edge,1.000,uj,32,3.739515978e-03,1.442916742e+00
rotor,edge,1.000,uj,33,3.286228470e-03,1.241320520e+00
rotor,edge,1.000,uj,34,2.918251964e-03,1.051026437e+00
rotor,edge,1.000,uj,35,2.569865801e-03,9.618183181e-01
rotor,edge,1.000,uj,36,2.214108948e-03,9.074484469e-01
rotor,edge,1.000,uj,37,1.922006329e-03,7.645659058e-01
rotor,edge,1.000,uj,38,1.678586381e-03,6.512023605e-01
rotor,edge,1.000,uj,39,1.442335071e-03,5.972819854e-01
rotor,edge,1.000,uj,40,1.266246095e-03,4.803832939e-01
rotor,edge,1.000,uj,41,1.104271080e-03,4.310190373e-01
rotor,edge,1.000,uj,42,9.700446611e-04,3.670348636e-01
rotor,edge,1.000,uj,43,8.514711293e-04,3.232668957e-01
rotor,edge,1.000,uj,44,7.276355645e-04,3.075950318e-01
rotor,edge,1.000,uj,45,6.076694091e-04,2.784008063e-01
rotor,edge,1.000,uj,46,5.069842183e-04,2.330256082e-01
rotor,edge,1.000,uj,47,4.297656484e-04,1.870783720e-01
rotor,edge,1.000,uj,48,3.791724201e-04,1.407196407e-01
rotor,edge,1.000,uj,49,3.293551483e-04,1.306830408e-01
rotor,edge,1.000,uj,50,2.843080189e-04,1.156510217e-01
rotor,edge,1.000,uj,51,2.472127245e-04,9.767207287e-02
rotor,edge,1.000,uj,52,2.146373955e-04,8.531901259e-02
rotor,edge,1.000,uj,53,1.896922403e-04,6.985729694e-02
rotor,edge,1.000,uj,54,1.699130253e-04,5.866356228e-02
rotor,edge,1.000,uj,55,1.511329060e-04,5.401117715e-02
rotor,edge,1.000,uj,56,1.361566703e-04,4.562597445e-02
rotor,edge,1.000,uj,57,1.216840895e-04,4.249126518e-02
rotor,edge,1.000,uj,58,1.080804609e-04,3.888837356e-02
rotor,edge,1.000,uj,59,9.531787057e-05,3.544002274e-02
rotor,edge,1.000,uj,60,8.308765731e-05,3.249167146e-02
rotor,edge,1.000,uj,61,7.459637334e-05,2.545255729e-02
rotor,edge,1.000,uj,62,6.640482345e-05,2.363988309e-02
rotor,edge,1.000,uj,63,5.832495452e-05,2.208198534e-02
rotor,edge,1.000,uj,64,5.020427002e-05,2.065002366e-02
rotor,edge,1.000,uj,65,4.478523125e-05,1.578155588e-02
rotor,edge,1.000,uj,66,3.920959641e-05,1.505304355e-02
rotor,edge,1.000,uj,67,3.429770114e-05,1.321723653e-02
rotor,edge,1.000,uj,68,2.989803615e-05,1.168998045e-02
rotor,edge,1.000,uj,69,2.537915103e-05,1.099358915e-02
rotor,edge,1.000,uj,70,2.138859442e-05,9.502564809e-03
rotor,edge,1.000,uj,71,1.779057696e-05,8.258670534e-03
rotor,edge,1.000,uj,72,1.488500305e-05,6.777640066e-03
rotor,edge,1.000,uj,73,1.227417936e-05,5.857307214e-03
rotor,edge,1.000,uj,74,1.049445865e-05,4.427874854e-03
rotor,edge,1.000,uj,75,8.769492171e-06,4.009718596e-03
rotor,edge,1.000,uj,76,6.756709480e-06,3.888498542e-03
rotor,edge,1.000,uj,77,5.473295889e-06,2.755798920e-03
rotor,edge,1.000,uj,78,4.460456945e-06,2.206367012e-03
rotor,edge,1.000,uj,79,3.540662181e-06,1.886999215e-03
rotor,edge,1.000,uj,80,2.731895748e-06,1.566696178e-03
rotor,edge,1.000,uj,81,2.130336178e-06,1.189619407e-03
rotor,edge,1.000,uj,82,1.683945444e-06,9.076425514e-04
rotor,edge,1.000,uj,83,1.341365032e-06,7.081367347e-04
rotor,edge,1.000,uj,84,1.040835578e-06,5.885502815e-04
rotor,edge,1.000,uj,85,7.859341588e-07,4.746559351e-04
rotor,edge,1.000,uj,86,6.141777516e-07,3.411055088e-04
rotor,edge,1.000,uj,87,4.856929281e-07,2.614855012e-04
rotor,edge,1.000,uj,88,3.840072044e-07,2.068548199e-04
rotor,edge,1.000,uj,89,3.130828051e-07,1.546653921e-04
rotor,edge,1.000,uj,90,2.522508189e-07,1.289939351e-04
rotor,edge,1.000,uj,91,2.076786114e-07,9.959294090e-05
rotor,edge,1.000,uj,92,1.595706024e-07,9.245704598e-05
rotor,edge,1.000,uj,93,1.216859179e-07,7.180158347e-05
rotor,edge,1.000,uj,94,1.011147647e-07,4.709105964e-05
rotor,edge,1.000,uj,95,8.774080625e-08,3.495793489e-05
rotor,edge,1.000,uj,96,7.322255863e-08,3.362571328e-05
rotor,edge,1.000,uj,97,6.140158800e-08,2.774846320e-05
rotor,edge,1.000,uj,98,5.075243886e-08,2.403896555e-05
rotor,edge,1.000,uj,99,4.177171902e-08,2.005090731e-05
rotor,edge,1.000,uj,100,3.480744595e-08,1.606364485e-05
rotor,edge,1.000,uj,101,2.936377990e-08,1.300070159e-05
rotor,edge,1.000,uj,102,2.570683155e-08,9.871206733e-06
rotor,edge,1.000,uj,103,2.172025121e-08,9.564545794e-06
rotor,edge,1.000,uj,104,1.857799680e-08,7.827347947e-06
rotor,edge,1.000,uj,105,1.569305664e-08,6.916446414e-06
rotor,edge,1.000,uj,106,1.321047405e-08,5.892209572e-06
rotor,edge,1.000,uj,107,1.049975461e-08,5.576491461e-06
rotor,edge,1.000,uj,108,8.550355476e-09,4.238869181e-06
rotor,edge,1.000,uj,109,6.972443593e-09,3.442526373e-06
rotor,edge,1.000,uj,110,5.368053863e-09,3.095081966e-06
rotor,edge,1.000,uj,111,4.178080801e-09,2.344408180e-06
rotor,edge,1.000,uj,112,3.537104138e-09,1.546839181e-06
rotor,edge,1.000,uj,113,2.966447631e-09,1.340027073e-06
rotor,edge,1.000,uj,114,2.366018266e-09,1.244646122e-06
rotor,edge,1.000,uj,115,1.870244539e-09,1.008054670e-06
rotor,edge,1.000,uj,116,1.401601348e-09,8.613277905e-07
rotor,edge,1.000,uj,117,1.050735856e-09,6.452251783e-07
rotor,edge,1.000,uj,118,7.371302611e-10,5.208471393e-07
rotor,edge,1.000,uj,119,6.122519554e-10,2.855366598e-07
rotor,edge,1.000,uj,120,4.864098743e-10,2.586400935e-07
rotor,edge,1.000,uj,121,3.794112471e-10,2.117161928e-07
rotor,edge,1.000,uj,122,3.212028434e-10,1.404698644e-07
rotor,edge,1.000,uj,123,2.608511200e-10,1.303699048e-07
rotor,edge,1.000,uj,124,2.060820749e-10,1.112361231e-07
rotor,edge,1.000,uj,125,1.522088152e-10,9.663966035e-08
rotor,edge,1.000,uj,126,1.245823824e-10,6.082602380e-08
rotor,edge,1.000,uj,127,1.001875238e-10,5.150733969e-08
rotor,edge,1.000,uj,128,7.912138236e-11,4.275080663e-08
rotor,edge,1.000,uj,129,5.988855708e-11,3.596626625e-08
rotor,edge,1.000,uj,130,4.424287389e-11,2.807624793e-08
rotor,edge,1.000,uj,131,3.433950056e-11,1.940461515e-08
rotor,edge,1.000,uj,132,2.412257909e-11,1.699996560e-08
rotor,edge,1.000,uj,133,1.910356631e-11,1.024550313e-08
rotor,edge,1.000,uj,134,1.569059535e-11,7.580020325e-09
rotor,edge,1.000,uj,135,1.209293929e-11,6.954316521e-09
rotor,edge,1.000,uj,136,8.567358799e-12,5.936554975e-09
rotor,edge,1.000,uj,137,6.620950153e-12,3.782009441e-09
rotor,edge,1.000,uj,138,4.327029483e-12,3.485836978e-09
rotor,edge,1.000,uj,139,2.823476414e-12,2.280755076e-09
rotor,edge,1.000,uj,140,1.582151760e-12,1.626662653e-09
rotor,edge,1.000,uj,141,1.109808369e-12,7.843576164e-10
rotor,edge,1.000,uj,142,5.978793259e-13,6.503692414e-10
rotor,edge,1.000,uj,143,2.695710059e-13,3.712052739e-10
rotor,edge,1.000,uj,144,0.000000000e+00,1.875098403e-10
rotor,edge,6.000,u,1,7.233102514e-01,2.401591618e+02
rotor,edge,6.000,u,2,4.093604766e-01,2.073971650e+02
rotor,edge,6.000,u,3,2.679231762e-01,1.076435879e+02
rotor,edge,6.000,u,4,1.852867091e-01,6.730641312e+01
rotor,edge,6.000,u,5,1.367076575e-01,4.349802535e+01
rotor,edge,6.000,u,6,1.039343645e-01,3.088635532e+01
rotor,edge,6.000,u,7,8.226308054e-02,2.209276480e+01
rotor,edge,6.000,u,8,6.933062998e-02,1.539933242e+01
rotor,edge,6.000,u,9,5.940659753e-02,1.243131447e+01
rotor,edge,6.000,u,10,5.012279628e-02,1.109044949e+01
rotor,edge,6.000,u,11,4.263803489e-02,9.164149911e+00
rotor,edge,6.000,u,12,3.516143326e-02,8.388056044e+00
rotor,edge,6.000,u,13,2.689028768e-02,7.879173011e+00
rotor,edge,6.000,u,14,2.279231426e-02,4.962581175e+00
rotor,edge,6.000,u,15,1.964227462e-02,4.021044673e+00
rotor,edge,6.000,u,16,1.731578264e-02,3.224974139e+00
rotor,edge,6.000,u,17,1.469541595e-02,3.185318703e+00
rotor,edge,6.000,u,18,1.201669559e-02,2.941973037e+00
rotor,edge,6.000,u,19,1.017452879e-02,2.223698982e+00
rotor,edge,6.000,u,20,8.572878354e-03,1.905791401e+00
rotor,edge,6.000,u,21,6.938395103e-03,1.751196391e+00
rotor,edge,6.000,u,22,5.817292388e-03,1.315211285e+00
rotor,edge,6.000,u,23,4.836000116e-03,1.124506588e+00
rotor,edge,6.000,u,24,4.093987018e-03,8.952659998e-01
rotor,edge,6.000,u,25,3.496018159e-03,7.409368741e-01
rotor,edge,6.000,u,26,3.048951856e-03,5.949229026e-01
rotor,edge,6.000,u,27,2.590034956e-03,5.594850091e-01
rotor,edge,6.000,u,28,2.210652931e-03,4.693653223e-01
rotor,edge,6.000,u,29,1.871624360e-03,4.091572857e-01
rotor,edge,6.000,u,30,1.553677061e-03,3.629508825e-01
rotor,edge,6.000,u,31,1.347380544e-03,2.690574447e-01
rotor,edge,6.000,u,32,1.150140814e-03,2.441027625e-01
rotor,edge,6.000,u,33,9.799171456e-04,2.094240585e-01
rotor,edge,6.000,u,34,8.077296119e-04,1.929579136e-01
rotor,edge,6.000,u,35,7.039613348e-04,1.377478085e-01
rotor,edge,6.000,u,36,6.064159523e-04,1.243433104e-01
rotor,edge,6.000,u,37,5.288608903e-04,1.031993242e-01
rotor,edge,6.000,u,38,4.432970694e-04,1.003077276e-01
rotor,edge,6.000,u,39,3.703996120e-04,8.470486450e-02
rotor,edge,6.000,u,40,3.152267546e-04,6.764370432e-02
rotor,edge,6.000,u,41,2.638757778e-04,5.997537551e-02
rotor,edge,6.000,u,42,2.151048680e-04,5.315698010e-02
rotor,edge,6.000,u,43,1.842977852e-04,3.857906070e-02
rotor,edge,6.000,u,44,1.550128226e-04,3.466905030e-02
rotor,edge,6.000,u,45,1.279913427e-04,3.041388280e-02
rotor,edge,6.000,u,46,1.044418878e-04,2.573122293e-02
rotor,edge,6.000,u,47,8.719074626e-05,1.999698602e-02
rotor,edge,6.000,u,48,7.537605178e-05,1.524221428e-02
rotor,edge,6.000,u,49,6.587716973e-05,1.273961540e-02
rotor,edge,6.000,u,50,5.791957835e-05,1.091607032e-02
rotor,edge,6.000,u,51,4.973745191e-05,1.032226917e-02
rotor,edge,6.000,u,52,4.309022745e-05,8.639324920e-03
rotor,edge,6.000,u,53,3.596483496e-05,8.254487763e-03
rotor,edge,6.000,u,54,3.068425757e-05,6.524672467e-03
rotor,edge,6.000,u,55,2.657720512e-05,5.333560580e-03
rotor,edge,6.000,u,56,2.288776292e-05,4.698401332e-03
rotor,edge,6.000,u,57,1.986906268e-05,3.951241832e-03
rotor,edge,6.000,u,58,1.732715058e-05,3.381820226e-03
rotor,edge,6.000,u,59,1.537572348e-05,2.778369588e-03
rotor,edge,6.000,u,60,1.321971865e-05,2.730826831e-03
rotor,edge,6.000,u,61,1.139530424e-05,2.330680584e-03
rotor,edge,6.000,u,62,1.008944935e-05,1.842186255e-03
rotor,edge,6.000,u,63,8.656255228e-06,1.802703418e-03
rotor,edge,6.000,u,64,7.452027160e-06,1.531792289e-03
rotor,edge,6.000,u,65,6.452896526e-06,1.296332267e-03
rotor,edge,6.000,u,66,5.459789154e-06,1.196255186e-03
rotor,edge,6.000,u,67,4.620442010e-06,1.011642214e-03
rotor,edge,6.000,u,68,3.974352587e-06,8.195679300e-04
rotor,edge,6.000,u,69,3.353635472e-06,7.417543907e-04
rotor,edge,6.000,u,70,2.802017090e-06,6.408808634e-04
rotor,edge,6.000,u,71,2.335550232e-06,5.384061950e-04
rotor,edge,6.000,u,72,1.932431476e-06,4.561930522e-04
rotor,edge,6.000,u,73,1.526989775e-06,4.118952854e-04
rotor,edge,6.000,u,74,1.193798887e-06,3.311424453e-04
rotor,edge,6.000,u,75,9.086769945e-07,2.692785023e-04
rotor,edge,6.000,u,76,6.557775541e-07,2.187642230e-04
rotor,edge,6.000,u,77,5.310630564e-07,1.338059911e-04
rotor,edge,6.000,u,78,3.869819965e-07,1.264900411e-04
rotor,edge,6.000,u,79,2.901041373e-07,8.907485328e-05
rotor,edge,6.000,u,80,2.277175832e-07,6.251101056e-05
rotor,edge,6.000,u,81,1.938854231e-07,4.153723680e-05
rotor,edge,6.000,u,82,1.587060109e-07,3.873477672e-05
rotor,edge,6.000,u,83,1.236333038e-07,3.460917217e-05
rotor,edge,6.000,u,84,9.069538439e-08,2.922194528e-05
rotor,edge,6.000,u,85,5.593913805e-08,2.482878324e-05
rotor,edge,6.000,u,86,4.212577273e-08,1.280051541e-05
rotor,edge,6.000,u,87,3.653692649e-08,7.292331322e-06
rotor,edge,6.000,u,88,3.066886420e-08,6.906715930e-06
rotor,edge,6.000,u,89,2.562134255e-08,5.862412939e-06
rotor,edge,6.000,u,90,2.089460379e-08,5.157065173e-06
rotor,edge,6.000,u,91,1.623804167e-08,4.573319416e-06
rotor,edge,6.000,u,92,1.215142823e-08,3.746116763e-06
rotor,edge,6.000,u,93,9.539196263e-09,2.617958678e-06
rotor,edge,6.000,u,94,7.663238209e-09,1.975729147e-06
rotor,edge,6.000,u,95,6.039405037e-09,1.640566235e-06
rotor,edge,6.000,u,96,5.092394067e-09,1.129226533e-06
rotor,edge,6.000,u,97,4.239191407e-09,9.813517665e-07
rotor,edge,6.000,u,98,3.457283686e-09,8.531876773e-07
rotor,edge,6.000,u,99,3.024599342e-09,5.824478871e-07
rotor,edge,6.000,u,100,2.655701148e-09,5.034540153e-07
rotor,edge,6.000,u,101,2.269271909e-09,4.797973099e-07
rotor,edge,6.000,u,102,1.845534780e-09,4.592443978e-07
rotor,edge,6.000,u,103,1.601445844e-09,3.190173898e-07
rotor,edge,6.000,u,104,1.332063103e-09,3.091715206e-07
rotor,edge,6.000,u,105,1.069567325e-09,2.761436997e-07
rotor,edge,6.000,u,106,8.623787751e-10,2.200398128e-07
rotor,edge,6.000,u,107,6.806048052e-10,1.841905681e-07
rotor,edge,6.000,u,108,5.637453798e-10,1.326245950e-07
rotor,edge,6.000,u,109,4.524460875e-10,1.169647138e-07
rotor,edge,6.000,u,110,3.561974156e-10,9.702794039e-08
rotor,edge,6.000,u,111,2.694961599e-10,8.100548573e-08
rotor,edge,6.000,u,112,2.038958968e-10,6.128922971e-08
rotor,edge,6.000,u,113,1.565608424e-10,4.542959904e-08
rotor,edge,6.000,u,114,1.171210416e-10,3.613360319e-08
rotor,edge,6.000,u,115,9.500366604e-11,2.382227940e-08
rotor,edge,6.000,u,116,6.777378139e-11,2.315479322e-08
rotor,edge,6.000,u,117,5.445913166e-11,1.403071629e-08
rotor,edge,6.000,u,118,4.247259402e-11,1.185497761e-08
rotor,edge,6.000,u,119,3.537166762e-11,8.176956676e-09
rotor,edge,6.000,u,120,2.680442909e-11,8.026995983e-09
rotor,edge,6.000,u,121,1.979526934e-11,6.285580912e-09
rotor,edge,6.000,u,122,1.586969084e-11,4.115225081e-09
rotor,edge,6.000,u,123,1.292481003e-11,3.202650356e-09
rotor,edge,6.000,u,124,1.008943685e-11,2.809469921e-09
rotor,edge,6.000,u,125,7.431996206e-12,2.373217199e-09
rotor,edge,6.000,u,126,5.415442312e-12,1.770247867e-09
rotor,edge,6.000,u,127,4.160052109e-12,1.205843260e-09
rotor,edge,6.000,u,128,3.374974436e-12,8.459011113e-10
rotor,edge,6.000,u,129,2.641528113e-12,7.305956961e-10
rotor,edge,6.000,u,130,2.080356392e-12,5.661434124e-10
rotor,edge,6.000,u,131,1.542028751e-12,4.856702941e-10
rotor,edge,6.000,u,132,1.066425337e-12,3.873780151e-10
rotor,edge,6.000,u,133,8.143878765e-13,2.394563012e-10
rotor,edge,6.000,u,134,6.033913626e-13,1.902229162e-10
rotor,edge,6.000,u,135,4.641067239e-13,1.341084221e-10
rotor,edge,6.000,u,136,3.754624349e-13,9.487996327e-11
rotor,edge,6.000,u,137,2.781179968e-13,8.772552599e-11
rotor,edge,6.000,u,138,1.840710437e-13,7.251086327e-11
rotor,edge,6.000,u,139,1.282927638e-13,4.590751679e-11
rotor,edge,6.000,u,140,8.059187209e-14,3.471661608e-11
rotor,edge,6.000,u,141,4.765670842e-14,2.260357253e-11
rotor,edge,6.000,u,142,2.335421534e-14,1.444803830e-11
rotor,edge,6.000,u,143,5.952643349e-15,7.854160383e-12
rotor,edge,6.000,u,144,0.000000000e+00,2.070287938e-12
rotor,edge,6.000,uj,1,7.986913268e-01,4.185626272e+02
rotor,edge,6.000,uj,2,5.580673926e-01,3.974400300e+02
rotor,edge,6.000,uj,3,3.940762878e-01,2.748604640e+02
rotor,edge,6.000,uj,4,3.124034461e-01,1.670858115e+02
rotor,edge,6.000,uj,5,2.372488399e-01,1.413750286e+02
rotor,edge,6.000,uj,6,1.857890176e-01,1.026300742e+02
rotor,edge,6.000,uj,7,1.501652129e-01,7.609587101e+01
rotor,edge,6.000,uj,8,1.314754115e-01,5.046623167e+01
rotor,edge,6.000,uj,9,1.142788011e-01,4.521919179e+01
rotor,edge,6.000,uj,10,9.545660607e-02,4.370407133e+01
rotor,edge,6.000,uj,11,8.311224370e-02,3.265788581e+01
rotor,edge,6.000,uj,12,7.181985542e-02,2.909474054e+01
rotor,edge,6.000,uj,13,6.301575811e-02,2.396600302e+01
rotor,edge,6.000,uj,14,5.514938256e-02,2.120717943e+01
rotor,edge,6.000,uj,15,4.798797122e-02,1.890419494e+01
rotor,edge,6.000,uj,16,4.177570885e-02,1.642578387e+01
rotor,edge,6.000,uj,17,3.632825685e-02,1.434776099e+01
rotor,edge,6.000,uj,18,3.123481067e-02,1.290361585e+01
rotor,edge,6.000,uj,19,2.602140514e-02,1.201774430e+01
rotor,edge,6.000,uj,20,2.209248962e-02,9.563623859e+00
rotor,edge,6.000,uj,21,1.858248228e-02,8.311291758e+00
rotor,edge,6.000,uj,22,1.573574196e-02,6.875229742e+00
rotor,edge,6.000,uj,23,1.371559350e-02,5.365312525e+00
rotor,edge,6.000,uj,24,1.185958353e-02,4.792370217e+00
rotor,edge,6.000,uj,25,1.032156306e-02,4.062785929e+00
rotor,edge,6.000,uj,26,8.972588175e-03,3.548670327e+00
rotor,edge,6.000,uj,27,7.787745752e-03,3.099720362e+00
rotor,edge,6.000,uj,28,6.832205541e-03,2.599850237e+00
rotor,edge,6.000,uj,29,5.976898867e-03,2.302349220e+00
rotor,edge,6.000,uj,30,5.068706257e-03,2.203102094e+00
rotor,edge,6.000,uj,31,4.276338759e-03,1.892800798e+00
rotor,edge,6.000,uj,32,3.739515978e-03,1.442916742e+00
rotor,edge,6.000,uj,33,3.286228470e-03,1.241320520e+00
rotor,edge,6.000,uj,34,2.918251964e-03,1.051026437e+00
rotor,edge,6.000,uj,35,2.569865801e-03,9.618183181e-01
rotor,edge,6.000,uj,36,2.214108948e-03,9.074484469e-01
rotor,edge,6.000,uj,37,1.922006329e-03,7.645659058e-01
rotor,edge,6.000,uj,38,1.678586381e-03,6.512023605e-01
rotor,edge,6.000,uj,39,1.442335071e-03,5.972819854e-01
rotor,edge,6.000,uj,40,1.266246095e-03,4.803832939e-01
rotor,edge,6.000,uj,41,1.104271080e-03,4.310190373e-01
rotor,edge,6.000,uj,42,9.700446611e-04,3.670348636e-01
rotor,edge,6.000,uj,43,8.514711293e-04,3.232668957e-01
rotor,edge,6.000,uj,44,7.276355645e-04,3.075950318e-01
rotor,edge,6.000,uj,45,6.076694091e-04,2.784008063e-01
rotor,edge,6.000,uj,46,5.069842183e-04,2.330256082e-01
rotor,edge,6.000,uj,47,4.297656484e-04,1.870783720e-01
rotor,edge,6.000,uj,48,3.791724201e-04,1.407196407e-01
rotor,edge,6.000,uj,49,3.293551483e-04,1.306830408e-01
rotor,edge,6.000,uj,50,2.843080189e-04,1.156510217e-01
rotor,edge,6.000,uj,51,2.472127245e-04,9.767207287e-02
rotor,edge,6.000,uj,52,2.146373955e-04,8.531901259e-02
rotor,edge,6.000,uj,53,1.896922403e-04,6.985729694e-02
rotor,edge,6.000,uj,54,1.699130253e-04,5.866356228e-02
rotor,edge,6.000,uj,55,1.511329060e-04,5.401117715e-02
rotor,edge,6.000,uj,56,1.361566703e-04,4.562597445e-02
rotor,edge,6.000,uj,57,1.216840895e-04,4.249126518e-02
rotor,edge,6.000,uj,58,1.080804609e-04,3.888837356e-02
rotor,edge,6.000,uj,59,9.531787057e-05,3.544002274e-02
rotor,edge,6.000,uj,60,8.308765731e-05,3.249167146e-02
rotor,edge,6.000,uj,61,7.459637334e-05,2.545255729e-02
rotor,edge,6.000,uj,62,6.640482345e-05,2.363988309e-02
rotor,edge,6.000,uj,63,5.832495452e-05,2.208198534e-02
rotor,edge,6.000,uj,64,5.020427002e-05,2.065002366e-02
rotor,edge,6.000,uj,65,4.478523125e-05,1.578155588e-02
rotor,edge,6.000,uj,66,3.920959641e-05,1.505304355e-02
rotor,edge,6.000,uj,67,3.429770114e-05,1.321723653e-02
rotor,edge,6.000,uj,68,2.989803615e-05,1.168998045e-02
rotor,edge,6.000,uj,69,2.537915103e-05,1.099358915e-02
rotor,edge,6.000,uj,70,2.138859442e-05,9.502564809e-03
rotor,edge,6.000,uj,71,1.779057696e-05,8.258670534e-03
rotor,edge,6.000,uj,72,1.488500305e-05,6.777640066e-03
rotor,edge,6.000,uj,73,1.227417936e-05,5.857307214e-03
rotor,edge,6.000,uj,74,1.049445865e-05,4.427874854e-03
rotor,edge,6.000,uj,75,8.769492171e-06,4.009718596e-03
rotor,edge,6.000,uj,76,6.756709480e-06,3.888498542e-03
rotor,edge,6.000,uj,77,5.473295889e-06,2.755798920e-03
rotor,edge,6.000,uj,78,4.460456945e-06,2.206367012e-03
rotor,edge,6.000,uj,79,3.540662181e-06,1.886999215e-03
rotor,edge,6.000,uj,80,2.731895748e-06,1.566696178e-03
rotor,edge,6.000,uj,81,2.130336178e-06,1.189619407e-03
rotor,edge,6.000,uj,82,1.683945444e-06,9.076425514e-04
rotor,edge,6.000,uj,83,1.341365032e-06,7.081367347e-04
rotor,edge,6.000,uj,84,1.040835578e-06,5.885502815e-04
rotor,edge,6.000,uj,85,7.859341588e-07,4.746559351e-04
rotor,edge,6.000,uj,86,6.141777516e-07,3.411055088e-04
rotor,edge,6.000,uj,87,4.856929281e-07,2.614855012e-04
rotor,edge,6.000,uj,88,3.840072044e-07,2.068548199e-04
rotor,edge,6.000,uj,89,3.130828051e-07,1.546653921e-04
rotor,edge,6.000,uj,90,2.522508189e-07,1.289939351e-04
rotor,edge,6.000,uj,91,2.076786114e-07,9.959294090e-05
rotor,edge,6.000,uj,92,1.595706024e-07,9.245704598e-05
rotor,edge,6.000,uj,93,1.216859179e-07,7.180158347e-05
rotor,edge,6.000,uj,94,1.011147647e-07,4.709105964e-05
rotor,edge,6.000,uj,95,8.774080625e-08,3.495793489e-05
rotor,edge,6.000,uj,96,7.322255863e-08,3.362571328e-05
rotor,edge,6.000,uj,97,6.140158800e-08,2.774846320e-05
rotor,edge,6.000,uj,98,5.075243886e-08,2.403896555e-05
rotor,edge,6.000,uj,99,4.177171902e-08,2.005090731e-05
rotor,edge,6.000,uj,100,3.480744595e-08,1.606364485e-05
rotor,edge,6.000,uj,101,2.936377990e-08,1.300070159e-05
rotor,edge,6.000,uj,102,2.570683155e-08,9.871206733e-06
rotor,edge,6.000,uj,103,2.172025121e-08,9.564545794e-06
rotor,edge,6.000,uj,104,1.857799680e-08,7.827347947e-06
rotor,edge,6.000,uj,105,1.569305664e-08,6.916446414e-06
rotor,edge,6.000,uj,106,1.321047405e-08,5.892209572e-06
rotor,edge,6.000,uj,107,1.049975461e-08,5.576491461e-06
rotor,edge,6.000,uj,108,8.550355476e-09,4.238869181e-06
rotor,edge,6.000,uj,109,6.972443593e-09,3.442526373e-06
rotor,edge,6.000,uj,110,5.368053863e-09,3.095081966e-06
rotor,edge,6.000,uj,111,4.178080801e-09,2.344408180e-06
rotor,edge,6.000,uj,112,3.537104138e-09,1.546839181e-06
rotor,edge,6.000,uj,113,2.966447631e-09,1.340027073e-06
rotor,edge,6.000,uj,114,2.366018266e-09,1.244646122e-06
rotor,edge,6.000,uj,115,1.870244539e-09,1.008054670e-06
rotor,edge,6.000,uj,116,1.401601348e-09,8.613277905e-07
rotor,edge,6.000,uj,117,1.050735856e-09,6.452251783e-07
rotor,edge,6.000,uj,118,7.371302611e-10,5.208471393e-07
rotor,edge,6.000,uj,119,6.122519554e-10,2.855366598e-07
rotor,edge,6.000,uj,120,4.864098743e-10,2.586400935e-07
rotor,edge,6.000,uj,121,3.794112471e-10,2.117161928e-07
rotor,edge,6.000,uj,122,3.212028434e-10,1.404698644e-07
rotor,edge,6.000,uj,123,2.608511200e-10,1.303699048e-07
rotor,edge,6.000,uj,124,2.060820749e-10,1.112361231e-07
rotor,edge,6.000,uj,125,1.522088152e-10,9.663966035e-08
rotor,edge,6.000,uj,126,1.245823824e-10,6.082602380e-08
rotor,edge,6.000,uj,127,1.001875238e-10,5.150733969e-08
rotor,edge,6.000,uj,128,7.912138236e-11,4.275080663e-08
rotor,edge,6.000,uj,129,5.988855708e-11,3.596626625e-08
rotor,edge,6.000,uj,130,4.424287389e-11,2.807624793e-08
rotor,edge,6.000,uj,131,3.433950056e-11,1.940461515e-08
rotor,edge,6.000,uj,132,2.412257909e-11,1.699996560e-08
rotor,edge,6.000,uj,133,1.910356631e-11,1.024550313e-08
rotor,edge,6.000,uj,134,1.569059535e-11,7.580020325e-09
rotor,edge,6.000,uj,135,1.209293929e-11,6.954316521e-09
rotor,edge,6.000,uj,136,8.567358799e-12,5.936554975e-09
rotor,edge,6.000,uj,137,6.620950153e-12,3.782009441e-09
rotor,edge,6.000,uj,138,4.327029483e-12,3.485836978e-09
rotor,edge,6.000,uj,139,2.823476414e-12,2.280755076e-09
rotor,edge,6.000,uj,140,1.582151760e-12,1.626662653e-09
rotor,edge,6.000,uj,141,1.109808369e-12,7.843576164e-10
rotor,edge,6.000,uj,142,5.978793259e-13,6.503692414e-10
rotor,edge,6.000,uj,143,2.695710059e-13,3.712052739e-10
rotor,edge,6.000,uj,144,0.000000000e+00,1.875098403e-10
rotor,edge,18.000,u,1,7.233102514e-01,2.401591618e+02
rotor,edge,18.000,u,2,4.093604766e-01,2.073971650e+02
rotor,edge,18.000,u,3,2.679231762e-01,1.076435879e+02
rotor,edge,18.000,u,4,1.852867091e-01,6.730641312e+01
rotor,edge,18.000,u,5,1.367076575e-01,4.349802535e+01
rotor,edge,18.000,u,6,1.039343645e-01,3.088635532e+01
rotor,edge,18.000,u,7,8.226308054e-02,2.209276480e+01
rotor,edge,18.000,u,8,6.933062998e-02,1.539933242e+01
rotor,edge,18.000,u,9,5.940659753e-02,1.243131447e+01
rotor,edge,18.000,u,10,5.012279628e-02,1.109044949e+01
rotor,edge,18.000,u,11,4.263803489e-02,9.164149911e+00
rotor,edge,18.000,u,12,3.516143326e-02,8.388056044e+00
rotor,edge,18.000,u,13,2.689028768e-02,7.879173011e+00
rotor,edge,18.000,u,14,2.279231426e-02,4.962581175e+00
rotor,edge,18.000,u,15,1.964227462e-02,4.021044673e+00
rotor,edge,18.000,u,16,1.731578264e-02,3.224974139e+00
rotor,edge,18.000,u,17,1.469541595e-02,3.185318703e+00
rotor,edge,18.000,u,18,1.201669559e-02,2.941973037e+00
rotor,edge,18.000,u,19,1.017452879e-02,2.223698982e+00
rotor,edge,18.000,u,20,8.572878354e-03,1.905791401e+00
rotor,edge,18.000,u,21,6.938395103e-03,1.751196391e+00
rotor,edge,18.000,u,22,5.817292388e-03,1.315211285e+00
rotor,edge,18.000,u,23,4.836000116e-03,1.124506588e+00
rotor,edge,18.000,u,24,4.093987018e-03,8.952659998e-01
rotor,edge,18.000,u,25,3.496018159e-03,7.409368741e-01
rotor,edge,18.000,u,26,3.048951856e-03,5.949229026e-01
rotor,edge,18.000,u,27,2.590034956e-03,5.594850091e-01
rotor,edge,18.000,u,28,2.210652931e-03,4.693653223e-01
rotor,edge,18.000,u,29,1.871624360e-03,4.091572857e-01
rotor,edge,18.000,u,30,1.553677061e-03,3.629508825e-01
rotor,edge,18.000,u,31,1.347380544e-03,2.690574447e-01
rotor,edge,18.000,u,32,1.150140814e-03,2.441027625e-01
rotor,edge,18.000,u,33,9.799171456e-04,2.094240585e-01
rotor,edge,18.000,u,34,8.077296119e-04,1.929579136e-01
rotor,edge,18.000,u,35,7.039613348e-04,1.377478085e-01
rotor,edge,18.000,u,36,6.064159523e-04,1.243433104e-01
rotor,edge,18.000,u,37,5.288608903e-04,1.031993242e-01
rotor,edge,18.000,u,38,4.432970694e-04,1.003077276e-01
rotor,edge,18.000,u,39,3.703996120e-04,8.470486450e-02
rotor,edge,18.000,u,40,3.152267546e-04,6.764370432e-02
rotor,edge,18.000,u,41,2.638757778e-04,5.997537551e-02
rotor,edge,18.000,u,42,2.151048680e-04,5.315698010e-02
rotor,edge,18.000,u,43,1.842977852e-04,3.857906070e-02
rotor,edge,18.000,u,44,1.550128226e-04,3.466905030e-02
rotor,edge,18.000,u,45,1.279913427e-04,3.041388280e-02
rotor,edge,18.000,u,46,1.044418878e-04,2.573122293e-02
rotor,edge,18.000,u,47,8.719074626e-05,1.999698602e-02
rotor,edge,18.000,u,48,7.537605178e-05,1.524221428e-02
rotor,edge,18.000,u,49,6.587716973e-05,1.273961540e-02
rotor,edge,18.000,u,50,5.791957835e-05,1.091607032e-02
rotor,edge,18.000,u,51,4.973745191e-05,1.032226917e-02
rotor,edge,18.000,u,52,4.309022745e-05,8.639324920e-03
rotor,edge,18.000,u,53,3.596483496e-05,8.254487763e-03
rotor,edge,18.000,u,54,3.068425757e-05,6.524672467e-03
rotor,edge,18.000,u,55,2.657720512e-05,5.333560580e-03
rotor,edge,18.000,u,56,2.288776292e-05,4.698401332e-03
rotor,edge,18.000,u,57,1.986906268e-05,3.951241832e-03
rotor,edge,18.000,u,58,1.732715058e-05,3.381820226e-03
rotor,edge,18.000,u,59,1.537572348e-05,2.778369588e-03
rotor,edge,18.000,u,60,1.321971865e-05,2.730826831e-03
rotor,edge,18.000,u,61,1.139530424e-05,2.330680584e-03
rotor,edge,18.000,u,62,1.008944935e-05,1.842186255e-03
rotor,edge,18.000,u,63,8.656255228e-06,1.802703418e-03
rotor,edge,18.000,u,64,7.452027160e-06,1.531792289e-03
rotor,edge,18.000,u,65,6.452896526e-06,1.296332267e-03
rotor,edge,18.000,u,66,5.459789154e-06,1.196255186e-03
rotor,edge,18.000,u,67,4.620442010e-06,1.011642214e-03
rotor,edge,18.000,u,68,3.974352587e-06,8.195679300e-04
rotor,edge,18.000,u,69,3.353635472e-06,7.417543907e-04
rotor,edge,18.000,u,70,2.802017090e-06,6.408808634e-04
rotor,edge,18.000,u,71,2.335550232e-06,5.384061950e-04
rotor,edge,18.000,u,72,1.932431476e-06,4.561930522e-04
rotor,edge,18.000,u,73,1.526989775e-06,4.118952854e-04
rotor,edge,18.000,u,74,1.193798887e-06,3.311424453e-04
rotor,edge,18.000,u,75,9.086769945e-07,2.692785023e-04
rotor,edge,18.000,u,76,6.557775541e-07,2.187642230e-04
rotor,edge,18.000,u,77,5.310630564e-07,1.338059911e-04
rotor,edge,18.000,u,78,3.869819965e-07,1.264900411e-04
rotor,edge,18.000,u,79,2.901041373e-07,8.907485328e-05
rotor,edge,18.000,u,80,2.277175832e-07,6.251101056e-05
rotor,edge,18.000,u,81,1.938854231e-07,4.153723680e-05
rotor,edge,18.000,u,82,1.587060109e-07,3.873477672e-05
rotor,edge,18.000,u,83,1.236333038e-07,3.460917217e-05
rotor,edge,18.000,u,84,9.069538439e-08,2.922194528e-05
rotor,edge,18.000,u,85,5.593913805e-08,2.482878324e-05
rotor,edge,18.000,u,86,4.212577273e-08,1.280051541e-05
rotor,edge,18.000,u,87,3.653692649e-08,7.292331322e-06
rotor,edge,18.000,u,88,3.066886420e-08,6.906715930e-06
rotor,edge,18.000,u,89,2.562134255e-08,5.862412939e-06
rotor,edge,18.000,u,90,2.089460379e-08,5.157065173e-06
rotor,edge,18.000,u,91,1.623804167e-08,4.573319416e-06
rotor,edge,18.000,u,92,1.215142823e-08,3.746116763e-06
rotor,edge,18.000,u,93,9.539196263e-09,2.617958678e-06
rotor,edge,18.000,u,94,7.663238209e-09,1.975729147e-06
rotor,edge,18.000,u,95,6.039405037e-09,1.640566235e-06
rotor,edge,18.000,u,96,5.092394067e-09,1.129226533e-06
rotor,edge,18.000,u,97,4.239191407e-09,9.813517665e-07
rotor,edge,18.000,u,98,3.457283686e-09,8.531876773e-07
rotor,edge,18.000,u,99,3.024599342e-09,5.824478871e-07
rotor,edge,18.000,u,100,2.655701148e-09,5.034540153e-07
rotor,edge,18.000,u,101,2.269271909e-09,4.797973099e-07
rotor,edge,18.000,u,102,1.845534780e-09,4.592443978e-07
rotor,edge,18.000,u,103,1.601445844e-09,3.190173898e-07
rotor,edge,18.000,u,104,1.332063103e-09,3.091715206e-07
rotor,edge,18.000,u,105,1.069567325e-09,2.761436997e-07
rotor,edge,18.000,u,106,8.623787751e-10,2.200398128e-07
rotor,edge,18.000,u,107,6.806048052e-10,1.841905681e-07
rotor,edge,18.000,u,108,5.637453798e-10,1.326245950e-07
rotor,edge,18.000,u,109,4.524460875e-10,1.169647138e-07
rotor,edge,18.000,u,110,3.561974156e-10,9.702794039e-08
rotor,edge,18.000,u,111,2.694961599e-10,8.100548573e-08
rotor,edge,18.000,u,112,2.038958968e-10,6.128922971e-08
rotor,edge,18.000,u,113,1.565608424e-10,4.542959904e-08
rotor,edge,18.000,u,114,1.171210416e-10,3.613360319e-08
rotor,edge,18.000,u,115,9.500366604e-11,2.382227940e-08
rotor,edge,18.000,u,116,6.777378139e-11,2.315479322e-08
rotor,edge,18.000,u,117,5.445913166e-11,1.403071629e-08
rotor,edge,18.000,u,118,4.247259402e-11,1.185497761e-08
rotor,edge,18.000,u,119,3.537166762e-11,8.176956676e-09
rotor,edge,18.000,u,120,2.680442909e-11,8.026995983e-09
rotor,edge,18.000,u,121,1.979526934e-11,6.285580912e-09
rotor,edge,18.000,u,122,1.586969084e-11,4.115225081e-09
rotor,edge,18.000,u,123,1.292481003e-11,3.202650356e-09
rotor,edge,18.000,u,124,1.008943685e-11,2.809469921e-09
rotor,edge,18.000,u,125,7.431996206e-12,2.373217199e-09
rotor,edge,18.000,u,126,5.415442312e-12,1.770247867e-09
rotor,edge,18.000,u,127,4.160052109e-12,1.205843260e-09
rotor,edge,18.000,u,128,3.374974436e-12,8.459011113e-10
rotor,edge,18.000,u,129,2.641528113e-12,7.305956961e-10
rotor,edge,18.000,u,130,2.080356392e-12,5.661434124e-10
rotor,edge,18.000,u,131,1.542028751e-12,4.856702941e-10
rotor,edge,18.000,u,132,1.066425337e-12,3.873780151e-10
rotor,edge,18.000,u,133,8.143878765e-13,2.394563012e-10
rotor,edge,18.000,u,134,6.033913626e-13,1.902229162e-10
rotor,edge,18.000,u,135,4.641067239e-13,1.341084221e-10
rotor,edge,18.000,u,136,3.754624349e-13,9.487996327e-11
rotor,edge,18.000,u,137,2.781179968e-13,8.772552599e-11
rotor,edge,18.000,u,138,1.840710437e-13,7.251086327e-11
rotor,edge,18.000,u,139,1.282927638e-13,4.590751679e-11
rotor,edge,18.000,u,140,8.059187209e-14,3.471661608e-11
rotor,edge,18.000,u,141,4.765670842e-14,2.260357253e-11
rotor,edge,18.000,u,142,2.335421534e-14,1.444803830e-11
rotor,edge,18.000,u,143,5.952643349e-15,7.854160383e-12
rotor,edge,18.000,u,144,0.000000000e+00,2.070287938e-12
rotor,edge,18.000,uj,1,7.986913268e-01,4.185626272e+02
rotor,edge,18.000,uj,2,5.580673926e-01,3.974400300e+02
rotor,edge,18.000,uj,3,3.940762878e-01,2.748604640e+02
rotor,edge,18.000,uj,4,3.124034461e-01,1.670858115e+02
rotor,edge,18.000,uj,5,2.372488399e-01,1.413750286e+02
rotor,edge,18.000,uj,6,1.857890176e-01,1.026300742e+02
rotor,edge,18.000,uj,7,1.501652129e-01,7.609587101e+01
rotor,edge,18.000,uj,8,1.314754115e-01,5.046623167e+01
rotor,edge,18.000,uj,9,1.142788011e-01,4.521919179e+01
rotor,edge,18.000,uj,10,9.545660607e-02,4.370407133e+01
rotor,edge,18.000,uj,11,8.311224370e-02,3.265788581e+01
rotor,edge,18.000,uj,12,7.181985542e-02,2.909474054e+01
rotor,edge,18.000,uj,13,6.301575811e-02,2.396600302e+01
rotor,edge,18.000,uj,14,5.514938256e-02,2.120717943e+01
rotor,edge,18.000,uj,15,4.798797122e-02,1.890419494e+01
rotor,edge,18.000,uj,16,4.177570885e-02,1.642578387e+01
rotor,edge,18.000,uj,17,3.632825685e-02,1.434776099e+01
rotor,edge,18.000,uj,18,3.123481067e-02,1.290361585e+01
rotor,edge,18.000,uj,19,2.602140514e-02,1.201774430e+01
rotor,edge,18.000,uj,20,2.209248962e-02,9.563623859e+00
rotor,edge,18.000,uj,21,1.858248228e-02,8.311291758e+00
rotor,edge,18.000,uj,22,1.573574196e-02,6.875229742e+00
rotor,edge,18.000,uj,23,1.371559350e-02,5.365312525e+00
rotor,edge,18.000,uj,24,1.185958353e-02,4.792370217e+00
rotor,edge,18.000,uj,25,1.032156306e-02,4.062785929e+00
rotor,edge,18.000,uj,26,8.972588175e-03,3.548670327e+00
rotor,edge,18.000,uj,27,7.787745752e-03,3.099720362e+00
rotor,edge,18.000,uj,28,6.832205541e-03,2.599850237e+00
rotor,edge,18.000,uj,29,5.976898867e-03,2.302349220e+00
rotor,edge,18.000,uj,30,5.068706257e-03,2.203102094e+00
rotor,edge,18.000,uj,31,4.276338759e-03,1.892800798e+00
rotor,edge,18.000,uj,32,3.739515978e-03,1.442916742e+00
rotor,edge,18.000,uj,33,3.286228470e-03,1.241320520e+00
rotor,edge,18.000,uj,34,2.918251964e-03,1.051026437e+00
rotor,edge,18.000,uj,35,2.569865801e-03,9.618183181e-01
rotor,edge,18.000,uj,36,2.214108948e-03,9.074484469e-01
rotor,edge,18.000,uj,37,1.922006329e-03,7.645659058e-01
rotor,edge,18.000,uj,38,1.678586381e-03,6.512023605e-01
rotor,edge,18.000,uj,39,1.442335071e-03,5.972819854e-01
rotor,edge,18.000,uj,40,1.266246095e-03,4.803832939e-01
rotor,edge,18.000,uj,41,1.104271080e-03,4.310190373e-01
rotor,edge,18.000,uj,42,9.700446611e-04,3.670348636e-01
rotor,edge,18.000,uj,43,8.514711293e-04,3.232668957e-01
rotor,edge,18.000,uj,44,7.276355645e-04,3.075950318e-01
rotor,edge,18.000,uj,45,6.076694091e-04,2.784008063e-01
rotor,edge,18.000,uj,46,5.069842183e-04,2.330256082e-01
rotor,edge,18.000,uj,47,4.297656484e-04,1.870783720e-01
rotor,edge,18.000,uj,48,3.791724201e-04,1.407196407e-01
rotor,edge,18.000,uj,49,3.293551483e-04,1.306830408e-01
rotor,edge,18.000,uj,50,2.843080189e-04,1.156510217e-01
rotor,edge,18.000,uj,51,2.472127245e-04,9.767207287e-02
rotor,edge,18.000,uj,52,2.146373955e-04,8.531901259e-02
rotor,edge,18.000,uj,53,1.896922403e-04,6.985729694e-02
rotor,edge,18.000,uj,54,1.699130253e-04,5.866356228e-02
rotor,edge,18.000,uj,55,1.511329060e-04,5.401117715e-02
rotor,edge,18.000,uj,56,1.361566703e-04,4.562597445e-02
rotor,edge,18.000,uj,57,1.216840895e-04,4.249126518e-02
rotor,edge,18.000,uj,58,1.080804609e-04,3.888837356e-02
rotor,edge,18.000,uj,59,9.531787057e-05,3.544002274e-02
rotor,edge,18.000,uj,60,8.308765731e-05,3.249167146e-02
rotor,edge,18.000,uj,61,7.459637334e-05,2.545255729e-02
rotor,edge,18.000,uj,62,6.640482345e-05,2.363988309e-02
rotor,edge,18.000,uj,63,5.832495452e-05,2.208198534e-02
rotor,edge,18.000,uj,64,5.020427002e-05,2.065002366e-02
rotor,edge,18.000,uj,65,4.478523125e-05,1.578155588e-02
rotor,edge,18.000,uj,66,3.920959641e-05,1.505304355e-02
rotor,edge,18.000,uj,67,3.429770114e-05,1.321723653e-02
rotor,edge,18.000,uj,68,2.989803615e-05,1.168998045e-02
rotor,edge,18.000,uj,69,2.537915103e-05,1.099358915e-02
rotor,edge,18.000,uj,70,2.138859442e-05,9.502564809e-03
rotor,edge,18.000,uj,71,1.779057696e-05,8.258670534e-03
rotor,edge,18.000,uj,72,1.488500305e-05,6.777640066e-03
rotor,edge,18.000,uj,73,1.227417936e-05,5.857307214e-03
rotor,edge,18.000,uj,74,1.049445865e-05,4.427874854e-03
rotor,edge,18.000,uj,75,8.769492171e-06,4.009718596e-03
rotor,edge,18.000,uj,76,6.756709480e-06,3.888498542e-03
rotor,edge,18.000,uj,77,5.473295889e-06,2.755798920e-03
rotor,edge,18.000,uj,78,4.460456945e-06,2.206367012e-03
rotor,edge,18.000,uj,79,3.540662181e-06,1.886999215e-03
rotor,edge,18.000,uj,80,2.731895748e-06,1.566696178e-03
rotor,edge,18.000,uj,81,2.130336178e-06,1.189619407e-03
rotor,edge,18.000,uj,82,1.683945444e-06,9.076425514e-04
rotor,edge,18.000,uj,83,1.341365032e-06,7.081367347e-04
rotor,edge,18.000,uj,84,1.040835578e-06,5.885502815e-04
rotor,edge,18.000,uj,85,7.859341588e-07,4.746559351e-04
rotor,edge,18.000,uj,86,6.141777516e-07,3.411055088e-04
rotor,edge,18.000,uj,87,4.856929281e-07,2.614855012e-04
rotor,edge,18.000,uj,88,3.840072044e-07,2.068548199e-04
rotor,edge,18.000,uj,89,3.130828051e-07,1.546653921e-04
rotor,edge,18.000,uj,90,2.522508189e-07,1.289939351e-04
rotor,edge,18.000,uj,91,2.076786114e-07,9.959294090e-05
rotor,edge,18.000,uj,92,1.595706024e-07,9.245704598e-05
rotor,edge,18.000,uj,93,1.216859179e-07,7.180158347e-05
rotor,edge,18.000,uj,94,1.011147647e-07,4.709105964e-05
rotor,edge,18.000,uj,95,8.774080625e-08,3.495793489e-05
rotor,edge,18.000,uj,96,7.322255863e-08,3.362571328e-05
rotor,edge,18.000,uj,97,6.140158800e-08,2.774846320e-05
rotor,edge,18.000,uj,98,5.075243886e-08,2.403896555e-05
rotor,edge,18.000,uj,99,4.177171902e-08,2.005090731e-05
rotor,edge,18.000,uj,100,3.480744595e-08,1.606364485e-05
rotor,edge,18.000,uj,101,2.936377990e-08,1.300070159e-05
rotor,edge,18.000,uj,102,2.570683155e-08,9.871206733e-06
rotor,edge,18.000,uj,103,2.172025121e-08,9.564545794e-06
rotor,edge,18.000,uj,104,1.857799680e-08,7.827347947e-06
rotor,edge,18.000,uj,105,1.569305664e-08,6.916446414e-06
rotor,edge,18.000,uj,106,1.321047405e-08,5.892209572e-06
rotor,edge,18.000,uj,107,1.049975461e-08,5.576491461e-06
rotor,edge,18.000,uj,108,8.550355476e-09,4.238869181e-06
rotor,edge,18.000,uj,109,6.972443593e-09,3.442526373e-06
rotor,edge,18.000,uj,110,5.368053863e-09,3.095081966e-06
rotor,edge,18.000,uj,111,4.178080801e-09,2.344408180e-06
rotor,edge,18.000,uj,112,3.537104138e-09,1.546839181e-06
rotor,edge,18.000,uj,113,2.966447631e-09,1.340027073e-06
rotor,edge,18.000,uj,114,2.366018266e-09,1.244646122e-06
rotor,edge,18.000,uj,115,1.870244539e-09,1.008054670e-06
rotor,edge,18.000,uj,116,1.401601348e-09,8.613277905e-07
rotor,edge,18.000,uj,117,1.050735856e-09,6.452251783e-07
rotor,edge,18.000,uj,118,7.371302611e-10,5.208471393e-07
rotor,edge,18.000,uj,119,6.122519554e-10,2.855366598e-07
rotor,edge,18.000,uj,120,4.864098743e-10,2.586400935e-07
rotor,edge,18.000,uj,121,3.794112471e-10,2.117161928e-07
rotor,edge,18.000,uj,122,3.212028434e-10,1.404698644e-07
rotor,edge,18.000,uj,123,2.608511200e-10,1.303699048e-07
rotor,edge,18.000,uj,124,2.060820749e-10,1.112361231e-07
rotor,edge,18.000,uj,125,1.522088152e-10,9.663966035e-08
rotor,edge,18.000,uj,126,1.245823824e-10,6.082602380e-08
rotor,edge,18.000,uj,127,1.001875238e-10,5.150733969e-08
rotor,edge,18.000,uj,128,7.912138236e-11,4.275080663e-08
rotor,edge,18.000,uj,129,5.988855708e-11,3.596626625e-08
rotor,edge,18.000,uj,130,4.424287389e-11,2.807624793e-08
rotor,edge,18.000,uj,131,3.433950056e-11,1.940461515e-08
rotor,edge,18.000,uj,132,2.412257909e-11,1.699996560e-08
rotor,edge,18.000,uj,133,1.910356631e-11,1.024550313e-08
rotor,edge,18.000,uj,134,1.569059535e-11,7.580020325e-09
rotor,edge,18.000,uj,135,1.209293929e-11,6.954316521e-09
rotor,edge,18.000,uj,136,8.567358799e-12,5.936554975e-09
rotor,edge,18.000,uj,137,6.620950153e-12,3.782009441e-09
rotor,edge,18.000,uj,138,4.327029483e-12,3.485836978e-09
rotor,edge,18.000,uj,139,2.823476414e-12,2.280755076e-09
rotor,edge,18.000,uj,140,1.582151760e-12,1.626662653e-09
rotor,edge,18.000,uj,141,1.109808369e-12,7.843576164e-10
rotor,edge,18.000,uj,142,5.978793259e-13,6.503692414e-10
rotor,edge,18.000,uj,143,2.695710059e-13,3.712052739e-10
rotor,edge,18.000,uj,144,0.000000000e+00,1.875098403e-10
rotor,corner,1.000,u,1,7.142283251e-01,2.434247948e+02
rotor,corner,1.000,u,2,2.506328202e-01,2.326070675e+02
rotor,corner,1.000,u,3,1.603387630e-01,6.699715636e+01
rotor,corner,1.000,u,4,1.095907705e-01,4.070572784e+01
rotor,corner,1.000,u,5,8.003331151e-02,2.603761388e+01
rotor,corner,1.000,u,6,6.049330427e-02,1.822479043e+01
rotor,corner,1.000,u,7,4.820416169e-02,1.271134161e+01
rotor,corner,1.000,u,8,3.822849671e-02,1.021246902e+01
rotor,corner,1.000,u,9,2.993467955e-02,8.269381479e+00
rotor,corner,1.000,u,10,2.349759980e-02,6.450110941e+00
rotor,corner,1.000,u,11,1.779255598e-02,5.337939437e+00
rotor,corner,1.000,u,12,1.310803281e-02,4.184436313e+00
rotor,corner,1.000,u,13,1.088596311e-02,2.539516376e+00
rotor,corner,1.000,u,14,9.221824005e-03,2.011860398e+00
rotor,corner,1.000,u,15,7.525539034e-03,1.853717345e+00
rotor,corner,1.000,u,16,5.705248907e-03,1.706805565e+00
rotor,corner,1.000,u,17,4.972477011e-03,9.728472949e-01
rotor,corner,1.000,u,18,4.193791883e-03,9.291763041e-01
rotor,corner,1.000,u,19,3.577070350e-03,7.613775199e-01
rotor,corner,1.000,u,20,2.888627293e-03,7.337744699e-01
rotor,corner,1.000,u,21,2.356110490e-03,5.812318933e-01
rotor,corner,1.000,u,22,1.920498869e-03,4.747012866e-01
rotor,corner,1.000,u,23,1.639509925e-03,3.478492256e-01
rotor,corner,1.000,u,24,1.383546908e-03,3.059374587e-01
rotor,corner,1.000,u,25,1.168943718e-03,2.574074156e-01
rotor,corner,1.000,u,26,9.503132817e-04,2.367380209e-01
rotor,corner,1.000,u,27,7.901634966e-04,1.836192401e-01
rotor,corner,1.000,u,28,6.144441817e-04,1.727858440e-01
rotor,corner,1.000,u,29,5.023720168e-04,1.230440513e-01
rotor,corner,1.000,u,30,4.250061118e-04,9.315884997e-02
rotor,corner,1.000,u,31,3.477487915e-04,8.497899566e-02
rotor,corner,1.000,u,32,2.844230023e-04,6.958710225e-02
rotor,corner,1.000,u,33,2.440306137e-04,5.081291315e-02
rotor,corner,1.000,u,34,2.001567325e-04,4.855198691e-02
rotor,corner,1.000,u,35,1.699014037e-04,3.680076156e-02
rotor,corner,1.000,u,36,1.428604196e-04,3.198445858e-02
rotor,corner,1.000,u,37,1.196690605e-04,2.713769949e-02
rotor,corner,1.000,u,38,1.020596689e-04,2.173221779e-02
rotor,corner,1.000,u,39,8.465712914e-05,1.982526050e-02
rotor,corner,1.000,u,40,6.888390729e-05,1.711564732e-02
rotor,corner,1.000,u,41,5.316651205e-05,1.523283768e-02
rotor,corner,1.000,u,42,4.459634975e-05,1.006705324e-02
rotor,corner,1.000,u,43,3.802012122e-05,8.106673043e-03
rotor,corner,1.000,u,44,3.086774526e-05,7.720002195e-03
rotor,corner,1.000,u,45,2.530604620e-05,6.147400397e-03
rotor,corner,1.000,u,46,2.062212192e-05,5.101118160e-03
rotor,corner,1.000,u,47,1.755719107e-05,3.762229496e-03
rotor,corner,1.000,u,48,1.488402909e-05,3.238784986e-03
rotor,corner,1.000,u,49,1.237034253e-05,2.878687601e-03
rotor,corner,1.000,u,50,1.052276722e-05,2.261904993e-03
rotor,corner,1.000,u,51,8.859616951e-06,1.974650470e-03
rotor,corner,1.000,u,52,7.160947726e-06,1.814321338e-03
rotor,corner,1.000,u,53,6.272188770e-06,1.201715321e-03
rotor,corner,1.000,u,54,5.334106481e-06,1.147593724e-03
rotor,corner,1.000,u,55,4.530709182e-06,9.791079112e-04
rotor,corner,1.000,u,56,3.748499333e-06,8.850686124e-04
rotor,corner,1.000,u,57,2.991276098e-06,7.856978558e-04
rotor,corner,1.000,u,58,2.468532381e-06,5.875624108e-04
rotor,corner,1.000,u,59,1.889787446e-06,5.523623126e-04
rotor,corner,1.000,u,60,1.606635839e-06,3.460528313e-04
rotor,corner,1.000,u,61,1.334583877e-06,3.111075526e-04
rotor,corner,1.000,u,62,1.093923494e-06,2.658844286e-04
rotor,corner,1.000,u,63,8.478200618e-07,2.404228053e-04
rotor,corner,1.000,u,64,6.962429594e-07,1.682558607e-04
rotor,corner,1.000,u,65,5.996533642e-07,1.230470457e-04
rotor,corner,1.000,u,66,4.993495063e-07,1.154726469e-04
rotor,corner,1.000,u,67,4.186618315e-07,9.465607928e-05
rotor,corner,1.000,u,68,3.282437830e-07,9.038186859e-05
rotor,corner,1.000,u,69,2.661232758e-07,6.682912141e-05
rotor,corner,1.000,u,70,2.172533358e-07,5.345454148e-05
rotor,corner,1.000,u,71,1.684956498e-07,4.769741344e-05
rotor,corner,1.000,u,72,1.297371886e-07,3.739227449e-05
rotor,corner,1.000,u,73,8.940160158e-08,3.269826502e-05
rotor,corner,1.000,u,74,7.051472034e-08,1.911381640e-05
rotor,corner,1.000,u,75,5.655275534e-08,1.464911414e-05
rotor,corner,1.000,u,76,4.287054528e-08,1.282753193e-05
rotor,corner,1.000,u,77,2.685952901e-08,1.162091708e-05
rotor,corner,1.000,uj,1,7.845254061e-01,4.313306182e+02
rotor,corner,1.000,uj,2,4.848589932e-01,4.290090933e+02
rotor,corner,1.000,uj,3,2.833314287e-01,2.736859839e+02
rotor,corner,1.000,uj,4,2.117050813e-01,1.309802764e+02
rotor,corner,1.000,uj,5,1.659746641e-01,9.141454743e+01
rotor,corner,1.000,uj,6,1.378946118e-01,6.425297436e+01
rotor,corner,1.000,uj,7,1.155550796e-01,5.234001055e+01
rotor,corner,1.000,uj,8,9.075919248e-02,4.975140455e+01
rotor,corner,1.000,uj,9,7.313862097e-02,3.738070257e+01
rotor,corner,1.000,uj,10,5.794127199e-02,3.104579905e+01
rotor,corner,1.000,uj,11,4.704320453e-02,2.352817134e+01
rotor,corner,1.000,uj,12,3.565540967e-02,2.134616285e+01
rotor,corner,1.000,uj,13,2.976660836e-02,1.365294384e+01
rotor,corner,1.000,uj,14,2.560555449e-02,1.055840454e+01
rotor,corner,1.000,uj,15,2.130476630e-02,9.880049344e+00
rotor,corner,1.000,uj,16,1.783885282e-02,8.101962556e+00
rotor,corner,1.000,uj,17,1.515236500e-02,6.548510011e+00
rotor,corner,1.000,uj,18,1.317317821e-02,5.208149004e+00
rotor,corner,1.000,uj,19,1.119179547e-02,4.833013918e+00
rotor,corner,1.000,uj,20,9.651120522e-03,3.941718754e+00
rotor,corner,1.000,uj,21,8.005665803e-03,3.749295609e+00
rotor,corner,1.000,uj,22,6.632937653e-03,3.118121097e+00
rotor,corner,1.000,uj,23,5.659319039e-03,2.406362934e+00
rotor,corner,1.000,uj,24,4.852549025e-03,2.025656069e+00
rotor,corner,1.000,uj,25,4.077431702e-03,1.830036985e+00
rotor,corner,1.000,uj,26,3.192801973e-03,1.764029465e+00
rotor,corner,1.000,uj,27,2.684409070e-03,1.202364839e+00
rotor,corner,1.000,uj,28,2.262918569e-03,1.004454148e+00
rotor,corner,1.000,uj,29,1.887835715e-03,8.679166162e-01
rotor,corner,1.000,uj,30,1.601124689e-03,6.956985573e-01
rotor,corner,1.000,uj,31,1.356661607e-03,5.914811679e-01
rotor,corner,1.000,uj,32,1.097198087e-03,5.550267332e-01
rotor,corner,1.000,uj,33,9.512921780e-04,3.802806931e-01
rotor,corner,1.000,uj,34,8.273400642e-04,3.266035747e-01
rotor,corner,1.000,uj,35,6.950239997e-04,3.121881644e-01
rotor,corner,1.000,uj,36,6.068269621e-04,2.356994223e-01
rotor,corner,1.000,uj,37,5.129570012e-04,2.255180590e-01
rotor,corner,1.000,uj,38,4.427588522e-04,1.801681877e-01
rotor,corner,1.000,uj,39,3.671830685e-04,1.720953569e-01
rotor,corner,1.000,uj,40,3.068329520e-04,1.402894624e-01
rotor,corner,1.000,uj,41,2.514125153e-04,1.223484465e-01
rotor,corner,1.000,uj,42,2.235196080e-04,8.005962446e-02
rotor,corner,1.000,uj,43,1.957275208e-04,7.508384685e-02
rotor,corner,1.000,uj,44,1.650919824e-04,7.313220129e-02
rotor,corner,1.000,uj,45,1.323060322e-04,6.868530084e-02
rotor,corner,1.000,uj,46,1.125995394e-04,4.832311099e-02
rotor,corner,1.000,uj,47,9.384090595e-05,4.328614177e-02
rotor,corner,1.000,uj,48,8.093049237e-05,3.304122518e-02
rotor,corner,1.000,uj,49,6.875821930e-05,2.969143948e-02
rotor,corner,1.000,uj,50,6.041557828e-05,2.283441432e-02
rotor,corner,1.000,uj,51,5.192804901e-05,2.147908360e-02
rotor,corner,1.000,uj,52,4.465032765e-05,1.844117322e-02
rotor,corner,1.000,uj,53,3.732493399e-05,1.704542267e-02
rotor,corner,1.000,uj,54,3.188286991e-05,1.349926877e-02
rotor,corner,1.000,uj,55,2.788064437e-05,1.075770741e-02
rotor,corner,1.000,uj,56,2.366564384e-05,1.025293964e-02
rotor,corner,1.000,uj,57,2.032454115e-05,8.432836701e-03
rotor,corner,1.000,uj,58,1.755657345e-05,7.122669099e-03
rotor,corner,1.000,uj,59,1.492457013e-05,6.431462720e-03
rotor,corner,1.000,uj,60,1.259316530e-05,5.571422275e-03
rotor,corner,1.000,uj,61,1.045809317e-05,4.879827613e-03
rotor,corner,1.000,uj,62,8.589850779e-06,4.149459675e-03
rotor,corner,1.000,uj,63,7.284554514e-06,3.166315336e-03
rotor,corner,1.000,uj,64,6.280541605e-06,2.567036068e-03
rotor,corner,1.000,uj,65,5.261258143e-06,2.385806080e-03
rotor,corner,1.000,uj,66,4.419165521e-06,1.985994303e-03
rotor,corner,1.000,uj,67,3.512067739e-06,1.865727868e-03
rotor,corner,1.000,uj,68,2.883233347e-06,1.394920721e-03
rotor,corner,1.000,uj,69,2.336249496e-06,1.175308492e-03
rotor,corner,1.000,uj,70,1.815562623e-06,1.022723053e-03
rotor,corner,1.000,uj,71,1.433056241e-06,7.753889514e-04
rotor,corner,1.000,uj,72,1.158639652e-06,5.866081406e-04
rotor,corner,1.000,uj,73,9.102008293e-07,4.986824898e-04
rotor,corner,1.000,uj,74,7.195611687e-07,3.877212519e-04
rotor,corner,1.000,uj,75,5.870913517e-07,2.893939237e-04
rotor,corner,1.000,uj,76,4.525990294e-07,2.601067629e-04
rotor,corner,1.000,uj,77,3.583501663e-07,1.923028711e-04
rotor,corner,1.000,uj,78,2.812655487e-07,1.544522747e-04
rotor,corner,1.000,uj,79,2.157042182e-07,1.255566584e-04
rotor,corner,1.000,uj,80,1.741922012e-07,8.849371471e-05
rotor,corner,1.000,uj,81,1.313581713e-07,7.957685314e-05
rotor,corner,1.000,uj,82,9.029185364e-08,6.636325178e-05
rotor,corner,1.000,uj,83,7.270920502e-08,3.723816277e-05
rotor,corner,1.000,uj,84,5.870708586e-08,2.983818292e-05
rotor,corner,1.000,uj,85,4.505333151e-08,2.618139496e-05
rotor,corner,1.000,uj,86,3.383620324e-08,2.069195023e-05
rotor,corner,1.000,uj,87,2.533816547e-08,1.559829142e-05
rotor,corner,1.000,uj,88,2.076189036e-08,1.010317029e-05
rotor,corner,1.000,uj,89,1.587432017e-08,9.307920415e-06
rotor,corner,1.000,uj,90,1.143253432e-08,7.660648413e-06
rotor,corner,1.000,uj,91,8.692183349e-09,5.165577452e-06
rotor,corner,1.000,uj,92,6.910768386e-09,3.667218739e-06
rotor,corner,1.000,uj,93,5.696657405e-09,2.721405691e-06
rotor,corner,1.000,uj,94,4.562656672e-09,2.372557329e-06
rotor,corner,1.000,uj,95,3.535427631e-09,2.006206698e-06
rotor,corner,1.000,uj,96,2.841769764e-09,1.462980282e-06
rotor,corner,1.000,uj,97,2.314914643e-09,1.146520340e-06
rotor,corner,1.000,uj,98,1.687957147e-09,1.101934485e-06
rotor,corner,1.000,uj,99,1.324436926e-09,7.278989020e-07
rotor,corner,1.000,uj,100,1.089050561e-09,5.242809302e-07
rotor,corner,1.000,uj,101,8.741855018e-10,4.517727640e-07
rotor,corner,1.000,uj,102,6.931235586e-10,3.705457149e-07
rotor,corner,1.000,uj,103,5.055760027e-10,3.298084378e-07
rotor,corner,1.000,uj,104,3.849729179e-10,2.279601761e-07
rotor,corner,1.000,uj,105,3.207648189e-10,1.480701310e-07
rotor,corner,1.000,uj,106,2.610531512e-10,1.296504567e-07
rotor,corner,1.000,uj,107,2.074611338e-10,1.102204947e-07
rotor,corner,1.000,uj,108,1.606685290e-10,9.129350945e-08
rotor,corner,1.000,uj,109,1.294626772e-10,6.618599883e-08
rotor,corner,1.000,uj,110,1.010484764e-10,5.629432026e-08
rotor,corner,1.000,uj,111,7.125798524e-11,4.983569262e-08
rotor,corner,1.000,uj,112,5.609719990e-11,3.056469383e-08
rotor,corner,1.000,uj,113,4.488839958e-11,2.340238798e-08
rotor,corner,1.000,uj,114,3.621802060e-11,1.844580197e-08
rotor,corner,1.000,uj,115,2.617965650e-11,1.740870908e-08
rotor,corner,1.000,uj,116,2.131487395e-11,1.057315016e-08
rotor,corner,1.000,uj,117,1.610043121e-11,9.715820489e-09
rotor,corner,6.000,u,1,7.142283251e-01,2.434247948e+02
rotor,corner,6.000,u,2,2.506328202e-01,2.326070675e+02
rotor,corner,6.000,u,3,1.603387630e-01,6.699715636e+01
rotor,corner,6.000,u,4,1.095907705e-01,4.070572784e+01
rotor,corner,6.000,u,5,8.003331151e-02,2.603761388e+01
rotor,corner,6.000,u,6,6.049330427e-02,1.822479043e+01
rotor,corner,6.000,u,7,4.820416169e-02,1.271134161e+01
rotor,corner,6.000,u,8,3.822849671e-02,1.021246902e+01
rotor,corner,6.000,u,9,2.993467955e-02,8.269381479e+00
rotor,corner,6.000,u,10,2.349759980e-02,6.450110941e+00
rotor,corner,6.000,u,11,1.779255598e-02,5.337939437e+00
rotor,corner,6.000,u,12,1.310803281e-02,4.184436313e+00
rotor,corner,6.000,u,13,1.088596311e-02,2.539516376e+00
rotor,corner,6.000,u,14,9.221824005e-03,2.011860398e+00
rotor,corner,6.000,u,15,7.525539034e-03,1.853717345e+00
rotor,corner,6.000,u,16,5.705248907e-03,1.706805565e+00
rotor,corner,6.000,u,17,4.972477011e-03,9.728472949e-01
rotor,corner,6.000,u,18,4.193791883e-03,9.291763041e-01
rotor,corner,6.000,u,19,3.577070350e-03,7.613775199e-01
rotor,corner,6.000,u,20,2.888627293e-03,7.337744699e-01
rotor,corner,6.000,u,21,2.356110490e-03,5.812318933e-01
rotor,corner,6.000,u,22,1.920498869e-03,4.747012866e-01
rotor,corner,6.000,u,23,1.639509925e-03,3.478492256e-01
rotor,corner,6.000,u,24,1.383546908e-03,3.059374587e-01
rotor,corner,6.000,u,25,1.168943718e-03,2.574074156e-01
rotor,corner,6.000,u,26,9.503132817e-04,2.367380209e-01
rotor,corner,6.000,u,27,7.901634966e-04,1.836192401e-01
rotor,corner,6.000,u,28,6.144441817e-04,1.727858440e-01
rotor,corner,6.000,u,29,5.023720168e-04,1.230440513e-01
rotor,corner,6.000,u,30,4.250061118e-04,9.315884997e-02
rotor,corner,6.000,u,31,3.477487915e-04,8.497899566e-02
rotor,corner,6.000,u,32,2.844230023e-04,6.958710225e-02
rotor,corner,6.000,u,33,2.440306137e-04,5.081291315e-02
rotor,corner,6.000,u,34,2.001567325e-04,4.855198691e-02
rotor,corner,6.000,u,35,1.699014037e-04,3.680076156e-02
rotor,corner,6.000,u,36,1.428604196e-04,3.198445858e-02
rotor,corner,6.000,u,37,1.196690605e-04,2.713769949e-02
rotor,corner,6.000,u,38,1.020596689e-04,2.173221779e-02
rotor,corner,6.000,u,39,8.465712914e-05,1.982526050e-02
rotor,corner,6.000,u,40,6.888390729e-05,1.711564732e-02
rotor,corner,6.000,u,41,5.316651205e-05,1.523283768e-02
rotor,corner,6.000,u,42,4.459634975e-05,1.006705324e-02
rotor,corner,6.000,u,43,3.802012122e-05,8.106673043e-03
rotor,corner,6.000,u,44,3.086774526e-05,7.720002195e-03
rotor,corner,6.000,u,45,2.530604620e-05,6.147400397e-03
rotor,corner,6.000,u,46,2.062212192e-05,5.101118160e-03
rotor,corner,6.000,u,47,1.755719107e-05,3.762229496e-03
rotor,corner,6.000,u,48,1.488402909e-05,3.238784986e-03
rotor,corner,6.000,u,49,1.237034253e-05,2.878687601e-03
rotor,corner,6.000,u,50,1.052276722e-05,2.261904993e-03
rotor,corner,6.000,u,51,8.859616951e-06,1.974650470e-03
rotor,corner,6.000,u,52,7.160947726e-06,1.814321338e-03
rotor,corner,6.000,u,53,6.272188770e-06,1.201715321e-03
rotor,corner,6.000,u,54,5.334106481e-06,1.147593724e-03
rotor,corner,6.000,u,55,4.530709182e-06,9.791079112e-04
rotor,corner,6.000,u,56,3.748499333e-06,8.850686124e-04
rotor,corner,6.000,u,57,2.991276098e-06,7.856978558e-04
rotor,corner,6.000,u,58,2.468532381e-06,5.875624108e-04
rotor,corner,6.000,u,59,1.889787446e-06,5.523623126e-04
rotor,corner,6.000,u,60,1.606635839e-06,3.460528313e-04
rotor,corner,6.000,u,61,1.334583877e-06,3.111075526e-04
rotor,corner,6.000,u,62,1.093923494e-06,2.658844286e-04
rotor,corner,6.000,u,63,8.478200618e-07,2.404228053e-04
rotor,corner,6.000,u,64,6.962429594e-07,1.682558607e-04
rotor,corner,6.000,u,65,5.996533642e-07,1.230470457e-04
rotor,corner,6.000,u,66,4.993495063e-07,1.154726469e-04
rotor,corner,6.000,u,67,4.186618315e-07,9.465607928e-05
rotor,corner,6.000,u,68,3.282437830e-07,9.038186859e-05
rotor,corner,6.000,u,69,2.661232758e-07,6.682912141e-05
rotor,corner,6.000,u,70,2.172533358e-07,5.345454148e-05
rotor,corner,6.000,u,71,1.684956498e-07,4.769741344e-05
rotor,corner,6.000,u,72,1.297371886e-07,3.739227449e-05
rotor,corner,6.000,u,73,8.940160158e-08,3.269826502e-05
rotor,corner,6.000,u,74,7.051472034e-08,1.911381640e-05
rotor,corner,6.000,u,75,5.655275534e-08,1.464911414e-05
rotor,corner,6.000,u,76,4.287054528e-08,1.282753193e-05
rotor,corner,6.000,u,77,2.685952901e-08,1.162091708e-05
rotor,corner,6.000,uj,1,7.845254061e-01,4.313306182e+02
rotor,corner,6.000,uj,2,4.848589932e-01,4.290090933e+02
rotor,corner,6.000,uj,3,2.833314287e-01,2.736859839e+02
rotor,corner,6.000,uj,4,2.117050813e-01,1.309802764e+02
rotor,corner,6.000,uj,5,1.659746641e-01,9.141454743e+01
rotor,corner,6.000,uj,6,1.378946118e-01,6.425297436e+01
rotor,corner,6.000,uj,7,1.155550796e-01,5.234001055e+01
rotor,corner,6.000,uj,8,9.075919248e-02,4.975140455e+01
rotor,corner,6.000,uj,9,7.313862097e-02,3.738070257e+01
rotor,corner,6.000,uj,10,5.794127199e-02,3.104579905e+01
rotor,corner,6.000,uj,11,4.704320453e-02,2.352817134e+01
rotor,corner,6.000,uj,12,3.565540967e-02,2.134616285e+01
rotor,corner,6.000,uj,13,2.976660836e-02,1.365294384e+01
rotor,corner,6.000,uj,14,2.560555449e-02,1.055840454e+01
rotor,corner,6.000,uj,15,2.130476630e-02,9.880049344e+00
rotor,corner,6.000,uj,16,1.783885282e-02,8.101962556e+00
rotor,corner,6.000,uj,17,1.515236500e-02,6.548510011e+00
rotor,corner,6.000,uj,18,1.317317821e-02,5.208149004e+00
rotor,corner,6.000,uj,19,1.119179547e-02,4.833013918e+00
rotor,corner,6.000,uj,20,9.651120522e-03,3.941718754e+00
rotor,corner,6.000,uj,21,8.005665803e-03,3.749295609e+00
rotor,corner,6.000,uj,22,6.632937653e-03,3.118121097e+00
rotor,corner,6.000,uj,23,5.659319039e-03,2.406362934e+00
rotor,corner,6.000,uj,24,4.852549025e-03,2.025656069e+00
rotor,corner,6.000,uj,25,4.077431702e-03,1.830036985e+00
rotor,corner,6.000,uj,26,3.192801973e-03,1.764029465e+00
rotor,corner,6.000,uj,27,2.684409070e-03,1.202364839e+00
rotor,corner,6.000,uj,28,2.262918569e-03,1.004454148e+00
rotor,corner,6.000,uj,29,1.887835715e-03,8.679166162e-01
rotor,corner,6.000,uj,30,1.601124689e-03,6.956985573e-01
rotor,corner,6.000,uj,31,1.356661607e-03,5.914811679e-01
rotor,corner,6.000,uj,32,1.097198087e-03,5.550267332e-01
rotor,corner,6.000,uj,33,9.512921780e-04,3.802806931e-01
rotor,corner,6.000,uj,34,8.273400642e-04,3.266035747e-01
rotor,corner,6.000,uj,35,6.950239997e-04,3.121881644e-01
rotor,corner,6.000,uj,36,6.068269621e-04,2.356994223e-01
rotor,corner,6.000,uj,37,5.129570012e-04,2.255180590e-01
rotor,corner,6.000,uj,38,4.427588522e-04,1.801681877e-01
rotor,corner,6.000,uj,39,3.671830685e-04,1.720953569e-01
rotor,corner,6.000,uj,40,3.068329520e-04,1.402894624e-01
rotor,corner,6.000,uj,41,2.514125153e-04,1.223484465e-01
rotor,corner,6.000,uj,42,2.235196080e-04,8.005962446e-02
rotor,corner,6.000,uj,43,1.957275208e-04,7.508384685e-02
rotor,corner,6.000,uj,44,1.650919824e-04,7.313220129e-02
rotor,corner,6.000,uj,45,1.323060322e-04,6.868530084e-02
rotor,corner,6.000,uj,46,1.125995394e-04,4.832311099e-02
rotor,corner,6.000,uj,47,9.384090595e-05,4.328614177e-02
rotor,corner,6.000,uj,48,8.093049237e-05,3.304122518e-02
rotor,corner,6.000,uj,49,6.875821930e-05,2.969143948e-02
rotor,corner,6.000,uj,50,6.041557828e-05,2.283441432e-02
rotor,corner,6.000,uj,51,5.192804901e-05,2.147908360e-02
rotor,corner,6.000,uj,52,4.465032765e-05,1.844117322e-02
rotor,corner,6.000,uj,53,3.732493399e-05,1.704542267e-02
rotor,corner,6.000,uj,54,3.188286991e-05,1.349926877e-02
rotor,corner,6.000,uj,55,2.788064437e-05,1.075770741e-02
rotor,corner,6.000,uj,56,2.366564384e-05,1.025293964e-02
rotor,corner,6.000,uj,57,2.032454115e-05,8.432836701e-03
rotor,corner,6.000,uj,58,1.755657345e-05,7.122669099e-03
rotor,corner,6.000,uj,59,1.492457013e-05,6.431462720e-03
rotor,corner,6.000,uj,60,1.259316530e-05,5.571422275e-03
rotor,corner,6.000,uj,61,1.045809317e-05,4.879827613e-03
rotor,corner,6.000,uj,62,8.589850779e-06,4.149459675e-03
rotor,corner,6.000,uj,63,7.284554514e-06,3.166315336e-03
rotor,corner,6.000,uj,64,6.280541605e-06,2.567036068e-03
rotor,corner,6.000,uj,65,5.261258143e-06,2.385806080e-03
rotor,corner,6.000,uj,66,4.419165521e-06,1.985994303e-03
rotor,corner,6.000,uj,67,3.512067739e-06,1.865727868e-03
rotor,corner,6.000,uj,68,2.883233347e-06,1.394920721e-03
rotor,corner,6.000,uj,69,2.336249496e-06,1.175308492e-03
rotor,corner,6.000,uj,70,1.815562623e-06,1.022723053e-03
rotor,corner,6.000,uj,71,1.433056241e-06,7.753889514e-04
rotor,corner,6.000,uj,72,1.158639652e-06,5.866081406e-04
rotor,corner,6.000,uj,73,9.102008293e-07,4.986824898e-04
rotor,corner,6.000,uj,74,7.195611687e-07,3.877212519e-04
rotor,corner,6.000,uj,75,5.870913517e-07,2.893939237e-04
rotor,corner,6.000,uj,76,4.525990294e-07,2.601067629e-04
rotor,corner,6.000,uj,77,3.583501663e-07,1.923028711e-04
rotor,corner,6.000,uj,78,2.812655487e-07,1.544522747e-04
rotor,corner,6.000,uj,79,2.157042182e-07,1.255566584e-04
rotor,corner,6.000,uj,80,1.741922012e-07,8.849371471e-05
rotor,corner,6.000,uj,81,1.313581713e-07,7.957685314e-05
rotor,corner,6.000,uj,82,9.029185364e-08,6.636325178e-05
rotor,corner,6.000,uj,83,7.270920502e-08,3.723816277e-05
rotor,corner,6.000,uj,84,5.870708586e-08,2.983818292e-05
rotor,corner,6.000,uj,85,4.505333151e-08,2.618139496e-05
rotor,corner,6.000,uj,86,3.383620324e-08,2.069195023e-05
rotor,corner,6.000,uj,87,2.533816547e-08,1.559829142e-05
rotor,corner,6.000,uj,88,2.076189036e-08,1.010317029e-05
rotor,corner,6.000,uj,89,1.587432017e-08,9.307920415e-06
rotor,corner,6.000,uj,90,1.143253432e-08,7.660648413e-06
rotor,corner,6.000,uj,91,8.692183349e-09,5.165577452e-06
rotor,corner,6.000,uj,92,6.910768386e-09,3.667218739e-06
rotor,corner,6.000,uj,93,5.696657405e-09,2.721405691e-06
rotor,corner,6.000,uj,94,4.562656672e-09,2.372557329e-06
rotor,corner,6.000,uj,95,3.535427631e-09,2.006206698e-06
rotor,corner,6.000,uj,96,2.841769764e-09,1.462980282e-06
rotor,corner,6.000,uj,97,2.314914643e-09,1.146520340e-06
rotor,corner,6.000,uj,98,1.687957147e-09,1.101934485e-06
rotor,corner,6.000,uj,99,1.324436926e-09,7.278989020e-07
rotor,corner,6.000,uj,100,1.089050561e-09,5.242809302e-07
rotor,corner,6.000,uj,101,8.741855018e-10,4.517727640e-07
rotor,corner,6.000,uj,102,6.931235586e-10,3.705457149e-07
rotor,corner,6.000,uj,103,5.055760027e-10,3.298084378e-07
rotor,corner,6.000,uj,104,3.849729179e-10,2.279601761e-07
rotor,corner,6.000,uj,105,3.207648189e-10,1.480701310e-07
rotor,corner,6.000,uj,106,2.610531512e-10,1.296504567e-07
rotor,corner,6.000,uj,107,2.074611338e-10,1.102204947e-07
rotor,corner,6.000,uj,108,1.606685290e-10,9.129350945e-08
rotor,corner,6.000,uj,109,1.294626772e-10,6.618599883e-08
rotor,corner,6.000,uj,110,1.010484764e-10,5.629432026e-08
rotor,corner,6.000,uj,111,7.125798524e-11,4.983569262e-08
rotor,corner,6.000,uj,112,5.609719990e-11,3.056469383e-08
rotor,corner,6.000,uj,113,4.488839958e-11,2.340238798e-08
rotor,corner,6.000,uj,114,3.621802060e-11,1.844580197e-08
rotor,corner,6.000,uj,115,2.617965650e-11,1.740870908e-08
rotor,corner,6.000,uj,116,2.131487395e-11,1.057315016e-08
rotor,corner,6.000,uj,117,1.610043121e-11,9.715820489e-09
rotor,corner,18.000,u,1,7.142283251e-01,2.434247948e+02
rotor,corner,18.000,u,2,2.506328202e-01,2.326070675e+02
rotor,corner,18.000,u,3,1.603387630e-01,6.699715636e+01
rotor,corner,18.000,u,4,1.095907705e-01,4.070572784e+01
rotor,corner,18.000,u,5,8.003331151e-02,2.603761388e+01
rotor,corner,18.000,u,6,6.049330427e-02,1.822479043e+01
rotor,corner,18.000,u,7,4.820416169e-02,1.271134161e+01
rotor,corner,18.000,u,8,3.822849671e-02,1.021246902e+01
rotor,corner,18.000,u,9,2.993467955e-02,8.269381479e+00
rotor,corner,18.000,u,10,2.349759980e-02,6.450110941e+00
rotor,corner,18.000,u,11,1.779255598e-02,5.337939437e+00
rotor,corner,18.000,u,12,1.310803281e-02,4.184436313e+00
rotor,corner,18.000,u,13,1.088596311e-02,2.539516376e+00
rotor,corner,18.000,u,14,9.221824005e-03,2.011860398e+00
rotor,corner,18.000,u,15,7.525539034e-03,1.853717345e+00
rotor,corner,18.000,u,16,5.705248907e-03,1.706805565e+00
rotor,corner,18.000,u,17,4.972477011e-03,9.728472949e-01
rotor,corner,18.000,u,18,4.193791883e-03,9.291763041e-01
rotor,corner,18.000,u,19,3.577070350e-03,7.613775199e-01
rotor,corner,18.000,u,20,2.888627293e-03,7.337744699e-01
rotor,corner,18.000,u,21,2.356110490e-03,5.812318933e-01
rotor,corner,18.000,u,22,1.920498869e-03,4.747012866e-01
rotor,corner,18.000,u,23,1.639509925e-03,3.478492256e-01
rotor,corner,18.000,u,24,1.383546908e-03,3.059374587e-01
rotor,corner,18.000,u,25,1.168943718e-03,2.574074156e-01
rotor,corner,18.000,u,26,9.503132817e-04,2.367380209e-01
rotor,corner,18.000,u,27,7.901634966e-04,1.836192401e-01
rotor,corner,18.000,u,28,6.144441817e-04,1.727858440e-01
rotor,corner,18.000,u,29,5.023720168e-04,1.230440513e-01
rotor,corner,18.000,u,30,4.250061118e-04,9.315884997e-02
rotor,corner,18.000,u,31,3.477487915e-04,8.497899566e-02
rotor,corner,18.000,u,32,2.844230023e-04,6.958710225e-02
rotor,corner,18.000,u,33,2.440306137e-04,5.081291315e-02
rotor,corner,18.000,u,34,2.001567325e-04,4.855198691e-02
rotor,corner,18.000,u,35,1.699014037e-04,3.680076156e-02
rotor,corner,18.000,u,36,1.428604196e-04,3.198445858e-02
rotor,corner,18.000,u,37,1.196690605e-04,2.713769949e-02
rotor,corner,18.000,u,38,1.020596689e-04,2.173221779e-02
rotor,corner,18.000,u,39,8.465712914e-05,1.982526050e-02
rotor,corner,18.000,u,40,6.888390729e-05,1.711564732e-02
rotor,corner,18.000,u,41,5.316651205e-05,1.523283768e-02
rotor,corner,18.000,u,42,4.459634975e-05,1.006705324e-02
rotor,corner,18.000,u,43,3.802012122e-05,8.106673043e-03
rotor,corner,18.000,u,44,3.086774526e-05,7.720002195e-03
rotor,corner,18.000,u,45,2.530604620e-05,6.147400397e-03
rotor,corner,18.000,u,46,2.062212192e-05,5.101118160e-03
rotor,corner,18.000,u,47,1.755719107e-05,3.762229496e-03
rotor,corner,18.000,u,48,1.488402909e-05,3.238784986e-03
rotor,corner,18.000,u,49,1.237034253e-05,2.878687601e-03
rotor,corner,18.000,u,50,1.052276722e-05,2.261904993e-03
rotor,corner,18.000,u,51,8.859616951e-06,1.974650470e-03
rotor,corner,18.000,u,52,7.160947726e-06,1.814321338e-03
rotor,corner,18.000,u,53,6.272188770e-06,1.201715321e-03
rotor,corner,18.000,u,54,5.334106481e-06,1.147593724e-03
rotor,corner,18.000,u,55,4.530709182e-06,9.791079112e-04
rotor,corner,18.000,u,56,3.748499333e-06,8.850686124e-04
rotor,corner,18.000,u,57,2.991276098e-06,7.856978558e-04
rotor,corner,18.000,u,58,2.468532381e-06,5.875624108e-04
rotor,corner,18.000,u,59,1.889787446e-06,5.523623126e-04
rotor,corner,18.000,u,60,1.606635839e-06,3.460528313e-04
rotor,corner,18.000,u,61,1.334583877e-06,3.111075526e-04
rotor,corner,18.000,u,62,1.093923494e-06,2.658844286e-04
rotor,corner,18.000,u,63,8.478200618e-07,2.404228053e-04
rotor,corner,18.000,u,64,6.962429594e-07,1.682558607e-04
rotor,corner,18.000,u,65,5.996533642e-07,1.230470457e-04
rotor,corner,18.000,u,66,4.993495063e-07,1.154726469e-04
rotor,corner,18.000,u,67,4.186618315e-07,9.465607928e-05
rotor,corner,18.000,u,68,3.282437830e-07,9.038186859e-05
rotor,corner,18.000,u,69,2.661232758e-07,6.682912141e-05
rotor,corner,18.000,u,70,2.172533358e-07,5.345454148e-05
rotor,corner,18.000,u,71,1.684956498e-07,4.769741344e-05
rotor,corner,18.000,u,72,1.297371886e-07,3.739227449e-05
rotor,corner,18.000,u,73,8.940160158e-08,3.269826502e-05
rotor,corner,18.000,u,74,7.051472034e-08,1.911381640e-05
rotor,corner,18.000,u,75,5.655275534e-08,1.464911414e-05
rotor,corner,18.000,u,76,4.287054528e-08,1.282753193e-05
rotor,corner,18.000,u,77,2.685952901e-08,1.162091708e-05
rotor,corner,18.000,uj,1,7.845254061e-01,4.313306182e+02
rotor,corner,18.000,uj,2,4.848589932e-01,4.290090933e+02
rotor,corner,18.000,uj,3,2.833314287e-01,2.736859839e+02
rotor,corner,18.000,uj,4,2.117050813e-01,1.309802764e+02
rotor,corner,18.000,uj,5,1.659746641e-01,9.141454743e+01
rotor,corner,18.000,uj,6,1.378946118e-01,6.425297436e+01
rotor,corner,18.000,uj,7,1.155550796e-01,5.234001055e+01
rotor,corner,18.000,uj,8,9.075919248e-02,4.975140455e+01
rotor,corner,18.000,uj,9,7.313862097e-02,3.738070257e+01
rotor,corner,18.000,uj,10,5.794127199e-02,3.104579905e+01
rotor,corner,18.000,uj,11,4.704320453e-02,2.352817134e+01
rotor,corner,18.000,uj,12,3.565540967e-02,2.134616285e+01
rotor,corner,18.000,uj,13,2.976660836e-02,1.365294384e+01
rotor,corner,18.000,uj,14,2.560555449e-02,1.055840454e+01
rotor,corner,18.000,uj,15,2.130476630e-02,9.880049344e+00
rotor,corner,18.000,uj,16,1.783885282e-02,8.101962556e+00
rotor,corner,18.000,uj,17,1.515236500e-02,6.548510011e+00
rotor,corner,18.000,uj,18,1.317317821e-02,5.208149004e+00
rotor,corner,18.000,uj,19,1.119179547e-02,4.833013918e+00
rotor,corner,18.000,uj,20,9.651120522e-03,3.941718754e+00
rotor,corner,18.000,uj,21,8.005665803e-03,3.749295609e+00
rotor,corner,18.000,uj,22,6.632937653e-03,3.118121097e+00
rotor,corner,18.000,uj,23,5.659319039e-03,2.406362934e+00
rotor,corner,18.000,uj,24,4.852549025e-03,2.025656069e+00
rotor,corner,18.000,uj,25,4.077431702e-03,1.830036985e+00
rotor,corner,18.000,uj,26,3.192801973e-03,1.764029465e+00
rotor,corner,18.000,uj,27,2.684409070e-03,1.202364839e+00
rotor,corner,18.000,uj,28,2.262918569e-03,1.004454148e+00
rotor,corner,18.000,uj,29,1.887835715e-03,8.679166162e-01
rotor,corner,18.000,uj,30,1.601124689e-03,6.956985573e-01
rotor,corner,18.000,uj,31,1.356661607e-03,5.914811679e-01
rotor,corner,18.000,uj,32,1.097198087e-03,5.550267332e-01
rotor,corner,18.000,uj,33,9.512921780e-04,3.802806931e-01
rotor,corner,18.000,uj,34,8.273400642e-04,3.266035747e-01
rotor,corner,18.000,uj,35,6.950239997e-04,3.121881644e-01
rotor,corner,18.000,uj,36,6.068269621e-04,2.356994223e-01
rotor,corner,18.000,uj,37,5.129570012e-04,2.255180590e-01
rotor,corner,18.000,uj,38,4.427588522e-04,1.801681877e-01
rotor,corner,18.000,uj,39,3.671830685e-04,1.720953569e-01
rotor,corner,18.000,uj,40,3.068329520e-04,1.402894624e-01
rotor,corner,18.000,uj,41,2.514125153e-04,1.223484465e-01
rotor,corner,18.000,uj,42,2.235196080e-04,8.005962446e-02
rotor,corner,18.000,uj,43,1.957275208e-04,7.508384685e-02
rotor,corner,18.000,uj,44,1.650919824e-04,7.313220129e-02
rotor,corner,18.000,uj,45,1.323060322e-04,6.868530084e-02
rotor,corner,18.000,uj,46,1.125995394e-04,4.832311099e-02
rotor,corner,18.000,uj,47,9.384090595e-05,4.328614177e-02
rotor,corner,18.000,uj,48,8.093049237e-05,3.304122518e-02
rotor,corner,18.000,uj,49,6.875821930e-05,2.969143948e-02
rotor,corner,18.000,uj,50,6.041557828e-05,2.283441432e-02
rotor,corner,18.000,uj,51,5.192804901e-05,2.147908360e-02
rotor,corner,18.000,uj,52,4.465032765e-05,1.844117322e-02
rotor,corner,18.000,uj,53,3.732493399e-05,1.704542267e-02
rotor,corner,18.000,uj,54,3.188286991e-05,1.349926877e-02
rotor,corner,18.000,uj,55,2.788064437e-05,1.075770741e-02
rotor,corner,18.000,uj,56,2.366564384e-05,1.025293964e-02
rotor,corner,18.000,uj,57,2.032454115e-05,8.432836701e-03
rotor,corner,18.000,uj,58,1.755657345e-05,7.122669099e-03
rotor,corner,18.000,uj,59,1.492457013e-05,6.431462720e-03
rotor,corner,18.000,uj,60,1.259316530e-05,5.571422275e-03
rotor,corner,18.000,uj,61,1.045809317e-05,4.879827613e-03
rotor,corner,18.000,uj,62,8.589850779e-06,4.149459675e-03
rotor,corner,18.000,uj,63,7.284554514e-06,3.166315336e-03
rotor,corner,18.000,uj,64,6.280541605e-06,2.567036068e-03
rotor,corner,18.000,uj,65,5.261258143e-06,2.385806080e-03
rotor,corner,18.000,uj,66,4.419165521e-06,1.985994303e-03
rotor,corner,18.000,uj,67,3.512067739e-06,1.865727868e-03
rotor,corner,18.000,uj,68,2.883233347e-06,1.394920721e-03
rotor,corner,18.000,uj,69,2.336249496e-06,1.175308492e-03
rotor,corner,18.000,uj,70,1.815562623e-06,1.022723053e-03
rotor,corner,18.000,uj,71,1.433056241e-06,7.753889514e-04
rotor,corner,18.000,uj,72,1.158639652e-06,5.866081406e-04
rotor,corner,18.000,uj,73,9.102008293e-07,4.986824898e-04
rotor,corner,18.000,uj,74,7.195611687e-07,3.877212519e-04
rotor,corner,18.000,uj,75,5.870913517e-07,2.893939237e-04
rotor,corner,18.000,uj,76,4.525990294e-07,2.601067629e-04
rotor,corner,18.000,uj,77,3.583501663e-07,1.923028711e-04
rotor,corner,18.000,uj,78,2.812655487e-07,1.544522747e-04
rotor,corner,18.000,uj,79,2.157042182e-07,1.255566584e-04
rotor,corner,18.000,uj,80,1.741922012e-07,8.849371471e-05
rotor,corner,18.000,uj,81,1.313581713e-07,7.957685314e-05
rotor,corner,18.000,uj,82,9.029185364e-08,6.636325178e-05
rotor,corner,18.000,uj,83,7.270920502e-08,3.723816277e-05
rotor,corner,18.000,uj,84,5.870708586e-08,2.983818292e-05
rotor,corner,18.000,uj,85,4.505333151e-08,2.618139496e-05
rotor,corner,18.000,uj,86,3.383620324e-08,2.069195023e-05
rotor,corner,18.000,uj,87,2.533816547e-08,1.559829142e-05
rotor,corner,18.000,uj,88,2.076189036e-08,1.010317029e-05
rotor,corner,18.000,uj,89,1.587432017e-08,9.307920415e-06
rotor,corner,18.000,uj,90,1.143253432e-08,7.660648413e-06
rotor,corner,18.000,uj,91,8.692183349e-09,5.165577452e-06
rotor,corner,18.000,uj,92,6.910768386e-09,3.667218739e-06
rotor,corner,18.000,uj,93,5.696657405e-09,2.721405691e-06
rotor,corner,18.000,uj,94,4.562656672e-09,2.372557329e-06
rotor,corner,18.000,uj,95,3.535427631e-09,2.006206698e-06
rotor,corner,18.000,uj,96,2.841769764e-09,1.462980282e-06
rotor,corner,18.000,uj,97,2.314914643e-09,1.146520340e-06
rotor,corner,18.000,uj,98,1.687957147e-09,1.101934485e-06
rotor,corner,18.000,uj,99,1.324436926e-09,7.278989020e-07
rotor,corner,18.000,uj,100,1.089050561e-09,5.242809302e-07
rotor,corner,18.000,uj,101,8.741855018e-10,4.517727640e-07
rotor,corner,18.000,uj,102,6.931235586e-10,3.705457149e-07
rotor,corner,18.000,uj,103,5.055760027e-10,3.298084378e-07
rotor,corner,18.000,uj,104,3.849729179e-10,2.279601761e-07
rotor,corner,18.000,uj,105,3.207648189e-10,1.480701310e-07
rotor,corner,18.000,uj,106,2.610531512e-10,1.296504567e-07
rotor,corner,18.000,uj,107,2.074611338e-10,1.102204947e-07
rotor,corner,18.000,uj,108,1.606685290e-10,9.129350945e-08
rotor,corner,18.000,uj,109,1.294626772e-10,6.618599883e-08
rotor,corner,18.000,uj,110,1.010484764e-10,5.629432026e-08
rotor,corner,18.000,uj,111,7.125798524e-11,4.983569262e-08
rotor,corner,18.000,uj,112,5.609719990e-11,3.056469383e-08
rotor,corner,18.000,uj,113,4.488839958e-11,2.340238798e-08
rotor,corner,18.000,uj,114,3.621802060e-11,1.844580197e-08
rotor,corner,18.000,uj,115,2.617965650e-11,1.740870908e-08
rotor,corner,18.000,uj,116,2.131487395e-11,1.057315016e-08
rotor,corner,18.000,uj,117,1.610043121e-11,9.715820489e-09
rotor,shell,1.000,u,1,6.214761549e-01,2.724725736e+02
rotor,shell,1.000,u,2,1.966720049e-01,2.050365300e+02
rotor,shell,1.000,u,3,1.421341061e-01,4.727654248e+01
rotor,shell,1.000,u,4,6.017846954e-02,4.478388258e+01
rotor,shell,1.000,u,5,5.205576661e-02,1.050107721e+01
rotor,shell,1.000,u,6,4.327569652e-02,1.006208565e+01
rotor,shell,1.000,u,7,3.505236647e-02,8.826803188e+00
rotor,shell,1.000,u,8,2.458110411e-02,8.690913997e+00
rotor,shell,1.000,u,9,1.772906323e-02,5.921793150e+00
rotor,shell,1.000,u,10,1.070526788e-02,4.915054321e+00
rotor,shell,1.000,u,11,7.523124299e-03,2.648835307e+00
rotor,shell,1.000,u,12,4.319479258e-03,2.142232877e+00
rotor,shell,1.000,u,13,3.810575033e-03,7.074335306e-01
rotor,shell,1.000,u,14,3.270287166e-03,6.802625581e-01
rotor,shell,1.000,u,15,2.717577234e-03,6.327111702e-01
rotor,shell,1.000,u,16,2.256372458e-03,5.267669044e-01
rotor,shell,1.000,u,17,1.729703863e-03,5.039209393e-01
rotor,shell,1.000,u,18,1.415872588e-03,3.455565445e-01
rotor,shell,1.000,u,19,1.124768428e-03,2.991002302e-01
rotor,shell,1.000,u,20,7.999049973e-04,2.750108494e-01
rotor,shell,1.000,u,21,6.182426500e-04,1.765281924e-01
rotor,shell,1.000,u,22,4.541271182e-04,1.459042734e-01
rotor,shell,1.000,u,23,3.287192619e-04,1.089736594e-01
rotor,shell,1.000,u,24,2.335162760e-04,8.046468592e-02
rotor,shell,1.000,u,25,1.915256484e-04,4.646361077e-02
rotor,shell,1.000,u,26,1.643167657e-04,3.422197734e-02
rotor,shell,1.000,u,27,1.339833175e-04,3.308327292e-02
rotor,shell,1.000,u,28,1.118727242e-04,2.564256879e-02
rotor,shell,1.000,u,29,9.678116353e-05,1.951646725e-02
rotor,shell,1.000,u,30,8.282907224e-05,1.741029321e-02
rotor,shell,1.000,u,31,7.261557892e-05,1.385785252e-02
rotor,shell,1.000,u,32,6.226223186e-05,1.299665317e-02
rotor,shell,1.000,u,33,5.196751776e-05,1.192662726e-02
rotor,shell,1.000,u,34,4.340908001e-05,9.936628440e-03
rotor,shell,1.000,u,35,3.572912809e-05,8.574192819e-03
rotor,shell,1.000,u,36,2.881327175e-05,7.347953943e-03
rotor,shell,1.000,u,37,2.227416204e-05,6.356780931e-03
rotor,shell,1.000,u,38,1.488970592e-05,5.761566784e-03
rotor,shell,1.000,u,39,1.147663296e-05,3.299275558e-03
rotor,shell,1.000,u,40,8.732848235e-06,2.589843307e-03
rotor,shell,1.000,u,41,7.534600313e-06,1.535514607e-03
rotor,shell,1.000,u,42,6.528081514e-06,1.308476448e-03
rotor,shell,1.000,u,43,5.482294799e-06,1.232596008e-03
rotor,shell,1.000,u,44,4.383847172e-06,1.144944003e-03
rotor,shell,1.000,u,45,3.605100430e-06,8.674886408e-04
rotor,shell,1.000,uj,1,7.453257881e-01,4.637475444e+02
rotor,shell,1.000,uj,2,4.621694210e-01,4.067305170e+02
rotor,shell,1.000,uj,3,2.879544697e-01,2.514548957e+02
rotor,shell,1.000,uj,4,1.943373556e-01,1.478030716e+02
rotor,shell,1.000,uj,5,1.451280898e-01,8.990257154e+01
rotor,shell,1.000,uj,6,1.182738347e-01,5.850148793e+01
rotor,shell,1.000,uj,7,1.011216619e-01,4.267016388e+01
rotor,shell,1.000,uj,8,8.285945953e-02,4.031940276e+01
rotor,shell,1.000,uj,9,6.228257920e-02,3.801344768e+01
rotor,shell,1.000,uj,10,4.199915010e-02,3.199084312e+01
rotor,shell,1.000,uj,11,3.127615029e-02,1.949789996e+01
rotor,shell,1.000,uj,12,2.360614509e-02,1.427134311e+01
rotor,shell,1.000,uj,13,2.018773670e-02,8.510784196e+00
rotor,shell,1.000,uj,14,1.711001658e-02,7.452582330e+00
rotor,shell,1.000,uj,15,1.444713145e-02,6.376406186e+00
rotor,shell,1.000,uj,16,1.167238569e-02,5.921681632e+00
rotor,shell,1.000,uj,17,8.927169570e-03,5.230799543e+00
rotor,shell,1.000,uj,18,7.125712540e-03,3.740583439e+00
rotor,shell,1.000,uj,19,5.612723525e-03,3.053703227e+00
rotor,shell,1.000,uj,20,4.342324536e-03,2.473674972e+00
rotor,shell,1.000,uj,21,3.637470376e-03,1.649667365e+00
rotor,shell,1.000,uj,22,2.803184918e-03,1.612401709e+00
rotor,shell,1.000,uj,23,2.117918553e-03,1.277355672e+00
rotor,shell,1.000,uj,24,1.724300531e-03,8.554200685e-01
rotor,shell,1.000,uj,25,1.396393418e-03,7.036422248e-01
rotor,shell,1.000,uj,26,1.197128449e-03,5.000475678e-01
rotor,shell,1.000,uj,27,1.022839345e-03,4.326725477e-01
rotor,shell,1.000,uj,28,8.594687197e-04,3.857298261e-01
rotor,shell,1.000,uj,29,7.353047375e-04,3.095267592e-01
rotor,shell,1.000,uj,30,6.421110030e-04,2.492164833e-01
rotor,shell,1.000,uj,31,5.500291159e-04,2.304632287e-01
rotor,shell,1.000,uj,32,4.656171034e-04,2.036686760e-01
rotor,shell,1.000,uj,33,3.919941226e-04,1.747844579e-01
rotor,shell,1.000,uj,34,3.348225286e-04,1.417925684e-01
rotor,shell,1.000,uj,35,2.812378679e-04,1.263812868e-01
rotor,shell,1.000,uj,36,2.311607967e-04,1.114228697e-01
rotor,shell,1.000,uj,37,1.791067534e-04,1.016510112e-01
rotor,shell,1.000,uj,38,1.308016731e-04,8.510674517e-02
rotor,shell,1.000,uj,39,1.026845638e-04,5.635946503e-02
rotor,shell,1.000,uj,40,8.392499916e-05,4.115562579e-02
rotor,shell,1.000,uj,41,7.390226009e-05,2.766528216e-02
rotor,shell,1.000,uj,42,6.365453506e-05,2.611593874e-02
rotor,shell,1.000,uj,43,5.432596475e-05,2.307616019e-02
rotor,shell,1.000,uj,44,4.472278020e-05,2.145275192e-02
rotor,shell,1.000,uj,45,3.669299558e-05,1.778513294e-02
rotor,shell,1.000,uj,46,3.007175273e-05,1.462494533e-02
rotor,shell,1.000,uj,47,2.434184078e-05,1.228226782e-02
rotor,shell,1.000,uj,48,2.099722693e-05,8.565646929e-03
rotor,shell,1.000,uj,49,1.732362747e-05,8.253048134e-03
rotor,shell,1.000,uj,50,1.283299784e-05,8.094608964e-03
rotor,shell,1.000,uj,51,1.030587289e-05,5.319065304e-03
rotor,shell,1.000,uj,52,7.964756606e-06,4.549242969e-03
rotor,shell,1.000,uj,53,5.799370394e-06,3.797457341e-03
rotor,shell,1.000,uj,54,4.231039398e-06,2.758856337e-03
rotor,shell,1.000,uj,55,2.745096708e-06,2.239542906e-03
rotor,shell,1.000,uj,56,1.793631136e-06,1.445488014e-03
rotor,shell,1.000,uj,57,9.668577723e-07,1.050841283e-03
rotor,shell,1.000,uj,58,6.286472517e-07,5.109677958e-04
rotor,shell,1.000,uj,59,4.286957952e-07,3.198314210e-04
rotor,shell,1.000,uj,60,2.631139968e-07,2.354238918e-04
rotor,shell,1.000,uj,61,1.881117450e-07,1.279631639e-04
rotor,shell,1.000,uj,62,1.432401688e-07,8.481668391e-05
rotor,shell,1.000,uj,63,1.087517074e-07,6.484568238e-05
rotor,shell,1.000,uj,64,8.079930749e-08,5.063181462e-05
rotor,shell,1.000,uj,65,4.382457961e-08,4.721761258e-05
rotor,shell,1.000,uj,66,2.976404655e-08,2.237469507e-05
rotor,shell,1.000,uj,67,1.877291762e-08,1.606602138e-05
rotor,shell,1.000,uj,68,1.283913778e-08,9.526710466e-06
rotor,shell,1.000,uj,69,8.902283692e-09,6.435310581e-06
rotor,shell,6.000,u,1,6.214761549e-01,2.724725736e+02
rotor,shell,6.000,u,2,1.966720049e-01,2.050365300e+02
rotor,shell,6.000,u,3,1.421341061e-01,4.727654248e+01
rotor,shell,6.000,u,4,6.017846954e-02,4.478388258e+01
rotor,shell,6.000,u,5,5.205576661e-02,1.050107721e+01
rotor,shell,6.000,u,6,4.327569652e-02,1.006208565e+01
rotor,shell,6.000,u,7,3.505236647e-02,8.826803188e+00
rotor,shell,6.000,u,8,2.458110411e-02,8.690913997e+00
rotor,shell,6.000,u,9,1.772906323e-02,5.921793150e+00
rotor,shell,6.000,u,10,1.070526788e-02,4.915054321e+00
rotor,shell,6.000,u,11,7.523124299e-03,2.648835307e+00
rotor,shell,6.000,u,12,4.319479258e-03,2.142232877e+00
rotor,shell,6.000,u,13,3.810575033e-03,7.074335306e-01
rotor,shell,6.000,u,14,3.270287166e-03,6.802625581e-01
rotor,shell,6.000,u,15,2.717577234e-03,6.327111702e-01
rotor,shell,6.000,u,16,2.256372458e-03,5.267669044e-01
rotor,shell,6.000,u,17,1.729703863e-03,5.039209393e-01
rotor,shell,6.000,u,18,1.415872588e-03,3.455565445e-01
rotor,shell,6.000,u,19,1.124768428e-03,2.991002302e-01
rotor,shell,6.000,u,20,7.999049973e-04,2.750108494e-01
rotor,shell,6.000,u,21,6.182426500e-04,1.765281924e-01
rotor,shell,6.000,u,22,4.541271182e-04,1.459042734e-01
rotor,shell,6.000,u,23,3.287192619e-04,1.089736594e-01
rotor,shell,6.000,u,24,2.335162760e-04,8.046468592e-02
rotor,shell,6.000,u,25,1.915256484e-04,4.646361077e-02
rotor,shell,6.000,u,26,1.643167657e-04,3.422197734e-02
rotor,shell,6.000,u,27,1.339833175e-04,3.308327292e-02
rotor,shell,6.000,u,28,1.118727242e-04,2.564256879e-02
rotor,shell,6.000,u,29,9.678116353e-05,1.951646725e-02
rotor,shell,6.000,u,30,8.282907224e-05,1.741029321e-02
rotor,shell,6.000,u,31,7.261557892e-05,1.385785252e-02
rotor,shell,6.000,u,32,6.226223186e-05,1.299665317e-02
rotor,shell,6.000,u,33,5.196751776e-05,1.192662726e-02
rotor,shell,6.000,u,34,4.340908001e-05,9.936628440e-03
rotor,shell,6.000,u,35,3.572912809e-05,8.574192819e-03
rotor,shell,6.000,u,36,2.881327175e-05,7.347953943e-03
rotor,shell,6.000,u,37,2.227416204e-05,6.356780931e-03
rotor,shell,6.000,u,38,1.488970592e-05,5.761566784e-03
rotor,shell,6.000,u,39,1.147663296e-05,3.299275558e-03
rotor,shell,6.000,u,40,8.732848235e-06,2.589843307e-03
rotor,shell,6.000,u,41,7.534600313e-06,1.535514607e-03
rotor,shell,6.000,u,42,6.528081514e-06,1.308476448e-03
rotor,shell,6.000,u,43,5.482294799e-06,1.232596008e-03
rotor,shell,6.000,u,44,4.383847172e-06,1.144944003e-03
rotor,shell,6.000,u,45,3.605100430e-06,8.674886408e-04
rotor,shell,6.000,uj,1,7.453257881e-01,4.637475444e+02
rotor,shell,6.000,uj,2,4.621694210e-01,4.067305170e+02
rotor,shell,6.000,uj,3,2.879544697e-01,2.514548957e+02
rotor,shell,6.000,uj,4,1.943373556e-01,1.478030716e+02
rotor,shell,6.000,uj,5,1.451280898e-01,8.990257154e+01
rotor,shell,6.000,uj,6,1.182738347e-01,5.850148793e+01
rotor,shell,6.000,uj,7,1.011216619e-01,4.267016388e+01
rotor,shell,6.000,uj,8,8.285945953e-02,4.031940276e+01
rotor,shell,6.000,uj,9,6.228257920e-02,3.801344768e+01
rotor,shell,6.000,uj,10,4.199915010e-02,3.199084312e+01
rotor,shell,6.000,uj,11,3.127615029e-02,1.949789996e+01
rotor,shell,6.000,uj,12,2.360614509e-02,1.427134311e+01
rotor,shell,6.000,uj,13,2.018773670e-02,8.510784196e+00
rotor,shell,6.000,uj,14,1.711001658e-02,7.452582330e+00
rotor,shell,6.000,uj,15,1.444713145e-02,6.376406186e+00
rotor,shell,6.000,uj,16,1.167238569e-02,5.921681632e+00
rotor,shell,6.000,uj,17,8.927169570e-03,5.230799543e+00
rotor,shell,6.000,uj,18,7.125712540e-03,3.740583439e+00
rotor,shell,6.000,uj,19,5.612723525e-03,3.053703227e+00
rotor,shell,6.000,uj,20,4.342324536e-03,2.473674972e+00
rotor,shell,6.000,uj,21,3.637470376e-03,1.649667365e+00
rotor,shell,6.000,uj,22,2.803184918e-03,1.612401709e+00
rotor,shell,6.000,uj,23,2.117918553e-03,1.277355672e+00
rotor,shell,6.000,uj,24,1.724300531e-03,8.554200685e-01
rotor,shell,6.000,uj,25,1.396393418e-03,7.036422248e-01
rotor,shell,6.000,uj,26,1.197128449e-03,5.000475678e-01
rotor,shell,6.000,uj,27,1.022839345e-03,4.326725477e-01
rotor,shell,6.000,uj,28,8.594687197e-04,3.857298261e-01
rotor,shell,6.000,uj,29,7.353047375e-04,3.095267592e-01
rotor,shell,6.000,uj,30,6.421110030e-04,2.492164833e-01
rotor,shell,6.000,uj,31,5.500291159e-04,2.304632287e-01
rotor,shell,6.000,uj,32,4.656171034e-04,2.036686760e-01
rotor,shell,6.000,uj,33,3.919941226e-04,1.747844579e-01
rotor,shell,6.000,uj,34,3.348225286e-04,1.417925684e-01
rotor,shell,6.000,uj,35,2.812378679e-04,1.263812868e-01
rotor,shell,6.000,uj,36,2.311607967e-04,1.114228697e-01
rotor,shell,6.000,uj,37,1.791067534e-04,1.016510112e-01
rotor,shell,6.000,uj,38,1.308016731e-04,8.510674517e-02
rotor,shell,6.000,uj,39,1.026845638e-04,5.635946503e-02
rotor,shell,6.000,uj,40,8.392499916e-05,4.115562579e-02
rotor,shell,6.000,uj,41,7.390226009e-05,2.766528216e-02
rotor,shell,6.000,uj,42,6.365453506e-05,2.611593874e-02
rotor,shell,6.000,uj,43,5.432596475e-05,2.307616019e-02
rotor,shell,6.000,uj,44,4.472278020e-05,2.145275192e-02
rotor,shell,6.000,uj,45,3.669299558e-05,1.778513294e-02
rotor,shell,6.000,uj,46,3.007175273e-05,1.462494533e-02
rotor,shell,6.000,uj,47,2.434184078e-05,1.228226782e-02
rotor,shell,6.000,uj,48,2.099722693e-05,8.565646929e-03
rotor,shell,6.000,uj,49,1.732362747e-05,8.253048134e-03
rotor,shell,6.000,uj,50,1.283299784e-05,8.094608964e-03
rotor,shell,6.000,uj,51,1.030587289e-05,5.319065304e-03
rotor,shell,6.000,uj,52,7.964756606e-06,4.549242969e-03
rotor,shell,6.000,uj,53,5.799370394e-06,3.797457341e-03
rotor,shell,6.000,uj,54,4.231039398e-06,2.758856337e-03
rotor,shell,6.000,uj,55,2.745096708e-06,2.239542906e-03
rotor,shell,6.000,uj,56,1.793631136e-06,1.445488014e-03
rotor,shell,6.000,uj,57,9.668577723e-07,1.050841283e-03
rotor,shell,6.000,uj,58,6.286472517e-07,5.109677958e-04
rotor,shell,6.000,uj,59,4.286957952e-07,3.198314210e-04
rotor,shell,6.000,uj,60,2.631139968e-07,2.354238918e-04
rotor,shell,6.000,uj,61,1.881117450e-07,1.279631639e-04
rotor,shell,6.000,uj,62,1.432401688e-07,8.481668391e-05
rotor,shell,6.000,uj,63,1.087517074e-07,6.484568238e-05
rotor,shell,6.000,uj,64,8.079930749e-08,5.063181462e-05
rotor,shell,6.000,uj,65,4.382457961e-08,4.721761258e-05
rotor,shell,6.000,uj,66,2.976404655e-08,2.237469507e-05
rotor,shell,6.000,uj,67,1.877291762e-08,1.606602138e-05
rotor,shell,6.000,uj,68,1.283913778e-08,9.526710466e-06
rotor,shell,6.000,uj,69,8.902283692e-09,6.435310581e-06
rotor,shell,18.000,u,1,6.214761549e-01,2.724725736e+02
rotor,shell,18.000,u,2,1.966720049e-01,2.050365300e+02
rotor,shell,18.000,u,3,1.421341061e-01,4.727654248e+01
rotor,shell,18.000,u,4,6.017846954e-02,4.478388258e+01
rotor,shell,18.000,u,5,5.205576661e-02,1.050107721e+01
rotor,shell,18.000,u,6,4.327569652e-02,1.006208565e+01
rotor,shell,18.000,u,7,3.505236647e-02,8.826803188e+00
rotor,shell,18.000,u,8,2.458110411e-02,8.690913997e+00
rotor,shell,18.000,u,9,1.772906323e-02,5.921793150e+00
rotor,shell,18.000,u,10,1.070526788e-02,4.915054321e+00
rotor,shell,18.000,u,11,7.523124299e-03,2.648835307e+00
rotor,shell,18.000,u,12,4.319479258e-03,2.142232877e+00
rotor,shell,18.000,u,13,3.810575033e-03,7.074335306e-01
rotor,shell,18.000,u,14,3.270287166e-03,6.802625581e-01
rotor,shell,18.000,u,15,2.717577234e-03,6.327111702e-01
rotor,shell,18.000,u,16,2.256372458e-03,5.267669044e-01
rotor,shell,18.000,u,17,1.729703863e-03,5.039209393e-01
rotor,shell,18.000,u,18,1.415872588e-03,3.455565445e-01
rotor,shell,18.000,u,19,1.124768428e-03,2.991002302e-01
rotor,shell,18.000,u,20,7.999049973e-04,2.750108494e-01
rotor,shell,18.000,u,21,6.182426500e-04,1.765281924e-01
rotor,shell,18.000,u,22,4.541271182e-04,1.459042734e-01
rotor,shell,18.000,u,23,3.287192619e-04,1.089736594e-01
rotor,shell,18.000,u,24,2.335162760e-04,8.046468592e-02
rotor,shell,18.000,u,25,1.915256484e-04,4.646361077e-02
rotor,shell,18.000,u,26,1.643167657e-04,3.422197734e-02
rotor,shell,18.000,u,27,1.339833175e-04,3.308327292e-02
rotor,shell,18.000,u,28,1.118727242e-04,2.564256879e-02
rotor,shell,18.000,u,29,9.678116353e-05,1.951646725e-02
rotor,shell,18.000,u,30,8.282907224e-05,1.741029321e-02
rotor,shell,18.000,u,31,7.261557892e-05,1.385785252e-02
rotor,shell,18.000,u,32,6.226223186e-05,1.299665317e-02
rotor,shell,18.000,u,33,5.196751776e-05,1.192662726e-02
rotor,shell,18.000,u,34,4.340908001e-05,9.936628440e-03
rotor,shell,18.000,u,35,3.572912809e-05,8.574192819e-03
rotor,shell,18.000,u,36,2.881327175e-05,7.347953943e-03
rotor,shell,18.000,u,37,2.227416204e-05,6.356780931e-03
rotor,shell,18.000,u,38,1.488970592e-05,5.761566784e-03
rotor,shell,18.000,u,39,1.147663296e-05,3.299275558e-03
rotor,shell,18.000,u,40,8.732848235e-06,2.589843307e-03
rotor,shell,18.000,u,41,7.534600313e-06,1.535514607e-03
rotor,shell,18.000,u,42,6.528081514e-06,1.308476448e-03
rotor,shell,18.000,u,43,5.482294799e-06,1.232596008e-03
rotor,shell,18.000,u,44,4.383847172e-06,1.144944003e-03
rotor,shell,18.000,u,45,3.605100430e-06,8.674886408e-04
rotor,shell,18.000,uj,1,7.453257881e-01,4.637475444e+02
rotor,shell,18.000,uj,2,4.621694210e-01,4.067305170e+02
rotor,shell,18.000,uj,3,2.879544697e-01,2.514548957e+02
rotor,shell,18.000,uj,4,1.943373556e-01,1.478030716e+02
rotor,shell,18.000,uj,5,1.451280898e-01,8.990257154e+01
rotor,shell,18.000,uj,6,1.182738347e-01,5.850148793e+01
rotor,shell,18.000,uj,7,1.011216619e-01,4.267016388e+01
rotor,shell,18.000,uj,8,8.285945953e-02,4.031940276e+01
rotor,shell,18.000,uj,9,6.228257920e-02,3.801344768e+01
rotor,shell,18.000,uj,10,4.199915010e-02,3.199084312e+01
rotor,shell,18.000,uj,11,3.127615029e-02,1.949789996e+01
rotor,shell,18.000,uj,12,2.360614509e-02,1.427134311e+01
rotor,shell,18.000,uj,13,2.018773670e-02,8.510784196e+00
rotor,shell,18.000,uj,14,1.711001658e-02,7.452582330e+00
rotor,shell,18.000,uj,15,1.444713145e-02,6.376406186e+00
rotor,shell,18.000,uj,16,1.167238569e-02,5.921681632e+00
rotor,shell,18.000,uj,17,8.927169570e-03,5.230799543e+00
rotor,shell,18.000,uj,18,7.125712540e-03,3.740583439e+00
rotor,shell,18.000,uj,19,5.612723525e-03,3.053703227e+00
rotor,shell,18.000,uj,20,4.342324536e-03,2.473674972e+00
rotor,shell,18.000,uj,21,3.637470376e-03,1.649667365e+00
rotor,shell,18.000,uj,22,2.803184918e-03,1.612401709e+00
rotor,shell,18.000,uj,23,2.117918553e-03,1.277355672e+00
rotor,shell,18.000,uj,24,1.724300531e-03,8.554200685e-01
rotor,shell,18.000,uj,25,1.396393418e-03,7.036422248e-01
rotor,shell,18.000,uj,26,1.197128449e-03,5.000475678e-01
rotor,shell,18.000,uj,27,1.022839345e-03,4.326725477e-01
rotor,shell,18.000,uj,28,8.594687197e-04,3.857298261e-01
rotor,shell,18.000,uj,29,7.353047375e-04,3.095267592e-01
rotor,shell,18.000,uj,30,6.421110030e-04,2.492164833e-01
rotor,shell,18.000,uj,31,5.500291159e-04,2.304632287e-01
rotor,shell,18.000,uj,32,4.656171034e-04,2.036686760e-01
rotor,shell,18.000,uj,33,3.919941226e-04,1.747844579e-01
rotor,shell,18.000,uj,34,3.348225286e-04,1.417925684e-01
rotor,shell,18.000,uj,35,2.812378679e-04,1.263812868e-01
rotor,shell,18.000,uj,36,2.311607967e-04,1.114228697e-01
rotor,shell,18.000,uj,37,1.791067534e-04,1.016510112e-01
rotor,shell,18.000,uj,38,1.308016731e-04,8.510674517e-02
rotor,shell,18.000,uj,39,1.026845638e-04,5.635946503e-02
rotor,shell,18.000,uj,40,8.392499916e-05,4.115562579e-02
rotor,shell,18.000,uj,41,7.390226009e-05,2.766528216e-02
rotor,shell,18.000,uj,42,6.365453506e-05,2.611593874e-02
rotor,shell,18.000,uj,43,5.432596475e-05,2.307616019e-02
rotor,shell,18.000,uj,44,4.472278020e-05,2.145275192e-02
rotor,shell,18.000,uj,45,3.669299558e-05,1.778513294e-02
rotor,shell,18.000,uj,46,3.007175273e-05,1.462494533e-02
rotor,shell,18.000,uj,47,2.434184078e-05,1.228226782e-02
rotor,shell,18.000,uj,48,2.099722693e-05,8.565646929e-03
rotor,shell,18.000,uj,49,1.732362747e-05,8.253048134e-03
rotor,shell,18.000,uj,50,1.283299784e-05,8.094608964e-03
rotor,shell,18.000,uj,51,1.030587289e-05,5.319065304e-03
rotor,shell,18.000,uj,52,7.964756606e-06,4.549242969e-03
rotor,shell,18.000,uj,53,5.799370394e-06,3.797457341e-03
rotor,shell,18.000,uj,54,4.231039398e-06,2.758856337e-03
rotor,shell,18.000,uj,55,2.745096708e-06,2.239542906e-03
rotor,shell,18.000,uj,56,1.793631136e-06,1.445488014e-03
rotor,shell,18.000,uj,57,9.668577723e-07,1.050841283e-03
rotor,shell,18.000,uj,58,6.286472517e-07,5.109677958e-04
rotor,shell,18.000,uj,59,4.286957952e-07,3.198314210e-04
rotor,shell,18.000,uj,60,2.631139968e-07,2.354238918e-04
rotor,shell,18.000,uj,61,1.881117450e-07,1.279631639e-04
rotor,shell,18.000,uj,62,1.432401688e-07,8.481668391e-05
rotor,shell,18.000,uj,63,1.087517074e-07,6.484568238e-05
rotor,shell,18.000,uj,64,8.079930749e-08,5.063181462e-05
rotor,shell,18.000,uj,65,4.382457961e-08,4.721761258e-05
rotor,shell,18.000,uj,66,2.976404655e-08,2.237469507e-05
rotor,shell,18.000,uj,67,1.877291762e-08,1.606602138e-05
rotor,shell,18.000,uj,68,1.283913778e-08,9.526710466e-06
rotor,shell,18.000,uj,69,8.902283692e-09,6.435310581e-06
