=== node: m13h-1-2
GPU 0: NVIDIA H200 (UUID: GPU-9baff29b-8c02-a58d-e132-e47ee1f1eca4)
CUDA_HOME=/apps/cudatoolkit/12.8.1
=== CUDA.jl precompile/versioninfo
CUDA toolchain: 
- runtime 12.8.0, local installation
- driver 580.159.4 for 13.0
- compiler 12.9.41, artifact installation

CUDA libraries: 
- cuBLAS: 12.8.4
- cuSPARSE: 12.5.8
- cuSOLVER: 11.7.3
- cuFFT: 11.3.3
- cuRAND: 10.3.9
- CUPTI: 2025.1.1 (API 12.8.0)
- NVML: 13.0.0+580.159.4

Julia packages: 
- CUDACore: 6.2.1
- GPUArrays: 11.5.8
- GPUCompiler: 1.23.0
- KernelAbstractions: 0.9.42
- CUDA_Driver_jll: 13.3.0+1
- CUDA_Compiler_jll: 0.4.4+1
- CUDA_Runtime_jll: 0.23.0+1
- CUDA_Runtime_Discovery: 2.1.0
- NVPTX_LLVM_Backend_jll: 22.1.7+1

Toolchain:
- Julia: 1.11.7
- LLVM: 16.0.6

Preferences:
- CUDA_Runtime_jll.local: true

1 device:
  0: NVIDIA H200 (sm_90, 139.797 GiB / 140.401 GiB available)
     compiles to sm_90a / PTX 8.8
=== test/cuda_radix_lifecycle_test.jl
ERROR: LoadError: Some tests did not pass: 207 passed, 1 failed, 0 errored, 0 broken.
in expression starting at /home/rander39/FastMultipole-023/test/cuda_radix_lifecycle_test.jl:237
CUDA radix lifecycle gate (task 022): Test Failed at /home/rander39/FastMultipole-023/test/cuda_radix_lifecycle_test.jl:594
  Expression: occursin("host-only", sprint(showerror, dense_cuda_error))
   Evaluated: occursin("host-only", "ArgumentError: DenseTranslationM2L is not supported by the one-shot cuda_radix_state builders; use RadixFMMCache(...; device=true, options=...) for the device-resident dense M2L lifecycle (task 023f)")

Stacktrace:
 [1] macro expansion
   @ /vapps/rhel9/x86_64/spack/root/opt/spack/linux-rhel9-haswell/gcc-13.2.0/julia-1.11.7-6bmogflhr2w6mi2zerinukr2gpnpr2rs/juliaup/julia-1.11.7+0.x64.linux.gnu/share/julia/stdlib/v1.11/Test/src/Test.jl:680 [inlined]
 [2] macro expansion
   @ ~/FastMultipole-023/test/cuda_radix_lifecycle_test.jl:594 [inlined]
 [3] macro expansion
   @ /vapps/rhel9/x86_64/spack/root/opt/spack/linux-rhel9-haswell/gcc-13.2.0/julia-1.11.7-6bmogflhr2w6mi2zerinukr2gpnpr2rs/juliaup/julia-1.11.7+0.x64.linux.gnu/share/julia/stdlib/v1.11/Test/src/Test.jl:1709 [inlined]
 [4] top-level scope
   @ ~/FastMultipole-023/test/cuda_radix_lifecycle_test.jl:238
Test Summary:                        | Pass  Fail  Total     Time
CUDA radix lifecycle gate (task 022) |  207     1    208  1m32.3s
LIFECYCLE_TEST_EXIT=1
=== test/cuda_radix_integration_test.jl (023f dense sections)
CUDA radix fmm! integration (task 023): Test Failed at /home/rander39/FastMultipole-023/test/cuda_radix_integration_test.jl:858
  Expression: dev_alloc == 0
   Evaluated: 22400 == 0

Stacktrace:
 [1] macro expansion
   @ /vapps/rhel9/x86_64/spack/root/opt/spack/linux-rhel9-haswell/gcc-13.2.0/julia-1.11.7-6bmogflhr2w6mi2zerinukr2gpnpr2rs/juliaup/julia-1.11.7+0.x64.linux.gnu/share/julia/stdlib/v1.11/Test/src/Test.jl:680 [inlined]
 [2] macro expansion
   @ ~/FastMultipole-023/test/cuda_radix_integration_test.jl:858 [inlined]
 [3] macro expansion
   @ /vapps/rhel9/x86_64/spack/root/opt/spack/linux-rhel9-haswell/gcc-13.2.0/julia-1.11.7-6bmogflhr2w6mi2zerinukr2gpnpr2rs/juliaup/julia-1.11.7+0.x64.linux.gnu/share/julia/stdlib/v1.11/Test/src/Test.jl:1709 [inlined]
 [4] top-level scope
   @ ~/FastMultipole-023/test/cuda_radix_integration_test.jl:13
CUDA radix fmm! integration (task 023): Test Failed at /home/rander39/FastMultipole-023/test/cuda_radix_integration_test.jl:858
  Expression: dev_alloc == 0
   Evaluated: 19328 == 0

Stacktrace:
 [1] macro expansion
   @ /vapps/rhel9/x86_64/spack/root/opt/spack/linux-rhel9-haswell/gcc-13.2.0/julia-1.11.7-6bmogflhr2w6mi2zerinukr2gpnpr2rs/juliaup/julia-1.11.7+0.x64.linux.gnu/share/julia/stdlib/v1.11/Test/src/Test.jl:680 [inlined]
 [2] macro expansion
   @ ~/FastMultipole-023/test/cuda_radix_integration_test.jl:858 [inlined]
 [3] macro expansion
   @ /vapps/rhel9/x86_64/spack/root/opt/spack/linux-rhel9-haswell/gcc-13.2.0/julia-1.11.7-6bmogflhr2w6mi2zerinukr2gpnpr2rs/juliaup/julia-1.11.7+0.x64.linux.gnu/share/julia/stdlib/v1.11/Test/src/Test.jl:1709 [inlined]
 [4] top-level scope
   @ ~/FastMultipole-023/test/cuda_radix_integration_test.jl:13
CUDA radix fmm! integration (task 023): Test Failed at /home/rander39/FastMultipole-023/test/cuda_radix_integration_test.jl:858
  Expression: dev_alloc == 0
   Evaluated: 11200 == 0

Stacktrace:
 [1] macro expansion
   @ /vapps/rhel9/x86_64/spack/root/opt/spack/linux-rhel9-haswell/gcc-13.2.0/julia-1.11.7-6bmogflhr2w6mi2zerinukr2gpnpr2rs/juliaup/julia-1.11.7+0.x64.linux.gnu/share/julia/stdlib/v1.11/Test/src/Test.jl:680 [inlined]
 [2] macro expansion
   @ ~/FastMultipole-023/test/cuda_radix_integration_test.jl:858 [inlined]
 [3] macro expansion
   @ /vapps/rhel9/x86_64/spack/root/opt/spack/linux-rhel9-haswell/gcc-13.2.0/julia-1.11.7-6bmogflhr2w6mi2zerinukr2gpnpr2rs/juliaup/julia-1.11.7+0.x64.linux.gnu/share/julia/stdlib/v1.11/Test/src/Test.jl:1709 [inlined]
 [4] top-level scope
   @ ~/FastMultipole-023/test/cuda_radix_integration_test.jl:13
CUDA radix fmm! integration (task 023): Test Failed at /home/rander39/FastMultipole-023/test/cuda_radix_integration_test.jl:858
  Expression: dev_alloc == 0
   Evaluated: 9664 == 0

Stacktrace:
 [1] macro expansion
   @ /vapps/rhel9/x86_64/spack/root/opt/spack/linux-rhel9-haswell/gcc-13.2.0/julia-1.11.7-6bmogflhr2w6mi2zerinukr2gpnpr2rs/juliaup/julia-1.11.7+0.x64.linux.gnu/share/julia/stdlib/v1.11/Test/src/Test.jl:680 [inlined]
 [2] macro expansion
   @ ~/FastMultipole-023/test/cuda_radix_integration_test.jl:858 [inlined]
 [3] macro expansion
   @ /vapps/rhel9/x86_64/spack/root/opt/spack/linux-rhel9-haswell/gcc-13.2.0/julia-1.11.7-6bmogflhr2w6mi2zerinukr2gpnpr2rs/juliaup/julia-1.11.7+0.x64.linux.gnu/share/julia/stdlib/v1.11/Test/src/Test.jl:1709 [inlined]
 [4] top-level scope
   @ ~/FastMultipole-023/test/cuda_radix_integration_test.jl:13
CUDA radix fmm! integration (task 023): Test Failed at /home/rander39/FastMultipole-023/test/cuda_radix_integration_test.jl:858
  Expression: dev_alloc == 0
   Evaluated: 46352 == 0

Stacktrace:
 [1] macro expansion
   @ /vapps/rhel9/x86_64/spack/root/opt/spack/linux-rhel9-haswell/gcc-13.2.0/julia-1.11.7-6bmogflhr2w6mi2zerinukr2gpnpr2rs/juliaup/julia-1.11.7+0.x64.linux.gnu/share/julia/stdlib/v1.11/Test/src/Test.jl:680 [inlined]
 [2] macro expansion
   @ ~/FastMultipole-023/test/cuda_radix_integration_test.jl:858 [inlined]
 [3] macro expansion
   @ /vapps/rhel9/x86_64/spack/root/opt/spack/linux-rhel9-haswell/gcc-13.2.0/julia-1.11.7-6bmogflhr2w6mi2zerinukr2gpnpr2rs/juliaup/julia-1.11.7+0.x64.linux.gnu/share/julia/stdlib/v1.11/Test/src/Test.jl:1709 [inlined]
 [4] top-level scope
   @ ~/FastMultipole-023/test/cuda_radix_integration_test.jl:13
CUDA radix fmm! integration (task 023): Test Failed at /home/rander39/FastMultipole-023/test/cuda_radix_integration_test.jl:858
  Expression: dev_alloc == 0
   Evaluated: 46352 == 0

Stacktrace:
 [1] macro expansion
   @ /vapps/rhel9/x86_64/spack/root/opt/spack/linux-rhel9-haswell/gcc-13.2.0/julia-1.11.7-6bmogflhr2w6mi2zerinukr2gpnpr2rs/juliaup/julia-1.11.7+0.x64.linux.gnu/share/julia/stdlib/v1.11/Test/src/Test.jl:680 [inlined]
 [2] macro expansion
   @ ~/FastMultipole-023/test/cuda_radix_integration_test.jl:858 [inlined]
 [3] macro expansion
   @ /vapps/rhel9/x86_64/spack/root/opt/spack/linux-rhel9-haswell/gcc-13.2.0/julia-1.11.7-6bmogflhr2w6mi2zerinukr2gpnpr2rs/juliaup/julia-1.11.7+0.x64.linux.gnu/share/julia/stdlib/v1.11/Test/src/Test.jl:1709 [inlined]
 [4] top-level scope
   @ ~/FastMultipole-023/test/cuda_radix_integration_test.jl:13
CUDA radix fmm! integration (task 023): Test Failed at /home/rander39/FastMultipole-023/test/cuda_radix_integration_test.jl:858
  Expression: dev_alloc == 0
   Evaluated: 23176 == 0

Stacktrace:
 [1] macro expansion
   @ /vapps/rhel9/x86_64/spack/root/opt/spack/linux-rhel9-haswell/gcc-13.2.0/julia-1.11.7-6bmogflhr2w6mi2zerinukr2gpnpr2rs/juliaup/julia-1.11.7+0.x64.linux.gnu/share/julia/stdlib/v1.11/Test/src/Test.jl:680 [inlined]
 [2] macro expansion
   @ ~/FastMultipole-023/test/cuda_radix_integration_test.jl:858 [inlined]
 [3] macro expansion
   @ /vapps/rhel9/x86_64/spack/root/opt/spack/linux-rhel9-haswell/gcc-13.2.0/julia-1.11.7-6bmogflhr2w6mi2zerinukr2gpnpr2rs/juliaup/julia-1.11.7+0.x64.linux.gnu/share/julia/stdlib/v1.11/Test/src/Test.jl:1709 [inlined]
 [4] top-level scope
   @ ~/FastMultipole-023/test/cuda_radix_integration_test.jl:13
CUDA radix fmm! integration (task 023): Test Failed at /home/rander39/FastMultipole-023/test/cuda_radix_integration_test.jl:858
  Expression: dev_alloc == 0
   Evaluated: 23176 == 0

Stacktrace:
 [1] macro expansion
   @ /vapps/rhel9/x86_64/spack/root/opt/spack/linux-rhel9-haswell/gcc-13.2.0/julia-1.11.7-6bmogflhr2w6mi2zerinukr2gpnpr2rs/juliaup/julia-1.11.7+0.x64.linux.gnu/share/julia/stdlib/v1.11/Test/src/Test.jl:680 [inlined]
 [2] macro expansion
   @ ~/FastMultipole-023/test/cuda_radix_integration_test.jl:858 [inlined]
 [3] macro expansion
   @ /vapps/rhel9/x86_64/spack/root/opt/spack/linux-rhel9-haswell/gcc-13.2.0/julia-1.11.7-6bmogflhr2w6mi2zerinukr2gpnpr2rs/juliaup/julia-1.11.7+0.x64.linux.gnu/share/julia/stdlib/v1.11/Test/src/Test.jl:1709 [inlined]
 [4] top-level scope
   @ ~/FastMultipole-023/test/cuda_radix_integration_test.jl:13
CUDA radix fmm! integration (task 023): Test Failed at /home/rander39/FastMultipole-023/test/cuda_radix_integration_test.jl:858
  Expression: dev_alloc == 0
   Evaluated: 48896 == 0

Stacktrace:
 [1] macro expansion
   @ /vapps/rhel9/x86_64/spack/root/opt/spack/linux-rhel9-haswell/gcc-13.2.0/julia-1.11.7-6bmogflhr2w6mi2zerinukr2gpnpr2rs/juliaup/julia-1.11.7+0.x64.linux.gnu/share/julia/stdlib/v1.11/Test/src/Test.jl:680 [inlined]
 [2] macro expansion
   @ ~/FastMultipole-023/test/cuda_radix_integration_test.jl:858 [inlined]
 [3] macro expansion
   @ /vapps/rhel9/x86_64/spack/root/opt/spack/linux-rhel9-haswell/gcc-13.2.0/julia-1.11.7-6bmogflhr2w6mi2zerinukr2gpnpr2rs/juliaup/julia-1.11.7+0.x64.linux.gnu/share/julia/stdlib/v1.11/Test/src/Test.jl:1709 [inlined]
 [4] top-level scope
   @ ~/FastMultipole-023/test/cuda_radix_integration_test.jl:13
CUDA radix fmm! integration (task 023): Test Failed at /home/rander39/FastMultipole-023/test/cuda_radix_integration_test.jl:858
  Expression: dev_alloc == 0
   Evaluated: 48416 == 0

Stacktrace:
 [1] macro expansion
   @ /vapps/rhel9/x86_64/spack/root/opt/spack/linux-rhel9-haswell/gcc-13.2.0/julia-1.11.7-6bmogflhr2w6mi2zerinukr2gpnpr2rs/juliaup/julia-1.11.7+0.x64.linux.gnu/share/julia/stdlib/v1.11/Test/src/Test.jl:680 [inlined]
 [2] macro expansion
   @ ~/FastMultipole-023/test/cuda_radix_integration_test.jl:858 [inlined]
 [3] macro expansion
   @ /vapps/rhel9/x86_64/spack/root/opt/spack/linux-rhel9-haswell/gcc-13.2.0/julia-1.11.7-6bmogflhr2w6mi2zerinukr2gpnpr2rs/juliaup/julia-1.11.7+0.x64.linux.gnu/share/julia/stdlib/v1.11/Test/src/Test.jl:1709 [inlined]
 [4] top-level scope
   @ ~/FastMultipole-023/test/cuda_radix_integration_test.jl:13
CUDA radix fmm! integration (task 023): Test Failed at /home/rander39/FastMultipole-023/test/cuda_radix_integration_test.jl:741
  Expression: isapprox(view(dops, :, :, k), Kref; rtol = geom_tol, atol = geom_tol)
   Evaluated: isapprox(Float32[2.222222 -2.1585866f-7 … 2.038336f16 0.0; -2.1585866f-7 -10.973933 … -2.5739563f10 0.0; … ; 1.019168f16 -1.2869783f10 … Inf NaN; 0.0 0.0 … NaN -Inf], Float32[2.222222 -2.1585866f-7 … 2.038336f16 0.0; -2.1585866f-7 -10.973933 … -2.5739563f10 0.0; … ; 1.019168f16 -1.2869783f10 … Inf NaN; 0.0 0.0 … NaN -Inf]; rtol = 5.0f-5, atol = 5.0f-5)

Stacktrace:
 [1] macro expansion
   @ /vapps/rhel9/x86_64/spack/root/opt/spack/linux-rhel9-haswell/gcc-13.2.0/julia-1.11.7-6bmogflhr2w6mi2zerinukr2gpnpr2rs/juliaup/julia-1.11.7+0.x64.linux.gnu/share/julia/stdlib/v1.11/Test/src/Test.jl:680 [inlined]
 [2] macro expansion
   @ ~/FastMultipole-023/test/cuda_radix_integration_test.jl:741 [inlined]
 [3] macro expansion
   @ /vapps/rhel9/x86_64/spack/root/opt/spack/linux-rhel9-haswell/gcc-13.2.0/julia-1.11.7-6bmogflhr2w6mi2zerinukr2gpnpr2rs/juliaup/julia-1.11.7+0.x64.linux.gnu/share/julia/stdlib/v1.11/Test/src/Test.jl:1709 [inlined]
 [4] top-level scope
   @ ~/FastMultipole-023/test/cuda_radix_integration_test.jl:13
CUDA radix fmm! integration (task 023): Test Failed at /home/rander39/FastMultipole-023/test/cuda_radix_integration_test.jl:742
  Expression: isapprox(view(dops, :, :, k), hplan.operators[k]; rtol = geom_tol, atol = geom_tol)
   Evaluated: isapprox(Float32[2.222222 -2.1585866f-7 … 2.038336f16 0.0; -2.1585866f-7 -10.973933 … -2.5739563f10 0.0; … ; 1.019168f16 -1.2869783f10 … Inf NaN; 0.0 0.0 … NaN -Inf], Float32[2.222222 -2.1585866f-7 … 2.038336f16 0.0; -2.1585866f-7 -10.973933 … -2.5739563f10 0.0; … ; 1.019168f16 -1.2869783f10 … Inf NaN; 0.0 0.0 … NaN -Inf]; rtol = 5.0f-5, atol = 5.0f-5)

Stacktrace:
 [1] macro expansion
   @ /vapps/rhel9/x86_64/spack/root/opt/spack/linux-rhel9-haswell/gcc-13.2.0/julia-1.11.7-6bmogflhr2w6mi2zerinukr2gpnpr2rs/juliaup/julia-1.11.7+0.x64.linux.gnu/share/julia/stdlib/v1.11/Test/src/Test.jl:680 [inlined]
 [2] macro expansion
   @ ~/FastMultipole-023/test/cuda_radix_integration_test.jl:742 [inlined]
 [3] macro expansion
   @ /vapps/rhel9/x86_64/spack/root/opt/spack/linux-rhel9-haswell/gcc-13.2.0/julia-1.11.7-6bmogflhr2w6mi2zerinukr2gpnpr2rs/juliaup/julia-1.11.7+0.x64.linux.gnu/share/julia/stdlib/v1.11/Test/src/Test.jl:1709 [inlined]
 [4] top-level scope
   @ ~/FastMultipole-023/test/cuda_radix_integration_test.jl:13
CUDA radix fmm! integration (task 023): Test Failed at /home/rander39/FastMultipole-023/test/cuda_radix_integration_test.jl:780
  Expression: ≈((Array(dev_dcache.state.locals.phi))[:, 1:nnodes], host_dcache.state.locals.phi[:, 1:nnodes], rtol = m2l_rtol, atol = m2l_atol)
   Evaluated: Float32[0.0 0.0 … 0.57546556 0.5784351; 0.0 0.0 … 0.0 0.0; … ; 0.0 0.0 … NaN Inf; 0.0 0.0 … NaN NaN] ≈ Float32[0.0 0.0 … 0.57546556 0.5784351; 0.0 0.0 … 0.0 0.0; … ; 0.0 0.0 … NaN Inf; 0.0 0.0 … NaN NaN] (rtol=0.005, atol=0.0005)

Stacktrace:
 [1] macro expansion
   @ /vapps/rhel9/x86_64/spack/root/opt/spack/linux-rhel9-haswell/gcc-13.2.0/julia-1.11.7-6bmogflhr2w6mi2zerinukr2gpnpr2rs/juliaup/julia-1.11.7+0.x64.linux.gnu/share/julia/stdlib/v1.11/Test/src/Test.jl:680 [inlined]
 [2] macro expansion
   @ ~/FastMultipole-023/test/cuda_radix_integration_test.jl:780 [inlined]
 [3] macro expansion
   @ /vapps/rhel9/x86_64/spack/root/opt/spack/linux-rhel9-haswell/gcc-13.2.0/julia-1.11.7-6bmogflhr2w6mi2zerinukr2gpnpr2rs/juliaup/julia-1.11.7+0.x64.linux.gnu/share/julia/stdlib/v1.11/Test/src/Test.jl:1709 [inlined]
 [4] top-level scope
   @ ~/FastMultipole-023/test/cuda_radix_integration_test.jl:13
CUDA radix fmm! integration (task 023): Test Failed at /home/rander39/FastMultipole-023/test/cuda_radix_integration_test.jl:788
  Expression: ≈((Array(dev_dcache.state.locals.phi))[:, 1:nnodes], host_dcache.state.locals.phi[:, 1:nnodes], rtol = m2l_rtol, atol = m2l_atol)
   Evaluated: Float32[0.0 0.0 … 0.57546556 0.57843506; 0.0 0.0 … 0.0 0.0; … ; 0.0 0.0 … NaN Inf; 0.0 0.0 … NaN NaN] ≈ Float32[0.0 0.0 … 0.57546556 0.5784351; 0.0 0.0 … 0.0 0.0; … ; 0.0 0.0 … NaN Inf; 0.0 0.0 … NaN NaN] (rtol=0.005, atol=0.0005)

Stacktrace:
 [1] macro expansion
   @ /vapps/rhel9/x86_64/spack/root/opt/spack/linux-rhel9-haswell/gcc-13.2.0/julia-1.11.7-6bmogflhr2w6mi2zerinukr2gpnpr2rs/juliaup/julia-1.11.7+0.x64.linux.gnu/share/julia/stdlib/v1.11/Test/src/Test.jl:680 [inlined]
 [2] macro expansion
   @ ~/FastMultipole-023/test/cuda_radix_integration_test.jl:788 [inlined]
 [3] macro expansion
   @ /vapps/rhel9/x86_64/spack/root/opt/spack/linux-rhel9-haswell/gcc-13.2.0/julia-1.11.7-6bmogflhr2w6mi2zerinukr2gpnpr2rs/juliaup/julia-1.11.7+0.x64.linux.gnu/share/julia/stdlib/v1.11/Test/src/Test.jl:1709 [inlined]
 [4] top-level scope
   @ ~/FastMultipole-023/test/cuda_radix_integration_test.jl:13
CUDA radix fmm! integration (task 023): Test Failed at /home/rander39/FastMultipole-023/test/cuda_radix_integration_test.jl:801
  Expression: maximum(abs.(dev_sys.potential[1, :] .- host_sys.potential[1, :])) < p_tol
   Evaluated: NaN < 0.001f0

Stacktrace:
 [1] macro expansion
   @ /vapps/rhel9/x86_64/spack/root/opt/spack/linux-rhel9-haswell/gcc-13.2.0/julia-1.11.7-6bmogflhr2w6mi2zerinukr2gpnpr2rs/juliaup/julia-1.11.7+0.x64.linux.gnu/share/julia/stdlib/v1.11/Test/src/Test.jl:680 [inlined]
 [2] macro expansion
   @ ~/FastMultipole-023/test/cuda_radix_integration_test.jl:801 [inlined]
 [3] macro expansion
   @ /vapps/rhel9/x86_64/spack/root/opt/spack/linux-rhel9-haswell/gcc-13.2.0/julia-1.11.7-6bmogflhr2w6mi2zerinukr2gpnpr2rs/juliaup/julia-1.11.7+0.x64.linux.gnu/share/julia/stdlib/v1.11/Test/src/Test.jl:1709 [inlined]
 [4] top-level scope
   @ ~/FastMultipole-023/test/cuda_radix_integration_test.jl:13
CUDA radix fmm! integration (task 023): Test Failed at /home/rander39/FastMultipole-023/test/cuda_radix_integration_test.jl:803
  Expression: maximum(abs.(dev_sys.potential[5:7, :] .- host_sys.potential[5:7, :])) < g_tol
   Evaluated: NaN < 0.01f0

Stacktrace:
 [1] macro expansion
   @ /vapps/rhel9/x86_64/spack/root/opt/spack/linux-rhel9-haswell/gcc-13.2.0/julia-1.11.7-6bmogflhr2w6mi2zerinukr2gpnpr2rs/juliaup/julia-1.11.7+0.x64.linux.gnu/share/julia/stdlib/v1.11/Test/src/Test.jl:680 [inlined]
 [2] macro expansion
   @ ~/FastMultipole-023/test/cuda_radix_integration_test.jl:803 [inlined]
 [3] macro expansion
   @ /vapps/rhel9/x86_64/spack/root/opt/spack/linux-rhel9-haswell/gcc-13.2.0/julia-1.11.7-6bmogflhr2w6mi2zerinukr2gpnpr2rs/juliaup/julia-1.11.7+0.x64.linux.gnu/share/julia/stdlib/v1.11/Test/src/Test.jl:1709 [inlined]
 [4] top-level scope
   @ ~/FastMultipole-023/test/cuda_radix_integration_test.jl:13
CUDA radix fmm! integration (task 023): Test Failed at /home/rander39/FastMultipole-023/test/cuda_radix_integration_test.jl:850
  Expression: maximum(abs.(dev_sys.potential[1, :] .- whole_pot[1, :])) < wp_tol
   Evaluated: NaN < 0.0001f0

Stacktrace:
 [1] macro expansion
   @ /vapps/rhel9/x86_64/spack/root/opt/spack/linux-rhel9-haswell/gcc-13.2.0/julia-1.11.7-6bmogflhr2w6mi2zerinukr2gpnpr2rs/juliaup/julia-1.11.7+0.x64.linux.gnu/share/julia/stdlib/v1.11/Test/src/Test.jl:680 [inlined]
 [2] macro expansion
   @ ~/FastMultipole-023/test/cuda_radix_integration_test.jl:850 [inlined]
 [3] macro expansion
   @ /vapps/rhel9/x86_64/spack/root/opt/spack/linux-rhel9-haswell/gcc-13.2.0/julia-1.11.7-6bmogflhr2w6mi2zerinukr2gpnpr2rs/juliaup/julia-1.11.7+0.x64.linux.gnu/share/julia/stdlib/v1.11/Test/src/Test.jl:1709 [inlined]
 [4] top-level scope
   @ ~/FastMultipole-023/test/cuda_radix_integration_test.jl:13
CUDA radix fmm! integration (task 023): Test Failed at /home/rander39/FastMultipole-023/test/cuda_radix_integration_test.jl:851
  Expression: maximum(abs.(dev_sys.potential[5:7, :] .- whole_pot[5:7, :])) < 10wp_tol
   Evaluated: NaN < 0.0009999999f0

Stacktrace:
 [1] macro expansion
   @ /vapps/rhel9/x86_64/spack/root/opt/spack/linux-rhel9-haswell/gcc-13.2.0/julia-1.11.7-6bmogflhr2w6mi2zerinukr2gpnpr2rs/juliaup/julia-1.11.7+0.x64.linux.gnu/share/julia/stdlib/v1.11/Test/src/Test.jl:680 [inlined]
 [2] macro expansion
   @ ~/FastMultipole-023/test/cuda_radix_integration_test.jl:851 [inlined]
 [3] macro expansion
   @ /vapps/rhel9/x86_64/spack/root/opt/spack/linux-rhel9-haswell/gcc-13.2.0/julia-1.11.7-6bmogflhr2w6mi2zerinukr2gpnpr2rs/juliaup/julia-1.11.7+0.x64.linux.gnu/share/julia/stdlib/v1.11/Test/src/Test.jl:1709 [inlined]
 [4] top-level scope
   @ ~/FastMultipole-023/test/cuda_radix_integration_test.jl:13
CUDA radix fmm! integration (task 023): Test Failed at /home/rander39/FastMultipole-023/test/cuda_radix_integration_test.jl:858
  Expression: dev_alloc == 0
   Evaluated: 24448 == 0

Stacktrace:
 [1] macro expansion
   @ /vapps/rhel9/x86_64/spack/root/opt/spack/linux-rhel9-haswell/gcc-13.2.0/julia-1.11.7-6bmogflhr2w6mi2zerinukr2gpnpr2rs/juliaup/julia-1.11.7+0.x64.linux.gnu/share/julia/stdlib/v1.11/Test/src/Test.jl:680 [inlined]
 [2] macro expansion
   @ ~/FastMultipole-023/test/cuda_radix_integration_test.jl:858 [inlined]
 [3] macro expansion
   @ /vapps/rhel9/x86_64/spack/root/opt/spack/linux-rhel9-haswell/gcc-13.2.0/julia-1.11.7-6bmogflhr2w6mi2zerinukr2gpnpr2rs/juliaup/julia-1.11.7+0.x64.linux.gnu/share/julia/stdlib/v1.11/Test/src/Test.jl:1709 [inlined]
 [4] top-level scope
   @ ~/FastMultipole-023/test/cuda_radix_integration_test.jl:13
CUDA radix fmm! integration (task 023): Test Failed at /home/rander39/FastMultipole-023/test/cuda_radix_integration_test.jl:741
  Expression: isapprox(view(dops, :, :, k), Kref; rtol = geom_tol, atol = geom_tol)
   Evaluated: isapprox(Float32[1.7817415 -1.6968963 … 0.0 0.0; -1.6968963 -0.8080466 … -6.47028f16 3.787848f16; … ; 0.0 0.0 … NaN NaN; 0.0 0.0 … NaN NaN], Float32[1.7817415 -1.6968963 … 0.0 0.0; -1.6968963 -0.8080466 … -6.47028f16 3.787848f16; … ; 0.0 0.0 … NaN NaN; 0.0 0.0 … NaN NaN]; rtol = 5.0f-5, atol = 5.0f-5)

Stacktrace:
 [1] macro expansion
   @ /vapps/rhel9/x86_64/spack/root/opt/spack/linux-rhel9-haswell/gcc-13.2.0/julia-1.11.7-6bmogflhr2w6mi2zerinukr2gpnpr2rs/juliaup/julia-1.11.7+0.x64.linux.gnu/share/julia/stdlib/v1.11/Test/src/Test.jl:680 [inlined]
 [2] macro expansion
   @ ~/FastMultipole-023/test/cuda_radix_integration_test.jl:741 [inlined]
 [3] macro expansion
   @ /vapps/rhel9/x86_64/spack/root/opt/spack/linux-rhel9-haswell/gcc-13.2.0/julia-1.11.7-6bmogflhr2w6mi2zerinukr2gpnpr2rs/juliaup/julia-1.11.7+0.x64.linux.gnu/share/julia/stdlib/v1.11/Test/src/Test.jl:1709 [inlined]
 [4] top-level scope
   @ ~/FastMultipole-023/test/cuda_radix_integration_test.jl:13
CUDA radix fmm! integration (task 023): Test Failed at /home/rander39/FastMultipole-023/test/cuda_radix_integration_test.jl:742
  Expression: isapprox(view(dops, :, :, k), hplan.operators[k]; rtol = geom_tol, atol = geom_tol)
   Evaluated: isapprox(Float32[1.7817415 -1.6968963 … 0.0 0.0; -1.6968963 -0.8080466 … -6.47028f16 3.787848f16; … ; 0.0 0.0 … NaN NaN; 0.0 0.0 … NaN NaN], Float32[1.7817415 -1.6968963 … 0.0 0.0; -1.6968963 -0.8080466 … -6.47028f16 3.787848f16; … ; 0.0 0.0 … NaN NaN; 0.0 0.0 … NaN NaN]; rtol = 5.0f-5, atol = 5.0f-5)

Stacktrace:
 [1] macro expansion
   @ /vapps/rhel9/x86_64/spack/root/opt/spack/linux-rhel9-haswell/gcc-13.2.0/julia-1.11.7-6bmogflhr2w6mi2zerinukr2gpnpr2rs/juliaup/julia-1.11.7+0.x64.linux.gnu/share/julia/stdlib/v1.11/Test/src/Test.jl:680 [inlined]
 [2] macro expansion
   @ ~/FastMultipole-023/test/cuda_radix_integration_test.jl:742 [inlined]
 [3] macro expansion
   @ /vapps/rhel9/x86_64/spack/root/opt/spack/linux-rhel9-haswell/gcc-13.2.0/julia-1.11.7-6bmogflhr2w6mi2zerinukr2gpnpr2rs/juliaup/julia-1.11.7+0.x64.linux.gnu/share/julia/stdlib/v1.11/Test/src/Test.jl:1709 [inlined]
 [4] top-level scope
   @ ~/FastMultipole-023/test/cuda_radix_integration_test.jl:13
CUDA radix fmm! integration (task 023): Test Failed at /home/rander39/FastMultipole-023/test/cuda_radix_integration_test.jl:741
  Expression: isapprox(view(dops, :, :, k), Kref; rtol = geom_tol, atol = geom_tol)
   Evaluated: isapprox(Float32[1.8490006 -1.8964106 … 0.0 0.0; -1.8964106 -0.48625994 … 5.841486f10 -1.0279816f17; … ; 0.0 0.0 … NaN NaN; 0.0 0.0 … NaN NaN], Float32[1.8490006 -1.8964106 … 0.0 0.0; -1.8964106 -0.48625994 … 5.841486f10 -1.0279816f17; … ; 0.0 0.0 … NaN NaN; 0.0 0.0 … NaN NaN]; rtol = 5.0f-5, atol = 5.0f-5)

Stacktrace:
 [1] macro expansion
   @ /vapps/rhel9/x86_64/spack/root/opt/spack/linux-rhel9-haswell/gcc-13.2.0/julia-1.11.7-6bmogflhr2w6mi2zerinukr2gpnpr2rs/juliaup/julia-1.11.7+0.x64.linux.gnu/share/julia/stdlib/v1.11/Test/src/Test.jl:680 [inlined]
 [2] macro expansion
   @ ~/FastMultipole-023/test/cuda_radix_integration_test.jl:741 [inlined]
 [3] macro expansion
   @ /vapps/rhel9/x86_64/spack/root/opt/spack/linux-rhel9-haswell/gcc-13.2.0/julia-1.11.7-6bmogflhr2w6mi2zerinukr2gpnpr2rs/juliaup/julia-1.11.7+0.x64.linux.gnu/share/julia/stdlib/v1.11/Test/src/Test.jl:1709 [inlined]
 [4] top-level scope
   @ ~/FastMultipole-023/test/cuda_radix_integration_test.jl:13
CUDA radix fmm! integration (task 023): Test Failed at /home/rander39/FastMultipole-023/test/cuda_radix_integration_test.jl:742
  Expression: isapprox(view(dops, :, :, k), hplan.operators[k]; rtol = geom_tol, atol = geom_tol)
   Evaluated: isapprox(Float32[1.8490006 -1.8964106 … 0.0 0.0; -1.8964106 -0.48625994 … 5.841486f10 -1.0279816f17; … ; 0.0 0.0 … NaN NaN; 0.0 0.0 … NaN NaN], Float32[1.8490006 -1.8964106 … 0.0 0.0; -1.8964106 -0.48625994 … 5.841486f10 -1.0279816f17; … ; 0.0 0.0 … NaN NaN; 0.0 0.0 … NaN NaN]; rtol = 5.0f-5, atol = 5.0f-5)

Stacktrace:
 [1] macro expansion
   @ /vapps/rhel9/x86_64/spack/root/opt/spack/linux-rhel9-haswell/gcc-13.2.0/julia-1.11.7-6bmogflhr2w6mi2zerinukr2gpnpr2rs/juliaup/julia-1.11.7+0.x64.linux.gnu/share/julia/stdlib/v1.11/Test/src/Test.jl:680 [inlined]
 [2] macro expansion
   @ ~/FastMultipole-023/test/cuda_radix_integration_test.jl:742 [inlined]
 [3] macro expansion
   @ /vapps/rhel9/x86_64/spack/root/opt/spack/linux-rhel9-haswell/gcc-13.2.0/julia-1.11.7-6bmogflhr2w6mi2zerinukr2gpnpr2rs/juliaup/julia-1.11.7+0.x64.linux.gnu/share/julia/stdlib/v1.11/Test/src/Test.jl:1709 [inlined]
 [4] top-level scope
   @ ~/FastMultipole-023/test/cuda_radix_integration_test.jl:13
CUDA radix fmm! integration (task 023): Test Failed at /home/rander39/FastMultipole-023/test/cuda_radix_integration_test.jl:741
  Expression: isapprox(view(dops, :, :, k), Kref; rtol = geom_tol, atol = geom_tol)
   Evaluated: isapprox(Float32[1.7817415 -1.6968963 … 0.0 0.0; -1.6968963 -0.8080466 … 6.4702793f16 3.7878416f16; … ; 0.0 0.0 … NaN NaN; 0.0 0.0 … NaN NaN], Float32[1.7817415 -1.6968963 … 0.0 0.0; -1.6968963 -0.8080466 … 6.4702793f16 3.7878416f16; … ; 0.0 0.0 … NaN NaN; 0.0 0.0 … NaN NaN]; rtol = 5.0f-5, atol = 5.0f-5)

Stacktrace:
 [1] macro expansion
   @ /vapps/rhel9/x86_64/spack/root/opt/spack/linux-rhel9-haswell/gcc-13.2.0/julia-1.11.7-6bmogflhr2w6mi2zerinukr2gpnpr2rs/juliaup/julia-1.11.7+0.x64.linux.gnu/share/julia/stdlib/v1.11/Test/src/Test.jl:680 [inlined]
 [2] macro expansion
   @ ~/FastMultipole-023/test/cuda_radix_integration_test.jl:741 [inlined]
 [3] macro expansion
   @ /vapps/rhel9/x86_64/spack/root/opt/spack/linux-rhel9-haswell/gcc-13.2.0/julia-1.11.7-6bmogflhr2w6mi2zerinukr2gpnpr2rs/juliaup/julia-1.11.7+0.x64.linux.gnu/share/julia/stdlib/v1.11/Test/src/Test.jl:1709 [inlined]
 [4] top-level scope
   @ ~/FastMultipole-023/test/cuda_radix_integration_test.jl:13
CUDA radix fmm! integration (task 023): Test Failed at /home/rander39/FastMultipole-023/test/cuda_radix_integration_test.jl:742
  Expression: isapprox(view(dops, :, :, k), hplan.operators[k]; rtol = geom_tol, atol = geom_tol)
   Evaluated: isapprox(Float32[1.7817415 -1.6968963 … 0.0 0.0; -1.6968963 -0.8080466 … 6.4702793f16 3.7878416f16; … ; 0.0 0.0 … NaN NaN; 0.0 0.0 … NaN NaN], Float32[1.7817415 -1.6968963 … 0.0 0.0; -1.6968963 -0.8080466 … 6.4702793f16 3.7878416f16; … ; 0.0 0.0 … NaN NaN; 0.0 0.0 … NaN NaN]; rtol = 5.0f-5, atol = 5.0f-5)

Stacktrace:
 [1] macro expansion
   @ /vapps/rhel9/x86_64/spack/root/opt/spack/linux-rhel9-haswell/gcc-13.2.0/julia-1.11.7-6bmogflhr2w6mi2zerinukr2gpnpr2rs/juliaup/julia-1.11.7+0.x64.linux.gnu/share/julia/stdlib/v1.11/Test/src/Test.jl:680 [inlined]
 [2] macro expansion
   @ ~/FastMultipole-023/test/cuda_radix_integration_test.jl:742 [inlined]
 [3] macro expansion
   @ /vapps/rhel9/x86_64/spack/root/opt/spack/linux-rhel9-haswell/gcc-13.2.0/julia-1.11.7-6bmogflhr2w6mi2zerinukr2gpnpr2rs/juliaup/julia-1.11.7+0.x64.linux.gnu/share/julia/stdlib/v1.11/Test/src/Test.jl:1709 [inlined]
 [4] top-level scope
   @ ~/FastMultipole-023/test/cuda_radix_integration_test.jl:13
CUDA radix fmm! integration (task 023): Test Failed at /home/rander39/FastMultipole-023/test/cuda_radix_integration_test.jl:741
  Expression: isapprox(view(dops, :, :, k), Kref; rtol = geom_tol, atol = geom_tol)
   Evaluated: isapprox(Float32[1.924501 -2.138334 … 0.0 0.0; -2.138334 -1.4305115f-6 … -9.960195f16 9.960195f16; … ; 0.0 0.0 … NaN NaN; 0.0 0.0 … NaN NaN], Float32[1.924501 -2.138334 … 0.0 0.0; -2.138334 -1.4305115f-6 … -9.960195f16 9.960195f16; … ; 0.0 0.0 … NaN NaN; 0.0 0.0 … NaN NaN]; rtol = 5.0f-5, atol = 5.0f-5)

Stacktrace:
 [1] macro expansion
   @ /vapps/rhel9/x86_64/spack/root/opt/spack/linux-rhel9-haswell/gcc-13.2.0/julia-1.11.7-6bmogflhr2w6mi2zerinukr2gpnpr2rs/juliaup/julia-1.11.7+0.x64.linux.gnu/share/julia/stdlib/v1.11/Test/src/Test.jl:680 [inlined]
 [2] macro expansion
   @ ~/FastMultipole-023/test/cuda_radix_integration_test.jl:741 [inlined]
 [3] macro expansion
   @ /vapps/rhel9/x86_64/spack/root/opt/spack/linux-rhel9-haswell/gcc-13.2.0/julia-1.11.7-6bmogflhr2w6mi2zerinukr2gpnpr2rs/juliaup/julia-1.11.7+0.x64.linux.gnu/share/julia/stdlib/v1.11/Test/src/Test.jl:1709 [inlined]
 [4] top-level scope
   @ ~/FastMultipole-023/test/cuda_radix_integration_test.jl:13
CUDA radix fmm! integration (task 023): Test Failed at /home/rander39/FastMultipole-023/test/cuda_radix_integration_test.jl:742
  Expression: isapprox(view(dops, :, :, k), hplan.operators[k]; rtol = geom_tol, atol = geom_tol)
   Evaluated: isapprox(Float32[1.924501 -2.138334 … 0.0 0.0; -2.138334 -1.4305115f-6 … -9.960195f16 9.960195f16; … ; 0.0 0.0 … NaN NaN; 0.0 0.0 … NaN NaN], Float32[1.924501 -2.138334 … 0.0 0.0; -2.138334 -1.4305115f-6 … -9.960195f16 9.960195f16; … ; 0.0 0.0 … NaN NaN; 0.0 0.0 … NaN NaN]; rtol = 5.0f-5, atol = 5.0f-5)

Stacktrace:
 [1] macro expansion
   @ /vapps/rhel9/x86_64/spack/root/opt/spack/linux-rhel9-haswell/gcc-13.2.0/julia-1.11.7-6bmogflhr2w6mi2zerinukr2gpnpr2rs/juliaup/julia-1.11.7+0.x64.linux.gnu/share/julia/stdlib/v1.11/Test/src/Test.jl:680 [inlined]
 [2] macro expansion
   @ ~/FastMultipole-023/test/cuda_radix_integration_test.jl:742 [inlined]
 [3] macro expansion
   @ /vapps/rhel9/x86_64/spack/root/opt/spack/linux-rhel9-haswell/gcc-13.2.0/julia-1.11.7-6bmogflhr2w6mi2zerinukr2gpnpr2rs/juliaup/julia-1.11.7+0.x64.linux.gnu/share/julia/stdlib/v1.11/Test/src/Test.jl:1709 [inlined]
 [4] top-level scope
   @ ~/FastMultipole-023/test/cuda_radix_integration_test.jl:13
CUDA radix fmm! integration (task 023): Test Failed at /home/rander39/FastMultipole-023/test/cuda_radix_integration_test.jl:741
  Expression: isapprox(view(dops, :, :, k), Kref; rtol = geom_tol, atol = geom_tol)
   Evaluated: isapprox(Float32[1.924501 -2.138334 … 0.0 0.0; -2.138334 -1.4305115f-6 … 9.960195f16 9.960195f16; … ; 0.0 0.0 … NaN NaN; 0.0 0.0 … NaN NaN], Float32[1.924501 -2.138334 … 0.0 0.0; -2.138334 -1.4305115f-6 … 9.960195f16 9.960195f16; … ; 0.0 0.0 … NaN NaN; 0.0 0.0 … NaN NaN]; rtol = 5.0f-5, atol = 5.0f-5)

Stacktrace:
 [1] macro expansion
   @ /vapps/rhel9/x86_64/spack/root/opt/spack/linux-rhel9-haswell/gcc-13.2.0/julia-1.11.7-6bmogflhr2w6mi2zerinukr2gpnpr2rs/juliaup/julia-1.11.7+0.x64.linux.gnu/share/julia/stdlib/v1.11/Test/src/Test.jl:680 [inlined]
 [2] macro expansion
   @ ~/FastMultipole-023/test/cuda_radix_integration_test.jl:741 [inlined]
 [3] macro expansion
   @ /vapps/rhel9/x86_64/spack/root/opt/spack/linux-rhel9-haswell/gcc-13.2.0/julia-1.11.7-6bmogflhr2w6mi2zerinukr2gpnpr2rs/juliaup/julia-1.11.7+0.x64.linux.gnu/share/julia/stdlib/v1.11/Test/src/Test.jl:1709 [inlined]
 [4] top-level scope
   @ ~/FastMultipole-023/test/cuda_radix_integration_test.jl:13
CUDA radix fmm! integration (task 023): Test Failed at /home/rander39/FastMultipole-023/test/cuda_radix_integration_test.jl:742
  Expression: isapprox(view(dops, :, :, k), hplan.operators[k]; rtol = geom_tol, atol = geom_tol)
   Evaluated: isapprox(Float32[1.924501 -2.138334 … 0.0 0.0; -2.138334 -1.4305115f-6 … 9.960195f16 9.960195f16; … ; 0.0 0.0 … NaN NaN; 0.0 0.0 … NaN NaN], Float32[1.924501 -2.138334 … 0.0 0.0; -2.138334 -1.4305115f-6 … 9.960195f16 9.960195f16; … ; 0.0 0.0 … NaN NaN; 0.0 0.0 … NaN NaN]; rtol = 5.0f-5, atol = 5.0f-5)

Stacktrace:
 [1] macro expansion
   @ /vapps/rhel9/x86_64/spack/root/opt/spack/linux-rhel9-haswell/gcc-13.2.0/julia-1.11.7-6bmogflhr2w6mi2zerinukr2gpnpr2rs/juliaup/julia-1.11.7+0.x64.linux.gnu/share/julia/stdlib/v1.11/Test/src/Test.jl:680 [inlined]
 [2] macro expansion
   @ ~/FastMultipole-023/test/cuda_radix_integration_test.jl:742 [inlined]
 [3] macro expansion
   @ /vapps/rhel9/x86_64/spack/root/opt/spack/linux-rhel9-haswell/gcc-13.2.0/julia-1.11.7-6bmogflhr2w6mi2zerinukr2gpnpr2rs/juliaup/julia-1.11.7+0.x64.linux.gnu/share/julia/stdlib/v1.11/Test/src/Test.jl:1709 [inlined]
 [4] top-level scope
   @ ~/FastMultipole-023/test/cuda_radix_integration_test.jl:13
CUDA radix fmm! integration (task 023): Test Failed at /home/rander39/FastMultipole-023/test/cuda_radix_integration_test.jl:741
  Expression: isapprox(view(dops, :, :, k), Kref; rtol = geom_tol, atol = geom_tol)
   Evaluated: isapprox(Float32[1.7817415 -1.6968963 … 0.0 0.0; -1.6968963 -0.8080466 … -3.787848f16 6.47028f16; … ; 0.0 0.0 … NaN NaN; 0.0 0.0 … NaN NaN], Float32[1.7817415 -1.6968963 … 0.0 0.0; -1.6968963 -0.8080466 … -3.787848f16 6.47028f16; … ; 0.0 0.0 … NaN NaN; 0.0 0.0 … NaN NaN]; rtol = 5.0f-5, atol = 5.0f-5)

Stacktrace:
 [1] macro expansion
   @ /vapps/rhel9/x86_64/spack/root/opt/spack/linux-rhel9-haswell/gcc-13.2.0/julia-1.11.7-6bmogflhr2w6mi2zerinukr2gpnpr2rs/juliaup/julia-1.11.7+0.x64.linux.gnu/share/julia/stdlib/v1.11/Test/src/Test.jl:680 [inlined]
 [2] macro expansion
   @ ~/FastMultipole-023/test/cuda_radix_integration_test.jl:741 [inlined]
 [3] macro expansion
   @ /vapps/rhel9/x86_64/spack/root/opt/spack/linux-rhel9-haswell/gcc-13.2.0/julia-1.11.7-6bmogflhr2w6mi2zerinukr2gpnpr2rs/juliaup/julia-1.11.7+0.x64.linux.gnu/share/julia/stdlib/v1.11/Test/src/Test.jl:1709 [inlined]
 [4] top-level scope
   @ ~/FastMultipole-023/test/cuda_radix_integration_test.jl:13
CUDA radix fmm! integration (task 023): Test Failed at /home/rander39/FastMultipole-023/test/cuda_radix_integration_test.jl:742
  Expression: isapprox(view(dops, :, :, k), hplan.operators[k]; rtol = geom_tol, atol = geom_tol)
   Evaluated: isapprox(Float32[1.7817415 -1.6968963 … 0.0 0.0; -1.6968963 -0.8080466 … -3.787848f16 6.47028f16; … ; 0.0 0.0 … NaN NaN; 0.0 0.0 … NaN NaN], Float32[1.7817415 -1.6968963 … 0.0 0.0; -1.6968963 -0.8080466 … -3.787848f16 6.47028f16; … ; 0.0 0.0 … NaN NaN; 0.0 0.0 … NaN NaN]; rtol = 5.0f-5, atol = 5.0f-5)

Stacktrace:
 [1] macro expansion
   @ /vapps/rhel9/x86_64/spack/root/opt/spack/linux-rhel9-haswell/gcc-13.2.0/julia-1.11.7-6bmogflhr2w6mi2zerinukr2gpnpr2rs/juliaup/julia-1.11.7+0.x64.linux.gnu/share/julia/stdlib/v1.11/Test/src/Test.jl:680 [inlined]
 [2] macro expansion
   @ ~/FastMultipole-023/test/cuda_radix_integration_test.jl:742 [inlined]
 [3] macro expansion
   @ /vapps/rhel9/x86_64/spack/root/opt/spack/linux-rhel9-haswell/gcc-13.2.0/julia-1.11.7-6bmogflhr2w6mi2zerinukr2gpnpr2rs/juliaup/julia-1.11.7+0.x64.linux.gnu/share/julia/stdlib/v1.11/Test/src/Test.jl:1709 [inlined]
 [4] top-level scope
   @ ~/FastMultipole-023/test/cuda_radix_integration_test.jl:13
CUDA radix fmm! integration (task 023): Test Failed at /home/rander39/FastMultipole-023/test/cuda_radix_integration_test.jl:741
  Expression: isapprox(view(dops, :, :, k), Kref; rtol = geom_tol, atol = geom_tol)
   Evaluated: isapprox(Float32[1.7817415 -1.6968963 … 0.0 0.0; -1.6968963 -0.8080466 … 3.787848f16 6.47028f16; … ; 0.0 0.0 … NaN NaN; 0.0 0.0 … NaN NaN], Float32[1.7817415 -1.6968963 … 0.0 0.0; -1.6968963 -0.8080466 … 3.787848f16 6.47028f16; … ; 0.0 0.0 … NaN NaN; 0.0 0.0 … NaN NaN]; rtol = 5.0f-5, atol = 5.0f-5)

Stacktrace:
 [1] macro expansion
   @ /vapps/rhel9/x86_64/spack/root/opt/spack/linux-rhel9-haswell/gcc-13.2.0/julia-1.11.7-6bmogflhr2w6mi2zerinukr2gpnpr2rs/juliaup/julia-1.11.7+0.x64.linux.gnu/share/julia/stdlib/v1.11/Test/src/Test.jl:680 [inlined]
 [2] macro expansion
   @ ~/FastMultipole-023/test/cuda_radix_integration_test.jl:741 [inlined]
 [3] macro expansion
   @ /vapps/rhel9/x86_64/spack/root/opt/spack/linux-rhel9-haswell/gcc-13.2.0/julia-1.11.7-6bmogflhr2w6mi2zerinukr2gpnpr2rs/juliaup/julia-1.11.7+0.x64.linux.gnu/share/julia/stdlib/v1.11/Test/src/Test.jl:1709 [inlined]
 [4] top-level scope
   @ ~/FastMultipole-023/test/cuda_radix_integration_test.jl:13
CUDA radix fmm! integration (task 023): Test Failed at /home/rander39/FastMultipole-023/test/cuda_radix_integration_test.jl:742
  Expression: isapprox(view(dops, :, :, k), hplan.operators[k]; rtol = geom_tol, atol = geom_tol)
   Evaluated: isapprox(Float32[1.7817415 -1.6968963 … 0.0 0.0; -1.6968963 -0.8080466 … 3.787848f16 6.47028f16; … ; 0.0 0.0 … NaN NaN; 0.0 0.0 … NaN NaN], Float32[1.7817415 -1.6968963 … 0.0 0.0; -1.6968963 -0.8080466 … 3.787848f16 6.47028f16; … ; 0.0 0.0 … NaN NaN; 0.0 0.0 … NaN NaN]; rtol = 5.0f-5, atol = 5.0f-5)

Stacktrace:
 [1] macro expansion
   @ /vapps/rhel9/x86_64/spack/root/opt/spack/linux-rhel9-haswell/gcc-13.2.0/julia-1.11.7-6bmogflhr2w6mi2zerinukr2gpnpr2rs/juliaup/julia-1.11.7+0.x64.linux.gnu/share/julia/stdlib/v1.11/Test/src/Test.jl:680 [inlined]
 [2] macro expansion
   @ ~/FastMultipole-023/test/cuda_radix_integration_test.jl:742 [inlined]
 [3] macro expansion
   @ /vapps/rhel9/x86_64/spack/root/opt/spack/linux-rhel9-haswell/gcc-13.2.0/julia-1.11.7-6bmogflhr2w6mi2zerinukr2gpnpr2rs/juliaup/julia-1.11.7+0.x64.linux.gnu/share/julia/stdlib/v1.11/Test/src/Test.jl:1709 [inlined]
 [4] top-level scope
   @ ~/FastMultipole-023/test/cuda_radix_integration_test.jl:13
CUDA radix fmm! integration (task 023): Test Failed at /home/rander39/FastMultipole-023/test/cuda_radix_integration_test.jl:741
  Expression: isapprox(view(dops, :, :, k), Kref; rtol = geom_tol, atol = geom_tol)
   Evaluated: isapprox(Float32[1.8490006 -1.8964106 … 0.0 0.0; -1.8964106 -0.48625994 … 1.0279816f17 -1.1682972f11; … ; 0.0 0.0 … NaN NaN; 0.0 0.0 … NaN NaN], Float32[1.8490006 -1.8964106 … 0.0 0.0; -1.8964106 -0.48625994 … 1.0279816f17 -1.1682972f11; … ; 0.0 0.0 … NaN NaN; 0.0 0.0 … NaN NaN]; rtol = 5.0f-5, atol = 5.0f-5)

Stacktrace:
 [1] macro expansion
   @ /vapps/rhel9/x86_64/spack/root/opt/spack/linux-rhel9-haswell/gcc-13.2.0/julia-1.11.7-6bmogflhr2w6mi2zerinukr2gpnpr2rs/juliaup/julia-1.11.7+0.x64.linux.gnu/share/julia/stdlib/v1.11/Test/src/Test.jl:680 [inlined]
 [2] macro expansion
   @ ~/FastMultipole-023/test/cuda_radix_integration_test.jl:741 [inlined]
 [3] macro expansion
   @ /vapps/rhel9/x86_64/spack/root/opt/spack/linux-rhel9-haswell/gcc-13.2.0/julia-1.11.7-6bmogflhr2w6mi2zerinukr2gpnpr2rs/juliaup/julia-1.11.7+0.x64.linux.gnu/share/julia/stdlib/v1.11/Test/src/Test.jl:1709 [inlined]
 [4] top-level scope
   @ ~/FastMultipole-023/test/cuda_radix_integration_test.jl:13
CUDA radix fmm! integration (task 023): Test Failed at /home/rander39/FastMultipole-023/test/cuda_radix_integration_test.jl:742
  Expression: isapprox(view(dops, :, :, k), hplan.operators[k]; rtol = geom_tol, atol = geom_tol)
   Evaluated: isapprox(Float32[1.8490006 -1.8964106 … 0.0 0.0; -1.8964106 -0.48625994 … 1.0279816f17 -1.1682972f11; … ; 0.0 0.0 … NaN NaN; 0.0 0.0 … NaN NaN], Float32[1.8490006 -1.8964106 … 0.0 0.0; -1.8964106 -0.48625994 … 1.0279816f17 -1.1682972f11; … ; 0.0 0.0 … NaN NaN; 0.0 0.0 … NaN NaN]; rtol = 5.0f-5, atol = 5.0f-5)

Stacktrace:
 [1] macro expansion
   @ /vapps/rhel9/x86_64/spack/root/opt/spack/linux-rhel9-haswell/gcc-13.2.0/julia-1.11.7-6bmogflhr2w6mi2zerinukr2gpnpr2rs/juliaup/julia-1.11.7+0.x64.linux.gnu/share/julia/stdlib/v1.11/Test/src/Test.jl:680 [inlined]
 [2] macro expansion
   @ ~/FastMultipole-023/test/cuda_radix_integration_test.jl:742 [inlined]
 [3] macro expansion
   @ /vapps/rhel9/x86_64/spack/root/opt/spack/linux-rhel9-haswell/gcc-13.2.0/julia-1.11.7-6bmogflhr2w6mi2zerinukr2gpnpr2rs/juliaup/julia-1.11.7+0.x64.linux.gnu/share/julia/stdlib/v1.11/Test/src/Test.jl:1709 [inlined]
 [4] top-level scope
   @ ~/FastMultipole-023/test/cuda_radix_integration_test.jl:13
CUDA radix fmm! integration (task 023): Test Failed at /home/rander39/FastMultipole-023/test/cuda_radix_integration_test.jl:741
  Expression: isapprox(view(dops, :, :, k), Kref; rtol = geom_tol, atol = geom_tol)
   Evaluated: isapprox(Float32[1.8490006 -1.8964106 … 0.0 0.0; -1.8964106 -0.48625994 … -1.0279816f17 0.0; … ; 0.0 0.0 … NaN NaN; 0.0 0.0 … NaN NaN], Float32[1.8490006 -1.8964106 … 0.0 0.0; -1.8964106 -0.48625994 … -1.0279816f17 0.0; … ; 0.0 0.0 … NaN NaN; 0.0 0.0 … NaN NaN]; rtol = 5.0f-5, atol = 5.0f-5)

Stacktrace:
 [1] macro expansion
   @ /vapps/rhel9/x86_64/spack/root/opt/spack/linux-rhel9-haswell/gcc-13.2.0/julia-1.11.7-6bmogflhr2w6mi2zerinukr2gpnpr2rs/juliaup/julia-1.11.7+0.x64.linux.gnu/share/julia/stdlib/v1.11/Test/src/Test.jl:680 [inlined]
 [2] macro expansion
   @ ~/FastMultipole-023/test/cuda_radix_integration_test.jl:741 [inlined]
 [3] macro expansion
   @ /vapps/rhel9/x86_64/spack/root/opt/spack/linux-rhel9-haswell/gcc-13.2.0/julia-1.11.7-6bmogflhr2w6mi2zerinukr2gpnpr2rs/juliaup/julia-1.11.7+0.x64.linux.gnu/share/julia/stdlib/v1.11/Test/src/Test.jl:1709 [inlined]
 [4] top-level scope
   @ ~/FastMultipole-023/test/cuda_radix_integration_test.jl:13
CUDA radix fmm! integration (task 023): Test Failed at /home/rander39/FastMultipole-023/test/cuda_radix_integration_test.jl:742
  Expression: isapprox(view(dops, :, :, k), hplan.operators[k]; rtol = geom_tol, atol = geom_tol)
   Evaluated: isapprox(Float32[1.8490006 -1.8964106 … 0.0 0.0; -1.8964106 -0.48625994 … -1.0279816f17 0.0; … ; 0.0 0.0 … NaN NaN; 0.0 0.0 … NaN NaN], Float32[1.8490006 -1.8964106 … 0.0 0.0; -1.8964106 -0.48625994 … -1.0279816f17 0.0; … ; 0.0 0.0 … NaN NaN; 0.0 0.0 … NaN NaN]; rtol = 5.0f-5, atol = 5.0f-5)

Stacktrace:
 [1] macro expansion
   @ /vapps/rhel9/x86_64/spack/root/opt/spack/linux-rhel9-haswell/gcc-13.2.0/julia-1.11.7-6bmogflhr2w6mi2zerinukr2gpnpr2rs/juliaup/julia-1.11.7+0.x64.linux.gnu/share/julia/stdlib/v1.11/Test/src/Test.jl:680 [inlined]
 [2] macro expansion
   @ ~/FastMultipole-023/test/cuda_radix_integration_test.jl:742 [inlined]
 [3] macro expansion
   @ /vapps/rhel9/x86_64/spack/root/opt/spack/linux-rhel9-haswell/gcc-13.2.0/julia-1.11.7-6bmogflhr2w6mi2zerinukr2gpnpr2rs/juliaup/julia-1.11.7+0.x64.linux.gnu/share/julia/stdlib/v1.11/Test/src/Test.jl:1709 [inlined]
 [4] top-level scope
   @ ~/FastMultipole-023/test/cuda_radix_integration_test.jl:13
CUDA radix fmm! integration (task 023): Test Failed at /home/rander39/FastMultipole-023/test/cuda_radix_integration_test.jl:741
  Expression: isapprox(view(dops, :, :, k), Kref; rtol = geom_tol, atol = geom_tol)
   Evaluated: isapprox(Float32[1.7817415 -1.6968963 … 0.0 0.0; -1.6968963 -0.8080466 … -3.787848f16 -6.47028f16; … ; 0.0 0.0 … NaN NaN; 0.0 0.0 … NaN NaN], Float32[1.7817415 -1.6968963 … 0.0 0.0; -1.6968963 -0.8080466 … -3.787848f16 -6.47028f16; … ; 0.0 0.0 … NaN NaN; 0.0 0.0 … NaN NaN]; rtol = 5.0f-5, atol = 5.0f-5)

Stacktrace:
 [1] macro expansion
   @ /vapps/rhel9/x86_64/spack/root/opt/spack/linux-rhel9-haswell/gcc-13.2.0/julia-1.11.7-6bmogflhr2w6mi2zerinukr2gpnpr2rs/juliaup/julia-1.11.7+0.x64.linux.gnu/share/julia/stdlib/v1.11/Test/src/Test.jl:680 [inlined]
 [2] macro expansion
   @ ~/FastMultipole-023/test/cuda_radix_integration_test.jl:741 [inlined]
 [3] macro expansion
   @ /vapps/rhel9/x86_64/spack/root/opt/spack/linux-rhel9-haswell/gcc-13.2.0/julia-1.11.7-6bmogflhr2w6mi2zerinukr2gpnpr2rs/juliaup/julia-1.11.7+0.x64.linux.gnu/share/julia/stdlib/v1.11/Test/src/Test.jl:1709 [inlined]
 [4] top-level scope
   @ ~/FastMultipole-023/test/cuda_radix_integration_test.jl:13
CUDA radix fmm! integration (task 023): Test Failed at /home/rander39/FastMultipole-023/test/cuda_radix_integration_test.jl:742
  Expression: isapprox(view(dops, :, :, k), hplan.operators[k]; rtol = geom_tol, atol = geom_tol)
   Evaluated: isapprox(Float32[1.7817415 -1.6968963 … 0.0 0.0; -1.6968963 -0.8080466 … -3.787848f16 -6.47028f16; … ; 0.0 0.0 … NaN NaN; 0.0 0.0 … NaN NaN], Float32[1.7817415 -1.6968963 … 0.0 0.0; -1.6968963 -0.8080466 … -3.787848f16 -6.47028f16; … ; 0.0 0.0 … NaN NaN; 0.0 0.0 … NaN NaN]; rtol = 5.0f-5, atol = 5.0f-5)

Stacktrace:
 [1] macro expansion
   @ /vapps/rhel9/x86_64/spack/root/opt/spack/linux-rhel9-haswell/gcc-13.2.0/julia-1.11.7-6bmogflhr2w6mi2zerinukr2gpnpr2rs/juliaup/julia-1.11.7+0.x64.linux.gnu/share/julia/stdlib/v1.11/Test/src/Test.jl:680 [inlined]
 [2] macro expansion
   @ ~/FastMultipole-023/test/cuda_radix_integration_test.jl:742 [inlined]
 [3] macro expansion
   @ /vapps/rhel9/x86_64/spack/root/opt/spack/linux-rhel9-haswell/gcc-13.2.0/julia-1.11.7-6bmogflhr2w6mi2zerinukr2gpnpr2rs/juliaup/julia-1.11.7+0.x64.linux.gnu/share/julia/stdlib/v1.11/Test/src/Test.jl:1709 [inlined]
 [4] top-level scope
   @ ~/FastMultipole-023/test/cuda_radix_integration_test.jl:13
CUDA radix fmm! integration (task 023): Test Failed at /home/rander39/FastMultipole-023/test/cuda_radix_integration_test.jl:741
  Expression: isapprox(view(dops, :, :, k), Kref; rtol = geom_tol, atol = geom_tol)
   Evaluated: isapprox(Float32[1.7817415 -1.6968963 … 0.0 0.0; -1.6968963 -0.8080466 … 3.787848f16 -6.47028f16; … ; 0.0 0.0 … NaN NaN; 0.0 0.0 … NaN NaN], Float32[1.7817415 -1.6968963 … 0.0 0.0; -1.6968963 -0.8080466 … 3.787848f16 -6.47028f16; … ; 0.0 0.0 … NaN NaN; 0.0 0.0 … NaN NaN]; rtol = 5.0f-5, atol = 5.0f-5)

Stacktrace:
 [1] macro expansion
   @ /vapps/rhel9/x86_64/spack/root/opt/spack/linux-rhel9-haswell/gcc-13.2.0/julia-1.11.7-6bmogflhr2w6mi2zerinukr2gpnpr2rs/juliaup/julia-1.11.7+0.x64.linux.gnu/share/julia/stdlib/v1.11/Test/src/Test.jl:680 [inlined]
 [2] macro expansion
   @ ~/FastMultipole-023/test/cuda_radix_integration_test.jl:741 [inlined]
 [3] macro expansion
   @ /vapps/rhel9/x86_64/spack/root/opt/spack/linux-rhel9-haswell/gcc-13.2.0/julia-1.11.7-6bmogflhr2w6mi2zerinukr2gpnpr2rs/juliaup/julia-1.11.7+0.x64.linux.gnu/share/julia/stdlib/v1.11/Test/src/Test.jl:1709 [inlined]
 [4] top-level scope
   @ ~/FastMultipole-023/test/cuda_radix_integration_test.jl:13
CUDA radix fmm! integration (task 023): Test Failed at /home/rander39/FastMultipole-023/test/cuda_radix_integration_test.jl:742
  Expression: isapprox(view(dops, :, :, k), hplan.operators[k]; rtol = geom_tol, atol = geom_tol)
   Evaluated: isapprox(Float32[1.7817415 -1.6968963 … 0.0 0.0; -1.6968963 -0.8080466 … 3.787848f16 -6.47028f16; … ; 0.0 0.0 … NaN NaN; 0.0 0.0 … NaN NaN], Float32[1.7817415 -1.6968963 … 0.0 0.0; -1.6968963 -0.8080466 … 3.787848f16 -6.47028f16; … ; 0.0 0.0 … NaN NaN; 0.0 0.0 … NaN NaN]; rtol = 5.0f-5, atol = 5.0f-5)

Stacktrace:
 [1] macro expansion
   @ /vapps/rhel9/x86_64/spack/root/opt/spack/linux-rhel9-haswell/gcc-13.2.0/julia-1.11.7-6bmogflhr2w6mi2zerinukr2gpnpr2rs/juliaup/julia-1.11.7+0.x64.linux.gnu/share/julia/stdlib/v1.11/Test/src/Test.jl:680 [inlined]
 [2] macro expansion
   @ ~/FastMultipole-023/test/cuda_radix_integration_test.jl:742 [inlined]
 [3] macro expansion
   @ /vapps/rhel9/x86_64/spack/root/opt/spack/linux-rhel9-haswell/gcc-13.2.0/julia-1.11.7-6bmogflhr2w6mi2zerinukr2gpnpr2rs/juliaup/julia-1.11.7+0.x64.linux.gnu/share/julia/stdlib/v1.11/Test/src/Test.jl:1709 [inlined]
 [4] top-level scope
   @ ~/FastMultipole-023/test/cuda_radix_integration_test.jl:13
CUDA radix fmm! integration (task 023): Test Failed at /home/rander39/FastMultipole-023/test/cuda_radix_integration_test.jl:741
  Expression: isapprox(view(dops, :, :, k), Kref; rtol = geom_tol, atol = geom_tol)
   Evaluated: isapprox(Float32[1.924501 -2.138334 … 0.0 0.0; -2.138334 -1.4305115f-6 … -9.960195f16 -9.960195f16; … ; 0.0 0.0 … NaN NaN; 0.0 0.0 … NaN NaN], Float32[1.924501 -2.138334 … 0.0 0.0; -2.138334 -1.4305115f-6 … -9.960195f16 -9.960195f16; … ; 0.0 0.0 … NaN NaN; 0.0 0.0 … NaN NaN]; rtol = 5.0f-5, atol = 5.0f-5)

Stacktrace:
 [1] macro expansion
   @ /vapps/rhel9/x86_64/spack/root/opt/spack/linux-rhel9-haswell/gcc-13.2.0/julia-1.11.7-6bmogflhr2w6mi2zerinukr2gpnpr2rs/juliaup/julia-1.11.7+0.x64.linux.gnu/share/julia/stdlib/v1.11/Test/src/Test.jl:680 [inlined]
 [2] macro expansion
   @ ~/FastMultipole-023/test/cuda_radix_integration_test.jl:741 [inlined]
 [3] macro expansion
   @ /vapps/rhel9/x86_64/spack/root/opt/spack/linux-rhel9-haswell/gcc-13.2.0/julia-1.11.7-6bmogflhr2w6mi2zerinukr2gpnpr2rs/juliaup/julia-1.11.7+0.x64.linux.gnu/share/julia/stdlib/v1.11/Test/src/Test.jl:1709 [inlined]
 [4] top-level scope
   @ ~/FastMultipole-023/test/cuda_radix_integration_test.jl:13
CUDA radix fmm! integration (task 023): Test Failed at /home/rander39/FastMultipole-023/test/cuda_radix_integration_test.jl:742
  Expression: isapprox(view(dops, :, :, k), hplan.operators[k]; rtol = geom_tol, atol = geom_tol)
   Evaluated: isapprox(Float32[1.924501 -2.138334 … 0.0 0.0; -2.138334 -1.4305115f-6 … -9.960195f16 -9.960195f16; … ; 0.0 0.0 … NaN NaN; 0.0 0.0 … NaN NaN], Float32[1.924501 -2.138334 … 0.0 0.0; -2.138334 -1.4305115f-6 … -9.960195f16 -9.960195f16; … ; 0.0 0.0 … NaN NaN; 0.0 0.0 … NaN NaN]; rtol = 5.0f-5, atol = 5.0f-5)

Stacktrace:
 [1] macro expansion
   @ /vapps/rhel9/x86_64/spack/root/opt/spack/linux-rhel9-haswell/gcc-13.2.0/julia-1.11.7-6bmogflhr2w6mi2zerinukr2gpnpr2rs/juliaup/julia-1.11.7+0.x64.linux.gnu/share/julia/stdlib/v1.11/Test/src/Test.jl:680 [inlined]
 [2] macro expansion
   @ ~/FastMultipole-023/test/cuda_radix_integration_test.jl:742 [inlined]
 [3] macro expansion
   @ /vapps/rhel9/x86_64/spack/root/opt/spack/linux-rhel9-haswell/gcc-13.2.0/julia-1.11.7-6bmogflhr2w6mi2zerinukr2gpnpr2rs/juliaup/julia-1.11.7+0.x64.linux.gnu/share/julia/stdlib/v1.11/Test/src/Test.jl:1709 [inlined]
 [4] top-level scope
   @ ~/FastMultipole-023/test/cuda_radix_integration_test.jl:13
CUDA radix fmm! integration (task 023): Test Failed at /home/rander39/FastMultipole-023/test/cuda_radix_integration_test.jl:741
  Expression: isapprox(view(dops, :, :, k), Kref; rtol = geom_tol, atol = geom_tol)
   Evaluated: isapprox(Float32[1.924501 -2.138334 … 0.0 0.0; -2.138334 -1.4305115f-6 … 9.960195f16 -9.960195f16; … ; 0.0 0.0 … NaN NaN; 0.0 0.0 … NaN NaN], Float32[1.924501 -2.138334 … 0.0 0.0; -2.138334 -1.4305115f-6 … 9.960195f16 -9.960195f16; … ; 0.0 0.0 … NaN NaN; 0.0 0.0 … NaN NaN]; rtol = 5.0f-5, atol = 5.0f-5)

Stacktrace:
 [1] macro expansion
   @ /vapps/rhel9/x86_64/spack/root/opt/spack/linux-rhel9-haswell/gcc-13.2.0/julia-1.11.7-6bmogflhr2w6mi2zerinukr2gpnpr2rs/juliaup/julia-1.11.7+0.x64.linux.gnu/share/julia/stdlib/v1.11/Test/src/Test.jl:680 [inlined]
 [2] macro expansion
   @ ~/FastMultipole-023/test/cuda_radix_integration_test.jl:741 [inlined]
 [3] macro expansion
   @ /vapps/rhel9/x86_64/spack/root/opt/spack/linux-rhel9-haswell/gcc-13.2.0/julia-1.11.7-6bmogflhr2w6mi2zerinukr2gpnpr2rs/juliaup/julia-1.11.7+0.x64.linux.gnu/share/julia/stdlib/v1.11/Test/src/Test.jl:1709 [inlined]
 [4] top-level scope
   @ ~/FastMultipole-023/test/cuda_radix_integration_test.jl:13
CUDA radix fmm! integration (task 023): Test Failed at /home/rander39/FastMultipole-023/test/cuda_radix_integration_test.jl:742
  Expression: isapprox(view(dops, :, :, k), hplan.operators[k]; rtol = geom_tol, atol = geom_tol)
   Evaluated: isapprox(Float32[1.924501 -2.138334 … 0.0 0.0; -2.138334 -1.4305115f-6 … 9.960195f16 -9.960195f16; … ; 0.0 0.0 … NaN NaN; 0.0 0.0 … NaN NaN], Float32[1.924501 -2.138334 … 0.0 0.0; -2.138334 -1.4305115f-6 … 9.960195f16 -9.960195f16; … ; 0.0 0.0 … NaN NaN; 0.0 0.0 … NaN NaN]; rtol = 5.0f-5, atol = 5.0f-5)

Stacktrace:
 [1] macro expansion
   @ /vapps/rhel9/x86_64/spack/root/opt/spack/linux-rhel9-haswell/gcc-13.2.0/julia-1.11.7-6bmogflhr2w6mi2zerinukr2gpnpr2rs/juliaup/julia-1.11.7+0.x64.linux.gnu/share/julia/stdlib/v1.11/Test/src/Test.jl:680 [inlined]
 [2] macro expansion
   @ ~/FastMultipole-023/test/cuda_radix_integration_test.jl:742 [inlined]
 [3] macro expansion
   @ /vapps/rhel9/x86_64/spack/root/opt/spack/linux-rhel9-haswell/gcc-13.2.0/julia-1.11.7-6bmogflhr2w6mi2zerinukr2gpnpr2rs/juliaup/julia-1.11.7+0.x64.linux.gnu/share/julia/stdlib/v1.11/Test/src/Test.jl:1709 [inlined]
 [4] top-level scope
   @ ~/FastMultipole-023/test/cuda_radix_integration_test.jl:13
CUDA radix fmm! integration (task 023): Test Failed at /home/rander39/FastMultipole-023/test/cuda_radix_integration_test.jl:741
  Expression: isapprox(view(dops, :, :, k), Kref; rtol = geom_tol, atol = geom_tol)
   Evaluated: isapprox(Float32[1.7817415 -1.6968963 … 0.0 0.0; -1.6968963 -0.8080466 … -6.47028f16 -3.787848f16; … ; 0.0 0.0 … NaN NaN; 0.0 0.0 … NaN NaN], Float32[1.7817415 -1.6968963 … 0.0 0.0; -1.6968963 -0.8080466 … -6.47028f16 -3.787848f16; … ; 0.0 0.0 … NaN NaN; 0.0 0.0 … NaN NaN]; rtol = 5.0f-5, atol = 5.0f-5)

Stacktrace:
 [1] macro expansion
   @ /vapps/rhel9/x86_64/spack/root/opt/spack/linux-rhel9-haswell/gcc-13.2.0/julia-1.11.7-6bmogflhr2w6mi2zerinukr2gpnpr2rs/juliaup/julia-1.11.7+0.x64.linux.gnu/share/julia/stdlib/v1.11/Test/src/Test.jl:680 [inlined]
 [2] macro expansion
   @ ~/FastMultipole-023/test/cuda_radix_integration_test.jl:741 [inlined]
 [3] macro expansion
   @ /vapps/rhel9/x86_64/spack/root/opt/spack/linux-rhel9-haswell/gcc-13.2.0/julia-1.11.7-6bmogflhr2w6mi2zerinukr2gpnpr2rs/juliaup/julia-1.11.7+0.x64.linux.gnu/share/julia/stdlib/v1.11/Test/src/Test.jl:1709 [inlined]
 [4] top-level scope
   @ ~/FastMultipole-023/test/cuda_radix_integration_test.jl:13
CUDA radix fmm! integration (task 023): Test Failed at /home/rander39/FastMultipole-023/test/cuda_radix_integration_test.jl:742
  Expression: isapprox(view(dops, :, :, k), hplan.operators[k]; rtol = geom_tol, atol = geom_tol)
   Evaluated: isapprox(Float32[1.7817415 -1.6968963 … 0.0 0.0; -1.6968963 -0.8080466 … -6.47028f16 -3.787848f16; … ; 0.0 0.0 … NaN NaN; 0.0 0.0 … NaN NaN], Float32[1.7817415 -1.6968963 … 0.0 0.0; -1.6968963 -0.8080466 … -6.47028f16 -3.787848f16; … ; 0.0 0.0 … NaN NaN; 0.0 0.0 … NaN NaN]; rtol = 5.0f-5, atol = 5.0f-5)

Stacktrace:
 [1] macro expansion
   @ /vapps/rhel9/x86_64/spack/root/opt/spack/linux-rhel9-haswell/gcc-13.2.0/julia-1.11.7-6bmogflhr2w6mi2zerinukr2gpnpr2rs/juliaup/julia-1.11.7+0.x64.linux.gnu/share/julia/stdlib/v1.11/Test/src/Test.jl:680 [inlined]
 [2] macro expansion
   @ ~/FastMultipole-023/test/cuda_radix_integration_test.jl:742 [inlined]
 [3] macro expansion
   @ /vapps/rhel9/x86_64/spack/root/opt/spack/linux-rhel9-haswell/gcc-13.2.0/julia-1.11.7-6bmogflhr2w6mi2zerinukr2gpnpr2rs/juliaup/julia-1.11.7+0.x64.linux.gnu/share/julia/stdlib/v1.11/Test/src/Test.jl:1709 [inlined]
 [4] top-level scope
   @ ~/FastMultipole-023/test/cuda_radix_integration_test.jl:13
CUDA radix fmm! integration (task 023): Test Failed at /home/rander39/FastMultipole-023/test/cuda_radix_integration_test.jl:741
  Expression: isapprox(view(dops, :, :, k), Kref; rtol = geom_tol, atol = geom_tol)
   Evaluated: isapprox(Float32[1.8490006 -1.8964106 … 0.0 0.0; -1.8964106 -0.48625994 … 5.841486f10 1.0279816f17; … ; 0.0 0.0 … NaN NaN; 0.0 0.0 … NaN NaN], Float32[1.8490006 -1.8964106 … 0.0 0.0; -1.8964106 -0.48625994 … 5.841486f10 1.0279816f17; … ; 0.0 0.0 … NaN NaN; 0.0 0.0 … NaN NaN]; rtol = 5.0f-5, atol = 5.0f-5)

Stacktrace:
 [1] macro expansion
   @ /vapps/rhel9/x86_64/spack/root/opt/spack/linux-rhel9-haswell/gcc-13.2.0/julia-1.11.7-6bmogflhr2w6mi2zerinukr2gpnpr2rs/juliaup/julia-1.11.7+0.x64.linux.gnu/share/julia/stdlib/v1.11/Test/src/Test.jl:680 [inlined]
 [2] macro expansion
   @ ~/FastMultipole-023/test/cuda_radix_integration_test.jl:741 [inlined]
 [3] macro expansion
   @ /vapps/rhel9/x86_64/spack/root/opt/spack/linux-rhel9-haswell/gcc-13.2.0/julia-1.11.7-6bmogflhr2w6mi2zerinukr2gpnpr2rs/juliaup/julia-1.11.7+0.x64.linux.gnu/share/julia/stdlib/v1.11/Test/src/Test.jl:1709 [inlined]
 [4] top-level scope
   @ ~/FastMultipole-023/test/cuda_radix_integration_test.jl:13
CUDA radix fmm! integration (task 023): Test Failed at /home/rander39/FastMultipole-023/test/cuda_radix_integration_test.jl:742
  Expression: isapprox(view(dops, :, :, k), hplan.operators[k]; rtol = geom_tol, atol = geom_tol)
   Evaluated: isapprox(Float32[1.8490006 -1.8964106 … 0.0 0.0; -1.8964106 -0.48625994 … 5.841486f10 1.0279816f17; … ; 0.0 0.0 … NaN NaN; 0.0 0.0 … NaN NaN], Float32[1.8490006 -1.8964106 … 0.0 0.0; -1.8964106 -0.48625994 … 5.841486f10 1.0279816f17; … ; 0.0 0.0 … NaN NaN; 0.0 0.0 … NaN NaN]; rtol = 5.0f-5, atol = 5.0f-5)

Stacktrace:
 [1] macro expansion
   @ /vapps/rhel9/x86_64/spack/root/opt/spack/linux-rhel9-haswell/gcc-13.2.0/julia-1.11.7-6bmogflhr2w6mi2zerinukr2gpnpr2rs/juliaup/julia-1.11.7+0.x64.linux.gnu/share/julia/stdlib/v1.11/Test/src/Test.jl:680 [inlined]
 [2] macro expansion
   @ ~/FastMultipole-023/test/cuda_radix_integration_test.jl:742 [inlined]
 [3] macro expansion
   @ /vapps/rhel9/x86_64/spack/root/opt/spack/linux-rhel9-haswell/gcc-13.2.0/julia-1.11.7-6bmogflhr2w6mi2zerinukr2gpnpr2rs/juliaup/julia-1.11.7+0.x64.linux.gnu/share/julia/stdlib/v1.11/Test/src/Test.jl:1709 [inlined]
 [4] top-level scope
   @ ~/FastMultipole-023/test/cuda_radix_integration_test.jl:13
CUDA radix fmm! integration (task 023): Test Failed at /home/rander39/FastMultipole-023/test/cuda_radix_integration_test.jl:741
  Expression: isapprox(view(dops, :, :, k), Kref; rtol = geom_tol, atol = geom_tol)
   Evaluated: isapprox(Float32[1.7817415 -1.6968963 … 0.0 0.0; -1.6968963 -0.8080466 … 6.4702793f16 -3.7878416f16; … ; 0.0 0.0 … NaN NaN; 0.0 0.0 … NaN NaN], Float32[1.7817415 -1.6968963 … 0.0 0.0; -1.6968963 -0.8080466 … 6.4702793f16 -3.7878416f16; … ; 0.0 0.0 … NaN NaN; 0.0 0.0 … NaN NaN]; rtol = 5.0f-5, atol = 5.0f-5)

Stacktrace:
 [1] macro expansion
   @ /vapps/rhel9/x86_64/spack/root/opt/spack/linux-rhel9-haswell/gcc-13.2.0/julia-1.11.7-6bmogflhr2w6mi2zerinukr2gpnpr2rs/juliaup/julia-1.11.7+0.x64.linux.gnu/share/julia/stdlib/v1.11/Test/src/Test.jl:680 [inlined]
 [2] macro expansion
   @ ~/FastMultipole-023/test/cuda_radix_integration_test.jl:741 [inlined]
 [3] macro expansion
   @ /vapps/rhel9/x86_64/spack/root/opt/spack/linux-rhel9-haswell/gcc-13.2.0/julia-1.11.7-6bmogflhr2w6mi2zerinukr2gpnpr2rs/juliaup/julia-1.11.7+0.x64.linux.gnu/share/julia/stdlib/v1.11/Test/src/Test.jl:1709 [inlined]
 [4] top-level scope
   @ ~/FastMultipole-023/test/cuda_radix_integration_test.jl:13
CUDA radix fmm! integration (task 023): Test Failed at /home/rander39/FastMultipole-023/test/cuda_radix_integration_test.jl:742
  Expression: isapprox(view(dops, :, :, k), hplan.operators[k]; rtol = geom_tol, atol = geom_tol)
   Evaluated: isapprox(Float32[1.7817415 -1.6968963 … 0.0 0.0; -1.6968963 -0.8080466 … 6.4702793f16 -3.7878416f16; … ; 0.0 0.0 … NaN NaN; 0.0 0.0 … NaN NaN], Float32[1.7817415 -1.6968963 … 0.0 0.0; -1.6968963 -0.8080466 … 6.4702793f16 -3.7878416f16; … ; 0.0 0.0 … NaN NaN; 0.0 0.0 … NaN NaN]; rtol = 5.0f-5, atol = 5.0f-5)

Stacktrace:
 [1] macro expansion
   @ /vapps/rhel9/x86_64/spack/root/opt/spack/linux-rhel9-haswell/gcc-13.2.0/julia-1.11.7-6bmogflhr2w6mi2zerinukr2gpnpr2rs/juliaup/julia-1.11.7+0.x64.linux.gnu/share/julia/stdlib/v1.11/Test/src/Test.jl:680 [inlined]
 [2] macro expansion
   @ ~/FastMultipole-023/test/cuda_radix_integration_test.jl:742 [inlined]
 [3] macro expansion
   @ /vapps/rhel9/x86_64/spack/root/opt/spack/linux-rhel9-haswell/gcc-13.2.0/julia-1.11.7-6bmogflhr2w6mi2zerinukr2gpnpr2rs/juliaup/julia-1.11.7+0.x64.linux.gnu/share/julia/stdlib/v1.11/Test/src/Test.jl:1709 [inlined]
 [4] top-level scope
   @ ~/FastMultipole-023/test/cuda_radix_integration_test.jl:13
CUDA radix fmm! integration (task 023): Test Failed at /home/rander39/FastMultipole-023/test/cuda_radix_integration_test.jl:741
  Expression: isapprox(view(dops, :, :, k), Kref; rtol = geom_tol, atol = geom_tol)
   Evaluated: isapprox(Float32[1.7817415 -0.848448 … 0.0 0.0; -0.848448 -4.444253 … 4.0355705f17 -8.5993f16; … ; 0.0 0.0 … NaN NaN; 0.0 0.0 … NaN NaN], Float32[1.7817415 -0.848448 … 0.0 0.0; -0.848448 -4.444253 … 4.0355705f17 -8.5993f16; … ; 0.0 0.0 … NaN NaN; 0.0 0.0 … NaN NaN]; rtol = 5.0f-5, atol = 5.0f-5)

Stacktrace:
 [1] macro expansion
   @ /vapps/rhel9/x86_64/spack/root/opt/spack/linux-rhel9-haswell/gcc-13.2.0/julia-1.11.7-6bmogflhr2w6mi2zerinukr2gpnpr2rs/juliaup/julia-1.11.7+0.x64.linux.gnu/share/julia/stdlib/v1.11/Test/src/Test.jl:680 [inlined]
 [2] macro expansion
   @ ~/FastMultipole-023/test/cuda_radix_integration_test.jl:741 [inlined]
 [3] macro expansion
   @ /vapps/rhel9/x86_64/spack/root/opt/spack/linux-rhel9-haswell/gcc-13.2.0/julia-1.11.7-6bmogflhr2w6mi2zerinukr2gpnpr2rs/juliaup/julia-1.11.7+0.x64.linux.gnu/share/julia/stdlib/v1.11/Test/src/Test.jl:1709 [inlined]
 [4] top-level scope
   @ ~/FastMultipole-023/test/cuda_radix_integration_test.jl:13
CUDA radix fmm! integration (task 023): Test Failed at /home/rander39/FastMultipole-023/test/cuda_radix_integration_test.jl:742
  Expression: isapprox(view(dops, :, :, k), hplan.operators[k]; rtol = geom_tol, atol = geom_tol)
   Evaluated: isapprox(Float32[1.7817415 -0.848448 … 0.0 0.0; -0.848448 -4.444253 … 4.0355705f17 -8.5993f16; … ; 0.0 0.0 … NaN NaN; 0.0 0.0 … NaN NaN], Float32[1.7817415 -0.848448 … 0.0 0.0; -0.848448 -4.444253 … 4.0355705f17 -8.5993f16; … ; 0.0 0.0 … NaN NaN; 0.0 0.0 … NaN NaN]; rtol = 5.0f-5, atol = 5.0f-5)

Stacktrace:
 [1] macro expansion
   @ /vapps/rhel9/x86_64/spack/root/opt/spack/linux-rhel9-haswell/gcc-13.2.0/julia-1.11.7-6bmogflhr2w6mi2zerinukr2gpnpr2rs/juliaup/julia-1.11.7+0.x64.linux.gnu/share/julia/stdlib/v1.11/Test/src/Test.jl:680 [inlined]
 [2] macro expansion
   @ ~/FastMultipole-023/test/cuda_radix_integration_test.jl:742 [inlined]
 [3] macro expansion
   @ /vapps/rhel9/x86_64/spack/root/opt/spack/linux-rhel9-haswell/gcc-13.2.0/julia-1.11.7-6bmogflhr2w6mi2zerinukr2gpnpr2rs/juliaup/julia-1.11.7+0.x64.linux.gnu/share/julia/stdlib/v1.11/Test/src/Test.jl:1709 [inlined]
 [4] top-level scope
   @ ~/FastMultipole-023/test/cuda_radix_integration_test.jl:13
CUDA radix fmm! integration (task 023): Test Failed at /home/rander39/FastMultipole-023/test/cuda_radix_integration_test.jl:741
  Expression: isapprox(view(dops, :, :, k), Kref; rtol = geom_tol, atol = geom_tol)
   Evaluated: isapprox(Float32[2.0100756 -1.2182277 … 0.0 0.0; -1.2182277 -5.9065566 … -1.6782257f18 9.824713f17; … ; 0.0 0.0 … NaN NaN; 0.0 0.0 … NaN NaN], Float32[2.0100756 -1.2182277 … 0.0 0.0; -1.2182277 -5.9065566 … -1.6782257f18 9.824713f17; … ; 0.0 0.0 … NaN NaN; 0.0 0.0 … NaN NaN]; rtol = 5.0f-5, atol = 5.0f-5)

Stacktrace:
 [1] macro expansion
   @ /vapps/rhel9/x86_64/spack/root/opt/spack/linux-rhel9-haswell/gcc-13.2.0/julia-1.11.7-6bmogflhr2w6mi2zerinukr2gpnpr2rs/juliaup/julia-1.11.7+0.x64.linux.gnu/share/julia/stdlib/v1.11/Test/src/Test.jl:680 [inlined]
 [2] macro expansion
   @ ~/FastMultipole-023/test/cuda_radix_integration_test.jl:741 [inlined]
 [3] macro expansion
   @ /vapps/rhel9/x86_64/spack/root/opt/spack/linux-rhel9-haswell/gcc-13.2.0/julia-1.11.7-6bmogflhr2w6mi2zerinukr2gpnpr2rs/juliaup/julia-1.11.7+0.x64.linux.gnu/share/julia/stdlib/v1.11/Test/src/Test.jl:1709 [inlined]
 [4] top-level scope
   @ ~/FastMultipole-023/test/cuda_radix_integration_test.jl:13
CUDA radix fmm! integration (task 023): Test Failed at /home/rander39/FastMultipole-023/test/cuda_radix_integration_test.jl:742
  Expression: isapprox(view(dops, :, :, k), hplan.operators[k]; rtol = geom_tol, atol = geom_tol)
   Evaluated: isapprox(Float32[2.0100756 -1.2182277 … 0.0 0.0; -1.2182277 -5.9065566 … -1.6782257f18 9.824713f17; … ; 0.0 0.0 … NaN NaN; 0.0 0.0 … NaN NaN], Float32[2.0100756 -1.2182277 … 0.0 0.0; -1.2182277 -5.9065566 … -1.6782257f18 9.824713f17; … ; 0.0 0.0 … NaN NaN; 0.0 0.0 … NaN NaN]; rtol = 5.0f-5, atol = 5.0f-5)

Stacktrace:
 [1] macro expansion
   @ /vapps/rhel9/x86_64/spack/root/opt/spack/linux-rhel9-haswell/gcc-13.2.0/julia-1.11.7-6bmogflhr2w6mi2zerinukr2gpnpr2rs/juliaup/julia-1.11.7+0.x64.linux.gnu/share/julia/stdlib/v1.11/Test/src/Test.jl:680 [inlined]
 [2] macro expansion
   @ ~/FastMultipole-023/test/cuda_radix_integration_test.jl:742 [inlined]
 [3] macro expansion
   @ /vapps/rhel9/x86_64/spack/root/opt/spack/linux-rhel9-haswell/gcc-13.2.0/julia-1.11.7-6bmogflhr2w6mi2zerinukr2gpnpr2rs/juliaup/julia-1.11.7+0.x64.linux.gnu/share/julia/stdlib/v1.11/Test/src/Test.jl:1709 [inlined]
 [4] top-level scope
   @ ~/FastMultipole-023/test/cuda_radix_integration_test.jl:13
CUDA radix fmm! integration (task 023): Test Failed at /home/rander39/FastMultipole-023/test/cuda_radix_integration_test.jl:741
  Expression: isapprox(view(dops, :, :, k), Kref; rtol = geom_tol, atol = geom_tol)
   Evaluated: isapprox(Float32[2.108185 -1.4054565 … 0.0 0.0; -1.4054565 -6.5587983 … 2.0172451f12 -3.5499377f18; … ; 0.0 0.0 … NaN NaN; 0.0 0.0 … NaN NaN], Float32[2.108185 -1.4054565 … 0.0 0.0; -1.4054565 -6.5587983 … 2.0172451f12 -3.5499377f18; … ; 0.0 0.0 … NaN NaN; 0.0 0.0 … NaN NaN]; rtol = 5.0f-5, atol = 5.0f-5)

Stacktrace:
 [1] macro expansion
   @ /vapps/rhel9/x86_64/spack/root/opt/spack/linux-rhel9-haswell/gcc-13.2.0/julia-1.11.7-6bmogflhr2w6mi2zerinukr2gpnpr2rs/juliaup/julia-1.11.7+0.x64.linux.gnu/share/julia/stdlib/v1.11/Test/src/Test.jl:680 [inlined]
 [2] macro expansion
   @ ~/FastMultipole-023/test/cuda_radix_integration_test.jl:741 [inlined]
 [3] macro expansion
   @ /vapps/rhel9/x86_64/spack/root/opt/spack/linux-rhel9-haswell/gcc-13.2.0/julia-1.11.7-6bmogflhr2w6mi2zerinukr2gpnpr2rs/juliaup/julia-1.11.7+0.x64.linux.gnu/share/julia/stdlib/v1.11/Test/src/Test.jl:1709 [inlined]
 [4] top-level scope
   @ ~/FastMultipole-023/test/cuda_radix_integration_test.jl:13
CUDA radix fmm! integration (task 023): Test Failed at /home/rander39/FastMultipole-023/test/cuda_radix_integration_test.jl:742
  Expression: isapprox(view(dops, :, :, k), hplan.operators[k]; rtol = geom_tol, atol = geom_tol)
   Evaluated: isapprox(Float32[2.108185 -1.4054565 … 0.0 0.0; -1.4054565 -6.5587983 … 2.0172451f12 -3.5499377f18; … ; 0.0 0.0 … NaN NaN; 0.0 0.0 … NaN NaN], Float32[2.108185 -1.4054565 … 0.0 0.0; -1.4054565 -6.5587983 … 2.0172451f12 -3.5499377f18; … ; 0.0 0.0 … NaN NaN; 0.0 0.0 … NaN NaN]; rtol = 5.0f-5, atol = 5.0f-5)

Stacktrace:
 [1] macro expansion
   @ /vapps/rhel9/x86_64/spack/root/opt/spack/linux-rhel9-haswell/gcc-13.2.0/julia-1.11.7-6bmogflhr2w6mi2zerinukr2gpnpr2rs/juliaup/julia-1.11.7+0.x64.linux.gnu/share/julia/stdlib/v1.11/Test/src/Test.jl:680 [inlined]
 [2] macro expansion
   @ ~/FastMultipole-023/test/cuda_radix_integration_test.jl:742 [inlined]
 [3] macro expansion
   @ /vapps/rhel9/x86_64/spack/root/opt/spack/linux-rhel9-haswell/gcc-13.2.0/julia-1.11.7-6bmogflhr2w6mi2zerinukr2gpnpr2rs/juliaup/julia-1.11.7+0.x64.linux.gnu/share/julia/stdlib/v1.11/Test/src/Test.jl:1709 [inlined]
 [4] top-level scope
   @ ~/FastMultipole-023/test/cuda_radix_integration_test.jl:13
CUDA radix fmm! integration (task 023): Test Failed at /home/rander39/FastMultipole-023/test/cuda_radix_integration_test.jl:741
  Expression: isapprox(view(dops, :, :, k), Kref; rtol = geom_tol, atol = geom_tol)
   Evaluated: isapprox(Float32[2.0100756 -1.2182277 … 0.0 0.0; -1.2182277 -5.9065566 … 1.6782254f18 9.8246965f17; … ; 0.0 0.0 … NaN NaN; 0.0 0.0 … NaN NaN], Float32[2.0100756 -1.2182277 … 0.0 0.0; -1.2182277 -5.9065566 … 1.6782254f18 9.8246965f17; … ; 0.0 0.0 … NaN NaN; 0.0 0.0 … NaN NaN]; rtol = 5.0f-5, atol = 5.0f-5)

Stacktrace:
 [1] macro expansion
   @ /vapps/rhel9/x86_64/spack/root/opt/spack/linux-rhel9-haswell/gcc-13.2.0/julia-1.11.7-6bmogflhr2w6mi2zerinukr2gpnpr2rs/juliaup/julia-1.11.7+0.x64.linux.gnu/share/julia/stdlib/v1.11/Test/src/Test.jl:680 [inlined]
 [2] macro expansion
   @ ~/FastMultipole-023/test/cuda_radix_integration_test.jl:741 [inlined]
 [3] macro expansion
   @ /vapps/rhel9/x86_64/spack/root/opt/spack/linux-rhel9-haswell/gcc-13.2.0/julia-1.11.7-6bmogflhr2w6mi2zerinukr2gpnpr2rs/juliaup/julia-1.11.7+0.x64.linux.gnu/share/julia/stdlib/v1.11/Test/src/Test.jl:1709 [inlined]
 [4] top-level scope
   @ ~/FastMultipole-023/test/cuda_radix_integration_test.jl:13
CUDA radix fmm! integration (task 023): Test Failed at /home/rander39/FastMultipole-023/test/cuda_radix_integration_test.jl:742
  Expression: isapprox(view(dops, :, :, k), hplan.operators[k]; rtol = geom_tol, atol = geom_tol)
   Evaluated: isapprox(Float32[2.0100756 -1.2182277 … 0.0 0.0; -1.2182277 -5.9065566 … 1.6782254f18 9.8246965f17; … ; 0.0 0.0 … NaN NaN; 0.0 0.0 … NaN NaN], Float32[2.0100756 -1.2182277 … 0.0 0.0; -1.2182277 -5.9065566 … 1.6782254f18 9.8246965f17; … ; 0.0 0.0 … NaN NaN; 0.0 0.0 … NaN NaN]; rtol = 5.0f-5, atol = 5.0f-5)

Stacktrace:
 [1] macro expansion
   @ /vapps/rhel9/x86_64/spack/root/opt/spack/linux-rhel9-haswell/gcc-13.2.0/julia-1.11.7-6bmogflhr2w6mi2zerinukr2gpnpr2rs/juliaup/julia-1.11.7+0.x64.linux.gnu/share/julia/stdlib/v1.11/Test/src/Test.jl:680 [inlined]
 [2] macro expansion
   @ ~/FastMultipole-023/test/cuda_radix_integration_test.jl:742 [inlined]
 [3] macro expansion
   @ /vapps/rhel9/x86_64/spack/root/opt/spack/linux-rhel9-haswell/gcc-13.2.0/julia-1.11.7-6bmogflhr2w6mi2zerinukr2gpnpr2rs/juliaup/julia-1.11.7+0.x64.linux.gnu/share/julia/stdlib/v1.11/Test/src/Test.jl:1709 [inlined]
 [4] top-level scope
   @ ~/FastMultipole-023/test/cuda_radix_integration_test.jl:13
CUDA radix fmm! integration (task 023): Test Failed at /home/rander39/FastMultipole-023/test/cuda_radix_integration_test.jl:741
  Expression: isapprox(view(dops, :, :, k), Kref; rtol = geom_tol, atol = geom_tol)
   Evaluated: isapprox(Float32[1.7817415 -0.848448 … 0.0 0.0; -0.848448 -4.444253 … -4.035572f17 -8.599325f16; … ; 0.0 0.0 … NaN NaN; 0.0 0.0 … NaN NaN], Float32[1.7817415 -0.848448 … 0.0 0.0; -0.848448 -4.444253 … -4.035572f17 -8.599325f16; … ; 0.0 0.0 … NaN NaN; 0.0 0.0 … NaN NaN]; rtol = 5.0f-5, atol = 5.0f-5)

Stacktrace:
 [1] macro expansion
   @ /vapps/rhel9/x86_64/spack/root/opt/spack/linux-rhel9-haswell/gcc-13.2.0/julia-1.11.7-6bmogflhr2w6mi2zerinukr2gpnpr2rs/juliaup/julia-1.11.7+0.x64.linux.gnu/share/julia/stdlib/v1.11/Test/src/Test.jl:680 [inlined]
 [2] macro expansion
   @ ~/FastMultipole-023/test/cuda_radix_integration_test.jl:741 [inlined]
 [3] macro expansion
   @ /vapps/rhel9/x86_64/spack/root/opt/spack/linux-rhel9-haswell/gcc-13.2.0/julia-1.11.7-6bmogflhr2w6mi2zerinukr2gpnpr2rs/juliaup/julia-1.11.7+0.x64.linux.gnu/share/julia/stdlib/v1.11/Test/src/Test.jl:1709 [inlined]
 [4] top-level scope
   @ ~/FastMultipole-023/test/cuda_radix_integration_test.jl:13
CUDA radix fmm! integration (task 023): Test Failed at /home/rander39/FastMultipole-023/test/cuda_radix_integration_test.jl:742
  Expression: isapprox(view(dops, :, :, k), hplan.operators[k]; rtol = geom_tol, atol = geom_tol)
   Evaluated: isapprox(Float32[1.7817415 -0.848448 … 0.0 0.0; -0.848448 -4.444253 … -4.035572f17 -8.599325f16; … ; 0.0 0.0 … NaN NaN; 0.0 0.0 … NaN NaN], Float32[1.7817415 -0.848448 … 0.0 0.0; -0.848448 -4.444253 … -4.035572f17 -8.599325f16; … ; 0.0 0.0 … NaN NaN; 0.0 0.0 … NaN NaN]; rtol = 5.0f-5, atol = 5.0f-5)

Stacktrace:
 [1] macro expansion
   @ /vapps/rhel9/x86_64/spack/root/opt/spack/linux-rhel9-haswell/gcc-13.2.0/julia-1.11.7-6bmogflhr2w6mi2zerinukr2gpnpr2rs/juliaup/julia-1.11.7+0.x64.linux.gnu/share/julia/stdlib/v1.11/Test/src/Test.jl:680 [inlined]
 [2] macro expansion
   @ ~/FastMultipole-023/test/cuda_radix_integration_test.jl:742 [inlined]
 [3] macro expansion
   @ /vapps/rhel9/x86_64/spack/root/opt/spack/linux-rhel9-haswell/gcc-13.2.0/julia-1.11.7-6bmogflhr2w6mi2zerinukr2gpnpr2rs/juliaup/julia-1.11.7+0.x64.linux.gnu/share/julia/stdlib/v1.11/Test/src/Test.jl:1709 [inlined]
 [4] top-level scope
   @ ~/FastMultipole-023/test/cuda_radix_integration_test.jl:13
CUDA radix fmm! integration (task 023): Test Failed at /home/rander39/FastMultipole-023/test/cuda_radix_integration_test.jl:741
  Expression: isapprox(view(dops, :, :, k), Kref; rtol = geom_tol, atol = geom_tol)
   Evaluated: isapprox(Float32[1.7817415 -0.848448 … 0.0 0.0; -0.848448 -4.444253 … 8.599325f16 -4.035572f17; … ; 0.0 0.0 … NaN NaN; 0.0 0.0 … NaN NaN], Float32[1.7817415 -0.848448 … 0.0 0.0; -0.848448 -4.444253 … 8.599325f16 -4.035572f17; … ; 0.0 0.0 … NaN NaN; 0.0 0.0 … NaN NaN]; rtol = 5.0f-5, atol = 5.0f-5)

Stacktrace:
 [1] macro expansion
   @ /vapps/rhel9/x86_64/spack/root/opt/spack/linux-rhel9-haswell/gcc-13.2.0/julia-1.11.7-6bmogflhr2w6mi2zerinukr2gpnpr2rs/juliaup/julia-1.11.7+0.x64.linux.gnu/share/julia/stdlib/v1.11/Test/src/Test.jl:680 [inlined]
 [2] macro expansion
   @ ~/FastMultipole-023/test/cuda_radix_integration_test.jl:741 [inlined]
 [3] macro expansion
   @ /vapps/rhel9/x86_64/spack/root/opt/spack/linux-rhel9-haswell/gcc-13.2.0/julia-1.11.7-6bmogflhr2w6mi2zerinukr2gpnpr2rs/juliaup/julia-1.11.7+0.x64.linux.gnu/share/julia/stdlib/v1.11/Test/src/Test.jl:1709 [inlined]
 [4] top-level scope
   @ ~/FastMultipole-023/test/cuda_radix_integration_test.jl:13
CUDA radix fmm! integration (task 023): Test Failed at /home/rander39/FastMultipole-023/test/cuda_radix_integration_test.jl:742
  Expression: isapprox(view(dops, :, :, k), hplan.operators[k]; rtol = geom_tol, atol = geom_tol)
   Evaluated: isapprox(Float32[1.7817415 -0.848448 … 0.0 0.0; -0.848448 -4.444253 … 8.599325f16 -4.035572f17; … ; 0.0 0.0 … NaN NaN; 0.0 0.0 … NaN NaN], Float32[1.7817415 -0.848448 … 0.0 0.0; -0.848448 -4.444253 … 8.599325f16 -4.035572f17; … ; 0.0 0.0 … NaN NaN; 0.0 0.0 … NaN NaN]; rtol = 5.0f-5, atol = 5.0f-5)

Stacktrace:
 [1] macro expansion
   @ /vapps/rhel9/x86_64/spack/root/opt/spack/linux-rhel9-haswell/gcc-13.2.0/julia-1.11.7-6bmogflhr2w6mi2zerinukr2gpnpr2rs/juliaup/julia-1.11.7+0.x64.linux.gnu/share/julia/stdlib/v1.11/Test/src/Test.jl:680 [inlined]
 [2] macro expansion
   @ ~/FastMultipole-023/test/cuda_radix_integration_test.jl:742 [inlined]
 [3] macro expansion
   @ /vapps/rhel9/x86_64/spack/root/opt/spack/linux-rhel9-haswell/gcc-13.2.0/julia-1.11.7-6bmogflhr2w6mi2zerinukr2gpnpr2rs/juliaup/julia-1.11.7+0.x64.linux.gnu/share/julia/stdlib/v1.11/Test/src/Test.jl:1709 [inlined]
 [4] top-level scope
   @ ~/FastMultipole-023/test/cuda_radix_integration_test.jl:13
CUDA radix fmm! integration (task 023): Test Failed at /home/rander39/FastMultipole-023/test/cuda_radix_integration_test.jl:741
  Expression: isapprox(view(dops, :, :, k), Kref; rtol = geom_tol, atol = geom_tol)
   Evaluated: isapprox(Float32[1.7817415 -0.848448 … 0.0 0.0; -0.848448 -4.444253 … -8.5993f16 -4.0355705f17; … ; 0.0 0.0 … NaN NaN; 0.0 0.0 … NaN NaN], Float32[1.7817415 -0.848448 … 0.0 0.0; -0.848448 -4.444253 … -8.5993f16 -4.0355705f17; … ; 0.0 0.0 … NaN NaN; 0.0 0.0 … NaN NaN]; rtol = 5.0f-5, atol = 5.0f-5)

Stacktrace:
 [1] macro expansion
   @ /vapps/rhel9/x86_64/spack/root/opt/spack/linux-rhel9-haswell/gcc-13.2.0/julia-1.11.7-6bmogflhr2w6mi2zerinukr2gpnpr2rs/juliaup/julia-1.11.7+0.x64.linux.gnu/share/julia/stdlib/v1.11/Test/src/Test.jl:680 [inlined]
 [2] macro expansion
   @ ~/FastMultipole-023/test/cuda_radix_integration_test.jl:741 [inlined]
 [3] macro expansion
   @ /vapps/rhel9/x86_64/spack/root/opt/spack/linux-rhel9-haswell/gcc-13.2.0/julia-1.11.7-6bmogflhr2w6mi2zerinukr2gpnpr2rs/juliaup/julia-1.11.7+0.x64.linux.gnu/share/julia/stdlib/v1.11/Test/src/Test.jl:1709 [inlined]
 [4] top-level scope
   @ ~/FastMultipole-023/test/cuda_radix_integration_test.jl:13
CUDA radix fmm! integration (task 023): Test Failed at /home/rander39/FastMultipole-023/test/cuda_radix_integration_test.jl:742
  Expression: isapprox(view(dops, :, :, k), hplan.operators[k]; rtol = geom_tol, atol = geom_tol)
   Evaluated: isapprox(Float32[1.7817415 -0.848448 … 0.0 0.0; -0.848448 -4.444253 … -8.5993f16 -4.0355705f17; … ; 0.0 0.0 … NaN NaN; 0.0 0.0 … NaN NaN], Float32[1.7817415 -0.848448 … 0.0 0.0; -0.848448 -4.444253 … -8.5993f16 -4.0355705f17; … ; 0.0 0.0 … NaN NaN; 0.0 0.0 … NaN NaN]; rtol = 5.0f-5, atol = 5.0f-5)

Stacktrace:
 [1] macro expansion
   @ /vapps/rhel9/x86_64/spack/root/opt/spack/linux-rhel9-haswell/gcc-13.2.0/julia-1.11.7-6bmogflhr2w6mi2zerinukr2gpnpr2rs/juliaup/julia-1.11.7+0.x64.linux.gnu/share/julia/stdlib/v1.11/Test/src/Test.jl:680 [inlined]
 [2] macro expansion
   @ ~/FastMultipole-023/test/cuda_radix_integration_test.jl:742 [inlined]
 [3] macro expansion
   @ /vapps/rhel9/x86_64/spack/root/opt/spack/linux-rhel9-haswell/gcc-13.2.0/julia-1.11.7-6bmogflhr2w6mi2zerinukr2gpnpr2rs/juliaup/julia-1.11.7+0.x64.linux.gnu/share/julia/stdlib/v1.11/Test/src/Test.jl:1709 [inlined]
 [4] top-level scope
   @ ~/FastMultipole-023/test/cuda_radix_integration_test.jl:13
CUDA radix fmm! integration (task 023): Test Failed at /home/rander39/FastMultipole-023/test/cuda_radix_integration_test.jl:741
  Expression: isapprox(view(dops, :, :, k), Kref; rtol = geom_tol, atol = geom_tol)
   Evaluated: isapprox(Float32[2.0100756 -1.2182277 … 0.0 0.0; -1.2182277 -5.9065566 … -9.824713f17 1.6782257f18; … ; 0.0 0.0 … NaN NaN; 0.0 0.0 … NaN NaN], Float32[2.0100756 -1.2182277 … 0.0 0.0; -1.2182277 -5.9065566 … -9.824713f17 1.6782257f18; … ; 0.0 0.0 … NaN NaN; 0.0 0.0 … NaN NaN]; rtol = 5.0f-5, atol = 5.0f-5)

Stacktrace:
 [1] macro expansion
   @ /vapps/rhel9/x86_64/spack/root/opt/spack/linux-rhel9-haswell/gcc-13.2.0/julia-1.11.7-6bmogflhr2w6mi2zerinukr2gpnpr2rs/juliaup/julia-1.11.7+0.x64.linux.gnu/share/julia/stdlib/v1.11/Test/src/Test.jl:680 [inlined]
 [2] macro expansion
   @ ~/FastMultipole-023/test/cuda_radix_integration_test.jl:741 [inlined]
 [3] macro expansion
   @ /vapps/rhel9/x86_64/spack/root/opt/spack/linux-rhel9-haswell/gcc-13.2.0/julia-1.11.7-6bmogflhr2w6mi2zerinukr2gpnpr2rs/juliaup/julia-1.11.7+0.x64.linux.gnu/share/julia/stdlib/v1.11/Test/src/Test.jl:1709 [inlined]
 [4] top-level scope
   @ ~/FastMultipole-023/test/cuda_radix_integration_test.jl:13
CUDA radix fmm! integration (task 023): Test Failed at /home/rander39/FastMultipole-023/test/cuda_radix_integration_test.jl:742
  Expression: isapprox(view(dops, :, :, k), hplan.operators[k]; rtol = geom_tol, atol = geom_tol)
   Evaluated: isapprox(Float32[2.0100756 -1.2182277 … 0.0 0.0; -1.2182277 -5.9065566 … -9.824713f17 1.6782257f18; … ; 0.0 0.0 … NaN NaN; 0.0 0.0 … NaN NaN], Float32[2.0100756 -1.2182277 … 0.0 0.0; -1.2182277 -5.9065566 … -9.824713f17 1.6782257f18; … ; 0.0 0.0 … NaN NaN; 0.0 0.0 … NaN NaN]; rtol = 5.0f-5, atol = 5.0f-5)

Stacktrace:
 [1] macro expansion
   @ /vapps/rhel9/x86_64/spack/root/opt/spack/linux-rhel9-haswell/gcc-13.2.0/julia-1.11.7-6bmogflhr2w6mi2zerinukr2gpnpr2rs/juliaup/julia-1.11.7+0.x64.linux.gnu/share/julia/stdlib/v1.11/Test/src/Test.jl:680 [inlined]
 [2] macro expansion
   @ ~/FastMultipole-023/test/cuda_radix_integration_test.jl:742 [inlined]
 [3] macro expansion
   @ /vapps/rhel9/x86_64/spack/root/opt/spack/linux-rhel9-haswell/gcc-13.2.0/julia-1.11.7-6bmogflhr2w6mi2zerinukr2gpnpr2rs/juliaup/julia-1.11.7+0.x64.linux.gnu/share/julia/stdlib/v1.11/Test/src/Test.jl:1709 [inlined]
 [4] top-level scope
   @ ~/FastMultipole-023/test/cuda_radix_integration_test.jl:13
CUDA radix fmm! integration (task 023): Test Failed at /home/rander39/FastMultipole-023/test/cuda_radix_integration_test.jl:741
  Expression: isapprox(view(dops, :, :, k), Kref; rtol = geom_tol, atol = geom_tol)
   Evaluated: isapprox(Float32[2.0100756 -1.2182277 … 0.0 0.0; -1.2182277 -5.9065566 … 9.824713f17 1.6782257f18; … ; 0.0 0.0 … NaN NaN; 0.0 0.0 … NaN NaN], Float32[2.0100756 -1.2182277 … 0.0 0.0; -1.2182277 -5.9065566 … 9.824713f17 1.6782257f18; … ; 0.0 0.0 … NaN NaN; 0.0 0.0 … NaN NaN]; rtol = 5.0f-5, atol = 5.0f-5)

Stacktrace:
 [1] macro expansion
   @ /vapps/rhel9/x86_64/spack/root/opt/spack/linux-rhel9-haswell/gcc-13.2.0/julia-1.11.7-6bmogflhr2w6mi2zerinukr2gpnpr2rs/juliaup/julia-1.11.7+0.x64.linux.gnu/share/julia/stdlib/v1.11/Test/src/Test.jl:680 [inlined]
 [2] macro expansion
   @ ~/FastMultipole-023/test/cuda_radix_integration_test.jl:741 [inlined]
 [3] macro expansion
   @ /vapps/rhel9/x86_64/spack/root/opt/spack/linux-rhel9-haswell/gcc-13.2.0/julia-1.11.7-6bmogflhr2w6mi2zerinukr2gpnpr2rs/juliaup/julia-1.11.7+0.x64.linux.gnu/share/julia/stdlib/v1.11/Test/src/Test.jl:1709 [inlined]
 [4] top-level scope
   @ ~/FastMultipole-023/test/cuda_radix_integration_test.jl:13
CUDA radix fmm! integration (task 023): Test Failed at /home/rander39/FastMultipole-023/test/cuda_radix_integration_test.jl:742
  Expression: isapprox(view(dops, :, :, k), hplan.operators[k]; rtol = geom_tol, atol = geom_tol)
   Evaluated: isapprox(Float32[2.0100756 -1.2182277 … 0.0 0.0; -1.2182277 -5.9065566 … 9.824713f17 1.6782257f18; … ; 0.0 0.0 … NaN NaN; 0.0 0.0 … NaN NaN], Float32[2.0100756 -1.2182277 … 0.0 0.0; -1.2182277 -5.9065566 … 9.824713f17 1.6782257f18; … ; 0.0 0.0 … NaN NaN; 0.0 0.0 … NaN NaN]; rtol = 5.0f-5, atol = 5.0f-5)

Stacktrace:
 [1] macro expansion
   @ /vapps/rhel9/x86_64/spack/root/opt/spack/linux-rhel9-haswell/gcc-13.2.0/julia-1.11.7-6bmogflhr2w6mi2zerinukr2gpnpr2rs/juliaup/julia-1.11.7+0.x64.linux.gnu/share/julia/stdlib/v1.11/Test/src/Test.jl:680 [inlined]
 [2] macro expansion
   @ ~/FastMultipole-023/test/cuda_radix_integration_test.jl:742 [inlined]
 [3] macro expansion
   @ /vapps/rhel9/x86_64/spack/root/opt/spack/linux-rhel9-haswell/gcc-13.2.0/julia-1.11.7-6bmogflhr2w6mi2zerinukr2gpnpr2rs/juliaup/julia-1.11.7+0.x64.linux.gnu/share/julia/stdlib/v1.11/Test/src/Test.jl:1709 [inlined]
 [4] top-level scope
   @ ~/FastMultipole-023/test/cuda_radix_integration_test.jl:13
CUDA radix fmm! integration (task 023): Test Failed at /home/rander39/FastMultipole-023/test/cuda_radix_integration_test.jl:741
  Expression: isapprox(view(dops, :, :, k), Kref; rtol = geom_tol, atol = geom_tol)
   Evaluated: isapprox(Float32[2.108185 -1.4054565 … 0.0 0.0; -1.4054565 -6.5587983 … 3.5499377f18 -4.0344903f12; … ; 0.0 0.0 … NaN NaN; 0.0 0.0 … NaN NaN], Float32[2.108185 -1.4054565 … 0.0 0.0; -1.4054565 -6.5587983 … 3.5499377f18 -4.0344903f12; … ; 0.0 0.0 … NaN NaN; 0.0 0.0 … NaN NaN]; rtol = 5.0f-5, atol = 5.0f-5)

Stacktrace:
 [1] macro expansion
   @ /vapps/rhel9/x86_64/spack/root/opt/spack/linux-rhel9-haswell/gcc-13.2.0/julia-1.11.7-6bmogflhr2w6mi2zerinukr2gpnpr2rs/juliaup/julia-1.11.7+0.x64.linux.gnu/share/julia/stdlib/v1.11/Test/src/Test.jl:680 [inlined]
 [2] macro expansion
   @ ~/FastMultipole-023/test/cuda_radix_integration_test.jl:741 [inlined]
 [3] macro expansion
   @ /vapps/rhel9/x86_64/spack/root/opt/spack/linux-rhel9-haswell/gcc-13.2.0/julia-1.11.7-6bmogflhr2w6mi2zerinukr2gpnpr2rs/juliaup/julia-1.11.7+0.x64.linux.gnu/share/julia/stdlib/v1.11/Test/src/Test.jl:1709 [inlined]
 [4] top-level scope
   @ ~/FastMultipole-023/test/cuda_radix_integration_test.jl:13
CUDA radix fmm! integration (task 023): Test Failed at /home/rander39/FastMultipole-023/test/cuda_radix_integration_test.jl:742
  Expression: isapprox(view(dops, :, :, k), hplan.operators[k]; rtol = geom_tol, atol = geom_tol)
   Evaluated: isapprox(Float32[2.108185 -1.4054565 … 0.0 0.0; -1.4054565 -6.5587983 … 3.5499377f18 -4.0344903f12; … ; 0.0 0.0 … NaN NaN; 0.0 0.0 … NaN NaN], Float32[2.108185 -1.4054565 … 0.0 0.0; -1.4054565 -6.5587983 … 3.5499377f18 -4.0344903f12; … ; 0.0 0.0 … NaN NaN; 0.0 0.0 … NaN NaN]; rtol = 5.0f-5, atol = 5.0f-5)

Stacktrace:
 [1] macro expansion
   @ /vapps/rhel9/x86_64/spack/root/opt/spack/linux-rhel9-haswell/gcc-13.2.0/julia-1.11.7-6bmogflhr2w6mi2zerinukr2gpnpr2rs/juliaup/julia-1.11.7+0.x64.linux.gnu/share/julia/stdlib/v1.11/Test/src/Test.jl:680 [inlined]
 [2] macro expansion
   @ ~/FastMultipole-023/test/cuda_radix_integration_test.jl:742 [inlined]
 [3] macro expansion
   @ /vapps/rhel9/x86_64/spack/root/opt/spack/linux-rhel9-haswell/gcc-13.2.0/julia-1.11.7-6bmogflhr2w6mi2zerinukr2gpnpr2rs/juliaup/julia-1.11.7+0.x64.linux.gnu/share/julia/stdlib/v1.11/Test/src/Test.jl:1709 [inlined]
 [4] top-level scope
   @ ~/FastMultipole-023/test/cuda_radix_integration_test.jl:13
CUDA radix fmm! integration (task 023): Test Failed at /home/rander39/FastMultipole-023/test/cuda_radix_integration_test.jl:741
  Expression: isapprox(view(dops, :, :, k), Kref; rtol = geom_tol, atol = geom_tol)
   Evaluated: isapprox(Float32[2.108185 -1.4054565 … 0.0 0.0; -1.4054565 -6.5587983 … -3.5499377f18 0.0; … ; 0.0 0.0 … NaN NaN; 0.0 0.0 … NaN NaN], Float32[2.108185 -1.4054565 … 0.0 0.0; -1.4054565 -6.5587983 … -3.5499377f18 0.0; … ; 0.0 0.0 … NaN NaN; 0.0 0.0 … NaN NaN]; rtol = 5.0f-5, atol = 5.0f-5)

Stacktrace:
 [1] macro expansion
   @ /vapps/rhel9/x86_64/spack/root/opt/spack/linux-rhel9-haswell/gcc-13.2.0/julia-1.11.7-6bmogflhr2w6mi2zerinukr2gpnpr2rs/juliaup/julia-1.11.7+0.x64.linux.gnu/share/julia/stdlib/v1.11/Test/src/Test.jl:680 [inlined]
 [2] macro expansion
   @ ~/FastMultipole-023/test/cuda_radix_integration_test.jl:741 [inlined]
 [3] macro expansion
   @ /vapps/rhel9/x86_64/spack/root/opt/spack/linux-rhel9-haswell/gcc-13.2.0/julia-1.11.7-6bmogflhr2w6mi2zerinukr2gpnpr2rs/juliaup/julia-1.11.7+0.x64.linux.gnu/share/julia/stdlib/v1.11/Test/src/Test.jl:1709 [inlined]
 [4] top-level scope
   @ ~/FastMultipole-023/test/cuda_radix_integration_test.jl:13
CUDA radix fmm! integration (task 023): Test Failed at /home/rander39/FastMultipole-023/test/cuda_radix_integration_test.jl:742
  Expression: isapprox(view(dops, :, :, k), hplan.operators[k]; rtol = geom_tol, atol = geom_tol)
   Evaluated: isapprox(Float32[2.108185 -1.4054565 … 0.0 0.0; -1.4054565 -6.5587983 … -3.5499377f18 0.0; … ; 0.0 0.0 … NaN NaN; 0.0 0.0 … NaN NaN], Float32[2.108185 -1.4054565 … 0.0 0.0; -1.4054565 -6.5587983 … -3.5499377f18 0.0; … ; 0.0 0.0 … NaN NaN; 0.0 0.0 … NaN NaN]; rtol = 5.0f-5, atol = 5.0f-5)

Stacktrace:
 [1] macro expansion
   @ /vapps/rhel9/x86_64/spack/root/opt/spack/linux-rhel9-haswell/gcc-13.2.0/julia-1.11.7-6bmogflhr2w6mi2zerinukr2gpnpr2rs/juliaup/julia-1.11.7+0.x64.linux.gnu/share/julia/stdlib/v1.11/Test/src/Test.jl:680 [inlined]
 [2] macro expansion
   @ ~/FastMultipole-023/test/cuda_radix_integration_test.jl:742 [inlined]
 [3] macro expansion
   @ /vapps/rhel9/x86_64/spack/root/opt/spack/linux-rhel9-haswell/gcc-13.2.0/julia-1.11.7-6bmogflhr2w6mi2zerinukr2gpnpr2rs/juliaup/julia-1.11.7+0.x64.linux.gnu/share/julia/stdlib/v1.11/Test/src/Test.jl:1709 [inlined]
 [4] top-level scope
   @ ~/FastMultipole-023/test/cuda_radix_integration_test.jl:13
CUDA radix fmm! integration (task 023): Test Failed at /home/rander39/FastMultipole-023/test/cuda_radix_integration_test.jl:741
  Expression: isapprox(view(dops, :, :, k), Kref; rtol = geom_tol, atol = geom_tol)
   Evaluated: isapprox(Float32[1.6169041 -0.6340801 … 0.0 0.0; -0.6340801 -3.4812233 … -1.1570806f17 0.0; … ; 0.0 0.0 … Inf NaN; 0.0 0.0 … NaN -Inf], Float32[1.6169041 -0.6340801 … 0.0 0.0; -0.6340801 -3.4812233 … -1.1570806f17 0.0; … ; 0.0 0.0 … Inf NaN; 0.0 0.0 … NaN -Inf]; rtol = 5.0f-5, atol = 5.0f-5)

Stacktrace:
 [1] macro expansion
   @ /vapps/rhel9/x86_64/spack/root/opt/spack/linux-rhel9-haswell/gcc-13.2.0/julia-1.11.7-6bmogflhr2w6mi2zerinukr2gpnpr2rs/juliaup/julia-1.11.7+0.x64.linux.gnu/share/julia/stdlib/v1.11/Test/src/Test.jl:680 [inlined]
 [2] macro expansion
   @ ~/FastMultipole-023/test/cuda_radix_integration_test.jl:741 [inlined]
 [3] macro expansion
   @ /vapps/rhel9/x86_64/spack/root/opt/spack/linux-rhel9-haswell/gcc-13.2.0/julia-1.11.7-6bmogflhr2w6mi2zerinukr2gpnpr2rs/juliaup/julia-1.11.7+0.x64.linux.gnu/share/julia/stdlib/v1.11/Test/src/Test.jl:1709 [inlined]
 [4] top-level scope
   @ ~/FastMultipole-023/test/cuda_radix_integration_test.jl:13
CUDA radix fmm! integration (task 023): Test Failed at /home/rander39/FastMultipole-023/test/cuda_radix_integration_test.jl:742
  Expression: isapprox(view(dops, :, :, k), hplan.operators[k]; rtol = geom_tol, atol = geom_tol)
   Evaluated: isapprox(Float32[1.6169041 -0.6340801 … 0.0 0.0; -0.6340801 -3.4812233 … -1.1570806f17 0.0; … ; 0.0 0.0 … Inf NaN; 0.0 0.0 … NaN -Inf], Float32[1.6169041 -0.6340801 … 0.0 0.0; -0.6340801 -3.4812233 … -1.1570806f17 0.0; … ; 0.0 0.0 … Inf NaN; 0.0 0.0 … NaN -Inf]; rtol = 5.0f-5, atol = 5.0f-5)

Stacktrace:
 [1] macro expansion
   @ /vapps/rhel9/x86_64/spack/root/opt/spack/linux-rhel9-haswell/gcc-13.2.0/julia-1.11.7-6bmogflhr2w6mi2zerinukr2gpnpr2rs/juliaup/julia-1.11.7+0.x64.linux.gnu/share/julia/stdlib/v1.11/Test/src/Test.jl:680 [inlined]
 [2] macro expansion
   @ ~/FastMultipole-023/test/cuda_radix_integration_test.jl:742 [inlined]
 [3] macro expansion
   @ /vapps/rhel9/x86_64/spack/root/opt/spack/linux-rhel9-haswell/gcc-13.2.0/julia-1.11.7-6bmogflhr2w6mi2zerinukr2gpnpr2rs/juliaup/julia-1.11.7+0.x64.linux.gnu/share/julia/stdlib/v1.11/Test/src/Test.jl:1709 [inlined]
 [4] top-level scope
   @ ~/FastMultipole-023/test/cuda_radix_integration_test.jl:13
CUDA radix fmm! integration (task 023): Test Failed at /home/rander39/FastMultipole-023/test/cuda_radix_integration_test.jl:741
  Expression: isapprox(view(dops, :, :, k), Kref; rtol = geom_tol, atol = geom_tol)
   Evaluated: isapprox(Float32[2.0100756 -1.2182277 … 0.0 0.0; -1.2182277 -5.9065566 … -9.824713f17 -1.6782257f18; … ; 0.0 0.0 … NaN NaN; 0.0 0.0 … NaN NaN], Float32[2.0100756 -1.2182277 … 0.0 0.0; -1.2182277 -5.9065566 … -9.824713f17 -1.6782257f18; … ; 0.0 0.0 … NaN NaN; 0.0 0.0 … NaN NaN]; rtol = 5.0f-5, atol = 5.0f-5)

Stacktrace:
 [1] macro expansion
   @ /vapps/rhel9/x86_64/spack/root/opt/spack/linux-rhel9-haswell/gcc-13.2.0/julia-1.11.7-6bmogflhr2w6mi2zerinukr2gpnpr2rs/juliaup/julia-1.11.7+0.x64.linux.gnu/share/julia/stdlib/v1.11/Test/src/Test.jl:680 [inlined]
 [2] macro expansion
   @ ~/FastMultipole-023/test/cuda_radix_integration_test.jl:741 [inlined]
 [3] macro expansion
   @ /vapps/rhel9/x86_64/spack/root/opt/spack/linux-rhel9-haswell/gcc-13.2.0/julia-1.11.7-6bmogflhr2w6mi2zerinukr2gpnpr2rs/juliaup/julia-1.11.7+0.x64.linux.gnu/share/julia/stdlib/v1.11/Test/src/Test.jl:1709 [inlined]
 [4] top-level scope
   @ ~/FastMultipole-023/test/cuda_radix_integration_test.jl:13
CUDA radix fmm! integration (task 023): Test Failed at /home/rander39/FastMultipole-023/test/cuda_radix_integration_test.jl:742
  Expression: isapprox(view(dops, :, :, k), hplan.operators[k]; rtol = geom_tol, atol = geom_tol)
   Evaluated: isapprox(Float32[2.0100756 -1.2182277 … 0.0 0.0; -1.2182277 -5.9065566 … -9.824713f17 -1.6782257f18; … ; 0.0 0.0 … NaN NaN; 0.0 0.0 … NaN NaN], Float32[2.0100756 -1.2182277 … 0.0 0.0; -1.2182277 -5.9065566 … -9.824713f17 -1.6782257f18; … ; 0.0 0.0 … NaN NaN; 0.0 0.0 … NaN NaN]; rtol = 5.0f-5, atol = 5.0f-5)

Stacktrace:
 [1] macro expansion
   @ /vapps/rhel9/x86_64/spack/root/opt/spack/linux-rhel9-haswell/gcc-13.2.0/julia-1.11.7-6bmogflhr2w6mi2zerinukr2gpnpr2rs/juliaup/julia-1.11.7+0.x64.linux.gnu/share/julia/stdlib/v1.11/Test/src/Test.jl:680 [inlined]
 [2] macro expansion
   @ ~/FastMultipole-023/test/cuda_radix_integration_test.jl:742 [inlined]
 [3] macro expansion
   @ /vapps/rhel9/x86_64/spack/root/opt/spack/linux-rhel9-haswell/gcc-13.2.0/julia-1.11.7-6bmogflhr2w6mi2zerinukr2gpnpr2rs/juliaup/julia-1.11.7+0.x64.linux.gnu/share/julia/stdlib/v1.11/Test/src/Test.jl:1709 [inlined]
 [4] top-level scope
   @ ~/FastMultipole-023/test/cuda_radix_integration_test.jl:13
CUDA radix fmm! integration (task 023): Test Failed at /home/rander39/FastMultipole-023/test/cuda_radix_integration_test.jl:741
  Expression: isapprox(view(dops, :, :, k), Kref; rtol = geom_tol, atol = geom_tol)
   Evaluated: isapprox(Float32[2.0100756 -1.2182277 … 0.0 0.0; -1.2182277 -5.9065566 … 9.824713f17 -1.6782257f18; … ; 0.0 0.0 … NaN NaN; 0.0 0.0 … NaN NaN], Float32[2.0100756 -1.2182277 … 0.0 0.0; -1.2182277 -5.9065566 … 9.824713f17 -1.6782257f18; … ; 0.0 0.0 … NaN NaN; 0.0 0.0 … NaN NaN]; rtol = 5.0f-5, atol = 5.0f-5)

Stacktrace:
 [1] macro expansion
   @ /vapps/rhel9/x86_64/spack/root/opt/spack/linux-rhel9-haswell/gcc-13.2.0/julia-1.11.7-6bmogflhr2w6mi2zerinukr2gpnpr2rs/juliaup/julia-1.11.7+0.x64.linux.gnu/share/julia/stdlib/v1.11/Test/src/Test.jl:680 [inlined]
 [2] macro expansion
   @ ~/FastMultipole-023/test/cuda_radix_integration_test.jl:741 [inlined]
 [3] macro expansion
   @ /vapps/rhel9/x86_64/spack/root/opt/spack/linux-rhel9-haswell/gcc-13.2.0/julia-1.11.7-6bmogflhr2w6mi2zerinukr2gpnpr2rs/juliaup/julia-1.11.7+0.x64.linux.gnu/share/julia/stdlib/v1.11/Test/src/Test.jl:1709 [inlined]
 [4] top-level scope
   @ ~/FastMultipole-023/test/cuda_radix_integration_test.jl:13
CUDA radix fmm! integration (task 023): Test Failed at /home/rander39/FastMultipole-023/test/cuda_radix_integration_test.jl:742
  Expression: isapprox(view(dops, :, :, k), hplan.operators[k]; rtol = geom_tol, atol = geom_tol)
   Evaluated: isapprox(Float32[2.0100756 -1.2182277 … 0.0 0.0; -1.2182277 -5.9065566 … 9.824713f17 -1.6782257f18; … ; 0.0 0.0 … NaN NaN; 0.0 0.0 … NaN NaN], Float32[2.0100756 -1.2182277 … 0.0 0.0; -1.2182277 -5.9065566 … 9.824713f17 -1.6782257f18; … ; 0.0 0.0 … NaN NaN; 0.0 0.0 … NaN NaN]; rtol = 5.0f-5, atol = 5.0f-5)

Stacktrace:
 [1] macro expansion
   @ /vapps/rhel9/x86_64/spack/root/opt/spack/linux-rhel9-haswell/gcc-13.2.0/julia-1.11.7-6bmogflhr2w6mi2zerinukr2gpnpr2rs/juliaup/julia-1.11.7+0.x64.linux.gnu/share/julia/stdlib/v1.11/Test/src/Test.jl:680 [inlined]
 [2] macro expansion
   @ ~/FastMultipole-023/test/cuda_radix_integration_test.jl:742 [inlined]
 [3] macro expansion
   @ /vapps/rhel9/x86_64/spack/root/opt/spack/linux-rhel9-haswell/gcc-13.2.0/julia-1.11.7-6bmogflhr2w6mi2zerinukr2gpnpr2rs/juliaup/julia-1.11.7+0.x64.linux.gnu/share/julia/stdlib/v1.11/Test/src/Test.jl:1709 [inlined]
 [4] top-level scope
   @ ~/FastMultipole-023/test/cuda_radix_integration_test.jl:13
CUDA radix fmm! integration (task 023): Test Failed at /home/rander39/FastMultipole-023/test/cuda_radix_integration_test.jl:741
  Expression: isapprox(view(dops, :, :, k), Kref; rtol = geom_tol, atol = geom_tol)
   Evaluated: isapprox(Float32[1.7817415 -0.848448 … 0.0 0.0; -0.848448 -4.444253 … 8.599325f16 4.035572f17; … ; 0.0 0.0 … NaN NaN; 0.0 0.0 … NaN NaN], Float32[1.7817415 -0.848448 … 0.0 0.0; -0.848448 -4.444253 … 8.599325f16 4.035572f17; … ; 0.0 0.0 … NaN NaN; 0.0 0.0 … NaN NaN]; rtol = 5.0f-5, atol = 5.0f-5)

Stacktrace:
 [1] macro expansion
   @ /vapps/rhel9/x86_64/spack/root/opt/spack/linux-rhel9-haswell/gcc-13.2.0/julia-1.11.7-6bmogflhr2w6mi2zerinukr2gpnpr2rs/juliaup/julia-1.11.7+0.x64.linux.gnu/share/julia/stdlib/v1.11/Test/src/Test.jl:680 [inlined]
 [2] macro expansion
   @ ~/FastMultipole-023/test/cuda_radix_integration_test.jl:741 [inlined]
 [3] macro expansion
   @ /vapps/rhel9/x86_64/spack/root/opt/spack/linux-rhel9-haswell/gcc-13.2.0/julia-1.11.7-6bmogflhr2w6mi2zerinukr2gpnpr2rs/juliaup/julia-1.11.7+0.x64.linux.gnu/share/julia/stdlib/v1.11/Test/src/Test.jl:1709 [inlined]
 [4] top-level scope
   @ ~/FastMultipole-023/test/cuda_radix_integration_test.jl:13
CUDA radix fmm! integration (task 023): Test Failed at /home/rander39/FastMultipole-023/test/cuda_radix_integration_test.jl:742
  Expression: isapprox(view(dops, :, :, k), hplan.operators[k]; rtol = geom_tol, atol = geom_tol)
   Evaluated: isapprox(Float32[1.7817415 -0.848448 … 0.0 0.0; -0.848448 -4.444253 … 8.599325f16 4.035572f17; … ; 0.0 0.0 … NaN NaN; 0.0 0.0 … NaN NaN], Float32[1.7817415 -0.848448 … 0.0 0.0; -0.848448 -4.444253 … 8.599325f16 4.035572f17; … ; 0.0 0.0 … NaN NaN; 0.0 0.0 … NaN NaN]; rtol = 5.0f-5, atol = 5.0f-5)

Stacktrace:
 [1] macro expansion
   @ /vapps/rhel9/x86_64/spack/root/opt/spack/linux-rhel9-haswell/gcc-13.2.0/julia-1.11.7-6bmogflhr2w6mi2zerinukr2gpnpr2rs/juliaup/julia-1.11.7+0.x64.linux.gnu/share/julia/stdlib/v1.11/Test/src/Test.jl:680 [inlined]
 [2] macro expansion
   @ ~/FastMultipole-023/test/cuda_radix_integration_test.jl:742 [inlined]
 [3] macro expansion
   @ /vapps/rhel9/x86_64/spack/root/opt/spack/linux-rhel9-haswell/gcc-13.2.0/julia-1.11.7-6bmogflhr2w6mi2zerinukr2gpnpr2rs/juliaup/julia-1.11.7+0.x64.linux.gnu/share/julia/stdlib/v1.11/Test/src/Test.jl:1709 [inlined]
 [4] top-level scope
   @ ~/FastMultipole-023/test/cuda_radix_integration_test.jl:13
CUDA radix fmm! integration (task 023): Test Failed at /home/rander39/FastMultipole-023/test/cuda_radix_integration_test.jl:741
  Expression: isapprox(view(dops, :, :, k), Kref; rtol = geom_tol, atol = geom_tol)
   Evaluated: isapprox(Float32[1.7817415 -0.848448 … 0.0 0.0; -0.848448 -4.444253 … -8.5993f16 4.0355705f17; … ; 0.0 0.0 … NaN NaN; 0.0 0.0 … NaN NaN], Float32[1.7817415 -0.848448 … 0.0 0.0; -0.848448 -4.444253 … -8.5993f16 4.0355705f17; … ; 0.0 0.0 … NaN NaN; 0.0 0.0 … NaN NaN]; rtol = 5.0f-5, atol = 5.0f-5)

Stacktrace:
 [1] macro expansion
   @ /vapps/rhel9/x86_64/spack/root/opt/spack/linux-rhel9-haswell/gcc-13.2.0/julia-1.11.7-6bmogflhr2w6mi2zerinukr2gpnpr2rs/juliaup/julia-1.11.7+0.x64.linux.gnu/share/julia/stdlib/v1.11/Test/src/Test.jl:680 [inlined]
 [2] macro expansion
   @ ~/FastMultipole-023/test/cuda_radix_integration_test.jl:741 [inlined]
 [3] macro expansion
   @ /vapps/rhel9/x86_64/spack/root/opt/spack/linux-rhel9-haswell/gcc-13.2.0/julia-1.11.7-6bmogflhr2w6mi2zerinukr2gpnpr2rs/juliaup/julia-1.11.7+0.x64.linux.gnu/share/julia/stdlib/v1.11/Test/src/Test.jl:1709 [inlined]
 [4] top-level scope
   @ ~/FastMultipole-023/test/cuda_radix_integration_test.jl:13
CUDA radix fmm! integration (task 023): Test Failed at /home/rander39/FastMultipole-023/test/cuda_radix_integration_test.jl:742
  Expression: isapprox(view(dops, :, :, k), hplan.operators[k]; rtol = geom_tol, atol = geom_tol)
   Evaluated: isapprox(Float32[1.7817415 -0.848448 … 0.0 0.0; -0.848448 -4.444253 … -8.5993f16 4.0355705f17; … ; 0.0 0.0 … NaN NaN; 0.0 0.0 … NaN NaN], Float32[1.7817415 -0.848448 … 0.0 0.0; -0.848448 -4.444253 … -8.5993f16 4.0355705f17; … ; 0.0 0.0 … NaN NaN; 0.0 0.0 … NaN NaN]; rtol = 5.0f-5, atol = 5.0f-5)

Stacktrace:
 [1] macro expansion
   @ /vapps/rhel9/x86_64/spack/root/opt/spack/linux-rhel9-haswell/gcc-13.2.0/julia-1.11.7-6bmogflhr2w6mi2zerinukr2gpnpr2rs/juliaup/julia-1.11.7+0.x64.linux.gnu/share/julia/stdlib/v1.11/Test/src/Test.jl:680 [inlined]
 [2] macro expansion
   @ ~/FastMultipole-023/test/cuda_radix_integration_test.jl:742 [inlined]
 [3] macro expansion
   @ /vapps/rhel9/x86_64/spack/root/opt/spack/linux-rhel9-haswell/gcc-13.2.0/julia-1.11.7-6bmogflhr2w6mi2zerinukr2gpnpr2rs/juliaup/julia-1.11.7+0.x64.linux.gnu/share/julia/stdlib/v1.11/Test/src/Test.jl:1709 [inlined]
 [4] top-level scope
   @ ~/FastMultipole-023/test/cuda_radix_integration_test.jl:13
CUDA radix fmm! integration (task 023): Test Failed at /home/rander39/FastMultipole-023/test/cuda_radix_integration_test.jl:741
  Expression: isapprox(view(dops, :, :, k), Kref; rtol = geom_tol, atol = geom_tol)
   Evaluated: isapprox(Float32[1.7817415 -0.848448 … 0.0 0.0; -0.848448 -4.444253 … 4.0355705f17 8.5993f16; … ; 0.0 0.0 … NaN NaN; 0.0 0.0 … NaN NaN], Float32[1.7817415 -0.848448 … 0.0 0.0; -0.848448 -4.444253 … 4.0355705f17 8.5993f16; … ; 0.0 0.0 … NaN NaN; 0.0 0.0 … NaN NaN]; rtol = 5.0f-5, atol = 5.0f-5)

Stacktrace:
 [1] macro expansion
   @ /vapps/rhel9/x86_64/spack/root/opt/spack/linux-rhel9-haswell/gcc-13.2.0/julia-1.11.7-6bmogflhr2w6mi2zerinukr2gpnpr2rs/juliaup/julia-1.11.7+0.x64.linux.gnu/share/julia/stdlib/v1.11/Test/src/Test.jl:680 [inlined]
 [2] macro expansion
   @ ~/FastMultipole-023/test/cuda_radix_integration_test.jl:741 [inlined]
 [3] macro expansion
   @ /vapps/rhel9/x86_64/spack/root/opt/spack/linux-rhel9-haswell/gcc-13.2.0/julia-1.11.7-6bmogflhr2w6mi2zerinukr2gpnpr2rs/juliaup/julia-1.11.7+0.x64.linux.gnu/share/julia/stdlib/v1.11/Test/src/Test.jl:1709 [inlined]
 [4] top-level scope
   @ ~/FastMultipole-023/test/cuda_radix_integration_test.jl:13
CUDA radix fmm! integration (task 023): Test Failed at /home/rander39/FastMultipole-023/test/cuda_radix_integration_test.jl:742
  Expression: isapprox(view(dops, :, :, k), hplan.operators[k]; rtol = geom_tol, atol = geom_tol)
   Evaluated: isapprox(Float32[1.7817415 -0.848448 … 0.0 0.0; -0.848448 -4.444253 … 4.0355705f17 8.5993f16; … ; 0.0 0.0 … NaN NaN; 0.0 0.0 … NaN NaN], Float32[1.7817415 -0.848448 … 0.0 0.0; -0.848448 -4.444253 … 4.0355705f17 8.5993f16; … ; 0.0 0.0 … NaN NaN; 0.0 0.0 … NaN NaN]; rtol = 5.0f-5, atol = 5.0f-5)

Stacktrace:
 [1] macro expansion
   @ /vapps/rhel9/x86_64/spack/root/opt/spack/linux-rhel9-haswell/gcc-13.2.0/julia-1.11.7-6bmogflhr2w6mi2zerinukr2gpnpr2rs/juliaup/julia-1.11.7+0.x64.linux.gnu/share/julia/stdlib/v1.11/Test/src/Test.jl:680 [inlined]
 [2] macro expansion
   @ ~/FastMultipole-023/test/cuda_radix_integration_test.jl:742 [inlined]
 [3] macro expansion
   @ /vapps/rhel9/x86_64/spack/root/opt/spack/linux-rhel9-haswell/gcc-13.2.0/julia-1.11.7-6bmogflhr2w6mi2zerinukr2gpnpr2rs/juliaup/julia-1.11.7+0.x64.linux.gnu/share/julia/stdlib/v1.11/Test/src/Test.jl:1709 [inlined]
 [4] top-level scope
   @ ~/FastMultipole-023/test/cuda_radix_integration_test.jl:13
CUDA radix fmm! integration (task 023): Test Failed at /home/rander39/FastMultipole-023/test/cuda_radix_integration_test.jl:741
  Expression: isapprox(view(dops, :, :, k), Kref; rtol = geom_tol, atol = geom_tol)
   Evaluated: isapprox(Float32[2.0100756 -1.2182277 … 0.0 0.0; -1.2182277 -5.9065566 … -1.6782257f18 -9.824713f17; … ; 0.0 0.0 … NaN NaN; 0.0 0.0 … NaN NaN], Float32[2.0100756 -1.2182277 … 0.0 0.0; -1.2182277 -5.9065566 … -1.6782257f18 -9.824713f17; … ; 0.0 0.0 … NaN NaN; 0.0 0.0 … NaN NaN]; rtol = 5.0f-5, atol = 5.0f-5)

Stacktrace:
 [1] macro expansion
   @ /vapps/rhel9/x86_64/spack/root/opt/spack/linux-rhel9-haswell/gcc-13.2.0/julia-1.11.7-6bmogflhr2w6mi2zerinukr2gpnpr2rs/juliaup/julia-1.11.7+0.x64.linux.gnu/share/julia/stdlib/v1.11/Test/src/Test.jl:680 [inlined]
 [2] macro expansion
   @ ~/FastMultipole-023/test/cuda_radix_integration_test.jl:741 [inlined]
 [3] macro expansion
   @ /vapps/rhel9/x86_64/spack/root/opt/spack/linux-rhel9-haswell/gcc-13.2.0/julia-1.11.7-6bmogflhr2w6mi2zerinukr2gpnpr2rs/juliaup/julia-1.11.7+0.x64.linux.gnu/share/julia/stdlib/v1.11/Test/src/Test.jl:1709 [inlined]
 [4] top-level scope
   @ ~/FastMultipole-023/test/cuda_radix_integration_test.jl:13
CUDA radix fmm! integration (task 023): Test Failed at /home/rander39/FastMultipole-023/test/cuda_radix_integration_test.jl:742
  Expression: isapprox(view(dops, :, :, k), hplan.operators[k]; rtol = geom_tol, atol = geom_tol)
   Evaluated: isapprox(Float32[2.0100756 -1.2182277 … 0.0 0.0; -1.2182277 -5.9065566 … -1.6782257f18 -9.824713f17; … ; 0.0 0.0 … NaN NaN; 0.0 0.0 … NaN NaN], Float32[2.0100756 -1.2182277 … 0.0 0.0; -1.2182277 -5.9065566 … -1.6782257f18 -9.824713f17; … ; 0.0 0.0 … NaN NaN; 0.0 0.0 … NaN NaN]; rtol = 5.0f-5, atol = 5.0f-5)

Stacktrace:
 [1] macro expansion
   @ /vapps/rhel9/x86_64/spack/root/opt/spack/linux-rhel9-haswell/gcc-13.2.0/julia-1.11.7-6bmogflhr2w6mi2zerinukr2gpnpr2rs/juliaup/julia-1.11.7+0.x64.linux.gnu/share/julia/stdlib/v1.11/Test/src/Test.jl:680 [inlined]
 [2] macro expansion
   @ ~/FastMultipole-023/test/cuda_radix_integration_test.jl:742 [inlined]
 [3] macro expansion
   @ /vapps/rhel9/x86_64/spack/root/opt/spack/linux-rhel9-haswell/gcc-13.2.0/julia-1.11.7-6bmogflhr2w6mi2zerinukr2gpnpr2rs/juliaup/julia-1.11.7+0.x64.linux.gnu/share/julia/stdlib/v1.11/Test/src/Test.jl:1709 [inlined]
 [4] top-level scope
   @ ~/FastMultipole-023/test/cuda_radix_integration_test.jl:13
CUDA radix fmm! integration (task 023): Test Failed at /home/rander39/FastMultipole-023/test/cuda_radix_integration_test.jl:741
  Expression: isapprox(view(dops, :, :, k), Kref; rtol = geom_tol, atol = geom_tol)
   Evaluated: isapprox(Float32[2.108185 -1.4054565 … 0.0 0.0; -1.4054565 -6.5587983 … 2.0172451f12 3.5499377f18; … ; 0.0 0.0 … NaN NaN; 0.0 0.0 … NaN NaN], Float32[2.108185 -1.4054565 … 0.0 0.0; -1.4054565 -6.5587983 … 2.0172451f12 3.5499377f18; … ; 0.0 0.0 … NaN NaN; 0.0 0.0 … NaN NaN]; rtol = 5.0f-5, atol = 5.0f-5)

Stacktrace:
 [1] macro expansion
   @ /vapps/rhel9/x86_64/spack/root/opt/spack/linux-rhel9-haswell/gcc-13.2.0/julia-1.11.7-6bmogflhr2w6mi2zerinukr2gpnpr2rs/juliaup/julia-1.11.7+0.x64.linux.gnu/share/julia/stdlib/v1.11/Test/src/Test.jl:680 [inlined]
 [2] macro expansion
   @ ~/FastMultipole-023/test/cuda_radix_integration_test.jl:741 [inlined]
 [3] macro expansion
   @ /vapps/rhel9/x86_64/spack/root/opt/spack/linux-rhel9-haswell/gcc-13.2.0/julia-1.11.7-6bmogflhr2w6mi2zerinukr2gpnpr2rs/juliaup/julia-1.11.7+0.x64.linux.gnu/share/julia/stdlib/v1.11/Test/src/Test.jl:1709 [inlined]
 [4] top-level scope
   @ ~/FastMultipole-023/test/cuda_radix_integration_test.jl:13
CUDA radix fmm! integration (task 023): Test Failed at /home/rander39/FastMultipole-023/test/cuda_radix_integration_test.jl:742
  Expression: isapprox(view(dops, :, :, k), hplan.operators[k]; rtol = geom_tol, atol = geom_tol)
   Evaluated: isapprox(Float32[2.108185 -1.4054565 … 0.0 0.0; -1.4054565 -6.5587983 … 2.0172451f12 3.5499377f18; … ; 0.0 0.0 … NaN NaN; 0.0 0.0 … NaN NaN], Float32[2.108185 -1.4054565 … 0.0 0.0; -1.4054565 -6.5587983 … 2.0172451f12 3.5499377f18; … ; 0.0 0.0 … NaN NaN; 0.0 0.0 … NaN NaN]; rtol = 5.0f-5, atol = 5.0f-5)

Stacktrace:
 [1] macro expansion
   @ /vapps/rhel9/x86_64/spack/root/opt/spack/linux-rhel9-haswell/gcc-13.2.0/julia-1.11.7-6bmogflhr2w6mi2zerinukr2gpnpr2rs/juliaup/julia-1.11.7+0.x64.linux.gnu/share/julia/stdlib/v1.11/Test/src/Test.jl:680 [inlined]
 [2] macro expansion
   @ ~/FastMultipole-023/test/cuda_radix_integration_test.jl:742 [inlined]
 [3] macro expansion
   @ /vapps/rhel9/x86_64/spack/root/opt/spack/linux-rhel9-haswell/gcc-13.2.0/julia-1.11.7-6bmogflhr2w6mi2zerinukr2gpnpr2rs/juliaup/julia-1.11.7+0.x64.linux.gnu/share/julia/stdlib/v1.11/Test/src/Test.jl:1709 [inlined]
 [4] top-level scope
   @ ~/FastMultipole-023/test/cuda_radix_integration_test.jl:13
CUDA radix fmm! integration (task 023): Test Failed at /home/rander39/FastMultipole-023/test/cuda_radix_integration_test.jl:741
  Expression: isapprox(view(dops, :, :, k), Kref; rtol = geom_tol, atol = geom_tol)
   Evaluated: isapprox(Float32[2.0100756 -1.2182277 … 0.0 0.0; -1.2182277 -5.9065566 … 1.6782254f18 -9.8246965f17; … ; 0.0 0.0 … NaN NaN; 0.0 0.0 … NaN NaN], Float32[2.0100756 -1.2182277 … 0.0 0.0; -1.2182277 -5.9065566 … 1.6782254f18 -9.8246965f17; … ; 0.0 0.0 … NaN NaN; 0.0 0.0 … NaN NaN]; rtol = 5.0f-5, atol = 5.0f-5)

Stacktrace:
 [1] macro expansion
   @ /vapps/rhel9/x86_64/spack/root/opt/spack/linux-rhel9-haswell/gcc-13.2.0/julia-1.11.7-6bmogflhr2w6mi2zerinukr2gpnpr2rs/juliaup/julia-1.11.7+0.x64.linux.gnu/share/julia/stdlib/v1.11/Test/src/Test.jl:680 [inlined]
 [2] macro expansion
   @ ~/FastMultipole-023/test/cuda_radix_integration_test.jl:741 [inlined]
 [3] macro expansion
   @ /vapps/rhel9/x86_64/spack/root/opt/spack/linux-rhel9-haswell/gcc-13.2.0/julia-1.11.7-6bmogflhr2w6mi2zerinukr2gpnpr2rs/juliaup/julia-1.11.7+0.x64.linux.gnu/share/julia/stdlib/v1.11/Test/src/Test.jl:1709 [inlined]
 [4] top-level scope
   @ ~/FastMultipole-023/test/cuda_radix_integration_test.jl:13
CUDA radix fmm! integration (task 023): Test Failed at /home/rander39/FastMultipole-023/test/cuda_radix_integration_test.jl:742
  Expression: isapprox(view(dops, :, :, k), hplan.operators[k]; rtol = geom_tol, atol = geom_tol)
   Evaluated: isapprox(Float32[2.0100756 -1.2182277 … 0.0 0.0; -1.2182277 -5.9065566 … 1.6782254f18 -9.8246965f17; … ; 0.0 0.0 … NaN NaN; 0.0 0.0 … NaN NaN], Float32[2.0100756 -1.2182277 … 0.0 0.0; -1.2182277 -5.9065566 … 1.6782254f18 -9.8246965f17; … ; 0.0 0.0 … NaN NaN; 0.0 0.0 … NaN NaN]; rtol = 5.0f-5, atol = 5.0f-5)

Stacktrace:
 [1] macro expansion
   @ /vapps/rhel9/x86_64/spack/root/opt/spack/linux-rhel9-haswell/gcc-13.2.0/julia-1.11.7-6bmogflhr2w6mi2zerinukr2gpnpr2rs/juliaup/julia-1.11.7+0.x64.linux.gnu/share/julia/stdlib/v1.11/Test/src/Test.jl:680 [inlined]
 [2] macro expansion
   @ ~/FastMultipole-023/test/cuda_radix_integration_test.jl:742 [inlined]
 [3] macro expansion
   @ /vapps/rhel9/x86_64/spack/root/opt/spack/linux-rhel9-haswell/gcc-13.2.0/julia-1.11.7-6bmogflhr2w6mi2zerinukr2gpnpr2rs/juliaup/julia-1.11.7+0.x64.linux.gnu/share/julia/stdlib/v1.11/Test/src/Test.jl:1709 [inlined]
 [4] top-level scope
   @ ~/FastMultipole-023/test/cuda_radix_integration_test.jl:13
CUDA radix fmm! integration (task 023): Test Failed at /home/rander39/FastMultipole-023/test/cuda_radix_integration_test.jl:741
  Expression: isapprox(view(dops, :, :, k), Kref; rtol = geom_tol, atol = geom_tol)
   Evaluated: isapprox(Float32[1.7817415 -0.848448 … 0.0 0.0; -0.848448 -4.444253 … -4.035572f17 8.599325f16; … ; 0.0 0.0 … NaN NaN; 0.0 0.0 … NaN NaN], Float32[1.7817415 -0.848448 … 0.0 0.0; -0.848448 -4.444253 … -4.035572f17 8.599325f16; … ; 0.0 0.0 … NaN NaN; 0.0 0.0 … NaN NaN]; rtol = 5.0f-5, atol = 5.0f-5)

Stacktrace:
 [1] macro expansion
   @ /vapps/rhel9/x86_64/spack/root/opt/spack/linux-rhel9-haswell/gcc-13.2.0/julia-1.11.7-6bmogflhr2w6mi2zerinukr2gpnpr2rs/juliaup/julia-1.11.7+0.x64.linux.gnu/share/julia/stdlib/v1.11/Test/src/Test.jl:680 [inlined]
 [2] macro expansion
   @ ~/FastMultipole-023/test/cuda_radix_integration_test.jl:741 [inlined]
 [3] macro expansion
   @ /vapps/rhel9/x86_64/spack/root/opt/spack/linux-rhel9-haswell/gcc-13.2.0/julia-1.11.7-6bmogflhr2w6mi2zerinukr2gpnpr2rs/juliaup/julia-1.11.7+0.x64.linux.gnu/share/julia/stdlib/v1.11/Test/src/Test.jl:1709 [inlined]
 [4] top-level scope
   @ ~/FastMultipole-023/test/cuda_radix_integration_test.jl:13
CUDA radix fmm! integration (task 023): Test Failed at /home/rander39/FastMultipole-023/test/cuda_radix_integration_test.jl:742
  Expression: isapprox(view(dops, :, :, k), hplan.operators[k]; rtol = geom_tol, atol = geom_tol)
   Evaluated: isapprox(Float32[1.7817415 -0.848448 … 0.0 0.0; -0.848448 -4.444253 … -4.035572f17 8.599325f16; … ; 0.0 0.0 … NaN NaN; 0.0 0.0 … NaN NaN], Float32[1.7817415 -0.848448 … 0.0 0.0; -0.848448 -4.444253 … -4.035572f17 8.599325f16; … ; 0.0 0.0 … NaN NaN; 0.0 0.0 … NaN NaN]; rtol = 5.0f-5, atol = 5.0f-5)

Stacktrace:
 [1] macro expansion
   @ /vapps/rhel9/x86_64/spack/root/opt/spack/linux-rhel9-haswell/gcc-13.2.0/julia-1.11.7-6bmogflhr2w6mi2zerinukr2gpnpr2rs/juliaup/julia-1.11.7+0.x64.linux.gnu/share/julia/stdlib/v1.11/Test/src/Test.jl:680 [inlined]
 [2] macro expansion
   @ ~/FastMultipole-023/test/cuda_radix_integration_test.jl:742 [inlined]
 [3] macro expansion
   @ /vapps/rhel9/x86_64/spack/root/opt/spack/linux-rhel9-haswell/gcc-13.2.0/julia-1.11.7-6bmogflhr2w6mi2zerinukr2gpnpr2rs/juliaup/julia-1.11.7+0.x64.linux.gnu/share/julia/stdlib/v1.11/Test/src/Test.jl:1709 [inlined]
 [4] top-level scope
   @ ~/FastMultipole-023/test/cuda_radix_integration_test.jl:13
CUDA radix fmm! integration (task 023): Test Failed at /home/rander39/FastMultipole-023/test/cuda_radix_integration_test.jl:741
  Expression: isapprox(view(dops, :, :, k), Kref; rtol = geom_tol, atol = geom_tol)
   Evaluated: isapprox(Float32[1.5713484 -1.0792935f-7 … 0.0 0.0; -1.0792935f-7 -3.8798726 … -8.132462f16 8.132462f16; … ; 0.0 0.0 … NaN -Inf; 0.0 0.0 … -Inf NaN], Float32[1.5713484 -1.0792935f-7 … 0.0 0.0; -1.0792935f-7 -3.8798726 … -8.132462f16 8.132462f16; … ; 0.0 0.0 … NaN -Inf; 0.0 0.0 … -Inf NaN]; rtol = 5.0f-5, atol = 5.0f-5)

Stacktrace:
 [1] macro expansion
   @ /vapps/rhel9/x86_64/spack/root/opt/spack/linux-rhel9-haswell/gcc-13.2.0/julia-1.11.7-6bmogflhr2w6mi2zerinukr2gpnpr2rs/juliaup/julia-1.11.7+0.x64.linux.gnu/share/julia/stdlib/v1.11/Test/src/Test.jl:680 [inlined]
 [2] macro expansion
   @ ~/FastMultipole-023/test/cuda_radix_integration_test.jl:741 [inlined]
 [3] macro expansion
   @ /vapps/rhel9/x86_64/spack/root/opt/spack/linux-rhel9-haswell/gcc-13.2.0/julia-1.11.7-6bmogflhr2w6mi2zerinukr2gpnpr2rs/juliaup/julia-1.11.7+0.x64.linux.gnu/share/julia/stdlib/v1.11/Test/src/Test.jl:1709 [inlined]
 [4] top-level scope
   @ ~/FastMultipole-023/test/cuda_radix_integration_test.jl:13
CUDA radix fmm! integration (task 023): Test Failed at /home/rander39/FastMultipole-023/test/cuda_radix_integration_test.jl:742
  Expression: isapprox(view(dops, :, :, k), hplan.operators[k]; rtol = geom_tol, atol = geom_tol)
   Evaluated: isapprox(Float32[1.5713484 -1.0792935f-7 … 0.0 0.0; -1.0792935f-7 -3.8798726 … -8.132462f16 8.132462f16; … ; 0.0 0.0 … NaN -Inf; 0.0 0.0 … -Inf NaN], Float32[1.5713484 -1.0792935f-7 … 0.0 0.0; -1.0792935f-7 -3.8798726 … -8.132462f16 8.132462f16; … ; 0.0 0.0 … NaN -Inf; 0.0 0.0 … -Inf NaN]; rtol = 5.0f-5, atol = 5.0f-5)

Stacktrace:
 [1] macro expansion
   @ /vapps/rhel9/x86_64/spack/root/opt/spack/linux-rhel9-haswell/gcc-13.2.0/julia-1.11.7-6bmogflhr2w6mi2zerinukr2gpnpr2rs/juliaup/julia-1.11.7+0.x64.linux.gnu/share/julia/stdlib/v1.11/Test/src/Test.jl:680 [inlined]
 [2] macro expansion
   @ ~/FastMultipole-023/test/cuda_radix_integration_test.jl:742 [inlined]
 [3] macro expansion
   @ /vapps/rhel9/x86_64/spack/root/opt/spack/linux-rhel9-haswell/gcc-13.2.0/julia-1.11.7-6bmogflhr2w6mi2zerinukr2gpnpr2rs/juliaup/julia-1.11.7+0.x64.linux.gnu/share/julia/stdlib/v1.11/Test/src/Test.jl:1709 [inlined]
 [4] top-level scope
   @ ~/FastMultipole-023/test/cuda_radix_integration_test.jl:13
CUDA radix fmm! integration (task 023): Test Failed at /home/rander39/FastMultipole-023/test/cuda_radix_integration_test.jl:741
  Expression: isapprox(view(dops, :, :, k), Kref; rtol = geom_tol, atol = geom_tol)
   Evaluated: isapprox(Float32[1.8490006 -1.4944062f-7 … 0.0 0.0; -1.4944062f-7 -6.321368 … 1.0974838f18 -2.3386018f17; … ; 0.0 0.0 … NaN -Inf; 0.0 0.0 … -Inf NaN], Float32[1.8490006 -1.4944062f-7 … 0.0 0.0; -1.4944062f-7 -6.321368 … 1.0974838f18 -2.3386018f17; … ; 0.0 0.0 … NaN -Inf; 0.0 0.0 … -Inf NaN]; rtol = 5.0f-5, atol = 5.0f-5)

Stacktrace:
 [1] macro expansion
   @ /vapps/rhel9/x86_64/spack/root/opt/spack/linux-rhel9-haswell/gcc-13.2.0/julia-1.11.7-6bmogflhr2w6mi2zerinukr2gpnpr2rs/juliaup/julia-1.11.7+0.x64.linux.gnu/share/julia/stdlib/v1.11/Test/src/Test.jl:680 [inlined]
 [2] macro expansion
   @ ~/FastMultipole-023/test/cuda_radix_integration_test.jl:741 [inlined]
 [3] macro expansion
   @ /vapps/rhel9/x86_64/spack/root/opt/spack/linux-rhel9-haswell/gcc-13.2.0/julia-1.11.7-6bmogflhr2w6mi2zerinukr2gpnpr2rs/juliaup/julia-1.11.7+0.x64.linux.gnu/share/julia/stdlib/v1.11/Test/src/Test.jl:1709 [inlined]
 [4] top-level scope
   @ ~/FastMultipole-023/test/cuda_radix_integration_test.jl:13
CUDA radix fmm! integration (task 023): Test Failed at /home/rander39/FastMultipole-023/test/cuda_radix_integration_test.jl:742
  Expression: isapprox(view(dops, :, :, k), hplan.operators[k]; rtol = geom_tol, atol = geom_tol)
   Evaluated: isapprox(Float32[1.8490006 -1.4944062f-7 … 0.0 0.0; -1.4944062f-7 -6.321368 … 1.0974838f18 -2.3386018f17; … ; 0.0 0.0 … NaN -Inf; 0.0 0.0 … -Inf NaN], Float32[1.8490006 -1.4944062f-7 … 0.0 0.0; -1.4944062f-7 -6.321368 … 1.0974838f18 -2.3386018f17; … ; 0.0 0.0 … NaN -Inf; 0.0 0.0 … -Inf NaN]; rtol = 5.0f-5, atol = 5.0f-5)

Stacktrace:
 [1] macro expansion
   @ /vapps/rhel9/x86_64/spack/root/opt/spack/linux-rhel9-haswell/gcc-13.2.0/julia-1.11.7-6bmogflhr2w6mi2zerinukr2gpnpr2rs/juliaup/julia-1.11.7+0.x64.linux.gnu/share/julia/stdlib/v1.11/Test/src/Test.jl:680 [inlined]
 [2] macro expansion
   @ ~/FastMultipole-023/test/cuda_radix_integration_test.jl:742 [inlined]
 [3] macro expansion
   @ /vapps/rhel9/x86_64/spack/root/opt/spack/linux-rhel9-haswell/gcc-13.2.0/julia-1.11.7-6bmogflhr2w6mi2zerinukr2gpnpr2rs/juliaup/julia-1.11.7+0.x64.linux.gnu/share/julia/stdlib/v1.11/Test/src/Test.jl:1709 [inlined]
 [4] top-level scope
   @ ~/FastMultipole-023/test/cuda_radix_integration_test.jl:13
CUDA radix fmm! integration (task 023): Test Failed at /home/rander39/FastMultipole-023/test/cuda_radix_integration_test.jl:741
  Expression: isapprox(view(dops, :, :, k), Kref; rtol = geom_tol, atol = geom_tol)
   Evaluated: isapprox(Float32[2.108185 -1.9427281f-7 … 0.0 0.0; -1.9427281f-7 -9.369709 … -6.076475f18 3.557306f18; … ; 0.0 0.0 … NaN NaN; 0.0 0.0 … NaN NaN], Float32[2.108185 -1.9427281f-7 … 0.0 0.0; -1.9427281f-7 -9.369709 … -6.076475f18 3.557306f18; … ; 0.0 0.0 … NaN NaN; 0.0 0.0 … NaN NaN]; rtol = 5.0f-5, atol = 5.0f-5)

Stacktrace:
 [1] macro expansion
   @ /vapps/rhel9/x86_64/spack/root/opt/spack/linux-rhel9-haswell/gcc-13.2.0/julia-1.11.7-6bmogflhr2w6mi2zerinukr2gpnpr2rs/juliaup/julia-1.11.7+0.x64.linux.gnu/share/julia/stdlib/v1.11/Test/src/Test.jl:680 [inlined]
 [2] macro expansion
   @ ~/FastMultipole-023/test/cuda_radix_integration_test.jl:741 [inlined]
 [3] macro expansion
   @ /vapps/rhel9/x86_64/spack/root/opt/spack/linux-rhel9-haswell/gcc-13.2.0/julia-1.11.7-6bmogflhr2w6mi2zerinukr2gpnpr2rs/juliaup/julia-1.11.7+0.x64.linux.gnu/share/julia/stdlib/v1.11/Test/src/Test.jl:1709 [inlined]
 [4] top-level scope
   @ ~/FastMultipole-023/test/cuda_radix_integration_test.jl:13
CUDA radix fmm! integration (task 023): Test Failed at /home/rander39/FastMultipole-023/test/cuda_radix_integration_test.jl:742
  Expression: isapprox(view(dops, :, :, k), hplan.operators[k]; rtol = geom_tol, atol = geom_tol)
   Evaluated: isapprox(Float32[2.108185 -1.9427281f-7 … 0.0 0.0; -1.9427281f-7 -9.369709 … -6.076475f18 3.557306f18; … ; 0.0 0.0 … NaN NaN; 0.0 0.0 … NaN NaN], Float32[2.108185 -1.9427281f-7 … 0.0 0.0; -1.9427281f-7 -9.369709 … -6.076475f18 3.557306f18; … ; 0.0 0.0 … NaN NaN; 0.0 0.0 … NaN NaN]; rtol = 5.0f-5, atol = 5.0f-5)

Stacktrace:
 [1] macro expansion
   @ /vapps/rhel9/x86_64/spack/root/opt/spack/linux-rhel9-haswell/gcc-13.2.0/julia-1.11.7-6bmogflhr2w6mi2zerinukr2gpnpr2rs/juliaup/julia-1.11.7+0.x64.linux.gnu/share/julia/stdlib/v1.11/Test/src/Test.jl:680 [inlined]
 [2] macro expansion
   @ ~/FastMultipole-023/test/cuda_radix_integration_test.jl:742 [inlined]
 [3] macro expansion
   @ /vapps/rhel9/x86_64/spack/root/opt/spack/linux-rhel9-haswell/gcc-13.2.0/julia-1.11.7-6bmogflhr2w6mi2zerinukr2gpnpr2rs/juliaup/julia-1.11.7+0.x64.linux.gnu/share/julia/stdlib/v1.11/Test/src/Test.jl:1709 [inlined]
 [4] top-level scope
   @ ~/FastMultipole-023/test/cuda_radix_integration_test.jl:13
CUDA radix fmm! integration (task 023): Test Failed at /home/rander39/FastMultipole-023/test/cuda_radix_integration_test.jl:741
  Expression: isapprox(view(dops, :, :, k), Kref; rtol = geom_tol, atol = geom_tol)
   Evaluated: isapprox(Float32[2.108185 -1.9427281f-7 … 0.0 0.0; -1.9427281f-7 -9.369709 … 6.076474f18 3.5573f18; … ; 0.0 0.0 … NaN NaN; 0.0 0.0 … NaN NaN], Float32[2.108185 -1.9427281f-7 … 0.0 0.0; -1.9427281f-7 -9.369709 … 6.076474f18 3.5573f18; … ; 0.0 0.0 … NaN NaN; 0.0 0.0 … NaN NaN]; rtol = 5.0f-5, atol = 5.0f-5)

Stacktrace:
 [1] macro expansion
   @ /vapps/rhel9/x86_64/spack/root/opt/spack/linux-rhel9-haswell/gcc-13.2.0/julia-1.11.7-6bmogflhr2w6mi2zerinukr2gpnpr2rs/juliaup/julia-1.11.7+0.x64.linux.gnu/share/julia/stdlib/v1.11/Test/src/Test.jl:680 [inlined]
 [2] macro expansion
   @ ~/FastMultipole-023/test/cuda_radix_integration_test.jl:741 [inlined]
 [3] macro expansion
   @ /vapps/rhel9/x86_64/spack/root/opt/spack/linux-rhel9-haswell/gcc-13.2.0/julia-1.11.7-6bmogflhr2w6mi2zerinukr2gpnpr2rs/juliaup/julia-1.11.7+0.x64.linux.gnu/share/julia/stdlib/v1.11/Test/src/Test.jl:1709 [inlined]
 [4] top-level scope
   @ ~/FastMultipole-023/test/cuda_radix_integration_test.jl:13
CUDA radix fmm! integration (task 023): Test Failed at /home/rander39/FastMultipole-023/test/cuda_radix_integration_test.jl:742
  Expression: isapprox(view(dops, :, :, k), hplan.operators[k]; rtol = geom_tol, atol = geom_tol)
   Evaluated: isapprox(Float32[2.108185 -1.9427281f-7 … 0.0 0.0; -1.9427281f-7 -9.369709 … 6.076474f18 3.5573f18; … ; 0.0 0.0 … NaN NaN; 0.0 0.0 … NaN NaN], Float32[2.108185 -1.9427281f-7 … 0.0 0.0; -1.9427281f-7 -9.369709 … 6.076474f18 3.5573f18; … ; 0.0 0.0 … NaN NaN; 0.0 0.0 … NaN NaN]; rtol = 5.0f-5, atol = 5.0f-5)

Stacktrace:
 [1] macro expansion
   @ /vapps/rhel9/x86_64/spack/root/opt/spack/linux-rhel9-haswell/gcc-13.2.0/julia-1.11.7-6bmogflhr2w6mi2zerinukr2gpnpr2rs/juliaup/julia-1.11.7+0.x64.linux.gnu/share/julia/stdlib/v1.11/Test/src/Test.jl:680 [inlined]
 [2] macro expansion
   @ ~/FastMultipole-023/test/cuda_radix_integration_test.jl:742 [inlined]
 [3] macro expansion
   @ /vapps/rhel9/x86_64/spack/root/opt/spack/linux-rhel9-haswell/gcc-13.2.0/julia-1.11.7-6bmogflhr2w6mi2zerinukr2gpnpr2rs/juliaup/julia-1.11.7+0.x64.linux.gnu/share/julia/stdlib/v1.11/Test/src/Test.jl:1709 [inlined]
 [4] top-level scope
   @ ~/FastMultipole-023/test/cuda_radix_integration_test.jl:13
CUDA radix fmm! integration (task 023): Test Failed at /home/rander39/FastMultipole-023/test/cuda_radix_integration_test.jl:741
  Expression: isapprox(view(dops, :, :, k), Kref; rtol = geom_tol, atol = geom_tol)
   Evaluated: isapprox(Float32[1.8490006 -1.4944062f-7 … 0.0 0.0; -1.4944062f-7 -6.321368 … -1.0974842f18 -2.3386087f17; … ; 0.0 0.0 … NaN Inf; 0.0 0.0 … Inf NaN], Float32[1.8490006 -1.4944062f-7 … 0.0 0.0; -1.4944062f-7 -6.321368 … -1.0974842f18 -2.3386087f17; … ; 0.0 0.0 … NaN Inf; 0.0 0.0 … Inf NaN]; rtol = 5.0f-5, atol = 5.0f-5)

Stacktrace:
 [1] macro expansion
   @ /vapps/rhel9/x86_64/spack/root/opt/spack/linux-rhel9-haswell/gcc-13.2.0/julia-1.11.7-6bmogflhr2w6mi2zerinukr2gpnpr2rs/juliaup/julia-1.11.7+0.x64.linux.gnu/share/julia/stdlib/v1.11/Test/src/Test.jl:680 [inlined]
 [2] macro expansion
   @ ~/FastMultipole-023/test/cuda_radix_integration_test.jl:741 [inlined]
 [3] macro expansion
   @ /vapps/rhel9/x86_64/spack/root/opt/spack/linux-rhel9-haswell/gcc-13.2.0/julia-1.11.7-6bmogflhr2w6mi2zerinukr2gpnpr2rs/juliaup/julia-1.11.7+0.x64.linux.gnu/share/julia/stdlib/v1.11/Test/src/Test.jl:1709 [inlined]
 [4] top-level scope
   @ ~/FastMultipole-023/test/cuda_radix_integration_test.jl:13
CUDA radix fmm! integration (task 023): Test Failed at /home/rander39/FastMultipole-023/test/cuda_radix_integration_test.jl:742
  Expression: isapprox(view(dops, :, :, k), hplan.operators[k]; rtol = geom_tol, atol = geom_tol)
   Evaluated: isapprox(Float32[1.8490006 -1.4944062f-7 … 0.0 0.0; -1.4944062f-7 -6.321368 … -1.0974842f18 -2.3386087f17; … ; 0.0 0.0 … NaN Inf; 0.0 0.0 … Inf NaN], Float32[1.8490006 -1.4944062f-7 … 0.0 0.0; -1.4944062f-7 -6.321368 … -1.0974842f18 -2.3386087f17; … ; 0.0 0.0 … NaN Inf; 0.0 0.0 … Inf NaN]; rtol = 5.0f-5, atol = 5.0f-5)

Stacktrace:
 [1] macro expansion
   @ /vapps/rhel9/x86_64/spack/root/opt/spack/linux-rhel9-haswell/gcc-13.2.0/julia-1.11.7-6bmogflhr2w6mi2zerinukr2gpnpr2rs/juliaup/julia-1.11.7+0.x64.linux.gnu/share/julia/stdlib/v1.11/Test/src/Test.jl:680 [inlined]
 [2] macro expansion
   @ ~/FastMultipole-023/test/cuda_radix_integration_test.jl:742 [inlined]
 [3] macro expansion
   @ /vapps/rhel9/x86_64/spack/root/opt/spack/linux-rhel9-haswell/gcc-13.2.0/julia-1.11.7-6bmogflhr2w6mi2zerinukr2gpnpr2rs/juliaup/julia-1.11.7+0.x64.linux.gnu/share/julia/stdlib/v1.11/Test/src/Test.jl:1709 [inlined]
 [4] top-level scope
   @ ~/FastMultipole-023/test/cuda_radix_integration_test.jl:13
CUDA radix fmm! integration (task 023): Test Failed at /home/rander39/FastMultipole-023/test/cuda_radix_integration_test.jl:741
  Expression: isapprox(view(dops, :, :, k), Kref; rtol = geom_tol, atol = geom_tol)
   Evaluated: isapprox(Float32[1.5713484 -1.0792935f-7 … 0.0 0.0; -1.0792935f-7 -3.8798726 … 8.132462f16 8.132462f16; … ; 0.0 0.0 … NaN Inf; 0.0 0.0 … Inf NaN], Float32[1.5713484 -1.0792935f-7 … 0.0 0.0; -1.0792935f-7 -3.8798726 … 8.132462f16 8.132462f16; … ; 0.0 0.0 … NaN Inf; 0.0 0.0 … Inf NaN]; rtol = 5.0f-5, atol = 5.0f-5)

Stacktrace:
 [1] macro expansion
   @ /vapps/rhel9/x86_64/spack/root/opt/spack/linux-rhel9-haswell/gcc-13.2.0/julia-1.11.7-6bmogflhr2w6mi2zerinukr2gpnpr2rs/juliaup/julia-1.11.7+0.x64.linux.gnu/share/julia/stdlib/v1.11/Test/src/Test.jl:680 [inlined]
 [2] macro expansion
   @ ~/FastMultipole-023/test/cuda_radix_integration_test.jl:741 [inlined]
 [3] macro expansion
   @ /vapps/rhel9/x86_64/spack/root/opt/spack/linux-rhel9-haswell/gcc-13.2.0/julia-1.11.7-6bmogflhr2w6mi2zerinukr2gpnpr2rs/juliaup/julia-1.11.7+0.x64.linux.gnu/share/julia/stdlib/v1.11/Test/src/Test.jl:1709 [inlined]
 [4] top-level scope
   @ ~/FastMultipole-023/test/cuda_radix_integration_test.jl:13
CUDA radix fmm! integration (task 023): Test Failed at /home/rander39/FastMultipole-023/test/cuda_radix_integration_test.jl:742
  Expression: isapprox(view(dops, :, :, k), hplan.operators[k]; rtol = geom_tol, atol = geom_tol)
   Evaluated: isapprox(Float32[1.5713484 -1.0792935f-7 … 0.0 0.0; -1.0792935f-7 -3.8798726 … 8.132462f16 8.132462f16; … ; 0.0 0.0 … NaN Inf; 0.0 0.0 … Inf NaN], Float32[1.5713484 -1.0792935f-7 … 0.0 0.0; -1.0792935f-7 -3.8798726 … 8.132462f16 8.132462f16; … ; 0.0 0.0 … NaN Inf; 0.0 0.0 … Inf NaN]; rtol = 5.0f-5, atol = 5.0f-5)

Stacktrace:
 [1] macro expansion
   @ /vapps/rhel9/x86_64/spack/root/opt/spack/linux-rhel9-haswell/gcc-13.2.0/julia-1.11.7-6bmogflhr2w6mi2zerinukr2gpnpr2rs/juliaup/julia-1.11.7+0.x64.linux.gnu/share/julia/stdlib/v1.11/Test/src/Test.jl:680 [inlined]
 [2] macro expansion
   @ ~/FastMultipole-023/test/cuda_radix_integration_test.jl:742 [inlined]
 [3] macro expansion
   @ /vapps/rhel9/x86_64/spack/root/opt/spack/linux-rhel9-haswell/gcc-13.2.0/julia-1.11.7-6bmogflhr2w6mi2zerinukr2gpnpr2rs/juliaup/julia-1.11.7+0.x64.linux.gnu/share/julia/stdlib/v1.11/Test/src/Test.jl:1709 [inlined]
 [4] top-level scope
   @ ~/FastMultipole-023/test/cuda_radix_integration_test.jl:13
CUDA radix fmm! integration (task 023): Test Failed at /home/rander39/FastMultipole-023/test/cuda_radix_integration_test.jl:741
  Expression: isapprox(view(dops, :, :, k), Kref; rtol = geom_tol, atol = geom_tol)
   Evaluated: isapprox(Float32[1.8490006 -1.4944062f-7 … 0.0 0.0; -1.4944062f-7 -6.321368 … 2.3386087f17 -1.0974842f18; … ; 0.0 0.0 … NaN -Inf; 0.0 0.0 … -Inf NaN], Float32[1.8490006 -1.4944062f-7 … 0.0 0.0; -1.4944062f-7 -6.321368 … 2.3386087f17 -1.0974842f18; … ; 0.0 0.0 … NaN -Inf; 0.0 0.0 … -Inf NaN]; rtol = 5.0f-5, atol = 5.0f-5)

Stacktrace:
 [1] macro expansion
   @ /vapps/rhel9/x86_64/spack/root/opt/spack/linux-rhel9-haswell/gcc-13.2.0/julia-1.11.7-6bmogflhr2w6mi2zerinukr2gpnpr2rs/juliaup/julia-1.11.7+0.x64.linux.gnu/share/julia/stdlib/v1.11/Test/src/Test.jl:680 [inlined]
 [2] macro expansion
   @ ~/FastMultipole-023/test/cuda_radix_integration_test.jl:741 [inlined]
 [3] macro expansion
   @ /vapps/rhel9/x86_64/spack/root/opt/spack/linux-rhel9-haswell/gcc-13.2.0/julia-1.11.7-6bmogflhr2w6mi2zerinukr2gpnpr2rs/juliaup/julia-1.11.7+0.x64.linux.gnu/share/julia/stdlib/v1.11/Test/src/Test.jl:1709 [inlined]
 [4] top-level scope
   @ ~/FastMultipole-023/test/cuda_radix_integration_test.jl:13
CUDA radix fmm! integration (task 023): Test Failed at /home/rander39/FastMultipole-023/test/cuda_radix_integration_test.jl:742
  Expression: isapprox(view(dops, :, :, k), hplan.operators[k]; rtol = geom_tol, atol = geom_tol)
   Evaluated: isapprox(Float32[1.8490006 -1.4944062f-7 … 0.0 0.0; -1.4944062f-7 -6.321368 … 2.3386087f17 -1.0974842f18; … ; 0.0 0.0 … NaN -Inf; 0.0 0.0 … -Inf NaN], Float32[1.8490006 -1.4944062f-7 … 0.0 0.0; -1.4944062f-7 -6.321368 … 2.3386087f17 -1.0974842f18; … ; 0.0 0.0 … NaN -Inf; 0.0 0.0 … -Inf NaN]; rtol = 5.0f-5, atol = 5.0f-5)

Stacktrace:
 [1] macro expansion
   @ /vapps/rhel9/x86_64/spack/root/opt/spack/linux-rhel9-haswell/gcc-13.2.0/julia-1.11.7-6bmogflhr2w6mi2zerinukr2gpnpr2rs/juliaup/julia-1.11.7+0.x64.linux.gnu/share/julia/stdlib/v1.11/Test/src/Test.jl:680 [inlined]
 [2] macro expansion
   @ ~/FastMultipole-023/test/cuda_radix_integration_test.jl:742 [inlined]
 [3] macro expansion
   @ /vapps/rhel9/x86_64/spack/root/opt/spack/linux-rhel9-haswell/gcc-13.2.0/julia-1.11.7-6bmogflhr2w6mi2zerinukr2gpnpr2rs/juliaup/julia-1.11.7+0.x64.linux.gnu/share/julia/stdlib/v1.11/Test/src/Test.jl:1709 [inlined]
 [4] top-level scope
   @ ~/FastMultipole-023/test/cuda_radix_integration_test.jl:13
CUDA radix fmm! integration (task 023): Test Failed at /home/rander39/FastMultipole-023/test/cuda_radix_integration_test.jl:741
  Expression: isapprox(view(dops, :, :, k), Kref; rtol = geom_tol, atol = geom_tol)
   Evaluated: isapprox(Float32[1.8490006 -1.4944062f-7 … 0.0 0.0; -1.4944062f-7 -6.321368 … -2.3386018f17 -1.0974838f18; … ; 0.0 0.0 … NaN Inf; 0.0 0.0 … Inf NaN], Float32[1.8490006 -1.4944062f-7 … 0.0 0.0; -1.4944062f-7 -6.321368 … -2.3386018f17 -1.0974838f18; … ; 0.0 0.0 … NaN Inf; 0.0 0.0 … Inf NaN]; rtol = 5.0f-5, atol = 5.0f-5)

Stacktrace:
 [1] macro expansion
   @ /vapps/rhel9/x86_64/spack/root/opt/spack/linux-rhel9-haswell/gcc-13.2.0/julia-1.11.7-6bmogflhr2w6mi2zerinukr2gpnpr2rs/juliaup/julia-1.11.7+0.x64.linux.gnu/share/julia/stdlib/v1.11/Test/src/Test.jl:680 [inlined]
 [2] macro expansion
   @ ~/FastMultipole-023/test/cuda_radix_integration_test.jl:741 [inlined]
 [3] macro expansion
   @ /vapps/rhel9/x86_64/spack/root/opt/spack/linux-rhel9-haswell/gcc-13.2.0/julia-1.11.7-6bmogflhr2w6mi2zerinukr2gpnpr2rs/juliaup/julia-1.11.7+0.x64.linux.gnu/share/julia/stdlib/v1.11/Test/src/Test.jl:1709 [inlined]
 [4] top-level scope
   @ ~/FastMultipole-023/test/cuda_radix_integration_test.jl:13
CUDA radix fmm! integration (task 023): Test Failed at /home/rander39/FastMultipole-023/test/cuda_radix_integration_test.jl:742
  Expression: isapprox(view(dops, :, :, k), hplan.operators[k]; rtol = geom_tol, atol = geom_tol)
   Evaluated: isapprox(Float32[1.8490006 -1.4944062f-7 … 0.0 0.0; -1.4944062f-7 -6.321368 … -2.3386018f17 -1.0974838f18; … ; 0.0 0.0 … NaN Inf; 0.0 0.0 … Inf NaN], Float32[1.8490006 -1.4944062f-7 … 0.0 0.0; -1.4944062f-7 -6.321368 … -2.3386018f17 -1.0974838f18; … ; 0.0 0.0 … NaN Inf; 0.0 0.0 … Inf NaN]; rtol = 5.0f-5, atol = 5.0f-5)

Stacktrace:
 [1] macro expansion
   @ /vapps/rhel9/x86_64/spack/root/opt/spack/linux-rhel9-haswell/gcc-13.2.0/julia-1.11.7-6bmogflhr2w6mi2zerinukr2gpnpr2rs/juliaup/julia-1.11.7+0.x64.linux.gnu/share/julia/stdlib/v1.11/Test/src/Test.jl:680 [inlined]
 [2] macro expansion
   @ ~/FastMultipole-023/test/cuda_radix_integration_test.jl:742 [inlined]
 [3] macro expansion
   @ /vapps/rhel9/x86_64/spack/root/opt/spack/linux-rhel9-haswell/gcc-13.2.0/julia-1.11.7-6bmogflhr2w6mi2zerinukr2gpnpr2rs/juliaup/julia-1.11.7+0.x64.linux.gnu/share/julia/stdlib/v1.11/Test/src/Test.jl:1709 [inlined]
 [4] top-level scope
   @ ~/FastMultipole-023/test/cuda_radix_integration_test.jl:13
CUDA radix fmm! integration (task 023): Test Failed at /home/rander39/FastMultipole-023/test/cuda_radix_integration_test.jl:741
  Expression: isapprox(view(dops, :, :, k), Kref; rtol = geom_tol, atol = geom_tol)
   Evaluated: isapprox(Float32[2.108185 -1.9427281f-7 … 0.0 0.0; -1.9427281f-7 -9.369709 … -3.557306f18 6.076475f18; … ; 0.0 0.0 … NaN NaN; 0.0 0.0 … NaN NaN], Float32[2.108185 -1.9427281f-7 … 0.0 0.0; -1.9427281f-7 -9.369709 … -3.557306f18 6.076475f18; … ; 0.0 0.0 … NaN NaN; 0.0 0.0 … NaN NaN]; rtol = 5.0f-5, atol = 5.0f-5)

Stacktrace:
 [1] macro expansion
   @ /vapps/rhel9/x86_64/spack/root/opt/spack/linux-rhel9-haswell/gcc-13.2.0/julia-1.11.7-6bmogflhr2w6mi2zerinukr2gpnpr2rs/juliaup/julia-1.11.7+0.x64.linux.gnu/share/julia/stdlib/v1.11/Test/src/Test.jl:680 [inlined]
 [2] macro expansion
   @ ~/FastMultipole-023/test/cuda_radix_integration_test.jl:741 [inlined]
 [3] macro expansion
   @ /vapps/rhel9/x86_64/spack/root/opt/spack/linux-rhel9-haswell/gcc-13.2.0/julia-1.11.7-6bmogflhr2w6mi2zerinukr2gpnpr2rs/juliaup/julia-1.11.7+0.x64.linux.gnu/share/julia/stdlib/v1.11/Test/src/Test.jl:1709 [inlined]
 [4] top-level scope
   @ ~/FastMultipole-023/test/cuda_radix_integration_test.jl:13
CUDA radix fmm! integration (task 023): Test Failed at /home/rander39/FastMultipole-023/test/cuda_radix_integration_test.jl:742
  Expression: isapprox(view(dops, :, :, k), hplan.operators[k]; rtol = geom_tol, atol = geom_tol)
   Evaluated: isapprox(Float32[2.108185 -1.9427281f-7 … 0.0 0.0; -1.9427281f-7 -9.369709 … -3.557306f18 6.076475f18; … ; 0.0 0.0 … NaN NaN; 0.0 0.0 … NaN NaN], Float32[2.108185 -1.9427281f-7 … 0.0 0.0; -1.9427281f-7 -9.369709 … -3.557306f18 6.076475f18; … ; 0.0 0.0 … NaN NaN; 0.0 0.0 … NaN NaN]; rtol = 5.0f-5, atol = 5.0f-5)

Stacktrace:
 [1] macro expansion
   @ /vapps/rhel9/x86_64/spack/root/opt/spack/linux-rhel9-haswell/gcc-13.2.0/julia-1.11.7-6bmogflhr2w6mi2zerinukr2gpnpr2rs/juliaup/julia-1.11.7+0.x64.linux.gnu/share/julia/stdlib/v1.11/Test/src/Test.jl:680 [inlined]
 [2] macro expansion
   @ ~/FastMultipole-023/test/cuda_radix_integration_test.jl:742 [inlined]
 [3] macro expansion
   @ /vapps/rhel9/x86_64/spack/root/opt/spack/linux-rhel9-haswell/gcc-13.2.0/julia-1.11.7-6bmogflhr2w6mi2zerinukr2gpnpr2rs/juliaup/julia-1.11.7+0.x64.linux.gnu/share/julia/stdlib/v1.11/Test/src/Test.jl:1709 [inlined]
 [4] top-level scope
   @ ~/FastMultipole-023/test/cuda_radix_integration_test.jl:13
CUDA radix fmm! integration (task 023): Test Failed at /home/rander39/FastMultipole-023/test/cuda_radix_integration_test.jl:741
  Expression: isapprox(view(dops, :, :, k), Kref; rtol = geom_tol, atol = geom_tol)
   Evaluated: isapprox(Float32[2.108185 -1.9427281f-7 … 0.0 0.0; -1.9427281f-7 -9.369709 … 3.557306f18 6.076475f18; … ; 0.0 0.0 … NaN NaN; 0.0 0.0 … NaN NaN], Float32[2.108185 -1.9427281f-7 … 0.0 0.0; -1.9427281f-7 -9.369709 … 3.557306f18 6.076475f18; … ; 0.0 0.0 … NaN NaN; 0.0 0.0 … NaN NaN]; rtol = 5.0f-5, atol = 5.0f-5)

Stacktrace:
 [1] macro expansion
   @ /vapps/rhel9/x86_64/spack/root/opt/spack/linux-rhel9-haswell/gcc-13.2.0/julia-1.11.7-6bmogflhr2w6mi2zerinukr2gpnpr2rs/juliaup/julia-1.11.7+0.x64.linux.gnu/share/julia/stdlib/v1.11/Test/src/Test.jl:680 [inlined]
 [2] macro expansion
   @ ~/FastMultipole-023/test/cuda_radix_integration_test.jl:741 [inlined]
 [3] macro expansion
   @ /vapps/rhel9/x86_64/spack/root/opt/spack/linux-rhel9-haswell/gcc-13.2.0/julia-1.11.7-6bmogflhr2w6mi2zerinukr2gpnpr2rs/juliaup/julia-1.11.7+0.x64.linux.gnu/share/julia/stdlib/v1.11/Test/src/Test.jl:1709 [inlined]
 [4] top-level scope
   @ ~/FastMultipole-023/test/cuda_radix_integration_test.jl:13
CUDA radix fmm! integration (task 023): Test Failed at /home/rander39/FastMultipole-023/test/cuda_radix_integration_test.jl:742
  Expression: isapprox(view(dops, :, :, k), hplan.operators[k]; rtol = geom_tol, atol = geom_tol)
   Evaluated: isapprox(Float32[2.108185 -1.9427281f-7 … 0.0 0.0; -1.9427281f-7 -9.369709 … 3.557306f18 6.076475f18; … ; 0.0 0.0 … NaN NaN; 0.0 0.0 … NaN NaN], Float32[2.108185 -1.9427281f-7 … 0.0 0.0; -1.9427281f-7 -9.369709 … 3.557306f18 6.076475f18; … ; 0.0 0.0 … NaN NaN; 0.0 0.0 … NaN NaN]; rtol = 5.0f-5, atol = 5.0f-5)

Stacktrace:
 [1] macro expansion
   @ /vapps/rhel9/x86_64/spack/root/opt/spack/linux-rhel9-haswell/gcc-13.2.0/julia-1.11.7-6bmogflhr2w6mi2zerinukr2gpnpr2rs/juliaup/julia-1.11.7+0.x64.linux.gnu/share/julia/stdlib/v1.11/Test/src/Test.jl:680 [inlined]
 [2] macro expansion
   @ ~/FastMultipole-023/test/cuda_radix_integration_test.jl:742 [inlined]
 [3] macro expansion
   @ /vapps/rhel9/x86_64/spack/root/opt/spack/linux-rhel9-haswell/gcc-13.2.0/julia-1.11.7-6bmogflhr2w6mi2zerinukr2gpnpr2rs/juliaup/julia-1.11.7+0.x64.linux.gnu/share/julia/stdlib/v1.11/Test/src/Test.jl:1709 [inlined]
 [4] top-level scope
   @ ~/FastMultipole-023/test/cuda_radix_integration_test.jl:13
CUDA radix fmm! integration (task 023): Test Failed at /home/rander39/FastMultipole-023/test/cuda_radix_integration_test.jl:741
  Expression: isapprox(view(dops, :, :, k), Kref; rtol = geom_tol, atol = geom_tol)
   Evaluated: isapprox(Float32[1.6666666 -1.2142051f-7 … 0.0 0.0; -1.2142051f-7 -4.629628 … -2.6230372f17 0.0; … ; 0.0 0.0 … Inf NaN; 0.0 0.0 … NaN -Inf], Float32[1.6666666 -1.2142051f-7 … 0.0 0.0; -1.2142051f-7 -4.629628 … -2.6230372f17 0.0; … ; 0.0 0.0 … Inf NaN; 0.0 0.0 … NaN -Inf]; rtol = 5.0f-5, atol = 5.0f-5)

Stacktrace:
 [1] macro expansion
   @ /vapps/rhel9/x86_64/spack/root/opt/spack/linux-rhel9-haswell/gcc-13.2.0/julia-1.11.7-6bmogflhr2w6mi2zerinukr2gpnpr2rs/juliaup/julia-1.11.7+0.x64.linux.gnu/share/julia/stdlib/v1.11/Test/src/Test.jl:680 [inlined]
 [2] macro expansion
   @ ~/FastMultipole-023/test/cuda_radix_integration_test.jl:741 [inlined]
 [3] macro expansion
   @ /vapps/rhel9/x86_64/spack/root/opt/spack/linux-rhel9-haswell/gcc-13.2.0/julia-1.11.7-6bmogflhr2w6mi2zerinukr2gpnpr2rs/juliaup/julia-1.11.7+0.x64.linux.gnu/share/julia/stdlib/v1.11/Test/src/Test.jl:1709 [inlined]
 [4] top-level scope
   @ ~/FastMultipole-023/test/cuda_radix_integration_test.jl:13
CUDA radix fmm! integration (task 023): Test Failed at /home/rander39/FastMultipole-023/test/cuda_radix_integration_test.jl:742
  Expression: isapprox(view(dops, :, :, k), hplan.operators[k]; rtol = geom_tol, atol = geom_tol)
   Evaluated: isapprox(Float32[1.6666666 -1.2142051f-7 … 0.0 0.0; -1.2142051f-7 -4.629628 … -2.6230372f17 0.0; … ; 0.0 0.0 … Inf NaN; 0.0 0.0 … NaN -Inf], Float32[1.6666666 -1.2142051f-7 … 0.0 0.0; -1.2142051f-7 -4.629628 … -2.6230372f17 0.0; … ; 0.0 0.0 … Inf NaN; 0.0 0.0 … NaN -Inf]; rtol = 5.0f-5, atol = 5.0f-5)

Stacktrace:
 [1] macro expansion
   @ /vapps/rhel9/x86_64/spack/root/opt/spack/linux-rhel9-haswell/gcc-13.2.0/julia-1.11.7-6bmogflhr2w6mi2zerinukr2gpnpr2rs/juliaup/julia-1.11.7+0.x64.linux.gnu/share/julia/stdlib/v1.11/Test/src/Test.jl:680 [inlined]
 [2] macro expansion
   @ ~/FastMultipole-023/test/cuda_radix_integration_test.jl:742 [inlined]
 [3] macro expansion
   @ /vapps/rhel9/x86_64/spack/root/opt/spack/linux-rhel9-haswell/gcc-13.2.0/julia-1.11.7-6bmogflhr2w6mi2zerinukr2gpnpr2rs/juliaup/julia-1.11.7+0.x64.linux.gnu/share/julia/stdlib/v1.11/Test/src/Test.jl:1709 [inlined]
 [4] top-level scope
   @ ~/FastMultipole-023/test/cuda_radix_integration_test.jl:13
CUDA radix fmm! integration (task 023): Test Failed at /home/rander39/FastMultipole-023/test/cuda_radix_integration_test.jl:741
  Expression: isapprox(view(dops, :, :, k), Kref; rtol = geom_tol, atol = geom_tol)
   Evaluated: isapprox(Float32[2.108185 -1.9427281f-7 … 0.0 0.0; -1.9427281f-7 -9.369709 … -3.557306f18 -6.076475f18; … ; 0.0 0.0 … NaN NaN; 0.0 0.0 … NaN NaN], Float32[2.108185 -1.9427281f-7 … 0.0 0.0; -1.9427281f-7 -9.369709 … -3.557306f18 -6.076475f18; … ; 0.0 0.0 … NaN NaN; 0.0 0.0 … NaN NaN]; rtol = 5.0f-5, atol = 5.0f-5)

Stacktrace:
 [1] macro expansion
   @ /vapps/rhel9/x86_64/spack/root/opt/spack/linux-rhel9-haswell/gcc-13.2.0/julia-1.11.7-6bmogflhr2w6mi2zerinukr2gpnpr2rs/juliaup/julia-1.11.7+0.x64.linux.gnu/share/julia/stdlib/v1.11/Test/src/Test.jl:680 [inlined]
 [2] macro expansion
   @ ~/FastMultipole-023/test/cuda_radix_integration_test.jl:741 [inlined]
 [3] macro expansion
   @ /vapps/rhel9/x86_64/spack/root/opt/spack/linux-rhel9-haswell/gcc-13.2.0/julia-1.11.7-6bmogflhr2w6mi2zerinukr2gpnpr2rs/juliaup/julia-1.11.7+0.x64.linux.gnu/share/julia/stdlib/v1.11/Test/src/Test.jl:1709 [inlined]
 [4] top-level scope
   @ ~/FastMultipole-023/test/cuda_radix_integration_test.jl:13
CUDA radix fmm! integration (task 023): Test Failed at /home/rander39/FastMultipole-023/test/cuda_radix_integration_test.jl:742
  Expression: isapprox(view(dops, :, :, k), hplan.operators[k]; rtol = geom_tol, atol = geom_tol)
   Evaluated: isapprox(Float32[2.108185 -1.9427281f-7 … 0.0 0.0; -1.9427281f-7 -9.369709 … -3.557306f18 -6.076475f18; … ; 0.0 0.0 … NaN NaN; 0.0 0.0 … NaN NaN], Float32[2.108185 -1.9427281f-7 … 0.0 0.0; -1.9427281f-7 -9.369709 … -3.557306f18 -6.076475f18; … ; 0.0 0.0 … NaN NaN; 0.0 0.0 … NaN NaN]; rtol = 5.0f-5, atol = 5.0f-5)

Stacktrace:
 [1] macro expansion
   @ /vapps/rhel9/x86_64/spack/root/opt/spack/linux-rhel9-haswell/gcc-13.2.0/julia-1.11.7-6bmogflhr2w6mi2zerinukr2gpnpr2rs/juliaup/julia-1.11.7+0.x64.linux.gnu/share/julia/stdlib/v1.11/Test/src/Test.jl:680 [inlined]
 [2] macro expansion
   @ ~/FastMultipole-023/test/cuda_radix_integration_test.jl:742 [inlined]
 [3] macro expansion
   @ /vapps/rhel9/x86_64/spack/root/opt/spack/linux-rhel9-haswell/gcc-13.2.0/julia-1.11.7-6bmogflhr2w6mi2zerinukr2gpnpr2rs/juliaup/julia-1.11.7+0.x64.linux.gnu/share/julia/stdlib/v1.11/Test/src/Test.jl:1709 [inlined]
 [4] top-level scope
   @ ~/FastMultipole-023/test/cuda_radix_integration_test.jl:13
CUDA radix fmm! integration (task 023): Test Failed at /home/rander39/FastMultipole-023/test/cuda_radix_integration_test.jl:741
  Expression: isapprox(view(dops, :, :, k), Kref; rtol = geom_tol, atol = geom_tol)
   Evaluated: isapprox(Float32[2.108185 -1.9427281f-7 … 0.0 0.0; -1.9427281f-7 -9.369709 … 3.557306f18 -6.076475f18; … ; 0.0 0.0 … NaN NaN; 0.0 0.0 … NaN NaN], Float32[2.108185 -1.9427281f-7 … 0.0 0.0; -1.9427281f-7 -9.369709 … 3.557306f18 -6.076475f18; … ; 0.0 0.0 … NaN NaN; 0.0 0.0 … NaN NaN]; rtol = 5.0f-5, atol = 5.0f-5)

Stacktrace:
 [1] macro expansion
   @ /vapps/rhel9/x86_64/spack/root/opt/spack/linux-rhel9-haswell/gcc-13.2.0/julia-1.11.7-6bmogflhr2w6mi2zerinukr2gpnpr2rs/juliaup/julia-1.11.7+0.x64.linux.gnu/share/julia/stdlib/v1.11/Test/src/Test.jl:680 [inlined]
 [2] macro expansion
   @ ~/FastMultipole-023/test/cuda_radix_integration_test.jl:741 [inlined]
 [3] macro expansion
   @ /vapps/rhel9/x86_64/spack/root/opt/spack/linux-rhel9-haswell/gcc-13.2.0/julia-1.11.7-6bmogflhr2w6mi2zerinukr2gpnpr2rs/juliaup/julia-1.11.7+0.x64.linux.gnu/share/julia/stdlib/v1.11/Test/src/Test.jl:1709 [inlined]
 [4] top-level scope
   @ ~/FastMultipole-023/test/cuda_radix_integration_test.jl:13
CUDA radix fmm! integration (task 023): Test Failed at /home/rander39/FastMultipole-023/test/cuda_radix_integration_test.jl:742
  Expression: isapprox(view(dops, :, :, k), hplan.operators[k]; rtol = geom_tol, atol = geom_tol)
   Evaluated: isapprox(Float32[2.108185 -1.9427281f-7 … 0.0 0.0; -1.9427281f-7 -9.369709 … 3.557306f18 -6.076475f18; … ; 0.0 0.0 … NaN NaN; 0.0 0.0 … NaN NaN], Float32[2.108185 -1.9427281f-7 … 0.0 0.0; -1.9427281f-7 -9.369709 … 3.557306f18 -6.076475f18; … ; 0.0 0.0 … NaN NaN; 0.0 0.0 … NaN NaN]; rtol = 5.0f-5, atol = 5.0f-5)

Stacktrace:
 [1] macro expansion
   @ /vapps/rhel9/x86_64/spack/root/opt/spack/linux-rhel9-haswell/gcc-13.2.0/julia-1.11.7-6bmogflhr2w6mi2zerinukr2gpnpr2rs/juliaup/julia-1.11.7+0.x64.linux.gnu/share/julia/stdlib/v1.11/Test/src/Test.jl:680 [inlined]
 [2] macro expansion
   @ ~/FastMultipole-023/test/cuda_radix_integration_test.jl:742 [inlined]
 [3] macro expansion
   @ /vapps/rhel9/x86_64/spack/root/opt/spack/linux-rhel9-haswell/gcc-13.2.0/julia-1.11.7-6bmogflhr2w6mi2zerinukr2gpnpr2rs/juliaup/julia-1.11.7+0.x64.linux.gnu/share/julia/stdlib/v1.11/Test/src/Test.jl:1709 [inlined]
 [4] top-level scope
   @ ~/FastMultipole-023/test/cuda_radix_integration_test.jl:13
CUDA radix fmm! integration (task 023): Test Failed at /home/rander39/FastMultipole-023/test/cuda_radix_integration_test.jl:741
  Expression: isapprox(view(dops, :, :, k), Kref; rtol = geom_tol, atol = geom_tol)
   Evaluated: isapprox(Float32[1.8490006 -1.4944062f-7 … 0.0 0.0; -1.4944062f-7 -6.321368 … 2.3386087f17 1.0974842f18; … ; 0.0 0.0 … NaN Inf; 0.0 0.0 … Inf NaN], Float32[1.8490006 -1.4944062f-7 … 0.0 0.0; -1.4944062f-7 -6.321368 … 2.3386087f17 1.0974842f18; … ; 0.0 0.0 … NaN Inf; 0.0 0.0 … Inf NaN]; rtol = 5.0f-5, atol = 5.0f-5)

Stacktrace:
 [1] macro expansion
   @ /vapps/rhel9/x86_64/spack/root/opt/spack/linux-rhel9-haswell/gcc-13.2.0/julia-1.11.7-6bmogflhr2w6mi2zerinukr2gpnpr2rs/juliaup/julia-1.11.7+0.x64.linux.gnu/share/julia/stdlib/v1.11/Test/src/Test.jl:680 [inlined]
 [2] macro expansion
   @ ~/FastMultipole-023/test/cuda_radix_integration_test.jl:741 [inlined]
 [3] macro expansion
   @ /vapps/rhel9/x86_64/spack/root/opt/spack/linux-rhel9-haswell/gcc-13.2.0/julia-1.11.7-6bmogflhr2w6mi2zerinukr2gpnpr2rs/juliaup/julia-1.11.7+0.x64.linux.gnu/share/julia/stdlib/v1.11/Test/src/Test.jl:1709 [inlined]
 [4] top-level scope
   @ ~/FastMultipole-023/test/cuda_radix_integration_test.jl:13
CUDA radix fmm! integration (task 023): Test Failed at /home/rander39/FastMultipole-023/test/cuda_radix_integration_test.jl:742
  Expression: isapprox(view(dops, :, :, k), hplan.operators[k]; rtol = geom_tol, atol = geom_tol)
   Evaluated: isapprox(Float32[1.8490006 -1.4944062f-7 … 0.0 0.0; -1.4944062f-7 -6.321368 … 2.3386087f17 1.0974842f18; … ; 0.0 0.0 … NaN Inf; 0.0 0.0 … Inf NaN], Float32[1.8490006 -1.4944062f-7 … 0.0 0.0; -1.4944062f-7 -6.321368 … 2.3386087f17 1.0974842f18; … ; 0.0 0.0 … NaN Inf; 0.0 0.0 … Inf NaN]; rtol = 5.0f-5, atol = 5.0f-5)

Stacktrace:
 [1] macro expansion
   @ /vapps/rhel9/x86_64/spack/root/opt/spack/linux-rhel9-haswell/gcc-13.2.0/julia-1.11.7-6bmogflhr2w6mi2zerinukr2gpnpr2rs/juliaup/julia-1.11.7+0.x64.linux.gnu/share/julia/stdlib/v1.11/Test/src/Test.jl:680 [inlined]
 [2] macro expansion
   @ ~/FastMultipole-023/test/cuda_radix_integration_test.jl:742 [inlined]
 [3] macro expansion
   @ /vapps/rhel9/x86_64/spack/root/opt/spack/linux-rhel9-haswell/gcc-13.2.0/julia-1.11.7-6bmogflhr2w6mi2zerinukr2gpnpr2rs/juliaup/julia-1.11.7+0.x64.linux.gnu/share/julia/stdlib/v1.11/Test/src/Test.jl:1709 [inlined]
 [4] top-level scope
   @ ~/FastMultipole-023/test/cuda_radix_integration_test.jl:13
CUDA radix fmm! integration (task 023): Test Failed at /home/rander39/FastMultipole-023/test/cuda_radix_integration_test.jl:741
  Expression: isapprox(view(dops, :, :, k), Kref; rtol = geom_tol, atol = geom_tol)
   Evaluated: isapprox(Float32[1.8490006 -1.4944062f-7 … 0.0 0.0; -1.4944062f-7 -6.321368 … -2.3386018f17 1.0974838f18; … ; 0.0 0.0 … NaN -Inf; 0.0 0.0 … -Inf NaN], Float32[1.8490006 -1.4944062f-7 … 0.0 0.0; -1.4944062f-7 -6.321368 … -2.3386018f17 1.0974838f18; … ; 0.0 0.0 … NaN -Inf; 0.0 0.0 … -Inf NaN]; rtol = 5.0f-5, atol = 5.0f-5)

Stacktrace:
 [1] macro expansion
   @ /vapps/rhel9/x86_64/spack/root/opt/spack/linux-rhel9-haswell/gcc-13.2.0/julia-1.11.7-6bmogflhr2w6mi2zerinukr2gpnpr2rs/juliaup/julia-1.11.7+0.x64.linux.gnu/share/julia/stdlib/v1.11/Test/src/Test.jl:680 [inlined]
 [2] macro expansion
   @ ~/FastMultipole-023/test/cuda_radix_integration_test.jl:741 [inlined]
 [3] macro expansion
   @ /vapps/rhel9/x86_64/spack/root/opt/spack/linux-rhel9-haswell/gcc-13.2.0/julia-1.11.7-6bmogflhr2w6mi2zerinukr2gpnpr2rs/juliaup/julia-1.11.7+0.x64.linux.gnu/share/julia/stdlib/v1.11/Test/src/Test.jl:1709 [inlined]
 [4] top-level scope
   @ ~/FastMultipole-023/test/cuda_radix_integration_test.jl:13
CUDA radix fmm! integration (task 023): Test Failed at /home/rander39/FastMultipole-023/test/cuda_radix_integration_test.jl:742
  Expression: isapprox(view(dops, :, :, k), hplan.operators[k]; rtol = geom_tol, atol = geom_tol)
   Evaluated: isapprox(Float32[1.8490006 -1.4944062f-7 … 0.0 0.0; -1.4944062f-7 -6.321368 … -2.3386018f17 1.0974838f18; … ; 0.0 0.0 … NaN -Inf; 0.0 0.0 … -Inf NaN], Float32[1.8490006 -1.4944062f-7 … 0.0 0.0; -1.4944062f-7 -6.321368 … -2.3386018f17 1.0974838f18; … ; 0.0 0.0 … NaN -Inf; 0.0 0.0 … -Inf NaN]; rtol = 5.0f-5, atol = 5.0f-5)

Stacktrace:
 [1] macro expansion
   @ /vapps/rhel9/x86_64/spack/root/opt/spack/linux-rhel9-haswell/gcc-13.2.0/julia-1.11.7-6bmogflhr2w6mi2zerinukr2gpnpr2rs/juliaup/julia-1.11.7+0.x64.linux.gnu/share/julia/stdlib/v1.11/Test/src/Test.jl:680 [inlined]
 [2] macro expansion
   @ ~/FastMultipole-023/test/cuda_radix_integration_test.jl:742 [inlined]
 [3] macro expansion
   @ /vapps/rhel9/x86_64/spack/root/opt/spack/linux-rhel9-haswell/gcc-13.2.0/julia-1.11.7-6bmogflhr2w6mi2zerinukr2gpnpr2rs/juliaup/julia-1.11.7+0.x64.linux.gnu/share/julia/stdlib/v1.11/Test/src/Test.jl:1709 [inlined]
 [4] top-level scope
   @ ~/FastMultipole-023/test/cuda_radix_integration_test.jl:13
CUDA radix fmm! integration (task 023): Test Failed at /home/rander39/FastMultipole-023/test/cuda_radix_integration_test.jl:741
  Expression: isapprox(view(dops, :, :, k), Kref; rtol = geom_tol, atol = geom_tol)
   Evaluated: isapprox(Float32[1.5713484 -1.0792935f-7 … 0.0 0.0; -1.0792935f-7 -3.8798726 … -8.132462f16 -8.132462f16; … ; 0.0 0.0 … NaN Inf; 0.0 0.0 … Inf NaN], Float32[1.5713484 -1.0792935f-7 … 0.0 0.0; -1.0792935f-7 -3.8798726 … -8.132462f16 -8.132462f16; … ; 0.0 0.0 … NaN Inf; 0.0 0.0 … Inf NaN]; rtol = 5.0f-5, atol = 5.0f-5)

Stacktrace:
 [1] macro expansion
   @ /vapps/rhel9/x86_64/spack/root/opt/spack/linux-rhel9-haswell/gcc-13.2.0/julia-1.11.7-6bmogflhr2w6mi2zerinukr2gpnpr2rs/juliaup/julia-1.11.7+0.x64.linux.gnu/share/julia/stdlib/v1.11/Test/src/Test.jl:680 [inlined]
 [2] macro expansion
   @ ~/FastMultipole-023/test/cuda_radix_integration_test.jl:741 [inlined]
 [3] macro expansion
   @ /vapps/rhel9/x86_64/spack/root/opt/spack/linux-rhel9-haswell/gcc-13.2.0/julia-1.11.7-6bmogflhr2w6mi2zerinukr2gpnpr2rs/juliaup/julia-1.11.7+0.x64.linux.gnu/share/julia/stdlib/v1.11/Test/src/Test.jl:1709 [inlined]
 [4] top-level scope
   @ ~/FastMultipole-023/test/cuda_radix_integration_test.jl:13
CUDA radix fmm! integration (task 023): Test Failed at /home/rander39/FastMultipole-023/test/cuda_radix_integration_test.jl:742
  Expression: isapprox(view(dops, :, :, k), hplan.operators[k]; rtol = geom_tol, atol = geom_tol)
   Evaluated: isapprox(Float32[1.5713484 -1.0792935f-7 … 0.0 0.0; -1.0792935f-7 -3.8798726 … -8.132462f16 -8.132462f16; … ; 0.0 0.0 … NaN Inf; 0.0 0.0 … Inf NaN], Float32[1.5713484 -1.0792935f-7 … 0.0 0.0; -1.0792935f-7 -3.8798726 … -8.132462f16 -8.132462f16; … ; 0.0 0.0 … NaN Inf; 0.0 0.0 … Inf NaN]; rtol = 5.0f-5, atol = 5.0f-5)

Stacktrace:
 [1] macro expansion
   @ /vapps/rhel9/x86_64/spack/root/opt/spack/linux-rhel9-haswell/gcc-13.2.0/julia-1.11.7-6bmogflhr2w6mi2zerinukr2gpnpr2rs/juliaup/julia-1.11.7+0.x64.linux.gnu/share/julia/stdlib/v1.11/Test/src/Test.jl:680 [inlined]
 [2] macro expansion
   @ ~/FastMultipole-023/test/cuda_radix_integration_test.jl:742 [inlined]
 [3] macro expansion
   @ /vapps/rhel9/x86_64/spack/root/opt/spack/linux-rhel9-haswell/gcc-13.2.0/julia-1.11.7-6bmogflhr2w6mi2zerinukr2gpnpr2rs/juliaup/julia-1.11.7+0.x64.linux.gnu/share/julia/stdlib/v1.11/Test/src/Test.jl:1709 [inlined]
 [4] top-level scope
   @ ~/FastMultipole-023/test/cuda_radix_integration_test.jl:13
CUDA radix fmm! integration (task 023): Test Failed at /home/rander39/FastMultipole-023/test/cuda_radix_integration_test.jl:741
  Expression: isapprox(view(dops, :, :, k), Kref; rtol = geom_tol, atol = geom_tol)
   Evaluated: isapprox(Float32[1.8490006 -1.4944062f-7 … 0.0 0.0; -1.4944062f-7 -6.321368 … 1.0974838f18 2.3386018f17; … ; 0.0 0.0 … NaN Inf; 0.0 0.0 … Inf NaN], Float32[1.8490006 -1.4944062f-7 … 0.0 0.0; -1.4944062f-7 -6.321368 … 1.0974838f18 2.3386018f17; … ; 0.0 0.0 … NaN Inf; 0.0 0.0 … Inf NaN]; rtol = 5.0f-5, atol = 5.0f-5)

Stacktrace:
 [1] macro expansion
   @ /vapps/rhel9/x86_64/spack/root/opt/spack/linux-rhel9-haswell/gcc-13.2.0/julia-1.11.7-6bmogflhr2w6mi2zerinukr2gpnpr2rs/juliaup/julia-1.11.7+0.x64.linux.gnu/share/julia/stdlib/v1.11/Test/src/Test.jl:680 [inlined]
 [2] macro expansion
   @ ~/FastMultipole-023/test/cuda_radix_integration_test.jl:741 [inlined]
 [3] macro expansion
   @ /vapps/rhel9/x86_64/spack/root/opt/spack/linux-rhel9-haswell/gcc-13.2.0/julia-1.11.7-6bmogflhr2w6mi2zerinukr2gpnpr2rs/juliaup/julia-1.11.7+0.x64.linux.gnu/share/julia/stdlib/v1.11/Test/src/Test.jl:1709 [inlined]
 [4] top-level scope
   @ ~/FastMultipole-023/test/cuda_radix_integration_test.jl:13
CUDA radix fmm! integration (task 023): Test Failed at /home/rander39/FastMultipole-023/test/cuda_radix_integration_test.jl:742
  Expression: isapprox(view(dops, :, :, k), hplan.operators[k]; rtol = geom_tol, atol = geom_tol)
   Evaluated: isapprox(Float32[1.8490006 -1.4944062f-7 … 0.0 0.0; -1.4944062f-7 -6.321368 … 1.0974838f18 2.3386018f17; … ; 0.0 0.0 … NaN Inf; 0.0 0.0 … Inf NaN], Float32[1.8490006 -1.4944062f-7 … 0.0 0.0; -1.4944062f-7 -6.321368 … 1.0974838f18 2.3386018f17; … ; 0.0 0.0 … NaN Inf; 0.0 0.0 … Inf NaN]; rtol = 5.0f-5, atol = 5.0f-5)

Stacktrace:
 [1] macro expansion
   @ /vapps/rhel9/x86_64/spack/root/opt/spack/linux-rhel9-haswell/gcc-13.2.0/julia-1.11.7-6bmogflhr2w6mi2zerinukr2gpnpr2rs/juliaup/julia-1.11.7+0.x64.linux.gnu/share/julia/stdlib/v1.11/Test/src/Test.jl:680 [inlined]
 [2] macro expansion
   @ ~/FastMultipole-023/test/cuda_radix_integration_test.jl:742 [inlined]
 [3] macro expansion
   @ /vapps/rhel9/x86_64/spack/root/opt/spack/linux-rhel9-haswell/gcc-13.2.0/julia-1.11.7-6bmogflhr2w6mi2zerinukr2gpnpr2rs/juliaup/julia-1.11.7+0.x64.linux.gnu/share/julia/stdlib/v1.11/Test/src/Test.jl:1709 [inlined]
 [4] top-level scope
   @ ~/FastMultipole-023/test/cuda_radix_integration_test.jl:13
CUDA radix fmm! integration (task 023): Test Failed at /home/rander39/FastMultipole-023/test/cuda_radix_integration_test.jl:741
  Expression: isapprox(view(dops, :, :, k), Kref; rtol = geom_tol, atol = geom_tol)
   Evaluated: isapprox(Float32[2.108185 -1.9427281f-7 … 0.0 0.0; -1.9427281f-7 -9.369709 … -6.076475f18 -3.557306f18; … ; 0.0 0.0 … NaN NaN; 0.0 0.0 … NaN NaN], Float32[2.108185 -1.9427281f-7 … 0.0 0.0; -1.9427281f-7 -9.369709 … -6.076475f18 -3.557306f18; … ; 0.0 0.0 … NaN NaN; 0.0 0.0 … NaN NaN]; rtol = 5.0f-5, atol = 5.0f-5)

Stacktrace:
 [1] macro expansion
   @ /vapps/rhel9/x86_64/spack/root/opt/spack/linux-rhel9-haswell/gcc-13.2.0/julia-1.11.7-6bmogflhr2w6mi2zerinukr2gpnpr2rs/juliaup/julia-1.11.7+0.x64.linux.gnu/share/julia/stdlib/v1.11/Test/src/Test.jl:680 [inlined]
 [2] macro expansion
   @ ~/FastMultipole-023/test/cuda_radix_integration_test.jl:741 [inlined]
 [3] macro expansion
   @ /vapps/rhel9/x86_64/spack/root/opt/spack/linux-rhel9-haswell/gcc-13.2.0/julia-1.11.7-6bmogflhr2w6mi2zerinukr2gpnpr2rs/juliaup/julia-1.11.7+0.x64.linux.gnu/share/julia/stdlib/v1.11/Test/src/Test.jl:1709 [inlined]
 [4] top-level scope
   @ ~/FastMultipole-023/test/cuda_radix_integration_test.jl:13
CUDA radix fmm! integration (task 023): Test Failed at /home/rander39/FastMultipole-023/test/cuda_radix_integration_test.jl:742
  Expression: isapprox(view(dops, :, :, k), hplan.operators[k]; rtol = geom_tol, atol = geom_tol)
   Evaluated: isapprox(Float32[2.108185 -1.9427281f-7 … 0.0 0.0; -1.9427281f-7 -9.369709 … -6.076475f18 -3.557306f18; … ; 0.0 0.0 … NaN NaN; 0.0 0.0 … NaN NaN], Float32[2.108185 -1.9427281f-7 … 0.0 0.0; -1.9427281f-7 -9.369709 … -6.076475f18 -3.557306f18; … ; 0.0 0.0 … NaN NaN; 0.0 0.0 … NaN NaN]; rtol = 5.0f-5, atol = 5.0f-5)

Stacktrace:
 [1] macro expansion
   @ /vapps/rhel9/x86_64/spack/root/opt/spack/linux-rhel9-haswell/gcc-13.2.0/julia-1.11.7-6bmogflhr2w6mi2zerinukr2gpnpr2rs/juliaup/julia-1.11.7+0.x64.linux.gnu/share/julia/stdlib/v1.11/Test/src/Test.jl:680 [inlined]
 [2] macro expansion
   @ ~/FastMultipole-023/test/cuda_radix_integration_test.jl:742 [inlined]
 [3] macro expansion
   @ /vapps/rhel9/x86_64/spack/root/opt/spack/linux-rhel9-haswell/gcc-13.2.0/julia-1.11.7-6bmogflhr2w6mi2zerinukr2gpnpr2rs/juliaup/julia-1.11.7+0.x64.linux.gnu/share/julia/stdlib/v1.11/Test/src/Test.jl:1709 [inlined]
 [4] top-level scope
   @ ~/FastMultipole-023/test/cuda_radix_integration_test.jl:13
CUDA radix fmm! integration (task 023): Test Failed at /home/rander39/FastMultipole-023/test/cuda_radix_integration_test.jl:741
  Expression: isapprox(view(dops, :, :, k), Kref; rtol = geom_tol, atol = geom_tol)
   Evaluated: isapprox(Float32[2.108185 -1.9427281f-7 … 0.0 0.0; -1.9427281f-7 -9.369709 … 6.076474f18 -3.5573f18; … ; 0.0 0.0 … NaN NaN; 0.0 0.0 … NaN NaN], Float32[2.108185 -1.9427281f-7 … 0.0 0.0; -1.9427281f-7 -9.369709 … 6.076474f18 -3.5573f18; … ; 0.0 0.0 … NaN NaN; 0.0 0.0 … NaN NaN]; rtol = 5.0f-5, atol = 5.0f-5)

Stacktrace:
 [1] macro expansion
   @ /vapps/rhel9/x86_64/spack/root/opt/spack/linux-rhel9-haswell/gcc-13.2.0/julia-1.11.7-6bmogflhr2w6mi2zerinukr2gpnpr2rs/juliaup/julia-1.11.7+0.x64.linux.gnu/share/julia/stdlib/v1.11/Test/src/Test.jl:680 [inlined]
 [2] macro expansion
   @ ~/FastMultipole-023/test/cuda_radix_integration_test.jl:741 [inlined]
 [3] macro expansion
   @ /vapps/rhel9/x86_64/spack/root/opt/spack/linux-rhel9-haswell/gcc-13.2.0/julia-1.11.7-6bmogflhr2w6mi2zerinukr2gpnpr2rs/juliaup/julia-1.11.7+0.x64.linux.gnu/share/julia/stdlib/v1.11/Test/src/Test.jl:1709 [inlined]
 [4] top-level scope
   @ ~/FastMultipole-023/test/cuda_radix_integration_test.jl:13
CUDA radix fmm! integration (task 023): Test Failed at /home/rander39/FastMultipole-023/test/cuda_radix_integration_test.jl:742
  Expression: isapprox(view(dops, :, :, k), hplan.operators[k]; rtol = geom_tol, atol = geom_tol)
   Evaluated: isapprox(Float32[2.108185 -1.9427281f-7 … 0.0 0.0; -1.9427281f-7 -9.369709 … 6.076474f18 -3.5573f18; … ; 0.0 0.0 … NaN NaN; 0.0 0.0 … NaN NaN], Float32[2.108185 -1.9427281f-7 … 0.0 0.0; -1.9427281f-7 -9.369709 … 6.076474f18 -3.5573f18; … ; 0.0 0.0 … NaN NaN; 0.0 0.0 … NaN NaN]; rtol = 5.0f-5, atol = 5.0f-5)

Stacktrace:
 [1] macro expansion
   @ /vapps/rhel9/x86_64/spack/root/opt/spack/linux-rhel9-haswell/gcc-13.2.0/julia-1.11.7-6bmogflhr2w6mi2zerinukr2gpnpr2rs/juliaup/julia-1.11.7+0.x64.linux.gnu/share/julia/stdlib/v1.11/Test/src/Test.jl:680 [inlined]
 [2] macro expansion
   @ ~/FastMultipole-023/test/cuda_radix_integration_test.jl:742 [inlined]
 [3] macro expansion
   @ /vapps/rhel9/x86_64/spack/root/opt/spack/linux-rhel9-haswell/gcc-13.2.0/julia-1.11.7-6bmogflhr2w6mi2zerinukr2gpnpr2rs/juliaup/julia-1.11.7+0.x64.linux.gnu/share/julia/stdlib/v1.11/Test/src/Test.jl:1709 [inlined]
 [4] top-level scope
   @ ~/FastMultipole-023/test/cuda_radix_integration_test.jl:13
CUDA radix fmm! integration (task 023): Test Failed at /home/rander39/FastMultipole-023/test/cuda_radix_integration_test.jl:741
  Expression: isapprox(view(dops, :, :, k), Kref; rtol = geom_tol, atol = geom_tol)
   Evaluated: isapprox(Float32[1.8490006 -1.4944062f-7 … 0.0 0.0; -1.4944062f-7 -6.321368 … -1.0974842f18 2.3386087f17; … ; 0.0 0.0 … NaN -Inf; 0.0 0.0 … -Inf NaN], Float32[1.8490006 -1.4944062f-7 … 0.0 0.0; -1.4944062f-7 -6.321368 … -1.0974842f18 2.3386087f17; … ; 0.0 0.0 … NaN -Inf; 0.0 0.0 … -Inf NaN]; rtol = 5.0f-5, atol = 5.0f-5)

Stacktrace:
 [1] macro expansion
   @ /vapps/rhel9/x86_64/spack/root/opt/spack/linux-rhel9-haswell/gcc-13.2.0/julia-1.11.7-6bmogflhr2w6mi2zerinukr2gpnpr2rs/juliaup/julia-1.11.7+0.x64.linux.gnu/share/julia/stdlib/v1.11/Test/src/Test.jl:680 [inlined]
 [2] macro expansion
   @ ~/FastMultipole-023/test/cuda_radix_integration_test.jl:741 [inlined]
 [3] macro expansion
   @ /vapps/rhel9/x86_64/spack/root/opt/spack/linux-rhel9-haswell/gcc-13.2.0/julia-1.11.7-6bmogflhr2w6mi2zerinukr2gpnpr2rs/juliaup/julia-1.11.7+0.x64.linux.gnu/share/julia/stdlib/v1.11/Test/src/Test.jl:1709 [inlined]
 [4] top-level scope
   @ ~/FastMultipole-023/test/cuda_radix_integration_test.jl:13
CUDA radix fmm! integration (task 023): Test Failed at /home/rander39/FastMultipole-023/test/cuda_radix_integration_test.jl:742
  Expression: isapprox(view(dops, :, :, k), hplan.operators[k]; rtol = geom_tol, atol = geom_tol)
   Evaluated: isapprox(Float32[1.8490006 -1.4944062f-7 … 0.0 0.0; -1.4944062f-7 -6.321368 … -1.0974842f18 2.3386087f17; … ; 0.0 0.0 … NaN -Inf; 0.0 0.0 … -Inf NaN], Float32[1.8490006 -1.4944062f-7 … 0.0 0.0; -1.4944062f-7 -6.321368 … -1.0974842f18 2.3386087f17; … ; 0.0 0.0 … NaN -Inf; 0.0 0.0 … -Inf NaN]; rtol = 5.0f-5, atol = 5.0f-5)

Stacktrace:
 [1] macro expansion
   @ /vapps/rhel9/x86_64/spack/root/opt/spack/linux-rhel9-haswell/gcc-13.2.0/julia-1.11.7-6bmogflhr2w6mi2zerinukr2gpnpr2rs/juliaup/julia-1.11.7+0.x64.linux.gnu/share/julia/stdlib/v1.11/Test/src/Test.jl:680 [inlined]
 [2] macro expansion
   @ ~/FastMultipole-023/test/cuda_radix_integration_test.jl:742 [inlined]
 [3] macro expansion
   @ /vapps/rhel9/x86_64/spack/root/opt/spack/linux-rhel9-haswell/gcc-13.2.0/julia-1.11.7-6bmogflhr2w6mi2zerinukr2gpnpr2rs/juliaup/julia-1.11.7+0.x64.linux.gnu/share/julia/stdlib/v1.11/Test/src/Test.jl:1709 [inlined]
 [4] top-level scope
   @ ~/FastMultipole-023/test/cuda_radix_integration_test.jl:13
CUDA radix fmm! integration (task 023): Test Failed at /home/rander39/FastMultipole-023/test/cuda_radix_integration_test.jl:741
  Expression: isapprox(view(dops, :, :, k), Kref; rtol = geom_tol, atol = geom_tol)
   Evaluated: isapprox(Float32[1.5713484 -1.0792935f-7 … 0.0 0.0; -1.0792935f-7 -3.8798726 … 8.132462f16 -8.132462f16; … ; 0.0 0.0 … NaN -Inf; 0.0 0.0 … -Inf NaN], Float32[1.5713484 -1.0792935f-7 … 0.0 0.0; -1.0792935f-7 -3.8798726 … 8.132462f16 -8.132462f16; … ; 0.0 0.0 … NaN -Inf; 0.0 0.0 … -Inf NaN]; rtol = 5.0f-5, atol = 5.0f-5)

Stacktrace:
 [1] macro expansion
   @ /vapps/rhel9/x86_64/spack/root/opt/spack/linux-rhel9-haswell/gcc-13.2.0/julia-1.11.7-6bmogflhr2w6mi2zerinukr2gpnpr2rs/juliaup/julia-1.11.7+0.x64.linux.gnu/share/julia/stdlib/v1.11/Test/src/Test.jl:680 [inlined]
 [2] macro expansion
   @ ~/FastMultipole-023/test/cuda_radix_integration_test.jl:741 [inlined]
 [3] macro expansion
   @ /vapps/rhel9/x86_64/spack/root/opt/spack/linux-rhel9-haswell/gcc-13.2.0/julia-1.11.7-6bmogflhr2w6mi2zerinukr2gpnpr2rs/juliaup/julia-1.11.7+0.x64.linux.gnu/share/julia/stdlib/v1.11/Test/src/Test.jl:1709 [inlined]
 [4] top-level scope
   @ ~/FastMultipole-023/test/cuda_radix_integration_test.jl:13
CUDA radix fmm! integration (task 023): Test Failed at /home/rander39/FastMultipole-023/test/cuda_radix_integration_test.jl:742
  Expression: isapprox(view(dops, :, :, k), hplan.operators[k]; rtol = geom_tol, atol = geom_tol)
   Evaluated: isapprox(Float32[1.5713484 -1.0792935f-7 … 0.0 0.0; -1.0792935f-7 -3.8798726 … 8.132462f16 -8.132462f16; … ; 0.0 0.0 … NaN -Inf; 0.0 0.0 … -Inf NaN], Float32[1.5713484 -1.0792935f-7 … 0.0 0.0; -1.0792935f-7 -3.8798726 … 8.132462f16 -8.132462f16; … ; 0.0 0.0 … NaN -Inf; 0.0 0.0 … -Inf NaN]; rtol = 5.0f-5, atol = 5.0f-5)

Stacktrace:
 [1] macro expansion
   @ /vapps/rhel9/x86_64/spack/root/opt/spack/linux-rhel9-haswell/gcc-13.2.0/julia-1.11.7-6bmogflhr2w6mi2zerinukr2gpnpr2rs/juliaup/julia-1.11.7+0.x64.linux.gnu/share/julia/stdlib/v1.11/Test/src/Test.jl:680 [inlined]
 [2] macro expansion
   @ ~/FastMultipole-023/test/cuda_radix_integration_test.jl:742 [inlined]
 [3] macro expansion
   @ /vapps/rhel9/x86_64/spack/root/opt/spack/linux-rhel9-haswell/gcc-13.2.0/julia-1.11.7-6bmogflhr2w6mi2zerinukr2gpnpr2rs/juliaup/julia-1.11.7+0.x64.linux.gnu/share/julia/stdlib/v1.11/Test/src/Test.jl:1709 [inlined]
 [4] top-level scope
   @ ~/FastMultipole-023/test/cuda_radix_integration_test.jl:13
CUDA radix fmm! integration (task 023): Test Failed at /home/rander39/FastMultipole-023/test/cuda_radix_integration_test.jl:741
  Expression: isapprox(view(dops, :, :, k), Kref; rtol = geom_tol, atol = geom_tol)
   Evaluated: isapprox(Float32[1.7817415 0.84844804 … 0.0 0.0; 0.84844804 -4.444253 … 4.03557f17 -8.599299f16; … ; 0.0 0.0 … NaN NaN; 0.0 0.0 … NaN NaN], Float32[1.7817415 0.84844804 … 0.0 0.0; 0.84844804 -4.444253 … 4.03557f17 -8.599299f16; … ; 0.0 0.0 … NaN NaN; 0.0 0.0 … NaN NaN]; rtol = 5.0f-5, atol = 5.0f-5)

Stacktrace:
 [1] macro expansion
   @ /vapps/rhel9/x86_64/spack/root/opt/spack/linux-rhel9-haswell/gcc-13.2.0/julia-1.11.7-6bmogflhr2w6mi2zerinukr2gpnpr2rs/juliaup/julia-1.11.7+0.x64.linux.gnu/share/julia/stdlib/v1.11/Test/src/Test.jl:680 [inlined]
 [2] macro expansion
   @ ~/FastMultipole-023/test/cuda_radix_integration_test.jl:741 [inlined]
 [3] macro expansion
   @ /vapps/rhel9/x86_64/spack/root/opt/spack/linux-rhel9-haswell/gcc-13.2.0/julia-1.11.7-6bmogflhr2w6mi2zerinukr2gpnpr2rs/juliaup/julia-1.11.7+0.x64.linux.gnu/share/julia/stdlib/v1.11/Test/src/Test.jl:1709 [inlined]
 [4] top-level scope
   @ ~/FastMultipole-023/test/cuda_radix_integration_test.jl:13
CUDA radix fmm! integration (task 023): Test Failed at /home/rander39/FastMultipole-023/test/cuda_radix_integration_test.jl:742
  Expression: isapprox(view(dops, :, :, k), hplan.operators[k]; rtol = geom_tol, atol = geom_tol)
   Evaluated: isapprox(Float32[1.7817415 0.84844804 … 0.0 0.0; 0.84844804 -4.444253 … 4.03557f17 -8.599299f16; … ; 0.0 0.0 … NaN NaN; 0.0 0.0 … NaN NaN], Float32[1.7817415 0.84844804 … 0.0 0.0; 0.84844804 -4.444253 … 4.03557f17 -8.599299f16; … ; 0.0 0.0 … NaN NaN; 0.0 0.0 … NaN NaN]; rtol = 5.0f-5, atol = 5.0f-5)

Stacktrace:
 [1] macro expansion
   @ /vapps/rhel9/x86_64/spack/root/opt/spack/linux-rhel9-haswell/gcc-13.2.0/julia-1.11.7-6bmogflhr2w6mi2zerinukr2gpnpr2rs/juliaup/julia-1.11.7+0.x64.linux.gnu/share/julia/stdlib/v1.11/Test/src/Test.jl:680 [inlined]
 [2] macro expansion
   @ ~/FastMultipole-023/test/cuda_radix_integration_test.jl:742 [inlined]
 [3] macro expansion
   @ /vapps/rhel9/x86_64/spack/root/opt/spack/linux-rhel9-haswell/gcc-13.2.0/julia-1.11.7-6bmogflhr2w6mi2zerinukr2gpnpr2rs/juliaup/julia-1.11.7+0.x64.linux.gnu/share/julia/stdlib/v1.11/Test/src/Test.jl:1709 [inlined]
 [4] top-level scope
   @ ~/FastMultipole-023/test/cuda_radix_integration_test.jl:13
CUDA radix fmm! integration (task 023): Test Failed at /home/rander39/FastMultipole-023/test/cuda_radix_integration_test.jl:741
  Expression: isapprox(view(dops, :, :, k), Kref; rtol = geom_tol, atol = geom_tol)
   Evaluated: isapprox(Float32[2.0100756 1.2182274 … 0.0 0.0; 1.2182274 -5.9065585 … -1.6782265f18 9.8247164f17; … ; 0.0 0.0 … NaN NaN; 0.0 0.0 … NaN NaN], Float32[2.0100756 1.2182274 … 0.0 0.0; 1.2182274 -5.9065585 … -1.6782265f18 9.8247164f17; … ; 0.0 0.0 … NaN NaN; 0.0 0.0 … NaN NaN]; rtol = 5.0f-5, atol = 5.0f-5)

Stacktrace:
 [1] macro expansion
   @ /vapps/rhel9/x86_64/spack/root/opt/spack/linux-rhel9-haswell/gcc-13.2.0/julia-1.11.7-6bmogflhr2w6mi2zerinukr2gpnpr2rs/juliaup/julia-1.11.7+0.x64.linux.gnu/share/julia/stdlib/v1.11/Test/src/Test.jl:680 [inlined]
 [2] macro expansion
   @ ~/FastMultipole-023/test/cuda_radix_integration_test.jl:741 [inlined]
 [3] macro expansion
   @ /vapps/rhel9/x86_64/spack/root/opt/spack/linux-rhel9-haswell/gcc-13.2.0/julia-1.11.7-6bmogflhr2w6mi2zerinukr2gpnpr2rs/juliaup/julia-1.11.7+0.x64.linux.gnu/share/julia/stdlib/v1.11/Test/src/Test.jl:1709 [inlined]
 [4] top-level scope
   @ ~/FastMultipole-023/test/cuda_radix_integration_test.jl:13
CUDA radix fmm! integration (task 023): Test Failed at /home/rander39/FastMultipole-023/test/cuda_radix_integration_test.jl:742
  Expression: isapprox(view(dops, :, :, k), hplan.operators[k]; rtol = geom_tol, atol = geom_tol)
   Evaluated: isapprox(Float32[2.0100756 1.2182274 … 0.0 0.0; 1.2182274 -5.9065585 … -1.6782265f18 9.8247164f17; … ; 0.0 0.0 … NaN NaN; 0.0 0.0 … NaN NaN], Float32[2.0100756 1.2182274 … 0.0 0.0; 1.2182274 -5.9065585 … -1.6782265f18 9.8247164f17; … ; 0.0 0.0 … NaN NaN; 0.0 0.0 … NaN NaN]; rtol = 5.0f-5, atol = 5.0f-5)

Stacktrace:
 [1] macro expansion
   @ /vapps/rhel9/x86_64/spack/root/opt/spack/linux-rhel9-haswell/gcc-13.2.0/julia-1.11.7-6bmogflhr2w6mi2zerinukr2gpnpr2rs/juliaup/julia-1.11.7+0.x64.linux.gnu/share/julia/stdlib/v1.11/Test/src/Test.jl:680 [inlined]
 [2] macro expansion
   @ ~/FastMultipole-023/test/cuda_radix_integration_test.jl:742 [inlined]
 [3] macro expansion
   @ /vapps/rhel9/x86_64/spack/root/opt/spack/linux-rhel9-haswell/gcc-13.2.0/julia-1.11.7-6bmogflhr2w6mi2zerinukr2gpnpr2rs/juliaup/julia-1.11.7+0.x64.linux.gnu/share/julia/stdlib/v1.11/Test/src/Test.jl:1709 [inlined]
 [4] top-level scope
   @ ~/FastMultipole-023/test/cuda_radix_integration_test.jl:13
CUDA radix fmm! integration (task 023): Test Failed at /home/rander39/FastMultipole-023/test/cuda_radix_integration_test.jl:741
  Expression: isapprox(view(dops, :, :, k), Kref; rtol = geom_tol, atol = geom_tol)
   Evaluated: isapprox(Float32[2.108185 1.4054567 … 0.0 0.0; 1.4054567 -6.558796 … 2.0172449f12 -3.5499366f18; … ; 0.0 0.0 … NaN NaN; 0.0 0.0 … NaN NaN], Float32[2.108185 1.4054567 … 0.0 0.0; 1.4054567 -6.558796 … 2.0172449f12 -3.5499366f18; … ; 0.0 0.0 … NaN NaN; 0.0 0.0 … NaN NaN]; rtol = 5.0f-5, atol = 5.0f-5)

Stacktrace:
 [1] macro expansion
   @ /vapps/rhel9/x86_64/spack/root/opt/spack/linux-rhel9-haswell/gcc-13.2.0/julia-1.11.7-6bmogflhr2w6mi2zerinukr2gpnpr2rs/juliaup/julia-1.11.7+0.x64.linux.gnu/share/julia/stdlib/v1.11/Test/src/Test.jl:680 [inlined]
 [2] macro expansion
   @ ~/FastMultipole-023/test/cuda_radix_integration_test.jl:741 [inlined]
 [3] macro expansion
   @ /vapps/rhel9/x86_64/spack/root/opt/spack/linux-rhel9-haswell/gcc-13.2.0/julia-1.11.7-6bmogflhr2w6mi2zerinukr2gpnpr2rs/juliaup/julia-1.11.7+0.x64.linux.gnu/share/julia/stdlib/v1.11/Test/src/Test.jl:1709 [inlined]
 [4] top-level scope
   @ ~/FastMultipole-023/test/cuda_radix_integration_test.jl:13
CUDA radix fmm! integration (task 023): Test Failed at /home/rander39/FastMultipole-023/test/cuda_radix_integration_test.jl:742
  Expression: isapprox(view(dops, :, :, k), hplan.operators[k]; rtol = geom_tol, atol = geom_tol)
   Evaluated: isapprox(Float32[2.108185 1.4054567 … 0.0 0.0; 1.4054567 -6.558796 … 2.0172449f12 -3.5499366f18; … ; 0.0 0.0 … NaN NaN; 0.0 0.0 … NaN NaN], Float32[2.108185 1.4054567 … 0.0 0.0; 1.4054567 -6.558796 … 2.0172449f12 -3.5499366f18; … ; 0.0 0.0 … NaN NaN; 0.0 0.0 … NaN NaN]; rtol = 5.0f-5, atol = 5.0f-5)

Stacktrace:
 [1] macro expansion
   @ /vapps/rhel9/x86_64/spack/root/opt/spack/linux-rhel9-haswell/gcc-13.2.0/julia-1.11.7-6bmogflhr2w6mi2zerinukr2gpnpr2rs/juliaup/julia-1.11.7+0.x64.linux.gnu/share/julia/stdlib/v1.11/Test/src/Test.jl:680 [inlined]
 [2] macro expansion
   @ ~/FastMultipole-023/test/cuda_radix_integration_test.jl:742 [inlined]
 [3] macro expansion
   @ /vapps/rhel9/x86_64/spack/root/opt/spack/linux-rhel9-haswell/gcc-13.2.0/julia-1.11.7-6bmogflhr2w6mi2zerinukr2gpnpr2rs/juliaup/julia-1.11.7+0.x64.linux.gnu/share/julia/stdlib/v1.11/Test/src/Test.jl:1709 [inlined]
 [4] top-level scope
   @ ~/FastMultipole-023/test/cuda_radix_integration_test.jl:13
CUDA radix fmm! integration (task 023): Test Failed at /home/rander39/FastMultipole-023/test/cuda_radix_integration_test.jl:741
  Expression: isapprox(view(dops, :, :, k), Kref; rtol = geom_tol, atol = geom_tol)
   Evaluated: isapprox(Float32[2.0100756 1.2182274 … 0.0 0.0; 1.2182274 -5.9065585 … 1.6782261f18 9.824701f17; … ; 0.0 0.0 … NaN NaN; 0.0 0.0 … NaN NaN], Float32[2.0100756 1.2182274 … 0.0 0.0; 1.2182274 -5.9065585 … 1.6782261f18 9.824701f17; … ; 0.0 0.0 … NaN NaN; 0.0 0.0 … NaN NaN]; rtol = 5.0f-5, atol = 5.0f-5)

Stacktrace:
 [1] macro expansion
   @ /vapps/rhel9/x86_64/spack/root/opt/spack/linux-rhel9-haswell/gcc-13.2.0/julia-1.11.7-6bmogflhr2w6mi2zerinukr2gpnpr2rs/juliaup/julia-1.11.7+0.x64.linux.gnu/share/julia/stdlib/v1.11/Test/src/Test.jl:680 [inlined]
 [2] macro expansion
   @ ~/FastMultipole-023/test/cuda_radix_integration_test.jl:741 [inlined]
 [3] macro expansion
   @ /vapps/rhel9/x86_64/spack/root/opt/spack/linux-rhel9-haswell/gcc-13.2.0/julia-1.11.7-6bmogflhr2w6mi2zerinukr2gpnpr2rs/juliaup/julia-1.11.7+0.x64.linux.gnu/share/julia/stdlib/v1.11/Test/src/Test.jl:1709 [inlined]
 [4] top-level scope
   @ ~/FastMultipole-023/test/cuda_radix_integration_test.jl:13
CUDA radix fmm! integration (task 023): Test Failed at /home/rander39/FastMultipole-023/test/cuda_radix_integration_test.jl:742
  Expression: isapprox(view(dops, :, :, k), hplan.operators[k]; rtol = geom_tol, atol = geom_tol)
   Evaluated: isapprox(Float32[2.0100756 1.2182274 … 0.0 0.0; 1.2182274 -5.9065585 … 1.6782261f18 9.824701f17; … ; 0.0 0.0 … NaN NaN; 0.0 0.0 … NaN NaN], Float32[2.0100756 1.2182274 … 0.0 0.0; 1.2182274 -5.9065585 … 1.6782261f18 9.824701f17; … ; 0.0 0.0 … NaN NaN; 0.0 0.0 … NaN NaN]; rtol = 5.0f-5, atol = 5.0f-5)

Stacktrace:
 [1] macro expansion
   @ /vapps/rhel9/x86_64/spack/root/opt/spack/linux-rhel9-haswell/gcc-13.2.0/julia-1.11.7-6bmogflhr2w6mi2zerinukr2gpnpr2rs/juliaup/julia-1.11.7+0.x64.linux.gnu/share/julia/stdlib/v1.11/Test/src/Test.jl:680 [inlined]
 [2] macro expansion
   @ ~/FastMultipole-023/test/cuda_radix_integration_test.jl:742 [inlined]
 [3] macro expansion
   @ /vapps/rhel9/x86_64/spack/root/opt/spack/linux-rhel9-haswell/gcc-13.2.0/julia-1.11.7-6bmogflhr2w6mi2zerinukr2gpnpr2rs/juliaup/julia-1.11.7+0.x64.linux.gnu/share/julia/stdlib/v1.11/Test/src/Test.jl:1709 [inlined]
 [4] top-level scope
   @ ~/FastMultipole-023/test/cuda_radix_integration_test.jl:13
CUDA radix fmm! integration (task 023): Test Failed at /home/rander39/FastMultipole-023/test/cuda_radix_integration_test.jl:741
  Expression: isapprox(view(dops, :, :, k), Kref; rtol = geom_tol, atol = geom_tol)
   Evaluated: isapprox(Float32[1.7817415 0.84844804 … 0.0 0.0; 0.84844804 -4.444253 … -4.0355715f17 -8.599325f16; … ; 0.0 0.0 … NaN NaN; 0.0 0.0 … NaN NaN], Float32[1.7817415 0.84844804 … 0.0 0.0; 0.84844804 -4.444253 … -4.0355715f17 -8.599325f16; … ; 0.0 0.0 … NaN NaN; 0.0 0.0 … NaN NaN]; rtol = 5.0f-5, atol = 5.0f-5)

Stacktrace:
 [1] macro expansion
   @ /vapps/rhel9/x86_64/spack/root/opt/spack/linux-rhel9-haswell/gcc-13.2.0/julia-1.11.7-6bmogflhr2w6mi2zerinukr2gpnpr2rs/juliaup/julia-1.11.7+0.x64.linux.gnu/share/julia/stdlib/v1.11/Test/src/Test.jl:680 [inlined]
 [2] macro expansion
   @ ~/FastMultipole-023/test/cuda_radix_integration_test.jl:741 [inlined]
 [3] macro expansion
   @ /vapps/rhel9/x86_64/spack/root/opt/spack/linux-rhel9-haswell/gcc-13.2.0/julia-1.11.7-6bmogflhr2w6mi2zerinukr2gpnpr2rs/juliaup/julia-1.11.7+0.x64.linux.gnu/share/julia/stdlib/v1.11/Test/src/Test.jl:1709 [inlined]
 [4] top-level scope
   @ ~/FastMultipole-023/test/cuda_radix_integration_test.jl:13
CUDA radix fmm! integration (task 023): Test Failed at /home/rander39/FastMultipole-023/test/cuda_radix_integration_test.jl:742
  Expression: isapprox(view(dops, :, :, k), hplan.operators[k]; rtol = geom_tol, atol = geom_tol)
   Evaluated: isapprox(Float32[1.7817415 0.84844804 … 0.0 0.0; 0.84844804 -4.444253 … -4.0355715f17 -8.599325f16; … ; 0.0 0.0 … NaN NaN; 0.0 0.0 … NaN NaN], Float32[1.7817415 0.84844804 … 0.0 0.0; 0.84844804 -4.444253 … -4.0355715f17 -8.599325f16; … ; 0.0 0.0 … NaN NaN; 0.0 0.0 … NaN NaN]; rtol = 5.0f-5, atol = 5.0f-5)

Stacktrace:
 [1] macro expansion
   @ /vapps/rhel9/x86_64/spack/root/opt/spack/linux-rhel9-haswell/gcc-13.2.0/julia-1.11.7-6bmogflhr2w6mi2zerinukr2gpnpr2rs/juliaup/julia-1.11.7+0.x64.linux.gnu/share/julia/stdlib/v1.11/Test/src/Test.jl:680 [inlined]
 [2] macro expansion
   @ ~/FastMultipole-023/test/cuda_radix_integration_test.jl:742 [inlined]
 [3] macro expansion
   @ /vapps/rhel9/x86_64/spack/root/opt/spack/linux-rhel9-haswell/gcc-13.2.0/julia-1.11.7-6bmogflhr2w6mi2zerinukr2gpnpr2rs/juliaup/julia-1.11.7+0.x64.linux.gnu/share/julia/stdlib/v1.11/Test/src/Test.jl:1709 [inlined]
 [4] top-level scope
   @ ~/FastMultipole-023/test/cuda_radix_integration_test.jl:13
CUDA radix fmm! integration (task 023): Test Failed at /home/rander39/FastMultipole-023/test/cuda_radix_integration_test.jl:741
  Expression: isapprox(view(dops, :, :, k), Kref; rtol = geom_tol, atol = geom_tol)
   Evaluated: isapprox(Float32[1.7817415 0.84844804 … 0.0 0.0; 0.84844804 -4.444253 … 8.599325f16 -4.0355715f17; … ; 0.0 0.0 … NaN NaN; 0.0 0.0 … NaN NaN], Float32[1.7817415 0.84844804 … 0.0 0.0; 0.84844804 -4.444253 … 8.599325f16 -4.0355715f17; … ; 0.0 0.0 … NaN NaN; 0.0 0.0 … NaN NaN]; rtol = 5.0f-5, atol = 5.0f-5)

Stacktrace:
 [1] macro expansion
   @ /vapps/rhel9/x86_64/spack/root/opt/spack/linux-rhel9-haswell/gcc-13.2.0/julia-1.11.7-6bmogflhr2w6mi2zerinukr2gpnpr2rs/juliaup/julia-1.11.7+0.x64.linux.gnu/share/julia/stdlib/v1.11/Test/src/Test.jl:680 [inlined]
 [2] macro expansion
   @ ~/FastMultipole-023/test/cuda_radix_integration_test.jl:741 [inlined]
 [3] macro expansion
   @ /vapps/rhel9/x86_64/spack/root/opt/spack/linux-rhel9-haswell/gcc-13.2.0/julia-1.11.7-6bmogflhr2w6mi2zerinukr2gpnpr2rs/juliaup/julia-1.11.7+0.x64.linux.gnu/share/julia/stdlib/v1.11/Test/src/Test.jl:1709 [inlined]
 [4] top-level scope
   @ ~/FastMultipole-023/test/cuda_radix_integration_test.jl:13
CUDA radix fmm! integration (task 023): Test Failed at /home/rander39/FastMultipole-023/test/cuda_radix_integration_test.jl:742
  Expression: isapprox(view(dops, :, :, k), hplan.operators[k]; rtol = geom_tol, atol = geom_tol)
   Evaluated: isapprox(Float32[1.7817415 0.84844804 … 0.0 0.0; 0.84844804 -4.444253 … 8.599325f16 -4.0355715f17; … ; 0.0 0.0 … NaN NaN; 0.0 0.0 … NaN NaN], Float32[1.7817415 0.84844804 … 0.0 0.0; 0.84844804 -4.444253 … 8.599325f16 -4.0355715f17; … ; 0.0 0.0 … NaN NaN; 0.0 0.0 … NaN NaN]; rtol = 5.0f-5, atol = 5.0f-5)

Stacktrace:
 [1] macro expansion
   @ /vapps/rhel9/x86_64/spack/root/opt/spack/linux-rhel9-haswell/gcc-13.2.0/julia-1.11.7-6bmogflhr2w6mi2zerinukr2gpnpr2rs/juliaup/julia-1.11.7+0.x64.linux.gnu/share/julia/stdlib/v1.11/Test/src/Test.jl:680 [inlined]
 [2] macro expansion
   @ ~/FastMultipole-023/test/cuda_radix_integration_test.jl:742 [inlined]
 [3] macro expansion
   @ /vapps/rhel9/x86_64/spack/root/opt/spack/linux-rhel9-haswell/gcc-13.2.0/julia-1.11.7-6bmogflhr2w6mi2zerinukr2gpnpr2rs/juliaup/julia-1.11.7+0.x64.linux.gnu/share/julia/stdlib/v1.11/Test/src/Test.jl:1709 [inlined]
 [4] top-level scope
   @ ~/FastMultipole-023/test/cuda_radix_integration_test.jl:13
CUDA radix fmm! integration (task 023): Test Failed at /home/rander39/FastMultipole-023/test/cuda_radix_integration_test.jl:741
  Expression: isapprox(view(dops, :, :, k), Kref; rtol = geom_tol, atol = geom_tol)
   Evaluated: isapprox(Float32[1.7817415 0.84844804 … 0.0 0.0; 0.84844804 -4.444253 … -8.599299f16 -4.03557f17; … ; 0.0 0.0 … NaN NaN; 0.0 0.0 … NaN NaN], Float32[1.7817415 0.84844804 … 0.0 0.0; 0.84844804 -4.444253 … -8.599299f16 -4.03557f17; … ; 0.0 0.0 … NaN NaN; 0.0 0.0 … NaN NaN]; rtol = 5.0f-5, atol = 5.0f-5)

Stacktrace:
 [1] macro expansion
   @ /vapps/rhel9/x86_64/spack/root/opt/spack/linux-rhel9-haswell/gcc-13.2.0/julia-1.11.7-6bmogflhr2w6mi2zerinukr2gpnpr2rs/juliaup/julia-1.11.7+0.x64.linux.gnu/share/julia/stdlib/v1.11/Test/src/Test.jl:680 [inlined]
 [2] macro expansion
   @ ~/FastMultipole-023/test/cuda_radix_integration_test.jl:741 [inlined]
 [3] macro expansion
   @ /vapps/rhel9/x86_64/spack/root/opt/spack/linux-rhel9-haswell/gcc-13.2.0/julia-1.11.7-6bmogflhr2w6mi2zerinukr2gpnpr2rs/juliaup/julia-1.11.7+0.x64.linux.gnu/share/julia/stdlib/v1.11/Test/src/Test.jl:1709 [inlined]
 [4] top-level scope
   @ ~/FastMultipole-023/test/cuda_radix_integration_test.jl:13
CUDA radix fmm! integration (task 023): Test Failed at /home/rander39/FastMultipole-023/test/cuda_radix_integration_test.jl:742
  Expression: isapprox(view(dops, :, :, k), hplan.operators[k]; rtol = geom_tol, atol = geom_tol)
   Evaluated: isapprox(Float32[1.7817415 0.84844804 … 0.0 0.0; 0.84844804 -4.444253 … -8.599299f16 -4.03557f17; … ; 0.0 0.0 … NaN NaN; 0.0 0.0 … NaN NaN], Float32[1.7817415 0.84844804 … 0.0 0.0; 0.84844804 -4.444253 … -8.599299f16 -4.03557f17; … ; 0.0 0.0 … NaN NaN; 0.0 0.0 … NaN NaN]; rtol = 5.0f-5, atol = 5.0f-5)

Stacktrace:
 [1] macro expansion
   @ /vapps/rhel9/x86_64/spack/root/opt/spack/linux-rhel9-haswell/gcc-13.2.0/julia-1.11.7-6bmogflhr2w6mi2zerinukr2gpnpr2rs/juliaup/julia-1.11.7+0.x64.linux.gnu/share/julia/stdlib/v1.11/Test/src/Test.jl:680 [inlined]
 [2] macro expansion
   @ ~/FastMultipole-023/test/cuda_radix_integration_test.jl:742 [inlined]
 [3] macro expansion
   @ /vapps/rhel9/x86_64/spack/root/opt/spack/linux-rhel9-haswell/gcc-13.2.0/julia-1.11.7-6bmogflhr2w6mi2zerinukr2gpnpr2rs/juliaup/julia-1.11.7+0.x64.linux.gnu/share/julia/stdlib/v1.11/Test/src/Test.jl:1709 [inlined]
 [4] top-level scope
   @ ~/FastMultipole-023/test/cuda_radix_integration_test.jl:13
CUDA radix fmm! integration (task 023): Test Failed at /home/rander39/FastMultipole-023/test/cuda_radix_integration_test.jl:741
  Expression: isapprox(view(dops, :, :, k), Kref; rtol = geom_tol, atol = geom_tol)
   Evaluated: isapprox(Float32[2.0100756 1.2182274 … 0.0 0.0; 1.2182274 -5.9065585 … -9.8247164f17 1.6782265f18; … ; 0.0 0.0 … NaN NaN; 0.0 0.0 … NaN NaN], Float32[2.0100756 1.2182274 … 0.0 0.0; 1.2182274 -5.9065585 … -9.8247164f17 1.6782265f18; … ; 0.0 0.0 … NaN NaN; 0.0 0.0 … NaN NaN]; rtol = 5.0f-5, atol = 5.0f-5)

Stacktrace:
 [1] macro expansion
   @ /vapps/rhel9/x86_64/spack/root/opt/spack/linux-rhel9-haswell/gcc-13.2.0/julia-1.11.7-6bmogflhr2w6mi2zerinukr2gpnpr2rs/juliaup/julia-1.11.7+0.x64.linux.gnu/share/julia/stdlib/v1.11/Test/src/Test.jl:680 [inlined]
 [2] macro expansion
   @ ~/FastMultipole-023/test/cuda_radix_integration_test.jl:741 [inlined]
 [3] macro expansion
   @ /vapps/rhel9/x86_64/spack/root/opt/spack/linux-rhel9-haswell/gcc-13.2.0/julia-1.11.7-6bmogflhr2w6mi2zerinukr2gpnpr2rs/juliaup/julia-1.11.7+0.x64.linux.gnu/share/julia/stdlib/v1.11/Test/src/Test.jl:1709 [inlined]
 [4] top-level scope
   @ ~/FastMultipole-023/test/cuda_radix_integration_test.jl:13
CUDA radix fmm! integration (task 023): Test Failed at /home/rander39/FastMultipole-023/test/cuda_radix_integration_test.jl:742
  Expression: isapprox(view(dops, :, :, k), hplan.operators[k]; rtol = geom_tol, atol = geom_tol)
   Evaluated: isapprox(Float32[2.0100756 1.2182274 … 0.0 0.0; 1.2182274 -5.9065585 … -9.8247164f17 1.6782265f18; … ; 0.0 0.0 … NaN NaN; 0.0 0.0 … NaN NaN], Float32[2.0100756 1.2182274 … 0.0 0.0; 1.2182274 -5.9065585 … -9.8247164f17 1.6782265f18; … ; 0.0 0.0 … NaN NaN; 0.0 0.0 … NaN NaN]; rtol = 5.0f-5, atol = 5.0f-5)

Stacktrace:
 [1] macro expansion
   @ /vapps/rhel9/x86_64/spack/root/opt/spack/linux-rhel9-haswell/gcc-13.2.0/julia-1.11.7-6bmogflhr2w6mi2zerinukr2gpnpr2rs/juliaup/julia-1.11.7+0.x64.linux.gnu/share/julia/stdlib/v1.11/Test/src/Test.jl:680 [inlined]
 [2] macro expansion
   @ ~/FastMultipole-023/test/cuda_radix_integration_test.jl:742 [inlined]
 [3] macro expansion
   @ /vapps/rhel9/x86_64/spack/root/opt/spack/linux-rhel9-haswell/gcc-13.2.0/julia-1.11.7-6bmogflhr2w6mi2zerinukr2gpnpr2rs/juliaup/julia-1.11.7+0.x64.linux.gnu/share/julia/stdlib/v1.11/Test/src/Test.jl:1709 [inlined]
 [4] top-level scope
   @ ~/FastMultipole-023/test/cuda_radix_integration_test.jl:13
CUDA radix fmm! integration (task 023): Test Failed at /home/rander39/FastMultipole-023/test/cuda_radix_integration_test.jl:741
  Expression: isapprox(view(dops, :, :, k), Kref; rtol = geom_tol, atol = geom_tol)
   Evaluated: isapprox(Float32[2.0100756 1.2182274 … 0.0 0.0; 1.2182274 -5.9065585 … 9.8247164f17 1.6782265f18; … ; 0.0 0.0 … NaN NaN; 0.0 0.0 … NaN NaN], Float32[2.0100756 1.2182274 … 0.0 0.0; 1.2182274 -5.9065585 … 9.8247164f17 1.6782265f18; … ; 0.0 0.0 … NaN NaN; 0.0 0.0 … NaN NaN]; rtol = 5.0f-5, atol = 5.0f-5)

Stacktrace:
 [1] macro expansion
   @ /vapps/rhel9/x86_64/spack/root/opt/spack/linux-rhel9-haswell/gcc-13.2.0/julia-1.11.7-6bmogflhr2w6mi2zerinukr2gpnpr2rs/juliaup/julia-1.11.7+0.x64.linux.gnu/share/julia/stdlib/v1.11/Test/src/Test.jl:680 [inlined]
 [2] macro expansion
   @ ~/FastMultipole-023/test/cuda_radix_integration_test.jl:741 [inlined]
 [3] macro expansion
   @ /vapps/rhel9/x86_64/spack/root/opt/spack/linux-rhel9-haswell/gcc-13.2.0/julia-1.11.7-6bmogflhr2w6mi2zerinukr2gpnpr2rs/juliaup/julia-1.11.7+0.x64.linux.gnu/share/julia/stdlib/v1.11/Test/src/Test.jl:1709 [inlined]
 [4] top-level scope
   @ ~/FastMultipole-023/test/cuda_radix_integration_test.jl:13
CUDA radix fmm! integration (task 023): Test Failed at /home/rander39/FastMultipole-023/test/cuda_radix_integration_test.jl:742
  Expression: isapprox(view(dops, :, :, k), hplan.operators[k]; rtol = geom_tol, atol = geom_tol)
   Evaluated: isapprox(Float32[2.0100756 1.2182274 … 0.0 0.0; 1.2182274 -5.9065585 … 9.8247164f17 1.6782265f18; … ; 0.0 0.0 … NaN NaN; 0.0 0.0 … NaN NaN], Float32[2.0100756 1.2182274 … 0.0 0.0; 1.2182274 -5.9065585 … 9.8247164f17 1.6782265f18; … ; 0.0 0.0 … NaN NaN; 0.0 0.0 … NaN NaN]; rtol = 5.0f-5, atol = 5.0f-5)

Stacktrace:
 [1] macro expansion
   @ /vapps/rhel9/x86_64/spack/root/opt/spack/linux-rhel9-haswell/gcc-13.2.0/julia-1.11.7-6bmogflhr2w6mi2zerinukr2gpnpr2rs/juliaup/julia-1.11.7+0.x64.linux.gnu/share/julia/stdlib/v1.11/Test/src/Test.jl:680 [inlined]
 [2] macro expansion
   @ ~/FastMultipole-023/test/cuda_radix_integration_test.jl:742 [inlined]
 [3] macro expansion
   @ /vapps/rhel9/x86_64/spack/root/opt/spack/linux-rhel9-haswell/gcc-13.2.0/julia-1.11.7-6bmogflhr2w6mi2zerinukr2gpnpr2rs/juliaup/julia-1.11.7+0.x64.linux.gnu/share/julia/stdlib/v1.11/Test/src/Test.jl:1709 [inlined]
 [4] top-level scope
   @ ~/FastMultipole-023/test/cuda_radix_integration_test.jl:13
CUDA radix fmm! integration (task 023): Test Failed at /home/rander39/FastMultipole-023/test/cuda_radix_integration_test.jl:741
  Expression: isapprox(view(dops, :, :, k), Kref; rtol = geom_tol, atol = geom_tol)
   Evaluated: isapprox(Float32[2.108185 1.4054567 … 0.0 0.0; 1.4054567 -6.558796 … 3.5499366f18 -4.0344897f12; … ; 0.0 0.0 … NaN NaN; 0.0 0.0 … NaN NaN], Float32[2.108185 1.4054567 … 0.0 0.0; 1.4054567 -6.558796 … 3.5499366f18 -4.0344897f12; … ; 0.0 0.0 … NaN NaN; 0.0 0.0 … NaN NaN]; rtol = 5.0f-5, atol = 5.0f-5)

Stacktrace:
 [1] macro expansion
   @ /vapps/rhel9/x86_64/spack/root/opt/spack/linux-rhel9-haswell/gcc-13.2.0/julia-1.11.7-6bmogflhr2w6mi2zerinukr2gpnpr2rs/juliaup/julia-1.11.7+0.x64.linux.gnu/share/julia/stdlib/v1.11/Test/src/Test.jl:680 [inlined]
 [2] macro expansion
   @ ~/FastMultipole-023/test/cuda_radix_integration_test.jl:741 [inlined]
 [3] macro expansion
   @ /vapps/rhel9/x86_64/spack/root/opt/spack/linux-rhel9-haswell/gcc-13.2.0/julia-1.11.7-6bmogflhr2w6mi2zerinukr2gpnpr2rs/juliaup/julia-1.11.7+0.x64.linux.gnu/share/julia/stdlib/v1.11/Test/src/Test.jl:1709 [inlined]
 [4] top-level scope
   @ ~/FastMultipole-023/test/cuda_radix_integration_test.jl:13
CUDA radix fmm! integration (task 023): Test Failed at /home/rander39/FastMultipole-023/test/cuda_radix_integration_test.jl:742
  Expression: isapprox(view(dops, :, :, k), hplan.operators[k]; rtol = geom_tol, atol = geom_tol)
   Evaluated: isapprox(Float32[2.108185 1.4054567 … 0.0 0.0; 1.4054567 -6.558796 … 3.5499366f18 -4.0344897f12; … ; 0.0 0.0 … NaN NaN; 0.0 0.0 … NaN NaN], Float32[2.108185 1.4054567 … 0.0 0.0; 1.4054567 -6.558796 … 3.5499366f18 -4.0344897f12; … ; 0.0 0.0 … NaN NaN; 0.0 0.0 … NaN NaN]; rtol = 5.0f-5, atol = 5.0f-5)

Stacktrace:
 [1] macro expansion
   @ /vapps/rhel9/x86_64/spack/root/opt/spack/linux-rhel9-haswell/gcc-13.2.0/julia-1.11.7-6bmogflhr2w6mi2zerinukr2gpnpr2rs/juliaup/julia-1.11.7+0.x64.linux.gnu/share/julia/stdlib/v1.11/Test/src/Test.jl:680 [inlined]
 [2] macro expansion
   @ ~/FastMultipole-023/test/cuda_radix_integration_test.jl:742 [inlined]
 [3] macro expansion
   @ /vapps/rhel9/x86_64/spack/root/opt/spack/linux-rhel9-haswell/gcc-13.2.0/julia-1.11.7-6bmogflhr2w6mi2zerinukr2gpnpr2rs/juliaup/julia-1.11.7+0.x64.linux.gnu/share/julia/stdlib/v1.11/Test/src/Test.jl:1709 [inlined]
 [4] top-level scope
   @ ~/FastMultipole-023/test/cuda_radix_integration_test.jl:13
CUDA radix fmm! integration (task 023): Test Failed at /home/rander39/FastMultipole-023/test/cuda_radix_integration_test.jl:741
  Expression: isapprox(view(dops, :, :, k), Kref; rtol = geom_tol, atol = geom_tol)
   Evaluated: isapprox(Float32[2.108185 1.4054567 … 0.0 0.0; 1.4054567 -6.558796 … -3.5499366f18 0.0; … ; 0.0 0.0 … NaN NaN; 0.0 0.0 … NaN NaN], Float32[2.108185 1.4054567 … 0.0 0.0; 1.4054567 -6.558796 … -3.5499366f18 0.0; … ; 0.0 0.0 … NaN NaN; 0.0 0.0 … NaN NaN]; rtol = 5.0f-5, atol = 5.0f-5)

Stacktrace:
 [1] macro expansion
   @ /vapps/rhel9/x86_64/spack/root/opt/spack/linux-rhel9-haswell/gcc-13.2.0/julia-1.11.7-6bmogflhr2w6mi2zerinukr2gpnpr2rs/juliaup/julia-1.11.7+0.x64.linux.gnu/share/julia/stdlib/v1.11/Test/src/Test.jl:680 [inlined]
 [2] macro expansion
   @ ~/FastMultipole-023/test/cuda_radix_integration_test.jl:741 [inlined]
 [3] macro expansion
   @ /vapps/rhel9/x86_64/spack/root/opt/spack/linux-rhel9-haswell/gcc-13.2.0/julia-1.11.7-6bmogflhr2w6mi2zerinukr2gpnpr2rs/juliaup/julia-1.11.7+0.x64.linux.gnu/share/julia/stdlib/v1.11/Test/src/Test.jl:1709 [inlined]
 [4] top-level scope
   @ ~/FastMultipole-023/test/cuda_radix_integration_test.jl:13
CUDA radix fmm! integration (task 023): Test Failed at /home/rander39/FastMultipole-023/test/cuda_radix_integration_test.jl:742
  Expression: isapprox(view(dops, :, :, k), hplan.operators[k]; rtol = geom_tol, atol = geom_tol)
   Evaluated: isapprox(Float32[2.108185 1.4054567 … 0.0 0.0; 1.4054567 -6.558796 … -3.5499366f18 0.0; … ; 0.0 0.0 … NaN NaN; 0.0 0.0 … NaN NaN], Float32[2.108185 1.4054567 … 0.0 0.0; 1.4054567 -6.558796 … -3.5499366f18 0.0; … ; 0.0 0.0 … NaN NaN; 0.0 0.0 … NaN NaN]; rtol = 5.0f-5, atol = 5.0f-5)

Stacktrace:
 [1] macro expansion
   @ /vapps/rhel9/x86_64/spack/root/opt/spack/linux-rhel9-haswell/gcc-13.2.0/julia-1.11.7-6bmogflhr2w6mi2zerinukr2gpnpr2rs/juliaup/julia-1.11.7+0.x64.linux.gnu/share/julia/stdlib/v1.11/Test/src/Test.jl:680 [inlined]
 [2] macro expansion
   @ ~/FastMultipole-023/test/cuda_radix_integration_test.jl:742 [inlined]
 [3] macro expansion
   @ /vapps/rhel9/x86_64/spack/root/opt/spack/linux-rhel9-haswell/gcc-13.2.0/julia-1.11.7-6bmogflhr2w6mi2zerinukr2gpnpr2rs/juliaup/julia-1.11.7+0.x64.linux.gnu/share/julia/stdlib/v1.11/Test/src/Test.jl:1709 [inlined]
 [4] top-level scope
   @ ~/FastMultipole-023/test/cuda_radix_integration_test.jl:13
CUDA radix fmm! integration (task 023): Test Failed at /home/rander39/FastMultipole-023/test/cuda_radix_integration_test.jl:741
  Expression: isapprox(view(dops, :, :, k), Kref; rtol = geom_tol, atol = geom_tol)
   Evaluated: isapprox(Float32[1.6169041 0.6340802 … 0.0 0.0; 0.6340802 -3.4812233 … -1.1570806f17 0.0; … ; 0.0 0.0 … Inf NaN; 0.0 0.0 … NaN -Inf], Float32[1.6169041 0.6340802 … 0.0 0.0; 0.6340802 -3.4812233 … -1.1570806f17 0.0; … ; 0.0 0.0 … Inf NaN; 0.0 0.0 … NaN -Inf]; rtol = 5.0f-5, atol = 5.0f-5)

Stacktrace:
 [1] macro expansion
   @ /vapps/rhel9/x86_64/spack/root/opt/spack/linux-rhel9-haswell/gcc-13.2.0/julia-1.11.7-6bmogflhr2w6mi2zerinukr2gpnpr2rs/juliaup/julia-1.11.7+0.x64.linux.gnu/share/julia/stdlib/v1.11/Test/src/Test.jl:680 [inlined]
 [2] macro expansion
   @ ~/FastMultipole-023/test/cuda_radix_integration_test.jl:741 [inlined]
 [3] macro expansion
   @ /vapps/rhel9/x86_64/spack/root/opt/spack/linux-rhel9-haswell/gcc-13.2.0/julia-1.11.7-6bmogflhr2w6mi2zerinukr2gpnpr2rs/juliaup/julia-1.11.7+0.x64.linux.gnu/share/julia/stdlib/v1.11/Test/src/Test.jl:1709 [inlined]
 [4] top-level scope
   @ ~/FastMultipole-023/test/cuda_radix_integration_test.jl:13
CUDA radix fmm! integration (task 023): Test Failed at /home/rander39/FastMultipole-023/test/cuda_radix_integration_test.jl:742
  Expression: isapprox(view(dops, :, :, k), hplan.operators[k]; rtol = geom_tol, atol = geom_tol)
   Evaluated: isapprox(Float32[1.6169041 0.6340802 … 0.0 0.0; 0.6340802 -3.4812233 … -1.1570806f17 0.0; … ; 0.0 0.0 … Inf NaN; 0.0 0.0 … NaN -Inf], Float32[1.6169041 0.6340802 … 0.0 0.0; 0.6340802 -3.4812233 … -1.1570806f17 0.0; … ; 0.0 0.0 … Inf NaN; 0.0 0.0 … NaN -Inf]; rtol = 5.0f-5, atol = 5.0f-5)

Stacktrace:
 [1] macro expansion
   @ /vapps/rhel9/x86_64/spack/root/opt/spack/linux-rhel9-haswell/gcc-13.2.0/julia-1.11.7-6bmogflhr2w6mi2zerinukr2gpnpr2rs/juliaup/julia-1.11.7+0.x64.linux.gnu/share/julia/stdlib/v1.11/Test/src/Test.jl:680 [inlined]
 [2] macro expansion
   @ ~/FastMultipole-023/test/cuda_radix_integration_test.jl:742 [inlined]
 [3] macro expansion
   @ /vapps/rhel9/x86_64/spack/root/opt/spack/linux-rhel9-haswell/gcc-13.2.0/julia-1.11.7-6bmogflhr2w6mi2zerinukr2gpnpr2rs/juliaup/julia-1.11.7+0.x64.linux.gnu/share/julia/stdlib/v1.11/Test/src/Test.jl:1709 [inlined]
 [4] top-level scope
   @ ~/FastMultipole-023/test/cuda_radix_integration_test.jl:13
CUDA radix fmm! integration (task 023): Test Failed at /home/rander39/FastMultipole-023/test/cuda_radix_integration_test.jl:741
  Expression: isapprox(view(dops, :, :, k), Kref; rtol = geom_tol, atol = geom_tol)
   Evaluated: isapprox(Float32[2.0100756 1.2182274 … 0.0 0.0; 1.2182274 -5.9065585 … -9.8247164f17 -1.6782265f18; … ; 0.0 0.0 … NaN NaN; 0.0 0.0 … NaN NaN], Float32[2.0100756 1.2182274 … 0.0 0.0; 1.2182274 -5.9065585 … -9.8247164f17 -1.6782265f18; … ; 0.0 0.0 … NaN NaN; 0.0 0.0 … NaN NaN]; rtol = 5.0f-5, atol = 5.0f-5)

Stacktrace:
 [1] macro expansion
   @ /vapps/rhel9/x86_64/spack/root/opt/spack/linux-rhel9-haswell/gcc-13.2.0/julia-1.11.7-6bmogflhr2w6mi2zerinukr2gpnpr2rs/juliaup/julia-1.11.7+0.x64.linux.gnu/share/julia/stdlib/v1.11/Test/src/Test.jl:680 [inlined]
 [2] macro expansion
   @ ~/FastMultipole-023/test/cuda_radix_integration_test.jl:741 [inlined]
 [3] macro expansion
   @ /vapps/rhel9/x86_64/spack/root/opt/spack/linux-rhel9-haswell/gcc-13.2.0/julia-1.11.7-6bmogflhr2w6mi2zerinukr2gpnpr2rs/juliaup/julia-1.11.7+0.x64.linux.gnu/share/julia/stdlib/v1.11/Test/src/Test.jl:1709 [inlined]
 [4] top-level scope
   @ ~/FastMultipole-023/test/cuda_radix_integration_test.jl:13
CUDA radix fmm! integration (task 023): Test Failed at /home/rander39/FastMultipole-023/test/cuda_radix_integration_test.jl:742
  Expression: isapprox(view(dops, :, :, k), hplan.operators[k]; rtol = geom_tol, atol = geom_tol)
   Evaluated: isapprox(Float32[2.0100756 1.2182274 … 0.0 0.0; 1.2182274 -5.9065585 … -9.8247164f17 -1.6782265f18; … ; 0.0 0.0 … NaN NaN; 0.0 0.0 … NaN NaN], Float32[2.0100756 1.2182274 … 0.0 0.0; 1.2182274 -5.9065585 … -9.8247164f17 -1.6782265f18; … ; 0.0 0.0 … NaN NaN; 0.0 0.0 … NaN NaN]; rtol = 5.0f-5, atol = 5.0f-5)

Stacktrace:
 [1] macro expansion
   @ /vapps/rhel9/x86_64/spack/root/opt/spack/linux-rhel9-haswell/gcc-13.2.0/julia-1.11.7-6bmogflhr2w6mi2zerinukr2gpnpr2rs/juliaup/julia-1.11.7+0.x64.linux.gnu/share/julia/stdlib/v1.11/Test/src/Test.jl:680 [inlined]
 [2] macro expansion
   @ ~/FastMultipole-023/test/cuda_radix_integration_test.jl:742 [inlined]
 [3] macro expansion
   @ /vapps/rhel9/x86_64/spack/root/opt/spack/linux-rhel9-haswell/gcc-13.2.0/julia-1.11.7-6bmogflhr2w6mi2zerinukr2gpnpr2rs/juliaup/julia-1.11.7+0.x64.linux.gnu/share/julia/stdlib/v1.11/Test/src/Test.jl:1709 [inlined]
 [4] top-level scope
   @ ~/FastMultipole-023/test/cuda_radix_integration_test.jl:13
CUDA radix fmm! integration (task 023): Test Failed at /home/rander39/FastMultipole-023/test/cuda_radix_integration_test.jl:741
  Expression: isapprox(view(dops, :, :, k), Kref; rtol = geom_tol, atol = geom_tol)
   Evaluated: isapprox(Float32[2.0100756 1.2182274 … 0.0 0.0; 1.2182274 -5.9065585 … 9.8247164f17 -1.6782265f18; … ; 0.0 0.0 … NaN NaN; 0.0 0.0 … NaN NaN], Float32[2.0100756 1.2182274 … 0.0 0.0; 1.2182274 -5.9065585 … 9.8247164f17 -1.6782265f18; … ; 0.0 0.0 … NaN NaN; 0.0 0.0 … NaN NaN]; rtol = 5.0f-5, atol = 5.0f-5)

Stacktrace:
 [1] macro expansion
   @ /vapps/rhel9/x86_64/spack/root/opt/spack/linux-rhel9-haswell/gcc-13.2.0/julia-1.11.7-6bmogflhr2w6mi2zerinukr2gpnpr2rs/juliaup/julia-1.11.7+0.x64.linux.gnu/share/julia/stdlib/v1.11/Test/src/Test.jl:680 [inlined]
 [2] macro expansion
   @ ~/FastMultipole-023/test/cuda_radix_integration_test.jl:741 [inlined]
 [3] macro expansion
   @ /vapps/rhel9/x86_64/spack/root/opt/spack/linux-rhel9-haswell/gcc-13.2.0/julia-1.11.7-6bmogflhr2w6mi2zerinukr2gpnpr2rs/juliaup/julia-1.11.7+0.x64.linux.gnu/share/julia/stdlib/v1.11/Test/src/Test.jl:1709 [inlined]
 [4] top-level scope
   @ ~/FastMultipole-023/test/cuda_radix_integration_test.jl:13
CUDA radix fmm! integration (task 023): Test Failed at /home/rander39/FastMultipole-023/test/cuda_radix_integration_test.jl:742
  Expression: isapprox(view(dops, :, :, k), hplan.operators[k]; rtol = geom_tol, atol = geom_tol)
   Evaluated: isapprox(Float32[2.0100756 1.2182274 … 0.0 0.0; 1.2182274 -5.9065585 … 9.8247164f17 -1.6782265f18; … ; 0.0 0.0 … NaN NaN; 0.0 0.0 … NaN NaN], Float32[2.0100756 1.2182274 … 0.0 0.0; 1.2182274 -5.9065585 … 9.8247164f17 -1.6782265f18; … ; 0.0 0.0 … NaN NaN; 0.0 0.0 … NaN NaN]; rtol = 5.0f-5, atol = 5.0f-5)

Stacktrace:
 [1] macro expansion
   @ /vapps/rhel9/x86_64/spack/root/opt/spack/linux-rhel9-haswell/gcc-13.2.0/julia-1.11.7-6bmogflhr2w6mi2zerinukr2gpnpr2rs/juliaup/julia-1.11.7+0.x64.linux.gnu/share/julia/stdlib/v1.11/Test/src/Test.jl:680 [inlined]
 [2] macro expansion
   @ ~/FastMultipole-023/test/cuda_radix_integration_test.jl:742 [inlined]
 [3] macro expansion
   @ /vapps/rhel9/x86_64/spack/root/opt/spack/linux-rhel9-haswell/gcc-13.2.0/julia-1.11.7-6bmogflhr2w6mi2zerinukr2gpnpr2rs/juliaup/julia-1.11.7+0.x64.linux.gnu/share/julia/stdlib/v1.11/Test/src/Test.jl:1709 [inlined]
 [4] top-level scope
   @ ~/FastMultipole-023/test/cuda_radix_integration_test.jl:13
CUDA radix fmm! integration (task 023): Test Failed at /home/rander39/FastMultipole-023/test/cuda_radix_integration_test.jl:741
  Expression: isapprox(view(dops, :, :, k), Kref; rtol = geom_tol, atol = geom_tol)
   Evaluated: isapprox(Float32[1.7817415 0.84844804 … 0.0 0.0; 0.84844804 -4.444253 … 8.599325f16 4.0355715f17; … ; 0.0 0.0 … NaN NaN; 0.0 0.0 … NaN NaN], Float32[1.7817415 0.84844804 … 0.0 0.0; 0.84844804 -4.444253 … 8.599325f16 4.0355715f17; … ; 0.0 0.0 … NaN NaN; 0.0 0.0 … NaN NaN]; rtol = 5.0f-5, atol = 5.0f-5)

Stacktrace:
 [1] macro expansion
   @ /vapps/rhel9/x86_64/spack/root/opt/spack/linux-rhel9-haswell/gcc-13.2.0/julia-1.11.7-6bmogflhr2w6mi2zerinukr2gpnpr2rs/juliaup/julia-1.11.7+0.x64.linux.gnu/share/julia/stdlib/v1.11/Test/src/Test.jl:680 [inlined]
 [2] macro expansion
   @ ~/FastMultipole-023/test/cuda_radix_integration_test.jl:741 [inlined]
 [3] macro expansion
   @ /vapps/rhel9/x86_64/spack/root/opt/spack/linux-rhel9-haswell/gcc-13.2.0/julia-1.11.7-6bmogflhr2w6mi2zerinukr2gpnpr2rs/juliaup/julia-1.11.7+0.x64.linux.gnu/share/julia/stdlib/v1.11/Test/src/Test.jl:1709 [inlined]
 [4] top-level scope
   @ ~/FastMultipole-023/test/cuda_radix_integration_test.jl:13
CUDA radix fmm! integration (task 023): Test Failed at /home/rander39/FastMultipole-023/test/cuda_radix_integration_test.jl:742
  Expression: isapprox(view(dops, :, :, k), hplan.operators[k]; rtol = geom_tol, atol = geom_tol)
   Evaluated: isapprox(Float32[1.7817415 0.84844804 … 0.0 0.0; 0.84844804 -4.444253 … 8.599325f16 4.0355715f17; … ; 0.0 0.0 … NaN NaN; 0.0 0.0 … NaN NaN], Float32[1.7817415 0.84844804 … 0.0 0.0; 0.84844804 -4.444253 … 8.599325f16 4.0355715f17; … ; 0.0 0.0 … NaN NaN; 0.0 0.0 … NaN NaN]; rtol = 5.0f-5, atol = 5.0f-5)

Stacktrace:
 [1] macro expansion
   @ /vapps/rhel9/x86_64/spack/root/opt/spack/linux-rhel9-haswell/gcc-13.2.0/julia-1.11.7-6bmogflhr2w6mi2zerinukr2gpnpr2rs/juliaup/julia-1.11.7+0.x64.linux.gnu/share/julia/stdlib/v1.11/Test/src/Test.jl:680 [inlined]
 [2] macro expansion
   @ ~/FastMultipole-023/test/cuda_radix_integration_test.jl:742 [inlined]
 [3] macro expansion
   @ /vapps/rhel9/x86_64/spack/root/opt/spack/linux-rhel9-haswell/gcc-13.2.0/julia-1.11.7-6bmogflhr2w6mi2zerinukr2gpnpr2rs/juliaup/julia-1.11.7+0.x64.linux.gnu/share/julia/stdlib/v1.11/Test/src/Test.jl:1709 [inlined]
 [4] top-level scope
   @ ~/FastMultipole-023/test/cuda_radix_integration_test.jl:13
CUDA radix fmm! integration (task 023): Test Failed at /home/rander39/FastMultipole-023/test/cuda_radix_integration_test.jl:741
  Expression: isapprox(view(dops, :, :, k), Kref; rtol = geom_tol, atol = geom_tol)
   Evaluated: isapprox(Float32[1.7817415 0.84844804 … 0.0 0.0; 0.84844804 -4.444253 … -8.599299f16 4.03557f17; … ; 0.0 0.0 … NaN NaN; 0.0 0.0 … NaN NaN], Float32[1.7817415 0.84844804 … 0.0 0.0; 0.84844804 -4.444253 … -8.599299f16 4.03557f17; … ; 0.0 0.0 … NaN NaN; 0.0 0.0 … NaN NaN]; rtol = 5.0f-5, atol = 5.0f-5)

Stacktrace:
 [1] macro expansion
   @ /vapps/rhel9/x86_64/spack/root/opt/spack/linux-rhel9-haswell/gcc-13.2.0/julia-1.11.7-6bmogflhr2w6mi2zerinukr2gpnpr2rs/juliaup/julia-1.11.7+0.x64.linux.gnu/share/julia/stdlib/v1.11/Test/src/Test.jl:680 [inlined]
 [2] macro expansion
   @ ~/FastMultipole-023/test/cuda_radix_integration_test.jl:741 [inlined]
 [3] macro expansion
   @ /vapps/rhel9/x86_64/spack/root/opt/spack/linux-rhel9-haswell/gcc-13.2.0/julia-1.11.7-6bmogflhr2w6mi2zerinukr2gpnpr2rs/juliaup/julia-1.11.7+0.x64.linux.gnu/share/julia/stdlib/v1.11/Test/src/Test.jl:1709 [inlined]
 [4] top-level scope
   @ ~/FastMultipole-023/test/cuda_radix_integration_test.jl:13
CUDA radix fmm! integration (task 023): Test Failed at /home/rander39/FastMultipole-023/test/cuda_radix_integration_test.jl:742
  Expression: isapprox(view(dops, :, :, k), hplan.operators[k]; rtol = geom_tol, atol = geom_tol)
   Evaluated: isapprox(Float32[1.7817415 0.84844804 … 0.0 0.0; 0.84844804 -4.444253 … -8.599299f16 4.03557f17; … ; 0.0 0.0 … NaN NaN; 0.0 0.0 … NaN NaN], Float32[1.7817415 0.84844804 … 0.0 0.0; 0.84844804 -4.444253 … -8.599299f16 4.03557f17; … ; 0.0 0.0 … NaN NaN; 0.0 0.0 … NaN NaN]; rtol = 5.0f-5, atol = 5.0f-5)

Stacktrace:
 [1] macro expansion
   @ /vapps/rhel9/x86_64/spack/root/opt/spack/linux-rhel9-haswell/gcc-13.2.0/julia-1.11.7-6bmogflhr2w6mi2zerinukr2gpnpr2rs/juliaup/julia-1.11.7+0.x64.linux.gnu/share/julia/stdlib/v1.11/Test/src/Test.jl:680 [inlined]
 [2] macro expansion
   @ ~/FastMultipole-023/test/cuda_radix_integration_test.jl:742 [inlined]
 [3] macro expansion
   @ /vapps/rhel9/x86_64/spack/root/opt/spack/linux-rhel9-haswell/gcc-13.2.0/julia-1.11.7-6bmogflhr2w6mi2zerinukr2gpnpr2rs/juliaup/julia-1.11.7+0.x64.linux.gnu/share/julia/stdlib/v1.11/Test/src/Test.jl:1709 [inlined]
 [4] top-level scope
   @ ~/FastMultipole-023/test/cuda_radix_integration_test.jl:13
CUDA radix fmm! integration (task 023): Test Failed at /home/rander39/FastMultipole-023/test/cuda_radix_integration_test.jl:741
  Expression: isapprox(view(dops, :, :, k), Kref; rtol = geom_tol, atol = geom_tol)
   Evaluated: isapprox(Float32[1.7817415 0.84844804 … 0.0 0.0; 0.84844804 -4.444253 … 4.03557f17 8.599299f16; … ; 0.0 0.0 … NaN NaN; 0.0 0.0 … NaN NaN], Float32[1.7817415 0.84844804 … 0.0 0.0; 0.84844804 -4.444253 … 4.03557f17 8.599299f16; … ; 0.0 0.0 … NaN NaN; 0.0 0.0 … NaN NaN]; rtol = 5.0f-5, atol = 5.0f-5)

Stacktrace:
 [1] macro expansion
   @ /vapps/rhel9/x86_64/spack/root/opt/spack/linux-rhel9-haswell/gcc-13.2.0/julia-1.11.7-6bmogflhr2w6mi2zerinukr2gpnpr2rs/juliaup/julia-1.11.7+0.x64.linux.gnu/share/julia/stdlib/v1.11/Test/src/Test.jl:680 [inlined]
 [2] macro expansion
   @ ~/FastMultipole-023/test/cuda_radix_integration_test.jl:741 [inlined]
 [3] macro expansion
   @ /vapps/rhel9/x86_64/spack/root/opt/spack/linux-rhel9-haswell/gcc-13.2.0/julia-1.11.7-6bmogflhr2w6mi2zerinukr2gpnpr2rs/juliaup/julia-1.11.7+0.x64.linux.gnu/share/julia/stdlib/v1.11/Test/src/Test.jl:1709 [inlined]
 [4] top-level scope
   @ ~/FastMultipole-023/test/cuda_radix_integration_test.jl:13
CUDA radix fmm! integration (task 023): Test Failed at /home/rander39/FastMultipole-023/test/cuda_radix_integration_test.jl:742
  Expression: isapprox(view(dops, :, :, k), hplan.operators[k]; rtol = geom_tol, atol = geom_tol)
   Evaluated: isapprox(Float32[1.7817415 0.84844804 … 0.0 0.0; 0.84844804 -4.444253 … 4.03557f17 8.599299f16; … ; 0.0 0.0 … NaN NaN; 0.0 0.0 … NaN NaN], Float32[1.7817415 0.84844804 … 0.0 0.0; 0.84844804 -4.444253 … 4.03557f17 8.599299f16; … ; 0.0 0.0 … NaN NaN; 0.0 0.0 … NaN NaN]; rtol = 5.0f-5, atol = 5.0f-5)

Stacktrace:
 [1] macro expansion
   @ /vapps/rhel9/x86_64/spack/root/opt/spack/linux-rhel9-haswell/gcc-13.2.0/julia-1.11.7-6bmogflhr2w6mi2zerinukr2gpnpr2rs/juliaup/julia-1.11.7+0.x64.linux.gnu/share/julia/stdlib/v1.11/Test/src/Test.jl:680 [inlined]
 [2] macro expansion
   @ ~/FastMultipole-023/test/cuda_radix_integration_test.jl:742 [inlined]
 [3] macro expansion
   @ /vapps/rhel9/x86_64/spack/root/opt/spack/linux-rhel9-haswell/gcc-13.2.0/julia-1.11.7-6bmogflhr2w6mi2zerinukr2gpnpr2rs/juliaup/julia-1.11.7+0.x64.linux.gnu/share/julia/stdlib/v1.11/Test/src/Test.jl:1709 [inlined]
 [4] top-level scope
   @ ~/FastMultipole-023/test/cuda_radix_integration_test.jl:13
CUDA radix fmm! integration (task 023): Test Failed at /home/rander39/FastMultipole-023/test/cuda_radix_integration_test.jl:741
  Expression: isapprox(view(dops, :, :, k), Kref; rtol = geom_tol, atol = geom_tol)
   Evaluated: isapprox(Float32[2.0100756 1.2182274 … 0.0 0.0; 1.2182274 -5.9065585 … -1.6782265f18 -9.8247164f17; … ; 0.0 0.0 … NaN NaN; 0.0 0.0 … NaN NaN], Float32[2.0100756 1.2182274 … 0.0 0.0; 1.2182274 -5.9065585 … -1.6782265f18 -9.8247164f17; … ; 0.0 0.0 … NaN NaN; 0.0 0.0 … NaN NaN]; rtol = 5.0f-5, atol = 5.0f-5)

Stacktrace:
 [1] macro expansion
   @ /vapps/rhel9/x86_64/spack/root/opt/spack/linux-rhel9-haswell/gcc-13.2.0/julia-1.11.7-6bmogflhr2w6mi2zerinukr2gpnpr2rs/juliaup/julia-1.11.7+0.x64.linux.gnu/share/julia/stdlib/v1.11/Test/src/Test.jl:680 [inlined]
 [2] macro expansion
   @ ~/FastMultipole-023/test/cuda_radix_integration_test.jl:741 [inlined]
 [3] macro expansion
   @ /vapps/rhel9/x86_64/spack/root/opt/spack/linux-rhel9-haswell/gcc-13.2.0/julia-1.11.7-6bmogflhr2w6mi2zerinukr2gpnpr2rs/juliaup/julia-1.11.7+0.x64.linux.gnu/share/julia/stdlib/v1.11/Test/src/Test.jl:1709 [inlined]
 [4] top-level scope
   @ ~/FastMultipole-023/test/cuda_radix_integration_test.jl:13
CUDA radix fmm! integration (task 023): Test Failed at /home/rander39/FastMultipole-023/test/cuda_radix_integration_test.jl:742
  Expression: isapprox(view(dops, :, :, k), hplan.operators[k]; rtol = geom_tol, atol = geom_tol)
   Evaluated: isapprox(Float32[2.0100756 1.2182274 … 0.0 0.0; 1.2182274 -5.9065585 … -1.6782265f18 -9.8247164f17; … ; 0.0 0.0 … NaN NaN; 0.0 0.0 … NaN NaN], Float32[2.0100756 1.2182274 … 0.0 0.0; 1.2182274 -5.9065585 … -1.6782265f18 -9.8247164f17; … ; 0.0 0.0 … NaN NaN; 0.0 0.0 … NaN NaN]; rtol = 5.0f-5, atol = 5.0f-5)

Stacktrace:
 [1] macro expansion
   @ /vapps/rhel9/x86_64/spack/root/opt/spack/linux-rhel9-haswell/gcc-13.2.0/julia-1.11.7-6bmogflhr2w6mi2zerinukr2gpnpr2rs/juliaup/julia-1.11.7+0.x64.linux.gnu/share/julia/stdlib/v1.11/Test/src/Test.jl:680 [inlined]
 [2] macro expansion
   @ ~/FastMultipole-023/test/cuda_radix_integration_test.jl:742 [inlined]
 [3] macro expansion
   @ /vapps/rhel9/x86_64/spack/root/opt/spack/linux-rhel9-haswell/gcc-13.2.0/julia-1.11.7-6bmogflhr2w6mi2zerinukr2gpnpr2rs/juliaup/julia-1.11.7+0.x64.linux.gnu/share/julia/stdlib/v1.11/Test/src/Test.jl:1709 [inlined]
 [4] top-level scope
   @ ~/FastMultipole-023/test/cuda_radix_integration_test.jl:13
CUDA radix fmm! integration (task 023): Test Failed at /home/rander39/FastMultipole-023/test/cuda_radix_integration_test.jl:741
  Expression: isapprox(view(dops, :, :, k), Kref; rtol = geom_tol, atol = geom_tol)
   Evaluated: isapprox(Float32[2.108185 1.4054567 … 0.0 0.0; 1.4054567 -6.558796 … 2.0172449f12 3.5499366f18; … ; 0.0 0.0 … NaN NaN; 0.0 0.0 … NaN NaN], Float32[2.108185 1.4054567 … 0.0 0.0; 1.4054567 -6.558796 … 2.0172449f12 3.5499366f18; … ; 0.0 0.0 … NaN NaN; 0.0 0.0 … NaN NaN]; rtol = 5.0f-5, atol = 5.0f-5)

Stacktrace:
 [1] macro expansion
   @ /vapps/rhel9/x86_64/spack/root/opt/spack/linux-rhel9-haswell/gcc-13.2.0/julia-1.11.7-6bmogflhr2w6mi2zerinukr2gpnpr2rs/juliaup/julia-1.11.7+0.x64.linux.gnu/share/julia/stdlib/v1.11/Test/src/Test.jl:680 [inlined]
 [2] macro expansion
   @ ~/FastMultipole-023/test/cuda_radix_integration_test.jl:741 [inlined]
 [3] macro expansion
   @ /vapps/rhel9/x86_64/spack/root/opt/spack/linux-rhel9-haswell/gcc-13.2.0/julia-1.11.7-6bmogflhr2w6mi2zerinukr2gpnpr2rs/juliaup/julia-1.11.7+0.x64.linux.gnu/share/julia/stdlib/v1.11/Test/src/Test.jl:1709 [inlined]
 [4] top-level scope
   @ ~/FastMultipole-023/test/cuda_radix_integration_test.jl:13
CUDA radix fmm! integration (task 023): Test Failed at /home/rander39/FastMultipole-023/test/cuda_radix_integration_test.jl:742
  Expression: isapprox(view(dops, :, :, k), hplan.operators[k]; rtol = geom_tol, atol = geom_tol)
   Evaluated: isapprox(Float32[2.108185 1.4054567 … 0.0 0.0; 1.4054567 -6.558796 … 2.0172449f12 3.5499366f18; … ; 0.0 0.0 … NaN NaN; 0.0 0.0 … NaN NaN], Float32[2.108185 1.4054567 … 0.0 0.0; 1.4054567 -6.558796 … 2.0172449f12 3.5499366f18; … ; 0.0 0.0 … NaN NaN; 0.0 0.0 … NaN NaN]; rtol = 5.0f-5, atol = 5.0f-5)

Stacktrace:
 [1] macro expansion
   @ /vapps/rhel9/x86_64/spack/root/opt/spack/linux-rhel9-haswell/gcc-13.2.0/julia-1.11.7-6bmogflhr2w6mi2zerinukr2gpnpr2rs/juliaup/julia-1.11.7+0.x64.linux.gnu/share/julia/stdlib/v1.11/Test/src/Test.jl:680 [inlined]
 [2] macro expansion
   @ ~/FastMultipole-023/test/cuda_radix_integration_test.jl:742 [inlined]
 [3] macro expansion
   @ /vapps/rhel9/x86_64/spack/root/opt/spack/linux-rhel9-haswell/gcc-13.2.0/julia-1.11.7-6bmogflhr2w6mi2zerinukr2gpnpr2rs/juliaup/julia-1.11.7+0.x64.linux.gnu/share/julia/stdlib/v1.11/Test/src/Test.jl:1709 [inlined]
 [4] top-level scope
   @ ~/FastMultipole-023/test/cuda_radix_integration_test.jl:13
CUDA radix fmm! integration (task 023): Test Failed at /home/rander39/FastMultipole-023/test/cuda_radix_integration_test.jl:741
  Expression: isapprox(view(dops, :, :, k), Kref; rtol = geom_tol, atol = geom_tol)
   Evaluated: isapprox(Float32[2.0100756 1.2182274 … 0.0 0.0; 1.2182274 -5.9065585 … 1.6782261f18 -9.824701f17; … ; 0.0 0.0 … NaN NaN; 0.0 0.0 … NaN NaN], Float32[2.0100756 1.2182274 … 0.0 0.0; 1.2182274 -5.9065585 … 1.6782261f18 -9.824701f17; … ; 0.0 0.0 … NaN NaN; 0.0 0.0 … NaN NaN]; rtol = 5.0f-5, atol = 5.0f-5)

Stacktrace:
 [1] macro expansion
   @ /vapps/rhel9/x86_64/spack/root/opt/spack/linux-rhel9-haswell/gcc-13.2.0/julia-1.11.7-6bmogflhr2w6mi2zerinukr2gpnpr2rs/juliaup/julia-1.11.7+0.x64.linux.gnu/share/julia/stdlib/v1.11/Test/src/Test.jl:680 [inlined]
 [2] macro expansion
   @ ~/FastMultipole-023/test/cuda_radix_integration_test.jl:741 [inlined]
 [3] macro expansion
   @ /vapps/rhel9/x86_64/spack/root/opt/spack/linux-rhel9-haswell/gcc-13.2.0/julia-1.11.7-6bmogflhr2w6mi2zerinukr2gpnpr2rs/juliaup/julia-1.11.7+0.x64.linux.gnu/share/julia/stdlib/v1.11/Test/src/Test.jl:1709 [inlined]
 [4] top-level scope
   @ ~/FastMultipole-023/test/cuda_radix_integration_test.jl:13
CUDA radix fmm! integration (task 023): Test Failed at /home/rander39/FastMultipole-023/test/cuda_radix_integration_test.jl:742
  Expression: isapprox(view(dops, :, :, k), hplan.operators[k]; rtol = geom_tol, atol = geom_tol)
   Evaluated: isapprox(Float32[2.0100756 1.2182274 … 0.0 0.0; 1.2182274 -5.9065585 … 1.6782261f18 -9.824701f17; … ; 0.0 0.0 … NaN NaN; 0.0 0.0 … NaN NaN], Float32[2.0100756 1.2182274 … 0.0 0.0; 1.2182274 -5.9065585 … 1.6782261f18 -9.824701f17; … ; 0.0 0.0 … NaN NaN; 0.0 0.0 … NaN NaN]; rtol = 5.0f-5, atol = 5.0f-5)

Stacktrace:
 [1] macro expansion
   @ /vapps/rhel9/x86_64/spack/root/opt/spack/linux-rhel9-haswell/gcc-13.2.0/julia-1.11.7-6bmogflhr2w6mi2zerinukr2gpnpr2rs/juliaup/julia-1.11.7+0.x64.linux.gnu/share/julia/stdlib/v1.11/Test/src/Test.jl:680 [inlined]
 [2] macro expansion
   @ ~/FastMultipole-023/test/cuda_radix_integration_test.jl:742 [inlined]
 [3] macro expansion
   @ /vapps/rhel9/x86_64/spack/root/opt/spack/linux-rhel9-haswell/gcc-13.2.0/julia-1.11.7-6bmogflhr2w6mi2zerinukr2gpnpr2rs/juliaup/julia-1.11.7+0.x64.linux.gnu/share/julia/stdlib/v1.11/Test/src/Test.jl:1709 [inlined]
 [4] top-level scope
   @ ~/FastMultipole-023/test/cuda_radix_integration_test.jl:13
CUDA radix fmm! integration (task 023): Test Failed at /home/rander39/FastMultipole-023/test/cuda_radix_integration_test.jl:741
  Expression: isapprox(view(dops, :, :, k), Kref; rtol = geom_tol, atol = geom_tol)
   Evaluated: isapprox(Float32[1.7817415 0.84844804 … 0.0 0.0; 0.84844804 -4.444253 … -4.0355715f17 8.599325f16; … ; 0.0 0.0 … NaN NaN; 0.0 0.0 … NaN NaN], Float32[1.7817415 0.84844804 … 0.0 0.0; 0.84844804 -4.444253 … -4.0355715f17 8.599325f16; … ; 0.0 0.0 … NaN NaN; 0.0 0.0 … NaN NaN]; rtol = 5.0f-5, atol = 5.0f-5)

Stacktrace:
 [1] macro expansion
   @ /vapps/rhel9/x86_64/spack/root/opt/spack/linux-rhel9-haswell/gcc-13.2.0/julia-1.11.7-6bmogflhr2w6mi2zerinukr2gpnpr2rs/juliaup/julia-1.11.7+0.x64.linux.gnu/share/julia/stdlib/v1.11/Test/src/Test.jl:680 [inlined]
 [2] macro expansion
   @ ~/FastMultipole-023/test/cuda_radix_integration_test.jl:741 [inlined]
 [3] macro expansion
   @ /vapps/rhel9/x86_64/spack/root/opt/spack/linux-rhel9-haswell/gcc-13.2.0/julia-1.11.7-6bmogflhr2w6mi2zerinukr2gpnpr2rs/juliaup/julia-1.11.7+0.x64.linux.gnu/share/julia/stdlib/v1.11/Test/src/Test.jl:1709 [inlined]
 [4] top-level scope
   @ ~/FastMultipole-023/test/cuda_radix_integration_test.jl:13
CUDA radix fmm! integration (task 023): Test Failed at /home/rander39/FastMultipole-023/test/cuda_radix_integration_test.jl:742
  Expression: isapprox(view(dops, :, :, k), hplan.operators[k]; rtol = geom_tol, atol = geom_tol)
   Evaluated: isapprox(Float32[1.7817415 0.84844804 … 0.0 0.0; 0.84844804 -4.444253 … -4.0355715f17 8.599325f16; … ; 0.0 0.0 … NaN NaN; 0.0 0.0 … NaN NaN], Float32[1.7817415 0.84844804 … 0.0 0.0; 0.84844804 -4.444253 … -4.0355715f17 8.599325f16; … ; 0.0 0.0 … NaN NaN; 0.0 0.0 … NaN NaN]; rtol = 5.0f-5, atol = 5.0f-5)

Stacktrace:
 [1] macro expansion
   @ /vapps/rhel9/x86_64/spack/root/opt/spack/linux-rhel9-haswell/gcc-13.2.0/julia-1.11.7-6bmogflhr2w6mi2zerinukr2gpnpr2rs/juliaup/julia-1.11.7+0.x64.linux.gnu/share/julia/stdlib/v1.11/Test/src/Test.jl:680 [inlined]
 [2] macro expansion
   @ ~/FastMultipole-023/test/cuda_radix_integration_test.jl:742 [inlined]
 [3] macro expansion
   @ /vapps/rhel9/x86_64/spack/root/opt/spack/linux-rhel9-haswell/gcc-13.2.0/julia-1.11.7-6bmogflhr2w6mi2zerinukr2gpnpr2rs/juliaup/julia-1.11.7+0.x64.linux.gnu/share/julia/stdlib/v1.11/Test/src/Test.jl:1709 [inlined]
 [4] top-level scope
   @ ~/FastMultipole-023/test/cuda_radix_integration_test.jl:13
CUDA radix fmm! integration (task 023): Test Failed at /home/rander39/FastMultipole-023/test/cuda_radix_integration_test.jl:741
  Expression: isapprox(view(dops, :, :, k), Kref; rtol = geom_tol, atol = geom_tol)
   Evaluated: isapprox(Float32[1.7817415 1.6968963 … 0.0 0.0; 1.6968963 -0.8080466 … -6.47028f16 3.787848f16; … ; 0.0 0.0 … NaN NaN; 0.0 0.0 … NaN NaN], Float32[1.7817415 1.6968963 … 0.0 0.0; 1.6968963 -0.8080466 … -6.47028f16 3.787848f16; … ; 0.0 0.0 … NaN NaN; 0.0 0.0 … NaN NaN]; rtol = 5.0f-5, atol = 5.0f-5)

Stacktrace:
 [1] macro expansion
   @ /vapps/rhel9/x86_64/spack/root/opt/spack/linux-rhel9-haswell/gcc-13.2.0/julia-1.11.7-6bmogflhr2w6mi2zerinukr2gpnpr2rs/juliaup/julia-1.11.7+0.x64.linux.gnu/share/julia/stdlib/v1.11/Test/src/Test.jl:680 [inlined]
 [2] macro expansion
   @ ~/FastMultipole-023/test/cuda_radix_integration_test.jl:741 [inlined]
 [3] macro expansion
   @ /vapps/rhel9/x86_64/spack/root/opt/spack/linux-rhel9-haswell/gcc-13.2.0/julia-1.11.7-6bmogflhr2w6mi2zerinukr2gpnpr2rs/juliaup/julia-1.11.7+0.x64.linux.gnu/share/julia/stdlib/v1.11/Test/src/Test.jl:1709 [inlined]
 [4] top-level scope
   @ ~/FastMultipole-023/test/cuda_radix_integration_test.jl:13
CUDA radix fmm! integration (task 023): Test Failed at /home/rander39/FastMultipole-023/test/cuda_radix_integration_test.jl:742
  Expression: isapprox(view(dops, :, :, k), hplan.operators[k]; rtol = geom_tol, atol = geom_tol)
   Evaluated: isapprox(Float32[1.7817415 1.6968963 … 0.0 0.0; 1.6968963 -0.8080466 … -6.47028f16 3.787848f16; … ; 0.0 0.0 … NaN NaN; 0.0 0.0 … NaN NaN], Float32[1.7817415 1.6968963 … 0.0 0.0; 1.6968963 -0.8080466 … -6.47028f16 3.787848f16; … ; 0.0 0.0 … NaN NaN; 0.0 0.0 … NaN NaN]; rtol = 5.0f-5, atol = 5.0f-5)

Stacktrace:
 [1] macro expansion
   @ /vapps/rhel9/x86_64/spack/root/opt/spack/linux-rhel9-haswell/gcc-13.2.0/julia-1.11.7-6bmogflhr2w6mi2zerinukr2gpnpr2rs/juliaup/julia-1.11.7+0.x64.linux.gnu/share/julia/stdlib/v1.11/Test/src/Test.jl:680 [inlined]
 [2] macro expansion
   @ ~/FastMultipole-023/test/cuda_radix_integration_test.jl:742 [inlined]
 [3] macro expansion
   @ /vapps/rhel9/x86_64/spack/root/opt/spack/linux-rhel9-haswell/gcc-13.2.0/julia-1.11.7-6bmogflhr2w6mi2zerinukr2gpnpr2rs/juliaup/julia-1.11.7+0.x64.linux.gnu/share/julia/stdlib/v1.11/Test/src/Test.jl:1709 [inlined]
 [4] top-level scope
   @ ~/FastMultipole-023/test/cuda_radix_integration_test.jl:13
CUDA radix fmm! integration (task 023): Test Failed at /home/rander39/FastMultipole-023/test/cuda_radix_integration_test.jl:741
  Expression: isapprox(view(dops, :, :, k), Kref; rtol = geom_tol, atol = geom_tol)
   Evaluated: isapprox(Float32[1.8490006 1.8964106 … 0.0 0.0; 1.8964106 -0.48625994 … 5.8414838f10 -1.02798135f17; … ; 0.0 0.0 … NaN NaN; 0.0 0.0 … NaN NaN], Float32[1.8490006 1.8964106 … 0.0 0.0; 1.8964106 -0.48625994 … 5.8414838f10 -1.02798135f17; … ; 0.0 0.0 … NaN NaN; 0.0 0.0 … NaN NaN]; rtol = 5.0f-5, atol = 5.0f-5)

Stacktrace:
 [1] macro expansion
   @ /vapps/rhel9/x86_64/spack/root/opt/spack/linux-rhel9-haswell/gcc-13.2.0/julia-1.11.7-6bmogflhr2w6mi2zerinukr2gpnpr2rs/juliaup/julia-1.11.7+0.x64.linux.gnu/share/julia/stdlib/v1.11/Test/src/Test.jl:680 [inlined]
 [2] macro expansion
   @ ~/FastMultipole-023/test/cuda_radix_integration_test.jl:741 [inlined]
 [3] macro expansion
   @ /vapps/rhel9/x86_64/spack/root/opt/spack/linux-rhel9-haswell/gcc-13.2.0/julia-1.11.7-6bmogflhr2w6mi2zerinukr2gpnpr2rs/juliaup/julia-1.11.7+0.x64.linux.gnu/share/julia/stdlib/v1.11/Test/src/Test.jl:1709 [inlined]
 [4] top-level scope
   @ ~/FastMultipole-023/test/cuda_radix_integration_test.jl:13
CUDA radix fmm! integration (task 023): Test Failed at /home/rander39/FastMultipole-023/test/cuda_radix_integration_test.jl:742
  Expression: isapprox(view(dops, :, :, k), hplan.operators[k]; rtol = geom_tol, atol = geom_tol)
   Evaluated: isapprox(Float32[1.8490006 1.8964106 … 0.0 0.0; 1.8964106 -0.48625994 … 5.8414838f10 -1.02798135f17; … ; 0.0 0.0 … NaN NaN; 0.0 0.0 … NaN NaN], Float32[1.8490006 1.8964106 … 0.0 0.0; 1.8964106 -0.48625994 … 5.8414838f10 -1.02798135f17; … ; 0.0 0.0 … NaN NaN; 0.0 0.0 … NaN NaN]; rtol = 5.0f-5, atol = 5.0f-5)

Stacktrace:
 [1] macro expansion
   @ /vapps/rhel9/x86_64/spack/root/opt/spack/linux-rhel9-haswell/gcc-13.2.0/julia-1.11.7-6bmogflhr2w6mi2zerinukr2gpnpr2rs/juliaup/julia-1.11.7+0.x64.linux.gnu/share/julia/stdlib/v1.11/Test/src/Test.jl:680 [inlined]
 [2] macro expansion
   @ ~/FastMultipole-023/test/cuda_radix_integration_test.jl:742 [inlined]
 [3] macro expansion
   @ /vapps/rhel9/x86_64/spack/root/opt/spack/linux-rhel9-haswell/gcc-13.2.0/julia-1.11.7-6bmogflhr2w6mi2zerinukr2gpnpr2rs/juliaup/julia-1.11.7+0.x64.linux.gnu/share/julia/stdlib/v1.11/Test/src/Test.jl:1709 [inlined]
 [4] top-level scope
   @ ~/FastMultipole-023/test/cuda_radix_integration_test.jl:13
CUDA radix fmm! integration (task 023): Test Failed at /home/rander39/FastMultipole-023/test/cuda_radix_integration_test.jl:741
  Expression: isapprox(view(dops, :, :, k), Kref; rtol = geom_tol, atol = geom_tol)
   Evaluated: isapprox(Float32[1.7817415 1.6968963 … 0.0 0.0; 1.6968963 -0.8080466 … 6.4702793f16 3.7878416f16; … ; 0.0 0.0 … NaN NaN; 0.0 0.0 … NaN NaN], Float32[1.7817415 1.6968963 … 0.0 0.0; 1.6968963 -0.8080466 … 6.4702793f16 3.7878416f16; … ; 0.0 0.0 … NaN NaN; 0.0 0.0 … NaN NaN]; rtol = 5.0f-5, atol = 5.0f-5)

Stacktrace:
 [1] macro expansion
   @ /vapps/rhel9/x86_64/spack/root/opt/spack/linux-rhel9-haswell/gcc-13.2.0/julia-1.11.7-6bmogflhr2w6mi2zerinukr2gpnpr2rs/juliaup/julia-1.11.7+0.x64.linux.gnu/share/julia/stdlib/v1.11/Test/src/Test.jl:680 [inlined]
 [2] macro expansion
   @ ~/FastMultipole-023/test/cuda_radix_integration_test.jl:741 [inlined]
 [3] macro expansion
   @ /vapps/rhel9/x86_64/spack/root/opt/spack/linux-rhel9-haswell/gcc-13.2.0/julia-1.11.7-6bmogflhr2w6mi2zerinukr2gpnpr2rs/juliaup/julia-1.11.7+0.x64.linux.gnu/share/julia/stdlib/v1.11/Test/src/Test.jl:1709 [inlined]
 [4] top-level scope
   @ ~/FastMultipole-023/test/cuda_radix_integration_test.jl:13
CUDA radix fmm! integration (task 023): Test Failed at /home/rander39/FastMultipole-023/test/cuda_radix_integration_test.jl:742
  Expression: isapprox(view(dops, :, :, k), hplan.operators[k]; rtol = geom_tol, atol = geom_tol)
   Evaluated: isapprox(Float32[1.7817415 1.6968963 … 0.0 0.0; 1.6968963 -0.8080466 … 6.4702793f16 3.7878416f16; … ; 0.0 0.0 … NaN NaN; 0.0 0.0 … NaN NaN], Float32[1.7817415 1.6968963 … 0.0 0.0; 1.6968963 -0.8080466 … 6.4702793f16 3.7878416f16; … ; 0.0 0.0 … NaN NaN; 0.0 0.0 … NaN NaN]; rtol = 5.0f-5, atol = 5.0f-5)

Stacktrace:
 [1] macro expansion
   @ /vapps/rhel9/x86_64/spack/root/opt/spack/linux-rhel9-haswell/gcc-13.2.0/julia-1.11.7-6bmogflhr2w6mi2zerinukr2gpnpr2rs/juliaup/julia-1.11.7+0.x64.linux.gnu/share/julia/stdlib/v1.11/Test/src/Test.jl:680 [inlined]
 [2] macro expansion
   @ ~/FastMultipole-023/test/cuda_radix_integration_test.jl:742 [inlined]
 [3] macro expansion
   @ /vapps/rhel9/x86_64/spack/root/opt/spack/linux-rhel9-haswell/gcc-13.2.0/julia-1.11.7-6bmogflhr2w6mi2zerinukr2gpnpr2rs/juliaup/julia-1.11.7+0.x64.linux.gnu/share/julia/stdlib/v1.11/Test/src/Test.jl:1709 [inlined]
 [4] top-level scope
   @ ~/FastMultipole-023/test/cuda_radix_integration_test.jl:13
CUDA radix fmm! integration (task 023): Test Failed at /home/rander39/FastMultipole-023/test/cuda_radix_integration_test.jl:741
  Expression: isapprox(view(dops, :, :, k), Kref; rtol = geom_tol, atol = geom_tol)
   Evaluated: isapprox(Float32[1.924501 2.1383345 … 0.0 0.0; 2.1383345 0.0 … -9.960185f16 9.960185f16; … ; 0.0 0.0 … NaN NaN; 0.0 0.0 … NaN NaN], Float32[1.924501 2.1383345 … 0.0 0.0; 2.1383345 0.0 … -9.960185f16 9.960185f16; … ; 0.0 0.0 … NaN NaN; 0.0 0.0 … NaN NaN]; rtol = 5.0f-5, atol = 5.0f-5)

Stacktrace:
 [1] macro expansion
   @ /vapps/rhel9/x86_64/spack/root/opt/spack/linux-rhel9-haswell/gcc-13.2.0/julia-1.11.7-6bmogflhr2w6mi2zerinukr2gpnpr2rs/juliaup/julia-1.11.7+0.x64.linux.gnu/share/julia/stdlib/v1.11/Test/src/Test.jl:680 [inlined]
 [2] macro expansion
   @ ~/FastMultipole-023/test/cuda_radix_integration_test.jl:741 [inlined]
 [3] macro expansion
   @ /vapps/rhel9/x86_64/spack/root/opt/spack/linux-rhel9-haswell/gcc-13.2.0/julia-1.11.7-6bmogflhr2w6mi2zerinukr2gpnpr2rs/juliaup/julia-1.11.7+0.x64.linux.gnu/share/julia/stdlib/v1.11/Test/src/Test.jl:1709 [inlined]
 [4] top-level scope
   @ ~/FastMultipole-023/test/cuda_radix_integration_test.jl:13
CUDA radix fmm! integration (task 023): Test Failed at /home/rander39/FastMultipole-023/test/cuda_radix_integration_test.jl:742
  Expression: isapprox(view(dops, :, :, k), hplan.operators[k]; rtol = geom_tol, atol = geom_tol)
   Evaluated: isapprox(Float32[1.924501 2.1383345 … 0.0 0.0; 2.1383345 0.0 … -9.960185f16 9.960185f16; … ; 0.0 0.0 … NaN NaN; 0.0 0.0 … NaN NaN], Float32[1.924501 2.1383345 … 0.0 0.0; 2.1383345 0.0 … -9.960185f16 9.960185f16; … ; 0.0 0.0 … NaN NaN; 0.0 0.0 … NaN NaN]; rtol = 5.0f-5, atol = 5.0f-5)

Stacktrace:
 [1] macro expansion
   @ /vapps/rhel9/x86_64/spack/root/opt/spack/linux-rhel9-haswell/gcc-13.2.0/julia-1.11.7-6bmogflhr2w6mi2zerinukr2gpnpr2rs/juliaup/julia-1.11.7+0.x64.linux.gnu/share/julia/stdlib/v1.11/Test/src/Test.jl:680 [inlined]
 [2] macro expansion
   @ ~/FastMultipole-023/test/cuda_radix_integration_test.jl:742 [inlined]
 [3] macro expansion
   @ /vapps/rhel9/x86_64/spack/root/opt/spack/linux-rhel9-haswell/gcc-13.2.0/julia-1.11.7-6bmogflhr2w6mi2zerinukr2gpnpr2rs/juliaup/julia-1.11.7+0.x64.linux.gnu/share/julia/stdlib/v1.11/Test/src/Test.jl:1709 [inlined]
 [4] top-level scope
   @ ~/FastMultipole-023/test/cuda_radix_integration_test.jl:13
CUDA radix fmm! integration (task 023): Test Failed at /home/rander39/FastMultipole-023/test/cuda_radix_integration_test.jl:741
  Expression: isapprox(view(dops, :, :, k), Kref; rtol = geom_tol, atol = geom_tol)
   Evaluated: isapprox(Float32[1.924501 2.1383345 … 0.0 0.0; 2.1383345 0.0 … 9.960185f16 9.960185f16; … ; 0.0 0.0 … NaN NaN; 0.0 0.0 … NaN NaN], Float32[1.924501 2.1383345 … 0.0 0.0; 2.1383345 0.0 … 9.960185f16 9.960185f16; … ; 0.0 0.0 … NaN NaN; 0.0 0.0 … NaN NaN]; rtol = 5.0f-5, atol = 5.0f-5)

Stacktrace:
 [1] macro expansion
   @ /vapps/rhel9/x86_64/spack/root/opt/spack/linux-rhel9-haswell/gcc-13.2.0/julia-1.11.7-6bmogflhr2w6mi2zerinukr2gpnpr2rs/juliaup/julia-1.11.7+0.x64.linux.gnu/share/julia/stdlib/v1.11/Test/src/Test.jl:680 [inlined]
 [2] macro expansion
   @ ~/FastMultipole-023/test/cuda_radix_integration_test.jl:741 [inlined]
 [3] macro expansion
   @ /vapps/rhel9/x86_64/spack/root/opt/spack/linux-rhel9-haswell/gcc-13.2.0/julia-1.11.7-6bmogflhr2w6mi2zerinukr2gpnpr2rs/juliaup/julia-1.11.7+0.x64.linux.gnu/share/julia/stdlib/v1.11/Test/src/Test.jl:1709 [inlined]
 [4] top-level scope
   @ ~/FastMultipole-023/test/cuda_radix_integration_test.jl:13
CUDA radix fmm! integration (task 023): Test Failed at /home/rander39/FastMultipole-023/test/cuda_radix_integration_test.jl:742
  Expression: isapprox(view(dops, :, :, k), hplan.operators[k]; rtol = geom_tol, atol = geom_tol)
   Evaluated: isapprox(Float32[1.924501 2.1383345 … 0.0 0.0; 2.1383345 0.0 … 9.960185f16 9.960185f16; … ; 0.0 0.0 … NaN NaN; 0.0 0.0 … NaN NaN], Float32[1.924501 2.1383345 … 0.0 0.0; 2.1383345 0.0 … 9.960185f16 9.960185f16; … ; 0.0 0.0 … NaN NaN; 0.0 0.0 … NaN NaN]; rtol = 5.0f-5, atol = 5.0f-5)

Stacktrace:
 [1] macro expansion
   @ /vapps/rhel9/x86_64/spack/root/opt/spack/linux-rhel9-haswell/gcc-13.2.0/julia-1.11.7-6bmogflhr2w6mi2zerinukr2gpnpr2rs/juliaup/julia-1.11.7+0.x64.linux.gnu/share/julia/stdlib/v1.11/Test/src/Test.jl:680 [inlined]
 [2] macro expansion
   @ ~/FastMultipole-023/test/cuda_radix_integration_test.jl:742 [inlined]
 [3] macro expansion
   @ /vapps/rhel9/x86_64/spack/root/opt/spack/linux-rhel9-haswell/gcc-13.2.0/julia-1.11.7-6bmogflhr2w6mi2zerinukr2gpnpr2rs/juliaup/julia-1.11.7+0.x64.linux.gnu/share/julia/stdlib/v1.11/Test/src/Test.jl:1709 [inlined]
 [4] top-level scope
   @ ~/FastMultipole-023/test/cuda_radix_integration_test.jl:13
CUDA radix fmm! integration (task 023): Test Failed at /home/rander39/FastMultipole-023/test/cuda_radix_integration_test.jl:741
  Expression: isapprox(view(dops, :, :, k), Kref; rtol = geom_tol, atol = geom_tol)
   Evaluated: isapprox(Float32[1.7817415 1.6968963 … 0.0 0.0; 1.6968963 -0.8080466 … -3.787848f16 6.47028f16; … ; 0.0 0.0 … NaN NaN; 0.0 0.0 … NaN NaN], Float32[1.7817415 1.6968963 … 0.0 0.0; 1.6968963 -0.8080466 … -3.787848f16 6.47028f16; … ; 0.0 0.0 … NaN NaN; 0.0 0.0 … NaN NaN]; rtol = 5.0f-5, atol = 5.0f-5)

Stacktrace:
 [1] macro expansion
   @ /vapps/rhel9/x86_64/spack/root/opt/spack/linux-rhel9-haswell/gcc-13.2.0/julia-1.11.7-6bmogflhr2w6mi2zerinukr2gpnpr2rs/juliaup/julia-1.11.7+0.x64.linux.gnu/share/julia/stdlib/v1.11/Test/src/Test.jl:680 [inlined]
 [2] macro expansion
   @ ~/FastMultipole-023/test/cuda_radix_integration_test.jl:741 [inlined]
 [3] macro expansion
   @ /vapps/rhel9/x86_64/spack/root/opt/spack/linux-rhel9-haswell/gcc-13.2.0/julia-1.11.7-6bmogflhr2w6mi2zerinukr2gpnpr2rs/juliaup/julia-1.11.7+0.x64.linux.gnu/share/julia/stdlib/v1.11/Test/src/Test.jl:1709 [inlined]
 [4] top-level scope
   @ ~/FastMultipole-023/test/cuda_radix_integration_test.jl:13
CUDA radix fmm! integration (task 023): Test Failed at /home/rander39/FastMultipole-023/test/cuda_radix_integration_test.jl:742
  Expression: isapprox(view(dops, :, :, k), hplan.operators[k]; rtol = geom_tol, atol = geom_tol)
   Evaluated: isapprox(Float32[1.7817415 1.6968963 … 0.0 0.0; 1.6968963 -0.8080466 … -3.787848f16 6.47028f16; … ; 0.0 0.0 … NaN NaN; 0.0 0.0 … NaN NaN], Float32[1.7817415 1.6968963 … 0.0 0.0; 1.6968963 -0.8080466 … -3.787848f16 6.47028f16; … ; 0.0 0.0 … NaN NaN; 0.0 0.0 … NaN NaN]; rtol = 5.0f-5, atol = 5.0f-5)

Stacktrace:
 [1] macro expansion
   @ /vapps/rhel9/x86_64/spack/root/opt/spack/linux-rhel9-haswell/gcc-13.2.0/julia-1.11.7-6bmogflhr2w6mi2zerinukr2gpnpr2rs/juliaup/julia-1.11.7+0.x64.linux.gnu/share/julia/stdlib/v1.11/Test/src/Test.jl:680 [inlined]
 [2] macro expansion
   @ ~/FastMultipole-023/test/cuda_radix_integration_test.jl:742 [inlined]
 [3] macro expansion
   @ /vapps/rhel9/x86_64/spack/root/opt/spack/linux-rhel9-haswell/gcc-13.2.0/julia-1.11.7-6bmogflhr2w6mi2zerinukr2gpnpr2rs/juliaup/julia-1.11.7+0.x64.linux.gnu/share/julia/stdlib/v1.11/Test/src/Test.jl:1709 [inlined]
 [4] top-level scope
   @ ~/FastMultipole-023/test/cuda_radix_integration_test.jl:13
CUDA radix fmm! integration (task 023): Test Failed at /home/rander39/FastMultipole-023/test/cuda_radix_integration_test.jl:741
  Expression: isapprox(view(dops, :, :, k), Kref; rtol = geom_tol, atol = geom_tol)
   Evaluated: isapprox(Float32[1.7817415 1.6968963 … 0.0 0.0; 1.6968963 -0.8080466 … 3.787848f16 6.47028f16; … ; 0.0 0.0 … NaN NaN; 0.0 0.0 … NaN NaN], Float32[1.7817415 1.6968963 … 0.0 0.0; 1.6968963 -0.8080466 … 3.787848f16 6.47028f16; … ; 0.0 0.0 … NaN NaN; 0.0 0.0 … NaN NaN]; rtol = 5.0f-5, atol = 5.0f-5)

Stacktrace:
 [1] macro expansion
   @ /vapps/rhel9/x86_64/spack/root/opt/spack/linux-rhel9-haswell/gcc-13.2.0/julia-1.11.7-6bmogflhr2w6mi2zerinukr2gpnpr2rs/juliaup/julia-1.11.7+0.x64.linux.gnu/share/julia/stdlib/v1.11/Test/src/Test.jl:680 [inlined]
 [2] macro expansion
   @ ~/FastMultipole-023/test/cuda_radix_integration_test.jl:741 [inlined]
 [3] macro expansion
   @ /vapps/rhel9/x86_64/spack/root/opt/spack/linux-rhel9-haswell/gcc-13.2.0/julia-1.11.7-6bmogflhr2w6mi2zerinukr2gpnpr2rs/juliaup/julia-1.11.7+0.x64.linux.gnu/share/julia/stdlib/v1.11/Test/src/Test.jl:1709 [inlined]
 [4] top-level scope
   @ ~/FastMultipole-023/test/cuda_radix_integration_test.jl:13
CUDA radix fmm! integration (task 023): Test Failed at /home/rander39/FastMultipole-023/test/cuda_radix_integration_test.jl:742
  Expression: isapprox(view(dops, :, :, k), hplan.operators[k]; rtol = geom_tol, atol = geom_tol)
   Evaluated: isapprox(Float32[1.7817415 1.6968963 … 0.0 0.0; 1.6968963 -0.8080466 … 3.787848f16 6.47028f16; … ; 0.0 0.0 … NaN NaN; 0.0 0.0 … NaN NaN], Float32[1.7817415 1.6968963 … 0.0 0.0; 1.6968963 -0.8080466 … 3.787848f16 6.47028f16; … ; 0.0 0.0 … NaN NaN; 0.0 0.0 … NaN NaN]; rtol = 5.0f-5, atol = 5.0f-5)

Stacktrace:
 [1] macro expansion
   @ /vapps/rhel9/x86_64/spack/root/opt/spack/linux-rhel9-haswell/gcc-13.2.0/julia-1.11.7-6bmogflhr2w6mi2zerinukr2gpnpr2rs/juliaup/julia-1.11.7+0.x64.linux.gnu/share/julia/stdlib/v1.11/Test/src/Test.jl:680 [inlined]
 [2] macro expansion
   @ ~/FastMultipole-023/test/cuda_radix_integration_test.jl:742 [inlined]
 [3] macro expansion
   @ /vapps/rhel9/x86_64/spack/root/opt/spack/linux-rhel9-haswell/gcc-13.2.0/julia-1.11.7-6bmogflhr2w6mi2zerinukr2gpnpr2rs/juliaup/julia-1.11.7+0.x64.linux.gnu/share/julia/stdlib/v1.11/Test/src/Test.jl:1709 [inlined]
 [4] top-level scope
   @ ~/FastMultipole-023/test/cuda_radix_integration_test.jl:13
ERROR: LoadError: Some tests did not pass: 429591 passed, 214 failed, 0 errored, 0 broken.
in expression starting at /home/rander39/FastMultipole-023/test/cuda_radix_integration_test.jl:12
CUDA radix fmm! integration (task 023): Test Failed at /home/rander39/FastMultipole-023/test/cuda_radix_integration_test.jl:741
  Expression: isapprox(view(dops, :, :, k), Kref; rtol = geom_tol, atol = geom_tol)
   Evaluated: isapprox(Float32[1.8490006 1.8964106 … 0.0 0.0; 1.8964106 -0.48625994 … 1.02798135f17 -1.16829676f11; … ; 0.0 0.0 … NaN NaN; 0.0 0.0 … NaN NaN], Float32[1.8490006 1.8964106 … 0.0 0.0; 1.8964106 -0.48625994 … 1.02798135f17 -1.16829676f11; … ; 0.0 0.0 … NaN NaN; 0.0 0.0 … NaN NaN]; rtol = 5.0f-5, atol = 5.0f-5)

Stacktrace:
 [1] macro expansion
   @ /vapps/rhel9/x86_64/spack/root/opt/spack/linux-rhel9-haswell/gcc-13.2.0/julia-1.11.7-6bmogflhr2w6mi2zerinukr2gpnpr2rs/juliaup/julia-1.11.7+0.x64.linux.gnu/share/julia/stdlib/v1.11/Test/src/Test.jl:680 [inlined]
 [2] macro expansion
   @ ~/FastMultipole-023/test/cuda_radix_integration_test.jl:741 [inlined]
 [3] macro expansion
   @ /vapps/rhel9/x86_64/spack/root/opt/spack/linux-rhel9-haswell/gcc-13.2.0/julia-1.11.7-6bmogflhr2w6mi2zerinukr2gpnpr2rs/juliaup/julia-1.11.7+0.x64.linux.gnu/share/julia/stdlib/v1.11/Test/src/Test.jl:1709 [inlined]
 [4] top-level scope
   @ ~/FastMultipole-023/test/cuda_radix_integration_test.jl:13
CUDA radix fmm! integration (task 023): Test Failed at /home/rander39/FastMultipole-023/test/cuda_radix_integration_test.jl:742
  Expression: isapprox(view(dops, :, :, k), hplan.operators[k]; rtol = geom_tol, atol = geom_tol)
   Evaluated: isapprox(Float32[1.8490006 1.8964106 … 0.0 0.0; 1.8964106 -0.48625994 … 1.02798135f17 -1.16829676f11; … ; 0.0 0.0 … NaN NaN; 0.0 0.0 … NaN NaN], Float32[1.8490006 1.8964106 … 0.0 0.0; 1.8964106 -0.48625994 … 1.02798135f17 -1.16829676f11; … ; 0.0 0.0 … NaN NaN; 0.0 0.0 … NaN NaN]; rtol = 5.0f-5, atol = 5.0f-5)

Stacktrace:
 [1] macro expansion
   @ /vapps/rhel9/x86_64/spack/root/opt/spack/linux-rhel9-haswell/gcc-13.2.0/julia-1.11.7-6bmogflhr2w6mi2zerinukr2gpnpr2rs/juliaup/julia-1.11.7+0.x64.linux.gnu/share/julia/stdlib/v1.11/Test/src/Test.jl:680 [inlined]
 [2] macro expansion
   @ ~/FastMultipole-023/test/cuda_radix_integration_test.jl:742 [inlined]
 [3] macro expansion
   @ /vapps/rhel9/x86_64/spack/root/opt/spack/linux-rhel9-haswell/gcc-13.2.0/julia-1.11.7-6bmogflhr2w6mi2zerinukr2gpnpr2rs/juliaup/julia-1.11.7+0.x64.linux.gnu/share/julia/stdlib/v1.11/Test/src/Test.jl:1709 [inlined]
 [4] top-level scope
   @ ~/FastMultipole-023/test/cuda_radix_integration_test.jl:13
CUDA radix fmm! integration (task 023): Test Failed at /home/rander39/FastMultipole-023/test/cuda_radix_integration_test.jl:741
  Expression: isapprox(view(dops, :, :, k), Kref; rtol = geom_tol, atol = geom_tol)
   Evaluated: isapprox(Float32[1.8490006 1.8964106 … 0.0 0.0; 1.8964106 -0.48625994 … -1.02798135f17 0.0; … ; 0.0 0.0 … NaN NaN; 0.0 0.0 … NaN NaN], Float32[1.8490006 1.8964106 … 0.0 0.0; 1.8964106 -0.48625994 … -1.02798135f17 0.0; … ; 0.0 0.0 … NaN NaN; 0.0 0.0 … NaN NaN]; rtol = 5.0f-5, atol = 5.0f-5)

Stacktrace:
 [1] macro expansion
   @ /vapps/rhel9/x86_64/spack/root/opt/spack/linux-rhel9-haswell/gcc-13.2.0/julia-1.11.7-6bmogflhr2w6mi2zerinukr2gpnpr2rs/juliaup/julia-1.11.7+0.x64.linux.gnu/share/julia/stdlib/v1.11/Test/src/Test.jl:680 [inlined]
 [2] macro expansion
   @ ~/FastMultipole-023/test/cuda_radix_integration_test.jl:741 [inlined]
 [3] macro expansion
   @ /vapps/rhel9/x86_64/spack/root/opt/spack/linux-rhel9-haswell/gcc-13.2.0/julia-1.11.7-6bmogflhr2w6mi2zerinukr2gpnpr2rs/juliaup/julia-1.11.7+0.x64.linux.gnu/share/julia/stdlib/v1.11/Test/src/Test.jl:1709 [inlined]
 [4] top-level scope
   @ ~/FastMultipole-023/test/cuda_radix_integration_test.jl:13
CUDA radix fmm! integration (task 023): Test Failed at /home/rander39/FastMultipole-023/test/cuda_radix_integration_test.jl:742
  Expression: isapprox(view(dops, :, :, k), hplan.operators[k]; rtol = geom_tol, atol = geom_tol)
   Evaluated: isapprox(Float32[1.8490006 1.8964106 … 0.0 0.0; 1.8964106 -0.48625994 … -1.02798135f17 0.0; … ; 0.0 0.0 … NaN NaN; 0.0 0.0 … NaN NaN], Float32[1.8490006 1.8964106 … 0.0 0.0; 1.8964106 -0.48625994 … -1.02798135f17 0.0; … ; 0.0 0.0 … NaN NaN; 0.0 0.0 … NaN NaN]; rtol = 5.0f-5, atol = 5.0f-5)

Stacktrace:
 [1] macro expansion
   @ /vapps/rhel9/x86_64/spack/root/opt/spack/linux-rhel9-haswell/gcc-13.2.0/julia-1.11.7-6bmogflhr2w6mi2zerinukr2gpnpr2rs/juliaup/julia-1.11.7+0.x64.linux.gnu/share/julia/stdlib/v1.11/Test/src/Test.jl:680 [inlined]
 [2] macro expansion
   @ ~/FastMultipole-023/test/cuda_radix_integration_test.jl:742 [inlined]
 [3] macro expansion
   @ /vapps/rhel9/x86_64/spack/root/opt/spack/linux-rhel9-haswell/gcc-13.2.0/julia-1.11.7-6bmogflhr2w6mi2zerinukr2gpnpr2rs/juliaup/julia-1.11.7+0.x64.linux.gnu/share/julia/stdlib/v1.11/Test/src/Test.jl:1709 [inlined]
 [4] top-level scope
   @ ~/FastMultipole-023/test/cuda_radix_integration_test.jl:13
CUDA radix fmm! integration (task 023): Test Failed at /home/rander39/FastMultipole-023/test/cuda_radix_integration_test.jl:741
  Expression: isapprox(view(dops, :, :, k), Kref; rtol = geom_tol, atol = geom_tol)
   Evaluated: isapprox(Float32[1.7817415 1.6968963 … 0.0 0.0; 1.6968963 -0.8080466 … -3.787848f16 -6.47028f16; … ; 0.0 0.0 … NaN NaN; 0.0 0.0 … NaN NaN], Float32[1.7817415 1.6968963 … 0.0 0.0; 1.6968963 -0.8080466 … -3.787848f16 -6.47028f16; … ; 0.0 0.0 … NaN NaN; 0.0 0.0 … NaN NaN]; rtol = 5.0f-5, atol = 5.0f-5)

Stacktrace:
 [1] macro expansion
   @ /vapps/rhel9/x86_64/spack/root/opt/spack/linux-rhel9-haswell/gcc-13.2.0/julia-1.11.7-6bmogflhr2w6mi2zerinukr2gpnpr2rs/juliaup/julia-1.11.7+0.x64.linux.gnu/share/julia/stdlib/v1.11/Test/src/Test.jl:680 [inlined]
 [2] macro expansion
   @ ~/FastMultipole-023/test/cuda_radix_integration_test.jl:741 [inlined]
 [3] macro expansion
   @ /vapps/rhel9/x86_64/spack/root/opt/spack/linux-rhel9-haswell/gcc-13.2.0/julia-1.11.7-6bmogflhr2w6mi2zerinukr2gpnpr2rs/juliaup/julia-1.11.7+0.x64.linux.gnu/share/julia/stdlib/v1.11/Test/src/Test.jl:1709 [inlined]
 [4] top-level scope
   @ ~/FastMultipole-023/test/cuda_radix_integration_test.jl:13
CUDA radix fmm! integration (task 023): Test Failed at /home/rander39/FastMultipole-023/test/cuda_radix_integration_test.jl:742
  Expression: isapprox(view(dops, :, :, k), hplan.operators[k]; rtol = geom_tol, atol = geom_tol)
   Evaluated: isapprox(Float32[1.7817415 1.6968963 … 0.0 0.0; 1.6968963 -0.8080466 … -3.787848f16 -6.47028f16; … ; 0.0 0.0 … NaN NaN; 0.0 0.0 … NaN NaN], Float32[1.7817415 1.6968963 … 0.0 0.0; 1.6968963 -0.8080466 … -3.787848f16 -6.47028f16; … ; 0.0 0.0 … NaN NaN; 0.0 0.0 … NaN NaN]; rtol = 5.0f-5, atol = 5.0f-5)

Stacktrace:
 [1] macro expansion
   @ /vapps/rhel9/x86_64/spack/root/opt/spack/linux-rhel9-haswell/gcc-13.2.0/julia-1.11.7-6bmogflhr2w6mi2zerinukr2gpnpr2rs/juliaup/julia-1.11.7+0.x64.linux.gnu/share/julia/stdlib/v1.11/Test/src/Test.jl:680 [inlined]
 [2] macro expansion
   @ ~/FastMultipole-023/test/cuda_radix_integration_test.jl:742 [inlined]
 [3] macro expansion
   @ /vapps/rhel9/x86_64/spack/root/opt/spack/linux-rhel9-haswell/gcc-13.2.0/julia-1.11.7-6bmogflhr2w6mi2zerinukr2gpnpr2rs/juliaup/julia-1.11.7+0.x64.linux.gnu/share/julia/stdlib/v1.11/Test/src/Test.jl:1709 [inlined]
 [4] top-level scope
   @ ~/FastMultipole-023/test/cuda_radix_integration_test.jl:13
CUDA radix fmm! integration (task 023): Test Failed at /home/rander39/FastMultipole-023/test/cuda_radix_integration_test.jl:741
  Expression: isapprox(view(dops, :, :, k), Kref; rtol = geom_tol, atol = geom_tol)
   Evaluated: isapprox(Float32[1.7817415 1.6968963 … 0.0 0.0; 1.6968963 -0.8080466 … 3.787848f16 -6.47028f16; … ; 0.0 0.0 … NaN NaN; 0.0 0.0 … NaN NaN], Float32[1.7817415 1.6968963 … 0.0 0.0; 1.6968963 -0.8080466 … 3.787848f16 -6.47028f16; … ; 0.0 0.0 … NaN NaN; 0.0 0.0 … NaN NaN]; rtol = 5.0f-5, atol = 5.0f-5)

Stacktrace:
 [1] macro expansion
   @ /vapps/rhel9/x86_64/spack/root/opt/spack/linux-rhel9-haswell/gcc-13.2.0/julia-1.11.7-6bmogflhr2w6mi2zerinukr2gpnpr2rs/juliaup/julia-1.11.7+0.x64.linux.gnu/share/julia/stdlib/v1.11/Test/src/Test.jl:680 [inlined]
 [2] macro expansion
   @ ~/FastMultipole-023/test/cuda_radix_integration_test.jl:741 [inlined]
 [3] macro expansion
   @ /vapps/rhel9/x86_64/spack/root/opt/spack/linux-rhel9-haswell/gcc-13.2.0/julia-1.11.7-6bmogflhr2w6mi2zerinukr2gpnpr2rs/juliaup/julia-1.11.7+0.x64.linux.gnu/share/julia/stdlib/v1.11/Test/src/Test.jl:1709 [inlined]
 [4] top-level scope
   @ ~/FastMultipole-023/test/cuda_radix_integration_test.jl:13
CUDA radix fmm! integration (task 023): Test Failed at /home/rander39/FastMultipole-023/test/cuda_radix_integration_test.jl:742
  Expression: isapprox(view(dops, :, :, k), hplan.operators[k]; rtol = geom_tol, atol = geom_tol)
   Evaluated: isapprox(Float32[1.7817415 1.6968963 … 0.0 0.0; 1.6968963 -0.8080466 … 3.787848f16 -6.47028f16; … ; 0.0 0.0 … NaN NaN; 0.0 0.0 … NaN NaN], Float32[1.7817415 1.6968963 … 0.0 0.0; 1.6968963 -0.8080466 … 3.787848f16 -6.47028f16; … ; 0.0 0.0 … NaN NaN; 0.0 0.0 … NaN NaN]; rtol = 5.0f-5, atol = 5.0f-5)

Stacktrace:
 [1] macro expansion
   @ /vapps/rhel9/x86_64/spack/root/opt/spack/linux-rhel9-haswell/gcc-13.2.0/julia-1.11.7-6bmogflhr2w6mi2zerinukr2gpnpr2rs/juliaup/julia-1.11.7+0.x64.linux.gnu/share/julia/stdlib/v1.11/Test/src/Test.jl:680 [inlined]
 [2] macro expansion
   @ ~/FastMultipole-023/test/cuda_radix_integration_test.jl:742 [inlined]
 [3] macro expansion
   @ /vapps/rhel9/x86_64/spack/root/opt/spack/linux-rhel9-haswell/gcc-13.2.0/julia-1.11.7-6bmogflhr2w6mi2zerinukr2gpnpr2rs/juliaup/julia-1.11.7+0.x64.linux.gnu/share/julia/stdlib/v1.11/Test/src/Test.jl:1709 [inlined]
 [4] top-level scope
   @ ~/FastMultipole-023/test/cuda_radix_integration_test.jl:13
CUDA radix fmm! integration (task 023): Test Failed at /home/rander39/FastMultipole-023/test/cuda_radix_integration_test.jl:741
  Expression: isapprox(view(dops, :, :, k), Kref; rtol = geom_tol, atol = geom_tol)
   Evaluated: isapprox(Float32[1.924501 2.1383345 … 0.0 0.0; 2.1383345 0.0 … -9.960185f16 -9.960185f16; … ; 0.0 0.0 … NaN NaN; 0.0 0.0 … NaN NaN], Float32[1.924501 2.1383345 … 0.0 0.0; 2.1383345 0.0 … -9.960185f16 -9.960185f16; … ; 0.0 0.0 … NaN NaN; 0.0 0.0 … NaN NaN]; rtol = 5.0f-5, atol = 5.0f-5)

Stacktrace:
 [1] macro expansion
   @ /vapps/rhel9/x86_64/spack/root/opt/spack/linux-rhel9-haswell/gcc-13.2.0/julia-1.11.7-6bmogflhr2w6mi2zerinukr2gpnpr2rs/juliaup/julia-1.11.7+0.x64.linux.gnu/share/julia/stdlib/v1.11/Test/src/Test.jl:680 [inlined]
 [2] macro expansion
   @ ~/FastMultipole-023/test/cuda_radix_integration_test.jl:741 [inlined]
 [3] macro expansion
   @ /vapps/rhel9/x86_64/spack/root/opt/spack/linux-rhel9-haswell/gcc-13.2.0/julia-1.11.7-6bmogflhr2w6mi2zerinukr2gpnpr2rs/juliaup/julia-1.11.7+0.x64.linux.gnu/share/julia/stdlib/v1.11/Test/src/Test.jl:1709 [inlined]
 [4] top-level scope
   @ ~/FastMultipole-023/test/cuda_radix_integration_test.jl:13
CUDA radix fmm! integration (task 023): Test Failed at /home/rander39/FastMultipole-023/test/cuda_radix_integration_test.jl:742
  Expression: isapprox(view(dops, :, :, k), hplan.operators[k]; rtol = geom_tol, atol = geom_tol)
   Evaluated: isapprox(Float32[1.924501 2.1383345 … 0.0 0.0; 2.1383345 0.0 … -9.960185f16 -9.960185f16; … ; 0.0 0.0 … NaN NaN; 0.0 0.0 … NaN NaN], Float32[1.924501 2.1383345 … 0.0 0.0; 2.1383345 0.0 … -9.960185f16 -9.960185f16; … ; 0.0 0.0 … NaN NaN; 0.0 0.0 … NaN NaN]; rtol = 5.0f-5, atol = 5.0f-5)

Stacktrace:
 [1] macro expansion
   @ /vapps/rhel9/x86_64/spack/root/opt/spack/linux-rhel9-haswell/gcc-13.2.0/julia-1.11.7-6bmogflhr2w6mi2zerinukr2gpnpr2rs/juliaup/julia-1.11.7+0.x64.linux.gnu/share/julia/stdlib/v1.11/Test/src/Test.jl:680 [inlined]
 [2] macro expansion
   @ ~/FastMultipole-023/test/cuda_radix_integration_test.jl:742 [inlined]
 [3] macro expansion
   @ /vapps/rhel9/x86_64/spack/root/opt/spack/linux-rhel9-haswell/gcc-13.2.0/julia-1.11.7-6bmogflhr2w6mi2zerinukr2gpnpr2rs/juliaup/julia-1.11.7+0.x64.linux.gnu/share/julia/stdlib/v1.11/Test/src/Test.jl:1709 [inlined]
 [4] top-level scope
   @ ~/FastMultipole-023/test/cuda_radix_integration_test.jl:13
CUDA radix fmm! integration (task 023): Test Failed at /home/rander39/FastMultipole-023/test/cuda_radix_integration_test.jl:741
  Expression: isapprox(view(dops, :, :, k), Kref; rtol = geom_tol, atol = geom_tol)
   Evaluated: isapprox(Float32[1.924501 2.1383345 … 0.0 0.0; 2.1383345 0.0 … 9.960185f16 -9.960185f16; … ; 0.0 0.0 … NaN NaN; 0.0 0.0 … NaN NaN], Float32[1.924501 2.1383345 … 0.0 0.0; 2.1383345 0.0 … 9.960185f16 -9.960185f16; … ; 0.0 0.0 … NaN NaN; 0.0 0.0 … NaN NaN]; rtol = 5.0f-5, atol = 5.0f-5)

Stacktrace:
 [1] macro expansion
   @ /vapps/rhel9/x86_64/spack/root/opt/spack/linux-rhel9-haswell/gcc-13.2.0/julia-1.11.7-6bmogflhr2w6mi2zerinukr2gpnpr2rs/juliaup/julia-1.11.7+0.x64.linux.gnu/share/julia/stdlib/v1.11/Test/src/Test.jl:680 [inlined]
 [2] macro expansion
   @ ~/FastMultipole-023/test/cuda_radix_integration_test.jl:741 [inlined]
 [3] macro expansion
   @ /vapps/rhel9/x86_64/spack/root/opt/spack/linux-rhel9-haswell/gcc-13.2.0/julia-1.11.7-6bmogflhr2w6mi2zerinukr2gpnpr2rs/juliaup/julia-1.11.7+0.x64.linux.gnu/share/julia/stdlib/v1.11/Test/src/Test.jl:1709 [inlined]
 [4] top-level scope
   @ ~/FastMultipole-023/test/cuda_radix_integration_test.jl:13
CUDA radix fmm! integration (task 023): Test Failed at /home/rander39/FastMultipole-023/test/cuda_radix_integration_test.jl:742
  Expression: isapprox(view(dops, :, :, k), hplan.operators[k]; rtol = geom_tol, atol = geom_tol)
   Evaluated: isapprox(Float32[1.924501 2.1383345 … 0.0 0.0; 2.1383345 0.0 … 9.960185f16 -9.960185f16; … ; 0.0 0.0 … NaN NaN; 0.0 0.0 … NaN NaN], Float32[1.924501 2.1383345 … 0.0 0.0; 2.1383345 0.0 … 9.960185f16 -9.960185f16; … ; 0.0 0.0 … NaN NaN; 0.0 0.0 … NaN NaN]; rtol = 5.0f-5, atol = 5.0f-5)

Stacktrace:
 [1] macro expansion
   @ /vapps/rhel9/x86_64/spack/root/opt/spack/linux-rhel9-haswell/gcc-13.2.0/julia-1.11.7-6bmogflhr2w6mi2zerinukr2gpnpr2rs/juliaup/julia-1.11.7+0.x64.linux.gnu/share/julia/stdlib/v1.11/Test/src/Test.jl:680 [inlined]
 [2] macro expansion
   @ ~/FastMultipole-023/test/cuda_radix_integration_test.jl:742 [inlined]
 [3] macro expansion
   @ /vapps/rhel9/x86_64/spack/root/opt/spack/linux-rhel9-haswell/gcc-13.2.0/julia-1.11.7-6bmogflhr2w6mi2zerinukr2gpnpr2rs/juliaup/julia-1.11.7+0.x64.linux.gnu/share/julia/stdlib/v1.11/Test/src/Test.jl:1709 [inlined]
 [4] top-level scope
   @ ~/FastMultipole-023/test/cuda_radix_integration_test.jl:13
CUDA radix fmm! integration (task 023): Test Failed at /home/rander39/FastMultipole-023/test/cuda_radix_integration_test.jl:741
  Expression: isapprox(view(dops, :, :, k), Kref; rtol = geom_tol, atol = geom_tol)
   Evaluated: isapprox(Float32[1.7817415 1.6968963 … 0.0 0.0; 1.6968963 -0.8080466 … -6.47028f16 -3.787848f16; … ; 0.0 0.0 … NaN NaN; 0.0 0.0 … NaN NaN], Float32[1.7817415 1.6968963 … 0.0 0.0; 1.6968963 -0.8080466 … -6.47028f16 -3.787848f16; … ; 0.0 0.0 … NaN NaN; 0.0 0.0 … NaN NaN]; rtol = 5.0f-5, atol = 5.0f-5)

Stacktrace:
 [1] macro expansion
   @ /vapps/rhel9/x86_64/spack/root/opt/spack/linux-rhel9-haswell/gcc-13.2.0/julia-1.11.7-6bmogflhr2w6mi2zerinukr2gpnpr2rs/juliaup/julia-1.11.7+0.x64.linux.gnu/share/julia/stdlib/v1.11/Test/src/Test.jl:680 [inlined]
 [2] macro expansion
   @ ~/FastMultipole-023/test/cuda_radix_integration_test.jl:741 [inlined]
 [3] macro expansion
   @ /vapps/rhel9/x86_64/spack/root/opt/spack/linux-rhel9-haswell/gcc-13.2.0/julia-1.11.7-6bmogflhr2w6mi2zerinukr2gpnpr2rs/juliaup/julia-1.11.7+0.x64.linux.gnu/share/julia/stdlib/v1.11/Test/src/Test.jl:1709 [inlined]
 [4] top-level scope
   @ ~/FastMultipole-023/test/cuda_radix_integration_test.jl:13
CUDA radix fmm! integration (task 023): Test Failed at /home/rander39/FastMultipole-023/test/cuda_radix_integration_test.jl:742
  Expression: isapprox(view(dops, :, :, k), hplan.operators[k]; rtol = geom_tol, atol = geom_tol)
   Evaluated: isapprox(Float32[1.7817415 1.6968963 … 0.0 0.0; 1.6968963 -0.8080466 … -6.47028f16 -3.787848f16; … ; 0.0 0.0 … NaN NaN; 0.0 0.0 … NaN NaN], Float32[1.7817415 1.6968963 … 0.0 0.0; 1.6968963 -0.8080466 … -6.47028f16 -3.787848f16; … ; 0.0 0.0 … NaN NaN; 0.0 0.0 … NaN NaN]; rtol = 5.0f-5, atol = 5.0f-5)

Stacktrace:
 [1] macro expansion
   @ /vapps/rhel9/x86_64/spack/root/opt/spack/linux-rhel9-haswell/gcc-13.2.0/julia-1.11.7-6bmogflhr2w6mi2zerinukr2gpnpr2rs/juliaup/julia-1.11.7+0.x64.linux.gnu/share/julia/stdlib/v1.11/Test/src/Test.jl:680 [inlined]
 [2] macro expansion
   @ ~/FastMultipole-023/test/cuda_radix_integration_test.jl:742 [inlined]
 [3] macro expansion
   @ /vapps/rhel9/x86_64/spack/root/opt/spack/linux-rhel9-haswell/gcc-13.2.0/julia-1.11.7-6bmogflhr2w6mi2zerinukr2gpnpr2rs/juliaup/julia-1.11.7+0.x64.linux.gnu/share/julia/stdlib/v1.11/Test/src/Test.jl:1709 [inlined]
 [4] top-level scope
   @ ~/FastMultipole-023/test/cuda_radix_integration_test.jl:13
CUDA radix fmm! integration (task 023): Test Failed at /home/rander39/FastMultipole-023/test/cuda_radix_integration_test.jl:741
  Expression: isapprox(view(dops, :, :, k), Kref; rtol = geom_tol, atol = geom_tol)
   Evaluated: isapprox(Float32[1.8490006 1.8964106 … 0.0 0.0; 1.8964106 -0.48625994 … 5.8414838f10 1.02798135f17; … ; 0.0 0.0 … NaN NaN; 0.0 0.0 … NaN NaN], Float32[1.8490006 1.8964106 … 0.0 0.0; 1.8964106 -0.48625994 … 5.8414838f10 1.02798135f17; … ; 0.0 0.0 … NaN NaN; 0.0 0.0 … NaN NaN]; rtol = 5.0f-5, atol = 5.0f-5)

Stacktrace:
 [1] macro expansion
   @ /vapps/rhel9/x86_64/spack/root/opt/spack/linux-rhel9-haswell/gcc-13.2.0/julia-1.11.7-6bmogflhr2w6mi2zerinukr2gpnpr2rs/juliaup/julia-1.11.7+0.x64.linux.gnu/share/julia/stdlib/v1.11/Test/src/Test.jl:680 [inlined]
 [2] macro expansion
   @ ~/FastMultipole-023/test/cuda_radix_integration_test.jl:741 [inlined]
 [3] macro expansion
   @ /vapps/rhel9/x86_64/spack/root/opt/spack/linux-rhel9-haswell/gcc-13.2.0/julia-1.11.7-6bmogflhr2w6mi2zerinukr2gpnpr2rs/juliaup/julia-1.11.7+0.x64.linux.gnu/share/julia/stdlib/v1.11/Test/src/Test.jl:1709 [inlined]
 [4] top-level scope
   @ ~/FastMultipole-023/test/cuda_radix_integration_test.jl:13
CUDA radix fmm! integration (task 023): Test Failed at /home/rander39/FastMultipole-023/test/cuda_radix_integration_test.jl:742
  Expression: isapprox(view(dops, :, :, k), hplan.operators[k]; rtol = geom_tol, atol = geom_tol)
   Evaluated: isapprox(Float32[1.8490006 1.8964106 … 0.0 0.0; 1.8964106 -0.48625994 … 5.8414838f10 1.02798135f17; … ; 0.0 0.0 … NaN NaN; 0.0 0.0 … NaN NaN], Float32[1.8490006 1.8964106 … 0.0 0.0; 1.8964106 -0.48625994 … 5.8414838f10 1.02798135f17; … ; 0.0 0.0 … NaN NaN; 0.0 0.0 … NaN NaN]; rtol = 5.0f-5, atol = 5.0f-5)

Stacktrace:
 [1] macro expansion
   @ /vapps/rhel9/x86_64/spack/root/opt/spack/linux-rhel9-haswell/gcc-13.2.0/julia-1.11.7-6bmogflhr2w6mi2zerinukr2gpnpr2rs/juliaup/julia-1.11.7+0.x64.linux.gnu/share/julia/stdlib/v1.11/Test/src/Test.jl:680 [inlined]
 [2] macro expansion
   @ ~/FastMultipole-023/test/cuda_radix_integration_test.jl:742 [inlined]
 [3] macro expansion
   @ /vapps/rhel9/x86_64/spack/root/opt/spack/linux-rhel9-haswell/gcc-13.2.0/julia-1.11.7-6bmogflhr2w6mi2zerinukr2gpnpr2rs/juliaup/julia-1.11.7+0.x64.linux.gnu/share/julia/stdlib/v1.11/Test/src/Test.jl:1709 [inlined]
 [4] top-level scope
   @ ~/FastMultipole-023/test/cuda_radix_integration_test.jl:13
CUDA radix fmm! integration (task 023): Test Failed at /home/rander39/FastMultipole-023/test/cuda_radix_integration_test.jl:741
  Expression: isapprox(view(dops, :, :, k), Kref; rtol = geom_tol, atol = geom_tol)
   Evaluated: isapprox(Float32[1.7817415 1.6968963 … 0.0 0.0; 1.6968963 -0.8080466 … 6.4702793f16 -3.7878416f16; … ; 0.0 0.0 … NaN NaN; 0.0 0.0 … NaN NaN], Float32[1.7817415 1.6968963 … 0.0 0.0; 1.6968963 -0.8080466 … 6.4702793f16 -3.7878416f16; … ; 0.0 0.0 … NaN NaN; 0.0 0.0 … NaN NaN]; rtol = 5.0f-5, atol = 5.0f-5)

Stacktrace:
 [1] macro expansion
   @ /vapps/rhel9/x86_64/spack/root/opt/spack/linux-rhel9-haswell/gcc-13.2.0/julia-1.11.7-6bmogflhr2w6mi2zerinukr2gpnpr2rs/juliaup/julia-1.11.7+0.x64.linux.gnu/share/julia/stdlib/v1.11/Test/src/Test.jl:680 [inlined]
 [2] macro expansion
   @ ~/FastMultipole-023/test/cuda_radix_integration_test.jl:741 [inlined]
 [3] macro expansion
   @ /vapps/rhel9/x86_64/spack/root/opt/spack/linux-rhel9-haswell/gcc-13.2.0/julia-1.11.7-6bmogflhr2w6mi2zerinukr2gpnpr2rs/juliaup/julia-1.11.7+0.x64.linux.gnu/share/julia/stdlib/v1.11/Test/src/Test.jl:1709 [inlined]
 [4] top-level scope
   @ ~/FastMultipole-023/test/cuda_radix_integration_test.jl:13
CUDA radix fmm! integration (task 023): Test Failed at /home/rander39/FastMultipole-023/test/cuda_radix_integration_test.jl:742
  Expression: isapprox(view(dops, :, :, k), hplan.operators[k]; rtol = geom_tol, atol = geom_tol)
   Evaluated: isapprox(Float32[1.7817415 1.6968963 … 0.0 0.0; 1.6968963 -0.8080466 … 6.4702793f16 -3.7878416f16; … ; 0.0 0.0 … NaN NaN; 0.0 0.0 … NaN NaN], Float32[1.7817415 1.6968963 … 0.0 0.0; 1.6968963 -0.8080466 … 6.4702793f16 -3.7878416f16; … ; 0.0 0.0 … NaN NaN; 0.0 0.0 … NaN NaN]; rtol = 5.0f-5, atol = 5.0f-5)

Stacktrace:
 [1] macro expansion
   @ /vapps/rhel9/x86_64/spack/root/opt/spack/linux-rhel9-haswell/gcc-13.2.0/julia-1.11.7-6bmogflhr2w6mi2zerinukr2gpnpr2rs/juliaup/julia-1.11.7+0.x64.linux.gnu/share/julia/stdlib/v1.11/Test/src/Test.jl:680 [inlined]
 [2] macro expansion
   @ ~/FastMultipole-023/test/cuda_radix_integration_test.jl:742 [inlined]
 [3] macro expansion
   @ /vapps/rhel9/x86_64/spack/root/opt/spack/linux-rhel9-haswell/gcc-13.2.0/julia-1.11.7-6bmogflhr2w6mi2zerinukr2gpnpr2rs/juliaup/julia-1.11.7+0.x64.linux.gnu/share/julia/stdlib/v1.11/Test/src/Test.jl:1709 [inlined]
 [4] top-level scope
   @ ~/FastMultipole-023/test/cuda_radix_integration_test.jl:13
CUDA radix fmm! integration (task 023): Test Failed at /home/rander39/FastMultipole-023/test/cuda_radix_integration_test.jl:783
  Expression: ≈((Array(dev_dcache.state.locals.chi))[:, 1:nnodes], host_dcache.state.locals.chi[:, 1:nnodes], rtol = m2l_rtol, atol = m2l_atol)
   Evaluated: Float32[0.0 0.0 … 0.0 0.0; 0.0 0.0 … 0.0 0.0; … ; 0.0 0.0 … NaN NaN; 0.0 0.0 … NaN NaN] ≈ Float32[0.0 0.0 … 0.0 0.0; 0.0 0.0 … 0.0 0.0; … ; 0.0 0.0 … NaN NaN; 0.0 0.0 … NaN NaN] (rtol=0.005, atol=0.0005)

Stacktrace:
 [1] macro expansion
   @ /vapps/rhel9/x86_64/spack/root/opt/spack/linux-rhel9-haswell/gcc-13.2.0/julia-1.11.7-6bmogflhr2w6mi2zerinukr2gpnpr2rs/juliaup/julia-1.11.7+0.x64.linux.gnu/share/julia/stdlib/v1.11/Test/src/Test.jl:680 [inlined]
 [2] macro expansion
   @ ~/FastMultipole-023/test/cuda_radix_integration_test.jl:783 [inlined]
 [3] macro expansion
   @ /vapps/rhel9/x86_64/spack/root/opt/spack/linux-rhel9-haswell/gcc-13.2.0/julia-1.11.7-6bmogflhr2w6mi2zerinukr2gpnpr2rs/juliaup/julia-1.11.7+0.x64.linux.gnu/share/julia/stdlib/v1.11/Test/src/Test.jl:1709 [inlined]
 [4] top-level scope
   @ ~/FastMultipole-023/test/cuda_radix_integration_test.jl:13
CUDA radix fmm! integration (task 023): Test Failed at /home/rander39/FastMultipole-023/test/cuda_radix_integration_test.jl:791
  Expression: ≈((Array(dev_dcache.state.locals.chi))[:, 1:nnodes], host_dcache.state.locals.chi[:, 1:nnodes], rtol = m2l_rtol, atol = m2l_atol)
   Evaluated: Float32[0.0 0.0 … 0.0 0.0; 0.0 0.0 … 0.0 0.0; … ; 0.0 0.0 … NaN NaN; 0.0 0.0 … NaN NaN] ≈ Float32[0.0 0.0 … 0.0 0.0; 0.0 0.0 … 0.0 0.0; … ; 0.0 0.0 … NaN NaN; 0.0 0.0 … NaN NaN] (rtol=0.005, atol=0.0005)

Stacktrace:
 [1] macro expansion
   @ /vapps/rhel9/x86_64/spack/root/opt/spack/linux-rhel9-haswell/gcc-13.2.0/julia-1.11.7-6bmogflhr2w6mi2zerinukr2gpnpr2rs/juliaup/julia-1.11.7+0.x64.linux.gnu/share/julia/stdlib/v1.11/Test/src/Test.jl:680 [inlined]
 [2] macro expansion
   @ ~/FastMultipole-023/test/cuda_radix_integration_test.jl:791 [inlined]
 [3] macro expansion
   @ /vapps/rhel9/x86_64/spack/root/opt/spack/linux-rhel9-haswell/gcc-13.2.0/julia-1.11.7-6bmogflhr2w6mi2zerinukr2gpnpr2rs/juliaup/julia-1.11.7+0.x64.linux.gnu/share/julia/stdlib/v1.11/Test/src/Test.jl:1709 [inlined]
 [4] top-level scope
   @ ~/FastMultipole-023/test/cuda_radix_integration_test.jl:13
CUDA radix fmm! integration (task 023): Test Failed at /home/rander39/FastMultipole-023/test/cuda_radix_integration_test.jl:803
  Expression: maximum(abs.(dev_sys.potential[5:7, :] .- host_sys.potential[5:7, :])) < g_tol
   Evaluated: NaN < 0.01f0

Stacktrace:
 [1] macro expansion
   @ /vapps/rhel9/x86_64/spack/root/opt/spack/linux-rhel9-haswell/gcc-13.2.0/julia-1.11.7-6bmogflhr2w6mi2zerinukr2gpnpr2rs/juliaup/julia-1.11.7+0.x64.linux.gnu/share/julia/stdlib/v1.11/Test/src/Test.jl:680 [inlined]
 [2] macro expansion
   @ ~/FastMultipole-023/test/cuda_radix_integration_test.jl:803 [inlined]
 [3] macro expansion
   @ /vapps/rhel9/x86_64/spack/root/opt/spack/linux-rhel9-haswell/gcc-13.2.0/julia-1.11.7-6bmogflhr2w6mi2zerinukr2gpnpr2rs/juliaup/julia-1.11.7+0.x64.linux.gnu/share/julia/stdlib/v1.11/Test/src/Test.jl:1709 [inlined]
 [4] top-level scope
   @ ~/FastMultipole-023/test/cuda_radix_integration_test.jl:13
CUDA radix fmm! integration (task 023): Test Failed at /home/rander39/FastMultipole-023/test/cuda_radix_integration_test.jl:851
  Expression: maximum(abs.(dev_sys.potential[5:7, :] .- whole_pot[5:7, :])) < 10wp_tol
   Evaluated: NaN < 0.0009999999f0

Stacktrace:
 [1] macro expansion
   @ /vapps/rhel9/x86_64/spack/root/opt/spack/linux-rhel9-haswell/gcc-13.2.0/julia-1.11.7-6bmogflhr2w6mi2zerinukr2gpnpr2rs/juliaup/julia-1.11.7+0.x64.linux.gnu/share/julia/stdlib/v1.11/Test/src/Test.jl:680 [inlined]
 [2] macro expansion
   @ ~/FastMultipole-023/test/cuda_radix_integration_test.jl:851 [inlined]
 [3] macro expansion
   @ /vapps/rhel9/x86_64/spack/root/opt/spack/linux-rhel9-haswell/gcc-13.2.0/julia-1.11.7-6bmogflhr2w6mi2zerinukr2gpnpr2rs/juliaup/julia-1.11.7+0.x64.linux.gnu/share/julia/stdlib/v1.11/Test/src/Test.jl:1709 [inlined]
 [4] top-level scope
   @ ~/FastMultipole-023/test/cuda_radix_integration_test.jl:13
CUDA radix fmm! integration (task 023): Test Failed at /home/rander39/FastMultipole-023/test/cuda_radix_integration_test.jl:858
  Expression: dev_alloc == 0
   Evaluated: 24208 == 0

Stacktrace:
 [1] macro expansion
   @ /vapps/rhel9/x86_64/spack/root/opt/spack/linux-rhel9-haswell/gcc-13.2.0/julia-1.11.7-6bmogflhr2w6mi2zerinukr2gpnpr2rs/juliaup/julia-1.11.7+0.x64.linux.gnu/share/julia/stdlib/v1.11/Test/src/Test.jl:680 [inlined]
 [2] macro expansion
   @ ~/FastMultipole-023/test/cuda_radix_integration_test.jl:858 [inlined]
 [3] macro expansion
   @ /vapps/rhel9/x86_64/spack/root/opt/spack/linux-rhel9-haswell/gcc-13.2.0/julia-1.11.7-6bmogflhr2w6mi2zerinukr2gpnpr2rs/juliaup/julia-1.11.7+0.x64.linux.gnu/share/julia/stdlib/v1.11/Test/src/Test.jl:1709 [inlined]
 [4] top-level scope
   @ ~/FastMultipole-023/test/cuda_radix_integration_test.jl:13
Test Summary:                          |   Pass  Fail   Total      Time
CUDA radix fmm! integration (task 023) | 429591   214  429805  52m17.5s
INTEGRATION_TEST_EXIT=1
=== benchmark_023f_dense_m2l_cuda.jl
concat           Float64  P=4  LH=false N=150    fit=true  m2l    0.284 ms  step    4.588 ms  mem   134.2 MB
factored         Float64  P=4  LH=false N=150    fit=true  m2l    0.056 ms  step    4.182 ms  mem    33.6 MB
precomputed_y    Float64  P=4  LH=false N=150    fit=true  m2l    0.042 ms  step    4.121 ms  mem    33.6 MB
dense            Float64  P=4  LH=false N=150    fit=true  m2l   20.061 ms  step   24.512 ms  mem    33.6 MB
dense_perclass   Float64  P=4  LH=false N=150    fit=true  m2l   27.088 ms  step   31.872 ms  mem    33.6 MB
dense            Float32  P=4  LH=false N=150    fit=true  m2l   19.287 ms  step   23.961 ms  mem   123.7 MB
dense_perclass   Float32  P=4  LH=false N=150    fit=true  m2l   26.887 ms  step   31.264 ms  mem    33.6 MB
concat           Float64  P=4  LH=true  N=150    fit=true  m2l    0.592 ms  step    6.514 ms  mem   167.8 MB
factored         Float64  P=4  LH=true  N=150    fit=true  m2l    0.126 ms  step    5.722 ms  mem    67.1 MB
precomputed_y    Float64  P=4  LH=true  N=150    fit=true  m2l    0.101 ms  step    5.669 ms  mem    67.1 MB
dense            Float64  P=4  LH=true  N=150    fit=true  m2l   14.737 ms  step   20.810 ms  mem    67.1 MB
dense_perclass   Float64  P=4  LH=true  N=150    fit=true  m2l   21.053 ms  step   27.319 ms  mem    67.1 MB
dense            Float32  P=4  LH=true  N=150    fit=true  m2l   14.892 ms  step   20.310 ms  mem    33.6 MB
dense_perclass   Float32  P=4  LH=true  N=150    fit=true  m2l   20.789 ms  step   26.173 ms  mem    33.6 MB
concat           Float64  P=8  LH=false N=150    fit=true  m2l    0.297 ms  step    4.937 ms  mem   167.8 MB
factored         Float64  P=8  LH=false N=150    fit=true  m2l    0.174 ms  step    4.680 ms  mem    67.1 MB
precomputed_y    Float64  P=8  LH=false N=150    fit=true  m2l    0.113 ms  step    4.703 ms  mem   100.7 MB
dense            Float64  P=8  LH=false N=150    fit=true  m2l   58.583 ms  step   62.387 ms  mem   201.3 MB
dense_perclass   Float64  P=8  LH=false N=150    fit=true  m2l   80.434 ms  step   85.726 ms  mem   201.3 MB
dense            Float32  P=8  LH=false N=150    fit=true  m2l   53.676 ms  step   58.715 ms  mem   100.7 MB
dense_perclass   Float32  P=8  LH=false N=150    fit=true  m2l   71.983 ms  step   76.661 ms  mem   100.7 MB
concat           Float64  P=8  LH=true  N=150    fit=true  m2l    0.622 ms  step    6.695 ms  mem   436.2 MB
factored         Float64  P=8  LH=true  N=150    fit=true  m2l    0.464 ms  step    6.242 ms  mem   167.8 MB
precomputed_y    Float64  P=8  LH=true  N=150    fit=true  m2l    0.288 ms  step    6.280 ms  mem   167.8 MB
dense            Float64  P=8  LH=true  N=150    fit=true  m2l   61.398 ms  step   68.877 ms  mem   906.0 MB
dense_perclass   Float64  P=8  LH=true  N=150    fit=true  m2l   87.409 ms  step   94.224 ms  mem   906.0 MB
dense            Float32  P=8  LH=true  N=150    fit=true  m2l   62.878 ms  step   70.606 ms  mem   469.8 MB
dense_perclass   Float32  P=8  LH=true  N=150    fit=true  m2l   86.847 ms  step   96.060 ms  mem   469.8 MB
concat           Float64  P=12 LH=false N=150    fit=true  m2l    0.655 ms  step    6.893 ms  mem   369.1 MB
factored         Float64  P=12 LH=false N=150    fit=true  m2l    0.470 ms  step    6.763 ms  mem   167.8 MB
precomputed_y    Float64  P=12 LH=false N=150    fit=true  m2l    0.267 ms  step    6.554 ms  mem   167.8 MB
dense            Float64  P=12 LH=false N=150    fit=true  m2l   63.982 ms  step   71.540 ms  mem   805.3 MB
dense_perclass   Float64  P=12 LH=false N=150    fit=true  m2l   87.662 ms  step   94.332 ms  mem   805.3 MB
dense            Float32  P=12 LH=false N=150    fit=true  m2l   70.497 ms  step   75.635 ms  mem   402.7 MB
dense_perclass   Float32  P=12 LH=false N=150    fit=true  m2l   91.827 ms  step   95.949 ms  mem   402.7 MB
concat           Float64  P=12 LH=true  N=150    fit=true  m2l    1.158 ms  step    8.881 ms  mem   906.0 MB
factored         Float64  P=12 LH=true  N=150    fit=true  m2l    0.920 ms  step    8.423 ms  mem   302.0 MB
precomputed_y    Float64  P=12 LH=true  N=150    fit=true  m2l    0.550 ms  step    8.512 ms  mem   335.5 MB
dense            Float64  P=12 LH=true  N=150    fit=true  m2l   60.793 ms  step   70.140 ms  mem  3590.3 MB
dense_perclass   Float64  P=12 LH=true  N=150    fit=true  m2l   84.731 ms  step   93.298 ms  mem  3590.3 MB
dense            Float32  P=12 LH=true  N=150    fit=true  m2l   60.006 ms  step   67.842 ms  mem  1811.9 MB
dense_perclass   Float32  P=12 LH=true  N=150    fit=true  m2l   85.277 ms  step   89.777 ms  mem  1811.9 MB
concat           Float64  P=4  LH=false N=2000   fit=true  m2l    0.264 ms  step    4.242 ms  mem   335.5 MB
factored         Float64  P=4  LH=false N=2000   fit=true  m2l    0.165 ms  step    4.079 ms  mem    67.1 MB
precomputed_y    Float64  P=4  LH=false N=2000   fit=true  m2l    0.109 ms  step    4.051 ms  mem    67.1 MB
dense            Float64  P=4  LH=false N=2000   fit=true  m2l   36.172 ms  step   40.773 ms  mem    67.1 MB
dense_perclass   Float64  P=4  LH=false N=2000   fit=true  m2l   49.153 ms  step   53.624 ms  mem    67.1 MB
dense            Float32  P=4  LH=false N=2000   fit=true  m2l   36.539 ms  step   40.894 ms  mem    33.6 MB
dense_perclass   Float32  P=4  LH=false N=2000   fit=true  m2l   50.230 ms  step   52.975 ms  mem    33.6 MB
concat           Float64  P=4  LH=true  N=2000   fit=true  m2l    0.549 ms  step    6.191 ms  mem   872.4 MB
factored         Float64  P=4  LH=true  N=2000   fit=true  m2l    0.343 ms  step    5.915 ms  mem   100.7 MB
precomputed_y    Float64  P=4  LH=true  N=2000   fit=true  m2l    0.235 ms  step    5.902 ms  mem   100.7 MB
dense            Float64  P=4  LH=true  N=2000   fit=true  m2l   30.992 ms  step   36.943 ms  mem   100.7 MB
dense_perclass   Float64  P=4  LH=true  N=2000   fit=true  m2l   43.629 ms  step   49.684 ms  mem   100.7 MB
dense            Float32  P=4  LH=true  N=2000   fit=true  m2l   31.111 ms  step   36.686 ms  mem    67.1 MB
dense_perclass   Float32  P=4  LH=true  N=2000   fit=true  m2l   43.101 ms  step   49.165 ms  mem    67.1 MB
concat           Float64  P=8  LH=false N=2000   fit=true  m2l    2.941 ms  step    8.545 ms  mem   973.1 MB
factored         Float64  P=8  LH=false N=2000   fit=true  m2l    2.350 ms  step    8.031 ms  mem   100.7 MB
precomputed_y    Float64  P=8  LH=false N=2000   fit=true  m2l    1.290 ms  step    6.959 ms  mem   100.7 MB
dense            Float64  P=8  LH=false N=2000   fit=true  m2l   75.274 ms  step   80.679 ms  mem   234.9 MB
dense_perclass   Float64  P=8  LH=false N=2000   fit=true  m2l  101.534 ms  step  108.960 ms  mem   234.9 MB
dense            Float32  P=8  LH=false N=2000   fit=true  m2l   73.538 ms  step   79.604 ms  mem   134.2 MB
dense_perclass   Float32  P=8  LH=false N=2000   fit=true  m2l   99.428 ms  step  103.862 ms  mem   134.2 MB
concat           Float64  P=8  LH=true  N=2000   fit=true  m2l    6.482 ms  step   14.428 ms  mem  2516.6 MB
factored         Float64  P=8  LH=true  N=2000   fit=true  m2l    6.058 ms  step   14.049 ms  mem   167.8 MB
precomputed_y    Float64  P=8  LH=true  N=2000   fit=true  m2l    3.503 ms  step   11.528 ms  mem   201.3 MB
dense            Float64  P=8  LH=true  N=2000   fit=true  m2l   76.948 ms  step   86.598 ms  mem   906.0 MB
dense_perclass   Float64  P=8  LH=true  N=2000   fit=true  m2l  109.038 ms  step  118.016 ms  mem   906.0 MB
dense            Float32  P=8  LH=true  N=2000   fit=true  m2l   79.772 ms  step   84.899 ms  mem   469.8 MB
dense_perclass   Float32  P=8  LH=true  N=2000   fit=true  m2l  108.128 ms  step  116.341 ms  mem   469.8 MB
concat           Float64  P=12 LH=false N=2000   fit=true  m2l    8.690 ms  step   25.911 ms  mem  2013.3 MB
factored         Float64  P=12 LH=false N=2000   fit=true  m2l    6.515 ms  step   23.815 ms  mem   167.8 MB
precomputed_y    Float64  P=12 LH=false N=2000   fit=true  m2l    3.368 ms  step   20.661 ms  mem   201.3 MB
dense            Float64  P=12 LH=false N=2000   fit=true  m2l   79.614 ms  step   93.301 ms  mem   838.9 MB
dense_perclass   Float64  P=12 LH=false N=2000   fit=true  m2l  107.980 ms  step  120.058 ms  mem   838.9 MB
dense            Float32  P=12 LH=false N=2000   fit=true  m2l   83.698 ms  step   90.547 ms  mem   436.2 MB
dense_perclass   Float32  P=12 LH=false N=2000   fit=true  m2l  110.094 ms  step  121.941 ms  mem   436.2 MB
concat           Float64  P=12 LH=true  N=2000   fit=true  m2l   16.380 ms  step   35.469 ms  mem  5033.2 MB
factored         Float64  P=12 LH=true  N=2000   fit=true  m2l   14.086 ms  step   33.155 ms  mem   335.5 MB
precomputed_y    Float64  P=12 LH=true  N=2000   fit=true  m2l    7.840 ms  step   26.977 ms  mem   335.5 MB
dense            Float64  P=12 LH=true  N=2000   fit=true  m2l   83.047 ms  step   99.527 ms  mem  3623.9 MB
dense_perclass   Float64  P=12 LH=true  N=2000   fit=true  m2l  113.604 ms  step  130.357 ms  mem  3623.9 MB
dense            Float32  P=12 LH=true  N=2000   fit=true  m2l   87.270 ms  step  100.829 ms  mem  1845.5 MB
dense_perclass   Float32  P=12 LH=true  N=2000   fit=true  m2l  117.356 ms  step  134.564 ms  mem  1845.5 MB
concat           Float64  P=4  LH=false N=20000  fit=true  m2l    0.264 ms  step   10.755 ms  mem   335.5 MB
factored         Float64  P=4  LH=false N=20000  fit=true  m2l    0.206 ms  step   10.566 ms  mem    67.1 MB
precomputed_y    Float64  P=4  LH=false N=20000  fit=true  m2l    0.135 ms  step   10.698 ms  mem    67.1 MB
dense            Float64  P=4  LH=false N=20000  fit=true  m2l   36.077 ms  step   46.971 ms  mem    67.1 MB
dense_perclass   Float64  P=4  LH=false N=20000  fit=true  m2l   49.367 ms  step   61.264 ms  mem    67.1 MB
dense            Float32  P=4  LH=false N=20000  fit=true  m2l   36.489 ms  step   46.333 ms  mem    33.6 MB
dense_perclass   Float32  P=4  LH=false N=20000  fit=true  m2l   49.427 ms  step   59.268 ms  mem    33.6 MB
concat           Float64  P=4  LH=true  N=20000  fit=true  m2l    0.556 ms  step   14.961 ms  mem   872.4 MB
factored         Float64  P=4  LH=true  N=20000  fit=true  m2l    0.367 ms  step   14.690 ms  mem   100.7 MB
precomputed_y    Float64  P=4  LH=true  N=20000  fit=true  m2l    0.248 ms  step   14.689 ms  mem   100.7 MB
dense            Float64  P=4  LH=true  N=20000  fit=true  m2l   31.107 ms  step   46.462 ms  mem   100.7 MB
dense_perclass   Float64  P=4  LH=true  N=20000  fit=true  m2l   43.860 ms  step   59.672 ms  mem   100.7 MB
dense            Float32  P=4  LH=true  N=20000  fit=true  m2l   30.669 ms  step   43.477 ms  mem    67.1 MB
dense_perclass   Float32  P=4  LH=true  N=20000  fit=true  m2l   43.156 ms  step   55.958 ms  mem    67.1 MB
concat           Float64  P=8  LH=false N=20000  fit=true  m2l    3.180 ms  step   30.380 ms  mem   973.1 MB
factored         Float64  P=8  LH=false N=20000  fit=true  m2l    2.553 ms  step   29.768 ms  mem   100.7 MB
precomputed_y    Float64  P=8  LH=false N=20000  fit=true  m2l    1.394 ms  step   28.655 ms  mem   100.7 MB
dense            Float64  P=8  LH=false N=20000  fit=true  m2l   75.292 ms  step   95.368 ms  mem   234.9 MB
dense_perclass   Float64  P=8  LH=false N=20000  fit=true  m2l  101.618 ms  step  124.957 ms  mem   234.9 MB
dense            Float32  P=8  LH=false N=20000  fit=true  m2l   75.234 ms  step   89.618 ms  mem   134.2 MB
dense_perclass   Float32  P=8  LH=false N=20000  fit=true  m2l  100.095 ms  step  113.994 ms  mem   134.2 MB
concat           Float64  P=8  LH=true  N=20000  fit=true  m2l    6.731 ms  step   40.733 ms  mem  2516.6 MB
factored         Float64  P=8  LH=true  N=20000  fit=true  m2l    6.237 ms  step   40.372 ms  mem   167.8 MB
precomputed_y    Float64  P=8  LH=true  N=20000  fit=true  m2l    3.623 ms  step   37.707 ms  mem   201.3 MB
dense            Float64  P=8  LH=true  N=20000  fit=true  m2l   76.337 ms  step  105.867 ms  mem   906.0 MB
dense_perclass   Float64  P=8  LH=true  N=20000  fit=true  m2l  107.261 ms  step  137.112 ms  mem   906.0 MB
dense            Float32  P=8  LH=true  N=20000  fit=true  m2l   78.103 ms  step   97.986 ms  mem   469.8 MB
dense_perclass   Float32  P=8  LH=true  N=20000  fit=true  m2l  105.423 ms  step  126.026 ms  mem   469.8 MB
concat           Float64  P=12 LH=false N=20000  fit=true  m2l    9.004 ms  step  100.322 ms  mem  2013.3 MB
factored         Float64  P=12 LH=false N=20000  fit=true  m2l    6.778 ms  step   98.321 ms  mem   201.3 MB
precomputed_y    Float64  P=12 LH=false N=20000  fit=true  m2l    3.508 ms  step   95.033 ms  mem   201.3 MB
dense            Float64  P=12 LH=false N=20000  fit=true  m2l   79.739 ms  step  165.950 ms  mem   838.9 MB
dense_perclass   Float64  P=12 LH=false N=20000  fit=true  m2l  107.934 ms  step  194.388 ms  mem   838.9 MB
dense            Float32  P=12 LH=false N=20000  fit=true  m2l   83.574 ms  step  141.414 ms  mem   436.2 MB
dense_perclass   Float32  P=12 LH=false N=20000  fit=true  m2l  109.801 ms  step  168.011 ms  mem   436.2 MB
concat           Float64  P=12 LH=true  N=20000  fit=true  m2l   17.901 ms  step  123.011 ms  mem  5066.7 MB
factored         Float64  P=12 LH=true  N=20000  fit=true  m2l   15.309 ms  step  120.403 ms  mem   335.5 MB
precomputed_y    Float64  P=12 LH=true  N=20000  fit=true  m2l    8.589 ms  step  113.674 ms  mem   369.1 MB
dense            Float64  P=12 LH=true  N=20000  fit=true  m2l   82.569 ms  step  183.038 ms  mem  3623.9 MB
dense_perclass   Float64  P=12 LH=true  N=20000  fit=true  m2l  114.528 ms  step  215.543 ms  mem  3623.9 MB
dense            Float32  P=12 LH=true  N=20000  fit=true  m2l   88.899 ms  step  160.325 ms  mem  1845.5 MB
dense_perclass   Float32  P=12 LH=true  N=20000  fit=true  m2l  118.016 ms  step  193.753 ms  mem  1845.5 MB
wrote /home/rander39/FastMultipole-023/MATRIX_OPERATOR_REFACTOR/scripts/../data/dense_translation_m2l_cuda/cuda_m13h-1-2_20260721-193259.csv
BENCH_EXIT=0
